task_id,template_name,sample20_cost,sample20_points,full_arc_ok,passed,failed,reason,sha256
62,greedy1_Mul_node73_to_input0,29389,14.711624266344538,True,267,0,ok,a049457dc167666239d6d9d77a24187d1375d34440950db11bb9b0fcd9cadfdc
62,greedy1_Mul_node73_to_input1,29389,14.711624266344538,False,95,1,mismatch example 95,168fbc041b870bdc58628f964ae267d9b3314c9cd2b20d9936c2d0c3e23dd5ea
62,greedy1_Mul_node75_to_input0,29389,14.711624266344538,True,267,0,ok,4c87650eef845feed7be3c1699c76883ec95da227e21a6f408e23cbfed5e9cdf
62,greedy1_Mul_node78_to_input0,29389,14.711624266344538,True,267,0,ok,9c9c0a9f3ae4efd5c3840f4f3049f8c67249e60c74c4d0311a13db2e4b64a000
62,greedy1_Mul_node80_to_input0,29389,14.711624266344538,True,267,0,ok,d5da673b0c27a2a795a39a11ab06af9aaba8612f72aeaa53a048856cadfc6528
62,greedy1_Mul_node85_to_input0,29389,14.711624266344538,False,95,1,mismatch example 95,c42069084a1a2dc7cb27810b2928e24802b9ce4590663e8e8958649bfbb2bde1
62,greedy1_Mul_node153_to_input1,29389,14.711624266344538,True,267,0,ok,0a7f51a07de18c49cb2a888a6e8ad76f56e8f4bbbf716c9f7cd664261d461fba
62,greedy1_Mul_node155_to_input1,29389,14.711624266344538,True,267,0,ok,dc66adcbc6c06e313c42d0259634fa9dc0f90d943a1851d54a73661886d34e5c
62,greedy1_Mul_node158_to_input1,29389,14.711624266344538,True,267,0,ok,055ca2dd8fe67987e5ba5525bcfdd3bae341a540e41d2ee0ede7f0d845fadc98
62,greedy1_Mul_node160_to_input1,29389,14.711624266344538,True,267,0,ok,6cf5c6b1d830e5986aa0b790e654ff4205ed933b93b205977ff40a6243311b57
62,greedy1_Mul_node169_to_input1,29209,14.717767840055318,True,267,0,ok,055d7bd7d15b68adf0d62c7a08b970451088cca068d87606e68d9c475ac0326b
62,greedy1_Transpose_node171_to_input0,29209,14.717767840055318,True,267,0,ok,295858bffec1c6293b6c5ec89c1afd402be56cd7c3a6ca678e8d55336c0e2e8e
62,greedy1_Mul_node172_to_input1,29209,14.717767840055318,True,267,0,ok,ce25fb4b2b99b91532e873de936a396bf528a6a8fe7d10a7d4922374c36b17ff
62,greedy1_Mul_node189_to_input1,29209,14.717767840055318,True,267,0,ok,cf8876a75459d74f9f723fa8904be2a9db745fa5e66c6def1decd406cac617e5
62,greedy1_Transpose_node191_to_input0,29209,14.717767840055318,True,267,0,ok,8fd9936f7d30f9d96d3238e0a989f8df90cec7b6810574dd9cd6fda9f70847e9
62,greedy1_Mul_node192_to_input1,29209,14.717767840055318,True,267,0,ok,99f7b89e6793fd5537a5e693d23c8e718976775c0da188535e8a01e0e46e2db5
62,greedy1_Mul_node194_to_input1,29209,14.717767840055318,True,267,0,ok,aaf005dda8acdda2c9577c50fdc4078be7b6facc9e09c05a070fd5c332a6d1c3
62,greedy1_Transpose_node196_to_input0,29209,14.717767840055318,True,267,0,ok,980a32bbe949363177d03f5d6ed79f11237c367846a74dc1d70f3443ba374c41
62,greedy1_Mul_node197_to_input1,29209,14.717767840055318,True,267,0,ok,d46ce03b61c199cd9c634b78d7fe378c04511a70ac74d9fdfbaea216f2efc39b
62,greedy1_Mul_node199_to_input1,29209,14.717767840055318,True,267,0,ok,7eee7eb8cfb472ae2355f6b0629841b9550c7fb9bc26ac0c96b6aedaa021d9dc
62,greedy1_Transpose_node201_to_input0,29209,14.717767840055318,True,267,0,ok,109f6d1e63d04e6d3e493cca9e38e03903a01f52a00b3682e54974d35d2a5a1c
62,greedy1_Mul_node202_to_input1,29209,14.717767840055318,True,267,0,ok,eee67873cb76554f39a68af73c299eb681806e0a598539fe989d8c46ce094c6b
62,greedy2_Mul_node73_to_input0,29189,14.718452795046309,True,267,0,ok,26ad191717dba3575d46e1e53147a1f17ce97b6c46d38b8f51da603456e11cd8
62,greedy2_Mul_node73_to_input1,29189,14.718452795046309,False,95,1,mismatch example 95,1b7e2f926f82ed94e422caf7226e5400b89acc0b3b052d028e8dd13753316cc9
62,greedy2_Mul_node75_to_input0,29189,14.718452795046309,True,267,0,ok,3cbfaf6fd55d24d8dd440bc8a75593f314848127ae9415ea90452d2b0d414f30
62,greedy2_Mul_node78_to_input0,29189,14.718452795046309,True,267,0,ok,ee4348b387cd3f960c4719c25723aaac734c0e529bc87817d62da6725c5d23f7
62,greedy2_Mul_node80_to_input0,29189,14.718452795046309,True,267,0,ok,0b95a5329ca15571152c6c70535af00deb345529a12d6eec50890fd90b50e14a
62,greedy2_Mul_node85_to_input0,29189,14.718452795046309,False,95,1,mismatch example 95,c80a0493a149a40eb3149f343af3d2b596585e64402b095752331692c81d7171
62,greedy2_Mul_node153_to_input1,29189,14.718452795046309,True,267,0,ok,9db346fcb5a257ad849e81694631d9302dd32aaca647864afde8ae204af372e6
62,greedy2_Mul_node155_to_input1,29189,14.718452795046309,True,267,0,ok,74db8e2798ba07fd5b6a6c1e4b03b172275c08368476b6a0bb76ad62ddc23fd9
62,greedy2_Mul_node158_to_input1,29189,14.718452795046309,True,267,0,ok,164ff66643b60628fbb8dc4a01b7c079a47062b9b39100e424a1dcf671759a16
62,greedy2_Mul_node160_to_input1,29189,14.718452795046309,True,267,0,ok,aaeefd626d441cbc637c80baeaa73ceeec897b93634a6de302eed21771941c20
62,greedy2_Transpose_node170_to_input0,29009,14.724638594350797,True,267,0,ok,ce838e40742634cc226260652798947cdfb1783a1e3d882677851cd832be848e
62,greedy2_Mul_node171_to_input1,29009,14.724638594350797,True,267,0,ok,509109ad15d5dfe39e381849237e30727ea5bb3ea70f0f6e5cb65024d6a30c7a
62,greedy2_Mul_node188_to_input1,29009,14.724638594350797,True,267,0,ok,132bdca080008d4e2660d5ded6d23198c8688c4e921c5e58666bcffbb285c5f9
62,greedy2_Transpose_node190_to_input0,29009,14.724638594350797,True,267,0,ok,80ff832d50f1953a5867223b3f29095e30eec141a4ed75de1798ddd936a3cb9a
62,greedy2_Mul_node191_to_input1,29009,14.724638594350797,True,267,0,ok,e7b3126807fed84ba48dd01a8243d89638996fbdd998edda085903ffe391180a
62,greedy2_Mul_node193_to_input1,29009,14.724638594350797,True,267,0,ok,59ee0dd3e19d19834b6c0ebeb433c785511055e99710bfe778f60a5f93fb6bf7
62,greedy2_Transpose_node195_to_input0,29009,14.724638594350797,True,267,0,ok,431b9ab6afcdea761d13d6bc3afed11e33afa713a0ed858f04e9e37a155a00f0
62,greedy2_Mul_node196_to_input1,29009,14.724638594350797,True,267,0,ok,33d45dd9d8eed07c381b7d65e6f20926453ae8d34c3b2ad0b19d9c38aa0a0411
62,greedy2_Mul_node198_to_input1,29009,14.724638594350797,True,267,0,ok,2f2c3237283ff2fa355816daad22cfd6cbb063ba1fbb6af7e10c11cc314fd012
62,greedy2_Transpose_node200_to_input0,29009,14.724638594350797,True,267,0,ok,4cfec3eb2eb8fe8a34b1a29be3b984b1b11d80140494e7dd7dffce6f5bead9c0
62,greedy2_Mul_node201_to_input1,29009,14.724638594350797,True,267,0,ok,9540590c305bb3ed658f1259d2190b597a077ff65b88e33914d9ec20689ed7f3
62,greedy3_Mul_node73_to_input0,28989,14.725328273332583,True,267,0,ok,a2b7c5b9ec6e687e06c239b9f527d51a9330f71f1b2324b0c42a9bef02063fcc
62,greedy3_Mul_node73_to_input1,28989,14.725328273332583,False,95,1,mismatch example 95,c22c2d5832cd3dc8e11f172650f4713ff070c62c3a3f05a531fed0ad6683f8d1
62,greedy3_Mul_node75_to_input0,28989,14.725328273332583,True,267,0,ok,c178081bd56a3d4c7e625831ce62388b626d6faf50a256d89ffc5f312a79e34f
62,greedy3_Mul_node78_to_input0,28989,14.725328273332583,True,267,0,ok,d6eb892cf90ee8cad96f0c4bf10d3bf6b0749e8a63f5e47f4775c14e7c59ac0e
62,greedy3_Mul_node80_to_input0,28989,14.725328273332583,True,267,0,ok,3d6f825f709021b039f78b8e0b8ba3b9fe1c4ff40f440272577779afc757a334
62,greedy3_Mul_node85_to_input0,28989,14.725328273332583,False,95,1,mismatch example 95,ba97a71c18edb20e9de60d07b765ab7cac7c55eb7a62e2fbb7f932971d9b1d82
62,greedy3_Mul_node153_to_input1,28989,14.725328273332583,True,267,0,ok,c73dfc102d3884abc659b90e316fc565b3373d8dd53b10bcd7591b5b89cb6e70
62,greedy3_Mul_node155_to_input1,28989,14.725328273332583,True,267,0,ok,8a1266964ec8e5ced5aeb703bf8921fd35f2905b6465634127efcee39a5c2132
62,greedy3_Mul_node158_to_input1,28989,14.725328273332583,True,267,0,ok,f4c582a7d663188e61947067c38028dec454228a2fd30cc4c82411e388472ba9
62,greedy3_Mul_node160_to_input1,28989,14.725328273332583,True,267,0,ok,02e0c6ced02f477000f3f64d3a2e1816ed9e014a1a03d483b6ec6180ac500f56
62,greedy3_Mul_node170_to_input1,28809,14.731556882693917,True,267,0,ok,a1d2ad66b0293736c3b8ab041df99ca9a04304f676c019f51cbbb177a6aae503
62,greedy3_Mul_node187_to_input1,28809,14.731556882693917,True,267,0,ok,943452c2188c52c3e1fcb4f05fe8a547ab0a9be775ebdccfb5057d38b1a60a4a
62,greedy3_Transpose_node189_to_input0,28809,14.731556882693917,True,267,0,ok,72ff972cc30712653eb5b5b13aa9b5ad6c2ba4ff8614c95622bf6586d96fb90a
62,greedy3_Mul_node190_to_input1,28809,14.731556882693917,True,267,0,ok,73df6d3618022951c0193f5fc700ec362f7c187bafb299ee44596ad548a2754c
62,greedy3_Mul_node192_to_input1,28809,14.731556882693917,True,267,0,ok,44d2419b94b1e7d7f8728deaad53675a5cf2668f01f644932747bf657cfeb7fb
62,greedy3_Transpose_node194_to_input0,28809,14.731556882693917,True,267,0,ok,f44e97c327f9b00296ad2862633aa45b3646855e64f58a7d9d915efa65638124
62,greedy3_Mul_node195_to_input1,28809,14.731556882693917,True,267,0,ok,67e50257f460e3665abd3b544b89986307442c349092e0008ee7cc1337c4bd4d
62,greedy3_Mul_node197_to_input1,28809,14.731556882693917,True,267,0,ok,bf26b05cf10933d4e939c84df9e0b251ec5693dd7049eae7def63cf7a7530fd7
62,greedy3_Transpose_node199_to_input0,28809,14.731556882693917,True,267,0,ok,daa05445746e94307b340ca49a3aeed2361b1f370a6537f757a2d7429e7b01da
62,greedy3_Mul_node200_to_input1,28809,14.731556882693917,True,267,0,ok,9b8a22ecb906530d4329c6aa86d9808fb520266f4c0f40b131849843235deb31
62,greedy4_Mul_node73_to_input0,28789,14.732251351279764,True,267,0,ok,4e521a0ea33c48308919b059db745b88f6b52363fdba49ffc9777bf302201966
62,greedy4_Mul_node73_to_input1,28789,14.732251351279764,False,95,1,mismatch example 95,68cb2eaa9f843664cc1900b5e7a7e78860bdd9b9c8c4ad4223397a6caa8bc81b
62,greedy4_Mul_node75_to_input0,28789,14.732251351279764,True,267,0,ok,18cf1bf4f5d8787f0693f74476ff9e1e3c5537c4c84086ff7fdc8d13e1a59391
62,greedy4_Mul_node78_to_input0,28789,14.732251351279764,True,267,0,ok,c62f3efac2b5a40f8743216843fbe25eb8d927265539b4de5246b5b318b696ad
62,greedy4_Mul_node80_to_input0,28789,14.732251351279764,True,267,0,ok,07d02a92a311ee8da3e1c83d87a3478b8b328448b7a2e022b04c2f08977ded12
62,greedy4_Mul_node85_to_input0,28789,14.732251351279764,False,95,1,mismatch example 95,e727450ccac8feb0af6a168d6a56b69bd56952badf17ebf892d8f9434f97e00f
62,greedy4_Mul_node153_to_input1,28789,14.732251351279764,True,267,0,ok,5102a57cfb46c104d9f969d153055bb61da2b4cb33d1fab5c8170c13bab0b549
62,greedy4_Mul_node155_to_input1,28789,14.732251351279764,True,267,0,ok,a7f54755ef5e78cf768ccea933e0532ca3ded1db5ad4751eba580b15b51b2eef
62,greedy4_Mul_node158_to_input1,28789,14.732251351279764,True,267,0,ok,5b6b75314aea6dab8aca42868dccc5d62a5c9c27e569f6ecb29c08c872320b89
62,greedy4_Mul_node160_to_input1,28789,14.732251351279764,True,267,0,ok,debfcf4b8f27acb0371c3233cd4e3bedd0be177da16a1e479c8e35b8acab6daa
62,greedy4_Mul_node186_to_input1,28609,14.73852336738041,True,267,0,ok,bece12149f5bab4bf7769d8a8219b72038037aaf93ca1322255b608f9f879b41
62,greedy4_Transpose_node188_to_input0,28609,14.73852336738041,True,267,0,ok,bf1c4dc79d843864012def38e0d5e86075285d38051f194d791de67338706615
62,greedy4_Mul_node189_to_input1,28609,14.73852336738041,True,267,0,ok,3cf957580606cc3f7b04fc1006b3bab19aa5283237128d364191a8cfa7c4190a
62,greedy4_Mul_node191_to_input1,28609,14.73852336738041,True,267,0,ok,98b7a92ce8f202340d649efe3fb6bc26dc350f5bcc33f77a3ec6d96a9bd3c550
62,greedy4_Transpose_node193_to_input0,28609,14.73852336738041,True,267,0,ok,6e1f554c7b5d5a29995326bf9fcd4b369708e628b124392faa83b04fbaec2d4d
62,greedy4_Mul_node194_to_input1,28609,14.73852336738041,True,267,0,ok,3e1803697fa2e9163b645bae8cff3859df5b2ae6b111e65fd7bf85e838849d79
62,greedy4_Mul_node196_to_input1,28609,14.73852336738041,True,267,0,ok,d89da28daaf83e1ce6215a62dfc5f70165636f46eaecea4dac37af7cc4b7b115
62,greedy4_Transpose_node198_to_input0,28609,14.73852336738041,True,267,0,ok,6c89918e9c7b5705f16aa84bdc8d4fc795c050ae7b60a524cd8e9c19f12f75fb
62,greedy4_Mul_node199_to_input1,28609,14.73852336738041,True,267,0,ok,57bb113734c53c44a98527de564767efc29876d38d3fbbecbfe80951b6a30207
62,greedy5_Mul_node73_to_input0,28589,14.739222692560139,True,267,0,ok,797a963dbbc864094e36101c020da9272b9f3a4edb2ee782a752c88109eab830
62,greedy5_Mul_node73_to_input1,28589,14.739222692560139,False,95,1,mismatch example 95,c21ea99b400aba641dc7c7dec197ef77e3ea87c15b1ec0ab785dbc0654b3670b
62,greedy5_Mul_node75_to_input0,28589,14.739222692560139,True,267,0,ok,ec5abe6bb6127a918d413d9f04493c4355218179ba0b308f47a28aab7e5eadb2
62,greedy5_Mul_node78_to_input0,28589,14.739222692560139,True,267,0,ok,e672a775be548f08a4d695144d71a981d2edc8e561ed1d0ea930e508ff665958
62,greedy5_Mul_node80_to_input0,28589,14.739222692560139,True,267,0,ok,2035a4b737a92059c89ffd5d00e6ccdbfcd241898e3189b4fb5d306f0cec936f
62,greedy5_Mul_node85_to_input0,28589,14.739222692560139,False,95,1,mismatch example 95,00cc7d7b4cb1b9034f2c00a1448fe8577049471a38fdd3ce7ec7b8b5ede57508
62,greedy5_Mul_node153_to_input1,28589,14.739222692560139,True,267,0,ok,c841081b56e91d3831658cda0500436fb69b68436447946d6ac1bccedbb10200
62,greedy5_Mul_node155_to_input1,28589,14.739222692560139,True,267,0,ok,e2eea8f08912d5862ff7a393a9590037c7fc2d83192853ab94d8b1c7ed978dbe
62,greedy5_Mul_node158_to_input1,28589,14.739222692560139,True,267,0,ok,47e8cec7a42cbde9cded2bc38b509ec261db0e56bacf83c71b49fa4b6e0f1908
62,greedy5_Mul_node160_to_input1,28589,14.739222692560139,True,267,0,ok,6a193c72096d436b9bdbf678dca8d9c54b920f7ecaebb5b28786541d448f5504
62,greedy5_Transpose_node187_to_input0,28409,14.745538724644897,True,267,0,ok,9872c5adafa9028dfb191c24b233d3af0b252ad23754c91e72e0401ce9387889
62,greedy5_Mul_node188_to_input1,28409,14.745538724644897,True,267,0,ok,45a853c5f42a4528dad5dafcc7955aeef8b7a2fbfd9e6a4c49035f3f535f7bf2
62,greedy5_Mul_node190_to_input1,28409,14.745538724644897,True,267,0,ok,d3f69831332dbb7f004bef321ee654521e6f759cfb48981267bd6e6543bb3c96
62,greedy5_Transpose_node192_to_input0,28409,14.745538724644897,True,267,0,ok,18e74fdeb46313a9f20a6e73a75359ccd54045b09bae334fe8e04483c856bff0
62,greedy5_Mul_node193_to_input1,28409,14.745538724644897,True,267,0,ok,07b411f7966ddbff6150941892d1846358ae8b08268eeca4e8404d200fe5b06a
62,greedy5_Mul_node195_to_input1,28409,14.745538724644897,True,267,0,ok,1c611514f85f1c9b4f2081a6ad944747c28bfcc6ffaf7be12375f985de000f2c
62,greedy5_Transpose_node197_to_input0,28409,14.745538724644897,True,267,0,ok,fbe7fa396efdd80a12185c9f317a44121e065ef6167ed15c329dea51cfababcf
62,greedy5_Mul_node198_to_input1,28409,14.745538724644897,True,267,0,ok,3c2c0701978a051db68c66a675b55fec3925ca59425c7bc254a2bffbacb5ec3c
62,greedy6_Mul_node73_to_input0,28389,14.746242974823657,True,267,0,ok,bc0fd4a8313af08ab8802d9185531c9364be0a107e77387996d936062aa86444
62,greedy6_Mul_node73_to_input1,28389,14.746242974823657,False,95,1,mismatch example 95,978517144cc462f9923bff8d6b8fbc4f0720e80ec172a1f2917fefcad9fd78fb
62,greedy6_Mul_node75_to_input0,28389,14.746242974823657,True,267,0,ok,549d34713cb360c5fc7231aa5182c1ecd716983968ac77dd1cf39f6a77e4be12
62,greedy6_Mul_node78_to_input0,28389,14.746242974823657,True,267,0,ok,21f46c31caaabc9956a924fe6180e38a9e66cc01ccf42e4df78fcc384bdc398c
62,greedy6_Mul_node80_to_input0,28389,14.746242974823657,True,267,0,ok,47eb1081e039cc7fc89496a4e31d04021b02ab89a2f3c70a0467a6b16bb63cbe
62,greedy6_Mul_node85_to_input0,28389,14.746242974823657,False,95,1,mismatch example 95,e09ba5ba76fdd6623b1442d382cc8f6bde828157c2d1be913d89a04654cc783e
62,greedy6_Mul_node153_to_input1,28389,14.746242974823657,True,267,0,ok,6d0a7de8eabcccba544eaa7a8f307aec7a4ff50b30254c9c673417602e175498
62,greedy6_Mul_node155_to_input1,28389,14.746242974823657,True,267,0,ok,42cedc7d5bc1b6992d1066243f87055cbae0288ee871d08a0fd6501d851e51b4
62,greedy6_Mul_node158_to_input1,28389,14.746242974823657,True,267,0,ok,a7b1a0e0f835f1351cd9433bfb772b7725d3746dab3b4aea7a872f0d7c1d6f22
62,greedy6_Mul_node160_to_input1,28389,14.746242974823657,True,267,0,ok,4cd61942b5767df462b63ac7f0ae0f0d4f0fdcf0446d93780abc19e7dc9ab5c1
62,greedy6_Mul_node187_to_input1,28209,14.752603645054814,True,267,0,ok,5c57417e9c2ac60910a8e12ddb5379b5e5ba691f62f57d19fb9c91cd8beae729
62,greedy6_Mul_node189_to_input1,28209,14.752603645054814,True,267,0,ok,b3e056c02c3b747ecdbc373b2750364a410b4116d93759b67ed769b4aaf2be29
62,greedy6_Transpose_node191_to_input0,28209,14.752603645054814,True,267,0,ok,30c683f900156fab7ae650fb71ce75d577a3644ce2168c92abf6c9ff14d7f164
62,greedy6_Mul_node192_to_input1,28209,14.752603645054814,True,267,0,ok,bd07a5afef401ddc127eb797d693cc60ff1824e12e4838e03f3b90cebd6c1746
62,greedy6_Mul_node194_to_input1,28209,14.752603645054814,True,267,0,ok,f49877f4aef7c382ed1b5c6ed546a5e742690f92e6025ae7f34514ee5a6965ef
62,greedy6_Transpose_node196_to_input0,28209,14.752603645054814,True,267,0,ok,a0ed97c88c461cfd74a819b15a473bccba919dd7eb0f5c77bc28a0fd944e91d6
62,greedy6_Mul_node197_to_input1,28209,14.752603645054814,True,267,0,ok,6d2259b51df007acb5fafcca15b531799e7aa67ff6cc23f260c8ef1b2a1914ca
62,greedy7_Mul_node73_to_input0,28189,14.753312890093232,True,267,0,ok,b81501f6f6a25ee16190e8a6a9cda10fe3cdf91f8fdd7fa712bcf5729b80bcff
62,greedy7_Mul_node73_to_input1,28189,14.753312890093232,False,95,1,mismatch example 95,43a4fc067d49dbc3ce4072db90869f30d387220c3878bc3bb3ddfbd2805a7661
62,greedy7_Mul_node75_to_input0,28189,14.753312890093232,True,267,0,ok,3d43257d8fa77a6604a92d81a0756d58a1b4e19688b41429e64d0baeac86fdaa
62,greedy7_Mul_node78_to_input0,28189,14.753312890093232,True,267,0,ok,337e88e3b23b5b6fc678d4f05c049245f15db0375448fe07579da11aef0025c1
62,greedy7_Mul_node80_to_input0,28189,14.753312890093232,True,267,0,ok,56cd91ad58dbbb4ab1180d6011bb767789a484146a933ed10e37fd1a3aaa96eb
62,greedy7_Mul_node85_to_input0,28189,14.753312890093232,False,95,1,mismatch example 95,1dfd0e257d7d456ad9d54cbbfc123602fcb769b7c5a43ef4777d05585b6a8856
62,greedy7_Mul_node153_to_input1,28189,14.753312890093232,True,267,0,ok,4bd1cedd36a9f2db0491bbf73834683b7990cf8790d131403ceb6967718d45e5
62,greedy7_Mul_node155_to_input1,28189,14.753312890093232,True,267,0,ok,6e5876998c0fa5cfa99c277a5118efa6ce28e395561f48cf3ea346a5eb6c4a84
62,greedy7_Mul_node158_to_input1,28189,14.753312890093232,True,267,0,ok,9711d03c5842e1cecffd5df04b55da2fb39d23a69ffccd2f2d8431a2bb3431b6
62,greedy7_Mul_node160_to_input1,28189,14.753312890093232,True,267,0,ok,7d44ad4cdac551541a56db88e6d2d1f102ea1d5728031b9c6f3c3bcb6e93d988
62,greedy7_Mul_node188_to_input1,28009,14.759718833918328,True,267,0,ok,15757187ada64990dd86754e89a349e893a014ec5191ac39f78ab72422acec12
62,greedy7_Transpose_node190_to_input0,28009,14.759718833918328,True,267,0,ok,8225bb387bcb27b5660463bafb1fb5784cf10f7ab8051427efbf4723f56f0d14
62,greedy7_Mul_node191_to_input1,28009,14.759718833918328,True,267,0,ok,3cb9464c47cad09801de09572e8d1a1477a8ca3e5cd76e101b6e7fc04154e3e5
62,greedy7_Mul_node193_to_input1,28009,14.759718833918328,True,267,0,ok,4dd952aad7f91fc266664d34986bed9f7283cf2210d41b3fd9a4531ec8c3ddb6
62,greedy7_Transpose_node195_to_input0,28009,14.759718833918328,True,267,0,ok,f2aa30422c4cfa3b2a7f2e90cbab798093fa95a98a7d11c562c15666164f7d51
62,greedy7_Mul_node196_to_input1,28009,14.759718833918328,True,267,0,ok,c92e90b270aac110cf8486b212de7fc8b18bf18a71473abe852ff3ff07e2d8d4
62,greedy8_Mul_node73_to_input0,27989,14.760433145174101,True,267,0,ok,401f82af5164aa15574456631fb8014d79118c5e6af0cd47d1207a9320b33af1
62,greedy8_Mul_node73_to_input1,27989,14.760433145174101,False,95,1,mismatch example 95,56c7ac08fbe13d72e4e8b1a018729eb33b58f2d0e5cd6dce1240675d6a4c2b0c
62,greedy8_Mul_node75_to_input0,27989,14.760433145174101,True,267,0,ok,c7c222764fefb3309229edc9a0e25a295aacc07e848364e56a66dd74da75d5ff
62,greedy8_Mul_node78_to_input0,27989,14.760433145174101,True,267,0,ok,b74187dc64869d7227db82f7c0794b09b1579f54f0db4ea65eba1bbe8467af42
62,greedy8_Mul_node80_to_input0,27989,14.760433145174101,True,267,0,ok,37bc79139259f82b25d9c83c26ca9417d559b90337ffd18a050cf58fa620ecc7
62,greedy8_Mul_node85_to_input0,27989,14.760433145174101,False,95,1,mismatch example 95,e511bd5197ca541bcb576ddd4269b0ca270e4490682df81715ae3ccdbcfa8165
62,greedy8_Mul_node153_to_input1,27989,14.760433145174101,True,267,0,ok,7f000995f37a4b5b73f990b8721fd734785be2104316c8e6751645a852b2b8be
62,greedy8_Mul_node155_to_input1,27989,14.760433145174101,True,267,0,ok,360a9a7c392aec02b3d410a14affb94292a692853adc9d0dcb22dab93c7544ea
62,greedy8_Mul_node158_to_input1,27989,14.760433145174101,True,267,0,ok,8695c3028b8352eb656d7a93649a0c29c847cb14110823ffa25725fdb9db9446
62,greedy8_Mul_node160_to_input1,27989,14.760433145174101,True,267,0,ok,10ab6575fc1341b4750903f8c0a494873ba398821dcdeff1635d8a5f626d5f60
62,greedy8_Transpose_node189_to_input0,27809,14.76688501170689,True,267,0,ok,0786d8fb17cca90a1c637232619c2b100a54e58b006c5f0048b52f5843788418
62,greedy8_Mul_node190_to_input1,27809,14.76688501170689,True,267,0,ok,638eb6b1b4de76bc35f8d680f75146c6a9d4da4667a096c9018e576c35409bdf
62,greedy8_Mul_node192_to_input1,27809,14.76688501170689,True,267,0,ok,d8814268ccc40cd43f2faab6e63a5b0d97764b5c4dbdd61144b4edc69085617a
62,greedy8_Transpose_node194_to_input0,27809,14.76688501170689,True,267,0,ok,aa827af2f5bf73f53b7d1722baeefb9293a9f19611292fe476a65f63b0f7cea0
62,greedy8_Mul_node195_to_input1,27809,14.76688501170689,True,267,0,ok,710b4fe641a0a3a9c5f56da8fd1a033161cf49f58145d5ea2664e4344ffe3cce
145,greedy1_Mul_node49_to_input1,64237,13.929665352345296,False,30,1,mismatch example 30,caee8d411c0b6e4e974d8cdcb33ede2c8fa4d522b065845304f6c31ede3f1f24
145,greedy1_Mul_node55_to_input1,64237,13.929665352345296,False,30,1,mismatch example 30,bf2b1e61846f181925a9bf9b8dfb768ad3d5035124f52a3be50ac713dfe079e6
145,greedy1_Mul_node63_to_input0,64237,13.929665352345296,True,267,0,ok,5fce8adcc66b590715c4f0e91c151be91fc2cf4edd49de702c4bc5e8d2c18659
145,greedy1_Mul_node63_to_input1,64237,13.929665352345296,True,267,0,ok,37591b6fccc14c7cb4fc062ca8bdb65e0d1822c80cb7823cbe66e43d99867d18
145,greedy1_Mul_node66_to_input0,64237,13.929665352345296,True,267,0,ok,4c75b6e63dd237adaa7d9c02ec4a7a46613db0653789e99abee02ed8dfdd2a4a
145,greedy1_Mul_node66_to_input1,64237,13.929665352345296,True,267,0,ok,a882204d07ad72874c5d8b196ca593bc9359750523dba293b8098c6e9391b9e6
145,greedy1_Mul_node69_to_input0,64237,13.929665352345296,True,267,0,ok,dc5caa9db236d82d53341dda65eab899c37e3aacdb353df2f2064944962da038
145,greedy1_Mul_node69_to_input1,64237,13.929665352345296,True,267,0,ok,281d7b51cf0832389c14e61bd9688dacf6fc9814697657c4b360209d8d4bc696
145,greedy1_Mul_node72_to_input0,64237,13.929665352345296,True,267,0,ok,9ffaf4d2af924ae84616468f902b857c32d6631c7883d64590b2aa2f31e08d7f
145,greedy1_Mul_node72_to_input1,64237,13.929665352345296,True,267,0,ok,c0148ba521091e2a1c726cb7c8754b8152d6d078bce35e67f60f80bf93c814cc
145,greedy1_Mul_node75_to_input0,64237,13.929665352345296,True,267,0,ok,5ff3d7c11ef909e03667a478a74fee04b4cbf43a9b13db6617c93368bbb410a4
145,greedy1_Mul_node75_to_input1,64237,13.929665352345296,True,267,0,ok,a8e2e2a09072e8bff0102154c98c01a4a5b6ddbfd1cec2ded64cd4931b2ff69a
145,greedy1_Mul_node78_to_input0,64237,13.929665352345296,True,267,0,ok,72f2c68909ff3b7e5bb7e1314ea870fcac82bca2df67a6c05e8ca4af48be2bba
145,greedy1_Mul_node78_to_input1,64237,13.929665352345296,True,267,0,ok,c40806d2722e4b4410fb5264d4f4c48c567ad9f39351a35ecf0f6d429f0d9648
145,greedy1_Mul_node81_to_input0,64237,13.929665352345296,True,267,0,ok,369ec60ed06b5f755918e2bc122b54d8ad3b6f642e0c3bec30823a2d4e90a56c
145,greedy1_Mul_node81_to_input1,64237,13.929665352345296,True,267,0,ok,dd11df40ec1e408aae07698e27d07a1e1f7b2c408fd0f7371e2edd748f2f76db
145,greedy1_Mul_node84_to_input0,64237,13.929665352345296,True,267,0,ok,274c51c174cd97274a197f03f3893adf9c39b05b1b88423aace8083a0eddb619
145,greedy1_Mul_node84_to_input1,64237,13.929665352345296,True,267,0,ok,eb18f736fed03ef379343960e315da835ba1645047dec89d8f0e0f4d330e9c56
145,greedy1_Mul_node87_to_input0,64237,13.929665352345296,True,267,0,ok,1f4879c8c59a92a3da14bdfdd601206bcf8ebc6dc4d7b713ad31538eb3e29704
145,greedy1_Mul_node87_to_input1,64237,13.929665352345296,True,267,0,ok,b530021779dbe85b4b83308b0ee8a97fb8ed4a84432e1e70b19c865ebf6a111e
145,greedy1_Mul_node90_to_input0,64237,13.929665352345296,True,267,0,ok,a149a217af683f41bb77be4c54cf239a60b4aad5f93cfbdc7453b4fd289fe7d2
145,greedy1_Mul_node90_to_input1,64237,13.929665352345296,True,267,0,ok,bcc0f05a7371fba287776751bd617705b0529b99e4139188f950186d67a1fb0c
145,greedy1_Mul_node93_to_input0,64237,13.929665352345296,True,267,0,ok,f2ad76895f45e113aecf1051ac04cd4adec4bcdb9b2d390373646cbeb7668ebd
145,greedy1_Mul_node93_to_input1,64237,13.929665352345296,True,267,0,ok,f8ae6a4b7933599afaf05d2cfbda948d94b9f9ced4fa905e51cebabe1e167ebe
145,greedy1_Mul_node95_to_input0,64237,13.929665352345296,True,267,0,ok,03330f955807c656e7430a388b86d9902fe39f64b3413325fae8e9ae5d58db27
145,greedy1_Mul_node95_to_input1,64237,13.929665352345296,True,267,0,ok,2e79231c9094e29845fd1d0a271df6f3c335f243670a9ddb3a1477f36c789c9a
145,greedy1_Mul_node97_to_input0,64237,13.929665352345296,True,267,0,ok,5766cca8a6c306eb0974621be77ffcaa2adbf6fe77bb420ffd3adfd93dbf3ec2
145,greedy1_Mul_node97_to_input1,64237,13.929665352345296,True,267,0,ok,095e2b481c7f57a92b9f31943db6c614ee7c61855d1023b3efe16bd95f9d34ad
145,greedy1_Mul_node99_to_input0,64237,13.929665352345296,True,267,0,ok,edb6977d3d279894d66b47c6f93b76b159808137a65d83aa5f5d5024b24ff498
145,greedy1_Mul_node99_to_input1,64237,13.929665352345296,True,267,0,ok,a45d9d5a433242e9fef246eca6e4cb8be85eaa25fb75bcf268e90185a82da90b
145,greedy1_Mul_node101_to_input0,64237,13.929665352345296,True,267,0,ok,940ad50c7442c31bf18951f28e59e0a1f3285a33ba6a5b76154ee234a8daab5d
145,greedy1_Mul_node101_to_input1,64237,13.929665352345296,True,267,0,ok,3a087f5415e7355beeb6605306a8e16926591d666fe935d74e704065f37b5d2e
145,greedy1_Mul_node103_to_input0,64237,13.929665352345296,True,267,0,ok,82049ca14d78469c86ddefb44de928ada23df918f2b618253ae701bab18ef520
145,greedy1_Mul_node103_to_input1,64237,13.929665352345296,True,267,0,ok,2ab12c6996d53c51710bc08e63ded7b85d750a8a38b1cd295ec610c77803c682
145,greedy1_Mul_node105_to_input0,64237,13.929665352345296,True,267,0,ok,8227b06c4cbf27e9d96165f227227374978c468ff166d8c75224aa87837fbeee
145,greedy1_Mul_node105_to_input1,64237,13.929665352345296,True,267,0,ok,40804ebdd35de0cc5801ce54ed56c9cf6eb69ca8926c08197681372ae1cbd215
145,greedy1_Mul_node107_to_input0,64237,13.929665352345296,True,267,0,ok,10c9a66b16f310e17645b45a692689bf64d21e11235cb3096b1b61f24fb311b6
145,greedy1_Mul_node107_to_input1,64237,13.929665352345296,True,267,0,ok,2a9f94e92f6ec33cc026e79083d84a9676f0bfc765920e1f92d8fa6174a28592
145,greedy1_Mul_node109_to_input0,64237,13.929665352345296,True,267,0,ok,4da23412de373bcd06361b3ebfdad363796aba02adc8f2598ecfe83cee4d6440
145,greedy1_Mul_node111_to_input0,64237,13.929665352345296,True,267,0,ok,6112be4d6192f8ed73515f33b305dda5202b1b05524b77189a4e68c49a255674
145,greedy1_Mul_node111_to_input1,64237,13.929665352345296,False,30,1,mismatch example 30,b6e35cc9a107f622152afed37322ce620be4a8f58d669e255d711e7f98b62af7
145,greedy1_Mul_node113_to_input1,64237,13.929665352345296,False,29,1,mismatch example 29,4a3b38de56cb15b0831569f8ff1b51927a53fdacffff2f9c1942b3e4e3a8cc3f
145,greedy1_Mul_node115_to_input1,64237,13.929665352345296,False,30,1,mismatch example 30,d73daf9a90bf8adbb871feec7120ef5d501cff2e8d7b83c6d947d3b365f11bc7
145,greedy1_Mul_node119_to_input1,64237,13.929665352345296,False,37,1,mismatch example 37,91e14a8a68fe50e0ad224124c02f1ba458759ecc4c1ca79d4b11216d9a23e8da
145,greedy1_Mul_node149_to_input1,64237,13.929665352345296,True,267,0,ok,c2960061475b872ec30dbd1186d55cef44ac92a511b49b7af9d3440d0e581937
145,greedy1_Mul_node211_to_input0,64237,13.929665352345296,True,267,0,ok,7c8e929a6b435e85f1ccb48f1c0db1898b073d4ca238f26f6b1e9ebfb7f084b8
145,greedy1_Mul_node214_to_input0,64237,13.929665352345296,True,267,0,ok,fcd583ee3f806ab0105e1f0e740a3e90db2a14ea91963baa150c7c30b63bc2c1
145,greedy1_Mul_node217_to_input0,64237,13.929665352345296,True,267,0,ok,3dc19cba9dc909a90cc34d3adcfa3b810e14abf9a8d805a3cf76ec1dbe1f8655
145,greedy1_Mul_node220_to_input0,64237,13.929665352345296,True,267,0,ok,ccccf83c51db5350861f70735f73f3b12c2c2b0f7a1f1d0c59de5c515a70d3cc
145,greedy1_Mul_node223_to_input0,64237,13.929665352345296,True,267,0,ok,11615f259a0f620e409c50ba3a937b8d63904cafddddd486e4417e1f793f73c9
145,greedy1_Mul_node226_to_input0,64237,13.929665352345296,True,267,0,ok,92f82eb1e1a9af2180cac02b42a5c97aad6369bc40c1657e675c81405b39c685
145,greedy1_Mul_node229_to_input0,64237,13.929665352345296,True,267,0,ok,e0839e40641012f3dc88095f76905a7c9df68feb0beef245526549ec0ccdc2c3
145,greedy1_Mul_node232_to_input0,64237,13.929665352345296,True,267,0,ok,f35ec3dbcac43db06706b691474e24e1befe57194339242d91614714776d6b0c
145,greedy1_Mul_node235_to_input0,64237,13.929665352345296,True,267,0,ok,e6eea1b0c96645b548bd609237b6f2d798cf1092e79f8a8906e28e13fc7958ce
145,greedy1_Mul_node238_to_input0,64237,13.929665352345296,True,267,0,ok,ed90df87eb5b7f971ec580d510d2eba3e2459a755f209ccb6c8091330c19f04c
145,greedy1_Mul_node241_to_input0,64237,13.929665352345296,True,267,0,ok,5a289c138b4bfefe0254e6443815cbc1ed203419eba59463f6c4ddca8057f0ea
145,greedy1_Mul_node243_to_input0,64237,13.929665352345296,True,267,0,ok,4d300eecc5171f638fd1e9b8760cf18d98deb6e90b2d8bc0a5ee4aa01e6d9ff8
145,greedy1_Mul_node245_to_input0,64237,13.929665352345296,True,267,0,ok,2c185103370076cf6e42bd24e5b7eddf424d18f57c40056f4c849dd01bbe948f
145,greedy1_Mul_node247_to_input0,64237,13.929665352345296,True,267,0,ok,06d3f1c628001a0bd4ee7edbe1c72951729c9cafe35a9952c11e628719d8906a
145,greedy1_Mul_node249_to_input0,64237,13.929665352345296,True,267,0,ok,3f864176a979561918c6d5cb8ea2b94d2d42c0a611ea6196054e2455af687144
145,greedy1_Mul_node251_to_input0,64237,13.929665352345296,True,267,0,ok,c71c31eea6263669cc7970c67abe704d704c8ace95879b93afb51d11478a0d9b
145,greedy1_Mul_node253_to_input0,64237,13.929665352345296,True,267,0,ok,5b5c913e616db1aeb28bd6afad03176d20803495ceb594033b866e44c3b39b4d
145,greedy1_Mul_node255_to_input0,64237,13.929665352345296,True,267,0,ok,87b9646cff767c253746deae574054c912bc7110912e3048fb38d666ebf5ad30
145,greedy1_Mul_node257_to_input0,64237,13.929665352345296,True,267,0,ok,5231a7b054e90d07ebd85e79c7801e0c60cb198c5bb93ef598127ec83e02b093
145,greedy1_Mul_node259_to_input0,64237,13.929665352345296,True,267,0,ok,0ba9fceb173c092f511abdbb1cc97bfe0687e95fe79960c23ba957a86023d7da
145,greedy1_Mul_node261_to_input0,64237,13.929665352345296,False,63,1,mismatch example 63,e3d13764f91fe2675c40a1d5b6ee87f030815557ee6bf9bd2cf1f5cb9e1d99a6
145,greedy2_Mul_node49_to_input1,64177,13.930599829962476,False,30,1,mismatch example 30,cd82678ccacbda736b5991fc4f7bfb07328b81cc1d67064f8949248d7308a71d
145,greedy2_Mul_node55_to_input1,64177,13.930599829962476,False,30,1,mismatch example 30,86485b3b86b91944116141a50f14e5c61953f52a9ec993978454710c26232c45
145,greedy2_Mul_node65_to_input0,64177,13.930599829962476,True,267,0,ok,5e7776ef365a8d9de86baecfed3b9e39309b61653542a36c336b352dbd87effe
145,greedy2_Mul_node65_to_input1,64177,13.930599829962476,True,267,0,ok,089f37a7710e8c767455dbe8e4e4934a9d3f7d3ba1dfe9eb26f22c3177d99c4b
145,greedy2_Mul_node68_to_input0,64177,13.930599829962476,True,267,0,ok,2c60abf946d1f840206623a1291aac52d70487f2d29b7b69b3f31c51e8fba8f4
145,greedy2_Mul_node68_to_input1,64177,13.930599829962476,True,267,0,ok,624ddca763ff6c6f2200dfbfa8d5ae9c588f8c61648299cf4805f1b8d4371113
145,greedy2_Mul_node71_to_input0,64177,13.930599829962476,True,267,0,ok,1b54de8e62cc02e2511e4adb7049ca8a638da6847db001c295a0198f818cfd4e
145,greedy2_Mul_node71_to_input1,64177,13.930599829962476,True,267,0,ok,b7afd1527ee102266522ea58592adb2c80ca45a1a87417aadb93afba44f38efd
145,greedy2_Mul_node74_to_input0,64177,13.930599829962476,True,267,0,ok,bf34bcc4cf68d6af41518432f1355d217678dc68b0198b69a6fb5696dbc1ea44
145,greedy2_Mul_node74_to_input1,64177,13.930599829962476,True,267,0,ok,fb0d30026b1dfc10ddd2fb2c34dd8b79efd2f866c05a8e44d53869127d971b46
145,greedy2_Mul_node77_to_input0,64177,13.930599829962476,True,267,0,ok,243e55ba41fbfe2d2ab2a587decf0b40b10510447b3d88e1f08988b56d6bcfa9
145,greedy2_Mul_node77_to_input1,64177,13.930599829962476,True,267,0,ok,b960d30b4b5944d61983bccb5484406f76e67c862e1352989188006e79350a02
145,greedy2_Mul_node80_to_input0,64177,13.930599829962476,True,267,0,ok,8f74ed8895d179f13b5e23e341b66b84ec8452bf1935dcdf925cccbe8ad80dc2
145,greedy2_Mul_node80_to_input1,64177,13.930599829962476,True,267,0,ok,571cc03e899dc3982fac2d56408d89ea87d3ae5bd5993fde233787f10b8f0f55
145,greedy2_Mul_node83_to_input0,64177,13.930599829962476,True,267,0,ok,28b7831b781fbdc15a707d2652f48095240dbb5af0084671b7afac5589d6c50f
145,greedy2_Mul_node83_to_input1,64177,13.930599829962476,True,267,0,ok,5f6a227eecbba4f9e525f785ad6b0d5987b2cb3628cdcd6356fa50984c03c334
145,greedy2_Mul_node86_to_input0,64177,13.930599829962476,True,267,0,ok,681dea5e058796f4713f7dbdb941bddc2bdb754cc2bea1bb611bbb487c38883f
145,greedy2_Mul_node86_to_input1,64177,13.930599829962476,True,267,0,ok,3a40918ce0ed01f47347712f3d4edb793689d9b438ce78724f71cf7729d61785
145,greedy2_Mul_node89_to_input0,64177,13.930599829962476,True,267,0,ok,171d51285fc26866d06090980bb27cd3d8be1af5dd51bf6e68c28ee21ed0c166
145,greedy2_Mul_node89_to_input1,64177,13.930599829962476,True,267,0,ok,430661b615b1edcda122b31f0f5851f0568f956a55ac6de77af13c05321b5770
145,greedy2_Mul_node92_to_input0,64177,13.930599829962476,True,267,0,ok,2f7e042af44ceb3d04284cd19637d4c256939529d22d10cfdefab17fe6d2ac02
145,greedy2_Mul_node92_to_input1,64177,13.930599829962476,True,267,0,ok,1bdecbf1e2462e2f98ee80e1d0f40b469bd0bb67847e9b33436f462415b7aacb
145,greedy2_Mul_node94_to_input0,64177,13.930599829962476,True,267,0,ok,e69fc8aa455c0c3834d4064cd421f5485873b9c4a53f8cb68e7271974d0b14ad
145,greedy2_Mul_node94_to_input1,64177,13.930599829962476,True,267,0,ok,ad717599d1b46ebac107d5cafc9fdb1192408939b5dc364170169b9158c2bfb3
145,greedy2_Mul_node96_to_input0,64177,13.930599829962476,True,267,0,ok,e3584a3bb6d166915d407b6a9a627bdb47efab88a290641a2d26f05380ea44c5
145,greedy2_Mul_node96_to_input1,64177,13.930599829962476,True,267,0,ok,7e7d2015e70a5808d2e835b655b2b755062587c32b391703b00f51dc3be45f6d
145,greedy2_Mul_node98_to_input0,64177,13.930599829962476,True,267,0,ok,4e38701a57411e7d6819b8874a7ff44fd6a7b4081261b64fbbfdbcc29793690e
145,greedy2_Mul_node98_to_input1,64177,13.930599829962476,True,267,0,ok,78834e1bf851b04f84f60af83699f9b505838ca46fcc78c35a7c6dda4871d9ac
145,greedy2_Mul_node100_to_input0,64177,13.930599829962476,True,267,0,ok,e6227d2570b35fb1e00e6481daaf94cab302313b83abcfe1c05a24b86c5d1544
145,greedy2_Mul_node100_to_input1,64177,13.930599829962476,True,267,0,ok,69e9409ad0cd949c2f2c5ad22d884b5a990df10325b7ace9d228b200f003c407
145,greedy2_Mul_node102_to_input0,64177,13.930599829962476,True,267,0,ok,9f750c783a4c41bf821fca040a677056853724a57420cf822300e536bd6435de
145,greedy2_Mul_node102_to_input1,64177,13.930599829962476,True,267,0,ok,ec3b4679454aec6a7a422406898bb0360b6efa4b61cf462f3f477f5b228e1655
145,greedy2_Mul_node104_to_input0,64177,13.930599829962476,True,267,0,ok,fc6e12e4d32d7fb3e6e51c15e69a6e9d3f76cfe11458cbc46a5ccd122c07d11a
145,greedy2_Mul_node104_to_input1,64177,13.930599829962476,True,267,0,ok,a210c11e1beb8e43c86776e6045a46c1fc1c2bb8501a64abedf5c96c7860845a
145,greedy2_Mul_node106_to_input0,64177,13.930599829962476,True,267,0,ok,b5b28b3d54439e69c8aea0069ee22126b97d39c216729c4b73ba60c32c097454
145,greedy2_Mul_node106_to_input1,64177,13.930599829962476,True,267,0,ok,9ca22dd2fbe30f8b566757e47ddfae7927cc1bf44e1a03ccf7a742292d7ff10e
145,greedy2_Mul_node108_to_input0,64177,13.930599829962476,True,267,0,ok,727753f269fe4838715d50a26e29b9a40f60bfe087b638806963eb667d294c28
145,greedy2_Mul_node110_to_input0,64177,13.930599829962476,True,267,0,ok,72748142cccbcb12897dd617323e4baf3c3c913e98c1efd2e0ecde5c645f7e2d
145,greedy2_Mul_node110_to_input1,64177,13.930599829962476,False,30,1,mismatch example 30,acbdd558312f384a394dcacbd1290933cfd221b67d7a57108bd1d9229b98e8ff
145,greedy2_Mul_node112_to_input1,64177,13.930599829962476,False,29,1,mismatch example 29,9c38cb60388e628664afa9f5b811b35469a029c68523695fba70ddb9dd63ea8f
145,greedy2_Mul_node114_to_input1,64177,13.930599829962476,False,30,1,mismatch example 30,134404d894caf201928755eab544b5db75fbb0654799b614a9841690bdd6323e
145,greedy2_Mul_node118_to_input1,64177,13.930599829962476,False,37,1,mismatch example 37,134aa7cc10bcfdc5fd28e072d38bef301b6ba649687dd9a2549db252f42f9af5
145,greedy2_Mul_node148_to_input1,64177,13.930599829962476,True,267,0,ok,6c8c72b4f3f8b419198096c2831fa934cfcf89ae2bd99c224fbdebfea0a64ee8
145,greedy2_Mul_node210_to_input0,64177,13.930599829962476,True,267,0,ok,f34c50319c07b1a080ce53e92f08e8e8e935e825086777637eff44398888d3fa
145,greedy2_Mul_node213_to_input0,64177,13.930599829962476,True,267,0,ok,eaec24b2f7c7f3d8095c2a5aa87d495845ea91b121646a81c0726fdde9604b6d
145,greedy2_Mul_node216_to_input0,64177,13.930599829962476,True,267,0,ok,8748c5504f11194db44999ce750936fbe652d2b0bb8214540992e6b2976f9c92
145,greedy2_Mul_node219_to_input0,64177,13.930599829962476,True,267,0,ok,b30767ca0fdbab9bff9b6f9c44d97f07220378e62ed4f836561ec8d04549bab1
145,greedy2_Mul_node222_to_input0,64177,13.930599829962476,True,267,0,ok,421ec5efbf9c5dea5ac0093b28fba189a7b20150daf0ff9176eb042ebaeace83
145,greedy2_Mul_node225_to_input0,64177,13.930599829962476,True,267,0,ok,ddfdf84459965fca42b39afdca3a9b326011325dc60071249c4c0c98dddb0aa1
145,greedy2_Mul_node228_to_input0,64177,13.930599829962476,True,267,0,ok,59dde26bacfc5ae9d0b61a94786499729b29d7752ecf3e2b1692985aca2c644d
145,greedy2_Mul_node231_to_input0,64177,13.930599829962476,True,267,0,ok,9a93d8f2312bf1901940b1dac8604be4f6dacf9c34986c9c8e35b60796221917
145,greedy2_Mul_node234_to_input0,64177,13.930599829962476,True,267,0,ok,36cdd9b7f8fccb9a71a25146b6925fd9202ccaacec75386259fa8a973c3e10f8
145,greedy2_Mul_node237_to_input0,64177,13.930599829962476,True,267,0,ok,467aee255fab1878fb23f35ac0fb75f7488c614cc98461365b51962d729086cf
145,greedy2_Mul_node240_to_input0,64177,13.930599829962476,True,267,0,ok,2a030889c320a3b1b7f867cb261e01b003eb1ee23b9967a87e23b65f0116f3d1
145,greedy2_Mul_node242_to_input0,64177,13.930599829962476,True,267,0,ok,f316ba3087a5d12b4f03fc963c719e96314329473caa2a32a49f325f3126ae0a
145,greedy2_Mul_node244_to_input0,64177,13.930599829962476,True,267,0,ok,1e14302e0b5440fa329b758958721a311dc4c52fed6acdb54994cfe680dc3933
145,greedy2_Mul_node246_to_input0,64177,13.930599829962476,True,267,0,ok,ef477a196afe51774b6db05edf359d6f66191cad1211900d1a14277d29e34ed6
145,greedy2_Mul_node248_to_input0,64177,13.930599829962476,True,267,0,ok,bf04a4978931435c8cbccb4586851b8943ec27d48f7c60d9e2011d406f7ee7c3
145,greedy2_Mul_node250_to_input0,64177,13.930599829962476,True,267,0,ok,327f5ae6d71c093708b74c03e1d59ed460eaa116bb755bac1924d06817043a5b
145,greedy2_Mul_node252_to_input0,64177,13.930599829962476,True,267,0,ok,f9c9a11ca5125e3b2d51eed38795c359bc8db395517d2451d42f4931b24b8fb2
145,greedy2_Mul_node254_to_input0,64177,13.930599829962476,True,267,0,ok,4143f072b24fb235d836d4a141192b61a1727212fe4785bd3c95abf1dd0ad9b5
145,greedy2_Mul_node256_to_input0,64177,13.930599829962476,True,267,0,ok,c73b2bfa0d9a5c1c367cfa2bcec1b8e91dc675c79726b37f1f09b782ecedb3bd
145,greedy2_Mul_node258_to_input0,64177,13.930599829962476,True,267,0,ok,d4f0f5bd161ff8eb09342083bf56a49db51661a0dab846767755636b669985e4
145,greedy2_Mul_node260_to_input0,64177,13.930599829962476,False,63,1,mismatch example 63,47b8f4b0ce8a3e0d1da3770d26585da448a767d14a57c86073f22f6c13c230bb
145,greedy3_Mul_node49_to_input1,64117,13.93153518164493,False,30,1,mismatch example 30,b270dcb577dc3beb05f0f1b311688dab381042170df2252096eb915564c20124
145,greedy3_Mul_node55_to_input1,64117,13.93153518164493,False,30,1,mismatch example 30,4f44dd98b2e3c06e02379b3aa6c78bd56c1edfde15612c93d6c67684068b137e
145,greedy3_Mul_node67_to_input0,64117,13.93153518164493,True,267,0,ok,4d4c4e537cba91fba086b3d60d376dd2392a5536ebf926152e0059f1e6bdc7ea
145,greedy3_Mul_node67_to_input1,64117,13.93153518164493,True,267,0,ok,f43b0b6d792fcce09f79d28cddb52d102ace1f9351e25f25104214d1b2cf9b6d
145,greedy3_Mul_node70_to_input0,64117,13.93153518164493,True,267,0,ok,a63fb9f13cd0cbc9b47cc06920b43bb3b04ba77168ba63a0fce12d31d3c5b10b
145,greedy3_Mul_node70_to_input1,64117,13.93153518164493,True,267,0,ok,596e6c984511259b02fd03b44ef4c33d97885a0c0b6585e4d7acb5969cd5fba5
145,greedy3_Mul_node73_to_input0,64117,13.93153518164493,True,267,0,ok,a9453f0ec1ad97b9d51ef051422fdcaa4bf2ad26363f05e37335af0d83b00351
145,greedy3_Mul_node73_to_input1,64117,13.93153518164493,True,267,0,ok,c192f8e92cfef89473b0f6e11e4c89630d54c19d74885b2f68d0ba79d44373e2
145,greedy3_Mul_node76_to_input0,64117,13.93153518164493,True,267,0,ok,5f0b68a610d669f6efa2ea636212e1bab98f593ca146351167371c485d983ee5
145,greedy3_Mul_node76_to_input1,64117,13.93153518164493,True,267,0,ok,2bcda41e70c0f88af8941c21ea74563d56d073b8838cbc19da24350f9451d37a
145,greedy3_Mul_node79_to_input0,64117,13.93153518164493,True,267,0,ok,d21bbb2811d0974c5c643f29f71758f92f949107bc5ae0939872a1f3702af323
145,greedy3_Mul_node79_to_input1,64117,13.93153518164493,True,267,0,ok,0ce0a7b4c4d5a397afc88c2c45acbe5f972170096e9cd4eb8c879b0143bd87d2
145,greedy3_Mul_node82_to_input0,64117,13.93153518164493,True,267,0,ok,931f3c7d05a3a45a245b9a2e4db363ee9f331bf1d5dc38e035243a5f760852a8
145,greedy3_Mul_node82_to_input1,64117,13.93153518164493,True,267,0,ok,86233da8f5344c46644c3d2de09995d9aea7d84b44d35cbc5758d58e01d96d50
145,greedy3_Mul_node85_to_input0,64117,13.93153518164493,True,267,0,ok,ceb38c05ff3f0233930e05597e199f52146764803cd6aea0d3b1a18812270046
145,greedy3_Mul_node85_to_input1,64117,13.93153518164493,True,267,0,ok,288929291f67f11ba4614001434cba1b8bcba809684df3193b18468898c82611
145,greedy3_Mul_node88_to_input0,64117,13.93153518164493,True,267,0,ok,5adbff4b9ec59dc988bdff93bf1c63e71b2a44ad1f8c17847cfd007b796ac627
145,greedy3_Mul_node88_to_input1,64117,13.93153518164493,True,267,0,ok,19836d1053e65ee6290bd1b9b91f51ef27a9ffb73b6cf06366fa7fc7d6bd4e4f
145,greedy3_Mul_node91_to_input0,64117,13.93153518164493,True,267,0,ok,a238322ea196685a737fdf61e0ccf2b3c348ba40a6bed658f29cd8b61322e2ae
145,greedy3_Mul_node91_to_input1,64117,13.93153518164493,True,267,0,ok,7398dc0bd81fdb731d76496c227a79d3ad21977b64bf8e2b3329c0e66ab3a16b
145,greedy3_Mul_node93_to_input0,64117,13.93153518164493,True,267,0,ok,a8faadcc1ad5e271335922cd43a4bab17a1b060740a03769c774a44a5d477db2
145,greedy3_Mul_node93_to_input1,64117,13.93153518164493,True,267,0,ok,76ee1f91582944a74fa2390c13457c4cf7d898dadef39b7cab364e815a353084
145,greedy3_Mul_node95_to_input0,64117,13.93153518164493,True,267,0,ok,1b59a129255ac038b603e27df8f27ec0d8efddecf6aa2b40130664859a98ce0d
145,greedy3_Mul_node95_to_input1,64117,13.93153518164493,True,267,0,ok,205b7ce7be97713e20b03deae21c0b143f8060edfe6bd671c04daa9507dc409b
145,greedy3_Mul_node97_to_input0,64117,13.93153518164493,True,267,0,ok,8cf385d2f3a991301f8c5b1e693529ff8352cfaa4a6caaf141be9872e6c833d2
145,greedy3_Mul_node97_to_input1,64117,13.93153518164493,True,267,0,ok,7e4f7b4a44d9ea8bad49e705aa37ad15b449ab99cc21285b90d0dd082b6d0dc7
145,greedy3_Mul_node99_to_input0,64117,13.93153518164493,True,267,0,ok,c05b64d0a172b716b2210b56cf1124e04c1e856288034395726e7fd61890ab23
145,greedy3_Mul_node99_to_input1,64117,13.93153518164493,True,267,0,ok,34ee22e28f8244873aa4bc173e3656afefd404b71a1a87e518c08080cdd43fee
145,greedy3_Mul_node101_to_input0,64117,13.93153518164493,True,267,0,ok,003be46a683d28fa10700cf861518779403752bee82f16bb553552619489c963
145,greedy3_Mul_node101_to_input1,64117,13.93153518164493,True,267,0,ok,daad8736c76bbc92a12849430f223b5c383748274143a47cba6d449462247398
145,greedy3_Mul_node103_to_input0,64117,13.93153518164493,True,267,0,ok,260e68a9dd26e9d35ccfcdd1a36b488167d9899b45f680e60ca9902a4e002b83
145,greedy3_Mul_node103_to_input1,64117,13.93153518164493,True,267,0,ok,b0720537301672001b81fbc7026e3e1619519943cf14ff3353663ab75daba9f9
145,greedy3_Mul_node105_to_input0,64117,13.93153518164493,True,267,0,ok,c103f5f90d7f853599b7d4bf5af3872f6915283b19d6e4709ac7e0b20685c01b
145,greedy3_Mul_node105_to_input1,64117,13.93153518164493,True,267,0,ok,eeb79df09b52740bf188a7ebc1c18e71c47e8eb27f19a4cb8cf87bf748320eee
145,greedy3_Mul_node107_to_input0,64117,13.93153518164493,True,267,0,ok,e97bdbad1ef831732223e1f9b2b3910c5a889f2bb1833089522c364b1bf9f81a
145,greedy3_Mul_node109_to_input0,64117,13.93153518164493,True,267,0,ok,365e93dcc7337cd8ca4428a2d93ed30f2865fc11c9ad4d9ba01e0de49c8adbbb
145,greedy3_Mul_node109_to_input1,64117,13.93153518164493,False,30,1,mismatch example 30,02326cfca7b9797034d9ea7ecd1590111fd840fbb6c820fa76c94da8786b5bb7
145,greedy3_Mul_node111_to_input1,64117,13.93153518164493,False,29,1,mismatch example 29,bf675d740c208c9079ffb4145b52be64835f1b171490d9229bfa289e4b75e25a
145,greedy3_Mul_node113_to_input1,64117,13.93153518164493,False,30,1,mismatch example 30,a450d1ddc9da1dfe40976d3cd0bc72f923ce7646b8dd611a96aff471ba0820bb
145,greedy3_Mul_node117_to_input1,64117,13.93153518164493,False,37,1,mismatch example 37,04ce169604baeab3858abdedf39f5591e7d3a65f8b303e199c1bb1b8cad0a6ce
145,greedy3_Mul_node147_to_input1,64117,13.93153518164493,True,267,0,ok,16a449b3782edd59f95e9bbb04fcdcff5377fce99e9720c83fb8f3d82cb73102
145,greedy3_Mul_node209_to_input0,64117,13.93153518164493,True,267,0,ok,3a832a520be2de614b2d8f83045d88a9b49788a6d5beab9792603a9a067aee9f
145,greedy3_Mul_node212_to_input0,64117,13.93153518164493,True,267,0,ok,0ed8dc068fc5c2d01020210321e2ee9a8e1ae3ce87c7223288a0e06a83df3ccb
145,greedy3_Mul_node215_to_input0,64117,13.93153518164493,True,267,0,ok,068cd631a554925c1da0ac49fed9fcd1fd242d409f1a1601501ef424b836bb06
145,greedy3_Mul_node218_to_input0,64117,13.93153518164493,True,267,0,ok,eff9365ccec514804bb619caa680f7ad4869418b0b38ca73bda0ede6a6093671
145,greedy3_Mul_node221_to_input0,64117,13.93153518164493,True,267,0,ok,8ddec74afd716cc6a80eeaa5e843ad69496f0d111758a5fe51a83abd934e8775
145,greedy3_Mul_node224_to_input0,64117,13.93153518164493,True,267,0,ok,38cf32466c5aa0fe2218bde177e74ada9d53e3b1f09333e8ab7295c4fadbdf26
145,greedy3_Mul_node227_to_input0,64117,13.93153518164493,True,267,0,ok,9b071966ddc67f25541af98a1e52a59176a9a6a588f227073cf35a4b69fa8221
145,greedy3_Mul_node230_to_input0,64117,13.93153518164493,True,267,0,ok,e6978cda7521eeb508ca04b542e2f0aa77a26159d1135d6a9f22e7846a3f8ef2
145,greedy3_Mul_node233_to_input0,64117,13.93153518164493,True,267,0,ok,da2082824c0762317d322244d0ac47e759d5902997d7d850f8d76459fe0d37e6
145,greedy3_Mul_node236_to_input0,64117,13.93153518164493,True,267,0,ok,894fc608b7822fc7a6c959cf29a359bf26d1385e777acdce2638d7fc8edc718c
145,greedy3_Mul_node239_to_input0,64117,13.93153518164493,True,267,0,ok,5b6dfcd5ce3fac34723fedabe657d93f60355cf65f3cab061bf1945b1bd6cbf7
145,greedy3_Mul_node241_to_input0,64117,13.93153518164493,True,267,0,ok,752e9ce3f0496a9fdd06e6954c238c1224d572d3056b15f08097353584b01a24
145,greedy3_Mul_node243_to_input0,64117,13.93153518164493,True,267,0,ok,74bebb8f2d48d1c20d230bb857b28f934ccd7469861cd87e66649465e44066dd
145,greedy3_Mul_node245_to_input0,64117,13.93153518164493,True,267,0,ok,012e5834cf940df15f4057f88e7a6eac41b3df0f4c9c51bc530cf12037e74c29
145,greedy3_Mul_node247_to_input0,64117,13.93153518164493,True,267,0,ok,5d891eae1eaee21bc687fefdfcb7c1291dcf14026b07be1ae37d647dbe4835d3
145,greedy3_Mul_node249_to_input0,64117,13.93153518164493,True,267,0,ok,c5d6dc577efc7a7e61c9fc096f585b0107a97931114df210f5e75611127f455b
145,greedy3_Mul_node251_to_input0,64117,13.93153518164493,True,267,0,ok,7d8f795dbea398ceadb140ffcb22f856ea9dd0b60176ef9724f5df28ac8c1543
145,greedy3_Mul_node253_to_input0,64117,13.93153518164493,True,267,0,ok,0b88708812c8fd8d389170789a98cf117cee3d9ead9e9293fdee386af5890c23
145,greedy3_Mul_node255_to_input0,64117,13.93153518164493,True,267,0,ok,e3d44bafcff5d93ac46d21c7c7ed47259d347ccb768cdb7e56edefc82a657b2a
145,greedy3_Mul_node257_to_input0,64117,13.93153518164493,True,267,0,ok,5d971bbb0b9b01388bac20864503c4ea7fb93e2041b5a6c387b40909a52f2b41
145,greedy3_Mul_node259_to_input0,64117,13.93153518164493,False,63,1,mismatch example 63,59b33eefc338bde26e19a594de2feb5c944f995c942cdd6124ecec95e17a87a9
145,greedy4_Mul_node49_to_input1,64057,13.932471409029308,False,30,1,mismatch example 30,682ea41b1b99eb4cd5fdaa05003c9137353976c3765e7799527ed82a4df9f7f0
145,greedy4_Mul_node55_to_input1,64057,13.932471409029308,False,30,1,mismatch example 30,fb4cfeea24d00144f4ef936198c0e6be3ad1184847adcc98067d2fec90730358
145,greedy4_Mul_node69_to_input0,64057,13.932471409029308,True,267,0,ok,f714916732fce551615918389c35a90952b486e0ceb042e386a8f317f0d07add
145,greedy4_Mul_node69_to_input1,64057,13.932471409029308,True,267,0,ok,c728105c9156e1008b3afa022003da0bd94187fa72cdc42ebf6633fbcfcb429e
145,greedy4_Mul_node72_to_input0,64057,13.932471409029308,True,267,0,ok,77ac33b2da05d742546400237312ae6ec7e0c7b630b7264d9152a3d771071c81
145,greedy4_Mul_node72_to_input1,64057,13.932471409029308,True,267,0,ok,74fb156e7d05af0721c9eb0de54a21eb39c5fb977b49711ff834d25b78017081
145,greedy4_Mul_node75_to_input0,64057,13.932471409029308,True,267,0,ok,f20c2f52e083dc0cb5ed5cf2dd344501e4639f747d1325febed874b8678a5d70
145,greedy4_Mul_node75_to_input1,64057,13.932471409029308,True,267,0,ok,2a8388a5879f3a75c368c2a3e600b99c973fc7b9e0750e3a1d1a384d33af0329
145,greedy4_Mul_node78_to_input0,64057,13.932471409029308,True,267,0,ok,768124dce600f9e95298d358968985c4ed7abdd49b787c6007cdd0da010e7043
145,greedy4_Mul_node78_to_input1,64057,13.932471409029308,True,267,0,ok,f2633c1c4e3b8e274dc003977585935a02f59d39e776955d97db1cd93f41d992
145,greedy4_Mul_node81_to_input0,64057,13.932471409029308,True,267,0,ok,a2b197c7f837b12191d88758a4a4cfa69d693645d36aaa09f49bd6ea4a169374
145,greedy4_Mul_node81_to_input1,64057,13.932471409029308,True,267,0,ok,24dc2ad7c31f28c72956d4f707fb9deb383d48453b58ba2c37751d86e6e24b5e
145,greedy4_Mul_node84_to_input0,64057,13.932471409029308,True,267,0,ok,302dc76278657efade44ba2cb4fafa2bfec7f7b3ceb3409d72a96627c7a27bfd
145,greedy4_Mul_node84_to_input1,64057,13.932471409029308,True,267,0,ok,4abef784cfac9db19d383043bcedbe094cb951321562d3a4b1ecd7ad5a92480b
145,greedy4_Mul_node87_to_input0,64057,13.932471409029308,True,267,0,ok,737959dc1c15e7064e40d4e7f832387a215b84092d8fa2073af4c2e4c946cf47
145,greedy4_Mul_node87_to_input1,64057,13.932471409029308,True,267,0,ok,a24096cbb4f93dc60254c120caa8571246c93ecaf11b5ea244f849d5860931e9
145,greedy4_Mul_node90_to_input0,64057,13.932471409029308,True,267,0,ok,4d8b58a7bfab79b5309a95f8ef764dbb7eaa5d923b48647549a4871c93d3e58f
145,greedy4_Mul_node90_to_input1,64057,13.932471409029308,True,267,0,ok,d047d77771630bed3fff17f330a7707c512ea23f2325d4b2a1e5575093cc984e
145,greedy4_Mul_node92_to_input0,64057,13.932471409029308,True,267,0,ok,f731fd0f0a23a1b78a9d91b21a4a5e15296ea99fb33ae49a5e1d22492eeba257
145,greedy4_Mul_node92_to_input1,64057,13.932471409029308,True,267,0,ok,069c2774492f00f11a7f0702afb29bf32aa2a2cc2af58e64250b6fd070e2ebe9
145,greedy4_Mul_node94_to_input0,64057,13.932471409029308,True,267,0,ok,57f223049525d055c23684030ce113824b980555e1e36de4b3272d488c6330a8
145,greedy4_Mul_node94_to_input1,64057,13.932471409029308,True,267,0,ok,d83ff3ad91af6a72dfc8c2d22b98c49322ee9f904c5ffe1f8cfa22aada163d2d
145,greedy4_Mul_node96_to_input0,64057,13.932471409029308,True,267,0,ok,87ed40ad99fc85859fd33f4e04fd3795433e2fb6afec385e7a1b2f0e85d37c93
145,greedy4_Mul_node96_to_input1,64057,13.932471409029308,True,267,0,ok,1a6c603031946447c63ab78dbf182240e6ccb277f5ffdabda0ae1377088751fe
145,greedy4_Mul_node98_to_input0,64057,13.932471409029308,True,267,0,ok,a4d4b7514ad893cbc93bba17c91a612a5f7220603aad0e742bf3b32291698059
145,greedy4_Mul_node98_to_input1,64057,13.932471409029308,True,267,0,ok,977f11eaeb754bad384e905b79a8b654b626ca88e92ffb90c66a9438ad0da894
145,greedy4_Mul_node100_to_input0,64057,13.932471409029308,True,267,0,ok,b716b6463d3d955e6e8236ece085919bf5595d815562454d94e55a7b1a022df3
145,greedy4_Mul_node100_to_input1,64057,13.932471409029308,True,267,0,ok,5f925f0aeb7e1d5f5c16084159f3b2685ea811be633641f8c12daf0bc5061d61
145,greedy4_Mul_node102_to_input0,64057,13.932471409029308,True,267,0,ok,5dbef91280b294d16e677d5b1b64e3dab28c1293e74767c00dc9bd5533610e35
145,greedy4_Mul_node102_to_input1,64057,13.932471409029308,True,267,0,ok,6b4e740182f7d15c0a2a2375017d71d59a2ce2de0514a4e93a388a8706107f1d
145,greedy4_Mul_node104_to_input0,64057,13.932471409029308,True,267,0,ok,8098672b163f7d905dc585953ecbbe654cc69784f5fd4c14591e47c790cf4e0b
145,greedy4_Mul_node104_to_input1,64057,13.932471409029308,True,267,0,ok,09918cf3e66a3f015c5406ff7d31da26d2dff5373e85797486d0bb693041624b
145,greedy4_Mul_node106_to_input0,64057,13.932471409029308,True,267,0,ok,0ea8d2ca06b8e011ba5fa23457a916f106290e805d05aac758a29c87404b1c75
145,greedy4_Mul_node108_to_input0,64057,13.932471409029308,True,267,0,ok,6d87a5f06eeff657801ca66a30a41360ab1abdcefbfd69426480e6317838d43d
145,greedy4_Mul_node108_to_input1,64057,13.932471409029308,False,30,1,mismatch example 30,b57b99cf892f33b3d7cd623516e52d7832e4cda9601bdd11c89af87d4d2c7643
145,greedy4_Mul_node110_to_input1,64057,13.932471409029308,False,29,1,mismatch example 29,8e3c1c71ae862d3fb3f3d3a198762b08ee66e61b98e68f4a87963a662e7a57d6
145,greedy4_Mul_node112_to_input1,64057,13.932471409029308,False,30,1,mismatch example 30,abe20036f880eb7e8cd55b383402fc036b53340d28d24a46f5344804a84ae42d
145,greedy4_Mul_node116_to_input1,64057,13.932471409029308,False,37,1,mismatch example 37,26662a1647e1f3406375b41cf3acdec91a6e00ac74552de5a402b265b5ba5074
145,greedy4_Mul_node146_to_input1,64057,13.932471409029308,True,267,0,ok,da0d56d855f0272ab9f8c85985cc4daef535f5e55ce4f16c58edc3458369008c
145,greedy4_Mul_node208_to_input0,64057,13.932471409029308,True,267,0,ok,c143f0cd8bbdda8240c557ddfd76f839cf19e3212dd1956cd453eb71ce09ac80
145,greedy4_Mul_node211_to_input0,64057,13.932471409029308,True,267,0,ok,52fd9551e7802bb0fc09985a4c8f821760b7ef424e80f01400b49c1e8d3440e4
145,greedy4_Mul_node214_to_input0,64057,13.932471409029308,True,267,0,ok,4b389c044a95232a307eee3518405cd0c26d771bffa5348e0fe8e47f72686c53
145,greedy4_Mul_node217_to_input0,64057,13.932471409029308,True,267,0,ok,fdf6a1aad27e0959367947620428ed56130eaf1f1ef3fceb1eb164082c5b297b
145,greedy4_Mul_node220_to_input0,64057,13.932471409029308,True,267,0,ok,fd4f113b50dbaa3ca1947d16cb015b626128812436cb93fc94fe223d78ea1241
145,greedy4_Mul_node223_to_input0,64057,13.932471409029308,True,267,0,ok,99002e33deff29c3e29ee644ef2de9bc35f53ab030f7f109282020776a9ccc4a
145,greedy4_Mul_node226_to_input0,64057,13.932471409029308,True,267,0,ok,2c566a6621d3e965c469b2d4d6634e5be741306bbbaea8907bcb24b8eb16c5ea
145,greedy4_Mul_node229_to_input0,64057,13.932471409029308,True,267,0,ok,6d6ff716be66d8b075848fb152da0b69802ea24ea875a51e1209230c07e93b3c
145,greedy4_Mul_node232_to_input0,64057,13.932471409029308,True,267,0,ok,313e3a43515e1a8dd578d9e079df1414ea681780fe062b81a5471825b4f4ee7f
145,greedy4_Mul_node235_to_input0,64057,13.932471409029308,True,267,0,ok,c6ada0520052ce91b873a45f5362361532cd33c78e1bebe8b08085ef9b48f064
145,greedy4_Mul_node238_to_input0,64057,13.932471409029308,True,267,0,ok,c2967095655d7effb2675e742ef927f4410a941f9b967c10c7700c292410f36b
145,greedy4_Mul_node240_to_input0,64057,13.932471409029308,True,267,0,ok,b18b8da385a0525026f930d5cbdef2be3e226cbfb9e9feff7855f10cd1a7547e
145,greedy4_Mul_node242_to_input0,64057,13.932471409029308,True,267,0,ok,a09c8bec04ac3e785edab8ec781e37c66b2ef65c66a35c0afb66766d25602628
145,greedy4_Mul_node244_to_input0,64057,13.932471409029308,True,267,0,ok,bca8bd8b72eac86c9463360083fc6dc9b2331b1cd992bc6a1810419c2b137d02
145,greedy4_Mul_node246_to_input0,64057,13.932471409029308,True,267,0,ok,42cbfa600de01bdc57490736bd186c3c0425988767bef0b468121379a0235914
145,greedy4_Mul_node248_to_input0,64057,13.932471409029308,True,267,0,ok,b337aafce97536be37cb10c57c782cd8b6232b3e2cbd79e942cb485357659178
145,greedy4_Mul_node250_to_input0,64057,13.932471409029308,True,267,0,ok,dad6d2b643029172f60ee521cd343ee41b6ec9670edfb625261151a1192eebd6
145,greedy4_Mul_node252_to_input0,64057,13.932471409029308,True,267,0,ok,3a0cc0b0a5e1d6cb1f4a8cd10ef73c783e90fbba8d4703330bc255c9de1e10ab
145,greedy4_Mul_node254_to_input0,64057,13.932471409029308,True,267,0,ok,8ea6f7f49da2f1d16b9671add2913054d0a2ad27fcea4d0c550187db85d3c5f6
145,greedy4_Mul_node256_to_input0,64057,13.932471409029308,True,267,0,ok,784a8858dc92e3d36b9ab87f075c66e64a2b1183e3f33c7edc25db775e7ff6b8
145,greedy4_Mul_node258_to_input0,64057,13.932471409029308,False,63,1,mismatch example 63,cca4874a53afcdc5a2fd2d97a18bf4ef81a14a95be22e83cad999f7d70a44f6f
145,greedy5_Mul_node49_to_input1,63997,13.933408513756858,False,30,1,mismatch example 30,2ad3e9ce65b51765ab9d6651a1d7f74f0c65381812a05a9904658bd2c99fa4b9
145,greedy5_Mul_node55_to_input1,63997,13.933408513756858,False,30,1,mismatch example 30,44338893823e1121ef20262ee7dd19ee04017b6f8d9e26694b5445ee07c0b75f
145,greedy5_Mul_node71_to_input0,63997,13.933408513756858,True,267,0,ok,c1e7e611d47cb346130dcc6bf66484daec382091c5203b3b4fd058571dc55d9a
145,greedy5_Mul_node71_to_input1,63997,13.933408513756858,True,267,0,ok,ba8e3182124499761a6dcefc9e5953f8772ab0e02c7db678b70d259a423b14b5
145,greedy5_Mul_node74_to_input0,63997,13.933408513756858,True,267,0,ok,52537371e94f8172fa82b80bf480c391fca8efd772015167ffbc9b49515cfb7b
145,greedy5_Mul_node74_to_input1,63997,13.933408513756858,True,267,0,ok,437d087b7307c290a8c5dbe917ec147e7dcd0970ea8e7d55b51c4a6f5bce8a05
145,greedy5_Mul_node77_to_input0,63997,13.933408513756858,True,267,0,ok,502de02a9c02ea75d41454e31c8c3f53dac86e23fb034176b57abcf17f0615b2
145,greedy5_Mul_node77_to_input1,63997,13.933408513756858,True,267,0,ok,f7925071f02856a184f07603bbf97a90648f58d96ef8222c16eb1b42dd797d41
145,greedy5_Mul_node80_to_input0,63997,13.933408513756858,True,267,0,ok,bd07a49af2cb5eff3a6758194e68bc14e4fd2874bcccac1724308112889eb8b5
145,greedy5_Mul_node80_to_input1,63997,13.933408513756858,True,267,0,ok,430b1ebcfed75a647457c03ef0737a36d0fe7d2635c68cf5bd321b37f27f4ea5
145,greedy5_Mul_node83_to_input0,63997,13.933408513756858,True,267,0,ok,11fc10bfd057f045a0b04eec2f1761ac105163d5d9ff31295faa36c535d0b686
145,greedy5_Mul_node83_to_input1,63997,13.933408513756858,True,267,0,ok,47a04e6d151c2e32bc16712e384878a36ce8135a80b98e21f3860257a108ef1b
145,greedy5_Mul_node86_to_input0,63997,13.933408513756858,True,267,0,ok,c05403e811fc1601e109a9448be12f75586a7a87b9581294dfca45b92f4c3a85
145,greedy5_Mul_node86_to_input1,63997,13.933408513756858,True,267,0,ok,83a459b02cc865cd1fb72713a54f603edd3149bbca67e5d54426b9269b4f6c96
145,greedy5_Mul_node89_to_input0,63997,13.933408513756858,True,267,0,ok,eabc1f03cbda82d9e5c19540a41e58606be7a8e2ec98768fc29de9f04267b44c
145,greedy5_Mul_node89_to_input1,63997,13.933408513756858,True,267,0,ok,045323b19481dff51bf81e2b7a54476c723a20442dee82ca2ec020079d4d51e7
145,greedy5_Mul_node91_to_input0,63997,13.933408513756858,True,267,0,ok,ceb28ca49df3c2ba893f3e8da2cae8814537a39d60077a0604d9849361ac2e61
145,greedy5_Mul_node91_to_input1,63997,13.933408513756858,True,267,0,ok,7fb2e8116a957f0495344f02cd937417fb8023086f7e58e6907425ef0c628df3
145,greedy5_Mul_node93_to_input0,63997,13.933408513756858,True,267,0,ok,c60f96f96bbbf6b35f9d3e5748870d88f816640490fd07467db5a0ecbc6cb49f
145,greedy5_Mul_node93_to_input1,63997,13.933408513756858,True,267,0,ok,95dc31776d1b7d508b15c6f5308ec99972c21bf4a5cf4c01c624edf39448d34e
145,greedy5_Mul_node95_to_input0,63997,13.933408513756858,True,267,0,ok,ed3fadb7dfb9adc98b1b5096a3b3bd336c03540a287fab36ee9aaf37f2e7a301
145,greedy5_Mul_node95_to_input1,63997,13.933408513756858,True,267,0,ok,a697b5db3b61502ec9c8d67f656603a364f0c1842b509d0245d46a5965b163b2
145,greedy5_Mul_node97_to_input0,63997,13.933408513756858,True,267,0,ok,89248381947b3885abd5d67311fac7bc530fdf8cfd36ef88afa172e13b706091
145,greedy5_Mul_node97_to_input1,63997,13.933408513756858,True,267,0,ok,8f5691f53697c50cad97009fd2422124123128f6ddfe4b44301d22a63e1f7434
145,greedy5_Mul_node99_to_input0,63997,13.933408513756858,True,267,0,ok,5c2f2f1912f421ca3f6fb3bf7a7b3777f4d119115633f016ee27c70d76290251
145,greedy5_Mul_node99_to_input1,63997,13.933408513756858,True,267,0,ok,b4b9ffe4e78192b5b46e142c9f84df51779df18d862d0abc08bbff4be15aef19
145,greedy5_Mul_node101_to_input0,63997,13.933408513756858,True,267,0,ok,a9d93913276c13c021291a041435d03715fb71838459376e60211efbc9812dc9
145,greedy5_Mul_node101_to_input1,63997,13.933408513756858,True,267,0,ok,5265c6c70f132b9b28e30ce3600b4256f2ca3793b9c7e9e5e753bd19e7288c31
145,greedy5_Mul_node103_to_input0,63997,13.933408513756858,True,267,0,ok,9b165863206891ce0d1121205589bec0d7c3ed141de74d40b97ac4f9cf298c22
145,greedy5_Mul_node103_to_input1,63997,13.933408513756858,True,267,0,ok,a0ff518ce63d557490dee03a055c8be0b6e0d1065838b732812758e58c25ee0b
145,greedy5_Mul_node105_to_input0,63997,13.933408513756858,True,267,0,ok,669d46186bee25f4b5fac332aa583b6d268129ff32558cb779bd4488be7efac3
145,greedy5_Mul_node107_to_input0,63997,13.933408513756858,True,267,0,ok,50c1d6893cc47470bf1eb1b957fe0124f79967e3d9dfdc83d87c6e6b0fd787ae
145,greedy5_Mul_node107_to_input1,63997,13.933408513756858,False,30,1,mismatch example 30,29e473f3fb83379122cf36e00b48f108f48e1d3d5593fd07c31d8bfc8bf569e8
145,greedy5_Mul_node109_to_input1,63997,13.933408513756858,False,29,1,mismatch example 29,7882a566c1840bf19e4f0a2f7cbff51ad681ed3d23e217f560e8546a2e269a1a
145,greedy5_Mul_node111_to_input1,63997,13.933408513756858,False,30,1,mismatch example 30,bbb7e513f38014c5c46655903213ce2b7162886e27563f0adfe3be08d624a2e1
145,greedy5_Mul_node115_to_input1,63997,13.933408513756858,False,37,1,mismatch example 37,ef3a6b55def833645de0cf6b5d881c40bfc944a0eb3ad3f6c6a94dfa60d02722
145,greedy5_Mul_node145_to_input1,63997,13.933408513756858,True,267,0,ok,87f3bb8d2220e700dfacfaf69a4498c8e5457cbc6ecccb8dca0b6e95d07add14
145,greedy5_Mul_node207_to_input0,63997,13.933408513756858,True,267,0,ok,d856932037ad06ee445aea450386c0e642b72124a0964b71d46407614fadc5db
145,greedy5_Mul_node210_to_input0,63997,13.933408513756858,True,267,0,ok,ab38a569222ec93ead0c6766f1570f591447fe4df657377ad02716bd3c7e7111
145,greedy5_Mul_node213_to_input0,63997,13.933408513756858,True,267,0,ok,b95c20362c7aa62bee6f866a5ad2539148ffc39bc128a938ade8da9f0b7d82c3
145,greedy5_Mul_node216_to_input0,63997,13.933408513756858,True,267,0,ok,643abe330a5abd5c59bf58dd5d5e1bae98ae9efbb90fe3d5eda4dc500298531d
145,greedy5_Mul_node219_to_input0,63997,13.933408513756858,True,267,0,ok,6f7dac6e76688c0a54875cdab192d8ed9c3d94ca4b4d88ae8ceed0491bf04ce7
145,greedy5_Mul_node222_to_input0,63997,13.933408513756858,True,267,0,ok,5c1c1a22773c0ba4bcac4bc539e85cf2bfd41f97e354be613824a87b6503197f
145,greedy5_Mul_node225_to_input0,63997,13.933408513756858,True,267,0,ok,8082ca0e724bbe979d08659c545b67f183d8f0454c416a68df97d74ae67821e5
145,greedy5_Mul_node228_to_input0,63997,13.933408513756858,True,267,0,ok,bdb3fb3bb6741312f5ff4bdf82f4ddd7ae36618764401cefd336b02a4e90beee
145,greedy5_Mul_node231_to_input0,63997,13.933408513756858,True,267,0,ok,81a442a971fa2de5b3e3fc2a19bcee46c25a80b9be9bdfaed9955f92414a2961
145,greedy5_Mul_node234_to_input0,63997,13.933408513756858,True,267,0,ok,cea647b30045217bcbd9c63926a4c2748c6d2de53c788b0f82afb83ef2f0b472
145,greedy5_Mul_node237_to_input0,63997,13.933408513756858,True,267,0,ok,1db806b3d1ab994d2221993f8934e933af2115e3ca68ee3ff1762630932eadce
145,greedy5_Mul_node239_to_input0,63997,13.933408513756858,True,267,0,ok,bebec5b1073360a3b0879b40e86fc4cca98c4f55853b9e8e5c3730fc0eb78a0d
145,greedy5_Mul_node241_to_input0,63997,13.933408513756858,True,267,0,ok,6f6f35d8166afe5a3f98012fae2da67ca88b11d37c5a355242844a17557b10f0
145,greedy5_Mul_node243_to_input0,63997,13.933408513756858,True,267,0,ok,349dbe94891fa75fc476c27596f563d03339cbd1c07b2739245d56c6bf036153
145,greedy5_Mul_node245_to_input0,63997,13.933408513756858,True,267,0,ok,1c6e7f7bc24631086a41a2913eee190b21f3fd744431bfe2c037466f7ca6afde
145,greedy5_Mul_node247_to_input0,63997,13.933408513756858,True,267,0,ok,f405752c3b1e42ad9f22c1bd33f23da42ee06a79448e5691e442a5b36b392b4f
145,greedy5_Mul_node249_to_input0,63997,13.933408513756858,True,267,0,ok,7d759614bdae9d60ae9d8a145110ced1f8fac544c6772dc6f6bc99a08dd3ae9c
145,greedy5_Mul_node251_to_input0,63997,13.933408513756858,True,267,0,ok,b48817ce2a7e3fc933582b7406c3a3cfdc6b71312a4c707e0ebc410edb14bca4
145,greedy5_Mul_node253_to_input0,63997,13.933408513756858,True,267,0,ok,e538cea87fe8309688fae9d4532bbdaa7b322b7f9b73727509744c5599fec23b
145,greedy5_Mul_node255_to_input0,63997,13.933408513756858,True,267,0,ok,74a618b3adb28730878cd0ed2ef28ad2557c7f931b0cbcfbf4006521406b4c27
145,greedy5_Mul_node257_to_input0,63997,13.933408513756858,False,63,1,mismatch example 63,2f953945bda9277118a99af4481bd1719b30070d9b586f86bbfe93b48dee8cfb
145,greedy6_Mul_node49_to_input1,63937,13.934346497473447,False,30,1,mismatch example 30,7d1c800102ad4b55fd0b385b00ebf2a67b7b9417d26116da019d9400a4ece806
145,greedy6_Mul_node55_to_input1,63937,13.934346497473447,False,30,1,mismatch example 30,2b179e5a35b3b8d9dd1a5c6d63c616c3e7965edb97afffcf5fe90a1c66ceae64
145,greedy6_Mul_node73_to_input0,63937,13.934346497473447,True,267,0,ok,e8985de528eff148d60d852d22eb13ebbec4a5316ff47b731571b34e2227e0bc
145,greedy6_Mul_node73_to_input1,63937,13.934346497473447,True,267,0,ok,de42fa6b4c100f13359412776ffd43b2055d9913601d5577183e57776142b81a
145,greedy6_Mul_node76_to_input0,63937,13.934346497473447,True,267,0,ok,55a5d7caa73347fb672f7607587fbd524c949ccbde066a743bedc0203a88f91e
145,greedy6_Mul_node76_to_input1,63937,13.934346497473447,True,267,0,ok,c06d646cbb661be1d268bfb755f649d8fe25c8dc5bceecf585e1a290569ace48
145,greedy6_Mul_node79_to_input0,63937,13.934346497473447,True,267,0,ok,c1892773b5bb5a546678da156dd3f5da7c423b8cc8345a70038d35dbf859c5c3
145,greedy6_Mul_node79_to_input1,63937,13.934346497473447,True,267,0,ok,dd05011dc07d3e4a73f1f7d5d6c640f80a407512b82b43ad243e6450709918a0
145,greedy6_Mul_node82_to_input0,63937,13.934346497473447,True,267,0,ok,bfd62c4ca3eeed78900cd8ebf3ca0852afb965f419b4abfc73a797e5e80b2e5d
145,greedy6_Mul_node82_to_input1,63937,13.934346497473447,True,267,0,ok,c823bf808dfa84b65cd58b705fbd5218422d1e2694278d7f06db9f463223a371
145,greedy6_Mul_node85_to_input0,63937,13.934346497473447,True,267,0,ok,6536d184ffa7dfef1db75118876f461468e271ae99d302dd4d7105f54608ed12
145,greedy6_Mul_node85_to_input1,63937,13.934346497473447,True,267,0,ok,54efe865f73aec38097d9cfa80a17a708875c2781ed02118e5b2f7596952773c
145,greedy6_Mul_node88_to_input0,63937,13.934346497473447,True,267,0,ok,8a0a61a2271320ae827d7ef83f9bc3e3e532f3d8d6e67d8dd69e2ebd00aa5ce6
145,greedy6_Mul_node88_to_input1,63937,13.934346497473447,True,267,0,ok,9ecb62c0ccaf1db7afa94f4446a5598f8eff3c87906d8182efb290ca3892ac39
145,greedy6_Mul_node90_to_input0,63937,13.934346497473447,True,267,0,ok,811d23ba4b8535e19fbff9265eb5e6fc388fe9fffb08b078419f780e27bf2868
145,greedy6_Mul_node90_to_input1,63937,13.934346497473447,True,267,0,ok,49b684942b056a6851afd311eacb5ad365e6a7435ec250bca833541c0df71180
145,greedy6_Mul_node92_to_input0,63937,13.934346497473447,True,267,0,ok,091d740cd3c56634d6011ff174bff138cdf52e0805a9ec5ac673fc613084bd2a
145,greedy6_Mul_node92_to_input1,63937,13.934346497473447,True,267,0,ok,f6d3d69c672f0d2b1f4d56b7b42e300165fd9bf810f7d6ae030876016c31c868
145,greedy6_Mul_node94_to_input0,63937,13.934346497473447,True,267,0,ok,688df58b713ba01c2f959d63ecb778ec12428eef9edafddb24ead66b2b3a8adf
145,greedy6_Mul_node94_to_input1,63937,13.934346497473447,True,267,0,ok,aae6a5ab632b550c1015625c7635df37db22b46c6bb07e9d762887ad1bd50418
145,greedy6_Mul_node96_to_input0,63937,13.934346497473447,True,267,0,ok,03b74682e3aa7c69a2b29c196b17ccde7dc49df7899dcefd85cc0078a785998d
145,greedy6_Mul_node96_to_input1,63937,13.934346497473447,True,267,0,ok,c82f0332bff605407b4195df565f5a012889a2424159fa1f1129a94eb05d339e
145,greedy6_Mul_node98_to_input0,63937,13.934346497473447,True,267,0,ok,b79500929c009bdc516d0455ec226d79337322d452268f078a61abe8648a9fbc
145,greedy6_Mul_node98_to_input1,63937,13.934346497473447,True,267,0,ok,89c476c6e5e1a11faacaf0f1653fae6cdb654bbaf762d8f98a0261c8a80a9399
145,greedy6_Mul_node100_to_input0,63937,13.934346497473447,True,267,0,ok,bc17dd509a20fd3faab621ddb24308aef0c4fa2583b4b3f9e904dd1d73bfab98
145,greedy6_Mul_node100_to_input1,63937,13.934346497473447,True,267,0,ok,03f592462872292687c5e801dc934000ba852613f99511e32c09c810748b8121
145,greedy6_Mul_node102_to_input0,63937,13.934346497473447,True,267,0,ok,b462d50e49de341d2bbc5a6d046c7872c68c5e6328d188ef956c72e75b3addf5
145,greedy6_Mul_node102_to_input1,63937,13.934346497473447,True,267,0,ok,7b958643548da35001d0b3ad3de8745d63a710774245c0a69a2dc51926b516f2
145,greedy6_Mul_node104_to_input0,63937,13.934346497473447,True,267,0,ok,9cb5f445e4ca4997c94a579e36c22d7f01044be1998d024b77de10dcbe9ce66d
145,greedy6_Mul_node106_to_input0,63937,13.934346497473447,True,267,0,ok,2fa789d72b11f26f5e56bf756532bba22e4db78127610a2c812977834862d903
145,greedy6_Mul_node106_to_input1,63937,13.934346497473447,False,30,1,mismatch example 30,4466f7f3b30b0131e89149b032d0a7bf64c7b790fb69e943627ab8c78e2c5ef8
145,greedy6_Mul_node108_to_input1,63937,13.934346497473447,False,29,1,mismatch example 29,3bb57d2848faab1b33622e01346c42bcd19efbe059c3d183e236c8b4fe06b162
145,greedy6_Mul_node110_to_input1,63937,13.934346497473447,False,30,1,mismatch example 30,2ef4c14473bec5ea5fac276cfb8ece91bcf2753879954ee5f84e8c43c9c9cfed
145,greedy6_Mul_node114_to_input1,63937,13.934346497473447,False,37,1,mismatch example 37,59ba506ee780540f89e7c039ee8a738eb6c42f38156054a3419ebf433baced74
145,greedy6_Mul_node144_to_input1,63937,13.934346497473447,True,267,0,ok,0da76418a3259241703f654b4559a8067c8771a976d92871b013cafc3a6d5357
145,greedy6_Mul_node206_to_input0,63937,13.934346497473447,True,267,0,ok,a95e92cbcc545e9f01035b14cd04014469cab37031d3b141c28e3a122ce6d435
145,greedy6_Mul_node209_to_input0,63937,13.934346497473447,True,267,0,ok,e72acd21b2252e5da6426c50eb8351a811980309614099723e2c72318917a396
145,greedy6_Mul_node212_to_input0,63937,13.934346497473447,True,267,0,ok,5d873cff48186f88b3e21fd3c7d3fa499322e494d4ed9e7a10e4055fb94b3bad
145,greedy6_Mul_node215_to_input0,63937,13.934346497473447,True,267,0,ok,72e1ba16df054038adea6a72d47159c8f6c64855fc9ee16cfecee1d30793dda2
145,greedy6_Mul_node218_to_input0,63937,13.934346497473447,True,267,0,ok,2385755380298e7937d1e7471a13b24c50bb08a724e2f2963d635fa0160d3fa6
145,greedy6_Mul_node221_to_input0,63937,13.934346497473447,True,267,0,ok,131a7b60abe75398beb6ad7a7874b7408f0a13d4c3710f779d7dea87e444c192
145,greedy6_Mul_node224_to_input0,63937,13.934346497473447,True,267,0,ok,ab6aa61d5f0ee973b5fcc6b1d9731266886b1dab70d1b596f029df3a097d6252
145,greedy6_Mul_node227_to_input0,63937,13.934346497473447,True,267,0,ok,dfc66a32c366e44af0082c68d061678671666538ac32e07a1bb2d3eed536814e
145,greedy6_Mul_node230_to_input0,63937,13.934346497473447,True,267,0,ok,4f0607b5a184660cdf4ee8dc8945f112fab4e17d6eaadacff61f98e187afa2f9
145,greedy6_Mul_node233_to_input0,63937,13.934346497473447,True,267,0,ok,c60e5a691e6126faba199a5b9a6b94b69ec9938767f4e51833afb9826515a127
145,greedy6_Mul_node236_to_input0,63937,13.934346497473447,True,267,0,ok,9021c4fcca72d2406056a6a31a19f102199bca72394c251e8b6d10ea14f29156
145,greedy6_Mul_node238_to_input0,63937,13.934346497473447,True,267,0,ok,06d7ce18c7b30cf48e9e7533c6edffb2dc1fea45f1ef03459c55c703589293da
145,greedy6_Mul_node240_to_input0,63937,13.934346497473447,True,267,0,ok,ead76290bbc9068d4a562acf0079f507339d7f98ccc7c603e5e5e9c6043ba944
145,greedy6_Mul_node242_to_input0,63937,13.934346497473447,True,267,0,ok,7f93cc4cd117cafd508bc3c170f3055b6e02ff7cbf143168872ddbb8270c9f75
145,greedy6_Mul_node244_to_input0,63937,13.934346497473447,True,267,0,ok,6d75bd7d0f7a1eca8d56c55adc96c1adc6cbb272e9d58cf3b9e2c51ebd745593
145,greedy6_Mul_node246_to_input0,63937,13.934346497473447,True,267,0,ok,03f518f32be920093dad35960048851b910851a1df1a69b28eab45347b5598c7
145,greedy6_Mul_node248_to_input0,63937,13.934346497473447,True,267,0,ok,a5847b69d784c5fded9c1e8c6753483e0c50795362592870ad43e050cbcb4a9c
145,greedy6_Mul_node250_to_input0,63937,13.934346497473447,True,267,0,ok,2405618e5887487b896e37a389ce029d828008bb67725d1868709543d02acf77
145,greedy6_Mul_node252_to_input0,63937,13.934346497473447,True,267,0,ok,3cd1842fabba3232cc68ddae1b2539c68df23f4e2f00353963f0502cce9dbba0
145,greedy6_Mul_node254_to_input0,63937,13.934346497473447,True,267,0,ok,3ccdb6f204ccc8e967644739518600ef2d3488ea10a472fa50c11758b49841e5
145,greedy6_Mul_node256_to_input0,63937,13.934346497473447,False,63,1,mismatch example 63,ce723c3b629764da00f64412c9cd1e713b4f7e9ede5390913c4c10a22ab4302e
145,greedy7_Mul_node49_to_input1,63877,13.93528536182958,False,30,1,mismatch example 30,1a09d03c3482ad66b20c6b9720f06bb45227ebb3617e624ade6034a0aa8213e7
145,greedy7_Mul_node55_to_input1,63877,13.93528536182958,False,30,1,mismatch example 30,439aa4863d653a5f6d91dbed6b8750cc84757f2ea0a85cb1264959f74b2d627d
145,greedy7_Mul_node75_to_input0,63877,13.93528536182958,True,267,0,ok,4387e3f72d9962b717b58d3f608320d039a2b72455d8a8126680bdc16460a374
145,greedy7_Mul_node75_to_input1,63877,13.93528536182958,True,267,0,ok,82bdf31756bb1f8b306e2093f2f91069371ba79dcf4fe8d246842096c05dd7af
145,greedy7_Mul_node78_to_input0,63877,13.93528536182958,True,267,0,ok,d606f4d914690b484473e28b9247a40ba80ceae7a245c07019d57cc80a68b919
145,greedy7_Mul_node78_to_input1,63877,13.93528536182958,True,267,0,ok,0209b67c7c4f1ec140191ed728e306ea8679ba6450a7ac3b9e8bcde7d34769a5
145,greedy7_Mul_node81_to_input0,63877,13.93528536182958,True,267,0,ok,4d474690ed544689d0ac653c4b2486d24ea5fe66fcdce881eae6fded263ec425
145,greedy7_Mul_node81_to_input1,63877,13.93528536182958,True,267,0,ok,10b13a2f02fa0c640ad5b1e10887c175794cf67c6884eebdc3a01ebef1b4e5ab
145,greedy7_Mul_node84_to_input0,63877,13.93528536182958,True,267,0,ok,305ceeaa94d2e8b7b1a70196c5acd6dcb21840c5912ec5979d8776ac497de569
145,greedy7_Mul_node84_to_input1,63877,13.93528536182958,True,267,0,ok,9bffa52a4070ea6fe55e0938191861ef30aff7718a756588605f2e17952ff472
145,greedy7_Mul_node87_to_input0,63877,13.93528536182958,True,267,0,ok,5576aee8ce24aac00773a0321178692a7391bf147474428a3bb45006441be042
145,greedy7_Mul_node87_to_input1,63877,13.93528536182958,True,267,0,ok,9d3028b12849f72cf742af4791a7df71f7d994a185317ff9079b8f5e218fd916
145,greedy7_Mul_node89_to_input0,63877,13.93528536182958,True,267,0,ok,a006c6d3367539d840f03c1a09d4dbd790790336629acd8896767f89caac60c4
145,greedy7_Mul_node89_to_input1,63877,13.93528536182958,True,267,0,ok,781bc8b0f0fb43744f247af7103cc7001344f5c954099f3b45882e7fda5a9ff5
145,greedy7_Mul_node91_to_input0,63877,13.93528536182958,True,267,0,ok,968f6fbc2e94c0e5405ee385c423957e8590a25087dea9c8f88876b1c562cc9a
145,greedy7_Mul_node91_to_input1,63877,13.93528536182958,True,267,0,ok,895158b0b932b3e81cb1e817d8ae12ab2c0603650e7730046d43d30089bd899d
145,greedy7_Mul_node93_to_input0,63877,13.93528536182958,True,267,0,ok,f947ce7a00562c825ba30702a8e63bc88d4cb195250feda00873e56427c0f57d
145,greedy7_Mul_node93_to_input1,63877,13.93528536182958,True,267,0,ok,831271f132078a9355ac35b80beb38220d040697e2c54c8b697a1d0236af8dea
145,greedy7_Mul_node95_to_input0,63877,13.93528536182958,True,267,0,ok,b96386e234a4c18ba5893721b53eb4524db039c5a4014719bb8f236bb8ba4383
145,greedy7_Mul_node95_to_input1,63877,13.93528536182958,True,267,0,ok,a50d2f18a6e91e7d42a14238a3d01dbba145f485ef465effb84c2822d5fbbd75
145,greedy7_Mul_node97_to_input0,63877,13.93528536182958,True,267,0,ok,a1e52a3416942426fc2f427b345679e9fd9139a98ca25177c834e470c1b1400b
145,greedy7_Mul_node97_to_input1,63877,13.93528536182958,True,267,0,ok,4107f231e1da7ade884805d918b9eecabdac66408d9b2437ee43dac288fe820e
145,greedy7_Mul_node99_to_input0,63877,13.93528536182958,True,267,0,ok,34c5545beb255e83657219782bde259d87e65afa9d6a789896283123370b18c2
145,greedy7_Mul_node99_to_input1,63877,13.93528536182958,True,267,0,ok,2bc6f9a53826155a7292cf246f7c84088389804da2104c78589b405c7f608242
145,greedy7_Mul_node101_to_input0,63877,13.93528536182958,True,267,0,ok,3e5d22677a45d3a289399460eaaccf67c7b0c600f177b93ff5d59eecaea3ead4
145,greedy7_Mul_node101_to_input1,63877,13.93528536182958,True,267,0,ok,55e39a2ffb533da60025f35675d8853076716f8d0882a8b840bfff102382b511
145,greedy7_Mul_node103_to_input0,63877,13.93528536182958,True,267,0,ok,9ca11a2cb41bae88686104bd678b38cd66b8efe605a48d07e1d35853ae35c1d7
145,greedy7_Mul_node105_to_input0,63877,13.93528536182958,True,267,0,ok,0961fa2f8520dbf86719fb781a4e2848c76348cf2bc2f6b4098639c37d34d5b0
145,greedy7_Mul_node105_to_input1,63877,13.93528536182958,False,30,1,mismatch example 30,83e6cee667002e893f62c3df52d1825d743f2a822e435ec5202351dd45dab277
145,greedy7_Mul_node107_to_input1,63877,13.93528536182958,False,29,1,mismatch example 29,f0632356bf35d8cd4a170d7b01ffc8ad79500acea99c07cc3882e5a372d83d42
145,greedy7_Mul_node109_to_input1,63877,13.93528536182958,False,30,1,mismatch example 30,9779eacff5aab38d2e0e9cb938964579feabd144117a5f94d52c47f0bf9c574b
145,greedy7_Mul_node113_to_input1,63877,13.93528536182958,False,37,1,mismatch example 37,e4f392fb2b5f83c81a67c96f59a8a0b44d6a18ede0eae8fb991524ba9458463f
145,greedy7_Mul_node143_to_input1,63877,13.93528536182958,True,267,0,ok,457dde6a97a6c59d5707ad091e7dca2f9d015dcaa5ab2423c1f8855b74e8eb91
145,greedy7_Mul_node205_to_input0,63877,13.93528536182958,True,267,0,ok,884fb70dd523fb352b46a6abfdac3207469808effe3eb961fb792e2f436049c1
145,greedy7_Mul_node208_to_input0,63877,13.93528536182958,True,267,0,ok,998ebdf09b1cc4fb31ecc3fdb7713d7d7f5a3a7ae103857286b15b8611c7ac11
145,greedy7_Mul_node211_to_input0,63877,13.93528536182958,True,267,0,ok,69b6271e5a664cbcaf22324a601bf274e90f57bdc35f4b078a28cb288d12ea78
145,greedy7_Mul_node214_to_input0,63877,13.93528536182958,True,267,0,ok,6f56042f316f592acb0d66f248ba83d0bff3b0a6df207741d882953350edfab0
145,greedy7_Mul_node217_to_input0,63877,13.93528536182958,True,267,0,ok,9c6d518a4a8171c11e4ce31aaf101a811021b88dd9bc19d2a7403abdd66a4f06
145,greedy7_Mul_node220_to_input0,63877,13.93528536182958,True,267,0,ok,b40756d9143cc5aaf27b32f86b48bd195c416151e68a3768ebb317d5fc26bf27
145,greedy7_Mul_node223_to_input0,63877,13.93528536182958,True,267,0,ok,5ce29c32bc72a93a0542ec2aa526cb571dbbeb6b7c2f7d5ea7c5a769759365f8
145,greedy7_Mul_node226_to_input0,63877,13.93528536182958,True,267,0,ok,039eaf7eb37d74b8609b41c2cfc8c54129597fd8db29ddc0f40dd2c47efef6ed
145,greedy7_Mul_node229_to_input0,63877,13.93528536182958,True,267,0,ok,abead444e887c109ae39881e18bc82e383958ca3a014e62166e05290635d89ff
145,greedy7_Mul_node232_to_input0,63877,13.93528536182958,True,267,0,ok,e125d489a58865f4e9a64bc6241d6befbf434315b47a53f5b9c726f12062f5b4
145,greedy7_Mul_node235_to_input0,63877,13.93528536182958,True,267,0,ok,525ca5a54120649d175a9cc18ee96b30829becb482fdf09e43eee14ae85d3977
145,greedy7_Mul_node237_to_input0,63877,13.93528536182958,True,267,0,ok,7a58d5b723fe8ddefed2aaa25a985d4d8748a6f993480baea68a70bac2b4d4e6
145,greedy7_Mul_node239_to_input0,63877,13.93528536182958,True,267,0,ok,a23f39b37b37185f574dbbf4892e4cfa98b338a8c08bb5cdeecb86fb4eec5b7b
145,greedy7_Mul_node241_to_input0,63877,13.93528536182958,True,267,0,ok,1eb817d0c94aa01af6cd57edc47cffe7513c5f893f2491ec617c7f520e2545d1
145,greedy7_Mul_node243_to_input0,63877,13.93528536182958,True,267,0,ok,b64c400a6cfc7288acb2ce9ecdccc5bc366952157be4777b2843b0e985054cb0
145,greedy7_Mul_node245_to_input0,63877,13.93528536182958,True,267,0,ok,e064a87b8aff86e8ccc61d32669337ef1289ec7b2f61acdc949ac07219bd5970
145,greedy7_Mul_node247_to_input0,63877,13.93528536182958,True,267,0,ok,a1cded13a556d1e0efd226d9915c40a22fa3e3f1447c81f9fda59e539b3f18d9
145,greedy7_Mul_node249_to_input0,63877,13.93528536182958,True,267,0,ok,a8aed65f6530d7dde741135bfc93c99d470d2f531f8bbe808ea7b637be242720
145,greedy7_Mul_node251_to_input0,63877,13.93528536182958,True,267,0,ok,cfbcda3dddf46fcfa571ba9897b0d6a35683dd32edc3da314830d48952604166
145,greedy7_Mul_node253_to_input0,63877,13.93528536182958,True,267,0,ok,f97238e3749eaf2b1b46bae8940261216b988fb06f2527da98026c9c61d3c26a
145,greedy7_Mul_node255_to_input0,63877,13.93528536182958,False,63,1,mismatch example 63,6cad6329a074c0a4a3879ea79fd37a5c037bff9e59eb723bfe5378a2a30689fc
145,greedy8_Mul_node49_to_input1,63817,13.93622510848041,False,30,1,mismatch example 30,faa543359331158f5ad5b45e80b814c345692c2b55c375a1510688c7d4a9d7a7
145,greedy8_Mul_node55_to_input1,63817,13.93622510848041,False,30,1,mismatch example 30,a22ca7e5c20f2ff90a3b7d92769cfdf237076ebed97eb68f94340e48f9ab1a99
145,greedy8_Mul_node77_to_input0,63817,13.93622510848041,True,267,0,ok,2d3e768fc0a8d79563bbb63e609b9f053173f99528f57ab83bc42bc9a251567d
145,greedy8_Mul_node77_to_input1,63817,13.93622510848041,True,267,0,ok,85274452b96eb53f72b5271756205931957a845a7fd8aec0176b8522908c2af8
145,greedy8_Mul_node80_to_input0,63817,13.93622510848041,True,267,0,ok,4f9c68ba87375e6f3f25ef246705557ddb9ebe4a4f0091631f3ed0c8d1c1b7d0
145,greedy8_Mul_node80_to_input1,63817,13.93622510848041,True,267,0,ok,8627c676d4b37fe26705d9cdcaa34917dc357c27dcc037d35a547d9ec53c19c2
145,greedy8_Mul_node83_to_input0,63817,13.93622510848041,True,267,0,ok,5f8324411ddf7f25a98860db2894f991e775ab5a351c4ad4d5429c37a8651dca
145,greedy8_Mul_node83_to_input1,63817,13.93622510848041,True,267,0,ok,e6bf6aad94174d394ec552e15c232e7d1f7fd4208580a538aa2aaa83645d6017
145,greedy8_Mul_node86_to_input0,63817,13.93622510848041,True,267,0,ok,fdc9c4280f8b3ab2bfab88b5a4c822213b0eb478c39367e6e7f8c541b901cb0f
145,greedy8_Mul_node86_to_input1,63817,13.93622510848041,True,267,0,ok,b55c39239e0d910b59fca74623a50ca1647f866f4f8104cef1861134d6c0cca5
145,greedy8_Mul_node88_to_input0,63817,13.93622510848041,True,267,0,ok,7d207301d1cdaa0cdb1e0dd4dea35e03e49cd0373fa4d182fd08d56be88ae64e
145,greedy8_Mul_node88_to_input1,63817,13.93622510848041,True,267,0,ok,b1ad1d812b3c2e962573b5301ee748bbd73dd6ff228a71a4eef02f66529e11a4
145,greedy8_Mul_node90_to_input0,63817,13.93622510848041,True,267,0,ok,2367993cc83405da70a41c400d607058ada74ae2120d529bcbd61599ed7a4499
145,greedy8_Mul_node90_to_input1,63817,13.93622510848041,True,267,0,ok,b2549c55ee1fc99bbf0b58f55ac1ad0a1025be9071dbfffc3ced09d4ba85c7a0
145,greedy8_Mul_node92_to_input0,63817,13.93622510848041,True,267,0,ok,d0eb754bf092d39246db3ee20e6ddb7bacf8d937d842de3c718854ba348fdc80
145,greedy8_Mul_node92_to_input1,63817,13.93622510848041,True,267,0,ok,1c8754021fbaea0620101df730bd5206b70783513acb94d7dd10033160adc668
145,greedy8_Mul_node94_to_input0,63817,13.93622510848041,True,267,0,ok,bc04e368d8253afdc042b899b485c48ea57c6dc58d9a2abd82a0528daf6206ef
145,greedy8_Mul_node94_to_input1,63817,13.93622510848041,True,267,0,ok,22874184963e08c522145be9591aa16ba4f5898f2d3fa3dbb83706ea00343a78
145,greedy8_Mul_node96_to_input0,63817,13.93622510848041,True,267,0,ok,6147271f7892b11be3e8a42c5136d2d2d64c161d3f0b5992481a28894333c27a
145,greedy8_Mul_node96_to_input1,63817,13.93622510848041,True,267,0,ok,1035adb9919cbc06ec4e4a5f4882e85282865a2faca01f0af52a4cb142b11380
145,greedy8_Mul_node98_to_input0,63817,13.93622510848041,True,267,0,ok,29d30ff2f16d41920a974d642ae2b0c782207d818ab673bdb9823b77e629e180
145,greedy8_Mul_node98_to_input1,63817,13.93622510848041,True,267,0,ok,6c43a84c2e41d6d2e5a4f7a4ba0fd06c63fa06be1071f35be72b087e59f2e866
145,greedy8_Mul_node100_to_input0,63817,13.93622510848041,True,267,0,ok,4a8760b3c0aaca3cf0c622a799687aadc9c2213c30e1c150250fc4ff0d2d0082
145,greedy8_Mul_node100_to_input1,63817,13.93622510848041,True,267,0,ok,66b33c80bd558c3e642c32fdbd1200eeb44638de8e70447ab5fd8517878196e4
145,greedy8_Mul_node102_to_input0,63817,13.93622510848041,True,267,0,ok,550fbf401ecb4d1dc08443b38394e3ab08a33e003739d78ef8b15917d4f1ad76
145,greedy8_Mul_node104_to_input0,63817,13.93622510848041,True,267,0,ok,985c5b855e85da390c9f9c643d98c4bbd30632f105db35731261fc5883f3a7cc
145,greedy8_Mul_node104_to_input1,63817,13.93622510848041,False,30,1,mismatch example 30,2a9bdb70959c36249b2362cbd813a539e4ea427d2fb7c653880d615976270fa9
145,greedy8_Mul_node106_to_input1,63817,13.93622510848041,False,29,1,mismatch example 29,be6b480c3cc081bca454644c3c8a2e8cf0a43efd8b840f115d02a91c9fbca41d
145,greedy8_Mul_node108_to_input1,63817,13.93622510848041,False,30,1,mismatch example 30,b41d992c466455a22acf0957780ccbf418d336a48e11d663c9028c922be4d575
145,greedy8_Mul_node112_to_input1,63817,13.93622510848041,False,37,1,mismatch example 37,3e1dc3170e9051cf55692e7a99c56c74a3b022457127f541a067f61e0764cd76
145,greedy8_Mul_node142_to_input1,63817,13.93622510848041,True,267,0,ok,69e19143757f7c00fc980ed4aa3fe08212a13cdef422cc0b67df4a60125af6be
145,greedy8_Mul_node204_to_input0,63817,13.93622510848041,True,267,0,ok,04154e1132a055e6ef768c7ad907e0e1c6c6bb5bb0fea3cb721deb5552840549
145,greedy8_Mul_node207_to_input0,63817,13.93622510848041,True,267,0,ok,43bcb31e97e1052f7b4476b7d68deeafa6036608aaac60d37177579154a0b53a
145,greedy8_Mul_node210_to_input0,63817,13.93622510848041,True,267,0,ok,d3f3a2ed70d5bcb93c68676628154f18b86b44208ba158a121403306cd586892
145,greedy8_Mul_node213_to_input0,63817,13.93622510848041,True,267,0,ok,18e296556ac572132d69adfc77703ce8d426b2ef30cdbeffe5673da27c593946
145,greedy8_Mul_node216_to_input0,63817,13.93622510848041,True,267,0,ok,efe368580d03cf0250b94d4f292ed1cee4a6623b1354a45f9f9f69334a82dc5c
145,greedy8_Mul_node219_to_input0,63817,13.93622510848041,True,267,0,ok,a2679b20e4775a3bc00c5c5e3af01d6cf10ae7594d081f55dc12473ec16cb8bc
145,greedy8_Mul_node222_to_input0,63817,13.93622510848041,True,267,0,ok,987210537603c0187d2d7edd79a5c2b45c7b9eea005425c7c97000d74b504060
145,greedy8_Mul_node225_to_input0,63817,13.93622510848041,True,267,0,ok,12185a5cdba3990e7e4679a027efd3501ea16d2c6ff04853dd74a1acd42dc6be
145,greedy8_Mul_node228_to_input0,63817,13.93622510848041,True,267,0,ok,be590f123665159855e4fda1dd33152ac40fbd5306c8504a9aef4df7947ec669
145,greedy8_Mul_node231_to_input0,63817,13.93622510848041,True,267,0,ok,a622f969388f08d6b7fef4169e0cb855ed4cd58d01376c8708d1600fa968d9cf
145,greedy8_Mul_node234_to_input0,63817,13.93622510848041,True,267,0,ok,5a7ae1b25ad91a62340e17eadfbab39aea6aa882e7ce39f3aabbd5305feaf56b
145,greedy8_Mul_node236_to_input0,63817,13.93622510848041,True,267,0,ok,4807c1d6f11997adeddcd37bd78ec9c3a5e6421b0c84da9e49985ea434977511
145,greedy8_Mul_node238_to_input0,63817,13.93622510848041,True,267,0,ok,6ae0d3f2e3ebc42d1c2205d9436b6a53c323884fc110c3a902a3800f80acbc9e
145,greedy8_Mul_node240_to_input0,63817,13.93622510848041,True,267,0,ok,9a927fb4ef9cd12b325f2c2db279ab6140b983ba14aefbe4624055596f6b7c6a
145,greedy8_Mul_node242_to_input0,63817,13.93622510848041,True,267,0,ok,2ad0a69d4e58edd3f8e1b786afd5b714bbf7a2428b6a74951bb6372f7c1f0291
145,greedy8_Mul_node244_to_input0,63817,13.93622510848041,True,267,0,ok,6c9eee7a352a425b9d5dc44f983c55672bbf1143fd20432ea3800ddace34ac49
145,greedy8_Mul_node246_to_input0,63817,13.93622510848041,True,267,0,ok,fa24b9b9f1e56cca6e7ff5b09387f65b97f815c7a48954c308b6b716a66b618a
145,greedy8_Mul_node248_to_input0,63817,13.93622510848041,True,267,0,ok,2311a3a0d55715e9f760ad1fbc368522e1393ee5fea56e7766172c622271be68
145,greedy8_Mul_node250_to_input0,63817,13.93622510848041,True,267,0,ok,9f7901e576892150dbfae4742cd23098edd98e8373efc9c0be951b1e9774759b
145,greedy8_Mul_node252_to_input0,63817,13.93622510848041,True,267,0,ok,efa085004247f0f14aa6a52fb9cb30b2a2e09c30de22bcd602c54339cf1f00f3
145,greedy8_Mul_node254_to_input0,63817,13.93622510848041,False,63,1,mismatch example 63,627297e243bc84def04ab1a613913b83a601a6d47119e34aa9aac2a6d3994549
255,greedy1_Reshape_node14_to_input0,68983,13.85838462358795,True,265,0,ok,0381a21597f05412dfc3015c092e8f00575af370e2c979397fcf6cd1ef895f13
255,greedy1_Reshape_node16_to_input0,68983,13.85838462358795,True,265,0,ok,7c8a3e778ebaddb27986e4e1370b0b598781b101a8a52d3ed6bf335407df6635
255,greedy1_Reshape_node18_to_input0,68983,13.85838462358795,True,265,0,ok,1ac7b86b5083912edb2ced885572c11c78cb2c1d29bead3eaf934c97b0eab0b1
255,greedy1_Reshape_node20_to_input0,68983,13.85838462358795,True,265,0,ok,4f11e19e5e9b19788103e2908eb36cceed4d18683dd2fc643ae818153a612685
255,greedy1_Reshape_node22_to_input0,68983,13.85838462358795,True,265,0,ok,4fd07476bbeac409b4ce9133ea65335e2cd61cbd3aa225c64e59089ec6ef7ad1
255,greedy1_Reshape_node24_to_input0,68983,13.85838462358795,True,265,0,ok,cc00fcea29c7b019b5f6d0b21388d6dfd82b561c434b50e8820bffe85b2014c6
255,greedy1_Reshape_node26_to_input0,68983,13.85838462358795,True,265,0,ok,707c8e0ef29e90f1034a91d6c2985db7b7577472ed10d98dd5625ed652f21be3
255,greedy1_Reshape_node28_to_input0,68983,13.85838462358795,True,265,0,ok,eadc873b47e2a1696b5a00bc8c4b9c6f7976d55769fd9a1560d15db4fcf3b9dd
255,greedy1_Reshape_node30_to_input0,68983,13.85838462358795,True,265,0,ok,f1cd4cfa9487fc770a4b9b3f1ceaa61ec9399d4310df258e2213358d209dee53
255,greedy1_Reshape_node32_to_input0,68983,13.85838462358795,True,265,0,ok,161eaac11999396bef54aa44b78be6abe8ed266212d5c218f135b7891be7e242
255,greedy1_Reshape_node34_to_input0,68983,13.85838462358795,True,265,0,ok,0c632db732ae52f7f968542dab5836e7c23c693d2ad9eaef2ca81283b24356c6
255,greedy1_Reshape_node36_to_input0,68983,13.85838462358795,True,265,0,ok,62e9da541a6e6207315fbdde363c19ae313073a8f00910bd15ec8e8252e201f5
255,greedy1_Reshape_node38_to_input0,68983,13.85838462358795,True,265,0,ok,74ff0da28f0963b7e3990d4e006e266c1650c3640e7fa6cf0b5a0f5a91c1eeca
255,greedy1_Reshape_node40_to_input0,68983,13.85838462358795,True,265,0,ok,bdf6fca43f509b52bbe39f77b1d975fdc62f1ddf06f1ac4022b5b11e50745255
255,greedy1_Reshape_node42_to_input0,68983,13.85838462358795,True,265,0,ok,1f1202f9bebfc403ad6bdab5964cd97bfedc5b957f17d27ff29db4a9d64c5caa
255,greedy1_Reshape_node44_to_input0,68983,13.85838462358795,True,265,0,ok,b33df8a4066bb0d55d8fb5f74cc2b76d71c82f54b02784fd971c59fbf093dae9
255,greedy1_Reshape_node46_to_input0,68983,13.85838462358795,True,265,0,ok,60de32fe6bcb149a765a578a333e5f6174445660bf25c17969b9aeb883f29ac4
255,greedy2_Reshape_node15_to_input0,68979,13.85844261056989,True,265,0,ok,26ebcb620851220a0db1e30f81471738d67331b6adde1fb19fdebce46b5c7169
255,greedy2_Reshape_node17_to_input0,68979,13.85844261056989,True,265,0,ok,e700cbc13dd2b69ea5be363c2a47e7b938a2a5f80c7ee75289b2ce3871162b14
255,greedy2_Reshape_node19_to_input0,68979,13.85844261056989,True,265,0,ok,fe0b327b459b06788aafada699d430bce91cb8bb793870381836f32c6513fb6a
255,greedy2_Reshape_node21_to_input0,68979,13.85844261056989,True,265,0,ok,67e3fd4f92930f58a07c2bbf324d9566e8baef7b7299514b8498dda4aa98364b
255,greedy2_Reshape_node23_to_input0,68979,13.85844261056989,True,265,0,ok,ac282dc2ed1c8122210a48d727c647bfe284d5894ff0de90b60d05a1f5d65f0c
255,greedy2_Reshape_node25_to_input0,68979,13.85844261056989,True,265,0,ok,597fc5fb35f970e6d6ee359dd0fedde9ace19f47e0d84bf5a05a68da22cbdef8
255,greedy2_Reshape_node27_to_input0,68979,13.85844261056989,True,265,0,ok,1e5bf621ceef25397ae08bb982e03e8c58deb8c4d6e3804183bf1f84f5c8741d
255,greedy2_Reshape_node29_to_input0,68979,13.85844261056989,True,265,0,ok,8ff18c1f71500cd4ad837da5d25c4728e7f7515c543921a8870dd3e810bba02b
255,greedy2_Reshape_node31_to_input0,68979,13.85844261056989,True,265,0,ok,441c0a9828c574dd8cc1c1bc5ac408b9f8881862ee3dc983db46632626dd3120
255,greedy2_Reshape_node33_to_input0,68979,13.85844261056989,True,265,0,ok,6f6e81c1543c697eefb3b668ef1352f3a7953a7624651766b2775e590f58fbe2
255,greedy2_Reshape_node35_to_input0,68979,13.85844261056989,True,265,0,ok,5945bdda7bb605a6b10888ef9abf6b4f80dabe9c73b3a04767e04dff7ec75ed6
255,greedy2_Reshape_node37_to_input0,68979,13.85844261056989,True,265,0,ok,abe5b09345a17667b1993b4f82405eb3092f67485345da48247d4a2aaba570ee
255,greedy2_Reshape_node39_to_input0,68979,13.85844261056989,True,265,0,ok,096dc5ca22582393d1b08be4e1751906f7784ac2f4c0de7e82759bb33fae389e
255,greedy2_Reshape_node41_to_input0,68979,13.85844261056989,True,265,0,ok,89ad39ad4260ff35895642e1fbbb70a36dc36cfb625645bfe0bf8db58c12d798
255,greedy2_Reshape_node43_to_input0,68979,13.85844261056989,True,265,0,ok,eeae3b4d7ab7179ac5d20e5ad4ed1b198d6e0d03448fa895ae41886bc1da0a2e
255,greedy2_Reshape_node45_to_input0,68979,13.85844261056989,True,265,0,ok,a2056bb710d5749fb542ac78ac21585fc5404eb5ef886423946842059ba76c36
255,greedy3_Reshape_node16_to_input0,68975,13.858500600914514,True,265,0,ok,17583fe1c28f4129ceed5dcb84d244096c0703760d9ee52559dec17472d7a365
255,greedy3_Reshape_node18_to_input0,68975,13.858500600914514,True,265,0,ok,3ea2dc835c4eae8ea92f4aa487f34c7588c16bac1279952d91293a5b38d1ba50
255,greedy3_Reshape_node20_to_input0,68975,13.858500600914514,True,265,0,ok,80b759a7730f72939d196cba464fc9fd2ee791abe55e0f37425b2e0042db9367
255,greedy3_Reshape_node22_to_input0,68975,13.858500600914514,True,265,0,ok,b7fe0a18b6ebe4c4528088b425ecc02c10642bb7ea03bcb8e65694e9919d6860
255,greedy3_Reshape_node24_to_input0,68975,13.858500600914514,True,265,0,ok,fed795a2221e5ae9383966dc043d92e26267d137ff925b0fa89da71249ff6a5d
255,greedy3_Reshape_node26_to_input0,68975,13.858500600914514,True,265,0,ok,d7c400d8d2fc2ab53631fc9236b0e91e865ea018a0838021a61e4d491a12b3ac
255,greedy3_Reshape_node28_to_input0,68975,13.858500600914514,True,265,0,ok,c3d913c6313c4d940d171230d8cc9a135b8ffa297de8058f8250c1b9c0ccbf67
255,greedy3_Reshape_node30_to_input0,68975,13.858500600914514,True,265,0,ok,9d56c89d4dc3f2dd81af27e532ed4da7a89621d72a1537042b0593d011732b6f
255,greedy3_Reshape_node32_to_input0,68975,13.858500600914514,True,265,0,ok,b9d5304461a0943f06f04e8d65fccfe60f3b98aa2ca60582a810c7717bc6420d
255,greedy3_Reshape_node34_to_input0,68975,13.858500600914514,True,265,0,ok,f12711db36fd91403e7fc102d2d3454d7df5f6c3f77330c8786e0a53a755409d
255,greedy3_Reshape_node36_to_input0,68975,13.858500600914514,True,265,0,ok,918058a04052e4667de6fa156dda3872bbf94e2f75cf7876bb81d0bac33be07d
255,greedy3_Reshape_node38_to_input0,68975,13.858500600914514,True,265,0,ok,3f5f3b0256d5e3d6829c99cbc7b3de8e47d57c159c2234de15c5823895596fb0
255,greedy3_Reshape_node40_to_input0,68975,13.858500600914514,True,265,0,ok,5937fa44c381a22b457aed2272fb207f0f7f144e8d097dc472db8285ce80fe46
255,greedy3_Reshape_node42_to_input0,68975,13.858500600914514,True,265,0,ok,8c51ad97288bca06799d14934957b41c02d61fa153aecb78555c1e6d6e0b6375
255,greedy3_Reshape_node44_to_input0,68975,13.858500600914514,True,265,0,ok,0b1ba8a3fe9882e0b07f5686b4a282666f743367116da9a1b7c99c927377be8f
255,greedy4_Reshape_node17_to_input0,68971,13.858558594622211,True,265,0,ok,ee99254b85f7f3d33eb93f5bbf301b59850531bbb20d19ec711c5049c5a2ea29
255,greedy4_Reshape_node19_to_input0,68971,13.858558594622211,True,265,0,ok,93b7160a6d48ce581224c0bcedc006d1228420e104a797b579f7d42bf62ff3b7
255,greedy4_Reshape_node21_to_input0,68971,13.858558594622211,True,265,0,ok,9e1d8deda8987366dc92bac8458117269a1aa5f65f7738f80cc291f67f76b1e0
255,greedy4_Reshape_node23_to_input0,68971,13.858558594622211,True,265,0,ok,8e64d36a75d16825f2dd3ddefa3b68150fd78866dfe615b3ff0e8e98e10309c0
255,greedy4_Reshape_node25_to_input0,68971,13.858558594622211,True,265,0,ok,c7ac703f624f5023c990630c0bbe9f3f6fa3356d78f708fd0b53c41b3774077b
255,greedy4_Reshape_node27_to_input0,68971,13.858558594622211,True,265,0,ok,dba40a991358106e414eb6a4dcb3222ac82eec6373ee6a72b27cb6ebb7b10135
255,greedy4_Reshape_node29_to_input0,68971,13.858558594622211,True,265,0,ok,cae9531dadcfaf6a93fc9ceb0e1cd0da64fc3cff428354a1b8844d6a52b5067a
255,greedy4_Reshape_node31_to_input0,68971,13.858558594622211,True,265,0,ok,aeb9e9d7316f126c19dbdde78aea8f9cc4b4dbeee2a5e625ec39a5c64d87c8ba
255,greedy4_Reshape_node33_to_input0,68971,13.858558594622211,True,265,0,ok,9981393c986e8aec3a023dabda1fee871315ae3cb1261b6187b7a2552d3e823c
255,greedy4_Reshape_node35_to_input0,68971,13.858558594622211,True,265,0,ok,de6cc08492edf668535503fcaa1f565e60df2a1897bbfd0c665c6650cd726b05
255,greedy4_Reshape_node37_to_input0,68971,13.858558594622211,True,265,0,ok,ae78b4deb6525cba7a1fa611c8e8f7a88f5bf6d5267a573b092a168abe77f3d4
255,greedy4_Reshape_node39_to_input0,68971,13.858558594622211,True,265,0,ok,eca8b82542be47f415a3a9d6759c5fd4ba25fa3e755a573d3c2acce1636b93db
255,greedy4_Reshape_node41_to_input0,68971,13.858558594622211,True,265,0,ok,6da41a5340a171f135e6d4c5ddcda51350464c8bfb66aa95d1f8d8a8e5dbb188
255,greedy4_Reshape_node43_to_input0,68971,13.858558594622211,True,265,0,ok,24f3aeb32b2cda195435ed2728b9eebec1d941c14164c0b9c4f70b71e5205156
255,greedy5_Reshape_node18_to_input0,68967,13.858616591693377,True,265,0,ok,3dfbffdae960338bbc91989eb9eef79dd870e97472499a7057e9530677612df4
255,greedy5_Reshape_node20_to_input0,68967,13.858616591693377,True,265,0,ok,024763ff4cd086c8b2dc8f0d6857a139776b379d7074dc6e8391f20f2171c210
255,greedy5_Reshape_node22_to_input0,68967,13.858616591693377,True,265,0,ok,c8a1b1f780c4b39059f66905a6fb3c6207fa37eb711b767c446811cbbb396876
255,greedy5_Reshape_node24_to_input0,68967,13.858616591693377,True,265,0,ok,5fff1a1ed8610298f279aae466b14fe4e7acea9f11c8101473bf22d47a68ff77
255,greedy5_Reshape_node26_to_input0,68967,13.858616591693377,True,265,0,ok,b2b3ee9ee35187b8c25017f3be7dfa1dc1df59571611e0ab5857cb55cae71885
255,greedy5_Reshape_node28_to_input0,68967,13.858616591693377,True,265,0,ok,05fb78f01bcc54945fdf28c12509b979e4a2caad1d0a676751754f7d5c844561
255,greedy5_Reshape_node30_to_input0,68967,13.858616591693377,True,265,0,ok,5bfb136d4319eef581a83be65da138adfd5ad5a9c24315adcf3d3048faca9fb3
255,greedy5_Reshape_node32_to_input0,68967,13.858616591693377,True,265,0,ok,a609fdbc92fe6142762b4c27516d63a28315e6e9e4843578e7fcff8ee7189d89
255,greedy5_Reshape_node34_to_input0,68967,13.858616591693377,True,265,0,ok,1a4f9b725007611cc72378d4a13bb5a5bdfb822dcf5097121cf8fcc092b8fabb
255,greedy5_Reshape_node36_to_input0,68967,13.858616591693377,True,265,0,ok,db05b357b9235eea81ec1062219a679130dd0222ca1a5632c1d86604e80d814b
255,greedy5_Reshape_node38_to_input0,68967,13.858616591693377,True,265,0,ok,e9a1c4b4dc2cc228735224950a0df060fadc7884077e6396ac5d886cfdd2c868
255,greedy5_Reshape_node40_to_input0,68967,13.858616591693377,True,265,0,ok,49cc6c412e37f94531718989e8ada973a902054b1346c972bdc2b1f746eae244
255,greedy5_Reshape_node42_to_input0,68967,13.858616591693377,True,265,0,ok,7d18f9008f9c6df42a1f497b4002e48766662f7d918c4755cccb3b1786e1f41d
255,greedy6_Reshape_node19_to_input0,68963,13.858674592128397,True,265,0,ok,08de6367948c20c312f2ad63ed54a55778c12ad38dfcbab7c4b89c392c32ec14
255,greedy6_Reshape_node21_to_input0,68963,13.858674592128397,True,265,0,ok,0a9ecd26cae520a1f7679a225611dcd46039624afbaab770bbf0a9c84dd32a2b
255,greedy6_Reshape_node23_to_input0,68963,13.858674592128397,True,265,0,ok,138b283172e33679fc4af89d7ad078d15155e0555ca2638e98ee7b638894c27c
255,greedy6_Reshape_node25_to_input0,68963,13.858674592128397,True,265,0,ok,be5a85547cd5eba22b86352b3615a94b04becbcf2a4db438492620609da65ce3
255,greedy6_Reshape_node27_to_input0,68963,13.858674592128397,True,265,0,ok,3fe1ddeeb5bbf9347a8668ffad0ccf8f05fb77bf97b9ede27b485c45282b7a66
255,greedy6_Reshape_node29_to_input0,68963,13.858674592128397,True,265,0,ok,fd43bb6975d24fabcddb8cd97175849e1621488c72a5fa48075a781f37920e04
255,greedy6_Reshape_node31_to_input0,68963,13.858674592128397,True,265,0,ok,17e0c8af4d5ae2aa9dacb469fe9d546a5c62e7ebb53a7a0b0f249ea613aae811
255,greedy6_Reshape_node33_to_input0,68963,13.858674592128397,True,265,0,ok,f588018cc10a11d5925e8d0712e7c6d4bd45064945cfef034e70d82c54feea13
255,greedy6_Reshape_node35_to_input0,68963,13.858674592128397,True,265,0,ok,d20d5a45e690bee53131dec26aa6b9784e68435cbcc6ed3b96fde3427689fcee
255,greedy6_Reshape_node37_to_input0,68963,13.858674592128397,True,265,0,ok,458c268c8dfe12c98a68772386a9934e9a609ad6fd39f62fb9decd2a17d72a15
255,greedy6_Reshape_node39_to_input0,68963,13.858674592128397,True,265,0,ok,f0a92d01316a0981e3139aa9d457d71944005bd02420c96177305af7dcd1f9f4
255,greedy6_Reshape_node41_to_input0,68963,13.858674592128397,True,265,0,ok,e2d4759a281af4ee269f7f28f13d253b6766b0540bb36359ff4703b7a262d59d
255,greedy7_Reshape_node20_to_input0,68959,13.85873259592766,True,265,0,ok,223dd75f9a9bfbdd358931b449cd4aaa86f052f86e59226b5330c9c142867674
255,greedy7_Reshape_node22_to_input0,68959,13.85873259592766,True,265,0,ok,a54f348dfb3293fca68b9f31069cb635f99e44767ed6aefaaa7837cb4e64b4a1
255,greedy7_Reshape_node24_to_input0,68959,13.85873259592766,True,265,0,ok,2e2be03abd3f0a2e32f7669efce005431adf6814c7b3065d8108c9502ea7cbef
255,greedy7_Reshape_node26_to_input0,68959,13.85873259592766,True,265,0,ok,987145ee81d119ce41267403fec4e58ebd651853c6841c8942dcf183d4f355dd
255,greedy7_Reshape_node28_to_input0,68959,13.85873259592766,True,265,0,ok,2f94190e1eeee02fffe3957efda26338a4fd405bc1e441b09833e3fca9c0e02c
255,greedy7_Reshape_node30_to_input0,68959,13.85873259592766,True,265,0,ok,c7358372bdae745f8ebc8da0f84573f4cceec7f74417f4c3d1e9bd77bd44b002
255,greedy7_Reshape_node32_to_input0,68959,13.85873259592766,True,265,0,ok,713a22e38b95ec6904d8eb30fdde85b5a0e4328277f2860dafff92a565153133
255,greedy7_Reshape_node34_to_input0,68959,13.85873259592766,True,265,0,ok,9ff176caf3b0427ccb58c745422a614698aef29e444aa022dbaf9c8340d5a1b5
255,greedy7_Reshape_node36_to_input0,68959,13.85873259592766,True,265,0,ok,d83f5058d6f1870738a62206ce64a42e02193fd6757a36c733507e04116ac1d2
255,greedy7_Reshape_node38_to_input0,68959,13.85873259592766,True,265,0,ok,1798823942af7611dd1254a63f2587c0783e3448e1bc53014c6cebf8d6053e8c
255,greedy7_Reshape_node40_to_input0,68959,13.85873259592766,True,265,0,ok,d11011670aaa38b8f715810a3d4bafe7dedaf6a0b8173a95ab5fcfc6561999c1
255,greedy8_Reshape_node21_to_input0,68955,13.858790603091562,True,265,0,ok,17e626040c958c387718eadf22f748576e97123e54e816413e37bb1b3df4e4c8
255,greedy8_Reshape_node23_to_input0,68955,13.858790603091562,True,265,0,ok,3fa5c1320c4ecfc0f47000acbcc6bc4567c74a60f69dfe9992931d0853d6cf0b
255,greedy8_Reshape_node25_to_input0,68955,13.858790603091562,True,265,0,ok,fe63735a405191068a6372ef7394851f41431295fef58cb747f5516bbaed953d
255,greedy8_Reshape_node27_to_input0,68955,13.858790603091562,True,265,0,ok,337bf25c715d80ea056f81c2578f9dbb1f2a2afdee2fa6ed8854caefa319b03b
255,greedy8_Reshape_node29_to_input0,68955,13.858790603091562,True,265,0,ok,7e9e03fe8c1d41a34e4eb3303ef61c0cb240ea81888cba6bd6d7b2e7cc3f06ec
255,greedy8_Reshape_node31_to_input0,68955,13.858790603091562,True,265,0,ok,77c0fc55b3cf902f566d80d246c0451bea5f9fdfb71c5d6ba93ebc531cff2577
255,greedy8_Reshape_node33_to_input0,68955,13.858790603091562,True,265,0,ok,df4f02f970561819268c91455e7cc6b95d318d049ab9394cf3e103a007e7e954
255,greedy8_Reshape_node35_to_input0,68955,13.858790603091562,True,265,0,ok,cdfd5969f7e448ef99e64987a562d6984db16d44b1df6e72d301a222fc09c77b
255,greedy8_Reshape_node37_to_input0,68955,13.858790603091562,True,265,0,ok,ddc3694196f01f471c5b94af566977ae9d8366d3fdc957b1be9933b52867db9a
255,greedy8_Reshape_node39_to_input0,68955,13.858790603091562,True,265,0,ok,db1e4567f77000bc8c93d9e5c6e0194604261cb034557de94bcf28c1ef956ba1
268,greedy1_Greater_node57_to_input0,22279,14.988600190269477,True,266,0,ok,f7291b1eb24b07285db37cb575fa192e2b168e4d4b314ef58bcd3b53f577469e
268,greedy1_Greater_node57_to_input1,22279,14.988600190269477,True,266,0,ok,f7291b1eb24b07285db37cb575fa192e2b168e4d4b314ef58bcd3b53f577469e
268,greedy1_And_node61_to_input0,22279,14.988600190269477,True,266,0,ok,f1eeadae09f840b8b5c6e3bddd9553fed8377176b4c1e4373bc25fd642ee3d97
268,greedy1_And_node61_to_input1,22279,14.988600190269477,True,266,0,ok,5e535f87e6181ad48ff295974238f55a25b69d526066149c833af02d0e4d2acf
268,greedy1_And_node62_to_input0,22279,14.988600190269477,True,266,0,ok,b0aec736f3f0279d3cd2c4d134fb94ca149966b2f94a087671e6b0d104205b87
268,greedy1_And_node62_to_input1,22279,14.988600190269477,True,266,0,ok,83ac8db4330fa5d3b6413adda0e56df2908e30095db12dc54e4b1c5cb405ab42
268,greedy1_And_node66_to_input0,22279,14.988600190269477,True,266,0,ok,ebcca74bc3b0631b469171ac6652668e80e3d0c93f92f24fe61f3e5e5d957425
268,greedy1_And_node66_to_input1,22279,14.988600190269477,True,266,0,ok,9be7a572885ccc40508e2eae15b2ce66aabde5d80c1376392f4993d302b8db35
268,greedy1_And_node67_to_input0,22279,14.988600190269477,True,266,0,ok,e6a768986be9b12fd5a73b36a462a26d7fe43da0d88668a7a9a6996cc177d8c1
268,greedy1_And_node67_to_input1,22279,14.988600190269477,True,266,0,ok,2c2d41313c5e85d70cc5c514010730f1b6a53184db9e26dbda3f9fabc4aef248
268,greedy2_And_node60_to_input0,22278,14.988645076594866,True,266,0,ok,e240defb29b729c162e6c8a67cad31f1642999df3326cb2ffffab788e3311648
268,greedy2_And_node60_to_input1,22278,14.988645076594866,True,266,0,ok,c8d9551434116a608c155c5dd4e28d0867850de0535bb92d70d4d43f62ba26cb
268,greedy2_And_node61_to_input0,22278,14.988645076594866,True,266,0,ok,77786ee91a5eaf7e5f491a95f83d7b08c7cb5c8cd64cc280373d3e5f23e56720
268,greedy2_And_node61_to_input1,22278,14.988645076594866,True,266,0,ok,746f8d5d72c9eedd31b31c24018a36772378b2074c1ded775c3b2b42619937c3
268,greedy2_And_node65_to_input0,22278,14.988645076594866,True,266,0,ok,f1c7d750f929eebf4f661753d00bb392f4a8eb76cfda79caf1f44d5a7a3155db
268,greedy2_And_node65_to_input1,22278,14.988645076594866,True,266,0,ok,5eecc1659ba9c5165a157ba7ebaedaa8671a47d83ef5c847e67c79ccfaa43974
268,greedy2_And_node66_to_input0,22278,14.988645076594866,True,266,0,ok,ba8d22d170f37f123721f99497874122605e6c456f492afc5a80dad0919aef68
268,greedy2_And_node66_to_input1,22278,14.988645076594866,True,266,0,ok,a5f8b8386fc1cd6f335c6af8477b9895954d88a5197ca455263749acdedb7f0b
268,greedy3_Greater_node58_to_input0,22277,14.988689964935126,True,266,0,ok,517bf6eb70ba098da861ff56135f6b38b729f264172539453dc81f81caa7e1dc
268,greedy3_Greater_node58_to_input1,22277,14.988689964935126,True,266,0,ok,517bf6eb70ba098da861ff56135f6b38b729f264172539453dc81f81caa7e1dc
268,greedy3_And_node60_to_input0,22277,14.988689964935126,True,266,0,ok,102810ef749a8287d63128284ac670965e56e16834adbe08b4213b62ea1943af
268,greedy3_And_node60_to_input1,22277,14.988689964935126,True,266,0,ok,df27edfa75cfe187bf4c95ef2cf2bbb829891bfb5cd630f152043ce2fe6044d7
268,greedy3_And_node64_to_input0,22277,14.988689964935126,True,266,0,ok,d772765d90eb63f6ee09d90250a7633795ae68f82b13ce12b9a7df93007c06b9
268,greedy3_And_node64_to_input1,22277,14.988689964935126,True,266,0,ok,d741cc97fa3a26325a968cb0712f9cfa46eb0a5e2b88d5950f5985126eb6a54b
268,greedy3_And_node65_to_input0,22277,14.988689964935126,True,266,0,ok,111c56e0df0ca62c328592adc5fbaffe4438f8e1cd6c4fbdf0ed2c819ef9b646
268,greedy3_And_node65_to_input1,22277,14.988689964935126,True,266,0,ok,bfb3301714c52e8fc956b022331a0b207d06516ad39868f1c5fc22e6f37c50c6
268,greedy4_And_node59_to_input0,22276,14.98873485529044,True,266,0,ok,1a2082dd93ea65e41cb194096b7caaa52e603a53ac570d8cf2cbcdebc78c6159
268,greedy4_And_node59_to_input1,22276,14.98873485529044,True,266,0,ok,06a70736291b01188f3f0df3df74a5b91bbf5ad3d77c24c6b562b77e734124ec
268,greedy4_And_node63_to_input0,22276,14.98873485529044,True,266,0,ok,13522f2f4b0764de0b2f08bfa6ce1a67806a17f534df309180b1cf413328afb8
268,greedy4_And_node63_to_input1,22276,14.98873485529044,True,266,0,ok,bf6a9680f23eb1da3634868ff50da2ba77c202299acf7abadd896348104f94b7
268,greedy4_And_node64_to_input0,22276,14.98873485529044,True,266,0,ok,7a331af3455bbcf1ecdb1369abcf44b48724701f3781b934c7491a29208464b7
268,greedy4_And_node64_to_input1,22276,14.98873485529044,True,266,0,ok,3eb1e7e558590d7de0317fbebc39e5d1931344de2a5740714094ba02b3f40402
268,greedy5_Greater_node58_to_input0,22275,14.98877974766099,True,266,0,ok,7af257b3de8469634e7b31b904348e6f5b5b2efd86fb42090ded6f553e844478
268,greedy5_Greater_node58_to_input1,22275,14.98877974766099,True,266,0,ok,7af257b3de8469634e7b31b904348e6f5b5b2efd86fb42090ded6f553e844478
268,greedy5_And_node62_to_input0,22275,14.98877974766099,True,266,0,ok,5209be0c2b3efea201610fecad2367fdd8a2925fcc44e6c3f2456e9925edf85f
268,greedy5_And_node62_to_input1,22275,14.98877974766099,True,266,0,ok,57ee83ff720d97cde3cda5deb6b52a703cdd7fddaa85a32c761a2b70038453fb
268,greedy5_And_node63_to_input0,22275,14.98877974766099,True,266,0,ok,d2ce191b7221d6dacf4665adc0df58f31733f96bb81be0d5ac1a43b0577bbd49
268,greedy5_And_node63_to_input1,22275,14.98877974766099,True,266,0,ok,41f5c5d63bef9b8fe8c28f28895d888d4432ff854ba42d72c6cf50b9bec6eda5
268,greedy6_And_node61_to_input0,22274,14.988824642046955,True,266,0,ok,e0faee8cb308d277db8e1db33b25b7b0a7d00104e39552ff6168fb48c21441c9
268,greedy6_And_node61_to_input1,22274,14.988824642046955,True,266,0,ok,eb1cde5f644d75bab4c5e5469da689dee77d26175073fb40fd9c71a3a4e889da
268,greedy6_And_node62_to_input0,22274,14.988824642046955,True,266,0,ok,3fd9cf25d8bc4a155533e76f5905c1a9acf84d8e336c20ed6c519edba4186168
268,greedy6_And_node62_to_input1,22274,14.988824642046955,True,266,0,ok,3598d7be1d93469c67a4ac0342a51c66d71100dc0cca508b9b86bb1d18a50a72
268,greedy7_Greater_node59_to_input0,22273,14.988869538448515,True,266,0,ok,9367c8db3c7f045a358eb7c8611a98d988f671babf22e2328f5dc9f9835349eb
268,greedy7_Greater_node59_to_input1,22273,14.988869538448515,True,266,0,ok,9367c8db3c7f045a358eb7c8611a98d988f671babf22e2328f5dc9f9835349eb
268,greedy7_And_node61_to_input0,22273,14.988869538448515,True,266,0,ok,c68d0a58b1998b6b8d517f5854da7699b885f19e15b55e975bfc7e1bce0fa296
268,greedy7_And_node61_to_input1,22273,14.988869538448515,True,266,0,ok,fa07c749457d8bbfaf223fce51c20bf5295f4aea32ea4f46d3762f78e3cf000f
268,greedy8_And_node60_to_input0,22272,14.988914436865853,True,266,0,ok,4af66f060cc7c528fd8a779bf78bbb986f9dc8a82b4016306e37206bc85ab8c0
268,greedy8_And_node60_to_input1,22272,14.988914436865853,True,266,0,ok,4c469a3340ab83520cbbbaa1201b4b5d8c5151f0763f13b99fe33c9be274ef5e
