idx,target,stats,rules_hit
0,1,"[{'color': 1, 'count': 75, 'bbox_h': 16, 'bbox_w': 16, 'bbox_area': 256, 'r0': 0, 'c0': 0, 'r1': 15, 'c1': 15, 'largest_component': 23}, {'color': 2, 'count': 24, 'bbox_h': 16, 'bbox_w': 16, 'bbox_area': 256, 'r0': 0, 'c0': 0, 'r1': 15, 'c1': 15, 'largest_component': 2}, {'color': 3, 'count': 15, 'bbox_h': 16, 'bbox_w': 16, 'bbox_area': 256, 'r0': 0, 'c0': 0, 'r1': 15, 'c1': 15, 'largest_component': 2}, {'color': 4, 'count': 27, 'bbox_h': 12, 'bbox_w': 12, 'bbox_area': 144, 'r0': 2, 'c0': 2, 'r1': 13, 'c1': 13, 'largest_component': 4}, {'color': 5, 'count': 16, 'bbox_h': 16, 'bbox_w': 16, 'bbox_area': 256, 'r0': 0, 'c0': 0, 'r1': 15, 'c1': 15, 'largest_component': 1}, {'color': 7, 'count': 19, 'bbox_h': 14, 'bbox_w': 14, 'bbox_area': 196, 'r0': 1, 'c0': 1, 'r1': 14, 'c1': 14, 'largest_component': 1}, {'color': 8, 'count': 48, 'bbox_h': 16, 'bbox_w': 16, 'bbox_area': 256, 'r0': 0, 'c0': 0, 'r1': 15, 'c1': 15, 'largest_component': 6}, {'color': 9, 'count': 23, 'bbox_h': 12, 'bbox_w': 12, 'bbox_area': 144, 'r0': 2, 'c0': 2, 'r1': 13, 'c1': 13, 'largest_component': 2}]","['count_max_low', 'count_max_high', 'bbox_h_max_low', 'bbox_w_max_low', 'bbox_area_max_low', 'r0_min_low', 'c0_min_low', 'r1_max_low', 'c1_max_low', 'largest_component_max_low', 'largest_component_max_high', 'count_rank0', 'area_rank0']"
1,1,"[{'color': 1, 'count': 59, 'bbox_h': 16, 'bbox_w': 16, 'bbox_area': 256, 'r0': 0, 'c0': 0, 'r1': 15, 'c1': 15, 'largest_component': 8}, {'color': 3, 'count': 46, 'bbox_h': 16, 'bbox_w': 16, 'bbox_area': 256, 'r0': 0, 'c0': 0, 'r1': 15, 'c1': 15, 'largest_component': 6}, {'color': 4, 'count': 4, 'bbox_h': 2, 'bbox_w': 2, 'bbox_area': 4, 'r0': 7, 'c0': 7, 'r1': 8, 'c1': 8, 'largest_component': 4}, {'color': 5, 'count': 11, 'bbox_h': 10, 'bbox_w': 10, 'bbox_area': 100, 'r0': 3, 'c0': 3, 'r1': 12, 'c1': 12, 'largest_component': 1}, {'color': 6, 'count': 51, 'bbox_h': 16, 'bbox_w': 16, 'bbox_area': 256, 'r0': 0, 'c0': 0, 'r1': 15, 'c1': 15, 'largest_component': 6}, {'color': 7, 'count': 48, 'bbox_h': 16, 'bbox_w': 16, 'bbox_area': 256, 'r0': 0, 'c0': 0, 'r1': 15, 'c1': 15, 'largest_component': 4}, {'color': 8, 'count': 12, 'bbox_h': 12, 'bbox_w': 12, 'bbox_area': 144, 'r0': 2, 'c0': 2, 'r1': 13, 'c1': 13, 'largest_component': 3}, {'color': 9, 'count': 16, 'bbox_h': 12, 'bbox_w': 12, 'bbox_area': 144, 'r0': 2, 'c0': 2, 'r1': 13, 'c1': 13, 'largest_component': 2}]","['count_max_low', 'count_max_high', 'bbox_h_max_low', 'bbox_w_max_low', 'bbox_area_max_low', 'r0_min_low', 'c0_min_low', 'r1_max_low', 'c1_max_low', 'largest_component_max_low', 'largest_component_max_high', 'count_rank0', 'area_rank0']"
2,6,"[{'color': 1, 'count': 13, 'bbox_h': 8, 'bbox_w': 7, 'bbox_area': 56, 'r0': 4, 'c0': 4, 'r1': 11, 'c1': 10, 'largest_component': 2}, {'color': 2, 'count': 7, 'bbox_h': 8, 'bbox_w': 8, 'bbox_area': 64, 'r0': 4, 'c0': 4, 'r1': 11, 'c1': 11, 'largest_component': 1}, {'color': 3, 'count': 52, 'bbox_h': 16, 'bbox_w': 16, 'bbox_area': 256, 'r0': 0, 'c0': 0, 'r1': 15, 'c1': 15, 'largest_component': 5}, {'color': 5, 'count': 76, 'bbox_h': 16, 'bbox_w': 16, 'bbox_area': 256, 'r0': 0, 'c0': 0, 'r1': 15, 'c1': 15, 'largest_component': 68}, {'color': 6, 'count': 47, 'bbox_h': 14, 'bbox_w': 14, 'bbox_area': 196, 'r0': 1, 'c0': 1, 'r1': 14, 'c1': 14, 'largest_component': 8}, {'color': 8, 'count': 20, 'bbox_h': 14, 'bbox_w': 14, 'bbox_area': 196, 'r0': 1, 'c0': 1, 'r1': 14, 'c1': 14, 'largest_component': 2}, {'color': 9, 'count': 32, 'bbox_h': 16, 'bbox_w': 16, 'bbox_area': 256, 'r0': 0, 'c0': 0, 'r1': 15, 'c1': 15, 'largest_component': 4}]","['count_rank2', 'area_rank3']"
3,5,"[{'color': 1, 'count': 34, 'bbox_h': 16, 'bbox_w': 16, 'bbox_area': 256, 'r0': 0, 'c0': 0, 'r1': 15, 'c1': 15, 'largest_component': 3}, {'color': 2, 'count': 28, 'bbox_h': 12, 'bbox_w': 12, 'bbox_area': 144, 'r0': 2, 'c0': 2, 'r1': 13, 'c1': 13, 'largest_component': 3}, {'color': 4, 'count': 16, 'bbox_h': 16, 'bbox_w': 16, 'bbox_area': 256, 'r0': 0, 'c0': 0, 'r1': 15, 'c1': 15, 'largest_component': 3}, {'color': 5, 'count': 71, 'bbox_h': 16, 'bbox_w': 16, 'bbox_area': 256, 'r0': 0, 'c0': 0, 'r1': 15, 'c1': 15, 'largest_component': 12}, {'color': 6, 'count': 28, 'bbox_h': 16, 'bbox_w': 16, 'bbox_area': 256, 'r0': 0, 'c0': 0, 'r1': 15, 'c1': 15, 'largest_component': 3}, {'color': 7, 'count': 15, 'bbox_h': 14, 'bbox_w': 14, 'bbox_area': 196, 'r0': 1, 'c0': 1, 'r1': 14, 'c1': 14, 'largest_component': 2}, {'color': 8, 'count': 8, 'bbox_h': 16, 'bbox_w': 16, 'bbox_area': 256, 'r0': 0, 'c0': 0, 'r1': 15, 'c1': 15, 'largest_component': 1}, {'color': 9, 'count': 47, 'bbox_h': 16, 'bbox_w': 16, 'bbox_area': 256, 'r0': 0, 'c0': 0, 'r1': 15, 'c1': 15, 'largest_component': 4}]","['count_max_low', 'count_max_high', 'largest_component_max_low', 'largest_component_max_high', 'count_rank0', 'area_rank2']"
4,2,"[{'color': 1, 'count': 46, 'bbox_h': 16, 'bbox_w': 16, 'bbox_area': 256, 'r0': 0, 'c0': 0, 'r1': 15, 'c1': 15, 'largest_component': 3}, {'color': 2, 'count': 48, 'bbox_h': 16, 'bbox_w': 16, 'bbox_area': 256, 'r0': 0, 'c0': 0, 'r1': 15, 'c1': 15, 'largest_component': 4}, {'color': 3, 'count': 8, 'bbox_h': 16, 'bbox_w': 16, 'bbox_area': 256, 'r0': 0, 'c0': 0, 'r1': 15, 'c1': 15, 'largest_component': 1}, {'color': 4, 'count': 54, 'bbox_h': 16, 'bbox_w': 16, 'bbox_area': 256, 'r0': 0, 'c0': 0, 'r1': 15, 'c1': 15, 'largest_component': 4}, {'color': 6, 'count': 16, 'bbox_h': 16, 'bbox_w': 16, 'bbox_area': 256, 'r0': 0, 'c0': 0, 'r1': 15, 'c1': 15, 'largest_component': 2}, {'color': 7, 'count': 35, 'bbox_h': 14, 'bbox_w': 14, 'bbox_area': 196, 'r0': 1, 'c0': 1, 'r1': 14, 'c1': 14, 'largest_component': 4}, {'color': 8, 'count': 8, 'bbox_h': 16, 'bbox_w': 16, 'bbox_area': 256, 'r0': 0, 'c0': 0, 'r1': 15, 'c1': 15, 'largest_component': 1}, {'color': 9, 'count': 32, 'bbox_h': 14, 'bbox_w': 14, 'bbox_area': 196, 'r0': 1, 'c0': 1, 'r1': 14, 'c1': 14, 'largest_component': 3}]","['largest_component_max_low', 'count_rank1', 'area_rank1']"
5,9,"[{'color': 1, 'count': 15, 'bbox_h': 16, 'bbox_w': 16, 'bbox_area': 256, 'r0': 0, 'c0': 0, 'r1': 15, 'c1': 15, 'largest_component': 1}, {'color': 2, 'count': 38, 'bbox_h': 16, 'bbox_w': 16, 'bbox_area': 256, 'r0': 0, 'c0': 0, 'r1': 15, 'c1': 15, 'largest_component': 2}, {'color': 3, 'count': 8, 'bbox_h': 4, 'bbox_w': 4, 'bbox_area': 16, 'r0': 6, 'c0': 6, 'r1': 9, 'c1': 9, 'largest_component': 2}, {'color': 4, 'count': 19, 'bbox_h': 16, 'bbox_w': 16, 'bbox_area': 256, 'r0': 0, 'c0': 0, 'r1': 15, 'c1': 15, 'largest_component': 1}, {'color': 5, 'count': 36, 'bbox_h': 16, 'bbox_w': 16, 'bbox_area': 256, 'r0': 0, 'c0': 0, 'r1': 15, 'c1': 15, 'largest_component': 4}, {'color': 6, 'count': 28, 'bbox_h': 14, 'bbox_w': 14, 'bbox_area': 196, 'r0': 1, 'c0': 1, 'r1': 14, 'c1': 14, 'largest_component': 2}, {'color': 7, 'count': 15, 'bbox_h': 12, 'bbox_w': 12, 'bbox_area': 144, 'r0': 2, 'c0': 2, 'r1': 13, 'c1': 13, 'largest_component': 1}, {'color': 8, 'count': 38, 'bbox_h': 16, 'bbox_w': 16, 'bbox_area': 256, 'r0': 0, 'c0': 0, 'r1': 15, 'c1': 15, 'largest_component': 2}, {'color': 9, 'count': 50, 'bbox_h': 16, 'bbox_w': 16, 'bbox_area': 256, 'r0': 0, 'c0': 0, 'r1': 15, 'c1': 15, 'largest_component': 4}]","['count_max_low', 'count_max_high', 'bbox_h_max_high', 'bbox_w_max_high', 'bbox_area_max_high', 'r0_min_high', 'c0_min_high', 'r1_max_high', 'c1_max_high', 'largest_component_max_high', 'count_rank0']"
6,5,"[{'color': 1, 'count': 16, 'bbox_h': 16, 'bbox_w': 16, 'bbox_area': 256, 'r0': 0, 'c0': 0, 'r1': 15, 'c1': 15, 'largest_component': 2}, {'color': 2, 'count': 23, 'bbox_h': 16, 'bbox_w': 16, 'bbox_area': 256, 'r0': 0, 'c0': 0, 'r1': 15, 'c1': 15, 'largest_component': 2}, {'color': 3, 'count': 30, 'bbox_h': 16, 'bbox_w': 16, 'bbox_area': 256, 'r0': 0, 'c0': 0, 'r1': 15, 'c1': 15, 'largest_component': 1}, {'color': 4, 'count': 24, 'bbox_h': 12, 'bbox_w': 12, 'bbox_area': 144, 'r0': 2, 'c0': 2, 'r1': 13, 'c1': 13, 'largest_component': 2}, {'color': 5, 'count': 33, 'bbox_h': 16, 'bbox_w': 16, 'bbox_area': 256, 'r0': 0, 'c0': 0, 'r1': 15, 'c1': 15, 'largest_component': 3}, {'color': 6, 'count': 58, 'bbox_h': 16, 'bbox_w': 16, 'bbox_area': 256, 'r0': 0, 'c0': 0, 'r1': 15, 'c1': 15, 'largest_component': 8}, {'color': 7, 'count': 35, 'bbox_h': 16, 'bbox_w': 16, 'bbox_area': 256, 'r0': 0, 'c0': 0, 'r1': 15, 'c1': 15, 'largest_component': 1}, {'color': 8, 'count': 20, 'bbox_h': 16, 'bbox_w': 16, 'bbox_area': 256, 'r0': 0, 'c0': 0, 'r1': 15, 'c1': 15, 'largest_component': 4}, {'color': 9, 'count': 8, 'bbox_h': 10, 'bbox_w': 10, 'bbox_area': 100, 'r0': 3, 'c0': 3, 'r1': 12, 'c1': 12, 'largest_component': 1}]","['count_rank2', 'area_rank3']"
7,9,"[{'color': 1, 'count': 38, 'bbox_h': 16, 'bbox_w': 16, 'bbox_area': 256, 'r0': 0, 'c0': 0, 'r1': 15, 'c1': 15, 'largest_component': 3}, {'color': 2, 'count': 8, 'bbox_h': 8, 'bbox_w': 8, 'bbox_area': 64, 'r0': 4, 'c0': 4, 'r1': 11, 'c1': 11, 'largest_component': 1}, {'color': 3, 'count': 23, 'bbox_h': 14, 'bbox_w': 14, 'bbox_area': 196, 'r0': 1, 'c0': 1, 'r1': 14, 'c1': 14, 'largest_component': 4}, {'color': 4, 'count': 36, 'bbox_h': 16, 'bbox_w': 16, 'bbox_area': 256, 'r0': 0, 'c0': 0, 'r1': 15, 'c1': 15, 'largest_component': 2}, {'color': 5, 'count': 27, 'bbox_h': 16, 'bbox_w': 16, 'bbox_area': 256, 'r0': 0, 'c0': 0, 'r1': 15, 'c1': 15, 'largest_component': 1}, {'color': 6, 'count': 34, 'bbox_h': 16, 'bbox_w': 16, 'bbox_area': 256, 'r0': 0, 'c0': 0, 'r1': 15, 'c1': 15, 'largest_component': 3}, {'color': 7, 'count': 24, 'bbox_h': 16, 'bbox_w': 16, 'bbox_area': 256, 'r0': 0, 'c0': 0, 'r1': 15, 'c1': 15, 'largest_component': 6}, {'color': 8, 'count': 24, 'bbox_h': 10, 'bbox_w': 10, 'bbox_area': 100, 'r0': 3, 'c0': 3, 'r1': 12, 'c1': 12, 'largest_component': 2}, {'color': 9, 'count': 33, 'bbox_h': 14, 'bbox_w': 14, 'bbox_area': 196, 'r0': 1, 'c0': 1, 'r1': 14, 'c1': 14, 'largest_component': 2}]",['count_rank3']
8,2,"[{'color': 1, 'count': 23, 'bbox_h': 12, 'bbox_w': 12, 'bbox_area': 144, 'r0': 2, 'c0': 2, 'r1': 13, 'c1': 13, 'largest_component': 2}, {'color': 2, 'count': 36, 'bbox_h': 8, 'bbox_w': 8, 'bbox_area': 64, 'r0': 4, 'c0': 4, 'r1': 11, 'c1': 11, 'largest_component': 8}, {'color': 3, 'count': 28, 'bbox_h': 16, 'bbox_w': 16, 'bbox_area': 256, 'r0': 0, 'c0': 0, 'r1': 15, 'c1': 15, 'largest_component': 3}, {'color': 4, 'count': 27, 'bbox_h': 16, 'bbox_w': 16, 'bbox_area': 256, 'r0': 0, 'c0': 0, 'r1': 15, 'c1': 15, 'largest_component': 4}, {'color': 5, 'count': 39, 'bbox_h': 16, 'bbox_w': 16, 'bbox_area': 256, 'r0': 0, 'c0': 0, 'r1': 15, 'c1': 15, 'largest_component': 4}, {'color': 6, 'count': 8, 'bbox_h': 12, 'bbox_w': 12, 'bbox_area': 144, 'r0': 2, 'c0': 2, 'r1': 13, 'c1': 13, 'largest_component': 1}, {'color': 7, 'count': 28, 'bbox_h': 16, 'bbox_w': 16, 'bbox_area': 256, 'r0': 0, 'c0': 0, 'r1': 15, 'c1': 15, 'largest_component': 1}, {'color': 8, 'count': 23, 'bbox_h': 16, 'bbox_w': 16, 'bbox_area': 256, 'r0': 0, 'c0': 0, 'r1': 15, 'c1': 15, 'largest_component': 1}, {'color': 9, 'count': 35, 'bbox_h': 14, 'bbox_w': 14, 'bbox_area': 196, 'r0': 1, 'c0': 1, 'r1': 14, 'c1': 14, 'largest_component': 3}]","['bbox_h_min_low', 'bbox_h_min_high', 'bbox_w_min_low', 'bbox_w_min_high', 'bbox_area_min_low', 'bbox_area_min_high', 'r0_max_low', 'r0_max_high', 'c0_max_low', 'c0_max_high', 'r1_min_low', 'r1_min_high', 'c1_min_low', 'c1_min_high', 'largest_component_max_low', 'largest_component_max_high', 'count_rank1']"
9,4,"[{'color': 1, 'count': 12, 'bbox_h': 14, 'bbox_w': 14, 'bbox_area': 196, 'r0': 1, 'c0': 1, 'r1': 14, 'c1': 14, 'largest_component': 1}, {'color': 2, 'count': 11, 'bbox_h': 10, 'bbox_w': 10, 'bbox_area': 100, 'r0': 3, 'c0': 3, 'r1': 12, 'c1': 12, 'largest_component': 4}, {'color': 3, 'count': 16, 'bbox_h': 14, 'bbox_w': 14, 'bbox_area': 196, 'r0': 1, 'c0': 1, 'r1': 14, 'c1': 14, 'largest_component': 1}, {'color': 4, 'count': 29, 'bbox_h': 16, 'bbox_w': 16, 'bbox_area': 256, 'r0': 0, 'c0': 0, 'r1': 15, 'c1': 15, 'largest_component': 3}, {'color': 5, 'count': 23, 'bbox_h': 12, 'bbox_w': 12, 'bbox_area': 144, 'r0': 2, 'c0': 2, 'r1': 13, 'c1': 13, 'largest_component': 4}, {'color': 6, 'count': 19, 'bbox_h': 16, 'bbox_w': 16, 'bbox_area': 256, 'r0': 0, 'c0': 0, 'r1': 15, 'c1': 15, 'largest_component': 2}, {'color': 7, 'count': 44, 'bbox_h': 16, 'bbox_w': 16, 'bbox_area': 256, 'r0': 0, 'c0': 0, 'r1': 15, 'c1': 15, 'largest_component': 2}, {'color': 8, 'count': 35, 'bbox_h': 16, 'bbox_w': 16, 'bbox_area': 256, 'r0': 0, 'c0': 0, 'r1': 15, 'c1': 15, 'largest_component': 4}, {'color': 9, 'count': 58, 'bbox_h': 16, 'bbox_w': 16, 'bbox_area': 256, 'r0': 0, 'c0': 0, 'r1': 15, 'c1': 15, 'largest_component': 4}]","['bbox_h_max_low', 'bbox_w_max_low', 'bbox_area_max_low', 'r0_min_low', 'c0_min_low', 'r1_max_low', 'c1_max_low', 'count_rank3', 'area_rank0']"
10,6,"[{'color': 1, 'count': 24, 'bbox_h': 16, 'bbox_w': 16, 'bbox_area': 256, 'r0': 0, 'c0': 0, 'r1': 15, 'c1': 15, 'largest_component': 2}, {'color': 2, 'count': 20, 'bbox_h': 16, 'bbox_w': 16, 'bbox_area': 256, 'r0': 0, 'c0': 0, 'r1': 15, 'c1': 15, 'largest_component': 4}, {'color': 3, 'count': 15, 'bbox_h': 14, 'bbox_w': 14, 'bbox_area': 196, 'r0': 1, 'c0': 1, 'r1': 14, 'c1': 14, 'largest_component': 2}, {'color': 4, 'count': 46, 'bbox_h': 16, 'bbox_w': 16, 'bbox_area': 256, 'r0': 0, 'c0': 0, 'r1': 15, 'c1': 15, 'largest_component': 2}, {'color': 5, 'count': 26, 'bbox_h': 14, 'bbox_w': 14, 'bbox_area': 196, 'r0': 1, 'c0': 1, 'r1': 14, 'c1': 14, 'largest_component': 1}, {'color': 6, 'count': 49, 'bbox_h': 16, 'bbox_w': 16, 'bbox_area': 256, 'r0': 0, 'c0': 0, 'r1': 15, 'c1': 15, 'largest_component': 4}, {'color': 7, 'count': 35, 'bbox_h': 16, 'bbox_w': 16, 'bbox_area': 256, 'r0': 0, 'c0': 0, 'r1': 15, 'c1': 15, 'largest_component': 2}, {'color': 8, 'count': 24, 'bbox_h': 16, 'bbox_w': 16, 'bbox_area': 256, 'r0': 0, 'c0': 0, 'r1': 15, 'c1': 15, 'largest_component': 3}, {'color': 9, 'count': 8, 'bbox_h': 14, 'bbox_w': 14, 'bbox_area': 196, 'r0': 1, 'c0': 1, 'r1': 14, 'c1': 14, 'largest_component': 1}]","['count_max_low', 'count_max_high', 'largest_component_max_high', 'count_rank0', 'area_rank3']"
11,3,"[{'color': 1, 'count': 16, 'bbox_h': 14, 'bbox_w': 14, 'bbox_area': 196, 'r0': 1, 'c0': 1, 'r1': 14, 'c1': 14, 'largest_component': 2}, {'color': 2, 'count': 22, 'bbox_h': 16, 'bbox_w': 16, 'bbox_area': 256, 'r0': 0, 'c0': 0, 'r1': 15, 'c1': 15, 'largest_component': 1}, {'color': 3, 'count': 58, 'bbox_h': 16, 'bbox_w': 16, 'bbox_area': 256, 'r0': 0, 'c0': 0, 'r1': 15, 'c1': 15, 'largest_component': 4}, {'color': 4, 'count': 46, 'bbox_h': 16, 'bbox_w': 16, 'bbox_area': 256, 'r0': 0, 'c0': 0, 'r1': 15, 'c1': 15, 'largest_component': 4}, {'color': 5, 'count': 22, 'bbox_h': 16, 'bbox_w': 16, 'bbox_area': 256, 'r0': 0, 'c0': 0, 'r1': 15, 'c1': 15, 'largest_component': 4}, {'color': 6, 'count': 35, 'bbox_h': 16, 'bbox_w': 16, 'bbox_area': 256, 'r0': 0, 'c0': 0, 'r1': 15, 'c1': 15, 'largest_component': 12}, {'color': 7, 'count': 12, 'bbox_h': 14, 'bbox_w': 14, 'bbox_area': 196, 'r0': 1, 'c0': 1, 'r1': 14, 'c1': 14, 'largest_component': 2}, {'color': 8, 'count': 20, 'bbox_h': 16, 'bbox_w': 16, 'bbox_area': 256, 'r0': 0, 'c0': 0, 'r1': 15, 'c1': 15, 'largest_component': 1}, {'color': 9, 'count': 16, 'bbox_h': 8, 'bbox_w': 8, 'bbox_area': 64, 'r0': 4, 'c0': 4, 'r1': 11, 'c1': 11, 'largest_component': 2}]","['count_max_low', 'count_max_high', 'count_rank0', 'area_rank1']"
12,2,"[{'color': 1, 'count': 23, 'bbox_h': 10, 'bbox_w': 10, 'bbox_area': 100, 'r0': 3, 'c0': 3, 'r1': 12, 'c1': 12, 'largest_component': 2}, {'color': 2, 'count': 42, 'bbox_h': 16, 'bbox_w': 16, 'bbox_area': 256, 'r0': 0, 'c0': 0, 'r1': 15, 'c1': 15, 'largest_component': 4}, {'color': 3, 'count': 23, 'bbox_h': 12, 'bbox_w': 12, 'bbox_area': 144, 'r0': 2, 'c0': 2, 'r1': 13, 'c1': 13, 'largest_component': 2}, {'color': 4, 'count': 27, 'bbox_h': 16, 'bbox_w': 16, 'bbox_area': 256, 'r0': 0, 'c0': 0, 'r1': 15, 'c1': 15, 'largest_component': 3}, {'color': 5, 'count': 8, 'bbox_h': 4, 'bbox_w': 4, 'bbox_area': 16, 'r0': 6, 'c0': 6, 'r1': 9, 'c1': 9, 'largest_component': 2}, {'color': 6, 'count': 31, 'bbox_h': 14, 'bbox_w': 14, 'bbox_area': 196, 'r0': 1, 'c0': 1, 'r1': 14, 'c1': 14, 'largest_component': 2}, {'color': 7, 'count': 51, 'bbox_h': 16, 'bbox_w': 16, 'bbox_area': 256, 'r0': 0, 'c0': 0, 'r1': 15, 'c1': 15, 'largest_component': 4}, {'color': 8, 'count': 19, 'bbox_h': 16, 'bbox_w': 16, 'bbox_area': 256, 'r0': 0, 'c0': 0, 'r1': 15, 'c1': 15, 'largest_component': 1}, {'color': 9, 'count': 23, 'bbox_h': 16, 'bbox_w': 16, 'bbox_area': 256, 'r0': 0, 'c0': 0, 'r1': 15, 'c1': 15, 'largest_component': 2}]","['bbox_h_max_low', 'bbox_w_max_low', 'bbox_area_max_low', 'r0_min_low', 'c0_min_low', 'r1_max_low', 'c1_max_low', 'largest_component_max_low', 'count_rank1', 'area_rank0']"
13,4,"[{'color': 1, 'count': 74, 'bbox_h': 16, 'bbox_w': 16, 'bbox_area': 256, 'r0': 0, 'c0': 0, 'r1': 15, 'c1': 15, 'largest_component': 6}, {'color': 2, 'count': 7, 'bbox_h': 14, 'bbox_w': 14, 'bbox_area': 196, 'r0': 1, 'c0': 1, 'r1': 14, 'c1': 14, 'largest_component': 1}, {'color': 3, 'count': 24, 'bbox_h': 12, 'bbox_w': 12, 'bbox_area': 144, 'r0': 2, 'c0': 2, 'r1': 13, 'c1': 13, 'largest_component': 4}, {'color': 4, 'count': 37, 'bbox_h': 16, 'bbox_w': 16, 'bbox_area': 256, 'r0': 0, 'c0': 0, 'r1': 15, 'c1': 15, 'largest_component': 2}, {'color': 5, 'count': 30, 'bbox_h': 14, 'bbox_w': 14, 'bbox_area': 196, 'r0': 1, 'c0': 1, 'r1': 14, 'c1': 14, 'largest_component': 4}, {'color': 6, 'count': 16, 'bbox_h': 16, 'bbox_w': 16, 'bbox_area': 256, 'r0': 0, 'c0': 0, 'r1': 15, 'c1': 15, 'largest_component': 1}, {'color': 7, 'count': 8, 'bbox_h': 14, 'bbox_w': 14, 'bbox_area': 196, 'r0': 1, 'c0': 1, 'r1': 14, 'c1': 14, 'largest_component': 1}, {'color': 8, 'count': 32, 'bbox_h': 16, 'bbox_w': 16, 'bbox_area': 256, 'r0': 0, 'c0': 0, 'r1': 15, 'c1': 15, 'largest_component': 2}, {'color': 9, 'count': 19, 'bbox_h': 16, 'bbox_w': 16, 'bbox_area': 256, 'r0': 0, 'c0': 0, 'r1': 15, 'c1': 15, 'largest_component': 2}]","['count_rank1', 'area_rank1']"
14,6,"[{'color': 1, 'count': 32, 'bbox_h': 16, 'bbox_w': 16, 'bbox_area': 256, 'r0': 0, 'c0': 0, 'r1': 15, 'c1': 15, 'largest_component': 4}, {'color': 2, 'count': 38, 'bbox_h': 16, 'bbox_w': 16, 'bbox_area': 256, 'r0': 0, 'c0': 0, 'r1': 15, 'c1': 15, 'largest_component': 2}, {'color': 3, 'count': 15, 'bbox_h': 10, 'bbox_w': 10, 'bbox_area': 100, 'r0': 3, 'c0': 3, 'r1': 12, 'c1': 12, 'largest_component': 2}, {'color': 4, 'count': 23, 'bbox_h': 16, 'bbox_w': 16, 'bbox_area': 256, 'r0': 0, 'c0': 0, 'r1': 15, 'c1': 15, 'largest_component': 1}, {'color': 5, 'count': 40, 'bbox_h': 16, 'bbox_w': 16, 'bbox_area': 256, 'r0': 0, 'c0': 0, 'r1': 15, 'c1': 15, 'largest_component': 20}, {'color': 6, 'count': 45, 'bbox_h': 16, 'bbox_w': 16, 'bbox_area': 256, 'r0': 0, 'c0': 0, 'r1': 15, 'c1': 15, 'largest_component': 4}, {'color': 7, 'count': 15, 'bbox_h': 14, 'bbox_w': 14, 'bbox_area': 196, 'r0': 1, 'c0': 1, 'r1': 14, 'c1': 14, 'largest_component': 1}, {'color': 8, 'count': 20, 'bbox_h': 16, 'bbox_w': 16, 'bbox_area': 256, 'r0': 0, 'c0': 0, 'r1': 15, 'c1': 15, 'largest_component': 1}, {'color': 9, 'count': 19, 'bbox_h': 12, 'bbox_w': 12, 'bbox_area': 144, 'r0': 2, 'c0': 2, 'r1': 13, 'c1': 13, 'largest_component': 2}]","['count_max_low', 'count_max_high', 'count_rank0', 'area_rank4']"
15,2,"[{'color': 1, 'count': 40, 'bbox_h': 16, 'bbox_w': 16, 'bbox_area': 256, 'r0': 0, 'c0': 0, 'r1': 15, 'c1': 15, 'largest_component': 4}, {'color': 2, 'count': 37, 'bbox_h': 16, 'bbox_w': 16, 'bbox_area': 256, 'r0': 0, 'c0': 0, 'r1': 15, 'c1': 15, 'largest_component': 2}, {'color': 3, 'count': 42, 'bbox_h': 14, 'bbox_w': 14, 'bbox_area': 196, 'r0': 1, 'c0': 1, 'r1': 14, 'c1': 14, 'largest_component': 3}, {'color': 4, 'count': 19, 'bbox_h': 16, 'bbox_w': 16, 'bbox_area': 256, 'r0': 0, 'c0': 0, 'r1': 15, 'c1': 15, 'largest_component': 2}, {'color': 5, 'count': 8, 'bbox_h': 16, 'bbox_w': 16, 'bbox_area': 256, 'r0': 0, 'c0': 0, 'r1': 15, 'c1': 15, 'largest_component': 2}, {'color': 6, 'count': 8, 'bbox_h': 4, 'bbox_w': 4, 'bbox_area': 16, 'r0': 6, 'c0': 6, 'r1': 9, 'c1': 9, 'largest_component': 2}, {'color': 7, 'count': 58, 'bbox_h': 16, 'bbox_w': 16, 'bbox_area': 256, 'r0': 0, 'c0': 0, 'r1': 15, 'c1': 15, 'largest_component': 3}, {'color': 8, 'count': 7, 'bbox_h': 14, 'bbox_w': 14, 'bbox_area': 196, 'r0': 1, 'c0': 1, 'r1': 14, 'c1': 14, 'largest_component': 1}, {'color': 9, 'count': 28, 'bbox_h': 16, 'bbox_w': 16, 'bbox_area': 256, 'r0': 0, 'c0': 0, 'r1': 15, 'c1': 15, 'largest_component': 4}]","['count_rank3', 'area_rank1']"
16,5,"[{'color': 1, 'count': 12, 'bbox_h': 16, 'bbox_w': 16, 'bbox_area': 256, 'r0': 0, 'c0': 0, 'r1': 15, 'c1': 15, 'largest_component': 1}, {'color': 2, 'count': 23, 'bbox_h': 16, 'bbox_w': 16, 'bbox_area': 256, 'r0': 0, 'c0': 0, 'r1': 15, 'c1': 15, 'largest_component': 4}, {'color': 3, 'count': 39, 'bbox_h': 16, 'bbox_w': 16, 'bbox_area': 256, 'r0': 0, 'c0': 0, 'r1': 15, 'c1': 15, 'largest_component': 4}, {'color': 4, 'count': 14, 'bbox_h': 8, 'bbox_w': 8, 'bbox_area': 64, 'r0': 4, 'c0': 4, 'r1': 11, 'c1': 11, 'largest_component': 2}, {'color': 5, 'count': 46, 'bbox_h': 16, 'bbox_w': 16, 'bbox_area': 256, 'r0': 0, 'c0': 0, 'r1': 15, 'c1': 15, 'largest_component': 3}, {'color': 6, 'count': 24, 'bbox_h': 16, 'bbox_w': 16, 'bbox_area': 256, 'r0': 0, 'c0': 0, 'r1': 15, 'c1': 15, 'largest_component': 4}, {'color': 7, 'count': 34, 'bbox_h': 14, 'bbox_w': 14, 'bbox_area': 196, 'r0': 1, 'c0': 1, 'r1': 14, 'c1': 14, 'largest_component': 2}, {'color': 8, 'count': 24, 'bbox_h': 16, 'bbox_w': 16, 'bbox_area': 256, 'r0': 0, 'c0': 0, 'r1': 15, 'c1': 15, 'largest_component': 2}, {'color': 9, 'count': 31, 'bbox_h': 14, 'bbox_w': 14, 'bbox_area': 196, 'r0': 1, 'c0': 1, 'r1': 14, 'c1': 14, 'largest_component': 2}]","['count_max_low', 'count_max_high', 'count_rank0', 'area_rank3']"
17,1,"[{'color': 1, 'count': 26, 'bbox_h': 16, 'bbox_w': 16, 'bbox_area': 256, 'r0': 0, 'c0': 0, 'r1': 15, 'c1': 15, 'largest_component': 1}, {'color': 2, 'count': 47, 'bbox_h': 16, 'bbox_w': 16, 'bbox_area': 256, 'r0': 0, 'c0': 0, 'r1': 15, 'c1': 15, 'largest_component': 4}, {'color': 3, 'count': 11, 'bbox_h': 16, 'bbox_w': 16, 'bbox_area': 256, 'r0': 0, 'c0': 0, 'r1': 15, 'c1': 15, 'largest_component': 1}, {'color': 4, 'count': 4, 'bbox_h': 12, 'bbox_w': 12, 'bbox_area': 144, 'r0': 2, 'c0': 2, 'r1': 13, 'c1': 13, 'largest_component': 1}, {'color': 5, 'count': 12, 'bbox_h': 14, 'bbox_w': 14, 'bbox_area': 196, 'r0': 1, 'c0': 1, 'r1': 14, 'c1': 14, 'largest_component': 2}, {'color': 6, 'count': 62, 'bbox_h': 16, 'bbox_w': 16, 'bbox_area': 256, 'r0': 0, 'c0': 0, 'r1': 15, 'c1': 15, 'largest_component': 4}, {'color': 7, 'count': 15, 'bbox_h': 12, 'bbox_w': 12, 'bbox_area': 144, 'r0': 2, 'c0': 2, 'r1': 13, 'c1': 13, 'largest_component': 1}, {'color': 8, 'count': 38, 'bbox_h': 14, 'bbox_w': 14, 'bbox_area': 196, 'r0': 1, 'c0': 1, 'r1': 14, 'c1': 14, 'largest_component': 3}, {'color': 9, 'count': 32, 'bbox_h': 16, 'bbox_w': 16, 'bbox_area': 256, 'r0': 0, 'c0': 0, 'r1': 15, 'c1': 15, 'largest_component': 2}]","['bbox_h_max_low', 'bbox_w_max_low', 'bbox_area_max_low', 'r0_min_low', 'c0_min_low', 'r1_max_low', 'c1_max_low', 'largest_component_min_low', 'count_rank4', 'area_rank0']"
18,4,"[{'color': 1, 'count': 38, 'bbox_h': 16, 'bbox_w': 16, 'bbox_area': 256, 'r0': 0, 'c0': 0, 'r1': 15, 'c1': 15, 'largest_component': 1}, {'color': 2, 'count': 16, 'bbox_h': 16, 'bbox_w': 16, 'bbox_area': 256, 'r0': 0, 'c0': 0, 'r1': 15, 'c1': 15, 'largest_component': 2}, {'color': 3, 'count': 16, 'bbox_h': 12, 'bbox_w': 12, 'bbox_area': 144, 'r0': 2, 'c0': 2, 'r1': 13, 'c1': 13, 'largest_component': 2}, {'color': 4, 'count': 25, 'bbox_h': 16, 'bbox_w': 16, 'bbox_area': 256, 'r0': 0, 'c0': 0, 'r1': 15, 'c1': 15, 'largest_component': 2}, {'color': 5, 'count': 40, 'bbox_h': 16, 'bbox_w': 16, 'bbox_area': 256, 'r0': 0, 'c0': 0, 'r1': 15, 'c1': 15, 'largest_component': 1}, {'color': 6, 'count': 19, 'bbox_h': 14, 'bbox_w': 14, 'bbox_area': 196, 'r0': 1, 'c0': 1, 'r1': 14, 'c1': 14, 'largest_component': 3}, {'color': 7, 'count': 53, 'bbox_h': 14, 'bbox_w': 14, 'bbox_area': 196, 'r0': 1, 'c0': 1, 'r1': 14, 'c1': 14, 'largest_component': 6}, {'color': 8, 'count': 12, 'bbox_h': 10, 'bbox_w': 10, 'bbox_area': 100, 'r0': 3, 'c0': 3, 'r1': 12, 'c1': 12, 'largest_component': 1}, {'color': 9, 'count': 28, 'bbox_h': 16, 'bbox_w': 16, 'bbox_area': 256, 'r0': 0, 'c0': 0, 'r1': 15, 'c1': 15, 'largest_component': 3}]","['count_rank4', 'area_rank2']"
19,1,"[{'color': 1, 'count': 43, 'bbox_h': 12, 'bbox_w': 12, 'bbox_area': 144, 'r0': 2, 'c0': 2, 'r1': 13, 'c1': 13, 'largest_component': 31}, {'color': 2, 'count': 28, 'bbox_h': 14, 'bbox_w': 14, 'bbox_area': 196, 'r0': 1, 'c0': 1, 'r1': 14, 'c1': 14, 'largest_component': 2}, {'color': 3, 'count': 46, 'bbox_h': 16, 'bbox_w': 16, 'bbox_area': 256, 'r0': 0, 'c0': 0, 'r1': 15, 'c1': 15, 'largest_component': 2}, {'color': 4, 'count': 16, 'bbox_h': 16, 'bbox_w': 16, 'bbox_area': 256, 'r0': 0, 'c0': 0, 'r1': 15, 'c1': 15, 'largest_component': 2}, {'color': 5, 'count': 24, 'bbox_h': 16, 'bbox_w': 16, 'bbox_area': 256, 'r0': 0, 'c0': 0, 'r1': 15, 'c1': 15, 'largest_component': 2}, {'color': 6, 'count': 34, 'bbox_h': 16, 'bbox_w': 16, 'bbox_area': 256, 'r0': 0, 'c0': 0, 'r1': 15, 'c1': 15, 'largest_component': 3}, {'color': 7, 'count': 16, 'bbox_h': 16, 'bbox_w': 16, 'bbox_area': 256, 'r0': 0, 'c0': 0, 'r1': 15, 'c1': 15, 'largest_component': 2}, {'color': 8, 'count': 28, 'bbox_h': 16, 'bbox_w': 16, 'bbox_area': 256, 'r0': 0, 'c0': 0, 'r1': 15, 'c1': 15, 'largest_component': 3}, {'color': 9, 'count': 12, 'bbox_h': 14, 'bbox_w': 14, 'bbox_area': 196, 'r0': 1, 'c0': 1, 'r1': 14, 'c1': 14, 'largest_component': 4}]","['bbox_h_min_low', 'bbox_h_min_high', 'bbox_w_min_low', 'bbox_w_min_high', 'bbox_area_min_low', 'bbox_area_min_high', 'r0_max_low', 'r0_max_high', 'c0_max_low', 'c0_max_high', 'r1_min_low', 'r1_min_high', 'c1_min_low', 'c1_min_high', 'largest_component_max_low', 'largest_component_max_high', 'count_rank1']"
20,5,"[{'color': 1, 'count': 4, 'bbox_h': 2, 'bbox_w': 2, 'bbox_area': 4, 'r0': 7, 'c0': 7, 'r1': 8, 'c1': 8, 'largest_component': 4}, {'color': 2, 'count': 15, 'bbox_h': 14, 'bbox_w': 14, 'bbox_area': 196, 'r0': 1, 'c0': 1, 'r1': 14, 'c1': 14, 'largest_component': 1}, {'color': 3, 'count': 31, 'bbox_h': 16, 'bbox_w': 16, 'bbox_area': 256, 'r0': 0, 'c0': 0, 'r1': 15, 'c1': 15, 'largest_component': 2}, {'color': 4, 'count': 48, 'bbox_h': 16, 'bbox_w': 16, 'bbox_area': 256, 'r0': 0, 'c0': 0, 'r1': 15, 'c1': 15, 'largest_component': 6}, {'color': 5, 'count': 56, 'bbox_h': 16, 'bbox_w': 16, 'bbox_area': 256, 'r0': 0, 'c0': 0, 'r1': 15, 'c1': 15, 'largest_component': 2}, {'color': 6, 'count': 28, 'bbox_h': 10, 'bbox_w': 10, 'bbox_area': 100, 'r0': 3, 'c0': 3, 'r1': 12, 'c1': 12, 'largest_component': 4}, {'color': 7, 'count': 19, 'bbox_h': 12, 'bbox_w': 12, 'bbox_area': 144, 'r0': 2, 'c0': 2, 'r1': 13, 'c1': 13, 'largest_component': 1}, {'color': 8, 'count': 11, 'bbox_h': 16, 'bbox_w': 16, 'bbox_area': 256, 'r0': 0, 'c0': 0, 'r1': 15, 'c1': 15, 'largest_component': 1}, {'color': 9, 'count': 35, 'bbox_h': 12, 'bbox_w': 12, 'bbox_area': 144, 'r0': 2, 'c0': 2, 'r1': 13, 'c1': 13, 'largest_component': 5}]","['count_max_low', 'count_max_high', 'count_rank0', 'area_rank2']"
21,9,"[{'color': 1, 'count': 23, 'bbox_h': 16, 'bbox_w': 16, 'bbox_area': 256, 'r0': 0, 'c0': 0, 'r1': 15, 'c1': 15, 'largest_component': 1}, {'color': 2, 'count': 30, 'bbox_h': 14, 'bbox_w': 14, 'bbox_area': 196, 'r0': 1, 'c0': 1, 'r1': 14, 'c1': 14, 'largest_component': 2}, {'color': 3, 'count': 15, 'bbox_h': 14, 'bbox_w': 14, 'bbox_area': 196, 'r0': 1, 'c0': 1, 'r1': 14, 'c1': 14, 'largest_component': 4}, {'color': 4, 'count': 20, 'bbox_h': 16, 'bbox_w': 16, 'bbox_area': 256, 'r0': 0, 'c0': 0, 'r1': 15, 'c1': 15, 'largest_component': 2}, {'color': 5, 'count': 50, 'bbox_h': 16, 'bbox_w': 16, 'bbox_area': 256, 'r0': 0, 'c0': 0, 'r1': 15, 'c1': 15, 'largest_component': 6}, {'color': 6, 'count': 15, 'bbox_h': 12, 'bbox_w': 12, 'bbox_area': 144, 'r0': 2, 'c0': 2, 'r1': 13, 'c1': 13, 'largest_component': 2}, {'color': 7, 'count': 28, 'bbox_h': 16, 'bbox_w': 16, 'bbox_area': 256, 'r0': 0, 'c0': 0, 'r1': 15, 'c1': 15, 'largest_component': 2}, {'color': 8, 'count': 24, 'bbox_h': 16, 'bbox_w': 16, 'bbox_area': 256, 'r0': 0, 'c0': 0, 'r1': 15, 'c1': 15, 'largest_component': 2}, {'color': 9, 'count': 42, 'bbox_h': 16, 'bbox_w': 16, 'bbox_area': 256, 'r0': 0, 'c0': 0, 'r1': 15, 'c1': 15, 'largest_component': 2}]","['bbox_h_max_high', 'bbox_w_max_high', 'bbox_area_max_high', 'r0_min_high', 'c0_min_high', 'r1_max_high', 'c1_max_high', 'count_rank1']"
22,9,"[{'color': 1, 'count': 11, 'bbox_h': 14, 'bbox_w': 14, 'bbox_area': 196, 'r0': 1, 'c0': 1, 'r1': 14, 'c1': 14, 'largest_component': 1}, {'color': 2, 'count': 27, 'bbox_h': 16, 'bbox_w': 16, 'bbox_area': 256, 'r0': 0, 'c0': 0, 'r1': 15, 'c1': 15, 'largest_component': 2}, {'color': 3, 'count': 16, 'bbox_h': 14, 'bbox_w': 14, 'bbox_area': 196, 'r0': 1, 'c0': 1, 'r1': 14, 'c1': 14, 'largest_component': 1}, {'color': 4, 'count': 11, 'bbox_h': 16, 'bbox_w': 16, 'bbox_area': 256, 'r0': 0, 'c0': 0, 'r1': 15, 'c1': 15, 'largest_component': 1}, {'color': 5, 'count': 48, 'bbox_h': 16, 'bbox_w': 16, 'bbox_area': 256, 'r0': 0, 'c0': 0, 'r1': 15, 'c1': 15, 'largest_component': 3}, {'color': 6, 'count': 34, 'bbox_h': 16, 'bbox_w': 16, 'bbox_area': 256, 'r0': 0, 'c0': 0, 'r1': 15, 'c1': 15, 'largest_component': 4}, {'color': 7, 'count': 24, 'bbox_h': 16, 'bbox_w': 16, 'bbox_area': 256, 'r0': 0, 'c0': 0, 'r1': 15, 'c1': 15, 'largest_component': 2}, {'color': 8, 'count': 26, 'bbox_h': 16, 'bbox_w': 16, 'bbox_area': 256, 'r0': 0, 'c0': 0, 'r1': 15, 'c1': 15, 'largest_component': 1}, {'color': 9, 'count': 50, 'bbox_h': 16, 'bbox_w': 16, 'bbox_area': 256, 'r0': 0, 'c0': 0, 'r1': 15, 'c1': 15, 'largest_component': 3}]","['count_max_low', 'count_max_high', 'bbox_h_max_high', 'bbox_w_max_high', 'bbox_area_max_high', 'r0_min_high', 'c0_min_high', 'r1_max_high', 'c1_max_high', 'count_rank0']"
23,4,"[{'color': 1, 'count': 30, 'bbox_h': 16, 'bbox_w': 16, 'bbox_area': 256, 'r0': 0, 'c0': 0, 'r1': 15, 'c1': 15, 'largest_component': 2}, {'color': 2, 'count': 20, 'bbox_h': 16, 'bbox_w': 16, 'bbox_area': 256, 'r0': 0, 'c0': 0, 'r1': 15, 'c1': 15, 'largest_component': 1}, {'color': 4, 'count': 22, 'bbox_h': 16, 'bbox_w': 16, 'bbox_area': 256, 'r0': 0, 'c0': 0, 'r1': 15, 'c1': 15, 'largest_component': 2}, {'color': 5, 'count': 39, 'bbox_h': 16, 'bbox_w': 16, 'bbox_area': 256, 'r0': 0, 'c0': 0, 'r1': 15, 'c1': 15, 'largest_component': 4}, {'color': 6, 'count': 28, 'bbox_h': 16, 'bbox_w': 16, 'bbox_area': 256, 'r0': 0, 'c0': 0, 'r1': 15, 'c1': 15, 'largest_component': 2}, {'color': 7, 'count': 23, 'bbox_h': 14, 'bbox_w': 14, 'bbox_area': 196, 'r0': 1, 'c0': 1, 'r1': 14, 'c1': 14, 'largest_component': 2}, {'color': 8, 'count': 46, 'bbox_h': 16, 'bbox_w': 16, 'bbox_area': 256, 'r0': 0, 'c0': 0, 'r1': 15, 'c1': 15, 'largest_component': 2}, {'color': 9, 'count': 39, 'bbox_h': 16, 'bbox_w': 16, 'bbox_area': 256, 'r0': 0, 'c0': 0, 'r1': 15, 'c1': 15, 'largest_component': 12}]",['area_rank2']
24,8,"[{'color': 1, 'count': 12, 'bbox_h': 16, 'bbox_w': 16, 'bbox_area': 256, 'r0': 0, 'c0': 0, 'r1': 15, 'c1': 15, 'largest_component': 1}, {'color': 2, 'count': 15, 'bbox_h': 14, 'bbox_w': 14, 'bbox_area': 196, 'r0': 1, 'c0': 1, 'r1': 14, 'c1': 14, 'largest_component': 1}, {'color': 3, 'count': 12, 'bbox_h': 12, 'bbox_w': 12, 'bbox_area': 144, 'r0': 2, 'c0': 2, 'r1': 13, 'c1': 13, 'largest_component': 2}, {'color': 4, 'count': 62, 'bbox_h': 16, 'bbox_w': 16, 'bbox_area': 256, 'r0': 0, 'c0': 0, 'r1': 15, 'c1': 15, 'largest_component': 2}, {'color': 5, 'count': 32, 'bbox_h': 16, 'bbox_w': 16, 'bbox_area': 256, 'r0': 0, 'c0': 0, 'r1': 15, 'c1': 15, 'largest_component': 4}, {'color': 6, 'count': 32, 'bbox_h': 16, 'bbox_w': 16, 'bbox_area': 256, 'r0': 0, 'c0': 0, 'r1': 15, 'c1': 15, 'largest_component': 2}, {'color': 7, 'count': 38, 'bbox_h': 16, 'bbox_w': 16, 'bbox_area': 256, 'r0': 0, 'c0': 0, 'r1': 15, 'c1': 15, 'largest_component': 2}, {'color': 8, 'count': 18, 'bbox_h': 14, 'bbox_w': 14, 'bbox_area': 196, 'r0': 1, 'c0': 1, 'r1': 14, 'c1': 14, 'largest_component': 2}, {'color': 9, 'count': 26, 'bbox_h': 14, 'bbox_w': 14, 'bbox_area': 196, 'r0': 1, 'c0': 1, 'r1': 14, 'c1': 14, 'largest_component': 3}]",[]
25,1,"[{'color': 1, 'count': 41, 'bbox_h': 16, 'bbox_w': 16, 'bbox_area': 256, 'r0': 0, 'c0': 0, 'r1': 15, 'c1': 15, 'largest_component': 4}, {'color': 2, 'count': 39, 'bbox_h': 16, 'bbox_w': 16, 'bbox_area': 256, 'r0': 0, 'c0': 0, 'r1': 15, 'c1': 15, 'largest_component': 2}, {'color': 3, 'count': 16, 'bbox_h': 16, 'bbox_w': 16, 'bbox_area': 256, 'r0': 0, 'c0': 0, 'r1': 15, 'c1': 15, 'largest_component': 1}, {'color': 4, 'count': 31, 'bbox_h': 16, 'bbox_w': 16, 'bbox_area': 256, 'r0': 0, 'c0': 0, 'r1': 15, 'c1': 15, 'largest_component': 4}, {'color': 5, 'count': 20, 'bbox_h': 14, 'bbox_w': 14, 'bbox_area': 196, 'r0': 1, 'c0': 1, 'r1': 14, 'c1': 14, 'largest_component': 2}, {'color': 6, 'count': 23, 'bbox_h': 16, 'bbox_w': 16, 'bbox_area': 256, 'r0': 0, 'c0': 0, 'r1': 15, 'c1': 15, 'largest_component': 2}, {'color': 7, 'count': 19, 'bbox_h': 16, 'bbox_w': 16, 'bbox_area': 256, 'r0': 0, 'c0': 0, 'r1': 15, 'c1': 15, 'largest_component': 1}, {'color': 8, 'count': 24, 'bbox_h': 14, 'bbox_w': 14, 'bbox_area': 196, 'r0': 1, 'c0': 1, 'r1': 14, 'c1': 14, 'largest_component': 4}, {'color': 9, 'count': 34, 'bbox_h': 16, 'bbox_w': 16, 'bbox_area': 256, 'r0': 0, 'c0': 0, 'r1': 15, 'c1': 15, 'largest_component': 2}]","['count_max_low', 'count_max_high', 'bbox_h_max_low', 'bbox_w_max_low', 'bbox_area_max_low', 'r0_min_low', 'c0_min_low', 'r1_max_low', 'c1_max_low', 'largest_component_max_low', 'count_rank0', 'area_rank0']"
26,8,"[{'color': 1, 'count': 24, 'bbox_h': 16, 'bbox_w': 16, 'bbox_area': 256, 'r0': 0, 'c0': 0, 'r1': 15, 'c1': 15, 'largest_component': 2}, {'color': 2, 'count': 27, 'bbox_h': 14, 'bbox_w': 14, 'bbox_area': 196, 'r0': 1, 'c0': 1, 'r1': 14, 'c1': 14, 'largest_component': 2}, {'color': 3, 'count': 36, 'bbox_h': 16, 'bbox_w': 16, 'bbox_area': 256, 'r0': 0, 'c0': 0, 'r1': 15, 'c1': 15, 'largest_component': 2}, {'color': 4, 'count': 15, 'bbox_h': 16, 'bbox_w': 16, 'bbox_area': 256, 'r0': 0, 'c0': 0, 'r1': 15, 'c1': 15, 'largest_component': 2}, {'color': 5, 'count': 15, 'bbox_h': 14, 'bbox_w': 14, 'bbox_area': 196, 'r0': 1, 'c0': 1, 'r1': 14, 'c1': 14, 'largest_component': 2}, {'color': 6, 'count': 7, 'bbox_h': 10, 'bbox_w': 10, 'bbox_area': 100, 'r0': 3, 'c0': 3, 'r1': 12, 'c1': 12, 'largest_component': 1}, {'color': 7, 'count': 47, 'bbox_h': 16, 'bbox_w': 16, 'bbox_area': 256, 'r0': 0, 'c0': 0, 'r1': 15, 'c1': 15, 'largest_component': 3}, {'color': 8, 'count': 42, 'bbox_h': 16, 'bbox_w': 16, 'bbox_area': 256, 'r0': 0, 'c0': 0, 'r1': 15, 'c1': 15, 'largest_component': 4}, {'color': 9, 'count': 34, 'bbox_h': 12, 'bbox_w': 12, 'bbox_area': 144, 'r0': 2, 'c0': 2, 'r1': 13, 'c1': 13, 'largest_component': 3}]","['bbox_h_max_high', 'bbox_w_max_high', 'bbox_area_max_high', 'r0_min_high', 'c0_min_high', 'r1_max_high', 'c1_max_high', 'largest_component_max_low', 'largest_component_max_high', 'count_rank1', 'area_rank4']"
27,4,"[{'color': 1, 'count': 27, 'bbox_h': 16, 'bbox_w': 16, 'bbox_area': 256, 'r0': 0, 'c0': 0, 'r1': 15, 'c1': 15, 'largest_component': 4}, {'color': 2, 'count': 54, 'bbox_h': 16, 'bbox_w': 16, 'bbox_area': 256, 'r0': 0, 'c0': 0, 'r1': 15, 'c1': 15, 'largest_component': 6}, {'color': 3, 'count': 15, 'bbox_h': 12, 'bbox_w': 12, 'bbox_area': 144, 'r0': 2, 'c0': 2, 'r1': 13, 'c1': 13, 'largest_component': 2}, {'color': 4, 'count': 53, 'bbox_h': 16, 'bbox_w': 16, 'bbox_area': 256, 'r0': 0, 'c0': 0, 'r1': 15, 'c1': 15, 'largest_component': 6}, {'color': 5, 'count': 8, 'bbox_h': 16, 'bbox_w': 16, 'bbox_area': 256, 'r0': 0, 'c0': 0, 'r1': 15, 'c1': 15, 'largest_component': 1}, {'color': 6, 'count': 24, 'bbox_h': 16, 'bbox_w': 16, 'bbox_area': 256, 'r0': 0, 'c0': 0, 'r1': 15, 'c1': 15, 'largest_component': 1}, {'color': 7, 'count': 27, 'bbox_h': 16, 'bbox_w': 16, 'bbox_area': 256, 'r0': 0, 'c0': 0, 'r1': 15, 'c1': 15, 'largest_component': 2}, {'color': 8, 'count': 23, 'bbox_h': 16, 'bbox_w': 16, 'bbox_area': 256, 'r0': 0, 'c0': 0, 'r1': 15, 'c1': 15, 'largest_component': 2}, {'color': 9, 'count': 16, 'bbox_h': 16, 'bbox_w': 16, 'bbox_area': 256, 'r0': 0, 'c0': 0, 'r1': 15, 'c1': 15, 'largest_component': 1}]","['largest_component_max_high', 'count_rank1', 'area_rank2']"
28,5,"[{'color': 1, 'count': 35, 'bbox_h': 16, 'bbox_w': 16, 'bbox_area': 256, 'r0': 0, 'c0': 0, 'r1': 15, 'c1': 15, 'largest_component': 2}, {'color': 2, 'count': 27, 'bbox_h': 16, 'bbox_w': 16, 'bbox_area': 256, 'r0': 0, 'c0': 0, 'r1': 15, 'c1': 15, 'largest_component': 2}, {'color': 3, 'count': 15, 'bbox_h': 16, 'bbox_w': 16, 'bbox_area': 256, 'r0': 0, 'c0': 0, 'r1': 15, 'c1': 15, 'largest_component': 1}, {'color': 4, 'count': 28, 'bbox_h': 16, 'bbox_w': 16, 'bbox_area': 256, 'r0': 0, 'c0': 0, 'r1': 15, 'c1': 15, 'largest_component': 4}, {'color': 5, 'count': 26, 'bbox_h': 14, 'bbox_w': 14, 'bbox_area': 196, 'r0': 1, 'c0': 1, 'r1': 14, 'c1': 14, 'largest_component': 4}, {'color': 6, 'count': 31, 'bbox_h': 16, 'bbox_w': 16, 'bbox_area': 256, 'r0': 0, 'c0': 0, 'r1': 15, 'c1': 15, 'largest_component': 2}, {'color': 7, 'count': 40, 'bbox_h': 16, 'bbox_w': 16, 'bbox_area': 256, 'r0': 0, 'c0': 0, 'r1': 15, 'c1': 15, 'largest_component': 3}, {'color': 8, 'count': 7, 'bbox_h': 10, 'bbox_w': 10, 'bbox_area': 100, 'r0': 3, 'c0': 3, 'r1': 12, 'c1': 12, 'largest_component': 1}, {'color': 9, 'count': 38, 'bbox_h': 16, 'bbox_w': 16, 'bbox_area': 256, 'r0': 0, 'c0': 0, 'r1': 15, 'c1': 15, 'largest_component': 2}]",['largest_component_max_high']
29,5,"[{'color': 1, 'count': 8, 'bbox_h': 14, 'bbox_w': 14, 'bbox_area': 196, 'r0': 1, 'c0': 1, 'r1': 14, 'c1': 14, 'largest_component': 1}, {'color': 2, 'count': 19, 'bbox_h': 14, 'bbox_w': 14, 'bbox_area': 196, 'r0': 1, 'c0': 1, 'r1': 14, 'c1': 14, 'largest_component': 2}, {'color': 4, 'count': 19, 'bbox_h': 16, 'bbox_w': 16, 'bbox_area': 256, 'r0': 0, 'c0': 0, 'r1': 15, 'c1': 15, 'largest_component': 1}, {'color': 5, 'count': 41, 'bbox_h': 16, 'bbox_w': 16, 'bbox_area': 256, 'r0': 0, 'c0': 0, 'r1': 15, 'c1': 15, 'largest_component': 3}, {'color': 6, 'count': 47, 'bbox_h': 16, 'bbox_w': 16, 'bbox_area': 256, 'r0': 0, 'c0': 0, 'r1': 15, 'c1': 15, 'largest_component': 3}, {'color': 7, 'count': 75, 'bbox_h': 16, 'bbox_w': 16, 'bbox_area': 256, 'r0': 0, 'c0': 0, 'r1': 15, 'c1': 15, 'largest_component': 8}, {'color': 8, 'count': 23, 'bbox_h': 10, 'bbox_w': 10, 'bbox_area': 100, 'r0': 3, 'c0': 3, 'r1': 12, 'c1': 12, 'largest_component': 4}, {'color': 9, 'count': 15, 'bbox_h': 8, 'bbox_w': 8, 'bbox_area': 64, 'r0': 4, 'c0': 4, 'r1': 11, 'c1': 11, 'largest_component': 2}]","['count_rank2', 'area_rank1']"
30,8,"[{'color': 1, 'count': 28, 'bbox_h': 16, 'bbox_w': 16, 'bbox_area': 256, 'r0': 0, 'c0': 0, 'r1': 15, 'c1': 15, 'largest_component': 2}, {'color': 2, 'count': 31, 'bbox_h': 16, 'bbox_w': 16, 'bbox_area': 256, 'r0': 0, 'c0': 0, 'r1': 15, 'c1': 15, 'largest_component': 2}, {'color': 3, 'count': 14, 'bbox_h': 12, 'bbox_w': 12, 'bbox_area': 144, 'r0': 2, 'c0': 2, 'r1': 13, 'c1': 13, 'largest_component': 4}, {'color': 4, 'count': 4, 'bbox_h': 4, 'bbox_w': 4, 'bbox_area': 16, 'r0': 6, 'c0': 6, 'r1': 9, 'c1': 9, 'largest_component': 1}, {'color': 6, 'count': 47, 'bbox_h': 16, 'bbox_w': 16, 'bbox_area': 256, 'r0': 0, 'c0': 0, 'r1': 15, 'c1': 15, 'largest_component': 4}, {'color': 7, 'count': 43, 'bbox_h': 16, 'bbox_w': 16, 'bbox_area': 256, 'r0': 0, 'c0': 0, 'r1': 15, 'c1': 15, 'largest_component': 3}, {'color': 8, 'count': 53, 'bbox_h': 16, 'bbox_w': 16, 'bbox_area': 256, 'r0': 0, 'c0': 0, 'r1': 15, 'c1': 15, 'largest_component': 2}, {'color': 9, 'count': 27, 'bbox_h': 16, 'bbox_w': 16, 'bbox_area': 256, 'r0': 0, 'c0': 0, 'r1': 15, 'c1': 15, 'largest_component': 2}]","['count_max_low', 'count_max_high', 'count_rank0', 'area_rank4']"
31,4,"[{'color': 1, 'count': 39, 'bbox_h': 16, 'bbox_w': 16, 'bbox_area': 256, 'r0': 0, 'c0': 0, 'r1': 15, 'c1': 15, 'largest_component': 2}, {'color': 2, 'count': 27, 'bbox_h': 14, 'bbox_w': 14, 'bbox_area': 196, 'r0': 1, 'c0': 1, 'r1': 14, 'c1': 14, 'largest_component': 2}, {'color': 3, 'count': 8, 'bbox_h': 12, 'bbox_w': 12, 'bbox_area': 144, 'r0': 2, 'c0': 2, 'r1': 13, 'c1': 13, 'largest_component': 1}, {'color': 4, 'count': 42, 'bbox_h': 14, 'bbox_w': 14, 'bbox_area': 196, 'r0': 1, 'c0': 1, 'r1': 14, 'c1': 14, 'largest_component': 2}, {'color': 5, 'count': 15, 'bbox_h': 10, 'bbox_w': 10, 'bbox_area': 100, 'r0': 3, 'c0': 3, 'r1': 12, 'c1': 12, 'largest_component': 2}, {'color': 6, 'count': 19, 'bbox_h': 16, 'bbox_w': 16, 'bbox_area': 256, 'r0': 0, 'c0': 0, 'r1': 15, 'c1': 15, 'largest_component': 4}, {'color': 7, 'count': 54, 'bbox_h': 16, 'bbox_w': 16, 'bbox_area': 256, 'r0': 0, 'c0': 0, 'r1': 15, 'c1': 15, 'largest_component': 2}, {'color': 8, 'count': 8, 'bbox_h': 14, 'bbox_w': 14, 'bbox_area': 196, 'r0': 1, 'c0': 1, 'r1': 14, 'c1': 14, 'largest_component': 1}, {'color': 9, 'count': 35, 'bbox_h': 16, 'bbox_w': 16, 'bbox_area': 256, 'r0': 0, 'c0': 0, 'r1': 15, 'c1': 15, 'largest_component': 4}]",['count_rank1']
32,5,"[{'color': 1, 'count': 39, 'bbox_h': 16, 'bbox_w': 16, 'bbox_area': 256, 'r0': 0, 'c0': 0, 'r1': 15, 'c1': 15, 'largest_component': 4}, {'color': 2, 'count': 39, 'bbox_h': 16, 'bbox_w': 16, 'bbox_area': 256, 'r0': 0, 'c0': 0, 'r1': 15, 'c1': 15, 'largest_component': 4}, {'color': 3, 'count': 24, 'bbox_h': 14, 'bbox_w': 14, 'bbox_area': 196, 'r0': 1, 'c0': 1, 'r1': 14, 'c1': 14, 'largest_component': 2}, {'color': 4, 'count': 26, 'bbox_h': 16, 'bbox_w': 16, 'bbox_area': 256, 'r0': 0, 'c0': 0, 'r1': 15, 'c1': 15, 'largest_component': 3}, {'color': 5, 'count': 51, 'bbox_h': 16, 'bbox_w': 16, 'bbox_area': 256, 'r0': 0, 'c0': 0, 'r1': 15, 'c1': 15, 'largest_component': 5}, {'color': 8, 'count': 36, 'bbox_h': 14, 'bbox_w': 14, 'bbox_area': 196, 'r0': 1, 'c0': 1, 'r1': 14, 'c1': 14, 'largest_component': 2}, {'color': 9, 'count': 32, 'bbox_h': 16, 'bbox_w': 16, 'bbox_area': 256, 'r0': 0, 'c0': 0, 'r1': 15, 'c1': 15, 'largest_component': 2}]","['count_max_low', 'count_max_high', 'largest_component_max_low', 'largest_component_max_high', 'count_rank0', 'area_rank3']"
33,9,"[{'color': 1, 'count': 34, 'bbox_h': 16, 'bbox_w': 16, 'bbox_area': 256, 'r0': 0, 'c0': 0, 'r1': 15, 'c1': 15, 'largest_component': 4}, {'color': 2, 'count': 20, 'bbox_h': 16, 'bbox_w': 16, 'bbox_area': 256, 'r0': 0, 'c0': 0, 'r1': 15, 'c1': 15, 'largest_component': 2}, {'color': 3, 'count': 50, 'bbox_h': 14, 'bbox_w': 14, 'bbox_area': 196, 'r0': 1, 'c0': 1, 'r1': 14, 'c1': 14, 'largest_component': 4}, {'color': 4, 'count': 16, 'bbox_h': 14, 'bbox_w': 14, 'bbox_area': 196, 'r0': 1, 'c0': 1, 'r1': 14, 'c1': 14, 'largest_component': 3}, {'color': 5, 'count': 15, 'bbox_h': 14, 'bbox_w': 14, 'bbox_area': 196, 'r0': 1, 'c0': 1, 'r1': 14, 'c1': 14, 'largest_component': 4}, {'color': 6, 'count': 24, 'bbox_h': 16, 'bbox_w': 16, 'bbox_area': 256, 'r0': 0, 'c0': 0, 'r1': 15, 'c1': 15, 'largest_component': 2}, {'color': 7, 'count': 31, 'bbox_h': 16, 'bbox_w': 16, 'bbox_area': 256, 'r0': 0, 'c0': 0, 'r1': 15, 'c1': 15, 'largest_component': 2}, {'color': 8, 'count': 12, 'bbox_h': 6, 'bbox_w': 6, 'bbox_area': 36, 'r0': 5, 'c0': 5, 'r1': 10, 'c1': 10, 'largest_component': 3}, {'color': 9, 'count': 45, 'bbox_h': 16, 'bbox_w': 16, 'bbox_area': 256, 'r0': 0, 'c0': 0, 'r1': 15, 'c1': 15, 'largest_component': 3}]","['bbox_h_max_high', 'bbox_w_max_high', 'bbox_area_max_high', 'r0_min_high', 'c0_min_high', 'r1_max_high', 'c1_max_high', 'count_rank1', 'area_rank4']"
34,3,"[{'color': 1, 'count': 24, 'bbox_h': 16, 'bbox_w': 16, 'bbox_area': 256, 'r0': 0, 'c0': 0, 'r1': 15, 'c1': 15, 'largest_component': 2}, {'color': 2, 'count': 38, 'bbox_h': 16, 'bbox_w': 16, 'bbox_area': 256, 'r0': 0, 'c0': 0, 'r1': 15, 'c1': 15, 'largest_component': 3}, {'color': 3, 'count': 50, 'bbox_h': 16, 'bbox_w': 16, 'bbox_area': 256, 'r0': 0, 'c0': 0, 'r1': 15, 'c1': 15, 'largest_component': 3}, {'color': 4, 'count': 22, 'bbox_h': 12, 'bbox_w': 12, 'bbox_area': 144, 'r0': 2, 'c0': 2, 'r1': 13, 'c1': 13, 'largest_component': 4}, {'color': 5, 'count': 8, 'bbox_h': 10, 'bbox_w': 10, 'bbox_area': 100, 'r0': 3, 'c0': 3, 'r1': 12, 'c1': 12, 'largest_component': 1}, {'color': 6, 'count': 28, 'bbox_h': 16, 'bbox_w': 16, 'bbox_area': 256, 'r0': 0, 'c0': 0, 'r1': 15, 'c1': 15, 'largest_component': 2}, {'color': 7, 'count': 8, 'bbox_h': 8, 'bbox_w': 8, 'bbox_area': 64, 'r0': 4, 'c0': 4, 'r1': 11, 'c1': 11, 'largest_component': 1}, {'color': 8, 'count': 46, 'bbox_h': 16, 'bbox_w': 16, 'bbox_area': 256, 'r0': 0, 'c0': 0, 'r1': 15, 'c1': 15, 'largest_component': 3}, {'color': 9, 'count': 23, 'bbox_h': 12, 'bbox_w': 12, 'bbox_area': 144, 'r0': 2, 'c0': 2, 'r1': 13, 'c1': 13, 'largest_component': 4}]","['count_max_low', 'count_max_high', 'count_rank0', 'area_rank2']"
35,4,"[{'color': 1, 'count': 36, 'bbox_h': 16, 'bbox_w': 16, 'bbox_area': 256, 'r0': 0, 'c0': 0, 'r1': 15, 'c1': 15, 'largest_component': 3}, {'color': 2, 'count': 30, 'bbox_h': 16, 'bbox_w': 16, 'bbox_area': 256, 'r0': 0, 'c0': 0, 'r1': 15, 'c1': 15, 'largest_component': 4}, {'color': 3, 'count': 16, 'bbox_h': 14, 'bbox_w': 14, 'bbox_area': 196, 'r0': 1, 'c0': 1, 'r1': 14, 'c1': 14, 'largest_component': 1}, {'color': 4, 'count': 45, 'bbox_h': 16, 'bbox_w': 16, 'bbox_area': 256, 'r0': 0, 'c0': 0, 'r1': 15, 'c1': 15, 'largest_component': 3}, {'color': 5, 'count': 34, 'bbox_h': 16, 'bbox_w': 16, 'bbox_area': 256, 'r0': 0, 'c0': 0, 'r1': 15, 'c1': 15, 'largest_component': 3}, {'color': 6, 'count': 11, 'bbox_h': 16, 'bbox_w': 16, 'bbox_area': 256, 'r0': 0, 'c0': 0, 'r1': 15, 'c1': 15, 'largest_component': 1}, {'color': 7, 'count': 28, 'bbox_h': 16, 'bbox_w': 16, 'bbox_area': 256, 'r0': 0, 'c0': 0, 'r1': 15, 'c1': 15, 'largest_component': 1}, {'color': 8, 'count': 27, 'bbox_h': 14, 'bbox_w': 14, 'bbox_area': 196, 'r0': 1, 'c0': 1, 'r1': 14, 'c1': 14, 'largest_component': 2}, {'color': 9, 'count': 20, 'bbox_h': 16, 'bbox_w': 16, 'bbox_area': 256, 'r0': 0, 'c0': 0, 'r1': 15, 'c1': 15, 'largest_component': 4}]","['count_max_low', 'count_max_high', 'count_rank0', 'area_rank2']"
36,9,"[{'color': 1, 'count': 31, 'bbox_h': 16, 'bbox_w': 16, 'bbox_area': 256, 'r0': 0, 'c0': 0, 'r1': 15, 'c1': 15, 'largest_component': 1}, {'color': 2, 'count': 23, 'bbox_h': 14, 'bbox_w': 14, 'bbox_area': 196, 'r0': 1, 'c0': 1, 'r1': 14, 'c1': 14, 'largest_component': 2}, {'color': 3, 'count': 24, 'bbox_h': 16, 'bbox_w': 16, 'bbox_area': 256, 'r0': 0, 'c0': 0, 'r1': 15, 'c1': 15, 'largest_component': 1}, {'color': 4, 'count': 15, 'bbox_h': 12, 'bbox_w': 12, 'bbox_area': 144, 'r0': 2, 'c0': 2, 'r1': 13, 'c1': 13, 'largest_component': 2}, {'color': 5, 'count': 44, 'bbox_h': 16, 'bbox_w': 16, 'bbox_area': 256, 'r0': 0, 'c0': 0, 'r1': 15, 'c1': 15, 'largest_component': 3}, {'color': 6, 'count': 46, 'bbox_h': 14, 'bbox_w': 14, 'bbox_area': 196, 'r0': 1, 'c0': 1, 'r1': 14, 'c1': 14, 'largest_component': 12}, {'color': 7, 'count': 19, 'bbox_h': 16, 'bbox_w': 16, 'bbox_area': 256, 'r0': 0, 'c0': 0, 'r1': 15, 'c1': 15, 'largest_component': 4}, {'color': 8, 'count': 23, 'bbox_h': 14, 'bbox_w': 14, 'bbox_area': 196, 'r0': 1, 'c0': 1, 'r1': 14, 'c1': 14, 'largest_component': 2}, {'color': 9, 'count': 22, 'bbox_h': 16, 'bbox_w': 16, 'bbox_area': 256, 'r0': 0, 'c0': 0, 'r1': 15, 'c1': 15, 'largest_component': 1}]","['bbox_h_max_high', 'bbox_w_max_high', 'bbox_area_max_high', 'r0_min_high', 'c0_min_high', 'r1_max_high', 'c1_max_high', 'largest_component_min_high', 'area_rank4']"
37,7,"[{'color': 1, 'count': 20, 'bbox_h': 12, 'bbox_w': 12, 'bbox_area': 144, 'r0': 2, 'c0': 2, 'r1': 13, 'c1': 13, 'largest_component': 2}, {'color': 2, 'count': 28, 'bbox_h': 16, 'bbox_w': 16, 'bbox_area': 256, 'r0': 0, 'c0': 0, 'r1': 15, 'c1': 15, 'largest_component': 2}, {'color': 3, 'count': 22, 'bbox_h': 14, 'bbox_w': 14, 'bbox_area': 196, 'r0': 1, 'c0': 1, 'r1': 14, 'c1': 14, 'largest_component': 2}, {'color': 4, 'count': 30, 'bbox_h': 16, 'bbox_w': 16, 'bbox_area': 256, 'r0': 0, 'c0': 0, 'r1': 15, 'c1': 15, 'largest_component': 1}, {'color': 5, 'count': 39, 'bbox_h': 16, 'bbox_w': 16, 'bbox_area': 256, 'r0': 0, 'c0': 0, 'r1': 15, 'c1': 15, 'largest_component': 2}, {'color': 6, 'count': 31, 'bbox_h': 16, 'bbox_w': 16, 'bbox_area': 256, 'r0': 0, 'c0': 0, 'r1': 15, 'c1': 15, 'largest_component': 4}, {'color': 7, 'count': 30, 'bbox_h': 16, 'bbox_w': 16, 'bbox_area': 256, 'r0': 0, 'c0': 0, 'r1': 15, 'c1': 15, 'largest_component': 1}, {'color': 8, 'count': 35, 'bbox_h': 16, 'bbox_w': 16, 'bbox_area': 256, 'r0': 0, 'c0': 0, 'r1': 15, 'c1': 15, 'largest_component': 2}, {'color': 9, 'count': 12, 'bbox_h': 8, 'bbox_w': 8, 'bbox_area': 64, 'r0': 4, 'c0': 4, 'r1': 11, 'c1': 11, 'largest_component': 1}]","['count_rank4', 'area_rank4']"
38,3,"[{'color': 2, 'count': 46, 'bbox_h': 16, 'bbox_w': 16, 'bbox_area': 256, 'r0': 0, 'c0': 0, 'r1': 15, 'c1': 15, 'largest_component': 2}, {'color': 3, 'count': 36, 'bbox_h': 14, 'bbox_w': 14, 'bbox_area': 196, 'r0': 1, 'c0': 1, 'r1': 14, 'c1': 14, 'largest_component': 4}, {'color': 4, 'count': 48, 'bbox_h': 14, 'bbox_w': 14, 'bbox_area': 196, 'r0': 1, 'c0': 1, 'r1': 14, 'c1': 14, 'largest_component': 6}, {'color': 5, 'count': 27, 'bbox_h': 16, 'bbox_w': 16, 'bbox_area': 256, 'r0': 0, 'c0': 0, 'r1': 15, 'c1': 15, 'largest_component': 2}, {'color': 7, 'count': 28, 'bbox_h': 16, 'bbox_w': 16, 'bbox_area': 256, 'r0': 0, 'c0': 0, 'r1': 15, 'c1': 15, 'largest_component': 4}, {'color': 8, 'count': 42, 'bbox_h': 16, 'bbox_w': 16, 'bbox_area': 256, 'r0': 0, 'c0': 0, 'r1': 15, 'c1': 15, 'largest_component': 3}, {'color': 9, 'count': 20, 'bbox_h': 16, 'bbox_w': 16, 'bbox_area': 256, 'r0': 0, 'c0': 0, 'r1': 15, 'c1': 15, 'largest_component': 2}]","['bbox_h_min_low', 'bbox_w_min_low', 'bbox_area_min_low', 'r0_max_low', 'c0_max_low', 'r1_min_low', 'c1_min_low', 'count_rank3']"
39,1,"[{'color': 1, 'count': 33, 'bbox_h': 16, 'bbox_w': 16, 'bbox_area': 256, 'r0': 0, 'c0': 0, 'r1': 15, 'c1': 15, 'largest_component': 3}, {'color': 2, 'count': 12, 'bbox_h': 14, 'bbox_w': 14, 'bbox_area': 196, 'r0': 1, 'c0': 1, 'r1': 14, 'c1': 14, 'largest_component': 1}, {'color': 3, 'count': 14, 'bbox_h': 8, 'bbox_w': 8, 'bbox_area': 64, 'r0': 4, 'c0': 4, 'r1': 11, 'c1': 11, 'largest_component': 2}, {'color': 4, 'count': 12, 'bbox_h': 10, 'bbox_w': 10, 'bbox_area': 100, 'r0': 3, 'c0': 3, 'r1': 12, 'c1': 12, 'largest_component': 1}, {'color': 5, 'count': 51, 'bbox_h': 16, 'bbox_w': 16, 'bbox_area': 256, 'r0': 0, 'c0': 0, 'r1': 15, 'c1': 15, 'largest_component': 3}, {'color': 6, 'count': 11, 'bbox_h': 16, 'bbox_w': 16, 'bbox_area': 256, 'r0': 0, 'c0': 0, 'r1': 15, 'c1': 15, 'largest_component': 1}, {'color': 7, 'count': 30, 'bbox_h': 12, 'bbox_w': 12, 'bbox_area': 144, 'r0': 2, 'c0': 2, 'r1': 13, 'c1': 13, 'largest_component': 4}, {'color': 8, 'count': 28, 'bbox_h': 16, 'bbox_w': 16, 'bbox_area': 256, 'r0': 0, 'c0': 0, 'r1': 15, 'c1': 15, 'largest_component': 4}, {'color': 9, 'count': 56, 'bbox_h': 16, 'bbox_w': 16, 'bbox_area': 256, 'r0': 0, 'c0': 0, 'r1': 15, 'c1': 15, 'largest_component': 10}]","['bbox_h_max_low', 'bbox_w_max_low', 'bbox_area_max_low', 'r0_min_low', 'c0_min_low', 'r1_max_low', 'c1_max_low', 'count_rank2', 'area_rank0']"
40,6,"[{'color': 1, 'count': 28, 'bbox_h': 16, 'bbox_w': 16, 'bbox_area': 256, 'r0': 0, 'c0': 0, 'r1': 15, 'c1': 15, 'largest_component': 2}, {'color': 2, 'count': 39, 'bbox_h': 16, 'bbox_w': 16, 'bbox_area': 256, 'r0': 0, 'c0': 0, 'r1': 15, 'c1': 15, 'largest_component': 3}, {'color': 3, 'count': 11, 'bbox_h': 8, 'bbox_w': 8, 'bbox_area': 64, 'r0': 4, 'c0': 4, 'r1': 11, 'c1': 11, 'largest_component': 4}, {'color': 4, 'count': 43, 'bbox_h': 14, 'bbox_w': 14, 'bbox_area': 196, 'r0': 1, 'c0': 1, 'r1': 14, 'c1': 14, 'largest_component': 3}, {'color': 5, 'count': 34, 'bbox_h': 16, 'bbox_w': 16, 'bbox_area': 256, 'r0': 0, 'c0': 0, 'r1': 15, 'c1': 15, 'largest_component': 2}, {'color': 6, 'count': 37, 'bbox_h': 16, 'bbox_w': 16, 'bbox_area': 256, 'r0': 0, 'c0': 0, 'r1': 15, 'c1': 15, 'largest_component': 2}, {'color': 7, 'count': 24, 'bbox_h': 16, 'bbox_w': 16, 'bbox_area': 256, 'r0': 0, 'c0': 0, 'r1': 15, 'c1': 15, 'largest_component': 1}, {'color': 8, 'count': 16, 'bbox_h': 16, 'bbox_w': 16, 'bbox_area': 256, 'r0': 0, 'c0': 0, 'r1': 15, 'c1': 15, 'largest_component': 1}, {'color': 9, 'count': 15, 'bbox_h': 16, 'bbox_w': 16, 'bbox_area': 256, 'r0': 0, 'c0': 0, 'r1': 15, 'c1': 15, 'largest_component': 2}]","['count_rank2', 'area_rank3']"
41,5,"[{'color': 1, 'count': 34, 'bbox_h': 16, 'bbox_w': 16, 'bbox_area': 256, 'r0': 0, 'c0': 0, 'r1': 15, 'c1': 15, 'largest_component': 2}, {'color': 2, 'count': 4, 'bbox_h': 4, 'bbox_w': 4, 'bbox_area': 16, 'r0': 6, 'c0': 6, 'r1': 9, 'c1': 9, 'largest_component': 1}, {'color': 3, 'count': 50, 'bbox_h': 16, 'bbox_w': 16, 'bbox_area': 256, 'r0': 0, 'c0': 0, 'r1': 15, 'c1': 15, 'largest_component': 10}, {'color': 4, 'count': 19, 'bbox_h': 10, 'bbox_w': 10, 'bbox_area': 100, 'r0': 3, 'c0': 3, 'r1': 12, 'c1': 12, 'largest_component': 2}, {'color': 5, 'count': 29, 'bbox_h': 12, 'bbox_w': 12, 'bbox_area': 144, 'r0': 2, 'c0': 2, 'r1': 13, 'c1': 13, 'largest_component': 4}, {'color': 6, 'count': 20, 'bbox_h': 16, 'bbox_w': 16, 'bbox_area': 256, 'r0': 0, 'c0': 0, 'r1': 15, 'c1': 15, 'largest_component': 3}, {'color': 7, 'count': 8, 'bbox_h': 14, 'bbox_w': 14, 'bbox_area': 196, 'r0': 1, 'c0': 1, 'r1': 14, 'c1': 14, 'largest_component': 2}, {'color': 8, 'count': 44, 'bbox_h': 16, 'bbox_w': 16, 'bbox_area': 256, 'r0': 0, 'c0': 0, 'r1': 15, 'c1': 15, 'largest_component': 4}, {'color': 9, 'count': 39, 'bbox_h': 16, 'bbox_w': 16, 'bbox_area': 256, 'r0': 0, 'c0': 0, 'r1': 15, 'c1': 15, 'largest_component': 4}]",['count_rank4']
42,2,"[{'color': 1, 'count': 4, 'bbox_h': 4, 'bbox_w': 4, 'bbox_area': 16, 'r0': 6, 'c0': 6, 'r1': 9, 'c1': 9, 'largest_component': 1}, {'color': 2, 'count': 29, 'bbox_h': 14, 'bbox_w': 14, 'bbox_area': 196, 'r0': 1, 'c0': 1, 'r1': 14, 'c1': 14, 'largest_component': 3}, {'color': 3, 'count': 6, 'bbox_h': 12, 'bbox_w': 12, 'bbox_area': 144, 'r0': 2, 'c0': 2, 'r1': 13, 'c1': 13, 'largest_component': 1}, {'color': 4, 'count': 34, 'bbox_h': 16, 'bbox_w': 16, 'bbox_area': 256, 'r0': 0, 'c0': 0, 'r1': 15, 'c1': 15, 'largest_component': 4}, {'color': 5, 'count': 24, 'bbox_h': 14, 'bbox_w': 14, 'bbox_area': 196, 'r0': 1, 'c0': 1, 'r1': 14, 'c1': 14, 'largest_component': 2}, {'color': 6, 'count': 46, 'bbox_h': 16, 'bbox_w': 16, 'bbox_area': 256, 'r0': 0, 'c0': 0, 'r1': 15, 'c1': 15, 'largest_component': 1}, {'color': 7, 'count': 32, 'bbox_h': 16, 'bbox_w': 16, 'bbox_area': 256, 'r0': 0, 'c0': 0, 'r1': 15, 'c1': 15, 'largest_component': 2}, {'color': 8, 'count': 60, 'bbox_h': 16, 'bbox_w': 16, 'bbox_area': 256, 'r0': 0, 'c0': 0, 'r1': 15, 'c1': 15, 'largest_component': 8}, {'color': 9, 'count': 12, 'bbox_h': 16, 'bbox_w': 16, 'bbox_area': 256, 'r0': 0, 'c0': 0, 'r1': 15, 'c1': 15, 'largest_component': 1}]",['count_rank4']
43,2,"[{'color': 1, 'count': 34, 'bbox_h': 16, 'bbox_w': 16, 'bbox_area': 256, 'r0': 0, 'c0': 0, 'r1': 15, 'c1': 15, 'largest_component': 1}, {'color': 2, 'count': 26, 'bbox_h': 16, 'bbox_w': 16, 'bbox_area': 256, 'r0': 0, 'c0': 0, 'r1': 15, 'c1': 15, 'largest_component': 2}, {'color': 3, 'count': 8, 'bbox_h': 14, 'bbox_w': 14, 'bbox_area': 196, 'r0': 1, 'c0': 1, 'r1': 14, 'c1': 14, 'largest_component': 1}, {'color': 4, 'count': 23, 'bbox_h': 14, 'bbox_w': 14, 'bbox_area': 196, 'r0': 1, 'c0': 1, 'r1': 14, 'c1': 14, 'largest_component': 2}, {'color': 5, 'count': 20, 'bbox_h': 12, 'bbox_w': 12, 'bbox_area': 144, 'r0': 2, 'c0': 2, 'r1': 13, 'c1': 13, 'largest_component': 3}, {'color': 6, 'count': 42, 'bbox_h': 16, 'bbox_w': 16, 'bbox_area': 256, 'r0': 0, 'c0': 0, 'r1': 15, 'c1': 15, 'largest_component': 5}, {'color': 7, 'count': 23, 'bbox_h': 8, 'bbox_w': 8, 'bbox_area': 64, 'r0': 4, 'c0': 4, 'r1': 11, 'c1': 11, 'largest_component': 4}, {'color': 8, 'count': 55, 'bbox_h': 16, 'bbox_w': 16, 'bbox_area': 256, 'r0': 0, 'c0': 0, 'r1': 15, 'c1': 15, 'largest_component': 8}, {'color': 9, 'count': 16, 'bbox_h': 16, 'bbox_w': 16, 'bbox_area': 256, 'r0': 0, 'c0': 0, 'r1': 15, 'c1': 15, 'largest_component': 2}]","['count_rank3', 'area_rank1']"
44,2,"[{'color': 1, 'count': 23, 'bbox_h': 16, 'bbox_w': 16, 'bbox_area': 256, 'r0': 0, 'c0': 0, 'r1': 15, 'c1': 15, 'largest_component': 1}, {'color': 2, 'count': 41, 'bbox_h': 16, 'bbox_w': 16, 'bbox_area': 256, 'r0': 0, 'c0': 0, 'r1': 15, 'c1': 15, 'largest_component': 4}, {'color': 3, 'count': 32, 'bbox_h': 16, 'bbox_w': 16, 'bbox_area': 256, 'r0': 0, 'c0': 0, 'r1': 15, 'c1': 15, 'largest_component': 2}, {'color': 4, 'count': 31, 'bbox_h': 14, 'bbox_w': 14, 'bbox_area': 196, 'r0': 1, 'c0': 1, 'r1': 14, 'c1': 14, 'largest_component': 1}, {'color': 5, 'count': 19, 'bbox_h': 16, 'bbox_w': 16, 'bbox_area': 256, 'r0': 0, 'c0': 0, 'r1': 15, 'c1': 15, 'largest_component': 2}, {'color': 6, 'count': 23, 'bbox_h': 16, 'bbox_w': 16, 'bbox_area': 256, 'r0': 0, 'c0': 0, 'r1': 15, 'c1': 15, 'largest_component': 2}, {'color': 7, 'count': 8, 'bbox_h': 14, 'bbox_w': 14, 'bbox_area': 196, 'r0': 1, 'c0': 1, 'r1': 14, 'c1': 14, 'largest_component': 1}, {'color': 8, 'count': 26, 'bbox_h': 10, 'bbox_w': 10, 'bbox_area': 100, 'r0': 3, 'c0': 3, 'r1': 12, 'c1': 12, 'largest_component': 4}, {'color': 9, 'count': 44, 'bbox_h': 16, 'bbox_w': 16, 'bbox_area': 256, 'r0': 0, 'c0': 0, 'r1': 15, 'c1': 15, 'largest_component': 2}]","['largest_component_max_low', 'count_rank1', 'area_rank1']"
45,9,"[{'color': 1, 'count': 20, 'bbox_h': 16, 'bbox_w': 16, 'bbox_area': 256, 'r0': 0, 'c0': 0, 'r1': 15, 'c1': 15, 'largest_component': 4}, {'color': 2, 'count': 8, 'bbox_h': 8, 'bbox_w': 8, 'bbox_area': 64, 'r0': 4, 'c0': 4, 'r1': 11, 'c1': 11, 'largest_component': 1}, {'color': 3, 'count': 23, 'bbox_h': 16, 'bbox_w': 16, 'bbox_area': 256, 'r0': 0, 'c0': 0, 'r1': 15, 'c1': 15, 'largest_component': 4}, {'color': 4, 'count': 46, 'bbox_h': 16, 'bbox_w': 16, 'bbox_area': 256, 'r0': 0, 'c0': 0, 'r1': 15, 'c1': 15, 'largest_component': 4}, {'color': 5, 'count': 11, 'bbox_h': 16, 'bbox_w': 16, 'bbox_area': 256, 'r0': 0, 'c0': 0, 'r1': 15, 'c1': 15, 'largest_component': 1}, {'color': 6, 'count': 24, 'bbox_h': 16, 'bbox_w': 16, 'bbox_area': 256, 'r0': 0, 'c0': 0, 'r1': 15, 'c1': 15, 'largest_component': 1}, {'color': 7, 'count': 55, 'bbox_h': 16, 'bbox_w': 16, 'bbox_area': 256, 'r0': 0, 'c0': 0, 'r1': 15, 'c1': 15, 'largest_component': 20}, {'color': 8, 'count': 31, 'bbox_h': 14, 'bbox_w': 14, 'bbox_area': 196, 'r0': 1, 'c0': 1, 'r1': 14, 'c1': 14, 'largest_component': 2}, {'color': 9, 'count': 29, 'bbox_h': 16, 'bbox_w': 16, 'bbox_area': 256, 'r0': 0, 'c0': 0, 'r1': 15, 'c1': 15, 'largest_component': 3}]","['bbox_h_max_high', 'bbox_w_max_high', 'bbox_area_max_high', 'r0_min_high', 'c0_min_high', 'r1_max_high', 'c1_max_high', 'count_rank3']"
46,2,"[{'color': 1, 'count': 66, 'bbox_h': 16, 'bbox_w': 16, 'bbox_area': 256, 'r0': 0, 'c0': 0, 'r1': 15, 'c1': 15, 'largest_component': 6}, {'color': 2, 'count': 29, 'bbox_h': 16, 'bbox_w': 16, 'bbox_area': 256, 'r0': 0, 'c0': 0, 'r1': 15, 'c1': 15, 'largest_component': 2}, {'color': 3, 'count': 15, 'bbox_h': 12, 'bbox_w': 12, 'bbox_area': 144, 'r0': 2, 'c0': 2, 'r1': 13, 'c1': 13, 'largest_component': 2}, {'color': 4, 'count': 19, 'bbox_h': 16, 'bbox_w': 16, 'bbox_area': 256, 'r0': 0, 'c0': 0, 'r1': 15, 'c1': 15, 'largest_component': 1}, {'color': 5, 'count': 16, 'bbox_h': 16, 'bbox_w': 16, 'bbox_area': 256, 'r0': 0, 'c0': 0, 'r1': 15, 'c1': 15, 'largest_component': 4}, {'color': 6, 'count': 20, 'bbox_h': 12, 'bbox_w': 12, 'bbox_area': 144, 'r0': 2, 'c0': 2, 'r1': 13, 'c1': 13, 'largest_component': 3}, {'color': 7, 'count': 8, 'bbox_h': 14, 'bbox_w': 14, 'bbox_area': 196, 'r0': 1, 'c0': 1, 'r1': 14, 'c1': 14, 'largest_component': 2}, {'color': 8, 'count': 46, 'bbox_h': 16, 'bbox_w': 16, 'bbox_area': 256, 'r0': 0, 'c0': 0, 'r1': 15, 'c1': 15, 'largest_component': 2}, {'color': 9, 'count': 28, 'bbox_h': 16, 'bbox_w': 16, 'bbox_area': 256, 'r0': 0, 'c0': 0, 'r1': 15, 'c1': 15, 'largest_component': 3}]","['count_rank2', 'area_rank1']"
47,5,"[{'color': 1, 'count': 24, 'bbox_h': 16, 'bbox_w': 16, 'bbox_area': 256, 'r0': 0, 'c0': 0, 'r1': 15, 'c1': 15, 'largest_component': 1}, {'color': 2, 'count': 36, 'bbox_h': 16, 'bbox_w': 16, 'bbox_area': 256, 'r0': 0, 'c0': 0, 'r1': 15, 'c1': 15, 'largest_component': 2}, {'color': 3, 'count': 3, 'bbox_h': 6, 'bbox_w': 6, 'bbox_area': 36, 'r0': 5, 'c0': 5, 'r1': 10, 'c1': 10, 'largest_component': 1}, {'color': 4, 'count': 42, 'bbox_h': 16, 'bbox_w': 16, 'bbox_area': 256, 'r0': 0, 'c0': 0, 'r1': 15, 'c1': 15, 'largest_component': 3}, {'color': 5, 'count': 44, 'bbox_h': 14, 'bbox_w': 14, 'bbox_area': 196, 'r0': 1, 'c0': 1, 'r1': 14, 'c1': 14, 'largest_component': 6}, {'color': 6, 'count': 32, 'bbox_h': 14, 'bbox_w': 14, 'bbox_area': 196, 'r0': 1, 'c0': 1, 'r1': 14, 'c1': 14, 'largest_component': 4}, {'color': 7, 'count': 18, 'bbox_h': 12, 'bbox_w': 12, 'bbox_area': 144, 'r0': 2, 'c0': 2, 'r1': 13, 'c1': 13, 'largest_component': 1}, {'color': 8, 'count': 32, 'bbox_h': 16, 'bbox_w': 16, 'bbox_area': 256, 'r0': 0, 'c0': 0, 'r1': 15, 'c1': 15, 'largest_component': 5}, {'color': 9, 'count': 16, 'bbox_h': 12, 'bbox_w': 12, 'bbox_area': 144, 'r0': 2, 'c0': 2, 'r1': 13, 'c1': 13, 'largest_component': 1}]","['count_max_low', 'count_max_high', 'largest_component_max_low', 'largest_component_max_high', 'count_rank0', 'area_rank4']"
48,5,"[{'color': 1, 'count': 23, 'bbox_h': 16, 'bbox_w': 16, 'bbox_area': 256, 'r0': 0, 'c0': 0, 'r1': 15, 'c1': 15, 'largest_component': 2}, {'color': 2, 'count': 27, 'bbox_h': 14, 'bbox_w': 14, 'bbox_area': 196, 'r0': 1, 'c0': 1, 'r1': 14, 'c1': 14, 'largest_component': 4}, {'color': 3, 'count': 30, 'bbox_h': 16, 'bbox_w': 16, 'bbox_area': 256, 'r0': 0, 'c0': 0, 'r1': 15, 'c1': 15, 'largest_component': 1}, {'color': 4, 'count': 24, 'bbox_h': 12, 'bbox_w': 12, 'bbox_area': 144, 'r0': 2, 'c0': 2, 'r1': 13, 'c1': 13, 'largest_component': 3}, {'color': 5, 'count': 54, 'bbox_h': 16, 'bbox_w': 16, 'bbox_area': 256, 'r0': 0, 'c0': 0, 'r1': 15, 'c1': 15, 'largest_component': 2}, {'color': 6, 'count': 16, 'bbox_h': 16, 'bbox_w': 16, 'bbox_area': 256, 'r0': 0, 'c0': 0, 'r1': 15, 'c1': 15, 'largest_component': 2}, {'color': 7, 'count': 19, 'bbox_h': 16, 'bbox_w': 16, 'bbox_area': 256, 'r0': 0, 'c0': 0, 'r1': 15, 'c1': 15, 'largest_component': 2}, {'color': 8, 'count': 23, 'bbox_h': 16, 'bbox_w': 16, 'bbox_area': 256, 'r0': 0, 'c0': 0, 'r1': 15, 'c1': 15, 'largest_component': 2}, {'color': 9, 'count': 31, 'bbox_h': 16, 'bbox_w': 16, 'bbox_area': 256, 'r0': 0, 'c0': 0, 'r1': 15, 'c1': 15, 'largest_component': 3}]","['count_max_low', 'count_max_high', 'count_rank0', 'area_rank2']"
49,2,"[{'color': 1, 'count': 20, 'bbox_h': 14, 'bbox_w': 14, 'bbox_area': 196, 'r0': 1, 'c0': 1, 'r1': 14, 'c1': 14, 'largest_component': 1}, {'color': 2, 'count': 71, 'bbox_h': 16, 'bbox_w': 16, 'bbox_area': 256, 'r0': 0, 'c0': 0, 'r1': 15, 'c1': 15, 'largest_component': 3}, {'color': 3, 'count': 14, 'bbox_h': 14, 'bbox_w': 14, 'bbox_area': 196, 'r0': 1, 'c0': 1, 'r1': 14, 'c1': 14, 'largest_component': 2}, {'color': 4, 'count': 16, 'bbox_h': 8, 'bbox_w': 8, 'bbox_area': 64, 'r0': 4, 'c0': 4, 'r1': 11, 'c1': 11, 'largest_component': 2}, {'color': 5, 'count': 28, 'bbox_h': 16, 'bbox_w': 16, 'bbox_area': 256, 'r0': 0, 'c0': 0, 'r1': 15, 'c1': 15, 'largest_component': 2}, {'color': 6, 'count': 28, 'bbox_h': 16, 'bbox_w': 16, 'bbox_area': 256, 'r0': 0, 'c0': 0, 'r1': 15, 'c1': 15, 'largest_component': 2}, {'color': 7, 'count': 28, 'bbox_h': 10, 'bbox_w': 10, 'bbox_area': 100, 'r0': 3, 'c0': 3, 'r1': 12, 'c1': 12, 'largest_component': 4}, {'color': 8, 'count': 15, 'bbox_h': 12, 'bbox_w': 12, 'bbox_area': 144, 'r0': 2, 'c0': 2, 'r1': 13, 'c1': 13, 'largest_component': 1}, {'color': 9, 'count': 27, 'bbox_h': 16, 'bbox_w': 16, 'bbox_area': 256, 'r0': 0, 'c0': 0, 'r1': 15, 'c1': 15, 'largest_component': 1}]","['count_max_low', 'count_max_high', 'bbox_h_max_low', 'bbox_w_max_low', 'bbox_area_max_low', 'r0_min_low', 'c0_min_low', 'r1_max_low', 'c1_max_low', 'count_rank0', 'area_rank0']"
50,2,"[{'color': 1, 'count': 32, 'bbox_h': 12, 'bbox_w': 12, 'bbox_area': 144, 'r0': 2, 'c0': 2, 'r1': 13, 'c1': 13, 'largest_component': 4}, {'color': 2, 'count': 29, 'bbox_h': 16, 'bbox_w': 16, 'bbox_area': 256, 'r0': 0, 'c0': 0, 'r1': 15, 'c1': 15, 'largest_component': 3}, {'color': 3, 'count': 23, 'bbox_h': 16, 'bbox_w': 16, 'bbox_area': 256, 'r0': 0, 'c0': 0, 'r1': 15, 'c1': 15, 'largest_component': 2}, {'color': 4, 'count': 28, 'bbox_h': 16, 'bbox_w': 16, 'bbox_area': 256, 'r0': 0, 'c0': 0, 'r1': 15, 'c1': 15, 'largest_component': 2}, {'color': 5, 'count': 44, 'bbox_h': 16, 'bbox_w': 16, 'bbox_area': 256, 'r0': 0, 'c0': 0, 'r1': 15, 'c1': 15, 'largest_component': 2}, {'color': 6, 'count': 23, 'bbox_h': 14, 'bbox_w': 14, 'bbox_area': 196, 'r0': 1, 'c0': 1, 'r1': 14, 'c1': 14, 'largest_component': 1}, {'color': 7, 'count': 16, 'bbox_h': 8, 'bbox_w': 8, 'bbox_area': 64, 'r0': 4, 'c0': 4, 'r1': 11, 'c1': 11, 'largest_component': 2}, {'color': 8, 'count': 37, 'bbox_h': 16, 'bbox_w': 16, 'bbox_area': 256, 'r0': 0, 'c0': 0, 'r1': 15, 'c1': 15, 'largest_component': 2}, {'color': 9, 'count': 15, 'bbox_h': 16, 'bbox_w': 16, 'bbox_area': 256, 'r0': 0, 'c0': 0, 'r1': 15, 'c1': 15, 'largest_component': 2}]","['bbox_h_max_low', 'bbox_w_max_low', 'bbox_area_max_low', 'r0_min_low', 'c0_min_low', 'r1_max_low', 'c1_max_low', 'count_rank3', 'area_rank0']"
51,8,"[{'color': 1, 'count': 16, 'bbox_h': 14, 'bbox_w': 14, 'bbox_area': 196, 'r0': 1, 'c0': 1, 'r1': 14, 'c1': 14, 'largest_component': 2}, {'color': 2, 'count': 8, 'bbox_h': 6, 'bbox_w': 6, 'bbox_area': 36, 'r0': 5, 'c0': 5, 'r1': 10, 'c1': 10, 'largest_component': 1}, {'color': 3, 'count': 8, 'bbox_h': 6, 'bbox_w': 6, 'bbox_area': 36, 'r0': 5, 'c0': 5, 'r1': 10, 'c1': 10, 'largest_component': 2}, {'color': 4, 'count': 38, 'bbox_h': 16, 'bbox_w': 16, 'bbox_area': 256, 'r0': 0, 'c0': 0, 'r1': 15, 'c1': 15, 'largest_component': 3}, {'color': 5, 'count': 28, 'bbox_h': 16, 'bbox_w': 16, 'bbox_area': 256, 'r0': 0, 'c0': 0, 'r1': 15, 'c1': 15, 'largest_component': 4}, {'color': 6, 'count': 43, 'bbox_h': 14, 'bbox_w': 14, 'bbox_area': 196, 'r0': 1, 'c0': 1, 'r1': 14, 'c1': 14, 'largest_component': 5}, {'color': 7, 'count': 46, 'bbox_h': 16, 'bbox_w': 16, 'bbox_area': 256, 'r0': 0, 'c0': 0, 'r1': 15, 'c1': 15, 'largest_component': 2}, {'color': 8, 'count': 41, 'bbox_h': 16, 'bbox_w': 16, 'bbox_area': 256, 'r0': 0, 'c0': 0, 'r1': 15, 'c1': 15, 'largest_component': 2}, {'color': 9, 'count': 19, 'bbox_h': 16, 'bbox_w': 16, 'bbox_area': 256, 'r0': 0, 'c0': 0, 'r1': 15, 'c1': 15, 'largest_component': 1}]","['count_rank2', 'area_rank3']"
52,6,"[{'color': 1, 'count': 30, 'bbox_h': 16, 'bbox_w': 16, 'bbox_area': 256, 'r0': 0, 'c0': 0, 'r1': 15, 'c1': 15, 'largest_component': 3}, {'color': 2, 'count': 28, 'bbox_h': 16, 'bbox_w': 16, 'bbox_area': 256, 'r0': 0, 'c0': 0, 'r1': 15, 'c1': 15, 'largest_component': 4}, {'color': 3, 'count': 16, 'bbox_h': 14, 'bbox_w': 14, 'bbox_area': 196, 'r0': 1, 'c0': 1, 'r1': 14, 'c1': 14, 'largest_component': 2}, {'color': 4, 'count': 26, 'bbox_h': 14, 'bbox_w': 14, 'bbox_area': 196, 'r0': 1, 'c0': 1, 'r1': 14, 'c1': 14, 'largest_component': 4}, {'color': 5, 'count': 39, 'bbox_h': 16, 'bbox_w': 16, 'bbox_area': 256, 'r0': 0, 'c0': 0, 'r1': 15, 'c1': 15, 'largest_component': 4}, {'color': 6, 'count': 44, 'bbox_h': 16, 'bbox_w': 16, 'bbox_area': 256, 'r0': 0, 'c0': 0, 'r1': 15, 'c1': 15, 'largest_component': 5}, {'color': 7, 'count': 32, 'bbox_h': 16, 'bbox_w': 16, 'bbox_area': 256, 'r0': 0, 'c0': 0, 'r1': 15, 'c1': 15, 'largest_component': 2}, {'color': 8, 'count': 8, 'bbox_h': 16, 'bbox_w': 16, 'bbox_area': 256, 'r0': 0, 'c0': 0, 'r1': 15, 'c1': 15, 'largest_component': 1}, {'color': 9, 'count': 24, 'bbox_h': 16, 'bbox_w': 16, 'bbox_area': 256, 'r0': 0, 'c0': 0, 'r1': 15, 'c1': 15, 'largest_component': 12}]","['count_max_low', 'count_max_high', 'count_rank0', 'area_rank3']"
53,1,"[{'color': 1, 'count': 34, 'bbox_h': 16, 'bbox_w': 16, 'bbox_area': 256, 'r0': 0, 'c0': 0, 'r1': 15, 'c1': 15, 'largest_component': 3}, {'color': 2, 'count': 24, 'bbox_h': 16, 'bbox_w': 16, 'bbox_area': 256, 'r0': 0, 'c0': 0, 'r1': 15, 'c1': 15, 'largest_component': 1}, {'color': 3, 'count': 23, 'bbox_h': 16, 'bbox_w': 16, 'bbox_area': 256, 'r0': 0, 'c0': 0, 'r1': 15, 'c1': 15, 'largest_component': 2}, {'color': 4, 'count': 38, 'bbox_h': 16, 'bbox_w': 16, 'bbox_area': 256, 'r0': 0, 'c0': 0, 'r1': 15, 'c1': 15, 'largest_component': 2}, {'color': 5, 'count': 39, 'bbox_h': 14, 'bbox_w': 14, 'bbox_area': 196, 'r0': 1, 'c0': 1, 'r1': 14, 'c1': 14, 'largest_component': 4}, {'color': 6, 'count': 31, 'bbox_h': 14, 'bbox_w': 14, 'bbox_area': 196, 'r0': 1, 'c0': 1, 'r1': 14, 'c1': 14, 'largest_component': 2}, {'color': 7, 'count': 8, 'bbox_h': 16, 'bbox_w': 16, 'bbox_area': 256, 'r0': 0, 'c0': 0, 'r1': 15, 'c1': 15, 'largest_component': 1}, {'color': 8, 'count': 8, 'bbox_h': 10, 'bbox_w': 10, 'bbox_area': 100, 'r0': 3, 'c0': 3, 'r1': 12, 'c1': 12, 'largest_component': 1}, {'color': 9, 'count': 42, 'bbox_h': 16, 'bbox_w': 16, 'bbox_area': 256, 'r0': 0, 'c0': 0, 'r1': 15, 'c1': 15, 'largest_component': 4}]","['bbox_h_max_low', 'bbox_w_max_low', 'bbox_area_max_low', 'r0_min_low', 'c0_min_low', 'r1_max_low', 'c1_max_low', 'count_rank3', 'area_rank0']"
54,3,"[{'color': 1, 'count': 23, 'bbox_h': 14, 'bbox_w': 14, 'bbox_area': 196, 'r0': 1, 'c0': 1, 'r1': 14, 'c1': 14, 'largest_component': 2}, {'color': 2, 'count': 28, 'bbox_h': 16, 'bbox_w': 16, 'bbox_area': 256, 'r0': 0, 'c0': 0, 'r1': 15, 'c1': 15, 'largest_component': 3}, {'color': 3, 'count': 22, 'bbox_h': 12, 'bbox_w': 12, 'bbox_area': 144, 'r0': 2, 'c0': 2, 'r1': 13, 'c1': 13, 'largest_component': 2}, {'color': 4, 'count': 23, 'bbox_h': 16, 'bbox_w': 16, 'bbox_area': 256, 'r0': 0, 'c0': 0, 'r1': 15, 'c1': 15, 'largest_component': 1}, {'color': 5, 'count': 43, 'bbox_h': 16, 'bbox_w': 16, 'bbox_area': 256, 'r0': 0, 'c0': 0, 'r1': 15, 'c1': 15, 'largest_component': 6}, {'color': 6, 'count': 19, 'bbox_h': 12, 'bbox_w': 12, 'bbox_area': 144, 'r0': 2, 'c0': 2, 'r1': 13, 'c1': 13, 'largest_component': 2}, {'color': 7, 'count': 26, 'bbox_h': 16, 'bbox_w': 16, 'bbox_area': 256, 'r0': 0, 'c0': 0, 'r1': 15, 'c1': 15, 'largest_component': 2}, {'color': 8, 'count': 24, 'bbox_h': 16, 'bbox_w': 16, 'bbox_area': 256, 'r0': 0, 'c0': 0, 'r1': 15, 'c1': 15, 'largest_component': 2}, {'color': 9, 'count': 39, 'bbox_h': 16, 'bbox_w': 16, 'bbox_area': 256, 'r0': 0, 'c0': 0, 'r1': 15, 'c1': 15, 'largest_component': 12}]","['bbox_h_min_low', 'bbox_w_min_low', 'bbox_area_min_low', 'r0_max_low', 'c0_max_low', 'r1_min_low', 'c1_min_low']"
55,6,"[{'color': 1, 'count': 12, 'bbox_h': 16, 'bbox_w': 16, 'bbox_area': 256, 'r0': 0, 'c0': 0, 'r1': 15, 'c1': 15, 'largest_component': 1}, {'color': 2, 'count': 28, 'bbox_h': 16, 'bbox_w': 16, 'bbox_area': 256, 'r0': 0, 'c0': 0, 'r1': 15, 'c1': 15, 'largest_component': 1}, {'color': 3, 'count': 59, 'bbox_h': 16, 'bbox_w': 16, 'bbox_area': 256, 'r0': 0, 'c0': 0, 'r1': 15, 'c1': 15, 'largest_component': 8}, {'color': 4, 'count': 15, 'bbox_h': 16, 'bbox_w': 16, 'bbox_area': 256, 'r0': 0, 'c0': 0, 'r1': 15, 'c1': 15, 'largest_component': 1}, {'color': 5, 'count': 19, 'bbox_h': 16, 'bbox_w': 16, 'bbox_area': 256, 'r0': 0, 'c0': 0, 'r1': 15, 'c1': 15, 'largest_component': 1}, {'color': 6, 'count': 33, 'bbox_h': 14, 'bbox_w': 14, 'bbox_area': 196, 'r0': 1, 'c0': 1, 'r1': 14, 'c1': 14, 'largest_component': 8}, {'color': 7, 'count': 15, 'bbox_h': 16, 'bbox_w': 16, 'bbox_area': 256, 'r0': 0, 'c0': 0, 'r1': 15, 'c1': 15, 'largest_component': 2}, {'color': 8, 'count': 27, 'bbox_h': 14, 'bbox_w': 14, 'bbox_area': 196, 'r0': 1, 'c0': 1, 'r1': 14, 'c1': 14, 'largest_component': 2}, {'color': 9, 'count': 39, 'bbox_h': 16, 'bbox_w': 16, 'bbox_area': 256, 'r0': 0, 'c0': 0, 'r1': 15, 'c1': 15, 'largest_component': 5}]","['bbox_h_min_low', 'bbox_w_min_low', 'bbox_area_min_low', 'r0_max_low', 'c0_max_low', 'r1_min_low', 'c1_min_low', 'largest_component_max_high', 'count_rank2']"
56,5,"[{'color': 1, 'count': 38, 'bbox_h': 16, 'bbox_w': 16, 'bbox_area': 256, 'r0': 0, 'c0': 0, 'r1': 15, 'c1': 15, 'largest_component': 2}, {'color': 2, 'count': 20, 'bbox_h': 16, 'bbox_w': 16, 'bbox_area': 256, 'r0': 0, 'c0': 0, 'r1': 15, 'c1': 15, 'largest_component': 2}, {'color': 3, 'count': 30, 'bbox_h': 16, 'bbox_w': 16, 'bbox_area': 256, 'r0': 0, 'c0': 0, 'r1': 15, 'c1': 15, 'largest_component': 2}, {'color': 4, 'count': 20, 'bbox_h': 14, 'bbox_w': 14, 'bbox_area': 196, 'r0': 1, 'c0': 1, 'r1': 14, 'c1': 14, 'largest_component': 4}, {'color': 5, 'count': 42, 'bbox_h': 16, 'bbox_w': 16, 'bbox_area': 256, 'r0': 0, 'c0': 0, 'r1': 15, 'c1': 15, 'largest_component': 2}, {'color': 6, 'count': 44, 'bbox_h': 16, 'bbox_w': 16, 'bbox_area': 256, 'r0': 0, 'c0': 0, 'r1': 15, 'c1': 15, 'largest_component': 4}, {'color': 7, 'count': 27, 'bbox_h': 14, 'bbox_w': 14, 'bbox_area': 196, 'r0': 1, 'c0': 1, 'r1': 14, 'c1': 14, 'largest_component': 3}, {'color': 8, 'count': 14, 'bbox_h': 12, 'bbox_w': 12, 'bbox_area': 144, 'r0': 2, 'c0': 2, 'r1': 13, 'c1': 13, 'largest_component': 2}, {'color': 9, 'count': 12, 'bbox_h': 14, 'bbox_w': 14, 'bbox_area': 196, 'r0': 1, 'c0': 1, 'r1': 14, 'c1': 14, 'largest_component': 1}]","['count_rank1', 'area_rank3']"
57,6,"[{'color': 1, 'count': 20, 'bbox_h': 16, 'bbox_w': 16, 'bbox_area': 256, 'r0': 0, 'c0': 0, 'r1': 15, 'c1': 15, 'largest_component': 1}, {'color': 2, 'count': 19, 'bbox_h': 12, 'bbox_w': 12, 'bbox_area': 144, 'r0': 2, 'c0': 2, 'r1': 13, 'c1': 13, 'largest_component': 4}, {'color': 3, 'count': 28, 'bbox_h': 12, 'bbox_w': 12, 'bbox_area': 144, 'r0': 2, 'c0': 2, 'r1': 13, 'c1': 13, 'largest_component': 3}, {'color': 4, 'count': 24, 'bbox_h': 16, 'bbox_w': 16, 'bbox_area': 256, 'r0': 0, 'c0': 0, 'r1': 15, 'c1': 15, 'largest_component': 4}, {'color': 5, 'count': 12, 'bbox_h': 16, 'bbox_w': 16, 'bbox_area': 256, 'r0': 0, 'c0': 0, 'r1': 15, 'c1': 15, 'largest_component': 1}, {'color': 6, 'count': 86, 'bbox_h': 16, 'bbox_w': 16, 'bbox_area': 256, 'r0': 0, 'c0': 0, 'r1': 15, 'c1': 15, 'largest_component': 7}, {'color': 7, 'count': 16, 'bbox_h': 8, 'bbox_w': 8, 'bbox_area': 64, 'r0': 4, 'c0': 4, 'r1': 11, 'c1': 11, 'largest_component': 2}, {'color': 8, 'count': 23, 'bbox_h': 16, 'bbox_w': 16, 'bbox_area': 256, 'r0': 0, 'c0': 0, 'r1': 15, 'c1': 15, 'largest_component': 1}, {'color': 9, 'count': 19, 'bbox_h': 14, 'bbox_w': 14, 'bbox_area': 196, 'r0': 1, 'c0': 1, 'r1': 14, 'c1': 14, 'largest_component': 4}]","['count_max_low', 'count_max_high', 'largest_component_max_low', 'largest_component_max_high', 'count_rank0', 'area_rank3']"
58,3,"[{'color': 1, 'count': 15, 'bbox_h': 16, 'bbox_w': 16, 'bbox_area': 256, 'r0': 0, 'c0': 0, 'r1': 15, 'c1': 15, 'largest_component': 1}, {'color': 2, 'count': 7, 'bbox_h': 12, 'bbox_w': 12, 'bbox_area': 144, 'r0': 2, 'c0': 2, 'r1': 13, 'c1': 13, 'largest_component': 1}, {'color': 3, 'count': 54, 'bbox_h': 16, 'bbox_w': 16, 'bbox_area': 256, 'r0': 0, 'c0': 0, 'r1': 15, 'c1': 15, 'largest_component': 16}, {'color': 4, 'count': 59, 'bbox_h': 16, 'bbox_w': 16, 'bbox_area': 256, 'r0': 0, 'c0': 0, 'r1': 15, 'c1': 15, 'largest_component': 2}, {'color': 5, 'count': 7, 'bbox_h': 10, 'bbox_w': 10, 'bbox_area': 100, 'r0': 3, 'c0': 3, 'r1': 12, 'c1': 12, 'largest_component': 1}, {'color': 6, 'count': 24, 'bbox_h': 16, 'bbox_w': 16, 'bbox_area': 256, 'r0': 0, 'c0': 0, 'r1': 15, 'c1': 15, 'largest_component': 2}, {'color': 7, 'count': 19, 'bbox_h': 14, 'bbox_w': 14, 'bbox_area': 196, 'r0': 1, 'c0': 1, 'r1': 14, 'c1': 14, 'largest_component': 1}, {'color': 8, 'count': 51, 'bbox_h': 16, 'bbox_w': 16, 'bbox_area': 256, 'r0': 0, 'c0': 0, 'r1': 15, 'c1': 15, 'largest_component': 36}, {'color': 9, 'count': 11, 'bbox_h': 14, 'bbox_w': 14, 'bbox_area': 196, 'r0': 1, 'c0': 1, 'r1': 14, 'c1': 14, 'largest_component': 1}]","['count_rank1', 'area_rank1']"
59,3,"[{'color': 1, 'count': 12, 'bbox_h': 8, 'bbox_w': 8, 'bbox_area': 64, 'r0': 4, 'c0': 4, 'r1': 11, 'c1': 11, 'largest_component': 1}, {'color': 2, 'count': 16, 'bbox_h': 12, 'bbox_w': 12, 'bbox_area': 144, 'r0': 2, 'c0': 2, 'r1': 13, 'c1': 13, 'largest_component': 4}, {'color': 3, 'count': 37, 'bbox_h': 16, 'bbox_w': 16, 'bbox_area': 256, 'r0': 0, 'c0': 0, 'r1': 15, 'c1': 15, 'largest_component': 2}, {'color': 4, 'count': 34, 'bbox_h': 16, 'bbox_w': 16, 'bbox_area': 256, 'r0': 0, 'c0': 0, 'r1': 15, 'c1': 15, 'largest_component': 2}, {'color': 5, 'count': 30, 'bbox_h': 16, 'bbox_w': 16, 'bbox_area': 256, 'r0': 0, 'c0': 0, 'r1': 15, 'c1': 15, 'largest_component': 4}, {'color': 6, 'count': 36, 'bbox_h': 16, 'bbox_w': 16, 'bbox_area': 256, 'r0': 0, 'c0': 0, 'r1': 15, 'c1': 15, 'largest_component': 4}, {'color': 7, 'count': 42, 'bbox_h': 16, 'bbox_w': 16, 'bbox_area': 256, 'r0': 0, 'c0': 0, 'r1': 15, 'c1': 15, 'largest_component': 2}, {'color': 8, 'count': 28, 'bbox_h': 16, 'bbox_w': 16, 'bbox_area': 256, 'r0': 0, 'c0': 0, 'r1': 15, 'c1': 15, 'largest_component': 4}, {'color': 9, 'count': 12, 'bbox_h': 10, 'bbox_w': 10, 'bbox_area': 100, 'r0': 3, 'c0': 3, 'r1': 12, 'c1': 12, 'largest_component': 1}]","['bbox_h_max_low', 'bbox_w_max_low', 'bbox_area_max_low', 'r0_min_low', 'c0_min_low', 'r1_max_low', 'c1_max_low', 'count_rank1', 'area_rank0']"
60,4,"[{'color': 1, 'count': 12, 'bbox_h': 16, 'bbox_w': 16, 'bbox_area': 256, 'r0': 0, 'c0': 0, 'r1': 15, 'c1': 15, 'largest_component': 4}, {'color': 2, 'count': 12, 'bbox_h': 14, 'bbox_w': 14, 'bbox_area': 196, 'r0': 1, 'c0': 1, 'r1': 14, 'c1': 14, 'largest_component': 1}, {'color': 3, 'count': 26, 'bbox_h': 16, 'bbox_w': 16, 'bbox_area': 256, 'r0': 0, 'c0': 0, 'r1': 15, 'c1': 15, 'largest_component': 1}, {'color': 4, 'count': 41, 'bbox_h': 14, 'bbox_w': 14, 'bbox_area': 196, 'r0': 1, 'c0': 1, 'r1': 14, 'c1': 14, 'largest_component': 5}, {'color': 5, 'count': 22, 'bbox_h': 12, 'bbox_w': 12, 'bbox_area': 144, 'r0': 2, 'c0': 2, 'r1': 13, 'c1': 13, 'largest_component': 1}, {'color': 6, 'count': 16, 'bbox_h': 16, 'bbox_w': 16, 'bbox_area': 256, 'r0': 0, 'c0': 0, 'r1': 15, 'c1': 15, 'largest_component': 2}, {'color': 7, 'count': 54, 'bbox_h': 16, 'bbox_w': 16, 'bbox_area': 256, 'r0': 0, 'c0': 0, 'r1': 15, 'c1': 15, 'largest_component': 8}, {'color': 8, 'count': 32, 'bbox_h': 16, 'bbox_w': 16, 'bbox_area': 256, 'r0': 0, 'c0': 0, 'r1': 15, 'c1': 15, 'largest_component': 2}, {'color': 9, 'count': 32, 'bbox_h': 16, 'bbox_w': 16, 'bbox_area': 256, 'r0': 0, 'c0': 0, 'r1': 15, 'c1': 15, 'largest_component': 2}]",['count_rank1']
61,4,"[{'color': 1, 'count': 11, 'bbox_h': 14, 'bbox_w': 14, 'bbox_area': 196, 'r0': 1, 'c0': 1, 'r1': 14, 'c1': 14, 'largest_component': 2}, {'color': 2, 'count': 35, 'bbox_h': 16, 'bbox_w': 16, 'bbox_area': 256, 'r0': 0, 'c0': 0, 'r1': 15, 'c1': 15, 'largest_component': 3}, {'color': 3, 'count': 47, 'bbox_h': 16, 'bbox_w': 16, 'bbox_area': 256, 'r0': 0, 'c0': 0, 'r1': 15, 'c1': 15, 'largest_component': 3}, {'color': 4, 'count': 30, 'bbox_h': 16, 'bbox_w': 16, 'bbox_area': 256, 'r0': 0, 'c0': 0, 'r1': 15, 'c1': 15, 'largest_component': 2}, {'color': 5, 'count': 19, 'bbox_h': 12, 'bbox_w': 12, 'bbox_area': 144, 'r0': 2, 'c0': 2, 'r1': 13, 'c1': 13, 'largest_component': 2}, {'color': 6, 'count': 28, 'bbox_h': 14, 'bbox_w': 14, 'bbox_area': 196, 'r0': 1, 'c0': 1, 'r1': 14, 'c1': 14, 'largest_component': 3}, {'color': 7, 'count': 19, 'bbox_h': 16, 'bbox_w': 16, 'bbox_area': 256, 'r0': 0, 'c0': 0, 'r1': 15, 'c1': 15, 'largest_component': 4}, {'color': 8, 'count': 23, 'bbox_h': 12, 'bbox_w': 12, 'bbox_area': 144, 'r0': 2, 'c0': 2, 'r1': 13, 'c1': 13, 'largest_component': 2}, {'color': 9, 'count': 35, 'bbox_h': 16, 'bbox_w': 16, 'bbox_area': 256, 'r0': 0, 'c0': 0, 'r1': 15, 'c1': 15, 'largest_component': 4}]","['count_rank3', 'area_rank2']"
62,8,"[{'color': 1, 'count': 27, 'bbox_h': 16, 'bbox_w': 16, 'bbox_area': 256, 'r0': 0, 'c0': 0, 'r1': 15, 'c1': 15, 'largest_component': 1}, {'color': 2, 'count': 12, 'bbox_h': 16, 'bbox_w': 16, 'bbox_area': 256, 'r0': 0, 'c0': 0, 'r1': 15, 'c1': 15, 'largest_component': 1}, {'color': 3, 'count': 55, 'bbox_h': 16, 'bbox_w': 16, 'bbox_area': 256, 'r0': 0, 'c0': 0, 'r1': 15, 'c1': 15, 'largest_component': 4}, {'color': 4, 'count': 11, 'bbox_h': 16, 'bbox_w': 16, 'bbox_area': 256, 'r0': 0, 'c0': 0, 'r1': 15, 'c1': 15, 'largest_component': 2}, {'color': 5, 'count': 27, 'bbox_h': 16, 'bbox_w': 16, 'bbox_area': 256, 'r0': 0, 'c0': 0, 'r1': 15, 'c1': 15, 'largest_component': 5}, {'color': 6, 'count': 16, 'bbox_h': 14, 'bbox_w': 14, 'bbox_area': 196, 'r0': 1, 'c0': 1, 'r1': 14, 'c1': 14, 'largest_component': 1}, {'color': 7, 'count': 27, 'bbox_h': 14, 'bbox_w': 14, 'bbox_area': 196, 'r0': 1, 'c0': 1, 'r1': 14, 'c1': 14, 'largest_component': 3}, {'color': 8, 'count': 56, 'bbox_h': 16, 'bbox_w': 16, 'bbox_area': 256, 'r0': 0, 'c0': 0, 'r1': 15, 'c1': 15, 'largest_component': 3}, {'color': 9, 'count': 16, 'bbox_h': 8, 'bbox_w': 8, 'bbox_area': 64, 'r0': 4, 'c0': 4, 'r1': 11, 'c1': 11, 'largest_component': 2}]","['count_max_low', 'count_max_high', 'bbox_h_max_high', 'bbox_w_max_high', 'bbox_area_max_high', 'r0_min_high', 'c0_min_high', 'r1_max_high', 'c1_max_high', 'count_rank0']"
63,3,"[{'color': 1, 'count': 8, 'bbox_h': 16, 'bbox_w': 16, 'bbox_area': 256, 'r0': 0, 'c0': 0, 'r1': 15, 'c1': 15, 'largest_component': 1}, {'color': 2, 'count': 16, 'bbox_h': 14, 'bbox_w': 14, 'bbox_area': 196, 'r0': 1, 'c0': 1, 'r1': 14, 'c1': 14, 'largest_component': 2}, {'color': 3, 'count': 21, 'bbox_h': 12, 'bbox_w': 12, 'bbox_area': 144, 'r0': 2, 'c0': 2, 'r1': 13, 'c1': 13, 'largest_component': 4}, {'color': 4, 'count': 28, 'bbox_h': 16, 'bbox_w': 16, 'bbox_area': 256, 'r0': 0, 'c0': 0, 'r1': 15, 'c1': 15, 'largest_component': 2}, {'color': 5, 'count': 38, 'bbox_h': 16, 'bbox_w': 16, 'bbox_area': 256, 'r0': 0, 'c0': 0, 'r1': 15, 'c1': 15, 'largest_component': 4}, {'color': 6, 'count': 46, 'bbox_h': 16, 'bbox_w': 16, 'bbox_area': 256, 'r0': 0, 'c0': 0, 'r1': 15, 'c1': 15, 'largest_component': 3}, {'color': 7, 'count': 16, 'bbox_h': 14, 'bbox_w': 14, 'bbox_area': 196, 'r0': 1, 'c0': 1, 'r1': 14, 'c1': 14, 'largest_component': 1}, {'color': 8, 'count': 39, 'bbox_h': 16, 'bbox_w': 16, 'bbox_area': 256, 'r0': 0, 'c0': 0, 'r1': 15, 'c1': 15, 'largest_component': 2}, {'color': 9, 'count': 35, 'bbox_h': 16, 'bbox_w': 16, 'bbox_area': 256, 'r0': 0, 'c0': 0, 'r1': 15, 'c1': 15, 'largest_component': 3}]","['bbox_h_min_low', 'bbox_h_min_high', 'bbox_w_min_low', 'bbox_w_min_high', 'bbox_area_min_low', 'bbox_area_min_high', 'r0_max_low', 'r0_max_high', 'c0_max_low', 'c0_max_high', 'r1_min_low', 'r1_min_high', 'c1_min_low', 'c1_min_high', 'largest_component_max_low']"
64,1,"[{'color': 1, 'count': 40, 'bbox_h': 16, 'bbox_w': 16, 'bbox_area': 256, 'r0': 0, 'c0': 0, 'r1': 15, 'c1': 15, 'largest_component': 5}, {'color': 2, 'count': 39, 'bbox_h': 16, 'bbox_w': 16, 'bbox_area': 256, 'r0': 0, 'c0': 0, 'r1': 15, 'c1': 15, 'largest_component': 2}, {'color': 3, 'count': 18, 'bbox_h': 16, 'bbox_w': 16, 'bbox_area': 256, 'r0': 0, 'c0': 0, 'r1': 15, 'c1': 15, 'largest_component': 1}, {'color': 4, 'count': 43, 'bbox_h': 16, 'bbox_w': 16, 'bbox_area': 256, 'r0': 0, 'c0': 0, 'r1': 15, 'c1': 15, 'largest_component': 3}, {'color': 5, 'count': 31, 'bbox_h': 14, 'bbox_w': 14, 'bbox_area': 196, 'r0': 1, 'c0': 1, 'r1': 14, 'c1': 14, 'largest_component': 1}, {'color': 6, 'count': 16, 'bbox_h': 6, 'bbox_w': 6, 'bbox_area': 36, 'r0': 5, 'c0': 5, 'r1': 10, 'c1': 10, 'largest_component': 4}, {'color': 7, 'count': 16, 'bbox_h': 10, 'bbox_w': 10, 'bbox_area': 100, 'r0': 3, 'c0': 3, 'r1': 12, 'c1': 12, 'largest_component': 4}, {'color': 8, 'count': 8, 'bbox_h': 8, 'bbox_w': 8, 'bbox_area': 64, 'r0': 4, 'c0': 4, 'r1': 11, 'c1': 11, 'largest_component': 1}, {'color': 9, 'count': 36, 'bbox_h': 16, 'bbox_w': 16, 'bbox_area': 256, 'r0': 0, 'c0': 0, 'r1': 15, 'c1': 15, 'largest_component': 2}]","['bbox_h_max_low', 'bbox_w_max_low', 'bbox_area_max_low', 'r0_min_low', 'c0_min_low', 'r1_max_low', 'c1_max_low', 'largest_component_max_low', 'largest_component_max_high', 'count_rank1', 'area_rank0']"
65,6,"[{'color': 1, 'count': 11, 'bbox_h': 14, 'bbox_w': 14, 'bbox_area': 196, 'r0': 1, 'c0': 1, 'r1': 14, 'c1': 14, 'largest_component': 1}, {'color': 2, 'count': 20, 'bbox_h': 14, 'bbox_w': 14, 'bbox_area': 196, 'r0': 1, 'c0': 1, 'r1': 14, 'c1': 14, 'largest_component': 5}, {'color': 3, 'count': 48, 'bbox_h': 16, 'bbox_w': 16, 'bbox_area': 256, 'r0': 0, 'c0': 0, 'r1': 15, 'c1': 15, 'largest_component': 6}, {'color': 4, 'count': 32, 'bbox_h': 16, 'bbox_w': 16, 'bbox_area': 256, 'r0': 0, 'c0': 0, 'r1': 15, 'c1': 15, 'largest_component': 1}, {'color': 5, 'count': 15, 'bbox_h': 16, 'bbox_w': 16, 'bbox_area': 256, 'r0': 0, 'c0': 0, 'r1': 15, 'c1': 15, 'largest_component': 3}, {'color': 6, 'count': 32, 'bbox_h': 12, 'bbox_w': 12, 'bbox_area': 144, 'r0': 2, 'c0': 2, 'r1': 13, 'c1': 13, 'largest_component': 3}, {'color': 7, 'count': 36, 'bbox_h': 14, 'bbox_w': 14, 'bbox_area': 196, 'r0': 1, 'c0': 1, 'r1': 14, 'c1': 14, 'largest_component': 4}, {'color': 8, 'count': 33, 'bbox_h': 16, 'bbox_w': 16, 'bbox_area': 256, 'r0': 0, 'c0': 0, 'r1': 15, 'c1': 15, 'largest_component': 2}, {'color': 9, 'count': 20, 'bbox_h': 16, 'bbox_w': 16, 'bbox_area': 256, 'r0': 0, 'c0': 0, 'r1': 15, 'c1': 15, 'largest_component': 3}]","['bbox_h_min_low', 'bbox_h_min_high', 'bbox_w_min_low', 'bbox_w_min_high', 'bbox_area_min_low', 'bbox_area_min_high', 'r0_max_low', 'r0_max_high', 'c0_max_low', 'c0_max_high', 'r1_min_low', 'r1_min_high', 'c1_min_low', 'c1_min_high', 'count_rank4']"
66,2,"[{'color': 1, 'count': 38, 'bbox_h': 14, 'bbox_w': 14, 'bbox_area': 196, 'r0': 1, 'c0': 1, 'r1': 14, 'c1': 14, 'largest_component': 2}, {'color': 2, 'count': 31, 'bbox_h': 14, 'bbox_w': 14, 'bbox_area': 196, 'r0': 1, 'c0': 1, 'r1': 14, 'c1': 14, 'largest_component': 3}, {'color': 3, 'count': 12, 'bbox_h': 16, 'bbox_w': 16, 'bbox_area': 256, 'r0': 0, 'c0': 0, 'r1': 15, 'c1': 15, 'largest_component': 1}, {'color': 4, 'count': 27, 'bbox_h': 14, 'bbox_w': 14, 'bbox_area': 196, 'r0': 1, 'c0': 1, 'r1': 14, 'c1': 14, 'largest_component': 2}, {'color': 5, 'count': 20, 'bbox_h': 14, 'bbox_w': 14, 'bbox_area': 196, 'r0': 1, 'c0': 1, 'r1': 14, 'c1': 14, 'largest_component': 2}, {'color': 6, 'count': 35, 'bbox_h': 16, 'bbox_w': 16, 'bbox_area': 256, 'r0': 0, 'c0': 0, 'r1': 15, 'c1': 15, 'largest_component': 2}, {'color': 7, 'count': 32, 'bbox_h': 16, 'bbox_w': 16, 'bbox_area': 256, 'r0': 0, 'c0': 0, 'r1': 15, 'c1': 15, 'largest_component': 4}, {'color': 8, 'count': 16, 'bbox_h': 16, 'bbox_w': 16, 'bbox_area': 256, 'r0': 0, 'c0': 0, 'r1': 15, 'c1': 15, 'largest_component': 1}, {'color': 9, 'count': 36, 'bbox_h': 16, 'bbox_w': 16, 'bbox_area': 256, 'r0': 0, 'c0': 0, 'r1': 15, 'c1': 15, 'largest_component': 2}]",['count_rank4']
67,9,"[{'color': 1, 'count': 20, 'bbox_h': 14, 'bbox_w': 14, 'bbox_area': 196, 'r0': 1, 'c0': 1, 'r1': 14, 'c1': 14, 'largest_component': 2}, {'color': 2, 'count': 44, 'bbox_h': 16, 'bbox_w': 16, 'bbox_area': 256, 'r0': 0, 'c0': 0, 'r1': 15, 'c1': 15, 'largest_component': 12}, {'color': 3, 'count': 16, 'bbox_h': 16, 'bbox_w': 16, 'bbox_area': 256, 'r0': 0, 'c0': 0, 'r1': 15, 'c1': 15, 'largest_component': 2}, {'color': 4, 'count': 43, 'bbox_h': 16, 'bbox_w': 16, 'bbox_area': 256, 'r0': 0, 'c0': 0, 'r1': 15, 'c1': 15, 'largest_component': 1}, {'color': 5, 'count': 15, 'bbox_h': 12, 'bbox_w': 12, 'bbox_area': 144, 'r0': 2, 'c0': 2, 'r1': 13, 'c1': 13, 'largest_component': 2}, {'color': 6, 'count': 7, 'bbox_h': 8, 'bbox_w': 8, 'bbox_area': 64, 'r0': 4, 'c0': 4, 'r1': 11, 'c1': 11, 'largest_component': 1}, {'color': 7, 'count': 54, 'bbox_h': 16, 'bbox_w': 16, 'bbox_area': 256, 'r0': 0, 'c0': 0, 'r1': 15, 'c1': 15, 'largest_component': 2}, {'color': 8, 'count': 11, 'bbox_h': 16, 'bbox_w': 16, 'bbox_area': 256, 'r0': 0, 'c0': 0, 'r1': 15, 'c1': 15, 'largest_component': 2}, {'color': 9, 'count': 37, 'bbox_h': 14, 'bbox_w': 14, 'bbox_area': 196, 'r0': 1, 'c0': 1, 'r1': 14, 'c1': 14, 'largest_component': 4}]",['count_rank3']
68,2,"[{'color': 1, 'count': 16, 'bbox_h': 14, 'bbox_w': 14, 'bbox_area': 196, 'r0': 1, 'c0': 1, 'r1': 14, 'c1': 14, 'largest_component': 4}, {'color': 2, 'count': 38, 'bbox_h': 16, 'bbox_w': 16, 'bbox_area': 256, 'r0': 0, 'c0': 0, 'r1': 15, 'c1': 15, 'largest_component': 2}, {'color': 3, 'count': 54, 'bbox_h': 16, 'bbox_w': 16, 'bbox_area': 256, 'r0': 0, 'c0': 0, 'r1': 15, 'c1': 15, 'largest_component': 2}, {'color': 4, 'count': 20, 'bbox_h': 10, 'bbox_w': 10, 'bbox_area': 100, 'r0': 3, 'c0': 3, 'r1': 12, 'c1': 12, 'largest_component': 3}, {'color': 5, 'count': 7, 'bbox_h': 14, 'bbox_w': 14, 'bbox_area': 196, 'r0': 1, 'c0': 1, 'r1': 14, 'c1': 14, 'largest_component': 1}, {'color': 6, 'count': 32, 'bbox_h': 14, 'bbox_w': 14, 'bbox_area': 196, 'r0': 1, 'c0': 1, 'r1': 14, 'c1': 14, 'largest_component': 4}, {'color': 7, 'count': 39, 'bbox_h': 16, 'bbox_w': 16, 'bbox_area': 256, 'r0': 0, 'c0': 0, 'r1': 15, 'c1': 15, 'largest_component': 4}, {'color': 8, 'count': 22, 'bbox_h': 14, 'bbox_w': 14, 'bbox_area': 196, 'r0': 1, 'c0': 1, 'r1': 14, 'c1': 14, 'largest_component': 2}, {'color': 9, 'count': 19, 'bbox_h': 16, 'bbox_w': 16, 'bbox_area': 256, 'r0': 0, 'c0': 0, 'r1': 15, 'c1': 15, 'largest_component': 1}]","['bbox_h_max_low', 'bbox_w_max_low', 'bbox_area_max_low', 'r0_min_low', 'c0_min_low', 'r1_max_low', 'c1_max_low', 'count_rank2', 'area_rank0']"
69,9,"[{'color': 1, 'count': 35, 'bbox_h': 16, 'bbox_w': 16, 'bbox_area': 256, 'r0': 0, 'c0': 0, 'r1': 15, 'c1': 15, 'largest_component': 4}, {'color': 2, 'count': 24, 'bbox_h': 16, 'bbox_w': 16, 'bbox_area': 256, 'r0': 0, 'c0': 0, 'r1': 15, 'c1': 15, 'largest_component': 1}, {'color': 3, 'count': 15, 'bbox_h': 14, 'bbox_w': 14, 'bbox_area': 196, 'r0': 1, 'c0': 1, 'r1': 14, 'c1': 14, 'largest_component': 1}, {'color': 4, 'count': 40, 'bbox_h': 16, 'bbox_w': 16, 'bbox_area': 256, 'r0': 0, 'c0': 0, 'r1': 15, 'c1': 15, 'largest_component': 2}, {'color': 6, 'count': 26, 'bbox_h': 16, 'bbox_w': 16, 'bbox_area': 256, 'r0': 0, 'c0': 0, 'r1': 15, 'c1': 15, 'largest_component': 2}, {'color': 7, 'count': 31, 'bbox_h': 14, 'bbox_w': 14, 'bbox_area': 196, 'r0': 1, 'c0': 1, 'r1': 14, 'c1': 14, 'largest_component': 2}, {'color': 8, 'count': 27, 'bbox_h': 16, 'bbox_w': 16, 'bbox_area': 256, 'r0': 0, 'c0': 0, 'r1': 15, 'c1': 15, 'largest_component': 2}, {'color': 9, 'count': 49, 'bbox_h': 16, 'bbox_w': 16, 'bbox_area': 256, 'r0': 0, 'c0': 0, 'r1': 15, 'c1': 15, 'largest_component': 4}]","['count_max_low', 'count_max_high', 'bbox_h_max_high', 'bbox_w_max_high', 'bbox_area_max_high', 'r0_min_high', 'c0_min_high', 'r1_max_high', 'c1_max_high', 'largest_component_max_high', 'count_rank0']"
70,5,"[{'color': 1, 'count': 22, 'bbox_h': 10, 'bbox_w': 10, 'bbox_area': 100, 'r0': 3, 'c0': 3, 'r1': 12, 'c1': 12, 'largest_component': 2}, {'color': 2, 'count': 43, 'bbox_h': 16, 'bbox_w': 16, 'bbox_area': 256, 'r0': 0, 'c0': 0, 'r1': 15, 'c1': 15, 'largest_component': 4}, {'color': 3, 'count': 43, 'bbox_h': 16, 'bbox_w': 16, 'bbox_area': 256, 'r0': 0, 'c0': 0, 'r1': 15, 'c1': 15, 'largest_component': 2}, {'color': 4, 'count': 16, 'bbox_h': 8, 'bbox_w': 8, 'bbox_area': 64, 'r0': 4, 'c0': 4, 'r1': 11, 'c1': 11, 'largest_component': 2}, {'color': 5, 'count': 22, 'bbox_h': 16, 'bbox_w': 16, 'bbox_area': 256, 'r0': 0, 'c0': 0, 'r1': 15, 'c1': 15, 'largest_component': 2}, {'color': 6, 'count': 46, 'bbox_h': 16, 'bbox_w': 16, 'bbox_area': 256, 'r0': 0, 'c0': 0, 'r1': 15, 'c1': 15, 'largest_component': 2}, {'color': 7, 'count': 24, 'bbox_h': 14, 'bbox_w': 14, 'bbox_area': 196, 'r0': 1, 'c0': 1, 'r1': 14, 'c1': 14, 'largest_component': 2}, {'color': 8, 'count': 24, 'bbox_h': 16, 'bbox_w': 16, 'bbox_area': 256, 'r0': 0, 'c0': 0, 'r1': 15, 'c1': 15, 'largest_component': 1}, {'color': 9, 'count': 7, 'bbox_h': 12, 'bbox_w': 12, 'bbox_area': 144, 'r0': 2, 'c0': 2, 'r1': 13, 'c1': 13, 'largest_component': 1}]",['area_rank2']
71,1,"[{'color': 1, 'count': 6, 'bbox_h': 6, 'bbox_w': 6, 'bbox_area': 36, 'r0': 5, 'c0': 5, 'r1': 10, 'c1': 10, 'largest_component': 1}, {'color': 2, 'count': 56, 'bbox_h': 14, 'bbox_w': 14, 'bbox_area': 196, 'r0': 1, 'c0': 1, 'r1': 14, 'c1': 14, 'largest_component': 6}, {'color': 3, 'count': 19, 'bbox_h': 14, 'bbox_w': 14, 'bbox_area': 196, 'r0': 1, 'c0': 1, 'r1': 14, 'c1': 14, 'largest_component': 1}, {'color': 4, 'count': 12, 'bbox_h': 16, 'bbox_w': 16, 'bbox_area': 256, 'r0': 0, 'c0': 0, 'r1': 15, 'c1': 15, 'largest_component': 1}, {'color': 5, 'count': 38, 'bbox_h': 16, 'bbox_w': 16, 'bbox_area': 256, 'r0': 0, 'c0': 0, 'r1': 15, 'c1': 15, 'largest_component': 4}, {'color': 6, 'count': 28, 'bbox_h': 16, 'bbox_w': 16, 'bbox_area': 256, 'r0': 0, 'c0': 0, 'r1': 15, 'c1': 15, 'largest_component': 2}, {'color': 7, 'count': 40, 'bbox_h': 16, 'bbox_w': 16, 'bbox_area': 256, 'r0': 0, 'c0': 0, 'r1': 15, 'c1': 15, 'largest_component': 3}, {'color': 8, 'count': 18, 'bbox_h': 12, 'bbox_w': 12, 'bbox_area': 144, 'r0': 2, 'c0': 2, 'r1': 13, 'c1': 13, 'largest_component': 2}, {'color': 9, 'count': 30, 'bbox_h': 16, 'bbox_w': 16, 'bbox_area': 256, 'r0': 0, 'c0': 0, 'r1': 15, 'c1': 15, 'largest_component': 3}]","['count_min_low', 'count_min_high', 'bbox_h_min_low', 'bbox_h_min_high', 'bbox_w_min_low', 'bbox_w_min_high', 'bbox_area_min_low', 'bbox_area_min_high', 'r0_max_low', 'r0_max_high', 'c0_max_low', 'c0_max_high', 'r1_min_low', 'r1_min_high', 'c1_min_low', 'c1_min_high', 'largest_component_min_low']"
72,1,"[{'color': 1, 'count': 29, 'bbox_h': 16, 'bbox_w': 16, 'bbox_area': 256, 'r0': 0, 'c0': 0, 'r1': 15, 'c1': 15, 'largest_component': 1}, {'color': 3, 'count': 31, 'bbox_h': 16, 'bbox_w': 16, 'bbox_area': 256, 'r0': 0, 'c0': 0, 'r1': 15, 'c1': 15, 'largest_component': 1}, {'color': 4, 'count': 40, 'bbox_h': 16, 'bbox_w': 16, 'bbox_area': 256, 'r0': 0, 'c0': 0, 'r1': 15, 'c1': 15, 'largest_component': 2}, {'color': 5, 'count': 26, 'bbox_h': 16, 'bbox_w': 16, 'bbox_area': 256, 'r0': 0, 'c0': 0, 'r1': 15, 'c1': 15, 'largest_component': 2}, {'color': 6, 'count': 23, 'bbox_h': 16, 'bbox_w': 16, 'bbox_area': 256, 'r0': 0, 'c0': 0, 'r1': 15, 'c1': 15, 'largest_component': 2}, {'color': 7, 'count': 28, 'bbox_h': 16, 'bbox_w': 16, 'bbox_area': 256, 'r0': 0, 'c0': 0, 'r1': 15, 'c1': 15, 'largest_component': 4}, {'color': 8, 'count': 15, 'bbox_h': 14, 'bbox_w': 14, 'bbox_area': 196, 'r0': 1, 'c0': 1, 'r1': 14, 'c1': 14, 'largest_component': 1}, {'color': 9, 'count': 55, 'bbox_h': 16, 'bbox_w': 16, 'bbox_area': 256, 'r0': 0, 'c0': 0, 'r1': 15, 'c1': 15, 'largest_component': 12}]","['bbox_h_max_low', 'bbox_w_max_low', 'bbox_area_max_low', 'r0_min_low', 'c0_min_low', 'r1_max_low', 'c1_max_low', 'largest_component_min_low', 'count_rank3', 'area_rank0']"
73,6,"[{'color': 1, 'count': 27, 'bbox_h': 16, 'bbox_w': 16, 'bbox_area': 256, 'r0': 0, 'c0': 0, 'r1': 15, 'c1': 15, 'largest_component': 4}, {'color': 2, 'count': 15, 'bbox_h': 14, 'bbox_w': 14, 'bbox_area': 196, 'r0': 1, 'c0': 1, 'r1': 14, 'c1': 14, 'largest_component': 1}, {'color': 3, 'count': 43, 'bbox_h': 16, 'bbox_w': 16, 'bbox_area': 256, 'r0': 0, 'c0': 0, 'r1': 15, 'c1': 15, 'largest_component': 3}, {'color': 4, 'count': 7, 'bbox_h': 12, 'bbox_w': 12, 'bbox_area': 144, 'r0': 2, 'c0': 2, 'r1': 13, 'c1': 13, 'largest_component': 1}, {'color': 5, 'count': 47, 'bbox_h': 16, 'bbox_w': 16, 'bbox_area': 256, 'r0': 0, 'c0': 0, 'r1': 15, 'c1': 15, 'largest_component': 2}, {'color': 6, 'count': 37, 'bbox_h': 16, 'bbox_w': 16, 'bbox_area': 256, 'r0': 0, 'c0': 0, 'r1': 15, 'c1': 15, 'largest_component': 2}, {'color': 7, 'count': 28, 'bbox_h': 16, 'bbox_w': 16, 'bbox_area': 256, 'r0': 0, 'c0': 0, 'r1': 15, 'c1': 15, 'largest_component': 2}, {'color': 8, 'count': 23, 'bbox_h': 16, 'bbox_w': 16, 'bbox_area': 256, 'r0': 0, 'c0': 0, 'r1': 15, 'c1': 15, 'largest_component': 1}, {'color': 9, 'count': 20, 'bbox_h': 16, 'bbox_w': 16, 'bbox_area': 256, 'r0': 0, 'c0': 0, 'r1': 15, 'c1': 15, 'largest_component': 4}]","['count_rank2', 'area_rank3']"
74,4,"[{'color': 1, 'count': 15, 'bbox_h': 8, 'bbox_w': 8, 'bbox_area': 64, 'r0': 4, 'c0': 4, 'r1': 11, 'c1': 11, 'largest_component': 2}, {'color': 2, 'count': 15, 'bbox_h': 16, 'bbox_w': 16, 'bbox_area': 256, 'r0': 0, 'c0': 0, 'r1': 15, 'c1': 15, 'largest_component': 1}, {'color': 3, 'count': 16, 'bbox_h': 16, 'bbox_w': 16, 'bbox_area': 256, 'r0': 0, 'c0': 0, 'r1': 15, 'c1': 15, 'largest_component': 2}, {'color': 4, 'count': 33, 'bbox_h': 14, 'bbox_w': 14, 'bbox_area': 196, 'r0': 1, 'c0': 1, 'r1': 14, 'c1': 14, 'largest_component': 4}, {'color': 5, 'count': 48, 'bbox_h': 16, 'bbox_w': 16, 'bbox_area': 256, 'r0': 0, 'c0': 0, 'r1': 15, 'c1': 15, 'largest_component': 10}, {'color': 6, 'count': 42, 'bbox_h': 16, 'bbox_w': 16, 'bbox_area': 256, 'r0': 0, 'c0': 0, 'r1': 15, 'c1': 15, 'largest_component': 4}, {'color': 7, 'count': 16, 'bbox_h': 14, 'bbox_w': 14, 'bbox_area': 196, 'r0': 1, 'c0': 1, 'r1': 14, 'c1': 14, 'largest_component': 1}, {'color': 8, 'count': 42, 'bbox_h': 16, 'bbox_w': 16, 'bbox_area': 256, 'r0': 0, 'c0': 0, 'r1': 15, 'c1': 15, 'largest_component': 4}, {'color': 9, 'count': 20, 'bbox_h': 12, 'bbox_w': 12, 'bbox_area': 144, 'r0': 2, 'c0': 2, 'r1': 13, 'c1': 13, 'largest_component': 2}]",['count_rank3']
75,5,"[{'color': 1, 'count': 24, 'bbox_h': 16, 'bbox_w': 16, 'bbox_area': 256, 'r0': 0, 'c0': 0, 'r1': 15, 'c1': 15, 'largest_component': 1}, {'color': 2, 'count': 16, 'bbox_h': 16, 'bbox_w': 16, 'bbox_area': 256, 'r0': 0, 'c0': 0, 'r1': 15, 'c1': 15, 'largest_component': 2}, {'color': 3, 'count': 48, 'bbox_h': 14, 'bbox_w': 14, 'bbox_area': 196, 'r0': 1, 'c0': 1, 'r1': 14, 'c1': 14, 'largest_component': 6}, {'color': 4, 'count': 59, 'bbox_h': 16, 'bbox_w': 16, 'bbox_area': 256, 'r0': 0, 'c0': 0, 'r1': 15, 'c1': 15, 'largest_component': 4}, {'color': 5, 'count': 25, 'bbox_h': 16, 'bbox_w': 16, 'bbox_area': 256, 'r0': 0, 'c0': 0, 'r1': 15, 'c1': 15, 'largest_component': 3}, {'color': 6, 'count': 16, 'bbox_h': 14, 'bbox_w': 14, 'bbox_area': 196, 'r0': 1, 'c0': 1, 'r1': 14, 'c1': 14, 'largest_component': 2}, {'color': 7, 'count': 34, 'bbox_h': 16, 'bbox_w': 16, 'bbox_area': 256, 'r0': 0, 'c0': 0, 'r1': 15, 'c1': 15, 'largest_component': 2}, {'color': 9, 'count': 25, 'bbox_h': 16, 'bbox_w': 16, 'bbox_area': 256, 'r0': 0, 'c0': 0, 'r1': 15, 'c1': 15, 'largest_component': 3}]","['count_rank3', 'area_rank3']"
76,8,"[{'color': 1, 'count': 20, 'bbox_h': 14, 'bbox_w': 14, 'bbox_area': 196, 'r0': 1, 'c0': 1, 'r1': 14, 'c1': 14, 'largest_component': 2}, {'color': 2, 'count': 35, 'bbox_h': 16, 'bbox_w': 16, 'bbox_area': 256, 'r0': 0, 'c0': 0, 'r1': 15, 'c1': 15, 'largest_component': 1}, {'color': 3, 'count': 46, 'bbox_h': 16, 'bbox_w': 16, 'bbox_area': 256, 'r0': 0, 'c0': 0, 'r1': 15, 'c1': 15, 'largest_component': 4}, {'color': 4, 'count': 12, 'bbox_h': 16, 'bbox_w': 16, 'bbox_area': 256, 'r0': 0, 'c0': 0, 'r1': 15, 'c1': 15, 'largest_component': 1}, {'color': 5, 'count': 20, 'bbox_h': 14, 'bbox_w': 14, 'bbox_area': 196, 'r0': 1, 'c0': 1, 'r1': 14, 'c1': 14, 'largest_component': 2}, {'color': 6, 'count': 42, 'bbox_h': 14, 'bbox_w': 14, 'bbox_area': 196, 'r0': 1, 'c0': 1, 'r1': 14, 'c1': 14, 'largest_component': 2}, {'color': 7, 'count': 24, 'bbox_h': 16, 'bbox_w': 16, 'bbox_area': 256, 'r0': 0, 'c0': 0, 'r1': 15, 'c1': 15, 'largest_component': 2}, {'color': 8, 'count': 40, 'bbox_h': 16, 'bbox_w': 16, 'bbox_area': 256, 'r0': 0, 'c0': 0, 'r1': 15, 'c1': 15, 'largest_component': 4}, {'color': 9, 'count': 8, 'bbox_h': 10, 'bbox_w': 10, 'bbox_area': 100, 'r0': 3, 'c0': 3, 'r1': 12, 'c1': 12, 'largest_component': 2}]","['bbox_h_max_high', 'bbox_w_max_high', 'bbox_area_max_high', 'r0_min_high', 'c0_min_high', 'r1_max_high', 'c1_max_high', 'largest_component_max_high', 'count_rank2', 'area_rank4']"
77,5,"[{'color': 1, 'count': 27, 'bbox_h': 12, 'bbox_w': 12, 'bbox_area': 144, 'r0': 2, 'c0': 2, 'r1': 13, 'c1': 13, 'largest_component': 3}, {'color': 2, 'count': 27, 'bbox_h': 16, 'bbox_w': 16, 'bbox_area': 256, 'r0': 0, 'c0': 0, 'r1': 15, 'c1': 15, 'largest_component': 3}, {'color': 3, 'count': 19, 'bbox_h': 14, 'bbox_w': 14, 'bbox_area': 196, 'r0': 1, 'c0': 1, 'r1': 14, 'c1': 14, 'largest_component': 4}, {'color': 4, 'count': 47, 'bbox_h': 16, 'bbox_w': 16, 'bbox_area': 256, 'r0': 0, 'c0': 0, 'r1': 15, 'c1': 15, 'largest_component': 3}, {'color': 5, 'count': 45, 'bbox_h': 16, 'bbox_w': 16, 'bbox_area': 256, 'r0': 0, 'c0': 0, 'r1': 15, 'c1': 15, 'largest_component': 10}, {'color': 6, 'count': 27, 'bbox_h': 14, 'bbox_w': 14, 'bbox_area': 196, 'r0': 1, 'c0': 1, 'r1': 14, 'c1': 14, 'largest_component': 3}, {'color': 7, 'count': 24, 'bbox_h': 14, 'bbox_w': 14, 'bbox_area': 196, 'r0': 1, 'c0': 1, 'r1': 14, 'c1': 14, 'largest_component': 2}, {'color': 8, 'count': 15, 'bbox_h': 16, 'bbox_w': 16, 'bbox_area': 256, 'r0': 0, 'c0': 0, 'r1': 15, 'c1': 15, 'largest_component': 1}, {'color': 9, 'count': 16, 'bbox_h': 16, 'bbox_w': 16, 'bbox_area': 256, 'r0': 0, 'c0': 0, 'r1': 15, 'c1': 15, 'largest_component': 1}]","['largest_component_max_low', 'largest_component_max_high', 'count_rank1', 'area_rank2']"
78,1,"[{'color': 1, 'count': 34, 'bbox_h': 14, 'bbox_w': 14, 'bbox_area': 196, 'r0': 1, 'c0': 1, 'r1': 14, 'c1': 14, 'largest_component': 4}, {'color': 2, 'count': 34, 'bbox_h': 16, 'bbox_w': 16, 'bbox_area': 256, 'r0': 0, 'c0': 0, 'r1': 15, 'c1': 15, 'largest_component': 4}, {'color': 3, 'count': 11, 'bbox_h': 6, 'bbox_w': 6, 'bbox_area': 36, 'r0': 5, 'c0': 5, 'r1': 10, 'c1': 10, 'largest_component': 2}, {'color': 4, 'count': 24, 'bbox_h': 16, 'bbox_w': 16, 'bbox_area': 256, 'r0': 0, 'c0': 0, 'r1': 15, 'c1': 15, 'largest_component': 2}, {'color': 5, 'count': 27, 'bbox_h': 16, 'bbox_w': 16, 'bbox_area': 256, 'r0': 0, 'c0': 0, 'r1': 15, 'c1': 15, 'largest_component': 2}, {'color': 6, 'count': 8, 'bbox_h': 16, 'bbox_w': 16, 'bbox_area': 256, 'r0': 0, 'c0': 0, 'r1': 15, 'c1': 15, 'largest_component': 1}, {'color': 7, 'count': 58, 'bbox_h': 16, 'bbox_w': 16, 'bbox_area': 256, 'r0': 0, 'c0': 0, 'r1': 15, 'c1': 15, 'largest_component': 4}, {'color': 8, 'count': 23, 'bbox_h': 12, 'bbox_w': 12, 'bbox_area': 144, 'r0': 2, 'c0': 2, 'r1': 13, 'c1': 13, 'largest_component': 4}, {'color': 9, 'count': 28, 'bbox_h': 12, 'bbox_w': 12, 'bbox_area': 144, 'r0': 2, 'c0': 2, 'r1': 13, 'c1': 13, 'largest_component': 2}]","['largest_component_max_low', 'count_rank1']"
79,2,"[{'color': 1, 'count': 16, 'bbox_h': 16, 'bbox_w': 16, 'bbox_area': 256, 'r0': 0, 'c0': 0, 'r1': 15, 'c1': 15, 'largest_component': 1}, {'color': 2, 'count': 29, 'bbox_h': 16, 'bbox_w': 16, 'bbox_area': 256, 'r0': 0, 'c0': 0, 'r1': 15, 'c1': 15, 'largest_component': 3}, {'color': 3, 'count': 8, 'bbox_h': 8, 'bbox_w': 8, 'bbox_area': 64, 'r0': 4, 'c0': 4, 'r1': 11, 'c1': 11, 'largest_component': 2}, {'color': 4, 'count': 7, 'bbox_h': 12, 'bbox_w': 12, 'bbox_area': 144, 'r0': 2, 'c0': 2, 'r1': 13, 'c1': 13, 'largest_component': 1}, {'color': 5, 'count': 43, 'bbox_h': 14, 'bbox_w': 14, 'bbox_area': 196, 'r0': 1, 'c0': 1, 'r1': 14, 'c1': 14, 'largest_component': 8}, {'color': 6, 'count': 37, 'bbox_h': 16, 'bbox_w': 16, 'bbox_area': 256, 'r0': 0, 'c0': 0, 'r1': 15, 'c1': 15, 'largest_component': 5}, {'color': 7, 'count': 47, 'bbox_h': 16, 'bbox_w': 16, 'bbox_area': 256, 'r0': 0, 'c0': 0, 'r1': 15, 'c1': 15, 'largest_component': 4}, {'color': 8, 'count': 44, 'bbox_h': 16, 'bbox_w': 16, 'bbox_area': 256, 'r0': 0, 'c0': 0, 'r1': 15, 'c1': 15, 'largest_component': 2}, {'color': 9, 'count': 16, 'bbox_h': 16, 'bbox_w': 16, 'bbox_area': 256, 'r0': 0, 'c0': 0, 'r1': 15, 'c1': 15, 'largest_component': 1}]","['count_rank4', 'area_rank1']"
80,5,"[{'color': 1, 'count': 12, 'bbox_h': 14, 'bbox_w': 14, 'bbox_area': 196, 'r0': 1, 'c0': 1, 'r1': 14, 'c1': 14, 'largest_component': 1}, {'color': 2, 'count': 16, 'bbox_h': 16, 'bbox_w': 16, 'bbox_area': 256, 'r0': 0, 'c0': 0, 'r1': 15, 'c1': 15, 'largest_component': 1}, {'color': 3, 'count': 65, 'bbox_h': 16, 'bbox_w': 16, 'bbox_area': 256, 'r0': 0, 'c0': 0, 'r1': 15, 'c1': 15, 'largest_component': 4}, {'color': 4, 'count': 16, 'bbox_h': 16, 'bbox_w': 16, 'bbox_area': 256, 'r0': 0, 'c0': 0, 'r1': 15, 'c1': 15, 'largest_component': 1}, {'color': 5, 'count': 52, 'bbox_h': 16, 'bbox_w': 16, 'bbox_area': 256, 'r0': 0, 'c0': 0, 'r1': 15, 'c1': 15, 'largest_component': 10}, {'color': 6, 'count': 12, 'bbox_h': 16, 'bbox_w': 16, 'bbox_area': 256, 'r0': 0, 'c0': 0, 'r1': 15, 'c1': 15, 'largest_component': 1}, {'color': 7, 'count': 16, 'bbox_h': 14, 'bbox_w': 14, 'bbox_area': 196, 'r0': 1, 'c0': 1, 'r1': 14, 'c1': 14, 'largest_component': 2}, {'color': 8, 'count': 24, 'bbox_h': 14, 'bbox_w': 14, 'bbox_area': 196, 'r0': 1, 'c0': 1, 'r1': 14, 'c1': 14, 'largest_component': 2}, {'color': 9, 'count': 34, 'bbox_h': 16, 'bbox_w': 16, 'bbox_area': 256, 'r0': 0, 'c0': 0, 'r1': 15, 'c1': 15, 'largest_component': 3}]","['largest_component_max_low', 'largest_component_max_high', 'count_rank1', 'area_rank3']"
81,8,"[{'color': 1, 'count': 24, 'bbox_h': 16, 'bbox_w': 16, 'bbox_area': 256, 'r0': 0, 'c0': 0, 'r1': 15, 'c1': 15, 'largest_component': 2}, {'color': 2, 'count': 43, 'bbox_h': 16, 'bbox_w': 16, 'bbox_area': 256, 'r0': 0, 'c0': 0, 'r1': 15, 'c1': 15, 'largest_component': 2}, {'color': 3, 'count': 28, 'bbox_h': 16, 'bbox_w': 16, 'bbox_area': 256, 'r0': 0, 'c0': 0, 'r1': 15, 'c1': 15, 'largest_component': 2}, {'color': 4, 'count': 37, 'bbox_h': 16, 'bbox_w': 16, 'bbox_area': 256, 'r0': 0, 'c0': 0, 'r1': 15, 'c1': 15, 'largest_component': 6}, {'color': 5, 'count': 19, 'bbox_h': 16, 'bbox_w': 16, 'bbox_area': 256, 'r0': 0, 'c0': 0, 'r1': 15, 'c1': 15, 'largest_component': 2}, {'color': 6, 'count': 11, 'bbox_h': 12, 'bbox_w': 12, 'bbox_area': 144, 'r0': 2, 'c0': 2, 'r1': 13, 'c1': 13, 'largest_component': 4}, {'color': 7, 'count': 20, 'bbox_h': 16, 'bbox_w': 16, 'bbox_area': 256, 'r0': 0, 'c0': 0, 'r1': 15, 'c1': 15, 'largest_component': 3}, {'color': 8, 'count': 37, 'bbox_h': 14, 'bbox_w': 14, 'bbox_area': 196, 'r0': 1, 'c0': 1, 'r1': 14, 'c1': 14, 'largest_component': 2}, {'color': 9, 'count': 28, 'bbox_h': 16, 'bbox_w': 16, 'bbox_area': 256, 'r0': 0, 'c0': 0, 'r1': 15, 'c1': 15, 'largest_component': 2}]",['count_rank2']
82,7,"[{'color': 1, 'count': 46, 'bbox_h': 16, 'bbox_w': 16, 'bbox_area': 256, 'r0': 0, 'c0': 0, 'r1': 15, 'c1': 15, 'largest_component': 2}, {'color': 2, 'count': 24, 'bbox_h': 16, 'bbox_w': 16, 'bbox_area': 256, 'r0': 0, 'c0': 0, 'r1': 15, 'c1': 15, 'largest_component': 2}, {'color': 3, 'count': 11, 'bbox_h': 16, 'bbox_w': 16, 'bbox_area': 256, 'r0': 0, 'c0': 0, 'r1': 15, 'c1': 15, 'largest_component': 1}, {'color': 4, 'count': 12, 'bbox_h': 10, 'bbox_w': 10, 'bbox_area': 100, 'r0': 3, 'c0': 3, 'r1': 12, 'c1': 12, 'largest_component': 1}, {'color': 5, 'count': 31, 'bbox_h': 14, 'bbox_w': 14, 'bbox_area': 196, 'r0': 1, 'c0': 1, 'r1': 14, 'c1': 14, 'largest_component': 2}, {'color': 6, 'count': 12, 'bbox_h': 16, 'bbox_w': 16, 'bbox_area': 256, 'r0': 0, 'c0': 0, 'r1': 15, 'c1': 15, 'largest_component': 2}, {'color': 7, 'count': 41, 'bbox_h': 16, 'bbox_w': 16, 'bbox_area': 256, 'r0': 0, 'c0': 0, 'r1': 15, 'c1': 15, 'largest_component': 3}, {'color': 8, 'count': 31, 'bbox_h': 16, 'bbox_w': 16, 'bbox_area': 256, 'r0': 0, 'c0': 0, 'r1': 15, 'c1': 15, 'largest_component': 4}, {'color': 9, 'count': 39, 'bbox_h': 16, 'bbox_w': 16, 'bbox_area': 256, 'r0': 0, 'c0': 0, 'r1': 15, 'c1': 15, 'largest_component': 2}]","['count_rank1', 'area_rank4']"
83,8,"[{'color': 1, 'count': 15, 'bbox_h': 10, 'bbox_w': 10, 'bbox_area': 100, 'r0': 3, 'c0': 3, 'r1': 12, 'c1': 12, 'largest_component': 2}, {'color': 2, 'count': 15, 'bbox_h': 16, 'bbox_w': 16, 'bbox_area': 256, 'r0': 0, 'c0': 0, 'r1': 15, 'c1': 15, 'largest_component': 2}, {'color': 3, 'count': 40, 'bbox_h': 16, 'bbox_w': 16, 'bbox_area': 256, 'r0': 0, 'c0': 0, 'r1': 15, 'c1': 15, 'largest_component': 3}, {'color': 4, 'count': 12, 'bbox_h': 16, 'bbox_w': 16, 'bbox_area': 256, 'r0': 0, 'c0': 0, 'r1': 15, 'c1': 15, 'largest_component': 1}, {'color': 5, 'count': 30, 'bbox_h': 16, 'bbox_w': 16, 'bbox_area': 256, 'r0': 0, 'c0': 0, 'r1': 15, 'c1': 15, 'largest_component': 4}, {'color': 6, 'count': 54, 'bbox_h': 16, 'bbox_w': 16, 'bbox_area': 256, 'r0': 0, 'c0': 0, 'r1': 15, 'c1': 15, 'largest_component': 8}, {'color': 7, 'count': 31, 'bbox_h': 14, 'bbox_w': 14, 'bbox_area': 196, 'r0': 1, 'c0': 1, 'r1': 14, 'c1': 14, 'largest_component': 2}, {'color': 8, 'count': 30, 'bbox_h': 16, 'bbox_w': 16, 'bbox_area': 256, 'r0': 0, 'c0': 0, 'r1': 15, 'c1': 15, 'largest_component': 2}, {'color': 9, 'count': 20, 'bbox_h': 16, 'bbox_w': 16, 'bbox_area': 256, 'r0': 0, 'c0': 0, 'r1': 15, 'c1': 15, 'largest_component': 3}]",['count_rank4']
84,7,"[{'color': 1, 'count': 58, 'bbox_h': 16, 'bbox_w': 16, 'bbox_area': 256, 'r0': 0, 'c0': 0, 'r1': 15, 'c1': 15, 'largest_component': 3}, {'color': 2, 'count': 32, 'bbox_h': 14, 'bbox_w': 14, 'bbox_area': 196, 'r0': 1, 'c0': 1, 'r1': 14, 'c1': 14, 'largest_component': 5}, {'color': 3, 'count': 8, 'bbox_h': 14, 'bbox_w': 14, 'bbox_area': 196, 'r0': 1, 'c0': 1, 'r1': 14, 'c1': 14, 'largest_component': 2}, {'color': 4, 'count': 11, 'bbox_h': 14, 'bbox_w': 14, 'bbox_area': 196, 'r0': 1, 'c0': 1, 'r1': 14, 'c1': 14, 'largest_component': 4}, {'color': 5, 'count': 24, 'bbox_h': 16, 'bbox_w': 16, 'bbox_area': 256, 'r0': 0, 'c0': 0, 'r1': 15, 'c1': 15, 'largest_component': 2}, {'color': 6, 'count': 38, 'bbox_h': 16, 'bbox_w': 16, 'bbox_area': 256, 'r0': 0, 'c0': 0, 'r1': 15, 'c1': 15, 'largest_component': 2}, {'color': 7, 'count': 30, 'bbox_h': 16, 'bbox_w': 16, 'bbox_area': 256, 'r0': 0, 'c0': 0, 'r1': 15, 'c1': 15, 'largest_component': 2}, {'color': 8, 'count': 39, 'bbox_h': 16, 'bbox_w': 16, 'bbox_area': 256, 'r0': 0, 'c0': 0, 'r1': 15, 'c1': 15, 'largest_component': 2}, {'color': 9, 'count': 7, 'bbox_h': 12, 'bbox_w': 12, 'bbox_area': 144, 'r0': 2, 'c0': 2, 'r1': 13, 'c1': 13, 'largest_component': 1}]","['count_rank4', 'area_rank3']"
85,1,"[{'color': 1, 'count': 33, 'bbox_h': 16, 'bbox_w': 16, 'bbox_area': 256, 'r0': 0, 'c0': 0, 'r1': 15, 'c1': 15, 'largest_component': 2}, {'color': 2, 'count': 12, 'bbox_h': 16, 'bbox_w': 16, 'bbox_area': 256, 'r0': 0, 'c0': 0, 'r1': 15, 'c1': 15, 'largest_component': 1}, {'color': 3, 'count': 27, 'bbox_h': 12, 'bbox_w': 12, 'bbox_area': 144, 'r0': 2, 'c0': 2, 'r1': 13, 'c1': 13, 'largest_component': 2}, {'color': 4, 'count': 35, 'bbox_h': 16, 'bbox_w': 16, 'bbox_area': 256, 'r0': 0, 'c0': 0, 'r1': 15, 'c1': 15, 'largest_component': 1}, {'color': 5, 'count': 16, 'bbox_h': 14, 'bbox_w': 14, 'bbox_area': 196, 'r0': 1, 'c0': 1, 'r1': 14, 'c1': 14, 'largest_component': 2}, {'color': 6, 'count': 26, 'bbox_h': 16, 'bbox_w': 16, 'bbox_area': 256, 'r0': 0, 'c0': 0, 'r1': 15, 'c1': 15, 'largest_component': 2}, {'color': 7, 'count': 15, 'bbox_h': 10, 'bbox_w': 10, 'bbox_area': 100, 'r0': 3, 'c0': 3, 'r1': 12, 'c1': 12, 'largest_component': 2}, {'color': 8, 'count': 43, 'bbox_h': 16, 'bbox_w': 16, 'bbox_area': 256, 'r0': 0, 'c0': 0, 'r1': 15, 'c1': 15, 'largest_component': 2}, {'color': 9, 'count': 40, 'bbox_h': 16, 'bbox_w': 16, 'bbox_area': 256, 'r0': 0, 'c0': 0, 'r1': 15, 'c1': 15, 'largest_component': 4}]","['bbox_h_max_low', 'bbox_w_max_low', 'bbox_area_max_low', 'r0_min_low', 'c0_min_low', 'r1_max_low', 'c1_max_low', 'count_rank3', 'area_rank0']"
86,3,"[{'color': 1, 'count': 38, 'bbox_h': 16, 'bbox_w': 16, 'bbox_area': 256, 'r0': 0, 'c0': 0, 'r1': 15, 'c1': 15, 'largest_component': 4}, {'color': 2, 'count': 42, 'bbox_h': 16, 'bbox_w': 16, 'bbox_area': 256, 'r0': 0, 'c0': 0, 'r1': 15, 'c1': 15, 'largest_component': 2}, {'color': 3, 'count': 37, 'bbox_h': 14, 'bbox_w': 14, 'bbox_area': 196, 'r0': 1, 'c0': 1, 'r1': 14, 'c1': 14, 'largest_component': 4}, {'color': 4, 'count': 19, 'bbox_h': 16, 'bbox_w': 16, 'bbox_area': 256, 'r0': 0, 'c0': 0, 'r1': 15, 'c1': 15, 'largest_component': 2}, {'color': 5, 'count': 20, 'bbox_h': 16, 'bbox_w': 16, 'bbox_area': 256, 'r0': 0, 'c0': 0, 'r1': 15, 'c1': 15, 'largest_component': 1}, {'color': 6, 'count': 12, 'bbox_h': 8, 'bbox_w': 8, 'bbox_area': 64, 'r0': 4, 'c0': 4, 'r1': 11, 'c1': 11, 'largest_component': 4}, {'color': 7, 'count': 31, 'bbox_h': 16, 'bbox_w': 16, 'bbox_area': 256, 'r0': 0, 'c0': 0, 'r1': 15, 'c1': 15, 'largest_component': 4}, {'color': 8, 'count': 4, 'bbox_h': 6, 'bbox_w': 6, 'bbox_area': 36, 'r0': 5, 'c0': 5, 'r1': 10, 'c1': 10, 'largest_component': 1}, {'color': 9, 'count': 44, 'bbox_h': 16, 'bbox_w': 16, 'bbox_area': 256, 'r0': 0, 'c0': 0, 'r1': 15, 'c1': 15, 'largest_component': 12}]",['count_rank3']
87,7,"[{'color': 1, 'count': 12, 'bbox_h': 10, 'bbox_w': 10, 'bbox_area': 100, 'r0': 3, 'c0': 3, 'r1': 12, 'c1': 12, 'largest_component': 1}, {'color': 2, 'count': 47, 'bbox_h': 16, 'bbox_w': 16, 'bbox_area': 256, 'r0': 0, 'c0': 0, 'r1': 15, 'c1': 15, 'largest_component': 2}, {'color': 3, 'count': 23, 'bbox_h': 16, 'bbox_w': 16, 'bbox_area': 256, 'r0': 0, 'c0': 0, 'r1': 15, 'c1': 15, 'largest_component': 2}, {'color': 4, 'count': 28, 'bbox_h': 16, 'bbox_w': 16, 'bbox_area': 256, 'r0': 0, 'c0': 0, 'r1': 15, 'c1': 15, 'largest_component': 2}, {'color': 5, 'count': 31, 'bbox_h': 16, 'bbox_w': 16, 'bbox_area': 256, 'r0': 0, 'c0': 0, 'r1': 15, 'c1': 15, 'largest_component': 2}, {'color': 6, 'count': 11, 'bbox_h': 16, 'bbox_w': 16, 'bbox_area': 256, 'r0': 0, 'c0': 0, 'r1': 15, 'c1': 15, 'largest_component': 1}, {'color': 7, 'count': 44, 'bbox_h': 16, 'bbox_w': 16, 'bbox_area': 256, 'r0': 0, 'c0': 0, 'r1': 15, 'c1': 15, 'largest_component': 5}, {'color': 8, 'count': 35, 'bbox_h': 10, 'bbox_w': 10, 'bbox_area': 100, 'r0': 3, 'c0': 3, 'r1': 12, 'c1': 12, 'largest_component': 16}, {'color': 9, 'count': 16, 'bbox_h': 14, 'bbox_w': 14, 'bbox_area': 196, 'r0': 1, 'c0': 1, 'r1': 14, 'c1': 14, 'largest_component': 2}]","['bbox_h_max_high', 'bbox_w_max_high', 'bbox_area_max_high', 'r0_min_high', 'c0_min_high', 'r1_max_high', 'c1_max_high', 'count_rank1']"
88,2,"[{'color': 1, 'count': 20, 'bbox_h': 16, 'bbox_w': 16, 'bbox_area': 256, 'r0': 0, 'c0': 0, 'r1': 15, 'c1': 15, 'largest_component': 2}, {'color': 2, 'count': 35, 'bbox_h': 12, 'bbox_w': 12, 'bbox_area': 144, 'r0': 2, 'c0': 2, 'r1': 13, 'c1': 13, 'largest_component': 7}, {'color': 3, 'count': 16, 'bbox_h': 14, 'bbox_w': 14, 'bbox_area': 196, 'r0': 1, 'c0': 1, 'r1': 14, 'c1': 14, 'largest_component': 2}, {'color': 4, 'count': 31, 'bbox_h': 16, 'bbox_w': 16, 'bbox_area': 256, 'r0': 0, 'c0': 0, 'r1': 15, 'c1': 15, 'largest_component': 2}, {'color': 5, 'count': 19, 'bbox_h': 14, 'bbox_w': 14, 'bbox_area': 196, 'r0': 1, 'c0': 1, 'r1': 14, 'c1': 14, 'largest_component': 1}, {'color': 6, 'count': 67, 'bbox_h': 16, 'bbox_w': 16, 'bbox_area': 256, 'r0': 0, 'c0': 0, 'r1': 15, 'c1': 15, 'largest_component': 4}, {'color': 7, 'count': 16, 'bbox_h': 16, 'bbox_w': 16, 'bbox_area': 256, 'r0': 0, 'c0': 0, 'r1': 15, 'c1': 15, 'largest_component': 4}, {'color': 8, 'count': 24, 'bbox_h': 16, 'bbox_w': 16, 'bbox_area': 256, 'r0': 0, 'c0': 0, 'r1': 15, 'c1': 15, 'largest_component': 2}, {'color': 9, 'count': 19, 'bbox_h': 12, 'bbox_w': 12, 'bbox_area': 144, 'r0': 2, 'c0': 2, 'r1': 13, 'c1': 13, 'largest_component': 2}]","['bbox_h_min_low', 'bbox_w_min_low', 'bbox_area_min_low', 'r0_max_low', 'c0_max_low', 'r1_min_low', 'c1_min_low', 'largest_component_max_low', 'largest_component_max_high', 'count_rank1']"
89,3,"[{'color': 1, 'count': 31, 'bbox_h': 12, 'bbox_w': 12, 'bbox_area': 144, 'r0': 2, 'c0': 2, 'r1': 13, 'c1': 13, 'largest_component': 4}, {'color': 2, 'count': 15, 'bbox_h': 16, 'bbox_w': 16, 'bbox_area': 256, 'r0': 0, 'c0': 0, 'r1': 15, 'c1': 15, 'largest_component': 2}, {'color': 3, 'count': 29, 'bbox_h': 14, 'bbox_w': 14, 'bbox_area': 196, 'r0': 1, 'c0': 1, 'r1': 14, 'c1': 14, 'largest_component': 4}, {'color': 4, 'count': 8, 'bbox_h': 6, 'bbox_w': 6, 'bbox_area': 36, 'r0': 5, 'c0': 5, 'r1': 10, 'c1': 10, 'largest_component': 1}, {'color': 5, 'count': 16, 'bbox_h': 10, 'bbox_w': 10, 'bbox_area': 100, 'r0': 3, 'c0': 3, 'r1': 12, 'c1': 12, 'largest_component': 2}, {'color': 6, 'count': 27, 'bbox_h': 14, 'bbox_w': 14, 'bbox_area': 196, 'r0': 1, 'c0': 1, 'r1': 14, 'c1': 14, 'largest_component': 2}, {'color': 7, 'count': 31, 'bbox_h': 16, 'bbox_w': 16, 'bbox_area': 256, 'r0': 0, 'c0': 0, 'r1': 15, 'c1': 15, 'largest_component': 2}, {'color': 8, 'count': 39, 'bbox_h': 16, 'bbox_w': 16, 'bbox_area': 256, 'r0': 0, 'c0': 0, 'r1': 15, 'c1': 15, 'largest_component': 3}, {'color': 9, 'count': 51, 'bbox_h': 16, 'bbox_w': 16, 'bbox_area': 256, 'r0': 0, 'c0': 0, 'r1': 15, 'c1': 15, 'largest_component': 8}]","['count_rank4', 'area_rank4']"
90,1,"[{'color': 1, 'count': 26, 'bbox_h': 16, 'bbox_w': 16, 'bbox_area': 256, 'r0': 0, 'c0': 0, 'r1': 15, 'c1': 15, 'largest_component': 1}, {'color': 2, 'count': 27, 'bbox_h': 14, 'bbox_w': 14, 'bbox_area': 196, 'r0': 1, 'c0': 1, 'r1': 14, 'c1': 14, 'largest_component': 2}, {'color': 3, 'count': 22, 'bbox_h': 10, 'bbox_w': 10, 'bbox_area': 100, 'r0': 3, 'c0': 3, 'r1': 12, 'c1': 12, 'largest_component': 2}, {'color': 4, 'count': 27, 'bbox_h': 16, 'bbox_w': 16, 'bbox_area': 256, 'r0': 0, 'c0': 0, 'r1': 15, 'c1': 15, 'largest_component': 2}, {'color': 5, 'count': 16, 'bbox_h': 16, 'bbox_w': 16, 'bbox_area': 256, 'r0': 0, 'c0': 0, 'r1': 15, 'c1': 15, 'largest_component': 2}, {'color': 6, 'count': 27, 'bbox_h': 16, 'bbox_w': 16, 'bbox_area': 256, 'r0': 0, 'c0': 0, 'r1': 15, 'c1': 15, 'largest_component': 1}, {'color': 7, 'count': 19, 'bbox_h': 10, 'bbox_w': 10, 'bbox_area': 100, 'r0': 3, 'c0': 3, 'r1': 12, 'c1': 12, 'largest_component': 2}, {'color': 8, 'count': 60, 'bbox_h': 16, 'bbox_w': 16, 'bbox_area': 256, 'r0': 0, 'c0': 0, 'r1': 15, 'c1': 15, 'largest_component': 16}, {'color': 9, 'count': 23, 'bbox_h': 16, 'bbox_w': 16, 'bbox_area': 256, 'r0': 0, 'c0': 0, 'r1': 15, 'c1': 15, 'largest_component': 2}]","['bbox_h_max_low', 'bbox_w_max_low', 'bbox_area_max_low', 'r0_min_low', 'c0_min_low', 'r1_max_low', 'c1_max_low', 'largest_component_min_low', 'count_rank4', 'area_rank0']"
91,6,"[{'color': 1, 'count': 31, 'bbox_h': 14, 'bbox_w': 14, 'bbox_area': 196, 'r0': 1, 'c0': 1, 'r1': 14, 'c1': 14, 'largest_component': 20}, {'color': 2, 'count': 38, 'bbox_h': 16, 'bbox_w': 16, 'bbox_area': 256, 'r0': 0, 'c0': 0, 'r1': 15, 'c1': 15, 'largest_component': 4}, {'color': 3, 'count': 24, 'bbox_h': 14, 'bbox_w': 14, 'bbox_area': 196, 'r0': 1, 'c0': 1, 'r1': 14, 'c1': 14, 'largest_component': 6}, {'color': 4, 'count': 22, 'bbox_h': 16, 'bbox_w': 16, 'bbox_area': 256, 'r0': 0, 'c0': 0, 'r1': 15, 'c1': 15, 'largest_component': 1}, {'color': 5, 'count': 38, 'bbox_h': 16, 'bbox_w': 16, 'bbox_area': 256, 'r0': 0, 'c0': 0, 'r1': 15, 'c1': 15, 'largest_component': 4}, {'color': 6, 'count': 38, 'bbox_h': 16, 'bbox_w': 16, 'bbox_area': 256, 'r0': 0, 'c0': 0, 'r1': 15, 'c1': 15, 'largest_component': 2}, {'color': 7, 'count': 12, 'bbox_h': 10, 'bbox_w': 10, 'bbox_area': 100, 'r0': 3, 'c0': 3, 'r1': 12, 'c1': 12, 'largest_component': 2}, {'color': 8, 'count': 32, 'bbox_h': 14, 'bbox_w': 14, 'bbox_area': 196, 'r0': 1, 'c0': 1, 'r1': 14, 'c1': 14, 'largest_component': 5}, {'color': 9, 'count': 12, 'bbox_h': 10, 'bbox_w': 10, 'bbox_area': 100, 'r0': 3, 'c0': 3, 'r1': 12, 'c1': 12, 'largest_component': 3}]","['count_max_high', 'bbox_h_max_high', 'bbox_w_max_high', 'bbox_area_max_high', 'r0_min_high', 'c0_min_high', 'r1_max_high', 'c1_max_high', 'count_rank2', 'area_rank3']"
92,6,"[{'color': 1, 'count': 24, 'bbox_h': 16, 'bbox_w': 16, 'bbox_area': 256, 'r0': 0, 'c0': 0, 'r1': 15, 'c1': 15, 'largest_component': 2}, {'color': 2, 'count': 22, 'bbox_h': 16, 'bbox_w': 16, 'bbox_area': 256, 'r0': 0, 'c0': 0, 'r1': 15, 'c1': 15, 'largest_component': 2}, {'color': 3, 'count': 18, 'bbox_h': 14, 'bbox_w': 14, 'bbox_area': 196, 'r0': 1, 'c0': 1, 'r1': 14, 'c1': 14, 'largest_component': 1}, {'color': 4, 'count': 8, 'bbox_h': 8, 'bbox_w': 8, 'bbox_area': 64, 'r0': 4, 'c0': 4, 'r1': 11, 'c1': 11, 'largest_component': 2}, {'color': 5, 'count': 35, 'bbox_h': 16, 'bbox_w': 16, 'bbox_area': 256, 'r0': 0, 'c0': 0, 'r1': 15, 'c1': 15, 'largest_component': 1}, {'color': 6, 'count': 22, 'bbox_h': 16, 'bbox_w': 16, 'bbox_area': 256, 'r0': 0, 'c0': 0, 'r1': 15, 'c1': 15, 'largest_component': 1}, {'color': 7, 'count': 32, 'bbox_h': 16, 'bbox_w': 16, 'bbox_area': 256, 'r0': 0, 'c0': 0, 'r1': 15, 'c1': 15, 'largest_component': 2}, {'color': 8, 'count': 16, 'bbox_h': 14, 'bbox_w': 14, 'bbox_area': 196, 'r0': 1, 'c0': 1, 'r1': 14, 'c1': 14, 'largest_component': 1}, {'color': 9, 'count': 70, 'bbox_h': 16, 'bbox_w': 16, 'bbox_area': 256, 'r0': 0, 'c0': 0, 'r1': 15, 'c1': 15, 'largest_component': 6}]",['area_rank3']
93,9,"[{'color': 1, 'count': 51, 'bbox_h': 16, 'bbox_w': 16, 'bbox_area': 256, 'r0': 0, 'c0': 0, 'r1': 15, 'c1': 15, 'largest_component': 6}, {'color': 2, 'count': 20, 'bbox_h': 12, 'bbox_w': 12, 'bbox_area': 144, 'r0': 2, 'c0': 2, 'r1': 13, 'c1': 13, 'largest_component': 3}, {'color': 3, 'count': 32, 'bbox_h': 16, 'bbox_w': 16, 'bbox_area': 256, 'r0': 0, 'c0': 0, 'r1': 15, 'c1': 15, 'largest_component': 2}, {'color': 4, 'count': 46, 'bbox_h': 16, 'bbox_w': 16, 'bbox_area': 256, 'r0': 0, 'c0': 0, 'r1': 15, 'c1': 15, 'largest_component': 2}, {'color': 5, 'count': 22, 'bbox_h': 14, 'bbox_w': 14, 'bbox_area': 196, 'r0': 1, 'c0': 1, 'r1': 14, 'c1': 14, 'largest_component': 1}, {'color': 6, 'count': 11, 'bbox_h': 14, 'bbox_w': 14, 'bbox_area': 196, 'r0': 1, 'c0': 1, 'r1': 14, 'c1': 14, 'largest_component': 1}, {'color': 8, 'count': 20, 'bbox_h': 16, 'bbox_w': 16, 'bbox_area': 256, 'r0': 0, 'c0': 0, 'r1': 15, 'c1': 15, 'largest_component': 1}, {'color': 9, 'count': 45, 'bbox_h': 16, 'bbox_w': 16, 'bbox_area': 256, 'r0': 0, 'c0': 0, 'r1': 15, 'c1': 15, 'largest_component': 12}]","['bbox_h_max_high', 'bbox_w_max_high', 'bbox_area_max_high', 'r0_min_high', 'c0_min_high', 'r1_max_high', 'c1_max_high', 'largest_component_max_low', 'largest_component_max_high', 'count_rank2', 'area_rank4']"
94,2,"[{'color': 1, 'count': 47, 'bbox_h': 14, 'bbox_w': 14, 'bbox_area': 196, 'r0': 1, 'c0': 1, 'r1': 14, 'c1': 14, 'largest_component': 3}, {'color': 2, 'count': 30, 'bbox_h': 16, 'bbox_w': 16, 'bbox_area': 256, 'r0': 0, 'c0': 0, 'r1': 15, 'c1': 15, 'largest_component': 2}, {'color': 3, 'count': 28, 'bbox_h': 16, 'bbox_w': 16, 'bbox_area': 256, 'r0': 0, 'c0': 0, 'r1': 15, 'c1': 15, 'largest_component': 4}, {'color': 4, 'count': 43, 'bbox_h': 16, 'bbox_w': 16, 'bbox_area': 256, 'r0': 0, 'c0': 0, 'r1': 15, 'c1': 15, 'largest_component': 2}, {'color': 5, 'count': 8, 'bbox_h': 12, 'bbox_w': 12, 'bbox_area': 144, 'r0': 2, 'c0': 2, 'r1': 13, 'c1': 13, 'largest_component': 1}, {'color': 6, 'count': 50, 'bbox_h': 16, 'bbox_w': 16, 'bbox_area': 256, 'r0': 0, 'c0': 0, 'r1': 15, 'c1': 15, 'largest_component': 3}, {'color': 7, 'count': 15, 'bbox_h': 14, 'bbox_w': 14, 'bbox_area': 196, 'r0': 1, 'c0': 1, 'r1': 14, 'c1': 14, 'largest_component': 1}, {'color': 8, 'count': 15, 'bbox_h': 16, 'bbox_w': 16, 'bbox_area': 256, 'r0': 0, 'c0': 0, 'r1': 15, 'c1': 15, 'largest_component': 1}, {'color': 9, 'count': 11, 'bbox_h': 12, 'bbox_w': 12, 'bbox_area': 144, 'r0': 2, 'c0': 2, 'r1': 13, 'c1': 13, 'largest_component': 4}]","['bbox_h_max_low', 'bbox_w_max_low', 'bbox_area_max_low', 'r0_min_low', 'c0_min_low', 'r1_max_low', 'c1_max_low', 'count_rank3', 'area_rank0']"
95,2,"[{'color': 1, 'count': 7, 'bbox_h': 14, 'bbox_w': 14, 'bbox_area': 196, 'r0': 1, 'c0': 1, 'r1': 14, 'c1': 14, 'largest_component': 1}, {'color': 2, 'count': 53, 'bbox_h': 12, 'bbox_w': 12, 'bbox_area': 144, 'r0': 2, 'c0': 2, 'r1': 13, 'c1': 13, 'largest_component': 8}, {'color': 3, 'count': 57, 'bbox_h': 16, 'bbox_w': 16, 'bbox_area': 256, 'r0': 0, 'c0': 0, 'r1': 15, 'c1': 15, 'largest_component': 2}, {'color': 4, 'count': 28, 'bbox_h': 16, 'bbox_w': 16, 'bbox_area': 256, 'r0': 0, 'c0': 0, 'r1': 15, 'c1': 15, 'largest_component': 2}, {'color': 5, 'count': 38, 'bbox_h': 16, 'bbox_w': 16, 'bbox_area': 256, 'r0': 0, 'c0': 0, 'r1': 15, 'c1': 15, 'largest_component': 3}, {'color': 6, 'count': 20, 'bbox_h': 16, 'bbox_w': 16, 'bbox_area': 256, 'r0': 0, 'c0': 0, 'r1': 15, 'c1': 15, 'largest_component': 2}, {'color': 7, 'count': 12, 'bbox_h': 16, 'bbox_w': 16, 'bbox_area': 256, 'r0': 0, 'c0': 0, 'r1': 15, 'c1': 15, 'largest_component': 1}, {'color': 8, 'count': 24, 'bbox_h': 16, 'bbox_w': 16, 'bbox_area': 256, 'r0': 0, 'c0': 0, 'r1': 15, 'c1': 15, 'largest_component': 2}, {'color': 9, 'count': 8, 'bbox_h': 10, 'bbox_w': 10, 'bbox_area': 100, 'r0': 3, 'c0': 3, 'r1': 12, 'c1': 12, 'largest_component': 4}]","['largest_component_max_low', 'largest_component_max_high', 'count_rank1']"
96,4,"[{'color': 1, 'count': 15, 'bbox_h': 16, 'bbox_w': 16, 'bbox_area': 256, 'r0': 0, 'c0': 0, 'r1': 15, 'c1': 15, 'largest_component': 2}, {'color': 2, 'count': 47, 'bbox_h': 14, 'bbox_w': 14, 'bbox_area': 196, 'r0': 1, 'c0': 1, 'r1': 14, 'c1': 14, 'largest_component': 6}, {'color': 3, 'count': 36, 'bbox_h': 16, 'bbox_w': 16, 'bbox_area': 256, 'r0': 0, 'c0': 0, 'r1': 15, 'c1': 15, 'largest_component': 2}, {'color': 4, 'count': 30, 'bbox_h': 14, 'bbox_w': 14, 'bbox_area': 196, 'r0': 1, 'c0': 1, 'r1': 14, 'c1': 14, 'largest_component': 2}, {'color': 5, 'count': 15, 'bbox_h': 16, 'bbox_w': 16, 'bbox_area': 256, 'r0': 0, 'c0': 0, 'r1': 15, 'c1': 15, 'largest_component': 1}, {'color': 6, 'count': 4, 'bbox_h': 14, 'bbox_w': 14, 'bbox_area': 196, 'r0': 1, 'c0': 1, 'r1': 14, 'c1': 14, 'largest_component': 1}, {'color': 7, 'count': 58, 'bbox_h': 16, 'bbox_w': 16, 'bbox_area': 256, 'r0': 0, 'c0': 0, 'r1': 15, 'c1': 15, 'largest_component': 3}, {'color': 8, 'count': 11, 'bbox_h': 16, 'bbox_w': 16, 'bbox_area': 256, 'r0': 0, 'c0': 0, 'r1': 15, 'c1': 15, 'largest_component': 1}, {'color': 9, 'count': 31, 'bbox_h': 14, 'bbox_w': 14, 'bbox_area': 196, 'r0': 1, 'c0': 1, 'r1': 14, 'c1': 14, 'largest_component': 4}]",['count_rank4']
97,6,"[{'color': 1, 'count': 31, 'bbox_h': 16, 'bbox_w': 16, 'bbox_area': 256, 'r0': 0, 'c0': 0, 'r1': 15, 'c1': 15, 'largest_component': 2}, {'color': 2, 'count': 32, 'bbox_h': 14, 'bbox_w': 14, 'bbox_area': 196, 'r0': 1, 'c0': 1, 'r1': 14, 'c1': 14, 'largest_component': 4}, {'color': 3, 'count': 31, 'bbox_h': 16, 'bbox_w': 16, 'bbox_area': 256, 'r0': 0, 'c0': 0, 'r1': 15, 'c1': 15, 'largest_component': 2}, {'color': 4, 'count': 36, 'bbox_h': 16, 'bbox_w': 16, 'bbox_area': 256, 'r0': 0, 'c0': 0, 'r1': 15, 'c1': 15, 'largest_component': 2}, {'color': 5, 'count': 11, 'bbox_h': 12, 'bbox_w': 12, 'bbox_area': 144, 'r0': 2, 'c0': 2, 'r1': 13, 'c1': 13, 'largest_component': 2}, {'color': 6, 'count': 26, 'bbox_h': 12, 'bbox_w': 12, 'bbox_area': 144, 'r0': 2, 'c0': 2, 'r1': 13, 'c1': 13, 'largest_component': 4}, {'color': 7, 'count': 22, 'bbox_h': 16, 'bbox_w': 16, 'bbox_area': 256, 'r0': 0, 'c0': 0, 'r1': 15, 'c1': 15, 'largest_component': 1}, {'color': 8, 'count': 38, 'bbox_h': 16, 'bbox_w': 16, 'bbox_area': 256, 'r0': 0, 'c0': 0, 'r1': 15, 'c1': 15, 'largest_component': 3}, {'color': 9, 'count': 20, 'bbox_h': 16, 'bbox_w': 16, 'bbox_area': 256, 'r0': 0, 'c0': 0, 'r1': 15, 'c1': 15, 'largest_component': 2}]","['bbox_h_min_high', 'bbox_w_min_high', 'bbox_area_min_high', 'r0_max_high', 'c0_max_high', 'r1_min_high', 'c1_min_high', 'largest_component_max_high']"
98,5,"[{'color': 1, 'count': 70, 'bbox_h': 16, 'bbox_w': 16, 'bbox_area': 256, 'r0': 0, 'c0': 0, 'r1': 15, 'c1': 15, 'largest_component': 4}, {'color': 2, 'count': 8, 'bbox_h': 12, 'bbox_w': 12, 'bbox_area': 144, 'r0': 2, 'c0': 2, 'r1': 13, 'c1': 13, 'largest_component': 1}, {'color': 3, 'count': 31, 'bbox_h': 14, 'bbox_w': 14, 'bbox_area': 196, 'r0': 1, 'c0': 1, 'r1': 14, 'c1': 14, 'largest_component': 2}, {'color': 4, 'count': 16, 'bbox_h': 16, 'bbox_w': 16, 'bbox_area': 256, 'r0': 0, 'c0': 0, 'r1': 15, 'c1': 15, 'largest_component': 1}, {'color': 5, 'count': 21, 'bbox_h': 16, 'bbox_w': 16, 'bbox_area': 256, 'r0': 0, 'c0': 0, 'r1': 15, 'c1': 15, 'largest_component': 4}, {'color': 6, 'count': 31, 'bbox_h': 14, 'bbox_w': 14, 'bbox_area': 196, 'r0': 1, 'c0': 1, 'r1': 14, 'c1': 14, 'largest_component': 4}, {'color': 7, 'count': 8, 'bbox_h': 16, 'bbox_w': 16, 'bbox_area': 256, 'r0': 0, 'c0': 0, 'r1': 15, 'c1': 15, 'largest_component': 1}, {'color': 8, 'count': 38, 'bbox_h': 16, 'bbox_w': 16, 'bbox_area': 256, 'r0': 0, 'c0': 0, 'r1': 15, 'c1': 15, 'largest_component': 2}, {'color': 9, 'count': 24, 'bbox_h': 16, 'bbox_w': 16, 'bbox_area': 256, 'r0': 0, 'c0': 0, 'r1': 15, 'c1': 15, 'largest_component': 2}]",['area_rank2']
99,1,"[{'color': 1, 'count': 33, 'bbox_h': 16, 'bbox_w': 16, 'bbox_area': 256, 'r0': 0, 'c0': 0, 'r1': 15, 'c1': 15, 'largest_component': 2}, {'color': 2, 'count': 30, 'bbox_h': 16, 'bbox_w': 16, 'bbox_area': 256, 'r0': 0, 'c0': 0, 'r1': 15, 'c1': 15, 'largest_component': 2}, {'color': 3, 'count': 16, 'bbox_h': 16, 'bbox_w': 16, 'bbox_area': 256, 'r0': 0, 'c0': 0, 'r1': 15, 'c1': 15, 'largest_component': 2}, {'color': 4, 'count': 31, 'bbox_h': 16, 'bbox_w': 16, 'bbox_area': 256, 'r0': 0, 'c0': 0, 'r1': 15, 'c1': 15, 'largest_component': 4}, {'color': 5, 'count': 48, 'bbox_h': 16, 'bbox_w': 16, 'bbox_area': 256, 'r0': 0, 'c0': 0, 'r1': 15, 'c1': 15, 'largest_component': 4}, {'color': 6, 'count': 34, 'bbox_h': 14, 'bbox_w': 14, 'bbox_area': 196, 'r0': 1, 'c0': 1, 'r1': 14, 'c1': 14, 'largest_component': 5}, {'color': 7, 'count': 24, 'bbox_h': 14, 'bbox_w': 14, 'bbox_area': 196, 'r0': 1, 'c0': 1, 'r1': 14, 'c1': 14, 'largest_component': 4}, {'color': 8, 'count': 8, 'bbox_h': 16, 'bbox_w': 16, 'bbox_area': 256, 'r0': 0, 'c0': 0, 'r1': 15, 'c1': 15, 'largest_component': 1}, {'color': 9, 'count': 23, 'bbox_h': 16, 'bbox_w': 16, 'bbox_area': 256, 'r0': 0, 'c0': 0, 'r1': 15, 'c1': 15, 'largest_component': 1}]","['bbox_h_max_low', 'bbox_w_max_low', 'bbox_area_max_low', 'r0_min_low', 'c0_min_low', 'r1_max_low', 'c1_max_low', 'count_rank2', 'area_rank0']"
100,4,"[{'color': 1, 'count': 46, 'bbox_h': 16, 'bbox_w': 16, 'bbox_area': 256, 'r0': 0, 'c0': 0, 'r1': 15, 'c1': 15, 'largest_component': 2}, {'color': 2, 'count': 39, 'bbox_h': 16, 'bbox_w': 16, 'bbox_area': 256, 'r0': 0, 'c0': 0, 'r1': 15, 'c1': 15, 'largest_component': 2}, {'color': 3, 'count': 4, 'bbox_h': 4, 'bbox_w': 4, 'bbox_area': 16, 'r0': 6, 'c0': 6, 'r1': 9, 'c1': 9, 'largest_component': 1}, {'color': 4, 'count': 33, 'bbox_h': 14, 'bbox_w': 14, 'bbox_area': 196, 'r0': 1, 'c0': 1, 'r1': 14, 'c1': 14, 'largest_component': 2}, {'color': 5, 'count': 44, 'bbox_h': 16, 'bbox_w': 16, 'bbox_area': 256, 'r0': 0, 'c0': 0, 'r1': 15, 'c1': 15, 'largest_component': 4}, {'color': 6, 'count': 27, 'bbox_h': 16, 'bbox_w': 16, 'bbox_area': 256, 'r0': 0, 'c0': 0, 'r1': 15, 'c1': 15, 'largest_component': 4}, {'color': 7, 'count': 15, 'bbox_h': 16, 'bbox_w': 16, 'bbox_area': 256, 'r0': 0, 'c0': 0, 'r1': 15, 'c1': 15, 'largest_component': 1}, {'color': 8, 'count': 7, 'bbox_h': 12, 'bbox_w': 12, 'bbox_area': 144, 'r0': 2, 'c0': 2, 'r1': 13, 'c1': 13, 'largest_component': 1}, {'color': 9, 'count': 32, 'bbox_h': 16, 'bbox_w': 16, 'bbox_area': 256, 'r0': 0, 'c0': 0, 'r1': 15, 'c1': 15, 'largest_component': 2}]",['count_rank3']
101,8,"[{'color': 2, 'count': 38, 'bbox_h': 16, 'bbox_w': 16, 'bbox_area': 256, 'r0': 0, 'c0': 0, 'r1': 15, 'c1': 15, 'largest_component': 2}, {'color': 3, 'count': 40, 'bbox_h': 16, 'bbox_w': 16, 'bbox_area': 256, 'r0': 0, 'c0': 0, 'r1': 15, 'c1': 15, 'largest_component': 8}, {'color': 4, 'count': 39, 'bbox_h': 16, 'bbox_w': 16, 'bbox_area': 256, 'r0': 0, 'c0': 0, 'r1': 15, 'c1': 15, 'largest_component': 2}, {'color': 5, 'count': 26, 'bbox_h': 16, 'bbox_w': 16, 'bbox_area': 256, 'r0': 0, 'c0': 0, 'r1': 15, 'c1': 15, 'largest_component': 1}, {'color': 6, 'count': 32, 'bbox_h': 16, 'bbox_w': 16, 'bbox_area': 256, 'r0': 0, 'c0': 0, 'r1': 15, 'c1': 15, 'largest_component': 2}, {'color': 7, 'count': 23, 'bbox_h': 14, 'bbox_w': 14, 'bbox_area': 196, 'r0': 1, 'c0': 1, 'r1': 14, 'c1': 14, 'largest_component': 4}, {'color': 8, 'count': 25, 'bbox_h': 12, 'bbox_w': 12, 'bbox_area': 144, 'r0': 2, 'c0': 2, 'r1': 13, 'c1': 13, 'largest_component': 2}, {'color': 9, 'count': 24, 'bbox_h': 16, 'bbox_w': 16, 'bbox_area': 256, 'r0': 0, 'c0': 0, 'r1': 15, 'c1': 15, 'largest_component': 2}]","['bbox_h_min_low', 'bbox_h_min_high', 'bbox_w_min_low', 'bbox_w_min_high', 'bbox_area_min_low', 'bbox_area_min_high', 'r0_max_low', 'r0_max_high', 'c0_max_low', 'c0_max_high', 'r1_min_low', 'r1_min_high', 'c1_min_low', 'c1_min_high']"
102,3,"[{'color': 1, 'count': 36, 'bbox_h': 16, 'bbox_w': 16, 'bbox_area': 256, 'r0': 0, 'c0': 0, 'r1': 15, 'c1': 15, 'largest_component': 2}, {'color': 2, 'count': 35, 'bbox_h': 14, 'bbox_w': 14, 'bbox_area': 196, 'r0': 1, 'c0': 1, 'r1': 14, 'c1': 14, 'largest_component': 3}, {'color': 3, 'count': 22, 'bbox_h': 12, 'bbox_w': 12, 'bbox_area': 144, 'r0': 2, 'c0': 2, 'r1': 13, 'c1': 13, 'largest_component': 2}, {'color': 4, 'count': 24, 'bbox_h': 16, 'bbox_w': 16, 'bbox_area': 256, 'r0': 0, 'c0': 0, 'r1': 15, 'c1': 15, 'largest_component': 1}, {'color': 5, 'count': 46, 'bbox_h': 16, 'bbox_w': 16, 'bbox_area': 256, 'r0': 0, 'c0': 0, 'r1': 15, 'c1': 15, 'largest_component': 3}, {'color': 6, 'count': 14, 'bbox_h': 16, 'bbox_w': 16, 'bbox_area': 256, 'r0': 0, 'c0': 0, 'r1': 15, 'c1': 15, 'largest_component': 2}, {'color': 7, 'count': 38, 'bbox_h': 16, 'bbox_w': 16, 'bbox_area': 256, 'r0': 0, 'c0': 0, 'r1': 15, 'c1': 15, 'largest_component': 2}, {'color': 8, 'count': 16, 'bbox_h': 16, 'bbox_w': 16, 'bbox_area': 256, 'r0': 0, 'c0': 0, 'r1': 15, 'c1': 15, 'largest_component': 2}, {'color': 9, 'count': 16, 'bbox_h': 14, 'bbox_w': 14, 'bbox_area': 196, 'r0': 1, 'c0': 1, 'r1': 14, 'c1': 14, 'largest_component': 1}]","['bbox_h_min_low', 'bbox_h_min_high', 'bbox_w_min_low', 'bbox_w_min_high', 'bbox_area_min_low', 'bbox_area_min_high', 'r0_max_low', 'r0_max_high', 'c0_max_low', 'c0_max_high', 'r1_min_low', 'r1_min_high', 'c1_min_low', 'c1_min_high']"
103,7,"[{'color': 1, 'count': 48, 'bbox_h': 16, 'bbox_w': 16, 'bbox_area': 256, 'r0': 0, 'c0': 0, 'r1': 15, 'c1': 15, 'largest_component': 2}, {'color': 2, 'count': 26, 'bbox_h': 16, 'bbox_w': 16, 'bbox_area': 256, 'r0': 0, 'c0': 0, 'r1': 15, 'c1': 15, 'largest_component': 1}, {'color': 3, 'count': 27, 'bbox_h': 16, 'bbox_w': 16, 'bbox_area': 256, 'r0': 0, 'c0': 0, 'r1': 15, 'c1': 15, 'largest_component': 4}, {'color': 4, 'count': 15, 'bbox_h': 16, 'bbox_w': 16, 'bbox_area': 256, 'r0': 0, 'c0': 0, 'r1': 15, 'c1': 15, 'largest_component': 1}, {'color': 5, 'count': 12, 'bbox_h': 14, 'bbox_w': 14, 'bbox_area': 196, 'r0': 1, 'c0': 1, 'r1': 14, 'c1': 14, 'largest_component': 4}, {'color': 6, 'count': 18, 'bbox_h': 16, 'bbox_w': 16, 'bbox_area': 256, 'r0': 0, 'c0': 0, 'r1': 15, 'c1': 15, 'largest_component': 1}, {'color': 7, 'count': 41, 'bbox_h': 16, 'bbox_w': 16, 'bbox_area': 256, 'r0': 0, 'c0': 0, 'r1': 15, 'c1': 15, 'largest_component': 2}, {'color': 8, 'count': 28, 'bbox_h': 16, 'bbox_w': 16, 'bbox_area': 256, 'r0': 0, 'c0': 0, 'r1': 15, 'c1': 15, 'largest_component': 20}, {'color': 9, 'count': 32, 'bbox_h': 16, 'bbox_w': 16, 'bbox_area': 256, 'r0': 0, 'c0': 0, 'r1': 15, 'c1': 15, 'largest_component': 2}]",['count_rank1']
104,8,"[{'color': 1, 'count': 20, 'bbox_h': 16, 'bbox_w': 16, 'bbox_area': 256, 'r0': 0, 'c0': 0, 'r1': 15, 'c1': 15, 'largest_component': 2}, {'color': 2, 'count': 30, 'bbox_h': 16, 'bbox_w': 16, 'bbox_area': 256, 'r0': 0, 'c0': 0, 'r1': 15, 'c1': 15, 'largest_component': 2}, {'color': 3, 'count': 43, 'bbox_h': 16, 'bbox_w': 16, 'bbox_area': 256, 'r0': 0, 'c0': 0, 'r1': 15, 'c1': 15, 'largest_component': 4}, {'color': 4, 'count': 19, 'bbox_h': 16, 'bbox_w': 16, 'bbox_area': 256, 'r0': 0, 'c0': 0, 'r1': 15, 'c1': 15, 'largest_component': 1}, {'color': 5, 'count': 32, 'bbox_h': 14, 'bbox_w': 14, 'bbox_area': 196, 'r0': 1, 'c0': 1, 'r1': 14, 'c1': 14, 'largest_component': 4}, {'color': 6, 'count': 39, 'bbox_h': 14, 'bbox_w': 14, 'bbox_area': 196, 'r0': 1, 'c0': 1, 'r1': 14, 'c1': 14, 'largest_component': 12}, {'color': 7, 'count': 7, 'bbox_h': 8, 'bbox_w': 8, 'bbox_area': 64, 'r0': 4, 'c0': 4, 'r1': 11, 'c1': 11, 'largest_component': 1}, {'color': 8, 'count': 37, 'bbox_h': 16, 'bbox_w': 16, 'bbox_area': 256, 'r0': 0, 'c0': 0, 'r1': 15, 'c1': 15, 'largest_component': 3}, {'color': 9, 'count': 20, 'bbox_h': 16, 'bbox_w': 16, 'bbox_area': 256, 'r0': 0, 'c0': 0, 'r1': 15, 'c1': 15, 'largest_component': 1}]","['count_rank2', 'area_rank4']"
105,5,"[{'color': 1, 'count': 16, 'bbox_h': 6, 'bbox_w': 6, 'bbox_area': 36, 'r0': 5, 'c0': 5, 'r1': 10, 'c1': 10, 'largest_component': 2}, {'color': 2, 'count': 26, 'bbox_h': 14, 'bbox_w': 14, 'bbox_area': 196, 'r0': 1, 'c0': 1, 'r1': 14, 'c1': 14, 'largest_component': 2}, {'color': 3, 'count': 47, 'bbox_h': 14, 'bbox_w': 14, 'bbox_area': 196, 'r0': 1, 'c0': 1, 'r1': 14, 'c1': 14, 'largest_component': 4}, {'color': 4, 'count': 20, 'bbox_h': 10, 'bbox_w': 10, 'bbox_area': 100, 'r0': 3, 'c0': 3, 'r1': 12, 'c1': 12, 'largest_component': 5}, {'color': 5, 'count': 14, 'bbox_h': 16, 'bbox_w': 16, 'bbox_area': 256, 'r0': 0, 'c0': 0, 'r1': 15, 'c1': 15, 'largest_component': 4}, {'color': 6, 'count': 12, 'bbox_h': 16, 'bbox_w': 16, 'bbox_area': 256, 'r0': 0, 'c0': 0, 'r1': 15, 'c1': 15, 'largest_component': 2}, {'color': 7, 'count': 31, 'bbox_h': 16, 'bbox_w': 16, 'bbox_area': 256, 'r0': 0, 'c0': 0, 'r1': 15, 'c1': 15, 'largest_component': 2}, {'color': 8, 'count': 47, 'bbox_h': 16, 'bbox_w': 16, 'bbox_area': 256, 'r0': 0, 'c0': 0, 'r1': 15, 'c1': 15, 'largest_component': 8}, {'color': 9, 'count': 34, 'bbox_h': 16, 'bbox_w': 16, 'bbox_area': 256, 'r0': 0, 'c0': 0, 'r1': 15, 'c1': 15, 'largest_component': 1}]","['bbox_h_max_low', 'bbox_w_max_low', 'bbox_area_max_low', 'r0_min_low', 'c0_min_low', 'r1_max_low', 'c1_max_low', 'area_rank0']"
106,2,"[{'color': 1, 'count': 4, 'bbox_h': 4, 'bbox_w': 4, 'bbox_area': 16, 'r0': 6, 'c0': 6, 'r1': 9, 'c1': 9, 'largest_component': 1}, {'color': 2, 'count': 48, 'bbox_h': 16, 'bbox_w': 16, 'bbox_area': 256, 'r0': 0, 'c0': 0, 'r1': 15, 'c1': 15, 'largest_component': 4}, {'color': 3, 'count': 24, 'bbox_h': 16, 'bbox_w': 16, 'bbox_area': 256, 'r0': 0, 'c0': 0, 'r1': 15, 'c1': 15, 'largest_component': 4}, {'color': 4, 'count': 16, 'bbox_h': 14, 'bbox_w': 14, 'bbox_area': 196, 'r0': 1, 'c0': 1, 'r1': 14, 'c1': 14, 'largest_component': 2}, {'color': 5, 'count': 44, 'bbox_h': 16, 'bbox_w': 16, 'bbox_area': 256, 'r0': 0, 'c0': 0, 'r1': 15, 'c1': 15, 'largest_component': 4}, {'color': 6, 'count': 16, 'bbox_h': 16, 'bbox_w': 16, 'bbox_area': 256, 'r0': 0, 'c0': 0, 'r1': 15, 'c1': 15, 'largest_component': 2}, {'color': 7, 'count': 7, 'bbox_h': 14, 'bbox_w': 14, 'bbox_area': 196, 'r0': 1, 'c0': 1, 'r1': 14, 'c1': 14, 'largest_component': 1}, {'color': 8, 'count': 20, 'bbox_h': 16, 'bbox_w': 16, 'bbox_area': 256, 'r0': 0, 'c0': 0, 'r1': 15, 'c1': 15, 'largest_component': 1}, {'color': 9, 'count': 68, 'bbox_h': 16, 'bbox_w': 16, 'bbox_area': 256, 'r0': 0, 'c0': 0, 'r1': 15, 'c1': 15, 'largest_component': 5}]","['bbox_h_max_low', 'bbox_w_max_low', 'bbox_area_max_low', 'r0_min_low', 'c0_min_low', 'r1_max_low', 'c1_max_low', 'count_rank1', 'area_rank0']"
107,2,"[{'color': 1, 'count': 23, 'bbox_h': 12, 'bbox_w': 12, 'bbox_area': 144, 'r0': 2, 'c0': 2, 'r1': 13, 'c1': 13, 'largest_component': 3}, {'color': 2, 'count': 21, 'bbox_h': 16, 'bbox_w': 16, 'bbox_area': 256, 'r0': 0, 'c0': 0, 'r1': 15, 'c1': 15, 'largest_component': 2}, {'color': 3, 'count': 35, 'bbox_h': 16, 'bbox_w': 16, 'bbox_area': 256, 'r0': 0, 'c0': 0, 'r1': 15, 'c1': 15, 'largest_component': 2}, {'color': 4, 'count': 31, 'bbox_h': 16, 'bbox_w': 16, 'bbox_area': 256, 'r0': 0, 'c0': 0, 'r1': 15, 'c1': 15, 'largest_component': 2}, {'color': 5, 'count': 24, 'bbox_h': 12, 'bbox_w': 12, 'bbox_area': 144, 'r0': 2, 'c0': 2, 'r1': 13, 'c1': 13, 'largest_component': 4}, {'color': 6, 'count': 43, 'bbox_h': 16, 'bbox_w': 16, 'bbox_area': 256, 'r0': 0, 'c0': 0, 'r1': 15, 'c1': 15, 'largest_component': 3}, {'color': 7, 'count': 12, 'bbox_h': 16, 'bbox_w': 16, 'bbox_area': 256, 'r0': 0, 'c0': 0, 'r1': 15, 'c1': 15, 'largest_component': 1}, {'color': 8, 'count': 15, 'bbox_h': 12, 'bbox_w': 12, 'bbox_area': 144, 'r0': 2, 'c0': 2, 'r1': 13, 'c1': 13, 'largest_component': 1}, {'color': 9, 'count': 43, 'bbox_h': 16, 'bbox_w': 16, 'bbox_area': 256, 'r0': 0, 'c0': 0, 'r1': 15, 'c1': 15, 'largest_component': 12}]","['bbox_h_max_low', 'bbox_w_max_low', 'bbox_area_max_low', 'r0_min_low', 'c0_min_low', 'r1_max_low', 'c1_max_low', 'area_rank0']"
108,1,"[{'color': 1, 'count': 38, 'bbox_h': 16, 'bbox_w': 16, 'bbox_area': 256, 'r0': 0, 'c0': 0, 'r1': 15, 'c1': 15, 'largest_component': 2}, {'color': 2, 'count': 30, 'bbox_h': 14, 'bbox_w': 14, 'bbox_area': 196, 'r0': 1, 'c0': 1, 'r1': 14, 'c1': 14, 'largest_component': 3}, {'color': 3, 'count': 43, 'bbox_h': 14, 'bbox_w': 14, 'bbox_area': 196, 'r0': 1, 'c0': 1, 'r1': 14, 'c1': 14, 'largest_component': 2}, {'color': 4, 'count': 43, 'bbox_h': 16, 'bbox_w': 16, 'bbox_area': 256, 'r0': 0, 'c0': 0, 'r1': 15, 'c1': 15, 'largest_component': 3}, {'color': 5, 'count': 27, 'bbox_h': 16, 'bbox_w': 16, 'bbox_area': 256, 'r0': 0, 'c0': 0, 'r1': 15, 'c1': 15, 'largest_component': 3}, {'color': 6, 'count': 26, 'bbox_h': 16, 'bbox_w': 16, 'bbox_area': 256, 'r0': 0, 'c0': 0, 'r1': 15, 'c1': 15, 'largest_component': 2}, {'color': 7, 'count': 16, 'bbox_h': 12, 'bbox_w': 12, 'bbox_area': 144, 'r0': 2, 'c0': 2, 'r1': 13, 'c1': 13, 'largest_component': 4}, {'color': 8, 'count': 8, 'bbox_h': 14, 'bbox_w': 14, 'bbox_area': 196, 'r0': 1, 'c0': 1, 'r1': 14, 'c1': 14, 'largest_component': 2}, {'color': 9, 'count': 16, 'bbox_h': 8, 'bbox_w': 8, 'bbox_area': 64, 'r0': 4, 'c0': 4, 'r1': 11, 'c1': 11, 'largest_component': 2}]","['bbox_h_max_low', 'bbox_w_max_low', 'bbox_area_max_low', 'r0_min_low', 'c0_min_low', 'r1_max_low', 'c1_max_low', 'largest_component_min_low', 'count_rank2', 'area_rank0']"
109,1,"[{'color': 1, 'count': 53, 'bbox_h': 16, 'bbox_w': 16, 'bbox_area': 256, 'r0': 0, 'c0': 0, 'r1': 15, 'c1': 15, 'largest_component': 4}, {'color': 2, 'count': 23, 'bbox_h': 14, 'bbox_w': 14, 'bbox_area': 196, 'r0': 1, 'c0': 1, 'r1': 14, 'c1': 14, 'largest_component': 2}, {'color': 3, 'count': 19, 'bbox_h': 14, 'bbox_w': 14, 'bbox_area': 196, 'r0': 1, 'c0': 1, 'r1': 14, 'c1': 14, 'largest_component': 1}, {'color': 4, 'count': 22, 'bbox_h': 12, 'bbox_w': 12, 'bbox_area': 144, 'r0': 2, 'c0': 2, 'r1': 13, 'c1': 13, 'largest_component': 1}, {'color': 5, 'count': 14, 'bbox_h': 16, 'bbox_w': 16, 'bbox_area': 256, 'r0': 0, 'c0': 0, 'r1': 15, 'c1': 15, 'largest_component': 2}, {'color': 6, 'count': 56, 'bbox_h': 16, 'bbox_w': 16, 'bbox_area': 256, 'r0': 0, 'c0': 0, 'r1': 15, 'c1': 15, 'largest_component': 4}, {'color': 7, 'count': 36, 'bbox_h': 16, 'bbox_w': 16, 'bbox_area': 256, 'r0': 0, 'c0': 0, 'r1': 15, 'c1': 15, 'largest_component': 1}, {'color': 8, 'count': 4, 'bbox_h': 14, 'bbox_w': 14, 'bbox_area': 196, 'r0': 1, 'c0': 1, 'r1': 14, 'c1': 14, 'largest_component': 1}, {'color': 9, 'count': 20, 'bbox_h': 12, 'bbox_w': 12, 'bbox_area': 144, 'r0': 2, 'c0': 2, 'r1': 13, 'c1': 13, 'largest_component': 2}]","['bbox_h_max_low', 'bbox_w_max_low', 'bbox_area_max_low', 'r0_min_low', 'c0_min_low', 'r1_max_low', 'c1_max_low', 'largest_component_max_low', 'count_rank1', 'area_rank0']"
110,9,"[{'color': 1, 'count': 27, 'bbox_h': 12, 'bbox_w': 12, 'bbox_area': 144, 'r0': 2, 'c0': 2, 'r1': 13, 'c1': 13, 'largest_component': 4}, {'color': 2, 'count': 23, 'bbox_h': 16, 'bbox_w': 16, 'bbox_area': 256, 'r0': 0, 'c0': 0, 'r1': 15, 'c1': 15, 'largest_component': 2}, {'color': 3, 'count': 11, 'bbox_h': 14, 'bbox_w': 14, 'bbox_area': 196, 'r0': 1, 'c0': 1, 'r1': 14, 'c1': 14, 'largest_component': 2}, {'color': 4, 'count': 16, 'bbox_h': 16, 'bbox_w': 16, 'bbox_area': 256, 'r0': 0, 'c0': 0, 'r1': 15, 'c1': 15, 'largest_component': 2}, {'color': 5, 'count': 30, 'bbox_h': 12, 'bbox_w': 12, 'bbox_area': 144, 'r0': 2, 'c0': 2, 'r1': 13, 'c1': 13, 'largest_component': 6}, {'color': 6, 'count': 39, 'bbox_h': 16, 'bbox_w': 16, 'bbox_area': 256, 'r0': 0, 'c0': 0, 'r1': 15, 'c1': 15, 'largest_component': 2}, {'color': 7, 'count': 52, 'bbox_h': 16, 'bbox_w': 16, 'bbox_area': 256, 'r0': 0, 'c0': 0, 'r1': 15, 'c1': 15, 'largest_component': 4}, {'color': 8, 'count': 24, 'bbox_h': 16, 'bbox_w': 16, 'bbox_area': 256, 'r0': 0, 'c0': 0, 'r1': 15, 'c1': 15, 'largest_component': 2}, {'color': 9, 'count': 25, 'bbox_h': 12, 'bbox_w': 12, 'bbox_area': 144, 'r0': 2, 'c0': 2, 'r1': 13, 'c1': 13, 'largest_component': 3}]","['bbox_h_min_high', 'bbox_w_min_high', 'bbox_area_min_high', 'r0_max_high', 'c0_max_high', 'r1_min_high', 'c1_min_high', 'count_rank4']"
111,1,"[{'color': 1, 'count': 29, 'bbox_h': 16, 'bbox_w': 16, 'bbox_area': 256, 'r0': 0, 'c0': 0, 'r1': 15, 'c1': 15, 'largest_component': 2}, {'color': 2, 'count': 24, 'bbox_h': 16, 'bbox_w': 16, 'bbox_area': 256, 'r0': 0, 'c0': 0, 'r1': 15, 'c1': 15, 'largest_component': 2}, {'color': 3, 'count': 34, 'bbox_h': 16, 'bbox_w': 16, 'bbox_area': 256, 'r0': 0, 'c0': 0, 'r1': 15, 'c1': 15, 'largest_component': 2}, {'color': 4, 'count': 28, 'bbox_h': 16, 'bbox_w': 16, 'bbox_area': 256, 'r0': 0, 'c0': 0, 'r1': 15, 'c1': 15, 'largest_component': 4}, {'color': 5, 'count': 19, 'bbox_h': 16, 'bbox_w': 16, 'bbox_area': 256, 'r0': 0, 'c0': 0, 'r1': 15, 'c1': 15, 'largest_component': 4}, {'color': 6, 'count': 38, 'bbox_h': 14, 'bbox_w': 14, 'bbox_area': 196, 'r0': 1, 'c0': 1, 'r1': 14, 'c1': 14, 'largest_component': 3}, {'color': 7, 'count': 8, 'bbox_h': 14, 'bbox_w': 14, 'bbox_area': 196, 'r0': 1, 'c0': 1, 'r1': 14, 'c1': 14, 'largest_component': 2}, {'color': 8, 'count': 24, 'bbox_h': 16, 'bbox_w': 16, 'bbox_area': 256, 'r0': 0, 'c0': 0, 'r1': 15, 'c1': 15, 'largest_component': 1}, {'color': 9, 'count': 43, 'bbox_h': 16, 'bbox_w': 16, 'bbox_area': 256, 'r0': 0, 'c0': 0, 'r1': 15, 'c1': 15, 'largest_component': 4}]","['bbox_h_max_low', 'bbox_w_max_low', 'bbox_area_max_low', 'r0_min_low', 'c0_min_low', 'r1_max_low', 'c1_max_low', 'count_rank3', 'area_rank0']"
112,2,"[{'color': 1, 'count': 22, 'bbox_h': 16, 'bbox_w': 16, 'bbox_area': 256, 'r0': 0, 'c0': 0, 'r1': 15, 'c1': 15, 'largest_component': 1}, {'color': 2, 'count': 48, 'bbox_h': 16, 'bbox_w': 16, 'bbox_area': 256, 'r0': 0, 'c0': 0, 'r1': 15, 'c1': 15, 'largest_component': 2}, {'color': 3, 'count': 8, 'bbox_h': 14, 'bbox_w': 14, 'bbox_area': 196, 'r0': 1, 'c0': 1, 'r1': 14, 'c1': 14, 'largest_component': 1}, {'color': 4, 'count': 20, 'bbox_h': 14, 'bbox_w': 14, 'bbox_area': 196, 'r0': 1, 'c0': 1, 'r1': 14, 'c1': 14, 'largest_component': 2}, {'color': 5, 'count': 16, 'bbox_h': 12, 'bbox_w': 12, 'bbox_area': 144, 'r0': 2, 'c0': 2, 'r1': 13, 'c1': 13, 'largest_component': 2}, {'color': 6, 'count': 20, 'bbox_h': 16, 'bbox_w': 16, 'bbox_area': 256, 'r0': 0, 'c0': 0, 'r1': 15, 'c1': 15, 'largest_component': 4}, {'color': 7, 'count': 43, 'bbox_h': 16, 'bbox_w': 16, 'bbox_area': 256, 'r0': 0, 'c0': 0, 'r1': 15, 'c1': 15, 'largest_component': 2}, {'color': 8, 'count': 22, 'bbox_h': 14, 'bbox_w': 14, 'bbox_area': 196, 'r0': 1, 'c0': 1, 'r1': 14, 'c1': 14, 'largest_component': 1}, {'color': 9, 'count': 48, 'bbox_h': 16, 'bbox_w': 16, 'bbox_area': 256, 'r0': 0, 'c0': 0, 'r1': 15, 'c1': 15, 'largest_component': 3}]","['count_max_low', 'count_rank0', 'area_rank1']"
113,9,"[{'color': 1, 'count': 7, 'bbox_h': 12, 'bbox_w': 12, 'bbox_area': 144, 'r0': 2, 'c0': 2, 'r1': 13, 'c1': 13, 'largest_component': 1}, {'color': 2, 'count': 12, 'bbox_h': 14, 'bbox_w': 14, 'bbox_area': 196, 'r0': 1, 'c0': 1, 'r1': 14, 'c1': 14, 'largest_component': 4}, {'color': 3, 'count': 52, 'bbox_h': 16, 'bbox_w': 16, 'bbox_area': 256, 'r0': 0, 'c0': 0, 'r1': 15, 'c1': 15, 'largest_component': 2}, {'color': 4, 'count': 32, 'bbox_h': 16, 'bbox_w': 16, 'bbox_area': 256, 'r0': 0, 'c0': 0, 'r1': 15, 'c1': 15, 'largest_component': 2}, {'color': 5, 'count': 35, 'bbox_h': 16, 'bbox_w': 16, 'bbox_area': 256, 'r0': 0, 'c0': 0, 'r1': 15, 'c1': 15, 'largest_component': 20}, {'color': 6, 'count': 19, 'bbox_h': 14, 'bbox_w': 14, 'bbox_area': 196, 'r0': 1, 'c0': 1, 'r1': 14, 'c1': 14, 'largest_component': 1}, {'color': 7, 'count': 24, 'bbox_h': 16, 'bbox_w': 16, 'bbox_area': 256, 'r0': 0, 'c0': 0, 'r1': 15, 'c1': 15, 'largest_component': 4}, {'color': 8, 'count': 33, 'bbox_h': 16, 'bbox_w': 16, 'bbox_area': 256, 'r0': 0, 'c0': 0, 'r1': 15, 'c1': 15, 'largest_component': 4}, {'color': 9, 'count': 33, 'bbox_h': 16, 'bbox_w': 16, 'bbox_area': 256, 'r0': 0, 'c0': 0, 'r1': 15, 'c1': 15, 'largest_component': 2}]","['bbox_h_max_high', 'bbox_w_max_high', 'bbox_area_max_high', 'r0_min_high', 'c0_min_high', 'r1_max_high', 'c1_max_high', 'count_rank3']"
114,3,"[{'color': 1, 'count': 19, 'bbox_h': 12, 'bbox_w': 12, 'bbox_area': 144, 'r0': 2, 'c0': 2, 'r1': 13, 'c1': 13, 'largest_component': 4}, {'color': 2, 'count': 7, 'bbox_h': 16, 'bbox_w': 16, 'bbox_area': 256, 'r0': 0, 'c0': 0, 'r1': 15, 'c1': 15, 'largest_component': 1}, {'color': 3, 'count': 57, 'bbox_h': 16, 'bbox_w': 16, 'bbox_area': 256, 'r0': 0, 'c0': 0, 'r1': 15, 'c1': 15, 'largest_component': 3}, {'color': 4, 'count': 38, 'bbox_h': 16, 'bbox_w': 16, 'bbox_area': 256, 'r0': 0, 'c0': 0, 'r1': 15, 'c1': 15, 'largest_component': 2}, {'color': 5, 'count': 16, 'bbox_h': 14, 'bbox_w': 14, 'bbox_area': 196, 'r0': 1, 'c0': 1, 'r1': 14, 'c1': 14, 'largest_component': 3}, {'color': 6, 'count': 31, 'bbox_h': 16, 'bbox_w': 16, 'bbox_area': 256, 'r0': 0, 'c0': 0, 'r1': 15, 'c1': 15, 'largest_component': 2}, {'color': 7, 'count': 20, 'bbox_h': 8, 'bbox_w': 8, 'bbox_area': 64, 'r0': 4, 'c0': 4, 'r1': 11, 'c1': 11, 'largest_component': 3}, {'color': 8, 'count': 40, 'bbox_h': 16, 'bbox_w': 16, 'bbox_area': 256, 'r0': 0, 'c0': 0, 'r1': 15, 'c1': 15, 'largest_component': 4}, {'color': 9, 'count': 19, 'bbox_h': 14, 'bbox_w': 14, 'bbox_area': 196, 'r0': 1, 'c0': 1, 'r1': 14, 'c1': 14, 'largest_component': 12}]","['count_max_low', 'count_max_high', 'count_rank0', 'area_rank1']"
115,8,"[{'color': 1, 'count': 14, 'bbox_h': 14, 'bbox_w': 14, 'bbox_area': 196, 'r0': 1, 'c0': 1, 'r1': 14, 'c1': 14, 'largest_component': 1}, {'color': 2, 'count': 47, 'bbox_h': 16, 'bbox_w': 16, 'bbox_area': 256, 'r0': 0, 'c0': 0, 'r1': 15, 'c1': 15, 'largest_component': 8}, {'color': 3, 'count': 36, 'bbox_h': 8, 'bbox_w': 8, 'bbox_area': 64, 'r0': 4, 'c0': 4, 'r1': 11, 'c1': 11, 'largest_component': 5}, {'color': 4, 'count': 26, 'bbox_h': 16, 'bbox_w': 16, 'bbox_area': 256, 'r0': 0, 'c0': 0, 'r1': 15, 'c1': 15, 'largest_component': 4}, {'color': 5, 'count': 10, 'bbox_h': 14, 'bbox_w': 14, 'bbox_area': 196, 'r0': 1, 'c0': 1, 'r1': 14, 'c1': 14, 'largest_component': 1}, {'color': 7, 'count': 40, 'bbox_h': 16, 'bbox_w': 16, 'bbox_area': 256, 'r0': 0, 'c0': 0, 'r1': 15, 'c1': 15, 'largest_component': 3}, {'color': 8, 'count': 62, 'bbox_h': 16, 'bbox_w': 16, 'bbox_area': 256, 'r0': 0, 'c0': 0, 'r1': 15, 'c1': 15, 'largest_component': 5}, {'color': 9, 'count': 12, 'bbox_h': 16, 'bbox_w': 16, 'bbox_area': 256, 'r0': 0, 'c0': 0, 'r1': 15, 'c1': 15, 'largest_component': 1}]","['count_max_low', 'count_max_high', 'count_rank0', 'area_rank3']"
116,5,"[{'color': 1, 'count': 53, 'bbox_h': 16, 'bbox_w': 16, 'bbox_area': 256, 'r0': 0, 'c0': 0, 'r1': 15, 'c1': 15, 'largest_component': 3}, {'color': 2, 'count': 8, 'bbox_h': 12, 'bbox_w': 12, 'bbox_area': 144, 'r0': 2, 'c0': 2, 'r1': 13, 'c1': 13, 'largest_component': 1}, {'color': 3, 'count': 24, 'bbox_h': 16, 'bbox_w': 16, 'bbox_area': 256, 'r0': 0, 'c0': 0, 'r1': 15, 'c1': 15, 'largest_component': 2}, {'color': 4, 'count': 38, 'bbox_h': 16, 'bbox_w': 16, 'bbox_area': 256, 'r0': 0, 'c0': 0, 'r1': 15, 'c1': 15, 'largest_component': 3}, {'color': 5, 'count': 33, 'bbox_h': 16, 'bbox_w': 16, 'bbox_area': 256, 'r0': 0, 'c0': 0, 'r1': 15, 'c1': 15, 'largest_component': 4}, {'color': 6, 'count': 19, 'bbox_h': 16, 'bbox_w': 16, 'bbox_area': 256, 'r0': 0, 'c0': 0, 'r1': 15, 'c1': 15, 'largest_component': 1}, {'color': 7, 'count': 40, 'bbox_h': 16, 'bbox_w': 16, 'bbox_area': 256, 'r0': 0, 'c0': 0, 'r1': 15, 'c1': 15, 'largest_component': 2}, {'color': 8, 'count': 16, 'bbox_h': 14, 'bbox_w': 14, 'bbox_area': 196, 'r0': 1, 'c0': 1, 'r1': 14, 'c1': 14, 'largest_component': 2}, {'color': 9, 'count': 16, 'bbox_h': 12, 'bbox_w': 12, 'bbox_area': 144, 'r0': 2, 'c0': 2, 'r1': 13, 'c1': 13, 'largest_component': 4}]","['largest_component_max_low', 'count_rank3', 'area_rank3']"
117,8,"[{'color': 1, 'count': 22, 'bbox_h': 16, 'bbox_w': 16, 'bbox_area': 256, 'r0': 0, 'c0': 0, 'r1': 15, 'c1': 15, 'largest_component': 2}, {'color': 2, 'count': 12, 'bbox_h': 14, 'bbox_w': 14, 'bbox_area': 196, 'r0': 1, 'c0': 1, 'r1': 14, 'c1': 14, 'largest_component': 2}, {'color': 3, 'count': 16, 'bbox_h': 14, 'bbox_w': 14, 'bbox_area': 196, 'r0': 1, 'c0': 1, 'r1': 14, 'c1': 14, 'largest_component': 1}, {'color': 4, 'count': 12, 'bbox_h': 16, 'bbox_w': 16, 'bbox_area': 256, 'r0': 0, 'c0': 0, 'r1': 15, 'c1': 15, 'largest_component': 1}, {'color': 5, 'count': 16, 'bbox_h': 14, 'bbox_w': 14, 'bbox_area': 196, 'r0': 1, 'c0': 1, 'r1': 14, 'c1': 14, 'largest_component': 2}, {'color': 6, 'count': 50, 'bbox_h': 16, 'bbox_w': 16, 'bbox_area': 256, 'r0': 0, 'c0': 0, 'r1': 15, 'c1': 15, 'largest_component': 4}, {'color': 7, 'count': 43, 'bbox_h': 16, 'bbox_w': 16, 'bbox_area': 256, 'r0': 0, 'c0': 0, 'r1': 15, 'c1': 15, 'largest_component': 4}, {'color': 8, 'count': 41, 'bbox_h': 16, 'bbox_w': 16, 'bbox_area': 256, 'r0': 0, 'c0': 0, 'r1': 15, 'c1': 15, 'largest_component': 11}, {'color': 9, 'count': 35, 'bbox_h': 16, 'bbox_w': 16, 'bbox_area': 256, 'r0': 0, 'c0': 0, 'r1': 15, 'c1': 15, 'largest_component': 6}]","['largest_component_max_low', 'largest_component_max_high', 'count_rank2', 'area_rank4']"
118,1,"[{'color': 1, 'count': 34, 'bbox_h': 16, 'bbox_w': 16, 'bbox_area': 256, 'r0': 0, 'c0': 0, 'r1': 15, 'c1': 15, 'largest_component': 2}, {'color': 2, 'count': 19, 'bbox_h': 10, 'bbox_w': 10, 'bbox_area': 100, 'r0': 3, 'c0': 3, 'r1': 12, 'c1': 12, 'largest_component': 1}, {'color': 3, 'count': 31, 'bbox_h': 14, 'bbox_w': 14, 'bbox_area': 196, 'r0': 1, 'c0': 1, 'r1': 14, 'c1': 14, 'largest_component': 2}, {'color': 4, 'count': 34, 'bbox_h': 14, 'bbox_w': 14, 'bbox_area': 196, 'r0': 1, 'c0': 1, 'r1': 14, 'c1': 14, 'largest_component': 4}, {'color': 5, 'count': 35, 'bbox_h': 16, 'bbox_w': 16, 'bbox_area': 256, 'r0': 0, 'c0': 0, 'r1': 15, 'c1': 15, 'largest_component': 1}, {'color': 6, 'count': 39, 'bbox_h': 16, 'bbox_w': 16, 'bbox_area': 256, 'r0': 0, 'c0': 0, 'r1': 15, 'c1': 15, 'largest_component': 3}, {'color': 7, 'count': 19, 'bbox_h': 12, 'bbox_w': 12, 'bbox_area': 144, 'r0': 2, 'c0': 2, 'r1': 13, 'c1': 13, 'largest_component': 12}, {'color': 8, 'count': 24, 'bbox_h': 16, 'bbox_w': 16, 'bbox_area': 256, 'r0': 0, 'c0': 0, 'r1': 15, 'c1': 15, 'largest_component': 2}, {'color': 9, 'count': 12, 'bbox_h': 12, 'bbox_w': 12, 'bbox_area': 144, 'r0': 2, 'c0': 2, 'r1': 13, 'c1': 13, 'largest_component': 4}]","['bbox_h_max_low', 'bbox_w_max_low', 'bbox_area_max_low', 'r0_min_low', 'c0_min_low', 'r1_max_low', 'c1_max_low', 'count_rank2', 'area_rank0']"
119,8,"[{'color': 1, 'count': 46, 'bbox_h': 16, 'bbox_w': 16, 'bbox_area': 256, 'r0': 0, 'c0': 0, 'r1': 15, 'c1': 15, 'largest_component': 2}, {'color': 2, 'count': 30, 'bbox_h': 14, 'bbox_w': 14, 'bbox_area': 196, 'r0': 1, 'c0': 1, 'r1': 14, 'c1': 14, 'largest_component': 2}, {'color': 3, 'count': 52, 'bbox_h': 16, 'bbox_w': 16, 'bbox_area': 256, 'r0': 0, 'c0': 0, 'r1': 15, 'c1': 15, 'largest_component': 2}, {'color': 4, 'count': 16, 'bbox_h': 16, 'bbox_w': 16, 'bbox_area': 256, 'r0': 0, 'c0': 0, 'r1': 15, 'c1': 15, 'largest_component': 1}, {'color': 5, 'count': 31, 'bbox_h': 16, 'bbox_w': 16, 'bbox_area': 256, 'r0': 0, 'c0': 0, 'r1': 15, 'c1': 15, 'largest_component': 4}, {'color': 6, 'count': 24, 'bbox_h': 16, 'bbox_w': 16, 'bbox_area': 256, 'r0': 0, 'c0': 0, 'r1': 15, 'c1': 15, 'largest_component': 4}, {'color': 7, 'count': 20, 'bbox_h': 14, 'bbox_w': 14, 'bbox_area': 196, 'r0': 1, 'c0': 1, 'r1': 14, 'c1': 14, 'largest_component': 2}, {'color': 8, 'count': 20, 'bbox_h': 12, 'bbox_w': 12, 'bbox_area': 144, 'r0': 2, 'c0': 2, 'r1': 13, 'c1': 13, 'largest_component': 1}, {'color': 9, 'count': 8, 'bbox_h': 10, 'bbox_w': 10, 'bbox_area': 100, 'r0': 3, 'c0': 3, 'r1': 12, 'c1': 12, 'largest_component': 1}]",[]
120,8,"[{'color': 1, 'count': 32, 'bbox_h': 16, 'bbox_w': 16, 'bbox_area': 256, 'r0': 0, 'c0': 0, 'r1': 15, 'c1': 15, 'largest_component': 2}, {'color': 2, 'count': 16, 'bbox_h': 14, 'bbox_w': 14, 'bbox_area': 196, 'r0': 1, 'c0': 1, 'r1': 14, 'c1': 14, 'largest_component': 1}, {'color': 3, 'count': 28, 'bbox_h': 14, 'bbox_w': 14, 'bbox_area': 196, 'r0': 1, 'c0': 1, 'r1': 14, 'c1': 14, 'largest_component': 2}, {'color': 4, 'count': 23, 'bbox_h': 16, 'bbox_w': 16, 'bbox_area': 256, 'r0': 0, 'c0': 0, 'r1': 15, 'c1': 15, 'largest_component': 1}, {'color': 5, 'count': 8, 'bbox_h': 16, 'bbox_w': 16, 'bbox_area': 256, 'r0': 0, 'c0': 0, 'r1': 15, 'c1': 15, 'largest_component': 1}, {'color': 6, 'count': 17, 'bbox_h': 10, 'bbox_w': 10, 'bbox_area': 100, 'r0': 3, 'c0': 3, 'r1': 12, 'c1': 12, 'largest_component': 3}, {'color': 7, 'count': 58, 'bbox_h': 16, 'bbox_w': 16, 'bbox_area': 256, 'r0': 0, 'c0': 0, 'r1': 15, 'c1': 15, 'largest_component': 6}, {'color': 8, 'count': 49, 'bbox_h': 16, 'bbox_w': 16, 'bbox_area': 256, 'r0': 0, 'c0': 0, 'r1': 15, 'c1': 15, 'largest_component': 3}, {'color': 9, 'count': 16, 'bbox_h': 16, 'bbox_w': 16, 'bbox_area': 256, 'r0': 0, 'c0': 0, 'r1': 15, 'c1': 15, 'largest_component': 1}]","['count_rank1', 'area_rank4']"
121,6,"[{'color': 1, 'count': 22, 'bbox_h': 16, 'bbox_w': 16, 'bbox_area': 256, 'r0': 0, 'c0': 0, 'r1': 15, 'c1': 15, 'largest_component': 1}, {'color': 2, 'count': 35, 'bbox_h': 16, 'bbox_w': 16, 'bbox_area': 256, 'r0': 0, 'c0': 0, 'r1': 15, 'c1': 15, 'largest_component': 5}, {'color': 3, 'count': 36, 'bbox_h': 16, 'bbox_w': 16, 'bbox_area': 256, 'r0': 0, 'c0': 0, 'r1': 15, 'c1': 15, 'largest_component': 4}, {'color': 4, 'count': 27, 'bbox_h': 14, 'bbox_w': 14, 'bbox_area': 196, 'r0': 1, 'c0': 1, 'r1': 14, 'c1': 14, 'largest_component': 2}, {'color': 5, 'count': 34, 'bbox_h': 14, 'bbox_w': 14, 'bbox_area': 196, 'r0': 1, 'c0': 1, 'r1': 14, 'c1': 14, 'largest_component': 4}, {'color': 6, 'count': 38, 'bbox_h': 16, 'bbox_w': 16, 'bbox_area': 256, 'r0': 0, 'c0': 0, 'r1': 15, 'c1': 15, 'largest_component': 2}, {'color': 7, 'count': 31, 'bbox_h': 14, 'bbox_w': 14, 'bbox_area': 196, 'r0': 1, 'c0': 1, 'r1': 14, 'c1': 14, 'largest_component': 3}, {'color': 8, 'count': 8, 'bbox_h': 16, 'bbox_w': 16, 'bbox_area': 256, 'r0': 0, 'c0': 0, 'r1': 15, 'c1': 15, 'largest_component': 1}, {'color': 9, 'count': 16, 'bbox_h': 16, 'bbox_w': 16, 'bbox_area': 256, 'r0': 0, 'c0': 0, 'r1': 15, 'c1': 15, 'largest_component': 1}]","['count_max_low', 'count_max_high', 'count_rank0', 'area_rank3']"
122,3,"[{'color': 1, 'count': 19, 'bbox_h': 16, 'bbox_w': 16, 'bbox_area': 256, 'r0': 0, 'c0': 0, 'r1': 15, 'c1': 15, 'largest_component': 2}, {'color': 2, 'count': 31, 'bbox_h': 16, 'bbox_w': 16, 'bbox_area': 256, 'r0': 0, 'c0': 0, 'r1': 15, 'c1': 15, 'largest_component': 2}, {'color': 3, 'count': 46, 'bbox_h': 16, 'bbox_w': 16, 'bbox_area': 256, 'r0': 0, 'c0': 0, 'r1': 15, 'c1': 15, 'largest_component': 3}, {'color': 4, 'count': 11, 'bbox_h': 14, 'bbox_w': 14, 'bbox_area': 196, 'r0': 1, 'c0': 1, 'r1': 14, 'c1': 14, 'largest_component': 1}, {'color': 5, 'count': 23, 'bbox_h': 12, 'bbox_w': 12, 'bbox_area': 144, 'r0': 2, 'c0': 2, 'r1': 13, 'c1': 13, 'largest_component': 2}, {'color': 6, 'count': 27, 'bbox_h': 16, 'bbox_w': 16, 'bbox_area': 256, 'r0': 0, 'c0': 0, 'r1': 15, 'c1': 15, 'largest_component': 2}, {'color': 7, 'count': 16, 'bbox_h': 16, 'bbox_w': 16, 'bbox_area': 256, 'r0': 0, 'c0': 0, 'r1': 15, 'c1': 15, 'largest_component': 1}, {'color': 8, 'count': 39, 'bbox_h': 16, 'bbox_w': 16, 'bbox_area': 256, 'r0': 0, 'c0': 0, 'r1': 15, 'c1': 15, 'largest_component': 2}, {'color': 9, 'count': 35, 'bbox_h': 16, 'bbox_w': 16, 'bbox_area': 256, 'r0': 0, 'c0': 0, 'r1': 15, 'c1': 15, 'largest_component': 4}]","['count_max_low', 'count_max_high', 'count_rank0', 'area_rank2']"
123,2,"[{'color': 1, 'count': 8, 'bbox_h': 8, 'bbox_w': 8, 'bbox_area': 64, 'r0': 4, 'c0': 4, 'r1': 11, 'c1': 11, 'largest_component': 2}, {'color': 2, 'count': 44, 'bbox_h': 14, 'bbox_w': 14, 'bbox_area': 196, 'r0': 1, 'c0': 1, 'r1': 14, 'c1': 14, 'largest_component': 4}, {'color': 3, 'count': 71, 'bbox_h': 16, 'bbox_w': 16, 'bbox_area': 256, 'r0': 0, 'c0': 0, 'r1': 15, 'c1': 15, 'largest_component': 4}, {'color': 4, 'count': 11, 'bbox_h': 16, 'bbox_w': 16, 'bbox_area': 256, 'r0': 0, 'c0': 0, 'r1': 15, 'c1': 15, 'largest_component': 1}, {'color': 5, 'count': 23, 'bbox_h': 16, 'bbox_w': 16, 'bbox_area': 256, 'r0': 0, 'c0': 0, 'r1': 15, 'c1': 15, 'largest_component': 2}, {'color': 6, 'count': 16, 'bbox_h': 10, 'bbox_w': 10, 'bbox_area': 100, 'r0': 3, 'c0': 3, 'r1': 12, 'c1': 12, 'largest_component': 4}, {'color': 7, 'count': 8, 'bbox_h': 14, 'bbox_w': 14, 'bbox_area': 196, 'r0': 1, 'c0': 1, 'r1': 14, 'c1': 14, 'largest_component': 1}, {'color': 8, 'count': 47, 'bbox_h': 16, 'bbox_w': 16, 'bbox_area': 256, 'r0': 0, 'c0': 0, 'r1': 15, 'c1': 15, 'largest_component': 20}, {'color': 9, 'count': 19, 'bbox_h': 16, 'bbox_w': 16, 'bbox_area': 256, 'r0': 0, 'c0': 0, 'r1': 15, 'c1': 15, 'largest_component': 2}]",['count_rank2']
124,3,"[{'color': 1, 'count': 20, 'bbox_h': 16, 'bbox_w': 16, 'bbox_area': 256, 'r0': 0, 'c0': 0, 'r1': 15, 'c1': 15, 'largest_component': 2}, {'color': 2, 'count': 15, 'bbox_h': 16, 'bbox_w': 16, 'bbox_area': 256, 'r0': 0, 'c0': 0, 'r1': 15, 'c1': 15, 'largest_component': 1}, {'color': 3, 'count': 22, 'bbox_h': 14, 'bbox_w': 14, 'bbox_area': 196, 'r0': 1, 'c0': 1, 'r1': 14, 'c1': 14, 'largest_component': 2}, {'color': 4, 'count': 8, 'bbox_h': 4, 'bbox_w': 4, 'bbox_area': 16, 'r0': 6, 'c0': 6, 'r1': 9, 'c1': 9, 'largest_component': 2}, {'color': 5, 'count': 43, 'bbox_h': 16, 'bbox_w': 16, 'bbox_area': 256, 'r0': 0, 'c0': 0, 'r1': 15, 'c1': 15, 'largest_component': 3}, {'color': 6, 'count': 58, 'bbox_h': 16, 'bbox_w': 16, 'bbox_area': 256, 'r0': 0, 'c0': 0, 'r1': 15, 'c1': 15, 'largest_component': 4}, {'color': 7, 'count': 24, 'bbox_h': 14, 'bbox_w': 14, 'bbox_area': 196, 'r0': 1, 'c0': 1, 'r1': 14, 'c1': 14, 'largest_component': 2}, {'color': 8, 'count': 22, 'bbox_h': 12, 'bbox_w': 12, 'bbox_area': 144, 'r0': 2, 'c0': 2, 'r1': 13, 'c1': 13, 'largest_component': 2}, {'color': 9, 'count': 35, 'bbox_h': 16, 'bbox_w': 16, 'bbox_area': 256, 'r0': 0, 'c0': 0, 'r1': 15, 'c1': 15, 'largest_component': 2}]",['count_rank4']
125,1,"[{'color': 1, 'count': 30, 'bbox_h': 14, 'bbox_w': 14, 'bbox_area': 196, 'r0': 1, 'c0': 1, 'r1': 14, 'c1': 14, 'largest_component': 3}, {'color': 2, 'count': 12, 'bbox_h': 8, 'bbox_w': 8, 'bbox_area': 64, 'r0': 4, 'c0': 4, 'r1': 11, 'c1': 11, 'largest_component': 1}, {'color': 3, 'count': 31, 'bbox_h': 16, 'bbox_w': 16, 'bbox_area': 256, 'r0': 0, 'c0': 0, 'r1': 15, 'c1': 15, 'largest_component': 2}, {'color': 4, 'count': 31, 'bbox_h': 14, 'bbox_w': 14, 'bbox_area': 196, 'r0': 1, 'c0': 1, 'r1': 14, 'c1': 14, 'largest_component': 2}, {'color': 5, 'count': 35, 'bbox_h': 16, 'bbox_w': 16, 'bbox_area': 256, 'r0': 0, 'c0': 0, 'r1': 15, 'c1': 15, 'largest_component': 2}, {'color': 6, 'count': 28, 'bbox_h': 16, 'bbox_w': 16, 'bbox_area': 256, 'r0': 0, 'c0': 0, 'r1': 15, 'c1': 15, 'largest_component': 12}, {'color': 7, 'count': 39, 'bbox_h': 16, 'bbox_w': 16, 'bbox_area': 256, 'r0': 0, 'c0': 0, 'r1': 15, 'c1': 15, 'largest_component': 2}, {'color': 8, 'count': 18, 'bbox_h': 16, 'bbox_w': 16, 'bbox_area': 256, 'r0': 0, 'c0': 0, 'r1': 15, 'c1': 15, 'largest_component': 2}, {'color': 9, 'count': 23, 'bbox_h': 16, 'bbox_w': 16, 'bbox_area': 256, 'r0': 0, 'c0': 0, 'r1': 15, 'c1': 15, 'largest_component': 2}]",['count_rank4']
126,4,"[{'color': 1, 'count': 19, 'bbox_h': 16, 'bbox_w': 16, 'bbox_area': 256, 'r0': 0, 'c0': 0, 'r1': 15, 'c1': 15, 'largest_component': 1}, {'color': 2, 'count': 43, 'bbox_h': 16, 'bbox_w': 16, 'bbox_area': 256, 'r0': 0, 'c0': 0, 'r1': 15, 'c1': 15, 'largest_component': 10}, {'color': 3, 'count': 12, 'bbox_h': 10, 'bbox_w': 10, 'bbox_area': 100, 'r0': 3, 'c0': 3, 'r1': 12, 'c1': 12, 'largest_component': 1}, {'color': 4, 'count': 37, 'bbox_h': 16, 'bbox_w': 16, 'bbox_area': 256, 'r0': 0, 'c0': 0, 'r1': 15, 'c1': 15, 'largest_component': 2}, {'color': 5, 'count': 16, 'bbox_h': 10, 'bbox_w': 10, 'bbox_area': 100, 'r0': 3, 'c0': 3, 'r1': 12, 'c1': 12, 'largest_component': 2}, {'color': 6, 'count': 30, 'bbox_h': 16, 'bbox_w': 16, 'bbox_area': 256, 'r0': 0, 'c0': 0, 'r1': 15, 'c1': 15, 'largest_component': 2}, {'color': 7, 'count': 43, 'bbox_h': 16, 'bbox_w': 16, 'bbox_area': 256, 'r0': 0, 'c0': 0, 'r1': 15, 'c1': 15, 'largest_component': 4}, {'color': 8, 'count': 23, 'bbox_h': 16, 'bbox_w': 16, 'bbox_area': 256, 'r0': 0, 'c0': 0, 'r1': 15, 'c1': 15, 'largest_component': 4}, {'color': 9, 'count': 24, 'bbox_h': 14, 'bbox_w': 14, 'bbox_area': 196, 'r0': 1, 'c0': 1, 'r1': 14, 'c1': 14, 'largest_component': 4}]","['count_rank2', 'area_rank2']"
127,5,"[{'color': 1, 'count': 16, 'bbox_h': 16, 'bbox_w': 16, 'bbox_area': 256, 'r0': 0, 'c0': 0, 'r1': 15, 'c1': 15, 'largest_component': 1}, {'color': 2, 'count': 15, 'bbox_h': 16, 'bbox_w': 16, 'bbox_area': 256, 'r0': 0, 'c0': 0, 'r1': 15, 'c1': 15, 'largest_component': 1}, {'color': 3, 'count': 46, 'bbox_h': 16, 'bbox_w': 16, 'bbox_area': 256, 'r0': 0, 'c0': 0, 'r1': 15, 'c1': 15, 'largest_component': 2}, {'color': 4, 'count': 7, 'bbox_h': 6, 'bbox_w': 6, 'bbox_area': 36, 'r0': 5, 'c0': 5, 'r1': 10, 'c1': 10, 'largest_component': 2}, {'color': 5, 'count': 26, 'bbox_h': 14, 'bbox_w': 14, 'bbox_area': 196, 'r0': 1, 'c0': 1, 'r1': 14, 'c1': 14, 'largest_component': 2}, {'color': 6, 'count': 20, 'bbox_h': 16, 'bbox_w': 16, 'bbox_area': 256, 'r0': 0, 'c0': 0, 'r1': 15, 'c1': 15, 'largest_component': 2}, {'color': 7, 'count': 18, 'bbox_h': 8, 'bbox_w': 8, 'bbox_area': 64, 'r0': 4, 'c0': 4, 'r1': 11, 'c1': 11, 'largest_component': 4}, {'color': 8, 'count': 31, 'bbox_h': 16, 'bbox_w': 16, 'bbox_area': 256, 'r0': 0, 'c0': 0, 'r1': 15, 'c1': 15, 'largest_component': 2}, {'color': 9, 'count': 68, 'bbox_h': 16, 'bbox_w': 16, 'bbox_area': 256, 'r0': 0, 'c0': 0, 'r1': 15, 'c1': 15, 'largest_component': 8}]",['count_rank3']
128,4,"[{'color': 1, 'count': 37, 'bbox_h': 16, 'bbox_w': 16, 'bbox_area': 256, 'r0': 0, 'c0': 0, 'r1': 15, 'c1': 15, 'largest_component': 2}, {'color': 2, 'count': 39, 'bbox_h': 16, 'bbox_w': 16, 'bbox_area': 256, 'r0': 0, 'c0': 0, 'r1': 15, 'c1': 15, 'largest_component': 2}, {'color': 3, 'count': 32, 'bbox_h': 16, 'bbox_w': 16, 'bbox_area': 256, 'r0': 0, 'c0': 0, 'r1': 15, 'c1': 15, 'largest_component': 4}, {'color': 4, 'count': 33, 'bbox_h': 16, 'bbox_w': 16, 'bbox_area': 256, 'r0': 0, 'c0': 0, 'r1': 15, 'c1': 15, 'largest_component': 3}, {'color': 5, 'count': 47, 'bbox_h': 16, 'bbox_w': 16, 'bbox_area': 256, 'r0': 0, 'c0': 0, 'r1': 15, 'c1': 15, 'largest_component': 2}, {'color': 7, 'count': 20, 'bbox_h': 10, 'bbox_w': 10, 'bbox_area': 100, 'r0': 3, 'c0': 3, 'r1': 12, 'c1': 12, 'largest_component': 3}, {'color': 8, 'count': 24, 'bbox_h': 14, 'bbox_w': 14, 'bbox_area': 196, 'r0': 1, 'c0': 1, 'r1': 14, 'c1': 14, 'largest_component': 4}, {'color': 9, 'count': 15, 'bbox_h': 16, 'bbox_w': 16, 'bbox_area': 256, 'r0': 0, 'c0': 0, 'r1': 15, 'c1': 15, 'largest_component': 1}]","['count_rank3', 'area_rank3']"
129,3,"[{'color': 1, 'count': 20, 'bbox_h': 14, 'bbox_w': 14, 'bbox_area': 196, 'r0': 1, 'c0': 1, 'r1': 14, 'c1': 14, 'largest_component': 2}, {'color': 2, 'count': 27, 'bbox_h': 14, 'bbox_w': 14, 'bbox_area': 196, 'r0': 1, 'c0': 1, 'r1': 14, 'c1': 14, 'largest_component': 3}, {'color': 3, 'count': 46, 'bbox_h': 16, 'bbox_w': 16, 'bbox_area': 256, 'r0': 0, 'c0': 0, 'r1': 15, 'c1': 15, 'largest_component': 10}, {'color': 4, 'count': 8, 'bbox_h': 8, 'bbox_w': 8, 'bbox_area': 64, 'r0': 4, 'c0': 4, 'r1': 11, 'c1': 11, 'largest_component': 2}, {'color': 5, 'count': 19, 'bbox_h': 16, 'bbox_w': 16, 'bbox_area': 256, 'r0': 0, 'c0': 0, 'r1': 15, 'c1': 15, 'largest_component': 2}, {'color': 6, 'count': 42, 'bbox_h': 16, 'bbox_w': 16, 'bbox_area': 256, 'r0': 0, 'c0': 0, 'r1': 15, 'c1': 15, 'largest_component': 5}, {'color': 7, 'count': 23, 'bbox_h': 14, 'bbox_w': 14, 'bbox_area': 196, 'r0': 1, 'c0': 1, 'r1': 14, 'c1': 14, 'largest_component': 5}, {'color': 8, 'count': 35, 'bbox_h': 16, 'bbox_w': 16, 'bbox_area': 256, 'r0': 0, 'c0': 0, 'r1': 15, 'c1': 15, 'largest_component': 4}, {'color': 9, 'count': 27, 'bbox_h': 16, 'bbox_w': 16, 'bbox_area': 256, 'r0': 0, 'c0': 0, 'r1': 15, 'c1': 15, 'largest_component': 1}]","['count_max_low', 'count_max_high', 'bbox_h_max_low', 'bbox_w_max_low', 'bbox_area_max_low', 'r0_min_low', 'c0_min_low', 'r1_max_low', 'c1_max_low', 'largest_component_max_low', 'largest_component_max_high', 'count_rank0', 'area_rank0']"
130,9,"[{'color': 1, 'count': 16, 'bbox_h': 16, 'bbox_w': 16, 'bbox_area': 256, 'r0': 0, 'c0': 0, 'r1': 15, 'c1': 15, 'largest_component': 1}, {'color': 2, 'count': 38, 'bbox_h': 16, 'bbox_w': 16, 'bbox_area': 256, 'r0': 0, 'c0': 0, 'r1': 15, 'c1': 15, 'largest_component': 1}, {'color': 3, 'count': 47, 'bbox_h': 14, 'bbox_w': 14, 'bbox_area': 196, 'r0': 1, 'c0': 1, 'r1': 14, 'c1': 14, 'largest_component': 12}, {'color': 4, 'count': 27, 'bbox_h': 14, 'bbox_w': 14, 'bbox_area': 196, 'r0': 1, 'c0': 1, 'r1': 14, 'c1': 14, 'largest_component': 2}, {'color': 6, 'count': 66, 'bbox_h': 14, 'bbox_w': 14, 'bbox_area': 196, 'r0': 1, 'c0': 1, 'r1': 14, 'c1': 14, 'largest_component': 5}, {'color': 7, 'count': 24, 'bbox_h': 16, 'bbox_w': 16, 'bbox_area': 256, 'r0': 0, 'c0': 0, 'r1': 15, 'c1': 15, 'largest_component': 2}, {'color': 8, 'count': 15, 'bbox_h': 16, 'bbox_w': 16, 'bbox_area': 256, 'r0': 0, 'c0': 0, 'r1': 15, 'c1': 15, 'largest_component': 1}, {'color': 9, 'count': 14, 'bbox_h': 12, 'bbox_w': 12, 'bbox_area': 144, 'r0': 2, 'c0': 2, 'r1': 13, 'c1': 13, 'largest_component': 1}]","['count_min_low', 'count_min_high', 'bbox_h_min_low', 'bbox_h_min_high', 'bbox_w_min_low', 'bbox_w_min_high', 'bbox_area_min_low', 'bbox_area_min_high', 'r0_max_low', 'r0_max_high', 'c0_max_low', 'c0_max_high', 'r1_min_low', 'r1_min_high', 'c1_min_low', 'c1_min_high', 'largest_component_min_high']"
131,5,"[{'color': 1, 'count': 16, 'bbox_h': 16, 'bbox_w': 16, 'bbox_area': 256, 'r0': 0, 'c0': 0, 'r1': 15, 'c1': 15, 'largest_component': 1}, {'color': 2, 'count': 15, 'bbox_h': 12, 'bbox_w': 12, 'bbox_area': 144, 'r0': 2, 'c0': 2, 'r1': 13, 'c1': 13, 'largest_component': 1}, {'color': 3, 'count': 20, 'bbox_h': 16, 'bbox_w': 16, 'bbox_area': 256, 'r0': 0, 'c0': 0, 'r1': 15, 'c1': 15, 'largest_component': 4}, {'color': 4, 'count': 19, 'bbox_h': 16, 'bbox_w': 16, 'bbox_area': 256, 'r0': 0, 'c0': 0, 'r1': 15, 'c1': 15, 'largest_component': 1}, {'color': 5, 'count': 53, 'bbox_h': 16, 'bbox_w': 16, 'bbox_area': 256, 'r0': 0, 'c0': 0, 'r1': 15, 'c1': 15, 'largest_component': 2}, {'color': 6, 'count': 19, 'bbox_h': 10, 'bbox_w': 10, 'bbox_area': 100, 'r0': 3, 'c0': 3, 'r1': 12, 'c1': 12, 'largest_component': 12}, {'color': 7, 'count': 47, 'bbox_h': 16, 'bbox_w': 16, 'bbox_area': 256, 'r0': 0, 'c0': 0, 'r1': 15, 'c1': 15, 'largest_component': 2}, {'color': 8, 'count': 27, 'bbox_h': 16, 'bbox_w': 16, 'bbox_area': 256, 'r0': 0, 'c0': 0, 'r1': 15, 'c1': 15, 'largest_component': 2}, {'color': 9, 'count': 31, 'bbox_h': 16, 'bbox_w': 16, 'bbox_area': 256, 'r0': 0, 'c0': 0, 'r1': 15, 'c1': 15, 'largest_component': 4}]","['count_max_low', 'count_max_high', 'count_rank0', 'area_rank3']"
132,4,"[{'color': 1, 'count': 36, 'bbox_h': 16, 'bbox_w': 16, 'bbox_area': 256, 'r0': 0, 'c0': 0, 'r1': 15, 'c1': 15, 'largest_component': 3}, {'color': 2, 'count': 32, 'bbox_h': 12, 'bbox_w': 12, 'bbox_area': 144, 'r0': 2, 'c0': 2, 'r1': 13, 'c1': 13, 'largest_component': 2}, {'color': 3, 'count': 32, 'bbox_h': 14, 'bbox_w': 14, 'bbox_area': 196, 'r0': 1, 'c0': 1, 'r1': 14, 'c1': 14, 'largest_component': 2}, {'color': 4, 'count': 52, 'bbox_h': 16, 'bbox_w': 16, 'bbox_area': 256, 'r0': 0, 'c0': 0, 'r1': 15, 'c1': 15, 'largest_component': 4}, {'color': 5, 'count': 41, 'bbox_h': 16, 'bbox_w': 16, 'bbox_area': 256, 'r0': 0, 'c0': 0, 'r1': 15, 'c1': 15, 'largest_component': 2}, {'color': 6, 'count': 12, 'bbox_h': 10, 'bbox_w': 10, 'bbox_area': 100, 'r0': 3, 'c0': 3, 'r1': 12, 'c1': 12, 'largest_component': 4}, {'color': 7, 'count': 24, 'bbox_h': 12, 'bbox_w': 12, 'bbox_area': 144, 'r0': 2, 'c0': 2, 'r1': 13, 'c1': 13, 'largest_component': 4}, {'color': 8, 'count': 18, 'bbox_h': 16, 'bbox_w': 16, 'bbox_area': 256, 'r0': 0, 'c0': 0, 'r1': 15, 'c1': 15, 'largest_component': 1}]","['count_max_low', 'count_max_high', 'largest_component_max_low', 'count_rank0', 'area_rank1']"
133,2,"[{'color': 1, 'count': 12, 'bbox_h': 14, 'bbox_w': 14, 'bbox_area': 196, 'r0': 1, 'c0': 1, 'r1': 14, 'c1': 14, 'largest_component': 1}, {'color': 2, 'count': 34, 'bbox_h': 14, 'bbox_w': 14, 'bbox_area': 196, 'r0': 1, 'c0': 1, 'r1': 14, 'c1': 14, 'largest_component': 2}, {'color': 3, 'count': 30, 'bbox_h': 16, 'bbox_w': 16, 'bbox_area': 256, 'r0': 0, 'c0': 0, 'r1': 15, 'c1': 15, 'largest_component': 4}, {'color': 4, 'count': 35, 'bbox_h': 16, 'bbox_w': 16, 'bbox_area': 256, 'r0': 0, 'c0': 0, 'r1': 15, 'c1': 15, 'largest_component': 2}, {'color': 5, 'count': 23, 'bbox_h': 16, 'bbox_w': 16, 'bbox_area': 256, 'r0': 0, 'c0': 0, 'r1': 15, 'c1': 15, 'largest_component': 4}, {'color': 7, 'count': 23, 'bbox_h': 16, 'bbox_w': 16, 'bbox_area': 256, 'r0': 0, 'c0': 0, 'r1': 15, 'c1': 15, 'largest_component': 2}, {'color': 8, 'count': 62, 'bbox_h': 16, 'bbox_w': 16, 'bbox_area': 256, 'r0': 0, 'c0': 0, 'r1': 15, 'c1': 15, 'largest_component': 4}, {'color': 9, 'count': 28, 'bbox_h': 16, 'bbox_w': 16, 'bbox_area': 256, 'r0': 0, 'c0': 0, 'r1': 15, 'c1': 15, 'largest_component': 3}]","['bbox_h_min_high', 'bbox_w_min_high', 'bbox_area_min_high', 'r0_max_high', 'c0_max_high', 'r1_min_high', 'c1_min_high', 'count_rank2']"
134,4,"[{'color': 1, 'count': 23, 'bbox_h': 14, 'bbox_w': 14, 'bbox_area': 196, 'r0': 1, 'c0': 1, 'r1': 14, 'c1': 14, 'largest_component': 2}, {'color': 2, 'count': 36, 'bbox_h': 14, 'bbox_w': 14, 'bbox_area': 196, 'r0': 1, 'c0': 1, 'r1': 14, 'c1': 14, 'largest_component': 4}, {'color': 3, 'count': 23, 'bbox_h': 16, 'bbox_w': 16, 'bbox_area': 256, 'r0': 0, 'c0': 0, 'r1': 15, 'c1': 15, 'largest_component': 2}, {'color': 4, 'count': 25, 'bbox_h': 16, 'bbox_w': 16, 'bbox_area': 256, 'r0': 0, 'c0': 0, 'r1': 15, 'c1': 15, 'largest_component': 1}, {'color': 5, 'count': 7, 'bbox_h': 12, 'bbox_w': 12, 'bbox_area': 144, 'r0': 2, 'c0': 2, 'r1': 13, 'c1': 13, 'largest_component': 1}, {'color': 6, 'count': 12, 'bbox_h': 10, 'bbox_w': 10, 'bbox_area': 100, 'r0': 3, 'c0': 3, 'r1': 12, 'c1': 12, 'largest_component': 1}, {'color': 7, 'count': 40, 'bbox_h': 16, 'bbox_w': 16, 'bbox_area': 256, 'r0': 0, 'c0': 0, 'r1': 15, 'c1': 15, 'largest_component': 2}, {'color': 8, 'count': 43, 'bbox_h': 16, 'bbox_w': 16, 'bbox_area': 256, 'r0': 0, 'c0': 0, 'r1': 15, 'c1': 15, 'largest_component': 10}, {'color': 9, 'count': 38, 'bbox_h': 16, 'bbox_w': 16, 'bbox_area': 256, 'r0': 0, 'c0': 0, 'r1': 15, 'c1': 15, 'largest_component': 4}]","['largest_component_min_low', 'count_rank4', 'area_rank1']"
135,8,"[{'color': 1, 'count': 28, 'bbox_h': 14, 'bbox_w': 14, 'bbox_area': 196, 'r0': 1, 'c0': 1, 'r1': 14, 'c1': 14, 'largest_component': 3}, {'color': 2, 'count': 35, 'bbox_h': 16, 'bbox_w': 16, 'bbox_area': 256, 'r0': 0, 'c0': 0, 'r1': 15, 'c1': 15, 'largest_component': 1}, {'color': 3, 'count': 16, 'bbox_h': 16, 'bbox_w': 16, 'bbox_area': 256, 'r0': 0, 'c0': 0, 'r1': 15, 'c1': 15, 'largest_component': 2}, {'color': 4, 'count': 35, 'bbox_h': 16, 'bbox_w': 16, 'bbox_area': 256, 'r0': 0, 'c0': 0, 'r1': 15, 'c1': 15, 'largest_component': 2}, {'color': 5, 'count': 30, 'bbox_h': 16, 'bbox_w': 16, 'bbox_area': 256, 'r0': 0, 'c0': 0, 'r1': 15, 'c1': 15, 'largest_component': 2}, {'color': 6, 'count': 19, 'bbox_h': 12, 'bbox_w': 12, 'bbox_area': 144, 'r0': 2, 'c0': 2, 'r1': 13, 'c1': 13, 'largest_component': 1}, {'color': 7, 'count': 15, 'bbox_h': 16, 'bbox_w': 16, 'bbox_area': 256, 'r0': 0, 'c0': 0, 'r1': 15, 'c1': 15, 'largest_component': 2}, {'color': 8, 'count': 45, 'bbox_h': 16, 'bbox_w': 16, 'bbox_area': 256, 'r0': 0, 'c0': 0, 'r1': 15, 'c1': 15, 'largest_component': 6}, {'color': 9, 'count': 24, 'bbox_h': 16, 'bbox_w': 16, 'bbox_area': 256, 'r0': 0, 'c0': 0, 'r1': 15, 'c1': 15, 'largest_component': 1}]","['count_max_low', 'count_max_high', 'largest_component_max_low', 'largest_component_max_high', 'count_rank0']"
136,8,"[{'color': 1, 'count': 19, 'bbox_h': 12, 'bbox_w': 12, 'bbox_area': 144, 'r0': 2, 'c0': 2, 'r1': 13, 'c1': 13, 'largest_component': 4}, {'color': 2, 'count': 16, 'bbox_h': 16, 'bbox_w': 16, 'bbox_area': 256, 'r0': 0, 'c0': 0, 'r1': 15, 'c1': 15, 'largest_component': 1}, {'color': 3, 'count': 20, 'bbox_h': 14, 'bbox_w': 14, 'bbox_area': 196, 'r0': 1, 'c0': 1, 'r1': 14, 'c1': 14, 'largest_component': 2}, {'color': 4, 'count': 47, 'bbox_h': 16, 'bbox_w': 16, 'bbox_area': 256, 'r0': 0, 'c0': 0, 'r1': 15, 'c1': 15, 'largest_component': 3}, {'color': 5, 'count': 23, 'bbox_h': 16, 'bbox_w': 16, 'bbox_area': 256, 'r0': 0, 'c0': 0, 'r1': 15, 'c1': 15, 'largest_component': 1}, {'color': 6, 'count': 23, 'bbox_h': 16, 'bbox_w': 16, 'bbox_area': 256, 'r0': 0, 'c0': 0, 'r1': 15, 'c1': 15, 'largest_component': 2}, {'color': 7, 'count': 31, 'bbox_h': 16, 'bbox_w': 16, 'bbox_area': 256, 'r0': 0, 'c0': 0, 'r1': 15, 'c1': 15, 'largest_component': 1}, {'color': 8, 'count': 26, 'bbox_h': 16, 'bbox_w': 16, 'bbox_area': 256, 'r0': 0, 'c0': 0, 'r1': 15, 'c1': 15, 'largest_component': 2}, {'color': 9, 'count': 42, 'bbox_h': 16, 'bbox_w': 16, 'bbox_area': 256, 'r0': 0, 'c0': 0, 'r1': 15, 'c1': 15, 'largest_component': 3}]",['count_rank3']
137,6,"[{'color': 1, 'count': 19, 'bbox_h': 14, 'bbox_w': 14, 'bbox_area': 196, 'r0': 1, 'c0': 1, 'r1': 14, 'c1': 14, 'largest_component': 2}, {'color': 2, 'count': 15, 'bbox_h': 12, 'bbox_w': 12, 'bbox_area': 144, 'r0': 2, 'c0': 2, 'r1': 13, 'c1': 13, 'largest_component': 2}, {'color': 3, 'count': 23, 'bbox_h': 16, 'bbox_w': 16, 'bbox_area': 256, 'r0': 0, 'c0': 0, 'r1': 15, 'c1': 15, 'largest_component': 2}, {'color': 4, 'count': 31, 'bbox_h': 16, 'bbox_w': 16, 'bbox_area': 256, 'r0': 0, 'c0': 0, 'r1': 15, 'c1': 15, 'largest_component': 2}, {'color': 5, 'count': 39, 'bbox_h': 16, 'bbox_w': 16, 'bbox_area': 256, 'r0': 0, 'c0': 0, 'r1': 15, 'c1': 15, 'largest_component': 4}, {'color': 6, 'count': 33, 'bbox_h': 16, 'bbox_w': 16, 'bbox_area': 256, 'r0': 0, 'c0': 0, 'r1': 15, 'c1': 15, 'largest_component': 2}, {'color': 7, 'count': 28, 'bbox_h': 16, 'bbox_w': 16, 'bbox_area': 256, 'r0': 0, 'c0': 0, 'r1': 15, 'c1': 15, 'largest_component': 2}, {'color': 8, 'count': 27, 'bbox_h': 16, 'bbox_w': 16, 'bbox_area': 256, 'r0': 0, 'c0': 0, 'r1': 15, 'c1': 15, 'largest_component': 1}, {'color': 9, 'count': 32, 'bbox_h': 16, 'bbox_w': 16, 'bbox_area': 256, 'r0': 0, 'c0': 0, 'r1': 15, 'c1': 15, 'largest_component': 2}]","['count_rank1', 'area_rank3']"
138,8,"[{'color': 1, 'count': 24, 'bbox_h': 16, 'bbox_w': 16, 'bbox_area': 256, 'r0': 0, 'c0': 0, 'r1': 15, 'c1': 15, 'largest_component': 2}, {'color': 2, 'count': 16, 'bbox_h': 16, 'bbox_w': 16, 'bbox_area': 256, 'r0': 0, 'c0': 0, 'r1': 15, 'c1': 15, 'largest_component': 1}, {'color': 3, 'count': 34, 'bbox_h': 14, 'bbox_w': 14, 'bbox_area': 196, 'r0': 1, 'c0': 1, 'r1': 14, 'c1': 14, 'largest_component': 2}, {'color': 4, 'count': 15, 'bbox_h': 16, 'bbox_w': 16, 'bbox_area': 256, 'r0': 0, 'c0': 0, 'r1': 15, 'c1': 15, 'largest_component': 1}, {'color': 5, 'count': 51, 'bbox_h': 16, 'bbox_w': 16, 'bbox_area': 256, 'r0': 0, 'c0': 0, 'r1': 15, 'c1': 15, 'largest_component': 2}, {'color': 6, 'count': 20, 'bbox_h': 16, 'bbox_w': 16, 'bbox_area': 256, 'r0': 0, 'c0': 0, 'r1': 15, 'c1': 15, 'largest_component': 1}, {'color': 7, 'count': 23, 'bbox_h': 14, 'bbox_w': 14, 'bbox_area': 196, 'r0': 1, 'c0': 1, 'r1': 14, 'c1': 14, 'largest_component': 2}, {'color': 8, 'count': 48, 'bbox_h': 14, 'bbox_w': 14, 'bbox_area': 196, 'r0': 1, 'c0': 1, 'r1': 14, 'c1': 14, 'largest_component': 12}, {'color': 9, 'count': 16, 'bbox_h': 16, 'bbox_w': 16, 'bbox_area': 256, 'r0': 0, 'c0': 0, 'r1': 15, 'c1': 15, 'largest_component': 2}]","['bbox_h_min_high', 'bbox_w_min_high', 'bbox_area_min_high', 'r0_max_high', 'c0_max_high', 'r1_min_high', 'c1_min_high', 'largest_component_max_low', 'largest_component_max_high', 'count_rank1']"
139,3,"[{'color': 1, 'count': 31, 'bbox_h': 16, 'bbox_w': 16, 'bbox_area': 256, 'r0': 0, 'c0': 0, 'r1': 15, 'c1': 15, 'largest_component': 4}, {'color': 2, 'count': 14, 'bbox_h': 12, 'bbox_w': 12, 'bbox_area': 144, 'r0': 2, 'c0': 2, 'r1': 13, 'c1': 13, 'largest_component': 2}, {'color': 3, 'count': 62, 'bbox_h': 16, 'bbox_w': 16, 'bbox_area': 256, 'r0': 0, 'c0': 0, 'r1': 15, 'c1': 15, 'largest_component': 3}, {'color': 4, 'count': 27, 'bbox_h': 16, 'bbox_w': 16, 'bbox_area': 256, 'r0': 0, 'c0': 0, 'r1': 15, 'c1': 15, 'largest_component': 2}, {'color': 5, 'count': 27, 'bbox_h': 14, 'bbox_w': 14, 'bbox_area': 196, 'r0': 1, 'c0': 1, 'r1': 14, 'c1': 14, 'largest_component': 3}, {'color': 7, 'count': 27, 'bbox_h': 16, 'bbox_w': 16, 'bbox_area': 256, 'r0': 0, 'c0': 0, 'r1': 15, 'c1': 15, 'largest_component': 2}, {'color': 8, 'count': 43, 'bbox_h': 16, 'bbox_w': 16, 'bbox_area': 256, 'r0': 0, 'c0': 0, 'r1': 15, 'c1': 15, 'largest_component': 3}, {'color': 9, 'count': 16, 'bbox_h': 12, 'bbox_w': 12, 'bbox_area': 144, 'r0': 2, 'c0': 2, 'r1': 13, 'c1': 13, 'largest_component': 2}]","['count_max_low', 'count_max_high', 'count_rank0', 'area_rank1']"
140,9,"[{'color': 1, 'count': 43, 'bbox_h': 16, 'bbox_w': 16, 'bbox_area': 256, 'r0': 0, 'c0': 0, 'r1': 15, 'c1': 15, 'largest_component': 2}, {'color': 2, 'count': 19, 'bbox_h': 16, 'bbox_w': 16, 'bbox_area': 256, 'r0': 0, 'c0': 0, 'r1': 15, 'c1': 15, 'largest_component': 1}, {'color': 3, 'count': 16, 'bbox_h': 16, 'bbox_w': 16, 'bbox_area': 256, 'r0': 0, 'c0': 0, 'r1': 15, 'c1': 15, 'largest_component': 1}, {'color': 4, 'count': 24, 'bbox_h': 12, 'bbox_w': 12, 'bbox_area': 144, 'r0': 2, 'c0': 2, 'r1': 13, 'c1': 13, 'largest_component': 2}, {'color': 5, 'count': 35, 'bbox_h': 16, 'bbox_w': 16, 'bbox_area': 256, 'r0': 0, 'c0': 0, 'r1': 15, 'c1': 15, 'largest_component': 2}, {'color': 6, 'count': 4, 'bbox_h': 12, 'bbox_w': 12, 'bbox_area': 144, 'r0': 2, 'c0': 2, 'r1': 13, 'c1': 13, 'largest_component': 1}, {'color': 7, 'count': 38, 'bbox_h': 16, 'bbox_w': 16, 'bbox_area': 256, 'r0': 0, 'c0': 0, 'r1': 15, 'c1': 15, 'largest_component': 2}, {'color': 8, 'count': 28, 'bbox_h': 16, 'bbox_w': 16, 'bbox_area': 256, 'r0': 0, 'c0': 0, 'r1': 15, 'c1': 15, 'largest_component': 4}, {'color': 9, 'count': 40, 'bbox_h': 14, 'bbox_w': 14, 'bbox_area': 196, 'r0': 1, 'c0': 1, 'r1': 14, 'c1': 14, 'largest_component': 16}]","['largest_component_max_low', 'largest_component_max_high', 'count_rank1']"
141,3,"[{'color': 1, 'count': 24, 'bbox_h': 16, 'bbox_w': 16, 'bbox_area': 256, 'r0': 0, 'c0': 0, 'r1': 15, 'c1': 15, 'largest_component': 2}, {'color': 2, 'count': 20, 'bbox_h': 14, 'bbox_w': 14, 'bbox_area': 196, 'r0': 1, 'c0': 1, 'r1': 14, 'c1': 14, 'largest_component': 4}, {'color': 3, 'count': 52, 'bbox_h': 16, 'bbox_w': 16, 'bbox_area': 256, 'r0': 0, 'c0': 0, 'r1': 15, 'c1': 15, 'largest_component': 2}, {'color': 4, 'count': 40, 'bbox_h': 16, 'bbox_w': 16, 'bbox_area': 256, 'r0': 0, 'c0': 0, 'r1': 15, 'c1': 15, 'largest_component': 2}, {'color': 5, 'count': 20, 'bbox_h': 16, 'bbox_w': 16, 'bbox_area': 256, 'r0': 0, 'c0': 0, 'r1': 15, 'c1': 15, 'largest_component': 1}, {'color': 6, 'count': 20, 'bbox_h': 14, 'bbox_w': 14, 'bbox_area': 196, 'r0': 1, 'c0': 1, 'r1': 14, 'c1': 14, 'largest_component': 3}, {'color': 7, 'count': 39, 'bbox_h': 16, 'bbox_w': 16, 'bbox_area': 256, 'r0': 0, 'c0': 0, 'r1': 15, 'c1': 15, 'largest_component': 3}, {'color': 8, 'count': 18, 'bbox_h': 10, 'bbox_w': 10, 'bbox_area': 100, 'r0': 3, 'c0': 3, 'r1': 12, 'c1': 12, 'largest_component': 2}, {'color': 9, 'count': 14, 'bbox_h': 12, 'bbox_w': 12, 'bbox_area': 144, 'r0': 2, 'c0': 2, 'r1': 13, 'c1': 13, 'largest_component': 1}]","['count_max_low', 'count_max_high', 'count_rank0', 'area_rank1']"
142,7,"[{'color': 1, 'count': 8, 'bbox_h': 10, 'bbox_w': 10, 'bbox_area': 100, 'r0': 3, 'c0': 3, 'r1': 12, 'c1': 12, 'largest_component': 2}, {'color': 2, 'count': 23, 'bbox_h': 14, 'bbox_w': 14, 'bbox_area': 196, 'r0': 1, 'c0': 1, 'r1': 14, 'c1': 14, 'largest_component': 1}, {'color': 3, 'count': 22, 'bbox_h': 16, 'bbox_w': 16, 'bbox_area': 256, 'r0': 0, 'c0': 0, 'r1': 15, 'c1': 15, 'largest_component': 1}, {'color': 4, 'count': 56, 'bbox_h': 16, 'bbox_w': 16, 'bbox_area': 256, 'r0': 0, 'c0': 0, 'r1': 15, 'c1': 15, 'largest_component': 4}, {'color': 5, 'count': 42, 'bbox_h': 16, 'bbox_w': 16, 'bbox_area': 256, 'r0': 0, 'c0': 0, 'r1': 15, 'c1': 15, 'largest_component': 6}, {'color': 6, 'count': 20, 'bbox_h': 12, 'bbox_w': 12, 'bbox_area': 144, 'r0': 2, 'c0': 2, 'r1': 13, 'c1': 13, 'largest_component': 3}, {'color': 7, 'count': 37, 'bbox_h': 16, 'bbox_w': 16, 'bbox_area': 256, 'r0': 0, 'c0': 0, 'r1': 15, 'c1': 15, 'largest_component': 1}, {'color': 8, 'count': 16, 'bbox_h': 14, 'bbox_w': 14, 'bbox_area': 196, 'r0': 1, 'c0': 1, 'r1': 14, 'c1': 14, 'largest_component': 2}, {'color': 9, 'count': 23, 'bbox_h': 12, 'bbox_w': 12, 'bbox_area': 144, 'r0': 2, 'c0': 2, 'r1': 13, 'c1': 13, 'largest_component': 4}]","['bbox_h_max_high', 'bbox_w_max_high', 'bbox_area_max_high', 'r0_min_high', 'c0_min_high', 'r1_max_high', 'c1_max_high', 'largest_component_min_high', 'count_rank2', 'area_rank3']"
143,5,"[{'color': 1, 'count': 22, 'bbox_h': 16, 'bbox_w': 16, 'bbox_area': 256, 'r0': 0, 'c0': 0, 'r1': 15, 'c1': 15, 'largest_component': 2}, {'color': 3, 'count': 47, 'bbox_h': 16, 'bbox_w': 16, 'bbox_area': 256, 'r0': 0, 'c0': 0, 'r1': 15, 'c1': 15, 'largest_component': 2}, {'color': 4, 'count': 55, 'bbox_h': 16, 'bbox_w': 16, 'bbox_area': 256, 'r0': 0, 'c0': 0, 'r1': 15, 'c1': 15, 'largest_component': 4}, {'color': 5, 'count': 41, 'bbox_h': 16, 'bbox_w': 16, 'bbox_area': 256, 'r0': 0, 'c0': 0, 'r1': 15, 'c1': 15, 'largest_component': 4}, {'color': 6, 'count': 15, 'bbox_h': 14, 'bbox_w': 14, 'bbox_area': 196, 'r0': 1, 'c0': 1, 'r1': 14, 'c1': 14, 'largest_component': 1}, {'color': 7, 'count': 28, 'bbox_h': 16, 'bbox_w': 16, 'bbox_area': 256, 'r0': 0, 'c0': 0, 'r1': 15, 'c1': 15, 'largest_component': 12}, {'color': 8, 'count': 19, 'bbox_h': 14, 'bbox_w': 14, 'bbox_area': 196, 'r0': 1, 'c0': 1, 'r1': 14, 'c1': 14, 'largest_component': 1}, {'color': 9, 'count': 20, 'bbox_h': 16, 'bbox_w': 16, 'bbox_area': 256, 'r0': 0, 'c0': 0, 'r1': 15, 'c1': 15, 'largest_component': 1}]","['count_rank2', 'area_rank3']"
144,7,"[{'color': 1, 'count': 47, 'bbox_h': 16, 'bbox_w': 16, 'bbox_area': 256, 'r0': 0, 'c0': 0, 'r1': 15, 'c1': 15, 'largest_component': 3}, {'color': 2, 'count': 7, 'bbox_h': 6, 'bbox_w': 6, 'bbox_area': 36, 'r0': 5, 'c0': 5, 'r1': 10, 'c1': 10, 'largest_component': 1}, {'color': 3, 'count': 20, 'bbox_h': 14, 'bbox_w': 14, 'bbox_area': 196, 'r0': 1, 'c0': 1, 'r1': 14, 'c1': 14, 'largest_component': 3}, {'color': 4, 'count': 32, 'bbox_h': 16, 'bbox_w': 16, 'bbox_area': 256, 'r0': 0, 'c0': 0, 'r1': 15, 'c1': 15, 'largest_component': 2}, {'color': 5, 'count': 28, 'bbox_h': 16, 'bbox_w': 16, 'bbox_area': 256, 'r0': 0, 'c0': 0, 'r1': 15, 'c1': 15, 'largest_component': 4}, {'color': 6, 'count': 11, 'bbox_h': 8, 'bbox_w': 8, 'bbox_area': 64, 'r0': 4, 'c0': 4, 'r1': 11, 'c1': 11, 'largest_component': 2}, {'color': 7, 'count': 32, 'bbox_h': 16, 'bbox_w': 16, 'bbox_area': 256, 'r0': 0, 'c0': 0, 'r1': 15, 'c1': 15, 'largest_component': 5}, {'color': 8, 'count': 46, 'bbox_h': 16, 'bbox_w': 16, 'bbox_area': 256, 'r0': 0, 'c0': 0, 'r1': 15, 'c1': 15, 'largest_component': 4}, {'color': 9, 'count': 24, 'bbox_h': 16, 'bbox_w': 16, 'bbox_area': 256, 'r0': 0, 'c0': 0, 'r1': 15, 'c1': 15, 'largest_component': 2}]","['largest_component_max_low', 'largest_component_max_high', 'count_rank3', 'area_rank3']"
145,5,"[{'color': 1, 'count': 24, 'bbox_h': 16, 'bbox_w': 16, 'bbox_area': 256, 'r0': 0, 'c0': 0, 'r1': 15, 'c1': 15, 'largest_component': 2}, {'color': 2, 'count': 30, 'bbox_h': 16, 'bbox_w': 16, 'bbox_area': 256, 'r0': 0, 'c0': 0, 'r1': 15, 'c1': 15, 'largest_component': 4}, {'color': 3, 'count': 23, 'bbox_h': 16, 'bbox_w': 16, 'bbox_area': 256, 'r0': 0, 'c0': 0, 'r1': 15, 'c1': 15, 'largest_component': 1}, {'color': 4, 'count': 46, 'bbox_h': 16, 'bbox_w': 16, 'bbox_area': 256, 'r0': 0, 'c0': 0, 'r1': 15, 'c1': 15, 'largest_component': 2}, {'color': 5, 'count': 33, 'bbox_h': 14, 'bbox_w': 14, 'bbox_area': 196, 'r0': 1, 'c0': 1, 'r1': 14, 'c1': 14, 'largest_component': 2}, {'color': 6, 'count': 27, 'bbox_h': 16, 'bbox_w': 16, 'bbox_area': 256, 'r0': 0, 'c0': 0, 'r1': 15, 'c1': 15, 'largest_component': 2}, {'color': 7, 'count': 20, 'bbox_h': 14, 'bbox_w': 14, 'bbox_area': 196, 'r0': 1, 'c0': 1, 'r1': 14, 'c1': 14, 'largest_component': 2}, {'color': 8, 'count': 20, 'bbox_h': 16, 'bbox_w': 16, 'bbox_area': 256, 'r0': 0, 'c0': 0, 'r1': 15, 'c1': 15, 'largest_component': 2}, {'color': 9, 'count': 24, 'bbox_h': 14, 'bbox_w': 14, 'bbox_area': 196, 'r0': 1, 'c0': 1, 'r1': 14, 'c1': 14, 'largest_component': 2}]","['bbox_h_min_low', 'bbox_w_min_low', 'bbox_area_min_low', 'r0_max_low', 'c0_max_low', 'r1_min_low', 'c1_min_low', 'count_rank1']"
146,2,"[{'color': 1, 'count': 20, 'bbox_h': 16, 'bbox_w': 16, 'bbox_area': 256, 'r0': 0, 'c0': 0, 'r1': 15, 'c1': 15, 'largest_component': 2}, {'color': 2, 'count': 37, 'bbox_h': 16, 'bbox_w': 16, 'bbox_area': 256, 'r0': 0, 'c0': 0, 'r1': 15, 'c1': 15, 'largest_component': 1}, {'color': 3, 'count': 40, 'bbox_h': 16, 'bbox_w': 16, 'bbox_area': 256, 'r0': 0, 'c0': 0, 'r1': 15, 'c1': 15, 'largest_component': 6}, {'color': 4, 'count': 19, 'bbox_h': 14, 'bbox_w': 14, 'bbox_area': 196, 'r0': 1, 'c0': 1, 'r1': 14, 'c1': 14, 'largest_component': 1}, {'color': 5, 'count': 14, 'bbox_h': 16, 'bbox_w': 16, 'bbox_area': 256, 'r0': 0, 'c0': 0, 'r1': 15, 'c1': 15, 'largest_component': 1}, {'color': 6, 'count': 51, 'bbox_h': 16, 'bbox_w': 16, 'bbox_area': 256, 'r0': 0, 'c0': 0, 'r1': 15, 'c1': 15, 'largest_component': 4}, {'color': 7, 'count': 19, 'bbox_h': 16, 'bbox_w': 16, 'bbox_area': 256, 'r0': 0, 'c0': 0, 'r1': 15, 'c1': 15, 'largest_component': 1}, {'color': 8, 'count': 27, 'bbox_h': 14, 'bbox_w': 14, 'bbox_area': 196, 'r0': 1, 'c0': 1, 'r1': 14, 'c1': 14, 'largest_component': 12}, {'color': 9, 'count': 20, 'bbox_h': 16, 'bbox_w': 16, 'bbox_area': 256, 'r0': 0, 'c0': 0, 'r1': 15, 'c1': 15, 'largest_component': 2}]","['largest_component_min_low', 'count_rank2', 'area_rank1']"
147,7,"[{'color': 1, 'count': 39, 'bbox_h': 16, 'bbox_w': 16, 'bbox_area': 256, 'r0': 0, 'c0': 0, 'r1': 15, 'c1': 15, 'largest_component': 12}, {'color': 2, 'count': 16, 'bbox_h': 16, 'bbox_w': 16, 'bbox_area': 256, 'r0': 0, 'c0': 0, 'r1': 15, 'c1': 15, 'largest_component': 2}, {'color': 3, 'count': 26, 'bbox_h': 16, 'bbox_w': 16, 'bbox_area': 256, 'r0': 0, 'c0': 0, 'r1': 15, 'c1': 15, 'largest_component': 1}, {'color': 4, 'count': 8, 'bbox_h': 6, 'bbox_w': 6, 'bbox_area': 36, 'r0': 5, 'c0': 5, 'r1': 10, 'c1': 10, 'largest_component': 1}, {'color': 5, 'count': 31, 'bbox_h': 16, 'bbox_w': 16, 'bbox_area': 256, 'r0': 0, 'c0': 0, 'r1': 15, 'c1': 15, 'largest_component': 2}, {'color': 6, 'count': 51, 'bbox_h': 16, 'bbox_w': 16, 'bbox_area': 256, 'r0': 0, 'c0': 0, 'r1': 15, 'c1': 15, 'largest_component': 4}, {'color': 7, 'count': 49, 'bbox_h': 16, 'bbox_w': 16, 'bbox_area': 256, 'r0': 0, 'c0': 0, 'r1': 15, 'c1': 15, 'largest_component': 5}, {'color': 8, 'count': 12, 'bbox_h': 8, 'bbox_w': 8, 'bbox_area': 64, 'r0': 4, 'c0': 4, 'r1': 11, 'c1': 11, 'largest_component': 2}, {'color': 9, 'count': 15, 'bbox_h': 14, 'bbox_w': 14, 'bbox_area': 196, 'r0': 1, 'c0': 1, 'r1': 14, 'c1': 14, 'largest_component': 1}]","['bbox_h_max_high', 'bbox_w_max_high', 'bbox_area_max_high', 'r0_min_high', 'c0_min_high', 'r1_max_high', 'c1_max_high', 'count_rank1']"
148,9,"[{'color': 1, 'count': 16, 'bbox_h': 16, 'bbox_w': 16, 'bbox_area': 256, 'r0': 0, 'c0': 0, 'r1': 15, 'c1': 15, 'largest_component': 2}, {'color': 2, 'count': 19, 'bbox_h': 16, 'bbox_w': 16, 'bbox_area': 256, 'r0': 0, 'c0': 0, 'r1': 15, 'c1': 15, 'largest_component': 1}, {'color': 3, 'count': 35, 'bbox_h': 16, 'bbox_w': 16, 'bbox_area': 256, 'r0': 0, 'c0': 0, 'r1': 15, 'c1': 15, 'largest_component': 4}, {'color': 4, 'count': 20, 'bbox_h': 14, 'bbox_w': 14, 'bbox_area': 196, 'r0': 1, 'c0': 1, 'r1': 14, 'c1': 14, 'largest_component': 2}, {'color': 5, 'count': 46, 'bbox_h': 14, 'bbox_w': 14, 'bbox_area': 196, 'r0': 1, 'c0': 1, 'r1': 14, 'c1': 14, 'largest_component': 2}, {'color': 6, 'count': 15, 'bbox_h': 12, 'bbox_w': 12, 'bbox_area': 144, 'r0': 2, 'c0': 2, 'r1': 13, 'c1': 13, 'largest_component': 1}, {'color': 7, 'count': 24, 'bbox_h': 16, 'bbox_w': 16, 'bbox_area': 256, 'r0': 0, 'c0': 0, 'r1': 15, 'c1': 15, 'largest_component': 2}, {'color': 8, 'count': 54, 'bbox_h': 16, 'bbox_w': 16, 'bbox_area': 256, 'r0': 0, 'c0': 0, 'r1': 15, 'c1': 15, 'largest_component': 4}, {'color': 9, 'count': 18, 'bbox_h': 14, 'bbox_w': 14, 'bbox_area': 196, 'r0': 1, 'c0': 1, 'r1': 14, 'c1': 14, 'largest_component': 1}]",['largest_component_min_high']
149,1,"[{'color': 1, 'count': 38, 'bbox_h': 16, 'bbox_w': 16, 'bbox_area': 256, 'r0': 0, 'c0': 0, 'r1': 15, 'c1': 15, 'largest_component': 2}, {'color': 2, 'count': 31, 'bbox_h': 16, 'bbox_w': 16, 'bbox_area': 256, 'r0': 0, 'c0': 0, 'r1': 15, 'c1': 15, 'largest_component': 2}, {'color': 3, 'count': 31, 'bbox_h': 16, 'bbox_w': 16, 'bbox_area': 256, 'r0': 0, 'c0': 0, 'r1': 15, 'c1': 15, 'largest_component': 2}, {'color': 4, 'count': 27, 'bbox_h': 12, 'bbox_w': 12, 'bbox_area': 144, 'r0': 2, 'c0': 2, 'r1': 13, 'c1': 13, 'largest_component': 4}, {'color': 5, 'count': 30, 'bbox_h': 16, 'bbox_w': 16, 'bbox_area': 256, 'r0': 0, 'c0': 0, 'r1': 15, 'c1': 15, 'largest_component': 2}, {'color': 6, 'count': 11, 'bbox_h': 8, 'bbox_w': 8, 'bbox_area': 64, 'r0': 4, 'c0': 4, 'r1': 11, 'c1': 11, 'largest_component': 1}, {'color': 7, 'count': 16, 'bbox_h': 14, 'bbox_w': 14, 'bbox_area': 196, 'r0': 1, 'c0': 1, 'r1': 14, 'c1': 14, 'largest_component': 1}, {'color': 8, 'count': 8, 'bbox_h': 16, 'bbox_w': 16, 'bbox_area': 256, 'r0': 0, 'c0': 0, 'r1': 15, 'c1': 15, 'largest_component': 1}, {'color': 9, 'count': 55, 'bbox_h': 16, 'bbox_w': 16, 'bbox_area': 256, 'r0': 0, 'c0': 0, 'r1': 15, 'c1': 15, 'largest_component': 6}]","['bbox_h_max_low', 'bbox_w_max_low', 'bbox_area_max_low', 'r0_min_low', 'c0_min_low', 'r1_max_low', 'c1_max_low', 'count_rank1', 'area_rank0']"
150,2,"[{'color': 1, 'count': 31, 'bbox_h': 14, 'bbox_w': 14, 'bbox_area': 196, 'r0': 1, 'c0': 1, 'r1': 14, 'c1': 14, 'largest_component': 2}, {'color': 2, 'count': 26, 'bbox_h': 14, 'bbox_w': 14, 'bbox_area': 196, 'r0': 1, 'c0': 1, 'r1': 14, 'c1': 14, 'largest_component': 3}, {'color': 3, 'count': 38, 'bbox_h': 16, 'bbox_w': 16, 'bbox_area': 256, 'r0': 0, 'c0': 0, 'r1': 15, 'c1': 15, 'largest_component': 2}, {'color': 4, 'count': 12, 'bbox_h': 16, 'bbox_w': 16, 'bbox_area': 256, 'r0': 0, 'c0': 0, 'r1': 15, 'c1': 15, 'largest_component': 1}, {'color': 5, 'count': 20, 'bbox_h': 14, 'bbox_w': 14, 'bbox_area': 196, 'r0': 1, 'c0': 1, 'r1': 14, 'c1': 14, 'largest_component': 2}, {'color': 6, 'count': 27, 'bbox_h': 16, 'bbox_w': 16, 'bbox_area': 256, 'r0': 0, 'c0': 0, 'r1': 15, 'c1': 15, 'largest_component': 2}, {'color': 7, 'count': 47, 'bbox_h': 16, 'bbox_w': 16, 'bbox_area': 256, 'r0': 0, 'c0': 0, 'r1': 15, 'c1': 15, 'largest_component': 8}, {'color': 8, 'count': 19, 'bbox_h': 12, 'bbox_w': 12, 'bbox_area': 144, 'r0': 2, 'c0': 2, 'r1': 13, 'c1': 13, 'largest_component': 3}, {'color': 9, 'count': 27, 'bbox_h': 16, 'bbox_w': 16, 'bbox_area': 256, 'r0': 0, 'c0': 0, 'r1': 15, 'c1': 15, 'largest_component': 4}]",[]
151,7,"[{'color': 1, 'count': 28, 'bbox_h': 16, 'bbox_w': 16, 'bbox_area': 256, 'r0': 0, 'c0': 0, 'r1': 15, 'c1': 15, 'largest_component': 1}, {'color': 2, 'count': 30, 'bbox_h': 14, 'bbox_w': 14, 'bbox_area': 196, 'r0': 1, 'c0': 1, 'r1': 14, 'c1': 14, 'largest_component': 2}, {'color': 3, 'count': 7, 'bbox_h': 10, 'bbox_w': 10, 'bbox_area': 100, 'r0': 3, 'c0': 3, 'r1': 12, 'c1': 12, 'largest_component': 1}, {'color': 4, 'count': 8, 'bbox_h': 8, 'bbox_w': 8, 'bbox_area': 64, 'r0': 4, 'c0': 4, 'r1': 11, 'c1': 11, 'largest_component': 1}, {'color': 5, 'count': 27, 'bbox_h': 16, 'bbox_w': 16, 'bbox_area': 256, 'r0': 0, 'c0': 0, 'r1': 15, 'c1': 15, 'largest_component': 4}, {'color': 6, 'count': 38, 'bbox_h': 16, 'bbox_w': 16, 'bbox_area': 256, 'r0': 0, 'c0': 0, 'r1': 15, 'c1': 15, 'largest_component': 2}, {'color': 7, 'count': 49, 'bbox_h': 16, 'bbox_w': 16, 'bbox_area': 256, 'r0': 0, 'c0': 0, 'r1': 15, 'c1': 15, 'largest_component': 2}, {'color': 8, 'count': 36, 'bbox_h': 16, 'bbox_w': 16, 'bbox_area': 256, 'r0': 0, 'c0': 0, 'r1': 15, 'c1': 15, 'largest_component': 2}, {'color': 9, 'count': 24, 'bbox_h': 16, 'bbox_w': 16, 'bbox_area': 256, 'r0': 0, 'c0': 0, 'r1': 15, 'c1': 15, 'largest_component': 2}]","['count_max_low', 'count_max_high', 'count_rank0', 'area_rank3']"
152,1,"[{'color': 1, 'count': 50, 'bbox_h': 14, 'bbox_w': 14, 'bbox_area': 196, 'r0': 1, 'c0': 1, 'r1': 14, 'c1': 14, 'largest_component': 4}, {'color': 2, 'count': 47, 'bbox_h': 16, 'bbox_w': 16, 'bbox_area': 256, 'r0': 0, 'c0': 0, 'r1': 15, 'c1': 15, 'largest_component': 2}, {'color': 3, 'count': 15, 'bbox_h': 14, 'bbox_w': 14, 'bbox_area': 196, 'r0': 1, 'c0': 1, 'r1': 14, 'c1': 14, 'largest_component': 1}, {'color': 4, 'count': 34, 'bbox_h': 10, 'bbox_w': 10, 'bbox_area': 100, 'r0': 3, 'c0': 3, 'r1': 12, 'c1': 12, 'largest_component': 4}, {'color': 5, 'count': 15, 'bbox_h': 14, 'bbox_w': 14, 'bbox_area': 196, 'r0': 1, 'c0': 1, 'r1': 14, 'c1': 14, 'largest_component': 1}, {'color': 6, 'count': 7, 'bbox_h': 12, 'bbox_w': 12, 'bbox_area': 144, 'r0': 2, 'c0': 2, 'r1': 13, 'c1': 13, 'largest_component': 1}, {'color': 7, 'count': 40, 'bbox_h': 16, 'bbox_w': 16, 'bbox_area': 256, 'r0': 0, 'c0': 0, 'r1': 15, 'c1': 15, 'largest_component': 2}, {'color': 8, 'count': 35, 'bbox_h': 16, 'bbox_w': 16, 'bbox_area': 256, 'r0': 0, 'c0': 0, 'r1': 15, 'c1': 15, 'largest_component': 3}, {'color': 9, 'count': 4, 'bbox_h': 6, 'bbox_w': 6, 'bbox_area': 36, 'r0': 5, 'c0': 5, 'r1': 10, 'c1': 10, 'largest_component': 1}]","['count_max_low', 'count_max_high', 'largest_component_max_low', 'count_rank0', 'area_rank3']"
153,4,"[{'color': 1, 'count': 40, 'bbox_h': 16, 'bbox_w': 16, 'bbox_area': 256, 'r0': 0, 'c0': 0, 'r1': 15, 'c1': 15, 'largest_component': 2}, {'color': 2, 'count': 23, 'bbox_h': 12, 'bbox_w': 12, 'bbox_area': 144, 'r0': 2, 'c0': 2, 'r1': 13, 'c1': 13, 'largest_component': 2}, {'color': 3, 'count': 24, 'bbox_h': 16, 'bbox_w': 16, 'bbox_area': 256, 'r0': 0, 'c0': 0, 'r1': 15, 'c1': 15, 'largest_component': 1}, {'color': 4, 'count': 41, 'bbox_h': 16, 'bbox_w': 16, 'bbox_area': 256, 'r0': 0, 'c0': 0, 'r1': 15, 'c1': 15, 'largest_component': 4}, {'color': 5, 'count': 25, 'bbox_h': 14, 'bbox_w': 14, 'bbox_area': 196, 'r0': 1, 'c0': 1, 'r1': 14, 'c1': 14, 'largest_component': 3}, {'color': 6, 'count': 16, 'bbox_h': 16, 'bbox_w': 16, 'bbox_area': 256, 'r0': 0, 'c0': 0, 'r1': 15, 'c1': 15, 'largest_component': 2}, {'color': 7, 'count': 44, 'bbox_h': 16, 'bbox_w': 16, 'bbox_area': 256, 'r0': 0, 'c0': 0, 'r1': 15, 'c1': 15, 'largest_component': 3}, {'color': 8, 'count': 18, 'bbox_h': 16, 'bbox_w': 16, 'bbox_area': 256, 'r0': 0, 'c0': 0, 'r1': 15, 'c1': 15, 'largest_component': 2}, {'color': 9, 'count': 16, 'bbox_h': 10, 'bbox_w': 10, 'bbox_area': 100, 'r0': 3, 'c0': 3, 'r1': 12, 'c1': 12, 'largest_component': 2}]","['largest_component_max_low', 'largest_component_max_high', 'count_rank1', 'area_rank2']"
154,4,"[{'color': 1, 'count': 36, 'bbox_h': 16, 'bbox_w': 16, 'bbox_area': 256, 'r0': 0, 'c0': 0, 'r1': 15, 'c1': 15, 'largest_component': 12}, {'color': 2, 'count': 33, 'bbox_h': 14, 'bbox_w': 14, 'bbox_area': 196, 'r0': 1, 'c0': 1, 'r1': 14, 'c1': 14, 'largest_component': 2}, {'color': 3, 'count': 20, 'bbox_h': 16, 'bbox_w': 16, 'bbox_area': 256, 'r0': 0, 'c0': 0, 'r1': 15, 'c1': 15, 'largest_component': 4}, {'color': 4, 'count': 41, 'bbox_h': 16, 'bbox_w': 16, 'bbox_area': 256, 'r0': 0, 'c0': 0, 'r1': 15, 'c1': 15, 'largest_component': 5}, {'color': 5, 'count': 27, 'bbox_h': 16, 'bbox_w': 16, 'bbox_area': 256, 'r0': 0, 'c0': 0, 'r1': 15, 'c1': 15, 'largest_component': 1}, {'color': 6, 'count': 19, 'bbox_h': 12, 'bbox_w': 12, 'bbox_area': 144, 'r0': 2, 'c0': 2, 'r1': 13, 'c1': 13, 'largest_component': 1}, {'color': 7, 'count': 32, 'bbox_h': 16, 'bbox_w': 16, 'bbox_area': 256, 'r0': 0, 'c0': 0, 'r1': 15, 'c1': 15, 'largest_component': 2}, {'color': 9, 'count': 39, 'bbox_h': 14, 'bbox_w': 14, 'bbox_area': 196, 'r0': 1, 'c0': 1, 'r1': 14, 'c1': 14, 'largest_component': 4}]","['count_max_low', 'count_max_high', 'count_rank0', 'area_rank2']"
155,1,"[{'color': 1, 'count': 26, 'bbox_h': 14, 'bbox_w': 14, 'bbox_area': 196, 'r0': 1, 'c0': 1, 'r1': 14, 'c1': 14, 'largest_component': 3}, {'color': 2, 'count': 35, 'bbox_h': 16, 'bbox_w': 16, 'bbox_area': 256, 'r0': 0, 'c0': 0, 'r1': 15, 'c1': 15, 'largest_component': 3}, {'color': 3, 'count': 35, 'bbox_h': 16, 'bbox_w': 16, 'bbox_area': 256, 'r0': 0, 'c0': 0, 'r1': 15, 'c1': 15, 'largest_component': 12}, {'color': 4, 'count': 14, 'bbox_h': 14, 'bbox_w': 14, 'bbox_area': 196, 'r0': 1, 'c0': 1, 'r1': 14, 'c1': 14, 'largest_component': 1}, {'color': 5, 'count': 40, 'bbox_h': 16, 'bbox_w': 16, 'bbox_area': 256, 'r0': 0, 'c0': 0, 'r1': 15, 'c1': 15, 'largest_component': 2}, {'color': 6, 'count': 24, 'bbox_h': 16, 'bbox_w': 16, 'bbox_area': 256, 'r0': 0, 'c0': 0, 'r1': 15, 'c1': 15, 'largest_component': 2}, {'color': 7, 'count': 31, 'bbox_h': 16, 'bbox_w': 16, 'bbox_area': 256, 'r0': 0, 'c0': 0, 'r1': 15, 'c1': 15, 'largest_component': 4}, {'color': 8, 'count': 19, 'bbox_h': 14, 'bbox_w': 14, 'bbox_area': 196, 'r0': 1, 'c0': 1, 'r1': 14, 'c1': 14, 'largest_component': 1}, {'color': 9, 'count': 23, 'bbox_h': 16, 'bbox_w': 16, 'bbox_area': 256, 'r0': 0, 'c0': 0, 'r1': 15, 'c1': 15, 'largest_component': 2}]","['bbox_h_min_low', 'bbox_w_min_low', 'bbox_area_min_low', 'r0_max_low', 'c0_max_low', 'r1_min_low', 'c1_min_low', 'count_rank4']"
156,7,"[{'color': 1, 'count': 28, 'bbox_h': 16, 'bbox_w': 16, 'bbox_area': 256, 'r0': 0, 'c0': 0, 'r1': 15, 'c1': 15, 'largest_component': 2}, {'color': 2, 'count': 30, 'bbox_h': 12, 'bbox_w': 12, 'bbox_area': 144, 'r0': 2, 'c0': 2, 'r1': 13, 'c1': 13, 'largest_component': 2}, {'color': 3, 'count': 36, 'bbox_h': 16, 'bbox_w': 16, 'bbox_area': 256, 'r0': 0, 'c0': 0, 'r1': 15, 'c1': 15, 'largest_component': 1}, {'color': 4, 'count': 24, 'bbox_h': 16, 'bbox_w': 16, 'bbox_area': 256, 'r0': 0, 'c0': 0, 'r1': 15, 'c1': 15, 'largest_component': 1}, {'color': 5, 'count': 35, 'bbox_h': 16, 'bbox_w': 16, 'bbox_area': 256, 'r0': 0, 'c0': 0, 'r1': 15, 'c1': 15, 'largest_component': 3}, {'color': 6, 'count': 22, 'bbox_h': 12, 'bbox_w': 12, 'bbox_area': 144, 'r0': 2, 'c0': 2, 'r1': 13, 'c1': 13, 'largest_component': 4}, {'color': 7, 'count': 61, 'bbox_h': 16, 'bbox_w': 16, 'bbox_area': 256, 'r0': 0, 'c0': 0, 'r1': 15, 'c1': 15, 'largest_component': 8}, {'color': 8, 'count': 3, 'bbox_h': 6, 'bbox_w': 6, 'bbox_area': 36, 'r0': 5, 'c0': 5, 'r1': 10, 'c1': 10, 'largest_component': 1}, {'color': 9, 'count': 8, 'bbox_h': 12, 'bbox_w': 12, 'bbox_area': 144, 'r0': 2, 'c0': 2, 'r1': 13, 'c1': 13, 'largest_component': 1}]","['count_max_low', 'count_max_high', 'bbox_h_max_high', 'bbox_w_max_high', 'bbox_area_max_high', 'r0_min_high', 'c0_min_high', 'r1_max_high', 'c1_max_high', 'largest_component_max_low', 'largest_component_max_high', 'count_rank0', 'area_rank4']"
157,5,"[{'color': 1, 'count': 11, 'bbox_h': 14, 'bbox_w': 14, 'bbox_area': 196, 'r0': 1, 'c0': 1, 'r1': 14, 'c1': 14, 'largest_component': 1}, {'color': 2, 'count': 27, 'bbox_h': 16, 'bbox_w': 16, 'bbox_area': 256, 'r0': 0, 'c0': 0, 'r1': 15, 'c1': 15, 'largest_component': 1}, {'color': 3, 'count': 27, 'bbox_h': 16, 'bbox_w': 16, 'bbox_area': 256, 'r0': 0, 'c0': 0, 'r1': 15, 'c1': 15, 'largest_component': 3}, {'color': 4, 'count': 16, 'bbox_h': 16, 'bbox_w': 16, 'bbox_area': 256, 'r0': 0, 'c0': 0, 'r1': 15, 'c1': 15, 'largest_component': 1}, {'color': 5, 'count': 42, 'bbox_h': 16, 'bbox_w': 16, 'bbox_area': 256, 'r0': 0, 'c0': 0, 'r1': 15, 'c1': 15, 'largest_component': 4}, {'color': 6, 'count': 43, 'bbox_h': 14, 'bbox_w': 14, 'bbox_area': 196, 'r0': 1, 'c0': 1, 'r1': 14, 'c1': 14, 'largest_component': 3}, {'color': 7, 'count': 11, 'bbox_h': 14, 'bbox_w': 14, 'bbox_area': 196, 'r0': 1, 'c0': 1, 'r1': 14, 'c1': 14, 'largest_component': 1}, {'color': 8, 'count': 42, 'bbox_h': 16, 'bbox_w': 16, 'bbox_area': 256, 'r0': 0, 'c0': 0, 'r1': 15, 'c1': 15, 'largest_component': 4}, {'color': 9, 'count': 28, 'bbox_h': 12, 'bbox_w': 12, 'bbox_area': 144, 'r0': 2, 'c0': 2, 'r1': 13, 'c1': 13, 'largest_component': 12}]","['count_rank1', 'area_rank3']"
158,7,"[{'color': 1, 'count': 22, 'bbox_h': 16, 'bbox_w': 16, 'bbox_area': 256, 'r0': 0, 'c0': 0, 'r1': 15, 'c1': 15, 'largest_component': 2}, {'color': 2, 'count': 43, 'bbox_h': 14, 'bbox_w': 14, 'bbox_area': 196, 'r0': 1, 'c0': 1, 'r1': 14, 'c1': 14, 'largest_component': 4}, {'color': 3, 'count': 27, 'bbox_h': 8, 'bbox_w': 8, 'bbox_area': 64, 'r0': 4, 'c0': 4, 'r1': 11, 'c1': 11, 'largest_component': 20}, {'color': 4, 'count': 26, 'bbox_h': 16, 'bbox_w': 16, 'bbox_area': 256, 'r0': 0, 'c0': 0, 'r1': 15, 'c1': 15, 'largest_component': 1}, {'color': 5, 'count': 40, 'bbox_h': 16, 'bbox_w': 16, 'bbox_area': 256, 'r0': 0, 'c0': 0, 'r1': 15, 'c1': 15, 'largest_component': 6}, {'color': 6, 'count': 28, 'bbox_h': 16, 'bbox_w': 16, 'bbox_area': 256, 'r0': 0, 'c0': 0, 'r1': 15, 'c1': 15, 'largest_component': 4}, {'color': 7, 'count': 30, 'bbox_h': 14, 'bbox_w': 14, 'bbox_area': 196, 'r0': 1, 'c0': 1, 'r1': 14, 'c1': 14, 'largest_component': 2}, {'color': 8, 'count': 12, 'bbox_h': 14, 'bbox_w': 14, 'bbox_area': 196, 'r0': 1, 'c0': 1, 'r1': 14, 'c1': 14, 'largest_component': 4}, {'color': 9, 'count': 19, 'bbox_h': 16, 'bbox_w': 16, 'bbox_area': 256, 'r0': 0, 'c0': 0, 'r1': 15, 'c1': 15, 'largest_component': 1}]",['count_rank2']
159,9,"[{'color': 1, 'count': 24, 'bbox_h': 16, 'bbox_w': 16, 'bbox_area': 256, 'r0': 0, 'c0': 0, 'r1': 15, 'c1': 15, 'largest_component': 1}, {'color': 2, 'count': 31, 'bbox_h': 16, 'bbox_w': 16, 'bbox_area': 256, 'r0': 0, 'c0': 0, 'r1': 15, 'c1': 15, 'largest_component': 2}, {'color': 3, 'count': 4, 'bbox_h': 4, 'bbox_w': 4, 'bbox_area': 16, 'r0': 6, 'c0': 6, 'r1': 9, 'c1': 9, 'largest_component': 1}, {'color': 4, 'count': 22, 'bbox_h': 16, 'bbox_w': 16, 'bbox_area': 256, 'r0': 0, 'c0': 0, 'r1': 15, 'c1': 15, 'largest_component': 1}, {'color': 5, 'count': 16, 'bbox_h': 12, 'bbox_w': 12, 'bbox_area': 144, 'r0': 2, 'c0': 2, 'r1': 13, 'c1': 13, 'largest_component': 2}, {'color': 6, 'count': 48, 'bbox_h': 16, 'bbox_w': 16, 'bbox_area': 256, 'r0': 0, 'c0': 0, 'r1': 15, 'c1': 15, 'largest_component': 2}, {'color': 7, 'count': 50, 'bbox_h': 16, 'bbox_w': 16, 'bbox_area': 256, 'r0': 0, 'c0': 0, 'r1': 15, 'c1': 15, 'largest_component': 2}, {'color': 8, 'count': 11, 'bbox_h': 14, 'bbox_w': 14, 'bbox_area': 196, 'r0': 1, 'c0': 1, 'r1': 14, 'c1': 14, 'largest_component': 1}, {'color': 9, 'count': 41, 'bbox_h': 16, 'bbox_w': 16, 'bbox_area': 256, 'r0': 0, 'c0': 0, 'r1': 15, 'c1': 15, 'largest_component': 4}]","['bbox_h_max_high', 'bbox_w_max_high', 'bbox_area_max_high', 'r0_min_high', 'c0_min_high', 'r1_max_high', 'c1_max_high', 'largest_component_max_low', 'largest_component_max_high', 'count_rank2']"
160,2,"[{'color': 1, 'count': 23, 'bbox_h': 16, 'bbox_w': 16, 'bbox_area': 256, 'r0': 0, 'c0': 0, 'r1': 15, 'c1': 15, 'largest_component': 1}, {'color': 2, 'count': 41, 'bbox_h': 14, 'bbox_w': 14, 'bbox_area': 196, 'r0': 1, 'c0': 1, 'r1': 14, 'c1': 14, 'largest_component': 4}, {'color': 3, 'count': 15, 'bbox_h': 14, 'bbox_w': 14, 'bbox_area': 196, 'r0': 1, 'c0': 1, 'r1': 14, 'c1': 14, 'largest_component': 1}, {'color': 4, 'count': 15, 'bbox_h': 16, 'bbox_w': 16, 'bbox_area': 256, 'r0': 0, 'c0': 0, 'r1': 15, 'c1': 15, 'largest_component': 2}, {'color': 5, 'count': 30, 'bbox_h': 14, 'bbox_w': 14, 'bbox_area': 196, 'r0': 1, 'c0': 1, 'r1': 14, 'c1': 14, 'largest_component': 2}, {'color': 6, 'count': 32, 'bbox_h': 16, 'bbox_w': 16, 'bbox_area': 256, 'r0': 0, 'c0': 0, 'r1': 15, 'c1': 15, 'largest_component': 4}, {'color': 7, 'count': 31, 'bbox_h': 16, 'bbox_w': 16, 'bbox_area': 256, 'r0': 0, 'c0': 0, 'r1': 15, 'c1': 15, 'largest_component': 3}, {'color': 8, 'count': 16, 'bbox_h': 16, 'bbox_w': 16, 'bbox_area': 256, 'r0': 0, 'c0': 0, 'r1': 15, 'c1': 15, 'largest_component': 2}, {'color': 9, 'count': 44, 'bbox_h': 16, 'bbox_w': 16, 'bbox_area': 256, 'r0': 0, 'c0': 0, 'r1': 15, 'c1': 15, 'largest_component': 4}]","['bbox_h_min_low', 'bbox_w_min_low', 'bbox_area_min_low', 'r0_max_low', 'c0_max_low', 'r1_min_low', 'c1_min_low', 'largest_component_max_low', 'count_rank1']"
161,8,"[{'color': 1, 'count': 23, 'bbox_h': 16, 'bbox_w': 16, 'bbox_area': 256, 'r0': 0, 'c0': 0, 'r1': 15, 'c1': 15, 'largest_component': 2}, {'color': 2, 'count': 16, 'bbox_h': 16, 'bbox_w': 16, 'bbox_area': 256, 'r0': 0, 'c0': 0, 'r1': 15, 'c1': 15, 'largest_component': 1}, {'color': 3, 'count': 39, 'bbox_h': 16, 'bbox_w': 16, 'bbox_area': 256, 'r0': 0, 'c0': 0, 'r1': 15, 'c1': 15, 'largest_component': 2}, {'color': 4, 'count': 35, 'bbox_h': 14, 'bbox_w': 14, 'bbox_area': 196, 'r0': 1, 'c0': 1, 'r1': 14, 'c1': 14, 'largest_component': 2}, {'color': 5, 'count': 31, 'bbox_h': 14, 'bbox_w': 14, 'bbox_area': 196, 'r0': 1, 'c0': 1, 'r1': 14, 'c1': 14, 'largest_component': 2}, {'color': 6, 'count': 23, 'bbox_h': 16, 'bbox_w': 16, 'bbox_area': 256, 'r0': 0, 'c0': 0, 'r1': 15, 'c1': 15, 'largest_component': 4}, {'color': 7, 'count': 31, 'bbox_h': 14, 'bbox_w': 14, 'bbox_area': 196, 'r0': 1, 'c0': 1, 'r1': 14, 'c1': 14, 'largest_component': 2}, {'color': 8, 'count': 41, 'bbox_h': 16, 'bbox_w': 16, 'bbox_area': 256, 'r0': 0, 'c0': 0, 'r1': 15, 'c1': 15, 'largest_component': 2}, {'color': 9, 'count': 8, 'bbox_h': 16, 'bbox_w': 16, 'bbox_area': 256, 'r0': 0, 'c0': 0, 'r1': 15, 'c1': 15, 'largest_component': 1}]","['count_max_low', 'count_max_high', 'count_rank0', 'area_rank4']"
162,1,"[{'color': 1, 'count': 77, 'bbox_h': 16, 'bbox_w': 16, 'bbox_area': 256, 'r0': 0, 'c0': 0, 'r1': 15, 'c1': 15, 'largest_component': 6}, {'color': 2, 'count': 16, 'bbox_h': 16, 'bbox_w': 16, 'bbox_area': 256, 'r0': 0, 'c0': 0, 'r1': 15, 'c1': 15, 'largest_component': 12}, {'color': 3, 'count': 20, 'bbox_h': 16, 'bbox_w': 16, 'bbox_area': 256, 'r0': 0, 'c0': 0, 'r1': 15, 'c1': 15, 'largest_component': 2}, {'color': 4, 'count': 16, 'bbox_h': 16, 'bbox_w': 16, 'bbox_area': 256, 'r0': 0, 'c0': 0, 'r1': 15, 'c1': 15, 'largest_component': 1}, {'color': 5, 'count': 48, 'bbox_h': 16, 'bbox_w': 16, 'bbox_area': 256, 'r0': 0, 'c0': 0, 'r1': 15, 'c1': 15, 'largest_component': 4}, {'color': 6, 'count': 15, 'bbox_h': 16, 'bbox_w': 16, 'bbox_area': 256, 'r0': 0, 'c0': 0, 'r1': 15, 'c1': 15, 'largest_component': 1}, {'color': 7, 'count': 19, 'bbox_h': 16, 'bbox_w': 16, 'bbox_area': 256, 'r0': 0, 'c0': 0, 'r1': 15, 'c1': 15, 'largest_component': 1}, {'color': 8, 'count': 14, 'bbox_h': 8, 'bbox_w': 8, 'bbox_area': 64, 'r0': 4, 'c0': 4, 'r1': 11, 'c1': 11, 'largest_component': 2}, {'color': 9, 'count': 22, 'bbox_h': 14, 'bbox_w': 14, 'bbox_area': 196, 'r0': 1, 'c0': 1, 'r1': 14, 'c1': 14, 'largest_component': 4}]","['count_max_low', 'count_max_high', 'bbox_h_max_low', 'bbox_w_max_low', 'bbox_area_max_low', 'r0_min_low', 'c0_min_low', 'r1_max_low', 'c1_max_low', 'count_rank0', 'area_rank0']"
163,8,"[{'color': 1, 'count': 42, 'bbox_h': 14, 'bbox_w': 14, 'bbox_area': 196, 'r0': 1, 'c0': 1, 'r1': 14, 'c1': 14, 'largest_component': 12}, {'color': 2, 'count': 7, 'bbox_h': 16, 'bbox_w': 16, 'bbox_area': 256, 'r0': 0, 'c0': 0, 'r1': 15, 'c1': 15, 'largest_component': 1}, {'color': 3, 'count': 36, 'bbox_h': 14, 'bbox_w': 14, 'bbox_area': 196, 'r0': 1, 'c0': 1, 'r1': 14, 'c1': 14, 'largest_component': 2}, {'color': 4, 'count': 23, 'bbox_h': 16, 'bbox_w': 16, 'bbox_area': 256, 'r0': 0, 'c0': 0, 'r1': 15, 'c1': 15, 'largest_component': 2}, {'color': 5, 'count': 18, 'bbox_h': 16, 'bbox_w': 16, 'bbox_area': 256, 'r0': 0, 'c0': 0, 'r1': 15, 'c1': 15, 'largest_component': 2}, {'color': 6, 'count': 24, 'bbox_h': 10, 'bbox_w': 10, 'bbox_area': 100, 'r0': 3, 'c0': 3, 'r1': 12, 'c1': 12, 'largest_component': 1}, {'color': 7, 'count': 24, 'bbox_h': 16, 'bbox_w': 16, 'bbox_area': 256, 'r0': 0, 'c0': 0, 'r1': 15, 'c1': 15, 'largest_component': 1}, {'color': 8, 'count': 54, 'bbox_h': 16, 'bbox_w': 16, 'bbox_area': 256, 'r0': 0, 'c0': 0, 'r1': 15, 'c1': 15, 'largest_component': 2}, {'color': 9, 'count': 19, 'bbox_h': 16, 'bbox_w': 16, 'bbox_area': 256, 'r0': 0, 'c0': 0, 'r1': 15, 'c1': 15, 'largest_component': 2}]","['count_max_low', 'count_max_high', 'count_rank0', 'area_rank4']"
164,9,"[{'color': 1, 'count': 35, 'bbox_h': 16, 'bbox_w': 16, 'bbox_area': 256, 'r0': 0, 'c0': 0, 'r1': 15, 'c1': 15, 'largest_component': 3}, {'color': 2, 'count': 35, 'bbox_h': 16, 'bbox_w': 16, 'bbox_area': 256, 'r0': 0, 'c0': 0, 'r1': 15, 'c1': 15, 'largest_component': 3}, {'color': 3, 'count': 15, 'bbox_h': 16, 'bbox_w': 16, 'bbox_area': 256, 'r0': 0, 'c0': 0, 'r1': 15, 'c1': 15, 'largest_component': 1}, {'color': 4, 'count': 20, 'bbox_h': 14, 'bbox_w': 14, 'bbox_area': 196, 'r0': 1, 'c0': 1, 'r1': 14, 'c1': 14, 'largest_component': 2}, {'color': 5, 'count': 16, 'bbox_h': 16, 'bbox_w': 16, 'bbox_area': 256, 'r0': 0, 'c0': 0, 'r1': 15, 'c1': 15, 'largest_component': 2}, {'color': 6, 'count': 20, 'bbox_h': 16, 'bbox_w': 16, 'bbox_area': 256, 'r0': 0, 'c0': 0, 'r1': 15, 'c1': 15, 'largest_component': 4}, {'color': 7, 'count': 18, 'bbox_h': 14, 'bbox_w': 14, 'bbox_area': 196, 'r0': 1, 'c0': 1, 'r1': 14, 'c1': 14, 'largest_component': 2}, {'color': 8, 'count': 31, 'bbox_h': 14, 'bbox_w': 14, 'bbox_area': 196, 'r0': 1, 'c0': 1, 'r1': 14, 'c1': 14, 'largest_component': 2}, {'color': 9, 'count': 57, 'bbox_h': 14, 'bbox_w': 14, 'bbox_area': 196, 'r0': 1, 'c0': 1, 'r1': 14, 'c1': 14, 'largest_component': 4}]","['count_max_low', 'count_max_high', 'bbox_h_min_high', 'bbox_w_min_high', 'bbox_area_min_high', 'r0_max_high', 'c0_max_high', 'r1_min_high', 'c1_min_high', 'largest_component_max_high', 'count_rank0']"
165,3,"[{'color': 1, 'count': 20, 'bbox_h': 12, 'bbox_w': 12, 'bbox_area': 144, 'r0': 2, 'c0': 2, 'r1': 13, 'c1': 13, 'largest_component': 2}, {'color': 2, 'count': 15, 'bbox_h': 12, 'bbox_w': 12, 'bbox_area': 144, 'r0': 2, 'c0': 2, 'r1': 13, 'c1': 13, 'largest_component': 2}, {'color': 3, 'count': 34, 'bbox_h': 14, 'bbox_w': 14, 'bbox_area': 196, 'r0': 1, 'c0': 1, 'r1': 14, 'c1': 14, 'largest_component': 2}, {'color': 4, 'count': 39, 'bbox_h': 16, 'bbox_w': 16, 'bbox_area': 256, 'r0': 0, 'c0': 0, 'r1': 15, 'c1': 15, 'largest_component': 2}, {'color': 5, 'count': 27, 'bbox_h': 16, 'bbox_w': 16, 'bbox_area': 256, 'r0': 0, 'c0': 0, 'r1': 15, 'c1': 15, 'largest_component': 1}, {'color': 6, 'count': 35, 'bbox_h': 16, 'bbox_w': 16, 'bbox_area': 256, 'r0': 0, 'c0': 0, 'r1': 15, 'c1': 15, 'largest_component': 4}, {'color': 7, 'count': 32, 'bbox_h': 14, 'bbox_w': 14, 'bbox_area': 196, 'r0': 1, 'c0': 1, 'r1': 14, 'c1': 14, 'largest_component': 2}, {'color': 8, 'count': 34, 'bbox_h': 16, 'bbox_w': 16, 'bbox_area': 256, 'r0': 0, 'c0': 0, 'r1': 15, 'c1': 15, 'largest_component': 2}, {'color': 9, 'count': 11, 'bbox_h': 16, 'bbox_w': 16, 'bbox_area': 256, 'r0': 0, 'c0': 0, 'r1': 15, 'c1': 15, 'largest_component': 1}]",['count_rank2']
166,3,"[{'color': 1, 'count': 31, 'bbox_h': 16, 'bbox_w': 16, 'bbox_area': 256, 'r0': 0, 'c0': 0, 'r1': 15, 'c1': 15, 'largest_component': 4}, {'color': 2, 'count': 20, 'bbox_h': 16, 'bbox_w': 16, 'bbox_area': 256, 'r0': 0, 'c0': 0, 'r1': 15, 'c1': 15, 'largest_component': 1}, {'color': 3, 'count': 30, 'bbox_h': 16, 'bbox_w': 16, 'bbox_area': 256, 'r0': 0, 'c0': 0, 'r1': 15, 'c1': 15, 'largest_component': 3}, {'color': 4, 'count': 30, 'bbox_h': 14, 'bbox_w': 14, 'bbox_area': 196, 'r0': 1, 'c0': 1, 'r1': 14, 'c1': 14, 'largest_component': 2}, {'color': 5, 'count': 35, 'bbox_h': 14, 'bbox_w': 14, 'bbox_area': 196, 'r0': 1, 'c0': 1, 'r1': 14, 'c1': 14, 'largest_component': 3}, {'color': 6, 'count': 27, 'bbox_h': 12, 'bbox_w': 12, 'bbox_area': 144, 'r0': 2, 'c0': 2, 'r1': 13, 'c1': 13, 'largest_component': 4}, {'color': 7, 'count': 15, 'bbox_h': 16, 'bbox_w': 16, 'bbox_area': 256, 'r0': 0, 'c0': 0, 'r1': 15, 'c1': 15, 'largest_component': 2}, {'color': 8, 'count': 27, 'bbox_h': 12, 'bbox_w': 12, 'bbox_area': 144, 'r0': 2, 'c0': 2, 'r1': 13, 'c1': 13, 'largest_component': 4}, {'color': 9, 'count': 32, 'bbox_h': 16, 'bbox_w': 16, 'bbox_area': 256, 'r0': 0, 'c0': 0, 'r1': 15, 'c1': 15, 'largest_component': 3}]","['count_rank3', 'area_rank2']"
167,1,"[{'color': 1, 'count': 33, 'bbox_h': 16, 'bbox_w': 16, 'bbox_area': 256, 'r0': 0, 'c0': 0, 'r1': 15, 'c1': 15, 'largest_component': 4}, {'color': 2, 'count': 4, 'bbox_h': 14, 'bbox_w': 14, 'bbox_area': 196, 'r0': 1, 'c0': 1, 'r1': 14, 'c1': 14, 'largest_component': 1}, {'color': 3, 'count': 39, 'bbox_h': 16, 'bbox_w': 16, 'bbox_area': 256, 'r0': 0, 'c0': 0, 'r1': 15, 'c1': 15, 'largest_component': 2}, {'color': 4, 'count': 39, 'bbox_h': 16, 'bbox_w': 16, 'bbox_area': 256, 'r0': 0, 'c0': 0, 'r1': 15, 'c1': 15, 'largest_component': 6}, {'color': 5, 'count': 8, 'bbox_h': 16, 'bbox_w': 16, 'bbox_area': 256, 'r0': 0, 'c0': 0, 'r1': 15, 'c1': 15, 'largest_component': 1}, {'color': 6, 'count': 47, 'bbox_h': 16, 'bbox_w': 16, 'bbox_area': 256, 'r0': 0, 'c0': 0, 'r1': 15, 'c1': 15, 'largest_component': 24}, {'color': 7, 'count': 30, 'bbox_h': 14, 'bbox_w': 14, 'bbox_area': 196, 'r0': 1, 'c0': 1, 'r1': 14, 'c1': 14, 'largest_component': 2}, {'color': 8, 'count': 39, 'bbox_h': 16, 'bbox_w': 16, 'bbox_area': 256, 'r0': 0, 'c0': 0, 'r1': 15, 'c1': 15, 'largest_component': 4}, {'color': 9, 'count': 8, 'bbox_h': 14, 'bbox_w': 14, 'bbox_area': 196, 'r0': 1, 'c0': 1, 'r1': 14, 'c1': 14, 'largest_component': 1}]","['bbox_h_max_low', 'bbox_w_max_low', 'bbox_area_max_low', 'r0_min_low', 'c0_min_low', 'r1_max_low', 'c1_max_low', 'count_rank4', 'area_rank0']"
168,6,"[{'color': 1, 'count': 31, 'bbox_h': 12, 'bbox_w': 12, 'bbox_area': 144, 'r0': 2, 'c0': 2, 'r1': 13, 'c1': 13, 'largest_component': 2}, {'color': 2, 'count': 22, 'bbox_h': 16, 'bbox_w': 16, 'bbox_area': 256, 'r0': 0, 'c0': 0, 'r1': 15, 'c1': 15, 'largest_component': 1}, {'color': 3, 'count': 31, 'bbox_h': 12, 'bbox_w': 12, 'bbox_area': 144, 'r0': 2, 'c0': 2, 'r1': 13, 'c1': 13, 'largest_component': 5}, {'color': 4, 'count': 38, 'bbox_h': 16, 'bbox_w': 16, 'bbox_area': 256, 'r0': 0, 'c0': 0, 'r1': 15, 'c1': 15, 'largest_component': 2}, {'color': 5, 'count': 20, 'bbox_h': 16, 'bbox_w': 16, 'bbox_area': 256, 'r0': 0, 'c0': 0, 'r1': 15, 'c1': 15, 'largest_component': 1}, {'color': 6, 'count': 38, 'bbox_h': 16, 'bbox_w': 16, 'bbox_area': 256, 'r0': 0, 'c0': 0, 'r1': 15, 'c1': 15, 'largest_component': 4}, {'color': 7, 'count': 11, 'bbox_h': 16, 'bbox_w': 16, 'bbox_area': 256, 'r0': 0, 'c0': 0, 'r1': 15, 'c1': 15, 'largest_component': 4}, {'color': 8, 'count': 16, 'bbox_h': 14, 'bbox_w': 14, 'bbox_area': 196, 'r0': 1, 'c0': 1, 'r1': 14, 'c1': 14, 'largest_component': 1}, {'color': 9, 'count': 40, 'bbox_h': 16, 'bbox_w': 16, 'bbox_area': 256, 'r0': 0, 'c0': 0, 'r1': 15, 'c1': 15, 'largest_component': 2}]","['count_rank2', 'area_rank3']"
169,9,"[{'color': 1, 'count': 28, 'bbox_h': 16, 'bbox_w': 16, 'bbox_area': 256, 'r0': 0, 'c0': 0, 'r1': 15, 'c1': 15, 'largest_component': 2}, {'color': 2, 'count': 8, 'bbox_h': 10, 'bbox_w': 10, 'bbox_area': 100, 'r0': 3, 'c0': 3, 'r1': 12, 'c1': 12, 'largest_component': 2}, {'color': 3, 'count': 4, 'bbox_h': 10, 'bbox_w': 10, 'bbox_area': 100, 'r0': 3, 'c0': 3, 'r1': 12, 'c1': 12, 'largest_component': 1}, {'color': 4, 'count': 23, 'bbox_h': 16, 'bbox_w': 16, 'bbox_area': 256, 'r0': 0, 'c0': 0, 'r1': 15, 'c1': 15, 'largest_component': 4}, {'color': 5, 'count': 31, 'bbox_h': 16, 'bbox_w': 16, 'bbox_area': 256, 'r0': 0, 'c0': 0, 'r1': 15, 'c1': 15, 'largest_component': 2}, {'color': 6, 'count': 26, 'bbox_h': 14, 'bbox_w': 14, 'bbox_area': 196, 'r0': 1, 'c0': 1, 'r1': 14, 'c1': 14, 'largest_component': 3}, {'color': 7, 'count': 50, 'bbox_h': 16, 'bbox_w': 16, 'bbox_area': 256, 'r0': 0, 'c0': 0, 'r1': 15, 'c1': 15, 'largest_component': 2}, {'color': 8, 'count': 24, 'bbox_h': 16, 'bbox_w': 16, 'bbox_area': 256, 'r0': 0, 'c0': 0, 'r1': 15, 'c1': 15, 'largest_component': 2}, {'color': 9, 'count': 53, 'bbox_h': 16, 'bbox_w': 16, 'bbox_area': 256, 'r0': 0, 'c0': 0, 'r1': 15, 'c1': 15, 'largest_component': 4}]","['count_max_low', 'count_max_high', 'bbox_h_max_high', 'bbox_w_max_high', 'bbox_area_max_high', 'r0_min_high', 'c0_min_high', 'r1_max_high', 'c1_max_high', 'largest_component_max_high', 'count_rank0']"
170,4,"[{'color': 1, 'count': 12, 'bbox_h': 16, 'bbox_w': 16, 'bbox_area': 256, 'r0': 0, 'c0': 0, 'r1': 15, 'c1': 15, 'largest_component': 4}, {'color': 2, 'count': 20, 'bbox_h': 16, 'bbox_w': 16, 'bbox_area': 256, 'r0': 0, 'c0': 0, 'r1': 15, 'c1': 15, 'largest_component': 1}, {'color': 3, 'count': 32, 'bbox_h': 16, 'bbox_w': 16, 'bbox_area': 256, 'r0': 0, 'c0': 0, 'r1': 15, 'c1': 15, 'largest_component': 4}, {'color': 4, 'count': 45, 'bbox_h': 16, 'bbox_w': 16, 'bbox_area': 256, 'r0': 0, 'c0': 0, 'r1': 15, 'c1': 15, 'largest_component': 3}, {'color': 5, 'count': 34, 'bbox_h': 16, 'bbox_w': 16, 'bbox_area': 256, 'r0': 0, 'c0': 0, 'r1': 15, 'c1': 15, 'largest_component': 1}, {'color': 6, 'count': 16, 'bbox_h': 16, 'bbox_w': 16, 'bbox_area': 256, 'r0': 0, 'c0': 0, 'r1': 15, 'c1': 15, 'largest_component': 1}, {'color': 7, 'count': 30, 'bbox_h': 14, 'bbox_w': 14, 'bbox_area': 196, 'r0': 1, 'c0': 1, 'r1': 14, 'c1': 14, 'largest_component': 2}, {'color': 8, 'count': 27, 'bbox_h': 16, 'bbox_w': 16, 'bbox_area': 256, 'r0': 0, 'c0': 0, 'r1': 15, 'c1': 15, 'largest_component': 1}, {'color': 9, 'count': 31, 'bbox_h': 14, 'bbox_w': 14, 'bbox_area': 196, 'r0': 1, 'c0': 1, 'r1': 14, 'c1': 14, 'largest_component': 2}]","['count_max_low', 'count_max_high', 'count_rank0', 'area_rank3']"
171,8,"[{'color': 1, 'count': 11, 'bbox_h': 16, 'bbox_w': 16, 'bbox_area': 256, 'r0': 0, 'c0': 0, 'r1': 15, 'c1': 15, 'largest_component': 1}, {'color': 2, 'count': 24, 'bbox_h': 16, 'bbox_w': 16, 'bbox_area': 256, 'r0': 0, 'c0': 0, 'r1': 15, 'c1': 15, 'largest_component': 1}, {'color': 3, 'count': 39, 'bbox_h': 16, 'bbox_w': 16, 'bbox_area': 256, 'r0': 0, 'c0': 0, 'r1': 15, 'c1': 15, 'largest_component': 2}, {'color': 4, 'count': 42, 'bbox_h': 16, 'bbox_w': 16, 'bbox_area': 256, 'r0': 0, 'c0': 0, 'r1': 15, 'c1': 15, 'largest_component': 4}, {'color': 5, 'count': 15, 'bbox_h': 14, 'bbox_w': 14, 'bbox_area': 196, 'r0': 1, 'c0': 1, 'r1': 14, 'c1': 14, 'largest_component': 1}, {'color': 6, 'count': 32, 'bbox_h': 16, 'bbox_w': 16, 'bbox_area': 256, 'r0': 0, 'c0': 0, 'r1': 15, 'c1': 15, 'largest_component': 2}, {'color': 7, 'count': 24, 'bbox_h': 16, 'bbox_w': 16, 'bbox_area': 256, 'r0': 0, 'c0': 0, 'r1': 15, 'c1': 15, 'largest_component': 2}, {'color': 8, 'count': 26, 'bbox_h': 16, 'bbox_w': 16, 'bbox_area': 256, 'r0': 0, 'c0': 0, 'r1': 15, 'c1': 15, 'largest_component': 1}, {'color': 9, 'count': 34, 'bbox_h': 14, 'bbox_w': 14, 'bbox_area': 196, 'r0': 1, 'c0': 1, 'r1': 14, 'c1': 14, 'largest_component': 2}]","['bbox_h_max_high', 'bbox_w_max_high', 'bbox_area_max_high', 'r0_min_high', 'c0_min_high', 'r1_max_high', 'c1_max_high', 'largest_component_min_high', 'count_rank4']"
172,3,"[{'color': 1, 'count': 40, 'bbox_h': 16, 'bbox_w': 16, 'bbox_area': 256, 'r0': 0, 'c0': 0, 'r1': 15, 'c1': 15, 'largest_component': 3}, {'color': 2, 'count': 24, 'bbox_h': 14, 'bbox_w': 14, 'bbox_area': 196, 'r0': 1, 'c0': 1, 'r1': 14, 'c1': 14, 'largest_component': 2}, {'color': 3, 'count': 49, 'bbox_h': 16, 'bbox_w': 16, 'bbox_area': 256, 'r0': 0, 'c0': 0, 'r1': 15, 'c1': 15, 'largest_component': 2}, {'color': 4, 'count': 23, 'bbox_h': 16, 'bbox_w': 16, 'bbox_area': 256, 'r0': 0, 'c0': 0, 'r1': 15, 'c1': 15, 'largest_component': 2}, {'color': 5, 'count': 12, 'bbox_h': 16, 'bbox_w': 16, 'bbox_area': 256, 'r0': 0, 'c0': 0, 'r1': 15, 'c1': 15, 'largest_component': 4}, {'color': 6, 'count': 19, 'bbox_h': 14, 'bbox_w': 14, 'bbox_area': 196, 'r0': 1, 'c0': 1, 'r1': 14, 'c1': 14, 'largest_component': 1}, {'color': 7, 'count': 24, 'bbox_h': 16, 'bbox_w': 16, 'bbox_area': 256, 'r0': 0, 'c0': 0, 'r1': 15, 'c1': 15, 'largest_component': 2}, {'color': 8, 'count': 35, 'bbox_h': 16, 'bbox_w': 16, 'bbox_area': 256, 'r0': 0, 'c0': 0, 'r1': 15, 'c1': 15, 'largest_component': 2}, {'color': 9, 'count': 21, 'bbox_h': 16, 'bbox_w': 16, 'bbox_area': 256, 'r0': 0, 'c0': 0, 'r1': 15, 'c1': 15, 'largest_component': 2}]","['count_max_low', 'count_max_high', 'count_rank0', 'area_rank1']"
173,4,"[{'color': 1, 'count': 43, 'bbox_h': 16, 'bbox_w': 16, 'bbox_area': 256, 'r0': 0, 'c0': 0, 'r1': 15, 'c1': 15, 'largest_component': 2}, {'color': 2, 'count': 31, 'bbox_h': 16, 'bbox_w': 16, 'bbox_area': 256, 'r0': 0, 'c0': 0, 'r1': 15, 'c1': 15, 'largest_component': 2}, {'color': 3, 'count': 20, 'bbox_h': 16, 'bbox_w': 16, 'bbox_area': 256, 'r0': 0, 'c0': 0, 'r1': 15, 'c1': 15, 'largest_component': 1}, {'color': 4, 'count': 26, 'bbox_h': 14, 'bbox_w': 14, 'bbox_area': 196, 'r0': 1, 'c0': 1, 'r1': 14, 'c1': 14, 'largest_component': 3}, {'color': 5, 'count': 35, 'bbox_h': 16, 'bbox_w': 16, 'bbox_area': 256, 'r0': 0, 'c0': 0, 'r1': 15, 'c1': 15, 'largest_component': 4}, {'color': 6, 'count': 27, 'bbox_h': 16, 'bbox_w': 16, 'bbox_area': 256, 'r0': 0, 'c0': 0, 'r1': 15, 'c1': 15, 'largest_component': 4}, {'color': 7, 'count': 34, 'bbox_h': 16, 'bbox_w': 16, 'bbox_area': 256, 'r0': 0, 'c0': 0, 'r1': 15, 'c1': 15, 'largest_component': 2}, {'color': 8, 'count': 8, 'bbox_h': 14, 'bbox_w': 14, 'bbox_area': 196, 'r0': 1, 'c0': 1, 'r1': 14, 'c1': 14, 'largest_component': 1}, {'color': 9, 'count': 23, 'bbox_h': 16, 'bbox_w': 16, 'bbox_area': 256, 'r0': 0, 'c0': 0, 'r1': 15, 'c1': 15, 'largest_component': 1}]","['bbox_h_min_low', 'bbox_w_min_low', 'bbox_area_min_low', 'r0_max_low', 'c0_max_low', 'r1_min_low', 'c1_min_low']"
174,6,"[{'color': 1, 'count': 15, 'bbox_h': 12, 'bbox_w': 12, 'bbox_area': 144, 'r0': 2, 'c0': 2, 'r1': 13, 'c1': 13, 'largest_component': 1}, {'color': 2, 'count': 43, 'bbox_h': 16, 'bbox_w': 16, 'bbox_area': 256, 'r0': 0, 'c0': 0, 'r1': 15, 'c1': 15, 'largest_component': 2}, {'color': 3, 'count': 23, 'bbox_h': 14, 'bbox_w': 14, 'bbox_area': 196, 'r0': 1, 'c0': 1, 'r1': 14, 'c1': 14, 'largest_component': 3}, {'color': 4, 'count': 22, 'bbox_h': 14, 'bbox_w': 14, 'bbox_area': 196, 'r0': 1, 'c0': 1, 'r1': 14, 'c1': 14, 'largest_component': 2}, {'color': 5, 'count': 27, 'bbox_h': 14, 'bbox_w': 14, 'bbox_area': 196, 'r0': 1, 'c0': 1, 'r1': 14, 'c1': 14, 'largest_component': 4}, {'color': 6, 'count': 45, 'bbox_h': 16, 'bbox_w': 16, 'bbox_area': 256, 'r0': 0, 'c0': 0, 'r1': 15, 'c1': 15, 'largest_component': 2}, {'color': 7, 'count': 32, 'bbox_h': 16, 'bbox_w': 16, 'bbox_area': 256, 'r0': 0, 'c0': 0, 'r1': 15, 'c1': 15, 'largest_component': 1}, {'color': 8, 'count': 32, 'bbox_h': 12, 'bbox_w': 12, 'bbox_area': 144, 'r0': 2, 'c0': 2, 'r1': 13, 'c1': 13, 'largest_component': 2}, {'color': 9, 'count': 8, 'bbox_h': 6, 'bbox_w': 6, 'bbox_area': 36, 'r0': 5, 'c0': 5, 'r1': 10, 'c1': 10, 'largest_component': 1}]","['count_max_low', 'count_max_high', 'count_rank0', 'area_rank1']"
175,3,"[{'color': 1, 'count': 20, 'bbox_h': 16, 'bbox_w': 16, 'bbox_area': 256, 'r0': 0, 'c0': 0, 'r1': 15, 'c1': 15, 'largest_component': 2}, {'color': 2, 'count': 24, 'bbox_h': 12, 'bbox_w': 12, 'bbox_area': 144, 'r0': 2, 'c0': 2, 'r1': 13, 'c1': 13, 'largest_component': 4}, {'color': 3, 'count': 30, 'bbox_h': 16, 'bbox_w': 16, 'bbox_area': 256, 'r0': 0, 'c0': 0, 'r1': 15, 'c1': 15, 'largest_component': 2}, {'color': 4, 'count': 62, 'bbox_h': 16, 'bbox_w': 16, 'bbox_area': 256, 'r0': 0, 'c0': 0, 'r1': 15, 'c1': 15, 'largest_component': 6}, {'color': 6, 'count': 26, 'bbox_h': 16, 'bbox_w': 16, 'bbox_area': 256, 'r0': 0, 'c0': 0, 'r1': 15, 'c1': 15, 'largest_component': 2}, {'color': 7, 'count': 30, 'bbox_h': 16, 'bbox_w': 16, 'bbox_area': 256, 'r0': 0, 'c0': 0, 'r1': 15, 'c1': 15, 'largest_component': 2}, {'color': 8, 'count': 16, 'bbox_h': 16, 'bbox_w': 16, 'bbox_area': 256, 'r0': 0, 'c0': 0, 'r1': 15, 'c1': 15, 'largest_component': 1}, {'color': 9, 'count': 39, 'bbox_h': 14, 'bbox_w': 14, 'bbox_area': 196, 'r0': 1, 'c0': 1, 'r1': 14, 'c1': 14, 'largest_component': 6}]","['count_rank2', 'area_rank1']"
176,8,"[{'color': 1, 'count': 32, 'bbox_h': 16, 'bbox_w': 16, 'bbox_area': 256, 'r0': 0, 'c0': 0, 'r1': 15, 'c1': 15, 'largest_component': 4}, {'color': 2, 'count': 15, 'bbox_h': 16, 'bbox_w': 16, 'bbox_area': 256, 'r0': 0, 'c0': 0, 'r1': 15, 'c1': 15, 'largest_component': 2}, {'color': 3, 'count': 15, 'bbox_h': 16, 'bbox_w': 16, 'bbox_area': 256, 'r0': 0, 'c0': 0, 'r1': 15, 'c1': 15, 'largest_component': 2}, {'color': 4, 'count': 19, 'bbox_h': 14, 'bbox_w': 14, 'bbox_area': 196, 'r0': 1, 'c0': 1, 'r1': 14, 'c1': 14, 'largest_component': 4}, {'color': 5, 'count': 63, 'bbox_h': 16, 'bbox_w': 16, 'bbox_area': 256, 'r0': 0, 'c0': 0, 'r1': 15, 'c1': 15, 'largest_component': 3}, {'color': 6, 'count': 28, 'bbox_h': 16, 'bbox_w': 16, 'bbox_area': 256, 'r0': 0, 'c0': 0, 'r1': 15, 'c1': 15, 'largest_component': 5}, {'color': 7, 'count': 31, 'bbox_h': 14, 'bbox_w': 14, 'bbox_area': 196, 'r0': 1, 'c0': 1, 'r1': 14, 'c1': 14, 'largest_component': 2}, {'color': 8, 'count': 29, 'bbox_h': 16, 'bbox_w': 16, 'bbox_area': 256, 'r0': 0, 'c0': 0, 'r1': 15, 'c1': 15, 'largest_component': 2}, {'color': 9, 'count': 15, 'bbox_h': 12, 'bbox_w': 12, 'bbox_area': 144, 'r0': 2, 'c0': 2, 'r1': 13, 'c1': 13, 'largest_component': 1}]","['bbox_h_max_high', 'bbox_w_max_high', 'bbox_area_max_high', 'r0_min_high', 'c0_min_high', 'r1_max_high', 'c1_max_high', 'count_rank3']"
177,8,"[{'color': 1, 'count': 39, 'bbox_h': 16, 'bbox_w': 16, 'bbox_area': 256, 'r0': 0, 'c0': 0, 'r1': 15, 'c1': 15, 'largest_component': 6}, {'color': 2, 'count': 43, 'bbox_h': 16, 'bbox_w': 16, 'bbox_area': 256, 'r0': 0, 'c0': 0, 'r1': 15, 'c1': 15, 'largest_component': 20}, {'color': 3, 'count': 39, 'bbox_h': 16, 'bbox_w': 16, 'bbox_area': 256, 'r0': 0, 'c0': 0, 'r1': 15, 'c1': 15, 'largest_component': 2}, {'color': 4, 'count': 23, 'bbox_h': 14, 'bbox_w': 14, 'bbox_area': 196, 'r0': 1, 'c0': 1, 'r1': 14, 'c1': 14, 'largest_component': 1}, {'color': 5, 'count': 4, 'bbox_h': 2, 'bbox_w': 2, 'bbox_area': 4, 'r0': 7, 'c0': 7, 'r1': 8, 'c1': 8, 'largest_component': 4}, {'color': 6, 'count': 31, 'bbox_h': 16, 'bbox_w': 16, 'bbox_area': 256, 'r0': 0, 'c0': 0, 'r1': 15, 'c1': 15, 'largest_component': 1}, {'color': 7, 'count': 23, 'bbox_h': 16, 'bbox_w': 16, 'bbox_area': 256, 'r0': 0, 'c0': 0, 'r1': 15, 'c1': 15, 'largest_component': 2}, {'color': 8, 'count': 30, 'bbox_h': 14, 'bbox_w': 14, 'bbox_area': 196, 'r0': 1, 'c0': 1, 'r1': 14, 'c1': 14, 'largest_component': 4}, {'color': 9, 'count': 15, 'bbox_h': 16, 'bbox_w': 16, 'bbox_area': 256, 'r0': 0, 'c0': 0, 'r1': 15, 'c1': 15, 'largest_component': 1}]",['count_rank4']
178,5,"[{'color': 1, 'count': 43, 'bbox_h': 14, 'bbox_w': 14, 'bbox_area': 196, 'r0': 1, 'c0': 1, 'r1': 14, 'c1': 14, 'largest_component': 4}, {'color': 2, 'count': 44, 'bbox_h': 16, 'bbox_w': 16, 'bbox_area': 256, 'r0': 0, 'c0': 0, 'r1': 15, 'c1': 15, 'largest_component': 3}, {'color': 3, 'count': 38, 'bbox_h': 12, 'bbox_w': 12, 'bbox_area': 144, 'r0': 2, 'c0': 2, 'r1': 13, 'c1': 13, 'largest_component': 7}, {'color': 4, 'count': 32, 'bbox_h': 16, 'bbox_w': 16, 'bbox_area': 256, 'r0': 0, 'c0': 0, 'r1': 15, 'c1': 15, 'largest_component': 2}, {'color': 5, 'count': 39, 'bbox_h': 16, 'bbox_w': 16, 'bbox_area': 256, 'r0': 0, 'c0': 0, 'r1': 15, 'c1': 15, 'largest_component': 16}, {'color': 6, 'count': 20, 'bbox_h': 16, 'bbox_w': 16, 'bbox_area': 256, 'r0': 0, 'c0': 0, 'r1': 15, 'c1': 15, 'largest_component': 4}, {'color': 7, 'count': 8, 'bbox_h': 10, 'bbox_w': 10, 'bbox_area': 100, 'r0': 3, 'c0': 3, 'r1': 12, 'c1': 12, 'largest_component': 1}, {'color': 8, 'count': 7, 'bbox_h': 8, 'bbox_w': 8, 'bbox_area': 64, 'r0': 4, 'c0': 4, 'r1': 11, 'c1': 11, 'largest_component': 2}, {'color': 9, 'count': 16, 'bbox_h': 14, 'bbox_w': 14, 'bbox_area': 196, 'r0': 1, 'c0': 1, 'r1': 14, 'c1': 14, 'largest_component': 1}]","['largest_component_max_low', 'largest_component_max_high', 'count_rank2', 'area_rank2']"
179,4,"[{'color': 1, 'count': 32, 'bbox_h': 12, 'bbox_w': 12, 'bbox_area': 144, 'r0': 2, 'c0': 2, 'r1': 13, 'c1': 13, 'largest_component': 3}, {'color': 2, 'count': 34, 'bbox_h': 16, 'bbox_w': 16, 'bbox_area': 256, 'r0': 0, 'c0': 0, 'r1': 15, 'c1': 15, 'largest_component': 2}, {'color': 3, 'count': 15, 'bbox_h': 12, 'bbox_w': 12, 'bbox_area': 144, 'r0': 2, 'c0': 2, 'r1': 13, 'c1': 13, 'largest_component': 4}, {'color': 4, 'count': 26, 'bbox_h': 14, 'bbox_w': 14, 'bbox_area': 196, 'r0': 1, 'c0': 1, 'r1': 14, 'c1': 14, 'largest_component': 3}, {'color': 5, 'count': 31, 'bbox_h': 16, 'bbox_w': 16, 'bbox_area': 256, 'r0': 0, 'c0': 0, 'r1': 15, 'c1': 15, 'largest_component': 4}, {'color': 6, 'count': 47, 'bbox_h': 16, 'bbox_w': 16, 'bbox_area': 256, 'r0': 0, 'c0': 0, 'r1': 15, 'c1': 15, 'largest_component': 2}, {'color': 7, 'count': 11, 'bbox_h': 16, 'bbox_w': 16, 'bbox_area': 256, 'r0': 0, 'c0': 0, 'r1': 15, 'c1': 15, 'largest_component': 1}, {'color': 8, 'count': 31, 'bbox_h': 16, 'bbox_w': 16, 'bbox_area': 256, 'r0': 0, 'c0': 0, 'r1': 15, 'c1': 15, 'largest_component': 2}, {'color': 9, 'count': 20, 'bbox_h': 16, 'bbox_w': 16, 'bbox_area': 256, 'r0': 0, 'c0': 0, 'r1': 15, 'c1': 15, 'largest_component': 3}]",[]
180,8,"[{'color': 1, 'count': 28, 'bbox_h': 16, 'bbox_w': 16, 'bbox_area': 256, 'r0': 0, 'c0': 0, 'r1': 15, 'c1': 15, 'largest_component': 4}, {'color': 2, 'count': 15, 'bbox_h': 14, 'bbox_w': 14, 'bbox_area': 196, 'r0': 1, 'c0': 1, 'r1': 14, 'c1': 14, 'largest_component': 1}, {'color': 3, 'count': 23, 'bbox_h': 16, 'bbox_w': 16, 'bbox_area': 256, 'r0': 0, 'c0': 0, 'r1': 15, 'c1': 15, 'largest_component': 3}, {'color': 4, 'count': 22, 'bbox_h': 16, 'bbox_w': 16, 'bbox_area': 256, 'r0': 0, 'c0': 0, 'r1': 15, 'c1': 15, 'largest_component': 1}, {'color': 5, 'count': 39, 'bbox_h': 16, 'bbox_w': 16, 'bbox_area': 256, 'r0': 0, 'c0': 0, 'r1': 15, 'c1': 15, 'largest_component': 4}, {'color': 6, 'count': 28, 'bbox_h': 14, 'bbox_w': 14, 'bbox_area': 196, 'r0': 1, 'c0': 1, 'r1': 14, 'c1': 14, 'largest_component': 4}, {'color': 7, 'count': 42, 'bbox_h': 16, 'bbox_w': 16, 'bbox_area': 256, 'r0': 0, 'c0': 0, 'r1': 15, 'c1': 15, 'largest_component': 2}, {'color': 8, 'count': 38, 'bbox_h': 16, 'bbox_w': 16, 'bbox_area': 256, 'r0': 0, 'c0': 0, 'r1': 15, 'c1': 15, 'largest_component': 2}, {'color': 9, 'count': 12, 'bbox_h': 12, 'bbox_w': 12, 'bbox_area': 144, 'r0': 2, 'c0': 2, 'r1': 13, 'c1': 13, 'largest_component': 2}]","['bbox_h_max_high', 'bbox_w_max_high', 'bbox_area_max_high', 'r0_min_high', 'c0_min_high', 'r1_max_high', 'c1_max_high', 'count_rank2']"
181,3,"[{'color': 1, 'count': 8, 'bbox_h': 6, 'bbox_w': 6, 'bbox_area': 36, 'r0': 5, 'c0': 5, 'r1': 10, 'c1': 10, 'largest_component': 2}, {'color': 2, 'count': 30, 'bbox_h': 16, 'bbox_w': 16, 'bbox_area': 256, 'r0': 0, 'c0': 0, 'r1': 15, 'c1': 15, 'largest_component': 2}, {'color': 3, 'count': 43, 'bbox_h': 16, 'bbox_w': 16, 'bbox_area': 256, 'r0': 0, 'c0': 0, 'r1': 15, 'c1': 15, 'largest_component': 5}, {'color': 4, 'count': 12, 'bbox_h': 14, 'bbox_w': 14, 'bbox_area': 196, 'r0': 1, 'c0': 1, 'r1': 14, 'c1': 14, 'largest_component': 2}, {'color': 5, 'count': 20, 'bbox_h': 16, 'bbox_w': 16, 'bbox_area': 256, 'r0': 0, 'c0': 0, 'r1': 15, 'c1': 15, 'largest_component': 1}, {'color': 6, 'count': 56, 'bbox_h': 14, 'bbox_w': 14, 'bbox_area': 196, 'r0': 1, 'c0': 1, 'r1': 14, 'c1': 14, 'largest_component': 5}, {'color': 7, 'count': 28, 'bbox_h': 14, 'bbox_w': 14, 'bbox_area': 196, 'r0': 1, 'c0': 1, 'r1': 14, 'c1': 14, 'largest_component': 3}, {'color': 8, 'count': 32, 'bbox_h': 16, 'bbox_w': 16, 'bbox_area': 256, 'r0': 0, 'c0': 0, 'r1': 15, 'c1': 15, 'largest_component': 2}, {'color': 9, 'count': 18, 'bbox_h': 16, 'bbox_w': 16, 'bbox_area': 256, 'r0': 0, 'c0': 0, 'r1': 15, 'c1': 15, 'largest_component': 1}]","['largest_component_max_low', 'count_rank1', 'area_rank1']"
182,7,"[{'color': 1, 'count': 20, 'bbox_h': 16, 'bbox_w': 16, 'bbox_area': 256, 'r0': 0, 'c0': 0, 'r1': 15, 'c1': 15, 'largest_component': 1}, {'color': 2, 'count': 27, 'bbox_h': 16, 'bbox_w': 16, 'bbox_area': 256, 'r0': 0, 'c0': 0, 'r1': 15, 'c1': 15, 'largest_component': 1}, {'color': 3, 'count': 28, 'bbox_h': 16, 'bbox_w': 16, 'bbox_area': 256, 'r0': 0, 'c0': 0, 'r1': 15, 'c1': 15, 'largest_component': 2}, {'color': 4, 'count': 15, 'bbox_h': 14, 'bbox_w': 14, 'bbox_area': 196, 'r0': 1, 'c0': 1, 'r1': 14, 'c1': 14, 'largest_component': 1}, {'color': 5, 'count': 16, 'bbox_h': 16, 'bbox_w': 16, 'bbox_area': 256, 'r0': 0, 'c0': 0, 'r1': 15, 'c1': 15, 'largest_component': 4}, {'color': 6, 'count': 19, 'bbox_h': 14, 'bbox_w': 14, 'bbox_area': 196, 'r0': 1, 'c0': 1, 'r1': 14, 'c1': 14, 'largest_component': 2}, {'color': 7, 'count': 60, 'bbox_h': 16, 'bbox_w': 16, 'bbox_area': 256, 'r0': 0, 'c0': 0, 'r1': 15, 'c1': 15, 'largest_component': 6}, {'color': 8, 'count': 24, 'bbox_h': 12, 'bbox_w': 12, 'bbox_area': 144, 'r0': 2, 'c0': 2, 'r1': 13, 'c1': 13, 'largest_component': 2}, {'color': 9, 'count': 38, 'bbox_h': 16, 'bbox_w': 16, 'bbox_area': 256, 'r0': 0, 'c0': 0, 'r1': 15, 'c1': 15, 'largest_component': 1}]","['count_max_low', 'count_max_high', 'largest_component_max_low', 'largest_component_max_high', 'count_rank0', 'area_rank4']"
183,4,"[{'color': 1, 'count': 32, 'bbox_h': 12, 'bbox_w': 12, 'bbox_area': 144, 'r0': 2, 'c0': 2, 'r1': 13, 'c1': 13, 'largest_component': 2}, {'color': 2, 'count': 18, 'bbox_h': 16, 'bbox_w': 16, 'bbox_area': 256, 'r0': 0, 'c0': 0, 'r1': 15, 'c1': 15, 'largest_component': 2}, {'color': 3, 'count': 26, 'bbox_h': 14, 'bbox_w': 14, 'bbox_area': 196, 'r0': 1, 'c0': 1, 'r1': 14, 'c1': 14, 'largest_component': 2}, {'color': 4, 'count': 38, 'bbox_h': 16, 'bbox_w': 16, 'bbox_area': 256, 'r0': 0, 'c0': 0, 'r1': 15, 'c1': 15, 'largest_component': 2}, {'color': 5, 'count': 31, 'bbox_h': 16, 'bbox_w': 16, 'bbox_area': 256, 'r0': 0, 'c0': 0, 'r1': 15, 'c1': 15, 'largest_component': 4}, {'color': 6, 'count': 27, 'bbox_h': 16, 'bbox_w': 16, 'bbox_area': 256, 'r0': 0, 'c0': 0, 'r1': 15, 'c1': 15, 'largest_component': 2}, {'color': 7, 'count': 23, 'bbox_h': 12, 'bbox_w': 12, 'bbox_area': 144, 'r0': 2, 'c0': 2, 'r1': 13, 'c1': 13, 'largest_component': 20}, {'color': 8, 'count': 40, 'bbox_h': 16, 'bbox_w': 16, 'bbox_area': 256, 'r0': 0, 'c0': 0, 'r1': 15, 'c1': 15, 'largest_component': 6}, {'color': 9, 'count': 12, 'bbox_h': 14, 'bbox_w': 14, 'bbox_area': 196, 'r0': 1, 'c0': 1, 'r1': 14, 'c1': 14, 'largest_component': 2}]","['count_rank1', 'area_rank1']"
184,2,"[{'color': 1, 'count': 31, 'bbox_h': 16, 'bbox_w': 16, 'bbox_area': 256, 'r0': 0, 'c0': 0, 'r1': 15, 'c1': 15, 'largest_component': 2}, {'color': 2, 'count': 38, 'bbox_h': 16, 'bbox_w': 16, 'bbox_area': 256, 'r0': 0, 'c0': 0, 'r1': 15, 'c1': 15, 'largest_component': 2}, {'color': 3, 'count': 11, 'bbox_h': 14, 'bbox_w': 14, 'bbox_area': 196, 'r0': 1, 'c0': 1, 'r1': 14, 'c1': 14, 'largest_component': 1}, {'color': 4, 'count': 20, 'bbox_h': 14, 'bbox_w': 14, 'bbox_area': 196, 'r0': 1, 'c0': 1, 'r1': 14, 'c1': 14, 'largest_component': 2}, {'color': 5, 'count': 34, 'bbox_h': 16, 'bbox_w': 16, 'bbox_area': 256, 'r0': 0, 'c0': 0, 'r1': 15, 'c1': 15, 'largest_component': 4}, {'color': 6, 'count': 36, 'bbox_h': 16, 'bbox_w': 16, 'bbox_area': 256, 'r0': 0, 'c0': 0, 'r1': 15, 'c1': 15, 'largest_component': 3}, {'color': 7, 'count': 36, 'bbox_h': 12, 'bbox_w': 12, 'bbox_area': 144, 'r0': 2, 'c0': 2, 'r1': 13, 'c1': 13, 'largest_component': 4}, {'color': 8, 'count': 30, 'bbox_h': 16, 'bbox_w': 16, 'bbox_area': 256, 'r0': 0, 'c0': 0, 'r1': 15, 'c1': 15, 'largest_component': 1}, {'color': 9, 'count': 11, 'bbox_h': 16, 'bbox_w': 16, 'bbox_area': 256, 'r0': 0, 'c0': 0, 'r1': 15, 'c1': 15, 'largest_component': 1}]","['count_max_low', 'count_max_high', 'count_rank0', 'area_rank1']"
185,1,"[{'color': 1, 'count': 18, 'bbox_h': 14, 'bbox_w': 14, 'bbox_area': 196, 'r0': 1, 'c0': 1, 'r1': 14, 'c1': 14, 'largest_component': 2}, {'color': 2, 'count': 16, 'bbox_h': 16, 'bbox_w': 16, 'bbox_area': 256, 'r0': 0, 'c0': 0, 'r1': 15, 'c1': 15, 'largest_component': 2}, {'color': 3, 'count': 20, 'bbox_h': 16, 'bbox_w': 16, 'bbox_area': 256, 'r0': 0, 'c0': 0, 'r1': 15, 'c1': 15, 'largest_component': 1}, {'color': 4, 'count': 56, 'bbox_h': 16, 'bbox_w': 16, 'bbox_area': 256, 'r0': 0, 'c0': 0, 'r1': 15, 'c1': 15, 'largest_component': 3}, {'color': 5, 'count': 35, 'bbox_h': 16, 'bbox_w': 16, 'bbox_area': 256, 'r0': 0, 'c0': 0, 'r1': 15, 'c1': 15, 'largest_component': 2}, {'color': 6, 'count': 30, 'bbox_h': 14, 'bbox_w': 14, 'bbox_area': 196, 'r0': 1, 'c0': 1, 'r1': 14, 'c1': 14, 'largest_component': 2}, {'color': 7, 'count': 26, 'bbox_h': 16, 'bbox_w': 16, 'bbox_area': 256, 'r0': 0, 'c0': 0, 'r1': 15, 'c1': 15, 'largest_component': 1}, {'color': 8, 'count': 23, 'bbox_h': 16, 'bbox_w': 16, 'bbox_area': 256, 'r0': 0, 'c0': 0, 'r1': 15, 'c1': 15, 'largest_component': 2}, {'color': 9, 'count': 23, 'bbox_h': 14, 'bbox_w': 14, 'bbox_area': 196, 'r0': 1, 'c0': 1, 'r1': 14, 'c1': 14, 'largest_component': 4}]","['bbox_h_min_low', 'bbox_w_min_low', 'bbox_area_min_low', 'r0_max_low', 'c0_max_low', 'r1_min_low', 'c1_min_low']"
186,7,"[{'color': 1, 'count': 24, 'bbox_h': 14, 'bbox_w': 14, 'bbox_area': 196, 'r0': 1, 'c0': 1, 'r1': 14, 'c1': 14, 'largest_component': 1}, {'color': 2, 'count': 66, 'bbox_h': 16, 'bbox_w': 16, 'bbox_area': 256, 'r0': 0, 'c0': 0, 'r1': 15, 'c1': 15, 'largest_component': 4}, {'color': 3, 'count': 12, 'bbox_h': 12, 'bbox_w': 12, 'bbox_area': 144, 'r0': 2, 'c0': 2, 'r1': 13, 'c1': 13, 'largest_component': 1}, {'color': 4, 'count': 19, 'bbox_h': 14, 'bbox_w': 14, 'bbox_area': 196, 'r0': 1, 'c0': 1, 'r1': 14, 'c1': 14, 'largest_component': 2}, {'color': 5, 'count': 16, 'bbox_h': 14, 'bbox_w': 14, 'bbox_area': 196, 'r0': 1, 'c0': 1, 'r1': 14, 'c1': 14, 'largest_component': 1}, {'color': 6, 'count': 4, 'bbox_h': 16, 'bbox_w': 16, 'bbox_area': 256, 'r0': 0, 'c0': 0, 'r1': 15, 'c1': 15, 'largest_component': 1}, {'color': 7, 'count': 53, 'bbox_h': 14, 'bbox_w': 14, 'bbox_area': 196, 'r0': 1, 'c0': 1, 'r1': 14, 'c1': 14, 'largest_component': 4}, {'color': 8, 'count': 22, 'bbox_h': 16, 'bbox_w': 16, 'bbox_area': 256, 'r0': 0, 'c0': 0, 'r1': 15, 'c1': 15, 'largest_component': 4}, {'color': 9, 'count': 31, 'bbox_h': 16, 'bbox_w': 16, 'bbox_area': 256, 'r0': 0, 'c0': 0, 'r1': 15, 'c1': 15, 'largest_component': 2}]",['count_rank1']
187,4,"[{'color': 1, 'count': 34, 'bbox_h': 16, 'bbox_w': 16, 'bbox_area': 256, 'r0': 0, 'c0': 0, 'r1': 15, 'c1': 15, 'largest_component': 2}, {'color': 2, 'count': 50, 'bbox_h': 16, 'bbox_w': 16, 'bbox_area': 256, 'r0': 0, 'c0': 0, 'r1': 15, 'c1': 15, 'largest_component': 3}, {'color': 3, 'count': 34, 'bbox_h': 16, 'bbox_w': 16, 'bbox_area': 256, 'r0': 0, 'c0': 0, 'r1': 15, 'c1': 15, 'largest_component': 5}, {'color': 4, 'count': 38, 'bbox_h': 16, 'bbox_w': 16, 'bbox_area': 256, 'r0': 0, 'c0': 0, 'r1': 15, 'c1': 15, 'largest_component': 28}, {'color': 5, 'count': 4, 'bbox_h': 2, 'bbox_w': 2, 'bbox_area': 4, 'r0': 7, 'c0': 7, 'r1': 8, 'c1': 8, 'largest_component': 4}, {'color': 6, 'count': 16, 'bbox_h': 16, 'bbox_w': 16, 'bbox_area': 256, 'r0': 0, 'c0': 0, 'r1': 15, 'c1': 15, 'largest_component': 2}, {'color': 7, 'count': 8, 'bbox_h': 14, 'bbox_w': 14, 'bbox_area': 196, 'r0': 1, 'c0': 1, 'r1': 14, 'c1': 14, 'largest_component': 1}, {'color': 8, 'count': 39, 'bbox_h': 16, 'bbox_w': 16, 'bbox_area': 256, 'r0': 0, 'c0': 0, 'r1': 15, 'c1': 15, 'largest_component': 3}, {'color': 9, 'count': 24, 'bbox_h': 12, 'bbox_w': 12, 'bbox_area': 144, 'r0': 2, 'c0': 2, 'r1': 13, 'c1': 13, 'largest_component': 6}]","['largest_component_max_low', 'largest_component_max_high', 'count_rank2', 'area_rank3']"
188,3,"[{'color': 1, 'count': 24, 'bbox_h': 14, 'bbox_w': 14, 'bbox_area': 196, 'r0': 1, 'c0': 1, 'r1': 14, 'c1': 14, 'largest_component': 1}, {'color': 2, 'count': 8, 'bbox_h': 8, 'bbox_w': 8, 'bbox_area': 64, 'r0': 4, 'c0': 4, 'r1': 11, 'c1': 11, 'largest_component': 2}, {'color': 3, 'count': 41, 'bbox_h': 16, 'bbox_w': 16, 'bbox_area': 256, 'r0': 0, 'c0': 0, 'r1': 15, 'c1': 15, 'largest_component': 2}, {'color': 4, 'count': 32, 'bbox_h': 16, 'bbox_w': 16, 'bbox_area': 256, 'r0': 0, 'c0': 0, 'r1': 15, 'c1': 15, 'largest_component': 1}, {'color': 5, 'count': 16, 'bbox_h': 14, 'bbox_w': 14, 'bbox_area': 196, 'r0': 1, 'c0': 1, 'r1': 14, 'c1': 14, 'largest_component': 2}, {'color': 6, 'count': 31, 'bbox_h': 16, 'bbox_w': 16, 'bbox_area': 256, 'r0': 0, 'c0': 0, 'r1': 15, 'c1': 15, 'largest_component': 3}, {'color': 7, 'count': 38, 'bbox_h': 16, 'bbox_w': 16, 'bbox_area': 256, 'r0': 0, 'c0': 0, 'r1': 15, 'c1': 15, 'largest_component': 2}, {'color': 8, 'count': 34, 'bbox_h': 16, 'bbox_w': 16, 'bbox_area': 256, 'r0': 0, 'c0': 0, 'r1': 15, 'c1': 15, 'largest_component': 12}, {'color': 9, 'count': 23, 'bbox_h': 14, 'bbox_w': 14, 'bbox_area': 196, 'r0': 1, 'c0': 1, 'r1': 14, 'c1': 14, 'largest_component': 2}]","['count_max_low', 'count_max_high', 'bbox_h_max_low', 'bbox_w_max_low', 'bbox_area_max_low', 'r0_min_low', 'c0_min_low', 'r1_max_low', 'c1_max_low', 'count_rank0', 'area_rank0']"
189,7,"[{'color': 1, 'count': 31, 'bbox_h': 14, 'bbox_w': 14, 'bbox_area': 196, 'r0': 1, 'c0': 1, 'r1': 14, 'c1': 14, 'largest_component': 2}, {'color': 2, 'count': 23, 'bbox_h': 14, 'bbox_w': 14, 'bbox_area': 196, 'r0': 1, 'c0': 1, 'r1': 14, 'c1': 14, 'largest_component': 2}, {'color': 3, 'count': 42, 'bbox_h': 16, 'bbox_w': 16, 'bbox_area': 256, 'r0': 0, 'c0': 0, 'r1': 15, 'c1': 15, 'largest_component': 20}, {'color': 4, 'count': 32, 'bbox_h': 10, 'bbox_w': 10, 'bbox_area': 100, 'r0': 3, 'c0': 3, 'r1': 12, 'c1': 12, 'largest_component': 5}, {'color': 5, 'count': 4, 'bbox_h': 14, 'bbox_w': 14, 'bbox_area': 196, 'r0': 1, 'c0': 1, 'r1': 14, 'c1': 14, 'largest_component': 1}, {'color': 6, 'count': 31, 'bbox_h': 16, 'bbox_w': 16, 'bbox_area': 256, 'r0': 0, 'c0': 0, 'r1': 15, 'c1': 15, 'largest_component': 2}, {'color': 7, 'count': 45, 'bbox_h': 16, 'bbox_w': 16, 'bbox_area': 256, 'r0': 0, 'c0': 0, 'r1': 15, 'c1': 15, 'largest_component': 2}, {'color': 8, 'count': 24, 'bbox_h': 16, 'bbox_w': 16, 'bbox_area': 256, 'r0': 0, 'c0': 0, 'r1': 15, 'c1': 15, 'largest_component': 1}, {'color': 9, 'count': 15, 'bbox_h': 14, 'bbox_w': 14, 'bbox_area': 196, 'r0': 1, 'c0': 1, 'r1': 14, 'c1': 14, 'largest_component': 1}]","['count_max_low', 'count_max_high', 'count_rank0', 'area_rank2']"
190,8,"[{'color': 1, 'count': 27, 'bbox_h': 14, 'bbox_w': 14, 'bbox_area': 196, 'r0': 1, 'c0': 1, 'r1': 14, 'c1': 14, 'largest_component': 2}, {'color': 2, 'count': 31, 'bbox_h': 14, 'bbox_w': 14, 'bbox_area': 196, 'r0': 1, 'c0': 1, 'r1': 14, 'c1': 14, 'largest_component': 2}, {'color': 3, 'count': 38, 'bbox_h': 16, 'bbox_w': 16, 'bbox_area': 256, 'r0': 0, 'c0': 0, 'r1': 15, 'c1': 15, 'largest_component': 2}, {'color': 4, 'count': 24, 'bbox_h': 16, 'bbox_w': 16, 'bbox_area': 256, 'r0': 0, 'c0': 0, 'r1': 15, 'c1': 15, 'largest_component': 4}, {'color': 5, 'count': 8, 'bbox_h': 6, 'bbox_w': 6, 'bbox_area': 36, 'r0': 5, 'c0': 5, 'r1': 10, 'c1': 10, 'largest_component': 2}, {'color': 6, 'count': 36, 'bbox_h': 16, 'bbox_w': 16, 'bbox_area': 256, 'r0': 0, 'c0': 0, 'r1': 15, 'c1': 15, 'largest_component': 2}, {'color': 7, 'count': 4, 'bbox_h': 2, 'bbox_w': 2, 'bbox_area': 4, 'r0': 7, 'c0': 7, 'r1': 8, 'c1': 8, 'largest_component': 4}, {'color': 8, 'count': 64, 'bbox_h': 16, 'bbox_w': 16, 'bbox_area': 256, 'r0': 0, 'c0': 0, 'r1': 15, 'c1': 15, 'largest_component': 7}, {'color': 9, 'count': 15, 'bbox_h': 12, 'bbox_w': 12, 'bbox_area': 144, 'r0': 2, 'c0': 2, 'r1': 13, 'c1': 13, 'largest_component': 2}]","['count_max_low', 'count_max_high', 'bbox_h_max_high', 'bbox_w_max_high', 'bbox_area_max_high', 'r0_min_high', 'c0_min_high', 'r1_max_high', 'c1_max_high', 'largest_component_max_low', 'largest_component_max_high', 'count_rank0', 'area_rank3']"
191,6,"[{'color': 1, 'count': 16, 'bbox_h': 12, 'bbox_w': 12, 'bbox_area': 144, 'r0': 2, 'c0': 2, 'r1': 13, 'c1': 13, 'largest_component': 1}, {'color': 2, 'count': 42, 'bbox_h': 16, 'bbox_w': 16, 'bbox_area': 256, 'r0': 0, 'c0': 0, 'r1': 15, 'c1': 15, 'largest_component': 4}, {'color': 3, 'count': 11, 'bbox_h': 14, 'bbox_w': 14, 'bbox_area': 196, 'r0': 1, 'c0': 1, 'r1': 14, 'c1': 14, 'largest_component': 1}, {'color': 4, 'count': 12, 'bbox_h': 16, 'bbox_w': 16, 'bbox_area': 256, 'r0': 0, 'c0': 0, 'r1': 15, 'c1': 15, 'largest_component': 2}, {'color': 5, 'count': 19, 'bbox_h': 16, 'bbox_w': 16, 'bbox_area': 256, 'r0': 0, 'c0': 0, 'r1': 15, 'c1': 15, 'largest_component': 1}, {'color': 6, 'count': 33, 'bbox_h': 14, 'bbox_w': 14, 'bbox_area': 196, 'r0': 1, 'c0': 1, 'r1': 14, 'c1': 14, 'largest_component': 3}, {'color': 7, 'count': 40, 'bbox_h': 16, 'bbox_w': 16, 'bbox_area': 256, 'r0': 0, 'c0': 0, 'r1': 15, 'c1': 15, 'largest_component': 2}, {'color': 8, 'count': 28, 'bbox_h': 16, 'bbox_w': 16, 'bbox_area': 256, 'r0': 0, 'c0': 0, 'r1': 15, 'c1': 15, 'largest_component': 2}, {'color': 9, 'count': 46, 'bbox_h': 14, 'bbox_w': 14, 'bbox_area': 196, 'r0': 1, 'c0': 1, 'r1': 14, 'c1': 14, 'largest_component': 4}]",['count_rank3']
192,8,"[{'color': 1, 'count': 8, 'bbox_h': 12, 'bbox_w': 12, 'bbox_area': 144, 'r0': 2, 'c0': 2, 'r1': 13, 'c1': 13, 'largest_component': 2}, {'color': 2, 'count': 24, 'bbox_h': 14, 'bbox_w': 14, 'bbox_area': 196, 'r0': 1, 'c0': 1, 'r1': 14, 'c1': 14, 'largest_component': 2}, {'color': 3, 'count': 38, 'bbox_h': 16, 'bbox_w': 16, 'bbox_area': 256, 'r0': 0, 'c0': 0, 'r1': 15, 'c1': 15, 'largest_component': 2}, {'color': 4, 'count': 23, 'bbox_h': 14, 'bbox_w': 14, 'bbox_area': 196, 'r0': 1, 'c0': 1, 'r1': 14, 'c1': 14, 'largest_component': 2}, {'color': 5, 'count': 24, 'bbox_h': 16, 'bbox_w': 16, 'bbox_area': 256, 'r0': 0, 'c0': 0, 'r1': 15, 'c1': 15, 'largest_component': 2}, {'color': 6, 'count': 26, 'bbox_h': 16, 'bbox_w': 16, 'bbox_area': 256, 'r0': 0, 'c0': 0, 'r1': 15, 'c1': 15, 'largest_component': 2}, {'color': 7, 'count': 47, 'bbox_h': 16, 'bbox_w': 16, 'bbox_area': 256, 'r0': 0, 'c0': 0, 'r1': 15, 'c1': 15, 'largest_component': 24}, {'color': 8, 'count': 29, 'bbox_h': 12, 'bbox_w': 12, 'bbox_area': 144, 'r0': 2, 'c0': 2, 'r1': 13, 'c1': 13, 'largest_component': 2}, {'color': 9, 'count': 28, 'bbox_h': 16, 'bbox_w': 16, 'bbox_area': 256, 'r0': 0, 'c0': 0, 'r1': 15, 'c1': 15, 'largest_component': 2}]","['bbox_h_min_high', 'bbox_w_min_high', 'bbox_area_min_high', 'r0_max_high', 'c0_max_high', 'r1_min_high', 'c1_min_high', 'count_rank2']"
193,3,"[{'color': 1, 'count': 20, 'bbox_h': 16, 'bbox_w': 16, 'bbox_area': 256, 'r0': 0, 'c0': 0, 'r1': 15, 'c1': 15, 'largest_component': 3}, {'color': 2, 'count': 28, 'bbox_h': 16, 'bbox_w': 16, 'bbox_area': 256, 'r0': 0, 'c0': 0, 'r1': 15, 'c1': 15, 'largest_component': 4}, {'color': 3, 'count': 46, 'bbox_h': 16, 'bbox_w': 16, 'bbox_area': 256, 'r0': 0, 'c0': 0, 'r1': 15, 'c1': 15, 'largest_component': 2}, {'color': 4, 'count': 34, 'bbox_h': 14, 'bbox_w': 14, 'bbox_area': 196, 'r0': 1, 'c0': 1, 'r1': 14, 'c1': 14, 'largest_component': 6}, {'color': 5, 'count': 30, 'bbox_h': 10, 'bbox_w': 10, 'bbox_area': 100, 'r0': 3, 'c0': 3, 'r1': 12, 'c1': 12, 'largest_component': 3}, {'color': 6, 'count': 23, 'bbox_h': 16, 'bbox_w': 16, 'bbox_area': 256, 'r0': 0, 'c0': 0, 'r1': 15, 'c1': 15, 'largest_component': 2}, {'color': 7, 'count': 19, 'bbox_h': 16, 'bbox_w': 16, 'bbox_area': 256, 'r0': 0, 'c0': 0, 'r1': 15, 'c1': 15, 'largest_component': 1}, {'color': 8, 'count': 8, 'bbox_h': 16, 'bbox_w': 16, 'bbox_area': 256, 'r0': 0, 'c0': 0, 'r1': 15, 'c1': 15, 'largest_component': 1}, {'color': 9, 'count': 39, 'bbox_h': 16, 'bbox_w': 16, 'bbox_area': 256, 'r0': 0, 'c0': 0, 'r1': 15, 'c1': 15, 'largest_component': 2}]","['count_max_low', 'count_max_high', 'count_rank0', 'area_rank2']"
194,5,"[{'color': 1, 'count': 27, 'bbox_h': 16, 'bbox_w': 16, 'bbox_area': 256, 'r0': 0, 'c0': 0, 'r1': 15, 'c1': 15, 'largest_component': 2}, {'color': 2, 'count': 12, 'bbox_h': 16, 'bbox_w': 16, 'bbox_area': 256, 'r0': 0, 'c0': 0, 'r1': 15, 'c1': 15, 'largest_component': 1}, {'color': 3, 'count': 7, 'bbox_h': 10, 'bbox_w': 10, 'bbox_area': 100, 'r0': 3, 'c0': 3, 'r1': 12, 'c1': 12, 'largest_component': 2}, {'color': 4, 'count': 46, 'bbox_h': 16, 'bbox_w': 16, 'bbox_area': 256, 'r0': 0, 'c0': 0, 'r1': 15, 'c1': 15, 'largest_component': 2}, {'color': 5, 'count': 22, 'bbox_h': 14, 'bbox_w': 14, 'bbox_area': 196, 'r0': 1, 'c0': 1, 'r1': 14, 'c1': 14, 'largest_component': 1}, {'color': 6, 'count': 32, 'bbox_h': 16, 'bbox_w': 16, 'bbox_area': 256, 'r0': 0, 'c0': 0, 'r1': 15, 'c1': 15, 'largest_component': 2}, {'color': 7, 'count': 62, 'bbox_h': 16, 'bbox_w': 16, 'bbox_area': 256, 'r0': 0, 'c0': 0, 'r1': 15, 'c1': 15, 'largest_component': 3}, {'color': 8, 'count': 20, 'bbox_h': 14, 'bbox_w': 14, 'bbox_area': 196, 'r0': 1, 'c0': 1, 'r1': 14, 'c1': 14, 'largest_component': 4}, {'color': 9, 'count': 19, 'bbox_h': 16, 'bbox_w': 16, 'bbox_area': 256, 'r0': 0, 'c0': 0, 'r1': 15, 'c1': 15, 'largest_component': 2}]","['largest_component_min_high', 'count_rank4']"
195,6,"[{'color': 1, 'count': 16, 'bbox_h': 14, 'bbox_w': 14, 'bbox_area': 196, 'r0': 1, 'c0': 1, 'r1': 14, 'c1': 14, 'largest_component': 2}, {'color': 2, 'count': 15, 'bbox_h': 10, 'bbox_w': 10, 'bbox_area': 100, 'r0': 3, 'c0': 3, 'r1': 12, 'c1': 12, 'largest_component': 2}, {'color': 3, 'count': 34, 'bbox_h': 16, 'bbox_w': 16, 'bbox_area': 256, 'r0': 0, 'c0': 0, 'r1': 15, 'c1': 15, 'largest_component': 3}, {'color': 4, 'count': 8, 'bbox_h': 16, 'bbox_w': 16, 'bbox_area': 256, 'r0': 0, 'c0': 0, 'r1': 15, 'c1': 15, 'largest_component': 1}, {'color': 5, 'count': 24, 'bbox_h': 10, 'bbox_w': 10, 'bbox_area': 100, 'r0': 3, 'c0': 3, 'r1': 12, 'c1': 12, 'largest_component': 20}, {'color': 6, 'count': 37, 'bbox_h': 12, 'bbox_w': 12, 'bbox_area': 144, 'r0': 2, 'c0': 2, 'r1': 13, 'c1': 13, 'largest_component': 4}, {'color': 7, 'count': 24, 'bbox_h': 16, 'bbox_w': 16, 'bbox_area': 256, 'r0': 0, 'c0': 0, 'r1': 15, 'c1': 15, 'largest_component': 1}, {'color': 8, 'count': 27, 'bbox_h': 16, 'bbox_w': 16, 'bbox_area': 256, 'r0': 0, 'c0': 0, 'r1': 15, 'c1': 15, 'largest_component': 2}, {'color': 9, 'count': 62, 'bbox_h': 16, 'bbox_w': 16, 'bbox_area': 256, 'r0': 0, 'c0': 0, 'r1': 15, 'c1': 15, 'largest_component': 4}]",['count_rank1']
196,6,"[{'color': 1, 'count': 16, 'bbox_h': 6, 'bbox_w': 6, 'bbox_area': 36, 'r0': 5, 'c0': 5, 'r1': 10, 'c1': 10, 'largest_component': 4}, {'color': 2, 'count': 20, 'bbox_h': 16, 'bbox_w': 16, 'bbox_area': 256, 'r0': 0, 'c0': 0, 'r1': 15, 'c1': 15, 'largest_component': 2}, {'color': 3, 'count': 29, 'bbox_h': 14, 'bbox_w': 14, 'bbox_area': 196, 'r0': 1, 'c0': 1, 'r1': 14, 'c1': 14, 'largest_component': 2}, {'color': 4, 'count': 36, 'bbox_h': 16, 'bbox_w': 16, 'bbox_area': 256, 'r0': 0, 'c0': 0, 'r1': 15, 'c1': 15, 'largest_component': 2}, {'color': 5, 'count': 15, 'bbox_h': 14, 'bbox_w': 14, 'bbox_area': 196, 'r0': 1, 'c0': 1, 'r1': 14, 'c1': 14, 'largest_component': 2}, {'color': 6, 'count': 53, 'bbox_h': 16, 'bbox_w': 16, 'bbox_area': 256, 'r0': 0, 'c0': 0, 'r1': 15, 'c1': 15, 'largest_component': 4}, {'color': 7, 'count': 24, 'bbox_h': 16, 'bbox_w': 16, 'bbox_area': 256, 'r0': 0, 'c0': 0, 'r1': 15, 'c1': 15, 'largest_component': 1}, {'color': 8, 'count': 28, 'bbox_h': 16, 'bbox_w': 16, 'bbox_area': 256, 'r0': 0, 'c0': 0, 'r1': 15, 'c1': 15, 'largest_component': 2}, {'color': 9, 'count': 26, 'bbox_h': 14, 'bbox_w': 14, 'bbox_area': 196, 'r0': 1, 'c0': 1, 'r1': 14, 'c1': 14, 'largest_component': 4}]","['count_max_low', 'count_max_high', 'count_rank0', 'area_rank2']"
197,3,"[{'color': 1, 'count': 39, 'bbox_h': 16, 'bbox_w': 16, 'bbox_area': 256, 'r0': 0, 'c0': 0, 'r1': 15, 'c1': 15, 'largest_component': 4}, {'color': 2, 'count': 24, 'bbox_h': 14, 'bbox_w': 14, 'bbox_area': 196, 'r0': 1, 'c0': 1, 'r1': 14, 'c1': 14, 'largest_component': 2}, {'color': 3, 'count': 33, 'bbox_h': 16, 'bbox_w': 16, 'bbox_area': 256, 'r0': 0, 'c0': 0, 'r1': 15, 'c1': 15, 'largest_component': 2}, {'color': 4, 'count': 8, 'bbox_h': 16, 'bbox_w': 16, 'bbox_area': 256, 'r0': 0, 'c0': 0, 'r1': 15, 'c1': 15, 'largest_component': 1}, {'color': 5, 'count': 12, 'bbox_h': 14, 'bbox_w': 14, 'bbox_area': 196, 'r0': 1, 'c0': 1, 'r1': 14, 'c1': 14, 'largest_component': 4}, {'color': 6, 'count': 26, 'bbox_h': 16, 'bbox_w': 16, 'bbox_area': 256, 'r0': 0, 'c0': 0, 'r1': 15, 'c1': 15, 'largest_component': 1}, {'color': 7, 'count': 32, 'bbox_h': 16, 'bbox_w': 16, 'bbox_area': 256, 'r0': 0, 'c0': 0, 'r1': 15, 'c1': 15, 'largest_component': 1}, {'color': 8, 'count': 40, 'bbox_h': 14, 'bbox_w': 14, 'bbox_area': 196, 'r0': 1, 'c0': 1, 'r1': 14, 'c1': 14, 'largest_component': 2}, {'color': 9, 'count': 33, 'bbox_h': 16, 'bbox_w': 16, 'bbox_area': 256, 'r0': 0, 'c0': 0, 'r1': 15, 'c1': 15, 'largest_component': 3}]","['count_rank2', 'area_rank1']"
198,6,"[{'color': 1, 'count': 52, 'bbox_h': 16, 'bbox_w': 16, 'bbox_area': 256, 'r0': 0, 'c0': 0, 'r1': 15, 'c1': 15, 'largest_component': 7}, {'color': 2, 'count': 22, 'bbox_h': 16, 'bbox_w': 16, 'bbox_area': 256, 'r0': 0, 'c0': 0, 'r1': 15, 'c1': 15, 'largest_component': 2}, {'color': 3, 'count': 32, 'bbox_h': 16, 'bbox_w': 16, 'bbox_area': 256, 'r0': 0, 'c0': 0, 'r1': 15, 'c1': 15, 'largest_component': 2}, {'color': 4, 'count': 11, 'bbox_h': 16, 'bbox_w': 16, 'bbox_area': 256, 'r0': 0, 'c0': 0, 'r1': 15, 'c1': 15, 'largest_component': 2}, {'color': 5, 'count': 11, 'bbox_h': 14, 'bbox_w': 14, 'bbox_area': 196, 'r0': 1, 'c0': 1, 'r1': 14, 'c1': 14, 'largest_component': 2}, {'color': 6, 'count': 38, 'bbox_h': 16, 'bbox_w': 16, 'bbox_area': 256, 'r0': 0, 'c0': 0, 'r1': 15, 'c1': 15, 'largest_component': 5}, {'color': 7, 'count': 24, 'bbox_h': 16, 'bbox_w': 16, 'bbox_area': 256, 'r0': 0, 'c0': 0, 'r1': 15, 'c1': 15, 'largest_component': 1}, {'color': 8, 'count': 7, 'bbox_h': 16, 'bbox_w': 16, 'bbox_area': 256, 'r0': 0, 'c0': 0, 'r1': 15, 'c1': 15, 'largest_component': 1}, {'color': 9, 'count': 50, 'bbox_h': 16, 'bbox_w': 16, 'bbox_area': 256, 'r0': 0, 'c0': 0, 'r1': 15, 'c1': 15, 'largest_component': 4}]","['count_rank2', 'area_rank4']"
199,1,"[{'color': 1, 'count': 36, 'bbox_h': 14, 'bbox_w': 14, 'bbox_area': 196, 'r0': 1, 'c0': 1, 'r1': 14, 'c1': 14, 'largest_component': 5}, {'color': 2, 'count': 36, 'bbox_h': 16, 'bbox_w': 16, 'bbox_area': 256, 'r0': 0, 'c0': 0, 'r1': 15, 'c1': 15, 'largest_component': 12}, {'color': 3, 'count': 8, 'bbox_h': 16, 'bbox_w': 16, 'bbox_area': 256, 'r0': 0, 'c0': 0, 'r1': 15, 'c1': 15, 'largest_component': 1}, {'color': 4, 'count': 15, 'bbox_h': 16, 'bbox_w': 16, 'bbox_area': 256, 'r0': 0, 'c0': 0, 'r1': 15, 'c1': 15, 'largest_component': 1}, {'color': 5, 'count': 32, 'bbox_h': 16, 'bbox_w': 16, 'bbox_area': 256, 'r0': 0, 'c0': 0, 'r1': 15, 'c1': 15, 'largest_component': 2}, {'color': 6, 'count': 32, 'bbox_h': 14, 'bbox_w': 14, 'bbox_area': 196, 'r0': 1, 'c0': 1, 'r1': 14, 'c1': 14, 'largest_component': 4}, {'color': 7, 'count': 24, 'bbox_h': 16, 'bbox_w': 16, 'bbox_area': 256, 'r0': 0, 'c0': 0, 'r1': 15, 'c1': 15, 'largest_component': 2}, {'color': 8, 'count': 34, 'bbox_h': 16, 'bbox_w': 16, 'bbox_area': 256, 'r0': 0, 'c0': 0, 'r1': 15, 'c1': 15, 'largest_component': 3}, {'color': 9, 'count': 30, 'bbox_h': 16, 'bbox_w': 16, 'bbox_area': 256, 'r0': 0, 'c0': 0, 'r1': 15, 'c1': 15, 'largest_component': 2}]","['count_max_low', 'bbox_h_min_low', 'bbox_w_min_low', 'bbox_area_min_low', 'r0_max_low', 'c0_max_low', 'r1_min_low', 'c1_min_low', 'count_rank0']"
200,2,"[{'color': 1, 'count': 28, 'bbox_h': 16, 'bbox_w': 16, 'bbox_area': 256, 'r0': 0, 'c0': 0, 'r1': 15, 'c1': 15, 'largest_component': 2}, {'color': 2, 'count': 37, 'bbox_h': 14, 'bbox_w': 14, 'bbox_area': 196, 'r0': 1, 'c0': 1, 'r1': 14, 'c1': 14, 'largest_component': 2}, {'color': 3, 'count': 24, 'bbox_h': 16, 'bbox_w': 16, 'bbox_area': 256, 'r0': 0, 'c0': 0, 'r1': 15, 'c1': 15, 'largest_component': 1}, {'color': 4, 'count': 4, 'bbox_h': 8, 'bbox_w': 8, 'bbox_area': 64, 'r0': 4, 'c0': 4, 'r1': 11, 'c1': 11, 'largest_component': 1}, {'color': 5, 'count': 24, 'bbox_h': 16, 'bbox_w': 16, 'bbox_area': 256, 'r0': 0, 'c0': 0, 'r1': 15, 'c1': 15, 'largest_component': 2}, {'color': 6, 'count': 43, 'bbox_h': 16, 'bbox_w': 16, 'bbox_area': 256, 'r0': 0, 'c0': 0, 'r1': 15, 'c1': 15, 'largest_component': 3}, {'color': 7, 'count': 14, 'bbox_h': 8, 'bbox_w': 8, 'bbox_area': 64, 'r0': 4, 'c0': 4, 'r1': 11, 'c1': 11, 'largest_component': 2}, {'color': 8, 'count': 43, 'bbox_h': 16, 'bbox_w': 16, 'bbox_area': 256, 'r0': 0, 'c0': 0, 'r1': 15, 'c1': 15, 'largest_component': 5}, {'color': 9, 'count': 30, 'bbox_h': 14, 'bbox_w': 14, 'bbox_area': 196, 'r0': 1, 'c0': 1, 'r1': 14, 'c1': 14, 'largest_component': 4}]",['count_rank2']
201,4,"[{'color': 1, 'count': 39, 'bbox_h': 16, 'bbox_w': 16, 'bbox_area': 256, 'r0': 0, 'c0': 0, 'r1': 15, 'c1': 15, 'largest_component': 3}, {'color': 2, 'count': 35, 'bbox_h': 16, 'bbox_w': 16, 'bbox_area': 256, 'r0': 0, 'c0': 0, 'r1': 15, 'c1': 15, 'largest_component': 2}, {'color': 3, 'count': 16, 'bbox_h': 16, 'bbox_w': 16, 'bbox_area': 256, 'r0': 0, 'c0': 0, 'r1': 15, 'c1': 15, 'largest_component': 1}, {'color': 4, 'count': 26, 'bbox_h': 14, 'bbox_w': 14, 'bbox_area': 196, 'r0': 1, 'c0': 1, 'r1': 14, 'c1': 14, 'largest_component': 4}, {'color': 5, 'count': 46, 'bbox_h': 16, 'bbox_w': 16, 'bbox_area': 256, 'r0': 0, 'c0': 0, 'r1': 15, 'c1': 15, 'largest_component': 2}, {'color': 6, 'count': 27, 'bbox_h': 14, 'bbox_w': 14, 'bbox_area': 196, 'r0': 1, 'c0': 1, 'r1': 14, 'c1': 14, 'largest_component': 2}, {'color': 7, 'count': 14, 'bbox_h': 12, 'bbox_w': 12, 'bbox_area': 144, 'r0': 2, 'c0': 2, 'r1': 13, 'c1': 13, 'largest_component': 1}, {'color': 8, 'count': 16, 'bbox_h': 12, 'bbox_w': 12, 'bbox_area': 144, 'r0': 2, 'c0': 2, 'r1': 13, 'c1': 13, 'largest_component': 2}, {'color': 9, 'count': 28, 'bbox_h': 16, 'bbox_w': 16, 'bbox_area': 256, 'r0': 0, 'c0': 0, 'r1': 15, 'c1': 15, 'largest_component': 2}]","['largest_component_max_low', 'largest_component_max_high']"
202,6,"[{'color': 1, 'count': 16, 'bbox_h': 16, 'bbox_w': 16, 'bbox_area': 256, 'r0': 0, 'c0': 0, 'r1': 15, 'c1': 15, 'largest_component': 1}, {'color': 2, 'count': 36, 'bbox_h': 16, 'bbox_w': 16, 'bbox_area': 256, 'r0': 0, 'c0': 0, 'r1': 15, 'c1': 15, 'largest_component': 5}, {'color': 4, 'count': 35, 'bbox_h': 16, 'bbox_w': 16, 'bbox_area': 256, 'r0': 0, 'c0': 0, 'r1': 15, 'c1': 15, 'largest_component': 2}, {'color': 5, 'count': 60, 'bbox_h': 16, 'bbox_w': 16, 'bbox_area': 256, 'r0': 0, 'c0': 0, 'r1': 15, 'c1': 15, 'largest_component': 5}, {'color': 6, 'count': 39, 'bbox_h': 14, 'bbox_w': 14, 'bbox_area': 196, 'r0': 1, 'c0': 1, 'r1': 14, 'c1': 14, 'largest_component': 9}, {'color': 7, 'count': 28, 'bbox_h': 16, 'bbox_w': 16, 'bbox_area': 256, 'r0': 0, 'c0': 0, 'r1': 15, 'c1': 15, 'largest_component': 3}, {'color': 8, 'count': 22, 'bbox_h': 14, 'bbox_w': 14, 'bbox_area': 196, 'r0': 1, 'c0': 1, 'r1': 14, 'c1': 14, 'largest_component': 2}, {'color': 9, 'count': 11, 'bbox_h': 8, 'bbox_w': 8, 'bbox_area': 64, 'r0': 4, 'c0': 4, 'r1': 11, 'c1': 11, 'largest_component': 1}]","['largest_component_max_low', 'largest_component_max_high', 'count_rank1']"
203,7,"[{'color': 1, 'count': 32, 'bbox_h': 16, 'bbox_w': 16, 'bbox_area': 256, 'r0': 0, 'c0': 0, 'r1': 15, 'c1': 15, 'largest_component': 3}, {'color': 2, 'count': 24, 'bbox_h': 16, 'bbox_w': 16, 'bbox_area': 256, 'r0': 0, 'c0': 0, 'r1': 15, 'c1': 15, 'largest_component': 2}, {'color': 3, 'count': 11, 'bbox_h': 16, 'bbox_w': 16, 'bbox_area': 256, 'r0': 0, 'c0': 0, 'r1': 15, 'c1': 15, 'largest_component': 3}, {'color': 4, 'count': 26, 'bbox_h': 16, 'bbox_w': 16, 'bbox_area': 256, 'r0': 0, 'c0': 0, 'r1': 15, 'c1': 15, 'largest_component': 2}, {'color': 5, 'count': 8, 'bbox_h': 8, 'bbox_w': 8, 'bbox_area': 64, 'r0': 4, 'c0': 4, 'r1': 11, 'c1': 11, 'largest_component': 1}, {'color': 6, 'count': 27, 'bbox_h': 14, 'bbox_w': 14, 'bbox_area': 196, 'r0': 1, 'c0': 1, 'r1': 14, 'c1': 14, 'largest_component': 2}, {'color': 7, 'count': 49, 'bbox_h': 16, 'bbox_w': 16, 'bbox_area': 256, 'r0': 0, 'c0': 0, 'r1': 15, 'c1': 15, 'largest_component': 9}, {'color': 8, 'count': 12, 'bbox_h': 10, 'bbox_w': 10, 'bbox_area': 100, 'r0': 3, 'c0': 3, 'r1': 12, 'c1': 12, 'largest_component': 1}, {'color': 9, 'count': 58, 'bbox_h': 16, 'bbox_w': 16, 'bbox_area': 256, 'r0': 0, 'c0': 0, 'r1': 15, 'c1': 15, 'largest_component': 4}]","['largest_component_max_low', 'largest_component_max_high', 'count_rank1', 'area_rank4']"
204,5,"[{'color': 1, 'count': 43, 'bbox_h': 16, 'bbox_w': 16, 'bbox_area': 256, 'r0': 0, 'c0': 0, 'r1': 15, 'c1': 15, 'largest_component': 2}, {'color': 2, 'count': 8, 'bbox_h': 8, 'bbox_w': 8, 'bbox_area': 64, 'r0': 4, 'c0': 4, 'r1': 11, 'c1': 11, 'largest_component': 1}, {'color': 3, 'count': 16, 'bbox_h': 16, 'bbox_w': 16, 'bbox_area': 256, 'r0': 0, 'c0': 0, 'r1': 15, 'c1': 15, 'largest_component': 2}, {'color': 4, 'count': 8, 'bbox_h': 10, 'bbox_w': 10, 'bbox_area': 100, 'r0': 3, 'c0': 3, 'r1': 12, 'c1': 12, 'largest_component': 1}, {'color': 5, 'count': 53, 'bbox_h': 16, 'bbox_w': 16, 'bbox_area': 256, 'r0': 0, 'c0': 0, 'r1': 15, 'c1': 15, 'largest_component': 5}, {'color': 6, 'count': 33, 'bbox_h': 16, 'bbox_w': 16, 'bbox_area': 256, 'r0': 0, 'c0': 0, 'r1': 15, 'c1': 15, 'largest_component': 3}, {'color': 7, 'count': 46, 'bbox_h': 14, 'bbox_w': 14, 'bbox_area': 196, 'r0': 1, 'c0': 1, 'r1': 14, 'c1': 14, 'largest_component': 4}, {'color': 8, 'count': 12, 'bbox_h': 16, 'bbox_w': 16, 'bbox_area': 256, 'r0': 0, 'c0': 0, 'r1': 15, 'c1': 15, 'largest_component': 4}, {'color': 9, 'count': 28, 'bbox_h': 16, 'bbox_w': 16, 'bbox_area': 256, 'r0': 0, 'c0': 0, 'r1': 15, 'c1': 15, 'largest_component': 2}]","['count_max_low', 'count_max_high', 'largest_component_max_low', 'largest_component_max_high', 'count_rank0', 'area_rank2']"
205,8,"[{'color': 1, 'count': 12, 'bbox_h': 10, 'bbox_w': 10, 'bbox_area': 100, 'r0': 3, 'c0': 3, 'r1': 12, 'c1': 12, 'largest_component': 1}, {'color': 2, 'count': 12, 'bbox_h': 16, 'bbox_w': 16, 'bbox_area': 256, 'r0': 0, 'c0': 0, 'r1': 15, 'c1': 15, 'largest_component': 2}, {'color': 3, 'count': 42, 'bbox_h': 14, 'bbox_w': 14, 'bbox_area': 196, 'r0': 1, 'c0': 1, 'r1': 14, 'c1': 14, 'largest_component': 4}, {'color': 4, 'count': 35, 'bbox_h': 12, 'bbox_w': 12, 'bbox_area': 144, 'r0': 2, 'c0': 2, 'r1': 13, 'c1': 13, 'largest_component': 4}, {'color': 5, 'count': 27, 'bbox_h': 16, 'bbox_w': 16, 'bbox_area': 256, 'r0': 0, 'c0': 0, 'r1': 15, 'c1': 15, 'largest_component': 3}, {'color': 6, 'count': 46, 'bbox_h': 16, 'bbox_w': 16, 'bbox_area': 256, 'r0': 0, 'c0': 0, 'r1': 15, 'c1': 15, 'largest_component': 3}, {'color': 7, 'count': 15, 'bbox_h': 14, 'bbox_w': 14, 'bbox_area': 196, 'r0': 1, 'c0': 1, 'r1': 14, 'c1': 14, 'largest_component': 1}, {'color': 8, 'count': 34, 'bbox_h': 16, 'bbox_w': 16, 'bbox_area': 256, 'r0': 0, 'c0': 0, 'r1': 15, 'c1': 15, 'largest_component': 5}, {'color': 9, 'count': 24, 'bbox_h': 16, 'bbox_w': 16, 'bbox_area': 256, 'r0': 0, 'c0': 0, 'r1': 15, 'c1': 15, 'largest_component': 4}]","['largest_component_max_low', 'largest_component_max_high', 'count_rank3', 'area_rank3']"
206,1,"[{'color': 1, 'count': 26, 'bbox_h': 16, 'bbox_w': 16, 'bbox_area': 256, 'r0': 0, 'c0': 0, 'r1': 15, 'c1': 15, 'largest_component': 2}, {'color': 2, 'count': 27, 'bbox_h': 16, 'bbox_w': 16, 'bbox_area': 256, 'r0': 0, 'c0': 0, 'r1': 15, 'c1': 15, 'largest_component': 3}, {'color': 3, 'count': 66, 'bbox_h': 16, 'bbox_w': 16, 'bbox_area': 256, 'r0': 0, 'c0': 0, 'r1': 15, 'c1': 15, 'largest_component': 4}, {'color': 5, 'count': 39, 'bbox_h': 16, 'bbox_w': 16, 'bbox_area': 256, 'r0': 0, 'c0': 0, 'r1': 15, 'c1': 15, 'largest_component': 2}, {'color': 6, 'count': 43, 'bbox_h': 16, 'bbox_w': 16, 'bbox_area': 256, 'r0': 0, 'c0': 0, 'r1': 15, 'c1': 15, 'largest_component': 3}, {'color': 7, 'count': 23, 'bbox_h': 14, 'bbox_w': 14, 'bbox_area': 196, 'r0': 1, 'c0': 1, 'r1': 14, 'c1': 14, 'largest_component': 4}, {'color': 8, 'count': 16, 'bbox_h': 10, 'bbox_w': 10, 'bbox_area': 100, 'r0': 3, 'c0': 3, 'r1': 12, 'c1': 12, 'largest_component': 4}, {'color': 9, 'count': 7, 'bbox_h': 12, 'bbox_w': 12, 'bbox_area': 144, 'r0': 2, 'c0': 2, 'r1': 13, 'c1': 13, 'largest_component': 2}]","['bbox_h_max_low', 'bbox_w_max_low', 'bbox_area_max_low', 'r0_min_low', 'c0_min_low', 'r1_max_low', 'c1_max_low', 'largest_component_min_low', 'count_rank4', 'area_rank0']"
207,4,"[{'color': 1, 'count': 46, 'bbox_h': 16, 'bbox_w': 16, 'bbox_area': 256, 'r0': 0, 'c0': 0, 'r1': 15, 'c1': 15, 'largest_component': 2}, {'color': 2, 'count': 32, 'bbox_h': 16, 'bbox_w': 16, 'bbox_area': 256, 'r0': 0, 'c0': 0, 'r1': 15, 'c1': 15, 'largest_component': 2}, {'color': 3, 'count': 36, 'bbox_h': 14, 'bbox_w': 14, 'bbox_area': 196, 'r0': 1, 'c0': 1, 'r1': 14, 'c1': 14, 'largest_component': 2}, {'color': 4, 'count': 41, 'bbox_h': 16, 'bbox_w': 16, 'bbox_area': 256, 'r0': 0, 'c0': 0, 'r1': 15, 'c1': 15, 'largest_component': 3}, {'color': 5, 'count': 16, 'bbox_h': 16, 'bbox_w': 16, 'bbox_area': 256, 'r0': 0, 'c0': 0, 'r1': 15, 'c1': 15, 'largest_component': 4}, {'color': 6, 'count': 14, 'bbox_h': 16, 'bbox_w': 16, 'bbox_area': 256, 'r0': 0, 'c0': 0, 'r1': 15, 'c1': 15, 'largest_component': 1}, {'color': 7, 'count': 16, 'bbox_h': 12, 'bbox_w': 12, 'bbox_area': 144, 'r0': 2, 'c0': 2, 'r1': 13, 'c1': 13, 'largest_component': 1}, {'color': 8, 'count': 27, 'bbox_h': 14, 'bbox_w': 14, 'bbox_area': 196, 'r0': 1, 'c0': 1, 'r1': 14, 'c1': 14, 'largest_component': 4}, {'color': 9, 'count': 19, 'bbox_h': 16, 'bbox_w': 16, 'bbox_area': 256, 'r0': 0, 'c0': 0, 'r1': 15, 'c1': 15, 'largest_component': 3}]","['count_rank1', 'area_rank2']"
208,7,"[{'color': 1, 'count': 44, 'bbox_h': 16, 'bbox_w': 16, 'bbox_area': 256, 'r0': 0, 'c0': 0, 'r1': 15, 'c1': 15, 'largest_component': 2}, {'color': 2, 'count': 27, 'bbox_h': 14, 'bbox_w': 14, 'bbox_area': 196, 'r0': 1, 'c0': 1, 'r1': 14, 'c1': 14, 'largest_component': 2}, {'color': 3, 'count': 11, 'bbox_h': 16, 'bbox_w': 16, 'bbox_area': 256, 'r0': 0, 'c0': 0, 'r1': 15, 'c1': 15, 'largest_component': 1}, {'color': 4, 'count': 16, 'bbox_h': 16, 'bbox_w': 16, 'bbox_area': 256, 'r0': 0, 'c0': 0, 'r1': 15, 'c1': 15, 'largest_component': 1}, {'color': 5, 'count': 39, 'bbox_h': 12, 'bbox_w': 12, 'bbox_area': 144, 'r0': 2, 'c0': 2, 'r1': 13, 'c1': 13, 'largest_component': 4}, {'color': 6, 'count': 20, 'bbox_h': 16, 'bbox_w': 16, 'bbox_area': 256, 'r0': 0, 'c0': 0, 'r1': 15, 'c1': 15, 'largest_component': 4}, {'color': 7, 'count': 32, 'bbox_h': 14, 'bbox_w': 14, 'bbox_area': 196, 'r0': 1, 'c0': 1, 'r1': 14, 'c1': 14, 'largest_component': 2}, {'color': 8, 'count': 32, 'bbox_h': 16, 'bbox_w': 16, 'bbox_area': 256, 'r0': 0, 'c0': 0, 'r1': 15, 'c1': 15, 'largest_component': 2}, {'color': 9, 'count': 26, 'bbox_h': 16, 'bbox_w': 16, 'bbox_area': 256, 'r0': 0, 'c0': 0, 'r1': 15, 'c1': 15, 'largest_component': 2}]",['count_rank2']
209,6,"[{'color': 1, 'count': 12, 'bbox_h': 14, 'bbox_w': 14, 'bbox_area': 196, 'r0': 1, 'c0': 1, 'r1': 14, 'c1': 14, 'largest_component': 2}, {'color': 2, 'count': 15, 'bbox_h': 12, 'bbox_w': 12, 'bbox_area': 144, 'r0': 2, 'c0': 2, 'r1': 13, 'c1': 13, 'largest_component': 2}, {'color': 3, 'count': 16, 'bbox_h': 16, 'bbox_w': 16, 'bbox_area': 256, 'r0': 0, 'c0': 0, 'r1': 15, 'c1': 15, 'largest_component': 4}, {'color': 4, 'count': 20, 'bbox_h': 16, 'bbox_w': 16, 'bbox_area': 256, 'r0': 0, 'c0': 0, 'r1': 15, 'c1': 15, 'largest_component': 2}, {'color': 5, 'count': 30, 'bbox_h': 16, 'bbox_w': 16, 'bbox_area': 256, 'r0': 0, 'c0': 0, 'r1': 15, 'c1': 15, 'largest_component': 2}, {'color': 6, 'count': 49, 'bbox_h': 16, 'bbox_w': 16, 'bbox_area': 256, 'r0': 0, 'c0': 0, 'r1': 15, 'c1': 15, 'largest_component': 12}, {'color': 7, 'count': 24, 'bbox_h': 10, 'bbox_w': 10, 'bbox_area': 100, 'r0': 3, 'c0': 3, 'r1': 12, 'c1': 12, 'largest_component': 2}, {'color': 8, 'count': 47, 'bbox_h': 16, 'bbox_w': 16, 'bbox_area': 256, 'r0': 0, 'c0': 0, 'r1': 15, 'c1': 15, 'largest_component': 2}, {'color': 9, 'count': 34, 'bbox_h': 16, 'bbox_w': 16, 'bbox_area': 256, 'r0': 0, 'c0': 0, 'r1': 15, 'c1': 15, 'largest_component': 3}]","['count_max_low', 'count_max_high', 'largest_component_max_low', 'largest_component_max_high', 'count_rank0', 'area_rank3']"
210,7,"[{'color': 1, 'count': 28, 'bbox_h': 14, 'bbox_w': 14, 'bbox_area': 196, 'r0': 1, 'c0': 1, 'r1': 14, 'c1': 14, 'largest_component': 2}, {'color': 2, 'count': 30, 'bbox_h': 16, 'bbox_w': 16, 'bbox_area': 256, 'r0': 0, 'c0': 0, 'r1': 15, 'c1': 15, 'largest_component': 4}, {'color': 3, 'count': 36, 'bbox_h': 16, 'bbox_w': 16, 'bbox_area': 256, 'r0': 0, 'c0': 0, 'r1': 15, 'c1': 15, 'largest_component': 2}, {'color': 4, 'count': 11, 'bbox_h': 16, 'bbox_w': 16, 'bbox_area': 256, 'r0': 0, 'c0': 0, 'r1': 15, 'c1': 15, 'largest_component': 1}, {'color': 5, 'count': 12, 'bbox_h': 8, 'bbox_w': 8, 'bbox_area': 64, 'r0': 4, 'c0': 4, 'r1': 11, 'c1': 11, 'largest_component': 3}, {'color': 6, 'count': 35, 'bbox_h': 16, 'bbox_w': 16, 'bbox_area': 256, 'r0': 0, 'c0': 0, 'r1': 15, 'c1': 15, 'largest_component': 2}, {'color': 7, 'count': 61, 'bbox_h': 16, 'bbox_w': 16, 'bbox_area': 256, 'r0': 0, 'c0': 0, 'r1': 15, 'c1': 15, 'largest_component': 2}, {'color': 8, 'count': 23, 'bbox_h': 12, 'bbox_w': 12, 'bbox_area': 144, 'r0': 2, 'c0': 2, 'r1': 13, 'c1': 13, 'largest_component': 2}, {'color': 9, 'count': 11, 'bbox_h': 14, 'bbox_w': 14, 'bbox_area': 196, 'r0': 1, 'c0': 1, 'r1': 14, 'c1': 14, 'largest_component': 1}]","['count_max_low', 'count_max_high', 'bbox_h_max_high', 'bbox_w_max_high', 'bbox_area_max_high', 'r0_min_high', 'c0_min_high', 'r1_max_high', 'c1_max_high', 'count_rank0', 'area_rank4']"
211,7,"[{'color': 1, 'count': 24, 'bbox_h': 12, 'bbox_w': 12, 'bbox_area': 144, 'r0': 2, 'c0': 2, 'r1': 13, 'c1': 13, 'largest_component': 2}, {'color': 2, 'count': 15, 'bbox_h': 16, 'bbox_w': 16, 'bbox_area': 256, 'r0': 0, 'c0': 0, 'r1': 15, 'c1': 15, 'largest_component': 1}, {'color': 4, 'count': 16, 'bbox_h': 14, 'bbox_w': 14, 'bbox_area': 196, 'r0': 1, 'c0': 1, 'r1': 14, 'c1': 14, 'largest_component': 1}, {'color': 5, 'count': 26, 'bbox_h': 16, 'bbox_w': 16, 'bbox_area': 256, 'r0': 0, 'c0': 0, 'r1': 15, 'c1': 15, 'largest_component': 1}, {'color': 6, 'count': 54, 'bbox_h': 16, 'bbox_w': 16, 'bbox_area': 256, 'r0': 0, 'c0': 0, 'r1': 15, 'c1': 15, 'largest_component': 4}, {'color': 7, 'count': 49, 'bbox_h': 16, 'bbox_w': 16, 'bbox_area': 256, 'r0': 0, 'c0': 0, 'r1': 15, 'c1': 15, 'largest_component': 12}, {'color': 8, 'count': 40, 'bbox_h': 16, 'bbox_w': 16, 'bbox_area': 256, 'r0': 0, 'c0': 0, 'r1': 15, 'c1': 15, 'largest_component': 3}, {'color': 9, 'count': 23, 'bbox_h': 16, 'bbox_w': 16, 'bbox_area': 256, 'r0': 0, 'c0': 0, 'r1': 15, 'c1': 15, 'largest_component': 1}]","['largest_component_max_low', 'largest_component_max_high', 'count_rank1', 'area_rank3']"
212,7,"[{'color': 1, 'count': 16, 'bbox_h': 14, 'bbox_w': 14, 'bbox_area': 196, 'r0': 1, 'c0': 1, 'r1': 14, 'c1': 14, 'largest_component': 2}, {'color': 2, 'count': 28, 'bbox_h': 16, 'bbox_w': 16, 'bbox_area': 256, 'r0': 0, 'c0': 0, 'r1': 15, 'c1': 15, 'largest_component': 3}, {'color': 3, 'count': 50, 'bbox_h': 16, 'bbox_w': 16, 'bbox_area': 256, 'r0': 0, 'c0': 0, 'r1': 15, 'c1': 15, 'largest_component': 3}, {'color': 4, 'count': 32, 'bbox_h': 16, 'bbox_w': 16, 'bbox_area': 256, 'r0': 0, 'c0': 0, 'r1': 15, 'c1': 15, 'largest_component': 3}, {'color': 5, 'count': 23, 'bbox_h': 12, 'bbox_w': 12, 'bbox_area': 144, 'r0': 2, 'c0': 2, 'r1': 13, 'c1': 13, 'largest_component': 3}, {'color': 6, 'count': 23, 'bbox_h': 14, 'bbox_w': 14, 'bbox_area': 196, 'r0': 1, 'c0': 1, 'r1': 14, 'c1': 14, 'largest_component': 2}, {'color': 7, 'count': 34, 'bbox_h': 16, 'bbox_w': 16, 'bbox_area': 256, 'r0': 0, 'c0': 0, 'r1': 15, 'c1': 15, 'largest_component': 4}, {'color': 8, 'count': 30, 'bbox_h': 16, 'bbox_w': 16, 'bbox_area': 256, 'r0': 0, 'c0': 0, 'r1': 15, 'c1': 15, 'largest_component': 1}, {'color': 9, 'count': 11, 'bbox_h': 12, 'bbox_w': 12, 'bbox_area': 144, 'r0': 2, 'c0': 2, 'r1': 13, 'c1': 13, 'largest_component': 1}]","['largest_component_max_low', 'largest_component_max_high', 'count_rank1', 'area_rank3']"
213,3,"[{'color': 1, 'count': 27, 'bbox_h': 14, 'bbox_w': 14, 'bbox_area': 196, 'r0': 1, 'c0': 1, 'r1': 14, 'c1': 14, 'largest_component': 2}, {'color': 2, 'count': 23, 'bbox_h': 16, 'bbox_w': 16, 'bbox_area': 256, 'r0': 0, 'c0': 0, 'r1': 15, 'c1': 15, 'largest_component': 3}, {'color': 3, 'count': 42, 'bbox_h': 16, 'bbox_w': 16, 'bbox_area': 256, 'r0': 0, 'c0': 0, 'r1': 15, 'c1': 15, 'largest_component': 4}, {'color': 4, 'count': 23, 'bbox_h': 12, 'bbox_w': 12, 'bbox_area': 144, 'r0': 2, 'c0': 2, 'r1': 13, 'c1': 13, 'largest_component': 2}, {'color': 5, 'count': 31, 'bbox_h': 16, 'bbox_w': 16, 'bbox_area': 256, 'r0': 0, 'c0': 0, 'r1': 15, 'c1': 15, 'largest_component': 1}, {'color': 6, 'count': 31, 'bbox_h': 12, 'bbox_w': 12, 'bbox_area': 144, 'r0': 2, 'c0': 2, 'r1': 13, 'c1': 13, 'largest_component': 4}, {'color': 7, 'count': 39, 'bbox_h': 16, 'bbox_w': 16, 'bbox_area': 256, 'r0': 0, 'c0': 0, 'r1': 15, 'c1': 15, 'largest_component': 2}, {'color': 8, 'count': 4, 'bbox_h': 10, 'bbox_w': 10, 'bbox_area': 100, 'r0': 3, 'c0': 3, 'r1': 12, 'c1': 12, 'largest_component': 1}, {'color': 9, 'count': 27, 'bbox_h': 16, 'bbox_w': 16, 'bbox_area': 256, 'r0': 0, 'c0': 0, 'r1': 15, 'c1': 15, 'largest_component': 1}]","['count_max_low', 'count_max_high', 'largest_component_max_low', 'count_rank0', 'area_rank1']"
214,9,"[{'color': 1, 'count': 9, 'bbox_h': 12, 'bbox_w': 12, 'bbox_area': 144, 'r0': 2, 'c0': 2, 'r1': 13, 'c1': 13, 'largest_component': 3}, {'color': 2, 'count': 32, 'bbox_h': 16, 'bbox_w': 16, 'bbox_area': 256, 'r0': 0, 'c0': 0, 'r1': 15, 'c1': 15, 'largest_component': 2}, {'color': 3, 'count': 28, 'bbox_h': 16, 'bbox_w': 16, 'bbox_area': 256, 'r0': 0, 'c0': 0, 'r1': 15, 'c1': 15, 'largest_component': 2}, {'color': 4, 'count': 35, 'bbox_h': 16, 'bbox_w': 16, 'bbox_area': 256, 'r0': 0, 'c0': 0, 'r1': 15, 'c1': 15, 'largest_component': 2}, {'color': 5, 'count': 27, 'bbox_h': 14, 'bbox_w': 14, 'bbox_area': 196, 'r0': 1, 'c0': 1, 'r1': 14, 'c1': 14, 'largest_component': 2}, {'color': 6, 'count': 24, 'bbox_h': 16, 'bbox_w': 16, 'bbox_area': 256, 'r0': 0, 'c0': 0, 'r1': 15, 'c1': 15, 'largest_component': 1}, {'color': 7, 'count': 28, 'bbox_h': 16, 'bbox_w': 16, 'bbox_area': 256, 'r0': 0, 'c0': 0, 'r1': 15, 'c1': 15, 'largest_component': 2}, {'color': 8, 'count': 20, 'bbox_h': 12, 'bbox_w': 12, 'bbox_area': 144, 'r0': 2, 'c0': 2, 'r1': 13, 'c1': 13, 'largest_component': 4}, {'color': 9, 'count': 44, 'bbox_h': 14, 'bbox_w': 14, 'bbox_area': 196, 'r0': 1, 'c0': 1, 'r1': 14, 'c1': 14, 'largest_component': 2}]","['count_max_low', 'count_max_high', 'count_rank0']"
215,2,"[{'color': 1, 'count': 23, 'bbox_h': 14, 'bbox_w': 14, 'bbox_area': 196, 'r0': 1, 'c0': 1, 'r1': 14, 'c1': 14, 'largest_component': 2}, {'color': 2, 'count': 60, 'bbox_h': 16, 'bbox_w': 16, 'bbox_area': 256, 'r0': 0, 'c0': 0, 'r1': 15, 'c1': 15, 'largest_component': 4}, {'color': 3, 'count': 32, 'bbox_h': 16, 'bbox_w': 16, 'bbox_area': 256, 'r0': 0, 'c0': 0, 'r1': 15, 'c1': 15, 'largest_component': 2}, {'color': 4, 'count': 41, 'bbox_h': 14, 'bbox_w': 14, 'bbox_area': 196, 'r0': 1, 'c0': 1, 'r1': 14, 'c1': 14, 'largest_component': 3}, {'color': 5, 'count': 16, 'bbox_h': 16, 'bbox_w': 16, 'bbox_area': 256, 'r0': 0, 'c0': 0, 'r1': 15, 'c1': 15, 'largest_component': 1}, {'color': 6, 'count': 15, 'bbox_h': 14, 'bbox_w': 14, 'bbox_area': 196, 'r0': 1, 'c0': 1, 'r1': 14, 'c1': 14, 'largest_component': 1}, {'color': 7, 'count': 8, 'bbox_h': 14, 'bbox_w': 14, 'bbox_area': 196, 'r0': 1, 'c0': 1, 'r1': 14, 'c1': 14, 'largest_component': 2}, {'color': 8, 'count': 24, 'bbox_h': 16, 'bbox_w': 16, 'bbox_area': 256, 'r0': 0, 'c0': 0, 'r1': 15, 'c1': 15, 'largest_component': 2}, {'color': 9, 'count': 28, 'bbox_h': 16, 'bbox_w': 16, 'bbox_area': 256, 'r0': 0, 'c0': 0, 'r1': 15, 'c1': 15, 'largest_component': 2}]","['count_max_low', 'count_max_high', 'bbox_h_max_low', 'bbox_w_max_low', 'bbox_area_max_low', 'r0_min_low', 'c0_min_low', 'r1_max_low', 'c1_max_low', 'largest_component_max_low', 'largest_component_max_high', 'count_rank0', 'area_rank0']"
216,9,"[{'color': 1, 'count': 24, 'bbox_h': 16, 'bbox_w': 16, 'bbox_area': 256, 'r0': 0, 'c0': 0, 'r1': 15, 'c1': 15, 'largest_component': 1}, {'color': 2, 'count': 38, 'bbox_h': 16, 'bbox_w': 16, 'bbox_area': 256, 'r0': 0, 'c0': 0, 'r1': 15, 'c1': 15, 'largest_component': 4}, {'color': 3, 'count': 8, 'bbox_h': 16, 'bbox_w': 16, 'bbox_area': 256, 'r0': 0, 'c0': 0, 'r1': 15, 'c1': 15, 'largest_component': 1}, {'color': 4, 'count': 30, 'bbox_h': 14, 'bbox_w': 14, 'bbox_area': 196, 'r0': 1, 'c0': 1, 'r1': 14, 'c1': 14, 'largest_component': 1}, {'color': 5, 'count': 32, 'bbox_h': 14, 'bbox_w': 14, 'bbox_area': 196, 'r0': 1, 'c0': 1, 'r1': 14, 'c1': 14, 'largest_component': 6}, {'color': 6, 'count': 54, 'bbox_h': 16, 'bbox_w': 16, 'bbox_area': 256, 'r0': 0, 'c0': 0, 'r1': 15, 'c1': 15, 'largest_component': 4}, {'color': 7, 'count': 12, 'bbox_h': 12, 'bbox_w': 12, 'bbox_area': 144, 'r0': 2, 'c0': 2, 'r1': 13, 'c1': 13, 'largest_component': 1}, {'color': 8, 'count': 16, 'bbox_h': 14, 'bbox_w': 14, 'bbox_area': 196, 'r0': 1, 'c0': 1, 'r1': 14, 'c1': 14, 'largest_component': 1}, {'color': 9, 'count': 33, 'bbox_h': 16, 'bbox_w': 16, 'bbox_area': 256, 'r0': 0, 'c0': 0, 'r1': 15, 'c1': 15, 'largest_component': 2}]","['bbox_h_max_high', 'bbox_w_max_high', 'bbox_area_max_high', 'r0_min_high', 'c0_min_high', 'r1_max_high', 'c1_max_high', 'count_rank2', 'area_rank4']"
217,9,"[{'color': 1, 'count': 16, 'bbox_h': 16, 'bbox_w': 16, 'bbox_area': 256, 'r0': 0, 'c0': 0, 'r1': 15, 'c1': 15, 'largest_component': 2}, {'color': 2, 'count': 35, 'bbox_h': 16, 'bbox_w': 16, 'bbox_area': 256, 'r0': 0, 'c0': 0, 'r1': 15, 'c1': 15, 'largest_component': 4}, {'color': 3, 'count': 24, 'bbox_h': 16, 'bbox_w': 16, 'bbox_area': 256, 'r0': 0, 'c0': 0, 'r1': 15, 'c1': 15, 'largest_component': 1}, {'color': 4, 'count': 32, 'bbox_h': 14, 'bbox_w': 14, 'bbox_area': 196, 'r0': 1, 'c0': 1, 'r1': 14, 'c1': 14, 'largest_component': 28}, {'color': 5, 'count': 31, 'bbox_h': 16, 'bbox_w': 16, 'bbox_area': 256, 'r0': 0, 'c0': 0, 'r1': 15, 'c1': 15, 'largest_component': 2}, {'color': 6, 'count': 53, 'bbox_h': 16, 'bbox_w': 16, 'bbox_area': 256, 'r0': 0, 'c0': 0, 'r1': 15, 'c1': 15, 'largest_component': 3}, {'color': 7, 'count': 12, 'bbox_h': 16, 'bbox_w': 16, 'bbox_area': 256, 'r0': 0, 'c0': 0, 'r1': 15, 'c1': 15, 'largest_component': 1}, {'color': 8, 'count': 7, 'bbox_h': 10, 'bbox_w': 10, 'bbox_area': 100, 'r0': 3, 'c0': 3, 'r1': 12, 'c1': 12, 'largest_component': 1}, {'color': 9, 'count': 37, 'bbox_h': 14, 'bbox_w': 14, 'bbox_area': 196, 'r0': 1, 'c0': 1, 'r1': 14, 'c1': 14, 'largest_component': 2}]",['count_rank1']
218,7,"[{'color': 1, 'count': 23, 'bbox_h': 16, 'bbox_w': 16, 'bbox_area': 256, 'r0': 0, 'c0': 0, 'r1': 15, 'c1': 15, 'largest_component': 2}, {'color': 2, 'count': 24, 'bbox_h': 16, 'bbox_w': 16, 'bbox_area': 256, 'r0': 0, 'c0': 0, 'r1': 15, 'c1': 15, 'largest_component': 1}, {'color': 3, 'count': 23, 'bbox_h': 16, 'bbox_w': 16, 'bbox_area': 256, 'r0': 0, 'c0': 0, 'r1': 15, 'c1': 15, 'largest_component': 2}, {'color': 4, 'count': 32, 'bbox_h': 16, 'bbox_w': 16, 'bbox_area': 256, 'r0': 0, 'c0': 0, 'r1': 15, 'c1': 15, 'largest_component': 4}, {'color': 5, 'count': 16, 'bbox_h': 14, 'bbox_w': 14, 'bbox_area': 196, 'r0': 1, 'c0': 1, 'r1': 14, 'c1': 14, 'largest_component': 2}, {'color': 6, 'count': 22, 'bbox_h': 14, 'bbox_w': 14, 'bbox_area': 196, 'r0': 1, 'c0': 1, 'r1': 14, 'c1': 14, 'largest_component': 2}, {'color': 7, 'count': 30, 'bbox_h': 16, 'bbox_w': 16, 'bbox_area': 256, 'r0': 0, 'c0': 0, 'r1': 15, 'c1': 15, 'largest_component': 2}, {'color': 8, 'count': 35, 'bbox_h': 14, 'bbox_w': 14, 'bbox_area': 196, 'r0': 1, 'c0': 1, 'r1': 14, 'c1': 14, 'largest_component': 2}, {'color': 9, 'count': 42, 'bbox_h': 16, 'bbox_w': 16, 'bbox_area': 256, 'r0': 0, 'c0': 0, 'r1': 15, 'c1': 15, 'largest_component': 2}]","['count_rank3', 'area_rank4']"
219,7,"[{'color': 1, 'count': 28, 'bbox_h': 16, 'bbox_w': 16, 'bbox_area': 256, 'r0': 0, 'c0': 0, 'r1': 15, 'c1': 15, 'largest_component': 1}, {'color': 2, 'count': 22, 'bbox_h': 16, 'bbox_w': 16, 'bbox_area': 256, 'r0': 0, 'c0': 0, 'r1': 15, 'c1': 15, 'largest_component': 2}, {'color': 3, 'count': 3, 'bbox_h': 12, 'bbox_w': 12, 'bbox_area': 144, 'r0': 2, 'c0': 2, 'r1': 13, 'c1': 13, 'largest_component': 1}, {'color': 4, 'count': 26, 'bbox_h': 14, 'bbox_w': 14, 'bbox_area': 196, 'r0': 1, 'c0': 1, 'r1': 14, 'c1': 14, 'largest_component': 2}, {'color': 5, 'count': 38, 'bbox_h': 16, 'bbox_w': 16, 'bbox_area': 256, 'r0': 0, 'c0': 0, 'r1': 15, 'c1': 15, 'largest_component': 2}, {'color': 6, 'count': 44, 'bbox_h': 16, 'bbox_w': 16, 'bbox_area': 256, 'r0': 0, 'c0': 0, 'r1': 15, 'c1': 15, 'largest_component': 3}, {'color': 7, 'count': 54, 'bbox_h': 16, 'bbox_w': 16, 'bbox_area': 256, 'r0': 0, 'c0': 0, 'r1': 15, 'c1': 15, 'largest_component': 4}, {'color': 8, 'count': 16, 'bbox_h': 16, 'bbox_w': 16, 'bbox_area': 256, 'r0': 0, 'c0': 0, 'r1': 15, 'c1': 15, 'largest_component': 2}, {'color': 9, 'count': 16, 'bbox_h': 6, 'bbox_w': 6, 'bbox_area': 36, 'r0': 5, 'c0': 5, 'r1': 10, 'c1': 10, 'largest_component': 2}]","['count_max_low', 'count_max_high', 'largest_component_max_low', 'largest_component_max_high', 'count_rank0', 'area_rank4']"
220,3,"[{'color': 1, 'count': 34, 'bbox_h': 16, 'bbox_w': 16, 'bbox_area': 256, 'r0': 0, 'c0': 0, 'r1': 15, 'c1': 15, 'largest_component': 3}, {'color': 2, 'count': 35, 'bbox_h': 14, 'bbox_w': 14, 'bbox_area': 196, 'r0': 1, 'c0': 1, 'r1': 14, 'c1': 14, 'largest_component': 4}, {'color': 3, 'count': 29, 'bbox_h': 14, 'bbox_w': 14, 'bbox_area': 196, 'r0': 1, 'c0': 1, 'r1': 14, 'c1': 14, 'largest_component': 4}, {'color': 4, 'count': 31, 'bbox_h': 16, 'bbox_w': 16, 'bbox_area': 256, 'r0': 0, 'c0': 0, 'r1': 15, 'c1': 15, 'largest_component': 1}, {'color': 5, 'count': 32, 'bbox_h': 16, 'bbox_w': 16, 'bbox_area': 256, 'r0': 0, 'c0': 0, 'r1': 15, 'c1': 15, 'largest_component': 3}, {'color': 6, 'count': 27, 'bbox_h': 16, 'bbox_w': 16, 'bbox_area': 256, 'r0': 0, 'c0': 0, 'r1': 15, 'c1': 15, 'largest_component': 1}, {'color': 7, 'count': 12, 'bbox_h': 14, 'bbox_w': 14, 'bbox_area': 196, 'r0': 1, 'c0': 1, 'r1': 14, 'c1': 14, 'largest_component': 1}, {'color': 8, 'count': 32, 'bbox_h': 16, 'bbox_w': 16, 'bbox_area': 256, 'r0': 0, 'c0': 0, 'r1': 15, 'c1': 15, 'largest_component': 4}, {'color': 9, 'count': 15, 'bbox_h': 16, 'bbox_w': 16, 'bbox_area': 256, 'r0': 0, 'c0': 0, 'r1': 15, 'c1': 15, 'largest_component': 2}]",[]
221,9,"[{'color': 1, 'count': 24, 'bbox_h': 16, 'bbox_w': 16, 'bbox_area': 256, 'r0': 0, 'c0': 0, 'r1': 15, 'c1': 15, 'largest_component': 4}, {'color': 2, 'count': 22, 'bbox_h': 14, 'bbox_w': 14, 'bbox_area': 196, 'r0': 1, 'c0': 1, 'r1': 14, 'c1': 14, 'largest_component': 1}, {'color': 3, 'count': 24, 'bbox_h': 14, 'bbox_w': 14, 'bbox_area': 196, 'r0': 1, 'c0': 1, 'r1': 14, 'c1': 14, 'largest_component': 2}, {'color': 4, 'count': 16, 'bbox_h': 16, 'bbox_w': 16, 'bbox_area': 256, 'r0': 0, 'c0': 0, 'r1': 15, 'c1': 15, 'largest_component': 2}, {'color': 5, 'count': 48, 'bbox_h': 16, 'bbox_w': 16, 'bbox_area': 256, 'r0': 0, 'c0': 0, 'r1': 15, 'c1': 15, 'largest_component': 4}, {'color': 6, 'count': 24, 'bbox_h': 16, 'bbox_w': 16, 'bbox_area': 256, 'r0': 0, 'c0': 0, 'r1': 15, 'c1': 15, 'largest_component': 4}, {'color': 7, 'count': 34, 'bbox_h': 16, 'bbox_w': 16, 'bbox_area': 256, 'r0': 0, 'c0': 0, 'r1': 15, 'c1': 15, 'largest_component': 2}, {'color': 8, 'count': 22, 'bbox_h': 12, 'bbox_w': 12, 'bbox_area': 144, 'r0': 2, 'c0': 2, 'r1': 13, 'c1': 13, 'largest_component': 2}, {'color': 9, 'count': 33, 'bbox_h': 14, 'bbox_w': 14, 'bbox_area': 196, 'r0': 1, 'c0': 1, 'r1': 14, 'c1': 14, 'largest_component': 3}]",['count_rank2']
222,9,"[{'color': 1, 'count': 8, 'bbox_h': 10, 'bbox_w': 10, 'bbox_area': 100, 'r0': 3, 'c0': 3, 'r1': 12, 'c1': 12, 'largest_component': 1}, {'color': 2, 'count': 51, 'bbox_h': 12, 'bbox_w': 12, 'bbox_area': 144, 'r0': 2, 'c0': 2, 'r1': 13, 'c1': 13, 'largest_component': 12}, {'color': 3, 'count': 31, 'bbox_h': 16, 'bbox_w': 16, 'bbox_area': 256, 'r0': 0, 'c0': 0, 'r1': 15, 'c1': 15, 'largest_component': 1}, {'color': 4, 'count': 36, 'bbox_h': 16, 'bbox_w': 16, 'bbox_area': 256, 'r0': 0, 'c0': 0, 'r1': 15, 'c1': 15, 'largest_component': 4}, {'color': 5, 'count': 22, 'bbox_h': 14, 'bbox_w': 14, 'bbox_area': 196, 'r0': 1, 'c0': 1, 'r1': 14, 'c1': 14, 'largest_component': 2}, {'color': 6, 'count': 7, 'bbox_h': 16, 'bbox_w': 16, 'bbox_area': 256, 'r0': 0, 'c0': 0, 'r1': 15, 'c1': 15, 'largest_component': 1}, {'color': 7, 'count': 56, 'bbox_h': 16, 'bbox_w': 16, 'bbox_area': 256, 'r0': 0, 'c0': 0, 'r1': 15, 'c1': 15, 'largest_component': 6}, {'color': 8, 'count': 11, 'bbox_h': 12, 'bbox_w': 12, 'bbox_area': 144, 'r0': 2, 'c0': 2, 'r1': 13, 'c1': 13, 'largest_component': 1}, {'color': 9, 'count': 25, 'bbox_h': 16, 'bbox_w': 16, 'bbox_area': 256, 'r0': 0, 'c0': 0, 'r1': 15, 'c1': 15, 'largest_component': 3}]","['bbox_h_max_high', 'bbox_w_max_high', 'bbox_area_max_high', 'r0_min_high', 'c0_min_high', 'r1_max_high', 'c1_max_high', 'count_rank4', 'area_rank4']"
223,8,"[{'color': 1, 'count': 20, 'bbox_h': 16, 'bbox_w': 16, 'bbox_area': 256, 'r0': 0, 'c0': 0, 'r1': 15, 'c1': 15, 'largest_component': 4}, {'color': 2, 'count': 24, 'bbox_h': 14, 'bbox_w': 14, 'bbox_area': 196, 'r0': 1, 'c0': 1, 'r1': 14, 'c1': 14, 'largest_component': 2}, {'color': 3, 'count': 50, 'bbox_h': 16, 'bbox_w': 16, 'bbox_area': 256, 'r0': 0, 'c0': 0, 'r1': 15, 'c1': 15, 'largest_component': 6}, {'color': 4, 'count': 15, 'bbox_h': 12, 'bbox_w': 12, 'bbox_area': 144, 'r0': 2, 'c0': 2, 'r1': 13, 'c1': 13, 'largest_component': 2}, {'color': 5, 'count': 20, 'bbox_h': 16, 'bbox_w': 16, 'bbox_area': 256, 'r0': 0, 'c0': 0, 'r1': 15, 'c1': 15, 'largest_component': 2}, {'color': 6, 'count': 31, 'bbox_h': 14, 'bbox_w': 14, 'bbox_area': 196, 'r0': 1, 'c0': 1, 'r1': 14, 'c1': 14, 'largest_component': 2}, {'color': 7, 'count': 38, 'bbox_h': 16, 'bbox_w': 16, 'bbox_area': 256, 'r0': 0, 'c0': 0, 'r1': 15, 'c1': 15, 'largest_component': 2}, {'color': 8, 'count': 33, 'bbox_h': 16, 'bbox_w': 16, 'bbox_area': 256, 'r0': 0, 'c0': 0, 'r1': 15, 'c1': 15, 'largest_component': 1}, {'color': 9, 'count': 16, 'bbox_h': 14, 'bbox_w': 14, 'bbox_area': 196, 'r0': 1, 'c0': 1, 'r1': 14, 'c1': 14, 'largest_component': 1}]","['bbox_h_max_high', 'bbox_w_max_high', 'bbox_area_max_high', 'r0_min_high', 'c0_min_high', 'r1_max_high', 'c1_max_high', 'largest_component_min_low', 'count_rank2', 'area_rank4']"
224,4,"[{'color': 1, 'count': 27, 'bbox_h': 16, 'bbox_w': 16, 'bbox_area': 256, 'r0': 0, 'c0': 0, 'r1': 15, 'c1': 15, 'largest_component': 3}, {'color': 2, 'count': 28, 'bbox_h': 16, 'bbox_w': 16, 'bbox_area': 256, 'r0': 0, 'c0': 0, 'r1': 15, 'c1': 15, 'largest_component': 2}, {'color': 3, 'count': 51, 'bbox_h': 16, 'bbox_w': 16, 'bbox_area': 256, 'r0': 0, 'c0': 0, 'r1': 15, 'c1': 15, 'largest_component': 4}, {'color': 4, 'count': 22, 'bbox_h': 14, 'bbox_w': 14, 'bbox_area': 196, 'r0': 1, 'c0': 1, 'r1': 14, 'c1': 14, 'largest_component': 1}, {'color': 5, 'count': 32, 'bbox_h': 16, 'bbox_w': 16, 'bbox_area': 256, 'r0': 0, 'c0': 0, 'r1': 15, 'c1': 15, 'largest_component': 3}, {'color': 6, 'count': 15, 'bbox_h': 10, 'bbox_w': 10, 'bbox_area': 100, 'r0': 3, 'c0': 3, 'r1': 12, 'c1': 12, 'largest_component': 1}, {'color': 7, 'count': 11, 'bbox_h': 14, 'bbox_w': 14, 'bbox_area': 196, 'r0': 1, 'c0': 1, 'r1': 14, 'c1': 14, 'largest_component': 4}, {'color': 8, 'count': 22, 'bbox_h': 12, 'bbox_w': 12, 'bbox_area': 144, 'r0': 2, 'c0': 2, 'r1': 13, 'c1': 13, 'largest_component': 2}, {'color': 9, 'count': 39, 'bbox_h': 16, 'bbox_w': 16, 'bbox_area': 256, 'r0': 0, 'c0': 0, 'r1': 15, 'c1': 15, 'largest_component': 4}]",['largest_component_min_low']
225,9,"[{'color': 1, 'count': 34, 'bbox_h': 16, 'bbox_w': 16, 'bbox_area': 256, 'r0': 0, 'c0': 0, 'r1': 15, 'c1': 15, 'largest_component': 1}, {'color': 2, 'count': 44, 'bbox_h': 16, 'bbox_w': 16, 'bbox_area': 256, 'r0': 0, 'c0': 0, 'r1': 15, 'c1': 15, 'largest_component': 5}, {'color': 3, 'count': 30, 'bbox_h': 16, 'bbox_w': 16, 'bbox_area': 256, 'r0': 0, 'c0': 0, 'r1': 15, 'c1': 15, 'largest_component': 6}, {'color': 4, 'count': 24, 'bbox_h': 16, 'bbox_w': 16, 'bbox_area': 256, 'r0': 0, 'c0': 0, 'r1': 15, 'c1': 15, 'largest_component': 2}, {'color': 5, 'count': 36, 'bbox_h': 16, 'bbox_w': 16, 'bbox_area': 256, 'r0': 0, 'c0': 0, 'r1': 15, 'c1': 15, 'largest_component': 3}, {'color': 6, 'count': 11, 'bbox_h': 16, 'bbox_w': 16, 'bbox_area': 256, 'r0': 0, 'c0': 0, 'r1': 15, 'c1': 15, 'largest_component': 3}, {'color': 7, 'count': 11, 'bbox_h': 14, 'bbox_w': 14, 'bbox_area': 196, 'r0': 1, 'c0': 1, 'r1': 14, 'c1': 14, 'largest_component': 1}, {'color': 8, 'count': 36, 'bbox_h': 16, 'bbox_w': 16, 'bbox_area': 256, 'r0': 0, 'c0': 0, 'r1': 15, 'c1': 15, 'largest_component': 2}, {'color': 9, 'count': 21, 'bbox_h': 10, 'bbox_w': 10, 'bbox_area': 100, 'r0': 3, 'c0': 3, 'r1': 12, 'c1': 12, 'largest_component': 2}]","['bbox_h_min_low', 'bbox_h_min_high', 'bbox_w_min_low', 'bbox_w_min_high', 'bbox_area_min_low', 'bbox_area_min_high', 'r0_max_low', 'r0_max_high', 'c0_max_low', 'c0_max_high', 'r1_min_low', 'r1_min_high', 'c1_min_low', 'c1_min_high']"
226,4,"[{'color': 1, 'count': 42, 'bbox_h': 14, 'bbox_w': 14, 'bbox_area': 196, 'r0': 1, 'c0': 1, 'r1': 14, 'c1': 14, 'largest_component': 20}, {'color': 2, 'count': 24, 'bbox_h': 10, 'bbox_w': 10, 'bbox_area': 100, 'r0': 3, 'c0': 3, 'r1': 12, 'c1': 12, 'largest_component': 2}, {'color': 3, 'count': 19, 'bbox_h': 14, 'bbox_w': 14, 'bbox_area': 196, 'r0': 1, 'c0': 1, 'r1': 14, 'c1': 14, 'largest_component': 1}, {'color': 4, 'count': 34, 'bbox_h': 16, 'bbox_w': 16, 'bbox_area': 256, 'r0': 0, 'c0': 0, 'r1': 15, 'c1': 15, 'largest_component': 2}, {'color': 5, 'count': 38, 'bbox_h': 16, 'bbox_w': 16, 'bbox_area': 256, 'r0': 0, 'c0': 0, 'r1': 15, 'c1': 15, 'largest_component': 2}, {'color': 6, 'count': 20, 'bbox_h': 16, 'bbox_w': 16, 'bbox_area': 256, 'r0': 0, 'c0': 0, 'r1': 15, 'c1': 15, 'largest_component': 5}, {'color': 7, 'count': 8, 'bbox_h': 12, 'bbox_w': 12, 'bbox_area': 144, 'r0': 2, 'c0': 2, 'r1': 13, 'c1': 13, 'largest_component': 2}, {'color': 8, 'count': 39, 'bbox_h': 16, 'bbox_w': 16, 'bbox_area': 256, 'r0': 0, 'c0': 0, 'r1': 15, 'c1': 15, 'largest_component': 16}, {'color': 9, 'count': 23, 'bbox_h': 16, 'bbox_w': 16, 'bbox_area': 256, 'r0': 0, 'c0': 0, 'r1': 15, 'c1': 15, 'largest_component': 1}]","['bbox_h_max_low', 'bbox_w_max_low', 'bbox_area_max_low', 'r0_min_low', 'c0_min_low', 'r1_max_low', 'c1_max_low', 'count_rank3', 'area_rank0']"
227,4,"[{'color': 1, 'count': 31, 'bbox_h': 16, 'bbox_w': 16, 'bbox_area': 256, 'r0': 0, 'c0': 0, 'r1': 15, 'c1': 15, 'largest_component': 4}, {'color': 2, 'count': 8, 'bbox_h': 16, 'bbox_w': 16, 'bbox_area': 256, 'r0': 0, 'c0': 0, 'r1': 15, 'c1': 15, 'largest_component': 1}, {'color': 3, 'count': 28, 'bbox_h': 16, 'bbox_w': 16, 'bbox_area': 256, 'r0': 0, 'c0': 0, 'r1': 15, 'c1': 15, 'largest_component': 4}, {'color': 4, 'count': 21, 'bbox_h': 16, 'bbox_w': 16, 'bbox_area': 256, 'r0': 0, 'c0': 0, 'r1': 15, 'c1': 15, 'largest_component': 3}, {'color': 5, 'count': 39, 'bbox_h': 16, 'bbox_w': 16, 'bbox_area': 256, 'r0': 0, 'c0': 0, 'r1': 15, 'c1': 15, 'largest_component': 2}, {'color': 6, 'count': 31, 'bbox_h': 12, 'bbox_w': 12, 'bbox_area': 144, 'r0': 2, 'c0': 2, 'r1': 13, 'c1': 13, 'largest_component': 4}, {'color': 7, 'count': 31, 'bbox_h': 16, 'bbox_w': 16, 'bbox_area': 256, 'r0': 0, 'c0': 0, 'r1': 15, 'c1': 15, 'largest_component': 1}, {'color': 8, 'count': 32, 'bbox_h': 16, 'bbox_w': 16, 'bbox_area': 256, 'r0': 0, 'c0': 0, 'r1': 15, 'c1': 15, 'largest_component': 2}, {'color': 9, 'count': 26, 'bbox_h': 12, 'bbox_w': 12, 'bbox_area': 144, 'r0': 2, 'c0': 2, 'r1': 13, 'c1': 13, 'largest_component': 2}]",['area_rank3']
228,1,"[{'color': 1, 'count': 50, 'bbox_h': 14, 'bbox_w': 14, 'bbox_area': 196, 'r0': 1, 'c0': 1, 'r1': 14, 'c1': 14, 'largest_component': 20}, {'color': 2, 'count': 28, 'bbox_h': 12, 'bbox_w': 12, 'bbox_area': 144, 'r0': 2, 'c0': 2, 'r1': 13, 'c1': 13, 'largest_component': 2}, {'color': 3, 'count': 12, 'bbox_h': 16, 'bbox_w': 16, 'bbox_area': 256, 'r0': 0, 'c0': 0, 'r1': 15, 'c1': 15, 'largest_component': 1}, {'color': 4, 'count': 23, 'bbox_h': 16, 'bbox_w': 16, 'bbox_area': 256, 'r0': 0, 'c0': 0, 'r1': 15, 'c1': 15, 'largest_component': 2}, {'color': 5, 'count': 31, 'bbox_h': 16, 'bbox_w': 16, 'bbox_area': 256, 'r0': 0, 'c0': 0, 'r1': 15, 'c1': 15, 'largest_component': 2}, {'color': 6, 'count': 15, 'bbox_h': 12, 'bbox_w': 12, 'bbox_area': 144, 'r0': 2, 'c0': 2, 'r1': 13, 'c1': 13, 'largest_component': 2}, {'color': 7, 'count': 26, 'bbox_h': 14, 'bbox_w': 14, 'bbox_area': 196, 'r0': 1, 'c0': 1, 'r1': 14, 'c1': 14, 'largest_component': 4}, {'color': 8, 'count': 50, 'bbox_h': 16, 'bbox_w': 16, 'bbox_area': 256, 'r0': 0, 'c0': 0, 'r1': 15, 'c1': 15, 'largest_component': 4}, {'color': 9, 'count': 12, 'bbox_h': 14, 'bbox_w': 14, 'bbox_area': 196, 'r0': 1, 'c0': 1, 'r1': 14, 'c1': 14, 'largest_component': 1}]","['count_max_low', 'largest_component_max_low', 'largest_component_max_high', 'count_rank0', 'area_rank4']"
229,2,"[{'color': 1, 'count': 18, 'bbox_h': 12, 'bbox_w': 12, 'bbox_area': 144, 'r0': 2, 'c0': 2, 'r1': 13, 'c1': 13, 'largest_component': 4}, {'color': 2, 'count': 25, 'bbox_h': 16, 'bbox_w': 16, 'bbox_area': 256, 'r0': 0, 'c0': 0, 'r1': 15, 'c1': 15, 'largest_component': 2}, {'color': 3, 'count': 50, 'bbox_h': 16, 'bbox_w': 16, 'bbox_area': 256, 'r0': 0, 'c0': 0, 'r1': 15, 'c1': 15, 'largest_component': 5}, {'color': 4, 'count': 8, 'bbox_h': 12, 'bbox_w': 12, 'bbox_area': 144, 'r0': 2, 'c0': 2, 'r1': 13, 'c1': 13, 'largest_component': 1}, {'color': 5, 'count': 47, 'bbox_h': 16, 'bbox_w': 16, 'bbox_area': 256, 'r0': 0, 'c0': 0, 'r1': 15, 'c1': 15, 'largest_component': 19}, {'color': 6, 'count': 32, 'bbox_h': 16, 'bbox_w': 16, 'bbox_area': 256, 'r0': 0, 'c0': 0, 'r1': 15, 'c1': 15, 'largest_component': 2}, {'color': 7, 'count': 27, 'bbox_h': 16, 'bbox_w': 16, 'bbox_area': 256, 'r0': 0, 'c0': 0, 'r1': 15, 'c1': 15, 'largest_component': 2}, {'color': 8, 'count': 16, 'bbox_h': 16, 'bbox_w': 16, 'bbox_area': 256, 'r0': 0, 'c0': 0, 'r1': 15, 'c1': 15, 'largest_component': 1}, {'color': 9, 'count': 24, 'bbox_h': 14, 'bbox_w': 14, 'bbox_area': 196, 'r0': 1, 'c0': 1, 'r1': 14, 'c1': 14, 'largest_component': 2}]","['bbox_h_max_low', 'bbox_w_max_low', 'bbox_area_max_low', 'r0_min_low', 'c0_min_low', 'r1_max_low', 'c1_max_low', 'count_rank4', 'area_rank0']"
230,5,"[{'color': 1, 'count': 24, 'bbox_h': 14, 'bbox_w': 14, 'bbox_area': 196, 'r0': 1, 'c0': 1, 'r1': 14, 'c1': 14, 'largest_component': 1}, {'color': 2, 'count': 24, 'bbox_h': 10, 'bbox_w': 10, 'bbox_area': 100, 'r0': 3, 'c0': 3, 'r1': 12, 'c1': 12, 'largest_component': 2}, {'color': 3, 'count': 34, 'bbox_h': 14, 'bbox_w': 14, 'bbox_area': 196, 'r0': 1, 'c0': 1, 'r1': 14, 'c1': 14, 'largest_component': 2}, {'color': 4, 'count': 54, 'bbox_h': 16, 'bbox_w': 16, 'bbox_area': 256, 'r0': 0, 'c0': 0, 'r1': 15, 'c1': 15, 'largest_component': 3}, {'color': 5, 'count': 17, 'bbox_h': 16, 'bbox_w': 16, 'bbox_area': 256, 'r0': 0, 'c0': 0, 'r1': 15, 'c1': 15, 'largest_component': 2}, {'color': 6, 'count': 16, 'bbox_h': 16, 'bbox_w': 16, 'bbox_area': 256, 'r0': 0, 'c0': 0, 'r1': 15, 'c1': 15, 'largest_component': 2}, {'color': 7, 'count': 28, 'bbox_h': 12, 'bbox_w': 12, 'bbox_area': 144, 'r0': 2, 'c0': 2, 'r1': 13, 'c1': 13, 'largest_component': 4}, {'color': 8, 'count': 18, 'bbox_h': 16, 'bbox_w': 16, 'bbox_area': 256, 'r0': 0, 'c0': 0, 'r1': 15, 'c1': 15, 'largest_component': 1}, {'color': 9, 'count': 32, 'bbox_h': 16, 'bbox_w': 16, 'bbox_area': 256, 'r0': 0, 'c0': 0, 'r1': 15, 'c1': 15, 'largest_component': 2}]",['area_rank1']
231,6,"[{'color': 1, 'count': 20, 'bbox_h': 10, 'bbox_w': 10, 'bbox_area': 100, 'r0': 3, 'c0': 3, 'r1': 12, 'c1': 12, 'largest_component': 2}, {'color': 2, 'count': 33, 'bbox_h': 16, 'bbox_w': 16, 'bbox_area': 256, 'r0': 0, 'c0': 0, 'r1': 15, 'c1': 15, 'largest_component': 3}, {'color': 3, 'count': 40, 'bbox_h': 16, 'bbox_w': 16, 'bbox_area': 256, 'r0': 0, 'c0': 0, 'r1': 15, 'c1': 15, 'largest_component': 3}, {'color': 4, 'count': 31, 'bbox_h': 16, 'bbox_w': 16, 'bbox_area': 256, 'r0': 0, 'c0': 0, 'r1': 15, 'c1': 15, 'largest_component': 2}, {'color': 5, 'count': 36, 'bbox_h': 16, 'bbox_w': 16, 'bbox_area': 256, 'r0': 0, 'c0': 0, 'r1': 15, 'c1': 15, 'largest_component': 4}, {'color': 6, 'count': 33, 'bbox_h': 16, 'bbox_w': 16, 'bbox_area': 256, 'r0': 0, 'c0': 0, 'r1': 15, 'c1': 15, 'largest_component': 1}, {'color': 7, 'count': 23, 'bbox_h': 16, 'bbox_w': 16, 'bbox_area': 256, 'r0': 0, 'c0': 0, 'r1': 15, 'c1': 15, 'largest_component': 4}, {'color': 8, 'count': 16, 'bbox_h': 6, 'bbox_w': 6, 'bbox_area': 36, 'r0': 5, 'c0': 5, 'r1': 10, 'c1': 10, 'largest_component': 4}, {'color': 9, 'count': 15, 'bbox_h': 12, 'bbox_w': 12, 'bbox_area': 144, 'r0': 2, 'c0': 2, 'r1': 13, 'c1': 13, 'largest_component': 1}]","['largest_component_min_low', 'count_rank3', 'area_rank4']"
232,6,"[{'color': 1, 'count': 27, 'bbox_h': 16, 'bbox_w': 16, 'bbox_area': 256, 'r0': 0, 'c0': 0, 'r1': 15, 'c1': 15, 'largest_component': 1}, {'color': 2, 'count': 30, 'bbox_h': 16, 'bbox_w': 16, 'bbox_area': 256, 'r0': 0, 'c0': 0, 'r1': 15, 'c1': 15, 'largest_component': 2}, {'color': 3, 'count': 32, 'bbox_h': 16, 'bbox_w': 16, 'bbox_area': 256, 'r0': 0, 'c0': 0, 'r1': 15, 'c1': 15, 'largest_component': 2}, {'color': 4, 'count': 36, 'bbox_h': 16, 'bbox_w': 16, 'bbox_area': 256, 'r0': 0, 'c0': 0, 'r1': 15, 'c1': 15, 'largest_component': 4}, {'color': 5, 'count': 20, 'bbox_h': 16, 'bbox_w': 16, 'bbox_area': 256, 'r0': 0, 'c0': 0, 'r1': 15, 'c1': 15, 'largest_component': 2}, {'color': 6, 'count': 25, 'bbox_h': 14, 'bbox_w': 14, 'bbox_area': 196, 'r0': 1, 'c0': 1, 'r1': 14, 'c1': 14, 'largest_component': 3}, {'color': 7, 'count': 20, 'bbox_h': 14, 'bbox_w': 14, 'bbox_area': 196, 'r0': 1, 'c0': 1, 'r1': 14, 'c1': 14, 'largest_component': 4}, {'color': 8, 'count': 42, 'bbox_h': 16, 'bbox_w': 16, 'bbox_area': 256, 'r0': 0, 'c0': 0, 'r1': 15, 'c1': 15, 'largest_component': 2}, {'color': 9, 'count': 15, 'bbox_h': 14, 'bbox_w': 14, 'bbox_area': 196, 'r0': 1, 'c0': 1, 'r1': 14, 'c1': 14, 'largest_component': 1}]","['bbox_h_min_low', 'bbox_w_min_low', 'bbox_area_min_low', 'r0_max_low', 'c0_max_low', 'r1_min_low', 'c1_min_low']"
233,9,"[{'color': 1, 'count': 35, 'bbox_h': 16, 'bbox_w': 16, 'bbox_area': 256, 'r0': 0, 'c0': 0, 'r1': 15, 'c1': 15, 'largest_component': 3}, {'color': 2, 'count': 22, 'bbox_h': 16, 'bbox_w': 16, 'bbox_area': 256, 'r0': 0, 'c0': 0, 'r1': 15, 'c1': 15, 'largest_component': 1}, {'color': 3, 'count': 48, 'bbox_h': 16, 'bbox_w': 16, 'bbox_area': 256, 'r0': 0, 'c0': 0, 'r1': 15, 'c1': 15, 'largest_component': 6}, {'color': 4, 'count': 31, 'bbox_h': 16, 'bbox_w': 16, 'bbox_area': 256, 'r0': 0, 'c0': 0, 'r1': 15, 'c1': 15, 'largest_component': 2}, {'color': 5, 'count': 16, 'bbox_h': 14, 'bbox_w': 14, 'bbox_area': 196, 'r0': 1, 'c0': 1, 'r1': 14, 'c1': 14, 'largest_component': 2}, {'color': 6, 'count': 19, 'bbox_h': 16, 'bbox_w': 16, 'bbox_area': 256, 'r0': 0, 'c0': 0, 'r1': 15, 'c1': 15, 'largest_component': 1}, {'color': 7, 'count': 27, 'bbox_h': 14, 'bbox_w': 14, 'bbox_area': 196, 'r0': 1, 'c0': 1, 'r1': 14, 'c1': 14, 'largest_component': 2}, {'color': 8, 'count': 8, 'bbox_h': 12, 'bbox_w': 12, 'bbox_area': 144, 'r0': 2, 'c0': 2, 'r1': 13, 'c1': 13, 'largest_component': 4}, {'color': 9, 'count': 41, 'bbox_h': 14, 'bbox_w': 14, 'bbox_area': 196, 'r0': 1, 'c0': 1, 'r1': 14, 'c1': 14, 'largest_component': 3}]",['count_rank1']
234,5,"[{'color': 1, 'count': 24, 'bbox_h': 16, 'bbox_w': 16, 'bbox_area': 256, 'r0': 0, 'c0': 0, 'r1': 15, 'c1': 15, 'largest_component': 4}, {'color': 2, 'count': 16, 'bbox_h': 14, 'bbox_w': 14, 'bbox_area': 196, 'r0': 1, 'c0': 1, 'r1': 14, 'c1': 14, 'largest_component': 1}, {'color': 3, 'count': 24, 'bbox_h': 16, 'bbox_w': 16, 'bbox_area': 256, 'r0': 0, 'c0': 0, 'r1': 15, 'c1': 15, 'largest_component': 1}, {'color': 4, 'count': 13, 'bbox_h': 8, 'bbox_w': 8, 'bbox_area': 64, 'r0': 4, 'c0': 4, 'r1': 11, 'c1': 11, 'largest_component': 2}, {'color': 5, 'count': 37, 'bbox_h': 16, 'bbox_w': 16, 'bbox_area': 256, 'r0': 0, 'c0': 0, 'r1': 15, 'c1': 15, 'largest_component': 2}, {'color': 6, 'count': 51, 'bbox_h': 16, 'bbox_w': 16, 'bbox_area': 256, 'r0': 0, 'c0': 0, 'r1': 15, 'c1': 15, 'largest_component': 3}, {'color': 7, 'count': 39, 'bbox_h': 14, 'bbox_w': 14, 'bbox_area': 196, 'r0': 1, 'c0': 1, 'r1': 14, 'c1': 14, 'largest_component': 3}, {'color': 9, 'count': 43, 'bbox_h': 16, 'bbox_w': 16, 'bbox_area': 256, 'r0': 0, 'c0': 0, 'r1': 15, 'c1': 15, 'largest_component': 3}]","['count_rank3', 'area_rank2']"
235,4,"[{'color': 1, 'count': 16, 'bbox_h': 12, 'bbox_w': 12, 'bbox_area': 144, 'r0': 2, 'c0': 2, 'r1': 13, 'c1': 13, 'largest_component': 2}, {'color': 2, 'count': 20, 'bbox_h': 10, 'bbox_w': 10, 'bbox_area': 100, 'r0': 3, 'c0': 3, 'r1': 12, 'c1': 12, 'largest_component': 4}, {'color': 3, 'count': 47, 'bbox_h': 16, 'bbox_w': 16, 'bbox_area': 256, 'r0': 0, 'c0': 0, 'r1': 15, 'c1': 15, 'largest_component': 2}, {'color': 4, 'count': 34, 'bbox_h': 16, 'bbox_w': 16, 'bbox_area': 256, 'r0': 0, 'c0': 0, 'r1': 15, 'c1': 15, 'largest_component': 2}, {'color': 5, 'count': 35, 'bbox_h': 16, 'bbox_w': 16, 'bbox_area': 256, 'r0': 0, 'c0': 0, 'r1': 15, 'c1': 15, 'largest_component': 3}, {'color': 6, 'count': 42, 'bbox_h': 14, 'bbox_w': 14, 'bbox_area': 196, 'r0': 1, 'c0': 1, 'r1': 14, 'c1': 14, 'largest_component': 2}, {'color': 7, 'count': 16, 'bbox_h': 16, 'bbox_w': 16, 'bbox_area': 256, 'r0': 0, 'c0': 0, 'r1': 15, 'c1': 15, 'largest_component': 2}, {'color': 8, 'count': 14, 'bbox_h': 16, 'bbox_w': 16, 'bbox_area': 256, 'r0': 0, 'c0': 0, 'r1': 15, 'c1': 15, 'largest_component': 1}, {'color': 9, 'count': 23, 'bbox_h': 16, 'bbox_w': 16, 'bbox_area': 256, 'r0': 0, 'c0': 0, 'r1': 15, 'c1': 15, 'largest_component': 1}]","['count_rank3', 'area_rank1']"
236,9,"[{'color': 1, 'count': 11, 'bbox_h': 12, 'bbox_w': 12, 'bbox_area': 144, 'r0': 2, 'c0': 2, 'r1': 13, 'c1': 13, 'largest_component': 1}, {'color': 2, 'count': 52, 'bbox_h': 12, 'bbox_w': 12, 'bbox_area': 144, 'r0': 2, 'c0': 2, 'r1': 13, 'c1': 13, 'largest_component': 5}, {'color': 3, 'count': 24, 'bbox_h': 14, 'bbox_w': 14, 'bbox_area': 196, 'r0': 1, 'c0': 1, 'r1': 14, 'c1': 14, 'largest_component': 2}, {'color': 4, 'count': 9, 'bbox_h': 16, 'bbox_w': 16, 'bbox_area': 256, 'r0': 0, 'c0': 0, 'r1': 15, 'c1': 15, 'largest_component': 1}, {'color': 5, 'count': 22, 'bbox_h': 16, 'bbox_w': 16, 'bbox_area': 256, 'r0': 0, 'c0': 0, 'r1': 15, 'c1': 15, 'largest_component': 1}, {'color': 6, 'count': 20, 'bbox_h': 14, 'bbox_w': 14, 'bbox_area': 196, 'r0': 1, 'c0': 1, 'r1': 14, 'c1': 14, 'largest_component': 2}, {'color': 7, 'count': 44, 'bbox_h': 16, 'bbox_w': 16, 'bbox_area': 256, 'r0': 0, 'c0': 0, 'r1': 15, 'c1': 15, 'largest_component': 6}, {'color': 8, 'count': 44, 'bbox_h': 16, 'bbox_w': 16, 'bbox_area': 256, 'r0': 0, 'c0': 0, 'r1': 15, 'c1': 15, 'largest_component': 4}, {'color': 9, 'count': 21, 'bbox_h': 16, 'bbox_w': 16, 'bbox_area': 256, 'r0': 0, 'c0': 0, 'r1': 15, 'c1': 15, 'largest_component': 3}]","['bbox_h_max_high', 'bbox_w_max_high', 'bbox_area_max_high', 'r0_min_high', 'c0_min_high', 'r1_max_high', 'c1_max_high', 'area_rank4']"
237,8,"[{'color': 1, 'count': 15, 'bbox_h': 16, 'bbox_w': 16, 'bbox_area': 256, 'r0': 0, 'c0': 0, 'r1': 15, 'c1': 15, 'largest_component': 1}, {'color': 2, 'count': 35, 'bbox_h': 16, 'bbox_w': 16, 'bbox_area': 256, 'r0': 0, 'c0': 0, 'r1': 15, 'c1': 15, 'largest_component': 12}, {'color': 3, 'count': 15, 'bbox_h': 14, 'bbox_w': 14, 'bbox_area': 196, 'r0': 1, 'c0': 1, 'r1': 14, 'c1': 14, 'largest_component': 2}, {'color': 4, 'count': 31, 'bbox_h': 16, 'bbox_w': 16, 'bbox_area': 256, 'r0': 0, 'c0': 0, 'r1': 15, 'c1': 15, 'largest_component': 2}, {'color': 5, 'count': 50, 'bbox_h': 16, 'bbox_w': 16, 'bbox_area': 256, 'r0': 0, 'c0': 0, 'r1': 15, 'c1': 15, 'largest_component': 7}, {'color': 6, 'count': 16, 'bbox_h': 16, 'bbox_w': 16, 'bbox_area': 256, 'r0': 0, 'c0': 0, 'r1': 15, 'c1': 15, 'largest_component': 1}, {'color': 7, 'count': 24, 'bbox_h': 16, 'bbox_w': 16, 'bbox_area': 256, 'r0': 0, 'c0': 0, 'r1': 15, 'c1': 15, 'largest_component': 4}, {'color': 8, 'count': 34, 'bbox_h': 16, 'bbox_w': 16, 'bbox_area': 256, 'r0': 0, 'c0': 0, 'r1': 15, 'c1': 15, 'largest_component': 1}, {'color': 9, 'count': 27, 'bbox_h': 14, 'bbox_w': 14, 'bbox_area': 196, 'r0': 1, 'c0': 1, 'r1': 14, 'c1': 14, 'largest_component': 1}]","['bbox_h_max_high', 'bbox_w_max_high', 'bbox_area_max_high', 'r0_min_high', 'c0_min_high', 'r1_max_high', 'c1_max_high', 'count_rank2']"
238,4,"[{'color': 1, 'count': 16, 'bbox_h': 14, 'bbox_w': 14, 'bbox_area': 196, 'r0': 1, 'c0': 1, 'r1': 14, 'c1': 14, 'largest_component': 2}, {'color': 2, 'count': 19, 'bbox_h': 14, 'bbox_w': 14, 'bbox_area': 196, 'r0': 1, 'c0': 1, 'r1': 14, 'c1': 14, 'largest_component': 1}, {'color': 3, 'count': 4, 'bbox_h': 6, 'bbox_w': 6, 'bbox_area': 36, 'r0': 5, 'c0': 5, 'r1': 10, 'c1': 10, 'largest_component': 1}, {'color': 4, 'count': 81, 'bbox_h': 16, 'bbox_w': 16, 'bbox_area': 256, 'r0': 0, 'c0': 0, 'r1': 15, 'c1': 15, 'largest_component': 4}, {'color': 5, 'count': 23, 'bbox_h': 16, 'bbox_w': 16, 'bbox_area': 256, 'r0': 0, 'c0': 0, 'r1': 15, 'c1': 15, 'largest_component': 2}, {'color': 6, 'count': 38, 'bbox_h': 16, 'bbox_w': 16, 'bbox_area': 256, 'r0': 0, 'c0': 0, 'r1': 15, 'c1': 15, 'largest_component': 2}, {'color': 7, 'count': 19, 'bbox_h': 16, 'bbox_w': 16, 'bbox_area': 256, 'r0': 0, 'c0': 0, 'r1': 15, 'c1': 15, 'largest_component': 2}, {'color': 8, 'count': 28, 'bbox_h': 12, 'bbox_w': 12, 'bbox_area': 144, 'r0': 2, 'c0': 2, 'r1': 13, 'c1': 13, 'largest_component': 2}, {'color': 9, 'count': 19, 'bbox_h': 16, 'bbox_w': 16, 'bbox_area': 256, 'r0': 0, 'c0': 0, 'r1': 15, 'c1': 15, 'largest_component': 2}]","['count_max_low', 'count_max_high', 'bbox_h_max_low', 'bbox_w_max_low', 'bbox_area_max_low', 'r0_min_low', 'c0_min_low', 'r1_max_low', 'c1_max_low', 'largest_component_max_low', 'largest_component_max_high', 'count_rank0', 'area_rank0']"
239,1,"[{'color': 1, 'count': 37, 'bbox_h': 16, 'bbox_w': 16, 'bbox_area': 256, 'r0': 0, 'c0': 0, 'r1': 15, 'c1': 15, 'largest_component': 3}, {'color': 2, 'count': 44, 'bbox_h': 16, 'bbox_w': 16, 'bbox_area': 256, 'r0': 0, 'c0': 0, 'r1': 15, 'c1': 15, 'largest_component': 4}, {'color': 3, 'count': 19, 'bbox_h': 16, 'bbox_w': 16, 'bbox_area': 256, 'r0': 0, 'c0': 0, 'r1': 15, 'c1': 15, 'largest_component': 2}, {'color': 4, 'count': 15, 'bbox_h': 14, 'bbox_w': 14, 'bbox_area': 196, 'r0': 1, 'c0': 1, 'r1': 14, 'c1': 14, 'largest_component': 2}, {'color': 5, 'count': 29, 'bbox_h': 12, 'bbox_w': 12, 'bbox_area': 144, 'r0': 2, 'c0': 2, 'r1': 13, 'c1': 13, 'largest_component': 6}, {'color': 6, 'count': 4, 'bbox_h': 14, 'bbox_w': 14, 'bbox_area': 196, 'r0': 1, 'c0': 1, 'r1': 14, 'c1': 14, 'largest_component': 1}, {'color': 7, 'count': 51, 'bbox_h': 16, 'bbox_w': 16, 'bbox_area': 256, 'r0': 0, 'c0': 0, 'r1': 15, 'c1': 15, 'largest_component': 2}, {'color': 8, 'count': 28, 'bbox_h': 14, 'bbox_w': 14, 'bbox_area': 196, 'r0': 1, 'c0': 1, 'r1': 14, 'c1': 14, 'largest_component': 3}, {'color': 9, 'count': 20, 'bbox_h': 16, 'bbox_w': 16, 'bbox_area': 256, 'r0': 0, 'c0': 0, 'r1': 15, 'c1': 15, 'largest_component': 2}]","['bbox_h_max_low', 'bbox_w_max_low', 'bbox_area_max_low', 'r0_min_low', 'c0_min_low', 'r1_max_low', 'c1_max_low', 'count_rank2', 'area_rank0']"
240,8,"[{'color': 1, 'count': 15, 'bbox_h': 12, 'bbox_w': 12, 'bbox_area': 144, 'r0': 2, 'c0': 2, 'r1': 13, 'c1': 13, 'largest_component': 1}, {'color': 2, 'count': 42, 'bbox_h': 16, 'bbox_w': 16, 'bbox_area': 256, 'r0': 0, 'c0': 0, 'r1': 15, 'c1': 15, 'largest_component': 3}, {'color': 3, 'count': 31, 'bbox_h': 14, 'bbox_w': 14, 'bbox_area': 196, 'r0': 1, 'c0': 1, 'r1': 14, 'c1': 14, 'largest_component': 3}, {'color': 4, 'count': 24, 'bbox_h': 16, 'bbox_w': 16, 'bbox_area': 256, 'r0': 0, 'c0': 0, 'r1': 15, 'c1': 15, 'largest_component': 4}, {'color': 5, 'count': 20, 'bbox_h': 14, 'bbox_w': 14, 'bbox_area': 196, 'r0': 1, 'c0': 1, 'r1': 14, 'c1': 14, 'largest_component': 1}, {'color': 6, 'count': 12, 'bbox_h': 16, 'bbox_w': 16, 'bbox_area': 256, 'r0': 0, 'c0': 0, 'r1': 15, 'c1': 15, 'largest_component': 1}, {'color': 7, 'count': 39, 'bbox_h': 16, 'bbox_w': 16, 'bbox_area': 256, 'r0': 0, 'c0': 0, 'r1': 15, 'c1': 15, 'largest_component': 4}, {'color': 8, 'count': 22, 'bbox_h': 14, 'bbox_w': 14, 'bbox_area': 196, 'r0': 1, 'c0': 1, 'r1': 14, 'c1': 14, 'largest_component': 4}, {'color': 9, 'count': 42, 'bbox_h': 16, 'bbox_w': 16, 'bbox_area': 256, 'r0': 0, 'c0': 0, 'r1': 15, 'c1': 15, 'largest_component': 6}]",[]
241,5,"[{'color': 1, 'count': 23, 'bbox_h': 16, 'bbox_w': 16, 'bbox_area': 256, 'r0': 0, 'c0': 0, 'r1': 15, 'c1': 15, 'largest_component': 1}, {'color': 2, 'count': 28, 'bbox_h': 8, 'bbox_w': 8, 'bbox_area': 64, 'r0': 4, 'c0': 4, 'r1': 11, 'c1': 11, 'largest_component': 12}, {'color': 3, 'count': 24, 'bbox_h': 16, 'bbox_w': 16, 'bbox_area': 256, 'r0': 0, 'c0': 0, 'r1': 15, 'c1': 15, 'largest_component': 2}, {'color': 4, 'count': 22, 'bbox_h': 16, 'bbox_w': 16, 'bbox_area': 256, 'r0': 0, 'c0': 0, 'r1': 15, 'c1': 15, 'largest_component': 1}, {'color': 5, 'count': 22, 'bbox_h': 16, 'bbox_w': 16, 'bbox_area': 256, 'r0': 0, 'c0': 0, 'r1': 15, 'c1': 15, 'largest_component': 1}, {'color': 6, 'count': 39, 'bbox_h': 16, 'bbox_w': 16, 'bbox_area': 256, 'r0': 0, 'c0': 0, 'r1': 15, 'c1': 15, 'largest_component': 2}, {'color': 7, 'count': 39, 'bbox_h': 16, 'bbox_w': 16, 'bbox_area': 256, 'r0': 0, 'c0': 0, 'r1': 15, 'c1': 15, 'largest_component': 4}, {'color': 8, 'count': 35, 'bbox_h': 16, 'bbox_w': 16, 'bbox_area': 256, 'r0': 0, 'c0': 0, 'r1': 15, 'c1': 15, 'largest_component': 2}, {'color': 9, 'count': 15, 'bbox_h': 10, 'bbox_w': 10, 'bbox_area': 100, 'r0': 3, 'c0': 3, 'r1': 12, 'c1': 12, 'largest_component': 2}]","['largest_component_min_high', 'area_rank3']"
242,4,"[{'color': 1, 'count': 40, 'bbox_h': 16, 'bbox_w': 16, 'bbox_area': 256, 'r0': 0, 'c0': 0, 'r1': 15, 'c1': 15, 'largest_component': 5}, {'color': 2, 'count': 28, 'bbox_h': 16, 'bbox_w': 16, 'bbox_area': 256, 'r0': 0, 'c0': 0, 'r1': 15, 'c1': 15, 'largest_component': 4}, {'color': 3, 'count': 35, 'bbox_h': 16, 'bbox_w': 16, 'bbox_area': 256, 'r0': 0, 'c0': 0, 'r1': 15, 'c1': 15, 'largest_component': 4}, {'color': 4, 'count': 37, 'bbox_h': 16, 'bbox_w': 16, 'bbox_area': 256, 'r0': 0, 'c0': 0, 'r1': 15, 'c1': 15, 'largest_component': 3}, {'color': 5, 'count': 23, 'bbox_h': 16, 'bbox_w': 16, 'bbox_area': 256, 'r0': 0, 'c0': 0, 'r1': 15, 'c1': 15, 'largest_component': 2}, {'color': 6, 'count': 38, 'bbox_h': 14, 'bbox_w': 14, 'bbox_area': 196, 'r0': 1, 'c0': 1, 'r1': 14, 'c1': 14, 'largest_component': 3}, {'color': 7, 'count': 24, 'bbox_h': 16, 'bbox_w': 16, 'bbox_area': 256, 'r0': 0, 'c0': 0, 'r1': 15, 'c1': 15, 'largest_component': 2}, {'color': 8, 'count': 22, 'bbox_h': 14, 'bbox_w': 14, 'bbox_area': 196, 'r0': 1, 'c0': 1, 'r1': 14, 'c1': 14, 'largest_component': 2}]","['count_rank2', 'area_rank3']"
243,8,"[{'color': 1, 'count': 55, 'bbox_h': 16, 'bbox_w': 16, 'bbox_area': 256, 'r0': 0, 'c0': 0, 'r1': 15, 'c1': 15, 'largest_component': 3}, {'color': 2, 'count': 4, 'bbox_h': 14, 'bbox_w': 14, 'bbox_area': 196, 'r0': 1, 'c0': 1, 'r1': 14, 'c1': 14, 'largest_component': 1}, {'color': 3, 'count': 8, 'bbox_h': 14, 'bbox_w': 14, 'bbox_area': 196, 'r0': 1, 'c0': 1, 'r1': 14, 'c1': 14, 'largest_component': 2}, {'color': 4, 'count': 47, 'bbox_h': 16, 'bbox_w': 16, 'bbox_area': 256, 'r0': 0, 'c0': 0, 'r1': 15, 'c1': 15, 'largest_component': 2}, {'color': 5, 'count': 25, 'bbox_h': 16, 'bbox_w': 16, 'bbox_area': 256, 'r0': 0, 'c0': 0, 'r1': 15, 'c1': 15, 'largest_component': 3}, {'color': 6, 'count': 36, 'bbox_h': 16, 'bbox_w': 16, 'bbox_area': 256, 'r0': 0, 'c0': 0, 'r1': 15, 'c1': 15, 'largest_component': 3}, {'color': 7, 'count': 12, 'bbox_h': 14, 'bbox_w': 14, 'bbox_area': 196, 'r0': 1, 'c0': 1, 'r1': 14, 'c1': 14, 'largest_component': 1}, {'color': 8, 'count': 40, 'bbox_h': 12, 'bbox_w': 12, 'bbox_area': 144, 'r0': 2, 'c0': 2, 'r1': 13, 'c1': 13, 'largest_component': 8}, {'color': 9, 'count': 20, 'bbox_h': 12, 'bbox_w': 12, 'bbox_area': 144, 'r0': 2, 'c0': 2, 'r1': 13, 'c1': 13, 'largest_component': 4}]","['bbox_h_min_low', 'bbox_w_min_low', 'bbox_area_min_low', 'r0_max_low', 'c0_max_low', 'r1_min_low', 'c1_min_low', 'largest_component_max_low', 'largest_component_max_high', 'count_rank2']"
244,9,"[{'color': 1, 'count': 15, 'bbox_h': 14, 'bbox_w': 14, 'bbox_area': 196, 'r0': 1, 'c0': 1, 'r1': 14, 'c1': 14, 'largest_component': 2}, {'color': 2, 'count': 12, 'bbox_h': 10, 'bbox_w': 10, 'bbox_area': 100, 'r0': 3, 'c0': 3, 'r1': 12, 'c1': 12, 'largest_component': 4}, {'color': 3, 'count': 15, 'bbox_h': 16, 'bbox_w': 16, 'bbox_area': 256, 'r0': 0, 'c0': 0, 'r1': 15, 'c1': 15, 'largest_component': 2}, {'color': 4, 'count': 22, 'bbox_h': 14, 'bbox_w': 14, 'bbox_area': 196, 'r0': 1, 'c0': 1, 'r1': 14, 'c1': 14, 'largest_component': 2}, {'color': 5, 'count': 47, 'bbox_h': 16, 'bbox_w': 16, 'bbox_area': 256, 'r0': 0, 'c0': 0, 'r1': 15, 'c1': 15, 'largest_component': 5}, {'color': 6, 'count': 44, 'bbox_h': 16, 'bbox_w': 16, 'bbox_area': 256, 'r0': 0, 'c0': 0, 'r1': 15, 'c1': 15, 'largest_component': 6}, {'color': 7, 'count': 31, 'bbox_h': 14, 'bbox_w': 14, 'bbox_area': 196, 'r0': 1, 'c0': 1, 'r1': 14, 'c1': 14, 'largest_component': 2}, {'color': 8, 'count': 31, 'bbox_h': 12, 'bbox_w': 12, 'bbox_area': 144, 'r0': 2, 'c0': 2, 'r1': 13, 'c1': 13, 'largest_component': 2}, {'color': 9, 'count': 30, 'bbox_h': 16, 'bbox_w': 16, 'bbox_area': 256, 'r0': 0, 'c0': 0, 'r1': 15, 'c1': 15, 'largest_component': 1}]","['bbox_h_max_high', 'bbox_w_max_high', 'bbox_area_max_high', 'r0_min_high', 'c0_min_high', 'r1_max_high', 'c1_max_high', 'largest_component_min_low', 'largest_component_min_high', 'count_rank4', 'area_rank3']"
245,9,"[{'color': 1, 'count': 50, 'bbox_h': 16, 'bbox_w': 16, 'bbox_area': 256, 'r0': 0, 'c0': 0, 'r1': 15, 'c1': 15, 'largest_component': 3}, {'color': 2, 'count': 28, 'bbox_h': 16, 'bbox_w': 16, 'bbox_area': 256, 'r0': 0, 'c0': 0, 'r1': 15, 'c1': 15, 'largest_component': 2}, {'color': 3, 'count': 20, 'bbox_h': 16, 'bbox_w': 16, 'bbox_area': 256, 'r0': 0, 'c0': 0, 'r1': 15, 'c1': 15, 'largest_component': 12}, {'color': 4, 'count': 31, 'bbox_h': 14, 'bbox_w': 14, 'bbox_area': 196, 'r0': 1, 'c0': 1, 'r1': 14, 'c1': 14, 'largest_component': 4}, {'color': 5, 'count': 20, 'bbox_h': 16, 'bbox_w': 16, 'bbox_area': 256, 'r0': 0, 'c0': 0, 'r1': 15, 'c1': 15, 'largest_component': 2}, {'color': 7, 'count': 45, 'bbox_h': 16, 'bbox_w': 16, 'bbox_area': 256, 'r0': 0, 'c0': 0, 'r1': 15, 'c1': 15, 'largest_component': 4}, {'color': 8, 'count': 24, 'bbox_h': 10, 'bbox_w': 10, 'bbox_area': 100, 'r0': 3, 'c0': 3, 'r1': 12, 'c1': 12, 'largest_component': 4}, {'color': 9, 'count': 29, 'bbox_h': 16, 'bbox_w': 16, 'bbox_area': 256, 'r0': 0, 'c0': 0, 'r1': 15, 'c1': 15, 'largest_component': 2}]","['bbox_h_max_high', 'bbox_w_max_high', 'bbox_area_max_high', 'r0_min_high', 'c0_min_high', 'r1_max_high', 'c1_max_high', 'largest_component_min_high', 'count_rank3']"
246,6,"[{'color': 1, 'count': 19, 'bbox_h': 16, 'bbox_w': 16, 'bbox_area': 256, 'r0': 0, 'c0': 0, 'r1': 15, 'c1': 15, 'largest_component': 1}, {'color': 2, 'count': 31, 'bbox_h': 16, 'bbox_w': 16, 'bbox_area': 256, 'r0': 0, 'c0': 0, 'r1': 15, 'c1': 15, 'largest_component': 2}, {'color': 3, 'count': 44, 'bbox_h': 16, 'bbox_w': 16, 'bbox_area': 256, 'r0': 0, 'c0': 0, 'r1': 15, 'c1': 15, 'largest_component': 2}, {'color': 4, 'count': 23, 'bbox_h': 16, 'bbox_w': 16, 'bbox_area': 256, 'r0': 0, 'c0': 0, 'r1': 15, 'c1': 15, 'largest_component': 2}, {'color': 5, 'count': 46, 'bbox_h': 16, 'bbox_w': 16, 'bbox_area': 256, 'r0': 0, 'c0': 0, 'r1': 15, 'c1': 15, 'largest_component': 2}, {'color': 6, 'count': 29, 'bbox_h': 14, 'bbox_w': 14, 'bbox_area': 196, 'r0': 1, 'c0': 1, 'r1': 14, 'c1': 14, 'largest_component': 2}, {'color': 7, 'count': 8, 'bbox_h': 16, 'bbox_w': 16, 'bbox_area': 256, 'r0': 0, 'c0': 0, 'r1': 15, 'c1': 15, 'largest_component': 1}, {'color': 8, 'count': 19, 'bbox_h': 10, 'bbox_w': 10, 'bbox_area': 100, 'r0': 3, 'c0': 3, 'r1': 12, 'c1': 12, 'largest_component': 4}, {'color': 9, 'count': 28, 'bbox_h': 16, 'bbox_w': 16, 'bbox_area': 256, 'r0': 0, 'c0': 0, 'r1': 15, 'c1': 15, 'largest_component': 2}]",['count_rank3']
247,8,"[{'color': 1, 'count': 23, 'bbox_h': 12, 'bbox_w': 12, 'bbox_area': 144, 'r0': 2, 'c0': 2, 'r1': 13, 'c1': 13, 'largest_component': 2}, {'color': 2, 'count': 22, 'bbox_h': 14, 'bbox_w': 14, 'bbox_area': 196, 'r0': 1, 'c0': 1, 'r1': 14, 'c1': 14, 'largest_component': 2}, {'color': 3, 'count': 16, 'bbox_h': 8, 'bbox_w': 8, 'bbox_area': 64, 'r0': 4, 'c0': 4, 'r1': 11, 'c1': 11, 'largest_component': 4}, {'color': 4, 'count': 24, 'bbox_h': 16, 'bbox_w': 16, 'bbox_area': 256, 'r0': 0, 'c0': 0, 'r1': 15, 'c1': 15, 'largest_component': 2}, {'color': 5, 'count': 47, 'bbox_h': 16, 'bbox_w': 16, 'bbox_area': 256, 'r0': 0, 'c0': 0, 'r1': 15, 'c1': 15, 'largest_component': 2}, {'color': 6, 'count': 15, 'bbox_h': 14, 'bbox_w': 14, 'bbox_area': 196, 'r0': 1, 'c0': 1, 'r1': 14, 'c1': 14, 'largest_component': 1}, {'color': 7, 'count': 27, 'bbox_h': 14, 'bbox_w': 14, 'bbox_area': 196, 'r0': 1, 'c0': 1, 'r1': 14, 'c1': 14, 'largest_component': 1}, {'color': 8, 'count': 49, 'bbox_h': 16, 'bbox_w': 16, 'bbox_area': 256, 'r0': 0, 'c0': 0, 'r1': 15, 'c1': 15, 'largest_component': 2}, {'color': 9, 'count': 24, 'bbox_h': 16, 'bbox_w': 16, 'bbox_area': 256, 'r0': 0, 'c0': 0, 'r1': 15, 'c1': 15, 'largest_component': 1}]","['count_max_low', 'count_max_high', 'count_rank0', 'area_rank2']"
248,7,"[{'color': 1, 'count': 30, 'bbox_h': 16, 'bbox_w': 16, 'bbox_area': 256, 'r0': 0, 'c0': 0, 'r1': 15, 'c1': 15, 'largest_component': 4}, {'color': 2, 'count': 16, 'bbox_h': 12, 'bbox_w': 12, 'bbox_area': 144, 'r0': 2, 'c0': 2, 'r1': 13, 'c1': 13, 'largest_component': 2}, {'color': 3, 'count': 39, 'bbox_h': 16, 'bbox_w': 16, 'bbox_area': 256, 'r0': 0, 'c0': 0, 'r1': 15, 'c1': 15, 'largest_component': 2}, {'color': 4, 'count': 8, 'bbox_h': 16, 'bbox_w': 16, 'bbox_area': 256, 'r0': 0, 'c0': 0, 'r1': 15, 'c1': 15, 'largest_component': 1}, {'color': 5, 'count': 20, 'bbox_h': 16, 'bbox_w': 16, 'bbox_area': 256, 'r0': 0, 'c0': 0, 'r1': 15, 'c1': 15, 'largest_component': 1}, {'color': 6, 'count': 16, 'bbox_h': 14, 'bbox_w': 14, 'bbox_area': 196, 'r0': 1, 'c0': 1, 'r1': 14, 'c1': 14, 'largest_component': 1}, {'color': 7, 'count': 28, 'bbox_h': 16, 'bbox_w': 16, 'bbox_area': 256, 'r0': 0, 'c0': 0, 'r1': 15, 'c1': 15, 'largest_component': 3}, {'color': 8, 'count': 50, 'bbox_h': 16, 'bbox_w': 16, 'bbox_area': 256, 'r0': 0, 'c0': 0, 'r1': 15, 'c1': 15, 'largest_component': 3}, {'color': 9, 'count': 40, 'bbox_h': 16, 'bbox_w': 16, 'bbox_area': 256, 'r0': 0, 'c0': 0, 'r1': 15, 'c1': 15, 'largest_component': 2}]","['count_rank4', 'area_rank4']"
249,8,"[{'color': 1, 'count': 8, 'bbox_h': 14, 'bbox_w': 14, 'bbox_area': 196, 'r0': 1, 'c0': 1, 'r1': 14, 'c1': 14, 'largest_component': 1}, {'color': 2, 'count': 39, 'bbox_h': 16, 'bbox_w': 16, 'bbox_area': 256, 'r0': 0, 'c0': 0, 'r1': 15, 'c1': 15, 'largest_component': 3}, {'color': 3, 'count': 27, 'bbox_h': 16, 'bbox_w': 16, 'bbox_area': 256, 'r0': 0, 'c0': 0, 'r1': 15, 'c1': 15, 'largest_component': 2}, {'color': 4, 'count': 26, 'bbox_h': 16, 'bbox_w': 16, 'bbox_area': 256, 'r0': 0, 'c0': 0, 'r1': 15, 'c1': 15, 'largest_component': 4}, {'color': 5, 'count': 23, 'bbox_h': 14, 'bbox_w': 14, 'bbox_area': 196, 'r0': 1, 'c0': 1, 'r1': 14, 'c1': 14, 'largest_component': 2}, {'color': 6, 'count': 19, 'bbox_h': 16, 'bbox_w': 16, 'bbox_area': 256, 'r0': 0, 'c0': 0, 'r1': 15, 'c1': 15, 'largest_component': 1}, {'color': 7, 'count': 40, 'bbox_h': 16, 'bbox_w': 16, 'bbox_area': 256, 'r0': 0, 'c0': 0, 'r1': 15, 'c1': 15, 'largest_component': 3}, {'color': 8, 'count': 37, 'bbox_h': 16, 'bbox_w': 16, 'bbox_area': 256, 'r0': 0, 'c0': 0, 'r1': 15, 'c1': 15, 'largest_component': 4}, {'color': 9, 'count': 28, 'bbox_h': 14, 'bbox_w': 14, 'bbox_area': 196, 'r0': 1, 'c0': 1, 'r1': 14, 'c1': 14, 'largest_component': 4}]","['bbox_h_max_high', 'bbox_w_max_high', 'bbox_area_max_high', 'r0_min_high', 'c0_min_high', 'r1_max_high', 'c1_max_high', 'count_rank2']"
250,3,"[{'color': 1, 'count': 44, 'bbox_h': 16, 'bbox_w': 16, 'bbox_area': 256, 'r0': 0, 'c0': 0, 'r1': 15, 'c1': 15, 'largest_component': 28}, {'color': 2, 'count': 42, 'bbox_h': 16, 'bbox_w': 16, 'bbox_area': 256, 'r0': 0, 'c0': 0, 'r1': 15, 'c1': 15, 'largest_component': 3}, {'color': 3, 'count': 21, 'bbox_h': 16, 'bbox_w': 16, 'bbox_area': 256, 'r0': 0, 'c0': 0, 'r1': 15, 'c1': 15, 'largest_component': 1}, {'color': 4, 'count': 8, 'bbox_h': 10, 'bbox_w': 10, 'bbox_area': 100, 'r0': 3, 'c0': 3, 'r1': 12, 'c1': 12, 'largest_component': 1}, {'color': 5, 'count': 11, 'bbox_h': 16, 'bbox_w': 16, 'bbox_area': 256, 'r0': 0, 'c0': 0, 'r1': 15, 'c1': 15, 'largest_component': 1}, {'color': 6, 'count': 40, 'bbox_h': 16, 'bbox_w': 16, 'bbox_area': 256, 'r0': 0, 'c0': 0, 'r1': 15, 'c1': 15, 'largest_component': 6}, {'color': 7, 'count': 26, 'bbox_h': 14, 'bbox_w': 14, 'bbox_area': 196, 'r0': 1, 'c0': 1, 'r1': 14, 'c1': 14, 'largest_component': 3}, {'color': 8, 'count': 19, 'bbox_h': 14, 'bbox_w': 14, 'bbox_area': 196, 'r0': 1, 'c0': 1, 'r1': 14, 'c1': 14, 'largest_component': 3}, {'color': 9, 'count': 36, 'bbox_h': 16, 'bbox_w': 16, 'bbox_area': 256, 'r0': 0, 'c0': 0, 'r1': 15, 'c1': 15, 'largest_component': 2}]","['largest_component_min_low', 'area_rank2']"
251,9,"[{'color': 1, 'count': 42, 'bbox_h': 16, 'bbox_w': 16, 'bbox_area': 256, 'r0': 0, 'c0': 0, 'r1': 15, 'c1': 15, 'largest_component': 5}, {'color': 2, 'count': 27, 'bbox_h': 16, 'bbox_w': 16, 'bbox_area': 256, 'r0': 0, 'c0': 0, 'r1': 15, 'c1': 15, 'largest_component': 4}, {'color': 3, 'count': 4, 'bbox_h': 4, 'bbox_w': 4, 'bbox_area': 16, 'r0': 6, 'c0': 6, 'r1': 9, 'c1': 9, 'largest_component': 1}, {'color': 4, 'count': 39, 'bbox_h': 14, 'bbox_w': 14, 'bbox_area': 196, 'r0': 1, 'c0': 1, 'r1': 14, 'c1': 14, 'largest_component': 2}, {'color': 5, 'count': 23, 'bbox_h': 14, 'bbox_w': 14, 'bbox_area': 196, 'r0': 1, 'c0': 1, 'r1': 14, 'c1': 14, 'largest_component': 2}, {'color': 6, 'count': 44, 'bbox_h': 16, 'bbox_w': 16, 'bbox_area': 256, 'r0': 0, 'c0': 0, 'r1': 15, 'c1': 15, 'largest_component': 2}, {'color': 7, 'count': 16, 'bbox_h': 16, 'bbox_w': 16, 'bbox_area': 256, 'r0': 0, 'c0': 0, 'r1': 15, 'c1': 15, 'largest_component': 1}, {'color': 8, 'count': 31, 'bbox_h': 16, 'bbox_w': 16, 'bbox_area': 256, 'r0': 0, 'c0': 0, 'r1': 15, 'c1': 15, 'largest_component': 4}, {'color': 9, 'count': 21, 'bbox_h': 12, 'bbox_w': 12, 'bbox_area': 144, 'r0': 2, 'c0': 2, 'r1': 13, 'c1': 13, 'largest_component': 3}]",[]
252,6,"[{'color': 1, 'count': 23, 'bbox_h': 14, 'bbox_w': 14, 'bbox_area': 196, 'r0': 1, 'c0': 1, 'r1': 14, 'c1': 14, 'largest_component': 2}, {'color': 2, 'count': 23, 'bbox_h': 16, 'bbox_w': 16, 'bbox_area': 256, 'r0': 0, 'c0': 0, 'r1': 15, 'c1': 15, 'largest_component': 1}, {'color': 3, 'count': 36, 'bbox_h': 16, 'bbox_w': 16, 'bbox_area': 256, 'r0': 0, 'c0': 0, 'r1': 15, 'c1': 15, 'largest_component': 3}, {'color': 4, 'count': 34, 'bbox_h': 14, 'bbox_w': 14, 'bbox_area': 196, 'r0': 1, 'c0': 1, 'r1': 14, 'c1': 14, 'largest_component': 4}, {'color': 5, 'count': 46, 'bbox_h': 16, 'bbox_w': 16, 'bbox_area': 256, 'r0': 0, 'c0': 0, 'r1': 15, 'c1': 15, 'largest_component': 6}, {'color': 6, 'count': 46, 'bbox_h': 16, 'bbox_w': 16, 'bbox_area': 256, 'r0': 0, 'c0': 0, 'r1': 15, 'c1': 15, 'largest_component': 4}, {'color': 7, 'count': 12, 'bbox_h': 4, 'bbox_w': 4, 'bbox_area': 16, 'r0': 6, 'c0': 6, 'r1': 9, 'c1': 9, 'largest_component': 12}, {'color': 8, 'count': 19, 'bbox_h': 16, 'bbox_w': 16, 'bbox_area': 256, 'r0': 0, 'c0': 0, 'r1': 15, 'c1': 15, 'largest_component': 2}, {'color': 9, 'count': 8, 'bbox_h': 8, 'bbox_w': 8, 'bbox_area': 64, 'r0': 4, 'c0': 4, 'r1': 11, 'c1': 11, 'largest_component': 1}]","['count_max_high', 'count_rank1', 'area_rank3']"
253,9,"[{'color': 1, 'count': 28, 'bbox_h': 16, 'bbox_w': 16, 'bbox_area': 256, 'r0': 0, 'c0': 0, 'r1': 15, 'c1': 15, 'largest_component': 4}, {'color': 2, 'count': 40, 'bbox_h': 16, 'bbox_w': 16, 'bbox_area': 256, 'r0': 0, 'c0': 0, 'r1': 15, 'c1': 15, 'largest_component': 2}, {'color': 3, 'count': 24, 'bbox_h': 16, 'bbox_w': 16, 'bbox_area': 256, 'r0': 0, 'c0': 0, 'r1': 15, 'c1': 15, 'largest_component': 1}, {'color': 4, 'count': 33, 'bbox_h': 12, 'bbox_w': 12, 'bbox_area': 144, 'r0': 2, 'c0': 2, 'r1': 13, 'c1': 13, 'largest_component': 4}, {'color': 5, 'count': 15, 'bbox_h': 10, 'bbox_w': 10, 'bbox_area': 100, 'r0': 3, 'c0': 3, 'r1': 12, 'c1': 12, 'largest_component': 2}, {'color': 6, 'count': 16, 'bbox_h': 14, 'bbox_w': 14, 'bbox_area': 196, 'r0': 1, 'c0': 1, 'r1': 14, 'c1': 14, 'largest_component': 1}, {'color': 7, 'count': 20, 'bbox_h': 16, 'bbox_w': 16, 'bbox_area': 256, 'r0': 0, 'c0': 0, 'r1': 15, 'c1': 15, 'largest_component': 2}, {'color': 8, 'count': 35, 'bbox_h': 16, 'bbox_w': 16, 'bbox_area': 256, 'r0': 0, 'c0': 0, 'r1': 15, 'c1': 15, 'largest_component': 1}, {'color': 9, 'count': 36, 'bbox_h': 16, 'bbox_w': 16, 'bbox_area': 256, 'r0': 0, 'c0': 0, 'r1': 15, 'c1': 15, 'largest_component': 5}]","['bbox_h_max_high', 'bbox_w_max_high', 'bbox_area_max_high', 'r0_min_high', 'c0_min_high', 'r1_max_high', 'c1_max_high', 'largest_component_max_low', 'largest_component_max_high', 'count_rank1']"
254,4,"[{'color': 1, 'count': 34, 'bbox_h': 14, 'bbox_w': 14, 'bbox_area': 196, 'r0': 1, 'c0': 1, 'r1': 14, 'c1': 14, 'largest_component': 3}, {'color': 2, 'count': 8, 'bbox_h': 4, 'bbox_w': 4, 'bbox_area': 16, 'r0': 6, 'c0': 6, 'r1': 9, 'c1': 9, 'largest_component': 2}, {'color': 3, 'count': 35, 'bbox_h': 16, 'bbox_w': 16, 'bbox_area': 256, 'r0': 0, 'c0': 0, 'r1': 15, 'c1': 15, 'largest_component': 2}, {'color': 4, 'count': 40, 'bbox_h': 16, 'bbox_w': 16, 'bbox_area': 256, 'r0': 0, 'c0': 0, 'r1': 15, 'c1': 15, 'largest_component': 4}, {'color': 5, 'count': 40, 'bbox_h': 16, 'bbox_w': 16, 'bbox_area': 256, 'r0': 0, 'c0': 0, 'r1': 15, 'c1': 15, 'largest_component': 4}, {'color': 6, 'count': 32, 'bbox_h': 14, 'bbox_w': 14, 'bbox_area': 196, 'r0': 1, 'c0': 1, 'r1': 14, 'c1': 14, 'largest_component': 4}, {'color': 7, 'count': 20, 'bbox_h': 16, 'bbox_w': 16, 'bbox_area': 256, 'r0': 0, 'c0': 0, 'r1': 15, 'c1': 15, 'largest_component': 2}, {'color': 8, 'count': 18, 'bbox_h': 16, 'bbox_w': 16, 'bbox_area': 256, 'r0': 0, 'c0': 0, 'r1': 15, 'c1': 15, 'largest_component': 2}, {'color': 9, 'count': 20, 'bbox_h': 16, 'bbox_w': 16, 'bbox_area': 256, 'r0': 0, 'c0': 0, 'r1': 15, 'c1': 15, 'largest_component': 1}]","['count_max_low', 'largest_component_max_low', 'count_rank0', 'area_rank1']"
255,4,"[{'color': 1, 'count': 23, 'bbox_h': 16, 'bbox_w': 16, 'bbox_area': 256, 'r0': 0, 'c0': 0, 'r1': 15, 'c1': 15, 'largest_component': 2}, {'color': 2, 'count': 43, 'bbox_h': 16, 'bbox_w': 16, 'bbox_area': 256, 'r0': 0, 'c0': 0, 'r1': 15, 'c1': 15, 'largest_component': 4}, {'color': 3, 'count': 11, 'bbox_h': 16, 'bbox_w': 16, 'bbox_area': 256, 'r0': 0, 'c0': 0, 'r1': 15, 'c1': 15, 'largest_component': 1}, {'color': 4, 'count': 14, 'bbox_h': 14, 'bbox_w': 14, 'bbox_area': 196, 'r0': 1, 'c0': 1, 'r1': 14, 'c1': 14, 'largest_component': 1}, {'color': 5, 'count': 39, 'bbox_h': 14, 'bbox_w': 14, 'bbox_area': 196, 'r0': 1, 'c0': 1, 'r1': 14, 'c1': 14, 'largest_component': 2}, {'color': 6, 'count': 34, 'bbox_h': 12, 'bbox_w': 12, 'bbox_area': 144, 'r0': 2, 'c0': 2, 'r1': 13, 'c1': 13, 'largest_component': 20}, {'color': 7, 'count': 24, 'bbox_h': 16, 'bbox_w': 16, 'bbox_area': 256, 'r0': 0, 'c0': 0, 'r1': 15, 'c1': 15, 'largest_component': 2}, {'color': 8, 'count': 31, 'bbox_h': 16, 'bbox_w': 16, 'bbox_area': 256, 'r0': 0, 'c0': 0, 'r1': 15, 'c1': 15, 'largest_component': 2}, {'color': 9, 'count': 28, 'bbox_h': 16, 'bbox_w': 16, 'bbox_area': 256, 'r0': 0, 'c0': 0, 'r1': 15, 'c1': 15, 'largest_component': 3}]",['largest_component_min_high']
256,3,"[{'color': 1, 'count': 8, 'bbox_h': 12, 'bbox_w': 12, 'bbox_area': 144, 'r0': 2, 'c0': 2, 'r1': 13, 'c1': 13, 'largest_component': 1}, {'color': 2, 'count': 55, 'bbox_h': 16, 'bbox_w': 16, 'bbox_area': 256, 'r0': 0, 'c0': 0, 'r1': 15, 'c1': 15, 'largest_component': 5}, {'color': 3, 'count': 49, 'bbox_h': 14, 'bbox_w': 14, 'bbox_area': 196, 'r0': 1, 'c0': 1, 'r1': 14, 'c1': 14, 'largest_component': 4}, {'color': 4, 'count': 16, 'bbox_h': 16, 'bbox_w': 16, 'bbox_area': 256, 'r0': 0, 'c0': 0, 'r1': 15, 'c1': 15, 'largest_component': 2}, {'color': 5, 'count': 14, 'bbox_h': 12, 'bbox_w': 12, 'bbox_area': 144, 'r0': 2, 'c0': 2, 'r1': 13, 'c1': 13, 'largest_component': 1}, {'color': 6, 'count': 24, 'bbox_h': 16, 'bbox_w': 16, 'bbox_area': 256, 'r0': 0, 'c0': 0, 'r1': 15, 'c1': 15, 'largest_component': 2}, {'color': 7, 'count': 16, 'bbox_h': 16, 'bbox_w': 16, 'bbox_area': 256, 'r0': 0, 'c0': 0, 'r1': 15, 'c1': 15, 'largest_component': 2}, {'color': 8, 'count': 26, 'bbox_h': 12, 'bbox_w': 12, 'bbox_area': 144, 'r0': 2, 'c0': 2, 'r1': 13, 'c1': 13, 'largest_component': 2}, {'color': 9, 'count': 39, 'bbox_h': 16, 'bbox_w': 16, 'bbox_area': 256, 'r0': 0, 'c0': 0, 'r1': 15, 'c1': 15, 'largest_component': 2}]",['count_rank1']
257,3,"[{'color': 1, 'count': 15, 'bbox_h': 16, 'bbox_w': 16, 'bbox_area': 256, 'r0': 0, 'c0': 0, 'r1': 15, 'c1': 15, 'largest_component': 2}, {'color': 2, 'count': 35, 'bbox_h': 16, 'bbox_w': 16, 'bbox_area': 256, 'r0': 0, 'c0': 0, 'r1': 15, 'c1': 15, 'largest_component': 4}, {'color': 3, 'count': 34, 'bbox_h': 16, 'bbox_w': 16, 'bbox_area': 256, 'r0': 0, 'c0': 0, 'r1': 15, 'c1': 15, 'largest_component': 2}, {'color': 4, 'count': 27, 'bbox_h': 14, 'bbox_w': 14, 'bbox_area': 196, 'r0': 1, 'c0': 1, 'r1': 14, 'c1': 14, 'largest_component': 2}, {'color': 5, 'count': 26, 'bbox_h': 16, 'bbox_w': 16, 'bbox_area': 256, 'r0': 0, 'c0': 0, 'r1': 15, 'c1': 15, 'largest_component': 2}, {'color': 6, 'count': 39, 'bbox_h': 16, 'bbox_w': 16, 'bbox_area': 256, 'r0': 0, 'c0': 0, 'r1': 15, 'c1': 15, 'largest_component': 4}, {'color': 7, 'count': 16, 'bbox_h': 12, 'bbox_w': 12, 'bbox_area': 144, 'r0': 2, 'c0': 2, 'r1': 13, 'c1': 13, 'largest_component': 1}, {'color': 8, 'count': 31, 'bbox_h': 16, 'bbox_w': 16, 'bbox_area': 256, 'r0': 0, 'c0': 0, 'r1': 15, 'c1': 15, 'largest_component': 2}, {'color': 9, 'count': 24, 'bbox_h': 16, 'bbox_w': 16, 'bbox_area': 256, 'r0': 0, 'c0': 0, 'r1': 15, 'c1': 15, 'largest_component': 1}]","['count_rank2', 'area_rank2']"
258,1,"[{'color': 1, 'count': 36, 'bbox_h': 16, 'bbox_w': 16, 'bbox_area': 256, 'r0': 0, 'c0': 0, 'r1': 15, 'c1': 15, 'largest_component': 3}, {'color': 2, 'count': 20, 'bbox_h': 16, 'bbox_w': 16, 'bbox_area': 256, 'r0': 0, 'c0': 0, 'r1': 15, 'c1': 15, 'largest_component': 1}, {'color': 3, 'count': 39, 'bbox_h': 16, 'bbox_w': 16, 'bbox_area': 256, 'r0': 0, 'c0': 0, 'r1': 15, 'c1': 15, 'largest_component': 2}, {'color': 4, 'count': 16, 'bbox_h': 16, 'bbox_w': 16, 'bbox_area': 256, 'r0': 0, 'c0': 0, 'r1': 15, 'c1': 15, 'largest_component': 1}, {'color': 5, 'count': 24, 'bbox_h': 14, 'bbox_w': 14, 'bbox_area': 196, 'r0': 1, 'c0': 1, 'r1': 14, 'c1': 14, 'largest_component': 2}, {'color': 6, 'count': 7, 'bbox_h': 12, 'bbox_w': 12, 'bbox_area': 144, 'r0': 2, 'c0': 2, 'r1': 13, 'c1': 13, 'largest_component': 1}, {'color': 7, 'count': 44, 'bbox_h': 16, 'bbox_w': 16, 'bbox_area': 256, 'r0': 0, 'c0': 0, 'r1': 15, 'c1': 15, 'largest_component': 5}, {'color': 8, 'count': 16, 'bbox_h': 10, 'bbox_w': 10, 'bbox_area': 100, 'r0': 3, 'c0': 3, 'r1': 12, 'c1': 12, 'largest_component': 4}, {'color': 9, 'count': 45, 'bbox_h': 16, 'bbox_w': 16, 'bbox_area': 256, 'r0': 0, 'c0': 0, 'r1': 15, 'c1': 15, 'largest_component': 4}]","['bbox_h_max_low', 'bbox_w_max_low', 'bbox_area_max_low', 'r0_min_low', 'c0_min_low', 'r1_max_low', 'c1_max_low', 'count_rank3', 'area_rank0']"
259,2,"[{'color': 1, 'count': 19, 'bbox_h': 16, 'bbox_w': 16, 'bbox_area': 256, 'r0': 0, 'c0': 0, 'r1': 15, 'c1': 15, 'largest_component': 1}, {'color': 2, 'count': 26, 'bbox_h': 14, 'bbox_w': 14, 'bbox_area': 196, 'r0': 1, 'c0': 1, 'r1': 14, 'c1': 14, 'largest_component': 2}, {'color': 3, 'count': 43, 'bbox_h': 16, 'bbox_w': 16, 'bbox_area': 256, 'r0': 0, 'c0': 0, 'r1': 15, 'c1': 15, 'largest_component': 2}, {'color': 4, 'count': 27, 'bbox_h': 14, 'bbox_w': 14, 'bbox_area': 196, 'r0': 1, 'c0': 1, 'r1': 14, 'c1': 14, 'largest_component': 2}, {'color': 5, 'count': 32, 'bbox_h': 16, 'bbox_w': 16, 'bbox_area': 256, 'r0': 0, 'c0': 0, 'r1': 15, 'c1': 15, 'largest_component': 2}, {'color': 6, 'count': 30, 'bbox_h': 14, 'bbox_w': 14, 'bbox_area': 196, 'r0': 1, 'c0': 1, 'r1': 14, 'c1': 14, 'largest_component': 4}, {'color': 8, 'count': 23, 'bbox_h': 16, 'bbox_w': 16, 'bbox_area': 256, 'r0': 0, 'c0': 0, 'r1': 15, 'c1': 15, 'largest_component': 1}, {'color': 9, 'count': 47, 'bbox_h': 16, 'bbox_w': 16, 'bbox_area': 256, 'r0': 0, 'c0': 0, 'r1': 15, 'c1': 15, 'largest_component': 4}]","['bbox_h_min_low', 'bbox_w_min_low', 'bbox_area_min_low', 'r0_max_low', 'c0_max_low', 'r1_min_low', 'c1_min_low']"
260,3,"[{'color': 1, 'count': 35, 'bbox_h': 16, 'bbox_w': 16, 'bbox_area': 256, 'r0': 0, 'c0': 0, 'r1': 15, 'c1': 15, 'largest_component': 3}, {'color': 2, 'count': 24, 'bbox_h': 16, 'bbox_w': 16, 'bbox_area': 256, 'r0': 0, 'c0': 0, 'r1': 15, 'c1': 15, 'largest_component': 3}, {'color': 3, 'count': 37, 'bbox_h': 12, 'bbox_w': 12, 'bbox_area': 144, 'r0': 2, 'c0': 2, 'r1': 13, 'c1': 13, 'largest_component': 5}, {'color': 4, 'count': 26, 'bbox_h': 14, 'bbox_w': 14, 'bbox_area': 196, 'r0': 1, 'c0': 1, 'r1': 14, 'c1': 14, 'largest_component': 2}, {'color': 5, 'count': 24, 'bbox_h': 16, 'bbox_w': 16, 'bbox_area': 256, 'r0': 0, 'c0': 0, 'r1': 15, 'c1': 15, 'largest_component': 4}, {'color': 6, 'count': 7, 'bbox_h': 8, 'bbox_w': 8, 'bbox_area': 64, 'r0': 4, 'c0': 4, 'r1': 11, 'c1': 11, 'largest_component': 2}, {'color': 7, 'count': 31, 'bbox_h': 16, 'bbox_w': 16, 'bbox_area': 256, 'r0': 0, 'c0': 0, 'r1': 15, 'c1': 15, 'largest_component': 2}, {'color': 8, 'count': 43, 'bbox_h': 14, 'bbox_w': 14, 'bbox_area': 196, 'r0': 1, 'c0': 1, 'r1': 14, 'c1': 14, 'largest_component': 4}, {'color': 9, 'count': 20, 'bbox_h': 16, 'bbox_w': 16, 'bbox_area': 256, 'r0': 0, 'c0': 0, 'r1': 15, 'c1': 15, 'largest_component': 1}]","['largest_component_max_low', 'largest_component_max_high', 'count_rank1']"
261,1,"[{'color': 1, 'count': 29, 'bbox_h': 14, 'bbox_w': 14, 'bbox_area': 196, 'r0': 1, 'c0': 1, 'r1': 14, 'c1': 14, 'largest_component': 2}, {'color': 2, 'count': 46, 'bbox_h': 16, 'bbox_w': 16, 'bbox_area': 256, 'r0': 0, 'c0': 0, 'r1': 15, 'c1': 15, 'largest_component': 2}, {'color': 3, 'count': 8, 'bbox_h': 6, 'bbox_w': 6, 'bbox_area': 36, 'r0': 5, 'c0': 5, 'r1': 10, 'c1': 10, 'largest_component': 1}, {'color': 4, 'count': 20, 'bbox_h': 16, 'bbox_w': 16, 'bbox_area': 256, 'r0': 0, 'c0': 0, 'r1': 15, 'c1': 15, 'largest_component': 2}, {'color': 5, 'count': 30, 'bbox_h': 16, 'bbox_w': 16, 'bbox_area': 256, 'r0': 0, 'c0': 0, 'r1': 15, 'c1': 15, 'largest_component': 1}, {'color': 6, 'count': 48, 'bbox_h': 14, 'bbox_w': 14, 'bbox_area': 196, 'r0': 1, 'c0': 1, 'r1': 14, 'c1': 14, 'largest_component': 4}, {'color': 7, 'count': 35, 'bbox_h': 16, 'bbox_w': 16, 'bbox_area': 256, 'r0': 0, 'c0': 0, 'r1': 15, 'c1': 15, 'largest_component': 2}, {'color': 8, 'count': 11, 'bbox_h': 14, 'bbox_w': 14, 'bbox_area': 196, 'r0': 1, 'c0': 1, 'r1': 14, 'c1': 14, 'largest_component': 1}, {'color': 9, 'count': 20, 'bbox_h': 16, 'bbox_w': 16, 'bbox_area': 256, 'r0': 0, 'c0': 0, 'r1': 15, 'c1': 15, 'largest_component': 4}]",['count_rank4']
262,7,"[{'color': 1, 'count': 4, 'bbox_h': 12, 'bbox_w': 12, 'bbox_area': 144, 'r0': 2, 'c0': 2, 'r1': 13, 'c1': 13, 'largest_component': 1}, {'color': 2, 'count': 59, 'bbox_h': 16, 'bbox_w': 16, 'bbox_area': 256, 'r0': 0, 'c0': 0, 'r1': 15, 'c1': 15, 'largest_component': 4}, {'color': 3, 'count': 42, 'bbox_h': 16, 'bbox_w': 16, 'bbox_area': 256, 'r0': 0, 'c0': 0, 'r1': 15, 'c1': 15, 'largest_component': 3}, {'color': 4, 'count': 22, 'bbox_h': 16, 'bbox_w': 16, 'bbox_area': 256, 'r0': 0, 'c0': 0, 'r1': 15, 'c1': 15, 'largest_component': 1}, {'color': 5, 'count': 8, 'bbox_h': 10, 'bbox_w': 10, 'bbox_area': 100, 'r0': 3, 'c0': 3, 'r1': 12, 'c1': 12, 'largest_component': 1}, {'color': 6, 'count': 12, 'bbox_h': 16, 'bbox_w': 16, 'bbox_area': 256, 'r0': 0, 'c0': 0, 'r1': 15, 'c1': 15, 'largest_component': 1}, {'color': 7, 'count': 26, 'bbox_h': 16, 'bbox_w': 16, 'bbox_area': 256, 'r0': 0, 'c0': 0, 'r1': 15, 'c1': 15, 'largest_component': 4}, {'color': 8, 'count': 59, 'bbox_h': 14, 'bbox_w': 14, 'bbox_area': 196, 'r0': 1, 'c0': 1, 'r1': 14, 'c1': 14, 'largest_component': 6}, {'color': 9, 'count': 15, 'bbox_h': 14, 'bbox_w': 14, 'bbox_area': 196, 'r0': 1, 'c0': 1, 'r1': 14, 'c1': 14, 'largest_component': 1}]","['bbox_h_max_high', 'bbox_w_max_high', 'bbox_area_max_high', 'r0_min_high', 'c0_min_high', 'r1_max_high', 'c1_max_high', 'count_rank3', 'area_rank4']"
263,4,"[{'color': 1, 'count': 24, 'bbox_h': 16, 'bbox_w': 16, 'bbox_area': 256, 'r0': 0, 'c0': 0, 'r1': 15, 'c1': 15, 'largest_component': 3}, {'color': 2, 'count': 79, 'bbox_h': 16, 'bbox_w': 16, 'bbox_area': 256, 'r0': 0, 'c0': 0, 'r1': 15, 'c1': 15, 'largest_component': 28}, {'color': 3, 'count': 3, 'bbox_h': 8, 'bbox_w': 8, 'bbox_area': 64, 'r0': 4, 'c0': 4, 'r1': 11, 'c1': 11, 'largest_component': 1}, {'color': 4, 'count': 37, 'bbox_h': 14, 'bbox_w': 14, 'bbox_area': 196, 'r0': 1, 'c0': 1, 'r1': 14, 'c1': 14, 'largest_component': 3}, {'color': 5, 'count': 8, 'bbox_h': 16, 'bbox_w': 16, 'bbox_area': 256, 'r0': 0, 'c0': 0, 'r1': 15, 'c1': 15, 'largest_component': 1}, {'color': 6, 'count': 8, 'bbox_h': 14, 'bbox_w': 14, 'bbox_area': 196, 'r0': 1, 'c0': 1, 'r1': 14, 'c1': 14, 'largest_component': 2}, {'color': 7, 'count': 16, 'bbox_h': 16, 'bbox_w': 16, 'bbox_area': 256, 'r0': 0, 'c0': 0, 'r1': 15, 'c1': 15, 'largest_component': 1}, {'color': 8, 'count': 30, 'bbox_h': 16, 'bbox_w': 16, 'bbox_area': 256, 'r0': 0, 'c0': 0, 'r1': 15, 'c1': 15, 'largest_component': 4}, {'color': 9, 'count': 42, 'bbox_h': 14, 'bbox_w': 14, 'bbox_area': 196, 'r0': 1, 'c0': 1, 'r1': 14, 'c1': 14, 'largest_component': 4}]",['count_rank2']
264,1,"[{'color': 1, 'count': 14, 'bbox_h': 12, 'bbox_w': 12, 'bbox_area': 144, 'r0': 2, 'c0': 2, 'r1': 13, 'c1': 13, 'largest_component': 2}, {'color': 2, 'count': 16, 'bbox_h': 16, 'bbox_w': 16, 'bbox_area': 256, 'r0': 0, 'c0': 0, 'r1': 15, 'c1': 15, 'largest_component': 4}, {'color': 3, 'count': 31, 'bbox_h': 16, 'bbox_w': 16, 'bbox_area': 256, 'r0': 0, 'c0': 0, 'r1': 15, 'c1': 15, 'largest_component': 2}, {'color': 4, 'count': 24, 'bbox_h': 16, 'bbox_w': 16, 'bbox_area': 256, 'r0': 0, 'c0': 0, 'r1': 15, 'c1': 15, 'largest_component': 1}, {'color': 5, 'count': 24, 'bbox_h': 16, 'bbox_w': 16, 'bbox_area': 256, 'r0': 0, 'c0': 0, 'r1': 15, 'c1': 15, 'largest_component': 3}, {'color': 6, 'count': 47, 'bbox_h': 16, 'bbox_w': 16, 'bbox_area': 256, 'r0': 0, 'c0': 0, 'r1': 15, 'c1': 15, 'largest_component': 3}, {'color': 7, 'count': 30, 'bbox_h': 16, 'bbox_w': 16, 'bbox_area': 256, 'r0': 0, 'c0': 0, 'r1': 15, 'c1': 15, 'largest_component': 2}, {'color': 8, 'count': 22, 'bbox_h': 14, 'bbox_w': 14, 'bbox_area': 196, 'r0': 1, 'c0': 1, 'r1': 14, 'c1': 14, 'largest_component': 2}, {'color': 9, 'count': 39, 'bbox_h': 14, 'bbox_w': 14, 'bbox_area': 196, 'r0': 1, 'c0': 1, 'r1': 14, 'c1': 14, 'largest_component': 6}]","['count_min_low', 'count_min_high', 'bbox_h_min_low', 'bbox_h_min_high', 'bbox_w_min_low', 'bbox_w_min_high', 'bbox_area_min_low', 'bbox_area_min_high', 'r0_max_low', 'r0_max_high', 'c0_max_low', 'c0_max_high', 'r1_min_low', 'r1_min_high', 'c1_min_low', 'c1_min_high']"
265,5,"[{'color': 1, 'count': 27, 'bbox_h': 16, 'bbox_w': 16, 'bbox_area': 256, 'r0': 0, 'c0': 0, 'r1': 15, 'c1': 15, 'largest_component': 2}, {'color': 2, 'count': 27, 'bbox_h': 16, 'bbox_w': 16, 'bbox_area': 256, 'r0': 0, 'c0': 0, 'r1': 15, 'c1': 15, 'largest_component': 1}, {'color': 3, 'count': 15, 'bbox_h': 10, 'bbox_w': 10, 'bbox_area': 100, 'r0': 3, 'c0': 3, 'r1': 12, 'c1': 12, 'largest_component': 2}, {'color': 4, 'count': 7, 'bbox_h': 10, 'bbox_w': 10, 'bbox_area': 100, 'r0': 3, 'c0': 3, 'r1': 12, 'c1': 12, 'largest_component': 1}, {'color': 5, 'count': 37, 'bbox_h': 14, 'bbox_w': 14, 'bbox_area': 196, 'r0': 1, 'c0': 1, 'r1': 14, 'c1': 14, 'largest_component': 3}, {'color': 6, 'count': 48, 'bbox_h': 16, 'bbox_w': 16, 'bbox_area': 256, 'r0': 0, 'c0': 0, 'r1': 15, 'c1': 15, 'largest_component': 4}, {'color': 7, 'count': 23, 'bbox_h': 16, 'bbox_w': 16, 'bbox_area': 256, 'r0': 0, 'c0': 0, 'r1': 15, 'c1': 15, 'largest_component': 1}, {'color': 8, 'count': 27, 'bbox_h': 16, 'bbox_w': 16, 'bbox_area': 256, 'r0': 0, 'c0': 0, 'r1': 15, 'c1': 15, 'largest_component': 3}, {'color': 9, 'count': 36, 'bbox_h': 16, 'bbox_w': 16, 'bbox_area': 256, 'r0': 0, 'c0': 0, 'r1': 15, 'c1': 15, 'largest_component': 4}]",['count_rank1']
