idx,target,mode_low,mode_ok,target_stat,stats,rules_hit
0,8,8,True,"{'color': 8, 'count': 14, 'rank': 0, 'bbox_h': 4, 'bbox_w': 5, 'bbox_area': 20, 'on_edge': 0, 'r0': 5, 'c0': 3, 'r1': 8, 'c1': 7}","[{'color': 8, 'count': 14, 'rank': 0, 'bbox_h': 4, 'bbox_w': 5, 'bbox_area': 20, 'on_edge': 0, 'r0': 5, 'c0': 3, 'r1': 8, 'c1': 7}, {'color': 7, 'count': 12, 'rank': 1, 'bbox_h': 4, 'bbox_w': 4, 'bbox_area': 16, 'on_edge': 1, 'r0': 0, 'c0': 1, 'r1': 3, 'c1': 4}]","['count_max', 'bbox_w_max', 'bbox_area_max', 'on_edge_min', 'r0_max', 'c0_max', 'r1_max', 'c1_max', 'rank0', 'mode_low', 'mode_high']"
1,7,7,True,"{'color': 7, 'count': 16, 'rank': 0, 'bbox_h': 4, 'bbox_w': 6, 'bbox_area': 24, 'on_edge': 0, 'r0': 5, 'c0': 2, 'r1': 8, 'c1': 7}","[{'color': 7, 'count': 16, 'rank': 0, 'bbox_h': 4, 'bbox_w': 6, 'bbox_area': 24, 'on_edge': 0, 'r0': 5, 'c0': 2, 'r1': 8, 'c1': 7}, {'color': 6, 'count': 14, 'rank': 1, 'bbox_h': 4, 'bbox_w': 5, 'bbox_area': 20, 'on_edge': 1, 'r0': 0, 'c0': 0, 'r1': 3, 'c1': 4}]","['count_max', 'bbox_w_max', 'bbox_area_max', 'on_edge_min', 'r0_max', 'c0_max', 'r1_max', 'c1_max', 'rank0', 'mode_low', 'mode_high']"
2,4,4,True,"{'color': 4, 'count': 22, 'rank': 0, 'bbox_h': 7, 'bbox_w': 6, 'bbox_area': 42, 'on_edge': 1, 'r0': 0, 'c0': 1, 'r1': 6, 'c1': 6}","[{'color': 4, 'count': 22, 'rank': 0, 'bbox_h': 7, 'bbox_w': 6, 'bbox_area': 42, 'on_edge': 1, 'r0': 0, 'c0': 1, 'r1': 6, 'c1': 6}, {'color': 2, 'count': 8, 'rank': 1, 'bbox_h': 3, 'bbox_w': 3, 'bbox_area': 9, 'on_edge': 1, 'r0': 7, 'c0': 7, 'r1': 9, 'c1': 9}]","['count_max', 'bbox_h_max', 'bbox_w_max', 'bbox_area_max', 'r0_min', 'c0_min', 'r1_min', 'c1_min', 'rank0', 'mode_low', 'mode_high']"
3,3,3,True,"{'color': 3, 'count': 24, 'rank': 0, 'bbox_h': 9, 'bbox_w': 5, 'bbox_area': 45, 'on_edge': 1, 'r0': 0, 'c0': 0, 'r1': 8, 'c1': 4}","[{'color': 3, 'count': 24, 'rank': 0, 'bbox_h': 9, 'bbox_w': 5, 'bbox_area': 45, 'on_edge': 1, 'r0': 0, 'c0': 0, 'r1': 8, 'c1': 4}, {'color': 9, 'count': 24, 'rank': 1, 'bbox_h': 10, 'bbox_w': 4, 'bbox_area': 40, 'on_edge': 1, 'r0': 0, 'c0': 6, 'r1': 9, 'c1': 9}]","['count_max', 'count_min', 'bbox_h_min', 'bbox_w_max', 'bbox_area_max', 'on_edge_max', 'on_edge_min', 'r0_max', 'r0_min', 'c0_min', 'r1_min', 'c1_min', 'rank0', 'mode_low']"
4,7,7,True,"{'color': 7, 'count': 30, 'rank': 0, 'bbox_h': 7, 'bbox_w': 10, 'bbox_area': 70, 'on_edge': 1, 'r0': 0, 'c0': 0, 'r1': 6, 'c1': 9}","[{'color': 7, 'count': 30, 'rank': 0, 'bbox_h': 7, 'bbox_w': 10, 'bbox_area': 70, 'on_edge': 1, 'r0': 0, 'c0': 0, 'r1': 6, 'c1': 9}, {'color': 4, 'count': 12, 'rank': 1, 'bbox_h': 3, 'bbox_w': 5, 'bbox_area': 15, 'on_edge': 1, 'r0': 7, 'c0': 2, 'r1': 9, 'c1': 6}]","['count_max', 'bbox_h_max', 'bbox_w_max', 'bbox_area_max', 'r0_min', 'c0_min', 'r1_min', 'c1_max', 'rank0', 'mode_low', 'mode_high']"
5,7,7,True,"{'color': 7, 'count': 18, 'rank': 0, 'bbox_h': 6, 'bbox_w': 5, 'bbox_area': 30, 'on_edge': 1, 'r0': 4, 'c0': 4, 'r1': 9, 'c1': 8}","[{'color': 7, 'count': 18, 'rank': 0, 'bbox_h': 6, 'bbox_w': 5, 'bbox_area': 30, 'on_edge': 1, 'r0': 4, 'c0': 4, 'r1': 9, 'c1': 8}, {'color': 9, 'count': 10, 'rank': 1, 'bbox_h': 4, 'bbox_w': 3, 'bbox_area': 12, 'on_edge': 1, 'r0': 4, 'c0': 0, 'r1': 7, 'c1': 2}]","['count_max', 'bbox_h_max', 'bbox_w_max', 'bbox_area_max', 'on_edge_max', 'on_edge_min', 'r0_max', 'r0_min', 'c0_max', 'r1_max', 'c1_max', 'rank0', 'mode_low', 'mode_high']"
6,3,3,True,"{'color': 3, 'count': 14, 'rank': 0, 'bbox_h': 3, 'bbox_w': 6, 'bbox_area': 18, 'on_edge': 1, 'r0': 5, 'c0': 4, 'r1': 7, 'c1': 9}","[{'color': 3, 'count': 14, 'rank': 0, 'bbox_h': 3, 'bbox_w': 6, 'bbox_area': 18, 'on_edge': 1, 'r0': 5, 'c0': 4, 'r1': 7, 'c1': 9}, {'color': 7, 'count': 10, 'rank': 1, 'bbox_h': 4, 'bbox_w': 3, 'bbox_area': 12, 'on_edge': 1, 'r0': 5, 'c0': 0, 'r1': 8, 'c1': 2}]","['count_max', 'bbox_h_min', 'bbox_w_max', 'bbox_area_max', 'on_edge_max', 'on_edge_min', 'r0_max', 'r0_min', 'c0_max', 'r1_min', 'c1_max', 'rank0', 'mode_low', 'mode_high']"
7,1,1,True,"{'color': 1, 'count': 18, 'rank': 0, 'bbox_h': 3, 'bbox_w': 8, 'bbox_area': 24, 'on_edge': 0, 'r0': 6, 'c0': 1, 'r1': 8, 'c1': 8}","[{'color': 1, 'count': 18, 'rank': 0, 'bbox_h': 3, 'bbox_w': 8, 'bbox_area': 24, 'on_edge': 0, 'r0': 6, 'c0': 1, 'r1': 8, 'c1': 8}, {'color': 3, 'count': 12, 'rank': 1, 'bbox_h': 5, 'bbox_w': 3, 'bbox_area': 15, 'on_edge': 1, 'r0': 0, 'c0': 5, 'r1': 4, 'c1': 7}]","['count_max', 'bbox_h_min', 'bbox_w_max', 'bbox_area_max', 'on_edge_min', 'r0_max', 'c0_min', 'r1_max', 'c1_max', 'rank0', 'mode_low', 'mode_high']"
8,9,9,True,"{'color': 9, 'count': 18, 'rank': 0, 'bbox_h': 5, 'bbox_w': 6, 'bbox_area': 30, 'on_edge': 1, 'r0': 5, 'c0': 0, 'r1': 9, 'c1': 5}","[{'color': 9, 'count': 18, 'rank': 0, 'bbox_h': 5, 'bbox_w': 6, 'bbox_area': 30, 'on_edge': 1, 'r0': 5, 'c0': 0, 'r1': 9, 'c1': 5}, {'color': 3, 'count': 14, 'rank': 1, 'bbox_h': 5, 'bbox_w': 4, 'bbox_area': 20, 'on_edge': 1, 'r0': 3, 'c0': 6, 'r1': 7, 'c1': 9}]","['count_max', 'bbox_w_max', 'bbox_area_max', 'r0_max', 'c0_min', 'r1_max', 'c1_min', 'rank0', 'mode_low', 'mode_high']"
9,7,7,True,"{'color': 7, 'count': 22, 'rank': 0, 'bbox_h': 5, 'bbox_w': 8, 'bbox_area': 40, 'on_edge': 1, 'r0': 0, 'c0': 1, 'r1': 4, 'c1': 8}","[{'color': 7, 'count': 22, 'rank': 0, 'bbox_h': 5, 'bbox_w': 8, 'bbox_area': 40, 'on_edge': 1, 'r0': 0, 'c0': 1, 'r1': 4, 'c1': 8}, {'color': 9, 'count': 10, 'rank': 1, 'bbox_h': 4, 'bbox_w': 3, 'bbox_area': 12, 'on_edge': 1, 'r0': 6, 'c0': 7, 'r1': 9, 'c1': 9}]","['count_max', 'bbox_h_max', 'bbox_w_max', 'bbox_area_max', 'on_edge_max', 'on_edge_min', 'r0_min', 'c0_min', 'r1_min', 'c1_min', 'rank0', 'mode_low', 'mode_high']"
10,9,4,False,"{'color': 9, 'count': 20, 'rank': 1, 'bbox_h': 7, 'bbox_w': 5, 'bbox_area': 35, 'on_edge': 1, 'r0': 3, 'c0': 5, 'r1': 9, 'c1': 9}","[{'color': 4, 'count': 20, 'rank': 0, 'bbox_h': 8, 'bbox_w': 4, 'bbox_area': 32, 'on_edge': 1, 'r0': 1, 'c0': 0, 'r1': 8, 'c1': 3}, {'color': 9, 'count': 20, 'rank': 1, 'bbox_h': 7, 'bbox_w': 5, 'bbox_area': 35, 'on_edge': 1, 'r0': 3, 'c0': 5, 'r1': 9, 'c1': 9}]","['bbox_h_min', 'bbox_w_max', 'bbox_area_max', 'r0_max', 'c0_max', 'r1_max', 'c1_max', 'rank1', 'mode_high']"
11,3,3,True,"{'color': 3, 'count': 22, 'rank': 0, 'bbox_h': 10, 'bbox_w': 3, 'bbox_area': 30, 'on_edge': 1, 'r0': 0, 'c0': 0, 'r1': 9, 'c1': 2}","[{'color': 3, 'count': 22, 'rank': 0, 'bbox_h': 10, 'bbox_w': 3, 'bbox_area': 30, 'on_edge': 1, 'r0': 0, 'c0': 0, 'r1': 9, 'c1': 2}, {'color': 9, 'count': 18, 'rank': 1, 'bbox_h': 4, 'bbox_w': 7, 'bbox_area': 28, 'on_edge': 1, 'r0': 1, 'c0': 3, 'r1': 4, 'c1': 9}]","['count_max', 'bbox_h_max', 'bbox_w_min', 'bbox_area_max', 'on_edge_max', 'on_edge_min', 'r0_min', 'c0_min', 'r1_max', 'c1_min', 'rank0', 'mode_low', 'mode_high']"
12,6,6,True,"{'color': 6, 'count': 20, 'rank': 0, 'bbox_h': 9, 'bbox_w': 3, 'bbox_area': 27, 'on_edge': 1, 'r0': 0, 'c0': 7, 'r1': 8, 'c1': 9}","[{'color': 6, 'count': 20, 'rank': 0, 'bbox_h': 9, 'bbox_w': 3, 'bbox_area': 27, 'on_edge': 1, 'r0': 0, 'c0': 7, 'r1': 8, 'c1': 9}, {'color': 7, 'count': 16, 'rank': 1, 'bbox_h': 4, 'bbox_w': 6, 'bbox_area': 24, 'on_edge': 1, 'r0': 4, 'c0': 0, 'r1': 7, 'c1': 5}]","['count_max', 'bbox_h_max', 'bbox_w_min', 'bbox_area_max', 'on_edge_max', 'on_edge_min', 'r0_min', 'c0_max', 'r1_max', 'c1_max', 'rank0', 'mode_low', 'mode_high']"
13,5,5,True,"{'color': 5, 'count': 18, 'rank': 0, 'bbox_h': 3, 'bbox_w': 8, 'bbox_area': 24, 'on_edge': 1, 'r0': 0, 'c0': 2, 'r1': 2, 'c1': 9}","[{'color': 5, 'count': 18, 'rank': 0, 'bbox_h': 3, 'bbox_w': 8, 'bbox_area': 24, 'on_edge': 1, 'r0': 0, 'c0': 2, 'r1': 2, 'c1': 9}, {'color': 1, 'count': 12, 'rank': 1, 'bbox_h': 5, 'bbox_w': 3, 'bbox_area': 15, 'on_edge': 0, 'r0': 4, 'c0': 1, 'r1': 8, 'c1': 3}]","['count_max', 'bbox_h_min', 'bbox_w_max', 'bbox_area_max', 'on_edge_max', 'r0_min', 'c0_max', 'r1_min', 'c1_max', 'rank0', 'mode_low', 'mode_high']"
14,2,2,True,"{'color': 2, 'count': 14, 'rank': 0, 'bbox_h': 5, 'bbox_w': 4, 'bbox_area': 20, 'on_edge': 1, 'r0': 0, 'c0': 3, 'r1': 4, 'c1': 6}","[{'color': 2, 'count': 14, 'rank': 0, 'bbox_h': 5, 'bbox_w': 4, 'bbox_area': 20, 'on_edge': 1, 'r0': 0, 'c0': 3, 'r1': 4, 'c1': 6}, {'color': 6, 'count': 8, 'rank': 1, 'bbox_h': 3, 'bbox_w': 3, 'bbox_area': 9, 'on_edge': 0, 'r0': 6, 'c0': 4, 'r1': 8, 'c1': 6}]","['count_max', 'bbox_h_max', 'bbox_w_max', 'bbox_area_max', 'on_edge_max', 'r0_min', 'c0_min', 'r1_min', 'c1_max', 'c1_min', 'rank0', 'mode_low', 'mode_high']"
15,7,7,True,"{'color': 7, 'count': 20, 'rank': 0, 'bbox_h': 3, 'bbox_w': 9, 'bbox_area': 27, 'on_edge': 1, 'r0': 0, 'c0': 0, 'r1': 2, 'c1': 8}","[{'color': 7, 'count': 20, 'rank': 0, 'bbox_h': 3, 'bbox_w': 9, 'bbox_area': 27, 'on_edge': 1, 'r0': 0, 'c0': 0, 'r1': 2, 'c1': 8}, {'color': 9, 'count': 16, 'rank': 1, 'bbox_h': 7, 'bbox_w': 3, 'bbox_area': 21, 'on_edge': 1, 'r0': 3, 'c0': 0, 'r1': 9, 'c1': 2}]","['count_max', 'bbox_h_min', 'bbox_w_max', 'bbox_area_max', 'on_edge_max', 'on_edge_min', 'r0_min', 'c0_max', 'c0_min', 'r1_min', 'c1_max', 'rank0', 'mode_low', 'mode_high']"
16,7,7,True,"{'color': 7, 'count': 20, 'rank': 0, 'bbox_h': 5, 'bbox_w': 7, 'bbox_area': 35, 'on_edge': 1, 'r0': 5, 'c0': 1, 'r1': 9, 'c1': 7}","[{'color': 7, 'count': 20, 'rank': 0, 'bbox_h': 5, 'bbox_w': 7, 'bbox_area': 35, 'on_edge': 1, 'r0': 5, 'c0': 1, 'r1': 9, 'c1': 7}, {'color': 1, 'count': 12, 'rank': 1, 'bbox_h': 5, 'bbox_w': 3, 'bbox_area': 15, 'on_edge': 1, 'r0': 0, 'c0': 7, 'r1': 4, 'c1': 9}]","['count_max', 'bbox_w_max', 'bbox_area_max', 'r0_max', 'c0_min', 'r1_max', 'c1_min', 'rank0', 'mode_low', 'mode_high']"
17,4,4,True,"{'color': 4, 'count': 16, 'rank': 0, 'bbox_h': 6, 'bbox_w': 4, 'bbox_area': 24, 'on_edge': 1, 'r0': 4, 'c0': 4, 'r1': 9, 'c1': 7}","[{'color': 4, 'count': 16, 'rank': 0, 'bbox_h': 6, 'bbox_w': 4, 'bbox_area': 24, 'on_edge': 1, 'r0': 4, 'c0': 4, 'r1': 9, 'c1': 7}, {'color': 1, 'count': 10, 'rank': 1, 'bbox_h': 3, 'bbox_w': 4, 'bbox_area': 12, 'on_edge': 1, 'r0': 0, 'c0': 4, 'r1': 2, 'c1': 7}]","['count_max', 'bbox_h_max', 'bbox_area_max', 'r0_max', 'r1_max', 'rank0', 'mode_low', 'mode_high']"
18,5,5,True,"{'color': 5, 'count': 22, 'rank': 0, 'bbox_h': 5, 'bbox_w': 8, 'bbox_area': 40, 'on_edge': 1, 'r0': 0, 'c0': 1, 'r1': 4, 'c1': 8}","[{'color': 5, 'count': 22, 'rank': 0, 'bbox_h': 5, 'bbox_w': 8, 'bbox_area': 40, 'on_edge': 1, 'r0': 0, 'c0': 1, 'r1': 4, 'c1': 8}, {'color': 3, 'count': 12, 'rank': 1, 'bbox_h': 5, 'bbox_w': 3, 'bbox_area': 15, 'on_edge': 1, 'r0': 5, 'c0': 3, 'r1': 9, 'c1': 5}]","['count_max', 'bbox_w_max', 'bbox_area_max', 'r0_min', 'c0_min', 'r1_min', 'c1_max', 'rank0', 'mode_low', 'mode_high']"
19,3,3,True,"{'color': 3, 'count': 28, 'rank': 0, 'bbox_h': 6, 'bbox_w': 10, 'bbox_area': 60, 'on_edge': 1, 'r0': 0, 'c0': 0, 'r1': 5, 'c1': 9}","[{'color': 3, 'count': 28, 'rank': 0, 'bbox_h': 6, 'bbox_w': 10, 'bbox_area': 60, 'on_edge': 1, 'r0': 0, 'c0': 0, 'r1': 5, 'c1': 9}, {'color': 9, 'count': 24, 'rank': 1, 'bbox_h': 4, 'bbox_w': 10, 'bbox_area': 40, 'on_edge': 1, 'r0': 6, 'c0': 0, 'r1': 9, 'c1': 9}]","['count_max', 'bbox_h_max', 'bbox_w_max', 'bbox_w_min', 'bbox_area_max', 'on_edge_max', 'on_edge_min', 'r0_min', 'c0_max', 'c0_min', 'r1_min', 'c1_max', 'c1_min', 'rank0', 'mode_low', 'mode_high']"
20,3,3,True,"{'color': 3, 'count': 18, 'rank': 0, 'bbox_h': 5, 'bbox_w': 6, 'bbox_area': 30, 'on_edge': 1, 'r0': 1, 'c0': 4, 'r1': 5, 'c1': 9}","[{'color': 3, 'count': 18, 'rank': 0, 'bbox_h': 5, 'bbox_w': 6, 'bbox_area': 30, 'on_edge': 1, 'r0': 1, 'c0': 4, 'r1': 5, 'c1': 9}, {'color': 2, 'count': 16, 'rank': 1, 'bbox_h': 7, 'bbox_w': 3, 'bbox_area': 21, 'on_edge': 1, 'r0': 3, 'c0': 0, 'r1': 9, 'c1': 2}]","['count_max', 'bbox_h_min', 'bbox_w_max', 'bbox_area_max', 'r0_min', 'c0_max', 'r1_min', 'c1_max', 'rank0', 'mode_low', 'mode_high']"
21,7,7,True,"{'color': 7, 'count': 18, 'rank': 0, 'bbox_h': 5, 'bbox_w': 6, 'bbox_area': 30, 'on_edge': 1, 'r0': 0, 'c0': 2, 'r1': 4, 'c1': 7}","[{'color': 7, 'count': 18, 'rank': 0, 'bbox_h': 5, 'bbox_w': 6, 'bbox_area': 30, 'on_edge': 1, 'r0': 0, 'c0': 2, 'r1': 4, 'c1': 7}, {'color': 1, 'count': 16, 'rank': 1, 'bbox_h': 5, 'bbox_w': 5, 'bbox_area': 25, 'on_edge': 1, 'r0': 5, 'c0': 0, 'r1': 9, 'c1': 4}]","['count_max', 'bbox_w_max', 'bbox_area_max', 'r0_min', 'c0_max', 'r1_min', 'c1_max', 'rank0', 'mode_low', 'mode_high']"
22,9,9,True,"{'color': 9, 'count': 26, 'rank': 0, 'bbox_h': 9, 'bbox_w': 6, 'bbox_area': 54, 'on_edge': 1, 'r0': 1, 'c0': 0, 'r1': 9, 'c1': 5}","[{'color': 9, 'count': 26, 'rank': 0, 'bbox_h': 9, 'bbox_w': 6, 'bbox_area': 54, 'on_edge': 1, 'r0': 1, 'c0': 0, 'r1': 9, 'c1': 5}, {'color': 3, 'count': 12, 'rank': 1, 'bbox_h': 5, 'bbox_w': 3, 'bbox_area': 15, 'on_edge': 1, 'r0': 2, 'c0': 7, 'r1': 6, 'c1': 9}]","['count_max', 'bbox_h_max', 'bbox_w_max', 'bbox_area_max', 'r0_min', 'c0_min', 'r1_max', 'c1_min', 'rank0', 'mode_low', 'mode_high']"
23,7,7,True,"{'color': 7, 'count': 20, 'rank': 0, 'bbox_h': 5, 'bbox_w': 7, 'bbox_area': 35, 'on_edge': 1, 'r0': 4, 'c0': 0, 'r1': 8, 'c1': 6}","[{'color': 7, 'count': 20, 'rank': 0, 'bbox_h': 5, 'bbox_w': 7, 'bbox_area': 35, 'on_edge': 1, 'r0': 4, 'c0': 0, 'r1': 8, 'c1': 6}, {'color': 2, 'count': 10, 'rank': 1, 'bbox_h': 3, 'bbox_w': 4, 'bbox_area': 12, 'on_edge': 1, 'r0': 0, 'c0': 3, 'r1': 2, 'c1': 6}]","['count_max', 'bbox_h_max', 'bbox_w_max', 'bbox_area_max', 'r0_max', 'c0_min', 'r1_max', 'rank0', 'mode_low', 'mode_high']"
24,3,3,True,"{'color': 3, 'count': 20, 'rank': 0, 'bbox_h': 6, 'bbox_w': 6, 'bbox_area': 36, 'on_edge': 1, 'r0': 4, 'c0': 2, 'r1': 9, 'c1': 7}","[{'color': 3, 'count': 20, 'rank': 0, 'bbox_h': 6, 'bbox_w': 6, 'bbox_area': 36, 'on_edge': 1, 'r0': 4, 'c0': 2, 'r1': 9, 'c1': 7}, {'color': 7, 'count': 10, 'rank': 1, 'bbox_h': 4, 'bbox_w': 3, 'bbox_area': 12, 'on_edge': 1, 'r0': 0, 'c0': 1, 'r1': 3, 'c1': 3}]","['count_max', 'bbox_h_max', 'bbox_w_max', 'bbox_area_max', 'on_edge_max', 'on_edge_min', 'r0_max', 'c0_max', 'r1_max', 'c1_max', 'rank0', 'mode_low', 'mode_high']"
25,2,2,True,"{'color': 2, 'count': 26, 'rank': 0, 'bbox_h': 7, 'bbox_w': 8, 'bbox_area': 56, 'on_edge': 1, 'r0': 0, 'c0': 1, 'r1': 6, 'c1': 8}","[{'color': 2, 'count': 26, 'rank': 0, 'bbox_h': 7, 'bbox_w': 8, 'bbox_area': 56, 'on_edge': 1, 'r0': 0, 'c0': 1, 'r1': 6, 'c1': 8}, {'color': 8, 'count': 20, 'rank': 1, 'bbox_h': 3, 'bbox_w': 9, 'bbox_area': 27, 'on_edge': 1, 'r0': 7, 'c0': 0, 'r1': 9, 'c1': 8}]","['count_max', 'bbox_h_max', 'bbox_w_min', 'bbox_area_max', 'on_edge_max', 'on_edge_min', 'r0_min', 'c0_max', 'r1_min', 'c1_max', 'c1_min', 'rank0', 'mode_low', 'mode_high']"
26,1,1,True,"{'color': 1, 'count': 26, 'rank': 0, 'bbox_h': 6, 'bbox_w': 9, 'bbox_area': 54, 'on_edge': 1, 'r0': 4, 'c0': 1, 'r1': 9, 'c1': 9}","[{'color': 1, 'count': 26, 'rank': 0, 'bbox_h': 6, 'bbox_w': 9, 'bbox_area': 54, 'on_edge': 1, 'r0': 4, 'c0': 1, 'r1': 9, 'c1': 9}, {'color': 8, 'count': 14, 'rank': 1, 'bbox_h': 4, 'bbox_w': 5, 'bbox_area': 20, 'on_edge': 1, 'r0': 0, 'c0': 0, 'r1': 3, 'c1': 4}]","['count_max', 'bbox_h_max', 'bbox_w_max', 'bbox_area_max', 'on_edge_max', 'on_edge_min', 'r0_max', 'c0_max', 'r1_max', 'c1_max', 'rank0', 'mode_low', 'mode_high']"
27,1,1,True,"{'color': 1, 'count': 24, 'rank': 0, 'bbox_h': 5, 'bbox_w': 9, 'bbox_area': 45, 'on_edge': 1, 'r0': 0, 'c0': 0, 'r1': 4, 'c1': 8}","[{'color': 1, 'count': 24, 'rank': 0, 'bbox_h': 5, 'bbox_w': 9, 'bbox_area': 45, 'on_edge': 1, 'r0': 0, 'c0': 0, 'r1': 4, 'c1': 8}, {'color': 2, 'count': 20, 'rank': 1, 'bbox_h': 4, 'bbox_w': 8, 'bbox_area': 32, 'on_edge': 1, 'r0': 6, 'c0': 1, 'r1': 9, 'c1': 8}]","['count_max', 'bbox_h_max', 'bbox_w_max', 'bbox_area_max', 'on_edge_max', 'on_edge_min', 'r0_min', 'c0_min', 'r1_min', 'c1_max', 'c1_min', 'rank0', 'mode_low', 'mode_high']"
28,1,2,False,"{'color': 1, 'count': 18, 'rank': 1, 'bbox_h': 4, 'bbox_w': 7, 'bbox_area': 28, 'on_edge': 1, 'r0': 4, 'c0': 0, 'r1': 7, 'c1': 6}","[{'color': 2, 'count': 20, 'rank': 0, 'bbox_h': 9, 'bbox_w': 3, 'bbox_area': 27, 'on_edge': 1, 'r0': 1, 'c0': 7, 'r1': 9, 'c1': 9}, {'color': 1, 'count': 18, 'rank': 1, 'bbox_h': 4, 'bbox_w': 7, 'bbox_area': 28, 'on_edge': 1, 'r0': 4, 'c0': 0, 'r1': 7, 'c1': 6}]","['count_min', 'bbox_h_min', 'bbox_w_max', 'bbox_area_max', 'on_edge_max', 'on_edge_min', 'r0_max', 'c0_min', 'r1_min', 'c1_min', 'rank1']"
29,7,7,True,"{'color': 7, 'count': 22, 'rank': 0, 'bbox_h': 6, 'bbox_w': 7, 'bbox_area': 42, 'on_edge': 1, 'r0': 2, 'c0': 0, 'r1': 7, 'c1': 6}","[{'color': 7, 'count': 22, 'rank': 0, 'bbox_h': 6, 'bbox_w': 7, 'bbox_area': 42, 'on_edge': 1, 'r0': 2, 'c0': 0, 'r1': 7, 'c1': 6}, {'color': 6, 'count': 20, 'rank': 1, 'bbox_h': 9, 'bbox_w': 3, 'bbox_area': 27, 'on_edge': 1, 'r0': 1, 'c0': 7, 'r1': 9, 'c1': 9}]","['count_max', 'bbox_h_min', 'bbox_w_max', 'bbox_area_max', 'r0_max', 'c0_min', 'r1_min', 'c1_min', 'rank0', 'mode_low', 'mode_high']"
30,7,3,False,"{'color': 7, 'count': 24, 'rank': 1, 'bbox_h': 6, 'bbox_w': 8, 'bbox_area': 48, 'on_edge': 1, 'r0': 4, 'c0': 0, 'r1': 9, 'c1': 7}","[{'color': 3, 'count': 24, 'rank': 0, 'bbox_h': 4, 'bbox_w': 10, 'bbox_area': 40, 'on_edge': 1, 'r0': 0, 'c0': 0, 'r1': 3, 'c1': 9}, {'color': 7, 'count': 24, 'rank': 1, 'bbox_h': 6, 'bbox_w': 8, 'bbox_area': 48, 'on_edge': 1, 'r0': 4, 'c0': 0, 'r1': 9, 'c1': 7}]","['bbox_h_max', 'bbox_w_min', 'bbox_area_max', 'r0_max', 'r1_max', 'c1_min', 'rank1', 'mode_high']"
31,7,7,True,"{'color': 7, 'count': 24, 'rank': 0, 'bbox_h': 5, 'bbox_w': 9, 'bbox_area': 45, 'on_edge': 1, 'r0': 0, 'c0': 0, 'r1': 4, 'c1': 8}","[{'color': 7, 'count': 24, 'rank': 0, 'bbox_h': 5, 'bbox_w': 9, 'bbox_area': 45, 'on_edge': 1, 'r0': 0, 'c0': 0, 'r1': 4, 'c1': 8}, {'color': 2, 'count': 12, 'rank': 1, 'bbox_h': 5, 'bbox_w': 3, 'bbox_area': 15, 'on_edge': 1, 'r0': 5, 'c0': 1, 'r1': 9, 'c1': 3}]","['count_max', 'bbox_w_max', 'bbox_area_max', 'r0_min', 'c0_min', 'r1_min', 'c1_max', 'rank0', 'mode_low', 'mode_high']"
32,8,8,True,"{'color': 8, 'count': 20, 'rank': 0, 'bbox_h': 7, 'bbox_w': 5, 'bbox_area': 35, 'on_edge': 1, 'r0': 1, 'c0': 0, 'r1': 7, 'c1': 4}","[{'color': 8, 'count': 20, 'rank': 0, 'bbox_h': 7, 'bbox_w': 5, 'bbox_area': 35, 'on_edge': 1, 'r0': 1, 'c0': 0, 'r1': 7, 'c1': 4}, {'color': 2, 'count': 12, 'rank': 1, 'bbox_h': 3, 'bbox_w': 5, 'bbox_area': 15, 'on_edge': 1, 'r0': 3, 'c0': 5, 'r1': 5, 'c1': 9}]","['count_max', 'bbox_h_max', 'bbox_area_max', 'r0_min', 'c0_min', 'r1_max', 'c1_min', 'rank0', 'mode_low', 'mode_high']"
33,4,4,True,"{'color': 4, 'count': 20, 'rank': 0, 'bbox_h': 4, 'bbox_w': 8, 'bbox_area': 32, 'on_edge': 1, 'r0': 0, 'c0': 2, 'r1': 3, 'c1': 9}","[{'color': 4, 'count': 20, 'rank': 0, 'bbox_h': 4, 'bbox_w': 8, 'bbox_area': 32, 'on_edge': 1, 'r0': 0, 'c0': 2, 'r1': 3, 'c1': 9}, {'color': 6, 'count': 16, 'rank': 1, 'bbox_h': 3, 'bbox_w': 7, 'bbox_area': 21, 'on_edge': 0, 'r0': 5, 'c0': 1, 'r1': 7, 'c1': 7}]","['count_max', 'bbox_h_max', 'bbox_w_max', 'bbox_area_max', 'on_edge_max', 'r0_min', 'c0_max', 'r1_min', 'c1_max', 'rank0', 'mode_low', 'mode_high']"
34,9,9,True,"{'color': 9, 'count': 26, 'rank': 0, 'bbox_h': 10, 'bbox_w': 5, 'bbox_area': 50, 'on_edge': 1, 'r0': 0, 'c0': 5, 'r1': 9, 'c1': 9}","[{'color': 9, 'count': 26, 'rank': 0, 'bbox_h': 10, 'bbox_w': 5, 'bbox_area': 50, 'on_edge': 1, 'r0': 0, 'c0': 5, 'r1': 9, 'c1': 9}, {'color': 3, 'count': 14, 'rank': 1, 'bbox_h': 5, 'bbox_w': 4, 'bbox_area': 20, 'on_edge': 1, 'r0': 0, 'c0': 0, 'r1': 4, 'c1': 3}]","['count_max', 'bbox_h_max', 'bbox_w_max', 'bbox_area_max', 'c0_max', 'r1_max', 'c1_max', 'rank0', 'mode_low', 'mode_high']"
35,1,1,True,"{'color': 1, 'count': 28, 'rank': 0, 'bbox_h': 7, 'bbox_w': 9, 'bbox_area': 63, 'on_edge': 1, 'r0': 0, 'c0': 0, 'r1': 6, 'c1': 8}","[{'color': 1, 'count': 28, 'rank': 0, 'bbox_h': 7, 'bbox_w': 9, 'bbox_area': 63, 'on_edge': 1, 'r0': 0, 'c0': 0, 'r1': 6, 'c1': 8}, {'color': 7, 'count': 14, 'rank': 1, 'bbox_h': 3, 'bbox_w': 6, 'bbox_area': 18, 'on_edge': 1, 'r0': 7, 'c0': 0, 'r1': 9, 'c1': 5}]","['count_max', 'bbox_h_max', 'bbox_w_max', 'bbox_area_max', 'on_edge_max', 'on_edge_min', 'r0_min', 'c0_max', 'c0_min', 'r1_min', 'c1_max', 'rank0', 'mode_low', 'mode_high']"
36,3,3,True,"{'color': 3, 'count': 14, 'rank': 0, 'bbox_h': 4, 'bbox_w': 5, 'bbox_area': 20, 'on_edge': 1, 'r0': 6, 'c0': 4, 'r1': 9, 'c1': 8}","[{'color': 3, 'count': 14, 'rank': 0, 'bbox_h': 4, 'bbox_w': 5, 'bbox_area': 20, 'on_edge': 1, 'r0': 6, 'c0': 4, 'r1': 9, 'c1': 8}, {'color': 7, 'count': 14, 'rank': 1, 'bbox_h': 6, 'bbox_w': 3, 'bbox_area': 18, 'on_edge': 1, 'r0': 0, 'c0': 1, 'r1': 5, 'c1': 3}]","['count_max', 'count_min', 'bbox_h_min', 'bbox_w_max', 'bbox_area_max', 'on_edge_max', 'on_edge_min', 'r0_max', 'c0_max', 'r1_max', 'c1_max', 'rank0', 'mode_low']"
37,3,3,True,"{'color': 3, 'count': 20, 'rank': 0, 'bbox_h': 3, 'bbox_w': 9, 'bbox_area': 27, 'on_edge': 1, 'r0': 5, 'c0': 0, 'r1': 7, 'c1': 8}","[{'color': 3, 'count': 20, 'rank': 0, 'bbox_h': 3, 'bbox_w': 9, 'bbox_area': 27, 'on_edge': 1, 'r0': 5, 'c0': 0, 'r1': 7, 'c1': 8}, {'color': 6, 'count': 12, 'rank': 1, 'bbox_h': 4, 'bbox_w': 4, 'bbox_area': 16, 'on_edge': 1, 'r0': 0, 'c0': 5, 'r1': 3, 'c1': 8}]","['count_max', 'bbox_h_min', 'bbox_w_max', 'bbox_area_max', 'on_edge_max', 'on_edge_min', 'r0_max', 'c0_min', 'r1_max', 'c1_max', 'c1_min', 'rank0', 'mode_low', 'mode_high']"
38,4,4,True,"{'color': 4, 'count': 28, 'rank': 0, 'bbox_h': 10, 'bbox_w': 6, 'bbox_area': 60, 'on_edge': 1, 'r0': 0, 'c0': 0, 'r1': 9, 'c1': 5}","[{'color': 4, 'count': 28, 'rank': 0, 'bbox_h': 10, 'bbox_w': 6, 'bbox_area': 60, 'on_edge': 1, 'r0': 0, 'c0': 0, 'r1': 9, 'c1': 5}, {'color': 3, 'count': 20, 'rank': 1, 'bbox_h': 9, 'bbox_w': 3, 'bbox_area': 27, 'on_edge': 1, 'r0': 1, 'c0': 7, 'r1': 9, 'c1': 9}]","['count_max', 'bbox_h_max', 'bbox_w_max', 'bbox_area_max', 'r0_min', 'c0_min', 'c1_min', 'rank0', 'mode_low', 'mode_high']"
39,1,1,True,"{'color': 1, 'count': 26, 'rank': 0, 'bbox_h': 7, 'bbox_w': 8, 'bbox_area': 56, 'on_edge': 1, 'r0': 0, 'c0': 1, 'r1': 6, 'c1': 8}","[{'color': 1, 'count': 26, 'rank': 0, 'bbox_h': 7, 'bbox_w': 8, 'bbox_area': 56, 'on_edge': 1, 'r0': 0, 'c0': 1, 'r1': 6, 'c1': 8}, {'color': 9, 'count': 10, 'rank': 1, 'bbox_h': 3, 'bbox_w': 4, 'bbox_area': 12, 'on_edge': 1, 'r0': 7, 'c0': 6, 'r1': 9, 'c1': 9}]","['count_max', 'bbox_h_max', 'bbox_w_max', 'bbox_area_max', 'on_edge_max', 'on_edge_min', 'r0_min', 'c0_min', 'r1_min', 'c1_min', 'rank0', 'mode_low', 'mode_high']"
40,7,7,True,"{'color': 7, 'count': 26, 'rank': 0, 'bbox_h': 5, 'bbox_w': 10, 'bbox_area': 50, 'on_edge': 1, 'r0': 5, 'c0': 0, 'r1': 9, 'c1': 9}","[{'color': 7, 'count': 26, 'rank': 0, 'bbox_h': 5, 'bbox_w': 10, 'bbox_area': 50, 'on_edge': 1, 'r0': 5, 'c0': 0, 'r1': 9, 'c1': 9}, {'color': 2, 'count': 20, 'rank': 1, 'bbox_h': 5, 'bbox_w': 7, 'bbox_area': 35, 'on_edge': 1, 'r0': 0, 'c0': 0, 'r1': 4, 'c1': 6}]","['count_max', 'bbox_w_max', 'bbox_area_max', 'r0_max', 'r1_max', 'c1_max', 'rank0', 'mode_low', 'mode_high']"
41,9,9,True,"{'color': 9, 'count': 26, 'rank': 0, 'bbox_h': 10, 'bbox_w': 5, 'bbox_area': 50, 'on_edge': 1, 'r0': 0, 'c0': 0, 'r1': 9, 'c1': 4}","[{'color': 9, 'count': 26, 'rank': 0, 'bbox_h': 10, 'bbox_w': 5, 'bbox_area': 50, 'on_edge': 1, 'r0': 0, 'c0': 0, 'r1': 9, 'c1': 4}, {'color': 6, 'count': 16, 'rank': 1, 'bbox_h': 5, 'bbox_w': 5, 'bbox_area': 25, 'on_edge': 1, 'r0': 0, 'c0': 5, 'r1': 4, 'c1': 9}]","['count_max', 'bbox_h_max', 'bbox_area_max', 'c0_min', 'r1_max', 'c1_min', 'rank0', 'mode_low', 'mode_high']"
42,4,4,True,"{'color': 4, 'count': 20, 'rank': 0, 'bbox_h': 8, 'bbox_w': 4, 'bbox_area': 32, 'on_edge': 1, 'r0': 0, 'c0': 0, 'r1': 7, 'c1': 3}","[{'color': 4, 'count': 20, 'rank': 0, 'bbox_h': 8, 'bbox_w': 4, 'bbox_area': 32, 'on_edge': 1, 'r0': 0, 'c0': 0, 'r1': 7, 'c1': 3}, {'color': 8, 'count': 12, 'rank': 1, 'bbox_h': 4, 'bbox_w': 4, 'bbox_area': 16, 'on_edge': 1, 'r0': 0, 'c0': 5, 'r1': 3, 'c1': 8}]","['count_max', 'bbox_h_max', 'bbox_w_max', 'bbox_w_min', 'bbox_area_max', 'on_edge_max', 'on_edge_min', 'r0_max', 'r0_min', 'c0_min', 'r1_max', 'c1_min', 'rank0', 'mode_low', 'mode_high']"
43,9,9,True,"{'color': 9, 'count': 26, 'rank': 0, 'bbox_h': 5, 'bbox_w': 10, 'bbox_area': 50, 'on_edge': 1, 'r0': 5, 'c0': 0, 'r1': 9, 'c1': 9}","[{'color': 9, 'count': 26, 'rank': 0, 'bbox_h': 5, 'bbox_w': 10, 'bbox_area': 50, 'on_edge': 1, 'r0': 5, 'c0': 0, 'r1': 9, 'c1': 9}, {'color': 8, 'count': 14, 'rank': 1, 'bbox_h': 5, 'bbox_w': 4, 'bbox_area': 20, 'on_edge': 1, 'r0': 0, 'c0': 3, 'r1': 4, 'c1': 6}]","['count_max', 'bbox_w_max', 'bbox_area_max', 'r0_max', 'c0_min', 'r1_max', 'c1_max', 'rank0', 'mode_low', 'mode_high']"
44,2,2,True,"{'color': 2, 'count': 18, 'rank': 0, 'bbox_h': 7, 'bbox_w': 4, 'bbox_area': 28, 'on_edge': 1, 'r0': 0, 'c0': 5, 'r1': 6, 'c1': 8}","[{'color': 2, 'count': 18, 'rank': 0, 'bbox_h': 7, 'bbox_w': 4, 'bbox_area': 28, 'on_edge': 1, 'r0': 0, 'c0': 5, 'r1': 6, 'c1': 8}, {'color': 4, 'count': 14, 'rank': 1, 'bbox_h': 3, 'bbox_w': 6, 'bbox_area': 18, 'on_edge': 1, 'r0': 7, 'c0': 1, 'r1': 9, 'c1': 6}]","['count_max', 'bbox_h_max', 'bbox_w_min', 'bbox_area_max', 'on_edge_max', 'on_edge_min', 'r0_min', 'c0_max', 'r1_min', 'c1_max', 'rank0', 'mode_low', 'mode_high']"
45,6,6,True,"{'color': 6, 'count': 24, 'rank': 0, 'bbox_h': 5, 'bbox_w': 9, 'bbox_area': 45, 'on_edge': 1, 'r0': 4, 'c0': 1, 'r1': 8, 'c1': 9}","[{'color': 6, 'count': 24, 'rank': 0, 'bbox_h': 5, 'bbox_w': 9, 'bbox_area': 45, 'on_edge': 1, 'r0': 4, 'c0': 1, 'r1': 8, 'c1': 9}, {'color': 8, 'count': 14, 'rank': 1, 'bbox_h': 3, 'bbox_w': 6, 'bbox_area': 18, 'on_edge': 1, 'r0': 0, 'c0': 0, 'r1': 2, 'c1': 5}]","['count_max', 'bbox_h_max', 'bbox_w_max', 'bbox_area_max', 'on_edge_max', 'on_edge_min', 'r0_max', 'c0_max', 'r1_max', 'c1_max', 'rank0', 'mode_low', 'mode_high']"
46,4,4,True,"{'color': 4, 'count': 16, 'rank': 0, 'bbox_h': 3, 'bbox_w': 7, 'bbox_area': 21, 'on_edge': 1, 'r0': 7, 'c0': 3, 'r1': 9, 'c1': 9}","[{'color': 4, 'count': 16, 'rank': 0, 'bbox_h': 3, 'bbox_w': 7, 'bbox_area': 21, 'on_edge': 1, 'r0': 7, 'c0': 3, 'r1': 9, 'c1': 9}, {'color': 9, 'count': 14, 'rank': 1, 'bbox_h': 6, 'bbox_w': 3, 'bbox_area': 18, 'on_edge': 1, 'r0': 4, 'c0': 0, 'r1': 9, 'c1': 2}]","['count_max', 'bbox_h_min', 'bbox_w_max', 'bbox_area_max', 'on_edge_max', 'on_edge_min', 'r0_max', 'c0_max', 'r1_max', 'r1_min', 'c1_max', 'rank0', 'mode_low', 'mode_high']"
47,7,7,True,"{'color': 7, 'count': 22, 'rank': 0, 'bbox_h': 3, 'bbox_w': 10, 'bbox_area': 30, 'on_edge': 1, 'r0': 0, 'c0': 0, 'r1': 2, 'c1': 9}","[{'color': 7, 'count': 22, 'rank': 0, 'bbox_h': 3, 'bbox_w': 10, 'bbox_area': 30, 'on_edge': 1, 'r0': 0, 'c0': 0, 'r1': 2, 'c1': 9}, {'color': 1, 'count': 16, 'rank': 1, 'bbox_h': 6, 'bbox_w': 4, 'bbox_area': 24, 'on_edge': 1, 'r0': 4, 'c0': 6, 'r1': 9, 'c1': 9}]","['count_max', 'bbox_h_min', 'bbox_w_max', 'bbox_area_max', 'r0_min', 'c0_min', 'r1_min', 'rank0', 'mode_low', 'mode_high']"
48,9,3,False,"{'color': 9, 'count': 18, 'rank': 1, 'bbox_h': 6, 'bbox_w': 5, 'bbox_area': 30, 'on_edge': 1, 'r0': 4, 'c0': 0, 'r1': 9, 'c1': 4}","[{'color': 3, 'count': 18, 'rank': 0, 'bbox_h': 8, 'bbox_w': 3, 'bbox_area': 24, 'on_edge': 1, 'r0': 0, 'c0': 6, 'r1': 7, 'c1': 8}, {'color': 9, 'count': 18, 'rank': 1, 'bbox_h': 6, 'bbox_w': 5, 'bbox_area': 30, 'on_edge': 1, 'r0': 4, 'c0': 0, 'r1': 9, 'c1': 4}]","['bbox_h_min', 'bbox_w_max', 'bbox_area_max', 'r0_max', 'c0_min', 'r1_max', 'c1_min', 'rank1', 'mode_high']"
49,9,9,True,"{'color': 9, 'count': 16, 'rank': 0, 'bbox_h': 6, 'bbox_w': 4, 'bbox_area': 24, 'on_edge': 1, 'r0': 0, 'c0': 6, 'r1': 5, 'c1': 9}","[{'color': 9, 'count': 16, 'rank': 0, 'bbox_h': 6, 'bbox_w': 4, 'bbox_area': 24, 'on_edge': 1, 'r0': 0, 'c0': 6, 'r1': 5, 'c1': 9}, {'color': 2, 'count': 10, 'rank': 1, 'bbox_h': 3, 'bbox_w': 4, 'bbox_area': 12, 'on_edge': 1, 'r0': 7, 'c0': 2, 'r1': 9, 'c1': 5}]","['count_max', 'bbox_h_max', 'bbox_area_max', 'r0_min', 'c0_max', 'r1_min', 'c1_max', 'rank0', 'mode_low', 'mode_high']"
50,8,8,True,"{'color': 8, 'count': 14, 'rank': 0, 'bbox_h': 3, 'bbox_w': 6, 'bbox_area': 18, 'on_edge': 1, 'r0': 0, 'c0': 0, 'r1': 2, 'c1': 5}","[{'color': 8, 'count': 14, 'rank': 0, 'bbox_h': 3, 'bbox_w': 6, 'bbox_area': 18, 'on_edge': 1, 'r0': 0, 'c0': 0, 'r1': 2, 'c1': 5}, {'color': 6, 'count': 12, 'rank': 1, 'bbox_h': 4, 'bbox_w': 4, 'bbox_area': 16, 'on_edge': 0, 'r0': 4, 'c0': 4, 'r1': 7, 'c1': 7}]","['count_max', 'bbox_h_min', 'bbox_w_max', 'bbox_area_max', 'on_edge_max', 'r0_min', 'c0_min', 'r1_min', 'c1_min', 'rank0', 'mode_low', 'mode_high']"
51,7,7,True,"{'color': 7, 'count': 24, 'rank': 0, 'bbox_h': 9, 'bbox_w': 5, 'bbox_area': 45, 'on_edge': 1, 'r0': 1, 'c0': 0, 'r1': 9, 'c1': 4}","[{'color': 7, 'count': 24, 'rank': 0, 'bbox_h': 9, 'bbox_w': 5, 'bbox_area': 45, 'on_edge': 1, 'r0': 1, 'c0': 0, 'r1': 9, 'c1': 4}, {'color': 8, 'count': 20, 'rank': 1, 'bbox_h': 9, 'bbox_w': 3, 'bbox_area': 27, 'on_edge': 1, 'r0': 1, 'c0': 6, 'r1': 9, 'c1': 8}]","['count_max', 'bbox_h_max', 'bbox_h_min', 'bbox_w_max', 'bbox_area_max', 'on_edge_max', 'on_edge_min', 'r0_max', 'r0_min', 'c0_min', 'r1_max', 'r1_min', 'c1_min', 'rank0', 'mode_low', 'mode_high']"
52,8,1,False,"{'color': 8, 'count': 18, 'rank': 1, 'bbox_h': 4, 'bbox_w': 7, 'bbox_area': 28, 'on_edge': 1, 'r0': 0, 'c0': 2, 'r1': 3, 'c1': 8}","[{'color': 1, 'count': 20, 'rank': 0, 'bbox_h': 3, 'bbox_w': 9, 'bbox_area': 27, 'on_edge': 1, 'r0': 5, 'c0': 0, 'r1': 7, 'c1': 8}, {'color': 8, 'count': 18, 'rank': 1, 'bbox_h': 4, 'bbox_w': 7, 'bbox_area': 28, 'on_edge': 1, 'r0': 0, 'c0': 2, 'r1': 3, 'c1': 8}]","['count_min', 'bbox_h_max', 'bbox_w_min', 'bbox_area_max', 'r0_min', 'c0_max', 'r1_min', 'rank1']"
53,1,1,True,"{'color': 1, 'count': 18, 'rank': 0, 'bbox_h': 5, 'bbox_w': 6, 'bbox_area': 30, 'on_edge': 1, 'r0': 0, 'c0': 4, 'r1': 4, 'c1': 9}","[{'color': 1, 'count': 18, 'rank': 0, 'bbox_h': 5, 'bbox_w': 6, 'bbox_area': 30, 'on_edge': 1, 'r0': 0, 'c0': 4, 'r1': 4, 'c1': 9}, {'color': 3, 'count': 8, 'rank': 1, 'bbox_h': 3, 'bbox_w': 3, 'bbox_area': 9, 'on_edge': 0, 'r0': 6, 'c0': 5, 'r1': 8, 'c1': 7}]","['count_max', 'bbox_h_max', 'bbox_w_max', 'bbox_area_max', 'on_edge_max', 'r0_min', 'c0_min', 'r1_min', 'c1_max', 'rank0', 'mode_low', 'mode_high']"
54,2,2,True,"{'color': 2, 'count': 28, 'rank': 0, 'bbox_h': 7, 'bbox_w': 9, 'bbox_area': 63, 'on_edge': 1, 'r0': 0, 'c0': 0, 'r1': 6, 'c1': 8}","[{'color': 2, 'count': 28, 'rank': 0, 'bbox_h': 7, 'bbox_w': 9, 'bbox_area': 63, 'on_edge': 1, 'r0': 0, 'c0': 0, 'r1': 6, 'c1': 8}, {'color': 9, 'count': 22, 'rank': 1, 'bbox_h': 3, 'bbox_w': 10, 'bbox_area': 30, 'on_edge': 1, 'r0': 7, 'c0': 0, 'r1': 9, 'c1': 9}]","['count_max', 'bbox_h_max', 'bbox_w_min', 'bbox_area_max', 'on_edge_max', 'on_edge_min', 'r0_min', 'c0_max', 'c0_min', 'r1_min', 'c1_min', 'rank0', 'mode_low', 'mode_high']"
55,2,1,False,"{'color': 2, 'count': 18, 'rank': 1, 'bbox_h': 4, 'bbox_w': 7, 'bbox_area': 28, 'on_edge': 1, 'r0': 0, 'c0': 1, 'r1': 3, 'c1': 7}","[{'color': 1, 'count': 18, 'rank': 0, 'bbox_h': 3, 'bbox_w': 8, 'bbox_area': 24, 'on_edge': 0, 'r0': 5, 'c0': 1, 'r1': 7, 'c1': 8}, {'color': 2, 'count': 18, 'rank': 1, 'bbox_h': 4, 'bbox_w': 7, 'bbox_area': 28, 'on_edge': 1, 'r0': 0, 'c0': 1, 'r1': 3, 'c1': 7}]","['bbox_h_max', 'bbox_w_min', 'bbox_area_max', 'on_edge_max', 'r0_min', 'r1_min', 'c1_min', 'rank1', 'mode_high']"
56,7,7,True,"{'color': 7, 'count': 14, 'rank': 0, 'bbox_h': 5, 'bbox_w': 4, 'bbox_area': 20, 'on_edge': 1, 'r0': 0, 'c0': 2, 'r1': 4, 'c1': 5}","[{'color': 7, 'count': 14, 'rank': 0, 'bbox_h': 5, 'bbox_w': 4, 'bbox_area': 20, 'on_edge': 1, 'r0': 0, 'c0': 2, 'r1': 4, 'c1': 5}, {'color': 9, 'count': 10, 'rank': 1, 'bbox_h': 4, 'bbox_w': 3, 'bbox_area': 12, 'on_edge': 1, 'r0': 6, 'c0': 0, 'r1': 9, 'c1': 2}]","['count_max', 'bbox_h_max', 'bbox_w_max', 'bbox_area_max', 'on_edge_max', 'on_edge_min', 'r0_min', 'c0_max', 'r1_min', 'c1_max', 'rank0', 'mode_low', 'mode_high']"
57,2,2,True,"{'color': 2, 'count': 24, 'rank': 0, 'bbox_h': 10, 'bbox_w': 4, 'bbox_area': 40, 'on_edge': 1, 'r0': 0, 'c0': 4, 'r1': 9, 'c1': 7}","[{'color': 2, 'count': 24, 'rank': 0, 'bbox_h': 10, 'bbox_w': 4, 'bbox_area': 40, 'on_edge': 1, 'r0': 0, 'c0': 4, 'r1': 9, 'c1': 7}, {'color': 6, 'count': 8, 'rank': 1, 'bbox_h': 3, 'bbox_w': 3, 'bbox_area': 9, 'on_edge': 1, 'r0': 5, 'c0': 0, 'r1': 7, 'c1': 2}]","['count_max', 'bbox_h_max', 'bbox_w_max', 'bbox_area_max', 'on_edge_max', 'on_edge_min', 'r0_min', 'c0_max', 'r1_max', 'c1_max', 'rank0', 'mode_low', 'mode_high']"
58,9,9,True,"{'color': 9, 'count': 20, 'rank': 0, 'bbox_h': 6, 'bbox_w': 6, 'bbox_area': 36, 'on_edge': 1, 'r0': 0, 'c0': 3, 'r1': 5, 'c1': 8}","[{'color': 9, 'count': 20, 'rank': 0, 'bbox_h': 6, 'bbox_w': 6, 'bbox_area': 36, 'on_edge': 1, 'r0': 0, 'c0': 3, 'r1': 5, 'c1': 8}, {'color': 4, 'count': 12, 'rank': 1, 'bbox_h': 3, 'bbox_w': 5, 'bbox_area': 15, 'on_edge': 1, 'r0': 7, 'c0': 1, 'r1': 9, 'c1': 5}]","['count_max', 'bbox_h_max', 'bbox_w_max', 'bbox_area_max', 'r0_min', 'c0_max', 'r1_min', 'c1_max', 'rank0', 'mode_low', 'mode_high']"
59,8,8,True,"{'color': 8, 'count': 28, 'rank': 0, 'bbox_h': 6, 'bbox_w': 10, 'bbox_area': 60, 'on_edge': 1, 'r0': 4, 'c0': 0, 'r1': 9, 'c1': 9}","[{'color': 8, 'count': 28, 'rank': 0, 'bbox_h': 6, 'bbox_w': 10, 'bbox_area': 60, 'on_edge': 1, 'r0': 4, 'c0': 0, 'r1': 9, 'c1': 9}, {'color': 7, 'count': 20, 'rank': 1, 'bbox_h': 3, 'bbox_w': 9, 'bbox_area': 27, 'on_edge': 1, 'r0': 0, 'c0': 1, 'r1': 2, 'c1': 9}]","['count_max', 'bbox_h_max', 'bbox_w_max', 'bbox_area_max', 'r0_max', 'c0_min', 'r1_max', 'rank0', 'mode_low', 'mode_high']"
60,7,7,True,"{'color': 7, 'count': 22, 'rank': 0, 'bbox_h': 3, 'bbox_w': 10, 'bbox_area': 30, 'on_edge': 1, 'r0': 7, 'c0': 0, 'r1': 9, 'c1': 9}","[{'color': 7, 'count': 22, 'rank': 0, 'bbox_h': 3, 'bbox_w': 10, 'bbox_area': 30, 'on_edge': 1, 'r0': 7, 'c0': 0, 'r1': 9, 'c1': 9}, {'color': 3, 'count': 14, 'rank': 1, 'bbox_h': 6, 'bbox_w': 3, 'bbox_area': 18, 'on_edge': 1, 'r0': 0, 'c0': 1, 'r1': 5, 'c1': 3}]","['count_max', 'bbox_h_min', 'bbox_w_max', 'bbox_area_max', 'r0_max', 'c0_min', 'r1_max', 'c1_max', 'rank0', 'mode_low', 'mode_high']"
61,5,5,True,"{'color': 5, 'count': 20, 'rank': 0, 'bbox_h': 3, 'bbox_w': 9, 'bbox_area': 27, 'on_edge': 1, 'r0': 0, 'c0': 0, 'r1': 2, 'c1': 8}","[{'color': 5, 'count': 20, 'rank': 0, 'bbox_h': 3, 'bbox_w': 9, 'bbox_area': 27, 'on_edge': 1, 'r0': 0, 'c0': 0, 'r1': 2, 'c1': 8}, {'color': 4, 'count': 8, 'rank': 1, 'bbox_h': 3, 'bbox_w': 3, 'bbox_area': 9, 'on_edge': 0, 'r0': 4, 'c0': 5, 'r1': 6, 'c1': 7}]","['count_max', 'bbox_w_max', 'bbox_area_max', 'on_edge_max', 'r0_min', 'c0_min', 'r1_min', 'c1_max', 'rank0', 'mode_low', 'mode_high']"
62,1,1,True,"{'color': 1, 'count': 16, 'rank': 0, 'bbox_h': 7, 'bbox_w': 3, 'bbox_area': 21, 'on_edge': 1, 'r0': 3, 'c0': 4, 'r1': 9, 'c1': 6}","[{'color': 1, 'count': 16, 'rank': 0, 'bbox_h': 7, 'bbox_w': 3, 'bbox_area': 21, 'on_edge': 1, 'r0': 3, 'c0': 4, 'r1': 9, 'c1': 6}, {'color': 5, 'count': 10, 'rank': 1, 'bbox_h': 3, 'bbox_w': 4, 'bbox_area': 12, 'on_edge': 1, 'r0': 0, 'c0': 2, 'r1': 2, 'c1': 5}]","['count_max', 'bbox_h_max', 'bbox_w_min', 'bbox_area_max', 'on_edge_max', 'on_edge_min', 'r0_max', 'c0_max', 'r1_max', 'c1_max', 'rank0', 'mode_low', 'mode_high']"
63,4,4,True,"{'color': 4, 'count': 24, 'rank': 0, 'bbox_h': 8, 'bbox_w': 6, 'bbox_area': 48, 'on_edge': 1, 'r0': 1, 'c0': 0, 'r1': 8, 'c1': 5}","[{'color': 4, 'count': 24, 'rank': 0, 'bbox_h': 8, 'bbox_w': 6, 'bbox_area': 48, 'on_edge': 1, 'r0': 1, 'c0': 0, 'r1': 8, 'c1': 5}, {'color': 8, 'count': 20, 'rank': 1, 'bbox_h': 8, 'bbox_w': 4, 'bbox_area': 32, 'on_edge': 1, 'r0': 2, 'c0': 6, 'r1': 9, 'c1': 9}]","['count_max', 'bbox_h_max', 'bbox_h_min', 'bbox_w_max', 'bbox_area_max', 'on_edge_max', 'on_edge_min', 'r0_min', 'c0_min', 'r1_min', 'c1_min', 'rank0', 'mode_low', 'mode_high']"
64,3,3,True,"{'color': 3, 'count': 16, 'rank': 0, 'bbox_h': 4, 'bbox_w': 6, 'bbox_area': 24, 'on_edge': 1, 'r0': 4, 'c0': 0, 'r1': 7, 'c1': 5}","[{'color': 3, 'count': 16, 'rank': 0, 'bbox_h': 4, 'bbox_w': 6, 'bbox_area': 24, 'on_edge': 1, 'r0': 4, 'c0': 0, 'r1': 7, 'c1': 5}, {'color': 1, 'count': 14, 'rank': 1, 'bbox_h': 3, 'bbox_w': 6, 'bbox_area': 18, 'on_edge': 1, 'r0': 0, 'c0': 0, 'r1': 2, 'c1': 5}]","['count_max', 'bbox_h_max', 'bbox_area_max', 'r0_max', 'r1_max', 'rank0', 'mode_low', 'mode_high']"
65,2,2,True,"{'color': 2, 'count': 26, 'rank': 0, 'bbox_h': 5, 'bbox_w': 10, 'bbox_area': 50, 'on_edge': 1, 'r0': 5, 'c0': 0, 'r1': 9, 'c1': 9}","[{'color': 2, 'count': 26, 'rank': 0, 'bbox_h': 5, 'bbox_w': 10, 'bbox_area': 50, 'on_edge': 1, 'r0': 5, 'c0': 0, 'r1': 9, 'c1': 9}, {'color': 3, 'count': 18, 'rank': 1, 'bbox_h': 5, 'bbox_w': 6, 'bbox_area': 30, 'on_edge': 1, 'r0': 0, 'c0': 4, 'r1': 4, 'c1': 9}]","['count_max', 'bbox_h_max', 'bbox_h_min', 'bbox_w_max', 'bbox_area_max', 'on_edge_max', 'on_edge_min', 'r0_max', 'c0_min', 'r1_max', 'c1_max', 'c1_min', 'rank0', 'mode_low', 'mode_high']"
66,2,2,True,"{'color': 2, 'count': 24, 'rank': 0, 'bbox_h': 4, 'bbox_w': 10, 'bbox_area': 40, 'on_edge': 1, 'r0': 5, 'c0': 0, 'r1': 8, 'c1': 9}","[{'color': 2, 'count': 24, 'rank': 0, 'bbox_h': 4, 'bbox_w': 10, 'bbox_area': 40, 'on_edge': 1, 'r0': 5, 'c0': 0, 'r1': 8, 'c1': 9}, {'color': 4, 'count': 14, 'rank': 1, 'bbox_h': 4, 'bbox_w': 5, 'bbox_area': 20, 'on_edge': 1, 'r0': 0, 'c0': 2, 'r1': 3, 'c1': 6}]","['count_max', 'bbox_h_max', 'bbox_h_min', 'bbox_w_max', 'bbox_area_max', 'on_edge_max', 'on_edge_min', 'r0_max', 'c0_min', 'r1_max', 'c1_max', 'rank0', 'mode_low', 'mode_high']"
67,7,7,True,"{'color': 7, 'count': 22, 'rank': 0, 'bbox_h': 7, 'bbox_w': 6, 'bbox_area': 42, 'on_edge': 1, 'r0': 0, 'c0': 1, 'r1': 6, 'c1': 6}","[{'color': 7, 'count': 22, 'rank': 0, 'bbox_h': 7, 'bbox_w': 6, 'bbox_area': 42, 'on_edge': 1, 'r0': 0, 'c0': 1, 'r1': 6, 'c1': 6}, {'color': 4, 'count': 20, 'rank': 1, 'bbox_h': 3, 'bbox_w': 9, 'bbox_area': 27, 'on_edge': 1, 'r0': 7, 'c0': 0, 'r1': 9, 'c1': 8}]","['count_max', 'bbox_h_max', 'bbox_w_min', 'bbox_area_max', 'r0_min', 'c0_max', 'r1_min', 'c1_min', 'rank0', 'mode_low', 'mode_high']"
68,9,9,True,"{'color': 9, 'count': 18, 'rank': 0, 'bbox_h': 6, 'bbox_w': 5, 'bbox_area': 30, 'on_edge': 1, 'r0': 0, 'c0': 5, 'r1': 5, 'c1': 9}","[{'color': 9, 'count': 18, 'rank': 0, 'bbox_h': 6, 'bbox_w': 5, 'bbox_area': 30, 'on_edge': 1, 'r0': 0, 'c0': 5, 'r1': 5, 'c1': 9}, {'color': 6, 'count': 10, 'rank': 1, 'bbox_h': 3, 'bbox_w': 4, 'bbox_area': 12, 'on_edge': 1, 'r0': 7, 'c0': 4, 'r1': 9, 'c1': 7}]","['count_max', 'bbox_h_max', 'bbox_w_max', 'bbox_area_max', 'r0_min', 'c0_max', 'r1_min', 'c1_max', 'rank0', 'mode_low', 'mode_high']"
69,2,2,True,"{'color': 2, 'count': 24, 'rank': 0, 'bbox_h': 4, 'bbox_w': 10, 'bbox_area': 40, 'on_edge': 1, 'r0': 0, 'c0': 0, 'r1': 3, 'c1': 9}","[{'color': 2, 'count': 24, 'rank': 0, 'bbox_h': 4, 'bbox_w': 10, 'bbox_area': 40, 'on_edge': 1, 'r0': 0, 'c0': 0, 'r1': 3, 'c1': 9}, {'color': 4, 'count': 12, 'rank': 1, 'bbox_h': 5, 'bbox_w': 3, 'bbox_area': 15, 'on_edge': 1, 'r0': 5, 'c0': 6, 'r1': 9, 'c1': 8}]","['count_max', 'bbox_h_min', 'bbox_w_max', 'bbox_area_max', 'on_edge_max', 'on_edge_min', 'r0_min', 'c0_min', 'r1_min', 'c1_max', 'rank0', 'mode_low', 'mode_high']"
70,9,9,True,"{'color': 9, 'count': 22, 'rank': 0, 'bbox_h': 3, 'bbox_w': 10, 'bbox_area': 30, 'on_edge': 1, 'r0': 0, 'c0': 0, 'r1': 2, 'c1': 9}","[{'color': 9, 'count': 22, 'rank': 0, 'bbox_h': 3, 'bbox_w': 10, 'bbox_area': 30, 'on_edge': 1, 'r0': 0, 'c0': 0, 'r1': 2, 'c1': 9}, {'color': 5, 'count': 16, 'rank': 1, 'bbox_h': 5, 'bbox_w': 5, 'bbox_area': 25, 'on_edge': 0, 'r0': 4, 'c0': 2, 'r1': 8, 'c1': 6}]","['count_max', 'bbox_h_min', 'bbox_w_max', 'bbox_area_max', 'on_edge_max', 'r0_min', 'c0_min', 'r1_min', 'c1_max', 'rank0', 'mode_low', 'mode_high']"
71,4,4,True,"{'color': 4, 'count': 20, 'rank': 0, 'bbox_h': 6, 'bbox_w': 6, 'bbox_area': 36, 'on_edge': 1, 'r0': 0, 'c0': 4, 'r1': 5, 'c1': 9}","[{'color': 4, 'count': 20, 'rank': 0, 'bbox_h': 6, 'bbox_w': 6, 'bbox_area': 36, 'on_edge': 1, 'r0': 0, 'c0': 4, 'r1': 5, 'c1': 9}, {'color': 7, 'count': 20, 'rank': 1, 'bbox_h': 4, 'bbox_w': 8, 'bbox_area': 32, 'on_edge': 1, 'r0': 6, 'c0': 1, 'r1': 9, 'c1': 8}]","['count_max', 'count_min', 'bbox_h_max', 'bbox_w_min', 'bbox_area_max', 'on_edge_max', 'on_edge_min', 'r0_min', 'c0_max', 'r1_min', 'c1_max', 'rank0', 'mode_low']"
72,3,3,True,"{'color': 3, 'count': 14, 'rank': 0, 'bbox_h': 5, 'bbox_w': 4, 'bbox_area': 20, 'on_edge': 1, 'r0': 1, 'c0': 6, 'r1': 5, 'c1': 9}","[{'color': 3, 'count': 14, 'rank': 0, 'bbox_h': 5, 'bbox_w': 4, 'bbox_area': 20, 'on_edge': 1, 'r0': 1, 'c0': 6, 'r1': 5, 'c1': 9}, {'color': 6, 'count': 14, 'rank': 1, 'bbox_h': 3, 'bbox_w': 6, 'bbox_area': 18, 'on_edge': 1, 'r0': 6, 'c0': 0, 'r1': 8, 'c1': 5}]","['count_max', 'count_min', 'bbox_h_max', 'bbox_w_min', 'bbox_area_max', 'on_edge_max', 'on_edge_min', 'r0_min', 'c0_max', 'r1_min', 'c1_max', 'rank0', 'mode_low']"
73,6,6,True,"{'color': 6, 'count': 24, 'rank': 0, 'bbox_h': 9, 'bbox_w': 5, 'bbox_area': 45, 'on_edge': 1, 'r0': 1, 'c0': 4, 'r1': 9, 'c1': 8}","[{'color': 6, 'count': 24, 'rank': 0, 'bbox_h': 9, 'bbox_w': 5, 'bbox_area': 45, 'on_edge': 1, 'r0': 1, 'c0': 4, 'r1': 9, 'c1': 8}, {'color': 2, 'count': 8, 'rank': 1, 'bbox_h': 3, 'bbox_w': 3, 'bbox_area': 9, 'on_edge': 1, 'r0': 2, 'c0': 0, 'r1': 4, 'c1': 2}]","['count_max', 'bbox_h_max', 'bbox_w_max', 'bbox_area_max', 'r0_min', 'c0_max', 'r1_max', 'c1_max', 'rank0', 'mode_low', 'mode_high']"
74,6,6,True,"{'color': 6, 'count': 30, 'rank': 0, 'bbox_h': 10, 'bbox_w': 7, 'bbox_area': 70, 'on_edge': 1, 'r0': 0, 'c0': 0, 'r1': 9, 'c1': 6}","[{'color': 6, 'count': 30, 'rank': 0, 'bbox_h': 10, 'bbox_w': 7, 'bbox_area': 70, 'on_edge': 1, 'r0': 0, 'c0': 0, 'r1': 9, 'c1': 6}, {'color': 9, 'count': 12, 'rank': 1, 'bbox_h': 5, 'bbox_w': 3, 'bbox_area': 15, 'on_edge': 1, 'r0': 0, 'c0': 7, 'r1': 4, 'c1': 9}]","['count_max', 'bbox_h_max', 'bbox_w_max', 'bbox_area_max', 'on_edge_max', 'on_edge_min', 'r0_max', 'r0_min', 'c0_min', 'r1_max', 'c1_min', 'rank0', 'mode_low', 'mode_high']"
75,5,5,True,"{'color': 5, 'count': 22, 'rank': 0, 'bbox_h': 7, 'bbox_w': 6, 'bbox_area': 42, 'on_edge': 1, 'r0': 0, 'c0': 2, 'r1': 6, 'c1': 7}","[{'color': 5, 'count': 22, 'rank': 0, 'bbox_h': 7, 'bbox_w': 6, 'bbox_area': 42, 'on_edge': 1, 'r0': 0, 'c0': 2, 'r1': 6, 'c1': 7}, {'color': 1, 'count': 14, 'rank': 1, 'bbox_h': 3, 'bbox_w': 6, 'bbox_area': 18, 'on_edge': 1, 'r0': 7, 'c0': 0, 'r1': 9, 'c1': 5}]","['count_max', 'bbox_h_max', 'bbox_area_max', 'r0_min', 'c0_max', 'r1_min', 'c1_max', 'rank0', 'mode_low', 'mode_high']"
76,6,4,False,"{'color': 6, 'count': 18, 'rank': 1, 'bbox_h': 7, 'bbox_w': 4, 'bbox_area': 28, 'on_edge': 1, 'r0': 3, 'c0': 6, 'r1': 9, 'c1': 9}","[{'color': 4, 'count': 20, 'rank': 0, 'bbox_h': 3, 'bbox_w': 9, 'bbox_area': 27, 'on_edge': 1, 'r0': 0, 'c0': 1, 'r1': 2, 'c1': 9}, {'color': 6, 'count': 18, 'rank': 1, 'bbox_h': 7, 'bbox_w': 4, 'bbox_area': 28, 'on_edge': 1, 'r0': 3, 'c0': 6, 'r1': 9, 'c1': 9}]","['count_min', 'bbox_h_max', 'bbox_w_min', 'bbox_area_max', 'r0_max', 'c0_max', 'r1_max', 'rank1']"
77,4,4,True,"{'color': 4, 'count': 14, 'rank': 0, 'bbox_h': 6, 'bbox_w': 3, 'bbox_area': 18, 'on_edge': 0, 'r0': 3, 'c0': 5, 'r1': 8, 'c1': 7}","[{'color': 4, 'count': 14, 'rank': 0, 'bbox_h': 6, 'bbox_w': 3, 'bbox_area': 18, 'on_edge': 0, 'r0': 3, 'c0': 5, 'r1': 8, 'c1': 7}, {'color': 9, 'count': 12, 'rank': 1, 'bbox_h': 4, 'bbox_w': 4, 'bbox_area': 16, 'on_edge': 1, 'r0': 5, 'c0': 0, 'r1': 8, 'c1': 3}]","['count_max', 'bbox_h_max', 'bbox_w_min', 'bbox_area_max', 'on_edge_min', 'r0_min', 'c0_max', 'r1_max', 'r1_min', 'c1_max', 'rank0', 'mode_low', 'mode_high']"
78,1,1,True,"{'color': 1, 'count': 26, 'rank': 0, 'bbox_h': 9, 'bbox_w': 6, 'bbox_area': 54, 'on_edge': 1, 'r0': 0, 'c0': 0, 'r1': 8, 'c1': 5}","[{'color': 1, 'count': 26, 'rank': 0, 'bbox_h': 9, 'bbox_w': 6, 'bbox_area': 54, 'on_edge': 1, 'r0': 0, 'c0': 0, 'r1': 8, 'c1': 5}, {'color': 4, 'count': 16, 'rank': 1, 'bbox_h': 7, 'bbox_w': 3, 'bbox_area': 21, 'on_edge': 1, 'r0': 0, 'c0': 7, 'r1': 6, 'c1': 9}]","['count_max', 'bbox_h_max', 'bbox_w_max', 'bbox_area_max', 'on_edge_max', 'on_edge_min', 'r0_max', 'r0_min', 'c0_min', 'r1_max', 'c1_min', 'rank0', 'mode_low', 'mode_high']"
79,1,1,True,"{'color': 1, 'count': 24, 'rank': 0, 'bbox_h': 4, 'bbox_w': 10, 'bbox_area': 40, 'on_edge': 1, 'r0': 6, 'c0': 0, 'r1': 9, 'c1': 9}","[{'color': 1, 'count': 24, 'rank': 0, 'bbox_h': 4, 'bbox_w': 10, 'bbox_area': 40, 'on_edge': 1, 'r0': 6, 'c0': 0, 'r1': 9, 'c1': 9}, {'color': 6, 'count': 14, 'rank': 1, 'bbox_h': 5, 'bbox_w': 4, 'bbox_area': 20, 'on_edge': 1, 'r0': 0, 'c0': 0, 'r1': 4, 'c1': 3}]","['count_max', 'bbox_h_min', 'bbox_w_max', 'bbox_area_max', 'on_edge_max', 'on_edge_min', 'r0_max', 'c0_max', 'c0_min', 'r1_max', 'c1_max', 'rank0', 'mode_low', 'mode_high']"
80,3,3,True,"{'color': 3, 'count': 16, 'rank': 0, 'bbox_h': 5, 'bbox_w': 5, 'bbox_area': 25, 'on_edge': 1, 'r0': 0, 'c0': 2, 'r1': 4, 'c1': 6}","[{'color': 3, 'count': 16, 'rank': 0, 'bbox_h': 5, 'bbox_w': 5, 'bbox_area': 25, 'on_edge': 1, 'r0': 0, 'c0': 2, 'r1': 4, 'c1': 6}, {'color': 9, 'count': 12, 'rank': 1, 'bbox_h': 5, 'bbox_w': 3, 'bbox_area': 15, 'on_edge': 1, 'r0': 5, 'c0': 2, 'r1': 9, 'c1': 4}]","['count_max', 'bbox_h_max', 'bbox_h_min', 'bbox_w_max', 'bbox_area_max', 'on_edge_max', 'on_edge_min', 'r0_min', 'c0_max', 'c0_min', 'r1_min', 'c1_max', 'rank0', 'mode_low', 'mode_high']"
81,2,2,True,"{'color': 2, 'count': 26, 'rank': 0, 'bbox_h': 5, 'bbox_w': 10, 'bbox_area': 50, 'on_edge': 1, 'r0': 5, 'c0': 0, 'r1': 9, 'c1': 9}","[{'color': 2, 'count': 26, 'rank': 0, 'bbox_h': 5, 'bbox_w': 10, 'bbox_area': 50, 'on_edge': 1, 'r0': 5, 'c0': 0, 'r1': 9, 'c1': 9}, {'color': 7, 'count': 14, 'rank': 1, 'bbox_h': 5, 'bbox_w': 4, 'bbox_area': 20, 'on_edge': 1, 'r0': 0, 'c0': 2, 'r1': 4, 'c1': 5}]","['count_max', 'bbox_h_max', 'bbox_h_min', 'bbox_w_max', 'bbox_area_max', 'on_edge_max', 'on_edge_min', 'r0_max', 'c0_min', 'r1_max', 'c1_max', 'rank0', 'mode_low', 'mode_high']"
82,1,1,True,"{'color': 1, 'count': 18, 'rank': 0, 'bbox_h': 8, 'bbox_w': 3, 'bbox_area': 24, 'on_edge': 1, 'r0': 2, 'c0': 0, 'r1': 9, 'c1': 2}","[{'color': 1, 'count': 18, 'rank': 0, 'bbox_h': 8, 'bbox_w': 3, 'bbox_area': 24, 'on_edge': 1, 'r0': 2, 'c0': 0, 'r1': 9, 'c1': 2}, {'color': 5, 'count': 16, 'rank': 1, 'bbox_h': 3, 'bbox_w': 7, 'bbox_area': 21, 'on_edge': 1, 'r0': 6, 'c0': 3, 'r1': 8, 'c1': 9}]","['count_max', 'bbox_h_max', 'bbox_w_min', 'bbox_area_max', 'on_edge_max', 'on_edge_min', 'r0_min', 'c0_min', 'r1_max', 'c1_min', 'rank0', 'mode_low', 'mode_high']"
83,7,7,True,"{'color': 7, 'count': 24, 'rank': 0, 'bbox_h': 4, 'bbox_w': 10, 'bbox_area': 40, 'on_edge': 1, 'r0': 0, 'c0': 0, 'r1': 3, 'c1': 9}","[{'color': 7, 'count': 24, 'rank': 0, 'bbox_h': 4, 'bbox_w': 10, 'bbox_area': 40, 'on_edge': 1, 'r0': 0, 'c0': 0, 'r1': 3, 'c1': 9}, {'color': 3, 'count': 22, 'rank': 1, 'bbox_h': 4, 'bbox_w': 9, 'bbox_area': 36, 'on_edge': 1, 'r0': 5, 'c0': 0, 'r1': 8, 'c1': 8}]","['count_max', 'bbox_w_max', 'bbox_area_max', 'r0_min', 'r1_min', 'c1_max', 'rank0', 'mode_low', 'mode_high']"
84,8,8,True,"{'color': 8, 'count': 26, 'rank': 0, 'bbox_h': 6, 'bbox_w': 9, 'bbox_area': 54, 'on_edge': 1, 'r0': 4, 'c0': 0, 'r1': 9, 'c1': 8}","[{'color': 8, 'count': 26, 'rank': 0, 'bbox_h': 6, 'bbox_w': 9, 'bbox_area': 54, 'on_edge': 1, 'r0': 4, 'c0': 0, 'r1': 9, 'c1': 8}, {'color': 2, 'count': 10, 'rank': 1, 'bbox_h': 4, 'bbox_w': 3, 'bbox_area': 12, 'on_edge': 1, 'r0': 0, 'c0': 7, 'r1': 3, 'c1': 9}]","['count_max', 'bbox_h_max', 'bbox_w_max', 'bbox_area_max', 'r0_max', 'c0_min', 'r1_max', 'c1_min', 'rank0', 'mode_low', 'mode_high']"
85,2,2,True,"{'color': 2, 'count': 24, 'rank': 0, 'bbox_h': 6, 'bbox_w': 8, 'bbox_area': 48, 'on_edge': 1, 'r0': 0, 'c0': 2, 'r1': 5, 'c1': 9}","[{'color': 2, 'count': 24, 'rank': 0, 'bbox_h': 6, 'bbox_w': 8, 'bbox_area': 48, 'on_edge': 1, 'r0': 0, 'c0': 2, 'r1': 5, 'c1': 9}, {'color': 5, 'count': 8, 'rank': 1, 'bbox_h': 3, 'bbox_w': 3, 'bbox_area': 9, 'on_edge': 1, 'r0': 7, 'c0': 3, 'r1': 9, 'c1': 5}]","['count_max', 'bbox_h_max', 'bbox_w_max', 'bbox_area_max', 'on_edge_max', 'on_edge_min', 'r0_min', 'c0_min', 'r1_min', 'c1_max', 'rank0', 'mode_low', 'mode_high']"
86,5,5,True,"{'color': 5, 'count': 22, 'rank': 0, 'bbox_h': 4, 'bbox_w': 9, 'bbox_area': 36, 'on_edge': 1, 'r0': 4, 'c0': 0, 'r1': 7, 'c1': 8}","[{'color': 5, 'count': 22, 'rank': 0, 'bbox_h': 4, 'bbox_w': 9, 'bbox_area': 36, 'on_edge': 1, 'r0': 4, 'c0': 0, 'r1': 7, 'c1': 8}, {'color': 2, 'count': 16, 'rank': 1, 'bbox_h': 3, 'bbox_w': 7, 'bbox_area': 21, 'on_edge': 1, 'r0': 0, 'c0': 0, 'r1': 2, 'c1': 6}]","['count_max', 'bbox_h_max', 'bbox_w_max', 'bbox_area_max', 'r0_max', 'r1_max', 'c1_max', 'rank0', 'mode_low', 'mode_high']"
87,5,5,True,"{'color': 5, 'count': 22, 'rank': 0, 'bbox_h': 5, 'bbox_w': 8, 'bbox_area': 40, 'on_edge': 1, 'r0': 0, 'c0': 0, 'r1': 4, 'c1': 7}","[{'color': 5, 'count': 22, 'rank': 0, 'bbox_h': 5, 'bbox_w': 8, 'bbox_area': 40, 'on_edge': 1, 'r0': 0, 'c0': 0, 'r1': 4, 'c1': 7}, {'color': 7, 'count': 12, 'rank': 1, 'bbox_h': 3, 'bbox_w': 5, 'bbox_area': 15, 'on_edge': 0, 'r0': 6, 'c0': 2, 'r1': 8, 'c1': 6}]","['count_max', 'bbox_h_max', 'bbox_w_max', 'bbox_area_max', 'on_edge_max', 'r0_min', 'c0_min', 'r1_min', 'c1_max', 'rank0', 'mode_low', 'mode_high']"
88,2,2,True,"{'color': 2, 'count': 24, 'rank': 0, 'bbox_h': 8, 'bbox_w': 6, 'bbox_area': 48, 'on_edge': 1, 'r0': 1, 'c0': 0, 'r1': 8, 'c1': 5}","[{'color': 2, 'count': 24, 'rank': 0, 'bbox_h': 8, 'bbox_w': 6, 'bbox_area': 48, 'on_edge': 1, 'r0': 1, 'c0': 0, 'r1': 8, 'c1': 5}, {'color': 4, 'count': 10, 'rank': 1, 'bbox_h': 3, 'bbox_w': 4, 'bbox_area': 12, 'on_edge': 1, 'r0': 7, 'c0': 6, 'r1': 9, 'c1': 9}]","['count_max', 'bbox_h_max', 'bbox_w_max', 'bbox_area_max', 'on_edge_max', 'on_edge_min', 'r0_min', 'c0_min', 'r1_min', 'c1_min', 'rank0', 'mode_low', 'mode_high']"
89,1,1,True,"{'color': 1, 'count': 24, 'rank': 0, 'bbox_h': 4, 'bbox_w': 10, 'bbox_area': 40, 'on_edge': 1, 'r0': 4, 'c0': 0, 'r1': 7, 'c1': 9}","[{'color': 1, 'count': 24, 'rank': 0, 'bbox_h': 4, 'bbox_w': 10, 'bbox_area': 40, 'on_edge': 1, 'r0': 4, 'c0': 0, 'r1': 7, 'c1': 9}, {'color': 3, 'count': 22, 'rank': 1, 'bbox_h': 3, 'bbox_w': 10, 'bbox_area': 30, 'on_edge': 1, 'r0': 0, 'c0': 0, 'r1': 2, 'c1': 9}]","['count_max', 'bbox_h_max', 'bbox_w_max', 'bbox_w_min', 'bbox_area_max', 'on_edge_max', 'on_edge_min', 'r0_max', 'c0_max', 'c0_min', 'r1_max', 'c1_max', 'c1_min', 'rank0', 'mode_low', 'mode_high']"
90,6,6,True,"{'color': 6, 'count': 30, 'rank': 0, 'bbox_h': 7, 'bbox_w': 10, 'bbox_area': 70, 'on_edge': 1, 'r0': 0, 'c0': 0, 'r1': 6, 'c1': 9}","[{'color': 6, 'count': 30, 'rank': 0, 'bbox_h': 7, 'bbox_w': 10, 'bbox_area': 70, 'on_edge': 1, 'r0': 0, 'c0': 0, 'r1': 6, 'c1': 9}, {'color': 1, 'count': 14, 'rank': 1, 'bbox_h': 3, 'bbox_w': 6, 'bbox_area': 18, 'on_edge': 1, 'r0': 7, 'c0': 0, 'r1': 9, 'c1': 5}]","['count_max', 'bbox_h_max', 'bbox_w_max', 'bbox_area_max', 'r0_min', 'r1_min', 'c1_max', 'rank0', 'mode_low', 'mode_high']"
91,9,9,True,"{'color': 9, 'count': 22, 'rank': 0, 'bbox_h': 7, 'bbox_w': 6, 'bbox_area': 42, 'on_edge': 1, 'r0': 0, 'c0': 4, 'r1': 6, 'c1': 9}","[{'color': 9, 'count': 22, 'rank': 0, 'bbox_h': 7, 'bbox_w': 6, 'bbox_area': 42, 'on_edge': 1, 'r0': 0, 'c0': 4, 'r1': 6, 'c1': 9}, {'color': 8, 'count': 16, 'rank': 1, 'bbox_h': 7, 'bbox_w': 3, 'bbox_area': 21, 'on_edge': 1, 'r0': 0, 'c0': 0, 'r1': 6, 'c1': 2}]","['count_max', 'bbox_w_max', 'bbox_area_max', 'c0_max', 'c1_max', 'rank0', 'mode_low', 'mode_high']"
92,2,2,True,"{'color': 2, 'count': 16, 'rank': 0, 'bbox_h': 5, 'bbox_w': 5, 'bbox_area': 25, 'on_edge': 0, 'r0': 4, 'c0': 4, 'r1': 8, 'c1': 8}","[{'color': 2, 'count': 16, 'rank': 0, 'bbox_h': 5, 'bbox_w': 5, 'bbox_area': 25, 'on_edge': 0, 'r0': 4, 'c0': 4, 'r1': 8, 'c1': 8}, {'color': 9, 'count': 16, 'rank': 1, 'bbox_h': 7, 'bbox_w': 3, 'bbox_area': 21, 'on_edge': 1, 'r0': 2, 'c0': 0, 'r1': 8, 'c1': 2}]","['count_max', 'count_min', 'bbox_h_min', 'bbox_w_max', 'bbox_area_max', 'on_edge_min', 'r0_max', 'c0_max', 'r1_max', 'r1_min', 'c1_max', 'rank0', 'mode_low']"
93,1,1,True,"{'color': 1, 'count': 24, 'rank': 0, 'bbox_h': 4, 'bbox_w': 10, 'bbox_area': 40, 'on_edge': 1, 'r0': 0, 'c0': 0, 'r1': 3, 'c1': 9}","[{'color': 1, 'count': 24, 'rank': 0, 'bbox_h': 4, 'bbox_w': 10, 'bbox_area': 40, 'on_edge': 1, 'r0': 0, 'c0': 0, 'r1': 3, 'c1': 9}, {'color': 4, 'count': 16, 'rank': 1, 'bbox_h': 4, 'bbox_w': 6, 'bbox_area': 24, 'on_edge': 0, 'r0': 5, 'c0': 2, 'r1': 8, 'c1': 7}]","['count_max', 'bbox_h_max', 'bbox_h_min', 'bbox_w_max', 'bbox_area_max', 'on_edge_max', 'r0_min', 'c0_min', 'r1_min', 'c1_max', 'rank0', 'mode_low', 'mode_high']"
94,9,9,True,"{'color': 9, 'count': 26, 'rank': 0, 'bbox_h': 5, 'bbox_w': 10, 'bbox_area': 50, 'on_edge': 1, 'r0': 5, 'c0': 0, 'r1': 9, 'c1': 9}","[{'color': 9, 'count': 26, 'rank': 0, 'bbox_h': 5, 'bbox_w': 10, 'bbox_area': 50, 'on_edge': 1, 'r0': 5, 'c0': 0, 'r1': 9, 'c1': 9}, {'color': 6, 'count': 22, 'rank': 1, 'bbox_h': 5, 'bbox_w': 8, 'bbox_area': 40, 'on_edge': 1, 'r0': 0, 'c0': 0, 'r1': 4, 'c1': 7}]","['count_max', 'bbox_w_max', 'bbox_area_max', 'r0_max', 'r1_max', 'c1_max', 'rank0', 'mode_low', 'mode_high']"
95,8,8,True,"{'color': 8, 'count': 20, 'rank': 0, 'bbox_h': 7, 'bbox_w': 5, 'bbox_area': 35, 'on_edge': 1, 'r0': 0, 'c0': 1, 'r1': 6, 'c1': 5}","[{'color': 8, 'count': 20, 'rank': 0, 'bbox_h': 7, 'bbox_w': 5, 'bbox_area': 35, 'on_edge': 1, 'r0': 0, 'c0': 1, 'r1': 6, 'c1': 5}, {'color': 3, 'count': 18, 'rank': 1, 'bbox_h': 3, 'bbox_w': 8, 'bbox_area': 24, 'on_edge': 1, 'r0': 7, 'c0': 1, 'r1': 9, 'c1': 8}]","['count_max', 'bbox_h_max', 'bbox_w_min', 'bbox_area_max', 'r0_min', 'r1_min', 'c1_min', 'rank0', 'mode_low', 'mode_high']"
96,7,7,True,"{'color': 7, 'count': 24, 'rank': 0, 'bbox_h': 10, 'bbox_w': 4, 'bbox_area': 40, 'on_edge': 1, 'r0': 0, 'c0': 0, 'r1': 9, 'c1': 3}","[{'color': 7, 'count': 24, 'rank': 0, 'bbox_h': 10, 'bbox_w': 4, 'bbox_area': 40, 'on_edge': 1, 'r0': 0, 'c0': 0, 'r1': 9, 'c1': 3}, {'color': 3, 'count': 18, 'rank': 1, 'bbox_h': 5, 'bbox_w': 6, 'bbox_area': 30, 'on_edge': 1, 'r0': 1, 'c0': 4, 'r1': 5, 'c1': 9}]","['count_max', 'bbox_h_max', 'bbox_w_min', 'bbox_area_max', 'r0_min', 'c0_min', 'r1_max', 'c1_min', 'rank0', 'mode_low', 'mode_high']"
97,4,4,True,"{'color': 4, 'count': 18, 'rank': 0, 'bbox_h': 6, 'bbox_w': 5, 'bbox_area': 30, 'on_edge': 1, 'r0': 0, 'c0': 5, 'r1': 5, 'c1': 9}","[{'color': 4, 'count': 18, 'rank': 0, 'bbox_h': 6, 'bbox_w': 5, 'bbox_area': 30, 'on_edge': 1, 'r0': 0, 'c0': 5, 'r1': 5, 'c1': 9}, {'color': 1, 'count': 10, 'rank': 1, 'bbox_h': 4, 'bbox_w': 3, 'bbox_area': 12, 'on_edge': 1, 'r0': 6, 'c0': 7, 'r1': 9, 'c1': 9}]","['count_max', 'bbox_h_max', 'bbox_w_max', 'bbox_area_max', 'r0_min', 'c0_min', 'r1_min', 'rank0', 'mode_low', 'mode_high']"
98,7,7,True,"{'color': 7, 'count': 26, 'rank': 0, 'bbox_h': 10, 'bbox_w': 5, 'bbox_area': 50, 'on_edge': 1, 'r0': 0, 'c0': 5, 'r1': 9, 'c1': 9}","[{'color': 7, 'count': 26, 'rank': 0, 'bbox_h': 10, 'bbox_w': 5, 'bbox_area': 50, 'on_edge': 1, 'r0': 0, 'c0': 5, 'r1': 9, 'c1': 9}, {'color': 1, 'count': 10, 'rank': 1, 'bbox_h': 3, 'bbox_w': 4, 'bbox_area': 12, 'on_edge': 1, 'r0': 3, 'c0': 0, 'r1': 5, 'c1': 3}]","['count_max', 'bbox_h_max', 'bbox_w_max', 'bbox_area_max', 'r0_min', 'c0_max', 'r1_max', 'c1_max', 'rank0', 'mode_low', 'mode_high']"
99,7,7,True,"{'color': 7, 'count': 22, 'rank': 0, 'bbox_h': 6, 'bbox_w': 7, 'bbox_area': 42, 'on_edge': 1, 'r0': 3, 'c0': 0, 'r1': 8, 'c1': 6}","[{'color': 7, 'count': 22, 'rank': 0, 'bbox_h': 6, 'bbox_w': 7, 'bbox_area': 42, 'on_edge': 1, 'r0': 3, 'c0': 0, 'r1': 8, 'c1': 6}, {'color': 9, 'count': 10, 'rank': 1, 'bbox_h': 4, 'bbox_w': 3, 'bbox_area': 12, 'on_edge': 1, 'r0': 1, 'c0': 7, 'r1': 4, 'c1': 9}]","['count_max', 'bbox_h_max', 'bbox_w_max', 'bbox_area_max', 'on_edge_max', 'on_edge_min', 'r0_max', 'c0_min', 'r1_max', 'c1_min', 'rank0', 'mode_low', 'mode_high']"
100,4,8,False,"{'color': 4, 'count': 18, 'rank': 1, 'bbox_h': 4, 'bbox_w': 7, 'bbox_area': 28, 'on_edge': 1, 'r0': 0, 'c0': 0, 'r1': 3, 'c1': 6}","[{'color': 8, 'count': 20, 'rank': 0, 'bbox_h': 3, 'bbox_w': 9, 'bbox_area': 27, 'on_edge': 1, 'r0': 5, 'c0': 1, 'r1': 7, 'c1': 9}, {'color': 4, 'count': 18, 'rank': 1, 'bbox_h': 4, 'bbox_w': 7, 'bbox_area': 28, 'on_edge': 1, 'r0': 0, 'c0': 0, 'r1': 3, 'c1': 6}]","['count_min', 'bbox_h_max', 'bbox_w_min', 'bbox_area_max', 'on_edge_max', 'on_edge_min', 'r0_min', 'c0_min', 'r1_min', 'c1_min', 'rank1']"
101,7,7,True,"{'color': 7, 'count': 20, 'rank': 0, 'bbox_h': 6, 'bbox_w': 6, 'bbox_area': 36, 'on_edge': 1, 'r0': 2, 'c0': 0, 'r1': 7, 'c1': 5}","[{'color': 7, 'count': 20, 'rank': 0, 'bbox_h': 6, 'bbox_w': 6, 'bbox_area': 36, 'on_edge': 1, 'r0': 2, 'c0': 0, 'r1': 7, 'c1': 5}, {'color': 2, 'count': 12, 'rank': 1, 'bbox_h': 4, 'bbox_w': 4, 'bbox_area': 16, 'on_edge': 1, 'r0': 4, 'c0': 6, 'r1': 7, 'c1': 9}]","['count_max', 'bbox_h_max', 'bbox_w_max', 'bbox_area_max', 'r0_min', 'c0_min', 'c1_min', 'rank0', 'mode_low', 'mode_high']"
102,2,2,True,"{'color': 2, 'count': 26, 'rank': 0, 'bbox_h': 6, 'bbox_w': 9, 'bbox_area': 54, 'on_edge': 1, 'r0': 0, 'c0': 1, 'r1': 5, 'c1': 9}","[{'color': 2, 'count': 26, 'rank': 0, 'bbox_h': 6, 'bbox_w': 9, 'bbox_area': 54, 'on_edge': 1, 'r0': 0, 'c0': 1, 'r1': 5, 'c1': 9}, {'color': 3, 'count': 14, 'rank': 1, 'bbox_h': 3, 'bbox_w': 6, 'bbox_area': 18, 'on_edge': 1, 'r0': 7, 'c0': 0, 'r1': 9, 'c1': 5}]","['count_max', 'bbox_h_max', 'bbox_w_max', 'bbox_area_max', 'on_edge_max', 'on_edge_min', 'r0_min', 'c0_max', 'r1_min', 'c1_max', 'rank0', 'mode_low', 'mode_high']"
103,2,2,True,"{'color': 2, 'count': 18, 'rank': 0, 'bbox_h': 8, 'bbox_w': 3, 'bbox_area': 24, 'on_edge': 1, 'r0': 2, 'c0': 4, 'r1': 9, 'c1': 6}","[{'color': 2, 'count': 18, 'rank': 0, 'bbox_h': 8, 'bbox_w': 3, 'bbox_area': 24, 'on_edge': 1, 'r0': 2, 'c0': 4, 'r1': 9, 'c1': 6}, {'color': 7, 'count': 12, 'rank': 1, 'bbox_h': 5, 'bbox_w': 3, 'bbox_area': 15, 'on_edge': 1, 'r0': 1, 'c0': 0, 'r1': 5, 'c1': 2}]","['count_max', 'bbox_h_max', 'bbox_w_max', 'bbox_w_min', 'bbox_area_max', 'on_edge_max', 'on_edge_min', 'r0_max', 'c0_max', 'r1_max', 'c1_max', 'rank0', 'mode_low', 'mode_high']"
104,1,1,True,"{'color': 1, 'count': 26, 'rank': 0, 'bbox_h': 5, 'bbox_w': 10, 'bbox_area': 50, 'on_edge': 1, 'r0': 5, 'c0': 0, 'r1': 9, 'c1': 9}","[{'color': 1, 'count': 26, 'rank': 0, 'bbox_h': 5, 'bbox_w': 10, 'bbox_area': 50, 'on_edge': 1, 'r0': 5, 'c0': 0, 'r1': 9, 'c1': 9}, {'color': 3, 'count': 12, 'rank': 1, 'bbox_h': 5, 'bbox_w': 3, 'bbox_area': 15, 'on_edge': 1, 'r0': 0, 'c0': 3, 'r1': 4, 'c1': 5}]","['count_max', 'bbox_h_max', 'bbox_h_min', 'bbox_w_max', 'bbox_area_max', 'on_edge_max', 'on_edge_min', 'r0_max', 'c0_min', 'r1_max', 'c1_max', 'rank0', 'mode_low', 'mode_high']"
105,8,3,False,"{'color': 8, 'count': 18, 'rank': 1, 'bbox_h': 4, 'bbox_w': 7, 'bbox_area': 28, 'on_edge': 1, 'r0': 0, 'c0': 0, 'r1': 3, 'c1': 6}","[{'color': 3, 'count': 20, 'rank': 0, 'bbox_h': 3, 'bbox_w': 9, 'bbox_area': 27, 'on_edge': 1, 'r0': 5, 'c0': 1, 'r1': 7, 'c1': 9}, {'color': 8, 'count': 18, 'rank': 1, 'bbox_h': 4, 'bbox_w': 7, 'bbox_area': 28, 'on_edge': 1, 'r0': 0, 'c0': 0, 'r1': 3, 'c1': 6}]","['count_min', 'bbox_h_max', 'bbox_w_min', 'bbox_area_max', 'r0_min', 'c0_min', 'r1_min', 'c1_min', 'rank1']"
106,2,2,True,"{'color': 2, 'count': 20, 'rank': 0, 'bbox_h': 5, 'bbox_w': 7, 'bbox_area': 35, 'on_edge': 1, 'r0': 4, 'c0': 3, 'r1': 8, 'c1': 9}","[{'color': 2, 'count': 20, 'rank': 0, 'bbox_h': 5, 'bbox_w': 7, 'bbox_area': 35, 'on_edge': 1, 'r0': 4, 'c0': 3, 'r1': 8, 'c1': 9}, {'color': 9, 'count': 18, 'rank': 1, 'bbox_h': 8, 'bbox_w': 3, 'bbox_area': 24, 'on_edge': 1, 'r0': 2, 'c0': 0, 'r1': 9, 'c1': 2}]","['count_max', 'bbox_h_min', 'bbox_w_max', 'bbox_area_max', 'on_edge_max', 'on_edge_min', 'r0_max', 'c0_max', 'r1_min', 'c1_max', 'rank0', 'mode_low', 'mode_high']"
107,2,2,True,"{'color': 2, 'count': 20, 'rank': 0, 'bbox_h': 3, 'bbox_w': 9, 'bbox_area': 27, 'on_edge': 1, 'r0': 0, 'c0': 1, 'r1': 2, 'c1': 9}","[{'color': 2, 'count': 20, 'rank': 0, 'bbox_h': 3, 'bbox_w': 9, 'bbox_area': 27, 'on_edge': 1, 'r0': 0, 'c0': 1, 'r1': 2, 'c1': 9}, {'color': 8, 'count': 16, 'rank': 1, 'bbox_h': 4, 'bbox_w': 6, 'bbox_area': 24, 'on_edge': 1, 'r0': 4, 'c0': 0, 'r1': 7, 'c1': 5}]","['count_max', 'bbox_h_min', 'bbox_w_max', 'bbox_area_max', 'on_edge_max', 'on_edge_min', 'r0_min', 'c0_max', 'r1_min', 'c1_max', 'rank0', 'mode_low', 'mode_high']"
108,7,7,True,"{'color': 7, 'count': 22, 'rank': 0, 'bbox_h': 6, 'bbox_w': 7, 'bbox_area': 42, 'on_edge': 1, 'r0': 4, 'c0': 0, 'r1': 9, 'c1': 6}","[{'color': 7, 'count': 22, 'rank': 0, 'bbox_h': 6, 'bbox_w': 7, 'bbox_area': 42, 'on_edge': 1, 'r0': 4, 'c0': 0, 'r1': 9, 'c1': 6}, {'color': 2, 'count': 18, 'rank': 1, 'bbox_h': 4, 'bbox_w': 7, 'bbox_area': 28, 'on_edge': 1, 'r0': 0, 'c0': 1, 'r1': 3, 'c1': 7}]","['count_max', 'bbox_h_max', 'bbox_area_max', 'r0_max', 'c0_min', 'r1_max', 'c1_min', 'rank0', 'mode_low', 'mode_high']"
109,5,5,True,"{'color': 5, 'count': 24, 'rank': 0, 'bbox_h': 9, 'bbox_w': 5, 'bbox_area': 45, 'on_edge': 1, 'r0': 1, 'c0': 5, 'r1': 9, 'c1': 9}","[{'color': 5, 'count': 24, 'rank': 0, 'bbox_h': 9, 'bbox_w': 5, 'bbox_area': 45, 'on_edge': 1, 'r0': 1, 'c0': 5, 'r1': 9, 'c1': 9}, {'color': 1, 'count': 10, 'rank': 1, 'bbox_h': 3, 'bbox_w': 4, 'bbox_area': 12, 'on_edge': 1, 'r0': 7, 'c0': 0, 'r1': 9, 'c1': 3}]","['count_max', 'bbox_h_max', 'bbox_w_max', 'bbox_area_max', 'r0_min', 'c0_max', 'c1_max', 'rank0', 'mode_low', 'mode_high']"
110,6,6,True,"{'color': 6, 'count': 20, 'rank': 0, 'bbox_h': 6, 'bbox_w': 6, 'bbox_area': 36, 'on_edge': 1, 'r0': 3, 'c0': 0, 'r1': 8, 'c1': 5}","[{'color': 6, 'count': 20, 'rank': 0, 'bbox_h': 6, 'bbox_w': 6, 'bbox_area': 36, 'on_edge': 1, 'r0': 3, 'c0': 0, 'r1': 8, 'c1': 5}, {'color': 7, 'count': 14, 'rank': 1, 'bbox_h': 5, 'bbox_w': 4, 'bbox_area': 20, 'on_edge': 1, 'r0': 3, 'c0': 6, 'r1': 7, 'c1': 9}]","['count_max', 'bbox_h_max', 'bbox_w_max', 'bbox_area_max', 'on_edge_max', 'on_edge_min', 'r0_max', 'r0_min', 'c0_min', 'r1_max', 'c1_min', 'rank0', 'mode_low', 'mode_high']"
111,6,6,True,"{'color': 6, 'count': 24, 'rank': 0, 'bbox_h': 7, 'bbox_w': 7, 'bbox_area': 49, 'on_edge': 1, 'r0': 1, 'c0': 0, 'r1': 7, 'c1': 6}","[{'color': 6, 'count': 24, 'rank': 0, 'bbox_h': 7, 'bbox_w': 7, 'bbox_area': 49, 'on_edge': 1, 'r0': 1, 'c0': 0, 'r1': 7, 'c1': 6}, {'color': 9, 'count': 12, 'rank': 1, 'bbox_h': 5, 'bbox_w': 3, 'bbox_area': 15, 'on_edge': 1, 'r0': 0, 'c0': 7, 'r1': 4, 'c1': 9}]","['count_max', 'bbox_h_max', 'bbox_w_max', 'bbox_area_max', 'on_edge_max', 'on_edge_min', 'r0_max', 'c0_min', 'r1_max', 'c1_min', 'rank0', 'mode_low', 'mode_high']"
112,1,1,True,"{'color': 1, 'count': 18, 'rank': 0, 'bbox_h': 5, 'bbox_w': 6, 'bbox_area': 30, 'on_edge': 0, 'r0': 4, 'c0': 3, 'r1': 8, 'c1': 8}","[{'color': 1, 'count': 18, 'rank': 0, 'bbox_h': 5, 'bbox_w': 6, 'bbox_area': 30, 'on_edge': 0, 'r0': 4, 'c0': 3, 'r1': 8, 'c1': 8}, {'color': 2, 'count': 18, 'rank': 1, 'bbox_h': 3, 'bbox_w': 8, 'bbox_area': 24, 'on_edge': 1, 'r0': 0, 'c0': 0, 'r1': 2, 'c1': 7}]","['count_max', 'count_min', 'bbox_h_max', 'bbox_w_min', 'bbox_area_max', 'on_edge_min', 'r0_max', 'c0_max', 'r1_max', 'c1_max', 'rank0', 'mode_low']"
113,3,3,True,"{'color': 3, 'count': 26, 'rank': 0, 'bbox_h': 6, 'bbox_w': 9, 'bbox_area': 54, 'on_edge': 1, 'r0': 0, 'c0': 0, 'r1': 5, 'c1': 8}","[{'color': 3, 'count': 26, 'rank': 0, 'bbox_h': 6, 'bbox_w': 9, 'bbox_area': 54, 'on_edge': 1, 'r0': 0, 'c0': 0, 'r1': 5, 'c1': 8}, {'color': 2, 'count': 18, 'rank': 1, 'bbox_h': 4, 'bbox_w': 7, 'bbox_area': 28, 'on_edge': 1, 'r0': 6, 'c0': 2, 'r1': 9, 'c1': 8}]","['count_max', 'bbox_h_max', 'bbox_w_max', 'bbox_area_max', 'r0_min', 'c0_min', 'r1_min', 'rank0', 'mode_low', 'mode_high']"
114,8,8,True,"{'color': 8, 'count': 20, 'rank': 0, 'bbox_h': 7, 'bbox_w': 5, 'bbox_area': 35, 'on_edge': 1, 'r0': 0, 'c0': 2, 'r1': 6, 'c1': 6}","[{'color': 8, 'count': 20, 'rank': 0, 'bbox_h': 7, 'bbox_w': 5, 'bbox_area': 35, 'on_edge': 1, 'r0': 0, 'c0': 2, 'r1': 6, 'c1': 6}, {'color': 5, 'count': 12, 'rank': 1, 'bbox_h': 3, 'bbox_w': 5, 'bbox_area': 15, 'on_edge': 1, 'r0': 7, 'c0': 2, 'r1': 9, 'c1': 6}]","['count_max', 'bbox_h_max', 'bbox_area_max', 'r0_min', 'r1_min', 'rank0', 'mode_low', 'mode_high']"
115,5,5,True,"{'color': 5, 'count': 24, 'rank': 0, 'bbox_h': 10, 'bbox_w': 4, 'bbox_area': 40, 'on_edge': 1, 'r0': 0, 'c0': 0, 'r1': 9, 'c1': 3}","[{'color': 5, 'count': 24, 'rank': 0, 'bbox_h': 10, 'bbox_w': 4, 'bbox_area': 40, 'on_edge': 1, 'r0': 0, 'c0': 0, 'r1': 9, 'c1': 3}, {'color': 2, 'count': 14, 'rank': 1, 'bbox_h': 6, 'bbox_w': 3, 'bbox_area': 18, 'on_edge': 1, 'r0': 0, 'c0': 5, 'r1': 5, 'c1': 7}]","['count_max', 'bbox_h_max', 'bbox_w_max', 'bbox_area_max', 'c0_min', 'r1_max', 'c1_min', 'rank0', 'mode_low', 'mode_high']"
116,7,7,True,"{'color': 7, 'count': 26, 'rank': 0, 'bbox_h': 8, 'bbox_w': 7, 'bbox_area': 56, 'on_edge': 1, 'r0': 0, 'c0': 0, 'r1': 7, 'c1': 6}","[{'color': 7, 'count': 26, 'rank': 0, 'bbox_h': 8, 'bbox_w': 7, 'bbox_area': 56, 'on_edge': 1, 'r0': 0, 'c0': 0, 'r1': 7, 'c1': 6}, {'color': 6, 'count': 16, 'rank': 1, 'bbox_h': 7, 'bbox_w': 3, 'bbox_area': 21, 'on_edge': 1, 'r0': 1, 'c0': 7, 'r1': 7, 'c1': 9}]","['count_max', 'bbox_h_max', 'bbox_w_max', 'bbox_area_max', 'r0_min', 'c0_min', 'c1_min', 'rank0', 'mode_low', 'mode_high']"
117,2,2,True,"{'color': 2, 'count': 26, 'rank': 0, 'bbox_h': 8, 'bbox_w': 7, 'bbox_area': 56, 'on_edge': 1, 'r0': 2, 'c0': 0, 'r1': 9, 'c1': 6}","[{'color': 2, 'count': 26, 'rank': 0, 'bbox_h': 8, 'bbox_w': 7, 'bbox_area': 56, 'on_edge': 1, 'r0': 2, 'c0': 0, 'r1': 9, 'c1': 6}, {'color': 4, 'count': 18, 'rank': 1, 'bbox_h': 8, 'bbox_w': 3, 'bbox_area': 24, 'on_edge': 1, 'r0': 0, 'c0': 7, 'r1': 7, 'c1': 9}]","['count_max', 'bbox_h_max', 'bbox_h_min', 'bbox_w_max', 'bbox_area_max', 'on_edge_max', 'on_edge_min', 'r0_max', 'c0_min', 'r1_max', 'c1_min', 'rank0', 'mode_low', 'mode_high']"
118,5,5,True,"{'color': 5, 'count': 24, 'rank': 0, 'bbox_h': 4, 'bbox_w': 10, 'bbox_area': 40, 'on_edge': 1, 'r0': 0, 'c0': 0, 'r1': 3, 'c1': 9}","[{'color': 5, 'count': 24, 'rank': 0, 'bbox_h': 4, 'bbox_w': 10, 'bbox_area': 40, 'on_edge': 1, 'r0': 0, 'c0': 0, 'r1': 3, 'c1': 9}, {'color': 1, 'count': 14, 'rank': 1, 'bbox_h': 3, 'bbox_w': 6, 'bbox_area': 18, 'on_edge': 0, 'r0': 5, 'c0': 1, 'r1': 7, 'c1': 6}]","['count_max', 'bbox_h_max', 'bbox_w_max', 'bbox_area_max', 'on_edge_max', 'r0_min', 'c0_min', 'r1_min', 'c1_max', 'rank0', 'mode_low', 'mode_high']"
119,1,1,True,"{'color': 1, 'count': 26, 'rank': 0, 'bbox_h': 8, 'bbox_w': 7, 'bbox_area': 56, 'on_edge': 1, 'r0': 1, 'c0': 0, 'r1': 8, 'c1': 6}","[{'color': 1, 'count': 26, 'rank': 0, 'bbox_h': 8, 'bbox_w': 7, 'bbox_area': 56, 'on_edge': 1, 'r0': 1, 'c0': 0, 'r1': 8, 'c1': 6}, {'color': 7, 'count': 18, 'rank': 1, 'bbox_h': 8, 'bbox_w': 3, 'bbox_area': 24, 'on_edge': 1, 'r0': 2, 'c0': 7, 'r1': 9, 'c1': 9}]","['count_max', 'bbox_h_max', 'bbox_h_min', 'bbox_w_max', 'bbox_area_max', 'on_edge_max', 'on_edge_min', 'r0_min', 'c0_min', 'r1_min', 'c1_min', 'rank0', 'mode_low', 'mode_high']"
120,8,8,True,"{'color': 8, 'count': 26, 'rank': 0, 'bbox_h': 6, 'bbox_w': 9, 'bbox_area': 54, 'on_edge': 1, 'r0': 0, 'c0': 1, 'r1': 5, 'c1': 9}","[{'color': 8, 'count': 26, 'rank': 0, 'bbox_h': 6, 'bbox_w': 9, 'bbox_area': 54, 'on_edge': 1, 'r0': 0, 'c0': 1, 'r1': 5, 'c1': 9}, {'color': 1, 'count': 22, 'rank': 1, 'bbox_h': 3, 'bbox_w': 10, 'bbox_area': 30, 'on_edge': 1, 'r0': 7, 'c0': 0, 'r1': 9, 'c1': 9}]","['count_max', 'bbox_h_max', 'bbox_w_min', 'bbox_area_max', 'r0_min', 'c0_max', 'r1_min', 'rank0', 'mode_low', 'mode_high']"
121,4,4,True,"{'color': 4, 'count': 18, 'rank': 0, 'bbox_h': 7, 'bbox_w': 4, 'bbox_area': 28, 'on_edge': 1, 'r0': 0, 'c0': 5, 'r1': 6, 'c1': 8}","[{'color': 4, 'count': 18, 'rank': 0, 'bbox_h': 7, 'bbox_w': 4, 'bbox_area': 28, 'on_edge': 1, 'r0': 0, 'c0': 5, 'r1': 6, 'c1': 8}, {'color': 3, 'count': 10, 'rank': 1, 'bbox_h': 3, 'bbox_w': 4, 'bbox_area': 12, 'on_edge': 1, 'r0': 7, 'c0': 0, 'r1': 9, 'c1': 3}]","['count_max', 'bbox_h_max', 'bbox_area_max', 'r0_min', 'c0_max', 'r1_min', 'c1_max', 'rank0', 'mode_low', 'mode_high']"
122,4,4,True,"{'color': 4, 'count': 18, 'rank': 0, 'bbox_h': 3, 'bbox_w': 8, 'bbox_area': 24, 'on_edge': 1, 'r0': 7, 'c0': 1, 'r1': 9, 'c1': 8}","[{'color': 4, 'count': 18, 'rank': 0, 'bbox_h': 3, 'bbox_w': 8, 'bbox_area': 24, 'on_edge': 1, 'r0': 7, 'c0': 1, 'r1': 9, 'c1': 8}, {'color': 3, 'count': 16, 'rank': 1, 'bbox_h': 7, 'bbox_w': 3, 'bbox_area': 21, 'on_edge': 1, 'r0': 0, 'c0': 7, 'r1': 6, 'c1': 9}]","['count_max', 'bbox_h_min', 'bbox_w_max', 'bbox_area_max', 'r0_max', 'c0_min', 'r1_max', 'c1_min', 'rank0', 'mode_low', 'mode_high']"
123,4,4,True,"{'color': 4, 'count': 24, 'rank': 0, 'bbox_h': 4, 'bbox_w': 10, 'bbox_area': 40, 'on_edge': 1, 'r0': 6, 'c0': 0, 'r1': 9, 'c1': 9}","[{'color': 4, 'count': 24, 'rank': 0, 'bbox_h': 4, 'bbox_w': 10, 'bbox_area': 40, 'on_edge': 1, 'r0': 6, 'c0': 0, 'r1': 9, 'c1': 9}, {'color': 7, 'count': 20, 'rank': 1, 'bbox_h': 6, 'bbox_w': 6, 'bbox_area': 36, 'on_edge': 1, 'r0': 0, 'c0': 3, 'r1': 5, 'c1': 8}]","['count_max', 'bbox_h_min', 'bbox_w_max', 'bbox_area_max', 'on_edge_max', 'on_edge_min', 'r0_max', 'c0_min', 'r1_max', 'c1_max', 'rank0', 'mode_low', 'mode_high']"
124,3,3,True,"{'color': 3, 'count': 26, 'rank': 0, 'bbox_h': 9, 'bbox_w': 6, 'bbox_area': 54, 'on_edge': 1, 'r0': 1, 'c0': 0, 'r1': 9, 'c1': 5}","[{'color': 3, 'count': 26, 'rank': 0, 'bbox_h': 9, 'bbox_w': 6, 'bbox_area': 54, 'on_edge': 1, 'r0': 1, 'c0': 0, 'r1': 9, 'c1': 5}, {'color': 5, 'count': 18, 'rank': 1, 'bbox_h': 8, 'bbox_w': 3, 'bbox_area': 24, 'on_edge': 1, 'r0': 1, 'c0': 7, 'r1': 8, 'c1': 9}]","['count_max', 'bbox_h_max', 'bbox_w_max', 'bbox_area_max', 'on_edge_max', 'on_edge_min', 'r0_max', 'r0_min', 'c0_min', 'r1_max', 'c1_min', 'rank0', 'mode_low', 'mode_high']"
125,1,1,True,"{'color': 1, 'count': 24, 'rank': 0, 'bbox_h': 10, 'bbox_w': 4, 'bbox_area': 40, 'on_edge': 1, 'r0': 0, 'c0': 0, 'r1': 9, 'c1': 3}","[{'color': 1, 'count': 24, 'rank': 0, 'bbox_h': 10, 'bbox_w': 4, 'bbox_area': 40, 'on_edge': 1, 'r0': 0, 'c0': 0, 'r1': 9, 'c1': 3}, {'color': 3, 'count': 20, 'rank': 1, 'bbox_h': 7, 'bbox_w': 5, 'bbox_area': 35, 'on_edge': 1, 'r0': 2, 'c0': 5, 'r1': 8, 'c1': 9}]","['count_max', 'bbox_h_max', 'bbox_w_min', 'bbox_area_max', 'on_edge_max', 'on_edge_min', 'r0_min', 'c0_min', 'r1_max', 'c1_min', 'rank0', 'mode_low', 'mode_high']"
126,1,1,True,"{'color': 1, 'count': 22, 'rank': 0, 'bbox_h': 8, 'bbox_w': 5, 'bbox_area': 40, 'on_edge': 1, 'r0': 0, 'c0': 5, 'r1': 7, 'c1': 9}","[{'color': 1, 'count': 22, 'rank': 0, 'bbox_h': 8, 'bbox_w': 5, 'bbox_area': 40, 'on_edge': 1, 'r0': 0, 'c0': 5, 'r1': 7, 'c1': 9}, {'color': 7, 'count': 22, 'rank': 1, 'bbox_h': 9, 'bbox_w': 4, 'bbox_area': 36, 'on_edge': 1, 'r0': 1, 'c0': 0, 'r1': 9, 'c1': 3}]","['count_max', 'count_min', 'bbox_h_min', 'bbox_w_max', 'bbox_area_max', 'on_edge_max', 'on_edge_min', 'r0_min', 'c0_max', 'r1_min', 'c1_max', 'rank0', 'mode_low']"
127,5,5,True,"{'color': 5, 'count': 22, 'rank': 0, 'bbox_h': 6, 'bbox_w': 7, 'bbox_area': 42, 'on_edge': 1, 'r0': 0, 'c0': 1, 'r1': 5, 'c1': 7}","[{'color': 5, 'count': 22, 'rank': 0, 'bbox_h': 6, 'bbox_w': 7, 'bbox_area': 42, 'on_edge': 1, 'r0': 0, 'c0': 1, 'r1': 5, 'c1': 7}, {'color': 3, 'count': 8, 'rank': 1, 'bbox_h': 3, 'bbox_w': 3, 'bbox_area': 9, 'on_edge': 1, 'r0': 7, 'c0': 5, 'r1': 9, 'c1': 7}]","['count_max', 'bbox_h_max', 'bbox_w_max', 'bbox_area_max', 'r0_min', 'c0_min', 'r1_min', 'rank0', 'mode_low', 'mode_high']"
128,1,1,True,"{'color': 1, 'count': 24, 'rank': 0, 'bbox_h': 7, 'bbox_w': 7, 'bbox_area': 49, 'on_edge': 1, 'r0': 1, 'c0': 0, 'r1': 7, 'c1': 6}","[{'color': 1, 'count': 24, 'rank': 0, 'bbox_h': 7, 'bbox_w': 7, 'bbox_area': 49, 'on_edge': 1, 'r0': 1, 'c0': 0, 'r1': 7, 'c1': 6}, {'color': 5, 'count': 12, 'rank': 1, 'bbox_h': 5, 'bbox_w': 3, 'bbox_area': 15, 'on_edge': 1, 'r0': 4, 'c0': 7, 'r1': 8, 'c1': 9}]","['count_max', 'bbox_h_max', 'bbox_w_max', 'bbox_area_max', 'on_edge_max', 'on_edge_min', 'r0_min', 'c0_min', 'r1_min', 'c1_min', 'rank0', 'mode_low', 'mode_high']"
129,7,7,True,"{'color': 7, 'count': 24, 'rank': 0, 'bbox_h': 8, 'bbox_w': 6, 'bbox_area': 48, 'on_edge': 1, 'r0': 1, 'c0': 0, 'r1': 8, 'c1': 5}","[{'color': 7, 'count': 24, 'rank': 0, 'bbox_h': 8, 'bbox_w': 6, 'bbox_area': 48, 'on_edge': 1, 'r0': 1, 'c0': 0, 'r1': 8, 'c1': 5}, {'color': 5, 'count': 10, 'rank': 1, 'bbox_h': 3, 'bbox_w': 4, 'bbox_area': 12, 'on_edge': 1, 'r0': 6, 'c0': 6, 'r1': 8, 'c1': 9}]","['count_max', 'bbox_h_max', 'bbox_w_max', 'bbox_area_max', 'r0_min', 'c0_min', 'c1_min', 'rank0', 'mode_low', 'mode_high']"
130,7,7,True,"{'color': 7, 'count': 30, 'rank': 0, 'bbox_h': 7, 'bbox_w': 10, 'bbox_area': 70, 'on_edge': 1, 'r0': 0, 'c0': 0, 'r1': 6, 'c1': 9}","[{'color': 7, 'count': 30, 'rank': 0, 'bbox_h': 7, 'bbox_w': 10, 'bbox_area': 70, 'on_edge': 1, 'r0': 0, 'c0': 0, 'r1': 6, 'c1': 9}, {'color': 3, 'count': 10, 'rank': 1, 'bbox_h': 3, 'bbox_w': 4, 'bbox_area': 12, 'on_edge': 1, 'r0': 7, 'c0': 4, 'r1': 9, 'c1': 7}]","['count_max', 'bbox_h_max', 'bbox_w_max', 'bbox_area_max', 'r0_min', 'c0_min', 'r1_min', 'c1_max', 'rank0', 'mode_low', 'mode_high']"
131,7,7,True,"{'color': 7, 'count': 22, 'rank': 0, 'bbox_h': 6, 'bbox_w': 7, 'bbox_area': 42, 'on_edge': 1, 'r0': 0, 'c0': 2, 'r1': 5, 'c1': 8}","[{'color': 7, 'count': 22, 'rank': 0, 'bbox_h': 6, 'bbox_w': 7, 'bbox_area': 42, 'on_edge': 1, 'r0': 0, 'c0': 2, 'r1': 5, 'c1': 8}, {'color': 8, 'count': 12, 'rank': 1, 'bbox_h': 3, 'bbox_w': 5, 'bbox_area': 15, 'on_edge': 1, 'r0': 7, 'c0': 4, 'r1': 9, 'c1': 8}]","['count_max', 'bbox_h_max', 'bbox_w_max', 'bbox_area_max', 'on_edge_max', 'on_edge_min', 'r0_min', 'c0_min', 'r1_min', 'c1_max', 'c1_min', 'rank0', 'mode_low', 'mode_high']"
132,3,3,True,"{'color': 3, 'count': 26, 'rank': 0, 'bbox_h': 5, 'bbox_w': 10, 'bbox_area': 50, 'on_edge': 1, 'r0': 5, 'c0': 0, 'r1': 9, 'c1': 9}","[{'color': 3, 'count': 26, 'rank': 0, 'bbox_h': 5, 'bbox_w': 10, 'bbox_area': 50, 'on_edge': 1, 'r0': 5, 'c0': 0, 'r1': 9, 'c1': 9}, {'color': 4, 'count': 20, 'rank': 1, 'bbox_h': 5, 'bbox_w': 7, 'bbox_area': 35, 'on_edge': 1, 'r0': 0, 'c0': 1, 'r1': 4, 'c1': 7}]","['count_max', 'bbox_h_max', 'bbox_h_min', 'bbox_w_max', 'bbox_area_max', 'on_edge_max', 'on_edge_min', 'r0_max', 'c0_min', 'r1_max', 'c1_max', 'rank0', 'mode_low', 'mode_high']"
133,9,9,True,"{'color': 9, 'count': 18, 'rank': 0, 'bbox_h': 5, 'bbox_w': 6, 'bbox_area': 30, 'on_edge': 1, 'r0': 3, 'c0': 0, 'r1': 7, 'c1': 5}","[{'color': 9, 'count': 18, 'rank': 0, 'bbox_h': 5, 'bbox_w': 6, 'bbox_area': 30, 'on_edge': 1, 'r0': 3, 'c0': 0, 'r1': 7, 'c1': 5}, {'color': 2, 'count': 10, 'rank': 1, 'bbox_h': 3, 'bbox_w': 4, 'bbox_area': 12, 'on_edge': 1, 'r0': 7, 'c0': 6, 'r1': 9, 'c1': 9}]","['count_max', 'bbox_h_max', 'bbox_w_max', 'bbox_area_max', 'r0_min', 'c0_min', 'r1_min', 'c1_min', 'rank0', 'mode_low', 'mode_high']"
134,4,4,True,"{'color': 4, 'count': 20, 'rank': 0, 'bbox_h': 9, 'bbox_w': 3, 'bbox_area': 27, 'on_edge': 1, 'r0': 1, 'c0': 0, 'r1': 9, 'c1': 2}","[{'color': 4, 'count': 20, 'rank': 0, 'bbox_h': 9, 'bbox_w': 3, 'bbox_area': 27, 'on_edge': 1, 'r0': 1, 'c0': 0, 'r1': 9, 'c1': 2}, {'color': 1, 'count': 16, 'rank': 1, 'bbox_h': 6, 'bbox_w': 4, 'bbox_area': 24, 'on_edge': 0, 'r0': 1, 'c0': 4, 'r1': 6, 'c1': 7}]","['count_max', 'bbox_h_max', 'bbox_w_min', 'bbox_area_max', 'on_edge_max', 'c0_min', 'r1_max', 'c1_min', 'rank0', 'mode_low', 'mode_high']"
135,1,1,True,"{'color': 1, 'count': 26, 'rank': 0, 'bbox_h': 9, 'bbox_w': 6, 'bbox_area': 54, 'on_edge': 1, 'r0': 0, 'c0': 0, 'r1': 8, 'c1': 5}","[{'color': 1, 'count': 26, 'rank': 0, 'bbox_h': 9, 'bbox_w': 6, 'bbox_area': 54, 'on_edge': 1, 'r0': 0, 'c0': 0, 'r1': 8, 'c1': 5}, {'color': 8, 'count': 10, 'rank': 1, 'bbox_h': 4, 'bbox_w': 3, 'bbox_area': 12, 'on_edge': 1, 'r0': 5, 'c0': 7, 'r1': 8, 'c1': 9}]","['count_max', 'bbox_h_max', 'bbox_w_max', 'bbox_area_max', 'on_edge_max', 'on_edge_min', 'r0_min', 'c0_min', 'r1_max', 'r1_min', 'c1_min', 'rank0', 'mode_low', 'mode_high']"
136,7,7,True,"{'color': 7, 'count': 20, 'rank': 0, 'bbox_h': 7, 'bbox_w': 5, 'bbox_area': 35, 'on_edge': 1, 'r0': 1, 'c0': 0, 'r1': 7, 'c1': 4}","[{'color': 7, 'count': 20, 'rank': 0, 'bbox_h': 7, 'bbox_w': 5, 'bbox_area': 35, 'on_edge': 1, 'r0': 1, 'c0': 0, 'r1': 7, 'c1': 4}, {'color': 4, 'count': 12, 'rank': 1, 'bbox_h': 4, 'bbox_w': 4, 'bbox_area': 16, 'on_edge': 1, 'r0': 6, 'c0': 6, 'r1': 9, 'c1': 9}]","['count_max', 'bbox_h_max', 'bbox_w_max', 'bbox_area_max', 'r0_min', 'c0_min', 'r1_min', 'c1_min', 'rank0', 'mode_low', 'mode_high']"
137,9,9,True,"{'color': 9, 'count': 24, 'rank': 0, 'bbox_h': 7, 'bbox_w': 7, 'bbox_area': 49, 'on_edge': 1, 'r0': 3, 'c0': 0, 'r1': 9, 'c1': 6}","[{'color': 9, 'count': 24, 'rank': 0, 'bbox_h': 7, 'bbox_w': 7, 'bbox_area': 49, 'on_edge': 1, 'r0': 3, 'c0': 0, 'r1': 9, 'c1': 6}, {'color': 7, 'count': 18, 'rank': 1, 'bbox_h': 8, 'bbox_w': 3, 'bbox_area': 24, 'on_edge': 1, 'r0': 0, 'c0': 7, 'r1': 7, 'c1': 9}]","['count_max', 'bbox_h_min', 'bbox_w_max', 'bbox_area_max', 'r0_max', 'c0_min', 'r1_max', 'c1_min', 'rank0', 'mode_low', 'mode_high']"
138,1,1,True,"{'color': 1, 'count': 20, 'rank': 0, 'bbox_h': 5, 'bbox_w': 7, 'bbox_area': 35, 'on_edge': 1, 'r0': 5, 'c0': 0, 'r1': 9, 'c1': 6}","[{'color': 1, 'count': 20, 'rank': 0, 'bbox_h': 5, 'bbox_w': 7, 'bbox_area': 35, 'on_edge': 1, 'r0': 5, 'c0': 0, 'r1': 9, 'c1': 6}, {'color': 8, 'count': 12, 'rank': 1, 'bbox_h': 5, 'bbox_w': 3, 'bbox_area': 15, 'on_edge': 1, 'r0': 0, 'c0': 2, 'r1': 4, 'c1': 4}]","['count_max', 'bbox_h_max', 'bbox_h_min', 'bbox_w_max', 'bbox_area_max', 'on_edge_max', 'on_edge_min', 'r0_max', 'c0_min', 'r1_max', 'c1_max', 'rank0', 'mode_low', 'mode_high']"
139,8,8,True,"{'color': 8, 'count': 26, 'rank': 0, 'bbox_h': 5, 'bbox_w': 10, 'bbox_area': 50, 'on_edge': 1, 'r0': 5, 'c0': 0, 'r1': 9, 'c1': 9}","[{'color': 8, 'count': 26, 'rank': 0, 'bbox_h': 5, 'bbox_w': 10, 'bbox_area': 50, 'on_edge': 1, 'r0': 5, 'c0': 0, 'r1': 9, 'c1': 9}, {'color': 5, 'count': 24, 'rank': 1, 'bbox_h': 5, 'bbox_w': 9, 'bbox_area': 45, 'on_edge': 1, 'r0': 0, 'c0': 1, 'r1': 4, 'c1': 9}]","['count_max', 'bbox_w_max', 'bbox_area_max', 'r0_max', 'c0_min', 'r1_max', 'rank0', 'mode_low', 'mode_high']"
140,8,8,True,"{'color': 8, 'count': 24, 'rank': 0, 'bbox_h': 7, 'bbox_w': 7, 'bbox_area': 49, 'on_edge': 1, 'r0': 0, 'c0': 1, 'r1': 6, 'c1': 7}","[{'color': 8, 'count': 24, 'rank': 0, 'bbox_h': 7, 'bbox_w': 7, 'bbox_area': 49, 'on_edge': 1, 'r0': 0, 'c0': 1, 'r1': 6, 'c1': 7}, {'color': 5, 'count': 20, 'rank': 1, 'bbox_h': 3, 'bbox_w': 9, 'bbox_area': 27, 'on_edge': 1, 'r0': 7, 'c0': 1, 'r1': 9, 'c1': 9}]","['count_max', 'bbox_h_max', 'bbox_w_min', 'bbox_area_max', 'r0_min', 'r1_min', 'c1_min', 'rank0', 'mode_low', 'mode_high']"
141,6,6,True,"{'color': 6, 'count': 28, 'rank': 0, 'bbox_h': 7, 'bbox_w': 9, 'bbox_area': 63, 'on_edge': 1, 'r0': 0, 'c0': 0, 'r1': 6, 'c1': 8}","[{'color': 6, 'count': 28, 'rank': 0, 'bbox_h': 7, 'bbox_w': 9, 'bbox_area': 63, 'on_edge': 1, 'r0': 0, 'c0': 0, 'r1': 6, 'c1': 8}, {'color': 3, 'count': 16, 'rank': 1, 'bbox_h': 3, 'bbox_w': 7, 'bbox_area': 21, 'on_edge': 1, 'r0': 7, 'c0': 3, 'r1': 9, 'c1': 9}]","['count_max', 'bbox_h_max', 'bbox_w_max', 'bbox_area_max', 'r0_min', 'c0_min', 'r1_min', 'c1_min', 'rank0', 'mode_low', 'mode_high']"
142,7,7,True,"{'color': 7, 'count': 24, 'rank': 0, 'bbox_h': 7, 'bbox_w': 7, 'bbox_area': 49, 'on_edge': 1, 'r0': 1, 'c0': 0, 'r1': 7, 'c1': 6}","[{'color': 7, 'count': 24, 'rank': 0, 'bbox_h': 7, 'bbox_w': 7, 'bbox_area': 49, 'on_edge': 1, 'r0': 1, 'c0': 0, 'r1': 7, 'c1': 6}, {'color': 6, 'count': 20, 'rank': 1, 'bbox_h': 9, 'bbox_w': 3, 'bbox_area': 27, 'on_edge': 1, 'r0': 0, 'c0': 7, 'r1': 8, 'c1': 9}]","['count_max', 'bbox_h_min', 'bbox_w_max', 'bbox_area_max', 'r0_max', 'c0_min', 'r1_min', 'c1_min', 'rank0', 'mode_low', 'mode_high']"
143,9,9,True,"{'color': 9, 'count': 18, 'rank': 0, 'bbox_h': 5, 'bbox_w': 6, 'bbox_area': 30, 'on_edge': 1, 'r0': 5, 'c0': 0, 'r1': 9, 'c1': 5}","[{'color': 9, 'count': 18, 'rank': 0, 'bbox_h': 5, 'bbox_w': 6, 'bbox_area': 30, 'on_edge': 1, 'r0': 5, 'c0': 0, 'r1': 9, 'c1': 5}, {'color': 4, 'count': 16, 'rank': 1, 'bbox_h': 5, 'bbox_w': 5, 'bbox_area': 25, 'on_edge': 1, 'r0': 0, 'c0': 5, 'r1': 4, 'c1': 9}]","['count_max', 'bbox_w_max', 'bbox_area_max', 'r0_max', 'c0_min', 'r1_max', 'c1_min', 'rank0', 'mode_low', 'mode_high']"
144,1,1,True,"{'color': 1, 'count': 18, 'rank': 0, 'bbox_h': 6, 'bbox_w': 5, 'bbox_area': 30, 'on_edge': 1, 'r0': 0, 'c0': 4, 'r1': 5, 'c1': 8}","[{'color': 1, 'count': 18, 'rank': 0, 'bbox_h': 6, 'bbox_w': 5, 'bbox_area': 30, 'on_edge': 1, 'r0': 0, 'c0': 4, 'r1': 5, 'c1': 8}, {'color': 9, 'count': 18, 'rank': 1, 'bbox_h': 4, 'bbox_w': 7, 'bbox_area': 28, 'on_edge': 1, 'r0': 6, 'c0': 1, 'r1': 9, 'c1': 7}]","['count_max', 'count_min', 'bbox_h_max', 'bbox_w_min', 'bbox_area_max', 'on_edge_max', 'on_edge_min', 'r0_min', 'c0_max', 'r1_min', 'c1_max', 'rank0', 'mode_low']"
145,3,3,True,"{'color': 3, 'count': 18, 'rank': 0, 'bbox_h': 3, 'bbox_w': 8, 'bbox_area': 24, 'on_edge': 0, 'r0': 5, 'c0': 1, 'r1': 7, 'c1': 8}","[{'color': 3, 'count': 18, 'rank': 0, 'bbox_h': 3, 'bbox_w': 8, 'bbox_area': 24, 'on_edge': 0, 'r0': 5, 'c0': 1, 'r1': 7, 'c1': 8}, {'color': 4, 'count': 14, 'rank': 1, 'bbox_h': 4, 'bbox_w': 5, 'bbox_area': 20, 'on_edge': 1, 'r0': 0, 'c0': 3, 'r1': 3, 'c1': 7}]","['count_max', 'bbox_h_min', 'bbox_w_max', 'bbox_area_max', 'on_edge_min', 'r0_max', 'c0_min', 'r1_max', 'c1_max', 'rank0', 'mode_low', 'mode_high']"
146,9,9,True,"{'color': 9, 'count': 28, 'rank': 0, 'bbox_h': 9, 'bbox_w': 7, 'bbox_area': 63, 'on_edge': 1, 'r0': 0, 'c0': 0, 'r1': 8, 'c1': 6}","[{'color': 9, 'count': 28, 'rank': 0, 'bbox_h': 9, 'bbox_w': 7, 'bbox_area': 63, 'on_edge': 1, 'r0': 0, 'c0': 0, 'r1': 8, 'c1': 6}, {'color': 3, 'count': 8, 'rank': 1, 'bbox_h': 3, 'bbox_w': 3, 'bbox_area': 9, 'on_edge': 1, 'r0': 7, 'c0': 7, 'r1': 9, 'c1': 9}]","['count_max', 'bbox_h_max', 'bbox_w_max', 'bbox_area_max', 'r0_min', 'c0_min', 'r1_min', 'c1_min', 'rank0', 'mode_low', 'mode_high']"
147,3,3,True,"{'color': 3, 'count': 24, 'rank': 0, 'bbox_h': 7, 'bbox_w': 7, 'bbox_area': 49, 'on_edge': 1, 'r0': 2, 'c0': 3, 'r1': 8, 'c1': 9}","[{'color': 3, 'count': 24, 'rank': 0, 'bbox_h': 7, 'bbox_w': 7, 'bbox_area': 49, 'on_edge': 1, 'r0': 2, 'c0': 3, 'r1': 8, 'c1': 9}, {'color': 6, 'count': 10, 'rank': 1, 'bbox_h': 4, 'bbox_w': 3, 'bbox_area': 12, 'on_edge': 1, 'r0': 0, 'c0': 0, 'r1': 3, 'c1': 2}]","['count_max', 'bbox_h_max', 'bbox_w_max', 'bbox_area_max', 'on_edge_max', 'on_edge_min', 'r0_max', 'c0_max', 'r1_max', 'c1_max', 'rank0', 'mode_low', 'mode_high']"
148,2,2,True,"{'color': 2, 'count': 22, 'rank': 0, 'bbox_h': 3, 'bbox_w': 10, 'bbox_area': 30, 'on_edge': 1, 'r0': 5, 'c0': 0, 'r1': 7, 'c1': 9}","[{'color': 2, 'count': 22, 'rank': 0, 'bbox_h': 3, 'bbox_w': 10, 'bbox_area': 30, 'on_edge': 1, 'r0': 5, 'c0': 0, 'r1': 7, 'c1': 9}, {'color': 6, 'count': 18, 'rank': 1, 'bbox_h': 4, 'bbox_w': 7, 'bbox_area': 28, 'on_edge': 1, 'r0': 0, 'c0': 3, 'r1': 3, 'c1': 9}]","['count_max', 'bbox_h_min', 'bbox_w_max', 'bbox_area_max', 'on_edge_max', 'on_edge_min', 'r0_max', 'c0_min', 'r1_max', 'c1_max', 'c1_min', 'rank0', 'mode_low', 'mode_high']"
149,1,1,True,"{'color': 1, 'count': 24, 'rank': 0, 'bbox_h': 10, 'bbox_w': 4, 'bbox_area': 40, 'on_edge': 1, 'r0': 0, 'c0': 6, 'r1': 9, 'c1': 9}","[{'color': 1, 'count': 24, 'rank': 0, 'bbox_h': 10, 'bbox_w': 4, 'bbox_area': 40, 'on_edge': 1, 'r0': 0, 'c0': 6, 'r1': 9, 'c1': 9}, {'color': 5, 'count': 16, 'rank': 1, 'bbox_h': 4, 'bbox_w': 6, 'bbox_area': 24, 'on_edge': 1, 'r0': 6, 'c0': 0, 'r1': 9, 'c1': 5}]","['count_max', 'bbox_h_max', 'bbox_w_min', 'bbox_area_max', 'on_edge_max', 'on_edge_min', 'r0_min', 'c0_max', 'r1_max', 'r1_min', 'c1_max', 'rank0', 'mode_low', 'mode_high']"
150,3,2,False,"{'color': 3, 'count': 22, 'rank': 1, 'bbox_h': 6, 'bbox_w': 7, 'bbox_area': 42, 'on_edge': 1, 'r0': 4, 'c0': 0, 'r1': 9, 'c1': 6}","[{'color': 2, 'count': 22, 'rank': 0, 'bbox_h': 4, 'bbox_w': 9, 'bbox_area': 36, 'on_edge': 1, 'r0': 0, 'c0': 0, 'r1': 3, 'c1': 8}, {'color': 3, 'count': 22, 'rank': 1, 'bbox_h': 6, 'bbox_w': 7, 'bbox_area': 42, 'on_edge': 1, 'r0': 4, 'c0': 0, 'r1': 9, 'c1': 6}]","['bbox_h_max', 'bbox_w_min', 'bbox_area_max', 'r0_max', 'r1_max', 'c1_min', 'rank1', 'mode_high']"
151,1,1,True,"{'color': 1, 'count': 24, 'rank': 0, 'bbox_h': 7, 'bbox_w': 7, 'bbox_area': 49, 'on_edge': 1, 'r0': 3, 'c0': 0, 'r1': 9, 'c1': 6}","[{'color': 1, 'count': 24, 'rank': 0, 'bbox_h': 7, 'bbox_w': 7, 'bbox_area': 49, 'on_edge': 1, 'r0': 3, 'c0': 0, 'r1': 9, 'c1': 6}, {'color': 5, 'count': 8, 'rank': 1, 'bbox_h': 3, 'bbox_w': 3, 'bbox_area': 9, 'on_edge': 1, 'r0': 6, 'c0': 7, 'r1': 8, 'c1': 9}]","['count_max', 'bbox_h_max', 'bbox_w_max', 'bbox_area_max', 'on_edge_max', 'on_edge_min', 'r0_min', 'c0_min', 'r1_max', 'c1_min', 'rank0', 'mode_low', 'mode_high']"
152,9,9,True,"{'color': 9, 'count': 28, 'rank': 0, 'bbox_h': 6, 'bbox_w': 10, 'bbox_area': 60, 'on_edge': 1, 'r0': 4, 'c0': 0, 'r1': 9, 'c1': 9}","[{'color': 9, 'count': 28, 'rank': 0, 'bbox_h': 6, 'bbox_w': 10, 'bbox_area': 60, 'on_edge': 1, 'r0': 4, 'c0': 0, 'r1': 9, 'c1': 9}, {'color': 2, 'count': 24, 'rank': 1, 'bbox_h': 4, 'bbox_w': 10, 'bbox_area': 40, 'on_edge': 1, 'r0': 0, 'c0': 0, 'r1': 3, 'c1': 9}]","['count_max', 'bbox_h_max', 'bbox_area_max', 'r0_max', 'r1_max', 'rank0', 'mode_low', 'mode_high']"
153,2,2,True,"{'color': 2, 'count': 22, 'rank': 0, 'bbox_h': 3, 'bbox_w': 10, 'bbox_area': 30, 'on_edge': 1, 'r0': 4, 'c0': 0, 'r1': 6, 'c1': 9}","[{'color': 2, 'count': 22, 'rank': 0, 'bbox_h': 3, 'bbox_w': 10, 'bbox_area': 30, 'on_edge': 1, 'r0': 4, 'c0': 0, 'r1': 6, 'c1': 9}, {'color': 5, 'count': 14, 'rank': 1, 'bbox_h': 3, 'bbox_w': 6, 'bbox_area': 18, 'on_edge': 1, 'r0': 0, 'c0': 2, 'r1': 2, 'c1': 7}]","['count_max', 'bbox_h_max', 'bbox_h_min', 'bbox_w_max', 'bbox_area_max', 'on_edge_max', 'on_edge_min', 'r0_max', 'c0_min', 'r1_max', 'c1_max', 'rank0', 'mode_low', 'mode_high']"
154,4,4,True,"{'color': 4, 'count': 24, 'rank': 0, 'bbox_h': 5, 'bbox_w': 9, 'bbox_area': 45, 'on_edge': 1, 'r0': 0, 'c0': 0, 'r1': 4, 'c1': 8}","[{'color': 4, 'count': 24, 'rank': 0, 'bbox_h': 5, 'bbox_w': 9, 'bbox_area': 45, 'on_edge': 1, 'r0': 0, 'c0': 0, 'r1': 4, 'c1': 8}, {'color': 6, 'count': 16, 'rank': 1, 'bbox_h': 3, 'bbox_w': 7, 'bbox_area': 21, 'on_edge': 1, 'r0': 6, 'c0': 0, 'r1': 8, 'c1': 6}]","['count_max', 'bbox_h_max', 'bbox_w_max', 'bbox_area_max', 'on_edge_max', 'on_edge_min', 'r0_min', 'c0_max', 'c0_min', 'r1_min', 'c1_max', 'rank0', 'mode_low', 'mode_high']"
155,6,6,True,"{'color': 6, 'count': 18, 'rank': 0, 'bbox_h': 8, 'bbox_w': 3, 'bbox_area': 24, 'on_edge': 1, 'r0': 2, 'c0': 5, 'r1': 9, 'c1': 7}","[{'color': 6, 'count': 18, 'rank': 0, 'bbox_h': 8, 'bbox_w': 3, 'bbox_area': 24, 'on_edge': 1, 'r0': 2, 'c0': 5, 'r1': 9, 'c1': 7}, {'color': 8, 'count': 12, 'rank': 1, 'bbox_h': 4, 'bbox_w': 4, 'bbox_area': 16, 'on_edge': 1, 'r0': 5, 'c0': 0, 'r1': 8, 'c1': 3}]","['count_max', 'bbox_h_max', 'bbox_w_min', 'bbox_area_max', 'on_edge_max', 'on_edge_min', 'r0_min', 'c0_max', 'r1_max', 'c1_max', 'rank0', 'mode_low', 'mode_high']"
156,3,7,False,"{'color': 3, 'count': 18, 'rank': 1, 'bbox_h': 6, 'bbox_w': 5, 'bbox_area': 30, 'on_edge': 0, 'r0': 1, 'c0': 4, 'r1': 6, 'c1': 8}","[{'color': 7, 'count': 20, 'rank': 0, 'bbox_h': 9, 'bbox_w': 3, 'bbox_area': 27, 'on_edge': 1, 'r0': 0, 'c0': 0, 'r1': 8, 'c1': 2}, {'color': 3, 'count': 18, 'rank': 1, 'bbox_h': 6, 'bbox_w': 5, 'bbox_area': 30, 'on_edge': 0, 'r0': 1, 'c0': 4, 'r1': 6, 'c1': 8}]","['count_min', 'bbox_h_min', 'bbox_w_max', 'bbox_area_max', 'on_edge_min', 'r0_max', 'c0_max', 'r1_min', 'c1_max', 'rank1']"
157,9,9,True,"{'color': 9, 'count': 26, 'rank': 0, 'bbox_h': 9, 'bbox_w': 6, 'bbox_area': 54, 'on_edge': 1, 'r0': 1, 'c0': 4, 'r1': 9, 'c1': 9}","[{'color': 9, 'count': 26, 'rank': 0, 'bbox_h': 9, 'bbox_w': 6, 'bbox_area': 54, 'on_edge': 1, 'r0': 1, 'c0': 4, 'r1': 9, 'c1': 9}, {'color': 5, 'count': 22, 'rank': 1, 'bbox_h': 10, 'bbox_w': 3, 'bbox_area': 30, 'on_edge': 1, 'r0': 0, 'c0': 0, 'r1': 9, 'c1': 2}]","['count_max', 'bbox_h_min', 'bbox_w_max', 'bbox_area_max', 'r0_max', 'c0_max', 'c1_max', 'rank0', 'mode_low', 'mode_high']"
158,2,2,True,"{'color': 2, 'count': 22, 'rank': 0, 'bbox_h': 8, 'bbox_w': 5, 'bbox_area': 40, 'on_edge': 1, 'r0': 2, 'c0': 0, 'r1': 9, 'c1': 4}","[{'color': 2, 'count': 22, 'rank': 0, 'bbox_h': 8, 'bbox_w': 5, 'bbox_area': 40, 'on_edge': 1, 'r0': 2, 'c0': 0, 'r1': 9, 'c1': 4}, {'color': 9, 'count': 18, 'rank': 1, 'bbox_h': 7, 'bbox_w': 4, 'bbox_area': 28, 'on_edge': 1, 'r0': 1, 'c0': 6, 'r1': 7, 'c1': 9}]","['count_max', 'bbox_h_max', 'bbox_w_max', 'bbox_area_max', 'on_edge_max', 'on_edge_min', 'r0_max', 'c0_min', 'r1_max', 'c1_min', 'rank0', 'mode_low', 'mode_high']"
159,2,1,False,"{'color': 2, 'count': 22, 'rank': 1, 'bbox_h': 4, 'bbox_w': 9, 'bbox_area': 36, 'on_edge': 1, 'r0': 0, 'c0': 1, 'r1': 3, 'c1': 9}","[{'color': 1, 'count': 22, 'rank': 0, 'bbox_h': 3, 'bbox_w': 10, 'bbox_area': 30, 'on_edge': 1, 'r0': 5, 'c0': 0, 'r1': 7, 'c1': 9}, {'color': 2, 'count': 22, 'rank': 1, 'bbox_h': 4, 'bbox_w': 9, 'bbox_area': 36, 'on_edge': 1, 'r0': 0, 'c0': 1, 'r1': 3, 'c1': 9}]","['bbox_h_max', 'bbox_w_min', 'bbox_area_max', 'r0_min', 'c0_max', 'r1_min', 'rank1', 'mode_high']"
160,1,1,True,"{'color': 1, 'count': 16, 'rank': 0, 'bbox_h': 4, 'bbox_w': 6, 'bbox_area': 24, 'on_edge': 1, 'r0': 1, 'c0': 4, 'r1': 4, 'c1': 9}","[{'color': 1, 'count': 16, 'rank': 0, 'bbox_h': 4, 'bbox_w': 6, 'bbox_area': 24, 'on_edge': 1, 'r0': 1, 'c0': 4, 'r1': 4, 'c1': 9}, {'color': 8, 'count': 10, 'rank': 1, 'bbox_h': 3, 'bbox_w': 4, 'bbox_area': 12, 'on_edge': 1, 'r0': 5, 'c0': 0, 'r1': 7, 'c1': 3}]","['count_max', 'bbox_h_max', 'bbox_w_max', 'bbox_area_max', 'on_edge_max', 'on_edge_min', 'r0_min', 'c0_max', 'r1_min', 'c1_max', 'rank0', 'mode_low', 'mode_high']"
161,7,7,True,"{'color': 7, 'count': 26, 'rank': 0, 'bbox_h': 5, 'bbox_w': 10, 'bbox_area': 50, 'on_edge': 1, 'r0': 5, 'c0': 0, 'r1': 9, 'c1': 9}","[{'color': 7, 'count': 26, 'rank': 0, 'bbox_h': 5, 'bbox_w': 10, 'bbox_area': 50, 'on_edge': 1, 'r0': 5, 'c0': 0, 'r1': 9, 'c1': 9}, {'color': 5, 'count': 22, 'rank': 1, 'bbox_h': 5, 'bbox_w': 8, 'bbox_area': 40, 'on_edge': 1, 'r0': 0, 'c0': 1, 'r1': 4, 'c1': 8}]","['count_max', 'bbox_w_max', 'bbox_area_max', 'r0_max', 'c0_min', 'r1_max', 'c1_max', 'rank0', 'mode_low', 'mode_high']"
162,5,5,True,"{'color': 5, 'count': 18, 'rank': 0, 'bbox_h': 7, 'bbox_w': 4, 'bbox_area': 28, 'on_edge': 1, 'r0': 0, 'c0': 5, 'r1': 6, 'c1': 8}","[{'color': 5, 'count': 18, 'rank': 0, 'bbox_h': 7, 'bbox_w': 4, 'bbox_area': 28, 'on_edge': 1, 'r0': 0, 'c0': 5, 'r1': 6, 'c1': 8}, {'color': 1, 'count': 14, 'rank': 1, 'bbox_h': 3, 'bbox_w': 6, 'bbox_area': 18, 'on_edge': 1, 'r0': 7, 'c0': 0, 'r1': 9, 'c1': 5}]","['count_max', 'bbox_h_max', 'bbox_w_min', 'bbox_area_max', 'r0_min', 'c0_max', 'r1_min', 'c1_max', 'rank0', 'mode_low', 'mode_high']"
163,4,4,True,"{'color': 4, 'count': 24, 'rank': 0, 'bbox_h': 10, 'bbox_w': 4, 'bbox_area': 40, 'on_edge': 1, 'r0': 0, 'c0': 4, 'r1': 9, 'c1': 7}","[{'color': 4, 'count': 24, 'rank': 0, 'bbox_h': 10, 'bbox_w': 4, 'bbox_area': 40, 'on_edge': 1, 'r0': 0, 'c0': 4, 'r1': 9, 'c1': 7}, {'color': 5, 'count': 10, 'rank': 1, 'bbox_h': 4, 'bbox_w': 3, 'bbox_area': 12, 'on_edge': 1, 'r0': 0, 'c0': 0, 'r1': 3, 'c1': 2}]","['count_max', 'bbox_h_max', 'bbox_w_max', 'bbox_area_max', 'on_edge_max', 'on_edge_min', 'r0_max', 'r0_min', 'c0_max', 'r1_max', 'c1_max', 'rank0', 'mode_low', 'mode_high']"
164,9,5,False,"{'color': 9, 'count': 20, 'rank': 1, 'bbox_h': 6, 'bbox_w': 6, 'bbox_area': 36, 'on_edge': 1, 'r0': 0, 'c0': 4, 'r1': 5, 'c1': 9}","[{'color': 5, 'count': 22, 'rank': 0, 'bbox_h': 3, 'bbox_w': 10, 'bbox_area': 30, 'on_edge': 1, 'r0': 7, 'c0': 0, 'r1': 9, 'c1': 9}, {'color': 9, 'count': 20, 'rank': 1, 'bbox_h': 6, 'bbox_w': 6, 'bbox_area': 36, 'on_edge': 1, 'r0': 0, 'c0': 4, 'r1': 5, 'c1': 9}]","['count_min', 'bbox_h_max', 'bbox_w_min', 'bbox_area_max', 'r0_min', 'c0_max', 'r1_min', 'rank1']"
165,8,8,True,"{'color': 8, 'count': 24, 'rank': 0, 'bbox_h': 9, 'bbox_w': 5, 'bbox_area': 45, 'on_edge': 1, 'r0': 0, 'c0': 4, 'r1': 8, 'c1': 8}","[{'color': 8, 'count': 24, 'rank': 0, 'bbox_h': 9, 'bbox_w': 5, 'bbox_area': 45, 'on_edge': 1, 'r0': 0, 'c0': 4, 'r1': 8, 'c1': 8}, {'color': 1, 'count': 14, 'rank': 1, 'bbox_h': 6, 'bbox_w': 3, 'bbox_area': 18, 'on_edge': 1, 'r0': 2, 'c0': 0, 'r1': 7, 'c1': 2}]","['count_max', 'bbox_h_max', 'bbox_w_max', 'bbox_area_max', 'r0_min', 'c0_max', 'r1_max', 'c1_max', 'rank0', 'mode_low', 'mode_high']"
166,5,5,True,"{'color': 5, 'count': 16, 'rank': 0, 'bbox_h': 5, 'bbox_w': 5, 'bbox_area': 25, 'on_edge': 0, 'r0': 4, 'c0': 2, 'r1': 8, 'c1': 6}","[{'color': 5, 'count': 16, 'rank': 0, 'bbox_h': 5, 'bbox_w': 5, 'bbox_area': 25, 'on_edge': 0, 'r0': 4, 'c0': 2, 'r1': 8, 'c1': 6}, {'color': 3, 'count': 10, 'rank': 1, 'bbox_h': 3, 'bbox_w': 4, 'bbox_area': 12, 'on_edge': 1, 'r0': 0, 'c0': 6, 'r1': 2, 'c1': 9}]","['count_max', 'bbox_h_max', 'bbox_w_max', 'bbox_area_max', 'on_edge_min', 'r0_max', 'c0_min', 'r1_max', 'c1_min', 'rank0', 'mode_low', 'mode_high']"
167,8,8,True,"{'color': 8, 'count': 22, 'rank': 0, 'bbox_h': 5, 'bbox_w': 8, 'bbox_area': 40, 'on_edge': 1, 'r0': 0, 'c0': 0, 'r1': 4, 'c1': 7}","[{'color': 8, 'count': 22, 'rank': 0, 'bbox_h': 5, 'bbox_w': 8, 'bbox_area': 40, 'on_edge': 1, 'r0': 0, 'c0': 0, 'r1': 4, 'c1': 7}, {'color': 7, 'count': 18, 'rank': 1, 'bbox_h': 5, 'bbox_w': 6, 'bbox_area': 30, 'on_edge': 1, 'r0': 5, 'c0': 4, 'r1': 9, 'c1': 9}]","['count_max', 'bbox_w_max', 'bbox_area_max', 'r0_min', 'c0_min', 'r1_min', 'c1_min', 'rank0', 'mode_low', 'mode_high']"
168,7,7,True,"{'color': 7, 'count': 22, 'rank': 0, 'bbox_h': 6, 'bbox_w': 7, 'bbox_area': 42, 'on_edge': 1, 'r0': 4, 'c0': 3, 'r1': 9, 'c1': 9}","[{'color': 7, 'count': 22, 'rank': 0, 'bbox_h': 6, 'bbox_w': 7, 'bbox_area': 42, 'on_edge': 1, 'r0': 4, 'c0': 3, 'r1': 9, 'c1': 9}, {'color': 9, 'count': 14, 'rank': 1, 'bbox_h': 3, 'bbox_w': 6, 'bbox_area': 18, 'on_edge': 1, 'r0': 0, 'c0': 2, 'r1': 2, 'c1': 7}]","['count_max', 'bbox_h_max', 'bbox_w_max', 'bbox_area_max', 'on_edge_max', 'on_edge_min', 'r0_max', 'c0_max', 'r1_max', 'c1_max', 'rank0', 'mode_low', 'mode_high']"
169,7,7,True,"{'color': 7, 'count': 16, 'rank': 0, 'bbox_h': 3, 'bbox_w': 7, 'bbox_area': 21, 'on_edge': 1, 'r0': 0, 'c0': 0, 'r1': 2, 'c1': 6}","[{'color': 7, 'count': 16, 'rank': 0, 'bbox_h': 3, 'bbox_w': 7, 'bbox_area': 21, 'on_edge': 1, 'r0': 0, 'c0': 0, 'r1': 2, 'c1': 6}, {'color': 9, 'count': 14, 'rank': 1, 'bbox_h': 6, 'bbox_w': 3, 'bbox_area': 18, 'on_edge': 1, 'r0': 3, 'c0': 7, 'r1': 8, 'c1': 9}]","['count_max', 'bbox_h_min', 'bbox_w_max', 'bbox_area_max', 'on_edge_max', 'on_edge_min', 'r0_min', 'c0_min', 'r1_min', 'c1_min', 'rank0', 'mode_low', 'mode_high']"
170,8,8,True,"{'color': 8, 'count': 22, 'rank': 0, 'bbox_h': 8, 'bbox_w': 5, 'bbox_area': 40, 'on_edge': 1, 'r0': 0, 'c0': 5, 'r1': 7, 'c1': 9}","[{'color': 8, 'count': 22, 'rank': 0, 'bbox_h': 8, 'bbox_w': 5, 'bbox_area': 40, 'on_edge': 1, 'r0': 0, 'c0': 5, 'r1': 7, 'c1': 9}, {'color': 5, 'count': 16, 'rank': 1, 'bbox_h': 6, 'bbox_w': 4, 'bbox_area': 24, 'on_edge': 1, 'r0': 0, 'c0': 0, 'r1': 5, 'c1': 3}]","['count_max', 'bbox_h_max', 'bbox_w_max', 'bbox_area_max', 'c0_max', 'r1_max', 'c1_max', 'rank0', 'mode_low', 'mode_high']"
171,5,5,True,"{'color': 5, 'count': 22, 'rank': 0, 'bbox_h': 3, 'bbox_w': 10, 'bbox_area': 30, 'on_edge': 1, 'r0': 6, 'c0': 0, 'r1': 8, 'c1': 9}","[{'color': 5, 'count': 22, 'rank': 0, 'bbox_h': 3, 'bbox_w': 10, 'bbox_area': 30, 'on_edge': 1, 'r0': 6, 'c0': 0, 'r1': 8, 'c1': 9}, {'color': 8, 'count': 12, 'rank': 1, 'bbox_h': 5, 'bbox_w': 3, 'bbox_area': 15, 'on_edge': 1, 'r0': 0, 'c0': 4, 'r1': 4, 'c1': 6}]","['count_max', 'bbox_h_min', 'bbox_w_max', 'bbox_area_max', 'on_edge_max', 'on_edge_min', 'r0_max', 'c0_min', 'r1_max', 'c1_max', 'rank0', 'mode_low', 'mode_high']"
172,2,2,True,"{'color': 2, 'count': 28, 'rank': 0, 'bbox_h': 7, 'bbox_w': 9, 'bbox_area': 63, 'on_edge': 1, 'r0': 0, 'c0': 0, 'r1': 6, 'c1': 8}","[{'color': 2, 'count': 28, 'rank': 0, 'bbox_h': 7, 'bbox_w': 9, 'bbox_area': 63, 'on_edge': 1, 'r0': 0, 'c0': 0, 'r1': 6, 'c1': 8}, {'color': 6, 'count': 16, 'rank': 1, 'bbox_h': 3, 'bbox_w': 7, 'bbox_area': 21, 'on_edge': 1, 'r0': 7, 'c0': 0, 'r1': 9, 'c1': 6}]","['count_max', 'bbox_h_max', 'bbox_w_max', 'bbox_area_max', 'on_edge_max', 'on_edge_min', 'r0_min', 'c0_max', 'c0_min', 'r1_min', 'c1_max', 'rank0', 'mode_low', 'mode_high']"
173,4,4,True,"{'color': 4, 'count': 22, 'rank': 0, 'bbox_h': 6, 'bbox_w': 7, 'bbox_area': 42, 'on_edge': 1, 'r0': 0, 'c0': 1, 'r1': 5, 'c1': 7}","[{'color': 4, 'count': 22, 'rank': 0, 'bbox_h': 6, 'bbox_w': 7, 'bbox_area': 42, 'on_edge': 1, 'r0': 0, 'c0': 1, 'r1': 5, 'c1': 7}, {'color': 1, 'count': 8, 'rank': 1, 'bbox_h': 3, 'bbox_w': 3, 'bbox_area': 9, 'on_edge': 1, 'r0': 7, 'c0': 5, 'r1': 9, 'c1': 7}]","['count_max', 'bbox_h_max', 'bbox_w_max', 'bbox_area_max', 'r0_min', 'c0_min', 'r1_min', 'rank0', 'mode_low', 'mode_high']"
174,8,8,True,"{'color': 8, 'count': 22, 'rank': 0, 'bbox_h': 9, 'bbox_w': 4, 'bbox_area': 36, 'on_edge': 1, 'r0': 1, 'c0': 0, 'r1': 9, 'c1': 3}","[{'color': 8, 'count': 22, 'rank': 0, 'bbox_h': 9, 'bbox_w': 4, 'bbox_area': 36, 'on_edge': 1, 'r0': 1, 'c0': 0, 'r1': 9, 'c1': 3}, {'color': 6, 'count': 12, 'rank': 1, 'bbox_h': 5, 'bbox_w': 3, 'bbox_area': 15, 'on_edge': 0, 'r0': 1, 'c0': 5, 'r1': 5, 'c1': 7}]","['count_max', 'bbox_h_max', 'bbox_w_max', 'bbox_area_max', 'on_edge_max', 'c0_min', 'r1_max', 'c1_min', 'rank0', 'mode_low', 'mode_high']"
175,4,4,True,"{'color': 4, 'count': 18, 'rank': 0, 'bbox_h': 8, 'bbox_w': 3, 'bbox_area': 24, 'on_edge': 1, 'r0': 0, 'c0': 0, 'r1': 7, 'c1': 2}","[{'color': 4, 'count': 18, 'rank': 0, 'bbox_h': 8, 'bbox_w': 3, 'bbox_area': 24, 'on_edge': 1, 'r0': 0, 'c0': 0, 'r1': 7, 'c1': 2}, {'color': 1, 'count': 16, 'rank': 1, 'bbox_h': 3, 'bbox_w': 7, 'bbox_area': 21, 'on_edge': 1, 'r0': 7, 'c0': 3, 'r1': 9, 'c1': 9}]","['count_max', 'bbox_h_max', 'bbox_w_min', 'bbox_area_max', 'r0_min', 'c0_min', 'r1_min', 'c1_min', 'rank0', 'mode_low', 'mode_high']"
176,9,9,True,"{'color': 9, 'count': 20, 'rank': 0, 'bbox_h': 7, 'bbox_w': 5, 'bbox_area': 35, 'on_edge': 1, 'r0': 0, 'c0': 5, 'r1': 6, 'c1': 9}","[{'color': 9, 'count': 20, 'rank': 0, 'bbox_h': 7, 'bbox_w': 5, 'bbox_area': 35, 'on_edge': 1, 'r0': 0, 'c0': 5, 'r1': 6, 'c1': 9}, {'color': 5, 'count': 18, 'rank': 1, 'bbox_h': 7, 'bbox_w': 4, 'bbox_area': 28, 'on_edge': 1, 'r0': 1, 'c0': 0, 'r1': 7, 'c1': 3}]","['count_max', 'bbox_w_max', 'bbox_area_max', 'r0_min', 'c0_max', 'r1_min', 'c1_max', 'rank0', 'mode_low', 'mode_high']"
177,6,6,True,"{'color': 6, 'count': 12, 'rank': 0, 'bbox_h': 3, 'bbox_w': 5, 'bbox_area': 15, 'on_edge': 1, 'r0': 4, 'c0': 0, 'r1': 6, 'c1': 4}","[{'color': 6, 'count': 12, 'rank': 0, 'bbox_h': 3, 'bbox_w': 5, 'bbox_area': 15, 'on_edge': 1, 'r0': 4, 'c0': 0, 'r1': 6, 'c1': 4}, {'color': 3, 'count': 8, 'rank': 1, 'bbox_h': 3, 'bbox_w': 3, 'bbox_area': 9, 'on_edge': 1, 'r0': 0, 'c0': 2, 'r1': 2, 'c1': 4}]","['count_max', 'bbox_w_max', 'bbox_area_max', 'r0_max', 'c0_min', 'r1_max', 'rank0', 'mode_low', 'mode_high']"
178,4,4,True,"{'color': 4, 'count': 18, 'rank': 0, 'bbox_h': 4, 'bbox_w': 7, 'bbox_area': 28, 'on_edge': 1, 'r0': 2, 'c0': 0, 'r1': 5, 'c1': 6}","[{'color': 4, 'count': 18, 'rank': 0, 'bbox_h': 4, 'bbox_w': 7, 'bbox_area': 28, 'on_edge': 1, 'r0': 2, 'c0': 0, 'r1': 5, 'c1': 6}, {'color': 9, 'count': 14, 'rank': 1, 'bbox_h': 6, 'bbox_w': 3, 'bbox_area': 18, 'on_edge': 1, 'r0': 0, 'c0': 7, 'r1': 5, 'c1': 9}]","['count_max', 'bbox_h_min', 'bbox_w_max', 'bbox_area_max', 'on_edge_max', 'on_edge_min', 'r0_max', 'c0_min', 'r1_max', 'r1_min', 'c1_min', 'rank0', 'mode_low', 'mode_high']"
179,2,2,True,"{'color': 2, 'count': 24, 'rank': 0, 'bbox_h': 9, 'bbox_w': 5, 'bbox_area': 45, 'on_edge': 1, 'r0': 0, 'c0': 0, 'r1': 8, 'c1': 4}","[{'color': 2, 'count': 24, 'rank': 0, 'bbox_h': 9, 'bbox_w': 5, 'bbox_area': 45, 'on_edge': 1, 'r0': 0, 'c0': 0, 'r1': 8, 'c1': 4}, {'color': 6, 'count': 22, 'rank': 1, 'bbox_h': 10, 'bbox_w': 3, 'bbox_area': 30, 'on_edge': 1, 'r0': 0, 'c0': 6, 'r1': 9, 'c1': 8}]","['count_max', 'bbox_h_min', 'bbox_w_max', 'bbox_area_max', 'on_edge_max', 'on_edge_min', 'r0_max', 'r0_min', 'c0_min', 'r1_min', 'c1_min', 'rank0', 'mode_low', 'mode_high']"
180,8,8,True,"{'color': 8, 'count': 18, 'rank': 0, 'bbox_h': 5, 'bbox_w': 6, 'bbox_area': 30, 'on_edge': 1, 'r0': 0, 'c0': 4, 'r1': 4, 'c1': 9}","[{'color': 8, 'count': 18, 'rank': 0, 'bbox_h': 5, 'bbox_w': 6, 'bbox_area': 30, 'on_edge': 1, 'r0': 0, 'c0': 4, 'r1': 4, 'c1': 9}, {'color': 2, 'count': 14, 'rank': 1, 'bbox_h': 5, 'bbox_w': 4, 'bbox_area': 20, 'on_edge': 1, 'r0': 3, 'c0': 0, 'r1': 7, 'c1': 3}]","['count_max', 'bbox_w_max', 'bbox_area_max', 'r0_min', 'c0_max', 'r1_min', 'c1_max', 'rank0', 'mode_low', 'mode_high']"
181,2,2,True,"{'color': 2, 'count': 18, 'rank': 0, 'bbox_h': 7, 'bbox_w': 4, 'bbox_area': 28, 'on_edge': 0, 'r0': 1, 'c0': 4, 'r1': 7, 'c1': 7}","[{'color': 2, 'count': 18, 'rank': 0, 'bbox_h': 7, 'bbox_w': 4, 'bbox_area': 28, 'on_edge': 0, 'r0': 1, 'c0': 4, 'r1': 7, 'c1': 7}, {'color': 3, 'count': 16, 'rank': 1, 'bbox_h': 7, 'bbox_w': 3, 'bbox_area': 21, 'on_edge': 1, 'r0': 3, 'c0': 0, 'r1': 9, 'c1': 2}]","['count_max', 'bbox_h_max', 'bbox_h_min', 'bbox_w_max', 'bbox_area_max', 'on_edge_min', 'r0_min', 'c0_max', 'r1_min', 'c1_max', 'rank0', 'mode_low', 'mode_high']"
182,2,2,True,"{'color': 2, 'count': 28, 'rank': 0, 'bbox_h': 7, 'bbox_w': 9, 'bbox_area': 63, 'on_edge': 1, 'r0': 0, 'c0': 0, 'r1': 6, 'c1': 8}","[{'color': 2, 'count': 28, 'rank': 0, 'bbox_h': 7, 'bbox_w': 9, 'bbox_area': 63, 'on_edge': 1, 'r0': 0, 'c0': 0, 'r1': 6, 'c1': 8}, {'color': 7, 'count': 8, 'rank': 1, 'bbox_h': 3, 'bbox_w': 3, 'bbox_area': 9, 'on_edge': 1, 'r0': 7, 'c0': 2, 'r1': 9, 'c1': 4}]","['count_max', 'bbox_h_max', 'bbox_w_max', 'bbox_area_max', 'on_edge_max', 'on_edge_min', 'r0_min', 'c0_min', 'r1_min', 'c1_max', 'rank0', 'mode_low', 'mode_high']"
183,3,3,True,"{'color': 3, 'count': 16, 'rank': 0, 'bbox_h': 7, 'bbox_w': 3, 'bbox_area': 21, 'on_edge': 1, 'r0': 2, 'c0': 0, 'r1': 8, 'c1': 2}","[{'color': 3, 'count': 16, 'rank': 0, 'bbox_h': 7, 'bbox_w': 3, 'bbox_area': 21, 'on_edge': 1, 'r0': 2, 'c0': 0, 'r1': 8, 'c1': 2}, {'color': 7, 'count': 14, 'rank': 1, 'bbox_h': 6, 'bbox_w': 3, 'bbox_area': 18, 'on_edge': 1, 'r0': 0, 'c0': 4, 'r1': 5, 'c1': 6}]","['count_max', 'bbox_h_max', 'bbox_w_max', 'bbox_w_min', 'bbox_area_max', 'on_edge_max', 'on_edge_min', 'r0_max', 'c0_min', 'r1_max', 'c1_min', 'rank0', 'mode_low', 'mode_high']"
184,7,7,True,"{'color': 7, 'count': 26, 'rank': 0, 'bbox_h': 8, 'bbox_w': 7, 'bbox_area': 56, 'on_edge': 1, 'r0': 1, 'c0': 0, 'r1': 8, 'c1': 6}","[{'color': 7, 'count': 26, 'rank': 0, 'bbox_h': 8, 'bbox_w': 7, 'bbox_area': 56, 'on_edge': 1, 'r0': 1, 'c0': 0, 'r1': 8, 'c1': 6}, {'color': 2, 'count': 12, 'rank': 1, 'bbox_h': 5, 'bbox_w': 3, 'bbox_area': 15, 'on_edge': 1, 'r0': 1, 'c0': 7, 'r1': 5, 'c1': 9}]","['count_max', 'bbox_h_max', 'bbox_w_max', 'bbox_area_max', 'c0_min', 'r1_max', 'c1_min', 'rank0', 'mode_low', 'mode_high']"
185,5,5,True,"{'color': 5, 'count': 22, 'rank': 0, 'bbox_h': 4, 'bbox_w': 9, 'bbox_area': 36, 'on_edge': 1, 'r0': 6, 'c0': 1, 'r1': 9, 'c1': 9}","[{'color': 5, 'count': 22, 'rank': 0, 'bbox_h': 4, 'bbox_w': 9, 'bbox_area': 36, 'on_edge': 1, 'r0': 6, 'c0': 1, 'r1': 9, 'c1': 9}, {'color': 4, 'count': 18, 'rank': 1, 'bbox_h': 6, 'bbox_w': 5, 'bbox_area': 30, 'on_edge': 1, 'r0': 0, 'c0': 1, 'r1': 5, 'c1': 5}]","['count_max', 'bbox_h_min', 'bbox_w_max', 'bbox_area_max', 'r0_max', 'r1_max', 'c1_max', 'rank0', 'mode_low', 'mode_high']"
186,7,7,True,"{'color': 7, 'count': 22, 'rank': 0, 'bbox_h': 4, 'bbox_w': 9, 'bbox_area': 36, 'on_edge': 1, 'r0': 6, 'c0': 0, 'r1': 9, 'c1': 8}","[{'color': 7, 'count': 22, 'rank': 0, 'bbox_h': 4, 'bbox_w': 9, 'bbox_area': 36, 'on_edge': 1, 'r0': 6, 'c0': 0, 'r1': 9, 'c1': 8}, {'color': 1, 'count': 18, 'rank': 1, 'bbox_h': 5, 'bbox_w': 6, 'bbox_area': 30, 'on_edge': 1, 'r0': 0, 'c0': 1, 'r1': 4, 'c1': 6}]","['count_max', 'bbox_h_min', 'bbox_w_max', 'bbox_area_max', 'r0_max', 'c0_min', 'r1_max', 'c1_max', 'rank0', 'mode_low', 'mode_high']"
187,4,4,True,"{'color': 4, 'count': 16, 'rank': 0, 'bbox_h': 4, 'bbox_w': 6, 'bbox_area': 24, 'on_edge': 1, 'r0': 4, 'c0': 0, 'r1': 7, 'c1': 5}","[{'color': 4, 'count': 16, 'rank': 0, 'bbox_h': 4, 'bbox_w': 6, 'bbox_area': 24, 'on_edge': 1, 'r0': 4, 'c0': 0, 'r1': 7, 'c1': 5}, {'color': 3, 'count': 8, 'rank': 1, 'bbox_h': 3, 'bbox_w': 3, 'bbox_area': 9, 'on_edge': 1, 'r0': 0, 'c0': 7, 'r1': 2, 'c1': 9}]","['count_max', 'bbox_h_max', 'bbox_w_max', 'bbox_area_max', 'r0_max', 'c0_min', 'r1_max', 'c1_min', 'rank0', 'mode_low', 'mode_high']"
188,4,4,True,"{'color': 4, 'count': 20, 'rank': 0, 'bbox_h': 6, 'bbox_w': 6, 'bbox_area': 36, 'on_edge': 1, 'r0': 0, 'c0': 4, 'r1': 5, 'c1': 9}","[{'color': 4, 'count': 20, 'rank': 0, 'bbox_h': 6, 'bbox_w': 6, 'bbox_area': 36, 'on_edge': 1, 'r0': 0, 'c0': 4, 'r1': 5, 'c1': 9}, {'color': 6, 'count': 20, 'rank': 1, 'bbox_h': 9, 'bbox_w': 3, 'bbox_area': 27, 'on_edge': 1, 'r0': 0, 'c0': 0, 'r1': 8, 'c1': 2}]","['count_max', 'count_min', 'bbox_h_min', 'bbox_w_max', 'bbox_area_max', 'on_edge_max', 'on_edge_min', 'r0_max', 'r0_min', 'c0_max', 'r1_min', 'c1_max', 'rank0', 'mode_low']"
189,3,3,True,"{'color': 3, 'count': 20, 'rank': 0, 'bbox_h': 7, 'bbox_w': 5, 'bbox_area': 35, 'on_edge': 1, 'r0': 0, 'c0': 4, 'r1': 6, 'c1': 8}","[{'color': 3, 'count': 20, 'rank': 0, 'bbox_h': 7, 'bbox_w': 5, 'bbox_area': 35, 'on_edge': 1, 'r0': 0, 'c0': 4, 'r1': 6, 'c1': 8}, {'color': 6, 'count': 20, 'rank': 1, 'bbox_h': 9, 'bbox_w': 3, 'bbox_area': 27, 'on_edge': 1, 'r0': 1, 'c0': 0, 'r1': 9, 'c1': 2}]","['count_max', 'count_min', 'bbox_h_min', 'bbox_w_max', 'bbox_area_max', 'on_edge_max', 'on_edge_min', 'r0_min', 'c0_max', 'r1_min', 'c1_max', 'rank0', 'mode_low']"
190,6,6,True,"{'color': 6, 'count': 26, 'rank': 0, 'bbox_h': 7, 'bbox_w': 8, 'bbox_area': 56, 'on_edge': 1, 'r0': 0, 'c0': 2, 'r1': 6, 'c1': 9}","[{'color': 6, 'count': 26, 'rank': 0, 'bbox_h': 7, 'bbox_w': 8, 'bbox_area': 56, 'on_edge': 1, 'r0': 0, 'c0': 2, 'r1': 6, 'c1': 9}, {'color': 9, 'count': 14, 'rank': 1, 'bbox_h': 3, 'bbox_w': 6, 'bbox_area': 18, 'on_edge': 1, 'r0': 7, 'c0': 3, 'r1': 9, 'c1': 8}]","['count_max', 'bbox_h_max', 'bbox_w_max', 'bbox_area_max', 'on_edge_max', 'on_edge_min', 'r0_min', 'c0_min', 'r1_min', 'c1_max', 'rank0', 'mode_low', 'mode_high']"
191,7,7,True,"{'color': 7, 'count': 22, 'rank': 0, 'bbox_h': 6, 'bbox_w': 7, 'bbox_area': 42, 'on_edge': 1, 'r0': 2, 'c0': 0, 'r1': 7, 'c1': 6}","[{'color': 7, 'count': 22, 'rank': 0, 'bbox_h': 6, 'bbox_w': 7, 'bbox_area': 42, 'on_edge': 1, 'r0': 2, 'c0': 0, 'r1': 7, 'c1': 6}, {'color': 5, 'count': 20, 'rank': 1, 'bbox_h': 9, 'bbox_w': 3, 'bbox_area': 27, 'on_edge': 1, 'r0': 0, 'c0': 7, 'r1': 8, 'c1': 9}]","['count_max', 'bbox_h_min', 'bbox_w_max', 'bbox_area_max', 'r0_max', 'c0_min', 'r1_min', 'c1_min', 'rank0', 'mode_low', 'mode_high']"
192,3,3,True,"{'color': 3, 'count': 24, 'rank': 0, 'bbox_h': 9, 'bbox_w': 5, 'bbox_area': 45, 'on_edge': 1, 'r0': 1, 'c0': 0, 'r1': 9, 'c1': 4}","[{'color': 3, 'count': 24, 'rank': 0, 'bbox_h': 9, 'bbox_w': 5, 'bbox_area': 45, 'on_edge': 1, 'r0': 1, 'c0': 0, 'r1': 9, 'c1': 4}, {'color': 8, 'count': 16, 'rank': 1, 'bbox_h': 5, 'bbox_w': 5, 'bbox_area': 25, 'on_edge': 1, 'r0': 5, 'c0': 5, 'r1': 9, 'c1': 9}]","['count_max', 'bbox_h_max', 'bbox_w_max', 'bbox_w_min', 'bbox_area_max', 'on_edge_max', 'on_edge_min', 'r0_min', 'c0_min', 'r1_max', 'r1_min', 'c1_min', 'rank0', 'mode_low', 'mode_high']"
193,3,3,True,"{'color': 3, 'count': 26, 'rank': 0, 'bbox_h': 10, 'bbox_w': 5, 'bbox_area': 50, 'on_edge': 1, 'r0': 0, 'c0': 0, 'r1': 9, 'c1': 4}","[{'color': 3, 'count': 26, 'rank': 0, 'bbox_h': 10, 'bbox_w': 5, 'bbox_area': 50, 'on_edge': 1, 'r0': 0, 'c0': 0, 'r1': 9, 'c1': 4}, {'color': 4, 'count': 14, 'rank': 1, 'bbox_h': 4, 'bbox_w': 5, 'bbox_area': 20, 'on_edge': 1, 'r0': 1, 'c0': 5, 'r1': 4, 'c1': 9}]","['count_max', 'bbox_h_max', 'bbox_w_max', 'bbox_w_min', 'bbox_area_max', 'on_edge_max', 'on_edge_min', 'r0_min', 'c0_min', 'r1_max', 'c1_min', 'rank0', 'mode_low', 'mode_high']"
194,1,1,True,"{'color': 1, 'count': 24, 'rank': 0, 'bbox_h': 8, 'bbox_w': 6, 'bbox_area': 48, 'on_edge': 1, 'r0': 1, 'c0': 0, 'r1': 8, 'c1': 5}","[{'color': 1, 'count': 24, 'rank': 0, 'bbox_h': 8, 'bbox_w': 6, 'bbox_area': 48, 'on_edge': 1, 'r0': 1, 'c0': 0, 'r1': 8, 'c1': 5}, {'color': 5, 'count': 18, 'rank': 1, 'bbox_h': 8, 'bbox_w': 3, 'bbox_area': 24, 'on_edge': 1, 'r0': 1, 'c0': 7, 'r1': 8, 'c1': 9}]","['count_max', 'bbox_h_max', 'bbox_h_min', 'bbox_w_max', 'bbox_area_max', 'on_edge_max', 'on_edge_min', 'r0_max', 'r0_min', 'c0_min', 'r1_max', 'r1_min', 'c1_min', 'rank0', 'mode_low', 'mode_high']"
195,9,8,False,"{'color': 9, 'count': 20, 'rank': 1, 'bbox_h': 5, 'bbox_w': 7, 'bbox_area': 35, 'on_edge': 1, 'r0': 1, 'c0': 0, 'r1': 5, 'c1': 6}","[{'color': 8, 'count': 20, 'rank': 0, 'bbox_h': 9, 'bbox_w': 3, 'bbox_area': 27, 'on_edge': 1, 'r0': 0, 'c0': 7, 'r1': 8, 'c1': 9}, {'color': 9, 'count': 20, 'rank': 1, 'bbox_h': 5, 'bbox_w': 7, 'bbox_area': 35, 'on_edge': 1, 'r0': 1, 'c0': 0, 'r1': 5, 'c1': 6}]","['bbox_h_min', 'bbox_w_max', 'bbox_area_max', 'r0_max', 'c0_min', 'r1_min', 'c1_min', 'rank1', 'mode_high']"
196,6,6,True,"{'color': 6, 'count': 18, 'rank': 0, 'bbox_h': 6, 'bbox_w': 5, 'bbox_area': 30, 'on_edge': 1, 'r0': 0, 'c0': 5, 'r1': 5, 'c1': 9}","[{'color': 6, 'count': 18, 'rank': 0, 'bbox_h': 6, 'bbox_w': 5, 'bbox_area': 30, 'on_edge': 1, 'r0': 0, 'c0': 5, 'r1': 5, 'c1': 9}, {'color': 7, 'count': 12, 'rank': 1, 'bbox_h': 4, 'bbox_w': 4, 'bbox_area': 16, 'on_edge': 1, 'r0': 5, 'c0': 0, 'r1': 8, 'c1': 3}]","['count_max', 'bbox_h_max', 'bbox_w_max', 'bbox_area_max', 'on_edge_max', 'on_edge_min', 'r0_min', 'c0_max', 'r1_min', 'c1_max', 'rank0', 'mode_low', 'mode_high']"
197,3,3,True,"{'color': 3, 'count': 22, 'rank': 0, 'bbox_h': 5, 'bbox_w': 8, 'bbox_area': 40, 'on_edge': 1, 'r0': 4, 'c0': 2, 'r1': 8, 'c1': 9}","[{'color': 3, 'count': 22, 'rank': 0, 'bbox_h': 5, 'bbox_w': 8, 'bbox_area': 40, 'on_edge': 1, 'r0': 4, 'c0': 2, 'r1': 8, 'c1': 9}, {'color': 9, 'count': 18, 'rank': 1, 'bbox_h': 3, 'bbox_w': 8, 'bbox_area': 24, 'on_edge': 1, 'r0': 0, 'c0': 0, 'r1': 2, 'c1': 7}]","['count_max', 'bbox_h_max', 'bbox_w_max', 'bbox_w_min', 'bbox_area_max', 'on_edge_max', 'on_edge_min', 'r0_max', 'c0_max', 'r1_max', 'c1_max', 'rank0', 'mode_low', 'mode_high']"
198,7,7,True,"{'color': 7, 'count': 18, 'rank': 0, 'bbox_h': 4, 'bbox_w': 7, 'bbox_area': 28, 'on_edge': 1, 'r0': 4, 'c0': 0, 'r1': 7, 'c1': 6}","[{'color': 7, 'count': 18, 'rank': 0, 'bbox_h': 4, 'bbox_w': 7, 'bbox_area': 28, 'on_edge': 1, 'r0': 4, 'c0': 0, 'r1': 7, 'c1': 6}, {'color': 1, 'count': 12, 'rank': 1, 'bbox_h': 3, 'bbox_w': 5, 'bbox_area': 15, 'on_edge': 1, 'r0': 0, 'c0': 0, 'r1': 2, 'c1': 4}]","['count_max', 'bbox_h_max', 'bbox_w_max', 'bbox_area_max', 'r0_max', 'r1_max', 'c1_max', 'rank0', 'mode_low', 'mode_high']"
199,6,6,True,"{'color': 6, 'count': 22, 'rank': 0, 'bbox_h': 6, 'bbox_w': 7, 'bbox_area': 42, 'on_edge': 1, 'r0': 1, 'c0': 0, 'r1': 6, 'c1': 6}","[{'color': 6, 'count': 22, 'rank': 0, 'bbox_h': 6, 'bbox_w': 7, 'bbox_area': 42, 'on_edge': 1, 'r0': 1, 'c0': 0, 'r1': 6, 'c1': 6}, {'color': 2, 'count': 18, 'rank': 1, 'bbox_h': 8, 'bbox_w': 3, 'bbox_area': 24, 'on_edge': 1, 'r0': 1, 'c0': 7, 'r1': 8, 'c1': 9}]","['count_max', 'bbox_h_min', 'bbox_w_max', 'bbox_area_max', 'c0_min', 'r1_min', 'c1_min', 'rank0', 'mode_low', 'mode_high']"
200,6,6,True,"{'color': 6, 'count': 18, 'rank': 0, 'bbox_h': 3, 'bbox_w': 8, 'bbox_area': 24, 'on_edge': 1, 'r0': 7, 'c0': 1, 'r1': 9, 'c1': 8}","[{'color': 6, 'count': 18, 'rank': 0, 'bbox_h': 3, 'bbox_w': 8, 'bbox_area': 24, 'on_edge': 1, 'r0': 7, 'c0': 1, 'r1': 9, 'c1': 8}, {'color': 1, 'count': 16, 'rank': 1, 'bbox_h': 7, 'bbox_w': 3, 'bbox_area': 21, 'on_edge': 1, 'r0': 0, 'c0': 4, 'r1': 6, 'c1': 6}]","['count_max', 'bbox_h_min', 'bbox_w_max', 'bbox_area_max', 'r0_max', 'c0_min', 'r1_max', 'c1_max', 'rank0', 'mode_low', 'mode_high']"
201,4,4,True,"{'color': 4, 'count': 16, 'rank': 0, 'bbox_h': 5, 'bbox_w': 5, 'bbox_area': 25, 'on_edge': 1, 'r0': 5, 'c0': 2, 'r1': 9, 'c1': 6}","[{'color': 4, 'count': 16, 'rank': 0, 'bbox_h': 5, 'bbox_w': 5, 'bbox_area': 25, 'on_edge': 1, 'r0': 5, 'c0': 2, 'r1': 9, 'c1': 6}, {'color': 1, 'count': 12, 'rank': 1, 'bbox_h': 4, 'bbox_w': 4, 'bbox_area': 16, 'on_edge': 1, 'r0': 0, 'c0': 5, 'r1': 3, 'c1': 8}]","['count_max', 'bbox_h_max', 'bbox_w_max', 'bbox_area_max', 'r0_max', 'c0_min', 'r1_max', 'c1_min', 'rank0', 'mode_low', 'mode_high']"
202,2,2,True,"{'color': 2, 'count': 26, 'rank': 0, 'bbox_h': 10, 'bbox_w': 5, 'bbox_area': 50, 'on_edge': 1, 'r0': 0, 'c0': 0, 'r1': 9, 'c1': 4}","[{'color': 2, 'count': 26, 'rank': 0, 'bbox_h': 10, 'bbox_w': 5, 'bbox_area': 50, 'on_edge': 1, 'r0': 0, 'c0': 0, 'r1': 9, 'c1': 4}, {'color': 5, 'count': 14, 'rank': 1, 'bbox_h': 6, 'bbox_w': 3, 'bbox_area': 18, 'on_edge': 0, 'r0': 3, 'c0': 6, 'r1': 8, 'c1': 8}]","['count_max', 'bbox_h_max', 'bbox_w_max', 'bbox_area_max', 'on_edge_max', 'r0_min', 'c0_min', 'r1_max', 'c1_min', 'rank0', 'mode_low', 'mode_high']"
203,1,1,True,"{'color': 1, 'count': 22, 'rank': 0, 'bbox_h': 9, 'bbox_w': 4, 'bbox_area': 36, 'on_edge': 1, 'r0': 0, 'c0': 0, 'r1': 8, 'c1': 3}","[{'color': 1, 'count': 22, 'rank': 0, 'bbox_h': 9, 'bbox_w': 4, 'bbox_area': 36, 'on_edge': 1, 'r0': 0, 'c0': 0, 'r1': 8, 'c1': 3}, {'color': 3, 'count': 8, 'rank': 1, 'bbox_h': 3, 'bbox_w': 3, 'bbox_area': 9, 'on_edge': 1, 'r0': 0, 'c0': 5, 'r1': 2, 'c1': 7}]","['count_max', 'bbox_h_max', 'bbox_w_max', 'bbox_area_max', 'on_edge_max', 'on_edge_min', 'r0_max', 'r0_min', 'c0_min', 'r1_max', 'c1_min', 'rank0', 'mode_low', 'mode_high']"
204,6,6,True,"{'color': 6, 'count': 20, 'rank': 0, 'bbox_h': 5, 'bbox_w': 7, 'bbox_area': 35, 'on_edge': 1, 'r0': 5, 'c0': 1, 'r1': 9, 'c1': 7}","[{'color': 6, 'count': 20, 'rank': 0, 'bbox_h': 5, 'bbox_w': 7, 'bbox_area': 35, 'on_edge': 1, 'r0': 5, 'c0': 1, 'r1': 9, 'c1': 7}, {'color': 1, 'count': 10, 'rank': 1, 'bbox_h': 4, 'bbox_w': 3, 'bbox_area': 12, 'on_edge': 1, 'r0': 0, 'c0': 6, 'r1': 3, 'c1': 8}]","['count_max', 'bbox_h_max', 'bbox_w_max', 'bbox_area_max', 'r0_max', 'c0_min', 'r1_max', 'c1_min', 'rank0', 'mode_low', 'mode_high']"
205,4,4,True,"{'color': 4, 'count': 26, 'rank': 0, 'bbox_h': 8, 'bbox_w': 7, 'bbox_area': 56, 'on_edge': 1, 'r0': 1, 'c0': 3, 'r1': 8, 'c1': 9}","[{'color': 4, 'count': 26, 'rank': 0, 'bbox_h': 8, 'bbox_w': 7, 'bbox_area': 56, 'on_edge': 1, 'r0': 1, 'c0': 3, 'r1': 8, 'c1': 9}, {'color': 5, 'count': 10, 'rank': 1, 'bbox_h': 4, 'bbox_w': 3, 'bbox_area': 12, 'on_edge': 1, 'r0': 2, 'c0': 0, 'r1': 5, 'c1': 2}]","['count_max', 'bbox_h_max', 'bbox_w_max', 'bbox_area_max', 'on_edge_max', 'on_edge_min', 'r0_min', 'c0_max', 'r1_max', 'c1_max', 'rank0', 'mode_low', 'mode_high']"
206,5,5,True,"{'color': 5, 'count': 22, 'rank': 0, 'bbox_h': 8, 'bbox_w': 5, 'bbox_area': 40, 'on_edge': 1, 'r0': 1, 'c0': 0, 'r1': 8, 'c1': 4}","[{'color': 5, 'count': 22, 'rank': 0, 'bbox_h': 8, 'bbox_w': 5, 'bbox_area': 40, 'on_edge': 1, 'r0': 1, 'c0': 0, 'r1': 8, 'c1': 4}, {'color': 2, 'count': 10, 'rank': 1, 'bbox_h': 3, 'bbox_w': 4, 'bbox_area': 12, 'on_edge': 1, 'r0': 2, 'c0': 6, 'r1': 4, 'c1': 9}]","['count_max', 'bbox_h_max', 'bbox_w_max', 'bbox_area_max', 'r0_min', 'c0_min', 'r1_max', 'c1_min', 'rank0', 'mode_low', 'mode_high']"
207,9,9,True,"{'color': 9, 'count': 20, 'rank': 0, 'bbox_h': 5, 'bbox_w': 7, 'bbox_area': 35, 'on_edge': 1, 'r0': 0, 'c0': 3, 'r1': 4, 'c1': 9}","[{'color': 9, 'count': 20, 'rank': 0, 'bbox_h': 5, 'bbox_w': 7, 'bbox_area': 35, 'on_edge': 1, 'r0': 0, 'c0': 3, 'r1': 4, 'c1': 9}, {'color': 4, 'count': 10, 'rank': 1, 'bbox_h': 4, 'bbox_w': 3, 'bbox_area': 12, 'on_edge': 1, 'r0': 6, 'c0': 5, 'r1': 9, 'c1': 7}]","['count_max', 'bbox_h_max', 'bbox_w_max', 'bbox_area_max', 'r0_min', 'c0_min', 'r1_min', 'c1_max', 'rank0', 'mode_low', 'mode_high']"
208,4,4,True,"{'color': 4, 'count': 20, 'rank': 0, 'bbox_h': 3, 'bbox_w': 9, 'bbox_area': 27, 'on_edge': 1, 'r0': 7, 'c0': 1, 'r1': 9, 'c1': 9}","[{'color': 4, 'count': 20, 'rank': 0, 'bbox_h': 3, 'bbox_w': 9, 'bbox_area': 27, 'on_edge': 1, 'r0': 7, 'c0': 1, 'r1': 9, 'c1': 9}, {'color': 1, 'count': 14, 'rank': 1, 'bbox_h': 6, 'bbox_w': 3, 'bbox_area': 18, 'on_edge': 1, 'r0': 0, 'c0': 3, 'r1': 5, 'c1': 5}]","['count_max', 'bbox_h_min', 'bbox_w_max', 'bbox_area_max', 'r0_max', 'c0_min', 'r1_max', 'c1_max', 'rank0', 'mode_low', 'mode_high']"
209,9,9,True,"{'color': 9, 'count': 26, 'rank': 0, 'bbox_h': 10, 'bbox_w': 5, 'bbox_area': 50, 'on_edge': 1, 'r0': 0, 'c0': 5, 'r1': 9, 'c1': 9}","[{'color': 9, 'count': 26, 'rank': 0, 'bbox_h': 10, 'bbox_w': 5, 'bbox_area': 50, 'on_edge': 1, 'r0': 0, 'c0': 5, 'r1': 9, 'c1': 9}, {'color': 6, 'count': 14, 'rank': 1, 'bbox_h': 5, 'bbox_w': 4, 'bbox_area': 20, 'on_edge': 1, 'r0': 1, 'c0': 0, 'r1': 5, 'c1': 3}]","['count_max', 'bbox_h_max', 'bbox_w_max', 'bbox_area_max', 'r0_min', 'c0_max', 'r1_max', 'c1_max', 'rank0', 'mode_low', 'mode_high']"
210,2,2,True,"{'color': 2, 'count': 12, 'rank': 0, 'bbox_h': 4, 'bbox_w': 4, 'bbox_area': 16, 'on_edge': 0, 'r0': 4, 'c0': 3, 'r1': 7, 'c1': 6}","[{'color': 2, 'count': 12, 'rank': 0, 'bbox_h': 4, 'bbox_w': 4, 'bbox_area': 16, 'on_edge': 0, 'r0': 4, 'c0': 3, 'r1': 7, 'c1': 6}, {'color': 7, 'count': 12, 'rank': 1, 'bbox_h': 3, 'bbox_w': 5, 'bbox_area': 15, 'on_edge': 1, 'r0': 0, 'c0': 2, 'r1': 2, 'c1': 6}]","['count_max', 'count_min', 'bbox_h_max', 'bbox_w_min', 'bbox_area_max', 'on_edge_min', 'r0_max', 'c0_max', 'r1_max', 'c1_max', 'c1_min', 'rank0', 'mode_low']"
211,9,9,True,"{'color': 9, 'count': 22, 'rank': 0, 'bbox_h': 8, 'bbox_w': 5, 'bbox_area': 40, 'on_edge': 0, 'r0': 1, 'c0': 4, 'r1': 8, 'c1': 8}","[{'color': 9, 'count': 22, 'rank': 0, 'bbox_h': 8, 'bbox_w': 5, 'bbox_area': 40, 'on_edge': 0, 'r0': 1, 'c0': 4, 'r1': 8, 'c1': 8}, {'color': 8, 'count': 16, 'rank': 1, 'bbox_h': 7, 'bbox_w': 3, 'bbox_area': 21, 'on_edge': 1, 'r0': 3, 'c0': 0, 'r1': 9, 'c1': 2}]","['count_max', 'bbox_h_max', 'bbox_w_max', 'bbox_area_max', 'on_edge_min', 'r0_min', 'c0_max', 'r1_min', 'c1_max', 'rank0', 'mode_low', 'mode_high']"
212,5,5,True,"{'color': 5, 'count': 18, 'rank': 0, 'bbox_h': 7, 'bbox_w': 4, 'bbox_area': 28, 'on_edge': 1, 'r0': 0, 'c0': 3, 'r1': 6, 'c1': 6}","[{'color': 5, 'count': 18, 'rank': 0, 'bbox_h': 7, 'bbox_w': 4, 'bbox_area': 28, 'on_edge': 1, 'r0': 0, 'c0': 3, 'r1': 6, 'c1': 6}, {'color': 7, 'count': 14, 'rank': 1, 'bbox_h': 3, 'bbox_w': 6, 'bbox_area': 18, 'on_edge': 1, 'r0': 7, 'c0': 1, 'r1': 9, 'c1': 6}]","['count_max', 'bbox_h_max', 'bbox_w_min', 'bbox_area_max', 'on_edge_max', 'on_edge_min', 'r0_min', 'c0_max', 'r1_min', 'c1_max', 'c1_min', 'rank0', 'mode_low', 'mode_high']"
213,9,9,True,"{'color': 9, 'count': 20, 'rank': 0, 'bbox_h': 9, 'bbox_w': 3, 'bbox_area': 27, 'on_edge': 1, 'r0': 1, 'c0': 0, 'r1': 9, 'c1': 2}","[{'color': 9, 'count': 20, 'rank': 0, 'bbox_h': 9, 'bbox_w': 3, 'bbox_area': 27, 'on_edge': 1, 'r0': 1, 'c0': 0, 'r1': 9, 'c1': 2}, {'color': 4, 'count': 8, 'rank': 1, 'bbox_h': 3, 'bbox_w': 3, 'bbox_area': 9, 'on_edge': 0, 'r0': 6, 'c0': 4, 'r1': 8, 'c1': 6}]","['count_max', 'bbox_h_max', 'bbox_area_max', 'on_edge_max', 'r0_min', 'c0_min', 'r1_max', 'c1_min', 'rank0', 'mode_low', 'mode_high']"
214,3,1,False,"{'color': 3, 'count': 16, 'rank': 1, 'bbox_h': 5, 'bbox_w': 5, 'bbox_area': 25, 'on_edge': 1, 'r0': 2, 'c0': 0, 'r1': 6, 'c1': 4}","[{'color': 1, 'count': 16, 'rank': 0, 'bbox_h': 6, 'bbox_w': 4, 'bbox_area': 24, 'on_edge': 1, 'r0': 0, 'c0': 6, 'r1': 5, 'c1': 9}, {'color': 3, 'count': 16, 'rank': 1, 'bbox_h': 5, 'bbox_w': 5, 'bbox_area': 25, 'on_edge': 1, 'r0': 2, 'c0': 0, 'r1': 6, 'c1': 4}]","['bbox_h_min', 'bbox_w_max', 'bbox_area_max', 'r0_max', 'c0_min', 'r1_max', 'c1_min', 'rank1', 'mode_high']"
215,2,2,True,"{'color': 2, 'count': 20, 'rank': 0, 'bbox_h': 7, 'bbox_w': 5, 'bbox_area': 35, 'on_edge': 1, 'r0': 0, 'c0': 4, 'r1': 6, 'c1': 8}","[{'color': 2, 'count': 20, 'rank': 0, 'bbox_h': 7, 'bbox_w': 5, 'bbox_area': 35, 'on_edge': 1, 'r0': 0, 'c0': 4, 'r1': 6, 'c1': 8}, {'color': 8, 'count': 16, 'rank': 1, 'bbox_h': 3, 'bbox_w': 7, 'bbox_area': 21, 'on_edge': 1, 'r0': 7, 'c0': 1, 'r1': 9, 'c1': 7}]","['count_max', 'bbox_h_max', 'bbox_w_min', 'bbox_area_max', 'on_edge_max', 'on_edge_min', 'r0_min', 'c0_max', 'r1_min', 'c1_max', 'rank0', 'mode_low', 'mode_high']"
216,9,9,True,"{'color': 9, 'count': 18, 'rank': 0, 'bbox_h': 8, 'bbox_w': 3, 'bbox_area': 24, 'on_edge': 1, 'r0': 1, 'c0': 0, 'r1': 8, 'c1': 2}","[{'color': 9, 'count': 18, 'rank': 0, 'bbox_h': 8, 'bbox_w': 3, 'bbox_area': 24, 'on_edge': 1, 'r0': 1, 'c0': 0, 'r1': 8, 'c1': 2}, {'color': 4, 'count': 10, 'rank': 1, 'bbox_h': 4, 'bbox_w': 3, 'bbox_area': 12, 'on_edge': 1, 'r0': 6, 'c0': 4, 'r1': 9, 'c1': 6}]","['count_max', 'bbox_h_max', 'bbox_area_max', 'r0_min', 'c0_min', 'r1_min', 'c1_min', 'rank0', 'mode_low', 'mode_high']"
217,9,5,False,"{'color': 9, 'count': 14, 'rank': 1, 'bbox_h': 5, 'bbox_w': 4, 'bbox_area': 20, 'on_edge': 1, 'r0': 3, 'c0': 0, 'r1': 7, 'c1': 3}","[{'color': 5, 'count': 14, 'rank': 0, 'bbox_h': 6, 'bbox_w': 3, 'bbox_area': 18, 'on_edge': 0, 'r0': 2, 'c0': 5, 'r1': 7, 'c1': 7}, {'color': 9, 'count': 14, 'rank': 1, 'bbox_h': 5, 'bbox_w': 4, 'bbox_area': 20, 'on_edge': 1, 'r0': 3, 'c0': 0, 'r1': 7, 'c1': 3}]","['bbox_h_min', 'bbox_w_max', 'bbox_area_max', 'on_edge_max', 'r0_max', 'c0_min', 'c1_min', 'rank1', 'mode_high']"
218,7,7,True,"{'color': 7, 'count': 18, 'rank': 0, 'bbox_h': 6, 'bbox_w': 5, 'bbox_area': 30, 'on_edge': 1, 'r0': 2, 'c0': 0, 'r1': 7, 'c1': 4}","[{'color': 7, 'count': 18, 'rank': 0, 'bbox_h': 6, 'bbox_w': 5, 'bbox_area': 30, 'on_edge': 1, 'r0': 2, 'c0': 0, 'r1': 7, 'c1': 4}, {'color': 8, 'count': 8, 'rank': 1, 'bbox_h': 3, 'bbox_w': 3, 'bbox_area': 9, 'on_edge': 0, 'r0': 6, 'c0': 6, 'r1': 8, 'c1': 8}]","['count_max', 'bbox_h_max', 'bbox_w_max', 'bbox_area_max', 'on_edge_max', 'r0_min', 'c0_min', 'r1_min', 'c1_min', 'rank0', 'mode_low', 'mode_high']"
219,2,2,True,"{'color': 2, 'count': 22, 'rank': 0, 'bbox_h': 5, 'bbox_w': 8, 'bbox_area': 40, 'on_edge': 1, 'r0': 0, 'c0': 1, 'r1': 4, 'c1': 8}","[{'color': 2, 'count': 22, 'rank': 0, 'bbox_h': 5, 'bbox_w': 8, 'bbox_area': 40, 'on_edge': 1, 'r0': 0, 'c0': 1, 'r1': 4, 'c1': 8}, {'color': 3, 'count': 22, 'rank': 1, 'bbox_h': 4, 'bbox_w': 9, 'bbox_area': 36, 'on_edge': 1, 'r0': 6, 'c0': 0, 'r1': 9, 'c1': 8}]","['count_max', 'count_min', 'bbox_h_max', 'bbox_w_min', 'bbox_area_max', 'on_edge_max', 'on_edge_min', 'r0_min', 'c0_max', 'r1_min', 'c1_max', 'c1_min', 'rank0', 'mode_low']"
220,2,2,True,"{'color': 2, 'count': 30, 'rank': 0, 'bbox_h': 10, 'bbox_w': 7, 'bbox_area': 70, 'on_edge': 1, 'r0': 0, 'c0': 0, 'r1': 9, 'c1': 6}","[{'color': 2, 'count': 30, 'rank': 0, 'bbox_h': 10, 'bbox_w': 7, 'bbox_area': 70, 'on_edge': 1, 'r0': 0, 'c0': 0, 'r1': 9, 'c1': 6}, {'color': 5, 'count': 18, 'rank': 1, 'bbox_h': 8, 'bbox_w': 3, 'bbox_area': 24, 'on_edge': 1, 'r0': 0, 'c0': 7, 'r1': 7, 'c1': 9}]","['count_max', 'bbox_h_max', 'bbox_w_max', 'bbox_area_max', 'on_edge_max', 'on_edge_min', 'r0_max', 'r0_min', 'c0_min', 'r1_max', 'c1_min', 'rank0', 'mode_low', 'mode_high']"
221,7,7,True,"{'color': 7, 'count': 28, 'rank': 0, 'bbox_h': 7, 'bbox_w': 9, 'bbox_area': 63, 'on_edge': 1, 'r0': 0, 'c0': 0, 'r1': 6, 'c1': 8}","[{'color': 7, 'count': 28, 'rank': 0, 'bbox_h': 7, 'bbox_w': 9, 'bbox_area': 63, 'on_edge': 1, 'r0': 0, 'c0': 0, 'r1': 6, 'c1': 8}, {'color': 5, 'count': 16, 'rank': 1, 'bbox_h': 3, 'bbox_w': 7, 'bbox_area': 21, 'on_edge': 1, 'r0': 7, 'c0': 2, 'r1': 9, 'c1': 8}]","['count_max', 'bbox_h_max', 'bbox_w_max', 'bbox_area_max', 'r0_min', 'c0_min', 'r1_min', 'rank0', 'mode_low', 'mode_high']"
222,3,3,True,"{'color': 3, 'count': 26, 'rank': 0, 'bbox_h': 6, 'bbox_w': 9, 'bbox_area': 54, 'on_edge': 1, 'r0': 0, 'c0': 1, 'r1': 5, 'c1': 9}","[{'color': 3, 'count': 26, 'rank': 0, 'bbox_h': 6, 'bbox_w': 9, 'bbox_area': 54, 'on_edge': 1, 'r0': 0, 'c0': 1, 'r1': 5, 'c1': 9}, {'color': 8, 'count': 20, 'rank': 1, 'bbox_h': 3, 'bbox_w': 9, 'bbox_area': 27, 'on_edge': 1, 'r0': 7, 'c0': 1, 'r1': 9, 'c1': 9}]","['count_max', 'bbox_h_max', 'bbox_w_max', 'bbox_w_min', 'bbox_area_max', 'on_edge_max', 'on_edge_min', 'r0_min', 'c0_max', 'c0_min', 'r1_min', 'c1_max', 'c1_min', 'rank0', 'mode_low', 'mode_high']"
223,7,7,True,"{'color': 7, 'count': 20, 'rank': 0, 'bbox_h': 5, 'bbox_w': 7, 'bbox_area': 35, 'on_edge': 1, 'r0': 5, 'c0': 0, 'r1': 9, 'c1': 6}","[{'color': 7, 'count': 20, 'rank': 0, 'bbox_h': 5, 'bbox_w': 7, 'bbox_area': 35, 'on_edge': 1, 'r0': 5, 'c0': 0, 'r1': 9, 'c1': 6}, {'color': 9, 'count': 16, 'rank': 1, 'bbox_h': 7, 'bbox_w': 3, 'bbox_area': 21, 'on_edge': 1, 'r0': 0, 'c0': 7, 'r1': 6, 'c1': 9}]","['count_max', 'bbox_h_min', 'bbox_w_max', 'bbox_area_max', 'on_edge_max', 'on_edge_min', 'r0_max', 'c0_min', 'r1_max', 'c1_min', 'rank0', 'mode_low', 'mode_high']"
224,4,4,True,"{'color': 4, 'count': 14, 'rank': 0, 'bbox_h': 5, 'bbox_w': 4, 'bbox_area': 20, 'on_edge': 1, 'r0': 0, 'c0': 0, 'r1': 4, 'c1': 3}","[{'color': 4, 'count': 14, 'rank': 0, 'bbox_h': 5, 'bbox_w': 4, 'bbox_area': 20, 'on_edge': 1, 'r0': 0, 'c0': 0, 'r1': 4, 'c1': 3}, {'color': 5, 'count': 14, 'rank': 1, 'bbox_h': 3, 'bbox_w': 6, 'bbox_area': 18, 'on_edge': 1, 'r0': 2, 'c0': 4, 'r1': 4, 'c1': 9}]","['count_max', 'count_min', 'bbox_h_max', 'bbox_w_min', 'bbox_area_max', 'on_edge_max', 'on_edge_min', 'r0_min', 'c0_min', 'r1_max', 'r1_min', 'c1_min', 'rank0', 'mode_low']"
225,1,1,True,"{'color': 1, 'count': 26, 'rank': 0, 'bbox_h': 5, 'bbox_w': 10, 'bbox_area': 50, 'on_edge': 1, 'r0': 4, 'c0': 0, 'r1': 8, 'c1': 9}","[{'color': 1, 'count': 26, 'rank': 0, 'bbox_h': 5, 'bbox_w': 10, 'bbox_area': 50, 'on_edge': 1, 'r0': 4, 'c0': 0, 'r1': 8, 'c1': 9}, {'color': 4, 'count': 22, 'rank': 1, 'bbox_h': 3, 'bbox_w': 10, 'bbox_area': 30, 'on_edge': 1, 'r0': 0, 'c0': 0, 'r1': 2, 'c1': 9}]","['count_max', 'bbox_h_max', 'bbox_w_max', 'bbox_w_min', 'bbox_area_max', 'on_edge_max', 'on_edge_min', 'r0_max', 'c0_max', 'c0_min', 'r1_max', 'c1_max', 'c1_min', 'rank0', 'mode_low', 'mode_high']"
226,3,3,True,"{'color': 3, 'count': 22, 'rank': 0, 'bbox_h': 6, 'bbox_w': 7, 'bbox_area': 42, 'on_edge': 1, 'r0': 2, 'c0': 0, 'r1': 7, 'c1': 6}","[{'color': 3, 'count': 22, 'rank': 0, 'bbox_h': 6, 'bbox_w': 7, 'bbox_area': 42, 'on_edge': 1, 'r0': 2, 'c0': 0, 'r1': 7, 'c1': 6}, {'color': 5, 'count': 18, 'rank': 1, 'bbox_h': 8, 'bbox_w': 3, 'bbox_area': 24, 'on_edge': 1, 'r0': 1, 'c0': 7, 'r1': 8, 'c1': 9}]","['count_max', 'bbox_h_min', 'bbox_w_max', 'bbox_area_max', 'on_edge_max', 'on_edge_min', 'r0_max', 'c0_min', 'r1_min', 'c1_min', 'rank0', 'mode_low', 'mode_high']"
227,9,9,True,"{'color': 9, 'count': 22, 'rank': 0, 'bbox_h': 3, 'bbox_w': 10, 'bbox_area': 30, 'on_edge': 1, 'r0': 6, 'c0': 0, 'r1': 8, 'c1': 9}","[{'color': 9, 'count': 22, 'rank': 0, 'bbox_h': 3, 'bbox_w': 10, 'bbox_area': 30, 'on_edge': 1, 'r0': 6, 'c0': 0, 'r1': 8, 'c1': 9}, {'color': 4, 'count': 14, 'rank': 1, 'bbox_h': 5, 'bbox_w': 4, 'bbox_area': 20, 'on_edge': 1, 'r0': 0, 'c0': 2, 'r1': 4, 'c1': 5}]","['count_max', 'bbox_h_min', 'bbox_w_max', 'bbox_area_max', 'r0_max', 'c0_min', 'r1_max', 'c1_max', 'rank0', 'mode_low', 'mode_high']"
228,8,8,True,"{'color': 8, 'count': 26, 'rank': 0, 'bbox_h': 10, 'bbox_w': 5, 'bbox_area': 50, 'on_edge': 1, 'r0': 0, 'c0': 5, 'r1': 9, 'c1': 9}","[{'color': 8, 'count': 26, 'rank': 0, 'bbox_h': 10, 'bbox_w': 5, 'bbox_area': 50, 'on_edge': 1, 'r0': 0, 'c0': 5, 'r1': 9, 'c1': 9}, {'color': 1, 'count': 16, 'rank': 1, 'bbox_h': 5, 'bbox_w': 5, 'bbox_area': 25, 'on_edge': 1, 'r0': 1, 'c0': 0, 'r1': 5, 'c1': 4}]","['count_max', 'bbox_h_max', 'bbox_area_max', 'r0_min', 'c0_max', 'r1_max', 'c1_max', 'rank0', 'mode_low', 'mode_high']"
229,3,3,True,"{'color': 3, 'count': 26, 'rank': 0, 'bbox_h': 9, 'bbox_w': 6, 'bbox_area': 54, 'on_edge': 1, 'r0': 1, 'c0': 0, 'r1': 9, 'c1': 5}","[{'color': 3, 'count': 26, 'rank': 0, 'bbox_h': 9, 'bbox_w': 6, 'bbox_area': 54, 'on_edge': 1, 'r0': 1, 'c0': 0, 'r1': 9, 'c1': 5}, {'color': 9, 'count': 18, 'rank': 1, 'bbox_h': 7, 'bbox_w': 4, 'bbox_area': 28, 'on_edge': 1, 'r0': 3, 'c0': 6, 'r1': 9, 'c1': 9}]","['count_max', 'bbox_h_max', 'bbox_w_max', 'bbox_area_max', 'on_edge_max', 'on_edge_min', 'r0_min', 'c0_min', 'r1_max', 'r1_min', 'c1_min', 'rank0', 'mode_low', 'mode_high']"
230,4,4,True,"{'color': 4, 'count': 22, 'rank': 0, 'bbox_h': 10, 'bbox_w': 3, 'bbox_area': 30, 'on_edge': 1, 'r0': 0, 'c0': 4, 'r1': 9, 'c1': 6}","[{'color': 4, 'count': 22, 'rank': 0, 'bbox_h': 10, 'bbox_w': 3, 'bbox_area': 30, 'on_edge': 1, 'r0': 0, 'c0': 4, 'r1': 9, 'c1': 6}, {'color': 3, 'count': 16, 'rank': 1, 'bbox_h': 7, 'bbox_w': 3, 'bbox_area': 21, 'on_edge': 1, 'r0': 1, 'c0': 0, 'r1': 7, 'c1': 2}]","['count_max', 'bbox_h_max', 'bbox_area_max', 'r0_min', 'c0_max', 'r1_max', 'c1_max', 'rank0', 'mode_low', 'mode_high']"
231,2,2,True,"{'color': 2, 'count': 20, 'rank': 0, 'bbox_h': 7, 'bbox_w': 5, 'bbox_area': 35, 'on_edge': 1, 'r0': 0, 'c0': 5, 'r1': 6, 'c1': 9}","[{'color': 2, 'count': 20, 'rank': 0, 'bbox_h': 7, 'bbox_w': 5, 'bbox_area': 35, 'on_edge': 1, 'r0': 0, 'c0': 5, 'r1': 6, 'c1': 9}, {'color': 6, 'count': 16, 'rank': 1, 'bbox_h': 6, 'bbox_w': 4, 'bbox_area': 24, 'on_edge': 1, 'r0': 2, 'c0': 0, 'r1': 7, 'c1': 3}]","['count_max', 'bbox_h_max', 'bbox_w_max', 'bbox_area_max', 'on_edge_max', 'on_edge_min', 'r0_min', 'c0_max', 'r1_min', 'c1_max', 'rank0', 'mode_low', 'mode_high']"
232,1,1,True,"{'color': 1, 'count': 28, 'rank': 0, 'bbox_h': 10, 'bbox_w': 6, 'bbox_area': 60, 'on_edge': 1, 'r0': 0, 'c0': 0, 'r1': 9, 'c1': 5}","[{'color': 1, 'count': 28, 'rank': 0, 'bbox_h': 10, 'bbox_w': 6, 'bbox_area': 60, 'on_edge': 1, 'r0': 0, 'c0': 0, 'r1': 9, 'c1': 5}, {'color': 5, 'count': 10, 'rank': 1, 'bbox_h': 3, 'bbox_w': 4, 'bbox_area': 12, 'on_edge': 1, 'r0': 2, 'c0': 6, 'r1': 4, 'c1': 9}]","['count_max', 'bbox_h_max', 'bbox_w_max', 'bbox_area_max', 'on_edge_max', 'on_edge_min', 'r0_min', 'c0_min', 'r1_max', 'c1_min', 'rank0', 'mode_low', 'mode_high']"
233,2,2,True,"{'color': 2, 'count': 12, 'rank': 0, 'bbox_h': 3, 'bbox_w': 5, 'bbox_area': 15, 'on_edge': 0, 'r0': 5, 'c0': 2, 'r1': 7, 'c1': 6}","[{'color': 2, 'count': 12, 'rank': 0, 'bbox_h': 3, 'bbox_w': 5, 'bbox_area': 15, 'on_edge': 0, 'r0': 5, 'c0': 2, 'r1': 7, 'c1': 6}, {'color': 8, 'count': 10, 'rank': 1, 'bbox_h': 4, 'bbox_w': 3, 'bbox_area': 12, 'on_edge': 1, 'r0': 0, 'c0': 3, 'r1': 3, 'c1': 5}]","['count_max', 'bbox_h_min', 'bbox_w_max', 'bbox_area_max', 'on_edge_min', 'r0_max', 'c0_min', 'r1_max', 'c1_max', 'rank0', 'mode_low', 'mode_high']"
234,7,7,True,"{'color': 7, 'count': 20, 'rank': 0, 'bbox_h': 7, 'bbox_w': 5, 'bbox_area': 35, 'on_edge': 1, 'r0': 0, 'c0': 2, 'r1': 6, 'c1': 6}","[{'color': 7, 'count': 20, 'rank': 0, 'bbox_h': 7, 'bbox_w': 5, 'bbox_area': 35, 'on_edge': 1, 'r0': 0, 'c0': 2, 'r1': 6, 'c1': 6}, {'color': 9, 'count': 20, 'rank': 1, 'bbox_h': 3, 'bbox_w': 9, 'bbox_area': 27, 'on_edge': 1, 'r0': 7, 'c0': 0, 'r1': 9, 'c1': 8}]","['count_max', 'count_min', 'bbox_h_max', 'bbox_w_min', 'bbox_area_max', 'on_edge_max', 'on_edge_min', 'r0_min', 'c0_max', 'r1_min', 'c1_min', 'rank0', 'mode_low']"
235,1,1,True,"{'color': 1, 'count': 20, 'rank': 0, 'bbox_h': 7, 'bbox_w': 5, 'bbox_area': 35, 'on_edge': 1, 'r0': 3, 'c0': 1, 'r1': 9, 'c1': 5}","[{'color': 1, 'count': 20, 'rank': 0, 'bbox_h': 7, 'bbox_w': 5, 'bbox_area': 35, 'on_edge': 1, 'r0': 3, 'c0': 1, 'r1': 9, 'c1': 5}, {'color': 6, 'count': 16, 'rank': 1, 'bbox_h': 3, 'bbox_w': 7, 'bbox_area': 21, 'on_edge': 1, 'r0': 0, 'c0': 1, 'r1': 2, 'c1': 7}]","['count_max', 'bbox_h_max', 'bbox_w_min', 'bbox_area_max', 'on_edge_max', 'on_edge_min', 'r0_max', 'c0_max', 'c0_min', 'r1_max', 'c1_min', 'rank0', 'mode_low', 'mode_high']"
236,8,6,False,"{'color': 8, 'count': 20, 'rank': 1, 'bbox_h': 7, 'bbox_w': 5, 'bbox_area': 35, 'on_edge': 1, 'r0': 0, 'c0': 0, 'r1': 6, 'c1': 4}","[{'color': 6, 'count': 20, 'rank': 0, 'bbox_h': 9, 'bbox_w': 3, 'bbox_area': 27, 'on_edge': 1, 'r0': 0, 'c0': 6, 'r1': 8, 'c1': 8}, {'color': 8, 'count': 20, 'rank': 1, 'bbox_h': 7, 'bbox_w': 5, 'bbox_area': 35, 'on_edge': 1, 'r0': 0, 'c0': 0, 'r1': 6, 'c1': 4}]","['bbox_h_min', 'bbox_w_max', 'bbox_area_max', 'c0_min', 'r1_min', 'c1_min', 'rank1', 'mode_high']"
237,8,8,True,"{'color': 8, 'count': 28, 'rank': 0, 'bbox_h': 10, 'bbox_w': 6, 'bbox_area': 60, 'on_edge': 1, 'r0': 0, 'c0': 4, 'r1': 9, 'c1': 9}","[{'color': 8, 'count': 28, 'rank': 0, 'bbox_h': 10, 'bbox_w': 6, 'bbox_area': 60, 'on_edge': 1, 'r0': 0, 'c0': 4, 'r1': 9, 'c1': 9}, {'color': 4, 'count': 18, 'rank': 1, 'bbox_h': 8, 'bbox_w': 3, 'bbox_area': 24, 'on_edge': 1, 'r0': 0, 'c0': 0, 'r1': 7, 'c1': 2}]","['count_max', 'bbox_h_max', 'bbox_w_max', 'bbox_area_max', 'c0_max', 'r1_max', 'c1_max', 'rank0', 'mode_low', 'mode_high']"
238,9,9,True,"{'color': 9, 'count': 24, 'rank': 0, 'bbox_h': 5, 'bbox_w': 9, 'bbox_area': 45, 'on_edge': 1, 'r0': 4, 'c0': 1, 'r1': 8, 'c1': 9}","[{'color': 9, 'count': 24, 'rank': 0, 'bbox_h': 5, 'bbox_w': 9, 'bbox_area': 45, 'on_edge': 1, 'r0': 4, 'c0': 1, 'r1': 8, 'c1': 9}, {'color': 4, 'count': 14, 'rank': 1, 'bbox_h': 3, 'bbox_w': 6, 'bbox_area': 18, 'on_edge': 1, 'r0': 0, 'c0': 2, 'r1': 2, 'c1': 7}]","['count_max', 'bbox_h_max', 'bbox_w_max', 'bbox_area_max', 'r0_max', 'c0_min', 'r1_max', 'c1_max', 'rank0', 'mode_low', 'mode_high']"
239,3,3,True,"{'color': 3, 'count': 14, 'rank': 0, 'bbox_h': 4, 'bbox_w': 5, 'bbox_area': 20, 'on_edge': 1, 'r0': 4, 'c0': 0, 'r1': 7, 'c1': 4}","[{'color': 3, 'count': 14, 'rank': 0, 'bbox_h': 4, 'bbox_w': 5, 'bbox_area': 20, 'on_edge': 1, 'r0': 4, 'c0': 0, 'r1': 7, 'c1': 4}, {'color': 7, 'count': 12, 'rank': 1, 'bbox_h': 3, 'bbox_w': 5, 'bbox_area': 15, 'on_edge': 1, 'r0': 5, 'c0': 5, 'r1': 7, 'c1': 9}]","['count_max', 'bbox_h_max', 'bbox_w_max', 'bbox_w_min', 'bbox_area_max', 'on_edge_max', 'on_edge_min', 'r0_min', 'c0_min', 'r1_max', 'r1_min', 'c1_min', 'rank0', 'mode_low', 'mode_high']"
240,3,3,True,"{'color': 3, 'count': 18, 'rank': 0, 'bbox_h': 5, 'bbox_w': 6, 'bbox_area': 30, 'on_edge': 1, 'r0': 0, 'c0': 3, 'r1': 4, 'c1': 8}","[{'color': 3, 'count': 18, 'rank': 0, 'bbox_h': 5, 'bbox_w': 6, 'bbox_area': 30, 'on_edge': 1, 'r0': 0, 'c0': 3, 'r1': 4, 'c1': 8}, {'color': 2, 'count': 14, 'rank': 1, 'bbox_h': 5, 'bbox_w': 4, 'bbox_area': 20, 'on_edge': 1, 'r0': 5, 'c0': 0, 'r1': 9, 'c1': 3}]","['count_max', 'bbox_w_max', 'bbox_area_max', 'r0_min', 'c0_max', 'r1_min', 'c1_max', 'rank0', 'mode_low', 'mode_high']"
241,5,5,True,"{'color': 5, 'count': 22, 'rank': 0, 'bbox_h': 9, 'bbox_w': 4, 'bbox_area': 36, 'on_edge': 1, 'r0': 1, 'c0': 0, 'r1': 9, 'c1': 3}","[{'color': 5, 'count': 22, 'rank': 0, 'bbox_h': 9, 'bbox_w': 4, 'bbox_area': 36, 'on_edge': 1, 'r0': 1, 'c0': 0, 'r1': 9, 'c1': 3}, {'color': 7, 'count': 20, 'rank': 1, 'bbox_h': 7, 'bbox_w': 5, 'bbox_area': 35, 'on_edge': 1, 'r0': 1, 'c0': 5, 'r1': 7, 'c1': 9}]","['count_max', 'bbox_h_max', 'bbox_w_min', 'bbox_area_max', 'on_edge_max', 'on_edge_min', 'r0_max', 'r0_min', 'c0_min', 'r1_max', 'c1_min', 'rank0', 'mode_low', 'mode_high']"
242,3,3,True,"{'color': 3, 'count': 16, 'rank': 0, 'bbox_h': 7, 'bbox_w': 3, 'bbox_area': 21, 'on_edge': 1, 'r0': 0, 'c0': 0, 'r1': 6, 'c1': 2}","[{'color': 3, 'count': 16, 'rank': 0, 'bbox_h': 7, 'bbox_w': 3, 'bbox_area': 21, 'on_edge': 1, 'r0': 0, 'c0': 0, 'r1': 6, 'c1': 2}, {'color': 6, 'count': 14, 'rank': 1, 'bbox_h': 3, 'bbox_w': 6, 'bbox_area': 18, 'on_edge': 1, 'r0': 0, 'c0': 4, 'r1': 2, 'c1': 9}]","['count_max', 'bbox_h_max', 'bbox_w_min', 'bbox_area_max', 'on_edge_max', 'on_edge_min', 'r0_max', 'r0_min', 'c0_min', 'r1_max', 'c1_min', 'rank0', 'mode_low', 'mode_high']"
243,7,7,True,"{'color': 7, 'count': 16, 'rank': 0, 'bbox_h': 3, 'bbox_w': 7, 'bbox_area': 21, 'on_edge': 1, 'r0': 5, 'c0': 0, 'r1': 7, 'c1': 6}","[{'color': 7, 'count': 16, 'rank': 0, 'bbox_h': 3, 'bbox_w': 7, 'bbox_area': 21, 'on_edge': 1, 'r0': 5, 'c0': 0, 'r1': 7, 'c1': 6}, {'color': 1, 'count': 10, 'rank': 1, 'bbox_h': 4, 'bbox_w': 3, 'bbox_area': 12, 'on_edge': 1, 'r0': 1, 'c0': 7, 'r1': 4, 'c1': 9}]","['count_max', 'bbox_h_min', 'bbox_w_max', 'bbox_area_max', 'r0_max', 'c0_min', 'r1_max', 'c1_min', 'rank0', 'mode_low', 'mode_high']"
244,1,1,True,"{'color': 1, 'count': 22, 'rank': 0, 'bbox_h': 7, 'bbox_w': 6, 'bbox_area': 42, 'on_edge': 1, 'r0': 3, 'c0': 4, 'r1': 9, 'c1': 9}","[{'color': 1, 'count': 22, 'rank': 0, 'bbox_h': 7, 'bbox_w': 6, 'bbox_area': 42, 'on_edge': 1, 'r0': 3, 'c0': 4, 'r1': 9, 'c1': 9}, {'color': 6, 'count': 16, 'rank': 1, 'bbox_h': 7, 'bbox_w': 3, 'bbox_area': 21, 'on_edge': 1, 'r0': 2, 'c0': 0, 'r1': 8, 'c1': 2}]","['count_max', 'bbox_h_max', 'bbox_h_min', 'bbox_w_max', 'bbox_area_max', 'on_edge_max', 'on_edge_min', 'r0_max', 'c0_max', 'r1_max', 'c1_max', 'rank0', 'mode_low', 'mode_high']"
245,7,7,True,"{'color': 7, 'count': 14, 'rank': 0, 'bbox_h': 5, 'bbox_w': 4, 'bbox_area': 20, 'on_edge': 1, 'r0': 4, 'c0': 0, 'r1': 8, 'c1': 3}","[{'color': 7, 'count': 14, 'rank': 0, 'bbox_h': 5, 'bbox_w': 4, 'bbox_area': 20, 'on_edge': 1, 'r0': 4, 'c0': 0, 'r1': 8, 'c1': 3}, {'color': 9, 'count': 12, 'rank': 1, 'bbox_h': 3, 'bbox_w': 5, 'bbox_area': 15, 'on_edge': 1, 'r0': 0, 'c0': 5, 'r1': 2, 'c1': 9}]","['count_max', 'bbox_h_max', 'bbox_w_min', 'bbox_area_max', 'on_edge_max', 'on_edge_min', 'r0_max', 'c0_min', 'r1_max', 'c1_min', 'rank0', 'mode_low', 'mode_high']"
246,2,2,True,"{'color': 2, 'count': 24, 'rank': 0, 'bbox_h': 7, 'bbox_w': 7, 'bbox_area': 49, 'on_edge': 1, 'r0': 0, 'c0': 0, 'r1': 6, 'c1': 6}","[{'color': 2, 'count': 24, 'rank': 0, 'bbox_h': 7, 'bbox_w': 7, 'bbox_area': 49, 'on_edge': 1, 'r0': 0, 'c0': 0, 'r1': 6, 'c1': 6}, {'color': 3, 'count': 10, 'rank': 1, 'bbox_h': 3, 'bbox_w': 4, 'bbox_area': 12, 'on_edge': 1, 'r0': 7, 'c0': 1, 'r1': 9, 'c1': 4}]","['count_max', 'bbox_h_max', 'bbox_w_max', 'bbox_area_max', 'on_edge_max', 'on_edge_min', 'r0_min', 'c0_min', 'r1_min', 'c1_max', 'rank0', 'mode_low', 'mode_high']"
247,8,8,True,"{'color': 8, 'count': 22, 'rank': 0, 'bbox_h': 9, 'bbox_w': 4, 'bbox_area': 36, 'on_edge': 1, 'r0': 1, 'c0': 0, 'r1': 9, 'c1': 3}","[{'color': 8, 'count': 22, 'rank': 0, 'bbox_h': 9, 'bbox_w': 4, 'bbox_area': 36, 'on_edge': 1, 'r0': 1, 'c0': 0, 'r1': 9, 'c1': 3}, {'color': 5, 'count': 20, 'rank': 1, 'bbox_h': 7, 'bbox_w': 5, 'bbox_area': 35, 'on_edge': 1, 'r0': 3, 'c0': 5, 'r1': 9, 'c1': 9}]","['count_max', 'bbox_h_max', 'bbox_w_min', 'bbox_area_max', 'r0_min', 'c0_min', 'c1_min', 'rank0', 'mode_low', 'mode_high']"
248,3,3,True,"{'color': 3, 'count': 30, 'rank': 0, 'bbox_h': 10, 'bbox_w': 7, 'bbox_area': 70, 'on_edge': 1, 'r0': 0, 'c0': 0, 'r1': 9, 'c1': 6}","[{'color': 3, 'count': 30, 'rank': 0, 'bbox_h': 10, 'bbox_w': 7, 'bbox_area': 70, 'on_edge': 1, 'r0': 0, 'c0': 0, 'r1': 9, 'c1': 6}, {'color': 6, 'count': 8, 'rank': 1, 'bbox_h': 3, 'bbox_w': 3, 'bbox_area': 9, 'on_edge': 1, 'r0': 6, 'c0': 7, 'r1': 8, 'c1': 9}]","['count_max', 'bbox_h_max', 'bbox_w_max', 'bbox_area_max', 'on_edge_max', 'on_edge_min', 'r0_min', 'c0_min', 'r1_max', 'c1_min', 'rank0', 'mode_low', 'mode_high']"
249,9,9,True,"{'color': 9, 'count': 22, 'rank': 0, 'bbox_h': 8, 'bbox_w': 5, 'bbox_area': 40, 'on_edge': 1, 'r0': 2, 'c0': 0, 'r1': 9, 'c1': 4}","[{'color': 9, 'count': 22, 'rank': 0, 'bbox_h': 8, 'bbox_w': 5, 'bbox_area': 40, 'on_edge': 1, 'r0': 2, 'c0': 0, 'r1': 9, 'c1': 4}, {'color': 7, 'count': 16, 'rank': 1, 'bbox_h': 5, 'bbox_w': 5, 'bbox_area': 25, 'on_edge': 1, 'r0': 3, 'c0': 5, 'r1': 7, 'c1': 9}]","['count_max', 'bbox_h_max', 'bbox_area_max', 'r0_min', 'c0_min', 'r1_max', 'c1_min', 'rank0', 'mode_low', 'mode_high']"
250,5,5,True,"{'color': 5, 'count': 24, 'rank': 0, 'bbox_h': 8, 'bbox_w': 6, 'bbox_area': 48, 'on_edge': 1, 'r0': 1, 'c0': 0, 'r1': 8, 'c1': 5}","[{'color': 5, 'count': 24, 'rank': 0, 'bbox_h': 8, 'bbox_w': 6, 'bbox_area': 48, 'on_edge': 1, 'r0': 1, 'c0': 0, 'r1': 8, 'c1': 5}, {'color': 8, 'count': 12, 'rank': 1, 'bbox_h': 4, 'bbox_w': 4, 'bbox_area': 16, 'on_edge': 1, 'r0': 6, 'c0': 6, 'r1': 9, 'c1': 9}]","['count_max', 'bbox_h_max', 'bbox_w_max', 'bbox_area_max', 'on_edge_max', 'on_edge_min', 'r0_min', 'c0_min', 'r1_min', 'c1_min', 'rank0', 'mode_low', 'mode_high']"
251,8,8,True,"{'color': 8, 'count': 22, 'rank': 0, 'bbox_h': 8, 'bbox_w': 5, 'bbox_area': 40, 'on_edge': 1, 'r0': 0, 'c0': 0, 'r1': 7, 'c1': 4}","[{'color': 8, 'count': 22, 'rank': 0, 'bbox_h': 8, 'bbox_w': 5, 'bbox_area': 40, 'on_edge': 1, 'r0': 0, 'c0': 0, 'r1': 7, 'c1': 4}, {'color': 2, 'count': 8, 'rank': 1, 'bbox_h': 3, 'bbox_w': 3, 'bbox_area': 9, 'on_edge': 0, 'r0': 6, 'c0': 6, 'r1': 8, 'c1': 8}]","['count_max', 'bbox_h_max', 'bbox_w_max', 'bbox_area_max', 'on_edge_max', 'r0_min', 'c0_min', 'r1_min', 'c1_min', 'rank0', 'mode_low', 'mode_high']"
252,2,2,True,"{'color': 2, 'count': 22, 'rank': 0, 'bbox_h': 3, 'bbox_w': 10, 'bbox_area': 30, 'on_edge': 1, 'r0': 0, 'c0': 0, 'r1': 2, 'c1': 9}","[{'color': 2, 'count': 22, 'rank': 0, 'bbox_h': 3, 'bbox_w': 10, 'bbox_area': 30, 'on_edge': 1, 'r0': 0, 'c0': 0, 'r1': 2, 'c1': 9}, {'color': 5, 'count': 14, 'rank': 1, 'bbox_h': 3, 'bbox_w': 6, 'bbox_area': 18, 'on_edge': 1, 'r0': 4, 'c0': 0, 'r1': 6, 'c1': 5}]","['count_max', 'bbox_h_max', 'bbox_h_min', 'bbox_w_max', 'bbox_area_max', 'on_edge_max', 'on_edge_min', 'r0_min', 'c0_max', 'c0_min', 'r1_min', 'c1_max', 'rank0', 'mode_low', 'mode_high']"
253,3,3,True,"{'color': 3, 'count': 30, 'rank': 0, 'bbox_h': 10, 'bbox_w': 7, 'bbox_area': 70, 'on_edge': 1, 'r0': 0, 'c0': 0, 'r1': 9, 'c1': 6}","[{'color': 3, 'count': 30, 'rank': 0, 'bbox_h': 10, 'bbox_w': 7, 'bbox_area': 70, 'on_edge': 1, 'r0': 0, 'c0': 0, 'r1': 9, 'c1': 6}, {'color': 6, 'count': 10, 'rank': 1, 'bbox_h': 4, 'bbox_w': 3, 'bbox_area': 12, 'on_edge': 1, 'r0': 1, 'c0': 7, 'r1': 4, 'c1': 9}]","['count_max', 'bbox_h_max', 'bbox_w_max', 'bbox_area_max', 'on_edge_max', 'on_edge_min', 'r0_min', 'c0_min', 'r1_max', 'c1_min', 'rank0', 'mode_low', 'mode_high']"
254,3,3,True,"{'color': 3, 'count': 30, 'rank': 0, 'bbox_h': 7, 'bbox_w': 10, 'bbox_area': 70, 'on_edge': 1, 'r0': 0, 'c0': 0, 'r1': 6, 'c1': 9}","[{'color': 3, 'count': 30, 'rank': 0, 'bbox_h': 7, 'bbox_w': 10, 'bbox_area': 70, 'on_edge': 1, 'r0': 0, 'c0': 0, 'r1': 6, 'c1': 9}, {'color': 7, 'count': 20, 'rank': 1, 'bbox_h': 3, 'bbox_w': 9, 'bbox_area': 27, 'on_edge': 1, 'r0': 7, 'c0': 1, 'r1': 9, 'c1': 9}]","['count_max', 'bbox_h_max', 'bbox_w_max', 'bbox_area_max', 'on_edge_max', 'on_edge_min', 'r0_min', 'c0_min', 'r1_min', 'c1_max', 'c1_min', 'rank0', 'mode_low', 'mode_high']"
255,8,1,False,"{'color': 8, 'count': 18, 'rank': 1, 'bbox_h': 7, 'bbox_w': 4, 'bbox_area': 28, 'on_edge': 1, 'r0': 0, 'c0': 1, 'r1': 6, 'c1': 4}","[{'color': 1, 'count': 20, 'rank': 0, 'bbox_h': 3, 'bbox_w': 9, 'bbox_area': 27, 'on_edge': 1, 'r0': 7, 'c0': 1, 'r1': 9, 'c1': 9}, {'color': 8, 'count': 18, 'rank': 1, 'bbox_h': 7, 'bbox_w': 4, 'bbox_area': 28, 'on_edge': 1, 'r0': 0, 'c0': 1, 'r1': 6, 'c1': 4}]","['count_min', 'bbox_h_max', 'bbox_w_min', 'bbox_area_max', 'r0_min', 'r1_min', 'c1_min', 'rank1']"
256,3,3,True,"{'color': 3, 'count': 24, 'rank': 0, 'bbox_h': 5, 'bbox_w': 9, 'bbox_area': 45, 'on_edge': 1, 'r0': 5, 'c0': 0, 'r1': 9, 'c1': 8}","[{'color': 3, 'count': 24, 'rank': 0, 'bbox_h': 5, 'bbox_w': 9, 'bbox_area': 45, 'on_edge': 1, 'r0': 5, 'c0': 0, 'r1': 9, 'c1': 8}, {'color': 9, 'count': 14, 'rank': 1, 'bbox_h': 5, 'bbox_w': 4, 'bbox_area': 20, 'on_edge': 1, 'r0': 0, 'c0': 0, 'r1': 4, 'c1': 3}]","['count_max', 'bbox_h_max', 'bbox_h_min', 'bbox_w_max', 'bbox_area_max', 'on_edge_max', 'on_edge_min', 'r0_max', 'c0_max', 'c0_min', 'r1_max', 'c1_max', 'rank0', 'mode_low', 'mode_high']"
257,3,3,True,"{'color': 3, 'count': 14, 'rank': 0, 'bbox_h': 5, 'bbox_w': 4, 'bbox_area': 20, 'on_edge': 1, 'r0': 1, 'c0': 0, 'r1': 5, 'c1': 3}","[{'color': 3, 'count': 14, 'rank': 0, 'bbox_h': 5, 'bbox_w': 4, 'bbox_area': 20, 'on_edge': 1, 'r0': 1, 'c0': 0, 'r1': 5, 'c1': 3}, {'color': 5, 'count': 8, 'rank': 1, 'bbox_h': 3, 'bbox_w': 3, 'bbox_area': 9, 'on_edge': 0, 'r0': 4, 'c0': 5, 'r1': 6, 'c1': 7}]","['count_max', 'bbox_h_max', 'bbox_w_max', 'bbox_area_max', 'on_edge_max', 'r0_min', 'c0_min', 'r1_min', 'c1_min', 'rank0', 'mode_low', 'mode_high']"
258,2,2,True,"{'color': 2, 'count': 26, 'rank': 0, 'bbox_h': 9, 'bbox_w': 6, 'bbox_area': 54, 'on_edge': 1, 'r0': 1, 'c0': 0, 'r1': 9, 'c1': 5}","[{'color': 2, 'count': 26, 'rank': 0, 'bbox_h': 9, 'bbox_w': 6, 'bbox_area': 54, 'on_edge': 1, 'r0': 1, 'c0': 0, 'r1': 9, 'c1': 5}, {'color': 5, 'count': 16, 'rank': 1, 'bbox_h': 6, 'bbox_w': 4, 'bbox_area': 24, 'on_edge': 1, 'r0': 2, 'c0': 6, 'r1': 7, 'c1': 9}]","['count_max', 'bbox_h_max', 'bbox_w_max', 'bbox_area_max', 'on_edge_max', 'on_edge_min', 'r0_min', 'c0_min', 'r1_max', 'c1_min', 'rank0', 'mode_low', 'mode_high']"
259,8,8,True,"{'color': 8, 'count': 12, 'rank': 0, 'bbox_h': 3, 'bbox_w': 5, 'bbox_area': 15, 'on_edge': 1, 'r0': 4, 'c0': 0, 'r1': 6, 'c1': 4}","[{'color': 8, 'count': 12, 'rank': 0, 'bbox_h': 3, 'bbox_w': 5, 'bbox_area': 15, 'on_edge': 1, 'r0': 4, 'c0': 0, 'r1': 6, 'c1': 4}, {'color': 5, 'count': 10, 'rank': 1, 'bbox_h': 4, 'bbox_w': 3, 'bbox_area': 12, 'on_edge': 0, 'r0': 4, 'c0': 6, 'r1': 7, 'c1': 8}]","['count_max', 'bbox_h_min', 'bbox_w_max', 'bbox_area_max', 'on_edge_max', 'c0_min', 'r1_min', 'c1_min', 'rank0', 'mode_low', 'mode_high']"
260,1,1,True,"{'color': 1, 'count': 26, 'rank': 0, 'bbox_h': 5, 'bbox_w': 10, 'bbox_area': 50, 'on_edge': 1, 'r0': 5, 'c0': 0, 'r1': 9, 'c1': 9}","[{'color': 1, 'count': 26, 'rank': 0, 'bbox_h': 5, 'bbox_w': 10, 'bbox_area': 50, 'on_edge': 1, 'r0': 5, 'c0': 0, 'r1': 9, 'c1': 9}, {'color': 2, 'count': 14, 'rank': 1, 'bbox_h': 5, 'bbox_w': 4, 'bbox_area': 20, 'on_edge': 1, 'r0': 0, 'c0': 0, 'r1': 4, 'c1': 3}]","['count_max', 'bbox_h_max', 'bbox_h_min', 'bbox_w_max', 'bbox_area_max', 'on_edge_max', 'on_edge_min', 'r0_max', 'c0_max', 'c0_min', 'r1_max', 'c1_max', 'rank0', 'mode_low', 'mode_high']"
261,2,2,True,"{'color': 2, 'count': 22, 'rank': 0, 'bbox_h': 9, 'bbox_w': 4, 'bbox_area': 36, 'on_edge': 1, 'r0': 1, 'c0': 0, 'r1': 9, 'c1': 3}","[{'color': 2, 'count': 22, 'rank': 0, 'bbox_h': 9, 'bbox_w': 4, 'bbox_area': 36, 'on_edge': 1, 'r0': 1, 'c0': 0, 'r1': 9, 'c1': 3}, {'color': 1, 'count': 10, 'rank': 1, 'bbox_h': 4, 'bbox_w': 3, 'bbox_area': 12, 'on_edge': 1, 'r0': 6, 'c0': 5, 'r1': 9, 'c1': 7}]","['count_max', 'bbox_h_max', 'bbox_w_max', 'bbox_area_max', 'r0_min', 'c0_min', 'c1_min', 'rank0', 'mode_low', 'mode_high']"
262,2,2,True,"{'color': 2, 'count': 12, 'rank': 0, 'bbox_h': 3, 'bbox_w': 5, 'bbox_area': 15, 'on_edge': 1, 'r0': 7, 'c0': 0, 'r1': 9, 'c1': 4}","[{'color': 2, 'count': 12, 'rank': 0, 'bbox_h': 3, 'bbox_w': 5, 'bbox_area': 15, 'on_edge': 1, 'r0': 7, 'c0': 0, 'r1': 9, 'c1': 4}, {'color': 7, 'count': 10, 'rank': 1, 'bbox_h': 4, 'bbox_w': 3, 'bbox_area': 12, 'on_edge': 0, 'r0': 1, 'c0': 6, 'r1': 4, 'c1': 8}]","['count_max', 'bbox_h_min', 'bbox_w_max', 'bbox_area_max', 'on_edge_max', 'r0_max', 'c0_min', 'r1_max', 'c1_min', 'rank0', 'mode_low', 'mode_high']"
263,2,2,True,"{'color': 2, 'count': 26, 'rank': 0, 'bbox_h': 5, 'bbox_w': 10, 'bbox_area': 50, 'on_edge': 1, 'r0': 0, 'c0': 0, 'r1': 4, 'c1': 9}","[{'color': 2, 'count': 26, 'rank': 0, 'bbox_h': 5, 'bbox_w': 10, 'bbox_area': 50, 'on_edge': 1, 'r0': 0, 'c0': 0, 'r1': 4, 'c1': 9}, {'color': 9, 'count': 22, 'rank': 1, 'bbox_h': 4, 'bbox_w': 9, 'bbox_area': 36, 'on_edge': 1, 'r0': 6, 'c0': 0, 'r1': 9, 'c1': 8}]","['count_max', 'bbox_h_max', 'bbox_w_max', 'bbox_area_max', 'on_edge_max', 'on_edge_min', 'r0_min', 'c0_max', 'c0_min', 'r1_min', 'c1_max', 'rank0', 'mode_low', 'mode_high']"
264,9,9,True,"{'color': 9, 'count': 20, 'rank': 0, 'bbox_h': 7, 'bbox_w': 5, 'bbox_area': 35, 'on_edge': 1, 'r0': 2, 'c0': 0, 'r1': 8, 'c1': 4}","[{'color': 9, 'count': 20, 'rank': 0, 'bbox_h': 7, 'bbox_w': 5, 'bbox_area': 35, 'on_edge': 1, 'r0': 2, 'c0': 0, 'r1': 8, 'c1': 4}, {'color': 4, 'count': 18, 'rank': 1, 'bbox_h': 8, 'bbox_w': 3, 'bbox_area': 24, 'on_edge': 1, 'r0': 2, 'c0': 6, 'r1': 9, 'c1': 8}]","['count_max', 'bbox_h_min', 'bbox_w_max', 'bbox_area_max', 'c0_min', 'r1_min', 'c1_min', 'rank0', 'mode_low', 'mode_high']"
265,1,1,True,"{'color': 1, 'count': 24, 'rank': 0, 'bbox_h': 6, 'bbox_w': 8, 'bbox_area': 48, 'on_edge': 1, 'r0': 0, 'c0': 1, 'r1': 5, 'c1': 8}","[{'color': 1, 'count': 24, 'rank': 0, 'bbox_h': 6, 'bbox_w': 8, 'bbox_area': 48, 'on_edge': 1, 'r0': 0, 'c0': 1, 'r1': 5, 'c1': 8}, {'color': 8, 'count': 18, 'rank': 1, 'bbox_h': 3, 'bbox_w': 8, 'bbox_area': 24, 'on_edge': 1, 'r0': 7, 'c0': 1, 'r1': 9, 'c1': 8}]","['count_max', 'bbox_h_max', 'bbox_w_max', 'bbox_w_min', 'bbox_area_max', 'on_edge_max', 'on_edge_min', 'r0_min', 'c0_max', 'c0_min', 'r1_min', 'c1_max', 'c1_min', 'rank0', 'mode_low', 'mode_high']"
