idx,target,target_count_rank,stats,rules_hit
0,6,2,"[{'color': 1, 'count': 4, 'bbox_h': 2, 'bbox_w': 2, 'bbox_area': 4, 'r0': 3, 'c0': 5, 'r1': 4, 'c1': 6, 'edge_count': 0, 'largest_component': 4}, {'color': 2, 'count': 15, 'bbox_h': 3, 'bbox_w': 5, 'bbox_area': 15, 'r0': 7, 'c0': 3, 'r1': 9, 'c1': 7, 'edge_count': 0, 'largest_component': 15}, {'color': 3, 'count': 9, 'bbox_h': 3, 'bbox_w': 3, 'bbox_area': 9, 'r0': 1, 'c0': 8, 'r1': 3, 'c1': 10, 'edge_count': 0, 'largest_component': 9}, {'color': 4, 'count': 6, 'bbox_h': 2, 'bbox_w': 3, 'bbox_area': 6, 'r0': 11, 'c0': 0, 'r1': 12, 'c1': 2, 'edge_count': 2, 'largest_component': 6}, {'color': 6, 'count': 10, 'bbox_h': 4, 'bbox_w': 3, 'bbox_area': 12, 'r0': 1, 'c0': 1, 'r1': 4, 'c1': 3, 'edge_count': 0, 'largest_component': 10}, {'color': 7, 'count': 9, 'bbox_h': 3, 'bbox_w': 3, 'bbox_area': 9, 'r0': 5, 'c0': 9, 'r1': 7, 'c1': 11, 'edge_count': 0, 'largest_component': 9}, {'color': 8, 'count': 12, 'bbox_h': 3, 'bbox_w': 4, 'bbox_area': 12, 'r0': 11, 'c0': 8, 'r1': 13, 'c1': 11, 'edge_count': 0, 'largest_component': 12}]","['bbox_h_max_low', 'bbox_h_max_high', 'r0_min_high', 'count_rank2']"
1,5,0,"[{'color': 2, 'count': 18, 'bbox_h': 6, 'bbox_w': 3, 'bbox_area': 18, 'r0': 6, 'c0': 3, 'r1': 11, 'c1': 5, 'edge_count': 0, 'largest_component': 18}, {'color': 4, 'count': 20, 'bbox_h': 4, 'bbox_w': 5, 'bbox_area': 20, 'r0': 11, 'c0': 10, 'r1': 14, 'c1': 14, 'edge_count': 5, 'largest_component': 20}, {'color': 5, 'count': 24, 'bbox_h': 7, 'bbox_w': 4, 'bbox_area': 28, 'r0': 3, 'c0': 7, 'r1': 9, 'c1': 10, 'edge_count': 0, 'largest_component': 24}, {'color': 7, 'count': 24, 'bbox_h': 6, 'bbox_w': 4, 'bbox_area': 24, 'r0': 0, 'c0': 13, 'r1': 5, 'c1': 16, 'edge_count': 9, 'largest_component': 24}, {'color': 8, 'count': 15, 'bbox_h': 3, 'bbox_w': 5, 'bbox_area': 15, 'r0': 2, 'c0': 0, 'r1': 4, 'c1': 4, 'edge_count': 3, 'largest_component': 15}]","['count_max_low', 'bbox_h_max_low', 'bbox_h_max_high', 'bbox_area_max_low', 'bbox_area_max_high', 'edge_count_min_high', 'largest_component_max_low', 'count_rank0']"
2,2,2,"[{'color': 1, 'count': 30, 'bbox_h': 5, 'bbox_w': 6, 'bbox_area': 30, 'r0': 1, 'c0': 2, 'r1': 5, 'c1': 7, 'edge_count': 0, 'largest_component': 30}, {'color': 2, 'count': 29, 'bbox_h': 5, 'bbox_w': 7, 'bbox_area': 35, 'r0': 9, 'c0': 2, 'r1': 13, 'c1': 8, 'edge_count': 0, 'largest_component': 29}, {'color': 3, 'count': 30, 'bbox_h': 6, 'bbox_w': 5, 'bbox_area': 30, 'r0': 2, 'c0': 10, 'r1': 7, 'c1': 14, 'edge_count': 0, 'largest_component': 30}, {'color': 7, 'count': 20, 'bbox_h': 4, 'bbox_w': 5, 'bbox_area': 20, 'r0': 9, 'c0': 11, 'r1': 12, 'c1': 15, 'edge_count': 0, 'largest_component': 20}]","['bbox_w_max_low', 'bbox_w_max_high', 'bbox_area_max_low', 'bbox_area_max_high', 'r0_max_low', 'c0_min_high', 'r1_max_low', 'r1_max_high', 'count_rank2']"
3,7,4,"[{'color': 2, 'count': 48, 'bbox_h': 6, 'bbox_w': 8, 'bbox_area': 48, 'r0': 1, 'c0': 0, 'r1': 6, 'c1': 7, 'edge_count': 6, 'largest_component': 48}, {'color': 3, 'count': 20, 'bbox_h': 5, 'bbox_w': 4, 'bbox_area': 20, 'r0': 0, 'c0': 10, 'r1': 4, 'c1': 13, 'edge_count': 4, 'largest_component': 20}, {'color': 4, 'count': 16, 'bbox_h': 4, 'bbox_w': 4, 'bbox_area': 16, 'r0': 6, 'c0': 9, 'r1': 9, 'c1': 12, 'edge_count': 0, 'largest_component': 16}, {'color': 5, 'count': 9, 'bbox_h': 3, 'bbox_w': 3, 'bbox_area': 9, 'r0': 8, 'c0': 1, 'r1': 10, 'c1': 3, 'edge_count': 0, 'largest_component': 9}, {'color': 7, 'count': 10, 'bbox_h': 3, 'bbox_w': 4, 'bbox_area': 12, 'r0': 11, 'c0': 10, 'r1': 13, 'c1': 13, 'edge_count': 4, 'largest_component': 10}, {'color': 8, 'count': 16, 'bbox_h': 4, 'bbox_w': 4, 'bbox_area': 16, 'r0': 9, 'c0': 4, 'r1': 12, 'c1': 7, 'edge_count': 0, 'largest_component': 16}]","['bbox_h_min_high', 'r0_max_low', 'r0_max_high', 'c0_max_high', 'r1_max_low', 'r1_max_high', 'c1_max_high']"
4,9,2,"[{'color': 4, 'count': 6, 'bbox_h': 2, 'bbox_w': 3, 'bbox_area': 6, 'r0': 8, 'c0': 7, 'r1': 9, 'c1': 9, 'edge_count': 0, 'largest_component': 6}, {'color': 5, 'count': 18, 'bbox_h': 6, 'bbox_w': 3, 'bbox_area': 18, 'r0': 2, 'c0': 9, 'r1': 7, 'c1': 11, 'edge_count': 6, 'largest_component': 18}, {'color': 8, 'count': 18, 'bbox_h': 3, 'bbox_w': 6, 'bbox_area': 18, 'r0': 12, 'c0': 0, 'r1': 14, 'c1': 5, 'edge_count': 3, 'largest_component': 18}, {'color': 9, 'count': 8, 'bbox_h': 3, 'bbox_w': 3, 'bbox_area': 9, 'r0': 1, 'c0': 5, 'r1': 3, 'c1': 7, 'edge_count': 0, 'largest_component': 8}]","['bbox_w_min_high', 'r0_min_low', 'r0_min_high', 'r1_min_low', 'r1_min_high', 'edge_count_min_high', 'count_rank2']"
5,9,3,"[{'color': 4, 'count': 18, 'bbox_h': 3, 'bbox_w': 6, 'bbox_area': 18, 'r0': 0, 'c0': 6, 'r1': 2, 'c1': 11, 'edge_count': 6, 'largest_component': 18}, {'color': 5, 'count': 28, 'bbox_h': 7, 'bbox_w': 4, 'bbox_area': 28, 'r0': 5, 'c0': 1, 'r1': 11, 'c1': 4, 'edge_count': 0, 'largest_component': 28}, {'color': 8, 'count': 30, 'bbox_h': 5, 'bbox_w': 6, 'bbox_area': 30, 'r0': 4, 'c0': 7, 'r1': 8, 'c1': 12, 'edge_count': 0, 'largest_component': 30}, {'color': 9, 'count': 10, 'bbox_h': 4, 'bbox_w': 3, 'bbox_area': 12, 'r0': 9, 'c0': 5, 'r1': 12, 'c1': 7, 'edge_count': 0, 'largest_component': 10}]","['count_min_low', 'count_min_high', 'bbox_w_min_low', 'bbox_w_min_high', 'bbox_area_min_low', 'bbox_area_min_high', 'r0_max_low', 'r0_max_high', 'r1_max_low', 'r1_max_high', 'edge_count_min_high', 'largest_component_min_low', 'largest_component_min_high', 'count_rank3']"
6,5,3,"[{'color': 5, 'count': 14, 'bbox_h': 3, 'bbox_w': 6, 'bbox_area': 18, 'r0': 9, 'c0': 1, 'r1': 11, 'c1': 6, 'edge_count': 0, 'largest_component': 14}, {'color': 6, 'count': 24, 'bbox_h': 6, 'bbox_w': 4, 'bbox_area': 24, 'r0': 2, 'c0': 0, 'r1': 7, 'c1': 3, 'edge_count': 6, 'largest_component': 24}, {'color': 7, 'count': 16, 'bbox_h': 2, 'bbox_w': 8, 'bbox_area': 16, 'r0': 7, 'c0': 7, 'r1': 8, 'c1': 14, 'edge_count': 0, 'largest_component': 16}, {'color': 9, 'count': 48, 'bbox_h': 6, 'bbox_w': 8, 'bbox_area': 48, 'r0': 1, 'c0': 9, 'r1': 6, 'c1': 16, 'edge_count': 0, 'largest_component': 48}]","['count_min_low', 'count_min_high', 'r0_max_low', 'r0_max_high', 'r1_max_low', 'r1_max_high', 'edge_count_min_low', 'largest_component_min_low', 'largest_component_min_high', 'count_rank3']"
7,7,1,"[{'color': 3, 'count': 9, 'bbox_h': 3, 'bbox_w': 3, 'bbox_area': 9, 'r0': 0, 'c0': 8, 'r1': 2, 'c1': 10, 'edge_count': 3, 'largest_component': 9}, {'color': 4, 'count': 4, 'bbox_h': 2, 'bbox_w': 2, 'bbox_area': 4, 'r0': 11, 'c0': 9, 'r1': 12, 'c1': 10, 'edge_count': 0, 'largest_component': 4}, {'color': 5, 'count': 35, 'bbox_h': 7, 'bbox_w': 5, 'bbox_area': 35, 'r0': 3, 'c0': 10, 'r1': 9, 'c1': 14, 'edge_count': 0, 'largest_component': 35}, {'color': 6, 'count': 12, 'bbox_h': 4, 'bbox_w': 3, 'bbox_area': 12, 'r0': 11, 'c0': 3, 'r1': 14, 'c1': 5, 'edge_count': 3, 'largest_component': 12}, {'color': 7, 'count': 27, 'bbox_h': 5, 'bbox_w': 6, 'bbox_area': 30, 'r0': 5, 'c0': 2, 'r1': 9, 'c1': 7, 'edge_count': 0, 'largest_component': 27}, {'color': 8, 'count': 4, 'bbox_h': 2, 'bbox_w': 2, 'bbox_area': 4, 'r0': 0, 'c0': 14, 'r1': 1, 'c1': 15, 'edge_count': 3, 'largest_component': 4}]","['bbox_w_max_low', 'bbox_w_max_high', 'c0_min_low', 'c0_min_high', 'edge_count_min_high', 'count_rank1']"
8,3,0,"[{'color': 1, 'count': 10, 'bbox_h': 5, 'bbox_w': 2, 'bbox_area': 10, 'r0': 1, 'c0': 10, 'r1': 5, 'c1': 11, 'edge_count': 0, 'largest_component': 10}, {'color': 2, 'count': 8, 'bbox_h': 4, 'bbox_w': 2, 'bbox_area': 8, 'r0': 6, 'c0': 12, 'r1': 9, 'c1': 13, 'edge_count': 0, 'largest_component': 8}, {'color': 3, 'count': 26, 'bbox_h': 4, 'bbox_w': 7, 'bbox_area': 28, 'r0': 7, 'c0': 3, 'r1': 10, 'c1': 9, 'edge_count': 0, 'largest_component': 26}, {'color': 4, 'count': 12, 'bbox_h': 2, 'bbox_w': 6, 'bbox_area': 12, 'r0': 15, 'c0': 6, 'r1': 16, 'c1': 11, 'edge_count': 6, 'largest_component': 12}, {'color': 6, 'count': 8, 'bbox_h': 4, 'bbox_w': 2, 'bbox_area': 8, 'r0': 13, 'c0': 2, 'r1': 16, 'c1': 3, 'edge_count': 2, 'largest_component': 8}, {'color': 7, 'count': 14, 'bbox_h': 7, 'bbox_w': 2, 'bbox_area': 14, 'r0': 6, 'c0': 0, 'r1': 12, 'c1': 1, 'edge_count': 7, 'largest_component': 14}, {'color': 8, 'count': 6, 'bbox_h': 2, 'bbox_w': 3, 'bbox_area': 6, 'r0': 3, 'c0': 7, 'r1': 4, 'c1': 9, 'edge_count': 0, 'largest_component': 6}]","['count_max_low', 'count_max_high', 'bbox_w_max_low', 'bbox_w_max_high', 'bbox_area_max_low', 'bbox_area_max_high', 'largest_component_max_low', 'largest_component_max_high', 'count_rank0']"
9,7,5,"[{'color': 1, 'count': 48, 'bbox_h': 6, 'bbox_w': 8, 'bbox_area': 48, 'r0': 11, 'c0': 8, 'r1': 16, 'c1': 15, 'edge_count': 8, 'largest_component': 48}, {'color': 2, 'count': 35, 'bbox_h': 5, 'bbox_w': 7, 'bbox_area': 35, 'r0': 1, 'c0': 0, 'r1': 5, 'c1': 6, 'edge_count': 5, 'largest_component': 35}, {'color': 3, 'count': 16, 'bbox_h': 4, 'bbox_w': 4, 'bbox_area': 16, 'r0': 0, 'c0': 10, 'r1': 3, 'c1': 13, 'edge_count': 4, 'largest_component': 16}, {'color': 4, 'count': 15, 'bbox_h': 3, 'bbox_w': 5, 'bbox_area': 15, 'r0': 8, 'c0': 5, 'r1': 10, 'c1': 9, 'edge_count': 0, 'largest_component': 15}, {'color': 6, 'count': 12, 'bbox_h': 3, 'bbox_w': 4, 'bbox_area': 12, 'r0': 5, 'c0': 9, 'r1': 7, 'c1': 12, 'edge_count': 0, 'largest_component': 12}, {'color': 7, 'count': 8, 'bbox_h': 3, 'bbox_w': 3, 'bbox_area': 9, 'r0': 13, 'c0': 0, 'r1': 15, 'c1': 2, 'edge_count': 3, 'largest_component': 8}]","['count_min_low', 'count_min_high', 'bbox_h_min_high', 'bbox_w_min_low', 'bbox_w_min_high', 'bbox_area_min_low', 'bbox_area_min_high', 'r0_max_low', 'r0_max_high', 'c0_min_high', 'c1_min_low', 'c1_min_high', 'largest_component_min_low', 'largest_component_min_high']"
10,5,2,"[{'color': 1, 'count': 9, 'bbox_h': 3, 'bbox_w': 3, 'bbox_area': 9, 'r0': 3, 'c0': 7, 'r1': 5, 'c1': 9, 'edge_count': 0, 'largest_component': 9}, {'color': 3, 'count': 6, 'bbox_h': 2, 'bbox_w': 3, 'bbox_area': 6, 'r0': 11, 'c0': 14, 'r1': 12, 'c1': 16, 'edge_count': 0, 'largest_component': 6}, {'color': 5, 'count': 19, 'bbox_h': 4, 'bbox_w': 5, 'bbox_area': 20, 'r0': 9, 'c0': 7, 'r1': 12, 'c1': 11, 'edge_count': 0, 'largest_component': 19}, {'color': 6, 'count': 40, 'bbox_h': 8, 'bbox_w': 5, 'bbox_area': 40, 'r0': 1, 'c0': 13, 'r1': 8, 'c1': 17, 'edge_count': 8, 'largest_component': 40}, {'color': 7, 'count': 42, 'bbox_h': 7, 'bbox_w': 6, 'bbox_area': 42, 'r0': 1, 'c0': 1, 'r1': 7, 'c1': 6, 'edge_count': 0, 'largest_component': 42}]","['r1_max_high', 'count_rank2']"
11,1,2,"[{'color': 1, 'count': 19, 'bbox_h': 5, 'bbox_w': 4, 'bbox_area': 20, 'r0': 4, 'c0': 3, 'r1': 8, 'c1': 6, 'edge_count': 0, 'largest_component': 19}, {'color': 2, 'count': 35, 'bbox_h': 5, 'bbox_w': 7, 'bbox_area': 35, 'r0': 13, 'c0': 6, 'r1': 17, 'c1': 12, 'edge_count': 7, 'largest_component': 35}, {'color': 6, 'count': 9, 'bbox_h': 3, 'bbox_w': 3, 'bbox_area': 9, 'r0': 1, 'c0': 4, 'r1': 3, 'c1': 6, 'edge_count': 0, 'largest_component': 9}, {'color': 8, 'count': 30, 'bbox_h': 5, 'bbox_w': 6, 'bbox_area': 30, 'r0': 8, 'c0': 9, 'r1': 12, 'c1': 14, 'edge_count': 5, 'largest_component': 30}]","['bbox_h_max_low', 'c0_min_low', 'c0_min_high', 'c1_min_low', 'edge_count_min_low', 'count_rank2']"
12,9,1,"[{'color': 1, 'count': 4, 'bbox_h': 2, 'bbox_w': 2, 'bbox_area': 4, 'r0': 0, 'c0': 11, 'r1': 1, 'c1': 12, 'edge_count': 2, 'largest_component': 4}, {'color': 2, 'count': 12, 'bbox_h': 4, 'bbox_w': 3, 'bbox_area': 12, 'r0': 13, 'c0': 9, 'r1': 16, 'c1': 11, 'edge_count': 0, 'largest_component': 12}, {'color': 3, 'count': 10, 'bbox_h': 2, 'bbox_w': 5, 'bbox_area': 10, 'r0': 13, 'c0': 1, 'r1': 14, 'c1': 5, 'edge_count': 0, 'largest_component': 10}, {'color': 4, 'count': 16, 'bbox_h': 2, 'bbox_w': 8, 'bbox_area': 16, 'r0': 16, 'c0': 0, 'r1': 17, 'c1': 7, 'edge_count': 9, 'largest_component': 16}, {'color': 6, 'count': 24, 'bbox_h': 6, 'bbox_w': 4, 'bbox_area': 24, 'r0': 5, 'c0': 2, 'r1': 10, 'c1': 5, 'edge_count': 0, 'largest_component': 24}, {'color': 8, 'count': 20, 'bbox_h': 5, 'bbox_w': 4, 'bbox_area': 20, 'r0': 7, 'c0': 12, 'r1': 11, 'c1': 15, 'edge_count': 5, 'largest_component': 20}, {'color': 9, 'count': 21, 'bbox_h': 6, 'bbox_w': 5, 'bbox_area': 30, 'r0': 7, 'c0': 6, 'r1': 12, 'c1': 10, 'edge_count': 0, 'largest_component': 21}]","['bbox_h_max_high', 'bbox_area_max_low', 'bbox_area_max_high', 'edge_count_min_high', 'count_rank1']"
13,5,2,"[{'color': 5, 'count': 13, 'bbox_h': 5, 'bbox_w': 3, 'bbox_area': 15, 'r0': 1, 'c0': 6, 'r1': 5, 'c1': 8, 'edge_count': 0, 'largest_component': 13}, {'color': 7, 'count': 24, 'bbox_h': 3, 'bbox_w': 8, 'bbox_area': 24, 'r0': 9, 'c0': 5, 'r1': 11, 'c1': 12, 'edge_count': 0, 'largest_component': 24}, {'color': 8, 'count': 12, 'bbox_h': 6, 'bbox_w': 2, 'bbox_area': 12, 'r0': 5, 'c0': 13, 'r1': 10, 'c1': 14, 'edge_count': 0, 'largest_component': 12}, {'color': 9, 'count': 16, 'bbox_h': 4, 'bbox_w': 4, 'bbox_area': 16, 'r0': 11, 'c0': 0, 'r1': 14, 'c1': 3, 'edge_count': 7, 'largest_component': 16}]","['r0_min_low', 'r0_min_high', 'r1_min_low', 'r1_min_high', 'edge_count_min_low', 'count_rank2']"
14,6,2,"[{'color': 2, 'count': 16, 'bbox_h': 4, 'bbox_w': 4, 'bbox_area': 16, 'r0': 6, 'c0': 6, 'r1': 9, 'c1': 9, 'edge_count': 0, 'largest_component': 16}, {'color': 4, 'count': 4, 'bbox_h': 2, 'bbox_w': 2, 'bbox_area': 4, 'r0': 11, 'c0': 0, 'r1': 12, 'c1': 1, 'edge_count': 2, 'largest_component': 4}, {'color': 6, 'count': 16, 'bbox_h': 3, 'bbox_w': 6, 'bbox_area': 18, 'r0': 3, 'c0': 9, 'r1': 5, 'c1': 14, 'edge_count': 3, 'largest_component': 16}, {'color': 7, 'count': 12, 'bbox_h': 3, 'bbox_w': 4, 'bbox_area': 12, 'r0': 10, 'c0': 9, 'r1': 12, 'c1': 12, 'edge_count': 0, 'largest_component': 12}, {'color': 8, 'count': 25, 'bbox_h': 5, 'bbox_w': 5, 'bbox_area': 25, 'r0': 0, 'c0': 1, 'r1': 4, 'c1': 5, 'edge_count': 5, 'largest_component': 25}, {'color': 9, 'count': 9, 'bbox_h': 3, 'bbox_w': 3, 'bbox_area': 9, 'r0': 10, 'c0': 5, 'r1': 12, 'c1': 7, 'edge_count': 0, 'largest_component': 9}]","['bbox_w_max_low', 'bbox_w_max_high', 'c0_max_low', 'c1_max_low', 'c1_max_high', 'count_rank2']"
15,5,2,"[{'color': 1, 'count': 4, 'bbox_h': 2, 'bbox_w': 2, 'bbox_area': 4, 'r0': 7, 'c0': 12, 'r1': 8, 'c1': 13, 'edge_count': 0, 'largest_component': 4}, {'color': 5, 'count': 10, 'bbox_h': 3, 'bbox_w': 4, 'bbox_area': 12, 'r0': 8, 'c0': 8, 'r1': 10, 'c1': 11, 'edge_count': 0, 'largest_component': 10}, {'color': 6, 'count': 20, 'bbox_h': 4, 'bbox_w': 5, 'bbox_area': 20, 'r0': 4, 'c0': 5, 'r1': 7, 'c1': 9, 'edge_count': 0, 'largest_component': 20}, {'color': 9, 'count': 21, 'bbox_h': 7, 'bbox_w': 3, 'bbox_area': 21, 'r0': 3, 'c0': 0, 'r1': 9, 'c1': 2, 'edge_count': 7, 'largest_component': 21}]","['r0_max_low', 'r0_max_high', 'r1_max_low', 'r1_max_high', 'count_rank2']"
16,9,3,"[{'color': 1, 'count': 15, 'bbox_h': 5, 'bbox_w': 3, 'bbox_area': 15, 'r0': 4, 'c0': 0, 'r1': 8, 'c1': 2, 'edge_count': 5, 'largest_component': 15}, {'color': 3, 'count': 24, 'bbox_h': 3, 'bbox_w': 8, 'bbox_area': 24, 'r0': 6, 'c0': 6, 'r1': 8, 'c1': 13, 'edge_count': 0, 'largest_component': 24}, {'color': 4, 'count': 9, 'bbox_h': 3, 'bbox_w': 3, 'bbox_area': 9, 'r0': 1, 'c0': 12, 'r1': 3, 'c1': 14, 'edge_count': 3, 'largest_component': 9}, {'color': 6, 'count': 21, 'bbox_h': 7, 'bbox_w': 3, 'bbox_area': 21, 'r0': 11, 'c0': 9, 'r1': 17, 'c1': 11, 'edge_count': 3, 'largest_component': 21}, {'color': 7, 'count': 49, 'bbox_h': 7, 'bbox_w': 7, 'bbox_area': 49, 'r0': 11, 'c0': 1, 'r1': 17, 'c1': 7, 'edge_count': 7, 'largest_component': 49}, {'color': 9, 'count': 20, 'bbox_h': 6, 'bbox_w': 4, 'bbox_area': 24, 'r0': 0, 'c0': 6, 'r1': 5, 'c1': 9, 'edge_count': 4, 'largest_component': 20}]","['r0_min_low', 'r0_min_high', 'count_rank3']"
17,9,3,"[{'color': 1, 'count': 18, 'bbox_h': 3, 'bbox_w': 6, 'bbox_area': 18, 'r0': 1, 'c0': 0, 'r1': 3, 'c1': 5, 'edge_count': 3, 'largest_component': 18}, {'color': 3, 'count': 24, 'bbox_h': 4, 'bbox_w': 6, 'bbox_area': 24, 'r0': 5, 'c0': 0, 'r1': 8, 'c1': 5, 'edge_count': 4, 'largest_component': 24}, {'color': 6, 'count': 18, 'bbox_h': 3, 'bbox_w': 6, 'bbox_area': 18, 'r0': 4, 'c0': 8, 'r1': 6, 'c1': 13, 'edge_count': 0, 'largest_component': 18}, {'color': 9, 'count': 8, 'bbox_h': 3, 'bbox_w': 3, 'bbox_area': 9, 'r0': 0, 'c0': 6, 'r1': 2, 'c1': 8, 'edge_count': 3, 'largest_component': 8}]","['count_min_low', 'count_min_high', 'bbox_h_min_high', 'bbox_w_min_low', 'bbox_w_min_high', 'bbox_area_min_low', 'bbox_area_min_high', 'r0_min_low', 'r0_min_high', 'r1_min_low', 'r1_min_high', 'largest_component_min_low', 'largest_component_min_high', 'count_rank3']"
18,6,5,"[{'color': 2, 'count': 15, 'bbox_h': 3, 'bbox_w': 5, 'bbox_area': 15, 'r0': 0, 'c0': 6, 'r1': 2, 'c1': 10, 'edge_count': 5, 'largest_component': 15}, {'color': 3, 'count': 21, 'bbox_h': 3, 'bbox_w': 7, 'bbox_area': 21, 'r0': 7, 'c0': 9, 'r1': 9, 'c1': 15, 'edge_count': 3, 'largest_component': 21}, {'color': 4, 'count': 25, 'bbox_h': 5, 'bbox_w': 5, 'bbox_area': 25, 'r0': 0, 'c0': 11, 'r1': 4, 'c1': 15, 'edge_count': 9, 'largest_component': 25}, {'color': 6, 'count': 11, 'bbox_h': 3, 'bbox_w': 4, 'bbox_area': 12, 'r0': 9, 'c0': 2, 'r1': 11, 'c1': 5, 'edge_count': 4, 'largest_component': 11}, {'color': 7, 'count': 4, 'bbox_h': 2, 'bbox_w': 2, 'bbox_area': 4, 'r0': 4, 'c0': 7, 'r1': 5, 'c1': 8, 'edge_count': 0, 'largest_component': 4}, {'color': 8, 'count': 12, 'bbox_h': 3, 'bbox_w': 4, 'bbox_area': 12, 'r0': 2, 'c0': 1, 'r1': 4, 'c1': 4, 'edge_count': 0, 'largest_component': 12}, {'color': 9, 'count': 14, 'bbox_h': 2, 'bbox_w': 7, 'bbox_area': 14, 'r0': 5, 'c0': 0, 'r1': 6, 'c1': 6, 'edge_count': 2, 'largest_component': 14}]","['r0_max_low', 'r0_max_high', 'r1_max_low', 'r1_max_high']"
19,7,4,"[{'color': 2, 'count': 32, 'bbox_h': 4, 'bbox_w': 8, 'bbox_area': 32, 'r0': 12, 'c0': 1, 'r1': 15, 'c1': 8, 'edge_count': 8, 'largest_component': 32}, {'color': 3, 'count': 12, 'bbox_h': 6, 'bbox_w': 2, 'bbox_area': 12, 'r0': 8, 'c0': 14, 'r1': 13, 'c1': 15, 'edge_count': 6, 'largest_component': 12}, {'color': 4, 'count': 6, 'bbox_h': 3, 'bbox_w': 2, 'bbox_area': 6, 'r0': 6, 'c0': 1, 'r1': 8, 'c1': 2, 'edge_count': 0, 'largest_component': 6}, {'color': 5, 'count': 10, 'bbox_h': 5, 'bbox_w': 2, 'bbox_area': 10, 'r0': 8, 'c0': 9, 'r1': 12, 'c1': 10, 'edge_count': 0, 'largest_component': 10}, {'color': 7, 'count': 8, 'bbox_h': 3, 'bbox_w': 3, 'bbox_area': 9, 'r0': 4, 'c0': 10, 'r1': 6, 'c1': 12, 'edge_count': 0, 'largest_component': 8}, {'color': 8, 'count': 40, 'bbox_h': 8, 'bbox_w': 5, 'bbox_area': 40, 'r0': 1, 'c0': 3, 'r1': 8, 'c1': 7, 'edge_count': 0, 'largest_component': 40}, {'color': 9, 'count': 6, 'bbox_h': 2, 'bbox_w': 3, 'bbox_area': 6, 'r0': 9, 'c0': 0, 'r1': 10, 'c1': 2, 'edge_count': 2, 'largest_component': 6}]","['r1_min_low', 'r1_min_high']"
20,3,0,"[{'color': 2, 'count': 6, 'bbox_h': 3, 'bbox_w': 2, 'bbox_area': 6, 'r0': 4, 'c0': 4, 'r1': 6, 'c1': 5, 'edge_count': 0, 'largest_component': 6}, {'color': 3, 'count': 21, 'bbox_h': 3, 'bbox_w': 8, 'bbox_area': 24, 'r0': 0, 'c0': 3, 'r1': 2, 'c1': 10, 'edge_count': 8, 'largest_component': 21}, {'color': 4, 'count': 15, 'bbox_h': 3, 'bbox_w': 5, 'bbox_area': 15, 'r0': 13, 'c0': 13, 'r1': 15, 'c1': 17, 'edge_count': 7, 'largest_component': 15}, {'color': 7, 'count': 6, 'bbox_h': 3, 'bbox_w': 2, 'bbox_area': 6, 'r0': 8, 'c0': 6, 'r1': 10, 'c1': 7, 'edge_count': 0, 'largest_component': 6}]","['count_max_low', 'count_max_high', 'bbox_w_max_low', 'bbox_w_max_high', 'bbox_area_max_low', 'bbox_area_max_high', 'r0_min_low', 'r0_min_high', 'c0_min_low', 'c0_min_high', 'r1_min_low', 'r1_min_high', 'edge_count_max_low', 'edge_count_max_high', 'largest_component_max_low', 'largest_component_max_high', 'count_rank0']"
21,8,1,"[{'color': 3, 'count': 20, 'bbox_h': 4, 'bbox_w': 5, 'bbox_area': 20, 'r0': 9, 'c0': 0, 'r1': 12, 'c1': 4, 'edge_count': 4, 'largest_component': 20}, {'color': 4, 'count': 9, 'bbox_h': 3, 'bbox_w': 3, 'bbox_area': 9, 'r0': 15, 'c0': 3, 'r1': 17, 'c1': 5, 'edge_count': 3, 'largest_component': 9}, {'color': 5, 'count': 21, 'bbox_h': 7, 'bbox_w': 3, 'bbox_area': 21, 'r0': 1, 'c0': 3, 'r1': 7, 'c1': 5, 'edge_count': 0, 'largest_component': 21}, {'color': 7, 'count': 18, 'bbox_h': 3, 'bbox_w': 6, 'bbox_area': 18, 'r0': 10, 'c0': 11, 'r1': 12, 'c1': 16, 'edge_count': 3, 'largest_component': 18}, {'color': 8, 'count': 21, 'bbox_h': 8, 'bbox_w': 3, 'bbox_area': 24, 'r0': 3, 'c0': 6, 'r1': 10, 'c1': 8, 'edge_count': 0, 'largest_component': 21}, {'color': 9, 'count': 12, 'bbox_h': 4, 'bbox_w': 3, 'bbox_area': 12, 'r0': 2, 'c0': 9, 'r1': 5, 'c1': 11, 'edge_count': 0, 'largest_component': 12}]","['count_max_high', 'bbox_h_max_low', 'bbox_h_max_high', 'bbox_area_max_low', 'bbox_area_max_high', 'largest_component_max_high', 'count_rank1']"
22,6,1,"[{'color': 1, 'count': 6, 'bbox_h': 2, 'bbox_w': 3, 'bbox_area': 6, 'r0': 10, 'c0': 0, 'r1': 11, 'c1': 2, 'edge_count': 2, 'largest_component': 6}, {'color': 3, 'count': 40, 'bbox_h': 5, 'bbox_w': 8, 'bbox_area': 40, 'r0': 8, 'c0': 4, 'r1': 12, 'c1': 11, 'edge_count': 5, 'largest_component': 40}, {'color': 4, 'count': 10, 'bbox_h': 5, 'bbox_w': 2, 'bbox_area': 10, 'r0': 2, 'c0': 10, 'r1': 6, 'c1': 11, 'edge_count': 5, 'largest_component': 10}, {'color': 5, 'count': 6, 'bbox_h': 2, 'bbox_w': 3, 'bbox_area': 6, 'r0': 6, 'c0': 3, 'r1': 7, 'c1': 5, 'edge_count': 0, 'largest_component': 6}, {'color': 6, 'count': 30, 'bbox_h': 4, 'bbox_w': 8, 'bbox_area': 32, 'r0': 13, 'c0': 0, 'r1': 16, 'c1': 7, 'edge_count': 4, 'largest_component': 30}, {'color': 8, 'count': 15, 'bbox_h': 5, 'bbox_w': 3, 'bbox_area': 15, 'r0': 0, 'c0': 0, 'r1': 4, 'c1': 2, 'edge_count': 7, 'largest_component': 15}, {'color': 9, 'count': 6, 'bbox_h': 3, 'bbox_w': 2, 'bbox_area': 6, 'r0': 3, 'c0': 6, 'r1': 5, 'c1': 7, 'edge_count': 0, 'largest_component': 6}]","['bbox_w_max_high', 'r0_max_low', 'r0_max_high', 'r1_max_low', 'r1_max_high', 'count_rank1']"
23,4,0,"[{'color': 4, 'count': 14, 'bbox_h': 4, 'bbox_w': 4, 'bbox_area': 16, 'r0': 6, 'c0': 10, 'r1': 9, 'c1': 13, 'edge_count': 4, 'largest_component': 14}, {'color': 6, 'count': 6, 'bbox_h': 3, 'bbox_w': 2, 'bbox_area': 6, 'r0': 4, 'c0': 8, 'r1': 6, 'c1': 9, 'edge_count': 0, 'largest_component': 6}, {'color': 8, 'count': 14, 'bbox_h': 7, 'bbox_w': 2, 'bbox_area': 14, 'r0': 5, 'c0': 3, 'r1': 11, 'c1': 4, 'edge_count': 0, 'largest_component': 14}, {'color': 9, 'count': 9, 'bbox_h': 3, 'bbox_w': 3, 'bbox_area': 9, 'r0': 0, 'c0': 8, 'r1': 2, 'c1': 10, 'edge_count': 3, 'largest_component': 9}]","['count_max_low', 'bbox_w_max_low', 'bbox_w_max_high', 'bbox_area_max_low', 'bbox_area_max_high', 'r0_max_low', 'r0_max_high', 'c0_max_low', 'c0_max_high', 'c1_max_low', 'c1_max_high', 'edge_count_max_low', 'edge_count_max_high', 'largest_component_max_low', 'count_rank0']"
24,2,3,"[{'color': 1, 'count': 16, 'bbox_h': 2, 'bbox_w': 8, 'bbox_area': 16, 'r0': 4, 'c0': 7, 'r1': 5, 'c1': 14, 'edge_count': 0, 'largest_component': 16}, {'color': 2, 'count': 8, 'bbox_h': 3, 'bbox_w': 3, 'bbox_area': 9, 'r0': 0, 'c0': 6, 'r1': 2, 'c1': 8, 'edge_count': 3, 'largest_component': 8}, {'color': 4, 'count': 6, 'bbox_h': 3, 'bbox_w': 2, 'bbox_area': 6, 'r0': 11, 'c0': 4, 'r1': 13, 'c1': 5, 'edge_count': 2, 'largest_component': 6}, {'color': 7, 'count': 9, 'bbox_h': 3, 'bbox_w': 3, 'bbox_area': 9, 'r0': 11, 'c0': 11, 'r1': 13, 'c1': 13, 'edge_count': 3, 'largest_component': 9}, {'color': 8, 'count': 9, 'bbox_h': 3, 'bbox_w': 3, 'bbox_area': 9, 'r0': 6, 'c0': 9, 'r1': 8, 'c1': 11, 'edge_count': 0, 'largest_component': 9}]","['bbox_h_max_low', 'r0_min_low', 'r0_min_high', 'r1_min_low', 'r1_min_high', 'edge_count_max_low', 'count_rank3']"
25,6,3,"[{'color': 1, 'count': 9, 'bbox_h': 3, 'bbox_w': 3, 'bbox_area': 9, 'r0': 6, 'c0': 10, 'r1': 8, 'c1': 12, 'edge_count': 0, 'largest_component': 9}, {'color': 2, 'count': 32, 'bbox_h': 4, 'bbox_w': 8, 'bbox_area': 32, 'r0': 1, 'c0': 0, 'r1': 4, 'c1': 7, 'edge_count': 4, 'largest_component': 32}, {'color': 3, 'count': 14, 'bbox_h': 2, 'bbox_w': 7, 'bbox_area': 14, 'r0': 7, 'c0': 0, 'r1': 8, 'c1': 6, 'edge_count': 2, 'largest_component': 14}, {'color': 4, 'count': 4, 'bbox_h': 2, 'bbox_w': 2, 'bbox_area': 4, 'r0': 13, 'c0': 8, 'r1': 14, 'c1': 9, 'edge_count': 0, 'largest_component': 4}, {'color': 5, 'count': 8, 'bbox_h': 4, 'bbox_w': 2, 'bbox_area': 8, 'r0': 0, 'c0': 15, 'r1': 3, 'c1': 16, 'edge_count': 2, 'largest_component': 8}, {'color': 6, 'count': 13, 'bbox_h': 5, 'bbox_w': 3, 'bbox_area': 15, 'r0': 9, 'c0': 15, 'r1': 13, 'c1': 17, 'edge_count': 5, 'largest_component': 13}, {'color': 8, 'count': 30, 'bbox_h': 5, 'bbox_w': 6, 'bbox_area': 30, 'r0': 11, 'c0': 2, 'r1': 15, 'c1': 7, 'edge_count': 6, 'largest_component': 30}]","['bbox_h_max_low', 'c0_max_high', 'c1_max_low', 'c1_max_high', 'count_rank3']"
26,4,0,"[{'color': 1, 'count': 8, 'bbox_h': 2, 'bbox_w': 4, 'bbox_area': 8, 'r0': 8, 'c0': 3, 'r1': 9, 'c1': 6, 'edge_count': 0, 'largest_component': 8}, {'color': 4, 'count': 19, 'bbox_h': 4, 'bbox_w': 5, 'bbox_area': 20, 'r0': 2, 'c0': 6, 'r1': 5, 'c1': 10, 'edge_count': 0, 'largest_component': 19}, {'color': 5, 'count': 8, 'bbox_h': 4, 'bbox_w': 2, 'bbox_area': 8, 'r0': 0, 'c0': 3, 'r1': 3, 'c1': 4, 'edge_count': 2, 'largest_component': 8}, {'color': 6, 'count': 10, 'bbox_h': 2, 'bbox_w': 5, 'bbox_area': 10, 'r0': 10, 'c0': 2, 'r1': 11, 'c1': 6, 'edge_count': 0, 'largest_component': 10}, {'color': 8, 'count': 16, 'bbox_h': 8, 'bbox_w': 2, 'bbox_area': 16, 'r0': 0, 'c0': 11, 'r1': 7, 'c1': 12, 'edge_count': 2, 'largest_component': 16}]","['count_max_low', 'count_max_high', 'bbox_w_max_low', 'bbox_area_max_low', 'bbox_area_max_high', 'largest_component_max_low', 'largest_component_max_high', 'count_rank0']"
27,3,2,"[{'color': 2, 'count': 16, 'bbox_h': 4, 'bbox_w': 4, 'bbox_area': 16, 'r0': 8, 'c0': 9, 'r1': 11, 'c1': 12, 'edge_count': 0, 'largest_component': 16}, {'color': 3, 'count': 17, 'bbox_h': 3, 'bbox_w': 6, 'bbox_area': 18, 'r0': 13, 'c0': 10, 'r1': 15, 'c1': 15, 'edge_count': 6, 'largest_component': 17}, {'color': 4, 'count': 21, 'bbox_h': 7, 'bbox_w': 3, 'bbox_area': 21, 'r0': 8, 'c0': 5, 'r1': 14, 'c1': 7, 'edge_count': 0, 'largest_component': 21}, {'color': 6, 'count': 9, 'bbox_h': 3, 'bbox_w': 3, 'bbox_area': 9, 'r0': 0, 'c0': 4, 'r1': 2, 'c1': 6, 'edge_count': 3, 'largest_component': 9}, {'color': 7, 'count': 42, 'bbox_h': 7, 'bbox_w': 6, 'bbox_area': 42, 'r0': 1, 'c0': 8, 'r1': 7, 'c1': 13, 'edge_count': 0, 'largest_component': 42}, {'color': 9, 'count': 12, 'bbox_h': 3, 'bbox_w': 4, 'bbox_area': 12, 'r0': 3, 'c0': 4, 'r1': 5, 'c1': 7, 'edge_count': 0, 'largest_component': 12}]","['bbox_h_min_low', 'bbox_w_max_low', 'r0_max_low', 'r0_max_high', 'c0_max_low', 'c0_max_high', 'r1_max_low', 'r1_max_high', 'c1_max_low', 'c1_max_high', 'edge_count_max_low', 'edge_count_max_high', 'count_rank2']"
28,9,5,"[{'color': 2, 'count': 15, 'bbox_h': 5, 'bbox_w': 3, 'bbox_area': 15, 'r0': 0, 'c0': 12, 'r1': 4, 'c1': 14, 'edge_count': 3, 'largest_component': 15}, {'color': 3, 'count': 30, 'bbox_h': 5, 'bbox_w': 6, 'bbox_area': 30, 'r0': 8, 'c0': 1, 'r1': 12, 'c1': 6, 'edge_count': 0, 'largest_component': 30}, {'color': 4, 'count': 30, 'bbox_h': 5, 'bbox_w': 6, 'bbox_area': 30, 'r0': 2, 'c0': 6, 'r1': 6, 'c1': 11, 'edge_count': 0, 'largest_component': 30}, {'color': 5, 'count': 24, 'bbox_h': 4, 'bbox_w': 6, 'bbox_area': 24, 'r0': 0, 'c0': 0, 'r1': 3, 'c1': 5, 'edge_count': 9, 'largest_component': 24}, {'color': 7, 'count': 10, 'bbox_h': 2, 'bbox_w': 5, 'bbox_area': 10, 'r0': 14, 'c0': 7, 'r1': 15, 'c1': 11, 'edge_count': 5, 'largest_component': 10}, {'color': 9, 'count': 8, 'bbox_h': 3, 'bbox_w': 3, 'bbox_area': 9, 'r0': 11, 'c0': 14, 'r1': 13, 'c1': 16, 'edge_count': 0, 'largest_component': 8}]","['count_min_low', 'count_min_high', 'bbox_w_min_high', 'bbox_area_min_low', 'bbox_area_min_high', 'c0_max_low', 'c0_max_high', 'c1_max_low', 'c1_max_high', 'edge_count_min_high', 'largest_component_min_low', 'largest_component_min_high']"
29,1,2,"[{'color': 1, 'count': 16, 'bbox_h': 3, 'bbox_w': 6, 'bbox_area': 18, 'r0': 10, 'c0': 11, 'r1': 12, 'c1': 16, 'edge_count': 0, 'largest_component': 16}, {'color': 5, 'count': 21, 'bbox_h': 7, 'bbox_w': 3, 'bbox_area': 21, 'r0': 10, 'c0': 7, 'r1': 16, 'c1': 9, 'edge_count': 0, 'largest_component': 21}, {'color': 6, 'count': 15, 'bbox_h': 5, 'bbox_w': 3, 'bbox_area': 15, 'r0': 1, 'c0': 15, 'r1': 5, 'c1': 17, 'edge_count': 5, 'largest_component': 15}, {'color': 7, 'count': 28, 'bbox_h': 7, 'bbox_w': 4, 'bbox_area': 28, 'r0': 1, 'c0': 9, 'r1': 7, 'c1': 12, 'edge_count': 0, 'largest_component': 28}, {'color': 8, 'count': 14, 'bbox_h': 7, 'bbox_w': 2, 'bbox_area': 14, 'r0': 5, 'c0': 0, 'r1': 11, 'c1': 1, 'edge_count': 7, 'largest_component': 14}, {'color': 9, 'count': 9, 'bbox_h': 3, 'bbox_w': 3, 'bbox_area': 9, 'r0': 3, 'c0': 6, 'r1': 5, 'c1': 8, 'edge_count': 0, 'largest_component': 9}]","['bbox_h_min_low', 'bbox_w_max_low', 'bbox_w_max_high', 'r0_max_low', 'edge_count_min_low', 'count_rank2']"
30,9,0,"[{'color': 1, 'count': 6, 'bbox_h': 3, 'bbox_w': 2, 'bbox_area': 6, 'r0': 11, 'c0': 16, 'r1': 13, 'c1': 17, 'edge_count': 4, 'largest_component': 6}, {'color': 3, 'count': 6, 'bbox_h': 3, 'bbox_w': 2, 'bbox_area': 6, 'r0': 9, 'c0': 2, 'r1': 11, 'c1': 3, 'edge_count': 0, 'largest_component': 6}, {'color': 6, 'count': 18, 'bbox_h': 6, 'bbox_w': 3, 'bbox_area': 18, 'r0': 5, 'c0': 14, 'r1': 10, 'c1': 16, 'edge_count': 0, 'largest_component': 18}, {'color': 7, 'count': 21, 'bbox_h': 3, 'bbox_w': 7, 'bbox_area': 21, 'r0': 1, 'c0': 9, 'r1': 3, 'c1': 15, 'edge_count': 0, 'largest_component': 21}, {'color': 9, 'count': 26, 'bbox_h': 4, 'bbox_w': 7, 'bbox_area': 28, 'r0': 5, 'c0': 0, 'r1': 8, 'c1': 6, 'edge_count': 4, 'largest_component': 26}]","['count_max_low', 'count_max_high', 'bbox_w_max_high', 'bbox_area_max_low', 'bbox_area_max_high', 'c0_min_low', 'c0_min_high', 'edge_count_max_high', 'largest_component_max_low', 'largest_component_max_high', 'count_rank0']"
31,8,4,"[{'color': 1, 'count': 14, 'bbox_h': 2, 'bbox_w': 7, 'bbox_area': 14, 'r0': 0, 'c0': 8, 'r1': 1, 'c1': 14, 'edge_count': 8, 'largest_component': 14}, {'color': 2, 'count': 10, 'bbox_h': 2, 'bbox_w': 5, 'bbox_area': 10, 'r0': 9, 'c0': 2, 'r1': 10, 'c1': 6, 'edge_count': 0, 'largest_component': 10}, {'color': 3, 'count': 6, 'bbox_h': 3, 'bbox_w': 2, 'bbox_area': 6, 'r0': 4, 'c0': 4, 'r1': 6, 'c1': 5, 'edge_count': 0, 'largest_component': 6}, {'color': 5, 'count': 10, 'bbox_h': 2, 'bbox_w': 5, 'bbox_area': 10, 'r0': 13, 'c0': 8, 'r1': 14, 'c1': 12, 'edge_count': 0, 'largest_component': 10}, {'color': 8, 'count': 8, 'bbox_h': 3, 'bbox_w': 3, 'bbox_area': 9, 'r0': 12, 'c0': 2, 'r1': 14, 'c1': 4, 'edge_count': 0, 'largest_component': 8}, {'color': 9, 'count': 12, 'bbox_h': 3, 'bbox_w': 4, 'bbox_area': 12, 'r0': 3, 'c0': 9, 'r1': 5, 'c1': 12, 'edge_count': 0, 'largest_component': 12}]","['c0_min_high', 'r1_max_high', 'c1_min_low', 'c1_min_high']"
32,7,3,"[{'color': 1, 'count': 16, 'bbox_h': 2, 'bbox_w': 8, 'bbox_area': 16, 'r0': 15, 'c0': 1, 'r1': 16, 'c1': 8, 'edge_count': 0, 'largest_component': 16}, {'color': 2, 'count': 4, 'bbox_h': 2, 'bbox_w': 2, 'bbox_area': 4, 'r0': 11, 'c0': 6, 'r1': 12, 'c1': 7, 'edge_count': 0, 'largest_component': 4}, {'color': 5, 'count': 12, 'bbox_h': 6, 'bbox_w': 2, 'bbox_area': 12, 'r0': 3, 'c0': 11, 'r1': 8, 'c1': 12, 'edge_count': 0, 'largest_component': 12}, {'color': 6, 'count': 4, 'bbox_h': 2, 'bbox_w': 2, 'bbox_area': 4, 'r0': 1, 'c0': 8, 'r1': 2, 'c1': 9, 'edge_count': 0, 'largest_component': 4}, {'color': 7, 'count': 10, 'bbox_h': 3, 'bbox_w': 4, 'bbox_area': 12, 'r0': 0, 'c0': 11, 'r1': 2, 'c1': 14, 'edge_count': 6, 'largest_component': 10}, {'color': 8, 'count': 16, 'bbox_h': 4, 'bbox_w': 4, 'bbox_area': 16, 'r0': 13, 'c0': 10, 'r1': 16, 'c1': 13, 'edge_count': 0, 'largest_component': 16}]","['r0_min_low', 'r0_min_high', 'c0_max_high', 'r1_min_high', 'c1_max_low', 'c1_max_high', 'edge_count_max_low', 'edge_count_max_high', 'count_rank3']"
33,9,1,"[{'color': 2, 'count': 15, 'bbox_h': 3, 'bbox_w': 5, 'bbox_area': 15, 'r0': 8, 'c0': 0, 'r1': 10, 'c1': 4, 'edge_count': 3, 'largest_component': 15}, {'color': 5, 'count': 32, 'bbox_h': 4, 'bbox_w': 8, 'bbox_area': 32, 'r0': 3, 'c0': 1, 'r1': 6, 'c1': 8, 'edge_count': 0, 'largest_component': 32}, {'color': 7, 'count': 8, 'bbox_h': 4, 'bbox_w': 2, 'bbox_area': 8, 'r0': 7, 'c0': 8, 'r1': 10, 'c1': 9, 'edge_count': 0, 'largest_component': 8}, {'color': 8, 'count': 4, 'bbox_h': 2, 'bbox_w': 2, 'bbox_area': 4, 'r0': 3, 'c0': 11, 'r1': 4, 'c1': 12, 'edge_count': 2, 'largest_component': 4}, {'color': 9, 'count': 17, 'bbox_h': 3, 'bbox_w': 7, 'bbox_area': 21, 'r0': 0, 'c0': 3, 'r1': 2, 'c1': 9, 'edge_count': 7, 'largest_component': 17}]","['r0_min_low', 'r0_min_high', 'r1_min_low', 'r1_min_high', 'edge_count_max_low', 'edge_count_max_high', 'count_rank1']"
34,8,0,"[{'color': 3, 'count': 16, 'bbox_h': 8, 'bbox_w': 2, 'bbox_area': 16, 'r0': 1, 'c0': 12, 'r1': 8, 'c1': 13, 'edge_count': 0, 'largest_component': 16}, {'color': 5, 'count': 18, 'bbox_h': 3, 'bbox_w': 6, 'bbox_area': 18, 'r0': 0, 'c0': 2, 'r1': 2, 'c1': 7, 'edge_count': 6, 'largest_component': 18}, {'color': 6, 'count': 14, 'bbox_h': 7, 'bbox_w': 2, 'bbox_area': 14, 'r0': 3, 'c0': 6, 'r1': 9, 'c1': 7, 'edge_count': 0, 'largest_component': 14}, {'color': 8, 'count': 19, 'bbox_h': 5, 'bbox_w': 4, 'bbox_area': 20, 'r0': 3, 'c0': 0, 'r1': 7, 'c1': 3, 'edge_count': 5, 'largest_component': 19}, {'color': 9, 'count': 16, 'bbox_h': 4, 'bbox_w': 4, 'bbox_area': 16, 'r0': 10, 'c0': 9, 'r1': 13, 'c1': 12, 'edge_count': 0, 'largest_component': 16}]","['count_max_low', 'count_max_high', 'bbox_area_max_low', 'bbox_area_max_high', 'c0_min_low', 'c0_min_high', 'c1_min_low', 'c1_min_high', 'largest_component_max_low', 'largest_component_max_high', 'count_rank0']"
35,1,1,"[{'color': 1, 'count': 14, 'bbox_h': 4, 'bbox_w': 5, 'bbox_area': 20, 'r0': 4, 'c0': 4, 'r1': 7, 'c1': 8, 'edge_count': 0, 'largest_component': 14}, {'color': 2, 'count': 8, 'bbox_h': 4, 'bbox_w': 2, 'bbox_area': 8, 'r0': 8, 'c0': 7, 'r1': 11, 'c1': 8, 'edge_count': 0, 'largest_component': 8}, {'color': 3, 'count': 6, 'bbox_h': 2, 'bbox_w': 3, 'bbox_area': 6, 'r0': 11, 'c0': 10, 'r1': 12, 'c1': 12, 'edge_count': 0, 'largest_component': 6}, {'color': 4, 'count': 4, 'bbox_h': 2, 'bbox_w': 2, 'bbox_area': 4, 'r0': 2, 'c0': 2, 'r1': 3, 'c1': 3, 'edge_count': 0, 'largest_component': 4}, {'color': 7, 'count': 12, 'bbox_h': 4, 'bbox_w': 3, 'bbox_area': 12, 'r0': 0, 'c0': 5, 'r1': 3, 'c1': 7, 'edge_count': 3, 'largest_component': 12}, {'color': 9, 'count': 16, 'bbox_h': 4, 'bbox_w': 4, 'bbox_area': 16, 'r0': 0, 'c0': 10, 'r1': 3, 'c1': 13, 'edge_count': 7, 'largest_component': 16}]","['bbox_h_max_low', 'bbox_w_max_low', 'bbox_w_max_high', 'bbox_area_max_low', 'bbox_area_max_high', 'edge_count_min_low', 'count_rank1']"
36,5,5,"[{'color': 1, 'count': 6, 'bbox_h': 3, 'bbox_w': 2, 'bbox_area': 6, 'r0': 14, 'c0': 0, 'r1': 16, 'c1': 1, 'edge_count': 3, 'largest_component': 6}, {'color': 2, 'count': 15, 'bbox_h': 3, 'bbox_w': 5, 'bbox_area': 15, 'r0': 6, 'c0': 7, 'r1': 8, 'c1': 11, 'edge_count': 0, 'largest_component': 15}, {'color': 3, 'count': 10, 'bbox_h': 5, 'bbox_w': 2, 'bbox_area': 10, 'r0': 1, 'c0': 0, 'r1': 5, 'c1': 1, 'edge_count': 5, 'largest_component': 10}, {'color': 4, 'count': 20, 'bbox_h': 4, 'bbox_w': 5, 'bbox_area': 20, 'r0': 11, 'c0': 6, 'r1': 14, 'c1': 10, 'edge_count': 0, 'largest_component': 20}, {'color': 5, 'count': 10, 'bbox_h': 3, 'bbox_w': 4, 'bbox_area': 12, 'r0': 1, 'c0': 10, 'r1': 3, 'c1': 13, 'edge_count': 0, 'largest_component': 10}, {'color': 8, 'count': 24, 'bbox_h': 8, 'bbox_w': 3, 'bbox_area': 24, 'r0': 9, 'c0': 12, 'r1': 16, 'c1': 14, 'edge_count': 8, 'largest_component': 24}, {'color': 9, 'count': 18, 'bbox_h': 3, 'bbox_w': 6, 'bbox_area': 18, 'r0': 1, 'c0': 4, 'r1': 3, 'c1': 9, 'edge_count': 0, 'largest_component': 18}]",['r1_min_low']
37,7,2,"[{'color': 1, 'count': 24, 'bbox_h': 8, 'bbox_w': 3, 'bbox_area': 24, 'r0': 10, 'c0': 7, 'r1': 17, 'c1': 9, 'edge_count': 3, 'largest_component': 24}, {'color': 3, 'count': 12, 'bbox_h': 4, 'bbox_w': 3, 'bbox_area': 12, 'r0': 9, 'c0': 12, 'r1': 12, 'c1': 14, 'edge_count': 0, 'largest_component': 12}, {'color': 4, 'count': 10, 'bbox_h': 5, 'bbox_w': 2, 'bbox_area': 10, 'r0': 6, 'c0': 0, 'r1': 10, 'c1': 1, 'edge_count': 5, 'largest_component': 10}, {'color': 6, 'count': 35, 'bbox_h': 7, 'bbox_w': 5, 'bbox_area': 35, 'r0': 0, 'c0': 13, 'r1': 6, 'c1': 17, 'edge_count': 11, 'largest_component': 35}, {'color': 7, 'count': 15, 'bbox_h': 3, 'bbox_w': 6, 'bbox_area': 18, 'r0': 5, 'c0': 7, 'r1': 7, 'c1': 12, 'edge_count': 0, 'largest_component': 15}]","['bbox_h_min_low', 'bbox_h_min_high', 'bbox_w_max_low', 'bbox_w_max_high', 'edge_count_min_high', 'count_rank2']"
38,5,0,"[{'color': 1, 'count': 9, 'bbox_h': 3, 'bbox_w': 3, 'bbox_area': 9, 'r0': 0, 'c0': 13, 'r1': 2, 'c1': 15, 'edge_count': 3, 'largest_component': 9}, {'color': 2, 'count': 6, 'bbox_h': 2, 'bbox_w': 3, 'bbox_area': 6, 'r0': 13, 'c0': 5, 'r1': 14, 'c1': 7, 'edge_count': 3, 'largest_component': 6}, {'color': 4, 'count': 4, 'bbox_h': 2, 'bbox_w': 2, 'bbox_area': 4, 'r0': 8, 'c0': 2, 'r1': 9, 'c1': 3, 'edge_count': 0, 'largest_component': 4}, {'color': 5, 'count': 31, 'bbox_h': 7, 'bbox_w': 5, 'bbox_area': 35, 'r0': 5, 'c0': 11, 'r1': 11, 'c1': 15, 'edge_count': 0, 'largest_component': 31}, {'color': 6, 'count': 4, 'bbox_h': 2, 'bbox_w': 2, 'bbox_area': 4, 'r0': 4, 'c0': 0, 'r1': 5, 'c1': 1, 'edge_count': 2, 'largest_component': 4}, {'color': 7, 'count': 21, 'bbox_h': 3, 'bbox_w': 7, 'bbox_area': 21, 'r0': 8, 'c0': 4, 'r1': 10, 'c1': 10, 'edge_count': 0, 'largest_component': 21}, {'color': 8, 'count': 20, 'bbox_h': 4, 'bbox_w': 5, 'bbox_area': 20, 'r0': 1, 'c0': 5, 'r1': 4, 'c1': 9, 'edge_count': 0, 'largest_component': 20}]","['count_max_low', 'count_max_high', 'bbox_h_max_low', 'bbox_h_max_high', 'bbox_area_max_low', 'bbox_area_max_high', 'c1_max_high', 'largest_component_max_low', 'largest_component_max_high', 'count_rank0']"
39,4,3,"[{'color': 2, 'count': 10, 'bbox_h': 2, 'bbox_w': 5, 'bbox_area': 10, 'r0': 11, 'c0': 0, 'r1': 12, 'c1': 4, 'edge_count': 2, 'largest_component': 10}, {'color': 3, 'count': 8, 'bbox_h': 4, 'bbox_w': 2, 'bbox_area': 8, 'r0': 3, 'c0': 3, 'r1': 6, 'c1': 4, 'edge_count': 0, 'largest_component': 8}, {'color': 4, 'count': 11, 'bbox_h': 3, 'bbox_w': 4, 'bbox_area': 12, 'r0': 8, 'c0': 2, 'r1': 10, 'c1': 5, 'edge_count': 0, 'largest_component': 11}, {'color': 5, 'count': 16, 'bbox_h': 2, 'bbox_w': 8, 'bbox_area': 16, 'r0': 0, 'c0': 3, 'r1': 1, 'c1': 10, 'edge_count': 8, 'largest_component': 16}, {'color': 8, 'count': 15, 'bbox_h': 5, 'bbox_w': 3, 'bbox_area': 15, 'r0': 3, 'c0': 0, 'r1': 7, 'c1': 2, 'edge_count': 5, 'largest_component': 15}, {'color': 9, 'count': 36, 'bbox_h': 6, 'bbox_w': 6, 'bbox_area': 36, 'r0': 8, 'c0': 6, 'r1': 13, 'c1': 11, 'edge_count': 6, 'largest_component': 36}]","['edge_count_min_high', 'count_rank3']"
40,9,3,"[{'color': 2, 'count': 9, 'bbox_h': 3, 'bbox_w': 3, 'bbox_area': 9, 'r0': 8, 'c0': 13, 'r1': 10, 'c1': 15, 'edge_count': 3, 'largest_component': 9}, {'color': 4, 'count': 6, 'bbox_h': 3, 'bbox_w': 2, 'bbox_area': 6, 'r0': 7, 'c0': 10, 'r1': 9, 'c1': 11, 'edge_count': 0, 'largest_component': 6}, {'color': 5, 'count': 21, 'bbox_h': 3, 'bbox_w': 7, 'bbox_area': 21, 'r0': 1, 'c0': 4, 'r1': 3, 'c1': 10, 'edge_count': 0, 'largest_component': 21}, {'color': 6, 'count': 4, 'bbox_h': 2, 'bbox_w': 2, 'bbox_area': 4, 'r0': 10, 'c0': 5, 'r1': 11, 'c1': 6, 'edge_count': 0, 'largest_component': 4}, {'color': 7, 'count': 16, 'bbox_h': 4, 'bbox_w': 4, 'bbox_area': 16, 'r0': 0, 'c0': 11, 'r1': 3, 'c1': 14, 'edge_count': 4, 'largest_component': 16}, {'color': 9, 'count': 8, 'bbox_h': 3, 'bbox_w': 3, 'bbox_area': 9, 'r0': 11, 'c0': 9, 'r1': 13, 'c1': 11, 'edge_count': 0, 'largest_component': 8}]","['r0_max_low', 'r0_max_high', 'r1_max_low', 'r1_max_high', 'edge_count_min_high', 'count_rank3']"
41,3,3,"[{'color': 2, 'count': 12, 'bbox_h': 6, 'bbox_w': 2, 'bbox_area': 12, 'r0': 0, 'c0': 2, 'r1': 5, 'c1': 3, 'edge_count': 2, 'largest_component': 12}, {'color': 3, 'count': 13, 'bbox_h': 3, 'bbox_w': 5, 'bbox_area': 15, 'r0': 12, 'c0': 4, 'r1': 14, 'c1': 8, 'edge_count': 5, 'largest_component': 13}, {'color': 4, 'count': 32, 'bbox_h': 8, 'bbox_w': 4, 'bbox_area': 32, 'r0': 5, 'c0': 12, 'r1': 12, 'c1': 15, 'edge_count': 0, 'largest_component': 32}, {'color': 5, 'count': 16, 'bbox_h': 8, 'bbox_w': 2, 'bbox_area': 16, 'r0': 3, 'c0': 16, 'r1': 10, 'c1': 17, 'edge_count': 8, 'largest_component': 16}, {'color': 8, 'count': 12, 'bbox_h': 4, 'bbox_w': 3, 'bbox_area': 12, 'r0': 10, 'c0': 1, 'r1': 13, 'c1': 3, 'edge_count': 0, 'largest_component': 12}, {'color': 9, 'count': 16, 'bbox_h': 2, 'bbox_w': 8, 'bbox_area': 16, 'r0': 0, 'c0': 6, 'r1': 1, 'c1': 13, 'edge_count': 8, 'largest_component': 16}]","['r0_max_low', 'r0_max_high', 'r1_max_low', 'r1_max_high', 'count_rank3']"
42,2,4,"[{'color': 1, 'count': 8, 'bbox_h': 2, 'bbox_w': 4, 'bbox_area': 8, 'r0': 3, 'c0': 1, 'r1': 4, 'c1': 4, 'edge_count': 0, 'largest_component': 8}, {'color': 2, 'count': 8, 'bbox_h': 3, 'bbox_w': 3, 'bbox_area': 9, 'r0': 11, 'c0': 2, 'r1': 13, 'c1': 4, 'edge_count': 0, 'largest_component': 8}, {'color': 3, 'count': 24, 'bbox_h': 3, 'bbox_w': 8, 'bbox_area': 24, 'r0': 0, 'c0': 4, 'r1': 2, 'c1': 11, 'edge_count': 8, 'largest_component': 24}, {'color': 4, 'count': 12, 'bbox_h': 3, 'bbox_w': 4, 'bbox_area': 12, 'r0': 10, 'c0': 10, 'r1': 12, 'c1': 13, 'edge_count': 0, 'largest_component': 12}, {'color': 5, 'count': 14, 'bbox_h': 2, 'bbox_w': 7, 'bbox_area': 14, 'r0': 6, 'c0': 6, 'r1': 7, 'c1': 12, 'edge_count': 0, 'largest_component': 14}]","['count_min_high', 'bbox_h_max_low', 'bbox_w_min_low', 'bbox_w_min_high', 'r0_max_low', 'r0_max_high', 'r1_max_low', 'r1_max_high', 'c1_min_high', 'largest_component_min_high']"
43,2,2,"[{'color': 2, 'count': 14, 'bbox_h': 5, 'bbox_w': 3, 'bbox_area': 15, 'r0': 12, 'c0': 11, 'r1': 16, 'c1': 13, 'edge_count': 7, 'largest_component': 14}, {'color': 3, 'count': 6, 'bbox_h': 3, 'bbox_w': 2, 'bbox_area': 6, 'r0': 0, 'c0': 12, 'r1': 2, 'c1': 13, 'edge_count': 4, 'largest_component': 6}, {'color': 5, 'count': 12, 'bbox_h': 3, 'bbox_w': 4, 'bbox_area': 12, 'r0': 5, 'c0': 7, 'r1': 7, 'c1': 10, 'edge_count': 0, 'largest_component': 12}, {'color': 6, 'count': 21, 'bbox_h': 3, 'bbox_w': 7, 'bbox_area': 21, 'r0': 14, 'c0': 3, 'r1': 16, 'c1': 9, 'edge_count': 7, 'largest_component': 21}, {'color': 7, 'count': 14, 'bbox_h': 2, 'bbox_w': 7, 'bbox_area': 14, 'r0': 8, 'c0': 4, 'r1': 9, 'c1': 10, 'edge_count': 0, 'largest_component': 14}, {'color': 8, 'count': 24, 'bbox_h': 8, 'bbox_w': 3, 'bbox_area': 24, 'r0': 6, 'c0': 1, 'r1': 13, 'c1': 3, 'edge_count': 0, 'largest_component': 24}]","['r1_max_low', 'c1_max_low', 'edge_count_max_low', 'count_rank2']"
44,2,3,"[{'color': 1, 'count': 6, 'bbox_h': 3, 'bbox_w': 2, 'bbox_area': 6, 'r0': 0, 'c0': 7, 'r1': 2, 'c1': 8, 'edge_count': 2, 'largest_component': 6}, {'color': 2, 'count': 11, 'bbox_h': 4, 'bbox_w': 3, 'bbox_area': 12, 'r0': 13, 'c0': 1, 'r1': 16, 'c1': 3, 'edge_count': 0, 'largest_component': 11}, {'color': 4, 'count': 12, 'bbox_h': 2, 'bbox_w': 6, 'bbox_area': 12, 'r0': 8, 'c0': 5, 'r1': 9, 'c1': 10, 'edge_count': 0, 'largest_component': 12}, {'color': 6, 'count': 20, 'bbox_h': 5, 'bbox_w': 4, 'bbox_area': 20, 'r0': 5, 'c0': 11, 'r1': 9, 'c1': 14, 'edge_count': 5, 'largest_component': 20}, {'color': 7, 'count': 12, 'bbox_h': 4, 'bbox_w': 3, 'bbox_area': 12, 'r0': 4, 'c0': 6, 'r1': 7, 'c1': 8, 'edge_count': 0, 'largest_component': 12}, {'color': 8, 'count': 10, 'bbox_h': 2, 'bbox_w': 5, 'bbox_area': 10, 'r0': 13, 'c0': 7, 'r1': 14, 'c1': 11, 'edge_count': 0, 'largest_component': 10}]","['r0_max_low', 'c0_min_low', 'c0_min_high', 'r1_max_low', 'r1_max_high', 'c1_min_low', 'c1_min_high', 'edge_count_min_low', 'count_rank3']"
45,5,0,"[{'color': 5, 'count': 18, 'bbox_h': 4, 'bbox_w': 5, 'bbox_area': 20, 'r0': 10, 'c0': 10, 'r1': 13, 'c1': 14, 'edge_count': 4, 'largest_component': 18}, {'color': 6, 'count': 16, 'bbox_h': 8, 'bbox_w': 2, 'bbox_area': 16, 'r0': 5, 'c0': 2, 'r1': 12, 'c1': 3, 'edge_count': 0, 'largest_component': 16}, {'color': 8, 'count': 15, 'bbox_h': 5, 'bbox_w': 3, 'bbox_area': 15, 'r0': 4, 'c0': 4, 'r1': 8, 'c1': 6, 'edge_count': 0, 'largest_component': 15}, {'color': 9, 'count': 9, 'bbox_h': 3, 'bbox_w': 3, 'bbox_area': 9, 'r0': 2, 'c0': 7, 'r1': 4, 'c1': 9, 'edge_count': 0, 'largest_component': 9}]","['count_max_low', 'count_max_high', 'bbox_w_max_low', 'bbox_w_max_high', 'bbox_area_max_low', 'bbox_area_max_high', 'r0_max_low', 'r0_max_high', 'c0_max_low', 'c0_max_high', 'r1_max_low', 'r1_max_high', 'c1_max_low', 'c1_max_high', 'edge_count_max_low', 'edge_count_max_high', 'largest_component_max_low', 'largest_component_max_high', 'count_rank0']"
46,2,3,"[{'color': 2, 'count': 8, 'bbox_h': 3, 'bbox_w': 3, 'bbox_area': 9, 'r0': 10, 'c0': 0, 'r1': 12, 'c1': 2, 'edge_count': 3, 'largest_component': 8}, {'color': 3, 'count': 18, 'bbox_h': 3, 'bbox_w': 6, 'bbox_area': 18, 'r0': 0, 'c0': 1, 'r1': 2, 'c1': 6, 'edge_count': 6, 'largest_component': 18}, {'color': 4, 'count': 12, 'bbox_h': 6, 'bbox_w': 2, 'bbox_area': 12, 'r0': 12, 'c0': 7, 'r1': 17, 'c1': 8, 'edge_count': 2, 'largest_component': 12}, {'color': 6, 'count': 35, 'bbox_h': 5, 'bbox_w': 7, 'bbox_area': 35, 'r0': 5, 'c0': 8, 'r1': 9, 'c1': 14, 'edge_count': 5, 'largest_component': 35}]","['count_min_low', 'count_min_high', 'bbox_h_min_low', 'bbox_area_min_low', 'bbox_area_min_high', 'c0_min_low', 'c0_min_high', 'c1_min_low', 'c1_min_high', 'largest_component_min_low', 'largest_component_min_high', 'count_rank3']"
47,7,2,"[{'color': 1, 'count': 35, 'bbox_h': 5, 'bbox_w': 7, 'bbox_area': 35, 'r0': 0, 'c0': 1, 'r1': 4, 'c1': 7, 'edge_count': 7, 'largest_component': 35}, {'color': 3, 'count': 4, 'bbox_h': 2, 'bbox_w': 2, 'bbox_area': 4, 'r0': 10, 'c0': 0, 'r1': 11, 'c1': 1, 'edge_count': 2, 'largest_component': 4}, {'color': 4, 'count': 14, 'bbox_h': 2, 'bbox_w': 7, 'bbox_area': 14, 'r0': 1, 'c0': 10, 'r1': 2, 'c1': 16, 'edge_count': 2, 'largest_component': 14}, {'color': 7, 'count': 8, 'bbox_h': 3, 'bbox_w': 3, 'bbox_area': 9, 'r0': 8, 'c0': 4, 'r1': 10, 'c1': 6, 'edge_count': 0, 'largest_component': 8}]","['edge_count_min_low', 'edge_count_min_high', 'count_rank2']"
48,7,4,"[{'color': 1, 'count': 36, 'bbox_h': 6, 'bbox_w': 6, 'bbox_area': 36, 'r0': 12, 'c0': 10, 'r1': 17, 'c1': 15, 'edge_count': 6, 'largest_component': 36}, {'color': 2, 'count': 42, 'bbox_h': 7, 'bbox_w': 6, 'bbox_area': 42, 'r0': 0, 'c0': 4, 'r1': 6, 'c1': 9, 'edge_count': 6, 'largest_component': 42}, {'color': 4, 'count': 6, 'bbox_h': 3, 'bbox_w': 2, 'bbox_area': 6, 'r0': 2, 'c0': 0, 'r1': 4, 'c1': 1, 'edge_count': 3, 'largest_component': 6}, {'color': 6, 'count': 25, 'bbox_h': 5, 'bbox_w': 5, 'bbox_area': 25, 'r0': 11, 'c0': 2, 'r1': 15, 'c1': 6, 'edge_count': 0, 'largest_component': 25}, {'color': 7, 'count': 8, 'bbox_h': 3, 'bbox_w': 3, 'bbox_area': 9, 'r0': 7, 'c0': 2, 'r1': 9, 'c1': 4, 'edge_count': 0, 'largest_component': 8}, {'color': 8, 'count': 30, 'bbox_h': 6, 'bbox_w': 5, 'bbox_area': 30, 'r0': 4, 'c0': 13, 'r1': 9, 'c1': 17, 'edge_count': 6, 'largest_component': 30}]","['bbox_h_min_high', 'edge_count_min_high']"
49,9,5,"[{'color': 1, 'count': 4, 'bbox_h': 2, 'bbox_w': 2, 'bbox_area': 4, 'r0': 6, 'c0': 6, 'r1': 7, 'c1': 7, 'edge_count': 0, 'largest_component': 4}, {'color': 3, 'count': 15, 'bbox_h': 5, 'bbox_w': 3, 'bbox_area': 15, 'r0': 0, 'c0': 5, 'r1': 4, 'c1': 7, 'edge_count': 3, 'largest_component': 15}, {'color': 4, 'count': 12, 'bbox_h': 4, 'bbox_w': 3, 'bbox_area': 12, 'r0': 5, 'c0': 10, 'r1': 8, 'c1': 12, 'edge_count': 0, 'largest_component': 12}, {'color': 5, 'count': 32, 'bbox_h': 8, 'bbox_w': 4, 'bbox_area': 32, 'r0': 0, 'c0': 1, 'r1': 7, 'c1': 4, 'edge_count': 4, 'largest_component': 32}, {'color': 6, 'count': 25, 'bbox_h': 5, 'bbox_w': 5, 'bbox_area': 25, 'r0': 0, 'c0': 11, 'r1': 4, 'c1': 15, 'edge_count': 9, 'largest_component': 25}, {'color': 8, 'count': 8, 'bbox_h': 4, 'bbox_w': 2, 'bbox_area': 8, 'r0': 10, 'c0': 14, 'r1': 13, 'c1': 15, 'edge_count': 4, 'largest_component': 8}, {'color': 9, 'count': 8, 'bbox_h': 3, 'bbox_w': 3, 'bbox_area': 9, 'r0': 9, 'c0': 8, 'r1': 11, 'c1': 10, 'edge_count': 0, 'largest_component': 8}]",['edge_count_min_high']
50,2,1,"[{'color': 2, 'count': 21, 'bbox_h': 6, 'bbox_w': 5, 'bbox_area': 30, 'r0': 0, 'c0': 9, 'r1': 5, 'c1': 13, 'edge_count': 5, 'largest_component': 21}, {'color': 7, 'count': 4, 'bbox_h': 2, 'bbox_w': 2, 'bbox_area': 4, 'r0': 6, 'c0': 7, 'r1': 7, 'c1': 8, 'edge_count': 0, 'largest_component': 4}, {'color': 8, 'count': 30, 'bbox_h': 6, 'bbox_w': 5, 'bbox_area': 30, 'r0': 4, 'c0': 0, 'r1': 9, 'c1': 4, 'edge_count': 6, 'largest_component': 30}, {'color': 9, 'count': 15, 'bbox_h': 5, 'bbox_w': 3, 'bbox_area': 15, 'r0': 1, 'c0': 6, 'r1': 5, 'c1': 8, 'edge_count': 0, 'largest_component': 15}]","['bbox_h_max_low', 'bbox_w_max_low', 'bbox_area_max_low', 'r0_min_low', 'r0_min_high', 'c0_max_low', 'c0_max_high', 'r1_min_low', 'c1_max_low', 'c1_max_high', 'count_rank1']"
51,2,2,"[{'color': 1, 'count': 14, 'bbox_h': 2, 'bbox_w': 7, 'bbox_area': 14, 'r0': 16, 'c0': 7, 'r1': 17, 'c1': 13, 'edge_count': 7, 'largest_component': 14}, {'color': 2, 'count': 12, 'bbox_h': 5, 'bbox_w': 3, 'bbox_area': 15, 'r0': 9, 'c0': 2, 'r1': 13, 'c1': 4, 'edge_count': 0, 'largest_component': 12}, {'color': 3, 'count': 12, 'bbox_h': 3, 'bbox_w': 4, 'bbox_area': 12, 'r0': 6, 'c0': 6, 'r1': 8, 'c1': 9, 'edge_count': 0, 'largest_component': 12}, {'color': 5, 'count': 16, 'bbox_h': 8, 'bbox_w': 2, 'bbox_area': 16, 'r0': 6, 'c0': 11, 'r1': 13, 'c1': 12, 'edge_count': 0, 'largest_component': 16}, {'color': 6, 'count': 6, 'bbox_h': 3, 'bbox_w': 2, 'bbox_area': 6, 'r0': 1, 'c0': 8, 'r1': 3, 'c1': 9, 'edge_count': 0, 'largest_component': 6}, {'color': 7, 'count': 6, 'bbox_h': 2, 'bbox_w': 3, 'bbox_area': 6, 'r0': 13, 'c0': 13, 'r1': 14, 'c1': 15, 'edge_count': 0, 'largest_component': 6}]","['c0_min_low', 'c0_min_high', 'c1_min_low', 'c1_min_high', 'edge_count_min_low', 'count_rank2']"
52,8,2,"[{'color': 1, 'count': 12, 'bbox_h': 4, 'bbox_w': 3, 'bbox_area': 12, 'r0': 5, 'c0': 10, 'r1': 8, 'c1': 12, 'edge_count': 0, 'largest_component': 12}, {'color': 2, 'count': 12, 'bbox_h': 2, 'bbox_w': 6, 'bbox_area': 12, 'r0': 11, 'c0': 12, 'r1': 12, 'c1': 17, 'edge_count': 2, 'largest_component': 12}, {'color': 4, 'count': 10, 'bbox_h': 2, 'bbox_w': 5, 'bbox_area': 10, 'r0': 11, 'c0': 2, 'r1': 12, 'c1': 6, 'edge_count': 0, 'largest_component': 10}, {'color': 5, 'count': 10, 'bbox_h': 2, 'bbox_w': 5, 'bbox_area': 10, 'r0': 9, 'c0': 9, 'r1': 10, 'c1': 13, 'edge_count': 0, 'largest_component': 10}, {'color': 8, 'count': 12, 'bbox_h': 5, 'bbox_w': 3, 'bbox_area': 15, 'r0': 1, 'c0': 7, 'r1': 5, 'c1': 9, 'edge_count': 0, 'largest_component': 12}]","['count_max_high', 'bbox_h_max_low', 'bbox_h_max_high', 'bbox_w_min_high', 'bbox_area_max_low', 'bbox_area_max_high', 'r0_min_low', 'r0_min_high', 'r1_min_low', 'r1_min_high', 'edge_count_min_high', 'largest_component_max_high', 'count_rank2']"
53,8,2,"[{'color': 2, 'count': 25, 'bbox_h': 5, 'bbox_w': 5, 'bbox_area': 25, 'r0': 5, 'c0': 12, 'r1': 9, 'c1': 16, 'edge_count': 0, 'largest_component': 25}, {'color': 3, 'count': 18, 'bbox_h': 3, 'bbox_w': 6, 'bbox_area': 18, 'r0': 12, 'c0': 11, 'r1': 14, 'c1': 16, 'edge_count': 6, 'largest_component': 18}, {'color': 4, 'count': 6, 'bbox_h': 2, 'bbox_w': 3, 'bbox_area': 6, 'r0': 13, 'c0': 8, 'r1': 14, 'c1': 10, 'edge_count': 3, 'largest_component': 6}, {'color': 5, 'count': 15, 'bbox_h': 3, 'bbox_w': 5, 'bbox_area': 15, 'r0': 0, 'c0': 1, 'r1': 2, 'c1': 5, 'edge_count': 5, 'largest_component': 15}, {'color': 7, 'count': 25, 'bbox_h': 5, 'bbox_w': 5, 'bbox_area': 25, 'r0': 10, 'c0': 2, 'r1': 14, 'c1': 6, 'edge_count': 5, 'largest_component': 25}, {'color': 8, 'count': 19, 'bbox_h': 7, 'bbox_w': 3, 'bbox_area': 21, 'r0': 4, 'c0': 9, 'r1': 10, 'c1': 11, 'edge_count': 0, 'largest_component': 19}]","['bbox_h_max_low', 'bbox_h_max_high', 'bbox_w_min_high', 'edge_count_min_high', 'count_rank2']"
54,2,4,"[{'color': 1, 'count': 6, 'bbox_h': 3, 'bbox_w': 2, 'bbox_area': 6, 'r0': 9, 'c0': 3, 'r1': 11, 'c1': 4, 'edge_count': 0, 'largest_component': 6}, {'color': 2, 'count': 8, 'bbox_h': 3, 'bbox_w': 3, 'bbox_area': 9, 'r0': 14, 'c0': 1, 'r1': 16, 'c1': 3, 'edge_count': 3, 'largest_component': 8}, {'color': 3, 'count': 30, 'bbox_h': 5, 'bbox_w': 6, 'bbox_area': 30, 'r0': 3, 'c0': 8, 'r1': 7, 'c1': 13, 'edge_count': 0, 'largest_component': 30}, {'color': 4, 'count': 14, 'bbox_h': 7, 'bbox_w': 2, 'bbox_area': 14, 'r0': 1, 'c0': 1, 'r1': 7, 'c1': 2, 'edge_count': 0, 'largest_component': 14}, {'color': 6, 'count': 16, 'bbox_h': 8, 'bbox_w': 2, 'bbox_area': 16, 'r0': 9, 'c0': 8, 'r1': 16, 'c1': 9, 'edge_count': 2, 'largest_component': 16}, {'color': 9, 'count': 25, 'bbox_h': 5, 'bbox_w': 5, 'bbox_area': 25, 'r0': 1, 'c0': 3, 'r1': 5, 'c1': 7, 'edge_count': 0, 'largest_component': 25}]","['bbox_h_min_high', 'r0_max_low', 'r0_max_high', 'c0_min_low', 'r1_max_low', 'edge_count_max_low', 'edge_count_max_high']"
55,3,1,"[{'color': 2, 'count': 6, 'bbox_h': 3, 'bbox_w': 2, 'bbox_area': 6, 'r0': 7, 'c0': 8, 'r1': 9, 'c1': 9, 'edge_count': 0, 'largest_component': 6}, {'color': 3, 'count': 13, 'bbox_h': 3, 'bbox_w': 5, 'bbox_area': 15, 'r0': 12, 'c0': 6, 'r1': 14, 'c1': 10, 'edge_count': 0, 'largest_component': 13}, {'color': 4, 'count': 10, 'bbox_h': 5, 'bbox_w': 2, 'bbox_area': 10, 'r0': 7, 'c0': 12, 'r1': 11, 'c1': 13, 'edge_count': 5, 'largest_component': 10}, {'color': 6, 'count': 10, 'bbox_h': 5, 'bbox_w': 2, 'bbox_area': 10, 'r0': 2, 'c0': 10, 'r1': 6, 'c1': 11, 'edge_count': 0, 'largest_component': 10}, {'color': 8, 'count': 28, 'bbox_h': 7, 'bbox_w': 4, 'bbox_area': 28, 'r0': 3, 'c0': 1, 'r1': 9, 'c1': 4, 'edge_count': 0, 'largest_component': 28}]","['bbox_h_min_high', 'bbox_w_max_low', 'bbox_w_max_high', 'r0_max_low', 'r0_max_high', 'r1_max_low', 'r1_max_high', 'count_rank1']"
56,3,2,"[{'color': 1, 'count': 10, 'bbox_h': 5, 'bbox_w': 2, 'bbox_area': 10, 'r0': 7, 'c0': 10, 'r1': 11, 'c1': 11, 'edge_count': 2, 'largest_component': 10}, {'color': 2, 'count': 9, 'bbox_h': 3, 'bbox_w': 3, 'bbox_area': 9, 'r0': 7, 'c0': 12, 'r1': 9, 'c1': 14, 'edge_count': 3, 'largest_component': 9}, {'color': 3, 'count': 10, 'bbox_h': 4, 'bbox_w': 3, 'bbox_area': 12, 'r0': 1, 'c0': 7, 'r1': 4, 'c1': 9, 'edge_count': 0, 'largest_component': 10}, {'color': 4, 'count': 6, 'bbox_h': 2, 'bbox_w': 3, 'bbox_area': 6, 'r0': 7, 'c0': 3, 'r1': 8, 'c1': 5, 'edge_count': 0, 'largest_component': 6}, {'color': 5, 'count': 6, 'bbox_h': 2, 'bbox_w': 3, 'bbox_area': 6, 'r0': 9, 'c0': 2, 'r1': 10, 'c1': 4, 'edge_count': 0, 'largest_component': 6}, {'color': 8, 'count': 12, 'bbox_h': 3, 'bbox_w': 4, 'bbox_area': 12, 'r0': 2, 'c0': 0, 'r1': 4, 'c1': 3, 'edge_count': 3, 'largest_component': 12}]","['bbox_area_max_low', 'r0_min_low', 'r0_min_high', 'r1_min_low', 'edge_count_min_low', 'count_rank2']"
57,6,1,"[{'color': 4, 'count': 42, 'bbox_h': 7, 'bbox_w': 6, 'bbox_area': 42, 'r0': 0, 'c0': 3, 'r1': 6, 'c1': 8, 'edge_count': 6, 'largest_component': 42}, {'color': 5, 'count': 12, 'bbox_h': 6, 'bbox_w': 2, 'bbox_area': 12, 'r0': 4, 'c0': 14, 'r1': 9, 'c1': 15, 'edge_count': 6, 'largest_component': 12}, {'color': 6, 'count': 13, 'bbox_h': 3, 'bbox_w': 5, 'bbox_area': 15, 'r0': 7, 'c0': 2, 'r1': 9, 'c1': 6, 'edge_count': 0, 'largest_component': 13}, {'color': 8, 'count': 6, 'bbox_h': 2, 'bbox_w': 3, 'bbox_area': 6, 'r0': 7, 'c0': 7, 'r1': 8, 'c1': 9, 'edge_count': 0, 'largest_component': 6}]","['r0_max_low', 'c0_min_low', 'c0_min_high', 'r1_max_high', 'c1_min_low', 'c1_min_high', 'edge_count_min_low', 'count_rank1']"
58,8,1,"[{'color': 2, 'count': 24, 'bbox_h': 3, 'bbox_w': 8, 'bbox_area': 24, 'r0': 10, 'c0': 0, 'r1': 12, 'c1': 7, 'edge_count': 3, 'largest_component': 24}, {'color': 3, 'count': 18, 'bbox_h': 6, 'bbox_w': 3, 'bbox_area': 18, 'r0': 10, 'c0': 8, 'r1': 15, 'c1': 10, 'edge_count': 0, 'largest_component': 18}, {'color': 5, 'count': 49, 'bbox_h': 7, 'bbox_w': 7, 'bbox_area': 49, 'r0': 9, 'c0': 11, 'r1': 15, 'c1': 17, 'edge_count': 7, 'largest_component': 49}, {'color': 6, 'count': 12, 'bbox_h': 2, 'bbox_w': 6, 'bbox_area': 12, 'r0': 16, 'c0': 9, 'r1': 17, 'c1': 14, 'edge_count': 6, 'largest_component': 12}, {'color': 7, 'count': 12, 'bbox_h': 6, 'bbox_w': 2, 'bbox_area': 12, 'r0': 1, 'c0': 1, 'r1': 6, 'c1': 2, 'edge_count': 0, 'largest_component': 12}, {'color': 8, 'count': 41, 'bbox_h': 7, 'bbox_w': 6, 'bbox_area': 42, 'r0': 0, 'c0': 4, 'r1': 6, 'c1': 9, 'edge_count': 6, 'largest_component': 41}, {'color': 9, 'count': 4, 'bbox_h': 2, 'bbox_w': 2, 'bbox_area': 4, 'r0': 8, 'c0': 1, 'r1': 9, 'c1': 2, 'edge_count': 0, 'largest_component': 4}]","['bbox_h_max_high', 'r0_min_low', 'r0_min_high', 'r1_min_high', 'count_rank1']"
59,7,2,"[{'color': 2, 'count': 16, 'bbox_h': 4, 'bbox_w': 4, 'bbox_area': 16, 'r0': 4, 'c0': 7, 'r1': 7, 'c1': 10, 'edge_count': 0, 'largest_component': 16}, {'color': 5, 'count': 35, 'bbox_h': 5, 'bbox_w': 7, 'bbox_area': 35, 'r0': 3, 'c0': 0, 'r1': 7, 'c1': 6, 'edge_count': 5, 'largest_component': 35}, {'color': 7, 'count': 15, 'bbox_h': 3, 'bbox_w': 6, 'bbox_area': 18, 'r0': 10, 'c0': 1, 'r1': 12, 'c1': 6, 'edge_count': 0, 'largest_component': 15}, {'color': 8, 'count': 12, 'bbox_h': 3, 'bbox_w': 4, 'bbox_area': 12, 'r0': 0, 'c0': 5, 'r1': 2, 'c1': 8, 'edge_count': 4, 'largest_component': 12}]","['bbox_h_min_low', 'r0_max_low', 'r0_max_high', 'r1_max_low', 'r1_max_high', 'c1_min_high', 'edge_count_min_high', 'count_rank2']"
60,2,3,"[{'color': 1, 'count': 8, 'bbox_h': 2, 'bbox_w': 4, 'bbox_area': 8, 'r0': 6, 'c0': 7, 'r1': 7, 'c1': 10, 'edge_count': 0, 'largest_component': 8}, {'color': 2, 'count': 13, 'bbox_h': 3, 'bbox_w': 5, 'bbox_area': 15, 'r0': 0, 'c0': 9, 'r1': 2, 'c1': 13, 'edge_count': 5, 'largest_component': 13}, {'color': 3, 'count': 8, 'bbox_h': 4, 'bbox_w': 2, 'bbox_area': 8, 'r0': 6, 'c0': 4, 'r1': 9, 'c1': 5, 'edge_count': 0, 'largest_component': 8}, {'color': 5, 'count': 25, 'bbox_h': 5, 'bbox_w': 5, 'bbox_area': 25, 'r0': 8, 'c0': 7, 'r1': 12, 'c1': 11, 'edge_count': 0, 'largest_component': 25}, {'color': 7, 'count': 21, 'bbox_h': 3, 'bbox_w': 7, 'bbox_area': 21, 'r0': 3, 'c0': 8, 'r1': 5, 'c1': 14, 'edge_count': 3, 'largest_component': 21}, {'color': 8, 'count': 6, 'bbox_h': 2, 'bbox_w': 3, 'bbox_area': 6, 'r0': 0, 'c0': 4, 'r1': 1, 'c1': 6, 'edge_count': 3, 'largest_component': 6}, {'color': 9, 'count': 21, 'bbox_h': 7, 'bbox_w': 3, 'bbox_area': 21, 'r0': 2, 'c0': 1, 'r1': 8, 'c1': 3, 'edge_count': 0, 'largest_component': 21}]","['r0_min_low', 'c0_max_low', 'c0_max_high', 'edge_count_max_low', 'edge_count_max_high', 'count_rank3']"
61,3,2,"[{'color': 3, 'count': 8, 'bbox_h': 3, 'bbox_w': 3, 'bbox_area': 9, 'r0': 9, 'c0': 7, 'r1': 11, 'c1': 9, 'edge_count': 0, 'largest_component': 8}, {'color': 5, 'count': 4, 'bbox_h': 2, 'bbox_w': 2, 'bbox_area': 4, 'r0': 7, 'c0': 5, 'r1': 8, 'c1': 6, 'edge_count': 0, 'largest_component': 4}, {'color': 6, 'count': 24, 'bbox_h': 3, 'bbox_w': 8, 'bbox_area': 24, 'r0': 4, 'c0': 8, 'r1': 6, 'c1': 15, 'edge_count': 3, 'largest_component': 24}, {'color': 8, 'count': 40, 'bbox_h': 5, 'bbox_w': 8, 'bbox_area': 40, 'r0': 1, 'c0': 0, 'r1': 5, 'c1': 7, 'edge_count': 5, 'largest_component': 40}]","['r0_max_low', 'r0_max_high', 'r1_max_low', 'r1_max_high', 'edge_count_min_low', 'count_rank2']"
62,4,2,"[{'color': 3, 'count': 12, 'bbox_h': 3, 'bbox_w': 4, 'bbox_area': 12, 'r0': 11, 'c0': 1, 'r1': 13, 'c1': 4, 'edge_count': 4, 'largest_component': 12}, {'color': 4, 'count': 8, 'bbox_h': 3, 'bbox_w': 3, 'bbox_area': 9, 'r0': 10, 'c0': 6, 'r1': 12, 'c1': 8, 'edge_count': 0, 'largest_component': 8}, {'color': 6, 'count': 16, 'bbox_h': 8, 'bbox_w': 2, 'bbox_area': 16, 'r0': 2, 'c0': 3, 'r1': 9, 'c1': 4, 'edge_count': 0, 'largest_component': 16}, {'color': 9, 'count': 6, 'bbox_h': 2, 'bbox_w': 3, 'bbox_area': 6, 'r0': 8, 'c0': 6, 'r1': 9, 'c1': 8, 'edge_count': 0, 'largest_component': 6}]","['c0_max_low', 'c1_max_low', 'edge_count_min_low', 'count_rank2']"
63,1,1,"[{'color': 1, 'count': 16, 'bbox_h': 6, 'bbox_w': 4, 'bbox_area': 24, 'r0': 4, 'c0': 10, 'r1': 9, 'c1': 13, 'edge_count': 0, 'largest_component': 16}, {'color': 2, 'count': 8, 'bbox_h': 4, 'bbox_w': 2, 'bbox_area': 8, 'r0': 0, 'c0': 0, 'r1': 3, 'c1': 1, 'edge_count': 5, 'largest_component': 8}, {'color': 4, 'count': 32, 'bbox_h': 8, 'bbox_w': 4, 'bbox_area': 32, 'r0': 1, 'c0': 3, 'r1': 8, 'c1': 6, 'edge_count': 0, 'largest_component': 32}, {'color': 5, 'count': 12, 'bbox_h': 3, 'bbox_w': 4, 'bbox_area': 12, 'r0': 11, 'c0': 1, 'r1': 13, 'c1': 4, 'edge_count': 0, 'largest_component': 12}, {'color': 6, 'count': 14, 'bbox_h': 2, 'bbox_w': 7, 'bbox_area': 14, 'r0': 11, 'c0': 5, 'r1': 12, 'c1': 11, 'edge_count': 0, 'largest_component': 14}, {'color': 7, 'count': 6, 'bbox_h': 2, 'bbox_w': 3, 'bbox_area': 6, 'r0': 13, 'c0': 6, 'r1': 14, 'c1': 8, 'edge_count': 3, 'largest_component': 6}, {'color': 8, 'count': 8, 'bbox_h': 2, 'bbox_w': 4, 'bbox_area': 8, 'r0': 10, 'c0': 14, 'r1': 11, 'c1': 17, 'edge_count': 2, 'largest_component': 8}]","['edge_count_min_low', 'count_rank1']"
64,5,1,"[{'color': 3, 'count': 14, 'bbox_h': 7, 'bbox_w': 2, 'bbox_area': 14, 'r0': 5, 'c0': 0, 'r1': 11, 'c1': 1, 'edge_count': 7, 'largest_component': 14}, {'color': 5, 'count': 16, 'bbox_h': 6, 'bbox_w': 3, 'bbox_area': 18, 'r0': 0, 'c0': 11, 'r1': 5, 'c1': 13, 'edge_count': 8, 'largest_component': 16}, {'color': 6, 'count': 24, 'bbox_h': 6, 'bbox_w': 4, 'bbox_area': 24, 'r0': 0, 'c0': 5, 'r1': 5, 'c1': 8, 'edge_count': 4, 'largest_component': 24}, {'color': 7, 'count': 10, 'bbox_h': 5, 'bbox_w': 2, 'bbox_area': 10, 'r0': 7, 'c0': 7, 'r1': 11, 'c1': 8, 'edge_count': 0, 'largest_component': 10}]","['r0_min_low', 'c0_max_low', 'c0_max_high', 'r1_min_low', 'c1_max_low', 'c1_max_high', 'edge_count_max_low', 'edge_count_max_high', 'count_rank1']"
65,2,1,"[{'color': 1, 'count': 10, 'bbox_h': 5, 'bbox_w': 2, 'bbox_area': 10, 'r0': 6, 'c0': 13, 'r1': 10, 'c1': 14, 'edge_count': 5, 'largest_component': 10}, {'color': 2, 'count': 20, 'bbox_h': 6, 'bbox_w': 4, 'bbox_area': 24, 'r0': 7, 'c0': 4, 'r1': 12, 'c1': 7, 'edge_count': 0, 'largest_component': 20}, {'color': 3, 'count': 6, 'bbox_h': 2, 'bbox_w': 3, 'bbox_area': 6, 'r0': 0, 'c0': 8, 'r1': 1, 'c1': 10, 'edge_count': 3, 'largest_component': 6}, {'color': 4, 'count': 25, 'bbox_h': 5, 'bbox_w': 5, 'bbox_area': 25, 'r0': 1, 'c0': 0, 'r1': 5, 'c1': 4, 'edge_count': 5, 'largest_component': 25}, {'color': 5, 'count': 15, 'bbox_h': 5, 'bbox_w': 3, 'bbox_area': 15, 'r0': 2, 'c0': 5, 'r1': 6, 'c1': 7, 'edge_count': 0, 'largest_component': 15}, {'color': 6, 'count': 15, 'bbox_h': 3, 'bbox_w': 5, 'bbox_area': 15, 'r0': 2, 'c0': 8, 'r1': 4, 'c1': 12, 'edge_count': 0, 'largest_component': 15}]","['bbox_h_max_low', 'bbox_h_max_high', 'r0_max_low', 'r0_max_high', 'r1_max_low', 'r1_max_high', 'edge_count_min_low', 'count_rank1']"
66,5,1,"[{'color': 1, 'count': 9, 'bbox_h': 3, 'bbox_w': 3, 'bbox_area': 9, 'r0': 1, 'c0': 13, 'r1': 3, 'c1': 15, 'edge_count': 0, 'largest_component': 9}, {'color': 2, 'count': 40, 'bbox_h': 5, 'bbox_w': 8, 'bbox_area': 40, 'r0': 11, 'c0': 7, 'r1': 15, 'c1': 14, 'edge_count': 0, 'largest_component': 40}, {'color': 5, 'count': 19, 'bbox_h': 3, 'bbox_w': 8, 'bbox_area': 24, 'r0': 5, 'c0': 1, 'r1': 7, 'c1': 8, 'edge_count': 0, 'largest_component': 19}, {'color': 6, 'count': 15, 'bbox_h': 3, 'bbox_w': 5, 'bbox_area': 15, 'r0': 14, 'c0': 2, 'r1': 16, 'c1': 6, 'edge_count': 0, 'largest_component': 15}, {'color': 9, 'count': 12, 'bbox_h': 2, 'bbox_w': 6, 'bbox_area': 12, 'r0': 1, 'c0': 0, 'r1': 2, 'c1': 5, 'edge_count': 2, 'largest_component': 12}]","['bbox_w_max_high', 'count_rank1']"
67,2,1,"[{'color': 1, 'count': 12, 'bbox_h': 3, 'bbox_w': 4, 'bbox_area': 12, 'r0': 0, 'c0': 9, 'r1': 2, 'c1': 12, 'edge_count': 4, 'largest_component': 12}, {'color': 2, 'count': 15, 'bbox_h': 3, 'bbox_w': 6, 'bbox_area': 18, 'r0': 6, 'c0': 4, 'r1': 8, 'c1': 9, 'edge_count': 0, 'largest_component': 15}, {'color': 3, 'count': 14, 'bbox_h': 7, 'bbox_w': 2, 'bbox_area': 14, 'r0': 0, 'c0': 13, 'r1': 6, 'c1': 14, 'edge_count': 2, 'largest_component': 14}, {'color': 5, 'count': 14, 'bbox_h': 2, 'bbox_w': 7, 'bbox_area': 14, 'r0': 3, 'c0': 2, 'r1': 4, 'c1': 8, 'edge_count': 0, 'largest_component': 14}, {'color': 6, 'count': 24, 'bbox_h': 8, 'bbox_w': 3, 'bbox_area': 24, 'r0': 8, 'c0': 10, 'r1': 15, 'c1': 12, 'edge_count': 3, 'largest_component': 24}, {'color': 7, 'count': 12, 'bbox_h': 6, 'bbox_w': 2, 'bbox_area': 12, 'r0': 9, 'c0': 4, 'r1': 14, 'c1': 5, 'edge_count': 0, 'largest_component': 12}, {'color': 8, 'count': 12, 'bbox_h': 4, 'bbox_w': 3, 'bbox_area': 12, 'r0': 10, 'c0': 6, 'r1': 13, 'c1': 8, 'edge_count': 0, 'largest_component': 12}]","['edge_count_min_low', 'count_rank1']"
68,1,4,"[{'color': 1, 'count': 11, 'bbox_h': 4, 'bbox_w': 3, 'bbox_area': 12, 'r0': 0, 'c0': 14, 'r1': 3, 'c1': 16, 'edge_count': 3, 'largest_component': 11}, {'color': 2, 'count': 21, 'bbox_h': 7, 'bbox_w': 3, 'bbox_area': 21, 'r0': 0, 'c0': 6, 'r1': 6, 'c1': 8, 'edge_count': 3, 'largest_component': 21}, {'color': 3, 'count': 15, 'bbox_h': 5, 'bbox_w': 3, 'bbox_area': 15, 'r0': 11, 'c0': 5, 'r1': 15, 'c1': 7, 'edge_count': 0, 'largest_component': 15}, {'color': 5, 'count': 6, 'bbox_h': 2, 'bbox_w': 3, 'bbox_area': 6, 'r0': 12, 'c0': 1, 'r1': 13, 'c1': 3, 'edge_count': 0, 'largest_component': 6}, {'color': 6, 'count': 6, 'bbox_h': 3, 'bbox_w': 2, 'bbox_area': 6, 'r0': 12, 'c0': 10, 'r1': 14, 'c1': 11, 'edge_count': 0, 'largest_component': 6}, {'color': 7, 'count': 15, 'bbox_h': 3, 'bbox_w': 5, 'bbox_area': 15, 'r0': 12, 'c0': 12, 'r1': 14, 'c1': 16, 'edge_count': 0, 'largest_component': 15}, {'color': 8, 'count': 12, 'bbox_h': 2, 'bbox_w': 6, 'bbox_area': 12, 'r0': 4, 'c0': 11, 'r1': 5, 'c1': 16, 'edge_count': 0, 'largest_component': 12}]","['r0_min_low', 'c0_max_low', 'c0_max_high', 'r1_min_low', 'r1_min_high', 'c1_max_low', 'edge_count_max_low']"
69,5,3,"[{'color': 2, 'count': 6, 'bbox_h': 2, 'bbox_w': 3, 'bbox_area': 6, 'r0': 4, 'c0': 12, 'r1': 5, 'c1': 14, 'edge_count': 0, 'largest_component': 6}, {'color': 4, 'count': 18, 'bbox_h': 3, 'bbox_w': 6, 'bbox_area': 18, 'r0': 4, 'c0': 1, 'r1': 6, 'c1': 6, 'edge_count': 0, 'largest_component': 18}, {'color': 5, 'count': 15, 'bbox_h': 3, 'bbox_w': 6, 'bbox_area': 18, 'r0': 6, 'c0': 11, 'r1': 8, 'c1': 16, 'edge_count': 3, 'largest_component': 15}, {'color': 7, 'count': 40, 'bbox_h': 5, 'bbox_w': 8, 'bbox_area': 40, 'r0': 9, 'c0': 2, 'r1': 13, 'c1': 9, 'edge_count': 0, 'largest_component': 40}, {'color': 9, 'count': 25, 'bbox_h': 5, 'bbox_w': 5, 'bbox_area': 25, 'r0': 10, 'c0': 10, 'r1': 14, 'c1': 14, 'edge_count': 0, 'largest_component': 25}]","['c1_max_low', 'c1_max_high', 'edge_count_max_low', 'edge_count_max_high', 'count_rank3']"
70,9,2,"[{'color': 1, 'count': 24, 'bbox_h': 3, 'bbox_w': 8, 'bbox_area': 24, 'r0': 9, 'c0': 8, 'r1': 11, 'c1': 15, 'edge_count': 8, 'largest_component': 24}, {'color': 3, 'count': 30, 'bbox_h': 5, 'bbox_w': 6, 'bbox_area': 30, 'r0': 0, 'c0': 7, 'r1': 4, 'c1': 12, 'edge_count': 6, 'largest_component': 30}, {'color': 6, 'count': 16, 'bbox_h': 8, 'bbox_w': 2, 'bbox_area': 16, 'r0': 3, 'c0': 0, 'r1': 10, 'c1': 1, 'edge_count': 8, 'largest_component': 16}, {'color': 7, 'count': 4, 'bbox_h': 2, 'bbox_w': 2, 'bbox_area': 4, 'r0': 8, 'c0': 4, 'r1': 9, 'c1': 5, 'edge_count': 0, 'largest_component': 4}, {'color': 8, 'count': 10, 'bbox_h': 2, 'bbox_w': 5, 'bbox_area': 10, 'r0': 6, 'c0': 6, 'r1': 7, 'c1': 10, 'edge_count': 0, 'largest_component': 10}, {'color': 9, 'count': 22, 'bbox_h': 6, 'bbox_w': 4, 'bbox_area': 24, 'r0': 1, 'c0': 2, 'r1': 6, 'c1': 5, 'edge_count': 0, 'largest_component': 22}]","['edge_count_min_high', 'count_rank2']"
71,4,5,"[{'color': 2, 'count': 16, 'bbox_h': 8, 'bbox_w': 2, 'bbox_area': 16, 'r0': 0, 'c0': 10, 'r1': 7, 'c1': 11, 'edge_count': 2, 'largest_component': 16}, {'color': 3, 'count': 8, 'bbox_h': 4, 'bbox_w': 2, 'bbox_area': 8, 'r0': 9, 'c0': 13, 'r1': 12, 'c1': 14, 'edge_count': 4, 'largest_component': 8}, {'color': 4, 'count': 8, 'bbox_h': 3, 'bbox_w': 3, 'bbox_area': 9, 'r0': 5, 'c0': 5, 'r1': 7, 'c1': 7, 'edge_count': 0, 'largest_component': 8}, {'color': 5, 'count': 15, 'bbox_h': 3, 'bbox_w': 5, 'bbox_area': 15, 'r0': 8, 'c0': 7, 'r1': 10, 'c1': 11, 'edge_count': 0, 'largest_component': 15}, {'color': 6, 'count': 16, 'bbox_h': 4, 'bbox_w': 4, 'bbox_area': 16, 'r0': 14, 'c0': 10, 'r1': 17, 'c1': 13, 'edge_count': 4, 'largest_component': 16}, {'color': 7, 'count': 16, 'bbox_h': 8, 'bbox_w': 2, 'bbox_area': 16, 'r0': 9, 'c0': 4, 'r1': 16, 'c1': 5, 'edge_count': 0, 'largest_component': 16}, {'color': 8, 'count': 8, 'bbox_h': 2, 'bbox_w': 4, 'bbox_area': 8, 'r0': 10, 'c0': 0, 'r1': 11, 'c1': 3, 'edge_count': 2, 'largest_component': 8}]","['r1_min_high', 'edge_count_min_low']"
72,1,2,"[{'color': 1, 'count': 13, 'bbox_h': 5, 'bbox_w': 3, 'bbox_area': 15, 'r0': 2, 'c0': 2, 'r1': 6, 'c1': 4, 'edge_count': 0, 'largest_component': 13}, {'color': 2, 'count': 6, 'bbox_h': 2, 'bbox_w': 3, 'bbox_area': 6, 'r0': 11, 'c0': 11, 'r1': 12, 'c1': 13, 'edge_count': 0, 'largest_component': 6}, {'color': 3, 'count': 12, 'bbox_h': 2, 'bbox_w': 6, 'bbox_area': 12, 'r0': 16, 'c0': 9, 'r1': 17, 'c1': 14, 'edge_count': 6, 'largest_component': 12}, {'color': 4, 'count': 12, 'bbox_h': 6, 'bbox_w': 2, 'bbox_area': 12, 'r0': 7, 'c0': 5, 'r1': 12, 'c1': 6, 'edge_count': 0, 'largest_component': 12}, {'color': 5, 'count': 14, 'bbox_h': 2, 'bbox_w': 7, 'bbox_area': 14, 'r0': 0, 'c0': 5, 'r1': 1, 'c1': 11, 'edge_count': 7, 'largest_component': 14}, {'color': 7, 'count': 16, 'bbox_h': 4, 'bbox_w': 4, 'bbox_area': 16, 'r0': 14, 'c0': 4, 'r1': 17, 'c1': 7, 'edge_count': 4, 'largest_component': 16}, {'color': 9, 'count': 6, 'bbox_h': 3, 'bbox_w': 2, 'bbox_area': 6, 'r0': 5, 'c0': 14, 'r1': 7, 'c1': 15, 'edge_count': 0, 'largest_component': 6}]","['c0_min_low', 'c0_min_high', 'c1_min_low', 'c1_min_high', 'edge_count_min_low', 'count_rank2']"
73,6,1,"[{'color': 2, 'count': 24, 'bbox_h': 4, 'bbox_w': 6, 'bbox_area': 24, 'r0': 4, 'c0': 0, 'r1': 7, 'c1': 5, 'edge_count': 4, 'largest_component': 24}, {'color': 6, 'count': 10, 'bbox_h': 4, 'bbox_w': 3, 'bbox_area': 12, 'r0': 8, 'c0': 4, 'r1': 11, 'c1': 6, 'edge_count': 0, 'largest_component': 10}, {'color': 7, 'count': 9, 'bbox_h': 3, 'bbox_w': 3, 'bbox_area': 9, 'r0': 4, 'c0': 7, 'r1': 6, 'c1': 9, 'edge_count': 0, 'largest_component': 9}, {'color': 8, 'count': 4, 'bbox_h': 2, 'bbox_w': 2, 'bbox_area': 4, 'r0': 1, 'c0': 2, 'r1': 2, 'c1': 3, 'edge_count': 0, 'largest_component': 4}]","['bbox_h_max_high', 'r0_max_low', 'r0_max_high', 'r1_max_low', 'r1_max_high', 'edge_count_min_low', 'count_rank1']"
74,9,3,"[{'color': 2, 'count': 16, 'bbox_h': 2, 'bbox_w': 8, 'bbox_area': 16, 'r0': 0, 'c0': 9, 'r1': 1, 'c1': 16, 'edge_count': 8, 'largest_component': 16}, {'color': 3, 'count': 32, 'bbox_h': 8, 'bbox_w': 4, 'bbox_area': 32, 'r0': 3, 'c0': 4, 'r1': 10, 'c1': 7, 'edge_count': 0, 'largest_component': 32}, {'color': 4, 'count': 10, 'bbox_h': 5, 'bbox_w': 2, 'bbox_area': 10, 'r0': 2, 'c0': 0, 'r1': 6, 'c1': 1, 'edge_count': 5, 'largest_component': 10}, {'color': 6, 'count': 15, 'bbox_h': 5, 'bbox_w': 3, 'bbox_area': 15, 'r0': 2, 'c0': 13, 'r1': 6, 'c1': 15, 'edge_count': 0, 'largest_component': 15}, {'color': 7, 'count': 12, 'bbox_h': 6, 'bbox_w': 2, 'bbox_area': 12, 'r0': 6, 'c0': 9, 'r1': 11, 'c1': 10, 'edge_count': 0, 'largest_component': 12}, {'color': 9, 'count': 14, 'bbox_h': 4, 'bbox_w': 4, 'bbox_area': 16, 'r0': 13, 'c0': 11, 'r1': 16, 'c1': 14, 'edge_count': 4, 'largest_component': 14}]","['r0_max_low', 'r0_max_high', 'r1_max_low', 'r1_max_high', 'count_rank3']"
75,3,1,"[{'color': 3, 'count': 18, 'bbox_h': 3, 'bbox_w': 7, 'bbox_area': 21, 'r0': 0, 'c0': 0, 'r1': 2, 'c1': 6, 'edge_count': 9, 'largest_component': 18}, {'color': 4, 'count': 10, 'bbox_h': 5, 'bbox_w': 2, 'bbox_area': 10, 'r0': 0, 'c0': 7, 'r1': 4, 'c1': 8, 'edge_count': 2, 'largest_component': 10}, {'color': 6, 'count': 6, 'bbox_h': 2, 'bbox_w': 3, 'bbox_area': 6, 'r0': 5, 'c0': 2, 'r1': 6, 'c1': 4, 'edge_count': 0, 'largest_component': 6}, {'color': 7, 'count': 24, 'bbox_h': 8, 'bbox_w': 3, 'bbox_area': 24, 'r0': 5, 'c0': 8, 'r1': 12, 'c1': 10, 'edge_count': 3, 'largest_component': 24}]","['bbox_w_max_low', 'bbox_w_max_high', 'r0_min_low', 'c0_min_low', 'c0_min_high', 'r1_min_low', 'r1_min_high', 'edge_count_max_low', 'edge_count_max_high', 'count_rank1']"
76,1,1,"[{'color': 1, 'count': 29, 'bbox_h': 4, 'bbox_w': 8, 'bbox_area': 32, 'r0': 12, 'c0': 10, 'r1': 15, 'c1': 17, 'edge_count': 4, 'largest_component': 29}, {'color': 3, 'count': 16, 'bbox_h': 2, 'bbox_w': 8, 'bbox_area': 16, 'r0': 8, 'c0': 9, 'r1': 9, 'c1': 16, 'edge_count': 0, 'largest_component': 16}, {'color': 6, 'count': 20, 'bbox_h': 5, 'bbox_w': 4, 'bbox_area': 20, 'r0': 9, 'c0': 2, 'r1': 13, 'c1': 5, 'edge_count': 0, 'largest_component': 20}, {'color': 7, 'count': 35, 'bbox_h': 5, 'bbox_w': 7, 'bbox_area': 35, 'r0': 0, 'c0': 11, 'r1': 4, 'c1': 17, 'edge_count': 11, 'largest_component': 35}]","['bbox_w_max_low', 'r0_max_low', 'r0_max_high', 'r1_max_low', 'r1_max_high', 'c1_max_low', 'count_rank1']"
77,9,0,"[{'color': 2, 'count': 6, 'bbox_h': 2, 'bbox_w': 3, 'bbox_area': 6, 'r0': 9, 'c0': 1, 'r1': 10, 'c1': 3, 'edge_count': 0, 'largest_component': 6}, {'color': 4, 'count': 10, 'bbox_h': 2, 'bbox_w': 5, 'bbox_area': 10, 'r0': 7, 'c0': 0, 'r1': 8, 'c1': 4, 'edge_count': 2, 'largest_component': 10}, {'color': 5, 'count': 6, 'bbox_h': 2, 'bbox_w': 3, 'bbox_area': 6, 'r0': 13, 'c0': 2, 'r1': 14, 'c1': 4, 'edge_count': 0, 'largest_component': 6}, {'color': 7, 'count': 15, 'bbox_h': 3, 'bbox_w': 5, 'bbox_area': 15, 'r0': 0, 'c0': 0, 'r1': 2, 'c1': 4, 'edge_count': 7, 'largest_component': 15}, {'color': 9, 'count': 21, 'bbox_h': 4, 'bbox_w': 6, 'bbox_area': 24, 'r0': 4, 'c0': 9, 'r1': 7, 'c1': 14, 'edge_count': 4, 'largest_component': 21}]","['count_max_low', 'count_max_high', 'bbox_h_max_low', 'bbox_h_max_high', 'bbox_w_max_low', 'bbox_w_max_high', 'bbox_area_max_low', 'bbox_area_max_high', 'c0_max_low', 'c0_max_high', 'c1_max_low', 'c1_max_high', 'largest_component_max_low', 'largest_component_max_high', 'count_rank0']"
78,1,5,"[{'color': 1, 'count': 10, 'bbox_h': 3, 'bbox_w': 4, 'bbox_area': 12, 'r0': 1, 'c0': 10, 'r1': 3, 'c1': 13, 'edge_count': 0, 'largest_component': 10}, {'color': 2, 'count': 12, 'bbox_h': 6, 'bbox_w': 2, 'bbox_area': 12, 'r0': 9, 'c0': 12, 'r1': 14, 'c1': 13, 'edge_count': 0, 'largest_component': 12}, {'color': 3, 'count': 20, 'bbox_h': 5, 'bbox_w': 4, 'bbox_area': 20, 'r0': 9, 'c0': 0, 'r1': 13, 'c1': 3, 'edge_count': 5, 'largest_component': 20}, {'color': 4, 'count': 8, 'bbox_h': 4, 'bbox_w': 2, 'bbox_area': 8, 'r0': 9, 'c0': 15, 'r1': 12, 'c1': 16, 'edge_count': 0, 'largest_component': 8}, {'color': 7, 'count': 12, 'bbox_h': 6, 'bbox_w': 2, 'bbox_area': 12, 'r0': 3, 'c0': 15, 'r1': 8, 'c1': 16, 'edge_count': 0, 'largest_component': 12}, {'color': 8, 'count': 18, 'bbox_h': 6, 'bbox_w': 3, 'bbox_area': 18, 'r0': 5, 'c0': 5, 'r1': 10, 'c1': 7, 'edge_count': 0, 'largest_component': 18}, {'color': 9, 'count': 14, 'bbox_h': 2, 'bbox_w': 7, 'bbox_area': 14, 'r0': 3, 'c0': 2, 'r1': 4, 'c1': 8, 'edge_count': 0, 'largest_component': 14}]","['r0_min_low', 'r0_min_high', 'r1_min_low', 'r1_min_high', 'edge_count_min_low']"
79,7,2,"[{'color': 2, 'count': 4, 'bbox_h': 2, 'bbox_w': 2, 'bbox_area': 4, 'r0': 13, 'c0': 13, 'r1': 14, 'c1': 14, 'edge_count': 0, 'largest_component': 4}, {'color': 3, 'count': 8, 'bbox_h': 4, 'bbox_w': 2, 'bbox_area': 8, 'r0': 13, 'c0': 2, 'r1': 16, 'c1': 3, 'edge_count': 2, 'largest_component': 8}, {'color': 5, 'count': 21, 'bbox_h': 7, 'bbox_w': 3, 'bbox_area': 21, 'r0': 3, 'c0': 9, 'r1': 9, 'c1': 11, 'edge_count': 0, 'largest_component': 21}, {'color': 6, 'count': 10, 'bbox_h': 2, 'bbox_w': 5, 'bbox_area': 10, 'r0': 13, 'c0': 5, 'r1': 14, 'c1': 9, 'edge_count': 0, 'largest_component': 10}, {'color': 7, 'count': 12, 'bbox_h': 5, 'bbox_w': 3, 'bbox_area': 15, 'r0': 12, 'c0': 10, 'r1': 16, 'c1': 12, 'edge_count': 3, 'largest_component': 12}, {'color': 8, 'count': 15, 'bbox_h': 5, 'bbox_w': 3, 'bbox_area': 15, 'r0': 8, 'c0': 13, 'r1': 12, 'c1': 15, 'edge_count': 5, 'largest_component': 15}]","['r1_max_high', 'count_rank2']"
80,2,2,"[{'color': 2, 'count': 10, 'bbox_h': 4, 'bbox_w': 3, 'bbox_area': 12, 'r0': 11, 'c0': 12, 'r1': 14, 'c1': 14, 'edge_count': 0, 'largest_component': 10}, {'color': 3, 'count': 25, 'bbox_h': 5, 'bbox_w': 5, 'bbox_area': 25, 'r0': 1, 'c0': 10, 'r1': 5, 'c1': 14, 'edge_count': 0, 'largest_component': 25}, {'color': 4, 'count': 6, 'bbox_h': 2, 'bbox_w': 3, 'bbox_area': 6, 'r0': 10, 'c0': 3, 'r1': 11, 'c1': 5, 'edge_count': 0, 'largest_component': 6}, {'color': 6, 'count': 9, 'bbox_h': 3, 'bbox_w': 3, 'bbox_area': 9, 'r0': 8, 'c0': 13, 'r1': 10, 'c1': 15, 'edge_count': 0, 'largest_component': 9}, {'color': 8, 'count': 14, 'bbox_h': 7, 'bbox_w': 2, 'bbox_area': 14, 'r0': 8, 'c0': 8, 'r1': 14, 'c1': 9, 'edge_count': 0, 'largest_component': 14}, {'color': 9, 'count': 6, 'bbox_h': 3, 'bbox_w': 2, 'bbox_area': 6, 'r0': 13, 'c0': 4, 'r1': 15, 'c1': 5, 'edge_count': 0, 'largest_component': 6}]","['edge_count_max_low', 'edge_count_min_low', 'count_rank2']"
81,2,2,"[{'color': 1, 'count': 9, 'bbox_h': 3, 'bbox_w': 3, 'bbox_area': 9, 'r0': 1, 'c0': 13, 'r1': 3, 'c1': 15, 'edge_count': 0, 'largest_component': 9}, {'color': 2, 'count': 11, 'bbox_h': 3, 'bbox_w': 4, 'bbox_area': 12, 'r0': 4, 'c0': 13, 'r1': 6, 'c1': 16, 'edge_count': 3, 'largest_component': 11}, {'color': 4, 'count': 16, 'bbox_h': 8, 'bbox_w': 2, 'bbox_area': 16, 'r0': 6, 'c0': 4, 'r1': 13, 'c1': 5, 'edge_count': 0, 'largest_component': 16}, {'color': 6, 'count': 10, 'bbox_h': 2, 'bbox_w': 5, 'bbox_area': 10, 'r0': 8, 'c0': 7, 'r1': 9, 'c1': 11, 'edge_count': 0, 'largest_component': 10}, {'color': 8, 'count': 12, 'bbox_h': 3, 'bbox_w': 4, 'bbox_area': 12, 'r0': 2, 'c0': 9, 'r1': 4, 'c1': 12, 'edge_count': 0, 'largest_component': 12}, {'color': 9, 'count': 8, 'bbox_h': 2, 'bbox_w': 4, 'bbox_area': 8, 'r0': 12, 'c0': 8, 'r1': 13, 'c1': 11, 'edge_count': 0, 'largest_component': 8}]","['c0_max_high', 'c1_max_low', 'c1_max_high', 'edge_count_max_low', 'edge_count_max_high', 'count_rank2']"
82,1,2,"[{'color': 1, 'count': 14, 'bbox_h': 5, 'bbox_w': 3, 'bbox_area': 15, 'r0': 6, 'c0': 2, 'r1': 10, 'c1': 4, 'edge_count': 0, 'largest_component': 14}, {'color': 3, 'count': 15, 'bbox_h': 3, 'bbox_w': 5, 'bbox_area': 15, 'r0': 11, 'c0': 0, 'r1': 13, 'c1': 4, 'edge_count': 3, 'largest_component': 15}, {'color': 4, 'count': 6, 'bbox_h': 2, 'bbox_w': 3, 'bbox_area': 6, 'r0': 8, 'c0': 8, 'r1': 9, 'c1': 10, 'edge_count': 0, 'largest_component': 6}, {'color': 9, 'count': 24, 'bbox_h': 8, 'bbox_w': 3, 'bbox_area': 24, 'r0': 5, 'c0': 11, 'r1': 12, 'c1': 13, 'edge_count': 0, 'largest_component': 24}]","['bbox_w_min_low', 'c1_min_low', 'edge_count_min_low', 'count_rank2']"
83,6,3,"[{'color': 1, 'count': 4, 'bbox_h': 2, 'bbox_w': 2, 'bbox_area': 4, 'r0': 1, 'c0': 8, 'r1': 2, 'c1': 9, 'edge_count': 0, 'largest_component': 4}, {'color': 4, 'count': 12, 'bbox_h': 4, 'bbox_w': 3, 'bbox_area': 12, 'r0': 5, 'c0': 2, 'r1': 8, 'c1': 4, 'edge_count': 0, 'largest_component': 12}, {'color': 5, 'count': 12, 'bbox_h': 4, 'bbox_w': 3, 'bbox_area': 12, 'r0': 10, 'c0': 11, 'r1': 13, 'c1': 13, 'edge_count': 3, 'largest_component': 12}, {'color': 6, 'count': 8, 'bbox_h': 3, 'bbox_w': 3, 'bbox_area': 9, 'r0': 3, 'c0': 6, 'r1': 5, 'c1': 8, 'edge_count': 0, 'largest_component': 8}, {'color': 9, 'count': 25, 'bbox_h': 5, 'bbox_w': 5, 'bbox_area': 25, 'r0': 9, 'c0': 0, 'r1': 13, 'c1': 4, 'edge_count': 9, 'largest_component': 25}]","['edge_count_min_high', 'count_rank3']"
84,9,1,"[{'color': 1, 'count': 21, 'bbox_h': 3, 'bbox_w': 7, 'bbox_area': 21, 'r0': 10, 'c0': 3, 'r1': 12, 'c1': 9, 'edge_count': 0, 'largest_component': 21}, {'color': 3, 'count': 25, 'bbox_h': 5, 'bbox_w': 5, 'bbox_area': 25, 'r0': 1, 'c0': 11, 'r1': 5, 'c1': 15, 'edge_count': 0, 'largest_component': 25}, {'color': 6, 'count': 16, 'bbox_h': 8, 'bbox_w': 2, 'bbox_area': 16, 'r0': 7, 'c0': 14, 'r1': 14, 'c1': 15, 'edge_count': 0, 'largest_component': 16}, {'color': 8, 'count': 10, 'bbox_h': 2, 'bbox_w': 5, 'bbox_area': 10, 'r0': 8, 'c0': 3, 'r1': 9, 'c1': 7, 'edge_count': 0, 'largest_component': 10}, {'color': 9, 'count': 23, 'bbox_h': 3, 'bbox_w': 8, 'bbox_area': 24, 'r0': 5, 'c0': 0, 'r1': 7, 'c1': 7, 'edge_count': 3, 'largest_component': 23}]","['bbox_w_max_low', 'bbox_w_max_high', 'c0_min_low', 'c0_min_high', 'c1_min_high', 'edge_count_max_low', 'edge_count_max_high', 'count_rank1']"
85,9,3,"[{'color': 1, 'count': 42, 'bbox_h': 6, 'bbox_w': 7, 'bbox_area': 42, 'r0': 9, 'c0': 8, 'r1': 14, 'c1': 14, 'edge_count': 0, 'largest_component': 42}, {'color': 2, 'count': 12, 'bbox_h': 4, 'bbox_w': 3, 'bbox_area': 12, 'r0': 9, 'c0': 4, 'r1': 12, 'c1': 6, 'edge_count': 0, 'largest_component': 12}, {'color': 3, 'count': 4, 'bbox_h': 2, 'bbox_w': 2, 'bbox_area': 4, 'r0': 10, 'c0': 1, 'r1': 11, 'c1': 2, 'edge_count': 0, 'largest_component': 4}, {'color': 4, 'count': 10, 'bbox_h': 2, 'bbox_w': 5, 'bbox_area': 10, 'r0': 16, 'c0': 5, 'r1': 17, 'c1': 9, 'edge_count': 5, 'largest_component': 10}, {'color': 5, 'count': 10, 'bbox_h': 5, 'bbox_w': 2, 'bbox_area': 10, 'r0': 3, 'c0': 14, 'r1': 7, 'c1': 15, 'edge_count': 5, 'largest_component': 10}, {'color': 8, 'count': 16, 'bbox_h': 8, 'bbox_w': 2, 'bbox_area': 16, 'r0': 0, 'c0': 8, 'r1': 7, 'c1': 9, 'edge_count': 2, 'largest_component': 16}, {'color': 9, 'count': 11, 'bbox_h': 3, 'bbox_w': 4, 'bbox_area': 12, 'r0': 1, 'c0': 1, 'r1': 3, 'c1': 4, 'edge_count': 0, 'largest_component': 11}]","['c0_min_high', 'r1_min_low', 'r1_min_high', 'edge_count_min_high', 'count_rank3']"
86,1,2,"[{'color': 1, 'count': 12, 'bbox_h': 5, 'bbox_w': 3, 'bbox_area': 15, 'r0': 6, 'c0': 10, 'r1': 10, 'c1': 12, 'edge_count': 0, 'largest_component': 12}, {'color': 4, 'count': 24, 'bbox_h': 3, 'bbox_w': 8, 'bbox_area': 24, 'r0': 12, 'c0': 6, 'r1': 14, 'c1': 13, 'edge_count': 0, 'largest_component': 24}, {'color': 7, 'count': 16, 'bbox_h': 4, 'bbox_w': 4, 'bbox_area': 16, 'r0': 1, 'c0': 2, 'r1': 4, 'c1': 5, 'edge_count': 0, 'largest_component': 16}, {'color': 9, 'count': 10, 'bbox_h': 2, 'bbox_w': 5, 'bbox_area': 10, 'r0': 12, 'c0': 0, 'r1': 13, 'c1': 4, 'edge_count': 2, 'largest_component': 10}]","['bbox_h_max_low', 'bbox_h_max_high', 'bbox_w_min_low', 'bbox_w_min_high', 'c0_max_low', 'c0_max_high', 'edge_count_min_low', 'count_rank2']"
87,1,0,"[{'color': 1, 'count': 37, 'bbox_h': 7, 'bbox_w': 7, 'bbox_area': 49, 'r0': 8, 'c0': 7, 'r1': 14, 'c1': 13, 'edge_count': 13, 'largest_component': 37}, {'color': 2, 'count': 12, 'bbox_h': 3, 'bbox_w': 4, 'bbox_area': 12, 'r0': 3, 'c0': 2, 'r1': 5, 'c1': 5, 'edge_count': 0, 'largest_component': 12}, {'color': 3, 'count': 12, 'bbox_h': 2, 'bbox_w': 6, 'bbox_area': 12, 'r0': 3, 'c0': 8, 'r1': 4, 'c1': 13, 'edge_count': 2, 'largest_component': 12}, {'color': 4, 'count': 16, 'bbox_h': 2, 'bbox_w': 8, 'bbox_area': 16, 'r0': 1, 'c0': 4, 'r1': 2, 'c1': 11, 'edge_count': 0, 'largest_component': 16}, {'color': 7, 'count': 16, 'bbox_h': 2, 'bbox_w': 8, 'bbox_area': 16, 'r0': 6, 'c0': 6, 'r1': 7, 'c1': 13, 'edge_count': 2, 'largest_component': 16}, {'color': 9, 'count': 20, 'bbox_h': 5, 'bbox_w': 4, 'bbox_area': 20, 'r0': 7, 'c0': 0, 'r1': 11, 'c1': 3, 'edge_count': 5, 'largest_component': 20}]","['count_max_low', 'count_max_high', 'bbox_h_max_low', 'bbox_h_max_high', 'bbox_area_max_low', 'bbox_area_max_high', 'r0_max_low', 'r0_max_high', 'r1_max_low', 'r1_max_high', 'c1_max_low', 'edge_count_max_low', 'edge_count_max_high', 'largest_component_max_low', 'largest_component_max_high', 'count_rank0']"
88,9,4,"[{'color': 3, 'count': 20, 'bbox_h': 4, 'bbox_w': 5, 'bbox_area': 20, 'r0': 2, 'c0': 0, 'r1': 5, 'c1': 4, 'edge_count': 4, 'largest_component': 20}, {'color': 4, 'count': 15, 'bbox_h': 3, 'bbox_w': 5, 'bbox_area': 15, 'r0': 7, 'c0': 9, 'r1': 9, 'c1': 13, 'edge_count': 0, 'largest_component': 15}, {'color': 5, 'count': 10, 'bbox_h': 2, 'bbox_w': 5, 'bbox_area': 10, 'r0': 5, 'c0': 11, 'r1': 6, 'c1': 15, 'edge_count': 0, 'largest_component': 10}, {'color': 6, 'count': 6, 'bbox_h': 3, 'bbox_w': 2, 'bbox_area': 6, 'r0': 8, 'c0': 7, 'r1': 10, 'c1': 8, 'edge_count': 0, 'largest_component': 6}, {'color': 7, 'count': 12, 'bbox_h': 4, 'bbox_w': 3, 'bbox_area': 12, 'r0': 11, 'c0': 2, 'r1': 14, 'c1': 4, 'edge_count': 3, 'largest_component': 12}, {'color': 8, 'count': 6, 'bbox_h': 3, 'bbox_w': 2, 'bbox_area': 6, 'r0': 0, 'c0': 8, 'r1': 2, 'c1': 9, 'edge_count': 2, 'largest_component': 6}, {'color': 9, 'count': 8, 'bbox_h': 3, 'bbox_w': 3, 'bbox_area': 9, 'r0': 6, 'c0': 4, 'r1': 8, 'c1': 6, 'edge_count': 0, 'largest_component': 8}]",['edge_count_min_high']
89,1,2,"[{'color': 1, 'count': 14, 'bbox_h': 4, 'bbox_w': 4, 'bbox_area': 16, 'r0': 0, 'c0': 1, 'r1': 3, 'c1': 4, 'edge_count': 4, 'largest_component': 14}, {'color': 3, 'count': 12, 'bbox_h': 6, 'bbox_w': 2, 'bbox_area': 12, 'r0': 3, 'c0': 11, 'r1': 8, 'c1': 12, 'edge_count': 0, 'largest_component': 12}, {'color': 6, 'count': 56, 'bbox_h': 7, 'bbox_w': 8, 'bbox_area': 56, 'r0': 5, 'c0': 0, 'r1': 11, 'c1': 7, 'edge_count': 7, 'largest_component': 56}, {'color': 7, 'count': 15, 'bbox_h': 5, 'bbox_w': 3, 'bbox_area': 15, 'r0': 1, 'c0': 8, 'r1': 5, 'c1': 10, 'edge_count': 0, 'largest_component': 15}]","['bbox_h_min_low', 'bbox_h_min_high', 'r0_min_low', 'r0_min_high', 'r1_min_low', 'r1_min_high', 'c1_min_low', 'c1_min_high', 'count_rank2']"
90,4,1,"[{'color': 1, 'count': 35, 'bbox_h': 5, 'bbox_w': 7, 'bbox_area': 35, 'r0': 1, 'c0': 11, 'r1': 5, 'c1': 17, 'edge_count': 5, 'largest_component': 35}, {'color': 3, 'count': 18, 'bbox_h': 3, 'bbox_w': 6, 'bbox_area': 18, 'r0': 7, 'c0': 11, 'r1': 9, 'c1': 16, 'edge_count': 0, 'largest_component': 18}, {'color': 4, 'count': 22, 'bbox_h': 8, 'bbox_w': 3, 'bbox_area': 24, 'r0': 0, 'c0': 3, 'r1': 7, 'c1': 5, 'edge_count': 3, 'largest_component': 22}, {'color': 5, 'count': 21, 'bbox_h': 3, 'bbox_w': 7, 'bbox_area': 21, 'r0': 10, 'c0': 9, 'r1': 12, 'c1': 15, 'edge_count': 0, 'largest_component': 21}, {'color': 8, 'count': 6, 'bbox_h': 3, 'bbox_w': 2, 'bbox_area': 6, 'r0': 11, 'c0': 2, 'r1': 13, 'c1': 3, 'edge_count': 0, 'largest_component': 6}, {'color': 9, 'count': 12, 'bbox_h': 6, 'bbox_w': 2, 'bbox_area': 12, 'r0': 5, 'c0': 0, 'r1': 10, 'c1': 1, 'edge_count': 6, 'largest_component': 12}]","['bbox_h_max_low', 'bbox_h_max_high', 'r0_min_low', 'r0_min_high', 'count_rank1']"
91,8,2,"[{'color': 2, 'count': 6, 'bbox_h': 3, 'bbox_w': 2, 'bbox_area': 6, 'r0': 10, 'c0': 1, 'r1': 12, 'c1': 2, 'edge_count': 0, 'largest_component': 6}, {'color': 6, 'count': 40, 'bbox_h': 8, 'bbox_w': 5, 'bbox_area': 40, 'r0': 0, 'c0': 5, 'r1': 7, 'c1': 9, 'edge_count': 5, 'largest_component': 40}, {'color': 7, 'count': 12, 'bbox_h': 6, 'bbox_w': 2, 'bbox_area': 12, 'r0': 5, 'c0': 10, 'r1': 10, 'c1': 11, 'edge_count': 0, 'largest_component': 12}, {'color': 8, 'count': 10, 'bbox_h': 3, 'bbox_w': 4, 'bbox_area': 12, 'r0': 13, 'c0': 4, 'r1': 15, 'c1': 7, 'edge_count': 0, 'largest_component': 10}]","['bbox_h_min_high', 'r0_max_low', 'r0_max_high', 'r1_max_low', 'r1_max_high', 'edge_count_min_high', 'count_rank2']"
92,8,1,"[{'color': 1, 'count': 10, 'bbox_h': 5, 'bbox_w': 2, 'bbox_area': 10, 'r0': 7, 'c0': 15, 'r1': 11, 'c1': 16, 'edge_count': 5, 'largest_component': 10}, {'color': 2, 'count': 15, 'bbox_h': 5, 'bbox_w': 3, 'bbox_area': 15, 'r0': 2, 'c0': 0, 'r1': 6, 'c1': 2, 'edge_count': 5, 'largest_component': 15}, {'color': 3, 'count': 20, 'bbox_h': 5, 'bbox_w': 4, 'bbox_area': 20, 'r0': 2, 'c0': 9, 'r1': 6, 'c1': 12, 'edge_count': 0, 'largest_component': 20}, {'color': 8, 'count': 19, 'bbox_h': 3, 'bbox_w': 8, 'bbox_area': 24, 'r0': 12, 'c0': 3, 'r1': 14, 'c1': 10, 'edge_count': 0, 'largest_component': 19}]","['bbox_h_min_low', 'bbox_h_min_high', 'bbox_w_max_low', 'bbox_w_max_high', 'bbox_area_max_low', 'bbox_area_max_high', 'r0_max_low', 'r0_max_high', 'r1_max_low', 'r1_max_high', 'edge_count_min_high', 'count_rank1']"
93,6,3,"[{'color': 2, 'count': 42, 'bbox_h': 7, 'bbox_w': 6, 'bbox_area': 42, 'r0': 0, 'c0': 0, 'r1': 6, 'c1': 5, 'edge_count': 12, 'largest_component': 42}, {'color': 5, 'count': 15, 'bbox_h': 5, 'bbox_w': 3, 'bbox_area': 15, 'r0': 6, 'c0': 13, 'r1': 10, 'c1': 15, 'edge_count': 0, 'largest_component': 15}, {'color': 6, 'count': 11, 'bbox_h': 3, 'bbox_w': 4, 'bbox_area': 12, 'r0': 4, 'c0': 6, 'r1': 6, 'c1': 9, 'edge_count': 0, 'largest_component': 11}, {'color': 7, 'count': 8, 'bbox_h': 2, 'bbox_w': 4, 'bbox_area': 8, 'r0': 2, 'c0': 8, 'r1': 3, 'c1': 11, 'edge_count': 0, 'largest_component': 8}, {'color': 9, 'count': 12, 'bbox_h': 3, 'bbox_w': 4, 'bbox_area': 12, 'r0': 2, 'c0': 14, 'r1': 4, 'c1': 17, 'edge_count': 3, 'largest_component': 12}]",['count_rank3']
94,1,1,"[{'color': 1, 'count': 19, 'bbox_h': 8, 'bbox_w': 3, 'bbox_area': 24, 'r0': 2, 'c0': 7, 'r1': 9, 'c1': 9, 'edge_count': 0, 'largest_component': 19}, {'color': 3, 'count': 12, 'bbox_h': 6, 'bbox_w': 2, 'bbox_area': 12, 'r0': 0, 'c0': 10, 'r1': 5, 'c1': 11, 'edge_count': 2, 'largest_component': 12}, {'color': 5, 'count': 6, 'bbox_h': 2, 'bbox_w': 3, 'bbox_area': 6, 'r0': 15, 'c0': 3, 'r1': 16, 'c1': 5, 'edge_count': 0, 'largest_component': 6}, {'color': 6, 'count': 42, 'bbox_h': 7, 'bbox_w': 6, 'bbox_area': 42, 'r0': 6, 'c0': 0, 'r1': 12, 'c1': 5, 'edge_count': 7, 'largest_component': 42}, {'color': 7, 'count': 12, 'bbox_h': 4, 'bbox_w': 3, 'bbox_area': 12, 'r0': 0, 'c0': 0, 'r1': 3, 'c1': 2, 'edge_count': 6, 'largest_component': 12}, {'color': 8, 'count': 12, 'bbox_h': 2, 'bbox_w': 6, 'bbox_area': 12, 'r0': 16, 'c0': 10, 'r1': 17, 'c1': 15, 'edge_count': 6, 'largest_component': 12}]","['bbox_h_max_low', 'bbox_h_max_high', 'edge_count_min_low', 'count_rank1']"
95,1,0,"[{'color': 1, 'count': 23, 'bbox_h': 3, 'bbox_w': 8, 'bbox_area': 24, 'r0': 7, 'c0': 1, 'r1': 9, 'c1': 8, 'edge_count': 0, 'largest_component': 23}, {'color': 2, 'count': 6, 'bbox_h': 2, 'bbox_w': 3, 'bbox_area': 6, 'r0': 2, 'c0': 0, 'r1': 3, 'c1': 2, 'edge_count': 2, 'largest_component': 6}, {'color': 4, 'count': 15, 'bbox_h': 5, 'bbox_w': 3, 'bbox_area': 15, 'r0': 8, 'c0': 9, 'r1': 12, 'c1': 11, 'edge_count': 0, 'largest_component': 15}, {'color': 5, 'count': 12, 'bbox_h': 2, 'bbox_w': 6, 'bbox_area': 12, 'r0': 0, 'c0': 9, 'r1': 1, 'c1': 14, 'edge_count': 6, 'largest_component': 12}, {'color': 9, 'count': 14, 'bbox_h': 2, 'bbox_w': 7, 'bbox_area': 14, 'r0': 3, 'c0': 9, 'r1': 4, 'c1': 15, 'edge_count': 2, 'largest_component': 14}]","['count_max_low', 'count_max_high', 'bbox_w_max_low', 'bbox_w_max_high', 'bbox_area_max_low', 'bbox_area_max_high', 'edge_count_min_low', 'largest_component_max_low', 'largest_component_max_high', 'count_rank0']"
96,9,3,"[{'color': 1, 'count': 24, 'bbox_h': 3, 'bbox_w': 8, 'bbox_area': 24, 'r0': 3, 'c0': 2, 'r1': 5, 'c1': 9, 'edge_count': 0, 'largest_component': 24}, {'color': 5, 'count': 6, 'bbox_h': 3, 'bbox_w': 2, 'bbox_area': 6, 'r0': 1, 'c0': 11, 'r1': 3, 'c1': 12, 'edge_count': 0, 'largest_component': 6}, {'color': 6, 'count': 16, 'bbox_h': 8, 'bbox_w': 2, 'bbox_area': 16, 'r0': 6, 'c0': 9, 'r1': 13, 'c1': 10, 'edge_count': 0, 'largest_component': 16}, {'color': 8, 'count': 21, 'bbox_h': 7, 'bbox_w': 3, 'bbox_area': 21, 'r0': 4, 'c0': 14, 'r1': 10, 'c1': 16, 'edge_count': 7, 'largest_component': 21}, {'color': 9, 'count': 11, 'bbox_h': 4, 'bbox_w': 3, 'bbox_area': 12, 'r0': 9, 'c0': 5, 'r1': 12, 'c1': 7, 'edge_count': 0, 'largest_component': 11}]","['r0_max_low', 'r0_max_high', 'c1_min_low', 'c1_min_high', 'edge_count_min_high', 'count_rank3']"
97,9,0,"[{'color': 2, 'count': 10, 'bbox_h': 5, 'bbox_w': 2, 'bbox_area': 10, 'r0': 6, 'c0': 14, 'r1': 10, 'c1': 15, 'edge_count': 0, 'largest_component': 10}, {'color': 3, 'count': 6, 'bbox_h': 2, 'bbox_w': 3, 'bbox_area': 6, 'r0': 14, 'c0': 9, 'r1': 15, 'c1': 11, 'edge_count': 3, 'largest_component': 6}, {'color': 5, 'count': 15, 'bbox_h': 5, 'bbox_w': 3, 'bbox_area': 15, 'r0': 0, 'c0': 14, 'r1': 4, 'c1': 16, 'edge_count': 3, 'largest_component': 15}, {'color': 6, 'count': 12, 'bbox_h': 6, 'bbox_w': 2, 'bbox_area': 12, 'r0': 6, 'c0': 16, 'r1': 11, 'c1': 17, 'edge_count': 6, 'largest_component': 12}, {'color': 7, 'count': 12, 'bbox_h': 6, 'bbox_w': 2, 'bbox_area': 12, 'r0': 1, 'c0': 10, 'r1': 6, 'c1': 11, 'edge_count': 0, 'largest_component': 12}, {'color': 8, 'count': 8, 'bbox_h': 4, 'bbox_w': 2, 'bbox_area': 8, 'r0': 1, 'c0': 0, 'r1': 4, 'c1': 1, 'edge_count': 4, 'largest_component': 8}, {'color': 9, 'count': 38, 'bbox_h': 8, 'bbox_w': 5, 'bbox_area': 40, 'r0': 2, 'c0': 2, 'r1': 9, 'c1': 6, 'edge_count': 0, 'largest_component': 38}]","['count_max_low', 'count_max_high', 'bbox_h_max_low', 'bbox_h_max_high', 'bbox_w_max_low', 'bbox_w_max_high', 'bbox_area_max_low', 'bbox_area_max_high', 'edge_count_min_high', 'largest_component_max_low', 'largest_component_max_high', 'count_rank0']"
98,4,2,"[{'color': 3, 'count': 28, 'bbox_h': 4, 'bbox_w': 7, 'bbox_area': 28, 'r0': 0, 'c0': 10, 'r1': 3, 'c1': 16, 'edge_count': 7, 'largest_component': 28}, {'color': 4, 'count': 26, 'bbox_h': 4, 'bbox_w': 7, 'bbox_area': 28, 'r0': 11, 'c0': 9, 'r1': 14, 'c1': 15, 'edge_count': 0, 'largest_component': 26}, {'color': 7, 'count': 35, 'bbox_h': 7, 'bbox_w': 5, 'bbox_area': 35, 'r0': 1, 'c0': 5, 'r1': 7, 'c1': 9, 'edge_count': 0, 'largest_component': 35}, {'color': 8, 'count': 6, 'bbox_h': 3, 'bbox_w': 2, 'bbox_area': 6, 'r0': 8, 'c0': 16, 'r1': 10, 'c1': 17, 'edge_count': 3, 'largest_component': 6}, {'color': 9, 'count': 12, 'bbox_h': 6, 'bbox_w': 2, 'bbox_area': 12, 'r0': 2, 'c0': 2, 'r1': 7, 'c1': 3, 'edge_count': 0, 'largest_component': 12}]","['bbox_w_max_high', 'r0_max_low', 'r0_max_high', 'r1_max_low', 'r1_max_high', 'edge_count_min_low', 'count_rank2']"
99,4,4,"[{'color': 2, 'count': 16, 'bbox_h': 8, 'bbox_w': 2, 'bbox_area': 16, 'r0': 1, 'c0': 13, 'r1': 8, 'c1': 14, 'edge_count': 8, 'largest_component': 16}, {'color': 3, 'count': 9, 'bbox_h': 3, 'bbox_w': 3, 'bbox_area': 9, 'r0': 4, 'c0': 8, 'r1': 6, 'c1': 10, 'edge_count': 0, 'largest_component': 9}, {'color': 4, 'count': 8, 'bbox_h': 3, 'bbox_w': 3, 'bbox_area': 9, 'r0': 9, 'c0': 0, 'r1': 11, 'c1': 2, 'edge_count': 5, 'largest_component': 8}, {'color': 5, 'count': 6, 'bbox_h': 3, 'bbox_w': 2, 'bbox_area': 6, 'r0': 9, 'c0': 12, 'r1': 11, 'c1': 13, 'edge_count': 2, 'largest_component': 6}, {'color': 6, 'count': 6, 'bbox_h': 3, 'bbox_w': 2, 'bbox_area': 6, 'r0': 6, 'c0': 3, 'r1': 8, 'c1': 4, 'edge_count': 0, 'largest_component': 6}, {'color': 7, 'count': 18, 'bbox_h': 6, 'bbox_w': 3, 'bbox_area': 18, 'r0': 0, 'c0': 5, 'r1': 5, 'c1': 7, 'edge_count': 3, 'largest_component': 18}, {'color': 9, 'count': 20, 'bbox_h': 5, 'bbox_w': 4, 'bbox_area': 20, 'r0': 7, 'c0': 5, 'r1': 11, 'c1': 8, 'edge_count': 4, 'largest_component': 20}]","['r0_max_low', 'c0_min_low', 'c0_min_high', 'r1_max_low', 'c1_min_low', 'c1_min_high']"
100,8,4,"[{'color': 1, 'count': 15, 'bbox_h': 5, 'bbox_w': 3, 'bbox_area': 15, 'r0': 1, 'c0': 0, 'r1': 5, 'c1': 2, 'edge_count': 5, 'largest_component': 15}, {'color': 3, 'count': 20, 'bbox_h': 4, 'bbox_w': 5, 'bbox_area': 20, 'r0': 7, 'c0': 9, 'r1': 10, 'c1': 13, 'edge_count': 0, 'largest_component': 20}, {'color': 5, 'count': 16, 'bbox_h': 4, 'bbox_w': 4, 'bbox_area': 16, 'r0': 11, 'c0': 3, 'r1': 14, 'c1': 6, 'edge_count': 4, 'largest_component': 16}, {'color': 7, 'count': 14, 'bbox_h': 2, 'bbox_w': 7, 'bbox_area': 14, 'r0': 0, 'c0': 4, 'r1': 1, 'c1': 10, 'edge_count': 7, 'largest_component': 14}, {'color': 8, 'count': 12, 'bbox_h': 5, 'bbox_w': 3, 'bbox_area': 15, 'r0': 6, 'c0': 2, 'r1': 10, 'c1': 4, 'edge_count': 0, 'largest_component': 12}]","['count_min_low', 'count_min_high', 'bbox_h_max_high', 'bbox_w_min_high', 'edge_count_min_high', 'largest_component_min_low', 'largest_component_min_high']"
101,5,1,"[{'color': 1, 'count': 10, 'bbox_h': 2, 'bbox_w': 5, 'bbox_area': 10, 'r0': 8, 'c0': 7, 'r1': 9, 'c1': 11, 'edge_count': 0, 'largest_component': 10}, {'color': 3, 'count': 16, 'bbox_h': 8, 'bbox_w': 2, 'bbox_area': 16, 'r0': 0, 'c0': 8, 'r1': 7, 'c1': 9, 'edge_count': 2, 'largest_component': 16}, {'color': 5, 'count': 16, 'bbox_h': 6, 'bbox_w': 3, 'bbox_area': 18, 'r0': 3, 'c0': 2, 'r1': 8, 'c1': 4, 'edge_count': 0, 'largest_component': 16}, {'color': 6, 'count': 14, 'bbox_h': 7, 'bbox_w': 2, 'bbox_area': 14, 'r0': 4, 'c0': 14, 'r1': 10, 'c1': 15, 'edge_count': 0, 'largest_component': 14}, {'color': 7, 'count': 12, 'bbox_h': 6, 'bbox_w': 2, 'bbox_area': 12, 'r0': 0, 'c0': 12, 'r1': 5, 'c1': 13, 'edge_count': 2, 'largest_component': 12}, {'color': 8, 'count': 9, 'bbox_h': 3, 'bbox_w': 3, 'bbox_area': 9, 'r0': 12, 'c0': 5, 'r1': 14, 'c1': 7, 'edge_count': 3, 'largest_component': 9}, {'color': 9, 'count': 10, 'bbox_h': 5, 'bbox_w': 2, 'bbox_area': 10, 'r0': 1, 'c0': 10, 'r1': 5, 'c1': 11, 'edge_count': 0, 'largest_component': 10}]","['count_max_high', 'bbox_area_max_low', 'bbox_area_max_high', 'c0_min_low', 'c0_min_high', 'c1_min_low', 'c1_min_high', 'largest_component_max_high', 'count_rank1']"
102,1,1,"[{'color': 1, 'count': 17, 'bbox_h': 7, 'bbox_w': 3, 'bbox_area': 21, 'r0': 3, 'c0': 1, 'r1': 9, 'c1': 3, 'edge_count': 0, 'largest_component': 17}, {'color': 2, 'count': 8, 'bbox_h': 4, 'bbox_w': 2, 'bbox_area': 8, 'r0': 11, 'c0': 7, 'r1': 14, 'c1': 8, 'edge_count': 0, 'largest_component': 8}, {'color': 3, 'count': 6, 'bbox_h': 2, 'bbox_w': 3, 'bbox_area': 6, 'r0': 8, 'c0': 13, 'r1': 9, 'c1': 15, 'edge_count': 2, 'largest_component': 6}, {'color': 4, 'count': 12, 'bbox_h': 3, 'bbox_w': 4, 'bbox_area': 12, 'r0': 15, 'c0': 8, 'r1': 17, 'c1': 11, 'edge_count': 4, 'largest_component': 12}, {'color': 5, 'count': 10, 'bbox_h': 5, 'bbox_w': 2, 'bbox_area': 10, 'r0': 10, 'c0': 14, 'r1': 14, 'c1': 15, 'edge_count': 5, 'largest_component': 10}, {'color': 7, 'count': 49, 'bbox_h': 7, 'bbox_w': 7, 'bbox_area': 49, 'r0': 0, 'c0': 8, 'r1': 6, 'c1': 14, 'edge_count': 7, 'largest_component': 49}, {'color': 8, 'count': 6, 'bbox_h': 3, 'bbox_w': 2, 'bbox_area': 6, 'r0': 14, 'c0': 1, 'r1': 16, 'c1': 2, 'edge_count': 0, 'largest_component': 6}]","['bbox_h_max_low', 'c0_min_low', 'edge_count_min_low', 'count_rank1']"
103,2,2,"[{'color': 2, 'count': 17, 'bbox_h': 3, 'bbox_w': 7, 'bbox_area': 21, 'r0': 7, 'c0': 8, 'r1': 9, 'c1': 14, 'edge_count': 3, 'largest_component': 17}, {'color': 5, 'count': 10, 'bbox_h': 2, 'bbox_w': 5, 'bbox_area': 10, 'r0': 10, 'c0': 6, 'r1': 11, 'c1': 10, 'edge_count': 0, 'largest_component': 10}, {'color': 6, 'count': 32, 'bbox_h': 8, 'bbox_w': 4, 'bbox_area': 32, 'r0': 4, 'c0': 1, 'r1': 11, 'c1': 4, 'edge_count': 0, 'largest_component': 32}, {'color': 8, 'count': 30, 'bbox_h': 6, 'bbox_w': 5, 'bbox_area': 30, 'r0': 1, 'c0': 10, 'r1': 6, 'c1': 14, 'edge_count': 6, 'largest_component': 30}]","['bbox_w_max_low', 'bbox_w_max_high', 'c1_max_low', 'count_rank2']"
104,2,3,"[{'color': 2, 'count': 13, 'bbox_h': 5, 'bbox_w': 3, 'bbox_area': 15, 'r0': 5, 'c0': 1, 'r1': 9, 'c1': 3, 'edge_count': 0, 'largest_component': 13}, {'color': 3, 'count': 15, 'bbox_h': 5, 'bbox_w': 3, 'bbox_area': 15, 'r0': 6, 'c0': 10, 'r1': 10, 'c1': 12, 'edge_count': 0, 'largest_component': 15}, {'color': 4, 'count': 10, 'bbox_h': 5, 'bbox_w': 2, 'bbox_area': 10, 'r0': 10, 'c0': 13, 'r1': 14, 'c1': 14, 'edge_count': 0, 'largest_component': 10}, {'color': 5, 'count': 42, 'bbox_h': 7, 'bbox_w': 6, 'bbox_area': 42, 'r0': 11, 'c0': 4, 'r1': 17, 'c1': 9, 'edge_count': 6, 'largest_component': 42}, {'color': 7, 'count': 12, 'bbox_h': 3, 'bbox_w': 4, 'bbox_area': 12, 'r0': 0, 'c0': 12, 'r1': 2, 'c1': 15, 'edge_count': 6, 'largest_component': 12}, {'color': 8, 'count': 18, 'bbox_h': 6, 'bbox_w': 3, 'bbox_area': 18, 'r0': 0, 'c0': 5, 'r1': 5, 'c1': 7, 'edge_count': 3, 'largest_component': 18}]","['c0_min_low', 'c0_min_high', 'c1_min_low', 'c1_min_high', 'edge_count_min_low', 'count_rank3']"
105,4,1,"[{'color': 3, 'count': 16, 'bbox_h': 4, 'bbox_w': 4, 'bbox_area': 16, 'r0': 11, 'c0': 5, 'r1': 14, 'c1': 8, 'edge_count': 4, 'largest_component': 16}, {'color': 4, 'count': 19, 'bbox_h': 7, 'bbox_w': 3, 'bbox_area': 21, 'r0': 8, 'c0': 9, 'r1': 14, 'c1': 11, 'edge_count': 3, 'largest_component': 19}, {'color': 6, 'count': 25, 'bbox_h': 5, 'bbox_w': 5, 'bbox_area': 25, 'r0': 1, 'c0': 7, 'r1': 5, 'c1': 11, 'edge_count': 0, 'largest_component': 25}, {'color': 7, 'count': 8, 'bbox_h': 2, 'bbox_w': 4, 'bbox_area': 8, 'r0': 2, 'c0': 3, 'r1': 3, 'c1': 6, 'edge_count': 0, 'largest_component': 8}, {'color': 9, 'count': 12, 'bbox_h': 3, 'bbox_w': 4, 'bbox_area': 12, 'r0': 8, 'c0': 12, 'r1': 10, 'c1': 15, 'edge_count': 3, 'largest_component': 12}]","['bbox_h_max_low', 'bbox_h_max_high', 'bbox_w_min_low', 'bbox_w_min_high', 'r1_max_high', 'count_rank1']"
106,4,2,"[{'color': 2, 'count': 6, 'bbox_h': 2, 'bbox_w': 3, 'bbox_area': 6, 'r0': 8, 'c0': 3, 'r1': 9, 'c1': 5, 'edge_count': 0, 'largest_component': 6}, {'color': 4, 'count': 13, 'bbox_h': 5, 'bbox_w': 3, 'bbox_area': 15, 'r0': 3, 'c0': 4, 'r1': 7, 'c1': 6, 'edge_count': 0, 'largest_component': 13}, {'color': 7, 'count': 16, 'bbox_h': 8, 'bbox_w': 2, 'bbox_area': 16, 'r0': 5, 'c0': 7, 'r1': 12, 'c1': 8, 'edge_count': 0, 'largest_component': 16}, {'color': 8, 'count': 18, 'bbox_h': 3, 'bbox_w': 6, 'bbox_area': 18, 'r0': 15, 'c0': 6, 'r1': 17, 'c1': 11, 'edge_count': 6, 'largest_component': 18}]","['r0_min_low', 'r0_min_high', 'r1_min_low', 'r1_min_high', 'count_rank2']"
107,5,2,"[{'color': 4, 'count': 8, 'bbox_h': 4, 'bbox_w': 2, 'bbox_area': 8, 'r0': 11, 'c0': 1, 'r1': 14, 'c1': 2, 'edge_count': 2, 'largest_component': 8}, {'color': 5, 'count': 10, 'bbox_h': 3, 'bbox_w': 4, 'bbox_area': 12, 'r0': 0, 'c0': 0, 'r1': 2, 'c1': 3, 'edge_count': 6, 'largest_component': 10}, {'color': 6, 'count': 32, 'bbox_h': 4, 'bbox_w': 8, 'bbox_area': 32, 'r0': 7, 'c0': 0, 'r1': 10, 'c1': 7, 'edge_count': 4, 'largest_component': 32}, {'color': 7, 'count': 25, 'bbox_h': 5, 'bbox_w': 5, 'bbox_area': 25, 'r0': 1, 'c0': 4, 'r1': 5, 'c1': 8, 'edge_count': 0, 'largest_component': 25}]","['bbox_h_min_low', 'bbox_h_min_high', 'r0_min_low', 'r0_min_high', 'c0_min_low', 'r1_min_low', 'r1_min_high', 'edge_count_max_low', 'edge_count_max_high', 'count_rank2']"
108,3,2,"[{'color': 3, 'count': 11, 'bbox_h': 4, 'bbox_w': 3, 'bbox_area': 12, 'r0': 4, 'c0': 13, 'r1': 7, 'c1': 15, 'edge_count': 0, 'largest_component': 11}, {'color': 4, 'count': 12, 'bbox_h': 3, 'bbox_w': 4, 'bbox_area': 12, 'r0': 10, 'c0': 2, 'r1': 12, 'c1': 5, 'edge_count': 0, 'largest_component': 12}, {'color': 5, 'count': 8, 'bbox_h': 4, 'bbox_w': 2, 'bbox_area': 8, 'r0': 13, 'c0': 7, 'r1': 16, 'c1': 8, 'edge_count': 2, 'largest_component': 8}, {'color': 8, 'count': 8, 'bbox_h': 2, 'bbox_w': 4, 'bbox_area': 8, 'r0': 1, 'c0': 3, 'r1': 2, 'c1': 6, 'edge_count': 0, 'largest_component': 8}, {'color': 9, 'count': 28, 'bbox_h': 4, 'bbox_w': 7, 'bbox_area': 28, 'r0': 9, 'c0': 6, 'r1': 12, 'c1': 12, 'edge_count': 0, 'largest_component': 28}]","['bbox_h_max_low', 'c0_max_low', 'c0_max_high', 'c1_max_low', 'c1_max_high', 'edge_count_min_low', 'count_rank2']"
109,7,1,"[{'color': 2, 'count': 8, 'bbox_h': 4, 'bbox_w': 2, 'bbox_area': 8, 'r0': 0, 'c0': 10, 'r1': 3, 'c1': 11, 'edge_count': 2, 'largest_component': 8}, {'color': 5, 'count': 6, 'bbox_h': 3, 'bbox_w': 2, 'bbox_area': 6, 'r0': 10, 'c0': 11, 'r1': 12, 'c1': 12, 'edge_count': 0, 'largest_component': 6}, {'color': 6, 'count': 35, 'bbox_h': 5, 'bbox_w': 7, 'bbox_area': 35, 'r0': 0, 'c0': 3, 'r1': 4, 'c1': 9, 'edge_count': 7, 'largest_component': 35}, {'color': 7, 'count': 15, 'bbox_h': 6, 'bbox_w': 3, 'bbox_area': 18, 'r0': 6, 'c0': 6, 'r1': 11, 'c1': 8, 'edge_count': 0, 'largest_component': 15}, {'color': 8, 'count': 4, 'bbox_h': 2, 'bbox_w': 2, 'bbox_area': 4, 'r0': 13, 'c0': 10, 'r1': 14, 'c1': 11, 'edge_count': 2, 'largest_component': 4}]","['bbox_h_max_low', 'bbox_h_max_high', 'c1_min_low', 'c1_min_high', 'edge_count_min_high', 'count_rank1']"
110,3,4,"[{'color': 1, 'count': 25, 'bbox_h': 5, 'bbox_w': 5, 'bbox_area': 25, 'r0': 2, 'c0': 0, 'r1': 6, 'c1': 4, 'edge_count': 5, 'largest_component': 25}, {'color': 3, 'count': 10, 'bbox_h': 3, 'bbox_w': 4, 'bbox_area': 12, 'r0': 11, 'c0': 1, 'r1': 13, 'c1': 4, 'edge_count': 4, 'largest_component': 10}, {'color': 5, 'count': 9, 'bbox_h': 3, 'bbox_w': 3, 'bbox_area': 9, 'r0': 2, 'c0': 5, 'r1': 4, 'c1': 7, 'edge_count': 0, 'largest_component': 9}, {'color': 6, 'count': 8, 'bbox_h': 4, 'bbox_w': 2, 'bbox_area': 8, 'r0': 0, 'c0': 14, 'r1': 3, 'c1': 15, 'edge_count': 5, 'largest_component': 8}, {'color': 7, 'count': 12, 'bbox_h': 4, 'bbox_w': 3, 'bbox_area': 12, 'r0': 7, 'c0': 0, 'r1': 10, 'c1': 2, 'edge_count': 4, 'largest_component': 12}, {'color': 8, 'count': 16, 'bbox_h': 2, 'bbox_w': 8, 'bbox_area': 16, 'r0': 0, 'c0': 6, 'r1': 1, 'c1': 13, 'edge_count': 8, 'largest_component': 16}, {'color': 9, 'count': 12, 'bbox_h': 6, 'bbox_w': 2, 'bbox_area': 12, 'r0': 6, 'c0': 10, 'r1': 11, 'c1': 11, 'edge_count': 0, 'largest_component': 12}]","['r0_max_low', 'r0_max_high', 'r1_max_low', 'r1_max_high']"
111,7,3,"[{'color': 1, 'count': 6, 'bbox_h': 3, 'bbox_w': 2, 'bbox_area': 6, 'r0': 12, 'c0': 11, 'r1': 14, 'c1': 12, 'edge_count': 0, 'largest_component': 6}, {'color': 3, 'count': 14, 'bbox_h': 7, 'bbox_w': 2, 'bbox_area': 14, 'r0': 7, 'c0': 15, 'r1': 13, 'c1': 16, 'edge_count': 0, 'largest_component': 14}, {'color': 4, 'count': 16, 'bbox_h': 2, 'bbox_w': 8, 'bbox_area': 16, 'r0': 9, 'c0': 3, 'r1': 10, 'c1': 10, 'edge_count': 0, 'largest_component': 16}, {'color': 5, 'count': 25, 'bbox_h': 5, 'bbox_w': 5, 'bbox_area': 25, 'r0': 3, 'c0': 4, 'r1': 7, 'c1': 8, 'edge_count': 0, 'largest_component': 25}, {'color': 6, 'count': 6, 'bbox_h': 2, 'bbox_w': 3, 'bbox_area': 6, 'r0': 3, 'c0': 0, 'r1': 4, 'c1': 2, 'edge_count': 2, 'largest_component': 6}, {'color': 7, 'count': 11, 'bbox_h': 3, 'bbox_w': 4, 'bbox_area': 12, 'r0': 0, 'c0': 6, 'r1': 2, 'c1': 9, 'edge_count': 4, 'largest_component': 11}, {'color': 8, 'count': 6, 'bbox_h': 3, 'bbox_w': 2, 'bbox_area': 6, 'r0': 13, 'c0': 0, 'r1': 15, 'c1': 1, 'edge_count': 3, 'largest_component': 6}]","['r0_min_low', 'r0_min_high', 'r1_min_low', 'r1_min_high', 'edge_count_max_low', 'edge_count_max_high', 'count_rank3']"
112,6,1,"[{'color': 2, 'count': 4, 'bbox_h': 2, 'bbox_w': 2, 'bbox_area': 4, 'r0': 3, 'c0': 15, 'r1': 4, 'c1': 16, 'edge_count': 2, 'largest_component': 4}, {'color': 6, 'count': 8, 'bbox_h': 3, 'bbox_w': 3, 'bbox_area': 9, 'r0': 5, 'c0': 8, 'r1': 7, 'c1': 10, 'edge_count': 0, 'largest_component': 8}, {'color': 7, 'count': 12, 'bbox_h': 6, 'bbox_w': 2, 'bbox_area': 12, 'r0': 9, 'c0': 4, 'r1': 14, 'c1': 5, 'edge_count': 0, 'largest_component': 12}, {'color': 9, 'count': 8, 'bbox_h': 2, 'bbox_w': 4, 'bbox_area': 8, 'r0': 14, 'c0': 13, 'r1': 15, 'c1': 16, 'edge_count': 2, 'largest_component': 8}]","['edge_count_min_low', 'count_rank1']"
113,5,4,"[{'color': 2, 'count': 12, 'bbox_h': 6, 'bbox_w': 2, 'bbox_area': 12, 'r0': 9, 'c0': 11, 'r1': 14, 'c1': 12, 'edge_count': 0, 'largest_component': 12}, {'color': 3, 'count': 14, 'bbox_h': 2, 'bbox_w': 7, 'bbox_area': 14, 'r0': 16, 'c0': 1, 'r1': 17, 'c1': 7, 'edge_count': 7, 'largest_component': 14}, {'color': 4, 'count': 20, 'bbox_h': 4, 'bbox_w': 5, 'bbox_area': 20, 'r0': 6, 'c0': 1, 'r1': 9, 'c1': 5, 'edge_count': 0, 'largest_component': 20}, {'color': 5, 'count': 14, 'bbox_h': 5, 'bbox_w': 4, 'bbox_area': 20, 'r0': 2, 'c0': 6, 'r1': 6, 'c1': 9, 'edge_count': 0, 'largest_component': 14}, {'color': 6, 'count': 28, 'bbox_h': 7, 'bbox_w': 4, 'bbox_area': 28, 'r0': 8, 'c0': 13, 'r1': 14, 'c1': 16, 'edge_count': 7, 'largest_component': 28}, {'color': 8, 'count': 12, 'bbox_h': 4, 'bbox_w': 3, 'bbox_area': 12, 'r0': 1, 'c0': 3, 'r1': 4, 'c1': 5, 'edge_count': 0, 'largest_component': 12}, {'color': 9, 'count': 24, 'bbox_h': 3, 'bbox_w': 8, 'bbox_area': 24, 'r0': 13, 'c0': 1, 'r1': 15, 'c1': 8, 'edge_count': 0, 'largest_component': 24}]",[]
114,3,1,"[{'color': 3, 'count': 24, 'bbox_h': 5, 'bbox_w': 6, 'bbox_area': 30, 'r0': 7, 'c0': 12, 'r1': 11, 'c1': 17, 'edge_count': 5, 'largest_component': 24}, {'color': 4, 'count': 20, 'bbox_h': 4, 'bbox_w': 5, 'bbox_area': 20, 'r0': 2, 'c0': 12, 'r1': 5, 'c1': 16, 'edge_count': 0, 'largest_component': 20}, {'color': 5, 'count': 24, 'bbox_h': 6, 'bbox_w': 4, 'bbox_area': 24, 'r0': 4, 'c0': 6, 'r1': 9, 'c1': 9, 'edge_count': 0, 'largest_component': 24}, {'color': 7, 'count': 28, 'bbox_h': 7, 'bbox_w': 4, 'bbox_area': 28, 'r0': 3, 'c0': 0, 'r1': 9, 'c1': 3, 'edge_count': 7, 'largest_component': 28}]","['bbox_w_max_low', 'bbox_w_max_high', 'bbox_area_max_low', 'bbox_area_max_high', 'r0_max_low', 'r0_max_high', 'c0_max_low', 'r1_max_low', 'r1_max_high', 'c1_max_low', 'c1_max_high', 'count_rank1']"
115,6,2,"[{'color': 2, 'count': 12, 'bbox_h': 6, 'bbox_w': 2, 'bbox_area': 12, 'r0': 0, 'c0': 15, 'r1': 5, 'c1': 16, 'edge_count': 7, 'largest_component': 12}, {'color': 5, 'count': 24, 'bbox_h': 3, 'bbox_w': 8, 'bbox_area': 24, 'r0': 3, 'c0': 3, 'r1': 5, 'c1': 10, 'edge_count': 0, 'largest_component': 24}, {'color': 6, 'count': 14, 'bbox_h': 5, 'bbox_w': 4, 'bbox_area': 20, 'r0': 7, 'c0': 0, 'r1': 11, 'c1': 3, 'edge_count': 8, 'largest_component': 14}, {'color': 7, 'count': 8, 'bbox_h': 4, 'bbox_w': 2, 'bbox_area': 8, 'r0': 7, 'c0': 11, 'r1': 10, 'c1': 12, 'edge_count': 0, 'largest_component': 8}, {'color': 8, 'count': 16, 'bbox_h': 2, 'bbox_w': 8, 'bbox_area': 16, 'r0': 1, 'c0': 5, 'r1': 2, 'c1': 12, 'edge_count': 0, 'largest_component': 16}]","['r0_max_low', 'c0_min_low', 'c0_min_high', 'r1_max_low', 'r1_max_high', 'c1_min_low', 'c1_min_high', 'edge_count_max_low', 'edge_count_max_high', 'count_rank2']"
116,5,3,"[{'color': 2, 'count': 4, 'bbox_h': 2, 'bbox_w': 2, 'bbox_area': 4, 'r0': 15, 'c0': 2, 'r1': 16, 'c1': 3, 'edge_count': 0, 'largest_component': 4}, {'color': 3, 'count': 32, 'bbox_h': 8, 'bbox_w': 4, 'bbox_area': 32, 'r0': 2, 'c0': 0, 'r1': 9, 'c1': 3, 'edge_count': 8, 'largest_component': 32}, {'color': 5, 'count': 10, 'bbox_h': 4, 'bbox_w': 3, 'bbox_area': 12, 'r0': 10, 'c0': 3, 'r1': 13, 'c1': 5, 'edge_count': 0, 'largest_component': 10}, {'color': 6, 'count': 12, 'bbox_h': 4, 'bbox_w': 3, 'bbox_area': 12, 'r0': 6, 'c0': 7, 'r1': 9, 'c1': 9, 'edge_count': 0, 'largest_component': 12}, {'color': 8, 'count': 8, 'bbox_h': 2, 'bbox_w': 4, 'bbox_area': 8, 'r0': 16, 'c0': 4, 'r1': 17, 'c1': 7, 'edge_count': 4, 'largest_component': 8}, {'color': 9, 'count': 20, 'bbox_h': 5, 'bbox_w': 4, 'bbox_area': 20, 'r0': 9, 'c0': 10, 'r1': 13, 'c1': 13, 'edge_count': 0, 'largest_component': 20}]",['count_rank3']
117,7,2,"[{'color': 1, 'count': 10, 'bbox_h': 2, 'bbox_w': 5, 'bbox_area': 10, 'r0': 3, 'c0': 9, 'r1': 4, 'c1': 13, 'edge_count': 0, 'largest_component': 10}, {'color': 2, 'count': 20, 'bbox_h': 4, 'bbox_w': 5, 'bbox_area': 20, 'r0': 11, 'c0': 8, 'r1': 14, 'c1': 12, 'edge_count': 5, 'largest_component': 20}, {'color': 3, 'count': 6, 'bbox_h': 2, 'bbox_w': 3, 'bbox_area': 6, 'r0': 8, 'c0': 12, 'r1': 9, 'c1': 14, 'edge_count': 0, 'largest_component': 6}, {'color': 4, 'count': 15, 'bbox_h': 5, 'bbox_w': 3, 'bbox_area': 15, 'r0': 10, 'c0': 4, 'r1': 14, 'c1': 6, 'edge_count': 3, 'largest_component': 15}, {'color': 5, 'count': 21, 'bbox_h': 7, 'bbox_w': 3, 'bbox_area': 21, 'r0': 7, 'c0': 1, 'r1': 13, 'c1': 3, 'edge_count': 0, 'largest_component': 21}, {'color': 7, 'count': 16, 'bbox_h': 4, 'bbox_w': 5, 'bbox_area': 20, 'r0': 4, 'c0': 4, 'r1': 7, 'c1': 8, 'edge_count': 0, 'largest_component': 16}]","['bbox_w_max_high', 'edge_count_min_high', 'count_rank2']"
118,9,1,"[{'color': 1, 'count': 18, 'bbox_h': 3, 'bbox_w': 6, 'bbox_area': 18, 'r0': 0, 'c0': 11, 'r1': 2, 'c1': 16, 'edge_count': 8, 'largest_component': 18}, {'color': 5, 'count': 6, 'bbox_h': 2, 'bbox_w': 3, 'bbox_area': 6, 'r0': 12, 'c0': 13, 'r1': 13, 'c1': 15, 'edge_count': 0, 'largest_component': 6}, {'color': 6, 'count': 36, 'bbox_h': 6, 'bbox_w': 6, 'bbox_area': 36, 'r0': 5, 'c0': 9, 'r1': 10, 'c1': 14, 'edge_count': 0, 'largest_component': 36}, {'color': 8, 'count': 6, 'bbox_h': 3, 'bbox_w': 2, 'bbox_area': 6, 'r0': 0, 'c0': 1, 'r1': 2, 'c1': 2, 'edge_count': 2, 'largest_component': 6}, {'color': 9, 'count': 32, 'bbox_h': 8, 'bbox_w': 5, 'bbox_area': 40, 'r0': 3, 'c0': 4, 'r1': 10, 'c1': 8, 'edge_count': 0, 'largest_component': 32}]","['bbox_h_max_low', 'bbox_h_max_high', 'bbox_area_max_low', 'bbox_area_max_high', 'edge_count_min_high', 'count_rank1']"
119,9,5,"[{'color': 2, 'count': 12, 'bbox_h': 6, 'bbox_w': 2, 'bbox_area': 12, 'r0': 8, 'c0': 0, 'r1': 13, 'c1': 1, 'edge_count': 6, 'largest_component': 12}, {'color': 5, 'count': 9, 'bbox_h': 3, 'bbox_w': 3, 'bbox_area': 9, 'r0': 2, 'c0': 7, 'r1': 4, 'c1': 9, 'edge_count': 0, 'largest_component': 9}, {'color': 6, 'count': 20, 'bbox_h': 4, 'bbox_w': 5, 'bbox_area': 20, 'r0': 6, 'c0': 10, 'r1': 9, 'c1': 14, 'edge_count': 0, 'largest_component': 20}, {'color': 7, 'count': 12, 'bbox_h': 2, 'bbox_w': 6, 'bbox_area': 12, 'r0': 14, 'c0': 10, 'r1': 15, 'c1': 15, 'edge_count': 2, 'largest_component': 12}, {'color': 8, 'count': 10, 'bbox_h': 2, 'bbox_w': 5, 'bbox_area': 10, 'r0': 12, 'c0': 8, 'r1': 13, 'c1': 12, 'edge_count': 0, 'largest_component': 10}, {'color': 9, 'count': 8, 'bbox_h': 3, 'bbox_w': 3, 'bbox_area': 9, 'r0': 8, 'c0': 6, 'r1': 10, 'c1': 8, 'edge_count': 0, 'largest_component': 8}]","['count_min_low', 'count_min_high', 'bbox_area_min_high', 'edge_count_min_high', 'largest_component_min_low', 'largest_component_min_high']"
120,8,3,"[{'color': 2, 'count': 21, 'bbox_h': 3, 'bbox_w': 7, 'bbox_area': 21, 'r0': 9, 'c0': 1, 'r1': 11, 'c1': 7, 'edge_count': 0, 'largest_component': 21}, {'color': 3, 'count': 30, 'bbox_h': 5, 'bbox_w': 6, 'bbox_area': 30, 'r0': 1, 'c0': 2, 'r1': 5, 'c1': 7, 'edge_count': 0, 'largest_component': 30}, {'color': 5, 'count': 6, 'bbox_h': 2, 'bbox_w': 3, 'bbox_area': 6, 'r0': 15, 'c0': 12, 'r1': 16, 'c1': 14, 'edge_count': 2, 'largest_component': 6}, {'color': 6, 'count': 4, 'bbox_h': 2, 'bbox_w': 2, 'bbox_area': 4, 'r0': 0, 'c0': 11, 'r1': 1, 'c1': 12, 'edge_count': 2, 'largest_component': 4}, {'color': 7, 'count': 16, 'bbox_h': 4, 'bbox_w': 4, 'bbox_area': 16, 'r0': 14, 'c0': 2, 'r1': 17, 'c1': 5, 'edge_count': 4, 'largest_component': 16}, {'color': 8, 'count': 8, 'bbox_h': 3, 'bbox_w': 3, 'bbox_area': 9, 'r0': 10, 'c0': 8, 'r1': 12, 'c1': 10, 'edge_count': 0, 'largest_component': 8}, {'color': 9, 'count': 6, 'bbox_h': 2, 'bbox_w': 3, 'bbox_area': 6, 'r0': 13, 'c0': 6, 'r1': 14, 'c1': 8, 'edge_count': 0, 'largest_component': 6}]",['count_rank3']
121,4,1,"[{'color': 1, 'count': 20, 'bbox_h': 4, 'bbox_w': 5, 'bbox_area': 20, 'r0': 12, 'c0': 8, 'r1': 15, 'c1': 12, 'edge_count': 0, 'largest_component': 20}, {'color': 3, 'count': 6, 'bbox_h': 3, 'bbox_w': 2, 'bbox_area': 6, 'r0': 15, 'c0': 2, 'r1': 17, 'c1': 3, 'edge_count': 2, 'largest_component': 6}, {'color': 4, 'count': 14, 'bbox_h': 3, 'bbox_w': 5, 'bbox_area': 15, 'r0': 9, 'c0': 0, 'r1': 11, 'c1': 4, 'edge_count': 3, 'largest_component': 14}, {'color': 6, 'count': 8, 'bbox_h': 2, 'bbox_w': 4, 'bbox_area': 8, 'r0': 16, 'c0': 8, 'r1': 17, 'c1': 11, 'edge_count': 4, 'largest_component': 8}, {'color': 7, 'count': 14, 'bbox_h': 7, 'bbox_w': 2, 'bbox_area': 14, 'r0': 2, 'c0': 4, 'r1': 8, 'c1': 5, 'edge_count': 0, 'largest_component': 14}]","['bbox_w_max_high', 'c0_min_low', 'c0_min_high', 'count_rank1']"
122,8,1,"[{'color': 2, 'count': 15, 'bbox_h': 5, 'bbox_w': 3, 'bbox_area': 15, 'r0': 2, 'c0': 9, 'r1': 6, 'c1': 11, 'edge_count': 0, 'largest_component': 15}, {'color': 3, 'count': 36, 'bbox_h': 6, 'bbox_w': 6, 'bbox_area': 36, 'r0': 1, 'c0': 0, 'r1': 6, 'c1': 5, 'edge_count': 6, 'largest_component': 36}, {'color': 4, 'count': 16, 'bbox_h': 2, 'bbox_w': 8, 'bbox_area': 16, 'r0': 12, 'c0': 6, 'r1': 13, 'c1': 13, 'edge_count': 8, 'largest_component': 16}, {'color': 6, 'count': 9, 'bbox_h': 3, 'bbox_w': 3, 'bbox_area': 9, 'r0': 10, 'c0': 2, 'r1': 12, 'c1': 4, 'edge_count': 0, 'largest_component': 9}, {'color': 8, 'count': 17, 'bbox_h': 6, 'bbox_w': 3, 'bbox_area': 18, 'r0': 1, 'c0': 15, 'r1': 6, 'c1': 17, 'edge_count': 6, 'largest_component': 17}]","['bbox_h_max_high', 'bbox_w_min_high', 'r0_min_high', 'c0_max_low', 'c0_max_high', 'r1_min_high', 'c1_max_low', 'c1_max_high', 'count_rank1']"
123,5,4,"[{'color': 1, 'count': 4, 'bbox_h': 2, 'bbox_w': 2, 'bbox_area': 4, 'r0': 0, 'c0': 10, 'r1': 1, 'c1': 11, 'edge_count': 2, 'largest_component': 4}, {'color': 2, 'count': 10, 'bbox_h': 5, 'bbox_w': 2, 'bbox_area': 10, 'r0': 5, 'c0': 0, 'r1': 9, 'c1': 1, 'edge_count': 5, 'largest_component': 10}, {'color': 3, 'count': 4, 'bbox_h': 2, 'bbox_w': 2, 'bbox_area': 4, 'r0': 2, 'c0': 11, 'r1': 3, 'c1': 12, 'edge_count': 0, 'largest_component': 4}, {'color': 4, 'count': 16, 'bbox_h': 8, 'bbox_w': 2, 'bbox_area': 16, 'r0': 8, 'c0': 11, 'r1': 15, 'c1': 12, 'edge_count': 2, 'largest_component': 16}, {'color': 5, 'count': 8, 'bbox_h': 3, 'bbox_w': 3, 'bbox_area': 9, 'r0': 4, 'c0': 2, 'r1': 6, 'c1': 4, 'edge_count': 0, 'largest_component': 8}, {'color': 7, 'count': 14, 'bbox_h': 2, 'bbox_w': 7, 'bbox_area': 14, 'r0': 0, 'c0': 0, 'r1': 1, 'c1': 6, 'edge_count': 8, 'largest_component': 14}, {'color': 8, 'count': 10, 'bbox_h': 5, 'bbox_w': 2, 'bbox_area': 10, 'r0': 3, 'c0': 5, 'r1': 7, 'c1': 6, 'edge_count': 0, 'largest_component': 10}]",[]
124,6,3,"[{'color': 1, 'count': 20, 'bbox_h': 5, 'bbox_w': 4, 'bbox_area': 20, 'r0': 5, 'c0': 13, 'r1': 9, 'c1': 16, 'edge_count': 0, 'largest_component': 20}, {'color': 2, 'count': 6, 'bbox_h': 3, 'bbox_w': 2, 'bbox_area': 6, 'r0': 7, 'c0': 0, 'r1': 9, 'c1': 1, 'edge_count': 3, 'largest_component': 6}, {'color': 3, 'count': 48, 'bbox_h': 6, 'bbox_w': 8, 'bbox_area': 48, 'r0': 11, 'c0': 8, 'r1': 16, 'c1': 15, 'edge_count': 0, 'largest_component': 48}, {'color': 4, 'count': 4, 'bbox_h': 2, 'bbox_w': 2, 'bbox_area': 4, 'r0': 2, 'c0': 4, 'r1': 3, 'c1': 5, 'edge_count': 0, 'largest_component': 4}, {'color': 5, 'count': 24, 'bbox_h': 8, 'bbox_w': 3, 'bbox_area': 24, 'r0': 7, 'c0': 2, 'r1': 14, 'c1': 4, 'edge_count': 0, 'largest_component': 24}, {'color': 6, 'count': 15, 'bbox_h': 4, 'bbox_w': 4, 'bbox_area': 16, 'r0': 6, 'c0': 9, 'r1': 9, 'c1': 12, 'edge_count': 0, 'largest_component': 15}, {'color': 9, 'count': 6, 'bbox_h': 2, 'bbox_w': 3, 'bbox_area': 6, 'r0': 4, 'c0': 1, 'r1': 5, 'c1': 3, 'edge_count': 0, 'largest_component': 6}]",['count_rank3']
125,3,3,"[{'color': 1, 'count': 14, 'bbox_h': 7, 'bbox_w': 2, 'bbox_area': 14, 'r0': 11, 'c0': 8, 'r1': 17, 'c1': 9, 'edge_count': 2, 'largest_component': 14}, {'color': 3, 'count': 11, 'bbox_h': 3, 'bbox_w': 4, 'bbox_area': 12, 'r0': 0, 'c0': 1, 'r1': 2, 'c1': 4, 'edge_count': 4, 'largest_component': 11}, {'color': 4, 'count': 28, 'bbox_h': 7, 'bbox_w': 4, 'bbox_area': 28, 'r0': 10, 'c0': 10, 'r1': 16, 'c1': 13, 'edge_count': 0, 'largest_component': 28}, {'color': 6, 'count': 20, 'bbox_h': 4, 'bbox_w': 5, 'bbox_area': 20, 'r0': 2, 'c0': 9, 'r1': 5, 'c1': 13, 'edge_count': 0, 'largest_component': 20}, {'color': 8, 'count': 4, 'bbox_h': 2, 'bbox_w': 2, 'bbox_area': 4, 'r0': 10, 'c0': 14, 'r1': 11, 'c1': 15, 'edge_count': 2, 'largest_component': 4}]","['r0_min_low', 'r0_min_high', 'c0_min_low', 'c0_min_high', 'r1_min_low', 'r1_min_high', 'c1_min_low', 'c1_min_high', 'edge_count_max_low', 'edge_count_max_high', 'count_rank3']"
126,2,4,"[{'color': 2, 'count': 11, 'bbox_h': 4, 'bbox_w': 3, 'bbox_area': 12, 'r0': 1, 'c0': 1, 'r1': 4, 'c1': 3, 'edge_count': 0, 'largest_component': 11}, {'color': 5, 'count': 24, 'bbox_h': 4, 'bbox_w': 6, 'bbox_area': 24, 'r0': 2, 'c0': 10, 'r1': 5, 'c1': 15, 'edge_count': 0, 'largest_component': 24}, {'color': 7, 'count': 25, 'bbox_h': 5, 'bbox_w': 5, 'bbox_area': 25, 'r0': 11, 'c0': 1, 'r1': 15, 'c1': 5, 'edge_count': 0, 'largest_component': 25}, {'color': 8, 'count': 36, 'bbox_h': 6, 'bbox_w': 6, 'bbox_area': 36, 'r0': 2, 'c0': 4, 'r1': 7, 'c1': 9, 'edge_count': 0, 'largest_component': 36}, {'color': 9, 'count': 12, 'bbox_h': 6, 'bbox_w': 2, 'bbox_area': 12, 'r0': 11, 'c0': 8, 'r1': 16, 'c1': 9, 'edge_count': 0, 'largest_component': 12}]","['count_min_low', 'count_min_high', 'bbox_h_min_low', 'bbox_area_min_low', 'r0_min_low', 'r0_min_high', 'c0_min_low', 'r1_min_low', 'r1_min_high', 'c1_min_low', 'c1_min_high', 'edge_count_max_low', 'edge_count_min_low', 'largest_component_min_low', 'largest_component_min_high']"
127,6,2,"[{'color': 2, 'count': 12, 'bbox_h': 2, 'bbox_w': 6, 'bbox_area': 12, 'r0': 2, 'c0': 1, 'r1': 3, 'c1': 6, 'edge_count': 0, 'largest_component': 12}, {'color': 3, 'count': 10, 'bbox_h': 5, 'bbox_w': 2, 'bbox_area': 10, 'r0': 0, 'c0': 12, 'r1': 4, 'c1': 13, 'edge_count': 2, 'largest_component': 10}, {'color': 4, 'count': 4, 'bbox_h': 2, 'bbox_w': 2, 'bbox_area': 4, 'r0': 0, 'c0': 10, 'r1': 1, 'c1': 11, 'edge_count': 2, 'largest_component': 4}, {'color': 5, 'count': 10, 'bbox_h': 2, 'bbox_w': 5, 'bbox_area': 10, 'r0': 9, 'c0': 3, 'r1': 10, 'c1': 7, 'edge_count': 0, 'largest_component': 10}, {'color': 6, 'count': 11, 'bbox_h': 4, 'bbox_w': 3, 'bbox_area': 12, 'r0': 5, 'c0': 12, 'r1': 8, 'c1': 14, 'edge_count': 0, 'largest_component': 11}, {'color': 7, 'count': 9, 'bbox_h': 3, 'bbox_w': 3, 'bbox_area': 9, 'r0': 11, 'c0': 13, 'r1': 13, 'c1': 15, 'edge_count': 5, 'largest_component': 9}, {'color': 8, 'count': 12, 'bbox_h': 4, 'bbox_w': 3, 'bbox_area': 12, 'r0': 5, 'c0': 8, 'r1': 8, 'c1': 10, 'edge_count': 0, 'largest_component': 12}]",['count_rank2']
128,8,2,"[{'color': 4, 'count': 6, 'bbox_h': 3, 'bbox_w': 2, 'bbox_area': 6, 'r0': 10, 'c0': 10, 'r1': 12, 'c1': 11, 'edge_count': 0, 'largest_component': 6}, {'color': 7, 'count': 8, 'bbox_h': 2, 'bbox_w': 4, 'bbox_area': 8, 'r0': 9, 'c0': 6, 'r1': 10, 'c1': 9, 'edge_count': 0, 'largest_component': 8}, {'color': 8, 'count': 8, 'bbox_h': 3, 'bbox_w': 3, 'bbox_area': 9, 'r0': 6, 'c0': 10, 'r1': 8, 'c1': 12, 'edge_count': 0, 'largest_component': 8}, {'color': 9, 'count': 21, 'bbox_h': 7, 'bbox_w': 3, 'bbox_area': 21, 'r0': 5, 'c0': 2, 'r1': 11, 'c1': 4, 'edge_count': 0, 'largest_component': 21}]","['c0_max_high', 'r1_min_low', 'r1_min_high', 'c1_max_low', 'c1_max_high', 'count_rank2']"
129,4,1,"[{'color': 1, 'count': 6, 'bbox_h': 2, 'bbox_w': 3, 'bbox_area': 6, 'r0': 14, 'c0': 12, 'r1': 15, 'c1': 14, 'edge_count': 2, 'largest_component': 6}, {'color': 3, 'count': 21, 'bbox_h': 7, 'bbox_w': 3, 'bbox_area': 21, 'r0': 6, 'c0': 5, 'r1': 12, 'c1': 7, 'edge_count': 0, 'largest_component': 21}, {'color': 4, 'count': 16, 'bbox_h': 3, 'bbox_w': 7, 'bbox_area': 21, 'r0': 14, 'c0': 4, 'r1': 16, 'c1': 10, 'edge_count': 0, 'largest_component': 16}, {'color': 5, 'count': 10, 'bbox_h': 2, 'bbox_w': 5, 'bbox_area': 10, 'r0': 0, 'c0': 5, 'r1': 1, 'c1': 9, 'edge_count': 5, 'largest_component': 10}, {'color': 7, 'count': 10, 'bbox_h': 2, 'bbox_w': 5, 'bbox_area': 10, 'r0': 3, 'c0': 8, 'r1': 4, 'c1': 12, 'edge_count': 0, 'largest_component': 10}, {'color': 8, 'count': 4, 'bbox_h': 2, 'bbox_w': 2, 'bbox_area': 4, 'r0': 2, 'c0': 3, 'r1': 3, 'c1': 4, 'edge_count': 0, 'largest_component': 4}, {'color': 9, 'count': 8, 'bbox_h': 4, 'bbox_w': 2, 'bbox_area': 8, 'r0': 10, 'c0': 8, 'r1': 13, 'c1': 9, 'edge_count': 0, 'largest_component': 8}]","['bbox_w_max_low', 'bbox_w_max_high', 'bbox_area_max_high', 'r0_max_high', 'r1_max_low', 'r1_max_high', 'count_rank1']"
130,2,3,"[{'color': 2, 'count': 14, 'bbox_h': 4, 'bbox_w': 4, 'bbox_area': 16, 'r0': 4, 'c0': 8, 'r1': 7, 'c1': 11, 'edge_count': 0, 'largest_component': 14}, {'color': 3, 'count': 16, 'bbox_h': 4, 'bbox_w': 4, 'bbox_area': 16, 'r0': 10, 'c0': 2, 'r1': 13, 'c1': 5, 'edge_count': 0, 'largest_component': 16}, {'color': 4, 'count': 6, 'bbox_h': 3, 'bbox_w': 2, 'bbox_area': 6, 'r0': 8, 'c0': 11, 'r1': 10, 'c1': 12, 'edge_count': 0, 'largest_component': 6}, {'color': 6, 'count': 18, 'bbox_h': 3, 'bbox_w': 6, 'bbox_area': 18, 'r0': 3, 'c0': 1, 'r1': 5, 'c1': 6, 'edge_count': 0, 'largest_component': 18}, {'color': 8, 'count': 14, 'bbox_h': 7, 'bbox_w': 2, 'bbox_area': 14, 'r0': 8, 'c0': 7, 'r1': 14, 'c1': 8, 'edge_count': 0, 'largest_component': 14}, {'color': 9, 'count': 24, 'bbox_h': 3, 'bbox_w': 8, 'bbox_area': 24, 'r0': 0, 'c0': 3, 'r1': 2, 'c1': 10, 'edge_count': 8, 'largest_component': 24}]","['edge_count_min_low', 'count_rank3']"
131,9,5,"[{'color': 1, 'count': 12, 'bbox_h': 2, 'bbox_w': 6, 'bbox_area': 12, 'r0': 2, 'c0': 1, 'r1': 3, 'c1': 6, 'edge_count': 0, 'largest_component': 12}, {'color': 3, 'count': 36, 'bbox_h': 6, 'bbox_w': 6, 'bbox_area': 36, 'r0': 12, 'c0': 2, 'r1': 17, 'c1': 7, 'edge_count': 6, 'largest_component': 36}, {'color': 4, 'count': 10, 'bbox_h': 5, 'bbox_w': 2, 'bbox_area': 10, 'r0': 2, 'c0': 12, 'r1': 6, 'c1': 13, 'edge_count': 0, 'largest_component': 10}, {'color': 5, 'count': 6, 'bbox_h': 2, 'bbox_w': 3, 'bbox_area': 6, 'r0': 9, 'c0': 5, 'r1': 10, 'c1': 7, 'edge_count': 0, 'largest_component': 6}, {'color': 7, 'count': 28, 'bbox_h': 7, 'bbox_w': 4, 'bbox_area': 28, 'r0': 1, 'c0': 14, 'r1': 7, 'c1': 17, 'edge_count': 7, 'largest_component': 28}, {'color': 8, 'count': 12, 'bbox_h': 4, 'bbox_w': 3, 'bbox_area': 12, 'r0': 11, 'c0': 9, 'r1': 14, 'c1': 11, 'edge_count': 0, 'largest_component': 12}, {'color': 9, 'count': 8, 'bbox_h': 3, 'bbox_w': 3, 'bbox_area': 9, 'r0': 7, 'c0': 8, 'r1': 9, 'c1': 10, 'edge_count': 0, 'largest_component': 8}]",['edge_count_min_high']
132,1,3,"[{'color': 1, 'count': 14, 'bbox_h': 4, 'bbox_w': 5, 'bbox_area': 20, 'r0': 11, 'c0': 2, 'r1': 14, 'c1': 6, 'edge_count': 0, 'largest_component': 14}, {'color': 5, 'count': 24, 'bbox_h': 6, 'bbox_w': 4, 'bbox_area': 24, 'r0': 1, 'c0': 9, 'r1': 6, 'c1': 12, 'edge_count': 0, 'largest_component': 24}, {'color': 6, 'count': 15, 'bbox_h': 3, 'bbox_w': 5, 'bbox_area': 15, 'r0': 8, 'c0': 5, 'r1': 10, 'c1': 9, 'edge_count': 0, 'largest_component': 15}, {'color': 7, 'count': 18, 'bbox_h': 6, 'bbox_w': 3, 'bbox_area': 18, 'r0': 5, 'c0': 2, 'r1': 10, 'c1': 4, 'edge_count': 0, 'largest_component': 18}]","['count_min_low', 'count_min_high', 'bbox_w_max_low', 'r0_max_low', 'r0_max_high', 'c0_min_low', 'r1_max_low', 'r1_max_high', 'edge_count_max_low', 'edge_count_min_low', 'largest_component_min_low', 'largest_component_min_high', 'count_rank3']"
133,6,5,"[{'color': 2, 'count': 12, 'bbox_h': 6, 'bbox_w': 2, 'bbox_area': 12, 'r0': 2, 'c0': 0, 'r1': 7, 'c1': 1, 'edge_count': 6, 'largest_component': 12}, {'color': 3, 'count': 30, 'bbox_h': 5, 'bbox_w': 6, 'bbox_area': 30, 'r0': 8, 'c0': 1, 'r1': 12, 'c1': 6, 'edge_count': 0, 'largest_component': 30}, {'color': 5, 'count': 8, 'bbox_h': 2, 'bbox_w': 4, 'bbox_area': 8, 'r0': 2, 'c0': 3, 'r1': 3, 'c1': 6, 'edge_count': 0, 'largest_component': 8}, {'color': 6, 'count': 8, 'bbox_h': 3, 'bbox_w': 3, 'bbox_area': 9, 'r0': 1, 'c0': 11, 'r1': 3, 'c1': 13, 'edge_count': 0, 'largest_component': 8}, {'color': 7, 'count': 4, 'bbox_h': 2, 'bbox_w': 2, 'bbox_area': 4, 'r0': 1, 'c0': 9, 'r1': 2, 'c1': 10, 'edge_count': 0, 'largest_component': 4}, {'color': 8, 'count': 24, 'bbox_h': 6, 'bbox_w': 4, 'bbox_area': 24, 'r0': 6, 'c0': 8, 'r1': 11, 'c1': 11, 'edge_count': 0, 'largest_component': 24}, {'color': 9, 'count': 40, 'bbox_h': 8, 'bbox_w': 5, 'bbox_area': 40, 'r0': 6, 'c0': 13, 'r1': 13, 'c1': 17, 'edge_count': 12, 'largest_component': 40}]",['r0_min_low']
134,2,3,"[{'color': 2, 'count': 8, 'bbox_h': 3, 'bbox_w': 3, 'bbox_area': 9, 'r0': 8, 'c0': 10, 'r1': 10, 'c1': 12, 'edge_count': 0, 'largest_component': 8}, {'color': 4, 'count': 14, 'bbox_h': 2, 'bbox_w': 7, 'bbox_area': 14, 'r0': 0, 'c0': 3, 'r1': 1, 'c1': 9, 'edge_count': 7, 'largest_component': 14}, {'color': 5, 'count': 20, 'bbox_h': 5, 'bbox_w': 4, 'bbox_area': 20, 'r0': 6, 'c0': 6, 'r1': 10, 'c1': 9, 'edge_count': 0, 'largest_component': 20}, {'color': 7, 'count': 14, 'bbox_h': 2, 'bbox_w': 7, 'bbox_area': 14, 'r0': 12, 'c0': 8, 'r1': 13, 'c1': 14, 'edge_count': 2, 'largest_component': 14}]","['count_min_low', 'count_min_high', 'bbox_w_min_low', 'bbox_w_min_high', 'bbox_area_min_low', 'bbox_area_min_high', 'c0_max_low', 'c0_max_high', 'edge_count_min_low', 'largest_component_min_low', 'largest_component_min_high', 'count_rank3']"
135,1,2,"[{'color': 1, 'count': 23, 'bbox_h': 8, 'bbox_w': 3, 'bbox_area': 24, 'r0': 1, 'c0': 0, 'r1': 8, 'c1': 2, 'edge_count': 8, 'largest_component': 23}, {'color': 2, 'count': 8, 'bbox_h': 4, 'bbox_w': 2, 'bbox_area': 8, 'r0': 3, 'c0': 4, 'r1': 6, 'c1': 5, 'edge_count': 0, 'largest_component': 8}, {'color': 3, 'count': 28, 'bbox_h': 7, 'bbox_w': 4, 'bbox_area': 28, 'r0': 7, 'c0': 12, 'r1': 13, 'c1': 15, 'edge_count': 0, 'largest_component': 28}, {'color': 4, 'count': 32, 'bbox_h': 8, 'bbox_w': 4, 'bbox_area': 32, 'r0': 2, 'c0': 6, 'r1': 9, 'c1': 9, 'edge_count': 0, 'largest_component': 32}, {'color': 5, 'count': 20, 'bbox_h': 4, 'bbox_w': 5, 'bbox_area': 20, 'r0': 12, 'c0': 1, 'r1': 15, 'c1': 5, 'edge_count': 0, 'largest_component': 20}, {'color': 6, 'count': 8, 'bbox_h': 4, 'bbox_w': 2, 'bbox_area': 8, 'r0': 12, 'c0': 10, 'r1': 15, 'c1': 11, 'edge_count': 0, 'largest_component': 8}, {'color': 9, 'count': 4, 'bbox_h': 2, 'bbox_w': 2, 'bbox_area': 4, 'r0': 10, 'c0': 1, 'r1': 11, 'c1': 2, 'edge_count': 0, 'largest_component': 4}]","['bbox_h_max_low', 'r0_min_low', 'r0_min_high', 'c0_min_low', 'c0_min_high', 'c1_min_low', 'edge_count_max_low', 'edge_count_max_high', 'count_rank2']"
136,8,4,"[{'color': 2, 'count': 24, 'bbox_h': 6, 'bbox_w': 4, 'bbox_area': 24, 'r0': 1, 'c0': 8, 'r1': 6, 'c1': 11, 'edge_count': 0, 'largest_component': 24}, {'color': 3, 'count': 12, 'bbox_h': 2, 'bbox_w': 6, 'bbox_area': 12, 'r0': 6, 'c0': 2, 'r1': 7, 'c1': 7, 'edge_count': 0, 'largest_component': 12}, {'color': 4, 'count': 6, 'bbox_h': 2, 'bbox_w': 3, 'bbox_area': 6, 'r0': 3, 'c0': 0, 'r1': 4, 'c1': 2, 'edge_count': 2, 'largest_component': 6}, {'color': 5, 'count': 20, 'bbox_h': 4, 'bbox_w': 5, 'bbox_area': 20, 'r0': 12, 'c0': 2, 'r1': 15, 'c1': 6, 'edge_count': 5, 'largest_component': 20}, {'color': 6, 'count': 14, 'bbox_h': 2, 'bbox_w': 7, 'bbox_area': 14, 'r0': 9, 'c0': 2, 'r1': 10, 'c1': 8, 'edge_count': 0, 'largest_component': 14}, {'color': 8, 'count': 11, 'bbox_h': 4, 'bbox_w': 3, 'bbox_area': 12, 'r0': 5, 'c0': 12, 'r1': 8, 'c1': 14, 'edge_count': 0, 'largest_component': 11}]","['bbox_w_min_high', 'c0_max_low', 'c0_max_high', 'c1_max_low', 'c1_max_high', 'edge_count_min_high']"
137,3,0,"[{'color': 1, 'count': 4, 'bbox_h': 2, 'bbox_w': 2, 'bbox_area': 4, 'r0': 0, 'c0': 0, 'r1': 1, 'c1': 1, 'edge_count': 3, 'largest_component': 4}, {'color': 3, 'count': 28, 'bbox_h': 5, 'bbox_w': 6, 'bbox_area': 30, 'r0': 8, 'c0': 0, 'r1': 12, 'c1': 5, 'edge_count': 5, 'largest_component': 28}, {'color': 4, 'count': 15, 'bbox_h': 5, 'bbox_w': 3, 'bbox_area': 15, 'r0': 4, 'c0': 9, 'r1': 8, 'c1': 11, 'edge_count': 0, 'largest_component': 15}, {'color': 5, 'count': 14, 'bbox_h': 7, 'bbox_w': 2, 'bbox_area': 14, 'r0': 0, 'c0': 12, 'r1': 6, 'c1': 13, 'edge_count': 2, 'largest_component': 14}, {'color': 6, 'count': 15, 'bbox_h': 3, 'bbox_w': 5, 'bbox_area': 15, 'r0': 11, 'c0': 13, 'r1': 13, 'c1': 17, 'edge_count': 3, 'largest_component': 15}, {'color': 7, 'count': 28, 'bbox_h': 4, 'bbox_w': 7, 'bbox_area': 28, 'r0': 14, 'c0': 10, 'r1': 17, 'c1': 16, 'edge_count': 7, 'largest_component': 28}, {'color': 8, 'count': 8, 'bbox_h': 4, 'bbox_w': 2, 'bbox_area': 8, 'r0': 14, 'c0': 7, 'r1': 17, 'c1': 8, 'edge_count': 2, 'largest_component': 8}]","['count_max_low', 'bbox_area_max_low', 'bbox_area_max_high', 'c0_min_high', 'largest_component_max_low', 'count_rank0']"
138,6,2,"[{'color': 1, 'count': 8, 'bbox_h': 4, 'bbox_w': 2, 'bbox_area': 8, 'r0': 8, 'c0': 6, 'r1': 11, 'c1': 7, 'edge_count': 0, 'largest_component': 8}, {'color': 3, 'count': 28, 'bbox_h': 4, 'bbox_w': 7, 'bbox_area': 28, 'r0': 0, 'c0': 1, 'r1': 3, 'c1': 7, 'edge_count': 7, 'largest_component': 28}, {'color': 5, 'count': 25, 'bbox_h': 5, 'bbox_w': 5, 'bbox_area': 25, 'r0': 11, 'c0': 0, 'r1': 15, 'c1': 4, 'edge_count': 9, 'largest_component': 25}, {'color': 6, 'count': 18, 'bbox_h': 6, 'bbox_w': 4, 'bbox_area': 24, 'r0': 4, 'c0': 2, 'r1': 9, 'c1': 5, 'edge_count': 0, 'largest_component': 18}, {'color': 8, 'count': 6, 'bbox_h': 2, 'bbox_w': 3, 'bbox_area': 6, 'r0': 8, 'c0': 11, 'r1': 9, 'c1': 13, 'edge_count': 0, 'largest_component': 6}, {'color': 9, 'count': 16, 'bbox_h': 8, 'bbox_w': 2, 'bbox_area': 16, 'r0': 8, 'c0': 16, 'r1': 15, 'c1': 17, 'edge_count': 9, 'largest_component': 16}]",['count_rank2']
139,4,4,"[{'color': 1, 'count': 16, 'bbox_h': 8, 'bbox_w': 2, 'bbox_area': 16, 'r0': 4, 'c0': 8, 'r1': 11, 'c1': 9, 'edge_count': 0, 'largest_component': 16}, {'color': 3, 'count': 18, 'bbox_h': 3, 'bbox_w': 6, 'bbox_area': 18, 'r0': 1, 'c0': 3, 'r1': 3, 'c1': 8, 'edge_count': 0, 'largest_component': 18}, {'color': 4, 'count': 8, 'bbox_h': 3, 'bbox_w': 3, 'bbox_area': 9, 'r0': 8, 'c0': 10, 'r1': 10, 'c1': 12, 'edge_count': 3, 'largest_component': 8}, {'color': 5, 'count': 18, 'bbox_h': 3, 'bbox_w': 6, 'bbox_area': 18, 'r0': 4, 'c0': 2, 'r1': 6, 'c1': 7, 'edge_count': 0, 'largest_component': 18}, {'color': 6, 'count': 6, 'bbox_h': 3, 'bbox_w': 2, 'bbox_area': 6, 'r0': 7, 'c0': 5, 'r1': 9, 'c1': 6, 'edge_count': 0, 'largest_component': 6}, {'color': 7, 'count': 20, 'bbox_h': 4, 'bbox_w': 5, 'bbox_area': 20, 'r0': 10, 'c0': 1, 'r1': 13, 'c1': 5, 'edge_count': 5, 'largest_component': 20}]","['c0_max_low', 'c0_max_high', 'c1_max_low', 'c1_max_high']"
140,1,0,"[{'color': 1, 'count': 23, 'bbox_h': 8, 'bbox_w': 3, 'bbox_area': 24, 'r0': 2, 'c0': 1, 'r1': 9, 'c1': 3, 'edge_count': 0, 'largest_component': 23}, {'color': 2, 'count': 6, 'bbox_h': 3, 'bbox_w': 2, 'bbox_area': 6, 'r0': 1, 'c0': 12, 'r1': 3, 'c1': 13, 'edge_count': 0, 'largest_component': 6}, {'color': 5, 'count': 12, 'bbox_h': 4, 'bbox_w': 3, 'bbox_area': 12, 'r0': 4, 'c0': 4, 'r1': 7, 'c1': 6, 'edge_count': 0, 'largest_component': 12}, {'color': 7, 'count': 8, 'bbox_h': 2, 'bbox_w': 4, 'bbox_area': 8, 'r0': 8, 'c0': 11, 'r1': 9, 'c1': 14, 'edge_count': 0, 'largest_component': 8}]","['count_max_low', 'count_max_high', 'bbox_h_max_low', 'bbox_h_max_high', 'bbox_area_max_low', 'bbox_area_max_high', 'c0_min_low', 'c0_min_high', 'r1_max_low', 'c1_min_low', 'c1_min_high', 'edge_count_max_low', 'edge_count_min_low', 'largest_component_max_low', 'largest_component_max_high', 'count_rank0']"
141,8,3,"[{'color': 1, 'count': 4, 'bbox_h': 2, 'bbox_w': 2, 'bbox_area': 4, 'r0': 11, 'c0': 12, 'r1': 12, 'c1': 13, 'edge_count': 0, 'largest_component': 4}, {'color': 2, 'count': 10, 'bbox_h': 2, 'bbox_w': 5, 'bbox_area': 10, 'r0': 8, 'c0': 6, 'r1': 9, 'c1': 10, 'edge_count': 0, 'largest_component': 10}, {'color': 3, 'count': 8, 'bbox_h': 4, 'bbox_w': 2, 'bbox_area': 8, 'r0': 12, 'c0': 4, 'r1': 15, 'c1': 5, 'edge_count': 0, 'largest_component': 8}, {'color': 5, 'count': 16, 'bbox_h': 8, 'bbox_w': 2, 'bbox_area': 16, 'r0': 8, 'c0': 15, 'r1': 15, 'c1': 16, 'edge_count': 8, 'largest_component': 16}, {'color': 6, 'count': 6, 'bbox_h': 3, 'bbox_w': 2, 'bbox_area': 6, 'r0': 7, 'c0': 12, 'r1': 9, 'c1': 13, 'edge_count': 0, 'largest_component': 6}, {'color': 7, 'count': 18, 'bbox_h': 6, 'bbox_w': 3, 'bbox_area': 18, 'r0': 0, 'c0': 14, 'r1': 5, 'c1': 16, 'edge_count': 8, 'largest_component': 18}, {'color': 8, 'count': 10, 'bbox_h': 4, 'bbox_w': 3, 'bbox_area': 12, 'r0': 5, 'c0': 1, 'r1': 8, 'c1': 3, 'edge_count': 0, 'largest_component': 10}]","['c0_min_low', 'c0_min_high', 'c1_min_low', 'c1_min_high', 'edge_count_min_high', 'count_rank3']"
142,9,5,"[{'color': 1, 'count': 14, 'bbox_h': 2, 'bbox_w': 7, 'bbox_area': 14, 'r0': 2, 'c0': 3, 'r1': 3, 'c1': 9, 'edge_count': 0, 'largest_component': 14}, {'color': 2, 'count': 15, 'bbox_h': 5, 'bbox_w': 3, 'bbox_area': 15, 'r0': 10, 'c0': 11, 'r1': 14, 'c1': 13, 'edge_count': 3, 'largest_component': 15}, {'color': 3, 'count': 21, 'bbox_h': 7, 'bbox_w': 3, 'bbox_area': 21, 'r0': 0, 'c0': 13, 'r1': 6, 'c1': 15, 'edge_count': 9, 'largest_component': 21}, {'color': 4, 'count': 42, 'bbox_h': 7, 'bbox_w': 6, 'bbox_area': 42, 'r0': 8, 'c0': 3, 'r1': 14, 'c1': 8, 'edge_count': 6, 'largest_component': 42}, {'color': 7, 'count': 4, 'bbox_h': 2, 'bbox_w': 2, 'bbox_area': 4, 'r0': 0, 'c0': 5, 'r1': 1, 'c1': 6, 'edge_count': 2, 'largest_component': 4}, {'color': 8, 'count': 15, 'bbox_h': 3, 'bbox_w': 5, 'bbox_area': 15, 'r0': 5, 'c0': 3, 'r1': 7, 'c1': 7, 'edge_count': 0, 'largest_component': 15}, {'color': 9, 'count': 14, 'bbox_h': 3, 'bbox_w': 6, 'bbox_area': 18, 'r0': 7, 'c0': 10, 'r1': 9, 'c1': 15, 'edge_count': 3, 'largest_component': 14}]",['c1_max_high']
143,8,1,"[{'color': 2, 'count': 16, 'bbox_h': 2, 'bbox_w': 8, 'bbox_area': 16, 'r0': 13, 'c0': 3, 'r1': 14, 'c1': 10, 'edge_count': 8, 'largest_component': 16}, {'color': 4, 'count': 16, 'bbox_h': 8, 'bbox_w': 2, 'bbox_area': 16, 'r0': 2, 'c0': 12, 'r1': 9, 'c1': 13, 'edge_count': 0, 'largest_component': 16}, {'color': 5, 'count': 28, 'bbox_h': 7, 'bbox_w': 4, 'bbox_area': 28, 'r0': 1, 'c0': 7, 'r1': 7, 'c1': 10, 'edge_count': 0, 'largest_component': 28}, {'color': 7, 'count': 8, 'bbox_h': 4, 'bbox_w': 2, 'bbox_area': 8, 'r0': 9, 'c0': 14, 'r1': 12, 'c1': 15, 'edge_count': 4, 'largest_component': 8}, {'color': 8, 'count': 18, 'bbox_h': 8, 'bbox_w': 3, 'bbox_area': 24, 'r0': 2, 'c0': 4, 'r1': 9, 'c1': 6, 'edge_count': 0, 'largest_component': 18}, {'color': 9, 'count': 12, 'bbox_h': 6, 'bbox_w': 2, 'bbox_area': 12, 'r0': 5, 'c0': 2, 'r1': 10, 'c1': 3, 'edge_count': 0, 'largest_component': 12}]","['bbox_h_max_high', 'count_rank1']"
144,1,1,"[{'color': 1, 'count': 14, 'bbox_h': 3, 'bbox_w': 5, 'bbox_area': 15, 'r0': 3, 'c0': 0, 'r1': 5, 'c1': 4, 'edge_count': 3, 'largest_component': 14}, {'color': 3, 'count': 9, 'bbox_h': 3, 'bbox_w': 3, 'bbox_area': 9, 'r0': 12, 'c0': 15, 'r1': 14, 'c1': 17, 'edge_count': 3, 'largest_component': 9}, {'color': 4, 'count': 12, 'bbox_h': 3, 'bbox_w': 4, 'bbox_area': 12, 'r0': 3, 'c0': 5, 'r1': 5, 'c1': 8, 'edge_count': 0, 'largest_component': 12}, {'color': 6, 'count': 8, 'bbox_h': 4, 'bbox_w': 2, 'bbox_area': 8, 'r0': 12, 'c0': 6, 'r1': 15, 'c1': 7, 'edge_count': 2, 'largest_component': 8}, {'color': 7, 'count': 6, 'bbox_h': 3, 'bbox_w': 2, 'bbox_area': 6, 'r0': 6, 'c0': 1, 'r1': 8, 'c1': 2, 'edge_count': 0, 'largest_component': 6}, {'color': 8, 'count': 14, 'bbox_h': 7, 'bbox_w': 2, 'bbox_area': 14, 'r0': 5, 'c0': 12, 'r1': 11, 'c1': 13, 'edge_count': 0, 'largest_component': 14}, {'color': 9, 'count': 21, 'bbox_h': 3, 'bbox_w': 7, 'bbox_area': 21, 'r0': 9, 'c0': 2, 'r1': 11, 'c1': 8, 'edge_count': 0, 'largest_component': 21}]","['bbox_h_min_low', 'r0_min_low', 'c0_min_low', 'c0_min_high', 'r1_min_low', 'edge_count_max_low', 'count_rank1']"
145,4,1,"[{'color': 2, 'count': 16, 'bbox_h': 2, 'bbox_w': 8, 'bbox_area': 16, 'r0': 14, 'c0': 8, 'r1': 15, 'c1': 15, 'edge_count': 8, 'largest_component': 16}, {'color': 3, 'count': 9, 'bbox_h': 3, 'bbox_w': 3, 'bbox_area': 9, 'r0': 13, 'c0': 1, 'r1': 15, 'c1': 3, 'edge_count': 3, 'largest_component': 9}, {'color': 4, 'count': 23, 'bbox_h': 4, 'bbox_w': 6, 'bbox_area': 24, 'r0': 8, 'c0': 3, 'r1': 11, 'c1': 8, 'edge_count': 0, 'largest_component': 23}, {'color': 6, 'count': 49, 'bbox_h': 7, 'bbox_w': 7, 'bbox_area': 49, 'r0': 0, 'c0': 7, 'r1': 6, 'c1': 13, 'edge_count': 7, 'largest_component': 49}, {'color': 9, 'count': 4, 'bbox_h': 2, 'bbox_w': 2, 'bbox_area': 4, 'r0': 0, 'c0': 5, 'r1': 1, 'c1': 6, 'edge_count': 2, 'largest_component': 4}]","['edge_count_min_low', 'edge_count_min_high', 'count_rank1']"
146,3,2,"[{'color': 3, 'count': 8, 'bbox_h': 3, 'bbox_w': 3, 'bbox_area': 9, 'r0': 1, 'c0': 13, 'r1': 3, 'c1': 15, 'edge_count': 0, 'largest_component': 8}, {'color': 4, 'count': 10, 'bbox_h': 5, 'bbox_w': 2, 'bbox_area': 10, 'r0': 9, 'c0': 10, 'r1': 13, 'c1': 11, 'edge_count': 0, 'largest_component': 10}, {'color': 6, 'count': 8, 'bbox_h': 2, 'bbox_w': 4, 'bbox_area': 8, 'r0': 7, 'c0': 5, 'r1': 8, 'c1': 8, 'edge_count': 0, 'largest_component': 8}, {'color': 8, 'count': 18, 'bbox_h': 6, 'bbox_w': 3, 'bbox_area': 18, 'r0': 6, 'c0': 2, 'r1': 11, 'c1': 4, 'edge_count': 0, 'largest_component': 18}]","['count_min_low', 'r0_min_low', 'r0_min_high', 'c0_max_low', 'c0_max_high', 'r1_min_low', 'r1_min_high', 'c1_max_low', 'c1_max_high', 'edge_count_max_low', 'edge_count_min_low', 'largest_component_min_low', 'count_rank2']"
147,2,2,"[{'color': 1, 'count': 12, 'bbox_h': 2, 'bbox_w': 6, 'bbox_area': 12, 'r0': 7, 'c0': 8, 'r1': 8, 'c1': 13, 'edge_count': 0, 'largest_component': 12}, {'color': 2, 'count': 12, 'bbox_h': 5, 'bbox_w': 3, 'bbox_area': 15, 'r0': 10, 'c0': 13, 'r1': 14, 'c1': 15, 'edge_count': 0, 'largest_component': 12}, {'color': 8, 'count': 28, 'bbox_h': 4, 'bbox_w': 7, 'bbox_area': 28, 'r0': 6, 'c0': 1, 'r1': 9, 'c1': 7, 'edge_count': 0, 'largest_component': 28}, {'color': 9, 'count': 10, 'bbox_h': 5, 'bbox_w': 2, 'bbox_area': 10, 'r0': 2, 'c0': 12, 'r1': 6, 'c1': 13, 'edge_count': 0, 'largest_component': 10}]","['bbox_h_max_low', 'r0_max_low', 'r0_max_high', 'c0_max_low', 'c0_max_high', 'r1_max_low', 'r1_max_high', 'c1_max_low', 'c1_max_high', 'count_rank2']"
148,3,4,"[{'color': 3, 'count': 14, 'bbox_h': 5, 'bbox_w': 3, 'bbox_area': 15, 'r0': 3, 'c0': 11, 'r1': 7, 'c1': 13, 'edge_count': 5, 'largest_component': 14}, {'color': 5, 'count': 20, 'bbox_h': 5, 'bbox_w': 4, 'bbox_area': 20, 'r0': 11, 'c0': 6, 'r1': 15, 'c1': 9, 'edge_count': 4, 'largest_component': 20}, {'color': 6, 'count': 15, 'bbox_h': 3, 'bbox_w': 5, 'bbox_area': 15, 'r0': 1, 'c0': 6, 'r1': 3, 'c1': 10, 'edge_count': 0, 'largest_component': 15}, {'color': 7, 'count': 6, 'bbox_h': 3, 'bbox_w': 2, 'bbox_area': 6, 'r0': 11, 'c0': 10, 'r1': 13, 'c1': 11, 'edge_count': 0, 'largest_component': 6}, {'color': 8, 'count': 18, 'bbox_h': 3, 'bbox_w': 6, 'bbox_area': 18, 'r0': 8, 'c0': 8, 'r1': 10, 'c1': 13, 'edge_count': 3, 'largest_component': 18}, {'color': 9, 'count': 20, 'bbox_h': 4, 'bbox_w': 5, 'bbox_area': 20, 'r0': 11, 'c0': 1, 'r1': 14, 'c1': 5, 'edge_count': 0, 'largest_component': 20}]","['bbox_h_max_low', 'c0_max_low', 'c0_max_high', 'c1_max_low', 'edge_count_max_low', 'edge_count_max_high']"
149,4,0,"[{'color': 1, 'count': 12, 'bbox_h': 6, 'bbox_w': 2, 'bbox_area': 12, 'r0': 2, 'c0': 8, 'r1': 7, 'c1': 9, 'edge_count': 0, 'largest_component': 12}, {'color': 2, 'count': 16, 'bbox_h': 2, 'bbox_w': 8, 'bbox_area': 16, 'r0': 13, 'c0': 0, 'r1': 14, 'c1': 7, 'edge_count': 2, 'largest_component': 16}, {'color': 4, 'count': 23, 'bbox_h': 4, 'bbox_w': 6, 'bbox_area': 24, 'r0': 6, 'c0': 2, 'r1': 9, 'c1': 7, 'edge_count': 0, 'largest_component': 23}, {'color': 5, 'count': 20, 'bbox_h': 4, 'bbox_w': 5, 'bbox_area': 20, 'r0': 0, 'c0': 2, 'r1': 3, 'c1': 6, 'edge_count': 5, 'largest_component': 20}, {'color': 7, 'count': 16, 'bbox_h': 2, 'bbox_w': 8, 'bbox_area': 16, 'r0': 11, 'c0': 7, 'r1': 12, 'c1': 14, 'edge_count': 0, 'largest_component': 16}, {'color': 8, 'count': 10, 'bbox_h': 2, 'bbox_w': 5, 'bbox_area': 10, 'r0': 10, 'c0': 0, 'r1': 11, 'c1': 4, 'edge_count': 2, 'largest_component': 10}, {'color': 9, 'count': 10, 'bbox_h': 2, 'bbox_w': 5, 'bbox_area': 10, 'r0': 4, 'c0': 10, 'r1': 5, 'c1': 14, 'edge_count': 0, 'largest_component': 10}]","['count_max_low', 'count_max_high', 'bbox_area_max_low', 'bbox_area_max_high', 'largest_component_max_low', 'largest_component_max_high', 'count_rank0']"
150,5,3,"[{'color': 1, 'count': 9, 'bbox_h': 3, 'bbox_w': 3, 'bbox_area': 9, 'r0': 13, 'c0': 11, 'r1': 15, 'c1': 13, 'edge_count': 3, 'largest_component': 9}, {'color': 2, 'count': 30, 'bbox_h': 5, 'bbox_w': 6, 'bbox_area': 30, 'r0': 5, 'c0': 12, 'r1': 9, 'c1': 17, 'edge_count': 5, 'largest_component': 30}, {'color': 3, 'count': 18, 'bbox_h': 3, 'bbox_w': 6, 'bbox_area': 18, 'r0': 0, 'c0': 4, 'r1': 2, 'c1': 9, 'edge_count': 6, 'largest_component': 18}, {'color': 5, 'count': 15, 'bbox_h': 6, 'bbox_w': 3, 'bbox_area': 18, 'r0': 1, 'c0': 1, 'r1': 6, 'c1': 3, 'edge_count': 0, 'largest_component': 15}, {'color': 7, 'count': 64, 'bbox_h': 8, 'bbox_w': 8, 'bbox_area': 64, 'r0': 7, 'c0': 2, 'r1': 14, 'c1': 9, 'edge_count': 0, 'largest_component': 64}]","['bbox_w_min_high', 'c0_min_low', 'c0_min_high', 'c1_min_low', 'c1_min_high', 'edge_count_min_low', 'count_rank3']"
151,6,0,"[{'color': 3, 'count': 8, 'bbox_h': 2, 'bbox_w': 4, 'bbox_area': 8, 'r0': 12, 'c0': 12, 'r1': 13, 'c1': 15, 'edge_count': 0, 'largest_component': 8}, {'color': 5, 'count': 8, 'bbox_h': 4, 'bbox_w': 2, 'bbox_area': 8, 'r0': 0, 'c0': 3, 'r1': 3, 'c1': 4, 'edge_count': 2, 'largest_component': 8}, {'color': 6, 'count': 20, 'bbox_h': 4, 'bbox_w': 8, 'bbox_area': 32, 'r0': 3, 'c0': 5, 'r1': 6, 'c1': 12, 'edge_count': 0, 'largest_component': 20}, {'color': 7, 'count': 4, 'bbox_h': 2, 'bbox_w': 2, 'bbox_area': 4, 'r0': 7, 'c0': 10, 'r1': 8, 'c1': 11, 'edge_count': 0, 'largest_component': 4}, {'color': 9, 'count': 9, 'bbox_h': 3, 'bbox_w': 3, 'bbox_area': 9, 'r0': 11, 'c0': 1, 'r1': 13, 'c1': 3, 'edge_count': 0, 'largest_component': 9}]","['count_max_low', 'count_max_high', 'bbox_h_max_high', 'bbox_w_max_low', 'bbox_w_max_high', 'bbox_area_max_low', 'bbox_area_max_high', 'largest_component_max_low', 'largest_component_max_high', 'count_rank0']"
152,1,0,"[{'color': 1, 'count': 27, 'bbox_h': 8, 'bbox_w': 4, 'bbox_area': 32, 'r0': 6, 'c0': 2, 'r1': 13, 'c1': 5, 'edge_count': 0, 'largest_component': 27}, {'color': 4, 'count': 10, 'bbox_h': 2, 'bbox_w': 5, 'bbox_area': 10, 'r0': 0, 'c0': 1, 'r1': 1, 'c1': 5, 'edge_count': 5, 'largest_component': 10}, {'color': 5, 'count': 15, 'bbox_h': 3, 'bbox_w': 5, 'bbox_area': 15, 'r0': 3, 'c0': 9, 'r1': 5, 'c1': 13, 'edge_count': 3, 'largest_component': 15}, {'color': 7, 'count': 24, 'bbox_h': 6, 'bbox_w': 4, 'bbox_area': 24, 'r0': 7, 'c0': 10, 'r1': 12, 'c1': 13, 'edge_count': 6, 'largest_component': 24}, {'color': 8, 'count': 15, 'bbox_h': 3, 'bbox_w': 5, 'bbox_area': 15, 'r0': 0, 'c0': 7, 'r1': 2, 'c1': 11, 'edge_count': 5, 'largest_component': 15}]","['count_max_low', 'count_max_high', 'bbox_h_max_low', 'bbox_h_max_high', 'bbox_w_min_low', 'bbox_area_max_low', 'bbox_area_max_high', 'r1_max_low', 'r1_max_high', 'c1_min_low', 'edge_count_min_low', 'edge_count_min_high', 'largest_component_max_low', 'largest_component_max_high', 'count_rank0']"
153,4,0,"[{'color': 2, 'count': 10, 'bbox_h': 5, 'bbox_w': 2, 'bbox_area': 10, 'r0': 7, 'c0': 1, 'r1': 11, 'c1': 2, 'edge_count': 0, 'largest_component': 10}, {'color': 4, 'count': 22, 'bbox_h': 3, 'bbox_w': 8, 'bbox_area': 24, 'r0': 1, 'c0': 2, 'r1': 3, 'c1': 9, 'edge_count': 0, 'largest_component': 22}, {'color': 6, 'count': 14, 'bbox_h': 2, 'bbox_w': 7, 'bbox_area': 14, 'r0': 12, 'c0': 1, 'r1': 13, 'c1': 7, 'edge_count': 7, 'largest_component': 14}, {'color': 9, 'count': 9, 'bbox_h': 3, 'bbox_w': 3, 'bbox_area': 9, 'r0': 9, 'c0': 10, 'r1': 11, 'c1': 12, 'edge_count': 3, 'largest_component': 9}]","['count_max_low', 'count_max_high', 'bbox_w_max_low', 'bbox_w_max_high', 'bbox_area_max_low', 'bbox_area_max_high', 'r0_min_low', 'r0_min_high', 'r1_min_low', 'r1_min_high', 'edge_count_min_high', 'largest_component_max_low', 'largest_component_max_high', 'count_rank0']"
154,3,0,"[{'color': 2, 'count': 12, 'bbox_h': 3, 'bbox_w': 4, 'bbox_area': 12, 'r0': 1, 'c0': 1, 'r1': 3, 'c1': 4, 'edge_count': 0, 'largest_component': 12}, {'color': 3, 'count': 22, 'bbox_h': 3, 'bbox_w': 8, 'bbox_area': 24, 'r0': 14, 'c0': 4, 'r1': 16, 'c1': 11, 'edge_count': 0, 'largest_component': 22}, {'color': 4, 'count': 20, 'bbox_h': 5, 'bbox_w': 4, 'bbox_area': 20, 'r0': 0, 'c0': 12, 'r1': 4, 'c1': 15, 'edge_count': 8, 'largest_component': 20}, {'color': 5, 'count': 12, 'bbox_h': 6, 'bbox_w': 2, 'bbox_area': 12, 'r0': 0, 'c0': 6, 'r1': 5, 'c1': 7, 'edge_count': 2, 'largest_component': 12}, {'color': 7, 'count': 12, 'bbox_h': 3, 'bbox_w': 4, 'bbox_area': 12, 'r0': 11, 'c0': 9, 'r1': 13, 'c1': 12, 'edge_count': 0, 'largest_component': 12}, {'color': 8, 'count': 12, 'bbox_h': 4, 'bbox_w': 3, 'bbox_area': 12, 'r0': 14, 'c0': 13, 'r1': 17, 'c1': 15, 'edge_count': 6, 'largest_component': 12}]","['count_max_low', 'count_max_high', 'bbox_w_max_low', 'bbox_w_max_high', 'bbox_area_max_low', 'bbox_area_max_high', 'r0_max_low', 'largest_component_max_low', 'largest_component_max_high', 'count_rank0']"
155,8,4,"[{'color': 3, 'count': 16, 'bbox_h': 8, 'bbox_w': 2, 'bbox_area': 16, 'r0': 2, 'c0': 15, 'r1': 9, 'c1': 16, 'edge_count': 0, 'largest_component': 16}, {'color': 4, 'count': 14, 'bbox_h': 2, 'bbox_w': 7, 'bbox_area': 14, 'r0': 3, 'c0': 5, 'r1': 4, 'c1': 11, 'edge_count': 0, 'largest_component': 14}, {'color': 5, 'count': 16, 'bbox_h': 4, 'bbox_w': 4, 'bbox_area': 16, 'r0': 10, 'c0': 13, 'r1': 13, 'c1': 16, 'edge_count': 0, 'largest_component': 16}, {'color': 7, 'count': 20, 'bbox_h': 4, 'bbox_w': 5, 'bbox_area': 20, 'r0': 14, 'c0': 4, 'r1': 17, 'c1': 8, 'edge_count': 5, 'largest_component': 20}, {'color': 8, 'count': 10, 'bbox_h': 4, 'bbox_w': 3, 'bbox_area': 12, 'r0': 7, 'c0': 0, 'r1': 10, 'c1': 2, 'edge_count': 4, 'largest_component': 10}]","['count_min_low', 'count_min_high', 'bbox_area_min_low', 'bbox_area_min_high', 'c0_min_low', 'c0_min_high', 'c1_min_low', 'c1_min_high', 'largest_component_min_low', 'largest_component_min_high']"
156,8,0,"[{'color': 1, 'count': 15, 'bbox_h': 5, 'bbox_w': 3, 'bbox_area': 15, 'r0': 13, 'c0': 1, 'r1': 17, 'c1': 3, 'edge_count': 3, 'largest_component': 15}, {'color': 3, 'count': 25, 'bbox_h': 5, 'bbox_w': 5, 'bbox_area': 25, 'r0': 4, 'c0': 12, 'r1': 8, 'c1': 16, 'edge_count': 0, 'largest_component': 25}, {'color': 6, 'count': 18, 'bbox_h': 6, 'bbox_w': 3, 'bbox_area': 18, 'r0': 12, 'c0': 14, 'r1': 17, 'c1': 16, 'edge_count': 3, 'largest_component': 18}, {'color': 8, 'count': 28, 'bbox_h': 4, 'bbox_w': 8, 'bbox_area': 32, 'r0': 0, 'c0': 0, 'r1': 3, 'c1': 7, 'edge_count': 11, 'largest_component': 28}]","['count_max_low', 'count_max_high', 'bbox_h_min_low', 'bbox_h_min_high', 'bbox_w_max_low', 'bbox_w_max_high', 'bbox_area_max_low', 'bbox_area_max_high', 'r0_min_low', 'r0_min_high', 'c0_min_low', 'c0_min_high', 'r1_min_low', 'r1_min_high', 'edge_count_max_low', 'edge_count_max_high', 'largest_component_max_low', 'largest_component_max_high', 'count_rank0']"
157,1,2,"[{'color': 1, 'count': 13, 'bbox_h': 3, 'bbox_w': 5, 'bbox_area': 15, 'r0': 0, 'c0': 1, 'r1': 2, 'c1': 5, 'edge_count': 5, 'largest_component': 13}, {'color': 6, 'count': 18, 'bbox_h': 6, 'bbox_w': 3, 'bbox_area': 18, 'r0': 5, 'c0': 0, 'r1': 10, 'c1': 2, 'edge_count': 6, 'largest_component': 18}, {'color': 8, 'count': 9, 'bbox_h': 3, 'bbox_w': 3, 'bbox_area': 9, 'r0': 11, 'c0': 9, 'r1': 13, 'c1': 11, 'edge_count': 3, 'largest_component': 9}, {'color': 9, 'count': 32, 'bbox_h': 4, 'bbox_w': 8, 'bbox_area': 32, 'r0': 2, 'c0': 9, 'r1': 5, 'c1': 16, 'edge_count': 0, 'largest_component': 32}]","['bbox_h_min_low', 'r0_min_low', 'r0_min_high', 'r1_min_low', 'r1_min_high', 'count_rank2']"
158,6,1,"[{'color': 1, 'count': 12, 'bbox_h': 4, 'bbox_w': 3, 'bbox_area': 12, 'r0': 8, 'c0': 6, 'r1': 11, 'c1': 8, 'edge_count': 3, 'largest_component': 12}, {'color': 2, 'count': 6, 'bbox_h': 3, 'bbox_w': 2, 'bbox_area': 6, 'r0': 9, 'c0': 15, 'r1': 11, 'c1': 16, 'edge_count': 4, 'largest_component': 6}, {'color': 3, 'count': 12, 'bbox_h': 3, 'bbox_w': 4, 'bbox_area': 12, 'r0': 1, 'c0': 3, 'r1': 3, 'c1': 6, 'edge_count': 0, 'largest_component': 12}, {'color': 5, 'count': 15, 'bbox_h': 5, 'bbox_w': 3, 'bbox_area': 15, 'r0': 4, 'c0': 1, 'r1': 8, 'c1': 3, 'edge_count': 0, 'largest_component': 15}, {'color': 6, 'count': 17, 'bbox_h': 7, 'bbox_w': 3, 'bbox_area': 21, 'r0': 5, 'c0': 12, 'r1': 11, 'c1': 14, 'edge_count': 3, 'largest_component': 17}, {'color': 9, 'count': 40, 'bbox_h': 5, 'bbox_w': 8, 'bbox_area': 40, 'r0': 0, 'c0': 7, 'r1': 4, 'c1': 14, 'edge_count': 8, 'largest_component': 40}]","['bbox_h_max_low', 'bbox_h_max_high', 'r1_max_high', 'count_rank1']"
159,2,2,"[{'color': 1, 'count': 8, 'bbox_h': 4, 'bbox_w': 2, 'bbox_area': 8, 'r0': 14, 'c0': 11, 'r1': 17, 'c1': 12, 'edge_count': 5, 'largest_component': 8}, {'color': 2, 'count': 14, 'bbox_h': 3, 'bbox_w': 5, 'bbox_area': 15, 'r0': 9, 'c0': 7, 'r1': 11, 'c1': 11, 'edge_count': 0, 'largest_component': 14}, {'color': 3, 'count': 30, 'bbox_h': 6, 'bbox_w': 5, 'bbox_area': 30, 'r0': 9, 'c0': 0, 'r1': 14, 'c1': 4, 'edge_count': 6, 'largest_component': 30}, {'color': 4, 'count': 36, 'bbox_h': 6, 'bbox_w': 6, 'bbox_area': 36, 'r0': 3, 'c0': 3, 'r1': 8, 'c1': 8, 'edge_count': 0, 'largest_component': 36}, {'color': 9, 'count': 12, 'bbox_h': 6, 'bbox_w': 2, 'bbox_area': 12, 'r0': 2, 'c0': 9, 'r1': 7, 'c1': 10, 'edge_count': 0, 'largest_component': 12}]","['bbox_h_min_low', 'bbox_h_min_high', 'edge_count_min_low', 'count_rank2']"
160,9,2,"[{'color': 2, 'count': 14, 'bbox_h': 7, 'bbox_w': 2, 'bbox_area': 14, 'r0': 9, 'c0': 11, 'r1': 15, 'c1': 12, 'edge_count': 0, 'largest_component': 14}, {'color': 3, 'count': 49, 'bbox_h': 7, 'bbox_w': 7, 'bbox_area': 49, 'r0': 2, 'c0': 0, 'r1': 8, 'c1': 6, 'edge_count': 7, 'largest_component': 49}, {'color': 6, 'count': 24, 'bbox_h': 3, 'bbox_w': 8, 'bbox_area': 24, 'r0': 12, 'c0': 0, 'r1': 14, 'c1': 7, 'edge_count': 3, 'largest_component': 24}, {'color': 8, 'count': 12, 'bbox_h': 2, 'bbox_w': 6, 'bbox_area': 12, 'r0': 15, 'c0': 4, 'r1': 16, 'c1': 9, 'edge_count': 0, 'largest_component': 12}, {'color': 9, 'count': 22, 'bbox_h': 5, 'bbox_w': 5, 'bbox_area': 25, 'r0': 4, 'c0': 8, 'r1': 8, 'c1': 12, 'edge_count': 0, 'largest_component': 22}]","['r1_min_high', 'c1_max_high', 'edge_count_min_high', 'count_rank2']"
161,9,2,"[{'color': 1, 'count': 12, 'bbox_h': 2, 'bbox_w': 6, 'bbox_area': 12, 'r0': 10, 'c0': 4, 'r1': 11, 'c1': 9, 'edge_count': 0, 'largest_component': 12}, {'color': 2, 'count': 6, 'bbox_h': 2, 'bbox_w': 3, 'bbox_area': 6, 'r0': 7, 'c0': 2, 'r1': 8, 'c1': 4, 'edge_count': 0, 'largest_component': 6}, {'color': 3, 'count': 6, 'bbox_h': 2, 'bbox_w': 3, 'bbox_area': 6, 'r0': 12, 'c0': 8, 'r1': 13, 'c1': 10, 'edge_count': 0, 'largest_component': 6}, {'color': 4, 'count': 8, 'bbox_h': 4, 'bbox_w': 2, 'bbox_area': 8, 'r0': 0, 'c0': 4, 'r1': 3, 'c1': 5, 'edge_count': 2, 'largest_component': 8}, {'color': 5, 'count': 4, 'bbox_h': 2, 'bbox_w': 2, 'bbox_area': 4, 'r0': 11, 'c0': 1, 'r1': 12, 'c1': 2, 'edge_count': 0, 'largest_component': 4}, {'color': 9, 'count': 8, 'bbox_h': 3, 'bbox_w': 3, 'bbox_area': 9, 'r0': 0, 'c0': 10, 'r1': 2, 'c1': 12, 'edge_count': 3, 'largest_component': 8}]","['r0_min_high', 'c0_max_low', 'c0_max_high', 'r1_min_low', 'r1_min_high', 'c1_max_low', 'c1_max_high', 'edge_count_max_low', 'edge_count_max_high', 'count_rank2']"
162,6,0,"[{'color': 1, 'count': 30, 'bbox_h': 6, 'bbox_w': 5, 'bbox_area': 30, 'r0': 2, 'c0': 10, 'r1': 7, 'c1': 14, 'edge_count': 0, 'largest_component': 30}, {'color': 4, 'count': 12, 'bbox_h': 2, 'bbox_w': 6, 'bbox_area': 12, 'r0': 12, 'c0': 2, 'r1': 13, 'c1': 7, 'edge_count': 0, 'largest_component': 12}, {'color': 5, 'count': 15, 'bbox_h': 5, 'bbox_w': 3, 'bbox_area': 15, 'r0': 7, 'c0': 3, 'r1': 11, 'c1': 5, 'edge_count': 0, 'largest_component': 15}, {'color': 6, 'count': 38, 'bbox_h': 5, 'bbox_w': 8, 'bbox_area': 40, 'r0': 8, 'c0': 8, 'r1': 12, 'c1': 15, 'edge_count': 0, 'largest_component': 38}, {'color': 7, 'count': 8, 'bbox_h': 2, 'bbox_w': 4, 'bbox_area': 8, 'r0': 0, 'c0': 9, 'r1': 1, 'c1': 12, 'edge_count': 4, 'largest_component': 8}, {'color': 8, 'count': 21, 'bbox_h': 7, 'bbox_w': 3, 'bbox_area': 21, 'r0': 0, 'c0': 4, 'r1': 6, 'c1': 6, 'edge_count': 3, 'largest_component': 21}, {'color': 9, 'count': 24, 'bbox_h': 8, 'bbox_w': 3, 'bbox_area': 24, 'r0': 3, 'c0': 0, 'r1': 10, 'c1': 2, 'edge_count': 8, 'largest_component': 24}]","['count_max_low', 'count_max_high', 'bbox_w_max_low', 'bbox_w_max_high', 'bbox_area_max_low', 'bbox_area_max_high', 'c1_max_low', 'c1_max_high', 'edge_count_min_high', 'largest_component_max_low', 'largest_component_max_high', 'count_rank0']"
163,5,2,"[{'color': 2, 'count': 15, 'bbox_h': 3, 'bbox_w': 5, 'bbox_area': 15, 'r0': 12, 'c0': 7, 'r1': 14, 'c1': 11, 'edge_count': 0, 'largest_component': 15}, {'color': 4, 'count': 12, 'bbox_h': 4, 'bbox_w': 3, 'bbox_area': 12, 'r0': 10, 'c0': 12, 'r1': 13, 'c1': 14, 'edge_count': 0, 'largest_component': 12}, {'color': 5, 'count': 11, 'bbox_h': 4, 'bbox_w': 3, 'bbox_area': 12, 'r0': 13, 'c0': 0, 'r1': 16, 'c1': 2, 'edge_count': 6, 'largest_component': 11}, {'color': 7, 'count': 6, 'bbox_h': 3, 'bbox_w': 2, 'bbox_area': 6, 'r0': 11, 'c0': 3, 'r1': 13, 'c1': 4, 'edge_count': 0, 'largest_component': 6}]","['bbox_h_max_high', 'r0_max_low', 'r0_max_high', 'c0_min_low', 'c0_min_high', 'r1_max_low', 'r1_max_high', 'c1_min_low', 'c1_min_high', 'edge_count_max_low', 'edge_count_max_high', 'count_rank2']"
164,2,2,"[{'color': 1, 'count': 15, 'bbox_h': 3, 'bbox_w': 5, 'bbox_area': 15, 'r0': 8, 'c0': 0, 'r1': 10, 'c1': 4, 'edge_count': 3, 'largest_component': 15}, {'color': 2, 'count': 17, 'bbox_h': 3, 'bbox_w': 6, 'bbox_area': 18, 'r0': 10, 'c0': 5, 'r1': 12, 'c1': 10, 'edge_count': 0, 'largest_component': 17}, {'color': 3, 'count': 20, 'bbox_h': 5, 'bbox_w': 4, 'bbox_area': 20, 'r0': 4, 'c0': 6, 'r1': 8, 'c1': 9, 'edge_count': 0, 'largest_component': 20}, {'color': 6, 'count': 28, 'bbox_h': 7, 'bbox_w': 4, 'bbox_area': 28, 'r0': 9, 'c0': 11, 'r1': 15, 'c1': 14, 'edge_count': 7, 'largest_component': 28}, {'color': 7, 'count': 6, 'bbox_h': 3, 'bbox_w': 2, 'bbox_area': 6, 'r0': 4, 'c0': 13, 'r1': 6, 'c1': 14, 'edge_count': 3, 'largest_component': 6}, {'color': 9, 'count': 14, 'bbox_h': 7, 'bbox_w': 2, 'bbox_area': 14, 'r0': 1, 'c0': 10, 'r1': 7, 'c1': 11, 'edge_count': 0, 'largest_component': 14}]","['bbox_w_max_low', 'bbox_w_max_high', 'r0_max_low', 'r0_max_high', 'edge_count_min_low', 'count_rank2']"
165,8,1,"[{'color': 2, 'count': 20, 'bbox_h': 5, 'bbox_w': 4, 'bbox_area': 20, 'r0': 5, 'c0': 0, 'r1': 9, 'c1': 3, 'edge_count': 5, 'largest_component': 20}, {'color': 5, 'count': 4, 'bbox_h': 2, 'bbox_w': 2, 'bbox_area': 4, 'r0': 4, 'c0': 12, 'r1': 5, 'c1': 13, 'edge_count': 0, 'largest_component': 4}, {'color': 8, 'count': 14, 'bbox_h': 3, 'bbox_w': 6, 'bbox_area': 18, 'r0': 8, 'c0': 6, 'r1': 10, 'c1': 11, 'edge_count': 0, 'largest_component': 14}, {'color': 9, 'count': 12, 'bbox_h': 3, 'bbox_w': 4, 'bbox_area': 12, 'r0': 1, 'c0': 4, 'r1': 3, 'c1': 7, 'edge_count': 0, 'largest_component': 12}]","['bbox_w_max_low', 'bbox_w_max_high', 'r0_max_low', 'r0_max_high', 'r1_max_low', 'r1_max_high', 'count_rank1']"
166,3,2,"[{'color': 3, 'count': 12, 'bbox_h': 3, 'bbox_w': 5, 'bbox_area': 15, 'r0': 11, 'c0': 5, 'r1': 13, 'c1': 9, 'edge_count': 0, 'largest_component': 12}, {'color': 5, 'count': 24, 'bbox_h': 3, 'bbox_w': 8, 'bbox_area': 24, 'r0': 7, 'c0': 0, 'r1': 9, 'c1': 7, 'edge_count': 3, 'largest_component': 24}, {'color': 6, 'count': 6, 'bbox_h': 2, 'bbox_w': 3, 'bbox_area': 6, 'r0': 15, 'c0': 5, 'r1': 16, 'c1': 7, 'edge_count': 0, 'largest_component': 6}, {'color': 9, 'count': 28, 'bbox_h': 4, 'bbox_w': 7, 'bbox_area': 28, 'r0': 0, 'c0': 4, 'r1': 3, 'c1': 10, 'edge_count': 7, 'largest_component': 28}]","['c0_max_low', 'edge_count_min_low', 'count_rank2']"
167,1,0,"[{'color': 1, 'count': 24, 'bbox_h': 5, 'bbox_w': 5, 'bbox_area': 25, 'r0': 6, 'c0': 10, 'r1': 10, 'c1': 14, 'edge_count': 0, 'largest_component': 24}, {'color': 2, 'count': 6, 'bbox_h': 2, 'bbox_w': 3, 'bbox_area': 6, 'r0': 0, 'c0': 10, 'r1': 1, 'c1': 12, 'edge_count': 3, 'largest_component': 6}, {'color': 4, 'count': 8, 'bbox_h': 4, 'bbox_w': 2, 'bbox_area': 8, 'r0': 3, 'c0': 4, 'r1': 6, 'c1': 5, 'edge_count': 0, 'largest_component': 8}, {'color': 5, 'count': 21, 'bbox_h': 3, 'bbox_w': 7, 'bbox_area': 21, 'r0': 9, 'c0': 0, 'r1': 11, 'c1': 6, 'edge_count': 3, 'largest_component': 21}, {'color': 6, 'count': 12, 'bbox_h': 6, 'bbox_w': 2, 'bbox_area': 12, 'r0': 2, 'c0': 1, 'r1': 7, 'c1': 2, 'edge_count': 0, 'largest_component': 12}, {'color': 7, 'count': 14, 'bbox_h': 2, 'bbox_w': 7, 'bbox_area': 14, 'r0': 14, 'c0': 3, 'r1': 15, 'c1': 9, 'edge_count': 7, 'largest_component': 14}]","['count_max_low', 'count_max_high', 'bbox_area_max_low', 'bbox_area_max_high', 'c0_max_low', 'c1_max_low', 'c1_max_high', 'edge_count_min_low', 'largest_component_max_low', 'largest_component_max_high', 'count_rank0']"
168,7,3,"[{'color': 1, 'count': 28, 'bbox_h': 4, 'bbox_w': 7, 'bbox_area': 28, 'r0': 6, 'c0': 6, 'r1': 9, 'c1': 12, 'edge_count': 0, 'largest_component': 28}, {'color': 4, 'count': 14, 'bbox_h': 7, 'bbox_w': 2, 'bbox_area': 14, 'r0': 7, 'c0': 4, 'r1': 13, 'c1': 5, 'edge_count': 0, 'largest_component': 14}, {'color': 6, 'count': 10, 'bbox_h': 2, 'bbox_w': 5, 'bbox_area': 10, 'r0': 3, 'c0': 3, 'r1': 4, 'c1': 7, 'edge_count': 0, 'largest_component': 10}, {'color': 7, 'count': 8, 'bbox_h': 3, 'bbox_w': 3, 'bbox_area': 9, 'r0': 13, 'c0': 0, 'r1': 15, 'c1': 2, 'edge_count': 3, 'largest_component': 8}]","['count_min_low', 'count_min_high', 'bbox_area_min_low', 'bbox_area_min_high', 'r0_max_low', 'r0_max_high', 'c0_min_low', 'c0_min_high', 'r1_max_low', 'r1_max_high', 'c1_min_low', 'c1_min_high', 'edge_count_max_low', 'edge_count_max_high', 'largest_component_min_low', 'largest_component_min_high', 'count_rank3']"
169,7,3,"[{'color': 2, 'count': 21, 'bbox_h': 3, 'bbox_w': 7, 'bbox_area': 21, 'r0': 0, 'c0': 5, 'r1': 2, 'c1': 11, 'edge_count': 7, 'largest_component': 21}, {'color': 3, 'count': 42, 'bbox_h': 6, 'bbox_w': 7, 'bbox_area': 42, 'r0': 11, 'c0': 9, 'r1': 16, 'c1': 15, 'edge_count': 7, 'largest_component': 42}, {'color': 5, 'count': 6, 'bbox_h': 2, 'bbox_w': 3, 'bbox_area': 6, 'r0': 3, 'c0': 12, 'r1': 4, 'c1': 14, 'edge_count': 0, 'largest_component': 6}, {'color': 7, 'count': 12, 'bbox_h': 5, 'bbox_w': 3, 'bbox_area': 15, 'r0': 6, 'c0': 4, 'r1': 10, 'c1': 6, 'edge_count': 0, 'largest_component': 12}, {'color': 8, 'count': 4, 'bbox_h': 2, 'bbox_w': 2, 'bbox_area': 4, 'r0': 7, 'c0': 15, 'r1': 8, 'c1': 16, 'edge_count': 0, 'largest_component': 4}, {'color': 9, 'count': 18, 'bbox_h': 3, 'bbox_w': 6, 'bbox_area': 18, 'r0': 3, 'c0': 3, 'r1': 5, 'c1': 8, 'edge_count': 0, 'largest_component': 18}]","['c1_min_low', 'c1_min_high', 'count_rank3']"
170,9,3,"[{'color': 2, 'count': 32, 'bbox_h': 8, 'bbox_w': 4, 'bbox_area': 32, 'r0': 7, 'c0': 9, 'r1': 14, 'c1': 12, 'edge_count': 0, 'largest_component': 32}, {'color': 3, 'count': 6, 'bbox_h': 2, 'bbox_w': 3, 'bbox_area': 6, 'r0': 7, 'c0': 13, 'r1': 8, 'c1': 15, 'edge_count': 2, 'largest_component': 6}, {'color': 4, 'count': 42, 'bbox_h': 6, 'bbox_w': 7, 'bbox_area': 42, 'r0': 0, 'c0': 7, 'r1': 5, 'c1': 13, 'edge_count': 7, 'largest_component': 42}, {'color': 5, 'count': 42, 'bbox_h': 7, 'bbox_w': 6, 'bbox_area': 42, 'r0': 2, 'c0': 0, 'r1': 8, 'c1': 5, 'edge_count': 7, 'largest_component': 42}, {'color': 9, 'count': 15, 'bbox_h': 6, 'bbox_w': 3, 'bbox_area': 18, 'r0': 11, 'c0': 3, 'r1': 16, 'c1': 5, 'edge_count': 0, 'largest_component': 15}]","['bbox_w_min_high', 'r0_max_low', 'r0_max_high', 'r1_max_low', 'r1_max_high', 'c1_min_high', 'edge_count_min_high', 'count_rank3']"
171,2,1,"[{'color': 1, 'count': 12, 'bbox_h': 3, 'bbox_w': 4, 'bbox_area': 12, 'r0': 7, 'c0': 9, 'r1': 9, 'c1': 12, 'edge_count': 0, 'largest_component': 12}, {'color': 2, 'count': 18, 'bbox_h': 3, 'bbox_w': 7, 'bbox_area': 21, 'r0': 0, 'c0': 10, 'r1': 2, 'c1': 16, 'edge_count': 9, 'largest_component': 18}, {'color': 3, 'count': 21, 'bbox_h': 7, 'bbox_w': 3, 'bbox_area': 21, 'r0': 3, 'c0': 4, 'r1': 9, 'c1': 6, 'edge_count': 0, 'largest_component': 21}, {'color': 5, 'count': 6, 'bbox_h': 3, 'bbox_w': 2, 'bbox_area': 6, 'r0': 4, 'c0': 9, 'r1': 6, 'c1': 10, 'edge_count': 0, 'largest_component': 6}, {'color': 6, 'count': 9, 'bbox_h': 3, 'bbox_w': 3, 'bbox_area': 9, 'r0': 3, 'c0': 13, 'r1': 5, 'c1': 15, 'edge_count': 0, 'largest_component': 9}, {'color': 7, 'count': 8, 'bbox_h': 2, 'bbox_w': 4, 'bbox_area': 8, 'r0': 11, 'c0': 6, 'r1': 12, 'c1': 9, 'edge_count': 4, 'largest_component': 8}]","['bbox_w_max_low', 'bbox_w_max_high', 'bbox_area_max_low', 'r0_min_low', 'r0_min_high', 'r1_min_low', 'r1_min_high', 'c1_max_low', 'c1_max_high', 'edge_count_max_low', 'edge_count_max_high', 'count_rank1']"
172,3,2,"[{'color': 3, 'count': 10, 'bbox_h': 3, 'bbox_w': 4, 'bbox_area': 12, 'r0': 2, 'c0': 3, 'r1': 4, 'c1': 6, 'edge_count': 0, 'largest_component': 10}, {'color': 7, 'count': 12, 'bbox_h': 4, 'bbox_w': 3, 'bbox_area': 12, 'r0': 11, 'c0': 11, 'r1': 14, 'c1': 13, 'edge_count': 0, 'largest_component': 12}, {'color': 8, 'count': 18, 'bbox_h': 3, 'bbox_w': 6, 'bbox_area': 18, 'r0': 10, 'c0': 2, 'r1': 12, 'c1': 7, 'edge_count': 0, 'largest_component': 18}, {'color': 9, 'count': 4, 'bbox_h': 2, 'bbox_w': 2, 'bbox_area': 4, 'r0': 15, 'c0': 12, 'r1': 16, 'c1': 13, 'edge_count': 2, 'largest_component': 4}]","['r0_min_low', 'r0_min_high', 'r1_min_low', 'r1_min_high', 'c1_min_low', 'c1_min_high', 'edge_count_min_low', 'count_rank2']"
173,9,1,"[{'color': 1, 'count': 35, 'bbox_h': 7, 'bbox_w': 5, 'bbox_area': 35, 'r0': 11, 'c0': 0, 'r1': 17, 'c1': 4, 'edge_count': 11, 'largest_component': 35}, {'color': 2, 'count': 9, 'bbox_h': 3, 'bbox_w': 3, 'bbox_area': 9, 'r0': 10, 'c0': 7, 'r1': 12, 'c1': 9, 'edge_count': 0, 'largest_component': 9}, {'color': 3, 'count': 12, 'bbox_h': 4, 'bbox_w': 3, 'bbox_area': 12, 'r0': 3, 'c0': 4, 'r1': 6, 'c1': 6, 'edge_count': 0, 'largest_component': 12}, {'color': 5, 'count': 12, 'bbox_h': 6, 'bbox_w': 2, 'bbox_area': 12, 'r0': 5, 'c0': 10, 'r1': 10, 'c1': 11, 'edge_count': 0, 'largest_component': 12}, {'color': 6, 'count': 15, 'bbox_h': 3, 'bbox_w': 5, 'bbox_area': 15, 'r0': 15, 'c0': 8, 'r1': 17, 'c1': 12, 'edge_count': 5, 'largest_component': 15}, {'color': 7, 'count': 10, 'bbox_h': 2, 'bbox_w': 5, 'bbox_area': 10, 'r0': 0, 'c0': 7, 'r1': 1, 'c1': 11, 'edge_count': 5, 'largest_component': 10}, {'color': 9, 'count': 16, 'bbox_h': 3, 'bbox_w': 7, 'bbox_area': 21, 'r0': 7, 'c0': 3, 'r1': 9, 'c1': 9, 'edge_count': 0, 'largest_component': 16}]","['bbox_w_max_low', 'bbox_w_max_high', 'edge_count_min_high', 'count_rank1']"
174,2,2,"[{'color': 1, 'count': 4, 'bbox_h': 2, 'bbox_w': 2, 'bbox_area': 4, 'r0': 12, 'c0': 11, 'r1': 13, 'c1': 12, 'edge_count': 0, 'largest_component': 4}, {'color': 2, 'count': 14, 'bbox_h': 4, 'bbox_w': 4, 'bbox_area': 16, 'r0': 8, 'c0': 9, 'r1': 11, 'c1': 12, 'edge_count': 0, 'largest_component': 14}, {'color': 3, 'count': 8, 'bbox_h': 4, 'bbox_w': 2, 'bbox_area': 8, 'r0': 8, 'c0': 5, 'r1': 11, 'c1': 6, 'edge_count': 0, 'largest_component': 8}, {'color': 5, 'count': 36, 'bbox_h': 6, 'bbox_w': 6, 'bbox_area': 36, 'r0': 0, 'c0': 11, 'r1': 5, 'c1': 16, 'edge_count': 11, 'largest_component': 36}, {'color': 6, 'count': 40, 'bbox_h': 5, 'bbox_w': 8, 'bbox_area': 40, 'r0': 0, 'c0': 0, 'r1': 4, 'c1': 7, 'edge_count': 12, 'largest_component': 40}]",['count_rank2']
175,5,3,"[{'color': 1, 'count': 24, 'bbox_h': 8, 'bbox_w': 3, 'bbox_area': 24, 'r0': 9, 'c0': 11, 'r1': 16, 'c1': 13, 'edge_count': 0, 'largest_component': 24}, {'color': 2, 'count': 18, 'bbox_h': 3, 'bbox_w': 6, 'bbox_area': 18, 'r0': 2, 'c0': 11, 'r1': 4, 'c1': 16, 'edge_count': 0, 'largest_component': 18}, {'color': 5, 'count': 11, 'bbox_h': 4, 'bbox_w': 3, 'bbox_area': 12, 'r0': 2, 'c0': 1, 'r1': 5, 'c1': 3, 'edge_count': 0, 'largest_component': 11}, {'color': 7, 'count': 14, 'bbox_h': 2, 'bbox_w': 7, 'bbox_area': 14, 'r0': 14, 'c0': 3, 'r1': 15, 'c1': 9, 'edge_count': 0, 'largest_component': 14}]","['count_min_low', 'count_min_high', 'bbox_w_min_high', 'bbox_area_min_low', 'bbox_area_min_high', 'r0_min_high', 'c0_min_low', 'c0_min_high', 'c1_min_low', 'c1_min_high', 'largest_component_min_low', 'largest_component_min_high', 'count_rank3']"
176,4,2,"[{'color': 2, 'count': 16, 'bbox_h': 8, 'bbox_w': 2, 'bbox_area': 16, 'r0': 2, 'c0': 3, 'r1': 9, 'c1': 4, 'edge_count': 0, 'largest_component': 16}, {'color': 3, 'count': 15, 'bbox_h': 5, 'bbox_w': 3, 'bbox_area': 15, 'r0': 6, 'c0': 11, 'r1': 10, 'c1': 13, 'edge_count': 0, 'largest_component': 15}, {'color': 4, 'count': 10, 'bbox_h': 4, 'bbox_w': 3, 'bbox_area': 12, 'r0': 10, 'c0': 3, 'r1': 13, 'c1': 5, 'edge_count': 3, 'largest_component': 10}, {'color': 8, 'count': 8, 'bbox_h': 2, 'bbox_w': 4, 'bbox_area': 8, 'r0': 2, 'c0': 7, 'r1': 3, 'c1': 10, 'edge_count': 0, 'largest_component': 8}]","['r0_max_low', 'r0_max_high', 'c0_min_high', 'r1_max_low', 'r1_max_high', 'edge_count_max_low', 'edge_count_max_high', 'count_rank2']"
177,1,0,"[{'color': 1, 'count': 22, 'bbox_h': 8, 'bbox_w': 3, 'bbox_area': 24, 'r0': 1, 'c0': 6, 'r1': 8, 'c1': 8, 'edge_count': 0, 'largest_component': 22}, {'color': 3, 'count': 15, 'bbox_h': 3, 'bbox_w': 5, 'bbox_area': 15, 'r0': 9, 'c0': 7, 'r1': 11, 'c1': 11, 'edge_count': 0, 'largest_component': 15}, {'color': 7, 'count': 9, 'bbox_h': 3, 'bbox_w': 3, 'bbox_area': 9, 'r0': 12, 'c0': 9, 'r1': 14, 'c1': 11, 'edge_count': 3, 'largest_component': 9}, {'color': 8, 'count': 9, 'bbox_h': 3, 'bbox_w': 3, 'bbox_area': 9, 'r0': 9, 'c0': 4, 'r1': 11, 'c1': 6, 'edge_count': 0, 'largest_component': 9}]","['count_max_low', 'count_max_high', 'bbox_h_max_low', 'bbox_h_max_high', 'bbox_w_min_low', 'bbox_area_max_low', 'bbox_area_max_high', 'r0_min_low', 'r0_min_high', 'r1_min_low', 'r1_min_high', 'edge_count_min_low', 'largest_component_max_low', 'largest_component_max_high', 'count_rank0']"
178,7,0,"[{'color': 1, 'count': 4, 'bbox_h': 2, 'bbox_w': 2, 'bbox_area': 4, 'r0': 0, 'c0': 4, 'r1': 1, 'c1': 5, 'edge_count': 2, 'largest_component': 4}, {'color': 3, 'count': 15, 'bbox_h': 5, 'bbox_w': 3, 'bbox_area': 15, 'r0': 12, 'c0': 4, 'r1': 16, 'c1': 6, 'edge_count': 0, 'largest_component': 15}, {'color': 7, 'count': 19, 'bbox_h': 7, 'bbox_w': 3, 'bbox_area': 21, 'r0': 5, 'c0': 9, 'r1': 11, 'c1': 11, 'edge_count': 7, 'largest_component': 19}, {'color': 9, 'count': 16, 'bbox_h': 4, 'bbox_w': 4, 'bbox_area': 16, 'r0': 3, 'c0': 1, 'r1': 6, 'c1': 4, 'edge_count': 0, 'largest_component': 16}]","['count_max_low', 'count_max_high', 'bbox_h_max_low', 'bbox_h_max_high', 'bbox_area_max_low', 'bbox_area_max_high', 'c0_max_low', 'c0_max_high', 'c1_max_low', 'c1_max_high', 'edge_count_max_low', 'edge_count_max_high', 'largest_component_max_low', 'largest_component_max_high', 'count_rank0']"
179,2,4,"[{'color': 1, 'count': 18, 'bbox_h': 6, 'bbox_w': 3, 'bbox_area': 18, 'r0': 1, 'c0': 4, 'r1': 6, 'c1': 6, 'edge_count': 0, 'largest_component': 18}, {'color': 2, 'count': 8, 'bbox_h': 3, 'bbox_w': 3, 'bbox_area': 9, 'r0': 4, 'c0': 15, 'r1': 6, 'c1': 17, 'edge_count': 3, 'largest_component': 8}, {'color': 3, 'count': 30, 'bbox_h': 6, 'bbox_w': 5, 'bbox_area': 30, 'r0': 9, 'c0': 0, 'r1': 14, 'c1': 4, 'edge_count': 6, 'largest_component': 30}, {'color': 5, 'count': 14, 'bbox_h': 7, 'bbox_w': 2, 'bbox_area': 14, 'r0': 10, 'c0': 5, 'r1': 16, 'c1': 6, 'edge_count': 2, 'largest_component': 14}, {'color': 6, 'count': 12, 'bbox_h': 4, 'bbox_w': 3, 'bbox_area': 12, 'r0': 12, 'c0': 10, 'r1': 15, 'c1': 12, 'edge_count': 0, 'largest_component': 12}, {'color': 9, 'count': 8, 'bbox_h': 4, 'bbox_w': 2, 'bbox_area': 8, 'r0': 5, 'c0': 2, 'r1': 8, 'c1': 3, 'edge_count': 0, 'largest_component': 8}]","['count_min_low', 'bbox_h_min_low', 'bbox_h_min_high', 'c0_max_low', 'c0_max_high', 'r1_min_high', 'c1_max_low', 'c1_max_high', 'largest_component_min_low']"
180,3,3,"[{'color': 3, 'count': 8, 'bbox_h': 3, 'bbox_w': 3, 'bbox_area': 9, 'r0': 9, 'c0': 3, 'r1': 11, 'c1': 5, 'edge_count': 0, 'largest_component': 8}, {'color': 5, 'count': 4, 'bbox_h': 2, 'bbox_w': 2, 'bbox_area': 4, 'r0': 2, 'c0': 16, 'r1': 3, 'c1': 17, 'edge_count': 2, 'largest_component': 4}, {'color': 6, 'count': 12, 'bbox_h': 6, 'bbox_w': 2, 'bbox_area': 12, 'r0': 1, 'c0': 5, 'r1': 6, 'c1': 6, 'edge_count': 0, 'largest_component': 12}, {'color': 7, 'count': 12, 'bbox_h': 3, 'bbox_w': 4, 'bbox_area': 12, 'r0': 6, 'c0': 0, 'r1': 8, 'c1': 3, 'edge_count': 3, 'largest_component': 12}, {'color': 8, 'count': 56, 'bbox_h': 7, 'bbox_w': 8, 'bbox_area': 56, 'r0': 1, 'c0': 8, 'r1': 7, 'c1': 15, 'edge_count': 0, 'largest_component': 56}]","['r0_max_low', 'r0_max_high', 'r1_max_low', 'r1_max_high', 'edge_count_min_low', 'count_rank3']"
181,4,1,"[{'color': 4, 'count': 17, 'bbox_h': 5, 'bbox_w': 4, 'bbox_area': 20, 'r0': 12, 'c0': 11, 'r1': 16, 'c1': 14, 'edge_count': 4, 'largest_component': 17}, {'color': 5, 'count': 6, 'bbox_h': 2, 'bbox_w': 3, 'bbox_area': 6, 'r0': 15, 'c0': 7, 'r1': 16, 'c1': 9, 'edge_count': 3, 'largest_component': 6}, {'color': 8, 'count': 15, 'bbox_h': 3, 'bbox_w': 5, 'bbox_area': 15, 'r0': 0, 'c0': 4, 'r1': 2, 'c1': 8, 'edge_count': 5, 'largest_component': 15}, {'color': 9, 'count': 24, 'bbox_h': 8, 'bbox_w': 3, 'bbox_area': 24, 'r0': 6, 'c0': 6, 'r1': 13, 'c1': 8, 'edge_count': 0, 'largest_component': 24}]","['c0_max_low', 'c0_max_high', 'r1_max_low', 'c1_max_low', 'c1_max_high', 'count_rank1']"
182,8,4,"[{'color': 1, 'count': 40, 'bbox_h': 5, 'bbox_w': 8, 'bbox_area': 40, 'r0': 1, 'c0': 5, 'r1': 5, 'c1': 12, 'edge_count': 0, 'largest_component': 40}, {'color': 3, 'count': 4, 'bbox_h': 2, 'bbox_w': 2, 'bbox_area': 4, 'r0': 13, 'c0': 7, 'r1': 14, 'c1': 8, 'edge_count': 2, 'largest_component': 4}, {'color': 6, 'count': 16, 'bbox_h': 4, 'bbox_w': 4, 'bbox_area': 16, 'r0': 6, 'c0': 5, 'r1': 9, 'c1': 8, 'edge_count': 0, 'largest_component': 16}, {'color': 7, 'count': 16, 'bbox_h': 4, 'bbox_w': 4, 'bbox_area': 16, 'r0': 10, 'c0': 10, 'r1': 13, 'c1': 13, 'edge_count': 0, 'largest_component': 16}, {'color': 8, 'count': 11, 'bbox_h': 4, 'bbox_w': 3, 'bbox_area': 12, 'r0': 6, 'c0': 13, 'r1': 9, 'c1': 15, 'edge_count': 0, 'largest_component': 11}, {'color': 9, 'count': 21, 'bbox_h': 3, 'bbox_w': 7, 'bbox_area': 21, 'r0': 10, 'c0': 1, 'r1': 12, 'c1': 7, 'edge_count': 0, 'largest_component': 21}]","['c0_max_low', 'c0_max_high', 'c1_max_low', 'c1_max_high']"
183,5,2,"[{'color': 2, 'count': 6, 'bbox_h': 2, 'bbox_w': 3, 'bbox_area': 6, 'r0': 9, 'c0': 11, 'r1': 10, 'c1': 13, 'edge_count': 0, 'largest_component': 6}, {'color': 5, 'count': 11, 'bbox_h': 4, 'bbox_w': 3, 'bbox_area': 12, 'r0': 10, 'c0': 0, 'r1': 13, 'c1': 2, 'edge_count': 6, 'largest_component': 11}, {'color': 7, 'count': 40, 'bbox_h': 5, 'bbox_w': 8, 'bbox_area': 40, 'r0': 0, 'c0': 10, 'r1': 4, 'c1': 17, 'edge_count': 12, 'largest_component': 40}, {'color': 8, 'count': 15, 'bbox_h': 3, 'bbox_w': 5, 'bbox_area': 15, 'r0': 2, 'c0': 2, 'r1': 4, 'c1': 6, 'edge_count': 0, 'largest_component': 15}]","['bbox_w_min_high', 'r0_max_low', 'r0_max_high', 'c0_min_low', 'c0_min_high', 'r1_max_low', 'r1_max_high', 'c1_min_low', 'c1_min_high', 'count_rank2']"
184,7,3,"[{'color': 2, 'count': 8, 'bbox_h': 4, 'bbox_w': 2, 'bbox_area': 8, 'r0': 8, 'c0': 1, 'r1': 11, 'c1': 2, 'edge_count': 0, 'largest_component': 8}, {'color': 3, 'count': 24, 'bbox_h': 3, 'bbox_w': 8, 'bbox_area': 24, 'r0': 10, 'c0': 4, 'r1': 12, 'c1': 11, 'edge_count': 10, 'largest_component': 24}, {'color': 6, 'count': 24, 'bbox_h': 6, 'bbox_w': 4, 'bbox_area': 24, 'r0': 3, 'c0': 5, 'r1': 8, 'c1': 8, 'edge_count': 0, 'largest_component': 24}, {'color': 7, 'count': 8, 'bbox_h': 3, 'bbox_w': 3, 'bbox_area': 9, 'r0': 5, 'c0': 0, 'r1': 7, 'c1': 2, 'edge_count': 3, 'largest_component': 8}]","['count_min_high', 'bbox_h_min_high', 'c0_min_low', 'c0_min_high', 'r1_min_low', 'r1_min_high', 'c1_min_high', 'largest_component_min_high', 'count_rank3']"
185,9,6,"[{'color': 1, 'count': 16, 'bbox_h': 4, 'bbox_w': 4, 'bbox_area': 16, 'r0': 0, 'c0': 4, 'r1': 3, 'c1': 7, 'edge_count': 4, 'largest_component': 16}, {'color': 3, 'count': 20, 'bbox_h': 5, 'bbox_w': 4, 'bbox_area': 20, 'r0': 2, 'c0': 13, 'r1': 6, 'c1': 16, 'edge_count': 5, 'largest_component': 20}, {'color': 5, 'count': 15, 'bbox_h': 5, 'bbox_w': 3, 'bbox_area': 15, 'r0': 7, 'c0': 10, 'r1': 11, 'c1': 12, 'edge_count': 0, 'largest_component': 15}, {'color': 6, 'count': 25, 'bbox_h': 5, 'bbox_w': 5, 'bbox_area': 25, 'r0': 0, 'c0': 8, 'r1': 4, 'c1': 12, 'edge_count': 5, 'largest_component': 25}, {'color': 7, 'count': 48, 'bbox_h': 6, 'bbox_w': 8, 'bbox_area': 48, 'r0': 6, 'c0': 0, 'r1': 11, 'c1': 7, 'edge_count': 6, 'largest_component': 48}, {'color': 8, 'count': 15, 'bbox_h': 5, 'bbox_w': 3, 'bbox_area': 15, 'r0': 9, 'c0': 14, 'r1': 13, 'c1': 16, 'edge_count': 5, 'largest_component': 15}, {'color': 9, 'count': 8, 'bbox_h': 3, 'bbox_w': 3, 'bbox_area': 9, 'r0': 13, 'c0': 11, 'r1': 15, 'c1': 13, 'edge_count': 0, 'largest_component': 8}]","['count_min_low', 'count_min_high', 'bbox_h_min_low', 'bbox_h_min_high', 'bbox_w_min_high', 'bbox_area_min_low', 'bbox_area_min_high', 'r0_max_low', 'r0_max_high', 'r1_max_low', 'r1_max_high', 'edge_count_min_high', 'largest_component_min_low', 'largest_component_min_high']"
186,3,3,"[{'color': 1, 'count': 40, 'bbox_h': 5, 'bbox_w': 8, 'bbox_area': 40, 'r0': 12, 'c0': 5, 'r1': 16, 'c1': 12, 'edge_count': 8, 'largest_component': 40}, {'color': 2, 'count': 4, 'bbox_h': 2, 'bbox_w': 2, 'bbox_area': 4, 'r0': 15, 'c0': 16, 'r1': 16, 'c1': 17, 'edge_count': 3, 'largest_component': 4}, {'color': 3, 'count': 19, 'bbox_h': 8, 'bbox_w': 3, 'bbox_area': 24, 'r0': 4, 'c0': 13, 'r1': 11, 'c1': 15, 'edge_count': 0, 'largest_component': 19}, {'color': 6, 'count': 30, 'bbox_h': 5, 'bbox_w': 6, 'bbox_area': 30, 'r0': 6, 'c0': 4, 'r1': 10, 'c1': 9, 'edge_count': 0, 'largest_component': 30}, {'color': 7, 'count': 21, 'bbox_h': 7, 'bbox_w': 3, 'bbox_area': 21, 'r0': 10, 'c0': 1, 'r1': 16, 'c1': 3, 'edge_count': 3, 'largest_component': 21}, {'color': 9, 'count': 14, 'bbox_h': 2, 'bbox_w': 7, 'bbox_area': 14, 'r0': 2, 'c0': 11, 'r1': 3, 'c1': 17, 'edge_count': 2, 'largest_component': 14}]","['bbox_h_max_low', 'bbox_h_max_high', 'edge_count_min_low', 'count_rank3']"
187,8,3,"[{'color': 2, 'count': 14, 'bbox_h': 7, 'bbox_w': 2, 'bbox_area': 14, 'r0': 2, 'c0': 9, 'r1': 8, 'c1': 10, 'edge_count': 0, 'largest_component': 14}, {'color': 6, 'count': 35, 'bbox_h': 7, 'bbox_w': 5, 'bbox_area': 35, 'r0': 2, 'c0': 0, 'r1': 8, 'c1': 4, 'edge_count': 7, 'largest_component': 35}, {'color': 8, 'count': 11, 'bbox_h': 4, 'bbox_w': 3, 'bbox_area': 12, 'r0': 7, 'c0': 15, 'r1': 10, 'c1': 17, 'edge_count': 4, 'largest_component': 11}, {'color': 9, 'count': 25, 'bbox_h': 5, 'bbox_w': 5, 'bbox_area': 25, 'r0': 9, 'c0': 0, 'r1': 13, 'c1': 4, 'edge_count': 9, 'largest_component': 25}]","['count_min_low', 'count_min_high', 'bbox_h_min_low', 'bbox_h_min_high', 'bbox_area_min_low', 'bbox_area_min_high', 'c0_max_low', 'c0_max_high', 'c1_max_low', 'c1_max_high', 'largest_component_min_low', 'largest_component_min_high', 'count_rank3']"
188,3,0,"[{'color': 3, 'count': 19, 'bbox_h': 4, 'bbox_w': 5, 'bbox_area': 20, 'r0': 7, 'c0': 8, 'r1': 10, 'c1': 12, 'edge_count': 0, 'largest_component': 19}, {'color': 4, 'count': 12, 'bbox_h': 4, 'bbox_w': 3, 'bbox_area': 12, 'r0': 8, 'c0': 3, 'r1': 11, 'c1': 5, 'edge_count': 0, 'largest_component': 12}, {'color': 6, 'count': 8, 'bbox_h': 4, 'bbox_w': 2, 'bbox_area': 8, 'r0': 3, 'c0': 10, 'r1': 6, 'c1': 11, 'edge_count': 0, 'largest_component': 8}, {'color': 8, 'count': 9, 'bbox_h': 3, 'bbox_w': 3, 'bbox_area': 9, 'r0': 5, 'c0': 13, 'r1': 7, 'c1': 15, 'edge_count': 0, 'largest_component': 9}]","['count_max_low', 'count_max_high', 'bbox_h_max_low', 'bbox_w_max_low', 'bbox_w_max_high', 'bbox_area_max_low', 'bbox_area_max_high', 'edge_count_max_low', 'edge_count_min_low', 'largest_component_max_low', 'largest_component_max_high', 'count_rank0']"
189,7,0,"[{'color': 4, 'count': 12, 'bbox_h': 2, 'bbox_w': 6, 'bbox_area': 12, 'r0': 10, 'c0': 8, 'r1': 11, 'c1': 13, 'edge_count': 2, 'largest_component': 12}, {'color': 6, 'count': 10, 'bbox_h': 2, 'bbox_w': 5, 'bbox_area': 10, 'r0': 4, 'c0': 2, 'r1': 5, 'c1': 6, 'edge_count': 0, 'largest_component': 10}, {'color': 7, 'count': 34, 'bbox_h': 5, 'bbox_w': 8, 'bbox_area': 40, 'r0': 10, 'c0': 0, 'r1': 14, 'c1': 7, 'edge_count': 5, 'largest_component': 34}, {'color': 8, 'count': 10, 'bbox_h': 2, 'bbox_w': 5, 'bbox_area': 10, 'r0': 5, 'c0': 9, 'r1': 6, 'c1': 13, 'edge_count': 2, 'largest_component': 10}]","['count_max_low', 'count_max_high', 'bbox_h_max_low', 'bbox_h_max_high', 'bbox_w_max_low', 'bbox_w_max_high', 'bbox_area_max_low', 'bbox_area_max_high', 'r0_max_high', 'c0_min_low', 'c0_min_high', 'r1_max_low', 'r1_max_high', 'edge_count_max_low', 'edge_count_max_high', 'largest_component_max_low', 'largest_component_max_high', 'count_rank0']"
190,7,1,"[{'color': 5, 'count': 12, 'bbox_h': 3, 'bbox_w': 4, 'bbox_area': 12, 'r0': 0, 'c0': 8, 'r1': 2, 'c1': 11, 'edge_count': 4, 'largest_component': 12}, {'color': 6, 'count': 8, 'bbox_h': 4, 'bbox_w': 2, 'bbox_area': 8, 'r0': 1, 'c0': 6, 'r1': 4, 'c1': 7, 'edge_count': 0, 'largest_component': 8}, {'color': 7, 'count': 15, 'bbox_h': 6, 'bbox_w': 3, 'bbox_area': 18, 'r0': 6, 'c0': 10, 'r1': 11, 'c1': 12, 'edge_count': 8, 'largest_component': 15}, {'color': 9, 'count': 20, 'bbox_h': 4, 'bbox_w': 5, 'bbox_area': 20, 'r0': 6, 'c0': 0, 'r1': 9, 'c1': 4, 'edge_count': 4, 'largest_component': 20}]","['bbox_h_max_low', 'bbox_h_max_high', 'r0_max_low', 'c0_max_low', 'c0_max_high', 'r1_max_low', 'r1_max_high', 'c1_max_low', 'c1_max_high', 'edge_count_max_low', 'edge_count_max_high', 'count_rank1']"
191,4,1,"[{'color': 1, 'count': 15, 'bbox_h': 5, 'bbox_w': 3, 'bbox_area': 15, 'r0': 12, 'c0': 5, 'r1': 16, 'c1': 7, 'edge_count': 0, 'largest_component': 15}, {'color': 2, 'count': 35, 'bbox_h': 7, 'bbox_w': 5, 'bbox_area': 35, 'r0': 4, 'c0': 4, 'r1': 10, 'c1': 8, 'edge_count': 0, 'largest_component': 35}, {'color': 4, 'count': 28, 'bbox_h': 5, 'bbox_w': 6, 'bbox_area': 30, 'r0': 12, 'c0': 10, 'r1': 16, 'c1': 15, 'edge_count': 0, 'largest_component': 28}, {'color': 6, 'count': 10, 'bbox_h': 2, 'bbox_w': 5, 'bbox_area': 10, 'r0': 0, 'c0': 8, 'r1': 1, 'c1': 12, 'edge_count': 5, 'largest_component': 10}, {'color': 9, 'count': 4, 'bbox_h': 2, 'bbox_w': 2, 'bbox_area': 4, 'r0': 4, 'c0': 2, 'r1': 5, 'c1': 3, 'edge_count': 0, 'largest_component': 4}]","['bbox_w_max_low', 'bbox_w_max_high', 'r0_max_high', 'c0_max_low', 'c0_max_high', 'r1_max_high', 'c1_max_low', 'c1_max_high', 'count_rank1']"
192,4,1,"[{'color': 1, 'count': 14, 'bbox_h': 7, 'bbox_w': 2, 'bbox_area': 14, 'r0': 5, 'c0': 3, 'r1': 11, 'c1': 4, 'edge_count': 0, 'largest_component': 14}, {'color': 3, 'count': 30, 'bbox_h': 5, 'bbox_w': 6, 'bbox_area': 30, 'r0': 8, 'c0': 10, 'r1': 12, 'c1': 15, 'edge_count': 6, 'largest_component': 30}, {'color': 4, 'count': 25, 'bbox_h': 4, 'bbox_w': 7, 'bbox_area': 28, 'r0': 3, 'c0': 11, 'r1': 6, 'c1': 17, 'edge_count': 4, 'largest_component': 25}, {'color': 6, 'count': 9, 'bbox_h': 3, 'bbox_w': 3, 'bbox_area': 9, 'r0': 0, 'c0': 10, 'r1': 2, 'c1': 12, 'edge_count': 3, 'largest_component': 9}, {'color': 7, 'count': 12, 'bbox_h': 3, 'bbox_w': 4, 'bbox_area': 12, 'r0': 10, 'c0': 5, 'r1': 12, 'c1': 8, 'edge_count': 4, 'largest_component': 12}, {'color': 9, 'count': 20, 'bbox_h': 4, 'bbox_w': 5, 'bbox_area': 20, 'r0': 2, 'c0': 5, 'r1': 5, 'c1': 9, 'edge_count': 0, 'largest_component': 20}]","['bbox_w_max_low', 'bbox_w_max_high', 'c0_max_low', 'c0_max_high', 'c1_max_low', 'c1_max_high', 'count_rank1']"
193,7,2,"[{'color': 1, 'count': 4, 'bbox_h': 2, 'bbox_w': 2, 'bbox_area': 4, 'r0': 1, 'c0': 4, 'r1': 2, 'c1': 5, 'edge_count': 0, 'largest_component': 4}, {'color': 3, 'count': 12, 'bbox_h': 2, 'bbox_w': 6, 'bbox_area': 12, 'r0': 12, 'c0': 1, 'r1': 13, 'c1': 6, 'edge_count': 0, 'largest_component': 12}, {'color': 4, 'count': 28, 'bbox_h': 7, 'bbox_w': 4, 'bbox_area': 28, 'r0': 3, 'c0': 0, 'r1': 9, 'c1': 3, 'edge_count': 7, 'largest_component': 28}, {'color': 5, 'count': 28, 'bbox_h': 4, 'bbox_w': 7, 'bbox_area': 28, 'r0': 11, 'c0': 9, 'r1': 14, 'c1': 15, 'edge_count': 7, 'largest_component': 28}, {'color': 7, 'count': 19, 'bbox_h': 4, 'bbox_w': 5, 'bbox_area': 20, 'r0': 6, 'c0': 7, 'r1': 9, 'c1': 11, 'edge_count': 0, 'largest_component': 19}, {'color': 8, 'count': 12, 'bbox_h': 4, 'bbox_w': 3, 'bbox_area': 12, 'r0': 5, 'c0': 12, 'r1': 8, 'c1': 14, 'edge_count': 0, 'largest_component': 12}]",['count_rank2']
194,7,2,"[{'color': 2, 'count': 8, 'bbox_h': 2, 'bbox_w': 4, 'bbox_area': 8, 'r0': 2, 'c0': 8, 'r1': 3, 'c1': 11, 'edge_count': 0, 'largest_component': 8}, {'color': 3, 'count': 10, 'bbox_h': 2, 'bbox_w': 5, 'bbox_area': 10, 'r0': 10, 'c0': 0, 'r1': 11, 'c1': 4, 'edge_count': 2, 'largest_component': 10}, {'color': 5, 'count': 21, 'bbox_h': 3, 'bbox_w': 7, 'bbox_area': 21, 'r0': 2, 'c0': 0, 'r1': 4, 'c1': 6, 'edge_count': 3, 'largest_component': 21}, {'color': 6, 'count': 18, 'bbox_h': 6, 'bbox_w': 3, 'bbox_area': 18, 'r0': 0, 'c0': 12, 'r1': 5, 'c1': 14, 'edge_count': 8, 'largest_component': 18}, {'color': 7, 'count': 12, 'bbox_h': 5, 'bbox_w': 3, 'bbox_area': 15, 'r0': 7, 'c0': 5, 'r1': 11, 'c1': 7, 'edge_count': 0, 'largest_component': 12}]","['bbox_w_min_high', 'r1_max_high', 'edge_count_min_high', 'count_rank2']"
195,4,0,"[{'color': 1, 'count': 14, 'bbox_h': 2, 'bbox_w': 7, 'bbox_area': 14, 'r0': 6, 'c0': 2, 'r1': 7, 'c1': 8, 'edge_count': 0, 'largest_component': 14}, {'color': 2, 'count': 12, 'bbox_h': 4, 'bbox_w': 3, 'bbox_area': 12, 'r0': 0, 'c0': 2, 'r1': 3, 'c1': 4, 'edge_count': 3, 'largest_component': 12}, {'color': 3, 'count': 9, 'bbox_h': 3, 'bbox_w': 3, 'bbox_area': 9, 'r0': 9, 'c0': 10, 'r1': 11, 'c1': 12, 'edge_count': 0, 'largest_component': 9}, {'color': 4, 'count': 19, 'bbox_h': 3, 'bbox_w': 7, 'bbox_area': 21, 'r0': 6, 'c0': 9, 'r1': 8, 'c1': 15, 'edge_count': 0, 'largest_component': 19}, {'color': 5, 'count': 16, 'bbox_h': 4, 'bbox_w': 4, 'bbox_area': 16, 'r0': 11, 'c0': 6, 'r1': 14, 'c1': 9, 'edge_count': 4, 'largest_component': 16}, {'color': 8, 'count': 18, 'bbox_h': 3, 'bbox_w': 6, 'bbox_area': 18, 'r0': 12, 'c0': 12, 'r1': 14, 'c1': 17, 'edge_count': 8, 'largest_component': 18}]","['count_max_low', 'count_max_high', 'bbox_w_max_high', 'bbox_area_max_low', 'bbox_area_max_high', 'edge_count_min_high', 'largest_component_max_low', 'largest_component_max_high', 'count_rank0']"
196,4,3,"[{'color': 1, 'count': 16, 'bbox_h': 4, 'bbox_w': 4, 'bbox_area': 16, 'r0': 9, 'c0': 11, 'r1': 12, 'c1': 14, 'edge_count': 0, 'largest_component': 16}, {'color': 4, 'count': 11, 'bbox_h': 4, 'bbox_w': 3, 'bbox_area': 12, 'r0': 3, 'c0': 14, 'r1': 6, 'c1': 16, 'edge_count': 4, 'largest_component': 11}, {'color': 5, 'count': 32, 'bbox_h': 8, 'bbox_w': 4, 'bbox_area': 32, 'r0': 5, 'c0': 0, 'r1': 12, 'c1': 3, 'edge_count': 8, 'largest_component': 32}, {'color': 7, 'count': 4, 'bbox_h': 2, 'bbox_w': 2, 'bbox_area': 4, 'r0': 0, 'c0': 3, 'r1': 1, 'c1': 4, 'edge_count': 2, 'largest_component': 4}, {'color': 8, 'count': 24, 'bbox_h': 8, 'bbox_w': 3, 'bbox_area': 24, 'r0': 2, 'c0': 6, 'r1': 9, 'c1': 8, 'edge_count': 0, 'largest_component': 24}]","['c0_max_low', 'c0_max_high', 'c1_max_low', 'c1_max_high', 'count_rank3']"
197,8,0,"[{'color': 2, 'count': 8, 'bbox_h': 4, 'bbox_w': 2, 'bbox_area': 8, 'r0': 6, 'c0': 6, 'r1': 9, 'c1': 7, 'edge_count': 0, 'largest_component': 8}, {'color': 3, 'count': 8, 'bbox_h': 4, 'bbox_w': 2, 'bbox_area': 8, 'r0': 0, 'c0': 1, 'r1': 3, 'c1': 2, 'edge_count': 2, 'largest_component': 8}, {'color': 5, 'count': 4, 'bbox_h': 2, 'bbox_w': 2, 'bbox_area': 4, 'r0': 8, 'c0': 9, 'r1': 9, 'c1': 10, 'edge_count': 0, 'largest_component': 4}, {'color': 8, 'count': 10, 'bbox_h': 4, 'bbox_w': 3, 'bbox_area': 12, 'r0': 2, 'c0': 7, 'r1': 5, 'c1': 9, 'edge_count': 0, 'largest_component': 10}]","['count_max_low', 'count_max_high', 'bbox_h_max_high', 'bbox_w_max_low', 'bbox_w_max_high', 'bbox_area_max_low', 'bbox_area_max_high', 'edge_count_min_high', 'largest_component_max_low', 'largest_component_max_high', 'count_rank0']"
198,1,0,"[{'color': 1, 'count': 33, 'bbox_h': 8, 'bbox_w': 6, 'bbox_area': 48, 'r0': 3, 'c0': 8, 'r1': 10, 'c1': 13, 'edge_count': 0, 'largest_component': 33}, {'color': 3, 'count': 4, 'bbox_h': 2, 'bbox_w': 2, 'bbox_area': 4, 'r0': 2, 'c0': 5, 'r1': 3, 'c1': 6, 'edge_count': 0, 'largest_component': 4}, {'color': 4, 'count': 8, 'bbox_h': 2, 'bbox_w': 4, 'bbox_area': 8, 'r0': 12, 'c0': 11, 'r1': 13, 'c1': 14, 'edge_count': 4, 'largest_component': 8}, {'color': 5, 'count': 21, 'bbox_h': 7, 'bbox_w': 3, 'bbox_area': 21, 'r0': 0, 'c0': 2, 'r1': 6, 'c1': 4, 'edge_count': 3, 'largest_component': 21}]","['count_max_low', 'count_max_high', 'bbox_h_max_low', 'bbox_h_max_high', 'bbox_w_max_low', 'bbox_w_max_high', 'bbox_area_max_low', 'bbox_area_max_high', 'edge_count_min_low', 'largest_component_max_low', 'largest_component_max_high', 'count_rank0']"
199,1,2,"[{'color': 1, 'count': 13, 'bbox_h': 5, 'bbox_w': 3, 'bbox_area': 15, 'r0': 6, 'c0': 10, 'r1': 10, 'c1': 12, 'edge_count': 0, 'largest_component': 13}, {'color': 2, 'count': 6, 'bbox_h': 3, 'bbox_w': 2, 'bbox_area': 6, 'r0': 11, 'c0': 15, 'r1': 13, 'c1': 16, 'edge_count': 3, 'largest_component': 6}, {'color': 5, 'count': 10, 'bbox_h': 5, 'bbox_w': 2, 'bbox_area': 10, 'r0': 5, 'c0': 2, 'r1': 9, 'c1': 3, 'edge_count': 0, 'largest_component': 10}, {'color': 6, 'count': 25, 'bbox_h': 5, 'bbox_w': 5, 'bbox_area': 25, 'r0': 9, 'c0': 5, 'r1': 13, 'c1': 9, 'edge_count': 0, 'largest_component': 25}, {'color': 7, 'count': 20, 'bbox_h': 5, 'bbox_w': 4, 'bbox_area': 20, 'r0': 12, 'c0': 10, 'r1': 16, 'c1': 13, 'edge_count': 4, 'largest_component': 20}, {'color': 8, 'count': 4, 'bbox_h': 2, 'bbox_w': 2, 'bbox_area': 4, 'r0': 1, 'c0': 15, 'r1': 2, 'c1': 16, 'edge_count': 2, 'largest_component': 4}, {'color': 9, 'count': 8, 'bbox_h': 2, 'bbox_w': 4, 'bbox_area': 8, 'r0': 3, 'c0': 0, 'r1': 4, 'c1': 3, 'edge_count': 2, 'largest_component': 8}]","['bbox_h_max_low', 'edge_count_min_low', 'count_rank2']"
200,3,4,"[{'color': 1, 'count': 10, 'bbox_h': 5, 'bbox_w': 2, 'bbox_area': 10, 'r0': 11, 'c0': 1, 'r1': 15, 'c1': 2, 'edge_count': 2, 'largest_component': 10}, {'color': 2, 'count': 15, 'bbox_h': 3, 'bbox_w': 5, 'bbox_area': 15, 'r0': 5, 'c0': 0, 'r1': 7, 'c1': 4, 'edge_count': 3, 'largest_component': 15}, {'color': 3, 'count': 8, 'bbox_h': 3, 'bbox_w': 3, 'bbox_area': 9, 'r0': 6, 'c0': 8, 'r1': 8, 'c1': 10, 'edge_count': 0, 'largest_component': 8}, {'color': 4, 'count': 8, 'bbox_h': 2, 'bbox_w': 4, 'bbox_area': 8, 'r0': 1, 'c0': 11, 'r1': 2, 'c1': 14, 'edge_count': 0, 'largest_component': 8}, {'color': 5, 'count': 25, 'bbox_h': 5, 'bbox_w': 5, 'bbox_area': 25, 'r0': 6, 'c0': 12, 'r1': 10, 'c1': 16, 'edge_count': 5, 'largest_component': 25}, {'color': 6, 'count': 8, 'bbox_h': 4, 'bbox_w': 2, 'bbox_area': 8, 'r0': 5, 'c0': 6, 'r1': 8, 'c1': 7, 'edge_count': 0, 'largest_component': 8}, {'color': 9, 'count': 10, 'bbox_h': 2, 'bbox_w': 5, 'bbox_area': 10, 'r0': 14, 'c0': 10, 'r1': 15, 'c1': 14, 'edge_count': 5, 'largest_component': 10}]","['count_min_low', 'edge_count_min_low', 'largest_component_min_low']"
201,6,4,"[{'color': 1, 'count': 16, 'bbox_h': 4, 'bbox_w': 4, 'bbox_area': 16, 'r0': 3, 'c0': 7, 'r1': 6, 'c1': 10, 'edge_count': 0, 'largest_component': 16}, {'color': 3, 'count': 10, 'bbox_h': 5, 'bbox_w': 2, 'bbox_area': 10, 'r0': 4, 'c0': 0, 'r1': 8, 'c1': 1, 'edge_count': 5, 'largest_component': 10}, {'color': 4, 'count': 14, 'bbox_h': 2, 'bbox_w': 7, 'bbox_area': 14, 'r0': 10, 'c0': 4, 'r1': 11, 'c1': 10, 'edge_count': 7, 'largest_component': 14}, {'color': 6, 'count': 8, 'bbox_h': 3, 'bbox_w': 3, 'bbox_area': 9, 'r0': 0, 'c0': 5, 'r1': 2, 'c1': 7, 'edge_count': 3, 'largest_component': 8}, {'color': 7, 'count': 12, 'bbox_h': 4, 'bbox_w': 3, 'bbox_area': 12, 'r0': 0, 'c0': 0, 'r1': 3, 'c1': 2, 'edge_count': 6, 'largest_component': 12}]","['count_min_low', 'count_min_high', 'bbox_area_min_low', 'bbox_area_min_high', 'r0_min_low', 'r1_min_low', 'r1_min_high', 'largest_component_min_low', 'largest_component_min_high']"
202,2,3,"[{'color': 2, 'count': 11, 'bbox_h': 3, 'bbox_w': 4, 'bbox_area': 12, 'r0': 8, 'c0': 3, 'r1': 10, 'c1': 6, 'edge_count': 0, 'largest_component': 11}, {'color': 4, 'count': 20, 'bbox_h': 4, 'bbox_w': 5, 'bbox_area': 20, 'r0': 2, 'c0': 2, 'r1': 5, 'c1': 6, 'edge_count': 0, 'largest_component': 20}, {'color': 6, 'count': 24, 'bbox_h': 6, 'bbox_w': 4, 'bbox_area': 24, 'r0': 0, 'c0': 12, 'r1': 5, 'c1': 15, 'edge_count': 4, 'largest_component': 24}, {'color': 7, 'count': 36, 'bbox_h': 6, 'bbox_w': 6, 'bbox_area': 36, 'r0': 6, 'c0': 8, 'r1': 11, 'c1': 13, 'edge_count': 0, 'largest_component': 36}, {'color': 8, 'count': 6, 'bbox_h': 2, 'bbox_w': 3, 'bbox_area': 6, 'r0': 14, 'c0': 11, 'r1': 15, 'c1': 13, 'edge_count': 0, 'largest_component': 6}, {'color': 9, 'count': 4, 'bbox_h': 2, 'bbox_w': 2, 'bbox_area': 4, 'r0': 0, 'c0': 5, 'r1': 1, 'c1': 6, 'edge_count': 2, 'largest_component': 4}]","['c1_min_low', 'edge_count_min_low', 'count_rank3']"
203,2,1,"[{'color': 2, 'count': 27, 'bbox_h': 6, 'bbox_w': 5, 'bbox_area': 30, 'r0': 11, 'c0': 9, 'r1': 16, 'c1': 13, 'edge_count': 0, 'largest_component': 27}, {'color': 4, 'count': 14, 'bbox_h': 7, 'bbox_w': 2, 'bbox_area': 14, 'r0': 1, 'c0': 7, 'r1': 7, 'c1': 8, 'edge_count': 0, 'largest_component': 14}, {'color': 6, 'count': 6, 'bbox_h': 3, 'bbox_w': 2, 'bbox_area': 6, 'r0': 5, 'c0': 14, 'r1': 7, 'c1': 15, 'edge_count': 0, 'largest_component': 6}, {'color': 8, 'count': 49, 'bbox_h': 7, 'bbox_w': 7, 'bbox_area': 49, 'r0': 11, 'c0': 1, 'r1': 17, 'c1': 7, 'edge_count': 7, 'largest_component': 49}, {'color': 9, 'count': 12, 'bbox_h': 6, 'bbox_w': 2, 'bbox_area': 12, 'r0': 10, 'c0': 14, 'r1': 15, 'c1': 15, 'edge_count': 0, 'largest_component': 12}]","['r0_max_low', 'edge_count_min_low', 'count_rank1']"
204,5,1,"[{'color': 2, 'count': 32, 'bbox_h': 8, 'bbox_w': 4, 'bbox_area': 32, 'r0': 6, 'c0': 3, 'r1': 13, 'c1': 6, 'edge_count': 0, 'largest_component': 32}, {'color': 3, 'count': 16, 'bbox_h': 2, 'bbox_w': 8, 'bbox_area': 16, 'r0': 1, 'c0': 7, 'r1': 2, 'c1': 14, 'edge_count': 2, 'largest_component': 16}, {'color': 5, 'count': 22, 'bbox_h': 5, 'bbox_w': 5, 'bbox_area': 25, 'r0': 1, 'c0': 1, 'r1': 5, 'c1': 5, 'edge_count': 0, 'largest_component': 22}, {'color': 6, 'count': 8, 'bbox_h': 2, 'bbox_w': 4, 'bbox_area': 8, 'r0': 14, 'c0': 6, 'r1': 15, 'c1': 9, 'edge_count': 0, 'largest_component': 8}, {'color': 9, 'count': 12, 'bbox_h': 3, 'bbox_w': 4, 'bbox_area': 12, 'r0': 14, 'c0': 11, 'r1': 16, 'c1': 14, 'edge_count': 3, 'largest_component': 12}]","['r0_min_high', 'c0_min_low', 'c0_min_high', 'c1_min_low', 'c1_min_high', 'count_rank1']"
205,3,3,"[{'color': 3, 'count': 10, 'bbox_h': 4, 'bbox_w': 3, 'bbox_area': 12, 'r0': 3, 'c0': 12, 'r1': 6, 'c1': 14, 'edge_count': 0, 'largest_component': 10}, {'color': 4, 'count': 20, 'bbox_h': 5, 'bbox_w': 4, 'bbox_area': 20, 'r0': 12, 'c0': 6, 'r1': 16, 'c1': 9, 'edge_count': 0, 'largest_component': 20}, {'color': 6, 'count': 16, 'bbox_h': 4, 'bbox_w': 4, 'bbox_area': 16, 'r0': 7, 'c0': 11, 'r1': 10, 'c1': 14, 'edge_count': 0, 'largest_component': 16}, {'color': 8, 'count': 12, 'bbox_h': 3, 'bbox_w': 4, 'bbox_area': 12, 'r0': 5, 'c0': 2, 'r1': 7, 'c1': 5, 'edge_count': 0, 'largest_component': 12}]","['count_min_low', 'count_min_high', 'bbox_w_min_low', 'bbox_w_min_high', 'bbox_area_min_low', 'r0_min_low', 'r0_min_high', 'c0_max_low', 'c0_max_high', 'r1_min_low', 'r1_min_high', 'c1_max_low', 'edge_count_max_low', 'edge_count_min_low', 'largest_component_min_low', 'largest_component_min_high', 'count_rank3']"
206,8,3,"[{'color': 4, 'count': 18, 'bbox_h': 3, 'bbox_w': 6, 'bbox_area': 18, 'r0': 14, 'c0': 8, 'r1': 16, 'c1': 13, 'edge_count': 8, 'largest_component': 18}, {'color': 5, 'count': 4, 'bbox_h': 2, 'bbox_w': 2, 'bbox_area': 4, 'r0': 1, 'c0': 12, 'r1': 2, 'c1': 13, 'edge_count': 2, 'largest_component': 4}, {'color': 6, 'count': 8, 'bbox_h': 4, 'bbox_w': 2, 'bbox_area': 8, 'r0': 4, 'c0': 0, 'r1': 7, 'c1': 1, 'edge_count': 4, 'largest_component': 8}, {'color': 7, 'count': 24, 'bbox_h': 8, 'bbox_w': 3, 'bbox_area': 24, 'r0': 3, 'c0': 10, 'r1': 10, 'c1': 12, 'edge_count': 0, 'largest_component': 24}, {'color': 8, 'count': 8, 'bbox_h': 3, 'bbox_w': 3, 'bbox_area': 9, 'r0': 3, 'c0': 5, 'r1': 5, 'c1': 7, 'edge_count': 0, 'largest_component': 8}, {'color': 9, 'count': 8, 'bbox_h': 4, 'bbox_w': 2, 'bbox_area': 8, 'r0': 11, 'c0': 3, 'r1': 14, 'c1': 4, 'edge_count': 0, 'largest_component': 8}]",['count_rank3']
207,9,5,"[{'color': 2, 'count': 9, 'bbox_h': 3, 'bbox_w': 3, 'bbox_area': 9, 'r0': 0, 'c0': 11, 'r1': 2, 'c1': 13, 'edge_count': 3, 'largest_component': 9}, {'color': 4, 'count': 35, 'bbox_h': 7, 'bbox_w': 5, 'bbox_area': 35, 'r0': 5, 'c0': 1, 'r1': 11, 'c1': 5, 'edge_count': 0, 'largest_component': 35}, {'color': 5, 'count': 16, 'bbox_h': 2, 'bbox_w': 8, 'bbox_area': 16, 'r0': 6, 'c0': 6, 'r1': 7, 'c1': 13, 'edge_count': 0, 'largest_component': 16}, {'color': 7, 'count': 16, 'bbox_h': 4, 'bbox_w': 4, 'bbox_area': 16, 'r0': 0, 'c0': 7, 'r1': 3, 'c1': 10, 'edge_count': 4, 'largest_component': 16}, {'color': 8, 'count': 16, 'bbox_h': 2, 'bbox_w': 8, 'bbox_area': 16, 'r0': 8, 'c0': 8, 'r1': 9, 'c1': 15, 'edge_count': 0, 'largest_component': 16}, {'color': 9, 'count': 8, 'bbox_h': 3, 'bbox_w': 3, 'bbox_area': 9, 'r0': 10, 'c0': 12, 'r1': 12, 'c1': 14, 'edge_count': 3, 'largest_component': 8}]","['count_min_low', 'count_min_high', 'bbox_w_min_high', 'bbox_area_min_high', 'r0_max_low', 'r0_max_high', 'c0_max_low', 'c0_max_high', 'r1_max_low', 'r1_max_high', 'largest_component_min_low', 'largest_component_min_high']"
208,1,2,"[{'color': 1, 'count': 14, 'bbox_h': 3, 'bbox_w': 5, 'bbox_area': 15, 'r0': 3, 'c0': 11, 'r1': 5, 'c1': 15, 'edge_count': 0, 'largest_component': 14}, {'color': 2, 'count': 30, 'bbox_h': 5, 'bbox_w': 6, 'bbox_area': 30, 'r0': 11, 'c0': 0, 'r1': 15, 'c1': 5, 'edge_count': 10, 'largest_component': 30}, {'color': 4, 'count': 12, 'bbox_h': 6, 'bbox_w': 2, 'bbox_area': 12, 'r0': 1, 'c0': 6, 'r1': 6, 'c1': 7, 'edge_count': 0, 'largest_component': 12}, {'color': 5, 'count': 6, 'bbox_h': 3, 'bbox_w': 2, 'bbox_area': 6, 'r0': 11, 'c0': 6, 'r1': 13, 'c1': 7, 'edge_count': 0, 'largest_component': 6}, {'color': 6, 'count': 16, 'bbox_h': 4, 'bbox_w': 4, 'bbox_area': 16, 'r0': 7, 'c0': 1, 'r1': 10, 'c1': 4, 'edge_count': 0, 'largest_component': 16}, {'color': 7, 'count': 10, 'bbox_h': 2, 'bbox_w': 5, 'bbox_area': 10, 'r0': 9, 'c0': 6, 'r1': 10, 'c1': 10, 'edge_count': 0, 'largest_component': 10}, {'color': 8, 'count': 9, 'bbox_h': 3, 'bbox_w': 3, 'bbox_area': 9, 'r0': 0, 'c0': 11, 'r1': 2, 'c1': 13, 'edge_count': 3, 'largest_component': 9}]","['c0_max_low', 'c1_max_low', 'c1_max_high', 'edge_count_min_low', 'count_rank2']"
209,7,2,"[{'color': 3, 'count': 10, 'bbox_h': 5, 'bbox_w': 2, 'bbox_area': 10, 'r0': 7, 'c0': 6, 'r1': 11, 'c1': 7, 'edge_count': 0, 'largest_component': 10}, {'color': 4, 'count': 9, 'bbox_h': 3, 'bbox_w': 3, 'bbox_area': 9, 'r0': 4, 'c0': 4, 'r1': 6, 'c1': 6, 'edge_count': 0, 'largest_component': 9}, {'color': 5, 'count': 16, 'bbox_h': 8, 'bbox_w': 2, 'bbox_area': 16, 'r0': 4, 'c0': 10, 'r1': 11, 'c1': 11, 'edge_count': 0, 'largest_component': 16}, {'color': 6, 'count': 9, 'bbox_h': 3, 'bbox_w': 3, 'bbox_area': 9, 'r0': 12, 'c0': 15, 'r1': 14, 'c1': 17, 'edge_count': 3, 'largest_component': 9}, {'color': 7, 'count': 10, 'bbox_h': 3, 'bbox_w': 4, 'bbox_area': 12, 'r0': 0, 'c0': 1, 'r1': 2, 'c1': 4, 'edge_count': 4, 'largest_component': 10}]","['bbox_h_min_high', 'bbox_w_max_low', 'bbox_w_max_high', 'r0_min_low', 'r0_min_high', 'c0_min_low', 'c0_min_high', 'r1_min_low', 'r1_min_high', 'c1_min_low', 'c1_min_high', 'edge_count_max_low', 'edge_count_max_high', 'count_rank2']"
210,3,2,"[{'color': 1, 'count': 24, 'bbox_h': 6, 'bbox_w': 4, 'bbox_area': 24, 'r0': 8, 'c0': 1, 'r1': 13, 'c1': 4, 'edge_count': 4, 'largest_component': 24}, {'color': 2, 'count': 16, 'bbox_h': 2, 'bbox_w': 8, 'bbox_area': 16, 'r0': 2, 'c0': 0, 'r1': 3, 'c1': 7, 'edge_count': 2, 'largest_component': 16}, {'color': 3, 'count': 24, 'bbox_h': 5, 'bbox_w': 5, 'bbox_area': 25, 'r0': 9, 'c0': 6, 'r1': 13, 'c1': 10, 'edge_count': 5, 'largest_component': 24}, {'color': 9, 'count': 32, 'bbox_h': 8, 'bbox_w': 4, 'bbox_area': 32, 'r0': 1, 'c0': 9, 'r1': 8, 'c1': 12, 'edge_count': 8, 'largest_component': 32}]","['r0_max_low', 'r0_max_high', 'r1_max_high', 'count_rank2']"
211,2,1,"[{'color': 2, 'count': 22, 'bbox_h': 5, 'bbox_w': 8, 'bbox_area': 40, 'r0': 3, 'c0': 1, 'r1': 7, 'c1': 8, 'edge_count': 0, 'largest_component': 22}, {'color': 4, 'count': 36, 'bbox_h': 6, 'bbox_w': 6, 'bbox_area': 36, 'r0': 10, 'c0': 8, 'r1': 15, 'c1': 13, 'edge_count': 6, 'largest_component': 36}, {'color': 5, 'count': 20, 'bbox_h': 4, 'bbox_w': 5, 'bbox_area': 20, 'r0': 3, 'c0': 12, 'r1': 6, 'c1': 16, 'edge_count': 4, 'largest_component': 20}, {'color': 6, 'count': 12, 'bbox_h': 2, 'bbox_w': 6, 'bbox_area': 12, 'r0': 8, 'c0': 0, 'r1': 9, 'c1': 5, 'edge_count': 2, 'largest_component': 12}]","['bbox_w_max_low', 'bbox_w_max_high', 'bbox_area_max_low', 'bbox_area_max_high', 'r0_min_low', 'edge_count_min_low', 'edge_count_min_high', 'count_rank1']"
212,9,3,"[{'color': 1, 'count': 25, 'bbox_h': 5, 'bbox_w': 5, 'bbox_area': 25, 'r0': 11, 'c0': 6, 'r1': 15, 'c1': 10, 'edge_count': 0, 'largest_component': 25}, {'color': 2, 'count': 24, 'bbox_h': 6, 'bbox_w': 4, 'bbox_area': 24, 'r0': 0, 'c0': 3, 'r1': 5, 'c1': 6, 'edge_count': 4, 'largest_component': 24}, {'color': 4, 'count': 24, 'bbox_h': 4, 'bbox_w': 6, 'bbox_area': 24, 'r0': 2, 'c0': 8, 'r1': 5, 'c1': 13, 'edge_count': 0, 'largest_component': 24}, {'color': 9, 'count': 18, 'bbox_h': 6, 'bbox_w': 4, 'bbox_area': 24, 'r0': 11, 'c0': 11, 'r1': 16, 'c1': 14, 'edge_count': 6, 'largest_component': 18}]","['count_min_low', 'count_min_high', 'bbox_h_max_high', 'bbox_w_min_high', 'bbox_area_min_high', 'r0_max_high', 'c0_max_low', 'c0_max_high', 'r1_max_low', 'r1_max_high', 'c1_max_low', 'c1_max_high', 'edge_count_max_low', 'edge_count_max_high', 'largest_component_min_low', 'largest_component_min_high', 'count_rank3']"
213,7,0,"[{'color': 5, 'count': 16, 'bbox_h': 2, 'bbox_w': 8, 'bbox_area': 16, 'r0': 0, 'c0': 5, 'r1': 1, 'c1': 12, 'edge_count': 8, 'largest_component': 16}, {'color': 6, 'count': 15, 'bbox_h': 5, 'bbox_w': 3, 'bbox_area': 15, 'r0': 2, 'c0': 5, 'r1': 6, 'c1': 7, 'edge_count': 0, 'largest_component': 15}, {'color': 7, 'count': 31, 'bbox_h': 7, 'bbox_w': 5, 'bbox_area': 35, 'r0': 6, 'c0': 8, 'r1': 12, 'c1': 12, 'edge_count': 0, 'largest_component': 31}, {'color': 8, 'count': 28, 'bbox_h': 7, 'bbox_w': 4, 'bbox_area': 28, 'r0': 8, 'c0': 3, 'r1': 14, 'c1': 6, 'edge_count': 4, 'largest_component': 28}]","['count_max_low', 'count_max_high', 'bbox_h_max_low', 'bbox_area_max_low', 'bbox_area_max_high', 'c0_max_low', 'c0_max_high', 'c1_max_high', 'edge_count_min_high', 'largest_component_max_low', 'largest_component_max_high', 'count_rank0']"
214,4,3,"[{'color': 2, 'count': 14, 'bbox_h': 2, 'bbox_w': 7, 'bbox_area': 14, 'r0': 14, 'c0': 0, 'r1': 15, 'c1': 6, 'edge_count': 2, 'largest_component': 14}, {'color': 3, 'count': 10, 'bbox_h': 2, 'bbox_w': 5, 'bbox_area': 10, 'r0': 15, 'c0': 10, 'r1': 16, 'c1': 14, 'edge_count': 5, 'largest_component': 10}, {'color': 4, 'count': 11, 'bbox_h': 3, 'bbox_w': 4, 'bbox_area': 12, 'r0': 0, 'c0': 12, 'r1': 2, 'c1': 15, 'edge_count': 4, 'largest_component': 11}, {'color': 7, 'count': 40, 'bbox_h': 8, 'bbox_w': 5, 'bbox_area': 40, 'r0': 4, 'c0': 8, 'r1': 11, 'c1': 12, 'edge_count': 0, 'largest_component': 40}, {'color': 8, 'count': 24, 'bbox_h': 8, 'bbox_w': 3, 'bbox_area': 24, 'r0': 3, 'c0': 14, 'r1': 10, 'c1': 16, 'edge_count': 0, 'largest_component': 24}, {'color': 9, 'count': 4, 'bbox_h': 2, 'bbox_w': 2, 'bbox_area': 4, 'r0': 3, 'c0': 1, 'r1': 4, 'c1': 2, 'edge_count': 0, 'largest_component': 4}]","['r0_min_low', 'r0_min_high', 'r1_min_low', 'r1_min_high', 'count_rank3']"
215,2,2,"[{'color': 1, 'count': 30, 'bbox_h': 5, 'bbox_w': 6, 'bbox_area': 30, 'r0': 0, 'c0': 9, 'r1': 4, 'c1': 14, 'edge_count': 10, 'largest_component': 30}, {'color': 2, 'count': 12, 'bbox_h': 3, 'bbox_w': 5, 'bbox_area': 15, 'r0': 3, 'c0': 1, 'r1': 5, 'c1': 5, 'edge_count': 0, 'largest_component': 12}, {'color': 3, 'count': 12, 'bbox_h': 4, 'bbox_w': 3, 'bbox_area': 12, 'r0': 6, 'c0': 9, 'r1': 9, 'c1': 11, 'edge_count': 0, 'largest_component': 12}, {'color': 4, 'count': 6, 'bbox_h': 3, 'bbox_w': 2, 'bbox_area': 6, 'r0': 6, 'c0': 7, 'r1': 8, 'c1': 8, 'edge_count': 0, 'largest_component': 6}, {'color': 7, 'count': 21, 'bbox_h': 3, 'bbox_w': 7, 'bbox_area': 21, 'r0': 11, 'c0': 2, 'r1': 13, 'c1': 8, 'edge_count': 0, 'largest_component': 21}]","['bbox_h_min_low', 'c0_min_low', 'c0_min_high', 'c1_min_low', 'c1_min_high', 'edge_count_min_low', 'count_rank2']"
216,4,0,"[{'color': 2, 'count': 16, 'bbox_h': 8, 'bbox_w': 2, 'bbox_area': 16, 'r0': 5, 'c0': 9, 'r1': 12, 'c1': 10, 'edge_count': 0, 'largest_component': 16}, {'color': 4, 'count': 25, 'bbox_h': 5, 'bbox_w': 7, 'bbox_area': 35, 'r0': 1, 'c0': 0, 'r1': 5, 'c1': 6, 'edge_count': 5, 'largest_component': 25}, {'color': 5, 'count': 14, 'bbox_h': 7, 'bbox_w': 2, 'bbox_area': 14, 'r0': 4, 'c0': 11, 'r1': 10, 'c1': 12, 'edge_count': 0, 'largest_component': 14}, {'color': 9, 'count': 8, 'bbox_h': 2, 'bbox_w': 4, 'bbox_area': 8, 'r0': 9, 'c0': 14, 'r1': 10, 'c1': 17, 'edge_count': 2, 'largest_component': 8}]","['count_max_low', 'count_max_high', 'bbox_w_max_low', 'bbox_w_max_high', 'bbox_area_max_low', 'bbox_area_max_high', 'r0_min_low', 'r0_min_high', 'c0_min_low', 'c0_min_high', 'r1_min_low', 'r1_min_high', 'c1_min_low', 'c1_min_high', 'edge_count_max_low', 'edge_count_max_high', 'largest_component_max_low', 'largest_component_max_high', 'count_rank0']"
217,9,1,"[{'color': 1, 'count': 12, 'bbox_h': 4, 'bbox_w': 3, 'bbox_area': 12, 'r0': 2, 'c0': 3, 'r1': 5, 'c1': 5, 'edge_count': 0, 'largest_component': 12}, {'color': 3, 'count': 14, 'bbox_h': 2, 'bbox_w': 7, 'bbox_area': 14, 'r0': 1, 'c0': 9, 'r1': 2, 'c1': 15, 'edge_count': 0, 'largest_component': 14}, {'color': 4, 'count': 15, 'bbox_h': 3, 'bbox_w': 5, 'bbox_area': 15, 'r0': 13, 'c0': 9, 'r1': 15, 'c1': 13, 'edge_count': 5, 'largest_component': 15}, {'color': 6, 'count': 18, 'bbox_h': 3, 'bbox_w': 6, 'bbox_area': 18, 'r0': 10, 'c0': 6, 'r1': 12, 'c1': 11, 'edge_count': 0, 'largest_component': 18}, {'color': 9, 'count': 18, 'bbox_h': 7, 'bbox_w': 3, 'bbox_area': 21, 'r0': 9, 'c0': 1, 'r1': 15, 'c1': 3, 'edge_count': 3, 'largest_component': 18}]","['count_max_high', 'bbox_h_max_low', 'bbox_h_max_high', 'bbox_w_min_high', 'bbox_area_max_low', 'bbox_area_max_high', 'c0_min_low', 'c0_min_high', 'r1_max_high', 'c1_min_low', 'c1_min_high', 'largest_component_max_high', 'count_rank1']"
218,5,0,"[{'color': 1, 'count': 12, 'bbox_h': 4, 'bbox_w': 3, 'bbox_area': 12, 'r0': 6, 'c0': 8, 'r1': 9, 'c1': 10, 'edge_count': 0, 'largest_component': 12}, {'color': 4, 'count': 12, 'bbox_h': 4, 'bbox_w': 3, 'bbox_area': 12, 'r0': 11, 'c0': 7, 'r1': 14, 'c1': 9, 'edge_count': 0, 'largest_component': 12}, {'color': 5, 'count': 29, 'bbox_h': 7, 'bbox_w': 5, 'bbox_area': 35, 'r0': 2, 'c0': 1, 'r1': 8, 'c1': 5, 'edge_count': 0, 'largest_component': 29}, {'color': 6, 'count': 4, 'bbox_h': 2, 'bbox_w': 2, 'bbox_area': 4, 'r0': 13, 'c0': 10, 'r1': 14, 'c1': 11, 'edge_count': 0, 'largest_component': 4}, {'color': 7, 'count': 8, 'bbox_h': 2, 'bbox_w': 4, 'bbox_area': 8, 'r0': 3, 'c0': 6, 'r1': 4, 'c1': 9, 'edge_count': 0, 'largest_component': 8}, {'color': 8, 'count': 16, 'bbox_h': 8, 'bbox_w': 2, 'bbox_area': 16, 'r0': 9, 'c0': 13, 'r1': 16, 'c1': 14, 'edge_count': 2, 'largest_component': 16}]","['count_max_low', 'count_max_high', 'bbox_w_max_low', 'bbox_w_max_high', 'bbox_area_max_low', 'bbox_area_max_high', 'r0_min_low', 'r0_min_high', 'c0_min_low', 'c0_min_high', 'c1_min_low', 'c1_min_high', 'largest_component_max_low', 'largest_component_max_high', 'count_rank0']"
219,9,4,"[{'color': 1, 'count': 12, 'bbox_h': 6, 'bbox_w': 2, 'bbox_area': 12, 'r0': 3, 'c0': 11, 'r1': 8, 'c1': 12, 'edge_count': 6, 'largest_component': 12}, {'color': 2, 'count': 16, 'bbox_h': 4, 'bbox_w': 4, 'bbox_area': 16, 'r0': 8, 'c0': 3, 'r1': 11, 'c1': 6, 'edge_count': 0, 'largest_component': 16}, {'color': 3, 'count': 28, 'bbox_h': 4, 'bbox_w': 7, 'bbox_area': 28, 'r0': 14, 'c0': 2, 'r1': 17, 'c1': 8, 'edge_count': 7, 'largest_component': 28}, {'color': 5, 'count': 14, 'bbox_h': 7, 'bbox_w': 2, 'bbox_area': 14, 'r0': 2, 'c0': 7, 'r1': 8, 'c1': 8, 'edge_count': 0, 'largest_component': 14}, {'color': 6, 'count': 24, 'bbox_h': 6, 'bbox_w': 4, 'bbox_area': 24, 'r0': 9, 'c0': 9, 'r1': 14, 'c1': 12, 'edge_count': 6, 'largest_component': 24}, {'color': 9, 'count': 14, 'bbox_h': 6, 'bbox_w': 3, 'bbox_area': 18, 'r0': 1, 'c0': 2, 'r1': 6, 'c1': 4, 'edge_count': 0, 'largest_component': 14}]","['r0_min_low', 'r0_min_high', 'c0_min_high', 'r1_min_low', 'r1_min_high', 'c1_min_low', 'c1_min_high', 'edge_count_min_high']"
220,1,3,"[{'color': 1, 'count': 15, 'bbox_h': 4, 'bbox_w': 4, 'bbox_area': 16, 'r0': 3, 'c0': 0, 'r1': 6, 'c1': 3, 'edge_count': 4, 'largest_component': 15}, {'color': 2, 'count': 12, 'bbox_h': 6, 'bbox_w': 2, 'bbox_area': 12, 'r0': 7, 'c0': 15, 'r1': 12, 'c1': 16, 'edge_count': 6, 'largest_component': 12}, {'color': 3, 'count': 18, 'bbox_h': 6, 'bbox_w': 3, 'bbox_area': 18, 'r0': 8, 'c0': 1, 'r1': 13, 'c1': 3, 'edge_count': 0, 'largest_component': 18}, {'color': 4, 'count': 9, 'bbox_h': 3, 'bbox_w': 3, 'bbox_area': 9, 'r0': 0, 'c0': 11, 'r1': 2, 'c1': 13, 'edge_count': 3, 'largest_component': 9}, {'color': 7, 'count': 30, 'bbox_h': 6, 'bbox_w': 5, 'bbox_area': 30, 'r0': 0, 'c0': 4, 'r1': 5, 'c1': 8, 'edge_count': 5, 'largest_component': 30}, {'color': 8, 'count': 21, 'bbox_h': 3, 'bbox_w': 7, 'bbox_area': 21, 'r0': 8, 'c0': 8, 'r1': 10, 'c1': 14, 'edge_count': 0, 'largest_component': 21}, {'color': 9, 'count': 15, 'bbox_h': 5, 'bbox_w': 3, 'bbox_area': 15, 'r0': 10, 'c0': 5, 'r1': 14, 'c1': 7, 'edge_count': 3, 'largest_component': 15}]","['c0_min_low', 'c0_min_high', 'c1_min_low', 'count_rank3']"
221,2,2,"[{'color': 1, 'count': 20, 'bbox_h': 4, 'bbox_w': 5, 'bbox_area': 20, 'r0': 10, 'c0': 12, 'r1': 13, 'c1': 16, 'edge_count': 5, 'largest_component': 20}, {'color': 2, 'count': 17, 'bbox_h': 6, 'bbox_w': 3, 'bbox_area': 18, 'r0': 8, 'c0': 0, 'r1': 13, 'c1': 2, 'edge_count': 8, 'largest_component': 17}, {'color': 4, 'count': 8, 'bbox_h': 4, 'bbox_w': 2, 'bbox_area': 8, 'r0': 5, 'c0': 14, 'r1': 8, 'c1': 15, 'edge_count': 0, 'largest_component': 8}, {'color': 6, 'count': 4, 'bbox_h': 2, 'bbox_w': 2, 'bbox_area': 4, 'r0': 2, 'c0': 7, 'r1': 3, 'c1': 8, 'edge_count': 0, 'largest_component': 4}, {'color': 7, 'count': 9, 'bbox_h': 3, 'bbox_w': 3, 'bbox_area': 9, 'r0': 8, 'c0': 4, 'r1': 10, 'c1': 6, 'edge_count': 0, 'largest_component': 9}, {'color': 9, 'count': 20, 'bbox_h': 5, 'bbox_w': 4, 'bbox_area': 20, 'r0': 2, 'c0': 0, 'r1': 6, 'c1': 3, 'edge_count': 5, 'largest_component': 20}]","['bbox_h_max_low', 'bbox_h_max_high', 'c0_min_low', 'r1_max_high', 'c1_min_low', 'c1_min_high', 'edge_count_max_low', 'edge_count_max_high', 'count_rank2']"
222,5,1,"[{'color': 1, 'count': 6, 'bbox_h': 2, 'bbox_w': 3, 'bbox_area': 6, 'r0': 2, 'c0': 0, 'r1': 3, 'c1': 2, 'edge_count': 2, 'largest_component': 6}, {'color': 2, 'count': 6, 'bbox_h': 3, 'bbox_w': 2, 'bbox_area': 6, 'r0': 6, 'c0': 11, 'r1': 8, 'c1': 12, 'edge_count': 0, 'largest_component': 6}, {'color': 3, 'count': 15, 'bbox_h': 5, 'bbox_w': 3, 'bbox_area': 15, 'r0': 8, 'c0': 8, 'r1': 12, 'c1': 10, 'edge_count': 0, 'largest_component': 15}, {'color': 4, 'count': 12, 'bbox_h': 2, 'bbox_w': 6, 'bbox_area': 12, 'r0': 4, 'c0': 11, 'r1': 5, 'c1': 16, 'edge_count': 0, 'largest_component': 12}, {'color': 5, 'count': 19, 'bbox_h': 8, 'bbox_w': 3, 'bbox_area': 24, 'r0': 6, 'c0': 15, 'r1': 13, 'c1': 17, 'edge_count': 8, 'largest_component': 19}, {'color': 6, 'count': 24, 'bbox_h': 4, 'bbox_w': 6, 'bbox_area': 24, 'r0': 0, 'c0': 4, 'r1': 3, 'c1': 9, 'edge_count': 6, 'largest_component': 24}, {'color': 7, 'count': 18, 'bbox_h': 6, 'bbox_w': 3, 'bbox_area': 18, 'r0': 7, 'c0': 1, 'r1': 12, 'c1': 3, 'edge_count': 0, 'largest_component': 18}]","['bbox_h_max_low', 'bbox_h_max_high', 'bbox_area_max_low', 'c0_max_low', 'c0_max_high', 'r1_max_low', 'r1_max_high', 'c1_max_low', 'c1_max_high', 'edge_count_max_low', 'edge_count_max_high', 'count_rank1']"
223,9,2,"[{'color': 5, 'count': 24, 'bbox_h': 3, 'bbox_w': 8, 'bbox_area': 24, 'r0': 1, 'c0': 0, 'r1': 3, 'c1': 7, 'edge_count': 3, 'largest_component': 24}, {'color': 6, 'count': 28, 'bbox_h': 4, 'bbox_w': 7, 'bbox_area': 28, 'r0': 12, 'c0': 0, 'r1': 15, 'c1': 6, 'edge_count': 10, 'largest_component': 28}, {'color': 8, 'count': 8, 'bbox_h': 4, 'bbox_w': 2, 'bbox_area': 8, 'r0': 5, 'c0': 10, 'r1': 8, 'c1': 11, 'edge_count': 0, 'largest_component': 8}, {'color': 9, 'count': 22, 'bbox_h': 5, 'bbox_w': 6, 'bbox_area': 30, 'r0': 7, 'c0': 0, 'r1': 11, 'c1': 5, 'edge_count': 5, 'largest_component': 22}]","['bbox_h_max_low', 'bbox_h_max_high', 'bbox_area_max_low', 'bbox_area_max_high', 'c0_min_high', 'c1_min_low', 'c1_min_high', 'count_rank2']"
224,6,2,"[{'color': 2, 'count': 12, 'bbox_h': 3, 'bbox_w': 4, 'bbox_area': 12, 'r0': 3, 'c0': 5, 'r1': 5, 'c1': 8, 'edge_count': 0, 'largest_component': 12}, {'color': 6, 'count': 8, 'bbox_h': 3, 'bbox_w': 3, 'bbox_area': 9, 'r0': 6, 'c0': 2, 'r1': 8, 'c1': 4, 'edge_count': 0, 'largest_component': 8}, {'color': 7, 'count': 6, 'bbox_h': 2, 'bbox_w': 3, 'bbox_area': 6, 'r0': 12, 'c0': 5, 'r1': 13, 'c1': 7, 'edge_count': 0, 'largest_component': 6}, {'color': 8, 'count': 8, 'bbox_h': 4, 'bbox_w': 2, 'bbox_area': 8, 'r0': 12, 'c0': 11, 'r1': 15, 'c1': 12, 'edge_count': 2, 'largest_component': 8}, {'color': 9, 'count': 15, 'bbox_h': 3, 'bbox_w': 5, 'bbox_area': 15, 'r0': 9, 'c0': 9, 'r1': 11, 'c1': 13, 'edge_count': 0, 'largest_component': 15}]","['c0_min_low', 'c0_min_high', 'c1_min_low', 'c1_min_high', 'count_rank2']"
225,9,0,"[{'color': 2, 'count': 12, 'bbox_h': 6, 'bbox_w': 2, 'bbox_area': 12, 'r0': 7, 'c0': 10, 'r1': 12, 'c1': 11, 'edge_count': 0, 'largest_component': 12}, {'color': 3, 'count': 14, 'bbox_h': 2, 'bbox_w': 7, 'bbox_area': 14, 'r0': 13, 'c0': 0, 'r1': 14, 'c1': 6, 'edge_count': 2, 'largest_component': 14}, {'color': 6, 'count': 8, 'bbox_h': 4, 'bbox_w': 2, 'bbox_area': 8, 'r0': 7, 'c0': 6, 'r1': 10, 'c1': 7, 'edge_count': 0, 'largest_component': 8}, {'color': 9, 'count': 18, 'bbox_h': 8, 'bbox_w': 3, 'bbox_area': 24, 'r0': 5, 'c0': 2, 'r1': 12, 'c1': 4, 'edge_count': 0, 'largest_component': 18}]","['count_max_low', 'count_max_high', 'bbox_h_max_low', 'bbox_h_max_high', 'bbox_area_max_low', 'bbox_area_max_high', 'r0_min_low', 'r0_min_high', 'c1_min_low', 'c1_min_high', 'edge_count_min_high', 'largest_component_max_low', 'largest_component_max_high', 'count_rank0']"
226,7,3,"[{'color': 1, 'count': 24, 'bbox_h': 8, 'bbox_w': 3, 'bbox_area': 24, 'r0': 0, 'c0': 2, 'r1': 7, 'c1': 4, 'edge_count': 3, 'largest_component': 24}, {'color': 2, 'count': 12, 'bbox_h': 2, 'bbox_w': 6, 'bbox_area': 12, 'r0': 13, 'c0': 10, 'r1': 14, 'c1': 15, 'edge_count': 6, 'largest_component': 12}, {'color': 4, 'count': 42, 'bbox_h': 6, 'bbox_w': 7, 'bbox_area': 42, 'r0': 2, 'c0': 5, 'r1': 7, 'c1': 11, 'edge_count': 0, 'largest_component': 42}, {'color': 7, 'count': 8, 'bbox_h': 3, 'bbox_w': 3, 'bbox_area': 9, 'r0': 11, 'c0': 7, 'r1': 13, 'c1': 9, 'edge_count': 0, 'largest_component': 8}]","['count_min_low', 'count_min_high', 'bbox_w_min_high', 'bbox_area_min_low', 'bbox_area_min_high', 'edge_count_min_high', 'largest_component_min_low', 'largest_component_min_high', 'count_rank3']"
227,3,3,"[{'color': 1, 'count': 10, 'bbox_h': 2, 'bbox_w': 5, 'bbox_area': 10, 'r0': 11, 'c0': 4, 'r1': 12, 'c1': 8, 'edge_count': 0, 'largest_component': 10}, {'color': 2, 'count': 15, 'bbox_h': 5, 'bbox_w': 3, 'bbox_area': 15, 'r0': 4, 'c0': 2, 'r1': 8, 'c1': 4, 'edge_count': 0, 'largest_component': 15}, {'color': 3, 'count': 13, 'bbox_h': 5, 'bbox_w': 3, 'bbox_area': 15, 'r0': 3, 'c0': 10, 'r1': 7, 'c1': 12, 'edge_count': 0, 'largest_component': 13}, {'color': 4, 'count': 14, 'bbox_h': 2, 'bbox_w': 7, 'bbox_area': 14, 'r0': 2, 'c0': 1, 'r1': 3, 'c1': 7, 'edge_count': 0, 'largest_component': 14}, {'color': 5, 'count': 14, 'bbox_h': 2, 'bbox_w': 7, 'bbox_area': 14, 'r0': 9, 'c0': 8, 'r1': 10, 'c1': 14, 'edge_count': 2, 'largest_component': 14}, {'color': 8, 'count': 6, 'bbox_h': 3, 'bbox_w': 2, 'bbox_area': 6, 'r0': 12, 'c0': 13, 'r1': 14, 'c1': 14, 'edge_count': 3, 'largest_component': 6}]","['bbox_h_max_high', 'bbox_area_max_high', 'count_rank3']"
228,8,4,"[{'color': 2, 'count': 24, 'bbox_h': 3, 'bbox_w': 8, 'bbox_area': 24, 'r0': 11, 'c0': 2, 'r1': 13, 'c1': 9, 'edge_count': 0, 'largest_component': 24}, {'color': 3, 'count': 6, 'bbox_h': 3, 'bbox_w': 2, 'bbox_area': 6, 'r0': 14, 'c0': 4, 'r1': 16, 'c1': 5, 'edge_count': 2, 'largest_component': 6}, {'color': 4, 'count': 16, 'bbox_h': 8, 'bbox_w': 2, 'bbox_area': 16, 'r0': 0, 'c0': 2, 'r1': 7, 'c1': 3, 'edge_count': 2, 'largest_component': 16}, {'color': 5, 'count': 12, 'bbox_h': 6, 'bbox_w': 2, 'bbox_area': 12, 'r0': 4, 'c0': 11, 'r1': 9, 'c1': 12, 'edge_count': 0, 'largest_component': 12}, {'color': 6, 'count': 8, 'bbox_h': 4, 'bbox_w': 2, 'bbox_area': 8, 'r0': 13, 'c0': 0, 'r1': 16, 'c1': 1, 'edge_count': 5, 'largest_component': 8}, {'color': 8, 'count': 8, 'bbox_h': 3, 'bbox_w': 3, 'bbox_area': 9, 'r0': 1, 'c0': 6, 'r1': 3, 'c1': 8, 'edge_count': 0, 'largest_component': 8}]","['bbox_h_min_high', 'r1_min_low', 'r1_min_high', 'edge_count_min_high']"
229,4,4,"[{'color': 1, 'count': 6, 'bbox_h': 3, 'bbox_w': 2, 'bbox_area': 6, 'r0': 7, 'c0': 0, 'r1': 9, 'c1': 1, 'edge_count': 3, 'largest_component': 6}, {'color': 2, 'count': 20, 'bbox_h': 4, 'bbox_w': 5, 'bbox_area': 20, 'r0': 14, 'c0': 7, 'r1': 17, 'c1': 11, 'edge_count': 5, 'largest_component': 20}, {'color': 4, 'count': 8, 'bbox_h': 3, 'bbox_w': 3, 'bbox_area': 9, 'r0': 0, 'c0': 5, 'r1': 2, 'c1': 7, 'edge_count': 3, 'largest_component': 8}, {'color': 5, 'count': 9, 'bbox_h': 3, 'bbox_w': 3, 'bbox_area': 9, 'r0': 15, 'c0': 3, 'r1': 17, 'c1': 5, 'edge_count': 3, 'largest_component': 9}, {'color': 6, 'count': 15, 'bbox_h': 5, 'bbox_w': 3, 'bbox_area': 15, 'r0': 7, 'c0': 10, 'r1': 11, 'c1': 12, 'edge_count': 0, 'largest_component': 15}, {'color': 7, 'count': 10, 'bbox_h': 5, 'bbox_w': 2, 'bbox_area': 10, 'r0': 13, 'c0': 0, 'r1': 17, 'c1': 1, 'edge_count': 6, 'largest_component': 10}, {'color': 8, 'count': 6, 'bbox_h': 3, 'bbox_w': 2, 'bbox_area': 6, 'r0': 8, 'c0': 4, 'r1': 10, 'c1': 5, 'edge_count': 0, 'largest_component': 6}]","['r0_min_low', 'r0_min_high', 'r1_min_low', 'r1_min_high']"
230,5,2,"[{'color': 3, 'count': 14, 'bbox_h': 7, 'bbox_w': 2, 'bbox_area': 14, 'r0': 1, 'c0': 2, 'r1': 7, 'c1': 3, 'edge_count': 0, 'largest_component': 14}, {'color': 5, 'count': 13, 'bbox_h': 5, 'bbox_w': 3, 'bbox_area': 15, 'r0': 7, 'c0': 10, 'r1': 11, 'c1': 12, 'edge_count': 7, 'largest_component': 13}, {'color': 7, 'count': 6, 'bbox_h': 2, 'bbox_w': 3, 'bbox_area': 6, 'r0': 3, 'c0': 6, 'r1': 4, 'c1': 8, 'edge_count': 0, 'largest_component': 6}, {'color': 8, 'count': 14, 'bbox_h': 2, 'bbox_w': 7, 'bbox_area': 14, 'r0': 9, 'c0': 0, 'r1': 10, 'c1': 6, 'edge_count': 2, 'largest_component': 14}]","['bbox_area_max_low', 'bbox_area_max_high', 'c0_max_low', 'c0_max_high', 'r1_max_low', 'r1_max_high', 'c1_max_low', 'c1_max_high', 'edge_count_max_low', 'edge_count_max_high', 'count_rank2']"
231,9,1,"[{'color': 1, 'count': 10, 'bbox_h': 5, 'bbox_w': 2, 'bbox_area': 10, 'r0': 2, 'c0': 7, 'r1': 6, 'c1': 8, 'edge_count': 0, 'largest_component': 10}, {'color': 2, 'count': 12, 'bbox_h': 2, 'bbox_w': 6, 'bbox_area': 12, 'r0': 8, 'c0': 8, 'r1': 9, 'c1': 13, 'edge_count': 0, 'largest_component': 12}, {'color': 4, 'count': 36, 'bbox_h': 6, 'bbox_w': 6, 'bbox_area': 36, 'r0': 1, 'c0': 0, 'r1': 6, 'c1': 5, 'edge_count': 6, 'largest_component': 36}, {'color': 6, 'count': 10, 'bbox_h': 5, 'bbox_w': 2, 'bbox_area': 10, 'r0': 2, 'c0': 12, 'r1': 6, 'c1': 13, 'edge_count': 0, 'largest_component': 10}, {'color': 9, 'count': 19, 'bbox_h': 8, 'bbox_w': 3, 'bbox_area': 24, 'r0': 0, 'c0': 14, 'r1': 7, 'c1': 16, 'edge_count': 3, 'largest_component': 19}]","['bbox_h_max_low', 'bbox_h_max_high', 'r0_min_low', 'r0_min_high', 'c0_max_low', 'c0_max_high', 'c1_max_low', 'c1_max_high', 'count_rank1']"
232,8,6,"[{'color': 3, 'count': 20, 'bbox_h': 4, 'bbox_w': 5, 'bbox_area': 20, 'r0': 1, 'c0': 0, 'r1': 4, 'c1': 4, 'edge_count': 4, 'largest_component': 20}, {'color': 4, 'count': 24, 'bbox_h': 3, 'bbox_w': 8, 'bbox_area': 24, 'r0': 13, 'c0': 6, 'r1': 15, 'c1': 13, 'edge_count': 0, 'largest_component': 24}, {'color': 5, 'count': 32, 'bbox_h': 4, 'bbox_w': 8, 'bbox_area': 32, 'r0': 2, 'c0': 10, 'r1': 5, 'c1': 17, 'edge_count': 4, 'largest_component': 32}, {'color': 6, 'count': 16, 'bbox_h': 4, 'bbox_w': 4, 'bbox_area': 16, 'r0': 6, 'c0': 7, 'r1': 9, 'c1': 10, 'edge_count': 0, 'largest_component': 16}, {'color': 7, 'count': 8, 'bbox_h': 2, 'bbox_w': 4, 'bbox_area': 8, 'r0': 0, 'c0': 6, 'r1': 1, 'c1': 9, 'edge_count': 4, 'largest_component': 8}, {'color': 8, 'count': 8, 'bbox_h': 3, 'bbox_w': 3, 'bbox_area': 9, 'r0': 9, 'c0': 4, 'r1': 11, 'c1': 6, 'edge_count': 0, 'largest_component': 8}, {'color': 9, 'count': 12, 'bbox_h': 6, 'bbox_w': 2, 'bbox_area': 12, 'r0': 10, 'c0': 14, 'r1': 15, 'c1': 15, 'edge_count': 0, 'largest_component': 12}]","['count_min_high', 'largest_component_min_high']"
233,7,1,"[{'color': 2, 'count': 6, 'bbox_h': 3, 'bbox_w': 2, 'bbox_area': 6, 'r0': 13, 'c0': 4, 'r1': 15, 'c1': 5, 'edge_count': 2, 'largest_component': 6}, {'color': 3, 'count': 14, 'bbox_h': 7, 'bbox_w': 2, 'bbox_area': 14, 'r0': 5, 'c0': 1, 'r1': 11, 'c1': 2, 'edge_count': 0, 'largest_component': 14}, {'color': 4, 'count': 24, 'bbox_h': 4, 'bbox_w': 6, 'bbox_area': 24, 'r0': 1, 'c0': 1, 'r1': 4, 'c1': 6, 'edge_count': 0, 'largest_component': 24}, {'color': 7, 'count': 17, 'bbox_h': 3, 'bbox_w': 6, 'bbox_area': 18, 'r0': 3, 'c0': 9, 'r1': 5, 'c1': 14, 'edge_count': 3, 'largest_component': 17}, {'color': 8, 'count': 14, 'bbox_h': 2, 'bbox_w': 7, 'bbox_area': 14, 'r0': 9, 'c0': 4, 'r1': 10, 'c1': 10, 'edge_count': 0, 'largest_component': 14}]","['c0_max_low', 'c0_max_high', 'c1_max_low', 'c1_max_high', 'edge_count_max_low', 'edge_count_max_high', 'count_rank1']"
234,4,1,"[{'color': 3, 'count': 10, 'bbox_h': 5, 'bbox_w': 2, 'bbox_area': 10, 'r0': 6, 'c0': 4, 'r1': 10, 'c1': 5, 'edge_count': 0, 'largest_component': 10}, {'color': 4, 'count': 22, 'bbox_h': 5, 'bbox_w': 5, 'bbox_area': 25, 'r0': 6, 'c0': 6, 'r1': 10, 'c1': 10, 'edge_count': 0, 'largest_component': 22}, {'color': 5, 'count': 30, 'bbox_h': 5, 'bbox_w': 6, 'bbox_area': 30, 'r0': 0, 'c0': 0, 'r1': 4, 'c1': 5, 'edge_count': 10, 'largest_component': 30}, {'color': 7, 'count': 12, 'bbox_h': 4, 'bbox_w': 3, 'bbox_area': 12, 'r0': 5, 'c0': 11, 'r1': 8, 'c1': 13, 'edge_count': 0, 'largest_component': 12}]","['r0_max_high', 'r1_max_high', 'count_rank1']"
235,7,2,"[{'color': 2, 'count': 6, 'bbox_h': 2, 'bbox_w': 3, 'bbox_area': 6, 'r0': 1, 'c0': 11, 'r1': 2, 'c1': 13, 'edge_count': 0, 'largest_component': 6}, {'color': 5, 'count': 18, 'bbox_h': 3, 'bbox_w': 6, 'bbox_area': 18, 'r0': 8, 'c0': 2, 'r1': 10, 'c1': 7, 'edge_count': 0, 'largest_component': 18}, {'color': 7, 'count': 8, 'bbox_h': 3, 'bbox_w': 3, 'bbox_area': 9, 'r0': 1, 'c0': 0, 'r1': 3, 'c1': 2, 'edge_count': 3, 'largest_component': 8}, {'color': 9, 'count': 25, 'bbox_h': 5, 'bbox_w': 5, 'bbox_area': 25, 'r0': 0, 'c0': 6, 'r1': 4, 'c1': 10, 'edge_count': 5, 'largest_component': 25}]","['bbox_w_min_high', 'c0_min_low', 'c0_min_high', 'c1_min_low', 'c1_min_high', 'count_rank2']"
236,1,1,"[{'color': 1, 'count': 13, 'bbox_h': 3, 'bbox_w': 5, 'bbox_area': 15, 'r0': 11, 'c0': 5, 'r1': 13, 'c1': 9, 'edge_count': 0, 'largest_component': 13}, {'color': 7, 'count': 10, 'bbox_h': 5, 'bbox_w': 2, 'bbox_area': 10, 'r0': 1, 'c0': 2, 'r1': 5, 'c1': 3, 'edge_count': 0, 'largest_component': 10}, {'color': 8, 'count': 12, 'bbox_h': 4, 'bbox_w': 3, 'bbox_area': 12, 'r0': 2, 'c0': 5, 'r1': 5, 'c1': 7, 'edge_count': 0, 'largest_component': 12}, {'color': 9, 'count': 56, 'bbox_h': 7, 'bbox_w': 8, 'bbox_area': 56, 'r0': 1, 'c0': 10, 'r1': 7, 'c1': 17, 'edge_count': 7, 'largest_component': 56}]","['bbox_h_min_low', 'bbox_h_min_high', 'r0_max_low', 'r0_max_high', 'r1_max_low', 'r1_max_high', 'edge_count_min_low', 'count_rank1']"
237,1,1,"[{'color': 1, 'count': 14, 'bbox_h': 5, 'bbox_w': 3, 'bbox_area': 15, 'r0': 8, 'c0': 0, 'r1': 12, 'c1': 2, 'edge_count': 5, 'largest_component': 14}, {'color': 5, 'count': 4, 'bbox_h': 2, 'bbox_w': 2, 'bbox_area': 4, 'r0': 12, 'c0': 8, 'r1': 13, 'c1': 9, 'edge_count': 2, 'largest_component': 4}, {'color': 6, 'count': 9, 'bbox_h': 3, 'bbox_w': 3, 'bbox_area': 9, 'r0': 3, 'c0': 3, 'r1': 5, 'c1': 5, 'edge_count': 0, 'largest_component': 9}, {'color': 7, 'count': 15, 'bbox_h': 3, 'bbox_w': 5, 'bbox_area': 15, 'r0': 6, 'c0': 7, 'r1': 8, 'c1': 11, 'edge_count': 0, 'largest_component': 15}]","['bbox_h_max_low', 'bbox_h_max_high', 'bbox_area_max_low', 'c0_min_low', 'c0_min_high', 'c1_min_low', 'c1_min_high', 'edge_count_max_low', 'edge_count_max_high', 'count_rank1']"
238,7,1,"[{'color': 4, 'count': 6, 'bbox_h': 2, 'bbox_w': 3, 'bbox_area': 6, 'r0': 13, 'c0': 4, 'r1': 14, 'c1': 6, 'edge_count': 0, 'largest_component': 6}, {'color': 5, 'count': 12, 'bbox_h': 4, 'bbox_w': 3, 'bbox_area': 12, 'r0': 2, 'c0': 14, 'r1': 5, 'c1': 16, 'edge_count': 4, 'largest_component': 12}, {'color': 7, 'count': 16, 'bbox_h': 3, 'bbox_w': 6, 'bbox_area': 18, 'r0': 2, 'c0': 7, 'r1': 4, 'c1': 12, 'edge_count': 0, 'largest_component': 16}, {'color': 9, 'count': 48, 'bbox_h': 8, 'bbox_w': 6, 'bbox_area': 48, 'r0': 2, 'c0': 0, 'r1': 9, 'c1': 5, 'edge_count': 8, 'largest_component': 48}]","['bbox_w_max_low', 'r1_min_low', 'r1_min_high', 'edge_count_min_high', 'count_rank1']"
239,3,1,"[{'color': 2, 'count': 15, 'bbox_h': 3, 'bbox_w': 5, 'bbox_area': 15, 'r0': 5, 'c0': 9, 'r1': 7, 'c1': 13, 'edge_count': 0, 'largest_component': 15}, {'color': 3, 'count': 26, 'bbox_h': 8, 'bbox_w': 4, 'bbox_area': 32, 'r0': 8, 'c0': 5, 'r1': 15, 'c1': 8, 'edge_count': 4, 'largest_component': 26}, {'color': 5, 'count': 18, 'bbox_h': 3, 'bbox_w': 6, 'bbox_area': 18, 'r0': 2, 'c0': 4, 'r1': 4, 'c1': 9, 'edge_count': 0, 'largest_component': 18}, {'color': 7, 'count': 6, 'bbox_h': 3, 'bbox_w': 2, 'bbox_area': 6, 'r0': 4, 'c0': 1, 'r1': 6, 'c1': 2, 'edge_count': 0, 'largest_component': 6}, {'color': 8, 'count': 24, 'bbox_h': 3, 'bbox_w': 8, 'bbox_area': 24, 'r0': 2, 'c0': 10, 'r1': 4, 'c1': 17, 'edge_count': 3, 'largest_component': 24}, {'color': 9, 'count': 42, 'bbox_h': 6, 'bbox_w': 7, 'bbox_area': 42, 'r0': 8, 'c0': 10, 'r1': 13, 'c1': 16, 'edge_count': 0, 'largest_component': 42}]","['bbox_h_max_low', 'bbox_h_max_high', 'r0_max_low', 'r1_max_low', 'r1_max_high', 'edge_count_max_low', 'edge_count_max_high', 'count_rank1']"
240,5,4,"[{'color': 2, 'count': 15, 'bbox_h': 5, 'bbox_w': 3, 'bbox_area': 15, 'r0': 2, 'c0': 14, 'r1': 6, 'c1': 16, 'edge_count': 5, 'largest_component': 15}, {'color': 3, 'count': 21, 'bbox_h': 3, 'bbox_w': 7, 'bbox_area': 21, 'r0': 14, 'c0': 0, 'r1': 16, 'c1': 6, 'edge_count': 9, 'largest_component': 21}, {'color': 4, 'count': 15, 'bbox_h': 5, 'bbox_w': 3, 'bbox_area': 15, 'r0': 1, 'c0': 0, 'r1': 5, 'c1': 2, 'edge_count': 5, 'largest_component': 15}, {'color': 5, 'count': 10, 'bbox_h': 3, 'bbox_w': 4, 'bbox_area': 12, 'r0': 13, 'c0': 10, 'r1': 15, 'c1': 13, 'edge_count': 0, 'largest_component': 10}, {'color': 7, 'count': 10, 'bbox_h': 2, 'bbox_w': 5, 'bbox_area': 10, 'r0': 11, 'c0': 11, 'r1': 12, 'c1': 15, 'edge_count': 0, 'largest_component': 10}, {'color': 8, 'count': 14, 'bbox_h': 2, 'bbox_w': 7, 'bbox_area': 14, 'r0': 9, 'c0': 6, 'r1': 10, 'c1': 12, 'edge_count': 0, 'largest_component': 14}]","['count_min_low', 'edge_count_min_low', 'largest_component_min_low']"
241,6,2,"[{'color': 2, 'count': 35, 'bbox_h': 5, 'bbox_w': 7, 'bbox_area': 35, 'r0': 9, 'c0': 6, 'r1': 13, 'c1': 12, 'edge_count': 0, 'largest_component': 35}, {'color': 4, 'count': 8, 'bbox_h': 4, 'bbox_w': 2, 'bbox_area': 8, 'r0': 9, 'c0': 0, 'r1': 12, 'c1': 1, 'edge_count': 4, 'largest_component': 8}, {'color': 6, 'count': 29, 'bbox_h': 7, 'bbox_w': 5, 'bbox_area': 35, 'r0': 2, 'c0': 1, 'r1': 8, 'c1': 5, 'edge_count': 0, 'largest_component': 29}, {'color': 7, 'count': 14, 'bbox_h': 2, 'bbox_w': 7, 'bbox_area': 14, 'r0': 15, 'c0': 1, 'r1': 16, 'c1': 7, 'edge_count': 7, 'largest_component': 14}, {'color': 9, 'count': 30, 'bbox_h': 6, 'bbox_w': 5, 'bbox_area': 30, 'r0': 1, 'c0': 7, 'r1': 6, 'c1': 11, 'edge_count': 0, 'largest_component': 30}]","['bbox_h_max_low', 'bbox_h_max_high', 'bbox_area_max_high', 'count_rank2']"
242,3,2,"[{'color': 2, 'count': 24, 'bbox_h': 8, 'bbox_w': 3, 'bbox_area': 24, 'r0': 3, 'c0': 3, 'r1': 10, 'c1': 5, 'edge_count': 0, 'largest_component': 24}, {'color': 3, 'count': 22, 'bbox_h': 4, 'bbox_w': 7, 'bbox_area': 28, 'r0': 5, 'c0': 9, 'r1': 8, 'c1': 15, 'edge_count': 0, 'largest_component': 22}, {'color': 5, 'count': 42, 'bbox_h': 7, 'bbox_w': 6, 'bbox_area': 42, 'r0': 11, 'c0': 5, 'r1': 17, 'c1': 10, 'edge_count': 6, 'largest_component': 42}, {'color': 6, 'count': 9, 'bbox_h': 3, 'bbox_w': 3, 'bbox_area': 9, 'r0': 15, 'c0': 1, 'r1': 17, 'c1': 3, 'edge_count': 3, 'largest_component': 9}]","['bbox_w_max_low', 'bbox_w_max_high', 'c0_max_low', 'c0_max_high', 'r1_min_low', 'r1_min_high', 'c1_max_low', 'c1_max_high', 'edge_count_min_high', 'count_rank2']"
243,9,2,"[{'color': 3, 'count': 4, 'bbox_h': 2, 'bbox_w': 2, 'bbox_area': 4, 'r0': 3, 'c0': 8, 'r1': 4, 'c1': 9, 'edge_count': 0, 'largest_component': 4}, {'color': 4, 'count': 20, 'bbox_h': 5, 'bbox_w': 4, 'bbox_area': 20, 'r0': 9, 'c0': 8, 'r1': 13, 'c1': 11, 'edge_count': 5, 'largest_component': 20}, {'color': 7, 'count': 36, 'bbox_h': 6, 'bbox_w': 6, 'bbox_area': 36, 'r0': 8, 'c0': 1, 'r1': 13, 'c1': 6, 'edge_count': 0, 'largest_component': 36}, {'color': 9, 'count': 10, 'bbox_h': 4, 'bbox_w': 3, 'bbox_area': 12, 'r0': 2, 'c0': 4, 'r1': 5, 'c1': 6, 'edge_count': 0, 'largest_component': 10}]","['r0_min_low', 'r0_min_high', 'c1_min_high', 'edge_count_min_high', 'count_rank2']"
244,3,1,"[{'color': 1, 'count': 6, 'bbox_h': 2, 'bbox_w': 3, 'bbox_area': 6, 'r0': 1, 'c0': 8, 'r1': 2, 'c1': 10, 'edge_count': 0, 'largest_component': 6}, {'color': 3, 'count': 18, 'bbox_h': 6, 'bbox_w': 5, 'bbox_area': 30, 'r0': 10, 'c0': 9, 'r1': 15, 'c1': 13, 'edge_count': 6, 'largest_component': 18}, {'color': 4, 'count': 20, 'bbox_h': 5, 'bbox_w': 4, 'bbox_area': 20, 'r0': 4, 'c0': 8, 'r1': 8, 'c1': 11, 'edge_count': 0, 'largest_component': 20}, {'color': 8, 'count': 12, 'bbox_h': 4, 'bbox_w': 3, 'bbox_area': 12, 'r0': 7, 'c0': 4, 'r1': 10, 'c1': 6, 'edge_count': 0, 'largest_component': 12}]","['bbox_h_max_low', 'bbox_h_max_high', 'bbox_w_max_low', 'bbox_w_max_high', 'bbox_area_max_low', 'bbox_area_max_high', 'r0_max_low', 'r0_max_high', 'c0_max_low', 'c0_max_high', 'r1_max_low', 'r1_max_high', 'c1_max_low', 'c1_max_high', 'edge_count_max_low', 'edge_count_max_high', 'count_rank1']"
245,2,1,"[{'color': 2, 'count': 17, 'bbox_h': 3, 'bbox_w': 7, 'bbox_area': 21, 'r0': 9, 'c0': 5, 'r1': 11, 'c1': 11, 'edge_count': 0, 'largest_component': 17}, {'color': 5, 'count': 8, 'bbox_h': 2, 'bbox_w': 4, 'bbox_area': 8, 'r0': 4, 'c0': 1, 'r1': 5, 'c1': 4, 'edge_count': 0, 'largest_component': 8}, {'color': 8, 'count': 30, 'bbox_h': 6, 'bbox_w': 5, 'bbox_area': 30, 'r0': 9, 'c0': 0, 'r1': 14, 'c1': 4, 'edge_count': 10, 'largest_component': 30}, {'color': 9, 'count': 10, 'bbox_h': 5, 'bbox_w': 2, 'bbox_area': 10, 'r0': 2, 'c0': 12, 'r1': 6, 'c1': 13, 'edge_count': 0, 'largest_component': 10}]","['bbox_w_max_low', 'bbox_w_max_high', 'r0_max_low', 'edge_count_min_low', 'count_rank1']"
246,9,2,"[{'color': 3, 'count': 56, 'bbox_h': 8, 'bbox_w': 7, 'bbox_area': 56, 'r0': 5, 'c0': 5, 'r1': 12, 'c1': 11, 'edge_count': 0, 'largest_component': 56}, {'color': 4, 'count': 8, 'bbox_h': 4, 'bbox_w': 2, 'bbox_area': 8, 'r0': 1, 'c0': 6, 'r1': 4, 'c1': 7, 'edge_count': 0, 'largest_component': 8}, {'color': 6, 'count': 20, 'bbox_h': 4, 'bbox_w': 5, 'bbox_area': 20, 'r0': 9, 'c0': 0, 'r1': 12, 'c1': 4, 'edge_count': 4, 'largest_component': 20}, {'color': 7, 'count': 25, 'bbox_h': 5, 'bbox_w': 5, 'bbox_area': 25, 'r0': 13, 'c0': 2, 'r1': 17, 'c1': 6, 'edge_count': 5, 'largest_component': 25}, {'color': 9, 'count': 22, 'bbox_h': 8, 'bbox_w': 4, 'bbox_area': 32, 'r0': 1, 'c0': 1, 'r1': 8, 'c1': 4, 'edge_count': 0, 'largest_component': 22}]","['bbox_h_max_high', 'r0_min_high', 'c1_min_high', 'edge_count_min_high', 'count_rank2']"
247,6,2,"[{'color': 1, 'count': 35, 'bbox_h': 5, 'bbox_w': 7, 'bbox_area': 35, 'r0': 0, 'c0': 4, 'r1': 4, 'c1': 10, 'edge_count': 7, 'largest_component': 35}, {'color': 6, 'count': 8, 'bbox_h': 3, 'bbox_w': 3, 'bbox_area': 9, 'r0': 6, 'c0': 4, 'r1': 8, 'c1': 6, 'edge_count': 0, 'largest_component': 8}, {'color': 7, 'count': 15, 'bbox_h': 5, 'bbox_w': 3, 'bbox_area': 15, 'r0': 5, 'c0': 1, 'r1': 9, 'c1': 3, 'edge_count': 0, 'largest_component': 15}, {'color': 8, 'count': 6, 'bbox_h': 2, 'bbox_w': 3, 'bbox_area': 6, 'r0': 12, 'c0': 14, 'r1': 13, 'c1': 16, 'edge_count': 0, 'largest_component': 6}, {'color': 9, 'count': 6, 'bbox_h': 2, 'bbox_w': 3, 'bbox_area': 6, 'r0': 1, 'c0': 15, 'r1': 2, 'c1': 17, 'edge_count': 2, 'largest_component': 6}]","['bbox_w_min_low', 'edge_count_min_low', 'count_rank2']"
248,8,1,"[{'color': 1, 'count': 21, 'bbox_h': 3, 'bbox_w': 7, 'bbox_area': 21, 'r0': 0, 'c0': 9, 'r1': 2, 'c1': 15, 'edge_count': 7, 'largest_component': 21}, {'color': 2, 'count': 4, 'bbox_h': 2, 'bbox_w': 2, 'bbox_area': 4, 'r0': 4, 'c0': 6, 'r1': 5, 'c1': 7, 'edge_count': 0, 'largest_component': 4}, {'color': 3, 'count': 10, 'bbox_h': 2, 'bbox_w': 5, 'bbox_area': 10, 'r0': 7, 'c0': 3, 'r1': 8, 'c1': 7, 'edge_count': 0, 'largest_component': 10}, {'color': 5, 'count': 6, 'bbox_h': 3, 'bbox_w': 2, 'bbox_area': 6, 'r0': 9, 'c0': 10, 'r1': 11, 'c1': 11, 'edge_count': 0, 'largest_component': 6}, {'color': 8, 'count': 13, 'bbox_h': 5, 'bbox_w': 3, 'bbox_area': 15, 'r0': 4, 'c0': 11, 'r1': 8, 'c1': 13, 'edge_count': 0, 'largest_component': 13}, {'color': 9, 'count': 12, 'bbox_h': 6, 'bbox_w': 2, 'bbox_area': 12, 'r0': 6, 'c0': 16, 'r1': 11, 'c1': 17, 'edge_count': 6, 'largest_component': 12}]","['edge_count_min_high', 'count_rank1']"
249,4,2,"[{'color': 1, 'count': 16, 'bbox_h': 8, 'bbox_w': 2, 'bbox_area': 16, 'r0': 0, 'c0': 15, 'r1': 7, 'c1': 16, 'edge_count': 2, 'largest_component': 16}, {'color': 2, 'count': 25, 'bbox_h': 5, 'bbox_w': 5, 'bbox_area': 25, 'r0': 2, 'c0': 9, 'r1': 6, 'c1': 13, 'edge_count': 0, 'largest_component': 25}, {'color': 4, 'count': 18, 'bbox_h': 3, 'bbox_w': 7, 'bbox_area': 21, 'r0': 3, 'c0': 0, 'r1': 5, 'c1': 6, 'edge_count': 3, 'largest_component': 18}, {'color': 7, 'count': 12, 'bbox_h': 3, 'bbox_w': 4, 'bbox_area': 12, 'r0': 13, 'c0': 8, 'r1': 15, 'c1': 11, 'edge_count': 4, 'largest_component': 12}, {'color': 8, 'count': 32, 'bbox_h': 4, 'bbox_w': 8, 'bbox_area': 32, 'r0': 8, 'c0': 4, 'r1': 11, 'c1': 11, 'edge_count': 0, 'largest_component': 32}, {'color': 9, 'count': 10, 'bbox_h': 2, 'bbox_w': 5, 'bbox_area': 10, 'r0': 6, 'c0': 3, 'r1': 7, 'c1': 7, 'edge_count': 0, 'largest_component': 10}]","['c0_min_low', 'c0_min_high', 'r1_min_low', 'r1_min_high', 'c1_min_low', 'c1_min_high', 'count_rank2']"
250,2,2,"[{'color': 1, 'count': 8, 'bbox_h': 2, 'bbox_w': 4, 'bbox_area': 8, 'r0': 4, 'c0': 1, 'r1': 5, 'c1': 4, 'edge_count': 0, 'largest_component': 8}, {'color': 2, 'count': 16, 'bbox_h': 3, 'bbox_w': 6, 'bbox_area': 18, 'r0': 14, 'c0': 8, 'r1': 16, 'c1': 13, 'edge_count': 0, 'largest_component': 16}, {'color': 3, 'count': 20, 'bbox_h': 5, 'bbox_w': 4, 'bbox_area': 20, 'r0': 0, 'c0': 12, 'r1': 4, 'c1': 15, 'edge_count': 4, 'largest_component': 20}, {'color': 4, 'count': 8, 'bbox_h': 2, 'bbox_w': 4, 'bbox_area': 8, 'r0': 1, 'c0': 0, 'r1': 2, 'c1': 3, 'edge_count': 2, 'largest_component': 8}, {'color': 7, 'count': 32, 'bbox_h': 8, 'bbox_w': 4, 'bbox_area': 32, 'r0': 10, 'c0': 1, 'r1': 17, 'c1': 4, 'edge_count': 4, 'largest_component': 32}, {'color': 8, 'count': 14, 'bbox_h': 2, 'bbox_w': 7, 'bbox_area': 14, 'r0': 4, 'c0': 5, 'r1': 5, 'c1': 11, 'edge_count': 0, 'largest_component': 14}, {'color': 9, 'count': 8, 'bbox_h': 4, 'bbox_w': 2, 'bbox_area': 8, 'r0': 8, 'c0': 12, 'r1': 11, 'c1': 13, 'edge_count': 0, 'largest_component': 8}]","['r0_max_low', 'r0_max_high', 'count_rank2']"
251,8,0,"[{'color': 3, 'count': 18, 'bbox_h': 6, 'bbox_w': 3, 'bbox_area': 18, 'r0': 1, 'c0': 7, 'r1': 6, 'c1': 9, 'edge_count': 0, 'largest_component': 18}, {'color': 5, 'count': 4, 'bbox_h': 2, 'bbox_w': 2, 'bbox_area': 4, 'r0': 2, 'c0': 1, 'r1': 3, 'c1': 2, 'edge_count': 0, 'largest_component': 4}, {'color': 6, 'count': 28, 'bbox_h': 4, 'bbox_w': 7, 'bbox_area': 28, 'r0': 8, 'c0': 8, 'r1': 11, 'c1': 14, 'edge_count': 0, 'largest_component': 28}, {'color': 7, 'count': 8, 'bbox_h': 4, 'bbox_w': 2, 'bbox_area': 8, 'r0': 9, 'c0': 0, 'r1': 12, 'c1': 1, 'edge_count': 5, 'largest_component': 8}, {'color': 8, 'count': 32, 'bbox_h': 7, 'bbox_w': 6, 'bbox_area': 42, 'r0': 0, 'c0': 11, 'r1': 6, 'c1': 16, 'edge_count': 12, 'largest_component': 32}, {'color': 9, 'count': 16, 'bbox_h': 4, 'bbox_w': 4, 'bbox_area': 16, 'r0': 0, 'c0': 3, 'r1': 3, 'c1': 6, 'edge_count': 4, 'largest_component': 16}]","['count_max_low', 'count_max_high', 'bbox_h_max_low', 'bbox_h_max_high', 'bbox_area_max_low', 'bbox_area_max_high', 'r0_min_low', 'c0_max_low', 'c0_max_high', 'c1_max_low', 'c1_max_high', 'edge_count_max_low', 'edge_count_max_high', 'largest_component_max_low', 'largest_component_max_high', 'count_rank0']"
252,5,0,"[{'color': 3, 'count': 8, 'bbox_h': 4, 'bbox_w': 2, 'bbox_area': 8, 'r0': 0, 'c0': 6, 'r1': 3, 'c1': 7, 'edge_count': 2, 'largest_component': 8}, {'color': 5, 'count': 18, 'bbox_h': 5, 'bbox_w': 6, 'bbox_area': 30, 'r0': 6, 'c0': 10, 'r1': 10, 'c1': 15, 'edge_count': 0, 'largest_component': 18}, {'color': 7, 'count': 8, 'bbox_h': 2, 'bbox_w': 4, 'bbox_area': 8, 'r0': 7, 'c0': 2, 'r1': 8, 'c1': 5, 'edge_count': 0, 'largest_component': 8}, {'color': 9, 'count': 8, 'bbox_h': 2, 'bbox_w': 4, 'bbox_area': 8, 'r0': 2, 'c0': 12, 'r1': 3, 'c1': 15, 'edge_count': 0, 'largest_component': 8}]","['count_max_low', 'count_max_high', 'bbox_h_max_low', 'bbox_h_max_high', 'bbox_w_max_low', 'bbox_w_max_high', 'bbox_area_max_low', 'bbox_area_max_high', 'r1_max_low', 'r1_max_high', 'c1_max_low', 'edge_count_min_low', 'largest_component_max_low', 'largest_component_max_high', 'count_rank0']"
253,3,2,"[{'color': 2, 'count': 30, 'bbox_h': 5, 'bbox_w': 6, 'bbox_area': 30, 'r0': 8, 'c0': 10, 'r1': 12, 'c1': 15, 'edge_count': 0, 'largest_component': 30}, {'color': 3, 'count': 28, 'bbox_h': 8, 'bbox_w': 4, 'bbox_area': 32, 'r0': 0, 'c0': 13, 'r1': 7, 'c1': 16, 'edge_count': 11, 'largest_component': 28}, {'color': 6, 'count': 42, 'bbox_h': 7, 'bbox_w': 6, 'bbox_area': 42, 'r0': 6, 'c0': 3, 'r1': 12, 'c1': 8, 'edge_count': 0, 'largest_component': 42}, {'color': 8, 'count': 12, 'bbox_h': 4, 'bbox_w': 3, 'bbox_area': 12, 'r0': 1, 'c0': 5, 'r1': 4, 'c1': 7, 'edge_count': 0, 'largest_component': 12}]","['bbox_h_max_low', 'bbox_h_max_high', 'r0_min_low', 'r0_min_high', 'c0_max_low', 'c0_max_high', 'c1_max_low', 'c1_max_high', 'edge_count_max_low', 'edge_count_max_high', 'count_rank2']"
254,6,2,"[{'color': 3, 'count': 4, 'bbox_h': 2, 'bbox_w': 2, 'bbox_area': 4, 'r0': 2, 'c0': 11, 'r1': 3, 'c1': 12, 'edge_count': 2, 'largest_component': 4}, {'color': 5, 'count': 21, 'bbox_h': 7, 'bbox_w': 3, 'bbox_area': 21, 'r0': 2, 'c0': 7, 'r1': 8, 'c1': 9, 'edge_count': 0, 'largest_component': 21}, {'color': 6, 'count': 8, 'bbox_h': 3, 'bbox_w': 3, 'bbox_area': 9, 'r0': 0, 'c0': 3, 'r1': 2, 'c1': 5, 'edge_count': 3, 'largest_component': 8}, {'color': 7, 'count': 9, 'bbox_h': 3, 'bbox_w': 3, 'bbox_area': 9, 'r0': 3, 'c0': 3, 'r1': 5, 'c1': 5, 'edge_count': 0, 'largest_component': 9}, {'color': 8, 'count': 8, 'bbox_h': 2, 'bbox_w': 4, 'bbox_area': 8, 'r0': 11, 'c0': 9, 'r1': 12, 'c1': 12, 'edge_count': 5, 'largest_component': 8}, {'color': 9, 'count': 6, 'bbox_h': 3, 'bbox_w': 2, 'bbox_area': 6, 'r0': 7, 'c0': 4, 'r1': 9, 'c1': 5, 'edge_count': 0, 'largest_component': 6}]","['r0_min_low', 'r0_min_high', 'c0_min_low', 'r1_min_low', 'r1_min_high', 'c1_min_low', 'count_rank2']"
255,7,3,"[{'color': 1, 'count': 12, 'bbox_h': 6, 'bbox_w': 2, 'bbox_area': 12, 'r0': 8, 'c0': 16, 'r1': 13, 'c1': 17, 'edge_count': 6, 'largest_component': 12}, {'color': 2, 'count': 4, 'bbox_h': 2, 'bbox_w': 2, 'bbox_area': 4, 'r0': 13, 'c0': 9, 'r1': 14, 'c1': 10, 'edge_count': 0, 'largest_component': 4}, {'color': 3, 'count': 16, 'bbox_h': 4, 'bbox_w': 4, 'bbox_area': 16, 'r0': 11, 'c0': 5, 'r1': 14, 'c1': 8, 'edge_count': 0, 'largest_component': 16}, {'color': 4, 'count': 12, 'bbox_h': 3, 'bbox_w': 4, 'bbox_area': 12, 'r0': 15, 'c0': 6, 'r1': 17, 'c1': 9, 'edge_count': 4, 'largest_component': 12}, {'color': 5, 'count': 18, 'bbox_h': 3, 'bbox_w': 6, 'bbox_area': 18, 'r0': 8, 'c0': 5, 'r1': 10, 'c1': 10, 'edge_count': 0, 'largest_component': 18}, {'color': 7, 'count': 15, 'bbox_h': 6, 'bbox_w': 3, 'bbox_area': 18, 'r0': 9, 'c0': 12, 'r1': 14, 'c1': 14, 'edge_count': 0, 'largest_component': 15}, {'color': 9, 'count': 36, 'bbox_h': 6, 'bbox_w': 6, 'bbox_area': 36, 'r0': 1, 'c0': 4, 'r1': 6, 'c1': 9, 'edge_count': 0, 'largest_component': 36}]",['count_rank3']
256,2,5,"[{'color': 1, 'count': 18, 'bbox_h': 6, 'bbox_w': 3, 'bbox_area': 18, 'r0': 0, 'c0': 1, 'r1': 5, 'c1': 3, 'edge_count': 3, 'largest_component': 18}, {'color': 2, 'count': 8, 'bbox_h': 3, 'bbox_w': 3, 'bbox_area': 9, 'r0': 13, 'c0': 1, 'r1': 15, 'c1': 3, 'edge_count': 0, 'largest_component': 8}, {'color': 4, 'count': 56, 'bbox_h': 8, 'bbox_w': 7, 'bbox_area': 56, 'r0': 3, 'c0': 4, 'r1': 10, 'c1': 10, 'edge_count': 0, 'largest_component': 56}, {'color': 6, 'count': 16, 'bbox_h': 4, 'bbox_w': 4, 'bbox_area': 16, 'r0': 4, 'c0': 13, 'r1': 7, 'c1': 16, 'edge_count': 0, 'largest_component': 16}, {'color': 8, 'count': 35, 'bbox_h': 7, 'bbox_w': 5, 'bbox_area': 35, 'r0': 9, 'c0': 12, 'r1': 15, 'c1': 16, 'edge_count': 0, 'largest_component': 35}, {'color': 9, 'count': 24, 'bbox_h': 4, 'bbox_w': 6, 'bbox_area': 24, 'r0': 13, 'c0': 4, 'r1': 16, 'c1': 9, 'edge_count': 6, 'largest_component': 24}]","['count_min_low', 'count_min_high', 'bbox_h_min_low', 'bbox_h_min_high', 'bbox_w_min_high', 'bbox_area_min_low', 'bbox_area_min_high', 'r0_max_low', 'c0_min_high', 'c1_min_high', 'edge_count_min_low', 'largest_component_min_low', 'largest_component_min_high']"
257,7,4,"[{'color': 3, 'count': 8, 'bbox_h': 2, 'bbox_w': 4, 'bbox_area': 8, 'r0': 9, 'c0': 6, 'r1': 10, 'c1': 9, 'edge_count': 0, 'largest_component': 8}, {'color': 4, 'count': 16, 'bbox_h': 4, 'bbox_w': 4, 'bbox_area': 16, 'r0': 4, 'c0': 1, 'r1': 7, 'c1': 4, 'edge_count': 0, 'largest_component': 16}, {'color': 5, 'count': 12, 'bbox_h': 3, 'bbox_w': 4, 'bbox_area': 12, 'r0': 3, 'c0': 9, 'r1': 5, 'c1': 12, 'edge_count': 0, 'largest_component': 12}, {'color': 6, 'count': 10, 'bbox_h': 5, 'bbox_w': 2, 'bbox_area': 10, 'r0': 12, 'c0': 14, 'r1': 16, 'c1': 15, 'edge_count': 0, 'largest_component': 10}, {'color': 7, 'count': 8, 'bbox_h': 3, 'bbox_w': 3, 'bbox_area': 9, 'r0': 10, 'c0': 2, 'r1': 12, 'c1': 4, 'edge_count': 0, 'largest_component': 8}]","['count_min_high', 'c1_min_high', 'edge_count_max_high', 'edge_count_min_high', 'largest_component_min_high']"
258,3,1,"[{'color': 1, 'count': 14, 'bbox_h': 2, 'bbox_w': 7, 'bbox_area': 14, 'r0': 0, 'c0': 2, 'r1': 1, 'c1': 8, 'edge_count': 7, 'largest_component': 14}, {'color': 2, 'count': 6, 'bbox_h': 2, 'bbox_w': 3, 'bbox_area': 6, 'r0': 9, 'c0': 6, 'r1': 10, 'c1': 8, 'edge_count': 0, 'largest_component': 6}, {'color': 3, 'count': 17, 'bbox_h': 4, 'bbox_w': 5, 'bbox_area': 20, 'r0': 3, 'c0': 7, 'r1': 6, 'c1': 11, 'edge_count': 0, 'largest_component': 17}, {'color': 4, 'count': 16, 'bbox_h': 2, 'bbox_w': 8, 'bbox_area': 16, 'r0': 0, 'c0': 10, 'r1': 1, 'c1': 17, 'edge_count': 9, 'largest_component': 16}, {'color': 5, 'count': 24, 'bbox_h': 4, 'bbox_w': 6, 'bbox_area': 24, 'r0': 12, 'c0': 11, 'r1': 15, 'c1': 16, 'edge_count': 6, 'largest_component': 24}, {'color': 6, 'count': 8, 'bbox_h': 4, 'bbox_w': 2, 'bbox_area': 8, 'r0': 8, 'c0': 9, 'r1': 11, 'c1': 10, 'edge_count': 0, 'largest_component': 8}, {'color': 8, 'count': 12, 'bbox_h': 6, 'bbox_w': 2, 'bbox_area': 12, 'r0': 2, 'c0': 0, 'r1': 7, 'c1': 1, 'edge_count': 6, 'largest_component': 12}]",['count_rank1']
259,4,1,"[{'color': 2, 'count': 15, 'bbox_h': 5, 'bbox_w': 3, 'bbox_area': 15, 'r0': 0, 'c0': 2, 'r1': 4, 'c1': 4, 'edge_count': 3, 'largest_component': 15}, {'color': 4, 'count': 17, 'bbox_h': 7, 'bbox_w': 3, 'bbox_area': 21, 'r0': 0, 'c0': 14, 'r1': 6, 'c1': 16, 'edge_count': 3, 'largest_component': 17}, {'color': 5, 'count': 10, 'bbox_h': 2, 'bbox_w': 5, 'bbox_area': 10, 'r0': 12, 'c0': 10, 'r1': 13, 'c1': 14, 'edge_count': 0, 'largest_component': 10}, {'color': 6, 'count': 48, 'bbox_h': 8, 'bbox_w': 6, 'bbox_area': 48, 'r0': 9, 'c0': 0, 'r1': 16, 'c1': 5, 'edge_count': 8, 'largest_component': 48}, {'color': 7, 'count': 10, 'bbox_h': 2, 'bbox_w': 5, 'bbox_area': 10, 'r0': 9, 'c0': 10, 'r1': 10, 'c1': 14, 'edge_count': 0, 'largest_component': 10}, {'color': 8, 'count': 12, 'bbox_h': 3, 'bbox_w': 4, 'bbox_area': 12, 'r0': 6, 'c0': 5, 'r1': 8, 'c1': 8, 'edge_count': 0, 'largest_component': 12}]","['bbox_w_min_high', 'r0_min_high', 'c0_max_low', 'c0_max_high', 'c1_max_low', 'c1_max_high', 'count_rank1']"
260,7,2,"[{'color': 1, 'count': 6, 'bbox_h': 2, 'bbox_w': 3, 'bbox_area': 6, 'r0': 13, 'c0': 9, 'r1': 14, 'c1': 11, 'edge_count': 0, 'largest_component': 6}, {'color': 3, 'count': 6, 'bbox_h': 3, 'bbox_w': 2, 'bbox_area': 6, 'r0': 2, 'c0': 0, 'r1': 4, 'c1': 1, 'edge_count': 3, 'largest_component': 6}, {'color': 5, 'count': 4, 'bbox_h': 2, 'bbox_w': 2, 'bbox_area': 4, 'r0': 6, 'c0': 1, 'r1': 7, 'c1': 2, 'edge_count': 0, 'largest_component': 4}, {'color': 6, 'count': 8, 'bbox_h': 2, 'bbox_w': 4, 'bbox_area': 8, 'r0': 11, 'c0': 5, 'r1': 12, 'c1': 8, 'edge_count': 0, 'largest_component': 8}, {'color': 7, 'count': 8, 'bbox_h': 3, 'bbox_w': 3, 'bbox_area': 9, 'r0': 9, 'c0': 2, 'r1': 11, 'c1': 4, 'edge_count': 0, 'largest_component': 8}, {'color': 8, 'count': 16, 'bbox_h': 4, 'bbox_w': 4, 'bbox_area': 16, 'r0': 5, 'c0': 4, 'r1': 8, 'c1': 7, 'edge_count': 0, 'largest_component': 16}]",['count_rank2']
261,6,1,"[{'color': 2, 'count': 12, 'bbox_h': 4, 'bbox_w': 3, 'bbox_area': 12, 'r0': 0, 'c0': 2, 'r1': 3, 'c1': 4, 'edge_count': 3, 'largest_component': 12}, {'color': 4, 'count': 8, 'bbox_h': 4, 'bbox_w': 2, 'bbox_area': 8, 'r0': 5, 'c0': 11, 'r1': 8, 'c1': 12, 'edge_count': 0, 'largest_component': 8}, {'color': 6, 'count': 19, 'bbox_h': 5, 'bbox_w': 5, 'bbox_area': 25, 'r0': 0, 'c0': 10, 'r1': 4, 'c1': 14, 'edge_count': 5, 'largest_component': 19}, {'color': 7, 'count': 16, 'bbox_h': 2, 'bbox_w': 8, 'bbox_area': 16, 'r0': 10, 'c0': 4, 'r1': 11, 'c1': 11, 'edge_count': 0, 'largest_component': 16}, {'color': 8, 'count': 24, 'bbox_h': 8, 'bbox_w': 3, 'bbox_area': 24, 'r0': 4, 'c0': 0, 'r1': 11, 'c1': 2, 'edge_count': 8, 'largest_component': 24}]","['bbox_area_max_low', 'bbox_area_max_high', 'r0_min_high', 'c1_max_low', 'c1_max_high', 'count_rank1']"
262,3,2,"[{'color': 2, 'count': 24, 'bbox_h': 6, 'bbox_w': 4, 'bbox_area': 24, 'r0': 1, 'c0': 6, 'r1': 6, 'c1': 9, 'edge_count': 0, 'largest_component': 24}, {'color': 3, 'count': 16, 'bbox_h': 6, 'bbox_w': 4, 'bbox_area': 24, 'r0': 9, 'c0': 3, 'r1': 14, 'c1': 6, 'edge_count': 0, 'largest_component': 16}, {'color': 4, 'count': 14, 'bbox_h': 7, 'bbox_w': 2, 'bbox_area': 14, 'r0': 0, 'c0': 1, 'r1': 6, 'c1': 2, 'edge_count': 2, 'largest_component': 14}, {'color': 6, 'count': 18, 'bbox_h': 6, 'bbox_w': 3, 'bbox_area': 18, 'r0': 7, 'c0': 12, 'r1': 12, 'c1': 14, 'edge_count': 6, 'largest_component': 18}]","['bbox_w_max_high', 'bbox_area_max_high', 'r0_max_low', 'r0_max_high', 'r1_max_low', 'r1_max_high', 'edge_count_min_high', 'count_rank2']"
263,9,0,"[{'color': 1, 'count': 14, 'bbox_h': 7, 'bbox_w': 2, 'bbox_area': 14, 'r0': 2, 'c0': 1, 'r1': 8, 'c1': 2, 'edge_count': 0, 'largest_component': 14}, {'color': 2, 'count': 12, 'bbox_h': 6, 'bbox_w': 2, 'bbox_area': 12, 'r0': 3, 'c0': 9, 'r1': 8, 'c1': 10, 'edge_count': 0, 'largest_component': 12}, {'color': 5, 'count': 4, 'bbox_h': 2, 'bbox_w': 2, 'bbox_area': 4, 'r0': 0, 'c0': 14, 'r1': 1, 'c1': 15, 'edge_count': 2, 'largest_component': 4}, {'color': 6, 'count': 10, 'bbox_h': 2, 'bbox_w': 5, 'bbox_area': 10, 'r0': 0, 'c0': 8, 'r1': 1, 'c1': 12, 'edge_count': 5, 'largest_component': 10}, {'color': 8, 'count': 8, 'bbox_h': 2, 'bbox_w': 4, 'bbox_area': 8, 'r0': 10, 'c0': 12, 'r1': 11, 'c1': 15, 'edge_count': 4, 'largest_component': 8}, {'color': 9, 'count': 16, 'bbox_h': 3, 'bbox_w': 6, 'bbox_area': 18, 'r0': 6, 'c0': 3, 'r1': 8, 'c1': 8, 'edge_count': 0, 'largest_component': 16}]","['count_max_low', 'count_max_high', 'bbox_w_max_low', 'bbox_w_max_high', 'bbox_area_max_low', 'bbox_area_max_high', 'edge_count_min_high', 'largest_component_max_low', 'largest_component_max_high', 'count_rank0']"
264,7,5,"[{'color': 1, 'count': 16, 'bbox_h': 2, 'bbox_w': 8, 'bbox_area': 16, 'r0': 0, 'c0': 2, 'r1': 1, 'c1': 9, 'edge_count': 8, 'largest_component': 16}, {'color': 3, 'count': 35, 'bbox_h': 7, 'bbox_w': 5, 'bbox_area': 35, 'r0': 5, 'c0': 6, 'r1': 11, 'c1': 10, 'edge_count': 0, 'largest_component': 35}, {'color': 4, 'count': 28, 'bbox_h': 7, 'bbox_w': 4, 'bbox_area': 28, 'r0': 5, 'c0': 11, 'r1': 11, 'c1': 14, 'edge_count': 0, 'largest_component': 28}, {'color': 7, 'count': 8, 'bbox_h': 3, 'bbox_w': 3, 'bbox_area': 9, 'r0': 12, 'c0': 2, 'r1': 14, 'c1': 4, 'edge_count': 3, 'largest_component': 8}, {'color': 8, 'count': 15, 'bbox_h': 3, 'bbox_w': 5, 'bbox_area': 15, 'r0': 3, 'c0': 0, 'r1': 5, 'c1': 4, 'edge_count': 3, 'largest_component': 15}, {'color': 9, 'count': 24, 'bbox_h': 8, 'bbox_w': 3, 'bbox_area': 24, 'r0': 1, 'c0': 15, 'r1': 8, 'c1': 17, 'edge_count': 8, 'largest_component': 24}]","['count_min_low', 'count_min_high', 'bbox_w_min_low', 'bbox_area_min_low', 'bbox_area_min_high', 'r0_max_low', 'r0_max_high', 'r1_max_low', 'r1_max_high', 'c1_min_low', 'largest_component_min_low', 'largest_component_min_high']"
