task_id,route,template_name,baseline_cost,candidate_cost,baseline_points,candidate_points,file_bytes,validation_status,status,reason,sha256
286,sparse_edit_or_object_completion,signature_scatternd_lookup,110902,114167,13.383597792559053,13.354582432279926,278855,23_pass_0_fail,no_cost_gain,candidate cost is not lower than baseline,5f358d955f7a0579edfeec6859a64225fbc2fa39af3f23991c0fa711b504d989
286,sparse_edit_or_object_completion,direct_identity,110902,,13.383597792559053,,,not_run,skipped,not identity,
286,sparse_edit_or_object_completion,conv_color_map,110902,,13.383597792559053,,,not_run,skipped,conflicting color map,
286,sparse_edit_or_object_completion,fixed_mask_where,110902,,13.383597792559053,,,not_run,skipped,fixed edit conflict,
286,sparse_edit_or_object_completion,neighbor_fill_hline_1_1,110902,,13.383597792559053,,,not_run,skipped,rule does not fit,
286,sparse_edit_or_object_completion,neighbor_fill_hline_1_2,110902,,13.383597792559053,,,not_run,skipped,rule does not fit,
286,sparse_edit_or_object_completion,neighbor_fill_vline_1_1,110902,,13.383597792559053,,,not_run,skipped,rule does not fit,
286,sparse_edit_or_object_completion,neighbor_fill_vline_1_2,110902,,13.383597792559053,,,not_run,skipped,rule does not fit,
286,sparse_edit_or_object_completion,neighbor_fill_cross_1_1,110902,,13.383597792559053,,,not_run,skipped,rule does not fit,
286,sparse_edit_or_object_completion,neighbor_fill_cross_1_2,110902,,13.383597792559053,,,not_run,skipped,rule does not fit,
286,sparse_edit_or_object_completion,neighbor_fill_cross_1_3,110902,,13.383597792559053,,,not_run,skipped,rule does not fit,
286,sparse_edit_or_object_completion,neighbor_fill_cross_1_4,110902,,13.383597792559053,,,not_run,skipped,rule does not fit,
286,sparse_edit_or_object_completion,neighbor_fill_square_1_1,110902,,13.383597792559053,,,not_run,skipped,rule does not fit,
286,sparse_edit_or_object_completion,neighbor_fill_square_1_2,110902,,13.383597792559053,,,not_run,skipped,rule does not fit,
286,sparse_edit_or_object_completion,neighbor_fill_square_1_3,110902,,13.383597792559053,,,not_run,skipped,rule does not fit,
286,sparse_edit_or_object_completion,neighbor_fill_square_1_4,110902,,13.383597792559053,,,not_run,skipped,rule does not fit,
286,sparse_edit_or_object_completion,neighbor_fill_square_1_5,110902,,13.383597792559053,,,not_run,skipped,rule does not fit,
286,sparse_edit_or_object_completion,neighbor_fill_square_1_6,110902,,13.383597792559053,,,not_run,skipped,rule does not fit,
286,sparse_edit_or_object_completion,neighbor_fill_square_1_7,110902,,13.383597792559053,,,not_run,skipped,rule does not fit,
286,sparse_edit_or_object_completion,neighbor_fill_square_1_8,110902,,13.383597792559053,,,not_run,skipped,rule does not fit,
286,sparse_edit_or_object_completion,neighbor_fill_hline_2_1,110902,,13.383597792559053,,,not_run,skipped,rule does not fit,
286,sparse_edit_or_object_completion,neighbor_fill_hline_2_2,110902,,13.383597792559053,,,not_run,skipped,rule does not fit,
286,sparse_edit_or_object_completion,neighbor_fill_vline_2_1,110902,,13.383597792559053,,,not_run,skipped,rule does not fit,
286,sparse_edit_or_object_completion,neighbor_fill_vline_2_2,110902,,13.383597792559053,,,not_run,skipped,rule does not fit,
286,sparse_edit_or_object_completion,neighbor_fill_cross_2_1,110902,,13.383597792559053,,,not_run,skipped,rule does not fit,
286,sparse_edit_or_object_completion,neighbor_fill_cross_2_2,110902,,13.383597792559053,,,not_run,skipped,rule does not fit,
286,sparse_edit_or_object_completion,neighbor_fill_cross_2_3,110902,,13.383597792559053,,,not_run,skipped,rule does not fit,
286,sparse_edit_or_object_completion,neighbor_fill_cross_2_4,110902,,13.383597792559053,,,not_run,skipped,rule does not fit,
286,sparse_edit_or_object_completion,neighbor_fill_square_2_1,110902,,13.383597792559053,,,not_run,skipped,rule does not fit,
286,sparse_edit_or_object_completion,neighbor_fill_square_2_2,110902,,13.383597792559053,,,not_run,skipped,rule does not fit,
286,sparse_edit_or_object_completion,neighbor_fill_square_2_3,110902,,13.383597792559053,,,not_run,skipped,rule does not fit,
286,sparse_edit_or_object_completion,neighbor_fill_square_2_4,110902,,13.383597792559053,,,not_run,skipped,rule does not fit,
286,sparse_edit_or_object_completion,neighbor_fill_square_2_5,110902,,13.383597792559053,,,not_run,skipped,rule does not fit,
286,sparse_edit_or_object_completion,neighbor_fill_square_2_6,110902,,13.383597792559053,,,not_run,skipped,rule does not fit,
286,sparse_edit_or_object_completion,neighbor_fill_square_2_7,110902,,13.383597792559053,,,not_run,skipped,rule does not fit,
286,sparse_edit_or_object_completion,neighbor_fill_square_2_8,110902,,13.383597792559053,,,not_run,skipped,rule does not fit,
286,sparse_edit_or_object_completion,neighbor_fill_hline_3_1,110902,,13.383597792559053,,,not_run,skipped,rule does not fit,
286,sparse_edit_or_object_completion,neighbor_fill_hline_3_2,110902,,13.383597792559053,,,not_run,skipped,rule does not fit,
286,sparse_edit_or_object_completion,neighbor_fill_vline_3_1,110902,,13.383597792559053,,,not_run,skipped,rule does not fit,
286,sparse_edit_or_object_completion,neighbor_fill_vline_3_2,110902,,13.383597792559053,,,not_run,skipped,rule does not fit,
286,sparse_edit_or_object_completion,neighbor_fill_cross_3_1,110902,,13.383597792559053,,,not_run,skipped,rule does not fit,
286,sparse_edit_or_object_completion,neighbor_fill_cross_3_2,110902,,13.383597792559053,,,not_run,skipped,rule does not fit,
286,sparse_edit_or_object_completion,neighbor_fill_cross_3_3,110902,,13.383597792559053,,,not_run,skipped,rule does not fit,
286,sparse_edit_or_object_completion,neighbor_fill_cross_3_4,110902,,13.383597792559053,,,not_run,skipped,rule does not fit,
286,sparse_edit_or_object_completion,neighbor_fill_square_3_1,110902,,13.383597792559053,,,not_run,skipped,rule does not fit,
286,sparse_edit_or_object_completion,neighbor_fill_square_3_2,110902,,13.383597792559053,,,not_run,skipped,rule does not fit,
286,sparse_edit_or_object_completion,neighbor_fill_square_3_3,110902,,13.383597792559053,,,not_run,skipped,rule does not fit,
286,sparse_edit_or_object_completion,neighbor_fill_square_3_4,110902,,13.383597792559053,,,not_run,skipped,rule does not fit,
286,sparse_edit_or_object_completion,neighbor_fill_square_3_5,110902,,13.383597792559053,,,not_run,skipped,rule does not fit,
286,sparse_edit_or_object_completion,neighbor_fill_square_3_6,110902,,13.383597792559053,,,not_run,skipped,rule does not fit,
286,sparse_edit_or_object_completion,neighbor_fill_square_3_7,110902,,13.383597792559053,,,not_run,skipped,rule does not fit,
286,sparse_edit_or_object_completion,neighbor_fill_square_3_8,110902,,13.383597792559053,,,not_run,skipped,rule does not fit,
286,sparse_edit_or_object_completion,neighbor_fill_hline_4_1,110902,,13.383597792559053,,,not_run,skipped,rule does not fit,
286,sparse_edit_or_object_completion,neighbor_fill_hline_4_2,110902,,13.383597792559053,,,not_run,skipped,rule does not fit,
286,sparse_edit_or_object_completion,neighbor_fill_vline_4_1,110902,,13.383597792559053,,,not_run,skipped,rule does not fit,
286,sparse_edit_or_object_completion,neighbor_fill_vline_4_2,110902,,13.383597792559053,,,not_run,skipped,rule does not fit,
286,sparse_edit_or_object_completion,neighbor_fill_cross_4_1,110902,,13.383597792559053,,,not_run,skipped,rule does not fit,
286,sparse_edit_or_object_completion,neighbor_fill_cross_4_2,110902,,13.383597792559053,,,not_run,skipped,rule does not fit,
286,sparse_edit_or_object_completion,neighbor_fill_cross_4_3,110902,,13.383597792559053,,,not_run,skipped,rule does not fit,
286,sparse_edit_or_object_completion,neighbor_fill_cross_4_4,110902,,13.383597792559053,,,not_run,skipped,rule does not fit,
286,sparse_edit_or_object_completion,neighbor_fill_square_4_1,110902,,13.383597792559053,,,not_run,skipped,rule does not fit,
286,sparse_edit_or_object_completion,neighbor_fill_square_4_2,110902,,13.383597792559053,,,not_run,skipped,rule does not fit,
286,sparse_edit_or_object_completion,neighbor_fill_square_4_3,110902,,13.383597792559053,,,not_run,skipped,rule does not fit,
286,sparse_edit_or_object_completion,neighbor_fill_square_4_4,110902,,13.383597792559053,,,not_run,skipped,rule does not fit,
286,sparse_edit_or_object_completion,neighbor_fill_square_4_5,110902,,13.383597792559053,,,not_run,skipped,rule does not fit,
286,sparse_edit_or_object_completion,neighbor_fill_square_4_6,110902,,13.383597792559053,,,not_run,skipped,rule does not fit,
286,sparse_edit_or_object_completion,neighbor_fill_square_4_7,110902,,13.383597792559053,,,not_run,skipped,rule does not fit,
286,sparse_edit_or_object_completion,neighbor_fill_square_4_8,110902,,13.383597792559053,,,not_run,skipped,rule does not fit,
286,sparse_edit_or_object_completion,neighbor_fill_hline_5_1,110902,,13.383597792559053,,,not_run,skipped,rule does not fit,
286,sparse_edit_or_object_completion,neighbor_fill_hline_5_2,110902,,13.383597792559053,,,not_run,skipped,rule does not fit,
286,sparse_edit_or_object_completion,neighbor_fill_vline_5_1,110902,,13.383597792559053,,,not_run,skipped,rule does not fit,
286,sparse_edit_or_object_completion,neighbor_fill_vline_5_2,110902,,13.383597792559053,,,not_run,skipped,rule does not fit,
286,sparse_edit_or_object_completion,neighbor_fill_cross_5_1,110902,,13.383597792559053,,,not_run,skipped,rule does not fit,
286,sparse_edit_or_object_completion,neighbor_fill_cross_5_2,110902,,13.383597792559053,,,not_run,skipped,rule does not fit,
286,sparse_edit_or_object_completion,neighbor_fill_cross_5_3,110902,,13.383597792559053,,,not_run,skipped,rule does not fit,
286,sparse_edit_or_object_completion,neighbor_fill_cross_5_4,110902,,13.383597792559053,,,not_run,skipped,rule does not fit,
286,sparse_edit_or_object_completion,neighbor_fill_square_5_1,110902,,13.383597792559053,,,not_run,skipped,rule does not fit,
286,sparse_edit_or_object_completion,neighbor_fill_square_5_2,110902,,13.383597792559053,,,not_run,skipped,rule does not fit,
286,sparse_edit_or_object_completion,neighbor_fill_square_5_3,110902,,13.383597792559053,,,not_run,skipped,rule does not fit,
286,sparse_edit_or_object_completion,neighbor_fill_square_5_4,110902,,13.383597792559053,,,not_run,skipped,rule does not fit,
286,sparse_edit_or_object_completion,neighbor_fill_square_5_5,110902,,13.383597792559053,,,not_run,skipped,rule does not fit,
286,sparse_edit_or_object_completion,neighbor_fill_square_5_6,110902,,13.383597792559053,,,not_run,skipped,rule does not fit,
286,sparse_edit_or_object_completion,neighbor_fill_square_5_7,110902,,13.383597792559053,,,not_run,skipped,rule does not fit,
286,sparse_edit_or_object_completion,neighbor_fill_square_5_8,110902,,13.383597792559053,,,not_run,skipped,rule does not fit,
286,sparse_edit_or_object_completion,neighbor_fill_hline_6_1,110902,,13.383597792559053,,,not_run,skipped,rule does not fit,
286,sparse_edit_or_object_completion,neighbor_fill_hline_6_2,110902,,13.383597792559053,,,not_run,skipped,rule does not fit,
286,sparse_edit_or_object_completion,neighbor_fill_vline_6_1,110902,,13.383597792559053,,,not_run,skipped,rule does not fit,
286,sparse_edit_or_object_completion,neighbor_fill_vline_6_2,110902,,13.383597792559053,,,not_run,skipped,rule does not fit,
286,sparse_edit_or_object_completion,neighbor_fill_cross_6_1,110902,,13.383597792559053,,,not_run,skipped,rule does not fit,
286,sparse_edit_or_object_completion,neighbor_fill_cross_6_2,110902,,13.383597792559053,,,not_run,skipped,rule does not fit,
286,sparse_edit_or_object_completion,neighbor_fill_cross_6_3,110902,,13.383597792559053,,,not_run,skipped,rule does not fit,
286,sparse_edit_or_object_completion,neighbor_fill_cross_6_4,110902,,13.383597792559053,,,not_run,skipped,rule does not fit,
286,sparse_edit_or_object_completion,neighbor_fill_square_6_1,110902,,13.383597792559053,,,not_run,skipped,rule does not fit,
286,sparse_edit_or_object_completion,neighbor_fill_square_6_2,110902,,13.383597792559053,,,not_run,skipped,rule does not fit,
286,sparse_edit_or_object_completion,neighbor_fill_square_6_3,110902,,13.383597792559053,,,not_run,skipped,rule does not fit,
286,sparse_edit_or_object_completion,neighbor_fill_square_6_4,110902,,13.383597792559053,,,not_run,skipped,rule does not fit,
286,sparse_edit_or_object_completion,neighbor_fill_square_6_5,110902,,13.383597792559053,,,not_run,skipped,rule does not fit,
286,sparse_edit_or_object_completion,neighbor_fill_square_6_6,110902,,13.383597792559053,,,not_run,skipped,rule does not fit,
286,sparse_edit_or_object_completion,neighbor_fill_square_6_7,110902,,13.383597792559053,,,not_run,skipped,rule does not fit,
286,sparse_edit_or_object_completion,neighbor_fill_square_6_8,110902,,13.383597792559053,,,not_run,skipped,rule does not fit,
286,sparse_edit_or_object_completion,neighbor_fill_hline_7_1,110902,,13.383597792559053,,,not_run,skipped,rule does not fit,
286,sparse_edit_or_object_completion,neighbor_fill_hline_7_2,110902,,13.383597792559053,,,not_run,skipped,rule does not fit,
286,sparse_edit_or_object_completion,neighbor_fill_vline_7_1,110902,,13.383597792559053,,,not_run,skipped,rule does not fit,
286,sparse_edit_or_object_completion,neighbor_fill_vline_7_2,110902,,13.383597792559053,,,not_run,skipped,rule does not fit,
286,sparse_edit_or_object_completion,neighbor_fill_cross_7_1,110902,,13.383597792559053,,,not_run,skipped,rule does not fit,
286,sparse_edit_or_object_completion,neighbor_fill_cross_7_2,110902,,13.383597792559053,,,not_run,skipped,rule does not fit,
286,sparse_edit_or_object_completion,neighbor_fill_cross_7_3,110902,,13.383597792559053,,,not_run,skipped,rule does not fit,
286,sparse_edit_or_object_completion,neighbor_fill_cross_7_4,110902,,13.383597792559053,,,not_run,skipped,rule does not fit,
286,sparse_edit_or_object_completion,neighbor_fill_square_7_1,110902,,13.383597792559053,,,not_run,skipped,rule does not fit,
286,sparse_edit_or_object_completion,neighbor_fill_square_7_2,110902,,13.383597792559053,,,not_run,skipped,rule does not fit,
286,sparse_edit_or_object_completion,neighbor_fill_square_7_3,110902,,13.383597792559053,,,not_run,skipped,rule does not fit,
286,sparse_edit_or_object_completion,neighbor_fill_square_7_4,110902,,13.383597792559053,,,not_run,skipped,rule does not fit,
286,sparse_edit_or_object_completion,neighbor_fill_square_7_5,110902,,13.383597792559053,,,not_run,skipped,rule does not fit,
286,sparse_edit_or_object_completion,neighbor_fill_square_7_6,110902,,13.383597792559053,,,not_run,skipped,rule does not fit,
286,sparse_edit_or_object_completion,neighbor_fill_square_7_7,110902,,13.383597792559053,,,not_run,skipped,rule does not fit,
286,sparse_edit_or_object_completion,neighbor_fill_square_7_8,110902,,13.383597792559053,,,not_run,skipped,rule does not fit,
286,sparse_edit_or_object_completion,neighbor_fill_hline_9_1,110902,,13.383597792559053,,,not_run,skipped,rule does not fit,
286,sparse_edit_or_object_completion,neighbor_fill_hline_9_2,110902,,13.383597792559053,,,not_run,skipped,rule does not fit,
286,sparse_edit_or_object_completion,neighbor_fill_vline_9_1,110902,,13.383597792559053,,,not_run,skipped,rule does not fit,
286,sparse_edit_or_object_completion,neighbor_fill_vline_9_2,110902,,13.383597792559053,,,not_run,skipped,rule does not fit,
286,sparse_edit_or_object_completion,neighbor_fill_cross_9_1,110902,,13.383597792559053,,,not_run,skipped,rule does not fit,
286,sparse_edit_or_object_completion,neighbor_fill_cross_9_2,110902,,13.383597792559053,,,not_run,skipped,rule does not fit,
286,sparse_edit_or_object_completion,neighbor_fill_cross_9_3,110902,,13.383597792559053,,,not_run,skipped,rule does not fit,
286,sparse_edit_or_object_completion,neighbor_fill_cross_9_4,110902,,13.383597792559053,,,not_run,skipped,rule does not fit,
286,sparse_edit_or_object_completion,neighbor_fill_square_9_1,110902,,13.383597792559053,,,not_run,skipped,rule does not fit,
286,sparse_edit_or_object_completion,neighbor_fill_square_9_2,110902,,13.383597792559053,,,not_run,skipped,rule does not fit,
286,sparse_edit_or_object_completion,neighbor_fill_square_9_3,110902,,13.383597792559053,,,not_run,skipped,rule does not fit,
286,sparse_edit_or_object_completion,neighbor_fill_square_9_4,110902,,13.383597792559053,,,not_run,skipped,rule does not fit,
286,sparse_edit_or_object_completion,neighbor_fill_square_9_5,110902,,13.383597792559053,,,not_run,skipped,rule does not fit,
286,sparse_edit_or_object_completion,neighbor_fill_square_9_6,110902,,13.383597792559053,,,not_run,skipped,rule does not fit,
286,sparse_edit_or_object_completion,neighbor_fill_square_9_7,110902,,13.383597792559053,,,not_run,skipped,rule does not fit,
286,sparse_edit_or_object_completion,neighbor_fill_square_9_8,110902,,13.383597792559053,,,not_run,skipped,rule does not fit,
187,same_shape_global_transform,signature_scatternd_lookup,105313,202108,13.435307852707972,12.783442513027552,503079,24_pass_0_fail,no_cost_gain,candidate cost is not lower than baseline,b5e2c39e10241548be841105ee8705551afe776259677cc6eb66674363cbb8e3
187,same_shape_global_transform,direct_identity,105313,,13.435307852707972,,,not_run,skipped,not identity,
187,same_shape_global_transform,conv_color_map,105313,,13.435307852707972,,,not_run,skipped,conflicting color map,
187,same_shape_global_transform,fixed_mask_where,105313,,13.435307852707972,,,not_run,skipped,fixed edit conflict,
187,same_shape_global_transform,neighbor_fill_hline_2_1,105313,,13.435307852707972,,,not_run,skipped,rule does not fit,
187,same_shape_global_transform,neighbor_fill_hline_2_2,105313,,13.435307852707972,,,not_run,skipped,rule does not fit,
187,same_shape_global_transform,neighbor_fill_vline_2_1,105313,,13.435307852707972,,,not_run,skipped,rule does not fit,
187,same_shape_global_transform,neighbor_fill_vline_2_2,105313,,13.435307852707972,,,not_run,skipped,rule does not fit,
187,same_shape_global_transform,neighbor_fill_cross_2_1,105313,,13.435307852707972,,,not_run,skipped,rule does not fit,
187,same_shape_global_transform,neighbor_fill_cross_2_2,105313,,13.435307852707972,,,not_run,skipped,rule does not fit,
187,same_shape_global_transform,neighbor_fill_cross_2_3,105313,,13.435307852707972,,,not_run,skipped,rule does not fit,
187,same_shape_global_transform,neighbor_fill_cross_2_4,105313,,13.435307852707972,,,not_run,skipped,rule does not fit,
187,same_shape_global_transform,neighbor_fill_square_2_1,105313,,13.435307852707972,,,not_run,skipped,rule does not fit,
187,same_shape_global_transform,neighbor_fill_square_2_2,105313,,13.435307852707972,,,not_run,skipped,rule does not fit,
187,same_shape_global_transform,neighbor_fill_square_2_3,105313,,13.435307852707972,,,not_run,skipped,rule does not fit,
187,same_shape_global_transform,neighbor_fill_square_2_4,105313,,13.435307852707972,,,not_run,skipped,rule does not fit,
187,same_shape_global_transform,neighbor_fill_square_2_5,105313,,13.435307852707972,,,not_run,skipped,rule does not fit,
187,same_shape_global_transform,neighbor_fill_square_2_6,105313,,13.435307852707972,,,not_run,skipped,rule does not fit,
187,same_shape_global_transform,neighbor_fill_square_2_7,105313,,13.435307852707972,,,not_run,skipped,rule does not fit,
187,same_shape_global_transform,neighbor_fill_square_2_8,105313,,13.435307852707972,,,not_run,skipped,rule does not fit,
187,same_shape_global_transform,neighbor_fill_hline_3_1,105313,,13.435307852707972,,,not_run,skipped,rule does not fit,
187,same_shape_global_transform,neighbor_fill_hline_3_2,105313,,13.435307852707972,,,not_run,skipped,rule does not fit,
187,same_shape_global_transform,neighbor_fill_vline_3_1,105313,,13.435307852707972,,,not_run,skipped,rule does not fit,
187,same_shape_global_transform,neighbor_fill_vline_3_2,105313,,13.435307852707972,,,not_run,skipped,rule does not fit,
187,same_shape_global_transform,neighbor_fill_cross_3_1,105313,,13.435307852707972,,,not_run,skipped,rule does not fit,
187,same_shape_global_transform,neighbor_fill_cross_3_2,105313,,13.435307852707972,,,not_run,skipped,rule does not fit,
187,same_shape_global_transform,neighbor_fill_cross_3_3,105313,,13.435307852707972,,,not_run,skipped,rule does not fit,
187,same_shape_global_transform,neighbor_fill_cross_3_4,105313,,13.435307852707972,,,not_run,skipped,rule does not fit,
187,same_shape_global_transform,neighbor_fill_square_3_1,105313,,13.435307852707972,,,not_run,skipped,rule does not fit,
187,same_shape_global_transform,neighbor_fill_square_3_2,105313,,13.435307852707972,,,not_run,skipped,rule does not fit,
187,same_shape_global_transform,neighbor_fill_square_3_3,105313,,13.435307852707972,,,not_run,skipped,rule does not fit,
187,same_shape_global_transform,neighbor_fill_square_3_4,105313,,13.435307852707972,,,not_run,skipped,rule does not fit,
187,same_shape_global_transform,neighbor_fill_square_3_5,105313,,13.435307852707972,,,not_run,skipped,rule does not fit,
187,same_shape_global_transform,neighbor_fill_square_3_6,105313,,13.435307852707972,,,not_run,skipped,rule does not fit,
187,same_shape_global_transform,neighbor_fill_square_3_7,105313,,13.435307852707972,,,not_run,skipped,rule does not fit,
187,same_shape_global_transform,neighbor_fill_square_3_8,105313,,13.435307852707972,,,not_run,skipped,rule does not fit,
198,same_shape_global_transform,signature_scatternd_lookup,103821,,13.449576458609688,,,not_run,skipped,too many edits: 1294,
198,same_shape_global_transform,direct_identity,103821,,13.449576458609688,,,not_run,skipped,not identity,
198,same_shape_global_transform,conv_color_map,103821,,13.449576458609688,,,not_run,skipped,conflicting color map,
198,same_shape_global_transform,fixed_mask_where,103821,,13.449576458609688,,,not_run,skipped,fixed edit conflict,
198,same_shape_global_transform,neighbor_fill_hline_3_1,103821,,13.449576458609688,,,not_run,skipped,rule does not fit,
198,same_shape_global_transform,neighbor_fill_hline_3_2,103821,,13.449576458609688,,,not_run,skipped,rule does not fit,
198,same_shape_global_transform,neighbor_fill_vline_3_1,103821,,13.449576458609688,,,not_run,skipped,rule does not fit,
198,same_shape_global_transform,neighbor_fill_vline_3_2,103821,,13.449576458609688,,,not_run,skipped,rule does not fit,
198,same_shape_global_transform,neighbor_fill_cross_3_1,103821,,13.449576458609688,,,not_run,skipped,rule does not fit,
198,same_shape_global_transform,neighbor_fill_cross_3_2,103821,,13.449576458609688,,,not_run,skipped,rule does not fit,
198,same_shape_global_transform,neighbor_fill_cross_3_3,103821,,13.449576458609688,,,not_run,skipped,rule does not fit,
198,same_shape_global_transform,neighbor_fill_cross_3_4,103821,,13.449576458609688,,,not_run,skipped,rule does not fit,
198,same_shape_global_transform,neighbor_fill_square_3_1,103821,,13.449576458609688,,,not_run,skipped,rule does not fit,
198,same_shape_global_transform,neighbor_fill_square_3_2,103821,,13.449576458609688,,,not_run,skipped,rule does not fit,
198,same_shape_global_transform,neighbor_fill_square_3_3,103821,,13.449576458609688,,,not_run,skipped,rule does not fit,
198,same_shape_global_transform,neighbor_fill_square_3_4,103821,,13.449576458609688,,,not_run,skipped,rule does not fit,
198,same_shape_global_transform,neighbor_fill_square_3_5,103821,,13.449576458609688,,,not_run,skipped,rule does not fit,
198,same_shape_global_transform,neighbor_fill_square_3_6,103821,,13.449576458609688,,,not_run,skipped,rule does not fit,
198,same_shape_global_transform,neighbor_fill_square_3_7,103821,,13.449576458609688,,,not_run,skipped,rule does not fit,
198,same_shape_global_transform,neighbor_fill_square_3_8,103821,,13.449576458609688,,,not_run,skipped,rule does not fit,
198,same_shape_global_transform,neighbor_fill_hline_4_1,103821,,13.449576458609688,,,not_run,skipped,rule does not fit,
198,same_shape_global_transform,neighbor_fill_hline_4_2,103821,,13.449576458609688,,,not_run,skipped,rule does not fit,
198,same_shape_global_transform,neighbor_fill_vline_4_1,103821,,13.449576458609688,,,not_run,skipped,rule does not fit,
198,same_shape_global_transform,neighbor_fill_vline_4_2,103821,,13.449576458609688,,,not_run,skipped,rule does not fit,
198,same_shape_global_transform,neighbor_fill_cross_4_1,103821,,13.449576458609688,,,not_run,skipped,rule does not fit,
198,same_shape_global_transform,neighbor_fill_cross_4_2,103821,,13.449576458609688,,,not_run,skipped,rule does not fit,
198,same_shape_global_transform,neighbor_fill_cross_4_3,103821,,13.449576458609688,,,not_run,skipped,rule does not fit,
198,same_shape_global_transform,neighbor_fill_cross_4_4,103821,,13.449576458609688,,,not_run,skipped,rule does not fit,
198,same_shape_global_transform,neighbor_fill_square_4_1,103821,,13.449576458609688,,,not_run,skipped,rule does not fit,
198,same_shape_global_transform,neighbor_fill_square_4_2,103821,,13.449576458609688,,,not_run,skipped,rule does not fit,
198,same_shape_global_transform,neighbor_fill_square_4_3,103821,,13.449576458609688,,,not_run,skipped,rule does not fit,
198,same_shape_global_transform,neighbor_fill_square_4_4,103821,,13.449576458609688,,,not_run,skipped,rule does not fit,
198,same_shape_global_transform,neighbor_fill_square_4_5,103821,,13.449576458609688,,,not_run,skipped,rule does not fit,
198,same_shape_global_transform,neighbor_fill_square_4_6,103821,,13.449576458609688,,,not_run,skipped,rule does not fit,
198,same_shape_global_transform,neighbor_fill_square_4_7,103821,,13.449576458609688,,,not_run,skipped,rule does not fit,
198,same_shape_global_transform,neighbor_fill_square_4_8,103821,,13.449576458609688,,,not_run,skipped,rule does not fit,
133,sparse_edit_or_object_completion,signature_scatternd_lookup,93312,59323,13.556296004071724,14.009247631864403,147247,25_pass_0_fail,improved,ok,481c4365461bbf7b8a34e4c90ef555ab33a4a40f5a363d57b45ccc10874ec38c
133,sparse_edit_or_object_completion,direct_identity,93312,,13.556296004071724,,,not_run,skipped,not identity,
133,sparse_edit_or_object_completion,conv_color_map,93312,,13.556296004071724,,,not_run,skipped,conflicting color map,
133,sparse_edit_or_object_completion,fixed_mask_where,93312,,13.556296004071724,,,not_run,skipped,fixed edit conflict,
133,sparse_edit_or_object_completion,neighbor_fill_hline_1_1,93312,,13.556296004071724,,,not_run,skipped,rule does not fit,
133,sparse_edit_or_object_completion,neighbor_fill_hline_1_2,93312,,13.556296004071724,,,not_run,skipped,rule does not fit,
133,sparse_edit_or_object_completion,neighbor_fill_vline_1_1,93312,,13.556296004071724,,,not_run,skipped,rule does not fit,
133,sparse_edit_or_object_completion,neighbor_fill_vline_1_2,93312,,13.556296004071724,,,not_run,skipped,rule does not fit,
133,sparse_edit_or_object_completion,neighbor_fill_cross_1_1,93312,,13.556296004071724,,,not_run,skipped,rule does not fit,
133,sparse_edit_or_object_completion,neighbor_fill_cross_1_2,93312,,13.556296004071724,,,not_run,skipped,rule does not fit,
133,sparse_edit_or_object_completion,neighbor_fill_cross_1_3,93312,,13.556296004071724,,,not_run,skipped,rule does not fit,
133,sparse_edit_or_object_completion,neighbor_fill_cross_1_4,93312,,13.556296004071724,,,not_run,skipped,rule does not fit,
133,sparse_edit_or_object_completion,neighbor_fill_square_1_1,93312,,13.556296004071724,,,not_run,skipped,rule does not fit,
133,sparse_edit_or_object_completion,neighbor_fill_square_1_2,93312,,13.556296004071724,,,not_run,skipped,rule does not fit,
133,sparse_edit_or_object_completion,neighbor_fill_square_1_3,93312,,13.556296004071724,,,not_run,skipped,rule does not fit,
133,sparse_edit_or_object_completion,neighbor_fill_square_1_4,93312,,13.556296004071724,,,not_run,skipped,rule does not fit,
133,sparse_edit_or_object_completion,neighbor_fill_square_1_5,93312,,13.556296004071724,,,not_run,skipped,rule does not fit,
133,sparse_edit_or_object_completion,neighbor_fill_square_1_6,93312,,13.556296004071724,,,not_run,skipped,rule does not fit,
133,sparse_edit_or_object_completion,neighbor_fill_square_1_7,93312,,13.556296004071724,,,not_run,skipped,rule does not fit,
133,sparse_edit_or_object_completion,neighbor_fill_square_1_8,93312,,13.556296004071724,,,not_run,skipped,rule does not fit,
133,sparse_edit_or_object_completion,neighbor_fill_hline_2_1,93312,,13.556296004071724,,,not_run,skipped,rule does not fit,
133,sparse_edit_or_object_completion,neighbor_fill_hline_2_2,93312,,13.556296004071724,,,not_run,skipped,rule does not fit,
133,sparse_edit_or_object_completion,neighbor_fill_vline_2_1,93312,,13.556296004071724,,,not_run,skipped,rule does not fit,
133,sparse_edit_or_object_completion,neighbor_fill_vline_2_2,93312,,13.556296004071724,,,not_run,skipped,rule does not fit,
133,sparse_edit_or_object_completion,neighbor_fill_cross_2_1,93312,,13.556296004071724,,,not_run,skipped,rule does not fit,
133,sparse_edit_or_object_completion,neighbor_fill_cross_2_2,93312,,13.556296004071724,,,not_run,skipped,rule does not fit,
133,sparse_edit_or_object_completion,neighbor_fill_cross_2_3,93312,,13.556296004071724,,,not_run,skipped,rule does not fit,
133,sparse_edit_or_object_completion,neighbor_fill_cross_2_4,93312,,13.556296004071724,,,not_run,skipped,rule does not fit,
133,sparse_edit_or_object_completion,neighbor_fill_square_2_1,93312,,13.556296004071724,,,not_run,skipped,rule does not fit,
133,sparse_edit_or_object_completion,neighbor_fill_square_2_2,93312,,13.556296004071724,,,not_run,skipped,rule does not fit,
133,sparse_edit_or_object_completion,neighbor_fill_square_2_3,93312,,13.556296004071724,,,not_run,skipped,rule does not fit,
133,sparse_edit_or_object_completion,neighbor_fill_square_2_4,93312,,13.556296004071724,,,not_run,skipped,rule does not fit,
133,sparse_edit_or_object_completion,neighbor_fill_square_2_5,93312,,13.556296004071724,,,not_run,skipped,rule does not fit,
133,sparse_edit_or_object_completion,neighbor_fill_square_2_6,93312,,13.556296004071724,,,not_run,skipped,rule does not fit,
133,sparse_edit_or_object_completion,neighbor_fill_square_2_7,93312,,13.556296004071724,,,not_run,skipped,rule does not fit,
133,sparse_edit_or_object_completion,neighbor_fill_square_2_8,93312,,13.556296004071724,,,not_run,skipped,rule does not fit,
133,sparse_edit_or_object_completion,neighbor_fill_hline_3_1,93312,,13.556296004071724,,,not_run,skipped,rule does not fit,
133,sparse_edit_or_object_completion,neighbor_fill_hline_3_2,93312,,13.556296004071724,,,not_run,skipped,rule does not fit,
133,sparse_edit_or_object_completion,neighbor_fill_vline_3_1,93312,,13.556296004071724,,,not_run,skipped,rule does not fit,
133,sparse_edit_or_object_completion,neighbor_fill_vline_3_2,93312,,13.556296004071724,,,not_run,skipped,rule does not fit,
133,sparse_edit_or_object_completion,neighbor_fill_cross_3_1,93312,,13.556296004071724,,,not_run,skipped,rule does not fit,
133,sparse_edit_or_object_completion,neighbor_fill_cross_3_2,93312,,13.556296004071724,,,not_run,skipped,rule does not fit,
133,sparse_edit_or_object_completion,neighbor_fill_cross_3_3,93312,,13.556296004071724,,,not_run,skipped,rule does not fit,
133,sparse_edit_or_object_completion,neighbor_fill_cross_3_4,93312,,13.556296004071724,,,not_run,skipped,rule does not fit,
133,sparse_edit_or_object_completion,neighbor_fill_square_3_1,93312,,13.556296004071724,,,not_run,skipped,rule does not fit,
133,sparse_edit_or_object_completion,neighbor_fill_square_3_2,93312,,13.556296004071724,,,not_run,skipped,rule does not fit,
133,sparse_edit_or_object_completion,neighbor_fill_square_3_3,93312,,13.556296004071724,,,not_run,skipped,rule does not fit,
133,sparse_edit_or_object_completion,neighbor_fill_square_3_4,93312,,13.556296004071724,,,not_run,skipped,rule does not fit,
133,sparse_edit_or_object_completion,neighbor_fill_square_3_5,93312,,13.556296004071724,,,not_run,skipped,rule does not fit,
133,sparse_edit_or_object_completion,neighbor_fill_square_3_6,93312,,13.556296004071724,,,not_run,skipped,rule does not fit,
133,sparse_edit_or_object_completion,neighbor_fill_square_3_7,93312,,13.556296004071724,,,not_run,skipped,rule does not fit,
133,sparse_edit_or_object_completion,neighbor_fill_square_3_8,93312,,13.556296004071724,,,not_run,skipped,rule does not fit,
133,sparse_edit_or_object_completion,neighbor_fill_hline_4_1,93312,,13.556296004071724,,,not_run,skipped,rule does not fit,
133,sparse_edit_or_object_completion,neighbor_fill_hline_4_2,93312,,13.556296004071724,,,not_run,skipped,rule does not fit,
133,sparse_edit_or_object_completion,neighbor_fill_vline_4_1,93312,,13.556296004071724,,,not_run,skipped,rule does not fit,
133,sparse_edit_or_object_completion,neighbor_fill_vline_4_2,93312,,13.556296004071724,,,not_run,skipped,rule does not fit,
133,sparse_edit_or_object_completion,neighbor_fill_cross_4_1,93312,,13.556296004071724,,,not_run,skipped,rule does not fit,
133,sparse_edit_or_object_completion,neighbor_fill_cross_4_2,93312,,13.556296004071724,,,not_run,skipped,rule does not fit,
133,sparse_edit_or_object_completion,neighbor_fill_cross_4_3,93312,,13.556296004071724,,,not_run,skipped,rule does not fit,
133,sparse_edit_or_object_completion,neighbor_fill_cross_4_4,93312,,13.556296004071724,,,not_run,skipped,rule does not fit,
133,sparse_edit_or_object_completion,neighbor_fill_square_4_1,93312,,13.556296004071724,,,not_run,skipped,rule does not fit,
133,sparse_edit_or_object_completion,neighbor_fill_square_4_2,93312,,13.556296004071724,,,not_run,skipped,rule does not fit,
133,sparse_edit_or_object_completion,neighbor_fill_square_4_3,93312,,13.556296004071724,,,not_run,skipped,rule does not fit,
133,sparse_edit_or_object_completion,neighbor_fill_square_4_4,93312,,13.556296004071724,,,not_run,skipped,rule does not fit,
133,sparse_edit_or_object_completion,neighbor_fill_square_4_5,93312,,13.556296004071724,,,not_run,skipped,rule does not fit,
133,sparse_edit_or_object_completion,neighbor_fill_square_4_6,93312,,13.556296004071724,,,not_run,skipped,rule does not fit,
133,sparse_edit_or_object_completion,neighbor_fill_square_4_7,93312,,13.556296004071724,,,not_run,skipped,rule does not fit,
133,sparse_edit_or_object_completion,neighbor_fill_square_4_8,93312,,13.556296004071724,,,not_run,skipped,rule does not fit,
133,sparse_edit_or_object_completion,neighbor_fill_hline_5_1,93312,,13.556296004071724,,,not_run,skipped,rule does not fit,
133,sparse_edit_or_object_completion,neighbor_fill_hline_5_2,93312,,13.556296004071724,,,not_run,skipped,rule does not fit,
133,sparse_edit_or_object_completion,neighbor_fill_vline_5_1,93312,,13.556296004071724,,,not_run,skipped,rule does not fit,
133,sparse_edit_or_object_completion,neighbor_fill_vline_5_2,93312,,13.556296004071724,,,not_run,skipped,rule does not fit,
133,sparse_edit_or_object_completion,neighbor_fill_cross_5_1,93312,,13.556296004071724,,,not_run,skipped,rule does not fit,
133,sparse_edit_or_object_completion,neighbor_fill_cross_5_2,93312,,13.556296004071724,,,not_run,skipped,rule does not fit,
133,sparse_edit_or_object_completion,neighbor_fill_cross_5_3,93312,,13.556296004071724,,,not_run,skipped,rule does not fit,
133,sparse_edit_or_object_completion,neighbor_fill_cross_5_4,93312,,13.556296004071724,,,not_run,skipped,rule does not fit,
133,sparse_edit_or_object_completion,neighbor_fill_square_5_1,93312,,13.556296004071724,,,not_run,skipped,rule does not fit,
133,sparse_edit_or_object_completion,neighbor_fill_square_5_2,93312,,13.556296004071724,,,not_run,skipped,rule does not fit,
133,sparse_edit_or_object_completion,neighbor_fill_square_5_3,93312,,13.556296004071724,,,not_run,skipped,rule does not fit,
133,sparse_edit_or_object_completion,neighbor_fill_square_5_4,93312,,13.556296004071724,,,not_run,skipped,rule does not fit,
133,sparse_edit_or_object_completion,neighbor_fill_square_5_5,93312,,13.556296004071724,,,not_run,skipped,rule does not fit,
133,sparse_edit_or_object_completion,neighbor_fill_square_5_6,93312,,13.556296004071724,,,not_run,skipped,rule does not fit,
133,sparse_edit_or_object_completion,neighbor_fill_square_5_7,93312,,13.556296004071724,,,not_run,skipped,rule does not fit,
133,sparse_edit_or_object_completion,neighbor_fill_square_5_8,93312,,13.556296004071724,,,not_run,skipped,rule does not fit,
133,sparse_edit_or_object_completion,neighbor_fill_hline_6_1,93312,,13.556296004071724,,,not_run,skipped,rule does not fit,
133,sparse_edit_or_object_completion,neighbor_fill_hline_6_2,93312,,13.556296004071724,,,not_run,skipped,rule does not fit,
133,sparse_edit_or_object_completion,neighbor_fill_vline_6_1,93312,,13.556296004071724,,,not_run,skipped,rule does not fit,
133,sparse_edit_or_object_completion,neighbor_fill_vline_6_2,93312,,13.556296004071724,,,not_run,skipped,rule does not fit,
133,sparse_edit_or_object_completion,neighbor_fill_cross_6_1,93312,,13.556296004071724,,,not_run,skipped,rule does not fit,
133,sparse_edit_or_object_completion,neighbor_fill_cross_6_2,93312,,13.556296004071724,,,not_run,skipped,rule does not fit,
133,sparse_edit_or_object_completion,neighbor_fill_cross_6_3,93312,,13.556296004071724,,,not_run,skipped,rule does not fit,
133,sparse_edit_or_object_completion,neighbor_fill_cross_6_4,93312,,13.556296004071724,,,not_run,skipped,rule does not fit,
133,sparse_edit_or_object_completion,neighbor_fill_square_6_1,93312,,13.556296004071724,,,not_run,skipped,rule does not fit,
133,sparse_edit_or_object_completion,neighbor_fill_square_6_2,93312,,13.556296004071724,,,not_run,skipped,rule does not fit,
133,sparse_edit_or_object_completion,neighbor_fill_square_6_3,93312,,13.556296004071724,,,not_run,skipped,rule does not fit,
133,sparse_edit_or_object_completion,neighbor_fill_square_6_4,93312,,13.556296004071724,,,not_run,skipped,rule does not fit,
133,sparse_edit_or_object_completion,neighbor_fill_square_6_5,93312,,13.556296004071724,,,not_run,skipped,rule does not fit,
133,sparse_edit_or_object_completion,neighbor_fill_square_6_6,93312,,13.556296004071724,,,not_run,skipped,rule does not fit,
133,sparse_edit_or_object_completion,neighbor_fill_square_6_7,93312,,13.556296004071724,,,not_run,skipped,rule does not fit,
133,sparse_edit_or_object_completion,neighbor_fill_square_6_8,93312,,13.556296004071724,,,not_run,skipped,rule does not fit,
133,sparse_edit_or_object_completion,neighbor_fill_hline_7_1,93312,,13.556296004071724,,,not_run,skipped,rule does not fit,
133,sparse_edit_or_object_completion,neighbor_fill_hline_7_2,93312,,13.556296004071724,,,not_run,skipped,rule does not fit,
133,sparse_edit_or_object_completion,neighbor_fill_vline_7_1,93312,,13.556296004071724,,,not_run,skipped,rule does not fit,
133,sparse_edit_or_object_completion,neighbor_fill_vline_7_2,93312,,13.556296004071724,,,not_run,skipped,rule does not fit,
133,sparse_edit_or_object_completion,neighbor_fill_cross_7_1,93312,,13.556296004071724,,,not_run,skipped,rule does not fit,
133,sparse_edit_or_object_completion,neighbor_fill_cross_7_2,93312,,13.556296004071724,,,not_run,skipped,rule does not fit,
133,sparse_edit_or_object_completion,neighbor_fill_cross_7_3,93312,,13.556296004071724,,,not_run,skipped,rule does not fit,
133,sparse_edit_or_object_completion,neighbor_fill_cross_7_4,93312,,13.556296004071724,,,not_run,skipped,rule does not fit,
133,sparse_edit_or_object_completion,neighbor_fill_square_7_1,93312,,13.556296004071724,,,not_run,skipped,rule does not fit,
133,sparse_edit_or_object_completion,neighbor_fill_square_7_2,93312,,13.556296004071724,,,not_run,skipped,rule does not fit,
133,sparse_edit_or_object_completion,neighbor_fill_square_7_3,93312,,13.556296004071724,,,not_run,skipped,rule does not fit,
133,sparse_edit_or_object_completion,neighbor_fill_square_7_4,93312,,13.556296004071724,,,not_run,skipped,rule does not fit,
133,sparse_edit_or_object_completion,neighbor_fill_square_7_5,93312,,13.556296004071724,,,not_run,skipped,rule does not fit,
133,sparse_edit_or_object_completion,neighbor_fill_square_7_6,93312,,13.556296004071724,,,not_run,skipped,rule does not fit,
133,sparse_edit_or_object_completion,neighbor_fill_square_7_7,93312,,13.556296004071724,,,not_run,skipped,rule does not fit,
133,sparse_edit_or_object_completion,neighbor_fill_square_7_8,93312,,13.556296004071724,,,not_run,skipped,rule does not fit,
133,sparse_edit_or_object_completion,neighbor_fill_hline_8_1,93312,,13.556296004071724,,,not_run,skipped,rule does not fit,
133,sparse_edit_or_object_completion,neighbor_fill_hline_8_2,93312,,13.556296004071724,,,not_run,skipped,rule does not fit,
133,sparse_edit_or_object_completion,neighbor_fill_vline_8_1,93312,,13.556296004071724,,,not_run,skipped,rule does not fit,
133,sparse_edit_or_object_completion,neighbor_fill_vline_8_2,93312,,13.556296004071724,,,not_run,skipped,rule does not fit,
133,sparse_edit_or_object_completion,neighbor_fill_cross_8_1,93312,,13.556296004071724,,,not_run,skipped,rule does not fit,
133,sparse_edit_or_object_completion,neighbor_fill_cross_8_2,93312,,13.556296004071724,,,not_run,skipped,rule does not fit,
133,sparse_edit_or_object_completion,neighbor_fill_cross_8_3,93312,,13.556296004071724,,,not_run,skipped,rule does not fit,
133,sparse_edit_or_object_completion,neighbor_fill_cross_8_4,93312,,13.556296004071724,,,not_run,skipped,rule does not fit,
133,sparse_edit_or_object_completion,neighbor_fill_square_8_1,93312,,13.556296004071724,,,not_run,skipped,rule does not fit,
133,sparse_edit_or_object_completion,neighbor_fill_square_8_2,93312,,13.556296004071724,,,not_run,skipped,rule does not fit,
133,sparse_edit_or_object_completion,neighbor_fill_square_8_3,93312,,13.556296004071724,,,not_run,skipped,rule does not fit,
133,sparse_edit_or_object_completion,neighbor_fill_square_8_4,93312,,13.556296004071724,,,not_run,skipped,rule does not fit,
133,sparse_edit_or_object_completion,neighbor_fill_square_8_5,93312,,13.556296004071724,,,not_run,skipped,rule does not fit,
133,sparse_edit_or_object_completion,neighbor_fill_square_8_6,93312,,13.556296004071724,,,not_run,skipped,rule does not fit,
133,sparse_edit_or_object_completion,neighbor_fill_square_8_7,93312,,13.556296004071724,,,not_run,skipped,rule does not fit,
133,sparse_edit_or_object_completion,neighbor_fill_square_8_8,93312,,13.556296004071724,,,not_run,skipped,rule does not fit,
133,sparse_edit_or_object_completion,neighbor_fill_hline_9_1,93312,,13.556296004071724,,,not_run,skipped,rule does not fit,
133,sparse_edit_or_object_completion,neighbor_fill_hline_9_2,93312,,13.556296004071724,,,not_run,skipped,rule does not fit,
133,sparse_edit_or_object_completion,neighbor_fill_vline_9_1,93312,,13.556296004071724,,,not_run,skipped,rule does not fit,
133,sparse_edit_or_object_completion,neighbor_fill_vline_9_2,93312,,13.556296004071724,,,not_run,skipped,rule does not fit,
133,sparse_edit_or_object_completion,neighbor_fill_cross_9_1,93312,,13.556296004071724,,,not_run,skipped,rule does not fit,
133,sparse_edit_or_object_completion,neighbor_fill_cross_9_2,93312,,13.556296004071724,,,not_run,skipped,rule does not fit,
133,sparse_edit_or_object_completion,neighbor_fill_cross_9_3,93312,,13.556296004071724,,,not_run,skipped,rule does not fit,
133,sparse_edit_or_object_completion,neighbor_fill_cross_9_4,93312,,13.556296004071724,,,not_run,skipped,rule does not fit,
133,sparse_edit_or_object_completion,neighbor_fill_square_9_1,93312,,13.556296004071724,,,not_run,skipped,rule does not fit,
133,sparse_edit_or_object_completion,neighbor_fill_square_9_2,93312,,13.556296004071724,,,not_run,skipped,rule does not fit,
133,sparse_edit_or_object_completion,neighbor_fill_square_9_3,93312,,13.556296004071724,,,not_run,skipped,rule does not fit,
133,sparse_edit_or_object_completion,neighbor_fill_square_9_4,93312,,13.556296004071724,,,not_run,skipped,rule does not fit,
133,sparse_edit_or_object_completion,neighbor_fill_square_9_5,93312,,13.556296004071724,,,not_run,skipped,rule does not fit,
133,sparse_edit_or_object_completion,neighbor_fill_square_9_6,93312,,13.556296004071724,,,not_run,skipped,rule does not fit,
133,sparse_edit_or_object_completion,neighbor_fill_square_9_7,93312,,13.556296004071724,,,not_run,skipped,rule does not fit,
133,sparse_edit_or_object_completion,neighbor_fill_square_9_8,93312,,13.556296004071724,,,not_run,skipped,rule does not fit,
204,sparse_edit_or_object_completion,signature_scatternd_lookup,92242,56172,13.567829162724907,14.06382630891193,141503,26_pass_0_fail,improved,ok,9738b30de48c8a1342648002a9bdd2c9e8455706c170ff9bb4fafa7b35f1c72f
204,sparse_edit_or_object_completion,direct_identity,92242,,13.567829162724907,,,not_run,skipped,not identity,
204,sparse_edit_or_object_completion,conv_color_map,92242,,13.567829162724907,,,not_run,skipped,conflicting color map,
204,sparse_edit_or_object_completion,fixed_mask_where,92242,,13.567829162724907,,,not_run,skipped,fixed edit conflict,
204,sparse_edit_or_object_completion,neighbor_fill_hline_2_1,92242,,13.567829162724907,,,not_run,skipped,rule does not fit,
204,sparse_edit_or_object_completion,neighbor_fill_hline_2_2,92242,,13.567829162724907,,,not_run,skipped,rule does not fit,
204,sparse_edit_or_object_completion,neighbor_fill_vline_2_1,92242,,13.567829162724907,,,not_run,skipped,rule does not fit,
204,sparse_edit_or_object_completion,neighbor_fill_vline_2_2,92242,,13.567829162724907,,,not_run,skipped,rule does not fit,
204,sparse_edit_or_object_completion,neighbor_fill_cross_2_1,92242,,13.567829162724907,,,not_run,skipped,rule does not fit,
204,sparse_edit_or_object_completion,neighbor_fill_cross_2_2,92242,,13.567829162724907,,,not_run,skipped,rule does not fit,
204,sparse_edit_or_object_completion,neighbor_fill_cross_2_3,92242,,13.567829162724907,,,not_run,skipped,rule does not fit,
204,sparse_edit_or_object_completion,neighbor_fill_cross_2_4,92242,,13.567829162724907,,,not_run,skipped,rule does not fit,
204,sparse_edit_or_object_completion,neighbor_fill_square_2_1,92242,,13.567829162724907,,,not_run,skipped,rule does not fit,
204,sparse_edit_or_object_completion,neighbor_fill_square_2_2,92242,,13.567829162724907,,,not_run,skipped,rule does not fit,
204,sparse_edit_or_object_completion,neighbor_fill_square_2_3,92242,,13.567829162724907,,,not_run,skipped,rule does not fit,
204,sparse_edit_or_object_completion,neighbor_fill_square_2_4,92242,,13.567829162724907,,,not_run,skipped,rule does not fit,
204,sparse_edit_or_object_completion,neighbor_fill_square_2_5,92242,,13.567829162724907,,,not_run,skipped,rule does not fit,
204,sparse_edit_or_object_completion,neighbor_fill_square_2_6,92242,,13.567829162724907,,,not_run,skipped,rule does not fit,
204,sparse_edit_or_object_completion,neighbor_fill_square_2_7,92242,,13.567829162724907,,,not_run,skipped,rule does not fit,
204,sparse_edit_or_object_completion,neighbor_fill_square_2_8,92242,,13.567829162724907,,,not_run,skipped,rule does not fit,
204,sparse_edit_or_object_completion,neighbor_fill_hline_7_1,92242,,13.567829162724907,,,not_run,skipped,rule does not fit,
204,sparse_edit_or_object_completion,neighbor_fill_hline_7_2,92242,,13.567829162724907,,,not_run,skipped,rule does not fit,
204,sparse_edit_or_object_completion,neighbor_fill_vline_7_1,92242,,13.567829162724907,,,not_run,skipped,rule does not fit,
204,sparse_edit_or_object_completion,neighbor_fill_vline_7_2,92242,,13.567829162724907,,,not_run,skipped,rule does not fit,
204,sparse_edit_or_object_completion,neighbor_fill_cross_7_1,92242,,13.567829162724907,,,not_run,skipped,rule does not fit,
204,sparse_edit_or_object_completion,neighbor_fill_cross_7_2,92242,,13.567829162724907,,,not_run,skipped,rule does not fit,
204,sparse_edit_or_object_completion,neighbor_fill_cross_7_3,92242,,13.567829162724907,,,not_run,skipped,rule does not fit,
204,sparse_edit_or_object_completion,neighbor_fill_cross_7_4,92242,,13.567829162724907,,,not_run,skipped,rule does not fit,
204,sparse_edit_or_object_completion,neighbor_fill_square_7_1,92242,,13.567829162724907,,,not_run,skipped,rule does not fit,
204,sparse_edit_or_object_completion,neighbor_fill_square_7_2,92242,,13.567829162724907,,,not_run,skipped,rule does not fit,
204,sparse_edit_or_object_completion,neighbor_fill_square_7_3,92242,,13.567829162724907,,,not_run,skipped,rule does not fit,
204,sparse_edit_or_object_completion,neighbor_fill_square_7_4,92242,,13.567829162724907,,,not_run,skipped,rule does not fit,
204,sparse_edit_or_object_completion,neighbor_fill_square_7_5,92242,,13.567829162724907,,,not_run,skipped,rule does not fit,
204,sparse_edit_or_object_completion,neighbor_fill_square_7_6,92242,,13.567829162724907,,,not_run,skipped,rule does not fit,
204,sparse_edit_or_object_completion,neighbor_fill_square_7_7,92242,,13.567829162724907,,,not_run,skipped,rule does not fit,
204,sparse_edit_or_object_completion,neighbor_fill_square_7_8,92242,,13.567829162724907,,,not_run,skipped,rule does not fit,
13,sparse_edit_or_object_completion,signature_scatternd_lookup,92022,54112,13.570217042121165,14.101188748301693,132643,25_pass_0_fail,improved,ok,f1ce25e2609fa52ee3089264de4c3babec362f826162bc329623610bbfa0c709
13,sparse_edit_or_object_completion,direct_identity,92022,,13.570217042121165,,,not_run,skipped,not identity,
13,sparse_edit_or_object_completion,conv_color_map,92022,,13.570217042121165,,,not_run,skipped,conflicting color map,
13,sparse_edit_or_object_completion,fixed_mask_where,92022,,13.570217042121165,,,not_run,skipped,fixed edit conflict,
13,sparse_edit_or_object_completion,neighbor_fill_hline_1_1,92022,,13.570217042121165,,,not_run,skipped,rule does not fit,
13,sparse_edit_or_object_completion,neighbor_fill_hline_1_2,92022,,13.570217042121165,,,not_run,skipped,rule does not fit,
13,sparse_edit_or_object_completion,neighbor_fill_vline_1_1,92022,,13.570217042121165,,,not_run,skipped,rule does not fit,
13,sparse_edit_or_object_completion,neighbor_fill_vline_1_2,92022,,13.570217042121165,,,not_run,skipped,rule does not fit,
13,sparse_edit_or_object_completion,neighbor_fill_cross_1_1,92022,,13.570217042121165,,,not_run,skipped,rule does not fit,
13,sparse_edit_or_object_completion,neighbor_fill_cross_1_2,92022,,13.570217042121165,,,not_run,skipped,rule does not fit,
13,sparse_edit_or_object_completion,neighbor_fill_cross_1_3,92022,,13.570217042121165,,,not_run,skipped,rule does not fit,
13,sparse_edit_or_object_completion,neighbor_fill_cross_1_4,92022,,13.570217042121165,,,not_run,skipped,rule does not fit,
13,sparse_edit_or_object_completion,neighbor_fill_square_1_1,92022,,13.570217042121165,,,not_run,skipped,rule does not fit,
13,sparse_edit_or_object_completion,neighbor_fill_square_1_2,92022,,13.570217042121165,,,not_run,skipped,rule does not fit,
13,sparse_edit_or_object_completion,neighbor_fill_square_1_3,92022,,13.570217042121165,,,not_run,skipped,rule does not fit,
13,sparse_edit_or_object_completion,neighbor_fill_square_1_4,92022,,13.570217042121165,,,not_run,skipped,rule does not fit,
13,sparse_edit_or_object_completion,neighbor_fill_square_1_5,92022,,13.570217042121165,,,not_run,skipped,rule does not fit,
13,sparse_edit_or_object_completion,neighbor_fill_square_1_6,92022,,13.570217042121165,,,not_run,skipped,rule does not fit,
13,sparse_edit_or_object_completion,neighbor_fill_square_1_7,92022,,13.570217042121165,,,not_run,skipped,rule does not fit,
13,sparse_edit_or_object_completion,neighbor_fill_square_1_8,92022,,13.570217042121165,,,not_run,skipped,rule does not fit,
13,sparse_edit_or_object_completion,neighbor_fill_hline_2_1,92022,,13.570217042121165,,,not_run,skipped,rule does not fit,
13,sparse_edit_or_object_completion,neighbor_fill_hline_2_2,92022,,13.570217042121165,,,not_run,skipped,rule does not fit,
13,sparse_edit_or_object_completion,neighbor_fill_vline_2_1,92022,,13.570217042121165,,,not_run,skipped,rule does not fit,
13,sparse_edit_or_object_completion,neighbor_fill_vline_2_2,92022,,13.570217042121165,,,not_run,skipped,rule does not fit,
13,sparse_edit_or_object_completion,neighbor_fill_cross_2_1,92022,,13.570217042121165,,,not_run,skipped,rule does not fit,
13,sparse_edit_or_object_completion,neighbor_fill_cross_2_2,92022,,13.570217042121165,,,not_run,skipped,rule does not fit,
13,sparse_edit_or_object_completion,neighbor_fill_cross_2_3,92022,,13.570217042121165,,,not_run,skipped,rule does not fit,
13,sparse_edit_or_object_completion,neighbor_fill_cross_2_4,92022,,13.570217042121165,,,not_run,skipped,rule does not fit,
13,sparse_edit_or_object_completion,neighbor_fill_square_2_1,92022,,13.570217042121165,,,not_run,skipped,rule does not fit,
13,sparse_edit_or_object_completion,neighbor_fill_square_2_2,92022,,13.570217042121165,,,not_run,skipped,rule does not fit,
13,sparse_edit_or_object_completion,neighbor_fill_square_2_3,92022,,13.570217042121165,,,not_run,skipped,rule does not fit,
13,sparse_edit_or_object_completion,neighbor_fill_square_2_4,92022,,13.570217042121165,,,not_run,skipped,rule does not fit,
13,sparse_edit_or_object_completion,neighbor_fill_square_2_5,92022,,13.570217042121165,,,not_run,skipped,rule does not fit,
13,sparse_edit_or_object_completion,neighbor_fill_square_2_6,92022,,13.570217042121165,,,not_run,skipped,rule does not fit,
13,sparse_edit_or_object_completion,neighbor_fill_square_2_7,92022,,13.570217042121165,,,not_run,skipped,rule does not fit,
13,sparse_edit_or_object_completion,neighbor_fill_square_2_8,92022,,13.570217042121165,,,not_run,skipped,rule does not fit,
13,sparse_edit_or_object_completion,neighbor_fill_hline_3_1,92022,,13.570217042121165,,,not_run,skipped,rule does not fit,
13,sparse_edit_or_object_completion,neighbor_fill_hline_3_2,92022,,13.570217042121165,,,not_run,skipped,rule does not fit,
13,sparse_edit_or_object_completion,neighbor_fill_vline_3_1,92022,,13.570217042121165,,,not_run,skipped,rule does not fit,
13,sparse_edit_or_object_completion,neighbor_fill_vline_3_2,92022,,13.570217042121165,,,not_run,skipped,rule does not fit,
13,sparse_edit_or_object_completion,neighbor_fill_cross_3_1,92022,,13.570217042121165,,,not_run,skipped,rule does not fit,
13,sparse_edit_or_object_completion,neighbor_fill_cross_3_2,92022,,13.570217042121165,,,not_run,skipped,rule does not fit,
13,sparse_edit_or_object_completion,neighbor_fill_cross_3_3,92022,,13.570217042121165,,,not_run,skipped,rule does not fit,
13,sparse_edit_or_object_completion,neighbor_fill_cross_3_4,92022,,13.570217042121165,,,not_run,skipped,rule does not fit,
13,sparse_edit_or_object_completion,neighbor_fill_square_3_1,92022,,13.570217042121165,,,not_run,skipped,rule does not fit,
13,sparse_edit_or_object_completion,neighbor_fill_square_3_2,92022,,13.570217042121165,,,not_run,skipped,rule does not fit,
13,sparse_edit_or_object_completion,neighbor_fill_square_3_3,92022,,13.570217042121165,,,not_run,skipped,rule does not fit,
13,sparse_edit_or_object_completion,neighbor_fill_square_3_4,92022,,13.570217042121165,,,not_run,skipped,rule does not fit,
13,sparse_edit_or_object_completion,neighbor_fill_square_3_5,92022,,13.570217042121165,,,not_run,skipped,rule does not fit,
13,sparse_edit_or_object_completion,neighbor_fill_square_3_6,92022,,13.570217042121165,,,not_run,skipped,rule does not fit,
13,sparse_edit_or_object_completion,neighbor_fill_square_3_7,92022,,13.570217042121165,,,not_run,skipped,rule does not fit,
13,sparse_edit_or_object_completion,neighbor_fill_square_3_8,92022,,13.570217042121165,,,not_run,skipped,rule does not fit,
13,sparse_edit_or_object_completion,neighbor_fill_hline_4_1,92022,,13.570217042121165,,,not_run,skipped,rule does not fit,
13,sparse_edit_or_object_completion,neighbor_fill_hline_4_2,92022,,13.570217042121165,,,not_run,skipped,rule does not fit,
13,sparse_edit_or_object_completion,neighbor_fill_vline_4_1,92022,,13.570217042121165,,,not_run,skipped,rule does not fit,
13,sparse_edit_or_object_completion,neighbor_fill_vline_4_2,92022,,13.570217042121165,,,not_run,skipped,rule does not fit,
13,sparse_edit_or_object_completion,neighbor_fill_cross_4_1,92022,,13.570217042121165,,,not_run,skipped,rule does not fit,
13,sparse_edit_or_object_completion,neighbor_fill_cross_4_2,92022,,13.570217042121165,,,not_run,skipped,rule does not fit,
13,sparse_edit_or_object_completion,neighbor_fill_cross_4_3,92022,,13.570217042121165,,,not_run,skipped,rule does not fit,
13,sparse_edit_or_object_completion,neighbor_fill_cross_4_4,92022,,13.570217042121165,,,not_run,skipped,rule does not fit,
13,sparse_edit_or_object_completion,neighbor_fill_square_4_1,92022,,13.570217042121165,,,not_run,skipped,rule does not fit,
13,sparse_edit_or_object_completion,neighbor_fill_square_4_2,92022,,13.570217042121165,,,not_run,skipped,rule does not fit,
13,sparse_edit_or_object_completion,neighbor_fill_square_4_3,92022,,13.570217042121165,,,not_run,skipped,rule does not fit,
13,sparse_edit_or_object_completion,neighbor_fill_square_4_4,92022,,13.570217042121165,,,not_run,skipped,rule does not fit,
13,sparse_edit_or_object_completion,neighbor_fill_square_4_5,92022,,13.570217042121165,,,not_run,skipped,rule does not fit,
13,sparse_edit_or_object_completion,neighbor_fill_square_4_6,92022,,13.570217042121165,,,not_run,skipped,rule does not fit,
13,sparse_edit_or_object_completion,neighbor_fill_square_4_7,92022,,13.570217042121165,,,not_run,skipped,rule does not fit,
13,sparse_edit_or_object_completion,neighbor_fill_square_4_8,92022,,13.570217042121165,,,not_run,skipped,rule does not fit,
13,sparse_edit_or_object_completion,neighbor_fill_hline_5_1,92022,,13.570217042121165,,,not_run,skipped,rule does not fit,
13,sparse_edit_or_object_completion,neighbor_fill_hline_5_2,92022,,13.570217042121165,,,not_run,skipped,rule does not fit,
13,sparse_edit_or_object_completion,neighbor_fill_vline_5_1,92022,,13.570217042121165,,,not_run,skipped,rule does not fit,
13,sparse_edit_or_object_completion,neighbor_fill_vline_5_2,92022,,13.570217042121165,,,not_run,skipped,rule does not fit,
13,sparse_edit_or_object_completion,neighbor_fill_cross_5_1,92022,,13.570217042121165,,,not_run,skipped,rule does not fit,
13,sparse_edit_or_object_completion,neighbor_fill_cross_5_2,92022,,13.570217042121165,,,not_run,skipped,rule does not fit,
13,sparse_edit_or_object_completion,neighbor_fill_cross_5_3,92022,,13.570217042121165,,,not_run,skipped,rule does not fit,
13,sparse_edit_or_object_completion,neighbor_fill_cross_5_4,92022,,13.570217042121165,,,not_run,skipped,rule does not fit,
13,sparse_edit_or_object_completion,neighbor_fill_square_5_1,92022,,13.570217042121165,,,not_run,skipped,rule does not fit,
13,sparse_edit_or_object_completion,neighbor_fill_square_5_2,92022,,13.570217042121165,,,not_run,skipped,rule does not fit,
13,sparse_edit_or_object_completion,neighbor_fill_square_5_3,92022,,13.570217042121165,,,not_run,skipped,rule does not fit,
13,sparse_edit_or_object_completion,neighbor_fill_square_5_4,92022,,13.570217042121165,,,not_run,skipped,rule does not fit,
13,sparse_edit_or_object_completion,neighbor_fill_square_5_5,92022,,13.570217042121165,,,not_run,skipped,rule does not fit,
13,sparse_edit_or_object_completion,neighbor_fill_square_5_6,92022,,13.570217042121165,,,not_run,skipped,rule does not fit,
13,sparse_edit_or_object_completion,neighbor_fill_square_5_7,92022,,13.570217042121165,,,not_run,skipped,rule does not fit,
13,sparse_edit_or_object_completion,neighbor_fill_square_5_8,92022,,13.570217042121165,,,not_run,skipped,rule does not fit,
13,sparse_edit_or_object_completion,neighbor_fill_hline_6_1,92022,,13.570217042121165,,,not_run,skipped,rule does not fit,
13,sparse_edit_or_object_completion,neighbor_fill_hline_6_2,92022,,13.570217042121165,,,not_run,skipped,rule does not fit,
13,sparse_edit_or_object_completion,neighbor_fill_vline_6_1,92022,,13.570217042121165,,,not_run,skipped,rule does not fit,
13,sparse_edit_or_object_completion,neighbor_fill_vline_6_2,92022,,13.570217042121165,,,not_run,skipped,rule does not fit,
13,sparse_edit_or_object_completion,neighbor_fill_cross_6_1,92022,,13.570217042121165,,,not_run,skipped,rule does not fit,
13,sparse_edit_or_object_completion,neighbor_fill_cross_6_2,92022,,13.570217042121165,,,not_run,skipped,rule does not fit,
13,sparse_edit_or_object_completion,neighbor_fill_cross_6_3,92022,,13.570217042121165,,,not_run,skipped,rule does not fit,
13,sparse_edit_or_object_completion,neighbor_fill_cross_6_4,92022,,13.570217042121165,,,not_run,skipped,rule does not fit,
13,sparse_edit_or_object_completion,neighbor_fill_square_6_1,92022,,13.570217042121165,,,not_run,skipped,rule does not fit,
13,sparse_edit_or_object_completion,neighbor_fill_square_6_2,92022,,13.570217042121165,,,not_run,skipped,rule does not fit,
13,sparse_edit_or_object_completion,neighbor_fill_square_6_3,92022,,13.570217042121165,,,not_run,skipped,rule does not fit,
13,sparse_edit_or_object_completion,neighbor_fill_square_6_4,92022,,13.570217042121165,,,not_run,skipped,rule does not fit,
13,sparse_edit_or_object_completion,neighbor_fill_square_6_5,92022,,13.570217042121165,,,not_run,skipped,rule does not fit,
13,sparse_edit_or_object_completion,neighbor_fill_square_6_6,92022,,13.570217042121165,,,not_run,skipped,rule does not fit,
13,sparse_edit_or_object_completion,neighbor_fill_square_6_7,92022,,13.570217042121165,,,not_run,skipped,rule does not fit,
13,sparse_edit_or_object_completion,neighbor_fill_square_6_8,92022,,13.570217042121165,,,not_run,skipped,rule does not fit,
13,sparse_edit_or_object_completion,neighbor_fill_hline_7_1,92022,,13.570217042121165,,,not_run,skipped,rule does not fit,
13,sparse_edit_or_object_completion,neighbor_fill_hline_7_2,92022,,13.570217042121165,,,not_run,skipped,rule does not fit,
13,sparse_edit_or_object_completion,neighbor_fill_vline_7_1,92022,,13.570217042121165,,,not_run,skipped,rule does not fit,
13,sparse_edit_or_object_completion,neighbor_fill_vline_7_2,92022,,13.570217042121165,,,not_run,skipped,rule does not fit,
13,sparse_edit_or_object_completion,neighbor_fill_cross_7_1,92022,,13.570217042121165,,,not_run,skipped,rule does not fit,
13,sparse_edit_or_object_completion,neighbor_fill_cross_7_2,92022,,13.570217042121165,,,not_run,skipped,rule does not fit,
13,sparse_edit_or_object_completion,neighbor_fill_cross_7_3,92022,,13.570217042121165,,,not_run,skipped,rule does not fit,
13,sparse_edit_or_object_completion,neighbor_fill_cross_7_4,92022,,13.570217042121165,,,not_run,skipped,rule does not fit,
13,sparse_edit_or_object_completion,neighbor_fill_square_7_1,92022,,13.570217042121165,,,not_run,skipped,rule does not fit,
13,sparse_edit_or_object_completion,neighbor_fill_square_7_2,92022,,13.570217042121165,,,not_run,skipped,rule does not fit,
13,sparse_edit_or_object_completion,neighbor_fill_square_7_3,92022,,13.570217042121165,,,not_run,skipped,rule does not fit,
13,sparse_edit_or_object_completion,neighbor_fill_square_7_4,92022,,13.570217042121165,,,not_run,skipped,rule does not fit,
13,sparse_edit_or_object_completion,neighbor_fill_square_7_5,92022,,13.570217042121165,,,not_run,skipped,rule does not fit,
13,sparse_edit_or_object_completion,neighbor_fill_square_7_6,92022,,13.570217042121165,,,not_run,skipped,rule does not fit,
13,sparse_edit_or_object_completion,neighbor_fill_square_7_7,92022,,13.570217042121165,,,not_run,skipped,rule does not fit,
13,sparse_edit_or_object_completion,neighbor_fill_square_7_8,92022,,13.570217042121165,,,not_run,skipped,rule does not fit,
13,sparse_edit_or_object_completion,neighbor_fill_hline_8_1,92022,,13.570217042121165,,,not_run,skipped,rule does not fit,
13,sparse_edit_or_object_completion,neighbor_fill_hline_8_2,92022,,13.570217042121165,,,not_run,skipped,rule does not fit,
13,sparse_edit_or_object_completion,neighbor_fill_vline_8_1,92022,,13.570217042121165,,,not_run,skipped,rule does not fit,
13,sparse_edit_or_object_completion,neighbor_fill_vline_8_2,92022,,13.570217042121165,,,not_run,skipped,rule does not fit,
13,sparse_edit_or_object_completion,neighbor_fill_cross_8_1,92022,,13.570217042121165,,,not_run,skipped,rule does not fit,
13,sparse_edit_or_object_completion,neighbor_fill_cross_8_2,92022,,13.570217042121165,,,not_run,skipped,rule does not fit,
13,sparse_edit_or_object_completion,neighbor_fill_cross_8_3,92022,,13.570217042121165,,,not_run,skipped,rule does not fit,
13,sparse_edit_or_object_completion,neighbor_fill_cross_8_4,92022,,13.570217042121165,,,not_run,skipped,rule does not fit,
13,sparse_edit_or_object_completion,neighbor_fill_square_8_1,92022,,13.570217042121165,,,not_run,skipped,rule does not fit,
13,sparse_edit_or_object_completion,neighbor_fill_square_8_2,92022,,13.570217042121165,,,not_run,skipped,rule does not fit,
13,sparse_edit_or_object_completion,neighbor_fill_square_8_3,92022,,13.570217042121165,,,not_run,skipped,rule does not fit,
13,sparse_edit_or_object_completion,neighbor_fill_square_8_4,92022,,13.570217042121165,,,not_run,skipped,rule does not fit,
13,sparse_edit_or_object_completion,neighbor_fill_square_8_5,92022,,13.570217042121165,,,not_run,skipped,rule does not fit,
13,sparse_edit_or_object_completion,neighbor_fill_square_8_6,92022,,13.570217042121165,,,not_run,skipped,rule does not fit,
13,sparse_edit_or_object_completion,neighbor_fill_square_8_7,92022,,13.570217042121165,,,not_run,skipped,rule does not fit,
13,sparse_edit_or_object_completion,neighbor_fill_square_8_8,92022,,13.570217042121165,,,not_run,skipped,rule does not fit,
13,sparse_edit_or_object_completion,neighbor_fill_hline_9_1,92022,,13.570217042121165,,,not_run,skipped,rule does not fit,
13,sparse_edit_or_object_completion,neighbor_fill_hline_9_2,92022,,13.570217042121165,,,not_run,skipped,rule does not fit,
13,sparse_edit_or_object_completion,neighbor_fill_vline_9_1,92022,,13.570217042121165,,,not_run,skipped,rule does not fit,
13,sparse_edit_or_object_completion,neighbor_fill_vline_9_2,92022,,13.570217042121165,,,not_run,skipped,rule does not fit,
13,sparse_edit_or_object_completion,neighbor_fill_cross_9_1,92022,,13.570217042121165,,,not_run,skipped,rule does not fit,
13,sparse_edit_or_object_completion,neighbor_fill_cross_9_2,92022,,13.570217042121165,,,not_run,skipped,rule does not fit,
13,sparse_edit_or_object_completion,neighbor_fill_cross_9_3,92022,,13.570217042121165,,,not_run,skipped,rule does not fit,
13,sparse_edit_or_object_completion,neighbor_fill_cross_9_4,92022,,13.570217042121165,,,not_run,skipped,rule does not fit,
13,sparse_edit_or_object_completion,neighbor_fill_square_9_1,92022,,13.570217042121165,,,not_run,skipped,rule does not fit,
13,sparse_edit_or_object_completion,neighbor_fill_square_9_2,92022,,13.570217042121165,,,not_run,skipped,rule does not fit,
13,sparse_edit_or_object_completion,neighbor_fill_square_9_3,92022,,13.570217042121165,,,not_run,skipped,rule does not fit,
13,sparse_edit_or_object_completion,neighbor_fill_square_9_4,92022,,13.570217042121165,,,not_run,skipped,rule does not fit,
13,sparse_edit_or_object_completion,neighbor_fill_square_9_5,92022,,13.570217042121165,,,not_run,skipped,rule does not fit,
13,sparse_edit_or_object_completion,neighbor_fill_square_9_6,92022,,13.570217042121165,,,not_run,skipped,rule does not fit,
13,sparse_edit_or_object_completion,neighbor_fill_square_9_7,92022,,13.570217042121165,,,not_run,skipped,rule does not fit,
13,sparse_edit_or_object_completion,neighbor_fill_square_9_8,92022,,13.570217042121165,,,not_run,skipped,rule does not fit,
54,sparse_edit_or_object_completion,signature_scatternd_lookup,90855,52412,13.582979891916843,14.133109148275524,127975,24_pass_0_fail,improved,ok,77df47c8eb85807ac86965ed3a2f8a7e81e951731f03fe6879c1f60653785d39
54,sparse_edit_or_object_completion,direct_identity,90855,,13.582979891916843,,,not_run,skipped,not identity,
54,sparse_edit_or_object_completion,conv_color_map,90855,,13.582979891916843,,,not_run,skipped,conflicting color map,
54,sparse_edit_or_object_completion,fixed_mask_where,90855,,13.582979891916843,,,not_run,skipped,fixed edit conflict,
54,sparse_edit_or_object_completion,neighbor_fill_hline_1_1,90855,,13.582979891916843,,,not_run,skipped,rule does not fit,
54,sparse_edit_or_object_completion,neighbor_fill_hline_1_2,90855,,13.582979891916843,,,not_run,skipped,rule does not fit,
54,sparse_edit_or_object_completion,neighbor_fill_vline_1_1,90855,,13.582979891916843,,,not_run,skipped,rule does not fit,
54,sparse_edit_or_object_completion,neighbor_fill_vline_1_2,90855,,13.582979891916843,,,not_run,skipped,rule does not fit,
54,sparse_edit_or_object_completion,neighbor_fill_cross_1_1,90855,,13.582979891916843,,,not_run,skipped,rule does not fit,
54,sparse_edit_or_object_completion,neighbor_fill_cross_1_2,90855,,13.582979891916843,,,not_run,skipped,rule does not fit,
54,sparse_edit_or_object_completion,neighbor_fill_cross_1_3,90855,,13.582979891916843,,,not_run,skipped,rule does not fit,
54,sparse_edit_or_object_completion,neighbor_fill_cross_1_4,90855,,13.582979891916843,,,not_run,skipped,rule does not fit,
54,sparse_edit_or_object_completion,neighbor_fill_square_1_1,90855,,13.582979891916843,,,not_run,skipped,rule does not fit,
54,sparse_edit_or_object_completion,neighbor_fill_square_1_2,90855,,13.582979891916843,,,not_run,skipped,rule does not fit,
54,sparse_edit_or_object_completion,neighbor_fill_square_1_3,90855,,13.582979891916843,,,not_run,skipped,rule does not fit,
54,sparse_edit_or_object_completion,neighbor_fill_square_1_4,90855,,13.582979891916843,,,not_run,skipped,rule does not fit,
54,sparse_edit_or_object_completion,neighbor_fill_square_1_5,90855,,13.582979891916843,,,not_run,skipped,rule does not fit,
54,sparse_edit_or_object_completion,neighbor_fill_square_1_6,90855,,13.582979891916843,,,not_run,skipped,rule does not fit,
54,sparse_edit_or_object_completion,neighbor_fill_square_1_7,90855,,13.582979891916843,,,not_run,skipped,rule does not fit,
54,sparse_edit_or_object_completion,neighbor_fill_square_1_8,90855,,13.582979891916843,,,not_run,skipped,rule does not fit,
54,sparse_edit_or_object_completion,neighbor_fill_hline_2_1,90855,,13.582979891916843,,,not_run,skipped,rule does not fit,
54,sparse_edit_or_object_completion,neighbor_fill_hline_2_2,90855,,13.582979891916843,,,not_run,skipped,rule does not fit,
54,sparse_edit_or_object_completion,neighbor_fill_vline_2_1,90855,,13.582979891916843,,,not_run,skipped,rule does not fit,
54,sparse_edit_or_object_completion,neighbor_fill_vline_2_2,90855,,13.582979891916843,,,not_run,skipped,rule does not fit,
54,sparse_edit_or_object_completion,neighbor_fill_cross_2_1,90855,,13.582979891916843,,,not_run,skipped,rule does not fit,
54,sparse_edit_or_object_completion,neighbor_fill_cross_2_2,90855,,13.582979891916843,,,not_run,skipped,rule does not fit,
54,sparse_edit_or_object_completion,neighbor_fill_cross_2_3,90855,,13.582979891916843,,,not_run,skipped,rule does not fit,
54,sparse_edit_or_object_completion,neighbor_fill_cross_2_4,90855,,13.582979891916843,,,not_run,skipped,rule does not fit,
54,sparse_edit_or_object_completion,neighbor_fill_square_2_1,90855,,13.582979891916843,,,not_run,skipped,rule does not fit,
54,sparse_edit_or_object_completion,neighbor_fill_square_2_2,90855,,13.582979891916843,,,not_run,skipped,rule does not fit,
54,sparse_edit_or_object_completion,neighbor_fill_square_2_3,90855,,13.582979891916843,,,not_run,skipped,rule does not fit,
54,sparse_edit_or_object_completion,neighbor_fill_square_2_4,90855,,13.582979891916843,,,not_run,skipped,rule does not fit,
54,sparse_edit_or_object_completion,neighbor_fill_square_2_5,90855,,13.582979891916843,,,not_run,skipped,rule does not fit,
54,sparse_edit_or_object_completion,neighbor_fill_square_2_6,90855,,13.582979891916843,,,not_run,skipped,rule does not fit,
54,sparse_edit_or_object_completion,neighbor_fill_square_2_7,90855,,13.582979891916843,,,not_run,skipped,rule does not fit,
54,sparse_edit_or_object_completion,neighbor_fill_square_2_8,90855,,13.582979891916843,,,not_run,skipped,rule does not fit,
54,sparse_edit_or_object_completion,neighbor_fill_hline_3_1,90855,,13.582979891916843,,,not_run,skipped,rule does not fit,
54,sparse_edit_or_object_completion,neighbor_fill_hline_3_2,90855,,13.582979891916843,,,not_run,skipped,rule does not fit,
54,sparse_edit_or_object_completion,neighbor_fill_vline_3_1,90855,,13.582979891916843,,,not_run,skipped,rule does not fit,
54,sparse_edit_or_object_completion,neighbor_fill_vline_3_2,90855,,13.582979891916843,,,not_run,skipped,rule does not fit,
54,sparse_edit_or_object_completion,neighbor_fill_cross_3_1,90855,,13.582979891916843,,,not_run,skipped,rule does not fit,
54,sparse_edit_or_object_completion,neighbor_fill_cross_3_2,90855,,13.582979891916843,,,not_run,skipped,rule does not fit,
54,sparse_edit_or_object_completion,neighbor_fill_cross_3_3,90855,,13.582979891916843,,,not_run,skipped,rule does not fit,
54,sparse_edit_or_object_completion,neighbor_fill_cross_3_4,90855,,13.582979891916843,,,not_run,skipped,rule does not fit,
54,sparse_edit_or_object_completion,neighbor_fill_square_3_1,90855,,13.582979891916843,,,not_run,skipped,rule does not fit,
54,sparse_edit_or_object_completion,neighbor_fill_square_3_2,90855,,13.582979891916843,,,not_run,skipped,rule does not fit,
54,sparse_edit_or_object_completion,neighbor_fill_square_3_3,90855,,13.582979891916843,,,not_run,skipped,rule does not fit,
54,sparse_edit_or_object_completion,neighbor_fill_square_3_4,90855,,13.582979891916843,,,not_run,skipped,rule does not fit,
54,sparse_edit_or_object_completion,neighbor_fill_square_3_5,90855,,13.582979891916843,,,not_run,skipped,rule does not fit,
54,sparse_edit_or_object_completion,neighbor_fill_square_3_6,90855,,13.582979891916843,,,not_run,skipped,rule does not fit,
54,sparse_edit_or_object_completion,neighbor_fill_square_3_7,90855,,13.582979891916843,,,not_run,skipped,rule does not fit,
54,sparse_edit_or_object_completion,neighbor_fill_square_3_8,90855,,13.582979891916843,,,not_run,skipped,rule does not fit,
54,sparse_edit_or_object_completion,neighbor_fill_hline_4_1,90855,,13.582979891916843,,,not_run,skipped,rule does not fit,
54,sparse_edit_or_object_completion,neighbor_fill_hline_4_2,90855,,13.582979891916843,,,not_run,skipped,rule does not fit,
54,sparse_edit_or_object_completion,neighbor_fill_vline_4_1,90855,,13.582979891916843,,,not_run,skipped,rule does not fit,
54,sparse_edit_or_object_completion,neighbor_fill_vline_4_2,90855,,13.582979891916843,,,not_run,skipped,rule does not fit,
54,sparse_edit_or_object_completion,neighbor_fill_cross_4_1,90855,,13.582979891916843,,,not_run,skipped,rule does not fit,
54,sparse_edit_or_object_completion,neighbor_fill_cross_4_2,90855,,13.582979891916843,,,not_run,skipped,rule does not fit,
54,sparse_edit_or_object_completion,neighbor_fill_cross_4_3,90855,,13.582979891916843,,,not_run,skipped,rule does not fit,
54,sparse_edit_or_object_completion,neighbor_fill_cross_4_4,90855,,13.582979891916843,,,not_run,skipped,rule does not fit,
54,sparse_edit_or_object_completion,neighbor_fill_square_4_1,90855,,13.582979891916843,,,not_run,skipped,rule does not fit,
54,sparse_edit_or_object_completion,neighbor_fill_square_4_2,90855,,13.582979891916843,,,not_run,skipped,rule does not fit,
54,sparse_edit_or_object_completion,neighbor_fill_square_4_3,90855,,13.582979891916843,,,not_run,skipped,rule does not fit,
54,sparse_edit_or_object_completion,neighbor_fill_square_4_4,90855,,13.582979891916843,,,not_run,skipped,rule does not fit,
54,sparse_edit_or_object_completion,neighbor_fill_square_4_5,90855,,13.582979891916843,,,not_run,skipped,rule does not fit,
54,sparse_edit_or_object_completion,neighbor_fill_square_4_6,90855,,13.582979891916843,,,not_run,skipped,rule does not fit,
54,sparse_edit_or_object_completion,neighbor_fill_square_4_7,90855,,13.582979891916843,,,not_run,skipped,rule does not fit,
54,sparse_edit_or_object_completion,neighbor_fill_square_4_8,90855,,13.582979891916843,,,not_run,skipped,rule does not fit,
54,sparse_edit_or_object_completion,neighbor_fill_hline_5_1,90855,,13.582979891916843,,,not_run,skipped,rule does not fit,
54,sparse_edit_or_object_completion,neighbor_fill_hline_5_2,90855,,13.582979891916843,,,not_run,skipped,rule does not fit,
54,sparse_edit_or_object_completion,neighbor_fill_vline_5_1,90855,,13.582979891916843,,,not_run,skipped,rule does not fit,
54,sparse_edit_or_object_completion,neighbor_fill_vline_5_2,90855,,13.582979891916843,,,not_run,skipped,rule does not fit,
54,sparse_edit_or_object_completion,neighbor_fill_cross_5_1,90855,,13.582979891916843,,,not_run,skipped,rule does not fit,
54,sparse_edit_or_object_completion,neighbor_fill_cross_5_2,90855,,13.582979891916843,,,not_run,skipped,rule does not fit,
54,sparse_edit_or_object_completion,neighbor_fill_cross_5_3,90855,,13.582979891916843,,,not_run,skipped,rule does not fit,
54,sparse_edit_or_object_completion,neighbor_fill_cross_5_4,90855,,13.582979891916843,,,not_run,skipped,rule does not fit,
54,sparse_edit_or_object_completion,neighbor_fill_square_5_1,90855,,13.582979891916843,,,not_run,skipped,rule does not fit,
54,sparse_edit_or_object_completion,neighbor_fill_square_5_2,90855,,13.582979891916843,,,not_run,skipped,rule does not fit,
54,sparse_edit_or_object_completion,neighbor_fill_square_5_3,90855,,13.582979891916843,,,not_run,skipped,rule does not fit,
54,sparse_edit_or_object_completion,neighbor_fill_square_5_4,90855,,13.582979891916843,,,not_run,skipped,rule does not fit,
54,sparse_edit_or_object_completion,neighbor_fill_square_5_5,90855,,13.582979891916843,,,not_run,skipped,rule does not fit,
54,sparse_edit_or_object_completion,neighbor_fill_square_5_6,90855,,13.582979891916843,,,not_run,skipped,rule does not fit,
54,sparse_edit_or_object_completion,neighbor_fill_square_5_7,90855,,13.582979891916843,,,not_run,skipped,rule does not fit,
54,sparse_edit_or_object_completion,neighbor_fill_square_5_8,90855,,13.582979891916843,,,not_run,skipped,rule does not fit,
54,sparse_edit_or_object_completion,neighbor_fill_hline_6_1,90855,,13.582979891916843,,,not_run,skipped,rule does not fit,
54,sparse_edit_or_object_completion,neighbor_fill_hline_6_2,90855,,13.582979891916843,,,not_run,skipped,rule does not fit,
54,sparse_edit_or_object_completion,neighbor_fill_vline_6_1,90855,,13.582979891916843,,,not_run,skipped,rule does not fit,
54,sparse_edit_or_object_completion,neighbor_fill_vline_6_2,90855,,13.582979891916843,,,not_run,skipped,rule does not fit,
54,sparse_edit_or_object_completion,neighbor_fill_cross_6_1,90855,,13.582979891916843,,,not_run,skipped,rule does not fit,
54,sparse_edit_or_object_completion,neighbor_fill_cross_6_2,90855,,13.582979891916843,,,not_run,skipped,rule does not fit,
54,sparse_edit_or_object_completion,neighbor_fill_cross_6_3,90855,,13.582979891916843,,,not_run,skipped,rule does not fit,
54,sparse_edit_or_object_completion,neighbor_fill_cross_6_4,90855,,13.582979891916843,,,not_run,skipped,rule does not fit,
54,sparse_edit_or_object_completion,neighbor_fill_square_6_1,90855,,13.582979891916843,,,not_run,skipped,rule does not fit,
54,sparse_edit_or_object_completion,neighbor_fill_square_6_2,90855,,13.582979891916843,,,not_run,skipped,rule does not fit,
54,sparse_edit_or_object_completion,neighbor_fill_square_6_3,90855,,13.582979891916843,,,not_run,skipped,rule does not fit,
54,sparse_edit_or_object_completion,neighbor_fill_square_6_4,90855,,13.582979891916843,,,not_run,skipped,rule does not fit,
54,sparse_edit_or_object_completion,neighbor_fill_square_6_5,90855,,13.582979891916843,,,not_run,skipped,rule does not fit,
54,sparse_edit_or_object_completion,neighbor_fill_square_6_6,90855,,13.582979891916843,,,not_run,skipped,rule does not fit,
54,sparse_edit_or_object_completion,neighbor_fill_square_6_7,90855,,13.582979891916843,,,not_run,skipped,rule does not fit,
54,sparse_edit_or_object_completion,neighbor_fill_square_6_8,90855,,13.582979891916843,,,not_run,skipped,rule does not fit,
54,sparse_edit_or_object_completion,neighbor_fill_hline_7_1,90855,,13.582979891916843,,,not_run,skipped,rule does not fit,
54,sparse_edit_or_object_completion,neighbor_fill_hline_7_2,90855,,13.582979891916843,,,not_run,skipped,rule does not fit,
54,sparse_edit_or_object_completion,neighbor_fill_vline_7_1,90855,,13.582979891916843,,,not_run,skipped,rule does not fit,
54,sparse_edit_or_object_completion,neighbor_fill_vline_7_2,90855,,13.582979891916843,,,not_run,skipped,rule does not fit,
54,sparse_edit_or_object_completion,neighbor_fill_cross_7_1,90855,,13.582979891916843,,,not_run,skipped,rule does not fit,
54,sparse_edit_or_object_completion,neighbor_fill_cross_7_2,90855,,13.582979891916843,,,not_run,skipped,rule does not fit,
54,sparse_edit_or_object_completion,neighbor_fill_cross_7_3,90855,,13.582979891916843,,,not_run,skipped,rule does not fit,
54,sparse_edit_or_object_completion,neighbor_fill_cross_7_4,90855,,13.582979891916843,,,not_run,skipped,rule does not fit,
54,sparse_edit_or_object_completion,neighbor_fill_square_7_1,90855,,13.582979891916843,,,not_run,skipped,rule does not fit,
54,sparse_edit_or_object_completion,neighbor_fill_square_7_2,90855,,13.582979891916843,,,not_run,skipped,rule does not fit,
54,sparse_edit_or_object_completion,neighbor_fill_square_7_3,90855,,13.582979891916843,,,not_run,skipped,rule does not fit,
54,sparse_edit_or_object_completion,neighbor_fill_square_7_4,90855,,13.582979891916843,,,not_run,skipped,rule does not fit,
54,sparse_edit_or_object_completion,neighbor_fill_square_7_5,90855,,13.582979891916843,,,not_run,skipped,rule does not fit,
54,sparse_edit_or_object_completion,neighbor_fill_square_7_6,90855,,13.582979891916843,,,not_run,skipped,rule does not fit,
54,sparse_edit_or_object_completion,neighbor_fill_square_7_7,90855,,13.582979891916843,,,not_run,skipped,rule does not fit,
54,sparse_edit_or_object_completion,neighbor_fill_square_7_8,90855,,13.582979891916843,,,not_run,skipped,rule does not fit,
54,sparse_edit_or_object_completion,neighbor_fill_hline_8_1,90855,,13.582979891916843,,,not_run,skipped,rule does not fit,
54,sparse_edit_or_object_completion,neighbor_fill_hline_8_2,90855,,13.582979891916843,,,not_run,skipped,rule does not fit,
54,sparse_edit_or_object_completion,neighbor_fill_vline_8_1,90855,,13.582979891916843,,,not_run,skipped,rule does not fit,
54,sparse_edit_or_object_completion,neighbor_fill_vline_8_2,90855,,13.582979891916843,,,not_run,skipped,rule does not fit,
54,sparse_edit_or_object_completion,neighbor_fill_cross_8_1,90855,,13.582979891916843,,,not_run,skipped,rule does not fit,
54,sparse_edit_or_object_completion,neighbor_fill_cross_8_2,90855,,13.582979891916843,,,not_run,skipped,rule does not fit,
54,sparse_edit_or_object_completion,neighbor_fill_cross_8_3,90855,,13.582979891916843,,,not_run,skipped,rule does not fit,
54,sparse_edit_or_object_completion,neighbor_fill_cross_8_4,90855,,13.582979891916843,,,not_run,skipped,rule does not fit,
54,sparse_edit_or_object_completion,neighbor_fill_square_8_1,90855,,13.582979891916843,,,not_run,skipped,rule does not fit,
54,sparse_edit_or_object_completion,neighbor_fill_square_8_2,90855,,13.582979891916843,,,not_run,skipped,rule does not fit,
54,sparse_edit_or_object_completion,neighbor_fill_square_8_3,90855,,13.582979891916843,,,not_run,skipped,rule does not fit,
54,sparse_edit_or_object_completion,neighbor_fill_square_8_4,90855,,13.582979891916843,,,not_run,skipped,rule does not fit,
54,sparse_edit_or_object_completion,neighbor_fill_square_8_5,90855,,13.582979891916843,,,not_run,skipped,rule does not fit,
54,sparse_edit_or_object_completion,neighbor_fill_square_8_6,90855,,13.582979891916843,,,not_run,skipped,rule does not fit,
54,sparse_edit_or_object_completion,neighbor_fill_square_8_7,90855,,13.582979891916843,,,not_run,skipped,rule does not fit,
54,sparse_edit_or_object_completion,neighbor_fill_square_8_8,90855,,13.582979891916843,,,not_run,skipped,rule does not fit,
54,sparse_edit_or_object_completion,neighbor_fill_hline_9_1,90855,,13.582979891916843,,,not_run,skipped,rule does not fit,
54,sparse_edit_or_object_completion,neighbor_fill_hline_9_2,90855,,13.582979891916843,,,not_run,skipped,rule does not fit,
54,sparse_edit_or_object_completion,neighbor_fill_vline_9_1,90855,,13.582979891916843,,,not_run,skipped,rule does not fit,
54,sparse_edit_or_object_completion,neighbor_fill_vline_9_2,90855,,13.582979891916843,,,not_run,skipped,rule does not fit,
54,sparse_edit_or_object_completion,neighbor_fill_cross_9_1,90855,,13.582979891916843,,,not_run,skipped,rule does not fit,
54,sparse_edit_or_object_completion,neighbor_fill_cross_9_2,90855,,13.582979891916843,,,not_run,skipped,rule does not fit,
54,sparse_edit_or_object_completion,neighbor_fill_cross_9_3,90855,,13.582979891916843,,,not_run,skipped,rule does not fit,
54,sparse_edit_or_object_completion,neighbor_fill_cross_9_4,90855,,13.582979891916843,,,not_run,skipped,rule does not fit,
54,sparse_edit_or_object_completion,neighbor_fill_square_9_1,90855,,13.582979891916843,,,not_run,skipped,rule does not fit,
54,sparse_edit_or_object_completion,neighbor_fill_square_9_2,90855,,13.582979891916843,,,not_run,skipped,rule does not fit,
54,sparse_edit_or_object_completion,neighbor_fill_square_9_3,90855,,13.582979891916843,,,not_run,skipped,rule does not fit,
54,sparse_edit_or_object_completion,neighbor_fill_square_9_4,90855,,13.582979891916843,,,not_run,skipped,rule does not fit,
54,sparse_edit_or_object_completion,neighbor_fill_square_9_5,90855,,13.582979891916843,,,not_run,skipped,rule does not fit,
54,sparse_edit_or_object_completion,neighbor_fill_square_9_6,90855,,13.582979891916843,,,not_run,skipped,rule does not fit,
54,sparse_edit_or_object_completion,neighbor_fill_square_9_7,90855,,13.582979891916843,,,not_run,skipped,rule does not fit,
54,sparse_edit_or_object_completion,neighbor_fill_square_9_8,90855,,13.582979891916843,,,not_run,skipped,rule does not fit,
280,sparse_edit_or_object_completion,signature_scatternd_lookup,90506,70516,13.586828574167079,13.836405086594366,176115,25_pass_0_fail,improved,ok,713c776ec62027d9baf4ebd9969d2bd1abc9687093d56ecc92c70117dae6f1ea
280,sparse_edit_or_object_completion,direct_identity,90506,,13.586828574167079,,,not_run,skipped,not identity,
280,sparse_edit_or_object_completion,conv_color_map,90506,,13.586828574167079,,,not_run,skipped,conflicting color map,
280,sparse_edit_or_object_completion,fixed_mask_where,90506,,13.586828574167079,,,not_run,skipped,fixed edit conflict,
280,sparse_edit_or_object_completion,neighbor_fill_hline_2_1,90506,,13.586828574167079,,,not_run,skipped,rule does not fit,
280,sparse_edit_or_object_completion,neighbor_fill_hline_2_2,90506,,13.586828574167079,,,not_run,skipped,rule does not fit,
280,sparse_edit_or_object_completion,neighbor_fill_vline_2_1,90506,,13.586828574167079,,,not_run,skipped,rule does not fit,
280,sparse_edit_or_object_completion,neighbor_fill_vline_2_2,90506,,13.586828574167079,,,not_run,skipped,rule does not fit,
280,sparse_edit_or_object_completion,neighbor_fill_cross_2_1,90506,,13.586828574167079,,,not_run,skipped,rule does not fit,
280,sparse_edit_or_object_completion,neighbor_fill_cross_2_2,90506,,13.586828574167079,,,not_run,skipped,rule does not fit,
280,sparse_edit_or_object_completion,neighbor_fill_cross_2_3,90506,,13.586828574167079,,,not_run,skipped,rule does not fit,
280,sparse_edit_or_object_completion,neighbor_fill_cross_2_4,90506,,13.586828574167079,,,not_run,skipped,rule does not fit,
280,sparse_edit_or_object_completion,neighbor_fill_square_2_1,90506,,13.586828574167079,,,not_run,skipped,rule does not fit,
280,sparse_edit_or_object_completion,neighbor_fill_square_2_2,90506,,13.586828574167079,,,not_run,skipped,rule does not fit,
280,sparse_edit_or_object_completion,neighbor_fill_square_2_3,90506,,13.586828574167079,,,not_run,skipped,rule does not fit,
280,sparse_edit_or_object_completion,neighbor_fill_square_2_4,90506,,13.586828574167079,,,not_run,skipped,rule does not fit,
280,sparse_edit_or_object_completion,neighbor_fill_square_2_5,90506,,13.586828574167079,,,not_run,skipped,rule does not fit,
280,sparse_edit_or_object_completion,neighbor_fill_square_2_6,90506,,13.586828574167079,,,not_run,skipped,rule does not fit,
280,sparse_edit_or_object_completion,neighbor_fill_square_2_7,90506,,13.586828574167079,,,not_run,skipped,rule does not fit,
280,sparse_edit_or_object_completion,neighbor_fill_square_2_8,90506,,13.586828574167079,,,not_run,skipped,rule does not fit,
280,sparse_edit_or_object_completion,neighbor_fill_hline_3_1,90506,,13.586828574167079,,,not_run,skipped,rule does not fit,
280,sparse_edit_or_object_completion,neighbor_fill_hline_3_2,90506,,13.586828574167079,,,not_run,skipped,rule does not fit,
280,sparse_edit_or_object_completion,neighbor_fill_vline_3_1,90506,,13.586828574167079,,,not_run,skipped,rule does not fit,
280,sparse_edit_or_object_completion,neighbor_fill_vline_3_2,90506,,13.586828574167079,,,not_run,skipped,rule does not fit,
280,sparse_edit_or_object_completion,neighbor_fill_cross_3_1,90506,,13.586828574167079,,,not_run,skipped,rule does not fit,
280,sparse_edit_or_object_completion,neighbor_fill_cross_3_2,90506,,13.586828574167079,,,not_run,skipped,rule does not fit,
280,sparse_edit_or_object_completion,neighbor_fill_cross_3_3,90506,,13.586828574167079,,,not_run,skipped,rule does not fit,
280,sparse_edit_or_object_completion,neighbor_fill_cross_3_4,90506,,13.586828574167079,,,not_run,skipped,rule does not fit,
280,sparse_edit_or_object_completion,neighbor_fill_square_3_1,90506,,13.586828574167079,,,not_run,skipped,rule does not fit,
280,sparse_edit_or_object_completion,neighbor_fill_square_3_2,90506,,13.586828574167079,,,not_run,skipped,rule does not fit,
280,sparse_edit_or_object_completion,neighbor_fill_square_3_3,90506,,13.586828574167079,,,not_run,skipped,rule does not fit,
280,sparse_edit_or_object_completion,neighbor_fill_square_3_4,90506,,13.586828574167079,,,not_run,skipped,rule does not fit,
280,sparse_edit_or_object_completion,neighbor_fill_square_3_5,90506,,13.586828574167079,,,not_run,skipped,rule does not fit,
280,sparse_edit_or_object_completion,neighbor_fill_square_3_6,90506,,13.586828574167079,,,not_run,skipped,rule does not fit,
280,sparse_edit_or_object_completion,neighbor_fill_square_3_7,90506,,13.586828574167079,,,not_run,skipped,rule does not fit,
280,sparse_edit_or_object_completion,neighbor_fill_square_3_8,90506,,13.586828574167079,,,not_run,skipped,rule does not fit,
128,sparse_edit_or_object_completion,signature_scatternd_lookup,89482,48732,13.598207233282288,14.205908822525702,119207,24_pass_0_fail,improved,ok,f48c58148e6d5d975be86e09e7c4e0b28ada9902f8a0407771d53fe3c808629a
128,sparse_edit_or_object_completion,direct_identity,89482,,13.598207233282288,,,not_run,skipped,not identity,
128,sparse_edit_or_object_completion,conv_color_map,89482,,13.598207233282288,,,not_run,skipped,conflicting color map,
128,sparse_edit_or_object_completion,fixed_mask_where,89482,,13.598207233282288,,,not_run,skipped,fixed edit conflict,
128,sparse_edit_or_object_completion,neighbor_fill_hline_0_1,89482,,13.598207233282288,,,not_run,skipped,rule does not fit,
128,sparse_edit_or_object_completion,neighbor_fill_hline_0_2,89482,,13.598207233282288,,,not_run,skipped,rule does not fit,
128,sparse_edit_or_object_completion,neighbor_fill_vline_0_1,89482,,13.598207233282288,,,not_run,skipped,rule does not fit,
128,sparse_edit_or_object_completion,neighbor_fill_vline_0_2,89482,,13.598207233282288,,,not_run,skipped,rule does not fit,
128,sparse_edit_or_object_completion,neighbor_fill_cross_0_1,89482,,13.598207233282288,,,not_run,skipped,rule does not fit,
128,sparse_edit_or_object_completion,neighbor_fill_cross_0_2,89482,,13.598207233282288,,,not_run,skipped,rule does not fit,
128,sparse_edit_or_object_completion,neighbor_fill_cross_0_3,89482,,13.598207233282288,,,not_run,skipped,rule does not fit,
128,sparse_edit_or_object_completion,neighbor_fill_cross_0_4,89482,,13.598207233282288,,,not_run,skipped,rule does not fit,
128,sparse_edit_or_object_completion,neighbor_fill_square_0_1,89482,,13.598207233282288,,,not_run,skipped,rule does not fit,
128,sparse_edit_or_object_completion,neighbor_fill_square_0_2,89482,,13.598207233282288,,,not_run,skipped,rule does not fit,
128,sparse_edit_or_object_completion,neighbor_fill_square_0_3,89482,,13.598207233282288,,,not_run,skipped,rule does not fit,
128,sparse_edit_or_object_completion,neighbor_fill_square_0_4,89482,,13.598207233282288,,,not_run,skipped,rule does not fit,
128,sparse_edit_or_object_completion,neighbor_fill_square_0_5,89482,,13.598207233282288,,,not_run,skipped,rule does not fit,
128,sparse_edit_or_object_completion,neighbor_fill_square_0_6,89482,,13.598207233282288,,,not_run,skipped,rule does not fit,
128,sparse_edit_or_object_completion,neighbor_fill_square_0_7,89482,,13.598207233282288,,,not_run,skipped,rule does not fit,
128,sparse_edit_or_object_completion,neighbor_fill_square_0_8,89482,,13.598207233282288,,,not_run,skipped,rule does not fit,
128,sparse_edit_or_object_completion,neighbor_fill_hline_1_1,89482,,13.598207233282288,,,not_run,skipped,rule does not fit,
128,sparse_edit_or_object_completion,neighbor_fill_hline_1_2,89482,,13.598207233282288,,,not_run,skipped,rule does not fit,
128,sparse_edit_or_object_completion,neighbor_fill_vline_1_1,89482,,13.598207233282288,,,not_run,skipped,rule does not fit,
128,sparse_edit_or_object_completion,neighbor_fill_vline_1_2,89482,,13.598207233282288,,,not_run,skipped,rule does not fit,
128,sparse_edit_or_object_completion,neighbor_fill_cross_1_1,89482,,13.598207233282288,,,not_run,skipped,rule does not fit,
128,sparse_edit_or_object_completion,neighbor_fill_cross_1_2,89482,,13.598207233282288,,,not_run,skipped,rule does not fit,
128,sparse_edit_or_object_completion,neighbor_fill_cross_1_3,89482,,13.598207233282288,,,not_run,skipped,rule does not fit,
128,sparse_edit_or_object_completion,neighbor_fill_cross_1_4,89482,,13.598207233282288,,,not_run,skipped,rule does not fit,
128,sparse_edit_or_object_completion,neighbor_fill_square_1_1,89482,,13.598207233282288,,,not_run,skipped,rule does not fit,
128,sparse_edit_or_object_completion,neighbor_fill_square_1_2,89482,,13.598207233282288,,,not_run,skipped,rule does not fit,
128,sparse_edit_or_object_completion,neighbor_fill_square_1_3,89482,,13.598207233282288,,,not_run,skipped,rule does not fit,
128,sparse_edit_or_object_completion,neighbor_fill_square_1_4,89482,,13.598207233282288,,,not_run,skipped,rule does not fit,
128,sparse_edit_or_object_completion,neighbor_fill_square_1_5,89482,,13.598207233282288,,,not_run,skipped,rule does not fit,
128,sparse_edit_or_object_completion,neighbor_fill_square_1_6,89482,,13.598207233282288,,,not_run,skipped,rule does not fit,
128,sparse_edit_or_object_completion,neighbor_fill_square_1_7,89482,,13.598207233282288,,,not_run,skipped,rule does not fit,
128,sparse_edit_or_object_completion,neighbor_fill_square_1_8,89482,,13.598207233282288,,,not_run,skipped,rule does not fit,
128,sparse_edit_or_object_completion,neighbor_fill_hline_2_1,89482,,13.598207233282288,,,not_run,skipped,rule does not fit,
128,sparse_edit_or_object_completion,neighbor_fill_hline_2_2,89482,,13.598207233282288,,,not_run,skipped,rule does not fit,
128,sparse_edit_or_object_completion,neighbor_fill_vline_2_1,89482,,13.598207233282288,,,not_run,skipped,rule does not fit,
128,sparse_edit_or_object_completion,neighbor_fill_vline_2_2,89482,,13.598207233282288,,,not_run,skipped,rule does not fit,
128,sparse_edit_or_object_completion,neighbor_fill_cross_2_1,89482,,13.598207233282288,,,not_run,skipped,rule does not fit,
128,sparse_edit_or_object_completion,neighbor_fill_cross_2_2,89482,,13.598207233282288,,,not_run,skipped,rule does not fit,
128,sparse_edit_or_object_completion,neighbor_fill_cross_2_3,89482,,13.598207233282288,,,not_run,skipped,rule does not fit,
128,sparse_edit_or_object_completion,neighbor_fill_cross_2_4,89482,,13.598207233282288,,,not_run,skipped,rule does not fit,
128,sparse_edit_or_object_completion,neighbor_fill_square_2_1,89482,,13.598207233282288,,,not_run,skipped,rule does not fit,
128,sparse_edit_or_object_completion,neighbor_fill_square_2_2,89482,,13.598207233282288,,,not_run,skipped,rule does not fit,
128,sparse_edit_or_object_completion,neighbor_fill_square_2_3,89482,,13.598207233282288,,,not_run,skipped,rule does not fit,
128,sparse_edit_or_object_completion,neighbor_fill_square_2_4,89482,,13.598207233282288,,,not_run,skipped,rule does not fit,
128,sparse_edit_or_object_completion,neighbor_fill_square_2_5,89482,,13.598207233282288,,,not_run,skipped,rule does not fit,
128,sparse_edit_or_object_completion,neighbor_fill_square_2_6,89482,,13.598207233282288,,,not_run,skipped,rule does not fit,
128,sparse_edit_or_object_completion,neighbor_fill_square_2_7,89482,,13.598207233282288,,,not_run,skipped,rule does not fit,
128,sparse_edit_or_object_completion,neighbor_fill_square_2_8,89482,,13.598207233282288,,,not_run,skipped,rule does not fit,
128,sparse_edit_or_object_completion,neighbor_fill_hline_4_1,89482,,13.598207233282288,,,not_run,skipped,rule does not fit,
128,sparse_edit_or_object_completion,neighbor_fill_hline_4_2,89482,,13.598207233282288,,,not_run,skipped,rule does not fit,
128,sparse_edit_or_object_completion,neighbor_fill_vline_4_1,89482,,13.598207233282288,,,not_run,skipped,rule does not fit,
128,sparse_edit_or_object_completion,neighbor_fill_vline_4_2,89482,,13.598207233282288,,,not_run,skipped,rule does not fit,
128,sparse_edit_or_object_completion,neighbor_fill_cross_4_1,89482,,13.598207233282288,,,not_run,skipped,rule does not fit,
128,sparse_edit_or_object_completion,neighbor_fill_cross_4_2,89482,,13.598207233282288,,,not_run,skipped,rule does not fit,
128,sparse_edit_or_object_completion,neighbor_fill_cross_4_3,89482,,13.598207233282288,,,not_run,skipped,rule does not fit,
128,sparse_edit_or_object_completion,neighbor_fill_cross_4_4,89482,,13.598207233282288,,,not_run,skipped,rule does not fit,
128,sparse_edit_or_object_completion,neighbor_fill_square_4_1,89482,,13.598207233282288,,,not_run,skipped,rule does not fit,
128,sparse_edit_or_object_completion,neighbor_fill_square_4_2,89482,,13.598207233282288,,,not_run,skipped,rule does not fit,
128,sparse_edit_or_object_completion,neighbor_fill_square_4_3,89482,,13.598207233282288,,,not_run,skipped,rule does not fit,
128,sparse_edit_or_object_completion,neighbor_fill_square_4_4,89482,,13.598207233282288,,,not_run,skipped,rule does not fit,
128,sparse_edit_or_object_completion,neighbor_fill_square_4_5,89482,,13.598207233282288,,,not_run,skipped,rule does not fit,
128,sparse_edit_or_object_completion,neighbor_fill_square_4_6,89482,,13.598207233282288,,,not_run,skipped,rule does not fit,
128,sparse_edit_or_object_completion,neighbor_fill_square_4_7,89482,,13.598207233282288,,,not_run,skipped,rule does not fit,
128,sparse_edit_or_object_completion,neighbor_fill_square_4_8,89482,,13.598207233282288,,,not_run,skipped,rule does not fit,
203,sparse_edit_or_object_completion,signature_scatternd_lookup,88402,116131,13.610350127195805,13.33752585675792,290511,25_pass_0_fail,no_cost_gain,candidate cost is not lower than baseline,c753ca608b5b6f298a8b058c602df39791cd810812e3704efcf8143005e25801
203,sparse_edit_or_object_completion,direct_identity,88402,,13.610350127195805,,,not_run,skipped,not identity,
203,sparse_edit_or_object_completion,conv_color_map,88402,,13.610350127195805,,,not_run,skipped,conflicting color map,
203,sparse_edit_or_object_completion,fixed_mask_where,88402,,13.610350127195805,,,not_run,skipped,fixed edit conflict,
203,sparse_edit_or_object_completion,neighbor_fill_hline_1_1,88402,,13.610350127195805,,,not_run,skipped,rule does not fit,
203,sparse_edit_or_object_completion,neighbor_fill_hline_1_2,88402,,13.610350127195805,,,not_run,skipped,rule does not fit,
203,sparse_edit_or_object_completion,neighbor_fill_vline_1_1,88402,,13.610350127195805,,,not_run,skipped,rule does not fit,
203,sparse_edit_or_object_completion,neighbor_fill_vline_1_2,88402,,13.610350127195805,,,not_run,skipped,rule does not fit,
203,sparse_edit_or_object_completion,neighbor_fill_cross_1_1,88402,,13.610350127195805,,,not_run,skipped,rule does not fit,
203,sparse_edit_or_object_completion,neighbor_fill_cross_1_2,88402,,13.610350127195805,,,not_run,skipped,rule does not fit,
203,sparse_edit_or_object_completion,neighbor_fill_cross_1_3,88402,,13.610350127195805,,,not_run,skipped,rule does not fit,
203,sparse_edit_or_object_completion,neighbor_fill_cross_1_4,88402,,13.610350127195805,,,not_run,skipped,rule does not fit,
203,sparse_edit_or_object_completion,neighbor_fill_square_1_1,88402,,13.610350127195805,,,not_run,skipped,rule does not fit,
203,sparse_edit_or_object_completion,neighbor_fill_square_1_2,88402,,13.610350127195805,,,not_run,skipped,rule does not fit,
203,sparse_edit_or_object_completion,neighbor_fill_square_1_3,88402,,13.610350127195805,,,not_run,skipped,rule does not fit,
203,sparse_edit_or_object_completion,neighbor_fill_square_1_4,88402,,13.610350127195805,,,not_run,skipped,rule does not fit,
203,sparse_edit_or_object_completion,neighbor_fill_square_1_5,88402,,13.610350127195805,,,not_run,skipped,rule does not fit,
203,sparse_edit_or_object_completion,neighbor_fill_square_1_6,88402,,13.610350127195805,,,not_run,skipped,rule does not fit,
203,sparse_edit_or_object_completion,neighbor_fill_square_1_7,88402,,13.610350127195805,,,not_run,skipped,rule does not fit,
203,sparse_edit_or_object_completion,neighbor_fill_square_1_8,88402,,13.610350127195805,,,not_run,skipped,rule does not fit,
203,sparse_edit_or_object_completion,neighbor_fill_hline_2_1,88402,,13.610350127195805,,,not_run,skipped,rule does not fit,
203,sparse_edit_or_object_completion,neighbor_fill_hline_2_2,88402,,13.610350127195805,,,not_run,skipped,rule does not fit,
203,sparse_edit_or_object_completion,neighbor_fill_vline_2_1,88402,,13.610350127195805,,,not_run,skipped,rule does not fit,
203,sparse_edit_or_object_completion,neighbor_fill_vline_2_2,88402,,13.610350127195805,,,not_run,skipped,rule does not fit,
203,sparse_edit_or_object_completion,neighbor_fill_cross_2_1,88402,,13.610350127195805,,,not_run,skipped,rule does not fit,
203,sparse_edit_or_object_completion,neighbor_fill_cross_2_2,88402,,13.610350127195805,,,not_run,skipped,rule does not fit,
203,sparse_edit_or_object_completion,neighbor_fill_cross_2_3,88402,,13.610350127195805,,,not_run,skipped,rule does not fit,
203,sparse_edit_or_object_completion,neighbor_fill_cross_2_4,88402,,13.610350127195805,,,not_run,skipped,rule does not fit,
203,sparse_edit_or_object_completion,neighbor_fill_square_2_1,88402,,13.610350127195805,,,not_run,skipped,rule does not fit,
203,sparse_edit_or_object_completion,neighbor_fill_square_2_2,88402,,13.610350127195805,,,not_run,skipped,rule does not fit,
203,sparse_edit_or_object_completion,neighbor_fill_square_2_3,88402,,13.610350127195805,,,not_run,skipped,rule does not fit,
203,sparse_edit_or_object_completion,neighbor_fill_square_2_4,88402,,13.610350127195805,,,not_run,skipped,rule does not fit,
203,sparse_edit_or_object_completion,neighbor_fill_square_2_5,88402,,13.610350127195805,,,not_run,skipped,rule does not fit,
203,sparse_edit_or_object_completion,neighbor_fill_square_2_6,88402,,13.610350127195805,,,not_run,skipped,rule does not fit,
203,sparse_edit_or_object_completion,neighbor_fill_square_2_7,88402,,13.610350127195805,,,not_run,skipped,rule does not fit,
203,sparse_edit_or_object_completion,neighbor_fill_square_2_8,88402,,13.610350127195805,,,not_run,skipped,rule does not fit,
203,sparse_edit_or_object_completion,neighbor_fill_hline_3_1,88402,,13.610350127195805,,,not_run,skipped,rule does not fit,
203,sparse_edit_or_object_completion,neighbor_fill_hline_3_2,88402,,13.610350127195805,,,not_run,skipped,rule does not fit,
203,sparse_edit_or_object_completion,neighbor_fill_vline_3_1,88402,,13.610350127195805,,,not_run,skipped,rule does not fit,
203,sparse_edit_or_object_completion,neighbor_fill_vline_3_2,88402,,13.610350127195805,,,not_run,skipped,rule does not fit,
203,sparse_edit_or_object_completion,neighbor_fill_cross_3_1,88402,,13.610350127195805,,,not_run,skipped,rule does not fit,
203,sparse_edit_or_object_completion,neighbor_fill_cross_3_2,88402,,13.610350127195805,,,not_run,skipped,rule does not fit,
203,sparse_edit_or_object_completion,neighbor_fill_cross_3_3,88402,,13.610350127195805,,,not_run,skipped,rule does not fit,
203,sparse_edit_or_object_completion,neighbor_fill_cross_3_4,88402,,13.610350127195805,,,not_run,skipped,rule does not fit,
203,sparse_edit_or_object_completion,neighbor_fill_square_3_1,88402,,13.610350127195805,,,not_run,skipped,rule does not fit,
203,sparse_edit_or_object_completion,neighbor_fill_square_3_2,88402,,13.610350127195805,,,not_run,skipped,rule does not fit,
203,sparse_edit_or_object_completion,neighbor_fill_square_3_3,88402,,13.610350127195805,,,not_run,skipped,rule does not fit,
203,sparse_edit_or_object_completion,neighbor_fill_square_3_4,88402,,13.610350127195805,,,not_run,skipped,rule does not fit,
203,sparse_edit_or_object_completion,neighbor_fill_square_3_5,88402,,13.610350127195805,,,not_run,skipped,rule does not fit,
203,sparse_edit_or_object_completion,neighbor_fill_square_3_6,88402,,13.610350127195805,,,not_run,skipped,rule does not fit,
203,sparse_edit_or_object_completion,neighbor_fill_square_3_7,88402,,13.610350127195805,,,not_run,skipped,rule does not fit,
203,sparse_edit_or_object_completion,neighbor_fill_square_3_8,88402,,13.610350127195805,,,not_run,skipped,rule does not fit,
203,sparse_edit_or_object_completion,neighbor_fill_hline_4_1,88402,,13.610350127195805,,,not_run,skipped,rule does not fit,
203,sparse_edit_or_object_completion,neighbor_fill_hline_4_2,88402,,13.610350127195805,,,not_run,skipped,rule does not fit,
203,sparse_edit_or_object_completion,neighbor_fill_vline_4_1,88402,,13.610350127195805,,,not_run,skipped,rule does not fit,
203,sparse_edit_or_object_completion,neighbor_fill_vline_4_2,88402,,13.610350127195805,,,not_run,skipped,rule does not fit,
203,sparse_edit_or_object_completion,neighbor_fill_cross_4_1,88402,,13.610350127195805,,,not_run,skipped,rule does not fit,
203,sparse_edit_or_object_completion,neighbor_fill_cross_4_2,88402,,13.610350127195805,,,not_run,skipped,rule does not fit,
203,sparse_edit_or_object_completion,neighbor_fill_cross_4_3,88402,,13.610350127195805,,,not_run,skipped,rule does not fit,
203,sparse_edit_or_object_completion,neighbor_fill_cross_4_4,88402,,13.610350127195805,,,not_run,skipped,rule does not fit,
203,sparse_edit_or_object_completion,neighbor_fill_square_4_1,88402,,13.610350127195805,,,not_run,skipped,rule does not fit,
203,sparse_edit_or_object_completion,neighbor_fill_square_4_2,88402,,13.610350127195805,,,not_run,skipped,rule does not fit,
203,sparse_edit_or_object_completion,neighbor_fill_square_4_3,88402,,13.610350127195805,,,not_run,skipped,rule does not fit,
203,sparse_edit_or_object_completion,neighbor_fill_square_4_4,88402,,13.610350127195805,,,not_run,skipped,rule does not fit,
203,sparse_edit_or_object_completion,neighbor_fill_square_4_5,88402,,13.610350127195805,,,not_run,skipped,rule does not fit,
203,sparse_edit_or_object_completion,neighbor_fill_square_4_6,88402,,13.610350127195805,,,not_run,skipped,rule does not fit,
203,sparse_edit_or_object_completion,neighbor_fill_square_4_7,88402,,13.610350127195805,,,not_run,skipped,rule does not fit,
203,sparse_edit_or_object_completion,neighbor_fill_square_4_8,88402,,13.610350127195805,,,not_run,skipped,rule does not fit,
203,sparse_edit_or_object_completion,neighbor_fill_hline_5_1,88402,,13.610350127195805,,,not_run,skipped,rule does not fit,
203,sparse_edit_or_object_completion,neighbor_fill_hline_5_2,88402,,13.610350127195805,,,not_run,skipped,rule does not fit,
203,sparse_edit_or_object_completion,neighbor_fill_vline_5_1,88402,,13.610350127195805,,,not_run,skipped,rule does not fit,
203,sparse_edit_or_object_completion,neighbor_fill_vline_5_2,88402,,13.610350127195805,,,not_run,skipped,rule does not fit,
203,sparse_edit_or_object_completion,neighbor_fill_cross_5_1,88402,,13.610350127195805,,,not_run,skipped,rule does not fit,
203,sparse_edit_or_object_completion,neighbor_fill_cross_5_2,88402,,13.610350127195805,,,not_run,skipped,rule does not fit,
203,sparse_edit_or_object_completion,neighbor_fill_cross_5_3,88402,,13.610350127195805,,,not_run,skipped,rule does not fit,
203,sparse_edit_or_object_completion,neighbor_fill_cross_5_4,88402,,13.610350127195805,,,not_run,skipped,rule does not fit,
203,sparse_edit_or_object_completion,neighbor_fill_square_5_1,88402,,13.610350127195805,,,not_run,skipped,rule does not fit,
203,sparse_edit_or_object_completion,neighbor_fill_square_5_2,88402,,13.610350127195805,,,not_run,skipped,rule does not fit,
203,sparse_edit_or_object_completion,neighbor_fill_square_5_3,88402,,13.610350127195805,,,not_run,skipped,rule does not fit,
203,sparse_edit_or_object_completion,neighbor_fill_square_5_4,88402,,13.610350127195805,,,not_run,skipped,rule does not fit,
203,sparse_edit_or_object_completion,neighbor_fill_square_5_5,88402,,13.610350127195805,,,not_run,skipped,rule does not fit,
203,sparse_edit_or_object_completion,neighbor_fill_square_5_6,88402,,13.610350127195805,,,not_run,skipped,rule does not fit,
203,sparse_edit_or_object_completion,neighbor_fill_square_5_7,88402,,13.610350127195805,,,not_run,skipped,rule does not fit,
203,sparse_edit_or_object_completion,neighbor_fill_square_5_8,88402,,13.610350127195805,,,not_run,skipped,rule does not fit,
203,sparse_edit_or_object_completion,neighbor_fill_hline_6_1,88402,,13.610350127195805,,,not_run,skipped,rule does not fit,
203,sparse_edit_or_object_completion,neighbor_fill_hline_6_2,88402,,13.610350127195805,,,not_run,skipped,rule does not fit,
203,sparse_edit_or_object_completion,neighbor_fill_vline_6_1,88402,,13.610350127195805,,,not_run,skipped,rule does not fit,
203,sparse_edit_or_object_completion,neighbor_fill_vline_6_2,88402,,13.610350127195805,,,not_run,skipped,rule does not fit,
203,sparse_edit_or_object_completion,neighbor_fill_cross_6_1,88402,,13.610350127195805,,,not_run,skipped,rule does not fit,
203,sparse_edit_or_object_completion,neighbor_fill_cross_6_2,88402,,13.610350127195805,,,not_run,skipped,rule does not fit,
203,sparse_edit_or_object_completion,neighbor_fill_cross_6_3,88402,,13.610350127195805,,,not_run,skipped,rule does not fit,
203,sparse_edit_or_object_completion,neighbor_fill_cross_6_4,88402,,13.610350127195805,,,not_run,skipped,rule does not fit,
203,sparse_edit_or_object_completion,neighbor_fill_square_6_1,88402,,13.610350127195805,,,not_run,skipped,rule does not fit,
203,sparse_edit_or_object_completion,neighbor_fill_square_6_2,88402,,13.610350127195805,,,not_run,skipped,rule does not fit,
203,sparse_edit_or_object_completion,neighbor_fill_square_6_3,88402,,13.610350127195805,,,not_run,skipped,rule does not fit,
203,sparse_edit_or_object_completion,neighbor_fill_square_6_4,88402,,13.610350127195805,,,not_run,skipped,rule does not fit,
203,sparse_edit_or_object_completion,neighbor_fill_square_6_5,88402,,13.610350127195805,,,not_run,skipped,rule does not fit,
203,sparse_edit_or_object_completion,neighbor_fill_square_6_6,88402,,13.610350127195805,,,not_run,skipped,rule does not fit,
203,sparse_edit_or_object_completion,neighbor_fill_square_6_7,88402,,13.610350127195805,,,not_run,skipped,rule does not fit,
203,sparse_edit_or_object_completion,neighbor_fill_square_6_8,88402,,13.610350127195805,,,not_run,skipped,rule does not fit,
203,sparse_edit_or_object_completion,neighbor_fill_hline_7_1,88402,,13.610350127195805,,,not_run,skipped,rule does not fit,
203,sparse_edit_or_object_completion,neighbor_fill_hline_7_2,88402,,13.610350127195805,,,not_run,skipped,rule does not fit,
203,sparse_edit_or_object_completion,neighbor_fill_vline_7_1,88402,,13.610350127195805,,,not_run,skipped,rule does not fit,
203,sparse_edit_or_object_completion,neighbor_fill_vline_7_2,88402,,13.610350127195805,,,not_run,skipped,rule does not fit,
203,sparse_edit_or_object_completion,neighbor_fill_cross_7_1,88402,,13.610350127195805,,,not_run,skipped,rule does not fit,
203,sparse_edit_or_object_completion,neighbor_fill_cross_7_2,88402,,13.610350127195805,,,not_run,skipped,rule does not fit,
203,sparse_edit_or_object_completion,neighbor_fill_cross_7_3,88402,,13.610350127195805,,,not_run,skipped,rule does not fit,
203,sparse_edit_or_object_completion,neighbor_fill_cross_7_4,88402,,13.610350127195805,,,not_run,skipped,rule does not fit,
203,sparse_edit_or_object_completion,neighbor_fill_square_7_1,88402,,13.610350127195805,,,not_run,skipped,rule does not fit,
203,sparse_edit_or_object_completion,neighbor_fill_square_7_2,88402,,13.610350127195805,,,not_run,skipped,rule does not fit,
203,sparse_edit_or_object_completion,neighbor_fill_square_7_3,88402,,13.610350127195805,,,not_run,skipped,rule does not fit,
203,sparse_edit_or_object_completion,neighbor_fill_square_7_4,88402,,13.610350127195805,,,not_run,skipped,rule does not fit,
203,sparse_edit_or_object_completion,neighbor_fill_square_7_5,88402,,13.610350127195805,,,not_run,skipped,rule does not fit,
203,sparse_edit_or_object_completion,neighbor_fill_square_7_6,88402,,13.610350127195805,,,not_run,skipped,rule does not fit,
203,sparse_edit_or_object_completion,neighbor_fill_square_7_7,88402,,13.610350127195805,,,not_run,skipped,rule does not fit,
203,sparse_edit_or_object_completion,neighbor_fill_square_7_8,88402,,13.610350127195805,,,not_run,skipped,rule does not fit,
203,sparse_edit_or_object_completion,neighbor_fill_hline_8_1,88402,,13.610350127195805,,,not_run,skipped,rule does not fit,
203,sparse_edit_or_object_completion,neighbor_fill_hline_8_2,88402,,13.610350127195805,,,not_run,skipped,rule does not fit,
203,sparse_edit_or_object_completion,neighbor_fill_vline_8_1,88402,,13.610350127195805,,,not_run,skipped,rule does not fit,
203,sparse_edit_or_object_completion,neighbor_fill_vline_8_2,88402,,13.610350127195805,,,not_run,skipped,rule does not fit,
203,sparse_edit_or_object_completion,neighbor_fill_cross_8_1,88402,,13.610350127195805,,,not_run,skipped,rule does not fit,
203,sparse_edit_or_object_completion,neighbor_fill_cross_8_2,88402,,13.610350127195805,,,not_run,skipped,rule does not fit,
203,sparse_edit_or_object_completion,neighbor_fill_cross_8_3,88402,,13.610350127195805,,,not_run,skipped,rule does not fit,
203,sparse_edit_or_object_completion,neighbor_fill_cross_8_4,88402,,13.610350127195805,,,not_run,skipped,rule does not fit,
203,sparse_edit_or_object_completion,neighbor_fill_square_8_1,88402,,13.610350127195805,,,not_run,skipped,rule does not fit,
203,sparse_edit_or_object_completion,neighbor_fill_square_8_2,88402,,13.610350127195805,,,not_run,skipped,rule does not fit,
203,sparse_edit_or_object_completion,neighbor_fill_square_8_3,88402,,13.610350127195805,,,not_run,skipped,rule does not fit,
203,sparse_edit_or_object_completion,neighbor_fill_square_8_4,88402,,13.610350127195805,,,not_run,skipped,rule does not fit,
203,sparse_edit_or_object_completion,neighbor_fill_square_8_5,88402,,13.610350127195805,,,not_run,skipped,rule does not fit,
203,sparse_edit_or_object_completion,neighbor_fill_square_8_6,88402,,13.610350127195805,,,not_run,skipped,rule does not fit,
203,sparse_edit_or_object_completion,neighbor_fill_square_8_7,88402,,13.610350127195805,,,not_run,skipped,rule does not fit,
203,sparse_edit_or_object_completion,neighbor_fill_square_8_8,88402,,13.610350127195805,,,not_run,skipped,rule does not fit,
203,sparse_edit_or_object_completion,neighbor_fill_hline_9_1,88402,,13.610350127195805,,,not_run,skipped,rule does not fit,
203,sparse_edit_or_object_completion,neighbor_fill_hline_9_2,88402,,13.610350127195805,,,not_run,skipped,rule does not fit,
203,sparse_edit_or_object_completion,neighbor_fill_vline_9_1,88402,,13.610350127195805,,,not_run,skipped,rule does not fit,
203,sparse_edit_or_object_completion,neighbor_fill_vline_9_2,88402,,13.610350127195805,,,not_run,skipped,rule does not fit,
203,sparse_edit_or_object_completion,neighbor_fill_cross_9_1,88402,,13.610350127195805,,,not_run,skipped,rule does not fit,
203,sparse_edit_or_object_completion,neighbor_fill_cross_9_2,88402,,13.610350127195805,,,not_run,skipped,rule does not fit,
203,sparse_edit_or_object_completion,neighbor_fill_cross_9_3,88402,,13.610350127195805,,,not_run,skipped,rule does not fit,
203,sparse_edit_or_object_completion,neighbor_fill_cross_9_4,88402,,13.610350127195805,,,not_run,skipped,rule does not fit,
203,sparse_edit_or_object_completion,neighbor_fill_square_9_1,88402,,13.610350127195805,,,not_run,skipped,rule does not fit,
203,sparse_edit_or_object_completion,neighbor_fill_square_9_2,88402,,13.610350127195805,,,not_run,skipped,rule does not fit,
203,sparse_edit_or_object_completion,neighbor_fill_square_9_3,88402,,13.610350127195805,,,not_run,skipped,rule does not fit,
203,sparse_edit_or_object_completion,neighbor_fill_square_9_4,88402,,13.610350127195805,,,not_run,skipped,rule does not fit,
203,sparse_edit_or_object_completion,neighbor_fill_square_9_5,88402,,13.610350127195805,,,not_run,skipped,rule does not fit,
203,sparse_edit_or_object_completion,neighbor_fill_square_9_6,88402,,13.610350127195805,,,not_run,skipped,rule does not fit,
203,sparse_edit_or_object_completion,neighbor_fill_square_9_7,88402,,13.610350127195805,,,not_run,skipped,rule does not fit,
203,sparse_edit_or_object_completion,neighbor_fill_square_9_8,88402,,13.610350127195805,,,not_run,skipped,rule does not fit,
110,same_shape_global_transform,signature_scatternd_lookup,87213,42364,13.623891318645823,14.34594577603644,103719,24_pass_0_fail,improved,ok,bdc4cd67aa1285359abe8bd0dd0ebfd845d5aba978cfe8e2e35e9205d7c86325
110,same_shape_global_transform,direct_identity,87213,,13.623891318645823,,,not_run,skipped,not identity,
110,same_shape_global_transform,conv_color_map,87213,,13.623891318645823,,,not_run,skipped,conflicting color map,
110,same_shape_global_transform,fixed_mask_where,87213,,13.623891318645823,,,not_run,skipped,fixed edit conflict,
110,same_shape_global_transform,neighbor_fill_hline_1_1,87213,,13.623891318645823,,,not_run,skipped,rule does not fit,
110,same_shape_global_transform,neighbor_fill_hline_1_2,87213,,13.623891318645823,,,not_run,skipped,rule does not fit,
110,same_shape_global_transform,neighbor_fill_vline_1_1,87213,,13.623891318645823,,,not_run,skipped,rule does not fit,
110,same_shape_global_transform,neighbor_fill_vline_1_2,87213,,13.623891318645823,,,not_run,skipped,rule does not fit,
110,same_shape_global_transform,neighbor_fill_cross_1_1,87213,,13.623891318645823,,,not_run,skipped,rule does not fit,
110,same_shape_global_transform,neighbor_fill_cross_1_2,87213,,13.623891318645823,,,not_run,skipped,rule does not fit,
110,same_shape_global_transform,neighbor_fill_cross_1_3,87213,,13.623891318645823,,,not_run,skipped,rule does not fit,
110,same_shape_global_transform,neighbor_fill_cross_1_4,87213,,13.623891318645823,,,not_run,skipped,rule does not fit,
110,same_shape_global_transform,neighbor_fill_square_1_1,87213,,13.623891318645823,,,not_run,skipped,rule does not fit,
110,same_shape_global_transform,neighbor_fill_square_1_2,87213,,13.623891318645823,,,not_run,skipped,rule does not fit,
110,same_shape_global_transform,neighbor_fill_square_1_3,87213,,13.623891318645823,,,not_run,skipped,rule does not fit,
110,same_shape_global_transform,neighbor_fill_square_1_4,87213,,13.623891318645823,,,not_run,skipped,rule does not fit,
110,same_shape_global_transform,neighbor_fill_square_1_5,87213,,13.623891318645823,,,not_run,skipped,rule does not fit,
110,same_shape_global_transform,neighbor_fill_square_1_6,87213,,13.623891318645823,,,not_run,skipped,rule does not fit,
110,same_shape_global_transform,neighbor_fill_square_1_7,87213,,13.623891318645823,,,not_run,skipped,rule does not fit,
110,same_shape_global_transform,neighbor_fill_square_1_8,87213,,13.623891318645823,,,not_run,skipped,rule does not fit,
110,same_shape_global_transform,neighbor_fill_hline_2_1,87213,,13.623891318645823,,,not_run,skipped,rule does not fit,
110,same_shape_global_transform,neighbor_fill_hline_2_2,87213,,13.623891318645823,,,not_run,skipped,rule does not fit,
110,same_shape_global_transform,neighbor_fill_vline_2_1,87213,,13.623891318645823,,,not_run,skipped,rule does not fit,
110,same_shape_global_transform,neighbor_fill_vline_2_2,87213,,13.623891318645823,,,not_run,skipped,rule does not fit,
110,same_shape_global_transform,neighbor_fill_cross_2_1,87213,,13.623891318645823,,,not_run,skipped,rule does not fit,
110,same_shape_global_transform,neighbor_fill_cross_2_2,87213,,13.623891318645823,,,not_run,skipped,rule does not fit,
110,same_shape_global_transform,neighbor_fill_cross_2_3,87213,,13.623891318645823,,,not_run,skipped,rule does not fit,
110,same_shape_global_transform,neighbor_fill_cross_2_4,87213,,13.623891318645823,,,not_run,skipped,rule does not fit,
110,same_shape_global_transform,neighbor_fill_square_2_1,87213,,13.623891318645823,,,not_run,skipped,rule does not fit,
110,same_shape_global_transform,neighbor_fill_square_2_2,87213,,13.623891318645823,,,not_run,skipped,rule does not fit,
110,same_shape_global_transform,neighbor_fill_square_2_3,87213,,13.623891318645823,,,not_run,skipped,rule does not fit,
110,same_shape_global_transform,neighbor_fill_square_2_4,87213,,13.623891318645823,,,not_run,skipped,rule does not fit,
110,same_shape_global_transform,neighbor_fill_square_2_5,87213,,13.623891318645823,,,not_run,skipped,rule does not fit,
110,same_shape_global_transform,neighbor_fill_square_2_6,87213,,13.623891318645823,,,not_run,skipped,rule does not fit,
110,same_shape_global_transform,neighbor_fill_square_2_7,87213,,13.623891318645823,,,not_run,skipped,rule does not fit,
110,same_shape_global_transform,neighbor_fill_square_2_8,87213,,13.623891318645823,,,not_run,skipped,rule does not fit,
110,same_shape_global_transform,neighbor_fill_hline_3_1,87213,,13.623891318645823,,,not_run,skipped,rule does not fit,
110,same_shape_global_transform,neighbor_fill_hline_3_2,87213,,13.623891318645823,,,not_run,skipped,rule does not fit,
110,same_shape_global_transform,neighbor_fill_vline_3_1,87213,,13.623891318645823,,,not_run,skipped,rule does not fit,
110,same_shape_global_transform,neighbor_fill_vline_3_2,87213,,13.623891318645823,,,not_run,skipped,rule does not fit,
110,same_shape_global_transform,neighbor_fill_cross_3_1,87213,,13.623891318645823,,,not_run,skipped,rule does not fit,
110,same_shape_global_transform,neighbor_fill_cross_3_2,87213,,13.623891318645823,,,not_run,skipped,rule does not fit,
110,same_shape_global_transform,neighbor_fill_cross_3_3,87213,,13.623891318645823,,,not_run,skipped,rule does not fit,
110,same_shape_global_transform,neighbor_fill_cross_3_4,87213,,13.623891318645823,,,not_run,skipped,rule does not fit,
110,same_shape_global_transform,neighbor_fill_square_3_1,87213,,13.623891318645823,,,not_run,skipped,rule does not fit,
110,same_shape_global_transform,neighbor_fill_square_3_2,87213,,13.623891318645823,,,not_run,skipped,rule does not fit,
110,same_shape_global_transform,neighbor_fill_square_3_3,87213,,13.623891318645823,,,not_run,skipped,rule does not fit,
110,same_shape_global_transform,neighbor_fill_square_3_4,87213,,13.623891318645823,,,not_run,skipped,rule does not fit,
110,same_shape_global_transform,neighbor_fill_square_3_5,87213,,13.623891318645823,,,not_run,skipped,rule does not fit,
110,same_shape_global_transform,neighbor_fill_square_3_6,87213,,13.623891318645823,,,not_run,skipped,rule does not fit,
110,same_shape_global_transform,neighbor_fill_square_3_7,87213,,13.623891318645823,,,not_run,skipped,rule does not fit,
110,same_shape_global_transform,neighbor_fill_square_3_8,87213,,13.623891318645823,,,not_run,skipped,rule does not fit,
110,same_shape_global_transform,neighbor_fill_hline_4_1,87213,,13.623891318645823,,,not_run,skipped,rule does not fit,
110,same_shape_global_transform,neighbor_fill_hline_4_2,87213,,13.623891318645823,,,not_run,skipped,rule does not fit,
110,same_shape_global_transform,neighbor_fill_vline_4_1,87213,,13.623891318645823,,,not_run,skipped,rule does not fit,
110,same_shape_global_transform,neighbor_fill_vline_4_2,87213,,13.623891318645823,,,not_run,skipped,rule does not fit,
110,same_shape_global_transform,neighbor_fill_cross_4_1,87213,,13.623891318645823,,,not_run,skipped,rule does not fit,
110,same_shape_global_transform,neighbor_fill_cross_4_2,87213,,13.623891318645823,,,not_run,skipped,rule does not fit,
110,same_shape_global_transform,neighbor_fill_cross_4_3,87213,,13.623891318645823,,,not_run,skipped,rule does not fit,
110,same_shape_global_transform,neighbor_fill_cross_4_4,87213,,13.623891318645823,,,not_run,skipped,rule does not fit,
110,same_shape_global_transform,neighbor_fill_square_4_1,87213,,13.623891318645823,,,not_run,skipped,rule does not fit,
110,same_shape_global_transform,neighbor_fill_square_4_2,87213,,13.623891318645823,,,not_run,skipped,rule does not fit,
110,same_shape_global_transform,neighbor_fill_square_4_3,87213,,13.623891318645823,,,not_run,skipped,rule does not fit,
110,same_shape_global_transform,neighbor_fill_square_4_4,87213,,13.623891318645823,,,not_run,skipped,rule does not fit,
110,same_shape_global_transform,neighbor_fill_square_4_5,87213,,13.623891318645823,,,not_run,skipped,rule does not fit,
110,same_shape_global_transform,neighbor_fill_square_4_6,87213,,13.623891318645823,,,not_run,skipped,rule does not fit,
110,same_shape_global_transform,neighbor_fill_square_4_7,87213,,13.623891318645823,,,not_run,skipped,rule does not fit,
110,same_shape_global_transform,neighbor_fill_square_4_8,87213,,13.623891318645823,,,not_run,skipped,rule does not fit,
110,same_shape_global_transform,neighbor_fill_hline_5_1,87213,,13.623891318645823,,,not_run,skipped,rule does not fit,
110,same_shape_global_transform,neighbor_fill_hline_5_2,87213,,13.623891318645823,,,not_run,skipped,rule does not fit,
110,same_shape_global_transform,neighbor_fill_vline_5_1,87213,,13.623891318645823,,,not_run,skipped,rule does not fit,
110,same_shape_global_transform,neighbor_fill_vline_5_2,87213,,13.623891318645823,,,not_run,skipped,rule does not fit,
110,same_shape_global_transform,neighbor_fill_cross_5_1,87213,,13.623891318645823,,,not_run,skipped,rule does not fit,
110,same_shape_global_transform,neighbor_fill_cross_5_2,87213,,13.623891318645823,,,not_run,skipped,rule does not fit,
110,same_shape_global_transform,neighbor_fill_cross_5_3,87213,,13.623891318645823,,,not_run,skipped,rule does not fit,
110,same_shape_global_transform,neighbor_fill_cross_5_4,87213,,13.623891318645823,,,not_run,skipped,rule does not fit,
110,same_shape_global_transform,neighbor_fill_square_5_1,87213,,13.623891318645823,,,not_run,skipped,rule does not fit,
110,same_shape_global_transform,neighbor_fill_square_5_2,87213,,13.623891318645823,,,not_run,skipped,rule does not fit,
110,same_shape_global_transform,neighbor_fill_square_5_3,87213,,13.623891318645823,,,not_run,skipped,rule does not fit,
110,same_shape_global_transform,neighbor_fill_square_5_4,87213,,13.623891318645823,,,not_run,skipped,rule does not fit,
110,same_shape_global_transform,neighbor_fill_square_5_5,87213,,13.623891318645823,,,not_run,skipped,rule does not fit,
110,same_shape_global_transform,neighbor_fill_square_5_6,87213,,13.623891318645823,,,not_run,skipped,rule does not fit,
110,same_shape_global_transform,neighbor_fill_square_5_7,87213,,13.623891318645823,,,not_run,skipped,rule does not fit,
110,same_shape_global_transform,neighbor_fill_square_5_8,87213,,13.623891318645823,,,not_run,skipped,rule does not fit,
110,same_shape_global_transform,neighbor_fill_hline_6_1,87213,,13.623891318645823,,,not_run,skipped,rule does not fit,
110,same_shape_global_transform,neighbor_fill_hline_6_2,87213,,13.623891318645823,,,not_run,skipped,rule does not fit,
110,same_shape_global_transform,neighbor_fill_vline_6_1,87213,,13.623891318645823,,,not_run,skipped,rule does not fit,
110,same_shape_global_transform,neighbor_fill_vline_6_2,87213,,13.623891318645823,,,not_run,skipped,rule does not fit,
110,same_shape_global_transform,neighbor_fill_cross_6_1,87213,,13.623891318645823,,,not_run,skipped,rule does not fit,
110,same_shape_global_transform,neighbor_fill_cross_6_2,87213,,13.623891318645823,,,not_run,skipped,rule does not fit,
110,same_shape_global_transform,neighbor_fill_cross_6_3,87213,,13.623891318645823,,,not_run,skipped,rule does not fit,
110,same_shape_global_transform,neighbor_fill_cross_6_4,87213,,13.623891318645823,,,not_run,skipped,rule does not fit,
110,same_shape_global_transform,neighbor_fill_square_6_1,87213,,13.623891318645823,,,not_run,skipped,rule does not fit,
110,same_shape_global_transform,neighbor_fill_square_6_2,87213,,13.623891318645823,,,not_run,skipped,rule does not fit,
110,same_shape_global_transform,neighbor_fill_square_6_3,87213,,13.623891318645823,,,not_run,skipped,rule does not fit,
110,same_shape_global_transform,neighbor_fill_square_6_4,87213,,13.623891318645823,,,not_run,skipped,rule does not fit,
110,same_shape_global_transform,neighbor_fill_square_6_5,87213,,13.623891318645823,,,not_run,skipped,rule does not fit,
110,same_shape_global_transform,neighbor_fill_square_6_6,87213,,13.623891318645823,,,not_run,skipped,rule does not fit,
110,same_shape_global_transform,neighbor_fill_square_6_7,87213,,13.623891318645823,,,not_run,skipped,rule does not fit,
110,same_shape_global_transform,neighbor_fill_square_6_8,87213,,13.623891318645823,,,not_run,skipped,rule does not fit,
110,same_shape_global_transform,neighbor_fill_hline_7_1,87213,,13.623891318645823,,,not_run,skipped,rule does not fit,
110,same_shape_global_transform,neighbor_fill_hline_7_2,87213,,13.623891318645823,,,not_run,skipped,rule does not fit,
110,same_shape_global_transform,neighbor_fill_vline_7_1,87213,,13.623891318645823,,,not_run,skipped,rule does not fit,
110,same_shape_global_transform,neighbor_fill_vline_7_2,87213,,13.623891318645823,,,not_run,skipped,rule does not fit,
110,same_shape_global_transform,neighbor_fill_cross_7_1,87213,,13.623891318645823,,,not_run,skipped,rule does not fit,
110,same_shape_global_transform,neighbor_fill_cross_7_2,87213,,13.623891318645823,,,not_run,skipped,rule does not fit,
110,same_shape_global_transform,neighbor_fill_cross_7_3,87213,,13.623891318645823,,,not_run,skipped,rule does not fit,
110,same_shape_global_transform,neighbor_fill_cross_7_4,87213,,13.623891318645823,,,not_run,skipped,rule does not fit,
110,same_shape_global_transform,neighbor_fill_square_7_1,87213,,13.623891318645823,,,not_run,skipped,rule does not fit,
110,same_shape_global_transform,neighbor_fill_square_7_2,87213,,13.623891318645823,,,not_run,skipped,rule does not fit,
110,same_shape_global_transform,neighbor_fill_square_7_3,87213,,13.623891318645823,,,not_run,skipped,rule does not fit,
110,same_shape_global_transform,neighbor_fill_square_7_4,87213,,13.623891318645823,,,not_run,skipped,rule does not fit,
110,same_shape_global_transform,neighbor_fill_square_7_5,87213,,13.623891318645823,,,not_run,skipped,rule does not fit,
110,same_shape_global_transform,neighbor_fill_square_7_6,87213,,13.623891318645823,,,not_run,skipped,rule does not fit,
110,same_shape_global_transform,neighbor_fill_square_7_7,87213,,13.623891318645823,,,not_run,skipped,rule does not fit,
110,same_shape_global_transform,neighbor_fill_square_7_8,87213,,13.623891318645823,,,not_run,skipped,rule does not fit,
110,same_shape_global_transform,neighbor_fill_hline_8_1,87213,,13.623891318645823,,,not_run,skipped,rule does not fit,
110,same_shape_global_transform,neighbor_fill_hline_8_2,87213,,13.623891318645823,,,not_run,skipped,rule does not fit,
110,same_shape_global_transform,neighbor_fill_vline_8_1,87213,,13.623891318645823,,,not_run,skipped,rule does not fit,
110,same_shape_global_transform,neighbor_fill_vline_8_2,87213,,13.623891318645823,,,not_run,skipped,rule does not fit,
110,same_shape_global_transform,neighbor_fill_cross_8_1,87213,,13.623891318645823,,,not_run,skipped,rule does not fit,
110,same_shape_global_transform,neighbor_fill_cross_8_2,87213,,13.623891318645823,,,not_run,skipped,rule does not fit,
110,same_shape_global_transform,neighbor_fill_cross_8_3,87213,,13.623891318645823,,,not_run,skipped,rule does not fit,
110,same_shape_global_transform,neighbor_fill_cross_8_4,87213,,13.623891318645823,,,not_run,skipped,rule does not fit,
110,same_shape_global_transform,neighbor_fill_square_8_1,87213,,13.623891318645823,,,not_run,skipped,rule does not fit,
110,same_shape_global_transform,neighbor_fill_square_8_2,87213,,13.623891318645823,,,not_run,skipped,rule does not fit,
110,same_shape_global_transform,neighbor_fill_square_8_3,87213,,13.623891318645823,,,not_run,skipped,rule does not fit,
110,same_shape_global_transform,neighbor_fill_square_8_4,87213,,13.623891318645823,,,not_run,skipped,rule does not fit,
110,same_shape_global_transform,neighbor_fill_square_8_5,87213,,13.623891318645823,,,not_run,skipped,rule does not fit,
110,same_shape_global_transform,neighbor_fill_square_8_6,87213,,13.623891318645823,,,not_run,skipped,rule does not fit,
110,same_shape_global_transform,neighbor_fill_square_8_7,87213,,13.623891318645823,,,not_run,skipped,rule does not fit,
110,same_shape_global_transform,neighbor_fill_square_8_8,87213,,13.623891318645823,,,not_run,skipped,rule does not fit,
110,same_shape_global_transform,neighbor_fill_hline_9_1,87213,,13.623891318645823,,,not_run,skipped,rule does not fit,
110,same_shape_global_transform,neighbor_fill_hline_9_2,87213,,13.623891318645823,,,not_run,skipped,rule does not fit,
110,same_shape_global_transform,neighbor_fill_vline_9_1,87213,,13.623891318645823,,,not_run,skipped,rule does not fit,
110,same_shape_global_transform,neighbor_fill_vline_9_2,87213,,13.623891318645823,,,not_run,skipped,rule does not fit,
110,same_shape_global_transform,neighbor_fill_cross_9_1,87213,,13.623891318645823,,,not_run,skipped,rule does not fit,
110,same_shape_global_transform,neighbor_fill_cross_9_2,87213,,13.623891318645823,,,not_run,skipped,rule does not fit,
110,same_shape_global_transform,neighbor_fill_cross_9_3,87213,,13.623891318645823,,,not_run,skipped,rule does not fit,
110,same_shape_global_transform,neighbor_fill_cross_9_4,87213,,13.623891318645823,,,not_run,skipped,rule does not fit,
110,same_shape_global_transform,neighbor_fill_square_9_1,87213,,13.623891318645823,,,not_run,skipped,rule does not fit,
110,same_shape_global_transform,neighbor_fill_square_9_2,87213,,13.623891318645823,,,not_run,skipped,rule does not fit,
110,same_shape_global_transform,neighbor_fill_square_9_3,87213,,13.623891318645823,,,not_run,skipped,rule does not fit,
110,same_shape_global_transform,neighbor_fill_square_9_4,87213,,13.623891318645823,,,not_run,skipped,rule does not fit,
110,same_shape_global_transform,neighbor_fill_square_9_5,87213,,13.623891318645823,,,not_run,skipped,rule does not fit,
110,same_shape_global_transform,neighbor_fill_square_9_6,87213,,13.623891318645823,,,not_run,skipped,rule does not fit,
110,same_shape_global_transform,neighbor_fill_square_9_7,87213,,13.623891318645823,,,not_run,skipped,rule does not fit,
110,same_shape_global_transform,neighbor_fill_square_9_8,87213,,13.623891318645823,,,not_run,skipped,rule does not fit,
382,sparse_edit_or_object_completion,signature_scatternd_lookup,86049,37116,13.637327819578335,14.47819657752693,88871,24_pass_0_fail,improved,ok,834f13161e35568446a4c4b1c1e49528b63b302d0352753bae726759427091a8
382,sparse_edit_or_object_completion,direct_identity,86049,,13.637327819578335,,,not_run,skipped,not identity,
382,sparse_edit_or_object_completion,conv_color_map,86049,,13.637327819578335,,,not_run,skipped,conflicting color map,
382,sparse_edit_or_object_completion,fixed_mask_where,86049,,13.637327819578335,,,not_run,skipped,edit target mismatch,
382,sparse_edit_or_object_completion,neighbor_fill_hline_8_1,86049,,13.637327819578335,,,not_run,skipped,rule does not fit,
382,sparse_edit_or_object_completion,neighbor_fill_hline_8_2,86049,,13.637327819578335,,,not_run,skipped,rule does not fit,
382,sparse_edit_or_object_completion,neighbor_fill_vline_8_1,86049,,13.637327819578335,,,not_run,skipped,rule does not fit,
382,sparse_edit_or_object_completion,neighbor_fill_vline_8_2,86049,,13.637327819578335,,,not_run,skipped,rule does not fit,
382,sparse_edit_or_object_completion,neighbor_fill_cross_8_1,86049,,13.637327819578335,,,not_run,skipped,rule does not fit,
382,sparse_edit_or_object_completion,neighbor_fill_cross_8_2,86049,,13.637327819578335,,,not_run,skipped,rule does not fit,
382,sparse_edit_or_object_completion,neighbor_fill_cross_8_3,86049,,13.637327819578335,,,not_run,skipped,rule does not fit,
382,sparse_edit_or_object_completion,neighbor_fill_cross_8_4,86049,,13.637327819578335,,,not_run,skipped,rule does not fit,
382,sparse_edit_or_object_completion,neighbor_fill_square_8_1,86049,,13.637327819578335,,,not_run,skipped,rule does not fit,
382,sparse_edit_or_object_completion,neighbor_fill_square_8_2,86049,,13.637327819578335,,,not_run,skipped,rule does not fit,
382,sparse_edit_or_object_completion,neighbor_fill_square_8_3,86049,,13.637327819578335,,,not_run,skipped,rule does not fit,
382,sparse_edit_or_object_completion,neighbor_fill_square_8_4,86049,,13.637327819578335,,,not_run,skipped,rule does not fit,
382,sparse_edit_or_object_completion,neighbor_fill_square_8_5,86049,,13.637327819578335,,,not_run,skipped,rule does not fit,
382,sparse_edit_or_object_completion,neighbor_fill_square_8_6,86049,,13.637327819578335,,,not_run,skipped,rule does not fit,
382,sparse_edit_or_object_completion,neighbor_fill_square_8_7,86049,,13.637327819578335,,,not_run,skipped,rule does not fit,
382,sparse_edit_or_object_completion,neighbor_fill_square_8_8,86049,,13.637327819578335,,,not_run,skipped,rule does not fit,
2,sparse_edit_or_object_completion,signature_scatternd_lookup,84626,33548,13.654003173016246,14.579267471895697,83261,26_pass_0_fail,improved,ok,ba0efe30a0c035ab7df1c5a323488007d15c31952a4a26af7c7032894902d99e
2,sparse_edit_or_object_completion,direct_identity,84626,,13.654003173016246,,,not_run,skipped,not identity,
2,sparse_edit_or_object_completion,conv_color_map,84626,,13.654003173016246,,,not_run,skipped,conflicting color map,
2,sparse_edit_or_object_completion,fixed_mask_where,84626,,13.654003173016246,,,not_run,skipped,edit target mismatch,
2,sparse_edit_or_object_completion,neighbor_fill_hline_4_1,84626,,13.654003173016246,,,not_run,skipped,rule does not fit,
2,sparse_edit_or_object_completion,neighbor_fill_hline_4_2,84626,,13.654003173016246,,,not_run,skipped,rule does not fit,
2,sparse_edit_or_object_completion,neighbor_fill_vline_4_1,84626,,13.654003173016246,,,not_run,skipped,rule does not fit,
2,sparse_edit_or_object_completion,neighbor_fill_vline_4_2,84626,,13.654003173016246,,,not_run,skipped,rule does not fit,
2,sparse_edit_or_object_completion,neighbor_fill_cross_4_1,84626,,13.654003173016246,,,not_run,skipped,rule does not fit,
2,sparse_edit_or_object_completion,neighbor_fill_cross_4_2,84626,,13.654003173016246,,,not_run,skipped,rule does not fit,
2,sparse_edit_or_object_completion,neighbor_fill_cross_4_3,84626,,13.654003173016246,,,not_run,skipped,rule does not fit,
2,sparse_edit_or_object_completion,neighbor_fill_cross_4_4,84626,,13.654003173016246,,,not_run,skipped,rule does not fit,
2,sparse_edit_or_object_completion,neighbor_fill_square_4_1,84626,,13.654003173016246,,,not_run,skipped,rule does not fit,
2,sparse_edit_or_object_completion,neighbor_fill_square_4_2,84626,,13.654003173016246,,,not_run,skipped,rule does not fit,
2,sparse_edit_or_object_completion,neighbor_fill_square_4_3,84626,,13.654003173016246,,,not_run,skipped,rule does not fit,
2,sparse_edit_or_object_completion,neighbor_fill_square_4_4,84626,,13.654003173016246,,,not_run,skipped,rule does not fit,
2,sparse_edit_or_object_completion,neighbor_fill_square_4_5,84626,,13.654003173016246,,,not_run,skipped,rule does not fit,
2,sparse_edit_or_object_completion,neighbor_fill_square_4_6,84626,,13.654003173016246,,,not_run,skipped,rule does not fit,
2,sparse_edit_or_object_completion,neighbor_fill_square_4_7,84626,,13.654003173016246,,,not_run,skipped,rule does not fit,
2,sparse_edit_or_object_completion,neighbor_fill_square_4_8,84626,,13.654003173016246,,,not_run,skipped,rule does not fit,
313,sparse_edit_or_object_completion,signature_scatternd_lookup,83572,156156,13.666536185257858,13.041389213435242,386471,24_pass_0_fail,no_cost_gain,candidate cost is not lower than baseline,7e083df98275c7dcc25efe6167271296a68ea51392fb1e7ef5c19f19c13e8347
313,sparse_edit_or_object_completion,direct_identity,83572,,13.666536185257858,,,not_run,skipped,not identity,
313,sparse_edit_or_object_completion,conv_color_map,83572,,13.666536185257858,,,not_run,skipped,conflicting color map,
313,sparse_edit_or_object_completion,fixed_mask_where,83572,,13.666536185257858,,,not_run,skipped,fixed edit conflict,
313,sparse_edit_or_object_completion,neighbor_fill_hline_1_1,83572,,13.666536185257858,,,not_run,skipped,rule does not fit,
313,sparse_edit_or_object_completion,neighbor_fill_hline_1_2,83572,,13.666536185257858,,,not_run,skipped,rule does not fit,
313,sparse_edit_or_object_completion,neighbor_fill_vline_1_1,83572,,13.666536185257858,,,not_run,skipped,rule does not fit,
313,sparse_edit_or_object_completion,neighbor_fill_vline_1_2,83572,,13.666536185257858,,,not_run,skipped,rule does not fit,
313,sparse_edit_or_object_completion,neighbor_fill_cross_1_1,83572,,13.666536185257858,,,not_run,skipped,rule does not fit,
313,sparse_edit_or_object_completion,neighbor_fill_cross_1_2,83572,,13.666536185257858,,,not_run,skipped,rule does not fit,
313,sparse_edit_or_object_completion,neighbor_fill_cross_1_3,83572,,13.666536185257858,,,not_run,skipped,rule does not fit,
313,sparse_edit_or_object_completion,neighbor_fill_cross_1_4,83572,,13.666536185257858,,,not_run,skipped,rule does not fit,
313,sparse_edit_or_object_completion,neighbor_fill_square_1_1,83572,,13.666536185257858,,,not_run,skipped,rule does not fit,
313,sparse_edit_or_object_completion,neighbor_fill_square_1_2,83572,,13.666536185257858,,,not_run,skipped,rule does not fit,
313,sparse_edit_or_object_completion,neighbor_fill_square_1_3,83572,,13.666536185257858,,,not_run,skipped,rule does not fit,
313,sparse_edit_or_object_completion,neighbor_fill_square_1_4,83572,,13.666536185257858,,,not_run,skipped,rule does not fit,
313,sparse_edit_or_object_completion,neighbor_fill_square_1_5,83572,,13.666536185257858,,,not_run,skipped,rule does not fit,
313,sparse_edit_or_object_completion,neighbor_fill_square_1_6,83572,,13.666536185257858,,,not_run,skipped,rule does not fit,
313,sparse_edit_or_object_completion,neighbor_fill_square_1_7,83572,,13.666536185257858,,,not_run,skipped,rule does not fit,
313,sparse_edit_or_object_completion,neighbor_fill_square_1_8,83572,,13.666536185257858,,,not_run,skipped,rule does not fit,
313,sparse_edit_or_object_completion,neighbor_fill_hline_2_1,83572,,13.666536185257858,,,not_run,skipped,rule does not fit,
313,sparse_edit_or_object_completion,neighbor_fill_hline_2_2,83572,,13.666536185257858,,,not_run,skipped,rule does not fit,
313,sparse_edit_or_object_completion,neighbor_fill_vline_2_1,83572,,13.666536185257858,,,not_run,skipped,rule does not fit,
313,sparse_edit_or_object_completion,neighbor_fill_vline_2_2,83572,,13.666536185257858,,,not_run,skipped,rule does not fit,
313,sparse_edit_or_object_completion,neighbor_fill_cross_2_1,83572,,13.666536185257858,,,not_run,skipped,rule does not fit,
313,sparse_edit_or_object_completion,neighbor_fill_cross_2_2,83572,,13.666536185257858,,,not_run,skipped,rule does not fit,
313,sparse_edit_or_object_completion,neighbor_fill_cross_2_3,83572,,13.666536185257858,,,not_run,skipped,rule does not fit,
313,sparse_edit_or_object_completion,neighbor_fill_cross_2_4,83572,,13.666536185257858,,,not_run,skipped,rule does not fit,
313,sparse_edit_or_object_completion,neighbor_fill_square_2_1,83572,,13.666536185257858,,,not_run,skipped,rule does not fit,
313,sparse_edit_or_object_completion,neighbor_fill_square_2_2,83572,,13.666536185257858,,,not_run,skipped,rule does not fit,
313,sparse_edit_or_object_completion,neighbor_fill_square_2_3,83572,,13.666536185257858,,,not_run,skipped,rule does not fit,
313,sparse_edit_or_object_completion,neighbor_fill_square_2_4,83572,,13.666536185257858,,,not_run,skipped,rule does not fit,
313,sparse_edit_or_object_completion,neighbor_fill_square_2_5,83572,,13.666536185257858,,,not_run,skipped,rule does not fit,
313,sparse_edit_or_object_completion,neighbor_fill_square_2_6,83572,,13.666536185257858,,,not_run,skipped,rule does not fit,
313,sparse_edit_or_object_completion,neighbor_fill_square_2_7,83572,,13.666536185257858,,,not_run,skipped,rule does not fit,
313,sparse_edit_or_object_completion,neighbor_fill_square_2_8,83572,,13.666536185257858,,,not_run,skipped,rule does not fit,
313,sparse_edit_or_object_completion,neighbor_fill_hline_3_1,83572,,13.666536185257858,,,not_run,skipped,rule does not fit,
313,sparse_edit_or_object_completion,neighbor_fill_hline_3_2,83572,,13.666536185257858,,,not_run,skipped,rule does not fit,
313,sparse_edit_or_object_completion,neighbor_fill_vline_3_1,83572,,13.666536185257858,,,not_run,skipped,rule does not fit,
313,sparse_edit_or_object_completion,neighbor_fill_vline_3_2,83572,,13.666536185257858,,,not_run,skipped,rule does not fit,
313,sparse_edit_or_object_completion,neighbor_fill_cross_3_1,83572,,13.666536185257858,,,not_run,skipped,rule does not fit,
313,sparse_edit_or_object_completion,neighbor_fill_cross_3_2,83572,,13.666536185257858,,,not_run,skipped,rule does not fit,
313,sparse_edit_or_object_completion,neighbor_fill_cross_3_3,83572,,13.666536185257858,,,not_run,skipped,rule does not fit,
313,sparse_edit_or_object_completion,neighbor_fill_cross_3_4,83572,,13.666536185257858,,,not_run,skipped,rule does not fit,
313,sparse_edit_or_object_completion,neighbor_fill_square_3_1,83572,,13.666536185257858,,,not_run,skipped,rule does not fit,
313,sparse_edit_or_object_completion,neighbor_fill_square_3_2,83572,,13.666536185257858,,,not_run,skipped,rule does not fit,
313,sparse_edit_or_object_completion,neighbor_fill_square_3_3,83572,,13.666536185257858,,,not_run,skipped,rule does not fit,
313,sparse_edit_or_object_completion,neighbor_fill_square_3_4,83572,,13.666536185257858,,,not_run,skipped,rule does not fit,
313,sparse_edit_or_object_completion,neighbor_fill_square_3_5,83572,,13.666536185257858,,,not_run,skipped,rule does not fit,
313,sparse_edit_or_object_completion,neighbor_fill_square_3_6,83572,,13.666536185257858,,,not_run,skipped,rule does not fit,
313,sparse_edit_or_object_completion,neighbor_fill_square_3_7,83572,,13.666536185257858,,,not_run,skipped,rule does not fit,
313,sparse_edit_or_object_completion,neighbor_fill_square_3_8,83572,,13.666536185257858,,,not_run,skipped,rule does not fit,
313,sparse_edit_or_object_completion,neighbor_fill_hline_4_1,83572,,13.666536185257858,,,not_run,skipped,rule does not fit,
313,sparse_edit_or_object_completion,neighbor_fill_hline_4_2,83572,,13.666536185257858,,,not_run,skipped,rule does not fit,
313,sparse_edit_or_object_completion,neighbor_fill_vline_4_1,83572,,13.666536185257858,,,not_run,skipped,rule does not fit,
313,sparse_edit_or_object_completion,neighbor_fill_vline_4_2,83572,,13.666536185257858,,,not_run,skipped,rule does not fit,
313,sparse_edit_or_object_completion,neighbor_fill_cross_4_1,83572,,13.666536185257858,,,not_run,skipped,rule does not fit,
313,sparse_edit_or_object_completion,neighbor_fill_cross_4_2,83572,,13.666536185257858,,,not_run,skipped,rule does not fit,
313,sparse_edit_or_object_completion,neighbor_fill_cross_4_3,83572,,13.666536185257858,,,not_run,skipped,rule does not fit,
313,sparse_edit_or_object_completion,neighbor_fill_cross_4_4,83572,,13.666536185257858,,,not_run,skipped,rule does not fit,
313,sparse_edit_or_object_completion,neighbor_fill_square_4_1,83572,,13.666536185257858,,,not_run,skipped,rule does not fit,
313,sparse_edit_or_object_completion,neighbor_fill_square_4_2,83572,,13.666536185257858,,,not_run,skipped,rule does not fit,
313,sparse_edit_or_object_completion,neighbor_fill_square_4_3,83572,,13.666536185257858,,,not_run,skipped,rule does not fit,
313,sparse_edit_or_object_completion,neighbor_fill_square_4_4,83572,,13.666536185257858,,,not_run,skipped,rule does not fit,
313,sparse_edit_or_object_completion,neighbor_fill_square_4_5,83572,,13.666536185257858,,,not_run,skipped,rule does not fit,
313,sparse_edit_or_object_completion,neighbor_fill_square_4_6,83572,,13.666536185257858,,,not_run,skipped,rule does not fit,
313,sparse_edit_or_object_completion,neighbor_fill_square_4_7,83572,,13.666536185257858,,,not_run,skipped,rule does not fit,
313,sparse_edit_or_object_completion,neighbor_fill_square_4_8,83572,,13.666536185257858,,,not_run,skipped,rule does not fit,
313,sparse_edit_or_object_completion,neighbor_fill_hline_5_1,83572,,13.666536185257858,,,not_run,skipped,rule does not fit,
313,sparse_edit_or_object_completion,neighbor_fill_hline_5_2,83572,,13.666536185257858,,,not_run,skipped,rule does not fit,
313,sparse_edit_or_object_completion,neighbor_fill_vline_5_1,83572,,13.666536185257858,,,not_run,skipped,rule does not fit,
313,sparse_edit_or_object_completion,neighbor_fill_vline_5_2,83572,,13.666536185257858,,,not_run,skipped,rule does not fit,
313,sparse_edit_or_object_completion,neighbor_fill_cross_5_1,83572,,13.666536185257858,,,not_run,skipped,rule does not fit,
313,sparse_edit_or_object_completion,neighbor_fill_cross_5_2,83572,,13.666536185257858,,,not_run,skipped,rule does not fit,
313,sparse_edit_or_object_completion,neighbor_fill_cross_5_3,83572,,13.666536185257858,,,not_run,skipped,rule does not fit,
313,sparse_edit_or_object_completion,neighbor_fill_cross_5_4,83572,,13.666536185257858,,,not_run,skipped,rule does not fit,
313,sparse_edit_or_object_completion,neighbor_fill_square_5_1,83572,,13.666536185257858,,,not_run,skipped,rule does not fit,
313,sparse_edit_or_object_completion,neighbor_fill_square_5_2,83572,,13.666536185257858,,,not_run,skipped,rule does not fit,
313,sparse_edit_or_object_completion,neighbor_fill_square_5_3,83572,,13.666536185257858,,,not_run,skipped,rule does not fit,
313,sparse_edit_or_object_completion,neighbor_fill_square_5_4,83572,,13.666536185257858,,,not_run,skipped,rule does not fit,
313,sparse_edit_or_object_completion,neighbor_fill_square_5_5,83572,,13.666536185257858,,,not_run,skipped,rule does not fit,
313,sparse_edit_or_object_completion,neighbor_fill_square_5_6,83572,,13.666536185257858,,,not_run,skipped,rule does not fit,
313,sparse_edit_or_object_completion,neighbor_fill_square_5_7,83572,,13.666536185257858,,,not_run,skipped,rule does not fit,
313,sparse_edit_or_object_completion,neighbor_fill_square_5_8,83572,,13.666536185257858,,,not_run,skipped,rule does not fit,
313,sparse_edit_or_object_completion,neighbor_fill_hline_6_1,83572,,13.666536185257858,,,not_run,skipped,rule does not fit,
313,sparse_edit_or_object_completion,neighbor_fill_hline_6_2,83572,,13.666536185257858,,,not_run,skipped,rule does not fit,
313,sparse_edit_or_object_completion,neighbor_fill_vline_6_1,83572,,13.666536185257858,,,not_run,skipped,rule does not fit,
313,sparse_edit_or_object_completion,neighbor_fill_vline_6_2,83572,,13.666536185257858,,,not_run,skipped,rule does not fit,
313,sparse_edit_or_object_completion,neighbor_fill_cross_6_1,83572,,13.666536185257858,,,not_run,skipped,rule does not fit,
313,sparse_edit_or_object_completion,neighbor_fill_cross_6_2,83572,,13.666536185257858,,,not_run,skipped,rule does not fit,
313,sparse_edit_or_object_completion,neighbor_fill_cross_6_3,83572,,13.666536185257858,,,not_run,skipped,rule does not fit,
313,sparse_edit_or_object_completion,neighbor_fill_cross_6_4,83572,,13.666536185257858,,,not_run,skipped,rule does not fit,
313,sparse_edit_or_object_completion,neighbor_fill_square_6_1,83572,,13.666536185257858,,,not_run,skipped,rule does not fit,
313,sparse_edit_or_object_completion,neighbor_fill_square_6_2,83572,,13.666536185257858,,,not_run,skipped,rule does not fit,
313,sparse_edit_or_object_completion,neighbor_fill_square_6_3,83572,,13.666536185257858,,,not_run,skipped,rule does not fit,
313,sparse_edit_or_object_completion,neighbor_fill_square_6_4,83572,,13.666536185257858,,,not_run,skipped,rule does not fit,
313,sparse_edit_or_object_completion,neighbor_fill_square_6_5,83572,,13.666536185257858,,,not_run,skipped,rule does not fit,
313,sparse_edit_or_object_completion,neighbor_fill_square_6_6,83572,,13.666536185257858,,,not_run,skipped,rule does not fit,
313,sparse_edit_or_object_completion,neighbor_fill_square_6_7,83572,,13.666536185257858,,,not_run,skipped,rule does not fit,
313,sparse_edit_or_object_completion,neighbor_fill_square_6_8,83572,,13.666536185257858,,,not_run,skipped,rule does not fit,
313,sparse_edit_or_object_completion,neighbor_fill_hline_7_1,83572,,13.666536185257858,,,not_run,skipped,rule does not fit,
313,sparse_edit_or_object_completion,neighbor_fill_hline_7_2,83572,,13.666536185257858,,,not_run,skipped,rule does not fit,
313,sparse_edit_or_object_completion,neighbor_fill_vline_7_1,83572,,13.666536185257858,,,not_run,skipped,rule does not fit,
313,sparse_edit_or_object_completion,neighbor_fill_vline_7_2,83572,,13.666536185257858,,,not_run,skipped,rule does not fit,
313,sparse_edit_or_object_completion,neighbor_fill_cross_7_1,83572,,13.666536185257858,,,not_run,skipped,rule does not fit,
313,sparse_edit_or_object_completion,neighbor_fill_cross_7_2,83572,,13.666536185257858,,,not_run,skipped,rule does not fit,
313,sparse_edit_or_object_completion,neighbor_fill_cross_7_3,83572,,13.666536185257858,,,not_run,skipped,rule does not fit,
313,sparse_edit_or_object_completion,neighbor_fill_cross_7_4,83572,,13.666536185257858,,,not_run,skipped,rule does not fit,
313,sparse_edit_or_object_completion,neighbor_fill_square_7_1,83572,,13.666536185257858,,,not_run,skipped,rule does not fit,
313,sparse_edit_or_object_completion,neighbor_fill_square_7_2,83572,,13.666536185257858,,,not_run,skipped,rule does not fit,
313,sparse_edit_or_object_completion,neighbor_fill_square_7_3,83572,,13.666536185257858,,,not_run,skipped,rule does not fit,
313,sparse_edit_or_object_completion,neighbor_fill_square_7_4,83572,,13.666536185257858,,,not_run,skipped,rule does not fit,
313,sparse_edit_or_object_completion,neighbor_fill_square_7_5,83572,,13.666536185257858,,,not_run,skipped,rule does not fit,
313,sparse_edit_or_object_completion,neighbor_fill_square_7_6,83572,,13.666536185257858,,,not_run,skipped,rule does not fit,
313,sparse_edit_or_object_completion,neighbor_fill_square_7_7,83572,,13.666536185257858,,,not_run,skipped,rule does not fit,
313,sparse_edit_or_object_completion,neighbor_fill_square_7_8,83572,,13.666536185257858,,,not_run,skipped,rule does not fit,
313,sparse_edit_or_object_completion,neighbor_fill_hline_8_1,83572,,13.666536185257858,,,not_run,skipped,rule does not fit,
313,sparse_edit_or_object_completion,neighbor_fill_hline_8_2,83572,,13.666536185257858,,,not_run,skipped,rule does not fit,
313,sparse_edit_or_object_completion,neighbor_fill_vline_8_1,83572,,13.666536185257858,,,not_run,skipped,rule does not fit,
313,sparse_edit_or_object_completion,neighbor_fill_vline_8_2,83572,,13.666536185257858,,,not_run,skipped,rule does not fit,
313,sparse_edit_or_object_completion,neighbor_fill_cross_8_1,83572,,13.666536185257858,,,not_run,skipped,rule does not fit,
313,sparse_edit_or_object_completion,neighbor_fill_cross_8_2,83572,,13.666536185257858,,,not_run,skipped,rule does not fit,
313,sparse_edit_or_object_completion,neighbor_fill_cross_8_3,83572,,13.666536185257858,,,not_run,skipped,rule does not fit,
313,sparse_edit_or_object_completion,neighbor_fill_cross_8_4,83572,,13.666536185257858,,,not_run,skipped,rule does not fit,
313,sparse_edit_or_object_completion,neighbor_fill_square_8_1,83572,,13.666536185257858,,,not_run,skipped,rule does not fit,
313,sparse_edit_or_object_completion,neighbor_fill_square_8_2,83572,,13.666536185257858,,,not_run,skipped,rule does not fit,
313,sparse_edit_or_object_completion,neighbor_fill_square_8_3,83572,,13.666536185257858,,,not_run,skipped,rule does not fit,
313,sparse_edit_or_object_completion,neighbor_fill_square_8_4,83572,,13.666536185257858,,,not_run,skipped,rule does not fit,
313,sparse_edit_or_object_completion,neighbor_fill_square_8_5,83572,,13.666536185257858,,,not_run,skipped,rule does not fit,
313,sparse_edit_or_object_completion,neighbor_fill_square_8_6,83572,,13.666536185257858,,,not_run,skipped,rule does not fit,
313,sparse_edit_or_object_completion,neighbor_fill_square_8_7,83572,,13.666536185257858,,,not_run,skipped,rule does not fit,
313,sparse_edit_or_object_completion,neighbor_fill_square_8_8,83572,,13.666536185257858,,,not_run,skipped,rule does not fit,
313,sparse_edit_or_object_completion,neighbor_fill_hline_9_1,83572,,13.666536185257858,,,not_run,skipped,rule does not fit,
313,sparse_edit_or_object_completion,neighbor_fill_hline_9_2,83572,,13.666536185257858,,,not_run,skipped,rule does not fit,
313,sparse_edit_or_object_completion,neighbor_fill_vline_9_1,83572,,13.666536185257858,,,not_run,skipped,rule does not fit,
313,sparse_edit_or_object_completion,neighbor_fill_vline_9_2,83572,,13.666536185257858,,,not_run,skipped,rule does not fit,
313,sparse_edit_or_object_completion,neighbor_fill_cross_9_1,83572,,13.666536185257858,,,not_run,skipped,rule does not fit,
313,sparse_edit_or_object_completion,neighbor_fill_cross_9_2,83572,,13.666536185257858,,,not_run,skipped,rule does not fit,
313,sparse_edit_or_object_completion,neighbor_fill_cross_9_3,83572,,13.666536185257858,,,not_run,skipped,rule does not fit,
313,sparse_edit_or_object_completion,neighbor_fill_cross_9_4,83572,,13.666536185257858,,,not_run,skipped,rule does not fit,
313,sparse_edit_or_object_completion,neighbor_fill_square_9_1,83572,,13.666536185257858,,,not_run,skipped,rule does not fit,
313,sparse_edit_or_object_completion,neighbor_fill_square_9_2,83572,,13.666536185257858,,,not_run,skipped,rule does not fit,
313,sparse_edit_or_object_completion,neighbor_fill_square_9_3,83572,,13.666536185257858,,,not_run,skipped,rule does not fit,
313,sparse_edit_or_object_completion,neighbor_fill_square_9_4,83572,,13.666536185257858,,,not_run,skipped,rule does not fit,
313,sparse_edit_or_object_completion,neighbor_fill_square_9_5,83572,,13.666536185257858,,,not_run,skipped,rule does not fit,
313,sparse_edit_or_object_completion,neighbor_fill_square_9_6,83572,,13.666536185257858,,,not_run,skipped,rule does not fit,
313,sparse_edit_or_object_completion,neighbor_fill_square_9_7,83572,,13.666536185257858,,,not_run,skipped,rule does not fit,
313,sparse_edit_or_object_completion,neighbor_fill_square_9_8,83572,,13.666536185257858,,,not_run,skipped,rule does not fit,
158,sparse_edit_or_object_completion,signature_scatternd_lookup,81918,24284,13.686525974087193,14.902427023749675,56356,24_pass_0_fail,improved,ok,c3229b03e07960c6ad85b2656770b00f7a06fdb9a9b037d4fa958a955f5d292c
158,sparse_edit_or_object_completion,direct_identity,81918,,13.686525974087193,,,not_run,skipped,not identity,
158,sparse_edit_or_object_completion,conv_color_map,81918,,13.686525974087193,,,not_run,skipped,conflicting color map,
158,sparse_edit_or_object_completion,fixed_mask_where,81918,,13.686525974087193,,,not_run,skipped,fixed edit conflict,
158,sparse_edit_or_object_completion,neighbor_fill_hline_1_1,81918,,13.686525974087193,,,not_run,skipped,rule does not fit,
158,sparse_edit_or_object_completion,neighbor_fill_hline_1_2,81918,,13.686525974087193,,,not_run,skipped,rule does not fit,
158,sparse_edit_or_object_completion,neighbor_fill_vline_1_1,81918,,13.686525974087193,,,not_run,skipped,rule does not fit,
158,sparse_edit_or_object_completion,neighbor_fill_vline_1_2,81918,,13.686525974087193,,,not_run,skipped,rule does not fit,
158,sparse_edit_or_object_completion,neighbor_fill_cross_1_1,81918,,13.686525974087193,,,not_run,skipped,rule does not fit,
158,sparse_edit_or_object_completion,neighbor_fill_cross_1_2,81918,,13.686525974087193,,,not_run,skipped,rule does not fit,
158,sparse_edit_or_object_completion,neighbor_fill_cross_1_3,81918,,13.686525974087193,,,not_run,skipped,rule does not fit,
158,sparse_edit_or_object_completion,neighbor_fill_cross_1_4,81918,,13.686525974087193,,,not_run,skipped,rule does not fit,
158,sparse_edit_or_object_completion,neighbor_fill_square_1_1,81918,,13.686525974087193,,,not_run,skipped,rule does not fit,
158,sparse_edit_or_object_completion,neighbor_fill_square_1_2,81918,,13.686525974087193,,,not_run,skipped,rule does not fit,
158,sparse_edit_or_object_completion,neighbor_fill_square_1_3,81918,,13.686525974087193,,,not_run,skipped,rule does not fit,
158,sparse_edit_or_object_completion,neighbor_fill_square_1_4,81918,,13.686525974087193,,,not_run,skipped,rule does not fit,
158,sparse_edit_or_object_completion,neighbor_fill_square_1_5,81918,,13.686525974087193,,,not_run,skipped,rule does not fit,
158,sparse_edit_or_object_completion,neighbor_fill_square_1_6,81918,,13.686525974087193,,,not_run,skipped,rule does not fit,
158,sparse_edit_or_object_completion,neighbor_fill_square_1_7,81918,,13.686525974087193,,,not_run,skipped,rule does not fit,
158,sparse_edit_or_object_completion,neighbor_fill_square_1_8,81918,,13.686525974087193,,,not_run,skipped,rule does not fit,
158,sparse_edit_or_object_completion,neighbor_fill_hline_3_1,81918,,13.686525974087193,,,not_run,skipped,rule does not fit,
158,sparse_edit_or_object_completion,neighbor_fill_hline_3_2,81918,,13.686525974087193,,,not_run,skipped,rule does not fit,
158,sparse_edit_or_object_completion,neighbor_fill_vline_3_1,81918,,13.686525974087193,,,not_run,skipped,rule does not fit,
158,sparse_edit_or_object_completion,neighbor_fill_vline_3_2,81918,,13.686525974087193,,,not_run,skipped,rule does not fit,
158,sparse_edit_or_object_completion,neighbor_fill_cross_3_1,81918,,13.686525974087193,,,not_run,skipped,rule does not fit,
158,sparse_edit_or_object_completion,neighbor_fill_cross_3_2,81918,,13.686525974087193,,,not_run,skipped,rule does not fit,
158,sparse_edit_or_object_completion,neighbor_fill_cross_3_3,81918,,13.686525974087193,,,not_run,skipped,rule does not fit,
158,sparse_edit_or_object_completion,neighbor_fill_cross_3_4,81918,,13.686525974087193,,,not_run,skipped,rule does not fit,
158,sparse_edit_or_object_completion,neighbor_fill_square_3_1,81918,,13.686525974087193,,,not_run,skipped,rule does not fit,
158,sparse_edit_or_object_completion,neighbor_fill_square_3_2,81918,,13.686525974087193,,,not_run,skipped,rule does not fit,
158,sparse_edit_or_object_completion,neighbor_fill_square_3_3,81918,,13.686525974087193,,,not_run,skipped,rule does not fit,
158,sparse_edit_or_object_completion,neighbor_fill_square_3_4,81918,,13.686525974087193,,,not_run,skipped,rule does not fit,
158,sparse_edit_or_object_completion,neighbor_fill_square_3_5,81918,,13.686525974087193,,,not_run,skipped,rule does not fit,
158,sparse_edit_or_object_completion,neighbor_fill_square_3_6,81918,,13.686525974087193,,,not_run,skipped,rule does not fit,
158,sparse_edit_or_object_completion,neighbor_fill_square_3_7,81918,,13.686525974087193,,,not_run,skipped,rule does not fit,
158,sparse_edit_or_object_completion,neighbor_fill_square_3_8,81918,,13.686525974087193,,,not_run,skipped,rule does not fit,
158,sparse_edit_or_object_completion,neighbor_fill_hline_4_1,81918,,13.686525974087193,,,not_run,skipped,rule does not fit,
158,sparse_edit_or_object_completion,neighbor_fill_hline_4_2,81918,,13.686525974087193,,,not_run,skipped,rule does not fit,
158,sparse_edit_or_object_completion,neighbor_fill_vline_4_1,81918,,13.686525974087193,,,not_run,skipped,rule does not fit,
158,sparse_edit_or_object_completion,neighbor_fill_vline_4_2,81918,,13.686525974087193,,,not_run,skipped,rule does not fit,
158,sparse_edit_or_object_completion,neighbor_fill_cross_4_1,81918,,13.686525974087193,,,not_run,skipped,rule does not fit,
158,sparse_edit_or_object_completion,neighbor_fill_cross_4_2,81918,,13.686525974087193,,,not_run,skipped,rule does not fit,
158,sparse_edit_or_object_completion,neighbor_fill_cross_4_3,81918,,13.686525974087193,,,not_run,skipped,rule does not fit,
158,sparse_edit_or_object_completion,neighbor_fill_cross_4_4,81918,,13.686525974087193,,,not_run,skipped,rule does not fit,
158,sparse_edit_or_object_completion,neighbor_fill_square_4_1,81918,,13.686525974087193,,,not_run,skipped,rule does not fit,
158,sparse_edit_or_object_completion,neighbor_fill_square_4_2,81918,,13.686525974087193,,,not_run,skipped,rule does not fit,
158,sparse_edit_or_object_completion,neighbor_fill_square_4_3,81918,,13.686525974087193,,,not_run,skipped,rule does not fit,
158,sparse_edit_or_object_completion,neighbor_fill_square_4_4,81918,,13.686525974087193,,,not_run,skipped,rule does not fit,
158,sparse_edit_or_object_completion,neighbor_fill_square_4_5,81918,,13.686525974087193,,,not_run,skipped,rule does not fit,
158,sparse_edit_or_object_completion,neighbor_fill_square_4_6,81918,,13.686525974087193,,,not_run,skipped,rule does not fit,
158,sparse_edit_or_object_completion,neighbor_fill_square_4_7,81918,,13.686525974087193,,,not_run,skipped,rule does not fit,
158,sparse_edit_or_object_completion,neighbor_fill_square_4_8,81918,,13.686525974087193,,,not_run,skipped,rule does not fit,
158,sparse_edit_or_object_completion,neighbor_fill_hline_5_1,81918,,13.686525974087193,,,not_run,skipped,rule does not fit,
158,sparse_edit_or_object_completion,neighbor_fill_hline_5_2,81918,,13.686525974087193,,,not_run,skipped,rule does not fit,
158,sparse_edit_or_object_completion,neighbor_fill_vline_5_1,81918,,13.686525974087193,,,not_run,skipped,rule does not fit,
158,sparse_edit_or_object_completion,neighbor_fill_vline_5_2,81918,,13.686525974087193,,,not_run,skipped,rule does not fit,
158,sparse_edit_or_object_completion,neighbor_fill_cross_5_1,81918,,13.686525974087193,,,not_run,skipped,rule does not fit,
158,sparse_edit_or_object_completion,neighbor_fill_cross_5_2,81918,,13.686525974087193,,,not_run,skipped,rule does not fit,
158,sparse_edit_or_object_completion,neighbor_fill_cross_5_3,81918,,13.686525974087193,,,not_run,skipped,rule does not fit,
158,sparse_edit_or_object_completion,neighbor_fill_cross_5_4,81918,,13.686525974087193,,,not_run,skipped,rule does not fit,
158,sparse_edit_or_object_completion,neighbor_fill_square_5_1,81918,,13.686525974087193,,,not_run,skipped,rule does not fit,
158,sparse_edit_or_object_completion,neighbor_fill_square_5_2,81918,,13.686525974087193,,,not_run,skipped,rule does not fit,
158,sparse_edit_or_object_completion,neighbor_fill_square_5_3,81918,,13.686525974087193,,,not_run,skipped,rule does not fit,
158,sparse_edit_or_object_completion,neighbor_fill_square_5_4,81918,,13.686525974087193,,,not_run,skipped,rule does not fit,
158,sparse_edit_or_object_completion,neighbor_fill_square_5_5,81918,,13.686525974087193,,,not_run,skipped,rule does not fit,
158,sparse_edit_or_object_completion,neighbor_fill_square_5_6,81918,,13.686525974087193,,,not_run,skipped,rule does not fit,
158,sparse_edit_or_object_completion,neighbor_fill_square_5_7,81918,,13.686525974087193,,,not_run,skipped,rule does not fit,
158,sparse_edit_or_object_completion,neighbor_fill_square_5_8,81918,,13.686525974087193,,,not_run,skipped,rule does not fit,
158,sparse_edit_or_object_completion,neighbor_fill_hline_6_1,81918,,13.686525974087193,,,not_run,skipped,rule does not fit,
158,sparse_edit_or_object_completion,neighbor_fill_hline_6_2,81918,,13.686525974087193,,,not_run,skipped,rule does not fit,
158,sparse_edit_or_object_completion,neighbor_fill_vline_6_1,81918,,13.686525974087193,,,not_run,skipped,rule does not fit,
158,sparse_edit_or_object_completion,neighbor_fill_vline_6_2,81918,,13.686525974087193,,,not_run,skipped,rule does not fit,
158,sparse_edit_or_object_completion,neighbor_fill_cross_6_1,81918,,13.686525974087193,,,not_run,skipped,rule does not fit,
158,sparse_edit_or_object_completion,neighbor_fill_cross_6_2,81918,,13.686525974087193,,,not_run,skipped,rule does not fit,
158,sparse_edit_or_object_completion,neighbor_fill_cross_6_3,81918,,13.686525974087193,,,not_run,skipped,rule does not fit,
158,sparse_edit_or_object_completion,neighbor_fill_cross_6_4,81918,,13.686525974087193,,,not_run,skipped,rule does not fit,
158,sparse_edit_or_object_completion,neighbor_fill_square_6_1,81918,,13.686525974087193,,,not_run,skipped,rule does not fit,
158,sparse_edit_or_object_completion,neighbor_fill_square_6_2,81918,,13.686525974087193,,,not_run,skipped,rule does not fit,
158,sparse_edit_or_object_completion,neighbor_fill_square_6_3,81918,,13.686525974087193,,,not_run,skipped,rule does not fit,
158,sparse_edit_or_object_completion,neighbor_fill_square_6_4,81918,,13.686525974087193,,,not_run,skipped,rule does not fit,
158,sparse_edit_or_object_completion,neighbor_fill_square_6_5,81918,,13.686525974087193,,,not_run,skipped,rule does not fit,
158,sparse_edit_or_object_completion,neighbor_fill_square_6_6,81918,,13.686525974087193,,,not_run,skipped,rule does not fit,
158,sparse_edit_or_object_completion,neighbor_fill_square_6_7,81918,,13.686525974087193,,,not_run,skipped,rule does not fit,
158,sparse_edit_or_object_completion,neighbor_fill_square_6_8,81918,,13.686525974087193,,,not_run,skipped,rule does not fit,
158,sparse_edit_or_object_completion,neighbor_fill_hline_7_1,81918,,13.686525974087193,,,not_run,skipped,rule does not fit,
158,sparse_edit_or_object_completion,neighbor_fill_hline_7_2,81918,,13.686525974087193,,,not_run,skipped,rule does not fit,
158,sparse_edit_or_object_completion,neighbor_fill_vline_7_1,81918,,13.686525974087193,,,not_run,skipped,rule does not fit,
158,sparse_edit_or_object_completion,neighbor_fill_vline_7_2,81918,,13.686525974087193,,,not_run,skipped,rule does not fit,
158,sparse_edit_or_object_completion,neighbor_fill_cross_7_1,81918,,13.686525974087193,,,not_run,skipped,rule does not fit,
158,sparse_edit_or_object_completion,neighbor_fill_cross_7_2,81918,,13.686525974087193,,,not_run,skipped,rule does not fit,
158,sparse_edit_or_object_completion,neighbor_fill_cross_7_3,81918,,13.686525974087193,,,not_run,skipped,rule does not fit,
158,sparse_edit_or_object_completion,neighbor_fill_cross_7_4,81918,,13.686525974087193,,,not_run,skipped,rule does not fit,
158,sparse_edit_or_object_completion,neighbor_fill_square_7_1,81918,,13.686525974087193,,,not_run,skipped,rule does not fit,
158,sparse_edit_or_object_completion,neighbor_fill_square_7_2,81918,,13.686525974087193,,,not_run,skipped,rule does not fit,
158,sparse_edit_or_object_completion,neighbor_fill_square_7_3,81918,,13.686525974087193,,,not_run,skipped,rule does not fit,
158,sparse_edit_or_object_completion,neighbor_fill_square_7_4,81918,,13.686525974087193,,,not_run,skipped,rule does not fit,
158,sparse_edit_or_object_completion,neighbor_fill_square_7_5,81918,,13.686525974087193,,,not_run,skipped,rule does not fit,
158,sparse_edit_or_object_completion,neighbor_fill_square_7_6,81918,,13.686525974087193,,,not_run,skipped,rule does not fit,
158,sparse_edit_or_object_completion,neighbor_fill_square_7_7,81918,,13.686525974087193,,,not_run,skipped,rule does not fit,
158,sparse_edit_or_object_completion,neighbor_fill_square_7_8,81918,,13.686525974087193,,,not_run,skipped,rule does not fit,
158,sparse_edit_or_object_completion,neighbor_fill_hline_8_1,81918,,13.686525974087193,,,not_run,skipped,rule does not fit,
158,sparse_edit_or_object_completion,neighbor_fill_hline_8_2,81918,,13.686525974087193,,,not_run,skipped,rule does not fit,
158,sparse_edit_or_object_completion,neighbor_fill_vline_8_1,81918,,13.686525974087193,,,not_run,skipped,rule does not fit,
158,sparse_edit_or_object_completion,neighbor_fill_vline_8_2,81918,,13.686525974087193,,,not_run,skipped,rule does not fit,
158,sparse_edit_or_object_completion,neighbor_fill_cross_8_1,81918,,13.686525974087193,,,not_run,skipped,rule does not fit,
158,sparse_edit_or_object_completion,neighbor_fill_cross_8_2,81918,,13.686525974087193,,,not_run,skipped,rule does not fit,
158,sparse_edit_or_object_completion,neighbor_fill_cross_8_3,81918,,13.686525974087193,,,not_run,skipped,rule does not fit,
158,sparse_edit_or_object_completion,neighbor_fill_cross_8_4,81918,,13.686525974087193,,,not_run,skipped,rule does not fit,
158,sparse_edit_or_object_completion,neighbor_fill_square_8_1,81918,,13.686525974087193,,,not_run,skipped,rule does not fit,
158,sparse_edit_or_object_completion,neighbor_fill_square_8_2,81918,,13.686525974087193,,,not_run,skipped,rule does not fit,
158,sparse_edit_or_object_completion,neighbor_fill_square_8_3,81918,,13.686525974087193,,,not_run,skipped,rule does not fit,
158,sparse_edit_or_object_completion,neighbor_fill_square_8_4,81918,,13.686525974087193,,,not_run,skipped,rule does not fit,
158,sparse_edit_or_object_completion,neighbor_fill_square_8_5,81918,,13.686525974087193,,,not_run,skipped,rule does not fit,
158,sparse_edit_or_object_completion,neighbor_fill_square_8_6,81918,,13.686525974087193,,,not_run,skipped,rule does not fit,
158,sparse_edit_or_object_completion,neighbor_fill_square_8_7,81918,,13.686525974087193,,,not_run,skipped,rule does not fit,
158,sparse_edit_or_object_completion,neighbor_fill_square_8_8,81918,,13.686525974087193,,,not_run,skipped,rule does not fit,
158,sparse_edit_or_object_completion,neighbor_fill_hline_9_1,81918,,13.686525974087193,,,not_run,skipped,rule does not fit,
158,sparse_edit_or_object_completion,neighbor_fill_hline_9_2,81918,,13.686525974087193,,,not_run,skipped,rule does not fit,
158,sparse_edit_or_object_completion,neighbor_fill_vline_9_1,81918,,13.686525974087193,,,not_run,skipped,rule does not fit,
158,sparse_edit_or_object_completion,neighbor_fill_vline_9_2,81918,,13.686525974087193,,,not_run,skipped,rule does not fit,
158,sparse_edit_or_object_completion,neighbor_fill_cross_9_1,81918,,13.686525974087193,,,not_run,skipped,rule does not fit,
158,sparse_edit_or_object_completion,neighbor_fill_cross_9_2,81918,,13.686525974087193,,,not_run,skipped,rule does not fit,
158,sparse_edit_or_object_completion,neighbor_fill_cross_9_3,81918,,13.686525974087193,,,not_run,skipped,rule does not fit,
158,sparse_edit_or_object_completion,neighbor_fill_cross_9_4,81918,,13.686525974087193,,,not_run,skipped,rule does not fit,
158,sparse_edit_or_object_completion,neighbor_fill_square_9_1,81918,,13.686525974087193,,,not_run,skipped,rule does not fit,
158,sparse_edit_or_object_completion,neighbor_fill_square_9_2,81918,,13.686525974087193,,,not_run,skipped,rule does not fit,
158,sparse_edit_or_object_completion,neighbor_fill_square_9_3,81918,,13.686525974087193,,,not_run,skipped,rule does not fit,
158,sparse_edit_or_object_completion,neighbor_fill_square_9_4,81918,,13.686525974087193,,,not_run,skipped,rule does not fit,
158,sparse_edit_or_object_completion,neighbor_fill_square_9_5,81918,,13.686525974087193,,,not_run,skipped,rule does not fit,
158,sparse_edit_or_object_completion,neighbor_fill_square_9_6,81918,,13.686525974087193,,,not_run,skipped,rule does not fit,
158,sparse_edit_or_object_completion,neighbor_fill_square_9_7,81918,,13.686525974087193,,,not_run,skipped,rule does not fit,
158,sparse_edit_or_object_completion,neighbor_fill_square_9_8,81918,,13.686525974087193,,,not_run,skipped,rule does not fit,
234,sparse_edit_or_object_completion,signature_scatternd_lookup,81703,26620,13.689154000119816,14.810581908050898,64357,24_pass_0_fail,improved,ok,35cd371aa3f6f975f79219e0028c1b27cfcaa2c1ce271850d513882f017a28a5
234,sparse_edit_or_object_completion,direct_identity,81703,,13.689154000119816,,,not_run,skipped,not identity,
234,sparse_edit_or_object_completion,conv_color_map,81703,,13.689154000119816,,,not_run,skipped,conflicting color map,
234,sparse_edit_or_object_completion,fixed_mask_where,81703,,13.689154000119816,,,not_run,skipped,fixed edit conflict,
234,sparse_edit_or_object_completion,neighbor_fill_hline_0_1,81703,,13.689154000119816,,,not_run,skipped,rule does not fit,
234,sparse_edit_or_object_completion,neighbor_fill_hline_0_2,81703,,13.689154000119816,,,not_run,skipped,rule does not fit,
234,sparse_edit_or_object_completion,neighbor_fill_vline_0_1,81703,,13.689154000119816,,,not_run,skipped,rule does not fit,
234,sparse_edit_or_object_completion,neighbor_fill_vline_0_2,81703,,13.689154000119816,,,not_run,skipped,rule does not fit,
234,sparse_edit_or_object_completion,neighbor_fill_cross_0_1,81703,,13.689154000119816,,,not_run,skipped,rule does not fit,
234,sparse_edit_or_object_completion,neighbor_fill_cross_0_2,81703,,13.689154000119816,,,not_run,skipped,rule does not fit,
234,sparse_edit_or_object_completion,neighbor_fill_cross_0_3,81703,,13.689154000119816,,,not_run,skipped,rule does not fit,
234,sparse_edit_or_object_completion,neighbor_fill_cross_0_4,81703,,13.689154000119816,,,not_run,skipped,rule does not fit,
234,sparse_edit_or_object_completion,neighbor_fill_square_0_1,81703,,13.689154000119816,,,not_run,skipped,rule does not fit,
234,sparse_edit_or_object_completion,neighbor_fill_square_0_2,81703,,13.689154000119816,,,not_run,skipped,rule does not fit,
234,sparse_edit_or_object_completion,neighbor_fill_square_0_3,81703,,13.689154000119816,,,not_run,skipped,rule does not fit,
234,sparse_edit_or_object_completion,neighbor_fill_square_0_4,81703,,13.689154000119816,,,not_run,skipped,rule does not fit,
234,sparse_edit_or_object_completion,neighbor_fill_square_0_5,81703,,13.689154000119816,,,not_run,skipped,rule does not fit,
234,sparse_edit_or_object_completion,neighbor_fill_square_0_6,81703,,13.689154000119816,,,not_run,skipped,rule does not fit,
234,sparse_edit_or_object_completion,neighbor_fill_square_0_7,81703,,13.689154000119816,,,not_run,skipped,rule does not fit,
234,sparse_edit_or_object_completion,neighbor_fill_square_0_8,81703,,13.689154000119816,,,not_run,skipped,rule does not fit,
234,sparse_edit_or_object_completion,neighbor_fill_hline_1_1,81703,,13.689154000119816,,,not_run,skipped,rule does not fit,
234,sparse_edit_or_object_completion,neighbor_fill_hline_1_2,81703,,13.689154000119816,,,not_run,skipped,rule does not fit,
234,sparse_edit_or_object_completion,neighbor_fill_vline_1_1,81703,,13.689154000119816,,,not_run,skipped,rule does not fit,
234,sparse_edit_or_object_completion,neighbor_fill_vline_1_2,81703,,13.689154000119816,,,not_run,skipped,rule does not fit,
234,sparse_edit_or_object_completion,neighbor_fill_cross_1_1,81703,,13.689154000119816,,,not_run,skipped,rule does not fit,
234,sparse_edit_or_object_completion,neighbor_fill_cross_1_2,81703,,13.689154000119816,,,not_run,skipped,rule does not fit,
234,sparse_edit_or_object_completion,neighbor_fill_cross_1_3,81703,,13.689154000119816,,,not_run,skipped,rule does not fit,
234,sparse_edit_or_object_completion,neighbor_fill_cross_1_4,81703,,13.689154000119816,,,not_run,skipped,rule does not fit,
234,sparse_edit_or_object_completion,neighbor_fill_square_1_1,81703,,13.689154000119816,,,not_run,skipped,rule does not fit,
234,sparse_edit_or_object_completion,neighbor_fill_square_1_2,81703,,13.689154000119816,,,not_run,skipped,rule does not fit,
234,sparse_edit_or_object_completion,neighbor_fill_square_1_3,81703,,13.689154000119816,,,not_run,skipped,rule does not fit,
234,sparse_edit_or_object_completion,neighbor_fill_square_1_4,81703,,13.689154000119816,,,not_run,skipped,rule does not fit,
234,sparse_edit_or_object_completion,neighbor_fill_square_1_5,81703,,13.689154000119816,,,not_run,skipped,rule does not fit,
234,sparse_edit_or_object_completion,neighbor_fill_square_1_6,81703,,13.689154000119816,,,not_run,skipped,rule does not fit,
234,sparse_edit_or_object_completion,neighbor_fill_square_1_7,81703,,13.689154000119816,,,not_run,skipped,rule does not fit,
234,sparse_edit_or_object_completion,neighbor_fill_square_1_8,81703,,13.689154000119816,,,not_run,skipped,rule does not fit,
234,sparse_edit_or_object_completion,neighbor_fill_hline_2_1,81703,,13.689154000119816,,,not_run,skipped,rule does not fit,
234,sparse_edit_or_object_completion,neighbor_fill_hline_2_2,81703,,13.689154000119816,,,not_run,skipped,rule does not fit,
234,sparse_edit_or_object_completion,neighbor_fill_vline_2_1,81703,,13.689154000119816,,,not_run,skipped,rule does not fit,
234,sparse_edit_or_object_completion,neighbor_fill_vline_2_2,81703,,13.689154000119816,,,not_run,skipped,rule does not fit,
234,sparse_edit_or_object_completion,neighbor_fill_cross_2_1,81703,,13.689154000119816,,,not_run,skipped,rule does not fit,
234,sparse_edit_or_object_completion,neighbor_fill_cross_2_2,81703,,13.689154000119816,,,not_run,skipped,rule does not fit,
234,sparse_edit_or_object_completion,neighbor_fill_cross_2_3,81703,,13.689154000119816,,,not_run,skipped,rule does not fit,
234,sparse_edit_or_object_completion,neighbor_fill_cross_2_4,81703,,13.689154000119816,,,not_run,skipped,rule does not fit,
234,sparse_edit_or_object_completion,neighbor_fill_square_2_1,81703,,13.689154000119816,,,not_run,skipped,rule does not fit,
234,sparse_edit_or_object_completion,neighbor_fill_square_2_2,81703,,13.689154000119816,,,not_run,skipped,rule does not fit,
234,sparse_edit_or_object_completion,neighbor_fill_square_2_3,81703,,13.689154000119816,,,not_run,skipped,rule does not fit,
234,sparse_edit_or_object_completion,neighbor_fill_square_2_4,81703,,13.689154000119816,,,not_run,skipped,rule does not fit,
234,sparse_edit_or_object_completion,neighbor_fill_square_2_5,81703,,13.689154000119816,,,not_run,skipped,rule does not fit,
234,sparse_edit_or_object_completion,neighbor_fill_square_2_6,81703,,13.689154000119816,,,not_run,skipped,rule does not fit,
234,sparse_edit_or_object_completion,neighbor_fill_square_2_7,81703,,13.689154000119816,,,not_run,skipped,rule does not fit,
234,sparse_edit_or_object_completion,neighbor_fill_square_2_8,81703,,13.689154000119816,,,not_run,skipped,rule does not fit,
234,sparse_edit_or_object_completion,neighbor_fill_hline_3_1,81703,,13.689154000119816,,,not_run,skipped,rule does not fit,
234,sparse_edit_or_object_completion,neighbor_fill_hline_3_2,81703,,13.689154000119816,,,not_run,skipped,rule does not fit,
234,sparse_edit_or_object_completion,neighbor_fill_vline_3_1,81703,,13.689154000119816,,,not_run,skipped,rule does not fit,
234,sparse_edit_or_object_completion,neighbor_fill_vline_3_2,81703,,13.689154000119816,,,not_run,skipped,rule does not fit,
234,sparse_edit_or_object_completion,neighbor_fill_cross_3_1,81703,,13.689154000119816,,,not_run,skipped,rule does not fit,
234,sparse_edit_or_object_completion,neighbor_fill_cross_3_2,81703,,13.689154000119816,,,not_run,skipped,rule does not fit,
234,sparse_edit_or_object_completion,neighbor_fill_cross_3_3,81703,,13.689154000119816,,,not_run,skipped,rule does not fit,
234,sparse_edit_or_object_completion,neighbor_fill_cross_3_4,81703,,13.689154000119816,,,not_run,skipped,rule does not fit,
234,sparse_edit_or_object_completion,neighbor_fill_square_3_1,81703,,13.689154000119816,,,not_run,skipped,rule does not fit,
234,sparse_edit_or_object_completion,neighbor_fill_square_3_2,81703,,13.689154000119816,,,not_run,skipped,rule does not fit,
234,sparse_edit_or_object_completion,neighbor_fill_square_3_3,81703,,13.689154000119816,,,not_run,skipped,rule does not fit,
234,sparse_edit_or_object_completion,neighbor_fill_square_3_4,81703,,13.689154000119816,,,not_run,skipped,rule does not fit,
234,sparse_edit_or_object_completion,neighbor_fill_square_3_5,81703,,13.689154000119816,,,not_run,skipped,rule does not fit,
234,sparse_edit_or_object_completion,neighbor_fill_square_3_6,81703,,13.689154000119816,,,not_run,skipped,rule does not fit,
234,sparse_edit_or_object_completion,neighbor_fill_square_3_7,81703,,13.689154000119816,,,not_run,skipped,rule does not fit,
234,sparse_edit_or_object_completion,neighbor_fill_square_3_8,81703,,13.689154000119816,,,not_run,skipped,rule does not fit,
234,sparse_edit_or_object_completion,neighbor_fill_hline_4_1,81703,,13.689154000119816,,,not_run,skipped,rule does not fit,
234,sparse_edit_or_object_completion,neighbor_fill_hline_4_2,81703,,13.689154000119816,,,not_run,skipped,rule does not fit,
234,sparse_edit_or_object_completion,neighbor_fill_vline_4_1,81703,,13.689154000119816,,,not_run,skipped,rule does not fit,
234,sparse_edit_or_object_completion,neighbor_fill_vline_4_2,81703,,13.689154000119816,,,not_run,skipped,rule does not fit,
234,sparse_edit_or_object_completion,neighbor_fill_cross_4_1,81703,,13.689154000119816,,,not_run,skipped,rule does not fit,
234,sparse_edit_or_object_completion,neighbor_fill_cross_4_2,81703,,13.689154000119816,,,not_run,skipped,rule does not fit,
234,sparse_edit_or_object_completion,neighbor_fill_cross_4_3,81703,,13.689154000119816,,,not_run,skipped,rule does not fit,
234,sparse_edit_or_object_completion,neighbor_fill_cross_4_4,81703,,13.689154000119816,,,not_run,skipped,rule does not fit,
234,sparse_edit_or_object_completion,neighbor_fill_square_4_1,81703,,13.689154000119816,,,not_run,skipped,rule does not fit,
234,sparse_edit_or_object_completion,neighbor_fill_square_4_2,81703,,13.689154000119816,,,not_run,skipped,rule does not fit,
234,sparse_edit_or_object_completion,neighbor_fill_square_4_3,81703,,13.689154000119816,,,not_run,skipped,rule does not fit,
234,sparse_edit_or_object_completion,neighbor_fill_square_4_4,81703,,13.689154000119816,,,not_run,skipped,rule does not fit,
234,sparse_edit_or_object_completion,neighbor_fill_square_4_5,81703,,13.689154000119816,,,not_run,skipped,rule does not fit,
234,sparse_edit_or_object_completion,neighbor_fill_square_4_6,81703,,13.689154000119816,,,not_run,skipped,rule does not fit,
234,sparse_edit_or_object_completion,neighbor_fill_square_4_7,81703,,13.689154000119816,,,not_run,skipped,rule does not fit,
234,sparse_edit_or_object_completion,neighbor_fill_square_4_8,81703,,13.689154000119816,,,not_run,skipped,rule does not fit,
234,sparse_edit_or_object_completion,neighbor_fill_hline_5_1,81703,,13.689154000119816,,,not_run,skipped,rule does not fit,
234,sparse_edit_or_object_completion,neighbor_fill_hline_5_2,81703,,13.689154000119816,,,not_run,skipped,rule does not fit,
234,sparse_edit_or_object_completion,neighbor_fill_vline_5_1,81703,,13.689154000119816,,,not_run,skipped,rule does not fit,
234,sparse_edit_or_object_completion,neighbor_fill_vline_5_2,81703,,13.689154000119816,,,not_run,skipped,rule does not fit,
234,sparse_edit_or_object_completion,neighbor_fill_cross_5_1,81703,,13.689154000119816,,,not_run,skipped,rule does not fit,
234,sparse_edit_or_object_completion,neighbor_fill_cross_5_2,81703,,13.689154000119816,,,not_run,skipped,rule does not fit,
234,sparse_edit_or_object_completion,neighbor_fill_cross_5_3,81703,,13.689154000119816,,,not_run,skipped,rule does not fit,
234,sparse_edit_or_object_completion,neighbor_fill_cross_5_4,81703,,13.689154000119816,,,not_run,skipped,rule does not fit,
234,sparse_edit_or_object_completion,neighbor_fill_square_5_1,81703,,13.689154000119816,,,not_run,skipped,rule does not fit,
234,sparse_edit_or_object_completion,neighbor_fill_square_5_2,81703,,13.689154000119816,,,not_run,skipped,rule does not fit,
234,sparse_edit_or_object_completion,neighbor_fill_square_5_3,81703,,13.689154000119816,,,not_run,skipped,rule does not fit,
234,sparse_edit_or_object_completion,neighbor_fill_square_5_4,81703,,13.689154000119816,,,not_run,skipped,rule does not fit,
234,sparse_edit_or_object_completion,neighbor_fill_square_5_5,81703,,13.689154000119816,,,not_run,skipped,rule does not fit,
234,sparse_edit_or_object_completion,neighbor_fill_square_5_6,81703,,13.689154000119816,,,not_run,skipped,rule does not fit,
234,sparse_edit_or_object_completion,neighbor_fill_square_5_7,81703,,13.689154000119816,,,not_run,skipped,rule does not fit,
234,sparse_edit_or_object_completion,neighbor_fill_square_5_8,81703,,13.689154000119816,,,not_run,skipped,rule does not fit,
234,sparse_edit_or_object_completion,neighbor_fill_hline_6_1,81703,,13.689154000119816,,,not_run,skipped,rule does not fit,
234,sparse_edit_or_object_completion,neighbor_fill_hline_6_2,81703,,13.689154000119816,,,not_run,skipped,rule does not fit,
234,sparse_edit_or_object_completion,neighbor_fill_vline_6_1,81703,,13.689154000119816,,,not_run,skipped,rule does not fit,
234,sparse_edit_or_object_completion,neighbor_fill_vline_6_2,81703,,13.689154000119816,,,not_run,skipped,rule does not fit,
234,sparse_edit_or_object_completion,neighbor_fill_cross_6_1,81703,,13.689154000119816,,,not_run,skipped,rule does not fit,
234,sparse_edit_or_object_completion,neighbor_fill_cross_6_2,81703,,13.689154000119816,,,not_run,skipped,rule does not fit,
234,sparse_edit_or_object_completion,neighbor_fill_cross_6_3,81703,,13.689154000119816,,,not_run,skipped,rule does not fit,
234,sparse_edit_or_object_completion,neighbor_fill_cross_6_4,81703,,13.689154000119816,,,not_run,skipped,rule does not fit,
234,sparse_edit_or_object_completion,neighbor_fill_square_6_1,81703,,13.689154000119816,,,not_run,skipped,rule does not fit,
234,sparse_edit_or_object_completion,neighbor_fill_square_6_2,81703,,13.689154000119816,,,not_run,skipped,rule does not fit,
234,sparse_edit_or_object_completion,neighbor_fill_square_6_3,81703,,13.689154000119816,,,not_run,skipped,rule does not fit,
234,sparse_edit_or_object_completion,neighbor_fill_square_6_4,81703,,13.689154000119816,,,not_run,skipped,rule does not fit,
234,sparse_edit_or_object_completion,neighbor_fill_square_6_5,81703,,13.689154000119816,,,not_run,skipped,rule does not fit,
234,sparse_edit_or_object_completion,neighbor_fill_square_6_6,81703,,13.689154000119816,,,not_run,skipped,rule does not fit,
234,sparse_edit_or_object_completion,neighbor_fill_square_6_7,81703,,13.689154000119816,,,not_run,skipped,rule does not fit,
234,sparse_edit_or_object_completion,neighbor_fill_square_6_8,81703,,13.689154000119816,,,not_run,skipped,rule does not fit,
234,sparse_edit_or_object_completion,neighbor_fill_hline_7_1,81703,,13.689154000119816,,,not_run,skipped,rule does not fit,
234,sparse_edit_or_object_completion,neighbor_fill_hline_7_2,81703,,13.689154000119816,,,not_run,skipped,rule does not fit,
234,sparse_edit_or_object_completion,neighbor_fill_vline_7_1,81703,,13.689154000119816,,,not_run,skipped,rule does not fit,
234,sparse_edit_or_object_completion,neighbor_fill_vline_7_2,81703,,13.689154000119816,,,not_run,skipped,rule does not fit,
234,sparse_edit_or_object_completion,neighbor_fill_cross_7_1,81703,,13.689154000119816,,,not_run,skipped,rule does not fit,
234,sparse_edit_or_object_completion,neighbor_fill_cross_7_2,81703,,13.689154000119816,,,not_run,skipped,rule does not fit,
234,sparse_edit_or_object_completion,neighbor_fill_cross_7_3,81703,,13.689154000119816,,,not_run,skipped,rule does not fit,
234,sparse_edit_or_object_completion,neighbor_fill_cross_7_4,81703,,13.689154000119816,,,not_run,skipped,rule does not fit,
234,sparse_edit_or_object_completion,neighbor_fill_square_7_1,81703,,13.689154000119816,,,not_run,skipped,rule does not fit,
234,sparse_edit_or_object_completion,neighbor_fill_square_7_2,81703,,13.689154000119816,,,not_run,skipped,rule does not fit,
234,sparse_edit_or_object_completion,neighbor_fill_square_7_3,81703,,13.689154000119816,,,not_run,skipped,rule does not fit,
234,sparse_edit_or_object_completion,neighbor_fill_square_7_4,81703,,13.689154000119816,,,not_run,skipped,rule does not fit,
234,sparse_edit_or_object_completion,neighbor_fill_square_7_5,81703,,13.689154000119816,,,not_run,skipped,rule does not fit,
234,sparse_edit_or_object_completion,neighbor_fill_square_7_6,81703,,13.689154000119816,,,not_run,skipped,rule does not fit,
234,sparse_edit_or_object_completion,neighbor_fill_square_7_7,81703,,13.689154000119816,,,not_run,skipped,rule does not fit,
234,sparse_edit_or_object_completion,neighbor_fill_square_7_8,81703,,13.689154000119816,,,not_run,skipped,rule does not fit,
234,sparse_edit_or_object_completion,neighbor_fill_hline_8_1,81703,,13.689154000119816,,,not_run,skipped,rule does not fit,
234,sparse_edit_or_object_completion,neighbor_fill_hline_8_2,81703,,13.689154000119816,,,not_run,skipped,rule does not fit,
234,sparse_edit_or_object_completion,neighbor_fill_vline_8_1,81703,,13.689154000119816,,,not_run,skipped,rule does not fit,
234,sparse_edit_or_object_completion,neighbor_fill_vline_8_2,81703,,13.689154000119816,,,not_run,skipped,rule does not fit,
234,sparse_edit_or_object_completion,neighbor_fill_cross_8_1,81703,,13.689154000119816,,,not_run,skipped,rule does not fit,
234,sparse_edit_or_object_completion,neighbor_fill_cross_8_2,81703,,13.689154000119816,,,not_run,skipped,rule does not fit,
234,sparse_edit_or_object_completion,neighbor_fill_cross_8_3,81703,,13.689154000119816,,,not_run,skipped,rule does not fit,
234,sparse_edit_or_object_completion,neighbor_fill_cross_8_4,81703,,13.689154000119816,,,not_run,skipped,rule does not fit,
234,sparse_edit_or_object_completion,neighbor_fill_square_8_1,81703,,13.689154000119816,,,not_run,skipped,rule does not fit,
234,sparse_edit_or_object_completion,neighbor_fill_square_8_2,81703,,13.689154000119816,,,not_run,skipped,rule does not fit,
234,sparse_edit_or_object_completion,neighbor_fill_square_8_3,81703,,13.689154000119816,,,not_run,skipped,rule does not fit,
234,sparse_edit_or_object_completion,neighbor_fill_square_8_4,81703,,13.689154000119816,,,not_run,skipped,rule does not fit,
234,sparse_edit_or_object_completion,neighbor_fill_square_8_5,81703,,13.689154000119816,,,not_run,skipped,rule does not fit,
234,sparse_edit_or_object_completion,neighbor_fill_square_8_6,81703,,13.689154000119816,,,not_run,skipped,rule does not fit,
234,sparse_edit_or_object_completion,neighbor_fill_square_8_7,81703,,13.689154000119816,,,not_run,skipped,rule does not fit,
234,sparse_edit_or_object_completion,neighbor_fill_square_8_8,81703,,13.689154000119816,,,not_run,skipped,rule does not fit,
234,sparse_edit_or_object_completion,neighbor_fill_hline_9_1,81703,,13.689154000119816,,,not_run,skipped,rule does not fit,
234,sparse_edit_or_object_completion,neighbor_fill_hline_9_2,81703,,13.689154000119816,,,not_run,skipped,rule does not fit,
234,sparse_edit_or_object_completion,neighbor_fill_vline_9_1,81703,,13.689154000119816,,,not_run,skipped,rule does not fit,
234,sparse_edit_or_object_completion,neighbor_fill_vline_9_2,81703,,13.689154000119816,,,not_run,skipped,rule does not fit,
234,sparse_edit_or_object_completion,neighbor_fill_cross_9_1,81703,,13.689154000119816,,,not_run,skipped,rule does not fit,
234,sparse_edit_or_object_completion,neighbor_fill_cross_9_2,81703,,13.689154000119816,,,not_run,skipped,rule does not fit,
234,sparse_edit_or_object_completion,neighbor_fill_cross_9_3,81703,,13.689154000119816,,,not_run,skipped,rule does not fit,
234,sparse_edit_or_object_completion,neighbor_fill_cross_9_4,81703,,13.689154000119816,,,not_run,skipped,rule does not fit,
234,sparse_edit_or_object_completion,neighbor_fill_square_9_1,81703,,13.689154000119816,,,not_run,skipped,rule does not fit,
234,sparse_edit_or_object_completion,neighbor_fill_square_9_2,81703,,13.689154000119816,,,not_run,skipped,rule does not fit,
234,sparse_edit_or_object_completion,neighbor_fill_square_9_3,81703,,13.689154000119816,,,not_run,skipped,rule does not fit,
234,sparse_edit_or_object_completion,neighbor_fill_square_9_4,81703,,13.689154000119816,,,not_run,skipped,rule does not fit,
234,sparse_edit_or_object_completion,neighbor_fill_square_9_5,81703,,13.689154000119816,,,not_run,skipped,rule does not fit,
234,sparse_edit_or_object_completion,neighbor_fill_square_9_6,81703,,13.689154000119816,,,not_run,skipped,rule does not fit,
234,sparse_edit_or_object_completion,neighbor_fill_square_9_7,81703,,13.689154000119816,,,not_run,skipped,rule does not fit,
234,sparse_edit_or_object_completion,neighbor_fill_square_9_8,81703,,13.689154000119816,,,not_run,skipped,rule does not fit,
9,sparse_edit_or_object_completion,signature_scatternd_lookup,81241,23612,13.69482467517415,14.93048966363942,55972,24_pass_0_fail,improved,ok,9698bc92857c52e5b1c2081b74b8665a471ad02f1aecdbb7653f27452883cd52
9,sparse_edit_or_object_completion,direct_identity,81241,,13.69482467517415,,,not_run,skipped,not identity,
9,sparse_edit_or_object_completion,conv_color_map,81241,,13.69482467517415,,,not_run,skipped,conflicting color map,
9,sparse_edit_or_object_completion,fixed_mask_where,81241,,13.69482467517415,,,not_run,skipped,fixed edit conflict,
9,sparse_edit_or_object_completion,neighbor_fill_hline_1_1,81241,,13.69482467517415,,,not_run,skipped,rule does not fit,
9,sparse_edit_or_object_completion,neighbor_fill_hline_1_2,81241,,13.69482467517415,,,not_run,skipped,rule does not fit,
9,sparse_edit_or_object_completion,neighbor_fill_vline_1_1,81241,,13.69482467517415,,,not_run,skipped,rule does not fit,
9,sparse_edit_or_object_completion,neighbor_fill_vline_1_2,81241,,13.69482467517415,,,not_run,skipped,rule does not fit,
9,sparse_edit_or_object_completion,neighbor_fill_cross_1_1,81241,,13.69482467517415,,,not_run,skipped,rule does not fit,
9,sparse_edit_or_object_completion,neighbor_fill_cross_1_2,81241,,13.69482467517415,,,not_run,skipped,rule does not fit,
9,sparse_edit_or_object_completion,neighbor_fill_cross_1_3,81241,,13.69482467517415,,,not_run,skipped,rule does not fit,
9,sparse_edit_or_object_completion,neighbor_fill_cross_1_4,81241,,13.69482467517415,,,not_run,skipped,rule does not fit,
9,sparse_edit_or_object_completion,neighbor_fill_square_1_1,81241,,13.69482467517415,,,not_run,skipped,rule does not fit,
9,sparse_edit_or_object_completion,neighbor_fill_square_1_2,81241,,13.69482467517415,,,not_run,skipped,rule does not fit,
9,sparse_edit_or_object_completion,neighbor_fill_square_1_3,81241,,13.69482467517415,,,not_run,skipped,rule does not fit,
9,sparse_edit_or_object_completion,neighbor_fill_square_1_4,81241,,13.69482467517415,,,not_run,skipped,rule does not fit,
9,sparse_edit_or_object_completion,neighbor_fill_square_1_5,81241,,13.69482467517415,,,not_run,skipped,rule does not fit,
9,sparse_edit_or_object_completion,neighbor_fill_square_1_6,81241,,13.69482467517415,,,not_run,skipped,rule does not fit,
9,sparse_edit_or_object_completion,neighbor_fill_square_1_7,81241,,13.69482467517415,,,not_run,skipped,rule does not fit,
9,sparse_edit_or_object_completion,neighbor_fill_square_1_8,81241,,13.69482467517415,,,not_run,skipped,rule does not fit,
9,sparse_edit_or_object_completion,neighbor_fill_hline_2_1,81241,,13.69482467517415,,,not_run,skipped,rule does not fit,
9,sparse_edit_or_object_completion,neighbor_fill_hline_2_2,81241,,13.69482467517415,,,not_run,skipped,rule does not fit,
9,sparse_edit_or_object_completion,neighbor_fill_vline_2_1,81241,,13.69482467517415,,,not_run,skipped,rule does not fit,
9,sparse_edit_or_object_completion,neighbor_fill_vline_2_2,81241,,13.69482467517415,,,not_run,skipped,rule does not fit,
9,sparse_edit_or_object_completion,neighbor_fill_cross_2_1,81241,,13.69482467517415,,,not_run,skipped,rule does not fit,
9,sparse_edit_or_object_completion,neighbor_fill_cross_2_2,81241,,13.69482467517415,,,not_run,skipped,rule does not fit,
9,sparse_edit_or_object_completion,neighbor_fill_cross_2_3,81241,,13.69482467517415,,,not_run,skipped,rule does not fit,
9,sparse_edit_or_object_completion,neighbor_fill_cross_2_4,81241,,13.69482467517415,,,not_run,skipped,rule does not fit,
9,sparse_edit_or_object_completion,neighbor_fill_square_2_1,81241,,13.69482467517415,,,not_run,skipped,rule does not fit,
9,sparse_edit_or_object_completion,neighbor_fill_square_2_2,81241,,13.69482467517415,,,not_run,skipped,rule does not fit,
9,sparse_edit_or_object_completion,neighbor_fill_square_2_3,81241,,13.69482467517415,,,not_run,skipped,rule does not fit,
9,sparse_edit_or_object_completion,neighbor_fill_square_2_4,81241,,13.69482467517415,,,not_run,skipped,rule does not fit,
9,sparse_edit_or_object_completion,neighbor_fill_square_2_5,81241,,13.69482467517415,,,not_run,skipped,rule does not fit,
9,sparse_edit_or_object_completion,neighbor_fill_square_2_6,81241,,13.69482467517415,,,not_run,skipped,rule does not fit,
9,sparse_edit_or_object_completion,neighbor_fill_square_2_7,81241,,13.69482467517415,,,not_run,skipped,rule does not fit,
9,sparse_edit_or_object_completion,neighbor_fill_square_2_8,81241,,13.69482467517415,,,not_run,skipped,rule does not fit,
9,sparse_edit_or_object_completion,neighbor_fill_hline_3_1,81241,,13.69482467517415,,,not_run,skipped,rule does not fit,
9,sparse_edit_or_object_completion,neighbor_fill_hline_3_2,81241,,13.69482467517415,,,not_run,skipped,rule does not fit,
9,sparse_edit_or_object_completion,neighbor_fill_vline_3_1,81241,,13.69482467517415,,,not_run,skipped,rule does not fit,
9,sparse_edit_or_object_completion,neighbor_fill_vline_3_2,81241,,13.69482467517415,,,not_run,skipped,rule does not fit,
9,sparse_edit_or_object_completion,neighbor_fill_cross_3_1,81241,,13.69482467517415,,,not_run,skipped,rule does not fit,
9,sparse_edit_or_object_completion,neighbor_fill_cross_3_2,81241,,13.69482467517415,,,not_run,skipped,rule does not fit,
9,sparse_edit_or_object_completion,neighbor_fill_cross_3_3,81241,,13.69482467517415,,,not_run,skipped,rule does not fit,
9,sparse_edit_or_object_completion,neighbor_fill_cross_3_4,81241,,13.69482467517415,,,not_run,skipped,rule does not fit,
9,sparse_edit_or_object_completion,neighbor_fill_square_3_1,81241,,13.69482467517415,,,not_run,skipped,rule does not fit,
9,sparse_edit_or_object_completion,neighbor_fill_square_3_2,81241,,13.69482467517415,,,not_run,skipped,rule does not fit,
9,sparse_edit_or_object_completion,neighbor_fill_square_3_3,81241,,13.69482467517415,,,not_run,skipped,rule does not fit,
9,sparse_edit_or_object_completion,neighbor_fill_square_3_4,81241,,13.69482467517415,,,not_run,skipped,rule does not fit,
9,sparse_edit_or_object_completion,neighbor_fill_square_3_5,81241,,13.69482467517415,,,not_run,skipped,rule does not fit,
9,sparse_edit_or_object_completion,neighbor_fill_square_3_6,81241,,13.69482467517415,,,not_run,skipped,rule does not fit,
9,sparse_edit_or_object_completion,neighbor_fill_square_3_7,81241,,13.69482467517415,,,not_run,skipped,rule does not fit,
9,sparse_edit_or_object_completion,neighbor_fill_square_3_8,81241,,13.69482467517415,,,not_run,skipped,rule does not fit,
9,sparse_edit_or_object_completion,neighbor_fill_hline_4_1,81241,,13.69482467517415,,,not_run,skipped,rule does not fit,
9,sparse_edit_or_object_completion,neighbor_fill_hline_4_2,81241,,13.69482467517415,,,not_run,skipped,rule does not fit,
9,sparse_edit_or_object_completion,neighbor_fill_vline_4_1,81241,,13.69482467517415,,,not_run,skipped,rule does not fit,
9,sparse_edit_or_object_completion,neighbor_fill_vline_4_2,81241,,13.69482467517415,,,not_run,skipped,rule does not fit,
9,sparse_edit_or_object_completion,neighbor_fill_cross_4_1,81241,,13.69482467517415,,,not_run,skipped,rule does not fit,
9,sparse_edit_or_object_completion,neighbor_fill_cross_4_2,81241,,13.69482467517415,,,not_run,skipped,rule does not fit,
9,sparse_edit_or_object_completion,neighbor_fill_cross_4_3,81241,,13.69482467517415,,,not_run,skipped,rule does not fit,
9,sparse_edit_or_object_completion,neighbor_fill_cross_4_4,81241,,13.69482467517415,,,not_run,skipped,rule does not fit,
9,sparse_edit_or_object_completion,neighbor_fill_square_4_1,81241,,13.69482467517415,,,not_run,skipped,rule does not fit,
9,sparse_edit_or_object_completion,neighbor_fill_square_4_2,81241,,13.69482467517415,,,not_run,skipped,rule does not fit,
9,sparse_edit_or_object_completion,neighbor_fill_square_4_3,81241,,13.69482467517415,,,not_run,skipped,rule does not fit,
9,sparse_edit_or_object_completion,neighbor_fill_square_4_4,81241,,13.69482467517415,,,not_run,skipped,rule does not fit,
9,sparse_edit_or_object_completion,neighbor_fill_square_4_5,81241,,13.69482467517415,,,not_run,skipped,rule does not fit,
9,sparse_edit_or_object_completion,neighbor_fill_square_4_6,81241,,13.69482467517415,,,not_run,skipped,rule does not fit,
9,sparse_edit_or_object_completion,neighbor_fill_square_4_7,81241,,13.69482467517415,,,not_run,skipped,rule does not fit,
9,sparse_edit_or_object_completion,neighbor_fill_square_4_8,81241,,13.69482467517415,,,not_run,skipped,rule does not fit,
9,sparse_edit_or_object_completion,neighbor_fill_hline_5_1,81241,,13.69482467517415,,,not_run,skipped,rule does not fit,
9,sparse_edit_or_object_completion,neighbor_fill_hline_5_2,81241,,13.69482467517415,,,not_run,skipped,rule does not fit,
9,sparse_edit_or_object_completion,neighbor_fill_vline_5_1,81241,,13.69482467517415,,,not_run,skipped,rule does not fit,
9,sparse_edit_or_object_completion,neighbor_fill_vline_5_2,81241,,13.69482467517415,,,not_run,skipped,rule does not fit,
9,sparse_edit_or_object_completion,neighbor_fill_cross_5_1,81241,,13.69482467517415,,,not_run,skipped,rule does not fit,
9,sparse_edit_or_object_completion,neighbor_fill_cross_5_2,81241,,13.69482467517415,,,not_run,skipped,rule does not fit,
9,sparse_edit_or_object_completion,neighbor_fill_cross_5_3,81241,,13.69482467517415,,,not_run,skipped,rule does not fit,
9,sparse_edit_or_object_completion,neighbor_fill_cross_5_4,81241,,13.69482467517415,,,not_run,skipped,rule does not fit,
9,sparse_edit_or_object_completion,neighbor_fill_square_5_1,81241,,13.69482467517415,,,not_run,skipped,rule does not fit,
9,sparse_edit_or_object_completion,neighbor_fill_square_5_2,81241,,13.69482467517415,,,not_run,skipped,rule does not fit,
9,sparse_edit_or_object_completion,neighbor_fill_square_5_3,81241,,13.69482467517415,,,not_run,skipped,rule does not fit,
9,sparse_edit_or_object_completion,neighbor_fill_square_5_4,81241,,13.69482467517415,,,not_run,skipped,rule does not fit,
9,sparse_edit_or_object_completion,neighbor_fill_square_5_5,81241,,13.69482467517415,,,not_run,skipped,rule does not fit,
9,sparse_edit_or_object_completion,neighbor_fill_square_5_6,81241,,13.69482467517415,,,not_run,skipped,rule does not fit,
9,sparse_edit_or_object_completion,neighbor_fill_square_5_7,81241,,13.69482467517415,,,not_run,skipped,rule does not fit,
9,sparse_edit_or_object_completion,neighbor_fill_square_5_8,81241,,13.69482467517415,,,not_run,skipped,rule does not fit,
9,sparse_edit_or_object_completion,neighbor_fill_hline_6_1,81241,,13.69482467517415,,,not_run,skipped,rule does not fit,
9,sparse_edit_or_object_completion,neighbor_fill_hline_6_2,81241,,13.69482467517415,,,not_run,skipped,rule does not fit,
9,sparse_edit_or_object_completion,neighbor_fill_vline_6_1,81241,,13.69482467517415,,,not_run,skipped,rule does not fit,
9,sparse_edit_or_object_completion,neighbor_fill_vline_6_2,81241,,13.69482467517415,,,not_run,skipped,rule does not fit,
9,sparse_edit_or_object_completion,neighbor_fill_cross_6_1,81241,,13.69482467517415,,,not_run,skipped,rule does not fit,
9,sparse_edit_or_object_completion,neighbor_fill_cross_6_2,81241,,13.69482467517415,,,not_run,skipped,rule does not fit,
9,sparse_edit_or_object_completion,neighbor_fill_cross_6_3,81241,,13.69482467517415,,,not_run,skipped,rule does not fit,
9,sparse_edit_or_object_completion,neighbor_fill_cross_6_4,81241,,13.69482467517415,,,not_run,skipped,rule does not fit,
9,sparse_edit_or_object_completion,neighbor_fill_square_6_1,81241,,13.69482467517415,,,not_run,skipped,rule does not fit,
9,sparse_edit_or_object_completion,neighbor_fill_square_6_2,81241,,13.69482467517415,,,not_run,skipped,rule does not fit,
9,sparse_edit_or_object_completion,neighbor_fill_square_6_3,81241,,13.69482467517415,,,not_run,skipped,rule does not fit,
9,sparse_edit_or_object_completion,neighbor_fill_square_6_4,81241,,13.69482467517415,,,not_run,skipped,rule does not fit,
9,sparse_edit_or_object_completion,neighbor_fill_square_6_5,81241,,13.69482467517415,,,not_run,skipped,rule does not fit,
9,sparse_edit_or_object_completion,neighbor_fill_square_6_6,81241,,13.69482467517415,,,not_run,skipped,rule does not fit,
9,sparse_edit_or_object_completion,neighbor_fill_square_6_7,81241,,13.69482467517415,,,not_run,skipped,rule does not fit,
9,sparse_edit_or_object_completion,neighbor_fill_square_6_8,81241,,13.69482467517415,,,not_run,skipped,rule does not fit,
9,sparse_edit_or_object_completion,neighbor_fill_hline_7_1,81241,,13.69482467517415,,,not_run,skipped,rule does not fit,
9,sparse_edit_or_object_completion,neighbor_fill_hline_7_2,81241,,13.69482467517415,,,not_run,skipped,rule does not fit,
9,sparse_edit_or_object_completion,neighbor_fill_vline_7_1,81241,,13.69482467517415,,,not_run,skipped,rule does not fit,
9,sparse_edit_or_object_completion,neighbor_fill_vline_7_2,81241,,13.69482467517415,,,not_run,skipped,rule does not fit,
9,sparse_edit_or_object_completion,neighbor_fill_cross_7_1,81241,,13.69482467517415,,,not_run,skipped,rule does not fit,
9,sparse_edit_or_object_completion,neighbor_fill_cross_7_2,81241,,13.69482467517415,,,not_run,skipped,rule does not fit,
9,sparse_edit_or_object_completion,neighbor_fill_cross_7_3,81241,,13.69482467517415,,,not_run,skipped,rule does not fit,
9,sparse_edit_or_object_completion,neighbor_fill_cross_7_4,81241,,13.69482467517415,,,not_run,skipped,rule does not fit,
9,sparse_edit_or_object_completion,neighbor_fill_square_7_1,81241,,13.69482467517415,,,not_run,skipped,rule does not fit,
9,sparse_edit_or_object_completion,neighbor_fill_square_7_2,81241,,13.69482467517415,,,not_run,skipped,rule does not fit,
9,sparse_edit_or_object_completion,neighbor_fill_square_7_3,81241,,13.69482467517415,,,not_run,skipped,rule does not fit,
9,sparse_edit_or_object_completion,neighbor_fill_square_7_4,81241,,13.69482467517415,,,not_run,skipped,rule does not fit,
9,sparse_edit_or_object_completion,neighbor_fill_square_7_5,81241,,13.69482467517415,,,not_run,skipped,rule does not fit,
9,sparse_edit_or_object_completion,neighbor_fill_square_7_6,81241,,13.69482467517415,,,not_run,skipped,rule does not fit,
9,sparse_edit_or_object_completion,neighbor_fill_square_7_7,81241,,13.69482467517415,,,not_run,skipped,rule does not fit,
9,sparse_edit_or_object_completion,neighbor_fill_square_7_8,81241,,13.69482467517415,,,not_run,skipped,rule does not fit,
9,sparse_edit_or_object_completion,neighbor_fill_hline_8_1,81241,,13.69482467517415,,,not_run,skipped,rule does not fit,
9,sparse_edit_or_object_completion,neighbor_fill_hline_8_2,81241,,13.69482467517415,,,not_run,skipped,rule does not fit,
9,sparse_edit_or_object_completion,neighbor_fill_vline_8_1,81241,,13.69482467517415,,,not_run,skipped,rule does not fit,
9,sparse_edit_or_object_completion,neighbor_fill_vline_8_2,81241,,13.69482467517415,,,not_run,skipped,rule does not fit,
9,sparse_edit_or_object_completion,neighbor_fill_cross_8_1,81241,,13.69482467517415,,,not_run,skipped,rule does not fit,
9,sparse_edit_or_object_completion,neighbor_fill_cross_8_2,81241,,13.69482467517415,,,not_run,skipped,rule does not fit,
9,sparse_edit_or_object_completion,neighbor_fill_cross_8_3,81241,,13.69482467517415,,,not_run,skipped,rule does not fit,
9,sparse_edit_or_object_completion,neighbor_fill_cross_8_4,81241,,13.69482467517415,,,not_run,skipped,rule does not fit,
9,sparse_edit_or_object_completion,neighbor_fill_square_8_1,81241,,13.69482467517415,,,not_run,skipped,rule does not fit,
9,sparse_edit_or_object_completion,neighbor_fill_square_8_2,81241,,13.69482467517415,,,not_run,skipped,rule does not fit,
9,sparse_edit_or_object_completion,neighbor_fill_square_8_3,81241,,13.69482467517415,,,not_run,skipped,rule does not fit,
9,sparse_edit_or_object_completion,neighbor_fill_square_8_4,81241,,13.69482467517415,,,not_run,skipped,rule does not fit,
9,sparse_edit_or_object_completion,neighbor_fill_square_8_5,81241,,13.69482467517415,,,not_run,skipped,rule does not fit,
9,sparse_edit_or_object_completion,neighbor_fill_square_8_6,81241,,13.69482467517415,,,not_run,skipped,rule does not fit,
9,sparse_edit_or_object_completion,neighbor_fill_square_8_7,81241,,13.69482467517415,,,not_run,skipped,rule does not fit,
9,sparse_edit_or_object_completion,neighbor_fill_square_8_8,81241,,13.69482467517415,,,not_run,skipped,rule does not fit,
9,sparse_edit_or_object_completion,neighbor_fill_hline_9_1,81241,,13.69482467517415,,,not_run,skipped,rule does not fit,
9,sparse_edit_or_object_completion,neighbor_fill_hline_9_2,81241,,13.69482467517415,,,not_run,skipped,rule does not fit,
9,sparse_edit_or_object_completion,neighbor_fill_vline_9_1,81241,,13.69482467517415,,,not_run,skipped,rule does not fit,
9,sparse_edit_or_object_completion,neighbor_fill_vline_9_2,81241,,13.69482467517415,,,not_run,skipped,rule does not fit,
9,sparse_edit_or_object_completion,neighbor_fill_cross_9_1,81241,,13.69482467517415,,,not_run,skipped,rule does not fit,
9,sparse_edit_or_object_completion,neighbor_fill_cross_9_2,81241,,13.69482467517415,,,not_run,skipped,rule does not fit,
9,sparse_edit_or_object_completion,neighbor_fill_cross_9_3,81241,,13.69482467517415,,,not_run,skipped,rule does not fit,
9,sparse_edit_or_object_completion,neighbor_fill_cross_9_4,81241,,13.69482467517415,,,not_run,skipped,rule does not fit,
9,sparse_edit_or_object_completion,neighbor_fill_square_9_1,81241,,13.69482467517415,,,not_run,skipped,rule does not fit,
9,sparse_edit_or_object_completion,neighbor_fill_square_9_2,81241,,13.69482467517415,,,not_run,skipped,rule does not fit,
9,sparse_edit_or_object_completion,neighbor_fill_square_9_3,81241,,13.69482467517415,,,not_run,skipped,rule does not fit,
9,sparse_edit_or_object_completion,neighbor_fill_square_9_4,81241,,13.69482467517415,,,not_run,skipped,rule does not fit,
9,sparse_edit_or_object_completion,neighbor_fill_square_9_5,81241,,13.69482467517415,,,not_run,skipped,rule does not fit,
9,sparse_edit_or_object_completion,neighbor_fill_square_9_6,81241,,13.69482467517415,,,not_run,skipped,rule does not fit,
9,sparse_edit_or_object_completion,neighbor_fill_square_9_7,81241,,13.69482467517415,,,not_run,skipped,rule does not fit,
9,sparse_edit_or_object_completion,neighbor_fill_square_9_8,81241,,13.69482467517415,,,not_run,skipped,rule does not fit,
285,sparse_edit_or_object_completion,signature_scatternd_lookup,81220,23068,13.695083198759711,14.953798345264698,54180,24_pass_0_fail,improved,ok,5ba6135eb116ef9aac93927f98283067c9beeb37eb7bc25c371a9ea712ed62cf
285,sparse_edit_or_object_completion,direct_identity,81220,,13.695083198759711,,,not_run,skipped,not identity,
285,sparse_edit_or_object_completion,conv_color_map,81220,,13.695083198759711,,,not_run,skipped,conflicting color map,
285,sparse_edit_or_object_completion,fixed_mask_where,81220,,13.695083198759711,,,not_run,skipped,fixed edit conflict,
285,sparse_edit_or_object_completion,neighbor_fill_hline_1_1,81220,,13.695083198759711,,,not_run,skipped,rule does not fit,
285,sparse_edit_or_object_completion,neighbor_fill_hline_1_2,81220,,13.695083198759711,,,not_run,skipped,rule does not fit,
285,sparse_edit_or_object_completion,neighbor_fill_vline_1_1,81220,,13.695083198759711,,,not_run,skipped,rule does not fit,
285,sparse_edit_or_object_completion,neighbor_fill_vline_1_2,81220,,13.695083198759711,,,not_run,skipped,rule does not fit,
285,sparse_edit_or_object_completion,neighbor_fill_cross_1_1,81220,,13.695083198759711,,,not_run,skipped,rule does not fit,
285,sparse_edit_or_object_completion,neighbor_fill_cross_1_2,81220,,13.695083198759711,,,not_run,skipped,rule does not fit,
285,sparse_edit_or_object_completion,neighbor_fill_cross_1_3,81220,,13.695083198759711,,,not_run,skipped,rule does not fit,
285,sparse_edit_or_object_completion,neighbor_fill_cross_1_4,81220,,13.695083198759711,,,not_run,skipped,rule does not fit,
285,sparse_edit_or_object_completion,neighbor_fill_square_1_1,81220,,13.695083198759711,,,not_run,skipped,rule does not fit,
285,sparse_edit_or_object_completion,neighbor_fill_square_1_2,81220,,13.695083198759711,,,not_run,skipped,rule does not fit,
285,sparse_edit_or_object_completion,neighbor_fill_square_1_3,81220,,13.695083198759711,,,not_run,skipped,rule does not fit,
285,sparse_edit_or_object_completion,neighbor_fill_square_1_4,81220,,13.695083198759711,,,not_run,skipped,rule does not fit,
285,sparse_edit_or_object_completion,neighbor_fill_square_1_5,81220,,13.695083198759711,,,not_run,skipped,rule does not fit,
285,sparse_edit_or_object_completion,neighbor_fill_square_1_6,81220,,13.695083198759711,,,not_run,skipped,rule does not fit,
285,sparse_edit_or_object_completion,neighbor_fill_square_1_7,81220,,13.695083198759711,,,not_run,skipped,rule does not fit,
285,sparse_edit_or_object_completion,neighbor_fill_square_1_8,81220,,13.695083198759711,,,not_run,skipped,rule does not fit,
285,sparse_edit_or_object_completion,neighbor_fill_hline_2_1,81220,,13.695083198759711,,,not_run,skipped,rule does not fit,
285,sparse_edit_or_object_completion,neighbor_fill_hline_2_2,81220,,13.695083198759711,,,not_run,skipped,rule does not fit,
285,sparse_edit_or_object_completion,neighbor_fill_vline_2_1,81220,,13.695083198759711,,,not_run,skipped,rule does not fit,
285,sparse_edit_or_object_completion,neighbor_fill_vline_2_2,81220,,13.695083198759711,,,not_run,skipped,rule does not fit,
285,sparse_edit_or_object_completion,neighbor_fill_cross_2_1,81220,,13.695083198759711,,,not_run,skipped,rule does not fit,
285,sparse_edit_or_object_completion,neighbor_fill_cross_2_2,81220,,13.695083198759711,,,not_run,skipped,rule does not fit,
285,sparse_edit_or_object_completion,neighbor_fill_cross_2_3,81220,,13.695083198759711,,,not_run,skipped,rule does not fit,
285,sparse_edit_or_object_completion,neighbor_fill_cross_2_4,81220,,13.695083198759711,,,not_run,skipped,rule does not fit,
285,sparse_edit_or_object_completion,neighbor_fill_square_2_1,81220,,13.695083198759711,,,not_run,skipped,rule does not fit,
285,sparse_edit_or_object_completion,neighbor_fill_square_2_2,81220,,13.695083198759711,,,not_run,skipped,rule does not fit,
285,sparse_edit_or_object_completion,neighbor_fill_square_2_3,81220,,13.695083198759711,,,not_run,skipped,rule does not fit,
285,sparse_edit_or_object_completion,neighbor_fill_square_2_4,81220,,13.695083198759711,,,not_run,skipped,rule does not fit,
285,sparse_edit_or_object_completion,neighbor_fill_square_2_5,81220,,13.695083198759711,,,not_run,skipped,rule does not fit,
285,sparse_edit_or_object_completion,neighbor_fill_square_2_6,81220,,13.695083198759711,,,not_run,skipped,rule does not fit,
285,sparse_edit_or_object_completion,neighbor_fill_square_2_7,81220,,13.695083198759711,,,not_run,skipped,rule does not fit,
285,sparse_edit_or_object_completion,neighbor_fill_square_2_8,81220,,13.695083198759711,,,not_run,skipped,rule does not fit,
285,sparse_edit_or_object_completion,neighbor_fill_hline_3_1,81220,,13.695083198759711,,,not_run,skipped,rule does not fit,
285,sparse_edit_or_object_completion,neighbor_fill_hline_3_2,81220,,13.695083198759711,,,not_run,skipped,rule does not fit,
285,sparse_edit_or_object_completion,neighbor_fill_vline_3_1,81220,,13.695083198759711,,,not_run,skipped,rule does not fit,
285,sparse_edit_or_object_completion,neighbor_fill_vline_3_2,81220,,13.695083198759711,,,not_run,skipped,rule does not fit,
285,sparse_edit_or_object_completion,neighbor_fill_cross_3_1,81220,,13.695083198759711,,,not_run,skipped,rule does not fit,
285,sparse_edit_or_object_completion,neighbor_fill_cross_3_2,81220,,13.695083198759711,,,not_run,skipped,rule does not fit,
285,sparse_edit_or_object_completion,neighbor_fill_cross_3_3,81220,,13.695083198759711,,,not_run,skipped,rule does not fit,
285,sparse_edit_or_object_completion,neighbor_fill_cross_3_4,81220,,13.695083198759711,,,not_run,skipped,rule does not fit,
285,sparse_edit_or_object_completion,neighbor_fill_square_3_1,81220,,13.695083198759711,,,not_run,skipped,rule does not fit,
285,sparse_edit_or_object_completion,neighbor_fill_square_3_2,81220,,13.695083198759711,,,not_run,skipped,rule does not fit,
285,sparse_edit_or_object_completion,neighbor_fill_square_3_3,81220,,13.695083198759711,,,not_run,skipped,rule does not fit,
285,sparse_edit_or_object_completion,neighbor_fill_square_3_4,81220,,13.695083198759711,,,not_run,skipped,rule does not fit,
285,sparse_edit_or_object_completion,neighbor_fill_square_3_5,81220,,13.695083198759711,,,not_run,skipped,rule does not fit,
285,sparse_edit_or_object_completion,neighbor_fill_square_3_6,81220,,13.695083198759711,,,not_run,skipped,rule does not fit,
285,sparse_edit_or_object_completion,neighbor_fill_square_3_7,81220,,13.695083198759711,,,not_run,skipped,rule does not fit,
285,sparse_edit_or_object_completion,neighbor_fill_square_3_8,81220,,13.695083198759711,,,not_run,skipped,rule does not fit,
285,sparse_edit_or_object_completion,neighbor_fill_hline_4_1,81220,,13.695083198759711,,,not_run,skipped,rule does not fit,
285,sparse_edit_or_object_completion,neighbor_fill_hline_4_2,81220,,13.695083198759711,,,not_run,skipped,rule does not fit,
285,sparse_edit_or_object_completion,neighbor_fill_vline_4_1,81220,,13.695083198759711,,,not_run,skipped,rule does not fit,
285,sparse_edit_or_object_completion,neighbor_fill_vline_4_2,81220,,13.695083198759711,,,not_run,skipped,rule does not fit,
285,sparse_edit_or_object_completion,neighbor_fill_cross_4_1,81220,,13.695083198759711,,,not_run,skipped,rule does not fit,
285,sparse_edit_or_object_completion,neighbor_fill_cross_4_2,81220,,13.695083198759711,,,not_run,skipped,rule does not fit,
285,sparse_edit_or_object_completion,neighbor_fill_cross_4_3,81220,,13.695083198759711,,,not_run,skipped,rule does not fit,
285,sparse_edit_or_object_completion,neighbor_fill_cross_4_4,81220,,13.695083198759711,,,not_run,skipped,rule does not fit,
285,sparse_edit_or_object_completion,neighbor_fill_square_4_1,81220,,13.695083198759711,,,not_run,skipped,rule does not fit,
285,sparse_edit_or_object_completion,neighbor_fill_square_4_2,81220,,13.695083198759711,,,not_run,skipped,rule does not fit,
285,sparse_edit_or_object_completion,neighbor_fill_square_4_3,81220,,13.695083198759711,,,not_run,skipped,rule does not fit,
285,sparse_edit_or_object_completion,neighbor_fill_square_4_4,81220,,13.695083198759711,,,not_run,skipped,rule does not fit,
285,sparse_edit_or_object_completion,neighbor_fill_square_4_5,81220,,13.695083198759711,,,not_run,skipped,rule does not fit,
285,sparse_edit_or_object_completion,neighbor_fill_square_4_6,81220,,13.695083198759711,,,not_run,skipped,rule does not fit,
285,sparse_edit_or_object_completion,neighbor_fill_square_4_7,81220,,13.695083198759711,,,not_run,skipped,rule does not fit,
285,sparse_edit_or_object_completion,neighbor_fill_square_4_8,81220,,13.695083198759711,,,not_run,skipped,rule does not fit,
285,sparse_edit_or_object_completion,neighbor_fill_hline_5_1,81220,,13.695083198759711,,,not_run,skipped,rule does not fit,
285,sparse_edit_or_object_completion,neighbor_fill_hline_5_2,81220,,13.695083198759711,,,not_run,skipped,rule does not fit,
285,sparse_edit_or_object_completion,neighbor_fill_vline_5_1,81220,,13.695083198759711,,,not_run,skipped,rule does not fit,
285,sparse_edit_or_object_completion,neighbor_fill_vline_5_2,81220,,13.695083198759711,,,not_run,skipped,rule does not fit,
285,sparse_edit_or_object_completion,neighbor_fill_cross_5_1,81220,,13.695083198759711,,,not_run,skipped,rule does not fit,
285,sparse_edit_or_object_completion,neighbor_fill_cross_5_2,81220,,13.695083198759711,,,not_run,skipped,rule does not fit,
285,sparse_edit_or_object_completion,neighbor_fill_cross_5_3,81220,,13.695083198759711,,,not_run,skipped,rule does not fit,
285,sparse_edit_or_object_completion,neighbor_fill_cross_5_4,81220,,13.695083198759711,,,not_run,skipped,rule does not fit,
285,sparse_edit_or_object_completion,neighbor_fill_square_5_1,81220,,13.695083198759711,,,not_run,skipped,rule does not fit,
285,sparse_edit_or_object_completion,neighbor_fill_square_5_2,81220,,13.695083198759711,,,not_run,skipped,rule does not fit,
285,sparse_edit_or_object_completion,neighbor_fill_square_5_3,81220,,13.695083198759711,,,not_run,skipped,rule does not fit,
285,sparse_edit_or_object_completion,neighbor_fill_square_5_4,81220,,13.695083198759711,,,not_run,skipped,rule does not fit,
285,sparse_edit_or_object_completion,neighbor_fill_square_5_5,81220,,13.695083198759711,,,not_run,skipped,rule does not fit,
285,sparse_edit_or_object_completion,neighbor_fill_square_5_6,81220,,13.695083198759711,,,not_run,skipped,rule does not fit,
285,sparse_edit_or_object_completion,neighbor_fill_square_5_7,81220,,13.695083198759711,,,not_run,skipped,rule does not fit,
285,sparse_edit_or_object_completion,neighbor_fill_square_5_8,81220,,13.695083198759711,,,not_run,skipped,rule does not fit,
285,sparse_edit_or_object_completion,neighbor_fill_hline_6_1,81220,,13.695083198759711,,,not_run,skipped,rule does not fit,
285,sparse_edit_or_object_completion,neighbor_fill_hline_6_2,81220,,13.695083198759711,,,not_run,skipped,rule does not fit,
285,sparse_edit_or_object_completion,neighbor_fill_vline_6_1,81220,,13.695083198759711,,,not_run,skipped,rule does not fit,
285,sparse_edit_or_object_completion,neighbor_fill_vline_6_2,81220,,13.695083198759711,,,not_run,skipped,rule does not fit,
285,sparse_edit_or_object_completion,neighbor_fill_cross_6_1,81220,,13.695083198759711,,,not_run,skipped,rule does not fit,
285,sparse_edit_or_object_completion,neighbor_fill_cross_6_2,81220,,13.695083198759711,,,not_run,skipped,rule does not fit,
285,sparse_edit_or_object_completion,neighbor_fill_cross_6_3,81220,,13.695083198759711,,,not_run,skipped,rule does not fit,
285,sparse_edit_or_object_completion,neighbor_fill_cross_6_4,81220,,13.695083198759711,,,not_run,skipped,rule does not fit,
285,sparse_edit_or_object_completion,neighbor_fill_square_6_1,81220,,13.695083198759711,,,not_run,skipped,rule does not fit,
285,sparse_edit_or_object_completion,neighbor_fill_square_6_2,81220,,13.695083198759711,,,not_run,skipped,rule does not fit,
285,sparse_edit_or_object_completion,neighbor_fill_square_6_3,81220,,13.695083198759711,,,not_run,skipped,rule does not fit,
285,sparse_edit_or_object_completion,neighbor_fill_square_6_4,81220,,13.695083198759711,,,not_run,skipped,rule does not fit,
285,sparse_edit_or_object_completion,neighbor_fill_square_6_5,81220,,13.695083198759711,,,not_run,skipped,rule does not fit,
285,sparse_edit_or_object_completion,neighbor_fill_square_6_6,81220,,13.695083198759711,,,not_run,skipped,rule does not fit,
285,sparse_edit_or_object_completion,neighbor_fill_square_6_7,81220,,13.695083198759711,,,not_run,skipped,rule does not fit,
285,sparse_edit_or_object_completion,neighbor_fill_square_6_8,81220,,13.695083198759711,,,not_run,skipped,rule does not fit,
285,sparse_edit_or_object_completion,neighbor_fill_hline_7_1,81220,,13.695083198759711,,,not_run,skipped,rule does not fit,
285,sparse_edit_or_object_completion,neighbor_fill_hline_7_2,81220,,13.695083198759711,,,not_run,skipped,rule does not fit,
285,sparse_edit_or_object_completion,neighbor_fill_vline_7_1,81220,,13.695083198759711,,,not_run,skipped,rule does not fit,
285,sparse_edit_or_object_completion,neighbor_fill_vline_7_2,81220,,13.695083198759711,,,not_run,skipped,rule does not fit,
285,sparse_edit_or_object_completion,neighbor_fill_cross_7_1,81220,,13.695083198759711,,,not_run,skipped,rule does not fit,
285,sparse_edit_or_object_completion,neighbor_fill_cross_7_2,81220,,13.695083198759711,,,not_run,skipped,rule does not fit,
285,sparse_edit_or_object_completion,neighbor_fill_cross_7_3,81220,,13.695083198759711,,,not_run,skipped,rule does not fit,
285,sparse_edit_or_object_completion,neighbor_fill_cross_7_4,81220,,13.695083198759711,,,not_run,skipped,rule does not fit,
285,sparse_edit_or_object_completion,neighbor_fill_square_7_1,81220,,13.695083198759711,,,not_run,skipped,rule does not fit,
285,sparse_edit_or_object_completion,neighbor_fill_square_7_2,81220,,13.695083198759711,,,not_run,skipped,rule does not fit,
285,sparse_edit_or_object_completion,neighbor_fill_square_7_3,81220,,13.695083198759711,,,not_run,skipped,rule does not fit,
285,sparse_edit_or_object_completion,neighbor_fill_square_7_4,81220,,13.695083198759711,,,not_run,skipped,rule does not fit,
285,sparse_edit_or_object_completion,neighbor_fill_square_7_5,81220,,13.695083198759711,,,not_run,skipped,rule does not fit,
285,sparse_edit_or_object_completion,neighbor_fill_square_7_6,81220,,13.695083198759711,,,not_run,skipped,rule does not fit,
285,sparse_edit_or_object_completion,neighbor_fill_square_7_7,81220,,13.695083198759711,,,not_run,skipped,rule does not fit,
285,sparse_edit_or_object_completion,neighbor_fill_square_7_8,81220,,13.695083198759711,,,not_run,skipped,rule does not fit,
285,sparse_edit_or_object_completion,neighbor_fill_hline_8_1,81220,,13.695083198759711,,,not_run,skipped,rule does not fit,
285,sparse_edit_or_object_completion,neighbor_fill_hline_8_2,81220,,13.695083198759711,,,not_run,skipped,rule does not fit,
285,sparse_edit_or_object_completion,neighbor_fill_vline_8_1,81220,,13.695083198759711,,,not_run,skipped,rule does not fit,
285,sparse_edit_or_object_completion,neighbor_fill_vline_8_2,81220,,13.695083198759711,,,not_run,skipped,rule does not fit,
285,sparse_edit_or_object_completion,neighbor_fill_cross_8_1,81220,,13.695083198759711,,,not_run,skipped,rule does not fit,
285,sparse_edit_or_object_completion,neighbor_fill_cross_8_2,81220,,13.695083198759711,,,not_run,skipped,rule does not fit,
285,sparse_edit_or_object_completion,neighbor_fill_cross_8_3,81220,,13.695083198759711,,,not_run,skipped,rule does not fit,
285,sparse_edit_or_object_completion,neighbor_fill_cross_8_4,81220,,13.695083198759711,,,not_run,skipped,rule does not fit,
285,sparse_edit_or_object_completion,neighbor_fill_square_8_1,81220,,13.695083198759711,,,not_run,skipped,rule does not fit,
285,sparse_edit_or_object_completion,neighbor_fill_square_8_2,81220,,13.695083198759711,,,not_run,skipped,rule does not fit,
285,sparse_edit_or_object_completion,neighbor_fill_square_8_3,81220,,13.695083198759711,,,not_run,skipped,rule does not fit,
285,sparse_edit_or_object_completion,neighbor_fill_square_8_4,81220,,13.695083198759711,,,not_run,skipped,rule does not fit,
285,sparse_edit_or_object_completion,neighbor_fill_square_8_5,81220,,13.695083198759711,,,not_run,skipped,rule does not fit,
285,sparse_edit_or_object_completion,neighbor_fill_square_8_6,81220,,13.695083198759711,,,not_run,skipped,rule does not fit,
285,sparse_edit_or_object_completion,neighbor_fill_square_8_7,81220,,13.695083198759711,,,not_run,skipped,rule does not fit,
285,sparse_edit_or_object_completion,neighbor_fill_square_8_8,81220,,13.695083198759711,,,not_run,skipped,rule does not fit,
285,sparse_edit_or_object_completion,neighbor_fill_hline_9_1,81220,,13.695083198759711,,,not_run,skipped,rule does not fit,
285,sparse_edit_or_object_completion,neighbor_fill_hline_9_2,81220,,13.695083198759711,,,not_run,skipped,rule does not fit,
285,sparse_edit_or_object_completion,neighbor_fill_vline_9_1,81220,,13.695083198759711,,,not_run,skipped,rule does not fit,
285,sparse_edit_or_object_completion,neighbor_fill_vline_9_2,81220,,13.695083198759711,,,not_run,skipped,rule does not fit,
285,sparse_edit_or_object_completion,neighbor_fill_cross_9_1,81220,,13.695083198759711,,,not_run,skipped,rule does not fit,
285,sparse_edit_or_object_completion,neighbor_fill_cross_9_2,81220,,13.695083198759711,,,not_run,skipped,rule does not fit,
285,sparse_edit_or_object_completion,neighbor_fill_cross_9_3,81220,,13.695083198759711,,,not_run,skipped,rule does not fit,
285,sparse_edit_or_object_completion,neighbor_fill_cross_9_4,81220,,13.695083198759711,,,not_run,skipped,rule does not fit,
285,sparse_edit_or_object_completion,neighbor_fill_square_9_1,81220,,13.695083198759711,,,not_run,skipped,rule does not fit,
285,sparse_edit_or_object_completion,neighbor_fill_square_9_2,81220,,13.695083198759711,,,not_run,skipped,rule does not fit,
285,sparse_edit_or_object_completion,neighbor_fill_square_9_3,81220,,13.695083198759711,,,not_run,skipped,rule does not fit,
285,sparse_edit_or_object_completion,neighbor_fill_square_9_4,81220,,13.695083198759711,,,not_run,skipped,rule does not fit,
285,sparse_edit_or_object_completion,neighbor_fill_square_9_5,81220,,13.695083198759711,,,not_run,skipped,rule does not fit,
285,sparse_edit_or_object_completion,neighbor_fill_square_9_6,81220,,13.695083198759711,,,not_run,skipped,rule does not fit,
285,sparse_edit_or_object_completion,neighbor_fill_square_9_7,81220,,13.695083198759711,,,not_run,skipped,rule does not fit,
285,sparse_edit_or_object_completion,neighbor_fill_square_9_8,81220,,13.695083198759711,,,not_run,skipped,rule does not fit,
303,sparse_edit_or_object_completion,signature_scatternd_lookup,80710,52348,13.701382237681582,14.13433098882463,128679,24_pass_0_fail,improved,ok,7a8886d98f88900ff3daf4f2e0e1fd98b325d72150118aa2bd6372de818dc87a
303,sparse_edit_or_object_completion,direct_identity,80710,,13.701382237681582,,,not_run,skipped,not identity,
303,sparse_edit_or_object_completion,conv_color_map,80710,,13.701382237681582,,,not_run,skipped,conflicting color map,
303,sparse_edit_or_object_completion,fixed_mask_where,80710,,13.701382237681582,,,not_run,skipped,edit target mismatch,
303,sparse_edit_or_object_completion,neighbor_fill_hline_2_1,80710,,13.701382237681582,,,not_run,skipped,rule does not fit,
303,sparse_edit_or_object_completion,neighbor_fill_hline_2_2,80710,,13.701382237681582,,,not_run,skipped,rule does not fit,
303,sparse_edit_or_object_completion,neighbor_fill_vline_2_1,80710,,13.701382237681582,,,not_run,skipped,rule does not fit,
303,sparse_edit_or_object_completion,neighbor_fill_vline_2_2,80710,,13.701382237681582,,,not_run,skipped,rule does not fit,
303,sparse_edit_or_object_completion,neighbor_fill_cross_2_1,80710,,13.701382237681582,,,not_run,skipped,rule does not fit,
303,sparse_edit_or_object_completion,neighbor_fill_cross_2_2,80710,,13.701382237681582,,,not_run,skipped,rule does not fit,
303,sparse_edit_or_object_completion,neighbor_fill_cross_2_3,80710,,13.701382237681582,,,not_run,skipped,rule does not fit,
303,sparse_edit_or_object_completion,neighbor_fill_cross_2_4,80710,,13.701382237681582,,,not_run,skipped,rule does not fit,
303,sparse_edit_or_object_completion,neighbor_fill_square_2_1,80710,,13.701382237681582,,,not_run,skipped,rule does not fit,
303,sparse_edit_or_object_completion,neighbor_fill_square_2_2,80710,,13.701382237681582,,,not_run,skipped,rule does not fit,
303,sparse_edit_or_object_completion,neighbor_fill_square_2_3,80710,,13.701382237681582,,,not_run,skipped,rule does not fit,
303,sparse_edit_or_object_completion,neighbor_fill_square_2_4,80710,,13.701382237681582,,,not_run,skipped,rule does not fit,
303,sparse_edit_or_object_completion,neighbor_fill_square_2_5,80710,,13.701382237681582,,,not_run,skipped,rule does not fit,
303,sparse_edit_or_object_completion,neighbor_fill_square_2_6,80710,,13.701382237681582,,,not_run,skipped,rule does not fit,
303,sparse_edit_or_object_completion,neighbor_fill_square_2_7,80710,,13.701382237681582,,,not_run,skipped,rule does not fit,
303,sparse_edit_or_object_completion,neighbor_fill_square_2_8,80710,,13.701382237681582,,,not_run,skipped,rule does not fit,
383,sparse_edit_or_object_completion,signature_scatternd_lookup,80650,22236,13.702125916446645,14.99053212392664,52964,24_pass_0_fail,improved,ok,855e89d1b031051c5ceebae1238faf4217e5194bc0f73d2463121e421d0b8e16
383,sparse_edit_or_object_completion,direct_identity,80650,,13.702125916446645,,,not_run,skipped,not identity,
383,sparse_edit_or_object_completion,conv_color_map,80650,,13.702125916446645,,,not_run,skipped,conflicting color map,
383,sparse_edit_or_object_completion,fixed_mask_where,80650,,13.702125916446645,,,not_run,skipped,fixed edit conflict,
383,sparse_edit_or_object_completion,neighbor_fill_hline_1_1,80650,,13.702125916446645,,,not_run,skipped,rule does not fit,
383,sparse_edit_or_object_completion,neighbor_fill_hline_1_2,80650,,13.702125916446645,,,not_run,skipped,rule does not fit,
383,sparse_edit_or_object_completion,neighbor_fill_vline_1_1,80650,,13.702125916446645,,,not_run,skipped,rule does not fit,
383,sparse_edit_or_object_completion,neighbor_fill_vline_1_2,80650,,13.702125916446645,,,not_run,skipped,rule does not fit,
383,sparse_edit_or_object_completion,neighbor_fill_cross_1_1,80650,,13.702125916446645,,,not_run,skipped,rule does not fit,
383,sparse_edit_or_object_completion,neighbor_fill_cross_1_2,80650,,13.702125916446645,,,not_run,skipped,rule does not fit,
383,sparse_edit_or_object_completion,neighbor_fill_cross_1_3,80650,,13.702125916446645,,,not_run,skipped,rule does not fit,
383,sparse_edit_or_object_completion,neighbor_fill_cross_1_4,80650,,13.702125916446645,,,not_run,skipped,rule does not fit,
383,sparse_edit_or_object_completion,neighbor_fill_square_1_1,80650,,13.702125916446645,,,not_run,skipped,rule does not fit,
383,sparse_edit_or_object_completion,neighbor_fill_square_1_2,80650,,13.702125916446645,,,not_run,skipped,rule does not fit,
383,sparse_edit_or_object_completion,neighbor_fill_square_1_3,80650,,13.702125916446645,,,not_run,skipped,rule does not fit,
383,sparse_edit_or_object_completion,neighbor_fill_square_1_4,80650,,13.702125916446645,,,not_run,skipped,rule does not fit,
383,sparse_edit_or_object_completion,neighbor_fill_square_1_5,80650,,13.702125916446645,,,not_run,skipped,rule does not fit,
383,sparse_edit_or_object_completion,neighbor_fill_square_1_6,80650,,13.702125916446645,,,not_run,skipped,rule does not fit,
383,sparse_edit_or_object_completion,neighbor_fill_square_1_7,80650,,13.702125916446645,,,not_run,skipped,rule does not fit,
383,sparse_edit_or_object_completion,neighbor_fill_square_1_8,80650,,13.702125916446645,,,not_run,skipped,rule does not fit,
383,sparse_edit_or_object_completion,neighbor_fill_hline_2_1,80650,,13.702125916446645,,,not_run,skipped,rule does not fit,
383,sparse_edit_or_object_completion,neighbor_fill_hline_2_2,80650,,13.702125916446645,,,not_run,skipped,rule does not fit,
383,sparse_edit_or_object_completion,neighbor_fill_vline_2_1,80650,,13.702125916446645,,,not_run,skipped,rule does not fit,
383,sparse_edit_or_object_completion,neighbor_fill_vline_2_2,80650,,13.702125916446645,,,not_run,skipped,rule does not fit,
383,sparse_edit_or_object_completion,neighbor_fill_cross_2_1,80650,,13.702125916446645,,,not_run,skipped,rule does not fit,
383,sparse_edit_or_object_completion,neighbor_fill_cross_2_2,80650,,13.702125916446645,,,not_run,skipped,rule does not fit,
383,sparse_edit_or_object_completion,neighbor_fill_cross_2_3,80650,,13.702125916446645,,,not_run,skipped,rule does not fit,
383,sparse_edit_or_object_completion,neighbor_fill_cross_2_4,80650,,13.702125916446645,,,not_run,skipped,rule does not fit,
383,sparse_edit_or_object_completion,neighbor_fill_square_2_1,80650,,13.702125916446645,,,not_run,skipped,rule does not fit,
383,sparse_edit_or_object_completion,neighbor_fill_square_2_2,80650,,13.702125916446645,,,not_run,skipped,rule does not fit,
383,sparse_edit_or_object_completion,neighbor_fill_square_2_3,80650,,13.702125916446645,,,not_run,skipped,rule does not fit,
383,sparse_edit_or_object_completion,neighbor_fill_square_2_4,80650,,13.702125916446645,,,not_run,skipped,rule does not fit,
383,sparse_edit_or_object_completion,neighbor_fill_square_2_5,80650,,13.702125916446645,,,not_run,skipped,rule does not fit,
383,sparse_edit_or_object_completion,neighbor_fill_square_2_6,80650,,13.702125916446645,,,not_run,skipped,rule does not fit,
383,sparse_edit_or_object_completion,neighbor_fill_square_2_7,80650,,13.702125916446645,,,not_run,skipped,rule does not fit,
383,sparse_edit_or_object_completion,neighbor_fill_square_2_8,80650,,13.702125916446645,,,not_run,skipped,rule does not fit,
383,sparse_edit_or_object_completion,neighbor_fill_hline_3_1,80650,,13.702125916446645,,,not_run,skipped,rule does not fit,
383,sparse_edit_or_object_completion,neighbor_fill_hline_3_2,80650,,13.702125916446645,,,not_run,skipped,rule does not fit,
383,sparse_edit_or_object_completion,neighbor_fill_vline_3_1,80650,,13.702125916446645,,,not_run,skipped,rule does not fit,
383,sparse_edit_or_object_completion,neighbor_fill_vline_3_2,80650,,13.702125916446645,,,not_run,skipped,rule does not fit,
383,sparse_edit_or_object_completion,neighbor_fill_cross_3_1,80650,,13.702125916446645,,,not_run,skipped,rule does not fit,
383,sparse_edit_or_object_completion,neighbor_fill_cross_3_2,80650,,13.702125916446645,,,not_run,skipped,rule does not fit,
383,sparse_edit_or_object_completion,neighbor_fill_cross_3_3,80650,,13.702125916446645,,,not_run,skipped,rule does not fit,
383,sparse_edit_or_object_completion,neighbor_fill_cross_3_4,80650,,13.702125916446645,,,not_run,skipped,rule does not fit,
383,sparse_edit_or_object_completion,neighbor_fill_square_3_1,80650,,13.702125916446645,,,not_run,skipped,rule does not fit,
383,sparse_edit_or_object_completion,neighbor_fill_square_3_2,80650,,13.702125916446645,,,not_run,skipped,rule does not fit,
383,sparse_edit_or_object_completion,neighbor_fill_square_3_3,80650,,13.702125916446645,,,not_run,skipped,rule does not fit,
383,sparse_edit_or_object_completion,neighbor_fill_square_3_4,80650,,13.702125916446645,,,not_run,skipped,rule does not fit,
383,sparse_edit_or_object_completion,neighbor_fill_square_3_5,80650,,13.702125916446645,,,not_run,skipped,rule does not fit,
383,sparse_edit_or_object_completion,neighbor_fill_square_3_6,80650,,13.702125916446645,,,not_run,skipped,rule does not fit,
383,sparse_edit_or_object_completion,neighbor_fill_square_3_7,80650,,13.702125916446645,,,not_run,skipped,rule does not fit,
383,sparse_edit_or_object_completion,neighbor_fill_square_3_8,80650,,13.702125916446645,,,not_run,skipped,rule does not fit,
383,sparse_edit_or_object_completion,neighbor_fill_hline_4_1,80650,,13.702125916446645,,,not_run,skipped,rule does not fit,
383,sparse_edit_or_object_completion,neighbor_fill_hline_4_2,80650,,13.702125916446645,,,not_run,skipped,rule does not fit,
383,sparse_edit_or_object_completion,neighbor_fill_vline_4_1,80650,,13.702125916446645,,,not_run,skipped,rule does not fit,
383,sparse_edit_or_object_completion,neighbor_fill_vline_4_2,80650,,13.702125916446645,,,not_run,skipped,rule does not fit,
383,sparse_edit_or_object_completion,neighbor_fill_cross_4_1,80650,,13.702125916446645,,,not_run,skipped,rule does not fit,
383,sparse_edit_or_object_completion,neighbor_fill_cross_4_2,80650,,13.702125916446645,,,not_run,skipped,rule does not fit,
383,sparse_edit_or_object_completion,neighbor_fill_cross_4_3,80650,,13.702125916446645,,,not_run,skipped,rule does not fit,
383,sparse_edit_or_object_completion,neighbor_fill_cross_4_4,80650,,13.702125916446645,,,not_run,skipped,rule does not fit,
383,sparse_edit_or_object_completion,neighbor_fill_square_4_1,80650,,13.702125916446645,,,not_run,skipped,rule does not fit,
383,sparse_edit_or_object_completion,neighbor_fill_square_4_2,80650,,13.702125916446645,,,not_run,skipped,rule does not fit,
383,sparse_edit_or_object_completion,neighbor_fill_square_4_3,80650,,13.702125916446645,,,not_run,skipped,rule does not fit,
383,sparse_edit_or_object_completion,neighbor_fill_square_4_4,80650,,13.702125916446645,,,not_run,skipped,rule does not fit,
383,sparse_edit_or_object_completion,neighbor_fill_square_4_5,80650,,13.702125916446645,,,not_run,skipped,rule does not fit,
383,sparse_edit_or_object_completion,neighbor_fill_square_4_6,80650,,13.702125916446645,,,not_run,skipped,rule does not fit,
383,sparse_edit_or_object_completion,neighbor_fill_square_4_7,80650,,13.702125916446645,,,not_run,skipped,rule does not fit,
383,sparse_edit_or_object_completion,neighbor_fill_square_4_8,80650,,13.702125916446645,,,not_run,skipped,rule does not fit,
383,sparse_edit_or_object_completion,neighbor_fill_hline_5_1,80650,,13.702125916446645,,,not_run,skipped,rule does not fit,
383,sparse_edit_or_object_completion,neighbor_fill_hline_5_2,80650,,13.702125916446645,,,not_run,skipped,rule does not fit,
383,sparse_edit_or_object_completion,neighbor_fill_vline_5_1,80650,,13.702125916446645,,,not_run,skipped,rule does not fit,
383,sparse_edit_or_object_completion,neighbor_fill_vline_5_2,80650,,13.702125916446645,,,not_run,skipped,rule does not fit,
383,sparse_edit_or_object_completion,neighbor_fill_cross_5_1,80650,,13.702125916446645,,,not_run,skipped,rule does not fit,
383,sparse_edit_or_object_completion,neighbor_fill_cross_5_2,80650,,13.702125916446645,,,not_run,skipped,rule does not fit,
383,sparse_edit_or_object_completion,neighbor_fill_cross_5_3,80650,,13.702125916446645,,,not_run,skipped,rule does not fit,
383,sparse_edit_or_object_completion,neighbor_fill_cross_5_4,80650,,13.702125916446645,,,not_run,skipped,rule does not fit,
383,sparse_edit_or_object_completion,neighbor_fill_square_5_1,80650,,13.702125916446645,,,not_run,skipped,rule does not fit,
383,sparse_edit_or_object_completion,neighbor_fill_square_5_2,80650,,13.702125916446645,,,not_run,skipped,rule does not fit,
383,sparse_edit_or_object_completion,neighbor_fill_square_5_3,80650,,13.702125916446645,,,not_run,skipped,rule does not fit,
383,sparse_edit_or_object_completion,neighbor_fill_square_5_4,80650,,13.702125916446645,,,not_run,skipped,rule does not fit,
383,sparse_edit_or_object_completion,neighbor_fill_square_5_5,80650,,13.702125916446645,,,not_run,skipped,rule does not fit,
383,sparse_edit_or_object_completion,neighbor_fill_square_5_6,80650,,13.702125916446645,,,not_run,skipped,rule does not fit,
383,sparse_edit_or_object_completion,neighbor_fill_square_5_7,80650,,13.702125916446645,,,not_run,skipped,rule does not fit,
383,sparse_edit_or_object_completion,neighbor_fill_square_5_8,80650,,13.702125916446645,,,not_run,skipped,rule does not fit,
383,sparse_edit_or_object_completion,neighbor_fill_hline_6_1,80650,,13.702125916446645,,,not_run,skipped,rule does not fit,
383,sparse_edit_or_object_completion,neighbor_fill_hline_6_2,80650,,13.702125916446645,,,not_run,skipped,rule does not fit,
383,sparse_edit_or_object_completion,neighbor_fill_vline_6_1,80650,,13.702125916446645,,,not_run,skipped,rule does not fit,
383,sparse_edit_or_object_completion,neighbor_fill_vline_6_2,80650,,13.702125916446645,,,not_run,skipped,rule does not fit,
383,sparse_edit_or_object_completion,neighbor_fill_cross_6_1,80650,,13.702125916446645,,,not_run,skipped,rule does not fit,
383,sparse_edit_or_object_completion,neighbor_fill_cross_6_2,80650,,13.702125916446645,,,not_run,skipped,rule does not fit,
383,sparse_edit_or_object_completion,neighbor_fill_cross_6_3,80650,,13.702125916446645,,,not_run,skipped,rule does not fit,
383,sparse_edit_or_object_completion,neighbor_fill_cross_6_4,80650,,13.702125916446645,,,not_run,skipped,rule does not fit,
383,sparse_edit_or_object_completion,neighbor_fill_square_6_1,80650,,13.702125916446645,,,not_run,skipped,rule does not fit,
383,sparse_edit_or_object_completion,neighbor_fill_square_6_2,80650,,13.702125916446645,,,not_run,skipped,rule does not fit,
383,sparse_edit_or_object_completion,neighbor_fill_square_6_3,80650,,13.702125916446645,,,not_run,skipped,rule does not fit,
383,sparse_edit_or_object_completion,neighbor_fill_square_6_4,80650,,13.702125916446645,,,not_run,skipped,rule does not fit,
383,sparse_edit_or_object_completion,neighbor_fill_square_6_5,80650,,13.702125916446645,,,not_run,skipped,rule does not fit,
383,sparse_edit_or_object_completion,neighbor_fill_square_6_6,80650,,13.702125916446645,,,not_run,skipped,rule does not fit,
383,sparse_edit_or_object_completion,neighbor_fill_square_6_7,80650,,13.702125916446645,,,not_run,skipped,rule does not fit,
383,sparse_edit_or_object_completion,neighbor_fill_square_6_8,80650,,13.702125916446645,,,not_run,skipped,rule does not fit,
383,sparse_edit_or_object_completion,neighbor_fill_hline_7_1,80650,,13.702125916446645,,,not_run,skipped,rule does not fit,
383,sparse_edit_or_object_completion,neighbor_fill_hline_7_2,80650,,13.702125916446645,,,not_run,skipped,rule does not fit,
383,sparse_edit_or_object_completion,neighbor_fill_vline_7_1,80650,,13.702125916446645,,,not_run,skipped,rule does not fit,
383,sparse_edit_or_object_completion,neighbor_fill_vline_7_2,80650,,13.702125916446645,,,not_run,skipped,rule does not fit,
383,sparse_edit_or_object_completion,neighbor_fill_cross_7_1,80650,,13.702125916446645,,,not_run,skipped,rule does not fit,
383,sparse_edit_or_object_completion,neighbor_fill_cross_7_2,80650,,13.702125916446645,,,not_run,skipped,rule does not fit,
383,sparse_edit_or_object_completion,neighbor_fill_cross_7_3,80650,,13.702125916446645,,,not_run,skipped,rule does not fit,
383,sparse_edit_or_object_completion,neighbor_fill_cross_7_4,80650,,13.702125916446645,,,not_run,skipped,rule does not fit,
383,sparse_edit_or_object_completion,neighbor_fill_square_7_1,80650,,13.702125916446645,,,not_run,skipped,rule does not fit,
383,sparse_edit_or_object_completion,neighbor_fill_square_7_2,80650,,13.702125916446645,,,not_run,skipped,rule does not fit,
383,sparse_edit_or_object_completion,neighbor_fill_square_7_3,80650,,13.702125916446645,,,not_run,skipped,rule does not fit,
383,sparse_edit_or_object_completion,neighbor_fill_square_7_4,80650,,13.702125916446645,,,not_run,skipped,rule does not fit,
383,sparse_edit_or_object_completion,neighbor_fill_square_7_5,80650,,13.702125916446645,,,not_run,skipped,rule does not fit,
383,sparse_edit_or_object_completion,neighbor_fill_square_7_6,80650,,13.702125916446645,,,not_run,skipped,rule does not fit,
383,sparse_edit_or_object_completion,neighbor_fill_square_7_7,80650,,13.702125916446645,,,not_run,skipped,rule does not fit,
383,sparse_edit_or_object_completion,neighbor_fill_square_7_8,80650,,13.702125916446645,,,not_run,skipped,rule does not fit,
383,sparse_edit_or_object_completion,neighbor_fill_hline_8_1,80650,,13.702125916446645,,,not_run,skipped,rule does not fit,
383,sparse_edit_or_object_completion,neighbor_fill_hline_8_2,80650,,13.702125916446645,,,not_run,skipped,rule does not fit,
383,sparse_edit_or_object_completion,neighbor_fill_vline_8_1,80650,,13.702125916446645,,,not_run,skipped,rule does not fit,
383,sparse_edit_or_object_completion,neighbor_fill_vline_8_2,80650,,13.702125916446645,,,not_run,skipped,rule does not fit,
383,sparse_edit_or_object_completion,neighbor_fill_cross_8_1,80650,,13.702125916446645,,,not_run,skipped,rule does not fit,
383,sparse_edit_or_object_completion,neighbor_fill_cross_8_2,80650,,13.702125916446645,,,not_run,skipped,rule does not fit,
383,sparse_edit_or_object_completion,neighbor_fill_cross_8_3,80650,,13.702125916446645,,,not_run,skipped,rule does not fit,
383,sparse_edit_or_object_completion,neighbor_fill_cross_8_4,80650,,13.702125916446645,,,not_run,skipped,rule does not fit,
383,sparse_edit_or_object_completion,neighbor_fill_square_8_1,80650,,13.702125916446645,,,not_run,skipped,rule does not fit,
383,sparse_edit_or_object_completion,neighbor_fill_square_8_2,80650,,13.702125916446645,,,not_run,skipped,rule does not fit,
383,sparse_edit_or_object_completion,neighbor_fill_square_8_3,80650,,13.702125916446645,,,not_run,skipped,rule does not fit,
383,sparse_edit_or_object_completion,neighbor_fill_square_8_4,80650,,13.702125916446645,,,not_run,skipped,rule does not fit,
383,sparse_edit_or_object_completion,neighbor_fill_square_8_5,80650,,13.702125916446645,,,not_run,skipped,rule does not fit,
383,sparse_edit_or_object_completion,neighbor_fill_square_8_6,80650,,13.702125916446645,,,not_run,skipped,rule does not fit,
383,sparse_edit_or_object_completion,neighbor_fill_square_8_7,80650,,13.702125916446645,,,not_run,skipped,rule does not fit,
383,sparse_edit_or_object_completion,neighbor_fill_square_8_8,80650,,13.702125916446645,,,not_run,skipped,rule does not fit,
383,sparse_edit_or_object_completion,neighbor_fill_hline_9_1,80650,,13.702125916446645,,,not_run,skipped,rule does not fit,
383,sparse_edit_or_object_completion,neighbor_fill_hline_9_2,80650,,13.702125916446645,,,not_run,skipped,rule does not fit,
383,sparse_edit_or_object_completion,neighbor_fill_vline_9_1,80650,,13.702125916446645,,,not_run,skipped,rule does not fit,
383,sparse_edit_or_object_completion,neighbor_fill_vline_9_2,80650,,13.702125916446645,,,not_run,skipped,rule does not fit,
383,sparse_edit_or_object_completion,neighbor_fill_cross_9_1,80650,,13.702125916446645,,,not_run,skipped,rule does not fit,
383,sparse_edit_or_object_completion,neighbor_fill_cross_9_2,80650,,13.702125916446645,,,not_run,skipped,rule does not fit,
383,sparse_edit_or_object_completion,neighbor_fill_cross_9_3,80650,,13.702125916446645,,,not_run,skipped,rule does not fit,
383,sparse_edit_or_object_completion,neighbor_fill_cross_9_4,80650,,13.702125916446645,,,not_run,skipped,rule does not fit,
383,sparse_edit_or_object_completion,neighbor_fill_square_9_1,80650,,13.702125916446645,,,not_run,skipped,rule does not fit,
383,sparse_edit_or_object_completion,neighbor_fill_square_9_2,80650,,13.702125916446645,,,not_run,skipped,rule does not fit,
383,sparse_edit_or_object_completion,neighbor_fill_square_9_3,80650,,13.702125916446645,,,not_run,skipped,rule does not fit,
383,sparse_edit_or_object_completion,neighbor_fill_square_9_4,80650,,13.702125916446645,,,not_run,skipped,rule does not fit,
383,sparse_edit_or_object_completion,neighbor_fill_square_9_5,80650,,13.702125916446645,,,not_run,skipped,rule does not fit,
383,sparse_edit_or_object_completion,neighbor_fill_square_9_6,80650,,13.702125916446645,,,not_run,skipped,rule does not fit,
383,sparse_edit_or_object_completion,neighbor_fill_square_9_7,80650,,13.702125916446645,,,not_run,skipped,rule does not fit,
383,sparse_edit_or_object_completion,neighbor_fill_square_9_8,80650,,13.702125916446645,,,not_run,skipped,rule does not fit,
34,sparse_edit_or_object_completion,signature_scatternd_lookup,80368,17059,13.705628634010173,15.25556679731948,36300,25_pass_0_fail,improved,ok,6258ea9f0b1d4b24b72acf2ae06d190345ceb06a49021e480dc472f1b2991d84
34,sparse_edit_or_object_completion,direct_identity,80368,,13.705628634010173,,,not_run,skipped,not identity,
34,sparse_edit_or_object_completion,conv_color_map,80368,,13.705628634010173,,,not_run,skipped,conflicting color map,
34,sparse_edit_or_object_completion,fixed_mask_where,80368,,13.705628634010173,,,not_run,skipped,fixed edit conflict,
34,sparse_edit_or_object_completion,neighbor_fill_hline_1_1,80368,,13.705628634010173,,,not_run,skipped,rule does not fit,
34,sparse_edit_or_object_completion,neighbor_fill_hline_1_2,80368,,13.705628634010173,,,not_run,skipped,rule does not fit,
34,sparse_edit_or_object_completion,neighbor_fill_vline_1_1,80368,,13.705628634010173,,,not_run,skipped,rule does not fit,
34,sparse_edit_or_object_completion,neighbor_fill_vline_1_2,80368,,13.705628634010173,,,not_run,skipped,rule does not fit,
34,sparse_edit_or_object_completion,neighbor_fill_cross_1_1,80368,,13.705628634010173,,,not_run,skipped,rule does not fit,
34,sparse_edit_or_object_completion,neighbor_fill_cross_1_2,80368,,13.705628634010173,,,not_run,skipped,rule does not fit,
34,sparse_edit_or_object_completion,neighbor_fill_cross_1_3,80368,,13.705628634010173,,,not_run,skipped,rule does not fit,
34,sparse_edit_or_object_completion,neighbor_fill_cross_1_4,80368,,13.705628634010173,,,not_run,skipped,rule does not fit,
34,sparse_edit_or_object_completion,neighbor_fill_square_1_1,80368,,13.705628634010173,,,not_run,skipped,rule does not fit,
34,sparse_edit_or_object_completion,neighbor_fill_square_1_2,80368,,13.705628634010173,,,not_run,skipped,rule does not fit,
34,sparse_edit_or_object_completion,neighbor_fill_square_1_3,80368,,13.705628634010173,,,not_run,skipped,rule does not fit,
34,sparse_edit_or_object_completion,neighbor_fill_square_1_4,80368,,13.705628634010173,,,not_run,skipped,rule does not fit,
34,sparse_edit_or_object_completion,neighbor_fill_square_1_5,80368,,13.705628634010173,,,not_run,skipped,rule does not fit,
34,sparse_edit_or_object_completion,neighbor_fill_square_1_6,80368,,13.705628634010173,,,not_run,skipped,rule does not fit,
34,sparse_edit_or_object_completion,neighbor_fill_square_1_7,80368,,13.705628634010173,,,not_run,skipped,rule does not fit,
34,sparse_edit_or_object_completion,neighbor_fill_square_1_8,80368,,13.705628634010173,,,not_run,skipped,rule does not fit,
34,sparse_edit_or_object_completion,neighbor_fill_hline_3_1,80368,,13.705628634010173,,,not_run,skipped,rule does not fit,
34,sparse_edit_or_object_completion,neighbor_fill_hline_3_2,80368,,13.705628634010173,,,not_run,skipped,rule does not fit,
34,sparse_edit_or_object_completion,neighbor_fill_vline_3_1,80368,,13.705628634010173,,,not_run,skipped,rule does not fit,
34,sparse_edit_or_object_completion,neighbor_fill_vline_3_2,80368,,13.705628634010173,,,not_run,skipped,rule does not fit,
34,sparse_edit_or_object_completion,neighbor_fill_cross_3_1,80368,,13.705628634010173,,,not_run,skipped,rule does not fit,
34,sparse_edit_or_object_completion,neighbor_fill_cross_3_2,80368,,13.705628634010173,,,not_run,skipped,rule does not fit,
34,sparse_edit_or_object_completion,neighbor_fill_cross_3_3,80368,,13.705628634010173,,,not_run,skipped,rule does not fit,
34,sparse_edit_or_object_completion,neighbor_fill_cross_3_4,80368,,13.705628634010173,,,not_run,skipped,rule does not fit,
34,sparse_edit_or_object_completion,neighbor_fill_square_3_1,80368,,13.705628634010173,,,not_run,skipped,rule does not fit,
34,sparse_edit_or_object_completion,neighbor_fill_square_3_2,80368,,13.705628634010173,,,not_run,skipped,rule does not fit,
34,sparse_edit_or_object_completion,neighbor_fill_square_3_3,80368,,13.705628634010173,,,not_run,skipped,rule does not fit,
34,sparse_edit_or_object_completion,neighbor_fill_square_3_4,80368,,13.705628634010173,,,not_run,skipped,rule does not fit,
34,sparse_edit_or_object_completion,neighbor_fill_square_3_5,80368,,13.705628634010173,,,not_run,skipped,rule does not fit,
34,sparse_edit_or_object_completion,neighbor_fill_square_3_6,80368,,13.705628634010173,,,not_run,skipped,rule does not fit,
34,sparse_edit_or_object_completion,neighbor_fill_square_3_7,80368,,13.705628634010173,,,not_run,skipped,rule does not fit,
34,sparse_edit_or_object_completion,neighbor_fill_square_3_8,80368,,13.705628634010173,,,not_run,skipped,rule does not fit,
34,sparse_edit_or_object_completion,neighbor_fill_hline_4_1,80368,,13.705628634010173,,,not_run,skipped,rule does not fit,
34,sparse_edit_or_object_completion,neighbor_fill_hline_4_2,80368,,13.705628634010173,,,not_run,skipped,rule does not fit,
34,sparse_edit_or_object_completion,neighbor_fill_vline_4_1,80368,,13.705628634010173,,,not_run,skipped,rule does not fit,
34,sparse_edit_or_object_completion,neighbor_fill_vline_4_2,80368,,13.705628634010173,,,not_run,skipped,rule does not fit,
34,sparse_edit_or_object_completion,neighbor_fill_cross_4_1,80368,,13.705628634010173,,,not_run,skipped,rule does not fit,
34,sparse_edit_or_object_completion,neighbor_fill_cross_4_2,80368,,13.705628634010173,,,not_run,skipped,rule does not fit,
34,sparse_edit_or_object_completion,neighbor_fill_cross_4_3,80368,,13.705628634010173,,,not_run,skipped,rule does not fit,
34,sparse_edit_or_object_completion,neighbor_fill_cross_4_4,80368,,13.705628634010173,,,not_run,skipped,rule does not fit,
34,sparse_edit_or_object_completion,neighbor_fill_square_4_1,80368,,13.705628634010173,,,not_run,skipped,rule does not fit,
34,sparse_edit_or_object_completion,neighbor_fill_square_4_2,80368,,13.705628634010173,,,not_run,skipped,rule does not fit,
34,sparse_edit_or_object_completion,neighbor_fill_square_4_3,80368,,13.705628634010173,,,not_run,skipped,rule does not fit,
34,sparse_edit_or_object_completion,neighbor_fill_square_4_4,80368,,13.705628634010173,,,not_run,skipped,rule does not fit,
34,sparse_edit_or_object_completion,neighbor_fill_square_4_5,80368,,13.705628634010173,,,not_run,skipped,rule does not fit,
34,sparse_edit_or_object_completion,neighbor_fill_square_4_6,80368,,13.705628634010173,,,not_run,skipped,rule does not fit,
34,sparse_edit_or_object_completion,neighbor_fill_square_4_7,80368,,13.705628634010173,,,not_run,skipped,rule does not fit,
34,sparse_edit_or_object_completion,neighbor_fill_square_4_8,80368,,13.705628634010173,,,not_run,skipped,rule does not fit,
34,sparse_edit_or_object_completion,neighbor_fill_hline_5_1,80368,,13.705628634010173,,,not_run,skipped,rule does not fit,
34,sparse_edit_or_object_completion,neighbor_fill_hline_5_2,80368,,13.705628634010173,,,not_run,skipped,rule does not fit,
34,sparse_edit_or_object_completion,neighbor_fill_vline_5_1,80368,,13.705628634010173,,,not_run,skipped,rule does not fit,
34,sparse_edit_or_object_completion,neighbor_fill_vline_5_2,80368,,13.705628634010173,,,not_run,skipped,rule does not fit,
34,sparse_edit_or_object_completion,neighbor_fill_cross_5_1,80368,,13.705628634010173,,,not_run,skipped,rule does not fit,
34,sparse_edit_or_object_completion,neighbor_fill_cross_5_2,80368,,13.705628634010173,,,not_run,skipped,rule does not fit,
34,sparse_edit_or_object_completion,neighbor_fill_cross_5_3,80368,,13.705628634010173,,,not_run,skipped,rule does not fit,
34,sparse_edit_or_object_completion,neighbor_fill_cross_5_4,80368,,13.705628634010173,,,not_run,skipped,rule does not fit,
34,sparse_edit_or_object_completion,neighbor_fill_square_5_1,80368,,13.705628634010173,,,not_run,skipped,rule does not fit,
34,sparse_edit_or_object_completion,neighbor_fill_square_5_2,80368,,13.705628634010173,,,not_run,skipped,rule does not fit,
34,sparse_edit_or_object_completion,neighbor_fill_square_5_3,80368,,13.705628634010173,,,not_run,skipped,rule does not fit,
34,sparse_edit_or_object_completion,neighbor_fill_square_5_4,80368,,13.705628634010173,,,not_run,skipped,rule does not fit,
34,sparse_edit_or_object_completion,neighbor_fill_square_5_5,80368,,13.705628634010173,,,not_run,skipped,rule does not fit,
34,sparse_edit_or_object_completion,neighbor_fill_square_5_6,80368,,13.705628634010173,,,not_run,skipped,rule does not fit,
34,sparse_edit_or_object_completion,neighbor_fill_square_5_7,80368,,13.705628634010173,,,not_run,skipped,rule does not fit,
34,sparse_edit_or_object_completion,neighbor_fill_square_5_8,80368,,13.705628634010173,,,not_run,skipped,rule does not fit,
34,sparse_edit_or_object_completion,neighbor_fill_hline_6_1,80368,,13.705628634010173,,,not_run,skipped,rule does not fit,
34,sparse_edit_or_object_completion,neighbor_fill_hline_6_2,80368,,13.705628634010173,,,not_run,skipped,rule does not fit,
34,sparse_edit_or_object_completion,neighbor_fill_vline_6_1,80368,,13.705628634010173,,,not_run,skipped,rule does not fit,
34,sparse_edit_or_object_completion,neighbor_fill_vline_6_2,80368,,13.705628634010173,,,not_run,skipped,rule does not fit,
34,sparse_edit_or_object_completion,neighbor_fill_cross_6_1,80368,,13.705628634010173,,,not_run,skipped,rule does not fit,
34,sparse_edit_or_object_completion,neighbor_fill_cross_6_2,80368,,13.705628634010173,,,not_run,skipped,rule does not fit,
34,sparse_edit_or_object_completion,neighbor_fill_cross_6_3,80368,,13.705628634010173,,,not_run,skipped,rule does not fit,
34,sparse_edit_or_object_completion,neighbor_fill_cross_6_4,80368,,13.705628634010173,,,not_run,skipped,rule does not fit,
34,sparse_edit_or_object_completion,neighbor_fill_square_6_1,80368,,13.705628634010173,,,not_run,skipped,rule does not fit,
34,sparse_edit_or_object_completion,neighbor_fill_square_6_2,80368,,13.705628634010173,,,not_run,skipped,rule does not fit,
34,sparse_edit_or_object_completion,neighbor_fill_square_6_3,80368,,13.705628634010173,,,not_run,skipped,rule does not fit,
34,sparse_edit_or_object_completion,neighbor_fill_square_6_4,80368,,13.705628634010173,,,not_run,skipped,rule does not fit,
34,sparse_edit_or_object_completion,neighbor_fill_square_6_5,80368,,13.705628634010173,,,not_run,skipped,rule does not fit,
34,sparse_edit_or_object_completion,neighbor_fill_square_6_6,80368,,13.705628634010173,,,not_run,skipped,rule does not fit,
34,sparse_edit_or_object_completion,neighbor_fill_square_6_7,80368,,13.705628634010173,,,not_run,skipped,rule does not fit,
34,sparse_edit_or_object_completion,neighbor_fill_square_6_8,80368,,13.705628634010173,,,not_run,skipped,rule does not fit,
34,sparse_edit_or_object_completion,neighbor_fill_hline_7_1,80368,,13.705628634010173,,,not_run,skipped,rule does not fit,
34,sparse_edit_or_object_completion,neighbor_fill_hline_7_2,80368,,13.705628634010173,,,not_run,skipped,rule does not fit,
34,sparse_edit_or_object_completion,neighbor_fill_vline_7_1,80368,,13.705628634010173,,,not_run,skipped,rule does not fit,
34,sparse_edit_or_object_completion,neighbor_fill_vline_7_2,80368,,13.705628634010173,,,not_run,skipped,rule does not fit,
34,sparse_edit_or_object_completion,neighbor_fill_cross_7_1,80368,,13.705628634010173,,,not_run,skipped,rule does not fit,
34,sparse_edit_or_object_completion,neighbor_fill_cross_7_2,80368,,13.705628634010173,,,not_run,skipped,rule does not fit,
34,sparse_edit_or_object_completion,neighbor_fill_cross_7_3,80368,,13.705628634010173,,,not_run,skipped,rule does not fit,
34,sparse_edit_or_object_completion,neighbor_fill_cross_7_4,80368,,13.705628634010173,,,not_run,skipped,rule does not fit,
34,sparse_edit_or_object_completion,neighbor_fill_square_7_1,80368,,13.705628634010173,,,not_run,skipped,rule does not fit,
34,sparse_edit_or_object_completion,neighbor_fill_square_7_2,80368,,13.705628634010173,,,not_run,skipped,rule does not fit,
34,sparse_edit_or_object_completion,neighbor_fill_square_7_3,80368,,13.705628634010173,,,not_run,skipped,rule does not fit,
34,sparse_edit_or_object_completion,neighbor_fill_square_7_4,80368,,13.705628634010173,,,not_run,skipped,rule does not fit,
34,sparse_edit_or_object_completion,neighbor_fill_square_7_5,80368,,13.705628634010173,,,not_run,skipped,rule does not fit,
34,sparse_edit_or_object_completion,neighbor_fill_square_7_6,80368,,13.705628634010173,,,not_run,skipped,rule does not fit,
34,sparse_edit_or_object_completion,neighbor_fill_square_7_7,80368,,13.705628634010173,,,not_run,skipped,rule does not fit,
34,sparse_edit_or_object_completion,neighbor_fill_square_7_8,80368,,13.705628634010173,,,not_run,skipped,rule does not fit,
34,sparse_edit_or_object_completion,neighbor_fill_hline_8_1,80368,,13.705628634010173,,,not_run,skipped,rule does not fit,
34,sparse_edit_or_object_completion,neighbor_fill_hline_8_2,80368,,13.705628634010173,,,not_run,skipped,rule does not fit,
34,sparse_edit_or_object_completion,neighbor_fill_vline_8_1,80368,,13.705628634010173,,,not_run,skipped,rule does not fit,
34,sparse_edit_or_object_completion,neighbor_fill_vline_8_2,80368,,13.705628634010173,,,not_run,skipped,rule does not fit,
34,sparse_edit_or_object_completion,neighbor_fill_cross_8_1,80368,,13.705628634010173,,,not_run,skipped,rule does not fit,
34,sparse_edit_or_object_completion,neighbor_fill_cross_8_2,80368,,13.705628634010173,,,not_run,skipped,rule does not fit,
34,sparse_edit_or_object_completion,neighbor_fill_cross_8_3,80368,,13.705628634010173,,,not_run,skipped,rule does not fit,
34,sparse_edit_or_object_completion,neighbor_fill_cross_8_4,80368,,13.705628634010173,,,not_run,skipped,rule does not fit,
34,sparse_edit_or_object_completion,neighbor_fill_square_8_1,80368,,13.705628634010173,,,not_run,skipped,rule does not fit,
34,sparse_edit_or_object_completion,neighbor_fill_square_8_2,80368,,13.705628634010173,,,not_run,skipped,rule does not fit,
34,sparse_edit_or_object_completion,neighbor_fill_square_8_3,80368,,13.705628634010173,,,not_run,skipped,rule does not fit,
34,sparse_edit_or_object_completion,neighbor_fill_square_8_4,80368,,13.705628634010173,,,not_run,skipped,rule does not fit,
34,sparse_edit_or_object_completion,neighbor_fill_square_8_5,80368,,13.705628634010173,,,not_run,skipped,rule does not fit,
34,sparse_edit_or_object_completion,neighbor_fill_square_8_6,80368,,13.705628634010173,,,not_run,skipped,rule does not fit,
34,sparse_edit_or_object_completion,neighbor_fill_square_8_7,80368,,13.705628634010173,,,not_run,skipped,rule does not fit,
34,sparse_edit_or_object_completion,neighbor_fill_square_8_8,80368,,13.705628634010173,,,not_run,skipped,rule does not fit,
34,sparse_edit_or_object_completion,neighbor_fill_hline_9_1,80368,,13.705628634010173,,,not_run,skipped,rule does not fit,
34,sparse_edit_or_object_completion,neighbor_fill_hline_9_2,80368,,13.705628634010173,,,not_run,skipped,rule does not fit,
34,sparse_edit_or_object_completion,neighbor_fill_vline_9_1,80368,,13.705628634010173,,,not_run,skipped,rule does not fit,
34,sparse_edit_or_object_completion,neighbor_fill_vline_9_2,80368,,13.705628634010173,,,not_run,skipped,rule does not fit,
34,sparse_edit_or_object_completion,neighbor_fill_cross_9_1,80368,,13.705628634010173,,,not_run,skipped,rule does not fit,
34,sparse_edit_or_object_completion,neighbor_fill_cross_9_2,80368,,13.705628634010173,,,not_run,skipped,rule does not fit,
34,sparse_edit_or_object_completion,neighbor_fill_cross_9_3,80368,,13.705628634010173,,,not_run,skipped,rule does not fit,
34,sparse_edit_or_object_completion,neighbor_fill_cross_9_4,80368,,13.705628634010173,,,not_run,skipped,rule does not fit,
34,sparse_edit_or_object_completion,neighbor_fill_square_9_1,80368,,13.705628634010173,,,not_run,skipped,rule does not fit,
34,sparse_edit_or_object_completion,neighbor_fill_square_9_2,80368,,13.705628634010173,,,not_run,skipped,rule does not fit,
34,sparse_edit_or_object_completion,neighbor_fill_square_9_3,80368,,13.705628634010173,,,not_run,skipped,rule does not fit,
34,sparse_edit_or_object_completion,neighbor_fill_square_9_4,80368,,13.705628634010173,,,not_run,skipped,rule does not fit,
34,sparse_edit_or_object_completion,neighbor_fill_square_9_5,80368,,13.705628634010173,,,not_run,skipped,rule does not fit,
34,sparse_edit_or_object_completion,neighbor_fill_square_9_6,80368,,13.705628634010173,,,not_run,skipped,rule does not fit,
34,sparse_edit_or_object_completion,neighbor_fill_square_9_7,80368,,13.705628634010173,,,not_run,skipped,rule does not fit,
34,sparse_edit_or_object_completion,neighbor_fill_square_9_8,80368,,13.705628634010173,,,not_run,skipped,rule does not fit,
202,sparse_edit_or_object_completion,signature_scatternd_lookup,80176,19207,13.708020502800494,15.136969925095148,44508,22_pass_0_fail,improved,ok,a6c0e6cc1a62070649a2dbf3b9c6d0541fcf5676082d5a2858b921c325bfa94a
202,sparse_edit_or_object_completion,direct_identity,80176,,13.708020502800494,,,not_run,skipped,not identity,
202,sparse_edit_or_object_completion,conv_color_map,80176,,13.708020502800494,,,not_run,skipped,conflicting color map,
202,sparse_edit_or_object_completion,fixed_mask_where,80176,,13.708020502800494,,,not_run,skipped,edit target mismatch,
202,sparse_edit_or_object_completion,neighbor_fill_hline_0_1,80176,,13.708020502800494,,,not_run,skipped,rule does not fit,
202,sparse_edit_or_object_completion,neighbor_fill_hline_0_2,80176,,13.708020502800494,,,not_run,skipped,rule does not fit,
202,sparse_edit_or_object_completion,neighbor_fill_vline_0_1,80176,,13.708020502800494,,,not_run,skipped,rule does not fit,
202,sparse_edit_or_object_completion,neighbor_fill_vline_0_2,80176,,13.708020502800494,,,not_run,skipped,rule does not fit,
202,sparse_edit_or_object_completion,neighbor_fill_cross_0_1,80176,,13.708020502800494,,,not_run,skipped,rule does not fit,
202,sparse_edit_or_object_completion,neighbor_fill_cross_0_2,80176,,13.708020502800494,,,not_run,skipped,rule does not fit,
202,sparse_edit_or_object_completion,neighbor_fill_cross_0_3,80176,,13.708020502800494,,,not_run,skipped,rule does not fit,
202,sparse_edit_or_object_completion,neighbor_fill_cross_0_4,80176,,13.708020502800494,,,not_run,skipped,rule does not fit,
202,sparse_edit_or_object_completion,neighbor_fill_square_0_1,80176,,13.708020502800494,,,not_run,skipped,rule does not fit,
202,sparse_edit_or_object_completion,neighbor_fill_square_0_2,80176,,13.708020502800494,,,not_run,skipped,rule does not fit,
202,sparse_edit_or_object_completion,neighbor_fill_square_0_3,80176,,13.708020502800494,,,not_run,skipped,rule does not fit,
202,sparse_edit_or_object_completion,neighbor_fill_square_0_4,80176,,13.708020502800494,,,not_run,skipped,rule does not fit,
202,sparse_edit_or_object_completion,neighbor_fill_square_0_5,80176,,13.708020502800494,,,not_run,skipped,rule does not fit,
202,sparse_edit_or_object_completion,neighbor_fill_square_0_6,80176,,13.708020502800494,,,not_run,skipped,rule does not fit,
202,sparse_edit_or_object_completion,neighbor_fill_square_0_7,80176,,13.708020502800494,,,not_run,skipped,rule does not fit,
202,sparse_edit_or_object_completion,neighbor_fill_square_0_8,80176,,13.708020502800494,,,not_run,skipped,rule does not fit,
157,sparse_edit_or_object_completion,signature_scatternd_lookup,79930,24781,13.711093469379936,14.882167490506012,58972,23_pass_0_fail,improved,ok,07aaeb809d755228158f20ea9df00b722a8f2f20f18e272110aa3534548f7beb
157,sparse_edit_or_object_completion,direct_identity,79930,,13.711093469379936,,,not_run,skipped,not identity,
157,sparse_edit_or_object_completion,conv_color_map,79930,,13.711093469379936,,,not_run,skipped,conflicting color map,
157,sparse_edit_or_object_completion,fixed_mask_where,79930,,13.711093469379936,,,not_run,skipped,edit target mismatch,
157,sparse_edit_or_object_completion,neighbor_fill_hline_0_1,79930,,13.711093469379936,,,not_run,skipped,rule does not fit,
157,sparse_edit_or_object_completion,neighbor_fill_hline_0_2,79930,,13.711093469379936,,,not_run,skipped,rule does not fit,
157,sparse_edit_or_object_completion,neighbor_fill_vline_0_1,79930,,13.711093469379936,,,not_run,skipped,rule does not fit,
157,sparse_edit_or_object_completion,neighbor_fill_vline_0_2,79930,,13.711093469379936,,,not_run,skipped,rule does not fit,
157,sparse_edit_or_object_completion,neighbor_fill_cross_0_1,79930,,13.711093469379936,,,not_run,skipped,rule does not fit,
157,sparse_edit_or_object_completion,neighbor_fill_cross_0_2,79930,,13.711093469379936,,,not_run,skipped,rule does not fit,
157,sparse_edit_or_object_completion,neighbor_fill_cross_0_3,79930,,13.711093469379936,,,not_run,skipped,rule does not fit,
157,sparse_edit_or_object_completion,neighbor_fill_cross_0_4,79930,,13.711093469379936,,,not_run,skipped,rule does not fit,
157,sparse_edit_or_object_completion,neighbor_fill_square_0_1,79930,,13.711093469379936,,,not_run,skipped,rule does not fit,
157,sparse_edit_or_object_completion,neighbor_fill_square_0_2,79930,,13.711093469379936,,,not_run,skipped,rule does not fit,
157,sparse_edit_or_object_completion,neighbor_fill_square_0_3,79930,,13.711093469379936,,,not_run,skipped,rule does not fit,
157,sparse_edit_or_object_completion,neighbor_fill_square_0_4,79930,,13.711093469379936,,,not_run,skipped,rule does not fit,
157,sparse_edit_or_object_completion,neighbor_fill_square_0_5,79930,,13.711093469379936,,,not_run,skipped,rule does not fit,
157,sparse_edit_or_object_completion,neighbor_fill_square_0_6,79930,,13.711093469379936,,,not_run,skipped,rule does not fit,
157,sparse_edit_or_object_completion,neighbor_fill_square_0_7,79930,,13.711093469379936,,,not_run,skipped,rule does not fit,
157,sparse_edit_or_object_completion,neighbor_fill_square_0_8,79930,,13.711093469379936,,,not_run,skipped,rule does not fit,
157,sparse_edit_or_object_completion,neighbor_fill_hline_1_1,79930,,13.711093469379936,,,not_run,skipped,rule does not fit,
157,sparse_edit_or_object_completion,neighbor_fill_hline_1_2,79930,,13.711093469379936,,,not_run,skipped,rule does not fit,
157,sparse_edit_or_object_completion,neighbor_fill_vline_1_1,79930,,13.711093469379936,,,not_run,skipped,rule does not fit,
157,sparse_edit_or_object_completion,neighbor_fill_vline_1_2,79930,,13.711093469379936,,,not_run,skipped,rule does not fit,
157,sparse_edit_or_object_completion,neighbor_fill_cross_1_1,79930,,13.711093469379936,,,not_run,skipped,rule does not fit,
157,sparse_edit_or_object_completion,neighbor_fill_cross_1_2,79930,,13.711093469379936,,,not_run,skipped,rule does not fit,
157,sparse_edit_or_object_completion,neighbor_fill_cross_1_3,79930,,13.711093469379936,,,not_run,skipped,rule does not fit,
157,sparse_edit_or_object_completion,neighbor_fill_cross_1_4,79930,,13.711093469379936,,,not_run,skipped,rule does not fit,
157,sparse_edit_or_object_completion,neighbor_fill_square_1_1,79930,,13.711093469379936,,,not_run,skipped,rule does not fit,
157,sparse_edit_or_object_completion,neighbor_fill_square_1_2,79930,,13.711093469379936,,,not_run,skipped,rule does not fit,
157,sparse_edit_or_object_completion,neighbor_fill_square_1_3,79930,,13.711093469379936,,,not_run,skipped,rule does not fit,
157,sparse_edit_or_object_completion,neighbor_fill_square_1_4,79930,,13.711093469379936,,,not_run,skipped,rule does not fit,
157,sparse_edit_or_object_completion,neighbor_fill_square_1_5,79930,,13.711093469379936,,,not_run,skipped,rule does not fit,
157,sparse_edit_or_object_completion,neighbor_fill_square_1_6,79930,,13.711093469379936,,,not_run,skipped,rule does not fit,
157,sparse_edit_or_object_completion,neighbor_fill_square_1_7,79930,,13.711093469379936,,,not_run,skipped,rule does not fit,
157,sparse_edit_or_object_completion,neighbor_fill_square_1_8,79930,,13.711093469379936,,,not_run,skipped,rule does not fit,
5,sparse_edit_or_object_completion,signature_scatternd_lookup,79847,19388,13.712132417507211,15.127590403034734,45412,24_pass_0_fail,improved,ok,b47e30128a583efdbbba2adfcc287daaeedebd9b5e5515e4cff4c2f63abdb7fb
5,sparse_edit_or_object_completion,direct_identity,79847,,13.712132417507211,,,not_run,skipped,not identity,
5,sparse_edit_or_object_completion,conv_color_map,79847,,13.712132417507211,,,not_run,skipped,conflicting color map,
5,sparse_edit_or_object_completion,fixed_mask_where,79847,,13.712132417507211,,,not_run,skipped,fixed edit conflict,
5,sparse_edit_or_object_completion,neighbor_fill_hline_1_1,79847,,13.712132417507211,,,not_run,skipped,rule does not fit,
5,sparse_edit_or_object_completion,neighbor_fill_hline_1_2,79847,,13.712132417507211,,,not_run,skipped,rule does not fit,
5,sparse_edit_or_object_completion,neighbor_fill_vline_1_1,79847,,13.712132417507211,,,not_run,skipped,rule does not fit,
5,sparse_edit_or_object_completion,neighbor_fill_vline_1_2,79847,,13.712132417507211,,,not_run,skipped,rule does not fit,
5,sparse_edit_or_object_completion,neighbor_fill_cross_1_1,79847,,13.712132417507211,,,not_run,skipped,rule does not fit,
5,sparse_edit_or_object_completion,neighbor_fill_cross_1_2,79847,,13.712132417507211,,,not_run,skipped,rule does not fit,
5,sparse_edit_or_object_completion,neighbor_fill_cross_1_3,79847,,13.712132417507211,,,not_run,skipped,rule does not fit,
5,sparse_edit_or_object_completion,neighbor_fill_cross_1_4,79847,,13.712132417507211,,,not_run,skipped,rule does not fit,
5,sparse_edit_or_object_completion,neighbor_fill_square_1_1,79847,,13.712132417507211,,,not_run,skipped,rule does not fit,
5,sparse_edit_or_object_completion,neighbor_fill_square_1_2,79847,,13.712132417507211,,,not_run,skipped,rule does not fit,
5,sparse_edit_or_object_completion,neighbor_fill_square_1_3,79847,,13.712132417507211,,,not_run,skipped,rule does not fit,
5,sparse_edit_or_object_completion,neighbor_fill_square_1_4,79847,,13.712132417507211,,,not_run,skipped,rule does not fit,
5,sparse_edit_or_object_completion,neighbor_fill_square_1_5,79847,,13.712132417507211,,,not_run,skipped,rule does not fit,
5,sparse_edit_or_object_completion,neighbor_fill_square_1_6,79847,,13.712132417507211,,,not_run,skipped,rule does not fit,
5,sparse_edit_or_object_completion,neighbor_fill_square_1_7,79847,,13.712132417507211,,,not_run,skipped,rule does not fit,
5,sparse_edit_or_object_completion,neighbor_fill_square_1_8,79847,,13.712132417507211,,,not_run,skipped,rule does not fit,
5,sparse_edit_or_object_completion,neighbor_fill_hline_2_1,79847,,13.712132417507211,,,not_run,skipped,rule does not fit,
5,sparse_edit_or_object_completion,neighbor_fill_hline_2_2,79847,,13.712132417507211,,,not_run,skipped,rule does not fit,
5,sparse_edit_or_object_completion,neighbor_fill_vline_2_1,79847,,13.712132417507211,,,not_run,skipped,rule does not fit,
5,sparse_edit_or_object_completion,neighbor_fill_vline_2_2,79847,,13.712132417507211,,,not_run,skipped,rule does not fit,
5,sparse_edit_or_object_completion,neighbor_fill_cross_2_1,79847,,13.712132417507211,,,not_run,skipped,rule does not fit,
5,sparse_edit_or_object_completion,neighbor_fill_cross_2_2,79847,,13.712132417507211,,,not_run,skipped,rule does not fit,
5,sparse_edit_or_object_completion,neighbor_fill_cross_2_3,79847,,13.712132417507211,,,not_run,skipped,rule does not fit,
5,sparse_edit_or_object_completion,neighbor_fill_cross_2_4,79847,,13.712132417507211,,,not_run,skipped,rule does not fit,
5,sparse_edit_or_object_completion,neighbor_fill_square_2_1,79847,,13.712132417507211,,,not_run,skipped,rule does not fit,
5,sparse_edit_or_object_completion,neighbor_fill_square_2_2,79847,,13.712132417507211,,,not_run,skipped,rule does not fit,
5,sparse_edit_or_object_completion,neighbor_fill_square_2_3,79847,,13.712132417507211,,,not_run,skipped,rule does not fit,
5,sparse_edit_or_object_completion,neighbor_fill_square_2_4,79847,,13.712132417507211,,,not_run,skipped,rule does not fit,
5,sparse_edit_or_object_completion,neighbor_fill_square_2_5,79847,,13.712132417507211,,,not_run,skipped,rule does not fit,
5,sparse_edit_or_object_completion,neighbor_fill_square_2_6,79847,,13.712132417507211,,,not_run,skipped,rule does not fit,
5,sparse_edit_or_object_completion,neighbor_fill_square_2_7,79847,,13.712132417507211,,,not_run,skipped,rule does not fit,
5,sparse_edit_or_object_completion,neighbor_fill_square_2_8,79847,,13.712132417507211,,,not_run,skipped,rule does not fit,
5,sparse_edit_or_object_completion,neighbor_fill_hline_3_1,79847,,13.712132417507211,,,not_run,skipped,rule does not fit,
5,sparse_edit_or_object_completion,neighbor_fill_hline_3_2,79847,,13.712132417507211,,,not_run,skipped,rule does not fit,
5,sparse_edit_or_object_completion,neighbor_fill_vline_3_1,79847,,13.712132417507211,,,not_run,skipped,rule does not fit,
5,sparse_edit_or_object_completion,neighbor_fill_vline_3_2,79847,,13.712132417507211,,,not_run,skipped,rule does not fit,
5,sparse_edit_or_object_completion,neighbor_fill_cross_3_1,79847,,13.712132417507211,,,not_run,skipped,rule does not fit,
5,sparse_edit_or_object_completion,neighbor_fill_cross_3_2,79847,,13.712132417507211,,,not_run,skipped,rule does not fit,
5,sparse_edit_or_object_completion,neighbor_fill_cross_3_3,79847,,13.712132417507211,,,not_run,skipped,rule does not fit,
5,sparse_edit_or_object_completion,neighbor_fill_cross_3_4,79847,,13.712132417507211,,,not_run,skipped,rule does not fit,
5,sparse_edit_or_object_completion,neighbor_fill_square_3_1,79847,,13.712132417507211,,,not_run,skipped,rule does not fit,
5,sparse_edit_or_object_completion,neighbor_fill_square_3_2,79847,,13.712132417507211,,,not_run,skipped,rule does not fit,
5,sparse_edit_or_object_completion,neighbor_fill_square_3_3,79847,,13.712132417507211,,,not_run,skipped,rule does not fit,
5,sparse_edit_or_object_completion,neighbor_fill_square_3_4,79847,,13.712132417507211,,,not_run,skipped,rule does not fit,
5,sparse_edit_or_object_completion,neighbor_fill_square_3_5,79847,,13.712132417507211,,,not_run,skipped,rule does not fit,
5,sparse_edit_or_object_completion,neighbor_fill_square_3_6,79847,,13.712132417507211,,,not_run,skipped,rule does not fit,
5,sparse_edit_or_object_completion,neighbor_fill_square_3_7,79847,,13.712132417507211,,,not_run,skipped,rule does not fit,
5,sparse_edit_or_object_completion,neighbor_fill_square_3_8,79847,,13.712132417507211,,,not_run,skipped,rule does not fit,
5,sparse_edit_or_object_completion,neighbor_fill_hline_4_1,79847,,13.712132417507211,,,not_run,skipped,rule does not fit,
5,sparse_edit_or_object_completion,neighbor_fill_hline_4_2,79847,,13.712132417507211,,,not_run,skipped,rule does not fit,
5,sparse_edit_or_object_completion,neighbor_fill_vline_4_1,79847,,13.712132417507211,,,not_run,skipped,rule does not fit,
5,sparse_edit_or_object_completion,neighbor_fill_vline_4_2,79847,,13.712132417507211,,,not_run,skipped,rule does not fit,
5,sparse_edit_or_object_completion,neighbor_fill_cross_4_1,79847,,13.712132417507211,,,not_run,skipped,rule does not fit,
5,sparse_edit_or_object_completion,neighbor_fill_cross_4_2,79847,,13.712132417507211,,,not_run,skipped,rule does not fit,
5,sparse_edit_or_object_completion,neighbor_fill_cross_4_3,79847,,13.712132417507211,,,not_run,skipped,rule does not fit,
5,sparse_edit_or_object_completion,neighbor_fill_cross_4_4,79847,,13.712132417507211,,,not_run,skipped,rule does not fit,
5,sparse_edit_or_object_completion,neighbor_fill_square_4_1,79847,,13.712132417507211,,,not_run,skipped,rule does not fit,
5,sparse_edit_or_object_completion,neighbor_fill_square_4_2,79847,,13.712132417507211,,,not_run,skipped,rule does not fit,
5,sparse_edit_or_object_completion,neighbor_fill_square_4_3,79847,,13.712132417507211,,,not_run,skipped,rule does not fit,
5,sparse_edit_or_object_completion,neighbor_fill_square_4_4,79847,,13.712132417507211,,,not_run,skipped,rule does not fit,
5,sparse_edit_or_object_completion,neighbor_fill_square_4_5,79847,,13.712132417507211,,,not_run,skipped,rule does not fit,
5,sparse_edit_or_object_completion,neighbor_fill_square_4_6,79847,,13.712132417507211,,,not_run,skipped,rule does not fit,
5,sparse_edit_or_object_completion,neighbor_fill_square_4_7,79847,,13.712132417507211,,,not_run,skipped,rule does not fit,
5,sparse_edit_or_object_completion,neighbor_fill_square_4_8,79847,,13.712132417507211,,,not_run,skipped,rule does not fit,
5,sparse_edit_or_object_completion,neighbor_fill_hline_5_1,79847,,13.712132417507211,,,not_run,skipped,rule does not fit,
5,sparse_edit_or_object_completion,neighbor_fill_hline_5_2,79847,,13.712132417507211,,,not_run,skipped,rule does not fit,
5,sparse_edit_or_object_completion,neighbor_fill_vline_5_1,79847,,13.712132417507211,,,not_run,skipped,rule does not fit,
5,sparse_edit_or_object_completion,neighbor_fill_vline_5_2,79847,,13.712132417507211,,,not_run,skipped,rule does not fit,
5,sparse_edit_or_object_completion,neighbor_fill_cross_5_1,79847,,13.712132417507211,,,not_run,skipped,rule does not fit,
5,sparse_edit_or_object_completion,neighbor_fill_cross_5_2,79847,,13.712132417507211,,,not_run,skipped,rule does not fit,
5,sparse_edit_or_object_completion,neighbor_fill_cross_5_3,79847,,13.712132417507211,,,not_run,skipped,rule does not fit,
5,sparse_edit_or_object_completion,neighbor_fill_cross_5_4,79847,,13.712132417507211,,,not_run,skipped,rule does not fit,
5,sparse_edit_or_object_completion,neighbor_fill_square_5_1,79847,,13.712132417507211,,,not_run,skipped,rule does not fit,
5,sparse_edit_or_object_completion,neighbor_fill_square_5_2,79847,,13.712132417507211,,,not_run,skipped,rule does not fit,
5,sparse_edit_or_object_completion,neighbor_fill_square_5_3,79847,,13.712132417507211,,,not_run,skipped,rule does not fit,
5,sparse_edit_or_object_completion,neighbor_fill_square_5_4,79847,,13.712132417507211,,,not_run,skipped,rule does not fit,
5,sparse_edit_or_object_completion,neighbor_fill_square_5_5,79847,,13.712132417507211,,,not_run,skipped,rule does not fit,
5,sparse_edit_or_object_completion,neighbor_fill_square_5_6,79847,,13.712132417507211,,,not_run,skipped,rule does not fit,
5,sparse_edit_or_object_completion,neighbor_fill_square_5_7,79847,,13.712132417507211,,,not_run,skipped,rule does not fit,
5,sparse_edit_or_object_completion,neighbor_fill_square_5_8,79847,,13.712132417507211,,,not_run,skipped,rule does not fit,
5,sparse_edit_or_object_completion,neighbor_fill_hline_6_1,79847,,13.712132417507211,,,not_run,skipped,rule does not fit,
5,sparse_edit_or_object_completion,neighbor_fill_hline_6_2,79847,,13.712132417507211,,,not_run,skipped,rule does not fit,
5,sparse_edit_or_object_completion,neighbor_fill_vline_6_1,79847,,13.712132417507211,,,not_run,skipped,rule does not fit,
5,sparse_edit_or_object_completion,neighbor_fill_vline_6_2,79847,,13.712132417507211,,,not_run,skipped,rule does not fit,
5,sparse_edit_or_object_completion,neighbor_fill_cross_6_1,79847,,13.712132417507211,,,not_run,skipped,rule does not fit,
5,sparse_edit_or_object_completion,neighbor_fill_cross_6_2,79847,,13.712132417507211,,,not_run,skipped,rule does not fit,
5,sparse_edit_or_object_completion,neighbor_fill_cross_6_3,79847,,13.712132417507211,,,not_run,skipped,rule does not fit,
5,sparse_edit_or_object_completion,neighbor_fill_cross_6_4,79847,,13.712132417507211,,,not_run,skipped,rule does not fit,
5,sparse_edit_or_object_completion,neighbor_fill_square_6_1,79847,,13.712132417507211,,,not_run,skipped,rule does not fit,
5,sparse_edit_or_object_completion,neighbor_fill_square_6_2,79847,,13.712132417507211,,,not_run,skipped,rule does not fit,
5,sparse_edit_or_object_completion,neighbor_fill_square_6_3,79847,,13.712132417507211,,,not_run,skipped,rule does not fit,
5,sparse_edit_or_object_completion,neighbor_fill_square_6_4,79847,,13.712132417507211,,,not_run,skipped,rule does not fit,
5,sparse_edit_or_object_completion,neighbor_fill_square_6_5,79847,,13.712132417507211,,,not_run,skipped,rule does not fit,
5,sparse_edit_or_object_completion,neighbor_fill_square_6_6,79847,,13.712132417507211,,,not_run,skipped,rule does not fit,
5,sparse_edit_or_object_completion,neighbor_fill_square_6_7,79847,,13.712132417507211,,,not_run,skipped,rule does not fit,
5,sparse_edit_or_object_completion,neighbor_fill_square_6_8,79847,,13.712132417507211,,,not_run,skipped,rule does not fit,
5,sparse_edit_or_object_completion,neighbor_fill_hline_7_1,79847,,13.712132417507211,,,not_run,skipped,rule does not fit,
5,sparse_edit_or_object_completion,neighbor_fill_hline_7_2,79847,,13.712132417507211,,,not_run,skipped,rule does not fit,
5,sparse_edit_or_object_completion,neighbor_fill_vline_7_1,79847,,13.712132417507211,,,not_run,skipped,rule does not fit,
5,sparse_edit_or_object_completion,neighbor_fill_vline_7_2,79847,,13.712132417507211,,,not_run,skipped,rule does not fit,
5,sparse_edit_or_object_completion,neighbor_fill_cross_7_1,79847,,13.712132417507211,,,not_run,skipped,rule does not fit,
5,sparse_edit_or_object_completion,neighbor_fill_cross_7_2,79847,,13.712132417507211,,,not_run,skipped,rule does not fit,
5,sparse_edit_or_object_completion,neighbor_fill_cross_7_3,79847,,13.712132417507211,,,not_run,skipped,rule does not fit,
5,sparse_edit_or_object_completion,neighbor_fill_cross_7_4,79847,,13.712132417507211,,,not_run,skipped,rule does not fit,
5,sparse_edit_or_object_completion,neighbor_fill_square_7_1,79847,,13.712132417507211,,,not_run,skipped,rule does not fit,
5,sparse_edit_or_object_completion,neighbor_fill_square_7_2,79847,,13.712132417507211,,,not_run,skipped,rule does not fit,
5,sparse_edit_or_object_completion,neighbor_fill_square_7_3,79847,,13.712132417507211,,,not_run,skipped,rule does not fit,
5,sparse_edit_or_object_completion,neighbor_fill_square_7_4,79847,,13.712132417507211,,,not_run,skipped,rule does not fit,
5,sparse_edit_or_object_completion,neighbor_fill_square_7_5,79847,,13.712132417507211,,,not_run,skipped,rule does not fit,
5,sparse_edit_or_object_completion,neighbor_fill_square_7_6,79847,,13.712132417507211,,,not_run,skipped,rule does not fit,
5,sparse_edit_or_object_completion,neighbor_fill_square_7_7,79847,,13.712132417507211,,,not_run,skipped,rule does not fit,
5,sparse_edit_or_object_completion,neighbor_fill_square_7_8,79847,,13.712132417507211,,,not_run,skipped,rule does not fit,
5,sparse_edit_or_object_completion,neighbor_fill_hline_8_1,79847,,13.712132417507211,,,not_run,skipped,rule does not fit,
5,sparse_edit_or_object_completion,neighbor_fill_hline_8_2,79847,,13.712132417507211,,,not_run,skipped,rule does not fit,
5,sparse_edit_or_object_completion,neighbor_fill_vline_8_1,79847,,13.712132417507211,,,not_run,skipped,rule does not fit,
5,sparse_edit_or_object_completion,neighbor_fill_vline_8_2,79847,,13.712132417507211,,,not_run,skipped,rule does not fit,
5,sparse_edit_or_object_completion,neighbor_fill_cross_8_1,79847,,13.712132417507211,,,not_run,skipped,rule does not fit,
5,sparse_edit_or_object_completion,neighbor_fill_cross_8_2,79847,,13.712132417507211,,,not_run,skipped,rule does not fit,
5,sparse_edit_or_object_completion,neighbor_fill_cross_8_3,79847,,13.712132417507211,,,not_run,skipped,rule does not fit,
5,sparse_edit_or_object_completion,neighbor_fill_cross_8_4,79847,,13.712132417507211,,,not_run,skipped,rule does not fit,
5,sparse_edit_or_object_completion,neighbor_fill_square_8_1,79847,,13.712132417507211,,,not_run,skipped,rule does not fit,
5,sparse_edit_or_object_completion,neighbor_fill_square_8_2,79847,,13.712132417507211,,,not_run,skipped,rule does not fit,
5,sparse_edit_or_object_completion,neighbor_fill_square_8_3,79847,,13.712132417507211,,,not_run,skipped,rule does not fit,
5,sparse_edit_or_object_completion,neighbor_fill_square_8_4,79847,,13.712132417507211,,,not_run,skipped,rule does not fit,
5,sparse_edit_or_object_completion,neighbor_fill_square_8_5,79847,,13.712132417507211,,,not_run,skipped,rule does not fit,
5,sparse_edit_or_object_completion,neighbor_fill_square_8_6,79847,,13.712132417507211,,,not_run,skipped,rule does not fit,
5,sparse_edit_or_object_completion,neighbor_fill_square_8_7,79847,,13.712132417507211,,,not_run,skipped,rule does not fit,
5,sparse_edit_or_object_completion,neighbor_fill_square_8_8,79847,,13.712132417507211,,,not_run,skipped,rule does not fit,
5,sparse_edit_or_object_completion,neighbor_fill_hline_9_1,79847,,13.712132417507211,,,not_run,skipped,rule does not fit,
5,sparse_edit_or_object_completion,neighbor_fill_hline_9_2,79847,,13.712132417507211,,,not_run,skipped,rule does not fit,
5,sparse_edit_or_object_completion,neighbor_fill_vline_9_1,79847,,13.712132417507211,,,not_run,skipped,rule does not fit,
5,sparse_edit_or_object_completion,neighbor_fill_vline_9_2,79847,,13.712132417507211,,,not_run,skipped,rule does not fit,
5,sparse_edit_or_object_completion,neighbor_fill_cross_9_1,79847,,13.712132417507211,,,not_run,skipped,rule does not fit,
5,sparse_edit_or_object_completion,neighbor_fill_cross_9_2,79847,,13.712132417507211,,,not_run,skipped,rule does not fit,
5,sparse_edit_or_object_completion,neighbor_fill_cross_9_3,79847,,13.712132417507211,,,not_run,skipped,rule does not fit,
5,sparse_edit_or_object_completion,neighbor_fill_cross_9_4,79847,,13.712132417507211,,,not_run,skipped,rule does not fit,
5,sparse_edit_or_object_completion,neighbor_fill_square_9_1,79847,,13.712132417507211,,,not_run,skipped,rule does not fit,
5,sparse_edit_or_object_completion,neighbor_fill_square_9_2,79847,,13.712132417507211,,,not_run,skipped,rule does not fit,
5,sparse_edit_or_object_completion,neighbor_fill_square_9_3,79847,,13.712132417507211,,,not_run,skipped,rule does not fit,
5,sparse_edit_or_object_completion,neighbor_fill_square_9_4,79847,,13.712132417507211,,,not_run,skipped,rule does not fit,
5,sparse_edit_or_object_completion,neighbor_fill_square_9_5,79847,,13.712132417507211,,,not_run,skipped,rule does not fit,
5,sparse_edit_or_object_completion,neighbor_fill_square_9_6,79847,,13.712132417507211,,,not_run,skipped,rule does not fit,
5,sparse_edit_or_object_completion,neighbor_fill_square_9_7,79847,,13.712132417507211,,,not_run,skipped,rule does not fit,
5,sparse_edit_or_object_completion,neighbor_fill_square_9_8,79847,,13.712132417507211,,,not_run,skipped,rule does not fit,
281,sparse_edit_or_object_completion,signature_scatternd_lookup,79812,18844,13.712570851927579,15.156050160180069,43620,24_pass_0_fail,improved,ok,d9370bcf189e158d7067f2b644a6cdaac454892c858e423a8c3be60e6c9c90ec
281,sparse_edit_or_object_completion,direct_identity,79812,,13.712570851927579,,,not_run,skipped,not identity,
281,sparse_edit_or_object_completion,conv_color_map,79812,,13.712570851927579,,,not_run,skipped,conflicting color map,
281,sparse_edit_or_object_completion,fixed_mask_where,79812,,13.712570851927579,,,not_run,skipped,fixed edit conflict,
281,sparse_edit_or_object_completion,neighbor_fill_hline_1_1,79812,,13.712570851927579,,,not_run,skipped,rule does not fit,
281,sparse_edit_or_object_completion,neighbor_fill_hline_1_2,79812,,13.712570851927579,,,not_run,skipped,rule does not fit,
281,sparse_edit_or_object_completion,neighbor_fill_vline_1_1,79812,,13.712570851927579,,,not_run,skipped,rule does not fit,
281,sparse_edit_or_object_completion,neighbor_fill_vline_1_2,79812,,13.712570851927579,,,not_run,skipped,rule does not fit,
281,sparse_edit_or_object_completion,neighbor_fill_cross_1_1,79812,,13.712570851927579,,,not_run,skipped,rule does not fit,
281,sparse_edit_or_object_completion,neighbor_fill_cross_1_2,79812,,13.712570851927579,,,not_run,skipped,rule does not fit,
281,sparse_edit_or_object_completion,neighbor_fill_cross_1_3,79812,,13.712570851927579,,,not_run,skipped,rule does not fit,
281,sparse_edit_or_object_completion,neighbor_fill_cross_1_4,79812,,13.712570851927579,,,not_run,skipped,rule does not fit,
281,sparse_edit_or_object_completion,neighbor_fill_square_1_1,79812,,13.712570851927579,,,not_run,skipped,rule does not fit,
281,sparse_edit_or_object_completion,neighbor_fill_square_1_2,79812,,13.712570851927579,,,not_run,skipped,rule does not fit,
281,sparse_edit_or_object_completion,neighbor_fill_square_1_3,79812,,13.712570851927579,,,not_run,skipped,rule does not fit,
281,sparse_edit_or_object_completion,neighbor_fill_square_1_4,79812,,13.712570851927579,,,not_run,skipped,rule does not fit,
281,sparse_edit_or_object_completion,neighbor_fill_square_1_5,79812,,13.712570851927579,,,not_run,skipped,rule does not fit,
281,sparse_edit_or_object_completion,neighbor_fill_square_1_6,79812,,13.712570851927579,,,not_run,skipped,rule does not fit,
281,sparse_edit_or_object_completion,neighbor_fill_square_1_7,79812,,13.712570851927579,,,not_run,skipped,rule does not fit,
281,sparse_edit_or_object_completion,neighbor_fill_square_1_8,79812,,13.712570851927579,,,not_run,skipped,rule does not fit,
281,sparse_edit_or_object_completion,neighbor_fill_hline_2_1,79812,,13.712570851927579,,,not_run,skipped,rule does not fit,
281,sparse_edit_or_object_completion,neighbor_fill_hline_2_2,79812,,13.712570851927579,,,not_run,skipped,rule does not fit,
281,sparse_edit_or_object_completion,neighbor_fill_vline_2_1,79812,,13.712570851927579,,,not_run,skipped,rule does not fit,
281,sparse_edit_or_object_completion,neighbor_fill_vline_2_2,79812,,13.712570851927579,,,not_run,skipped,rule does not fit,
281,sparse_edit_or_object_completion,neighbor_fill_cross_2_1,79812,,13.712570851927579,,,not_run,skipped,rule does not fit,
281,sparse_edit_or_object_completion,neighbor_fill_cross_2_2,79812,,13.712570851927579,,,not_run,skipped,rule does not fit,
281,sparse_edit_or_object_completion,neighbor_fill_cross_2_3,79812,,13.712570851927579,,,not_run,skipped,rule does not fit,
281,sparse_edit_or_object_completion,neighbor_fill_cross_2_4,79812,,13.712570851927579,,,not_run,skipped,rule does not fit,
281,sparse_edit_or_object_completion,neighbor_fill_square_2_1,79812,,13.712570851927579,,,not_run,skipped,rule does not fit,
281,sparse_edit_or_object_completion,neighbor_fill_square_2_2,79812,,13.712570851927579,,,not_run,skipped,rule does not fit,
281,sparse_edit_or_object_completion,neighbor_fill_square_2_3,79812,,13.712570851927579,,,not_run,skipped,rule does not fit,
281,sparse_edit_or_object_completion,neighbor_fill_square_2_4,79812,,13.712570851927579,,,not_run,skipped,rule does not fit,
281,sparse_edit_or_object_completion,neighbor_fill_square_2_5,79812,,13.712570851927579,,,not_run,skipped,rule does not fit,
281,sparse_edit_or_object_completion,neighbor_fill_square_2_6,79812,,13.712570851927579,,,not_run,skipped,rule does not fit,
281,sparse_edit_or_object_completion,neighbor_fill_square_2_7,79812,,13.712570851927579,,,not_run,skipped,rule does not fit,
281,sparse_edit_or_object_completion,neighbor_fill_square_2_8,79812,,13.712570851927579,,,not_run,skipped,rule does not fit,
281,sparse_edit_or_object_completion,neighbor_fill_hline_3_1,79812,,13.712570851927579,,,not_run,skipped,rule does not fit,
281,sparse_edit_or_object_completion,neighbor_fill_hline_3_2,79812,,13.712570851927579,,,not_run,skipped,rule does not fit,
281,sparse_edit_or_object_completion,neighbor_fill_vline_3_1,79812,,13.712570851927579,,,not_run,skipped,rule does not fit,
281,sparse_edit_or_object_completion,neighbor_fill_vline_3_2,79812,,13.712570851927579,,,not_run,skipped,rule does not fit,
281,sparse_edit_or_object_completion,neighbor_fill_cross_3_1,79812,,13.712570851927579,,,not_run,skipped,rule does not fit,
281,sparse_edit_or_object_completion,neighbor_fill_cross_3_2,79812,,13.712570851927579,,,not_run,skipped,rule does not fit,
281,sparse_edit_or_object_completion,neighbor_fill_cross_3_3,79812,,13.712570851927579,,,not_run,skipped,rule does not fit,
281,sparse_edit_or_object_completion,neighbor_fill_cross_3_4,79812,,13.712570851927579,,,not_run,skipped,rule does not fit,
281,sparse_edit_or_object_completion,neighbor_fill_square_3_1,79812,,13.712570851927579,,,not_run,skipped,rule does not fit,
281,sparse_edit_or_object_completion,neighbor_fill_square_3_2,79812,,13.712570851927579,,,not_run,skipped,rule does not fit,
281,sparse_edit_or_object_completion,neighbor_fill_square_3_3,79812,,13.712570851927579,,,not_run,skipped,rule does not fit,
281,sparse_edit_or_object_completion,neighbor_fill_square_3_4,79812,,13.712570851927579,,,not_run,skipped,rule does not fit,
281,sparse_edit_or_object_completion,neighbor_fill_square_3_5,79812,,13.712570851927579,,,not_run,skipped,rule does not fit,
281,sparse_edit_or_object_completion,neighbor_fill_square_3_6,79812,,13.712570851927579,,,not_run,skipped,rule does not fit,
281,sparse_edit_or_object_completion,neighbor_fill_square_3_7,79812,,13.712570851927579,,,not_run,skipped,rule does not fit,
281,sparse_edit_or_object_completion,neighbor_fill_square_3_8,79812,,13.712570851927579,,,not_run,skipped,rule does not fit,
281,sparse_edit_or_object_completion,neighbor_fill_hline_4_1,79812,,13.712570851927579,,,not_run,skipped,rule does not fit,
281,sparse_edit_or_object_completion,neighbor_fill_hline_4_2,79812,,13.712570851927579,,,not_run,skipped,rule does not fit,
281,sparse_edit_or_object_completion,neighbor_fill_vline_4_1,79812,,13.712570851927579,,,not_run,skipped,rule does not fit,
281,sparse_edit_or_object_completion,neighbor_fill_vline_4_2,79812,,13.712570851927579,,,not_run,skipped,rule does not fit,
281,sparse_edit_or_object_completion,neighbor_fill_cross_4_1,79812,,13.712570851927579,,,not_run,skipped,rule does not fit,
281,sparse_edit_or_object_completion,neighbor_fill_cross_4_2,79812,,13.712570851927579,,,not_run,skipped,rule does not fit,
281,sparse_edit_or_object_completion,neighbor_fill_cross_4_3,79812,,13.712570851927579,,,not_run,skipped,rule does not fit,
281,sparse_edit_or_object_completion,neighbor_fill_cross_4_4,79812,,13.712570851927579,,,not_run,skipped,rule does not fit,
281,sparse_edit_or_object_completion,neighbor_fill_square_4_1,79812,,13.712570851927579,,,not_run,skipped,rule does not fit,
281,sparse_edit_or_object_completion,neighbor_fill_square_4_2,79812,,13.712570851927579,,,not_run,skipped,rule does not fit,
281,sparse_edit_or_object_completion,neighbor_fill_square_4_3,79812,,13.712570851927579,,,not_run,skipped,rule does not fit,
281,sparse_edit_or_object_completion,neighbor_fill_square_4_4,79812,,13.712570851927579,,,not_run,skipped,rule does not fit,
281,sparse_edit_or_object_completion,neighbor_fill_square_4_5,79812,,13.712570851927579,,,not_run,skipped,rule does not fit,
281,sparse_edit_or_object_completion,neighbor_fill_square_4_6,79812,,13.712570851927579,,,not_run,skipped,rule does not fit,
281,sparse_edit_or_object_completion,neighbor_fill_square_4_7,79812,,13.712570851927579,,,not_run,skipped,rule does not fit,
281,sparse_edit_or_object_completion,neighbor_fill_square_4_8,79812,,13.712570851927579,,,not_run,skipped,rule does not fit,
281,sparse_edit_or_object_completion,neighbor_fill_hline_5_1,79812,,13.712570851927579,,,not_run,skipped,rule does not fit,
281,sparse_edit_or_object_completion,neighbor_fill_hline_5_2,79812,,13.712570851927579,,,not_run,skipped,rule does not fit,
281,sparse_edit_or_object_completion,neighbor_fill_vline_5_1,79812,,13.712570851927579,,,not_run,skipped,rule does not fit,
281,sparse_edit_or_object_completion,neighbor_fill_vline_5_2,79812,,13.712570851927579,,,not_run,skipped,rule does not fit,
281,sparse_edit_or_object_completion,neighbor_fill_cross_5_1,79812,,13.712570851927579,,,not_run,skipped,rule does not fit,
281,sparse_edit_or_object_completion,neighbor_fill_cross_5_2,79812,,13.712570851927579,,,not_run,skipped,rule does not fit,
281,sparse_edit_or_object_completion,neighbor_fill_cross_5_3,79812,,13.712570851927579,,,not_run,skipped,rule does not fit,
281,sparse_edit_or_object_completion,neighbor_fill_cross_5_4,79812,,13.712570851927579,,,not_run,skipped,rule does not fit,
281,sparse_edit_or_object_completion,neighbor_fill_square_5_1,79812,,13.712570851927579,,,not_run,skipped,rule does not fit,
281,sparse_edit_or_object_completion,neighbor_fill_square_5_2,79812,,13.712570851927579,,,not_run,skipped,rule does not fit,
281,sparse_edit_or_object_completion,neighbor_fill_square_5_3,79812,,13.712570851927579,,,not_run,skipped,rule does not fit,
281,sparse_edit_or_object_completion,neighbor_fill_square_5_4,79812,,13.712570851927579,,,not_run,skipped,rule does not fit,
281,sparse_edit_or_object_completion,neighbor_fill_square_5_5,79812,,13.712570851927579,,,not_run,skipped,rule does not fit,
281,sparse_edit_or_object_completion,neighbor_fill_square_5_6,79812,,13.712570851927579,,,not_run,skipped,rule does not fit,
281,sparse_edit_or_object_completion,neighbor_fill_square_5_7,79812,,13.712570851927579,,,not_run,skipped,rule does not fit,
281,sparse_edit_or_object_completion,neighbor_fill_square_5_8,79812,,13.712570851927579,,,not_run,skipped,rule does not fit,
281,sparse_edit_or_object_completion,neighbor_fill_hline_6_1,79812,,13.712570851927579,,,not_run,skipped,rule does not fit,
281,sparse_edit_or_object_completion,neighbor_fill_hline_6_2,79812,,13.712570851927579,,,not_run,skipped,rule does not fit,
281,sparse_edit_or_object_completion,neighbor_fill_vline_6_1,79812,,13.712570851927579,,,not_run,skipped,rule does not fit,
281,sparse_edit_or_object_completion,neighbor_fill_vline_6_2,79812,,13.712570851927579,,,not_run,skipped,rule does not fit,
281,sparse_edit_or_object_completion,neighbor_fill_cross_6_1,79812,,13.712570851927579,,,not_run,skipped,rule does not fit,
281,sparse_edit_or_object_completion,neighbor_fill_cross_6_2,79812,,13.712570851927579,,,not_run,skipped,rule does not fit,
281,sparse_edit_or_object_completion,neighbor_fill_cross_6_3,79812,,13.712570851927579,,,not_run,skipped,rule does not fit,
281,sparse_edit_or_object_completion,neighbor_fill_cross_6_4,79812,,13.712570851927579,,,not_run,skipped,rule does not fit,
281,sparse_edit_or_object_completion,neighbor_fill_square_6_1,79812,,13.712570851927579,,,not_run,skipped,rule does not fit,
281,sparse_edit_or_object_completion,neighbor_fill_square_6_2,79812,,13.712570851927579,,,not_run,skipped,rule does not fit,
281,sparse_edit_or_object_completion,neighbor_fill_square_6_3,79812,,13.712570851927579,,,not_run,skipped,rule does not fit,
281,sparse_edit_or_object_completion,neighbor_fill_square_6_4,79812,,13.712570851927579,,,not_run,skipped,rule does not fit,
281,sparse_edit_or_object_completion,neighbor_fill_square_6_5,79812,,13.712570851927579,,,not_run,skipped,rule does not fit,
281,sparse_edit_or_object_completion,neighbor_fill_square_6_6,79812,,13.712570851927579,,,not_run,skipped,rule does not fit,
281,sparse_edit_or_object_completion,neighbor_fill_square_6_7,79812,,13.712570851927579,,,not_run,skipped,rule does not fit,
281,sparse_edit_or_object_completion,neighbor_fill_square_6_8,79812,,13.712570851927579,,,not_run,skipped,rule does not fit,
281,sparse_edit_or_object_completion,neighbor_fill_hline_7_1,79812,,13.712570851927579,,,not_run,skipped,rule does not fit,
281,sparse_edit_or_object_completion,neighbor_fill_hline_7_2,79812,,13.712570851927579,,,not_run,skipped,rule does not fit,
281,sparse_edit_or_object_completion,neighbor_fill_vline_7_1,79812,,13.712570851927579,,,not_run,skipped,rule does not fit,
281,sparse_edit_or_object_completion,neighbor_fill_vline_7_2,79812,,13.712570851927579,,,not_run,skipped,rule does not fit,
281,sparse_edit_or_object_completion,neighbor_fill_cross_7_1,79812,,13.712570851927579,,,not_run,skipped,rule does not fit,
281,sparse_edit_or_object_completion,neighbor_fill_cross_7_2,79812,,13.712570851927579,,,not_run,skipped,rule does not fit,
281,sparse_edit_or_object_completion,neighbor_fill_cross_7_3,79812,,13.712570851927579,,,not_run,skipped,rule does not fit,
281,sparse_edit_or_object_completion,neighbor_fill_cross_7_4,79812,,13.712570851927579,,,not_run,skipped,rule does not fit,
281,sparse_edit_or_object_completion,neighbor_fill_square_7_1,79812,,13.712570851927579,,,not_run,skipped,rule does not fit,
281,sparse_edit_or_object_completion,neighbor_fill_square_7_2,79812,,13.712570851927579,,,not_run,skipped,rule does not fit,
281,sparse_edit_or_object_completion,neighbor_fill_square_7_3,79812,,13.712570851927579,,,not_run,skipped,rule does not fit,
281,sparse_edit_or_object_completion,neighbor_fill_square_7_4,79812,,13.712570851927579,,,not_run,skipped,rule does not fit,
281,sparse_edit_or_object_completion,neighbor_fill_square_7_5,79812,,13.712570851927579,,,not_run,skipped,rule does not fit,
281,sparse_edit_or_object_completion,neighbor_fill_square_7_6,79812,,13.712570851927579,,,not_run,skipped,rule does not fit,
281,sparse_edit_or_object_completion,neighbor_fill_square_7_7,79812,,13.712570851927579,,,not_run,skipped,rule does not fit,
281,sparse_edit_or_object_completion,neighbor_fill_square_7_8,79812,,13.712570851927579,,,not_run,skipped,rule does not fit,
281,sparse_edit_or_object_completion,neighbor_fill_hline_9_1,79812,,13.712570851927579,,,not_run,skipped,rule does not fit,
281,sparse_edit_or_object_completion,neighbor_fill_hline_9_2,79812,,13.712570851927579,,,not_run,skipped,rule does not fit,
281,sparse_edit_or_object_completion,neighbor_fill_vline_9_1,79812,,13.712570851927579,,,not_run,skipped,rule does not fit,
281,sparse_edit_or_object_completion,neighbor_fill_vline_9_2,79812,,13.712570851927579,,,not_run,skipped,rule does not fit,
281,sparse_edit_or_object_completion,neighbor_fill_cross_9_1,79812,,13.712570851927579,,,not_run,skipped,rule does not fit,
281,sparse_edit_or_object_completion,neighbor_fill_cross_9_2,79812,,13.712570851927579,,,not_run,skipped,rule does not fit,
281,sparse_edit_or_object_completion,neighbor_fill_cross_9_3,79812,,13.712570851927579,,,not_run,skipped,rule does not fit,
281,sparse_edit_or_object_completion,neighbor_fill_cross_9_4,79812,,13.712570851927579,,,not_run,skipped,rule does not fit,
281,sparse_edit_or_object_completion,neighbor_fill_square_9_1,79812,,13.712570851927579,,,not_run,skipped,rule does not fit,
281,sparse_edit_or_object_completion,neighbor_fill_square_9_2,79812,,13.712570851927579,,,not_run,skipped,rule does not fit,
281,sparse_edit_or_object_completion,neighbor_fill_square_9_3,79812,,13.712570851927579,,,not_run,skipped,rule does not fit,
281,sparse_edit_or_object_completion,neighbor_fill_square_9_4,79812,,13.712570851927579,,,not_run,skipped,rule does not fit,
281,sparse_edit_or_object_completion,neighbor_fill_square_9_5,79812,,13.712570851927579,,,not_run,skipped,rule does not fit,
281,sparse_edit_or_object_completion,neighbor_fill_square_9_6,79812,,13.712570851927579,,,not_run,skipped,rule does not fit,
281,sparse_edit_or_object_completion,neighbor_fill_square_9_7,79812,,13.712570851927579,,,not_run,skipped,rule does not fit,
281,sparse_edit_or_object_completion,neighbor_fill_square_9_8,79812,,13.712570851927579,,,not_run,skipped,rule does not fit,
69,sparse_edit_or_object_completion,signature_scatternd_lookup,79246,18264,13.719687782720406,15.187312811790369,42536,23_pass_0_fail,improved,ok,941aaa84d1b152455f119a0527fae8c9af2ee3b8aed210974897c03ad863d47f
69,sparse_edit_or_object_completion,direct_identity,79246,,13.719687782720406,,,not_run,skipped,not identity,
69,sparse_edit_or_object_completion,conv_color_map,79246,,13.719687782720406,,,not_run,skipped,conflicting color map,
69,sparse_edit_or_object_completion,fixed_mask_where,79246,,13.719687782720406,,,not_run,skipped,fixed edit conflict,
69,sparse_edit_or_object_completion,neighbor_fill_hline_0_1,79246,,13.719687782720406,,,not_run,skipped,rule does not fit,
69,sparse_edit_or_object_completion,neighbor_fill_hline_0_2,79246,,13.719687782720406,,,not_run,skipped,rule does not fit,
69,sparse_edit_or_object_completion,neighbor_fill_vline_0_1,79246,,13.719687782720406,,,not_run,skipped,rule does not fit,
69,sparse_edit_or_object_completion,neighbor_fill_vline_0_2,79246,,13.719687782720406,,,not_run,skipped,rule does not fit,
69,sparse_edit_or_object_completion,neighbor_fill_cross_0_1,79246,,13.719687782720406,,,not_run,skipped,rule does not fit,
69,sparse_edit_or_object_completion,neighbor_fill_cross_0_2,79246,,13.719687782720406,,,not_run,skipped,rule does not fit,
69,sparse_edit_or_object_completion,neighbor_fill_cross_0_3,79246,,13.719687782720406,,,not_run,skipped,rule does not fit,
69,sparse_edit_or_object_completion,neighbor_fill_cross_0_4,79246,,13.719687782720406,,,not_run,skipped,rule does not fit,
69,sparse_edit_or_object_completion,neighbor_fill_square_0_1,79246,,13.719687782720406,,,not_run,skipped,rule does not fit,
69,sparse_edit_or_object_completion,neighbor_fill_square_0_2,79246,,13.719687782720406,,,not_run,skipped,rule does not fit,
69,sparse_edit_or_object_completion,neighbor_fill_square_0_3,79246,,13.719687782720406,,,not_run,skipped,rule does not fit,
69,sparse_edit_or_object_completion,neighbor_fill_square_0_4,79246,,13.719687782720406,,,not_run,skipped,rule does not fit,
69,sparse_edit_or_object_completion,neighbor_fill_square_0_5,79246,,13.719687782720406,,,not_run,skipped,rule does not fit,
69,sparse_edit_or_object_completion,neighbor_fill_square_0_6,79246,,13.719687782720406,,,not_run,skipped,rule does not fit,
69,sparse_edit_or_object_completion,neighbor_fill_square_0_7,79246,,13.719687782720406,,,not_run,skipped,rule does not fit,
69,sparse_edit_or_object_completion,neighbor_fill_square_0_8,79246,,13.719687782720406,,,not_run,skipped,rule does not fit,
69,sparse_edit_or_object_completion,neighbor_fill_hline_1_1,79246,,13.719687782720406,,,not_run,skipped,rule does not fit,
69,sparse_edit_or_object_completion,neighbor_fill_hline_1_2,79246,,13.719687782720406,,,not_run,skipped,rule does not fit,
69,sparse_edit_or_object_completion,neighbor_fill_vline_1_1,79246,,13.719687782720406,,,not_run,skipped,rule does not fit,
69,sparse_edit_or_object_completion,neighbor_fill_vline_1_2,79246,,13.719687782720406,,,not_run,skipped,rule does not fit,
69,sparse_edit_or_object_completion,neighbor_fill_cross_1_1,79246,,13.719687782720406,,,not_run,skipped,rule does not fit,
69,sparse_edit_or_object_completion,neighbor_fill_cross_1_2,79246,,13.719687782720406,,,not_run,skipped,rule does not fit,
69,sparse_edit_or_object_completion,neighbor_fill_cross_1_3,79246,,13.719687782720406,,,not_run,skipped,rule does not fit,
69,sparse_edit_or_object_completion,neighbor_fill_cross_1_4,79246,,13.719687782720406,,,not_run,skipped,rule does not fit,
69,sparse_edit_or_object_completion,neighbor_fill_square_1_1,79246,,13.719687782720406,,,not_run,skipped,rule does not fit,
69,sparse_edit_or_object_completion,neighbor_fill_square_1_2,79246,,13.719687782720406,,,not_run,skipped,rule does not fit,
69,sparse_edit_or_object_completion,neighbor_fill_square_1_3,79246,,13.719687782720406,,,not_run,skipped,rule does not fit,
69,sparse_edit_or_object_completion,neighbor_fill_square_1_4,79246,,13.719687782720406,,,not_run,skipped,rule does not fit,
69,sparse_edit_or_object_completion,neighbor_fill_square_1_5,79246,,13.719687782720406,,,not_run,skipped,rule does not fit,
69,sparse_edit_or_object_completion,neighbor_fill_square_1_6,79246,,13.719687782720406,,,not_run,skipped,rule does not fit,
69,sparse_edit_or_object_completion,neighbor_fill_square_1_7,79246,,13.719687782720406,,,not_run,skipped,rule does not fit,
69,sparse_edit_or_object_completion,neighbor_fill_square_1_8,79246,,13.719687782720406,,,not_run,skipped,rule does not fit,
69,sparse_edit_or_object_completion,neighbor_fill_hline_2_1,79246,,13.719687782720406,,,not_run,skipped,rule does not fit,
69,sparse_edit_or_object_completion,neighbor_fill_hline_2_2,79246,,13.719687782720406,,,not_run,skipped,rule does not fit,
69,sparse_edit_or_object_completion,neighbor_fill_vline_2_1,79246,,13.719687782720406,,,not_run,skipped,rule does not fit,
69,sparse_edit_or_object_completion,neighbor_fill_vline_2_2,79246,,13.719687782720406,,,not_run,skipped,rule does not fit,
69,sparse_edit_or_object_completion,neighbor_fill_cross_2_1,79246,,13.719687782720406,,,not_run,skipped,rule does not fit,
69,sparse_edit_or_object_completion,neighbor_fill_cross_2_2,79246,,13.719687782720406,,,not_run,skipped,rule does not fit,
69,sparse_edit_or_object_completion,neighbor_fill_cross_2_3,79246,,13.719687782720406,,,not_run,skipped,rule does not fit,
69,sparse_edit_or_object_completion,neighbor_fill_cross_2_4,79246,,13.719687782720406,,,not_run,skipped,rule does not fit,
69,sparse_edit_or_object_completion,neighbor_fill_square_2_1,79246,,13.719687782720406,,,not_run,skipped,rule does not fit,
69,sparse_edit_or_object_completion,neighbor_fill_square_2_2,79246,,13.719687782720406,,,not_run,skipped,rule does not fit,
69,sparse_edit_or_object_completion,neighbor_fill_square_2_3,79246,,13.719687782720406,,,not_run,skipped,rule does not fit,
69,sparse_edit_or_object_completion,neighbor_fill_square_2_4,79246,,13.719687782720406,,,not_run,skipped,rule does not fit,
69,sparse_edit_or_object_completion,neighbor_fill_square_2_5,79246,,13.719687782720406,,,not_run,skipped,rule does not fit,
69,sparse_edit_or_object_completion,neighbor_fill_square_2_6,79246,,13.719687782720406,,,not_run,skipped,rule does not fit,
69,sparse_edit_or_object_completion,neighbor_fill_square_2_7,79246,,13.719687782720406,,,not_run,skipped,rule does not fit,
69,sparse_edit_or_object_completion,neighbor_fill_square_2_8,79246,,13.719687782720406,,,not_run,skipped,rule does not fit,
69,sparse_edit_or_object_completion,neighbor_fill_hline_3_1,79246,,13.719687782720406,,,not_run,skipped,rule does not fit,
69,sparse_edit_or_object_completion,neighbor_fill_hline_3_2,79246,,13.719687782720406,,,not_run,skipped,rule does not fit,
69,sparse_edit_or_object_completion,neighbor_fill_vline_3_1,79246,,13.719687782720406,,,not_run,skipped,rule does not fit,
69,sparse_edit_or_object_completion,neighbor_fill_vline_3_2,79246,,13.719687782720406,,,not_run,skipped,rule does not fit,
69,sparse_edit_or_object_completion,neighbor_fill_cross_3_1,79246,,13.719687782720406,,,not_run,skipped,rule does not fit,
69,sparse_edit_or_object_completion,neighbor_fill_cross_3_2,79246,,13.719687782720406,,,not_run,skipped,rule does not fit,
69,sparse_edit_or_object_completion,neighbor_fill_cross_3_3,79246,,13.719687782720406,,,not_run,skipped,rule does not fit,
69,sparse_edit_or_object_completion,neighbor_fill_cross_3_4,79246,,13.719687782720406,,,not_run,skipped,rule does not fit,
69,sparse_edit_or_object_completion,neighbor_fill_square_3_1,79246,,13.719687782720406,,,not_run,skipped,rule does not fit,
69,sparse_edit_or_object_completion,neighbor_fill_square_3_2,79246,,13.719687782720406,,,not_run,skipped,rule does not fit,
69,sparse_edit_or_object_completion,neighbor_fill_square_3_3,79246,,13.719687782720406,,,not_run,skipped,rule does not fit,
69,sparse_edit_or_object_completion,neighbor_fill_square_3_4,79246,,13.719687782720406,,,not_run,skipped,rule does not fit,
69,sparse_edit_or_object_completion,neighbor_fill_square_3_5,79246,,13.719687782720406,,,not_run,skipped,rule does not fit,
69,sparse_edit_or_object_completion,neighbor_fill_square_3_6,79246,,13.719687782720406,,,not_run,skipped,rule does not fit,
69,sparse_edit_or_object_completion,neighbor_fill_square_3_7,79246,,13.719687782720406,,,not_run,skipped,rule does not fit,
69,sparse_edit_or_object_completion,neighbor_fill_square_3_8,79246,,13.719687782720406,,,not_run,skipped,rule does not fit,
69,sparse_edit_or_object_completion,neighbor_fill_hline_4_1,79246,,13.719687782720406,,,not_run,skipped,rule does not fit,
69,sparse_edit_or_object_completion,neighbor_fill_hline_4_2,79246,,13.719687782720406,,,not_run,skipped,rule does not fit,
69,sparse_edit_or_object_completion,neighbor_fill_vline_4_1,79246,,13.719687782720406,,,not_run,skipped,rule does not fit,
69,sparse_edit_or_object_completion,neighbor_fill_vline_4_2,79246,,13.719687782720406,,,not_run,skipped,rule does not fit,
69,sparse_edit_or_object_completion,neighbor_fill_cross_4_1,79246,,13.719687782720406,,,not_run,skipped,rule does not fit,
69,sparse_edit_or_object_completion,neighbor_fill_cross_4_2,79246,,13.719687782720406,,,not_run,skipped,rule does not fit,
69,sparse_edit_or_object_completion,neighbor_fill_cross_4_3,79246,,13.719687782720406,,,not_run,skipped,rule does not fit,
69,sparse_edit_or_object_completion,neighbor_fill_cross_4_4,79246,,13.719687782720406,,,not_run,skipped,rule does not fit,
69,sparse_edit_or_object_completion,neighbor_fill_square_4_1,79246,,13.719687782720406,,,not_run,skipped,rule does not fit,
69,sparse_edit_or_object_completion,neighbor_fill_square_4_2,79246,,13.719687782720406,,,not_run,skipped,rule does not fit,
69,sparse_edit_or_object_completion,neighbor_fill_square_4_3,79246,,13.719687782720406,,,not_run,skipped,rule does not fit,
69,sparse_edit_or_object_completion,neighbor_fill_square_4_4,79246,,13.719687782720406,,,not_run,skipped,rule does not fit,
69,sparse_edit_or_object_completion,neighbor_fill_square_4_5,79246,,13.719687782720406,,,not_run,skipped,rule does not fit,
69,sparse_edit_or_object_completion,neighbor_fill_square_4_6,79246,,13.719687782720406,,,not_run,skipped,rule does not fit,
69,sparse_edit_or_object_completion,neighbor_fill_square_4_7,79246,,13.719687782720406,,,not_run,skipped,rule does not fit,
69,sparse_edit_or_object_completion,neighbor_fill_square_4_8,79246,,13.719687782720406,,,not_run,skipped,rule does not fit,
69,sparse_edit_or_object_completion,neighbor_fill_hline_5_1,79246,,13.719687782720406,,,not_run,skipped,rule does not fit,
69,sparse_edit_or_object_completion,neighbor_fill_hline_5_2,79246,,13.719687782720406,,,not_run,skipped,rule does not fit,
69,sparse_edit_or_object_completion,neighbor_fill_vline_5_1,79246,,13.719687782720406,,,not_run,skipped,rule does not fit,
69,sparse_edit_or_object_completion,neighbor_fill_vline_5_2,79246,,13.719687782720406,,,not_run,skipped,rule does not fit,
69,sparse_edit_or_object_completion,neighbor_fill_cross_5_1,79246,,13.719687782720406,,,not_run,skipped,rule does not fit,
69,sparse_edit_or_object_completion,neighbor_fill_cross_5_2,79246,,13.719687782720406,,,not_run,skipped,rule does not fit,
69,sparse_edit_or_object_completion,neighbor_fill_cross_5_3,79246,,13.719687782720406,,,not_run,skipped,rule does not fit,
69,sparse_edit_or_object_completion,neighbor_fill_cross_5_4,79246,,13.719687782720406,,,not_run,skipped,rule does not fit,
69,sparse_edit_or_object_completion,neighbor_fill_square_5_1,79246,,13.719687782720406,,,not_run,skipped,rule does not fit,
69,sparse_edit_or_object_completion,neighbor_fill_square_5_2,79246,,13.719687782720406,,,not_run,skipped,rule does not fit,
69,sparse_edit_or_object_completion,neighbor_fill_square_5_3,79246,,13.719687782720406,,,not_run,skipped,rule does not fit,
69,sparse_edit_or_object_completion,neighbor_fill_square_5_4,79246,,13.719687782720406,,,not_run,skipped,rule does not fit,
69,sparse_edit_or_object_completion,neighbor_fill_square_5_5,79246,,13.719687782720406,,,not_run,skipped,rule does not fit,
69,sparse_edit_or_object_completion,neighbor_fill_square_5_6,79246,,13.719687782720406,,,not_run,skipped,rule does not fit,
69,sparse_edit_or_object_completion,neighbor_fill_square_5_7,79246,,13.719687782720406,,,not_run,skipped,rule does not fit,
69,sparse_edit_or_object_completion,neighbor_fill_square_5_8,79246,,13.719687782720406,,,not_run,skipped,rule does not fit,
69,sparse_edit_or_object_completion,neighbor_fill_hline_6_1,79246,,13.719687782720406,,,not_run,skipped,rule does not fit,
69,sparse_edit_or_object_completion,neighbor_fill_hline_6_2,79246,,13.719687782720406,,,not_run,skipped,rule does not fit,
69,sparse_edit_or_object_completion,neighbor_fill_vline_6_1,79246,,13.719687782720406,,,not_run,skipped,rule does not fit,
69,sparse_edit_or_object_completion,neighbor_fill_vline_6_2,79246,,13.719687782720406,,,not_run,skipped,rule does not fit,
69,sparse_edit_or_object_completion,neighbor_fill_cross_6_1,79246,,13.719687782720406,,,not_run,skipped,rule does not fit,
69,sparse_edit_or_object_completion,neighbor_fill_cross_6_2,79246,,13.719687782720406,,,not_run,skipped,rule does not fit,
69,sparse_edit_or_object_completion,neighbor_fill_cross_6_3,79246,,13.719687782720406,,,not_run,skipped,rule does not fit,
69,sparse_edit_or_object_completion,neighbor_fill_cross_6_4,79246,,13.719687782720406,,,not_run,skipped,rule does not fit,
69,sparse_edit_or_object_completion,neighbor_fill_square_6_1,79246,,13.719687782720406,,,not_run,skipped,rule does not fit,
69,sparse_edit_or_object_completion,neighbor_fill_square_6_2,79246,,13.719687782720406,,,not_run,skipped,rule does not fit,
69,sparse_edit_or_object_completion,neighbor_fill_square_6_3,79246,,13.719687782720406,,,not_run,skipped,rule does not fit,
69,sparse_edit_or_object_completion,neighbor_fill_square_6_4,79246,,13.719687782720406,,,not_run,skipped,rule does not fit,
69,sparse_edit_or_object_completion,neighbor_fill_square_6_5,79246,,13.719687782720406,,,not_run,skipped,rule does not fit,
69,sparse_edit_or_object_completion,neighbor_fill_square_6_6,79246,,13.719687782720406,,,not_run,skipped,rule does not fit,
69,sparse_edit_or_object_completion,neighbor_fill_square_6_7,79246,,13.719687782720406,,,not_run,skipped,rule does not fit,
69,sparse_edit_or_object_completion,neighbor_fill_square_6_8,79246,,13.719687782720406,,,not_run,skipped,rule does not fit,
69,sparse_edit_or_object_completion,neighbor_fill_hline_7_1,79246,,13.719687782720406,,,not_run,skipped,rule does not fit,
69,sparse_edit_or_object_completion,neighbor_fill_hline_7_2,79246,,13.719687782720406,,,not_run,skipped,rule does not fit,
69,sparse_edit_or_object_completion,neighbor_fill_vline_7_1,79246,,13.719687782720406,,,not_run,skipped,rule does not fit,
69,sparse_edit_or_object_completion,neighbor_fill_vline_7_2,79246,,13.719687782720406,,,not_run,skipped,rule does not fit,
69,sparse_edit_or_object_completion,neighbor_fill_cross_7_1,79246,,13.719687782720406,,,not_run,skipped,rule does not fit,
69,sparse_edit_or_object_completion,neighbor_fill_cross_7_2,79246,,13.719687782720406,,,not_run,skipped,rule does not fit,
69,sparse_edit_or_object_completion,neighbor_fill_cross_7_3,79246,,13.719687782720406,,,not_run,skipped,rule does not fit,
69,sparse_edit_or_object_completion,neighbor_fill_cross_7_4,79246,,13.719687782720406,,,not_run,skipped,rule does not fit,
69,sparse_edit_or_object_completion,neighbor_fill_square_7_1,79246,,13.719687782720406,,,not_run,skipped,rule does not fit,
69,sparse_edit_or_object_completion,neighbor_fill_square_7_2,79246,,13.719687782720406,,,not_run,skipped,rule does not fit,
69,sparse_edit_or_object_completion,neighbor_fill_square_7_3,79246,,13.719687782720406,,,not_run,skipped,rule does not fit,
69,sparse_edit_or_object_completion,neighbor_fill_square_7_4,79246,,13.719687782720406,,,not_run,skipped,rule does not fit,
69,sparse_edit_or_object_completion,neighbor_fill_square_7_5,79246,,13.719687782720406,,,not_run,skipped,rule does not fit,
69,sparse_edit_or_object_completion,neighbor_fill_square_7_6,79246,,13.719687782720406,,,not_run,skipped,rule does not fit,
69,sparse_edit_or_object_completion,neighbor_fill_square_7_7,79246,,13.719687782720406,,,not_run,skipped,rule does not fit,
69,sparse_edit_or_object_completion,neighbor_fill_square_7_8,79246,,13.719687782720406,,,not_run,skipped,rule does not fit,
69,sparse_edit_or_object_completion,neighbor_fill_hline_9_1,79246,,13.719687782720406,,,not_run,skipped,rule does not fit,
69,sparse_edit_or_object_completion,neighbor_fill_hline_9_2,79246,,13.719687782720406,,,not_run,skipped,rule does not fit,
69,sparse_edit_or_object_completion,neighbor_fill_vline_9_1,79246,,13.719687782720406,,,not_run,skipped,rule does not fit,
69,sparse_edit_or_object_completion,neighbor_fill_vline_9_2,79246,,13.719687782720406,,,not_run,skipped,rule does not fit,
69,sparse_edit_or_object_completion,neighbor_fill_cross_9_1,79246,,13.719687782720406,,,not_run,skipped,rule does not fit,
69,sparse_edit_or_object_completion,neighbor_fill_cross_9_2,79246,,13.719687782720406,,,not_run,skipped,rule does not fit,
69,sparse_edit_or_object_completion,neighbor_fill_cross_9_3,79246,,13.719687782720406,,,not_run,skipped,rule does not fit,
69,sparse_edit_or_object_completion,neighbor_fill_cross_9_4,79246,,13.719687782720406,,,not_run,skipped,rule does not fit,
69,sparse_edit_or_object_completion,neighbor_fill_square_9_1,79246,,13.719687782720406,,,not_run,skipped,rule does not fit,
69,sparse_edit_or_object_completion,neighbor_fill_square_9_2,79246,,13.719687782720406,,,not_run,skipped,rule does not fit,
69,sparse_edit_or_object_completion,neighbor_fill_square_9_3,79246,,13.719687782720406,,,not_run,skipped,rule does not fit,
69,sparse_edit_or_object_completion,neighbor_fill_square_9_4,79246,,13.719687782720406,,,not_run,skipped,rule does not fit,
69,sparse_edit_or_object_completion,neighbor_fill_square_9_5,79246,,13.719687782720406,,,not_run,skipped,rule does not fit,
69,sparse_edit_or_object_completion,neighbor_fill_square_9_6,79246,,13.719687782720406,,,not_run,skipped,rule does not fit,
69,sparse_edit_or_object_completion,neighbor_fill_square_9_7,79246,,13.719687782720406,,,not_run,skipped,rule does not fit,
69,sparse_edit_or_object_completion,neighbor_fill_square_9_8,79246,,13.719687782720406,,,not_run,skipped,rule does not fit,
18,sparse_edit_or_object_completion,signature_scatternd_lookup,79207,17468,13.72018004226472,15.231874085394548,40612,24_pass_0_fail,improved,ok,1c5437dc56b749c6d5adfd4640fabd043826ba983285ff6b9e5a421a75a0dc0b
18,sparse_edit_or_object_completion,direct_identity,79207,,13.72018004226472,,,not_run,skipped,not identity,
18,sparse_edit_or_object_completion,conv_color_map,79207,,13.72018004226472,,,not_run,skipped,conflicting color map,
18,sparse_edit_or_object_completion,fixed_mask_where,79207,,13.72018004226472,,,not_run,skipped,fixed edit conflict,
18,sparse_edit_or_object_completion,neighbor_fill_hline_0_1,79207,,13.72018004226472,,,not_run,skipped,rule does not fit,
18,sparse_edit_or_object_completion,neighbor_fill_hline_0_2,79207,,13.72018004226472,,,not_run,skipped,rule does not fit,
18,sparse_edit_or_object_completion,neighbor_fill_vline_0_1,79207,,13.72018004226472,,,not_run,skipped,rule does not fit,
18,sparse_edit_or_object_completion,neighbor_fill_vline_0_2,79207,,13.72018004226472,,,not_run,skipped,rule does not fit,
18,sparse_edit_or_object_completion,neighbor_fill_cross_0_1,79207,,13.72018004226472,,,not_run,skipped,rule does not fit,
18,sparse_edit_or_object_completion,neighbor_fill_cross_0_2,79207,,13.72018004226472,,,not_run,skipped,rule does not fit,
18,sparse_edit_or_object_completion,neighbor_fill_cross_0_3,79207,,13.72018004226472,,,not_run,skipped,rule does not fit,
18,sparse_edit_or_object_completion,neighbor_fill_cross_0_4,79207,,13.72018004226472,,,not_run,skipped,rule does not fit,
18,sparse_edit_or_object_completion,neighbor_fill_square_0_1,79207,,13.72018004226472,,,not_run,skipped,rule does not fit,
18,sparse_edit_or_object_completion,neighbor_fill_square_0_2,79207,,13.72018004226472,,,not_run,skipped,rule does not fit,
18,sparse_edit_or_object_completion,neighbor_fill_square_0_3,79207,,13.72018004226472,,,not_run,skipped,rule does not fit,
18,sparse_edit_or_object_completion,neighbor_fill_square_0_4,79207,,13.72018004226472,,,not_run,skipped,rule does not fit,
18,sparse_edit_or_object_completion,neighbor_fill_square_0_5,79207,,13.72018004226472,,,not_run,skipped,rule does not fit,
18,sparse_edit_or_object_completion,neighbor_fill_square_0_6,79207,,13.72018004226472,,,not_run,skipped,rule does not fit,
18,sparse_edit_or_object_completion,neighbor_fill_square_0_7,79207,,13.72018004226472,,,not_run,skipped,rule does not fit,
18,sparse_edit_or_object_completion,neighbor_fill_square_0_8,79207,,13.72018004226472,,,not_run,skipped,rule does not fit,
18,sparse_edit_or_object_completion,neighbor_fill_hline_1_1,79207,,13.72018004226472,,,not_run,skipped,rule does not fit,
18,sparse_edit_or_object_completion,neighbor_fill_hline_1_2,79207,,13.72018004226472,,,not_run,skipped,rule does not fit,
18,sparse_edit_or_object_completion,neighbor_fill_vline_1_1,79207,,13.72018004226472,,,not_run,skipped,rule does not fit,
18,sparse_edit_or_object_completion,neighbor_fill_vline_1_2,79207,,13.72018004226472,,,not_run,skipped,rule does not fit,
18,sparse_edit_or_object_completion,neighbor_fill_cross_1_1,79207,,13.72018004226472,,,not_run,skipped,rule does not fit,
18,sparse_edit_or_object_completion,neighbor_fill_cross_1_2,79207,,13.72018004226472,,,not_run,skipped,rule does not fit,
18,sparse_edit_or_object_completion,neighbor_fill_cross_1_3,79207,,13.72018004226472,,,not_run,skipped,rule does not fit,
18,sparse_edit_or_object_completion,neighbor_fill_cross_1_4,79207,,13.72018004226472,,,not_run,skipped,rule does not fit,
18,sparse_edit_or_object_completion,neighbor_fill_square_1_1,79207,,13.72018004226472,,,not_run,skipped,rule does not fit,
18,sparse_edit_or_object_completion,neighbor_fill_square_1_2,79207,,13.72018004226472,,,not_run,skipped,rule does not fit,
18,sparse_edit_or_object_completion,neighbor_fill_square_1_3,79207,,13.72018004226472,,,not_run,skipped,rule does not fit,
18,sparse_edit_or_object_completion,neighbor_fill_square_1_4,79207,,13.72018004226472,,,not_run,skipped,rule does not fit,
18,sparse_edit_or_object_completion,neighbor_fill_square_1_5,79207,,13.72018004226472,,,not_run,skipped,rule does not fit,
18,sparse_edit_or_object_completion,neighbor_fill_square_1_6,79207,,13.72018004226472,,,not_run,skipped,rule does not fit,
18,sparse_edit_or_object_completion,neighbor_fill_square_1_7,79207,,13.72018004226472,,,not_run,skipped,rule does not fit,
18,sparse_edit_or_object_completion,neighbor_fill_square_1_8,79207,,13.72018004226472,,,not_run,skipped,rule does not fit,
18,sparse_edit_or_object_completion,neighbor_fill_hline_2_1,79207,,13.72018004226472,,,not_run,skipped,rule does not fit,
18,sparse_edit_or_object_completion,neighbor_fill_hline_2_2,79207,,13.72018004226472,,,not_run,skipped,rule does not fit,
18,sparse_edit_or_object_completion,neighbor_fill_vline_2_1,79207,,13.72018004226472,,,not_run,skipped,rule does not fit,
18,sparse_edit_or_object_completion,neighbor_fill_vline_2_2,79207,,13.72018004226472,,,not_run,skipped,rule does not fit,
18,sparse_edit_or_object_completion,neighbor_fill_cross_2_1,79207,,13.72018004226472,,,not_run,skipped,rule does not fit,
18,sparse_edit_or_object_completion,neighbor_fill_cross_2_2,79207,,13.72018004226472,,,not_run,skipped,rule does not fit,
18,sparse_edit_or_object_completion,neighbor_fill_cross_2_3,79207,,13.72018004226472,,,not_run,skipped,rule does not fit,
18,sparse_edit_or_object_completion,neighbor_fill_cross_2_4,79207,,13.72018004226472,,,not_run,skipped,rule does not fit,
18,sparse_edit_or_object_completion,neighbor_fill_square_2_1,79207,,13.72018004226472,,,not_run,skipped,rule does not fit,
18,sparse_edit_or_object_completion,neighbor_fill_square_2_2,79207,,13.72018004226472,,,not_run,skipped,rule does not fit,
18,sparse_edit_or_object_completion,neighbor_fill_square_2_3,79207,,13.72018004226472,,,not_run,skipped,rule does not fit,
18,sparse_edit_or_object_completion,neighbor_fill_square_2_4,79207,,13.72018004226472,,,not_run,skipped,rule does not fit,
18,sparse_edit_or_object_completion,neighbor_fill_square_2_5,79207,,13.72018004226472,,,not_run,skipped,rule does not fit,
18,sparse_edit_or_object_completion,neighbor_fill_square_2_6,79207,,13.72018004226472,,,not_run,skipped,rule does not fit,
18,sparse_edit_or_object_completion,neighbor_fill_square_2_7,79207,,13.72018004226472,,,not_run,skipped,rule does not fit,
18,sparse_edit_or_object_completion,neighbor_fill_square_2_8,79207,,13.72018004226472,,,not_run,skipped,rule does not fit,
18,sparse_edit_or_object_completion,neighbor_fill_hline_3_1,79207,,13.72018004226472,,,not_run,skipped,rule does not fit,
18,sparse_edit_or_object_completion,neighbor_fill_hline_3_2,79207,,13.72018004226472,,,not_run,skipped,rule does not fit,
18,sparse_edit_or_object_completion,neighbor_fill_vline_3_1,79207,,13.72018004226472,,,not_run,skipped,rule does not fit,
18,sparse_edit_or_object_completion,neighbor_fill_vline_3_2,79207,,13.72018004226472,,,not_run,skipped,rule does not fit,
18,sparse_edit_or_object_completion,neighbor_fill_cross_3_1,79207,,13.72018004226472,,,not_run,skipped,rule does not fit,
18,sparse_edit_or_object_completion,neighbor_fill_cross_3_2,79207,,13.72018004226472,,,not_run,skipped,rule does not fit,
18,sparse_edit_or_object_completion,neighbor_fill_cross_3_3,79207,,13.72018004226472,,,not_run,skipped,rule does not fit,
18,sparse_edit_or_object_completion,neighbor_fill_cross_3_4,79207,,13.72018004226472,,,not_run,skipped,rule does not fit,
18,sparse_edit_or_object_completion,neighbor_fill_square_3_1,79207,,13.72018004226472,,,not_run,skipped,rule does not fit,
18,sparse_edit_or_object_completion,neighbor_fill_square_3_2,79207,,13.72018004226472,,,not_run,skipped,rule does not fit,
18,sparse_edit_or_object_completion,neighbor_fill_square_3_3,79207,,13.72018004226472,,,not_run,skipped,rule does not fit,
18,sparse_edit_or_object_completion,neighbor_fill_square_3_4,79207,,13.72018004226472,,,not_run,skipped,rule does not fit,
18,sparse_edit_or_object_completion,neighbor_fill_square_3_5,79207,,13.72018004226472,,,not_run,skipped,rule does not fit,
18,sparse_edit_or_object_completion,neighbor_fill_square_3_6,79207,,13.72018004226472,,,not_run,skipped,rule does not fit,
18,sparse_edit_or_object_completion,neighbor_fill_square_3_7,79207,,13.72018004226472,,,not_run,skipped,rule does not fit,
18,sparse_edit_or_object_completion,neighbor_fill_square_3_8,79207,,13.72018004226472,,,not_run,skipped,rule does not fit,
18,sparse_edit_or_object_completion,neighbor_fill_hline_4_1,79207,,13.72018004226472,,,not_run,skipped,rule does not fit,
18,sparse_edit_or_object_completion,neighbor_fill_hline_4_2,79207,,13.72018004226472,,,not_run,skipped,rule does not fit,
18,sparse_edit_or_object_completion,neighbor_fill_vline_4_1,79207,,13.72018004226472,,,not_run,skipped,rule does not fit,
18,sparse_edit_or_object_completion,neighbor_fill_vline_4_2,79207,,13.72018004226472,,,not_run,skipped,rule does not fit,
18,sparse_edit_or_object_completion,neighbor_fill_cross_4_1,79207,,13.72018004226472,,,not_run,skipped,rule does not fit,
18,sparse_edit_or_object_completion,neighbor_fill_cross_4_2,79207,,13.72018004226472,,,not_run,skipped,rule does not fit,
18,sparse_edit_or_object_completion,neighbor_fill_cross_4_3,79207,,13.72018004226472,,,not_run,skipped,rule does not fit,
18,sparse_edit_or_object_completion,neighbor_fill_cross_4_4,79207,,13.72018004226472,,,not_run,skipped,rule does not fit,
18,sparse_edit_or_object_completion,neighbor_fill_square_4_1,79207,,13.72018004226472,,,not_run,skipped,rule does not fit,
18,sparse_edit_or_object_completion,neighbor_fill_square_4_2,79207,,13.72018004226472,,,not_run,skipped,rule does not fit,
18,sparse_edit_or_object_completion,neighbor_fill_square_4_3,79207,,13.72018004226472,,,not_run,skipped,rule does not fit,
18,sparse_edit_or_object_completion,neighbor_fill_square_4_4,79207,,13.72018004226472,,,not_run,skipped,rule does not fit,
18,sparse_edit_or_object_completion,neighbor_fill_square_4_5,79207,,13.72018004226472,,,not_run,skipped,rule does not fit,
18,sparse_edit_or_object_completion,neighbor_fill_square_4_6,79207,,13.72018004226472,,,not_run,skipped,rule does not fit,
18,sparse_edit_or_object_completion,neighbor_fill_square_4_7,79207,,13.72018004226472,,,not_run,skipped,rule does not fit,
18,sparse_edit_or_object_completion,neighbor_fill_square_4_8,79207,,13.72018004226472,,,not_run,skipped,rule does not fit,
18,sparse_edit_or_object_completion,neighbor_fill_hline_5_1,79207,,13.72018004226472,,,not_run,skipped,rule does not fit,
18,sparse_edit_or_object_completion,neighbor_fill_hline_5_2,79207,,13.72018004226472,,,not_run,skipped,rule does not fit,
18,sparse_edit_or_object_completion,neighbor_fill_vline_5_1,79207,,13.72018004226472,,,not_run,skipped,rule does not fit,
18,sparse_edit_or_object_completion,neighbor_fill_vline_5_2,79207,,13.72018004226472,,,not_run,skipped,rule does not fit,
18,sparse_edit_or_object_completion,neighbor_fill_cross_5_1,79207,,13.72018004226472,,,not_run,skipped,rule does not fit,
18,sparse_edit_or_object_completion,neighbor_fill_cross_5_2,79207,,13.72018004226472,,,not_run,skipped,rule does not fit,
18,sparse_edit_or_object_completion,neighbor_fill_cross_5_3,79207,,13.72018004226472,,,not_run,skipped,rule does not fit,
18,sparse_edit_or_object_completion,neighbor_fill_cross_5_4,79207,,13.72018004226472,,,not_run,skipped,rule does not fit,
18,sparse_edit_or_object_completion,neighbor_fill_square_5_1,79207,,13.72018004226472,,,not_run,skipped,rule does not fit,
18,sparse_edit_or_object_completion,neighbor_fill_square_5_2,79207,,13.72018004226472,,,not_run,skipped,rule does not fit,
18,sparse_edit_or_object_completion,neighbor_fill_square_5_3,79207,,13.72018004226472,,,not_run,skipped,rule does not fit,
18,sparse_edit_or_object_completion,neighbor_fill_square_5_4,79207,,13.72018004226472,,,not_run,skipped,rule does not fit,
18,sparse_edit_or_object_completion,neighbor_fill_square_5_5,79207,,13.72018004226472,,,not_run,skipped,rule does not fit,
18,sparse_edit_or_object_completion,neighbor_fill_square_5_6,79207,,13.72018004226472,,,not_run,skipped,rule does not fit,
18,sparse_edit_or_object_completion,neighbor_fill_square_5_7,79207,,13.72018004226472,,,not_run,skipped,rule does not fit,
18,sparse_edit_or_object_completion,neighbor_fill_square_5_8,79207,,13.72018004226472,,,not_run,skipped,rule does not fit,
18,sparse_edit_or_object_completion,neighbor_fill_hline_6_1,79207,,13.72018004226472,,,not_run,skipped,rule does not fit,
18,sparse_edit_or_object_completion,neighbor_fill_hline_6_2,79207,,13.72018004226472,,,not_run,skipped,rule does not fit,
18,sparse_edit_or_object_completion,neighbor_fill_vline_6_1,79207,,13.72018004226472,,,not_run,skipped,rule does not fit,
18,sparse_edit_or_object_completion,neighbor_fill_vline_6_2,79207,,13.72018004226472,,,not_run,skipped,rule does not fit,
18,sparse_edit_or_object_completion,neighbor_fill_cross_6_1,79207,,13.72018004226472,,,not_run,skipped,rule does not fit,
18,sparse_edit_or_object_completion,neighbor_fill_cross_6_2,79207,,13.72018004226472,,,not_run,skipped,rule does not fit,
18,sparse_edit_or_object_completion,neighbor_fill_cross_6_3,79207,,13.72018004226472,,,not_run,skipped,rule does not fit,
18,sparse_edit_or_object_completion,neighbor_fill_cross_6_4,79207,,13.72018004226472,,,not_run,skipped,rule does not fit,
18,sparse_edit_or_object_completion,neighbor_fill_square_6_1,79207,,13.72018004226472,,,not_run,skipped,rule does not fit,
18,sparse_edit_or_object_completion,neighbor_fill_square_6_2,79207,,13.72018004226472,,,not_run,skipped,rule does not fit,
18,sparse_edit_or_object_completion,neighbor_fill_square_6_3,79207,,13.72018004226472,,,not_run,skipped,rule does not fit,
18,sparse_edit_or_object_completion,neighbor_fill_square_6_4,79207,,13.72018004226472,,,not_run,skipped,rule does not fit,
18,sparse_edit_or_object_completion,neighbor_fill_square_6_5,79207,,13.72018004226472,,,not_run,skipped,rule does not fit,
18,sparse_edit_or_object_completion,neighbor_fill_square_6_6,79207,,13.72018004226472,,,not_run,skipped,rule does not fit,
18,sparse_edit_or_object_completion,neighbor_fill_square_6_7,79207,,13.72018004226472,,,not_run,skipped,rule does not fit,
18,sparse_edit_or_object_completion,neighbor_fill_square_6_8,79207,,13.72018004226472,,,not_run,skipped,rule does not fit,
18,sparse_edit_or_object_completion,neighbor_fill_hline_7_1,79207,,13.72018004226472,,,not_run,skipped,rule does not fit,
18,sparse_edit_or_object_completion,neighbor_fill_hline_7_2,79207,,13.72018004226472,,,not_run,skipped,rule does not fit,
18,sparse_edit_or_object_completion,neighbor_fill_vline_7_1,79207,,13.72018004226472,,,not_run,skipped,rule does not fit,
18,sparse_edit_or_object_completion,neighbor_fill_vline_7_2,79207,,13.72018004226472,,,not_run,skipped,rule does not fit,
18,sparse_edit_or_object_completion,neighbor_fill_cross_7_1,79207,,13.72018004226472,,,not_run,skipped,rule does not fit,
18,sparse_edit_or_object_completion,neighbor_fill_cross_7_2,79207,,13.72018004226472,,,not_run,skipped,rule does not fit,
18,sparse_edit_or_object_completion,neighbor_fill_cross_7_3,79207,,13.72018004226472,,,not_run,skipped,rule does not fit,
18,sparse_edit_or_object_completion,neighbor_fill_cross_7_4,79207,,13.72018004226472,,,not_run,skipped,rule does not fit,
18,sparse_edit_or_object_completion,neighbor_fill_square_7_1,79207,,13.72018004226472,,,not_run,skipped,rule does not fit,
18,sparse_edit_or_object_completion,neighbor_fill_square_7_2,79207,,13.72018004226472,,,not_run,skipped,rule does not fit,
18,sparse_edit_or_object_completion,neighbor_fill_square_7_3,79207,,13.72018004226472,,,not_run,skipped,rule does not fit,
18,sparse_edit_or_object_completion,neighbor_fill_square_7_4,79207,,13.72018004226472,,,not_run,skipped,rule does not fit,
18,sparse_edit_or_object_completion,neighbor_fill_square_7_5,79207,,13.72018004226472,,,not_run,skipped,rule does not fit,
18,sparse_edit_or_object_completion,neighbor_fill_square_7_6,79207,,13.72018004226472,,,not_run,skipped,rule does not fit,
18,sparse_edit_or_object_completion,neighbor_fill_square_7_7,79207,,13.72018004226472,,,not_run,skipped,rule does not fit,
18,sparse_edit_or_object_completion,neighbor_fill_square_7_8,79207,,13.72018004226472,,,not_run,skipped,rule does not fit,
18,sparse_edit_or_object_completion,neighbor_fill_hline_8_1,79207,,13.72018004226472,,,not_run,skipped,rule does not fit,
18,sparse_edit_or_object_completion,neighbor_fill_hline_8_2,79207,,13.72018004226472,,,not_run,skipped,rule does not fit,
18,sparse_edit_or_object_completion,neighbor_fill_vline_8_1,79207,,13.72018004226472,,,not_run,skipped,rule does not fit,
18,sparse_edit_or_object_completion,neighbor_fill_vline_8_2,79207,,13.72018004226472,,,not_run,skipped,rule does not fit,
18,sparse_edit_or_object_completion,neighbor_fill_cross_8_1,79207,,13.72018004226472,,,not_run,skipped,rule does not fit,
18,sparse_edit_or_object_completion,neighbor_fill_cross_8_2,79207,,13.72018004226472,,,not_run,skipped,rule does not fit,
18,sparse_edit_or_object_completion,neighbor_fill_cross_8_3,79207,,13.72018004226472,,,not_run,skipped,rule does not fit,
18,sparse_edit_or_object_completion,neighbor_fill_cross_8_4,79207,,13.72018004226472,,,not_run,skipped,rule does not fit,
18,sparse_edit_or_object_completion,neighbor_fill_square_8_1,79207,,13.72018004226472,,,not_run,skipped,rule does not fit,
18,sparse_edit_or_object_completion,neighbor_fill_square_8_2,79207,,13.72018004226472,,,not_run,skipped,rule does not fit,
18,sparse_edit_or_object_completion,neighbor_fill_square_8_3,79207,,13.72018004226472,,,not_run,skipped,rule does not fit,
18,sparse_edit_or_object_completion,neighbor_fill_square_8_4,79207,,13.72018004226472,,,not_run,skipped,rule does not fit,
18,sparse_edit_or_object_completion,neighbor_fill_square_8_5,79207,,13.72018004226472,,,not_run,skipped,rule does not fit,
18,sparse_edit_or_object_completion,neighbor_fill_square_8_6,79207,,13.72018004226472,,,not_run,skipped,rule does not fit,
18,sparse_edit_or_object_completion,neighbor_fill_square_8_7,79207,,13.72018004226472,,,not_run,skipped,rule does not fit,
18,sparse_edit_or_object_completion,neighbor_fill_square_8_8,79207,,13.72018004226472,,,not_run,skipped,rule does not fit,
18,sparse_edit_or_object_completion,neighbor_fill_hline_9_1,79207,,13.72018004226472,,,not_run,skipped,rule does not fit,
18,sparse_edit_or_object_completion,neighbor_fill_hline_9_2,79207,,13.72018004226472,,,not_run,skipped,rule does not fit,
18,sparse_edit_or_object_completion,neighbor_fill_vline_9_1,79207,,13.72018004226472,,,not_run,skipped,rule does not fit,
18,sparse_edit_or_object_completion,neighbor_fill_vline_9_2,79207,,13.72018004226472,,,not_run,skipped,rule does not fit,
18,sparse_edit_or_object_completion,neighbor_fill_cross_9_1,79207,,13.72018004226472,,,not_run,skipped,rule does not fit,
18,sparse_edit_or_object_completion,neighbor_fill_cross_9_2,79207,,13.72018004226472,,,not_run,skipped,rule does not fit,
18,sparse_edit_or_object_completion,neighbor_fill_cross_9_3,79207,,13.72018004226472,,,not_run,skipped,rule does not fit,
18,sparse_edit_or_object_completion,neighbor_fill_cross_9_4,79207,,13.72018004226472,,,not_run,skipped,rule does not fit,
18,sparse_edit_or_object_completion,neighbor_fill_square_9_1,79207,,13.72018004226472,,,not_run,skipped,rule does not fit,
18,sparse_edit_or_object_completion,neighbor_fill_square_9_2,79207,,13.72018004226472,,,not_run,skipped,rule does not fit,
18,sparse_edit_or_object_completion,neighbor_fill_square_9_3,79207,,13.72018004226472,,,not_run,skipped,rule does not fit,
18,sparse_edit_or_object_completion,neighbor_fill_square_9_4,79207,,13.72018004226472,,,not_run,skipped,rule does not fit,
18,sparse_edit_or_object_completion,neighbor_fill_square_9_5,79207,,13.72018004226472,,,not_run,skipped,rule does not fit,
18,sparse_edit_or_object_completion,neighbor_fill_square_9_6,79207,,13.72018004226472,,,not_run,skipped,rule does not fit,
18,sparse_edit_or_object_completion,neighbor_fill_square_9_7,79207,,13.72018004226472,,,not_run,skipped,rule does not fit,
18,sparse_edit_or_object_completion,neighbor_fill_square_9_8,79207,,13.72018004226472,,,not_run,skipped,rule does not fit,
358,sparse_edit_or_object_completion,signature_scatternd_lookup,78978,15758,13.723075388346537,15.334896548194367,34752,23_pass_0_fail,improved,ok,ed2191e02654b5a58c10dca5872aa70bc08becde8c626aecf9c55e40c1eaceef
358,sparse_edit_or_object_completion,direct_identity,78978,,13.723075388346537,,,not_run,skipped,not identity,
358,sparse_edit_or_object_completion,conv_color_map,78978,,13.723075388346537,,,not_run,skipped,conflicting color map,
358,sparse_edit_or_object_completion,fixed_mask_where,78978,,13.723075388346537,,,not_run,skipped,fixed edit conflict,
358,sparse_edit_or_object_completion,neighbor_fill_hline_1_1,78978,,13.723075388346537,,,not_run,skipped,rule does not fit,
358,sparse_edit_or_object_completion,neighbor_fill_hline_1_2,78978,,13.723075388346537,,,not_run,skipped,rule does not fit,
358,sparse_edit_or_object_completion,neighbor_fill_vline_1_1,78978,,13.723075388346537,,,not_run,skipped,rule does not fit,
358,sparse_edit_or_object_completion,neighbor_fill_vline_1_2,78978,,13.723075388346537,,,not_run,skipped,rule does not fit,
358,sparse_edit_or_object_completion,neighbor_fill_cross_1_1,78978,,13.723075388346537,,,not_run,skipped,rule does not fit,
358,sparse_edit_or_object_completion,neighbor_fill_cross_1_2,78978,,13.723075388346537,,,not_run,skipped,rule does not fit,
358,sparse_edit_or_object_completion,neighbor_fill_cross_1_3,78978,,13.723075388346537,,,not_run,skipped,rule does not fit,
358,sparse_edit_or_object_completion,neighbor_fill_cross_1_4,78978,,13.723075388346537,,,not_run,skipped,rule does not fit,
358,sparse_edit_or_object_completion,neighbor_fill_square_1_1,78978,,13.723075388346537,,,not_run,skipped,rule does not fit,
358,sparse_edit_or_object_completion,neighbor_fill_square_1_2,78978,,13.723075388346537,,,not_run,skipped,rule does not fit,
358,sparse_edit_or_object_completion,neighbor_fill_square_1_3,78978,,13.723075388346537,,,not_run,skipped,rule does not fit,
358,sparse_edit_or_object_completion,neighbor_fill_square_1_4,78978,,13.723075388346537,,,not_run,skipped,rule does not fit,
358,sparse_edit_or_object_completion,neighbor_fill_square_1_5,78978,,13.723075388346537,,,not_run,skipped,rule does not fit,
358,sparse_edit_or_object_completion,neighbor_fill_square_1_6,78978,,13.723075388346537,,,not_run,skipped,rule does not fit,
358,sparse_edit_or_object_completion,neighbor_fill_square_1_7,78978,,13.723075388346537,,,not_run,skipped,rule does not fit,
358,sparse_edit_or_object_completion,neighbor_fill_square_1_8,78978,,13.723075388346537,,,not_run,skipped,rule does not fit,
358,sparse_edit_or_object_completion,neighbor_fill_hline_2_1,78978,,13.723075388346537,,,not_run,skipped,rule does not fit,
358,sparse_edit_or_object_completion,neighbor_fill_hline_2_2,78978,,13.723075388346537,,,not_run,skipped,rule does not fit,
358,sparse_edit_or_object_completion,neighbor_fill_vline_2_1,78978,,13.723075388346537,,,not_run,skipped,rule does not fit,
358,sparse_edit_or_object_completion,neighbor_fill_vline_2_2,78978,,13.723075388346537,,,not_run,skipped,rule does not fit,
358,sparse_edit_or_object_completion,neighbor_fill_cross_2_1,78978,,13.723075388346537,,,not_run,skipped,rule does not fit,
358,sparse_edit_or_object_completion,neighbor_fill_cross_2_2,78978,,13.723075388346537,,,not_run,skipped,rule does not fit,
358,sparse_edit_or_object_completion,neighbor_fill_cross_2_3,78978,,13.723075388346537,,,not_run,skipped,rule does not fit,
358,sparse_edit_or_object_completion,neighbor_fill_cross_2_4,78978,,13.723075388346537,,,not_run,skipped,rule does not fit,
358,sparse_edit_or_object_completion,neighbor_fill_square_2_1,78978,,13.723075388346537,,,not_run,skipped,rule does not fit,
358,sparse_edit_or_object_completion,neighbor_fill_square_2_2,78978,,13.723075388346537,,,not_run,skipped,rule does not fit,
358,sparse_edit_or_object_completion,neighbor_fill_square_2_3,78978,,13.723075388346537,,,not_run,skipped,rule does not fit,
358,sparse_edit_or_object_completion,neighbor_fill_square_2_4,78978,,13.723075388346537,,,not_run,skipped,rule does not fit,
358,sparse_edit_or_object_completion,neighbor_fill_square_2_5,78978,,13.723075388346537,,,not_run,skipped,rule does not fit,
358,sparse_edit_or_object_completion,neighbor_fill_square_2_6,78978,,13.723075388346537,,,not_run,skipped,rule does not fit,
358,sparse_edit_or_object_completion,neighbor_fill_square_2_7,78978,,13.723075388346537,,,not_run,skipped,rule does not fit,
358,sparse_edit_or_object_completion,neighbor_fill_square_2_8,78978,,13.723075388346537,,,not_run,skipped,rule does not fit,
358,sparse_edit_or_object_completion,neighbor_fill_hline_3_1,78978,,13.723075388346537,,,not_run,skipped,rule does not fit,
358,sparse_edit_or_object_completion,neighbor_fill_hline_3_2,78978,,13.723075388346537,,,not_run,skipped,rule does not fit,
358,sparse_edit_or_object_completion,neighbor_fill_vline_3_1,78978,,13.723075388346537,,,not_run,skipped,rule does not fit,
358,sparse_edit_or_object_completion,neighbor_fill_vline_3_2,78978,,13.723075388346537,,,not_run,skipped,rule does not fit,
358,sparse_edit_or_object_completion,neighbor_fill_cross_3_1,78978,,13.723075388346537,,,not_run,skipped,rule does not fit,
358,sparse_edit_or_object_completion,neighbor_fill_cross_3_2,78978,,13.723075388346537,,,not_run,skipped,rule does not fit,
358,sparse_edit_or_object_completion,neighbor_fill_cross_3_3,78978,,13.723075388346537,,,not_run,skipped,rule does not fit,
358,sparse_edit_or_object_completion,neighbor_fill_cross_3_4,78978,,13.723075388346537,,,not_run,skipped,rule does not fit,
358,sparse_edit_or_object_completion,neighbor_fill_square_3_1,78978,,13.723075388346537,,,not_run,skipped,rule does not fit,
358,sparse_edit_or_object_completion,neighbor_fill_square_3_2,78978,,13.723075388346537,,,not_run,skipped,rule does not fit,
358,sparse_edit_or_object_completion,neighbor_fill_square_3_3,78978,,13.723075388346537,,,not_run,skipped,rule does not fit,
358,sparse_edit_or_object_completion,neighbor_fill_square_3_4,78978,,13.723075388346537,,,not_run,skipped,rule does not fit,
358,sparse_edit_or_object_completion,neighbor_fill_square_3_5,78978,,13.723075388346537,,,not_run,skipped,rule does not fit,
358,sparse_edit_or_object_completion,neighbor_fill_square_3_6,78978,,13.723075388346537,,,not_run,skipped,rule does not fit,
358,sparse_edit_or_object_completion,neighbor_fill_square_3_7,78978,,13.723075388346537,,,not_run,skipped,rule does not fit,
358,sparse_edit_or_object_completion,neighbor_fill_square_3_8,78978,,13.723075388346537,,,not_run,skipped,rule does not fit,
358,sparse_edit_or_object_completion,neighbor_fill_hline_4_1,78978,,13.723075388346537,,,not_run,skipped,rule does not fit,
358,sparse_edit_or_object_completion,neighbor_fill_hline_4_2,78978,,13.723075388346537,,,not_run,skipped,rule does not fit,
358,sparse_edit_or_object_completion,neighbor_fill_vline_4_1,78978,,13.723075388346537,,,not_run,skipped,rule does not fit,
358,sparse_edit_or_object_completion,neighbor_fill_vline_4_2,78978,,13.723075388346537,,,not_run,skipped,rule does not fit,
358,sparse_edit_or_object_completion,neighbor_fill_cross_4_1,78978,,13.723075388346537,,,not_run,skipped,rule does not fit,
358,sparse_edit_or_object_completion,neighbor_fill_cross_4_2,78978,,13.723075388346537,,,not_run,skipped,rule does not fit,
358,sparse_edit_or_object_completion,neighbor_fill_cross_4_3,78978,,13.723075388346537,,,not_run,skipped,rule does not fit,
358,sparse_edit_or_object_completion,neighbor_fill_cross_4_4,78978,,13.723075388346537,,,not_run,skipped,rule does not fit,
358,sparse_edit_or_object_completion,neighbor_fill_square_4_1,78978,,13.723075388346537,,,not_run,skipped,rule does not fit,
358,sparse_edit_or_object_completion,neighbor_fill_square_4_2,78978,,13.723075388346537,,,not_run,skipped,rule does not fit,
358,sparse_edit_or_object_completion,neighbor_fill_square_4_3,78978,,13.723075388346537,,,not_run,skipped,rule does not fit,
358,sparse_edit_or_object_completion,neighbor_fill_square_4_4,78978,,13.723075388346537,,,not_run,skipped,rule does not fit,
358,sparse_edit_or_object_completion,neighbor_fill_square_4_5,78978,,13.723075388346537,,,not_run,skipped,rule does not fit,
358,sparse_edit_or_object_completion,neighbor_fill_square_4_6,78978,,13.723075388346537,,,not_run,skipped,rule does not fit,
358,sparse_edit_or_object_completion,neighbor_fill_square_4_7,78978,,13.723075388346537,,,not_run,skipped,rule does not fit,
358,sparse_edit_or_object_completion,neighbor_fill_square_4_8,78978,,13.723075388346537,,,not_run,skipped,rule does not fit,
358,sparse_edit_or_object_completion,neighbor_fill_hline_5_1,78978,,13.723075388346537,,,not_run,skipped,rule does not fit,
358,sparse_edit_or_object_completion,neighbor_fill_hline_5_2,78978,,13.723075388346537,,,not_run,skipped,rule does not fit,
358,sparse_edit_or_object_completion,neighbor_fill_vline_5_1,78978,,13.723075388346537,,,not_run,skipped,rule does not fit,
358,sparse_edit_or_object_completion,neighbor_fill_vline_5_2,78978,,13.723075388346537,,,not_run,skipped,rule does not fit,
358,sparse_edit_or_object_completion,neighbor_fill_cross_5_1,78978,,13.723075388346537,,,not_run,skipped,rule does not fit,
358,sparse_edit_or_object_completion,neighbor_fill_cross_5_2,78978,,13.723075388346537,,,not_run,skipped,rule does not fit,
358,sparse_edit_or_object_completion,neighbor_fill_cross_5_3,78978,,13.723075388346537,,,not_run,skipped,rule does not fit,
358,sparse_edit_or_object_completion,neighbor_fill_cross_5_4,78978,,13.723075388346537,,,not_run,skipped,rule does not fit,
358,sparse_edit_or_object_completion,neighbor_fill_square_5_1,78978,,13.723075388346537,,,not_run,skipped,rule does not fit,
358,sparse_edit_or_object_completion,neighbor_fill_square_5_2,78978,,13.723075388346537,,,not_run,skipped,rule does not fit,
358,sparse_edit_or_object_completion,neighbor_fill_square_5_3,78978,,13.723075388346537,,,not_run,skipped,rule does not fit,
358,sparse_edit_or_object_completion,neighbor_fill_square_5_4,78978,,13.723075388346537,,,not_run,skipped,rule does not fit,
358,sparse_edit_or_object_completion,neighbor_fill_square_5_5,78978,,13.723075388346537,,,not_run,skipped,rule does not fit,
358,sparse_edit_or_object_completion,neighbor_fill_square_5_6,78978,,13.723075388346537,,,not_run,skipped,rule does not fit,
358,sparse_edit_or_object_completion,neighbor_fill_square_5_7,78978,,13.723075388346537,,,not_run,skipped,rule does not fit,
358,sparse_edit_or_object_completion,neighbor_fill_square_5_8,78978,,13.723075388346537,,,not_run,skipped,rule does not fit,
358,sparse_edit_or_object_completion,neighbor_fill_hline_6_1,78978,,13.723075388346537,,,not_run,skipped,rule does not fit,
358,sparse_edit_or_object_completion,neighbor_fill_hline_6_2,78978,,13.723075388346537,,,not_run,skipped,rule does not fit,
358,sparse_edit_or_object_completion,neighbor_fill_vline_6_1,78978,,13.723075388346537,,,not_run,skipped,rule does not fit,
358,sparse_edit_or_object_completion,neighbor_fill_vline_6_2,78978,,13.723075388346537,,,not_run,skipped,rule does not fit,
358,sparse_edit_or_object_completion,neighbor_fill_cross_6_1,78978,,13.723075388346537,,,not_run,skipped,rule does not fit,
358,sparse_edit_or_object_completion,neighbor_fill_cross_6_2,78978,,13.723075388346537,,,not_run,skipped,rule does not fit,
358,sparse_edit_or_object_completion,neighbor_fill_cross_6_3,78978,,13.723075388346537,,,not_run,skipped,rule does not fit,
358,sparse_edit_or_object_completion,neighbor_fill_cross_6_4,78978,,13.723075388346537,,,not_run,skipped,rule does not fit,
358,sparse_edit_or_object_completion,neighbor_fill_square_6_1,78978,,13.723075388346537,,,not_run,skipped,rule does not fit,
358,sparse_edit_or_object_completion,neighbor_fill_square_6_2,78978,,13.723075388346537,,,not_run,skipped,rule does not fit,
358,sparse_edit_or_object_completion,neighbor_fill_square_6_3,78978,,13.723075388346537,,,not_run,skipped,rule does not fit,
358,sparse_edit_or_object_completion,neighbor_fill_square_6_4,78978,,13.723075388346537,,,not_run,skipped,rule does not fit,
358,sparse_edit_or_object_completion,neighbor_fill_square_6_5,78978,,13.723075388346537,,,not_run,skipped,rule does not fit,
358,sparse_edit_or_object_completion,neighbor_fill_square_6_6,78978,,13.723075388346537,,,not_run,skipped,rule does not fit,
358,sparse_edit_or_object_completion,neighbor_fill_square_6_7,78978,,13.723075388346537,,,not_run,skipped,rule does not fit,
358,sparse_edit_or_object_completion,neighbor_fill_square_6_8,78978,,13.723075388346537,,,not_run,skipped,rule does not fit,
358,sparse_edit_or_object_completion,neighbor_fill_hline_7_1,78978,,13.723075388346537,,,not_run,skipped,rule does not fit,
358,sparse_edit_or_object_completion,neighbor_fill_hline_7_2,78978,,13.723075388346537,,,not_run,skipped,rule does not fit,
358,sparse_edit_or_object_completion,neighbor_fill_vline_7_1,78978,,13.723075388346537,,,not_run,skipped,rule does not fit,
358,sparse_edit_or_object_completion,neighbor_fill_vline_7_2,78978,,13.723075388346537,,,not_run,skipped,rule does not fit,
358,sparse_edit_or_object_completion,neighbor_fill_cross_7_1,78978,,13.723075388346537,,,not_run,skipped,rule does not fit,
358,sparse_edit_or_object_completion,neighbor_fill_cross_7_2,78978,,13.723075388346537,,,not_run,skipped,rule does not fit,
358,sparse_edit_or_object_completion,neighbor_fill_cross_7_3,78978,,13.723075388346537,,,not_run,skipped,rule does not fit,
358,sparse_edit_or_object_completion,neighbor_fill_cross_7_4,78978,,13.723075388346537,,,not_run,skipped,rule does not fit,
358,sparse_edit_or_object_completion,neighbor_fill_square_7_1,78978,,13.723075388346537,,,not_run,skipped,rule does not fit,
358,sparse_edit_or_object_completion,neighbor_fill_square_7_2,78978,,13.723075388346537,,,not_run,skipped,rule does not fit,
358,sparse_edit_or_object_completion,neighbor_fill_square_7_3,78978,,13.723075388346537,,,not_run,skipped,rule does not fit,
358,sparse_edit_or_object_completion,neighbor_fill_square_7_4,78978,,13.723075388346537,,,not_run,skipped,rule does not fit,
358,sparse_edit_or_object_completion,neighbor_fill_square_7_5,78978,,13.723075388346537,,,not_run,skipped,rule does not fit,
358,sparse_edit_or_object_completion,neighbor_fill_square_7_6,78978,,13.723075388346537,,,not_run,skipped,rule does not fit,
358,sparse_edit_or_object_completion,neighbor_fill_square_7_7,78978,,13.723075388346537,,,not_run,skipped,rule does not fit,
358,sparse_edit_or_object_completion,neighbor_fill_square_7_8,78978,,13.723075388346537,,,not_run,skipped,rule does not fit,
358,sparse_edit_or_object_completion,neighbor_fill_hline_8_1,78978,,13.723075388346537,,,not_run,skipped,rule does not fit,
358,sparse_edit_or_object_completion,neighbor_fill_hline_8_2,78978,,13.723075388346537,,,not_run,skipped,rule does not fit,
358,sparse_edit_or_object_completion,neighbor_fill_vline_8_1,78978,,13.723075388346537,,,not_run,skipped,rule does not fit,
358,sparse_edit_or_object_completion,neighbor_fill_vline_8_2,78978,,13.723075388346537,,,not_run,skipped,rule does not fit,
358,sparse_edit_or_object_completion,neighbor_fill_cross_8_1,78978,,13.723075388346537,,,not_run,skipped,rule does not fit,
358,sparse_edit_or_object_completion,neighbor_fill_cross_8_2,78978,,13.723075388346537,,,not_run,skipped,rule does not fit,
358,sparse_edit_or_object_completion,neighbor_fill_cross_8_3,78978,,13.723075388346537,,,not_run,skipped,rule does not fit,
358,sparse_edit_or_object_completion,neighbor_fill_cross_8_4,78978,,13.723075388346537,,,not_run,skipped,rule does not fit,
358,sparse_edit_or_object_completion,neighbor_fill_square_8_1,78978,,13.723075388346537,,,not_run,skipped,rule does not fit,
358,sparse_edit_or_object_completion,neighbor_fill_square_8_2,78978,,13.723075388346537,,,not_run,skipped,rule does not fit,
358,sparse_edit_or_object_completion,neighbor_fill_square_8_3,78978,,13.723075388346537,,,not_run,skipped,rule does not fit,
358,sparse_edit_or_object_completion,neighbor_fill_square_8_4,78978,,13.723075388346537,,,not_run,skipped,rule does not fit,
358,sparse_edit_or_object_completion,neighbor_fill_square_8_5,78978,,13.723075388346537,,,not_run,skipped,rule does not fit,
358,sparse_edit_or_object_completion,neighbor_fill_square_8_6,78978,,13.723075388346537,,,not_run,skipped,rule does not fit,
358,sparse_edit_or_object_completion,neighbor_fill_square_8_7,78978,,13.723075388346537,,,not_run,skipped,rule does not fit,
358,sparse_edit_or_object_completion,neighbor_fill_square_8_8,78978,,13.723075388346537,,,not_run,skipped,rule does not fit,
358,sparse_edit_or_object_completion,neighbor_fill_hline_9_1,78978,,13.723075388346537,,,not_run,skipped,rule does not fit,
358,sparse_edit_or_object_completion,neighbor_fill_hline_9_2,78978,,13.723075388346537,,,not_run,skipped,rule does not fit,
358,sparse_edit_or_object_completion,neighbor_fill_vline_9_1,78978,,13.723075388346537,,,not_run,skipped,rule does not fit,
358,sparse_edit_or_object_completion,neighbor_fill_vline_9_2,78978,,13.723075388346537,,,not_run,skipped,rule does not fit,
358,sparse_edit_or_object_completion,neighbor_fill_cross_9_1,78978,,13.723075388346537,,,not_run,skipped,rule does not fit,
358,sparse_edit_or_object_completion,neighbor_fill_cross_9_2,78978,,13.723075388346537,,,not_run,skipped,rule does not fit,
358,sparse_edit_or_object_completion,neighbor_fill_cross_9_3,78978,,13.723075388346537,,,not_run,skipped,rule does not fit,
358,sparse_edit_or_object_completion,neighbor_fill_cross_9_4,78978,,13.723075388346537,,,not_run,skipped,rule does not fit,
358,sparse_edit_or_object_completion,neighbor_fill_square_9_1,78978,,13.723075388346537,,,not_run,skipped,rule does not fit,
358,sparse_edit_or_object_completion,neighbor_fill_square_9_2,78978,,13.723075388346537,,,not_run,skipped,rule does not fit,
358,sparse_edit_or_object_completion,neighbor_fill_square_9_3,78978,,13.723075388346537,,,not_run,skipped,rule does not fit,
358,sparse_edit_or_object_completion,neighbor_fill_square_9_4,78978,,13.723075388346537,,,not_run,skipped,rule does not fit,
358,sparse_edit_or_object_completion,neighbor_fill_square_9_5,78978,,13.723075388346537,,,not_run,skipped,rule does not fit,
358,sparse_edit_or_object_completion,neighbor_fill_square_9_6,78978,,13.723075388346537,,,not_run,skipped,rule does not fit,
358,sparse_edit_or_object_completion,neighbor_fill_square_9_7,78978,,13.723075388346537,,,not_run,skipped,rule does not fit,
358,sparse_edit_or_object_completion,neighbor_fill_square_9_8,78978,,13.723075388346537,,,not_run,skipped,rule does not fit,
85,sparse_edit_or_object_completion,signature_scatternd_lookup,78662,16927,13.727084528453883,15.263334740810903,39652,23_pass_0_fail,improved,ok,1b5a01899df0996c26ef0a3270d150c39cad1f9a624cf5669490202bacaed6ab
85,sparse_edit_or_object_completion,direct_identity,78662,,13.727084528453883,,,not_run,skipped,not identity,
85,sparse_edit_or_object_completion,conv_color_map,78662,,13.727084528453883,,,not_run,skipped,conflicting color map,
85,sparse_edit_or_object_completion,fixed_mask_where,78662,,13.727084528453883,,,not_run,skipped,edit target mismatch,
85,sparse_edit_or_object_completion,neighbor_fill_hline_0_1,78662,,13.727084528453883,,,not_run,skipped,rule does not fit,
85,sparse_edit_or_object_completion,neighbor_fill_hline_0_2,78662,,13.727084528453883,,,not_run,skipped,rule does not fit,
85,sparse_edit_or_object_completion,neighbor_fill_vline_0_1,78662,,13.727084528453883,,,not_run,skipped,rule does not fit,
85,sparse_edit_or_object_completion,neighbor_fill_vline_0_2,78662,,13.727084528453883,,,not_run,skipped,rule does not fit,
85,sparse_edit_or_object_completion,neighbor_fill_cross_0_1,78662,,13.727084528453883,,,not_run,skipped,rule does not fit,
85,sparse_edit_or_object_completion,neighbor_fill_cross_0_2,78662,,13.727084528453883,,,not_run,skipped,rule does not fit,
85,sparse_edit_or_object_completion,neighbor_fill_cross_0_3,78662,,13.727084528453883,,,not_run,skipped,rule does not fit,
85,sparse_edit_or_object_completion,neighbor_fill_cross_0_4,78662,,13.727084528453883,,,not_run,skipped,rule does not fit,
85,sparse_edit_or_object_completion,neighbor_fill_square_0_1,78662,,13.727084528453883,,,not_run,skipped,rule does not fit,
85,sparse_edit_or_object_completion,neighbor_fill_square_0_2,78662,,13.727084528453883,,,not_run,skipped,rule does not fit,
85,sparse_edit_or_object_completion,neighbor_fill_square_0_3,78662,,13.727084528453883,,,not_run,skipped,rule does not fit,
85,sparse_edit_or_object_completion,neighbor_fill_square_0_4,78662,,13.727084528453883,,,not_run,skipped,rule does not fit,
85,sparse_edit_or_object_completion,neighbor_fill_square_0_5,78662,,13.727084528453883,,,not_run,skipped,rule does not fit,
85,sparse_edit_or_object_completion,neighbor_fill_square_0_6,78662,,13.727084528453883,,,not_run,skipped,rule does not fit,
85,sparse_edit_or_object_completion,neighbor_fill_square_0_7,78662,,13.727084528453883,,,not_run,skipped,rule does not fit,
85,sparse_edit_or_object_completion,neighbor_fill_square_0_8,78662,,13.727084528453883,,,not_run,skipped,rule does not fit,
284,sparse_edit_or_object_completion,signature_scatternd_lookup,78555,13756,13.728445704618302,15.470769628447844,29604,24_pass_0_fail,improved,ok,f01e5a62c64d8e2109420471f283918c5ac65d710f864e16bc576ecb063237c7
284,sparse_edit_or_object_completion,direct_identity,78555,,13.728445704618302,,,not_run,skipped,not identity,
284,sparse_edit_or_object_completion,conv_color_map,78555,,13.728445704618302,,,not_run,skipped,conflicting color map,
284,sparse_edit_or_object_completion,fixed_mask_where,78555,,13.728445704618302,,,not_run,skipped,fixed edit conflict,
284,sparse_edit_or_object_completion,neighbor_fill_hline_1_1,78555,,13.728445704618302,,,not_run,skipped,rule does not fit,
284,sparse_edit_or_object_completion,neighbor_fill_hline_1_2,78555,,13.728445704618302,,,not_run,skipped,rule does not fit,
284,sparse_edit_or_object_completion,neighbor_fill_vline_1_1,78555,,13.728445704618302,,,not_run,skipped,rule does not fit,
284,sparse_edit_or_object_completion,neighbor_fill_vline_1_2,78555,,13.728445704618302,,,not_run,skipped,rule does not fit,
284,sparse_edit_or_object_completion,neighbor_fill_cross_1_1,78555,,13.728445704618302,,,not_run,skipped,rule does not fit,
284,sparse_edit_or_object_completion,neighbor_fill_cross_1_2,78555,,13.728445704618302,,,not_run,skipped,rule does not fit,
284,sparse_edit_or_object_completion,neighbor_fill_cross_1_3,78555,,13.728445704618302,,,not_run,skipped,rule does not fit,
284,sparse_edit_or_object_completion,neighbor_fill_cross_1_4,78555,,13.728445704618302,,,not_run,skipped,rule does not fit,
284,sparse_edit_or_object_completion,neighbor_fill_square_1_1,78555,,13.728445704618302,,,not_run,skipped,rule does not fit,
284,sparse_edit_or_object_completion,neighbor_fill_square_1_2,78555,,13.728445704618302,,,not_run,skipped,rule does not fit,
284,sparse_edit_or_object_completion,neighbor_fill_square_1_3,78555,,13.728445704618302,,,not_run,skipped,rule does not fit,
284,sparse_edit_or_object_completion,neighbor_fill_square_1_4,78555,,13.728445704618302,,,not_run,skipped,rule does not fit,
284,sparse_edit_or_object_completion,neighbor_fill_square_1_5,78555,,13.728445704618302,,,not_run,skipped,rule does not fit,
284,sparse_edit_or_object_completion,neighbor_fill_square_1_6,78555,,13.728445704618302,,,not_run,skipped,rule does not fit,
284,sparse_edit_or_object_completion,neighbor_fill_square_1_7,78555,,13.728445704618302,,,not_run,skipped,rule does not fit,
284,sparse_edit_or_object_completion,neighbor_fill_square_1_8,78555,,13.728445704618302,,,not_run,skipped,rule does not fit,
284,sparse_edit_or_object_completion,neighbor_fill_hline_2_1,78555,,13.728445704618302,,,not_run,skipped,rule does not fit,
284,sparse_edit_or_object_completion,neighbor_fill_hline_2_2,78555,,13.728445704618302,,,not_run,skipped,rule does not fit,
284,sparse_edit_or_object_completion,neighbor_fill_vline_2_1,78555,,13.728445704618302,,,not_run,skipped,rule does not fit,
284,sparse_edit_or_object_completion,neighbor_fill_vline_2_2,78555,,13.728445704618302,,,not_run,skipped,rule does not fit,
284,sparse_edit_or_object_completion,neighbor_fill_cross_2_1,78555,,13.728445704618302,,,not_run,skipped,rule does not fit,
284,sparse_edit_or_object_completion,neighbor_fill_cross_2_2,78555,,13.728445704618302,,,not_run,skipped,rule does not fit,
284,sparse_edit_or_object_completion,neighbor_fill_cross_2_3,78555,,13.728445704618302,,,not_run,skipped,rule does not fit,
284,sparse_edit_or_object_completion,neighbor_fill_cross_2_4,78555,,13.728445704618302,,,not_run,skipped,rule does not fit,
284,sparse_edit_or_object_completion,neighbor_fill_square_2_1,78555,,13.728445704618302,,,not_run,skipped,rule does not fit,
284,sparse_edit_or_object_completion,neighbor_fill_square_2_2,78555,,13.728445704618302,,,not_run,skipped,rule does not fit,
284,sparse_edit_or_object_completion,neighbor_fill_square_2_3,78555,,13.728445704618302,,,not_run,skipped,rule does not fit,
284,sparse_edit_or_object_completion,neighbor_fill_square_2_4,78555,,13.728445704618302,,,not_run,skipped,rule does not fit,
284,sparse_edit_or_object_completion,neighbor_fill_square_2_5,78555,,13.728445704618302,,,not_run,skipped,rule does not fit,
284,sparse_edit_or_object_completion,neighbor_fill_square_2_6,78555,,13.728445704618302,,,not_run,skipped,rule does not fit,
284,sparse_edit_or_object_completion,neighbor_fill_square_2_7,78555,,13.728445704618302,,,not_run,skipped,rule does not fit,
284,sparse_edit_or_object_completion,neighbor_fill_square_2_8,78555,,13.728445704618302,,,not_run,skipped,rule does not fit,
284,sparse_edit_or_object_completion,neighbor_fill_hline_3_1,78555,,13.728445704618302,,,not_run,skipped,rule does not fit,
284,sparse_edit_or_object_completion,neighbor_fill_hline_3_2,78555,,13.728445704618302,,,not_run,skipped,rule does not fit,
284,sparse_edit_or_object_completion,neighbor_fill_vline_3_1,78555,,13.728445704618302,,,not_run,skipped,rule does not fit,
284,sparse_edit_or_object_completion,neighbor_fill_vline_3_2,78555,,13.728445704618302,,,not_run,skipped,rule does not fit,
284,sparse_edit_or_object_completion,neighbor_fill_cross_3_1,78555,,13.728445704618302,,,not_run,skipped,rule does not fit,
284,sparse_edit_or_object_completion,neighbor_fill_cross_3_2,78555,,13.728445704618302,,,not_run,skipped,rule does not fit,
284,sparse_edit_or_object_completion,neighbor_fill_cross_3_3,78555,,13.728445704618302,,,not_run,skipped,rule does not fit,
284,sparse_edit_or_object_completion,neighbor_fill_cross_3_4,78555,,13.728445704618302,,,not_run,skipped,rule does not fit,
284,sparse_edit_or_object_completion,neighbor_fill_square_3_1,78555,,13.728445704618302,,,not_run,skipped,rule does not fit,
284,sparse_edit_or_object_completion,neighbor_fill_square_3_2,78555,,13.728445704618302,,,not_run,skipped,rule does not fit,
284,sparse_edit_or_object_completion,neighbor_fill_square_3_3,78555,,13.728445704618302,,,not_run,skipped,rule does not fit,
284,sparse_edit_or_object_completion,neighbor_fill_square_3_4,78555,,13.728445704618302,,,not_run,skipped,rule does not fit,
284,sparse_edit_or_object_completion,neighbor_fill_square_3_5,78555,,13.728445704618302,,,not_run,skipped,rule does not fit,
284,sparse_edit_or_object_completion,neighbor_fill_square_3_6,78555,,13.728445704618302,,,not_run,skipped,rule does not fit,
284,sparse_edit_or_object_completion,neighbor_fill_square_3_7,78555,,13.728445704618302,,,not_run,skipped,rule does not fit,
284,sparse_edit_or_object_completion,neighbor_fill_square_3_8,78555,,13.728445704618302,,,not_run,skipped,rule does not fit,
284,sparse_edit_or_object_completion,neighbor_fill_hline_4_1,78555,,13.728445704618302,,,not_run,skipped,rule does not fit,
284,sparse_edit_or_object_completion,neighbor_fill_hline_4_2,78555,,13.728445704618302,,,not_run,skipped,rule does not fit,
284,sparse_edit_or_object_completion,neighbor_fill_vline_4_1,78555,,13.728445704618302,,,not_run,skipped,rule does not fit,
284,sparse_edit_or_object_completion,neighbor_fill_vline_4_2,78555,,13.728445704618302,,,not_run,skipped,rule does not fit,
284,sparse_edit_or_object_completion,neighbor_fill_cross_4_1,78555,,13.728445704618302,,,not_run,skipped,rule does not fit,
284,sparse_edit_or_object_completion,neighbor_fill_cross_4_2,78555,,13.728445704618302,,,not_run,skipped,rule does not fit,
284,sparse_edit_or_object_completion,neighbor_fill_cross_4_3,78555,,13.728445704618302,,,not_run,skipped,rule does not fit,
284,sparse_edit_or_object_completion,neighbor_fill_cross_4_4,78555,,13.728445704618302,,,not_run,skipped,rule does not fit,
284,sparse_edit_or_object_completion,neighbor_fill_square_4_1,78555,,13.728445704618302,,,not_run,skipped,rule does not fit,
284,sparse_edit_or_object_completion,neighbor_fill_square_4_2,78555,,13.728445704618302,,,not_run,skipped,rule does not fit,
284,sparse_edit_or_object_completion,neighbor_fill_square_4_3,78555,,13.728445704618302,,,not_run,skipped,rule does not fit,
284,sparse_edit_or_object_completion,neighbor_fill_square_4_4,78555,,13.728445704618302,,,not_run,skipped,rule does not fit,
284,sparse_edit_or_object_completion,neighbor_fill_square_4_5,78555,,13.728445704618302,,,not_run,skipped,rule does not fit,
284,sparse_edit_or_object_completion,neighbor_fill_square_4_6,78555,,13.728445704618302,,,not_run,skipped,rule does not fit,
284,sparse_edit_or_object_completion,neighbor_fill_square_4_7,78555,,13.728445704618302,,,not_run,skipped,rule does not fit,
284,sparse_edit_or_object_completion,neighbor_fill_square_4_8,78555,,13.728445704618302,,,not_run,skipped,rule does not fit,
284,sparse_edit_or_object_completion,neighbor_fill_hline_5_1,78555,,13.728445704618302,,,not_run,skipped,rule does not fit,
284,sparse_edit_or_object_completion,neighbor_fill_hline_5_2,78555,,13.728445704618302,,,not_run,skipped,rule does not fit,
284,sparse_edit_or_object_completion,neighbor_fill_vline_5_1,78555,,13.728445704618302,,,not_run,skipped,rule does not fit,
284,sparse_edit_or_object_completion,neighbor_fill_vline_5_2,78555,,13.728445704618302,,,not_run,skipped,rule does not fit,
284,sparse_edit_or_object_completion,neighbor_fill_cross_5_1,78555,,13.728445704618302,,,not_run,skipped,rule does not fit,
284,sparse_edit_or_object_completion,neighbor_fill_cross_5_2,78555,,13.728445704618302,,,not_run,skipped,rule does not fit,
284,sparse_edit_or_object_completion,neighbor_fill_cross_5_3,78555,,13.728445704618302,,,not_run,skipped,rule does not fit,
284,sparse_edit_or_object_completion,neighbor_fill_cross_5_4,78555,,13.728445704618302,,,not_run,skipped,rule does not fit,
284,sparse_edit_or_object_completion,neighbor_fill_square_5_1,78555,,13.728445704618302,,,not_run,skipped,rule does not fit,
284,sparse_edit_or_object_completion,neighbor_fill_square_5_2,78555,,13.728445704618302,,,not_run,skipped,rule does not fit,
284,sparse_edit_or_object_completion,neighbor_fill_square_5_3,78555,,13.728445704618302,,,not_run,skipped,rule does not fit,
284,sparse_edit_or_object_completion,neighbor_fill_square_5_4,78555,,13.728445704618302,,,not_run,skipped,rule does not fit,
284,sparse_edit_or_object_completion,neighbor_fill_square_5_5,78555,,13.728445704618302,,,not_run,skipped,rule does not fit,
284,sparse_edit_or_object_completion,neighbor_fill_square_5_6,78555,,13.728445704618302,,,not_run,skipped,rule does not fit,
284,sparse_edit_or_object_completion,neighbor_fill_square_5_7,78555,,13.728445704618302,,,not_run,skipped,rule does not fit,
284,sparse_edit_or_object_completion,neighbor_fill_square_5_8,78555,,13.728445704618302,,,not_run,skipped,rule does not fit,
284,sparse_edit_or_object_completion,neighbor_fill_hline_6_1,78555,,13.728445704618302,,,not_run,skipped,rule does not fit,
284,sparse_edit_or_object_completion,neighbor_fill_hline_6_2,78555,,13.728445704618302,,,not_run,skipped,rule does not fit,
284,sparse_edit_or_object_completion,neighbor_fill_vline_6_1,78555,,13.728445704618302,,,not_run,skipped,rule does not fit,
284,sparse_edit_or_object_completion,neighbor_fill_vline_6_2,78555,,13.728445704618302,,,not_run,skipped,rule does not fit,
284,sparse_edit_or_object_completion,neighbor_fill_cross_6_1,78555,,13.728445704618302,,,not_run,skipped,rule does not fit,
284,sparse_edit_or_object_completion,neighbor_fill_cross_6_2,78555,,13.728445704618302,,,not_run,skipped,rule does not fit,
284,sparse_edit_or_object_completion,neighbor_fill_cross_6_3,78555,,13.728445704618302,,,not_run,skipped,rule does not fit,
284,sparse_edit_or_object_completion,neighbor_fill_cross_6_4,78555,,13.728445704618302,,,not_run,skipped,rule does not fit,
284,sparse_edit_or_object_completion,neighbor_fill_square_6_1,78555,,13.728445704618302,,,not_run,skipped,rule does not fit,
284,sparse_edit_or_object_completion,neighbor_fill_square_6_2,78555,,13.728445704618302,,,not_run,skipped,rule does not fit,
284,sparse_edit_or_object_completion,neighbor_fill_square_6_3,78555,,13.728445704618302,,,not_run,skipped,rule does not fit,
284,sparse_edit_or_object_completion,neighbor_fill_square_6_4,78555,,13.728445704618302,,,not_run,skipped,rule does not fit,
284,sparse_edit_or_object_completion,neighbor_fill_square_6_5,78555,,13.728445704618302,,,not_run,skipped,rule does not fit,
284,sparse_edit_or_object_completion,neighbor_fill_square_6_6,78555,,13.728445704618302,,,not_run,skipped,rule does not fit,
284,sparse_edit_or_object_completion,neighbor_fill_square_6_7,78555,,13.728445704618302,,,not_run,skipped,rule does not fit,
284,sparse_edit_or_object_completion,neighbor_fill_square_6_8,78555,,13.728445704618302,,,not_run,skipped,rule does not fit,
284,sparse_edit_or_object_completion,neighbor_fill_hline_7_1,78555,,13.728445704618302,,,not_run,skipped,rule does not fit,
284,sparse_edit_or_object_completion,neighbor_fill_hline_7_2,78555,,13.728445704618302,,,not_run,skipped,rule does not fit,
284,sparse_edit_or_object_completion,neighbor_fill_vline_7_1,78555,,13.728445704618302,,,not_run,skipped,rule does not fit,
284,sparse_edit_or_object_completion,neighbor_fill_vline_7_2,78555,,13.728445704618302,,,not_run,skipped,rule does not fit,
284,sparse_edit_or_object_completion,neighbor_fill_cross_7_1,78555,,13.728445704618302,,,not_run,skipped,rule does not fit,
284,sparse_edit_or_object_completion,neighbor_fill_cross_7_2,78555,,13.728445704618302,,,not_run,skipped,rule does not fit,
284,sparse_edit_or_object_completion,neighbor_fill_cross_7_3,78555,,13.728445704618302,,,not_run,skipped,rule does not fit,
284,sparse_edit_or_object_completion,neighbor_fill_cross_7_4,78555,,13.728445704618302,,,not_run,skipped,rule does not fit,
284,sparse_edit_or_object_completion,neighbor_fill_square_7_1,78555,,13.728445704618302,,,not_run,skipped,rule does not fit,
284,sparse_edit_or_object_completion,neighbor_fill_square_7_2,78555,,13.728445704618302,,,not_run,skipped,rule does not fit,
284,sparse_edit_or_object_completion,neighbor_fill_square_7_3,78555,,13.728445704618302,,,not_run,skipped,rule does not fit,
284,sparse_edit_or_object_completion,neighbor_fill_square_7_4,78555,,13.728445704618302,,,not_run,skipped,rule does not fit,
284,sparse_edit_or_object_completion,neighbor_fill_square_7_5,78555,,13.728445704618302,,,not_run,skipped,rule does not fit,
284,sparse_edit_or_object_completion,neighbor_fill_square_7_6,78555,,13.728445704618302,,,not_run,skipped,rule does not fit,
284,sparse_edit_or_object_completion,neighbor_fill_square_7_7,78555,,13.728445704618302,,,not_run,skipped,rule does not fit,
284,sparse_edit_or_object_completion,neighbor_fill_square_7_8,78555,,13.728445704618302,,,not_run,skipped,rule does not fit,
284,sparse_edit_or_object_completion,neighbor_fill_hline_8_1,78555,,13.728445704618302,,,not_run,skipped,rule does not fit,
284,sparse_edit_or_object_completion,neighbor_fill_hline_8_2,78555,,13.728445704618302,,,not_run,skipped,rule does not fit,
284,sparse_edit_or_object_completion,neighbor_fill_vline_8_1,78555,,13.728445704618302,,,not_run,skipped,rule does not fit,
284,sparse_edit_or_object_completion,neighbor_fill_vline_8_2,78555,,13.728445704618302,,,not_run,skipped,rule does not fit,
284,sparse_edit_or_object_completion,neighbor_fill_cross_8_1,78555,,13.728445704618302,,,not_run,skipped,rule does not fit,
284,sparse_edit_or_object_completion,neighbor_fill_cross_8_2,78555,,13.728445704618302,,,not_run,skipped,rule does not fit,
284,sparse_edit_or_object_completion,neighbor_fill_cross_8_3,78555,,13.728445704618302,,,not_run,skipped,rule does not fit,
284,sparse_edit_or_object_completion,neighbor_fill_cross_8_4,78555,,13.728445704618302,,,not_run,skipped,rule does not fit,
284,sparse_edit_or_object_completion,neighbor_fill_square_8_1,78555,,13.728445704618302,,,not_run,skipped,rule does not fit,
284,sparse_edit_or_object_completion,neighbor_fill_square_8_2,78555,,13.728445704618302,,,not_run,skipped,rule does not fit,
284,sparse_edit_or_object_completion,neighbor_fill_square_8_3,78555,,13.728445704618302,,,not_run,skipped,rule does not fit,
284,sparse_edit_or_object_completion,neighbor_fill_square_8_4,78555,,13.728445704618302,,,not_run,skipped,rule does not fit,
284,sparse_edit_or_object_completion,neighbor_fill_square_8_5,78555,,13.728445704618302,,,not_run,skipped,rule does not fit,
284,sparse_edit_or_object_completion,neighbor_fill_square_8_6,78555,,13.728445704618302,,,not_run,skipped,rule does not fit,
284,sparse_edit_or_object_completion,neighbor_fill_square_8_7,78555,,13.728445704618302,,,not_run,skipped,rule does not fit,
284,sparse_edit_or_object_completion,neighbor_fill_square_8_8,78555,,13.728445704618302,,,not_run,skipped,rule does not fit,
284,sparse_edit_or_object_completion,neighbor_fill_hline_9_1,78555,,13.728445704618302,,,not_run,skipped,rule does not fit,
284,sparse_edit_or_object_completion,neighbor_fill_hline_9_2,78555,,13.728445704618302,,,not_run,skipped,rule does not fit,
284,sparse_edit_or_object_completion,neighbor_fill_vline_9_1,78555,,13.728445704618302,,,not_run,skipped,rule does not fit,
284,sparse_edit_or_object_completion,neighbor_fill_vline_9_2,78555,,13.728445704618302,,,not_run,skipped,rule does not fit,
284,sparse_edit_or_object_completion,neighbor_fill_cross_9_1,78555,,13.728445704618302,,,not_run,skipped,rule does not fit,
284,sparse_edit_or_object_completion,neighbor_fill_cross_9_2,78555,,13.728445704618302,,,not_run,skipped,rule does not fit,
284,sparse_edit_or_object_completion,neighbor_fill_cross_9_3,78555,,13.728445704618302,,,not_run,skipped,rule does not fit,
284,sparse_edit_or_object_completion,neighbor_fill_cross_9_4,78555,,13.728445704618302,,,not_run,skipped,rule does not fit,
284,sparse_edit_or_object_completion,neighbor_fill_square_9_1,78555,,13.728445704618302,,,not_run,skipped,rule does not fit,
284,sparse_edit_or_object_completion,neighbor_fill_square_9_2,78555,,13.728445704618302,,,not_run,skipped,rule does not fit,
284,sparse_edit_or_object_completion,neighbor_fill_square_9_3,78555,,13.728445704618302,,,not_run,skipped,rule does not fit,
284,sparse_edit_or_object_completion,neighbor_fill_square_9_4,78555,,13.728445704618302,,,not_run,skipped,rule does not fit,
284,sparse_edit_or_object_completion,neighbor_fill_square_9_5,78555,,13.728445704618302,,,not_run,skipped,rule does not fit,
284,sparse_edit_or_object_completion,neighbor_fill_square_9_6,78555,,13.728445704618302,,,not_run,skipped,rule does not fit,
284,sparse_edit_or_object_completion,neighbor_fill_square_9_7,78555,,13.728445704618302,,,not_run,skipped,rule does not fit,
284,sparse_edit_or_object_completion,neighbor_fill_square_9_8,78555,,13.728445704618302,,,not_run,skipped,rule does not fit,
364,sparse_edit_or_object_completion,signature_scatternd_lookup,77859,26076,13.737345222483407,14.83122936995557,62564,24_pass_0_fail,improved,ok,53a5b0dcbfd25dafb033d0e856a4693444cc942e29f24c94874a8f4c90b2aea5
364,sparse_edit_or_object_completion,direct_identity,77859,,13.737345222483407,,,not_run,skipped,not identity,
364,sparse_edit_or_object_completion,conv_color_map,77859,,13.737345222483407,,,not_run,skipped,conflicting color map,
364,sparse_edit_or_object_completion,fixed_mask_where,77859,,13.737345222483407,,,not_run,skipped,fixed edit conflict,
364,sparse_edit_or_object_completion,neighbor_fill_hline_1_1,77859,,13.737345222483407,,,not_run,skipped,rule does not fit,
364,sparse_edit_or_object_completion,neighbor_fill_hline_1_2,77859,,13.737345222483407,,,not_run,skipped,rule does not fit,
364,sparse_edit_or_object_completion,neighbor_fill_vline_1_1,77859,,13.737345222483407,,,not_run,skipped,rule does not fit,
364,sparse_edit_or_object_completion,neighbor_fill_vline_1_2,77859,,13.737345222483407,,,not_run,skipped,rule does not fit,
364,sparse_edit_or_object_completion,neighbor_fill_cross_1_1,77859,,13.737345222483407,,,not_run,skipped,rule does not fit,
364,sparse_edit_or_object_completion,neighbor_fill_cross_1_2,77859,,13.737345222483407,,,not_run,skipped,rule does not fit,
364,sparse_edit_or_object_completion,neighbor_fill_cross_1_3,77859,,13.737345222483407,,,not_run,skipped,rule does not fit,
364,sparse_edit_or_object_completion,neighbor_fill_cross_1_4,77859,,13.737345222483407,,,not_run,skipped,rule does not fit,
364,sparse_edit_or_object_completion,neighbor_fill_square_1_1,77859,,13.737345222483407,,,not_run,skipped,rule does not fit,
364,sparse_edit_or_object_completion,neighbor_fill_square_1_2,77859,,13.737345222483407,,,not_run,skipped,rule does not fit,
364,sparse_edit_or_object_completion,neighbor_fill_square_1_3,77859,,13.737345222483407,,,not_run,skipped,rule does not fit,
364,sparse_edit_or_object_completion,neighbor_fill_square_1_4,77859,,13.737345222483407,,,not_run,skipped,rule does not fit,
364,sparse_edit_or_object_completion,neighbor_fill_square_1_5,77859,,13.737345222483407,,,not_run,skipped,rule does not fit,
364,sparse_edit_or_object_completion,neighbor_fill_square_1_6,77859,,13.737345222483407,,,not_run,skipped,rule does not fit,
364,sparse_edit_or_object_completion,neighbor_fill_square_1_7,77859,,13.737345222483407,,,not_run,skipped,rule does not fit,
364,sparse_edit_or_object_completion,neighbor_fill_square_1_8,77859,,13.737345222483407,,,not_run,skipped,rule does not fit,
364,sparse_edit_or_object_completion,neighbor_fill_hline_2_1,77859,,13.737345222483407,,,not_run,skipped,rule does not fit,
364,sparse_edit_or_object_completion,neighbor_fill_hline_2_2,77859,,13.737345222483407,,,not_run,skipped,rule does not fit,
364,sparse_edit_or_object_completion,neighbor_fill_vline_2_1,77859,,13.737345222483407,,,not_run,skipped,rule does not fit,
364,sparse_edit_or_object_completion,neighbor_fill_vline_2_2,77859,,13.737345222483407,,,not_run,skipped,rule does not fit,
364,sparse_edit_or_object_completion,neighbor_fill_cross_2_1,77859,,13.737345222483407,,,not_run,skipped,rule does not fit,
364,sparse_edit_or_object_completion,neighbor_fill_cross_2_2,77859,,13.737345222483407,,,not_run,skipped,rule does not fit,
364,sparse_edit_or_object_completion,neighbor_fill_cross_2_3,77859,,13.737345222483407,,,not_run,skipped,rule does not fit,
364,sparse_edit_or_object_completion,neighbor_fill_cross_2_4,77859,,13.737345222483407,,,not_run,skipped,rule does not fit,
364,sparse_edit_or_object_completion,neighbor_fill_square_2_1,77859,,13.737345222483407,,,not_run,skipped,rule does not fit,
364,sparse_edit_or_object_completion,neighbor_fill_square_2_2,77859,,13.737345222483407,,,not_run,skipped,rule does not fit,
364,sparse_edit_or_object_completion,neighbor_fill_square_2_3,77859,,13.737345222483407,,,not_run,skipped,rule does not fit,
364,sparse_edit_or_object_completion,neighbor_fill_square_2_4,77859,,13.737345222483407,,,not_run,skipped,rule does not fit,
364,sparse_edit_or_object_completion,neighbor_fill_square_2_5,77859,,13.737345222483407,,,not_run,skipped,rule does not fit,
364,sparse_edit_or_object_completion,neighbor_fill_square_2_6,77859,,13.737345222483407,,,not_run,skipped,rule does not fit,
364,sparse_edit_or_object_completion,neighbor_fill_square_2_7,77859,,13.737345222483407,,,not_run,skipped,rule does not fit,
364,sparse_edit_or_object_completion,neighbor_fill_square_2_8,77859,,13.737345222483407,,,not_run,skipped,rule does not fit,
364,sparse_edit_or_object_completion,neighbor_fill_hline_6_1,77859,,13.737345222483407,,,not_run,skipped,rule does not fit,
364,sparse_edit_or_object_completion,neighbor_fill_hline_6_2,77859,,13.737345222483407,,,not_run,skipped,rule does not fit,
364,sparse_edit_or_object_completion,neighbor_fill_vline_6_1,77859,,13.737345222483407,,,not_run,skipped,rule does not fit,
364,sparse_edit_or_object_completion,neighbor_fill_vline_6_2,77859,,13.737345222483407,,,not_run,skipped,rule does not fit,
364,sparse_edit_or_object_completion,neighbor_fill_cross_6_1,77859,,13.737345222483407,,,not_run,skipped,rule does not fit,
364,sparse_edit_or_object_completion,neighbor_fill_cross_6_2,77859,,13.737345222483407,,,not_run,skipped,rule does not fit,
364,sparse_edit_or_object_completion,neighbor_fill_cross_6_3,77859,,13.737345222483407,,,not_run,skipped,rule does not fit,
364,sparse_edit_or_object_completion,neighbor_fill_cross_6_4,77859,,13.737345222483407,,,not_run,skipped,rule does not fit,
364,sparse_edit_or_object_completion,neighbor_fill_square_6_1,77859,,13.737345222483407,,,not_run,skipped,rule does not fit,
364,sparse_edit_or_object_completion,neighbor_fill_square_6_2,77859,,13.737345222483407,,,not_run,skipped,rule does not fit,
364,sparse_edit_or_object_completion,neighbor_fill_square_6_3,77859,,13.737345222483407,,,not_run,skipped,rule does not fit,
364,sparse_edit_or_object_completion,neighbor_fill_square_6_4,77859,,13.737345222483407,,,not_run,skipped,rule does not fit,
364,sparse_edit_or_object_completion,neighbor_fill_square_6_5,77859,,13.737345222483407,,,not_run,skipped,rule does not fit,
364,sparse_edit_or_object_completion,neighbor_fill_square_6_6,77859,,13.737345222483407,,,not_run,skipped,rule does not fit,
364,sparse_edit_or_object_completion,neighbor_fill_square_6_7,77859,,13.737345222483407,,,not_run,skipped,rule does not fit,
364,sparse_edit_or_object_completion,neighbor_fill_square_6_8,77859,,13.737345222483407,,,not_run,skipped,rule does not fit,
64,sparse_edit_or_object_completion,signature_scatternd_lookup,77502,10772,13.74194097853993,15.71529454606851,22638,25_pass_0_fail,improved,ok,89c1f3220bbd9a5686fc082d7f9aa36196eae57c65bf7f5547f6bd0cd35785a5
64,sparse_edit_or_object_completion,direct_identity,77502,,13.74194097853993,,,not_run,skipped,not identity,
64,sparse_edit_or_object_completion,conv_color_map,77502,,13.74194097853993,,,not_run,skipped,conflicting color map,
64,sparse_edit_or_object_completion,fixed_mask_where,77502,,13.74194097853993,,,not_run,skipped,fixed edit conflict,
64,sparse_edit_or_object_completion,neighbor_fill_hline_1_1,77502,,13.74194097853993,,,not_run,skipped,rule does not fit,
64,sparse_edit_or_object_completion,neighbor_fill_hline_1_2,77502,,13.74194097853993,,,not_run,skipped,rule does not fit,
64,sparse_edit_or_object_completion,neighbor_fill_vline_1_1,77502,,13.74194097853993,,,not_run,skipped,rule does not fit,
64,sparse_edit_or_object_completion,neighbor_fill_vline_1_2,77502,,13.74194097853993,,,not_run,skipped,rule does not fit,
64,sparse_edit_or_object_completion,neighbor_fill_cross_1_1,77502,,13.74194097853993,,,not_run,skipped,rule does not fit,
64,sparse_edit_or_object_completion,neighbor_fill_cross_1_2,77502,,13.74194097853993,,,not_run,skipped,rule does not fit,
64,sparse_edit_or_object_completion,neighbor_fill_cross_1_3,77502,,13.74194097853993,,,not_run,skipped,rule does not fit,
64,sparse_edit_or_object_completion,neighbor_fill_cross_1_4,77502,,13.74194097853993,,,not_run,skipped,rule does not fit,
64,sparse_edit_or_object_completion,neighbor_fill_square_1_1,77502,,13.74194097853993,,,not_run,skipped,rule does not fit,
64,sparse_edit_or_object_completion,neighbor_fill_square_1_2,77502,,13.74194097853993,,,not_run,skipped,rule does not fit,
64,sparse_edit_or_object_completion,neighbor_fill_square_1_3,77502,,13.74194097853993,,,not_run,skipped,rule does not fit,
64,sparse_edit_or_object_completion,neighbor_fill_square_1_4,77502,,13.74194097853993,,,not_run,skipped,rule does not fit,
64,sparse_edit_or_object_completion,neighbor_fill_square_1_5,77502,,13.74194097853993,,,not_run,skipped,rule does not fit,
64,sparse_edit_or_object_completion,neighbor_fill_square_1_6,77502,,13.74194097853993,,,not_run,skipped,rule does not fit,
64,sparse_edit_or_object_completion,neighbor_fill_square_1_7,77502,,13.74194097853993,,,not_run,skipped,rule does not fit,
64,sparse_edit_or_object_completion,neighbor_fill_square_1_8,77502,,13.74194097853993,,,not_run,skipped,rule does not fit,
64,sparse_edit_or_object_completion,neighbor_fill_hline_2_1,77502,,13.74194097853993,,,not_run,skipped,rule does not fit,
64,sparse_edit_or_object_completion,neighbor_fill_hline_2_2,77502,,13.74194097853993,,,not_run,skipped,rule does not fit,
64,sparse_edit_or_object_completion,neighbor_fill_vline_2_1,77502,,13.74194097853993,,,not_run,skipped,rule does not fit,
64,sparse_edit_or_object_completion,neighbor_fill_vline_2_2,77502,,13.74194097853993,,,not_run,skipped,rule does not fit,
64,sparse_edit_or_object_completion,neighbor_fill_cross_2_1,77502,,13.74194097853993,,,not_run,skipped,rule does not fit,
64,sparse_edit_or_object_completion,neighbor_fill_cross_2_2,77502,,13.74194097853993,,,not_run,skipped,rule does not fit,
64,sparse_edit_or_object_completion,neighbor_fill_cross_2_3,77502,,13.74194097853993,,,not_run,skipped,rule does not fit,
64,sparse_edit_or_object_completion,neighbor_fill_cross_2_4,77502,,13.74194097853993,,,not_run,skipped,rule does not fit,
64,sparse_edit_or_object_completion,neighbor_fill_square_2_1,77502,,13.74194097853993,,,not_run,skipped,rule does not fit,
64,sparse_edit_or_object_completion,neighbor_fill_square_2_2,77502,,13.74194097853993,,,not_run,skipped,rule does not fit,
64,sparse_edit_or_object_completion,neighbor_fill_square_2_3,77502,,13.74194097853993,,,not_run,skipped,rule does not fit,
64,sparse_edit_or_object_completion,neighbor_fill_square_2_4,77502,,13.74194097853993,,,not_run,skipped,rule does not fit,
64,sparse_edit_or_object_completion,neighbor_fill_square_2_5,77502,,13.74194097853993,,,not_run,skipped,rule does not fit,
64,sparse_edit_or_object_completion,neighbor_fill_square_2_6,77502,,13.74194097853993,,,not_run,skipped,rule does not fit,
64,sparse_edit_or_object_completion,neighbor_fill_square_2_7,77502,,13.74194097853993,,,not_run,skipped,rule does not fit,
64,sparse_edit_or_object_completion,neighbor_fill_square_2_8,77502,,13.74194097853993,,,not_run,skipped,rule does not fit,
64,sparse_edit_or_object_completion,neighbor_fill_hline_3_1,77502,,13.74194097853993,,,not_run,skipped,rule does not fit,
64,sparse_edit_or_object_completion,neighbor_fill_hline_3_2,77502,,13.74194097853993,,,not_run,skipped,rule does not fit,
64,sparse_edit_or_object_completion,neighbor_fill_vline_3_1,77502,,13.74194097853993,,,not_run,skipped,rule does not fit,
64,sparse_edit_or_object_completion,neighbor_fill_vline_3_2,77502,,13.74194097853993,,,not_run,skipped,rule does not fit,
64,sparse_edit_or_object_completion,neighbor_fill_cross_3_1,77502,,13.74194097853993,,,not_run,skipped,rule does not fit,
64,sparse_edit_or_object_completion,neighbor_fill_cross_3_2,77502,,13.74194097853993,,,not_run,skipped,rule does not fit,
64,sparse_edit_or_object_completion,neighbor_fill_cross_3_3,77502,,13.74194097853993,,,not_run,skipped,rule does not fit,
64,sparse_edit_or_object_completion,neighbor_fill_cross_3_4,77502,,13.74194097853993,,,not_run,skipped,rule does not fit,
64,sparse_edit_or_object_completion,neighbor_fill_square_3_1,77502,,13.74194097853993,,,not_run,skipped,rule does not fit,
64,sparse_edit_or_object_completion,neighbor_fill_square_3_2,77502,,13.74194097853993,,,not_run,skipped,rule does not fit,
64,sparse_edit_or_object_completion,neighbor_fill_square_3_3,77502,,13.74194097853993,,,not_run,skipped,rule does not fit,
64,sparse_edit_or_object_completion,neighbor_fill_square_3_4,77502,,13.74194097853993,,,not_run,skipped,rule does not fit,
64,sparse_edit_or_object_completion,neighbor_fill_square_3_5,77502,,13.74194097853993,,,not_run,skipped,rule does not fit,
64,sparse_edit_or_object_completion,neighbor_fill_square_3_6,77502,,13.74194097853993,,,not_run,skipped,rule does not fit,
64,sparse_edit_or_object_completion,neighbor_fill_square_3_7,77502,,13.74194097853993,,,not_run,skipped,rule does not fit,
64,sparse_edit_or_object_completion,neighbor_fill_square_3_8,77502,,13.74194097853993,,,not_run,skipped,rule does not fit,
64,sparse_edit_or_object_completion,neighbor_fill_hline_4_1,77502,,13.74194097853993,,,not_run,skipped,rule does not fit,
64,sparse_edit_or_object_completion,neighbor_fill_hline_4_2,77502,,13.74194097853993,,,not_run,skipped,rule does not fit,
64,sparse_edit_or_object_completion,neighbor_fill_vline_4_1,77502,,13.74194097853993,,,not_run,skipped,rule does not fit,
64,sparse_edit_or_object_completion,neighbor_fill_vline_4_2,77502,,13.74194097853993,,,not_run,skipped,rule does not fit,
64,sparse_edit_or_object_completion,neighbor_fill_cross_4_1,77502,,13.74194097853993,,,not_run,skipped,rule does not fit,
64,sparse_edit_or_object_completion,neighbor_fill_cross_4_2,77502,,13.74194097853993,,,not_run,skipped,rule does not fit,
64,sparse_edit_or_object_completion,neighbor_fill_cross_4_3,77502,,13.74194097853993,,,not_run,skipped,rule does not fit,
64,sparse_edit_or_object_completion,neighbor_fill_cross_4_4,77502,,13.74194097853993,,,not_run,skipped,rule does not fit,
64,sparse_edit_or_object_completion,neighbor_fill_square_4_1,77502,,13.74194097853993,,,not_run,skipped,rule does not fit,
64,sparse_edit_or_object_completion,neighbor_fill_square_4_2,77502,,13.74194097853993,,,not_run,skipped,rule does not fit,
64,sparse_edit_or_object_completion,neighbor_fill_square_4_3,77502,,13.74194097853993,,,not_run,skipped,rule does not fit,
64,sparse_edit_or_object_completion,neighbor_fill_square_4_4,77502,,13.74194097853993,,,not_run,skipped,rule does not fit,
64,sparse_edit_or_object_completion,neighbor_fill_square_4_5,77502,,13.74194097853993,,,not_run,skipped,rule does not fit,
64,sparse_edit_or_object_completion,neighbor_fill_square_4_6,77502,,13.74194097853993,,,not_run,skipped,rule does not fit,
64,sparse_edit_or_object_completion,neighbor_fill_square_4_7,77502,,13.74194097853993,,,not_run,skipped,rule does not fit,
64,sparse_edit_or_object_completion,neighbor_fill_square_4_8,77502,,13.74194097853993,,,not_run,skipped,rule does not fit,
64,sparse_edit_or_object_completion,neighbor_fill_hline_6_1,77502,,13.74194097853993,,,not_run,skipped,rule does not fit,
64,sparse_edit_or_object_completion,neighbor_fill_hline_6_2,77502,,13.74194097853993,,,not_run,skipped,rule does not fit,
64,sparse_edit_or_object_completion,neighbor_fill_vline_6_1,77502,,13.74194097853993,,,not_run,skipped,rule does not fit,
64,sparse_edit_or_object_completion,neighbor_fill_vline_6_2,77502,,13.74194097853993,,,not_run,skipped,rule does not fit,
64,sparse_edit_or_object_completion,neighbor_fill_cross_6_1,77502,,13.74194097853993,,,not_run,skipped,rule does not fit,
64,sparse_edit_or_object_completion,neighbor_fill_cross_6_2,77502,,13.74194097853993,,,not_run,skipped,rule does not fit,
64,sparse_edit_or_object_completion,neighbor_fill_cross_6_3,77502,,13.74194097853993,,,not_run,skipped,rule does not fit,
64,sparse_edit_or_object_completion,neighbor_fill_cross_6_4,77502,,13.74194097853993,,,not_run,skipped,rule does not fit,
64,sparse_edit_or_object_completion,neighbor_fill_square_6_1,77502,,13.74194097853993,,,not_run,skipped,rule does not fit,
64,sparse_edit_or_object_completion,neighbor_fill_square_6_2,77502,,13.74194097853993,,,not_run,skipped,rule does not fit,
64,sparse_edit_or_object_completion,neighbor_fill_square_6_3,77502,,13.74194097853993,,,not_run,skipped,rule does not fit,
64,sparse_edit_or_object_completion,neighbor_fill_square_6_4,77502,,13.74194097853993,,,not_run,skipped,rule does not fit,
64,sparse_edit_or_object_completion,neighbor_fill_square_6_5,77502,,13.74194097853993,,,not_run,skipped,rule does not fit,
64,sparse_edit_or_object_completion,neighbor_fill_square_6_6,77502,,13.74194097853993,,,not_run,skipped,rule does not fit,
64,sparse_edit_or_object_completion,neighbor_fill_square_6_7,77502,,13.74194097853993,,,not_run,skipped,rule does not fit,
64,sparse_edit_or_object_completion,neighbor_fill_square_6_8,77502,,13.74194097853993,,,not_run,skipped,rule does not fit,
64,sparse_edit_or_object_completion,neighbor_fill_hline_7_1,77502,,13.74194097853993,,,not_run,skipped,rule does not fit,
64,sparse_edit_or_object_completion,neighbor_fill_hline_7_2,77502,,13.74194097853993,,,not_run,skipped,rule does not fit,
64,sparse_edit_or_object_completion,neighbor_fill_vline_7_1,77502,,13.74194097853993,,,not_run,skipped,rule does not fit,
64,sparse_edit_or_object_completion,neighbor_fill_vline_7_2,77502,,13.74194097853993,,,not_run,skipped,rule does not fit,
64,sparse_edit_or_object_completion,neighbor_fill_cross_7_1,77502,,13.74194097853993,,,not_run,skipped,rule does not fit,
64,sparse_edit_or_object_completion,neighbor_fill_cross_7_2,77502,,13.74194097853993,,,not_run,skipped,rule does not fit,
64,sparse_edit_or_object_completion,neighbor_fill_cross_7_3,77502,,13.74194097853993,,,not_run,skipped,rule does not fit,
64,sparse_edit_or_object_completion,neighbor_fill_cross_7_4,77502,,13.74194097853993,,,not_run,skipped,rule does not fit,
64,sparse_edit_or_object_completion,neighbor_fill_square_7_1,77502,,13.74194097853993,,,not_run,skipped,rule does not fit,
64,sparse_edit_or_object_completion,neighbor_fill_square_7_2,77502,,13.74194097853993,,,not_run,skipped,rule does not fit,
64,sparse_edit_or_object_completion,neighbor_fill_square_7_3,77502,,13.74194097853993,,,not_run,skipped,rule does not fit,
64,sparse_edit_or_object_completion,neighbor_fill_square_7_4,77502,,13.74194097853993,,,not_run,skipped,rule does not fit,
64,sparse_edit_or_object_completion,neighbor_fill_square_7_5,77502,,13.74194097853993,,,not_run,skipped,rule does not fit,
64,sparse_edit_or_object_completion,neighbor_fill_square_7_6,77502,,13.74194097853993,,,not_run,skipped,rule does not fit,
64,sparse_edit_or_object_completion,neighbor_fill_square_7_7,77502,,13.74194097853993,,,not_run,skipped,rule does not fit,
64,sparse_edit_or_object_completion,neighbor_fill_square_7_8,77502,,13.74194097853993,,,not_run,skipped,rule does not fit,
64,sparse_edit_or_object_completion,neighbor_fill_hline_8_1,77502,,13.74194097853993,,,not_run,skipped,rule does not fit,
64,sparse_edit_or_object_completion,neighbor_fill_hline_8_2,77502,,13.74194097853993,,,not_run,skipped,rule does not fit,
64,sparse_edit_or_object_completion,neighbor_fill_vline_8_1,77502,,13.74194097853993,,,not_run,skipped,rule does not fit,
64,sparse_edit_or_object_completion,neighbor_fill_vline_8_2,77502,,13.74194097853993,,,not_run,skipped,rule does not fit,
64,sparse_edit_or_object_completion,neighbor_fill_cross_8_1,77502,,13.74194097853993,,,not_run,skipped,rule does not fit,
64,sparse_edit_or_object_completion,neighbor_fill_cross_8_2,77502,,13.74194097853993,,,not_run,skipped,rule does not fit,
64,sparse_edit_or_object_completion,neighbor_fill_cross_8_3,77502,,13.74194097853993,,,not_run,skipped,rule does not fit,
64,sparse_edit_or_object_completion,neighbor_fill_cross_8_4,77502,,13.74194097853993,,,not_run,skipped,rule does not fit,
64,sparse_edit_or_object_completion,neighbor_fill_square_8_1,77502,,13.74194097853993,,,not_run,skipped,rule does not fit,
64,sparse_edit_or_object_completion,neighbor_fill_square_8_2,77502,,13.74194097853993,,,not_run,skipped,rule does not fit,
64,sparse_edit_or_object_completion,neighbor_fill_square_8_3,77502,,13.74194097853993,,,not_run,skipped,rule does not fit,
64,sparse_edit_or_object_completion,neighbor_fill_square_8_4,77502,,13.74194097853993,,,not_run,skipped,rule does not fit,
64,sparse_edit_or_object_completion,neighbor_fill_square_8_5,77502,,13.74194097853993,,,not_run,skipped,rule does not fit,
64,sparse_edit_or_object_completion,neighbor_fill_square_8_6,77502,,13.74194097853993,,,not_run,skipped,rule does not fit,
64,sparse_edit_or_object_completion,neighbor_fill_square_8_7,77502,,13.74194097853993,,,not_run,skipped,rule does not fit,
64,sparse_edit_or_object_completion,neighbor_fill_square_8_8,77502,,13.74194097853993,,,not_run,skipped,rule does not fit,
64,sparse_edit_or_object_completion,neighbor_fill_hline_9_1,77502,,13.74194097853993,,,not_run,skipped,rule does not fit,
64,sparse_edit_or_object_completion,neighbor_fill_hline_9_2,77502,,13.74194097853993,,,not_run,skipped,rule does not fit,
64,sparse_edit_or_object_completion,neighbor_fill_vline_9_1,77502,,13.74194097853993,,,not_run,skipped,rule does not fit,
64,sparse_edit_or_object_completion,neighbor_fill_vline_9_2,77502,,13.74194097853993,,,not_run,skipped,rule does not fit,
64,sparse_edit_or_object_completion,neighbor_fill_cross_9_1,77502,,13.74194097853993,,,not_run,skipped,rule does not fit,
64,sparse_edit_or_object_completion,neighbor_fill_cross_9_2,77502,,13.74194097853993,,,not_run,skipped,rule does not fit,
64,sparse_edit_or_object_completion,neighbor_fill_cross_9_3,77502,,13.74194097853993,,,not_run,skipped,rule does not fit,
64,sparse_edit_or_object_completion,neighbor_fill_cross_9_4,77502,,13.74194097853993,,,not_run,skipped,rule does not fit,
64,sparse_edit_or_object_completion,neighbor_fill_square_9_1,77502,,13.74194097853993,,,not_run,skipped,rule does not fit,
64,sparse_edit_or_object_completion,neighbor_fill_square_9_2,77502,,13.74194097853993,,,not_run,skipped,rule does not fit,
64,sparse_edit_or_object_completion,neighbor_fill_square_9_3,77502,,13.74194097853993,,,not_run,skipped,rule does not fit,
64,sparse_edit_or_object_completion,neighbor_fill_square_9_4,77502,,13.74194097853993,,,not_run,skipped,rule does not fit,
64,sparse_edit_or_object_completion,neighbor_fill_square_9_5,77502,,13.74194097853993,,,not_run,skipped,rule does not fit,
64,sparse_edit_or_object_completion,neighbor_fill_square_9_6,77502,,13.74194097853993,,,not_run,skipped,rule does not fit,
64,sparse_edit_or_object_completion,neighbor_fill_square_9_7,77502,,13.74194097853993,,,not_run,skipped,rule does not fit,
64,sparse_edit_or_object_completion,neighbor_fill_square_9_8,77502,,13.74194097853993,,,not_run,skipped,rule does not fit,
370,sparse_edit_or_object_completion,signature_scatternd_lookup,77380,11548,13.743516371745496,15.645732459217175,25380,24_pass_0_fail,improved,ok,8fd7074b3b44beb89a435fe005e70cff5842a7d1d1d9a78bef3d66d98d451676
370,sparse_edit_or_object_completion,direct_identity,77380,,13.743516371745496,,,not_run,skipped,not identity,
370,sparse_edit_or_object_completion,conv_color_map,77380,,13.743516371745496,,,not_run,skipped,conflicting color map,
370,sparse_edit_or_object_completion,fixed_mask_where,77380,,13.743516371745496,,,not_run,skipped,fixed edit conflict,
370,sparse_edit_or_object_completion,neighbor_fill_hline_1_1,77380,,13.743516371745496,,,not_run,skipped,rule does not fit,
370,sparse_edit_or_object_completion,neighbor_fill_hline_1_2,77380,,13.743516371745496,,,not_run,skipped,rule does not fit,
370,sparse_edit_or_object_completion,neighbor_fill_vline_1_1,77380,,13.743516371745496,,,not_run,skipped,rule does not fit,
370,sparse_edit_or_object_completion,neighbor_fill_vline_1_2,77380,,13.743516371745496,,,not_run,skipped,rule does not fit,
370,sparse_edit_or_object_completion,neighbor_fill_cross_1_1,77380,,13.743516371745496,,,not_run,skipped,rule does not fit,
370,sparse_edit_or_object_completion,neighbor_fill_cross_1_2,77380,,13.743516371745496,,,not_run,skipped,rule does not fit,
370,sparse_edit_or_object_completion,neighbor_fill_cross_1_3,77380,,13.743516371745496,,,not_run,skipped,rule does not fit,
370,sparse_edit_or_object_completion,neighbor_fill_cross_1_4,77380,,13.743516371745496,,,not_run,skipped,rule does not fit,
370,sparse_edit_or_object_completion,neighbor_fill_square_1_1,77380,,13.743516371745496,,,not_run,skipped,rule does not fit,
370,sparse_edit_or_object_completion,neighbor_fill_square_1_2,77380,,13.743516371745496,,,not_run,skipped,rule does not fit,
370,sparse_edit_or_object_completion,neighbor_fill_square_1_3,77380,,13.743516371745496,,,not_run,skipped,rule does not fit,
370,sparse_edit_or_object_completion,neighbor_fill_square_1_4,77380,,13.743516371745496,,,not_run,skipped,rule does not fit,
370,sparse_edit_or_object_completion,neighbor_fill_square_1_5,77380,,13.743516371745496,,,not_run,skipped,rule does not fit,
370,sparse_edit_or_object_completion,neighbor_fill_square_1_6,77380,,13.743516371745496,,,not_run,skipped,rule does not fit,
370,sparse_edit_or_object_completion,neighbor_fill_square_1_7,77380,,13.743516371745496,,,not_run,skipped,rule does not fit,
370,sparse_edit_or_object_completion,neighbor_fill_square_1_8,77380,,13.743516371745496,,,not_run,skipped,rule does not fit,
370,sparse_edit_or_object_completion,neighbor_fill_hline_2_1,77380,,13.743516371745496,,,not_run,skipped,rule does not fit,
370,sparse_edit_or_object_completion,neighbor_fill_hline_2_2,77380,,13.743516371745496,,,not_run,skipped,rule does not fit,
370,sparse_edit_or_object_completion,neighbor_fill_vline_2_1,77380,,13.743516371745496,,,not_run,skipped,rule does not fit,
370,sparse_edit_or_object_completion,neighbor_fill_vline_2_2,77380,,13.743516371745496,,,not_run,skipped,rule does not fit,
370,sparse_edit_or_object_completion,neighbor_fill_cross_2_1,77380,,13.743516371745496,,,not_run,skipped,rule does not fit,
370,sparse_edit_or_object_completion,neighbor_fill_cross_2_2,77380,,13.743516371745496,,,not_run,skipped,rule does not fit,
370,sparse_edit_or_object_completion,neighbor_fill_cross_2_3,77380,,13.743516371745496,,,not_run,skipped,rule does not fit,
370,sparse_edit_or_object_completion,neighbor_fill_cross_2_4,77380,,13.743516371745496,,,not_run,skipped,rule does not fit,
370,sparse_edit_or_object_completion,neighbor_fill_square_2_1,77380,,13.743516371745496,,,not_run,skipped,rule does not fit,
370,sparse_edit_or_object_completion,neighbor_fill_square_2_2,77380,,13.743516371745496,,,not_run,skipped,rule does not fit,
370,sparse_edit_or_object_completion,neighbor_fill_square_2_3,77380,,13.743516371745496,,,not_run,skipped,rule does not fit,
370,sparse_edit_or_object_completion,neighbor_fill_square_2_4,77380,,13.743516371745496,,,not_run,skipped,rule does not fit,
370,sparse_edit_or_object_completion,neighbor_fill_square_2_5,77380,,13.743516371745496,,,not_run,skipped,rule does not fit,
370,sparse_edit_or_object_completion,neighbor_fill_square_2_6,77380,,13.743516371745496,,,not_run,skipped,rule does not fit,
370,sparse_edit_or_object_completion,neighbor_fill_square_2_7,77380,,13.743516371745496,,,not_run,skipped,rule does not fit,
370,sparse_edit_or_object_completion,neighbor_fill_square_2_8,77380,,13.743516371745496,,,not_run,skipped,rule does not fit,
370,sparse_edit_or_object_completion,neighbor_fill_hline_3_1,77380,,13.743516371745496,,,not_run,skipped,rule does not fit,
370,sparse_edit_or_object_completion,neighbor_fill_hline_3_2,77380,,13.743516371745496,,,not_run,skipped,rule does not fit,
370,sparse_edit_or_object_completion,neighbor_fill_vline_3_1,77380,,13.743516371745496,,,not_run,skipped,rule does not fit,
370,sparse_edit_or_object_completion,neighbor_fill_vline_3_2,77380,,13.743516371745496,,,not_run,skipped,rule does not fit,
370,sparse_edit_or_object_completion,neighbor_fill_cross_3_1,77380,,13.743516371745496,,,not_run,skipped,rule does not fit,
370,sparse_edit_or_object_completion,neighbor_fill_cross_3_2,77380,,13.743516371745496,,,not_run,skipped,rule does not fit,
370,sparse_edit_or_object_completion,neighbor_fill_cross_3_3,77380,,13.743516371745496,,,not_run,skipped,rule does not fit,
370,sparse_edit_or_object_completion,neighbor_fill_cross_3_4,77380,,13.743516371745496,,,not_run,skipped,rule does not fit,
370,sparse_edit_or_object_completion,neighbor_fill_square_3_1,77380,,13.743516371745496,,,not_run,skipped,rule does not fit,
370,sparse_edit_or_object_completion,neighbor_fill_square_3_2,77380,,13.743516371745496,,,not_run,skipped,rule does not fit,
370,sparse_edit_or_object_completion,neighbor_fill_square_3_3,77380,,13.743516371745496,,,not_run,skipped,rule does not fit,
370,sparse_edit_or_object_completion,neighbor_fill_square_3_4,77380,,13.743516371745496,,,not_run,skipped,rule does not fit,
370,sparse_edit_or_object_completion,neighbor_fill_square_3_5,77380,,13.743516371745496,,,not_run,skipped,rule does not fit,
370,sparse_edit_or_object_completion,neighbor_fill_square_3_6,77380,,13.743516371745496,,,not_run,skipped,rule does not fit,
370,sparse_edit_or_object_completion,neighbor_fill_square_3_7,77380,,13.743516371745496,,,not_run,skipped,rule does not fit,
370,sparse_edit_or_object_completion,neighbor_fill_square_3_8,77380,,13.743516371745496,,,not_run,skipped,rule does not fit,
370,sparse_edit_or_object_completion,neighbor_fill_hline_4_1,77380,,13.743516371745496,,,not_run,skipped,rule does not fit,
370,sparse_edit_or_object_completion,neighbor_fill_hline_4_2,77380,,13.743516371745496,,,not_run,skipped,rule does not fit,
370,sparse_edit_or_object_completion,neighbor_fill_vline_4_1,77380,,13.743516371745496,,,not_run,skipped,rule does not fit,
370,sparse_edit_or_object_completion,neighbor_fill_vline_4_2,77380,,13.743516371745496,,,not_run,skipped,rule does not fit,
370,sparse_edit_or_object_completion,neighbor_fill_cross_4_1,77380,,13.743516371745496,,,not_run,skipped,rule does not fit,
370,sparse_edit_or_object_completion,neighbor_fill_cross_4_2,77380,,13.743516371745496,,,not_run,skipped,rule does not fit,
370,sparse_edit_or_object_completion,neighbor_fill_cross_4_3,77380,,13.743516371745496,,,not_run,skipped,rule does not fit,
370,sparse_edit_or_object_completion,neighbor_fill_cross_4_4,77380,,13.743516371745496,,,not_run,skipped,rule does not fit,
370,sparse_edit_or_object_completion,neighbor_fill_square_4_1,77380,,13.743516371745496,,,not_run,skipped,rule does not fit,
370,sparse_edit_or_object_completion,neighbor_fill_square_4_2,77380,,13.743516371745496,,,not_run,skipped,rule does not fit,
370,sparse_edit_or_object_completion,neighbor_fill_square_4_3,77380,,13.743516371745496,,,not_run,skipped,rule does not fit,
370,sparse_edit_or_object_completion,neighbor_fill_square_4_4,77380,,13.743516371745496,,,not_run,skipped,rule does not fit,
370,sparse_edit_or_object_completion,neighbor_fill_square_4_5,77380,,13.743516371745496,,,not_run,skipped,rule does not fit,
370,sparse_edit_or_object_completion,neighbor_fill_square_4_6,77380,,13.743516371745496,,,not_run,skipped,rule does not fit,
370,sparse_edit_or_object_completion,neighbor_fill_square_4_7,77380,,13.743516371745496,,,not_run,skipped,rule does not fit,
370,sparse_edit_or_object_completion,neighbor_fill_square_4_8,77380,,13.743516371745496,,,not_run,skipped,rule does not fit,
370,sparse_edit_or_object_completion,neighbor_fill_hline_5_1,77380,,13.743516371745496,,,not_run,skipped,rule does not fit,
370,sparse_edit_or_object_completion,neighbor_fill_hline_5_2,77380,,13.743516371745496,,,not_run,skipped,rule does not fit,
370,sparse_edit_or_object_completion,neighbor_fill_vline_5_1,77380,,13.743516371745496,,,not_run,skipped,rule does not fit,
370,sparse_edit_or_object_completion,neighbor_fill_vline_5_2,77380,,13.743516371745496,,,not_run,skipped,rule does not fit,
370,sparse_edit_or_object_completion,neighbor_fill_cross_5_1,77380,,13.743516371745496,,,not_run,skipped,rule does not fit,
370,sparse_edit_or_object_completion,neighbor_fill_cross_5_2,77380,,13.743516371745496,,,not_run,skipped,rule does not fit,
370,sparse_edit_or_object_completion,neighbor_fill_cross_5_3,77380,,13.743516371745496,,,not_run,skipped,rule does not fit,
370,sparse_edit_or_object_completion,neighbor_fill_cross_5_4,77380,,13.743516371745496,,,not_run,skipped,rule does not fit,
370,sparse_edit_or_object_completion,neighbor_fill_square_5_1,77380,,13.743516371745496,,,not_run,skipped,rule does not fit,
370,sparse_edit_or_object_completion,neighbor_fill_square_5_2,77380,,13.743516371745496,,,not_run,skipped,rule does not fit,
370,sparse_edit_or_object_completion,neighbor_fill_square_5_3,77380,,13.743516371745496,,,not_run,skipped,rule does not fit,
370,sparse_edit_or_object_completion,neighbor_fill_square_5_4,77380,,13.743516371745496,,,not_run,skipped,rule does not fit,
370,sparse_edit_or_object_completion,neighbor_fill_square_5_5,77380,,13.743516371745496,,,not_run,skipped,rule does not fit,
370,sparse_edit_or_object_completion,neighbor_fill_square_5_6,77380,,13.743516371745496,,,not_run,skipped,rule does not fit,
370,sparse_edit_or_object_completion,neighbor_fill_square_5_7,77380,,13.743516371745496,,,not_run,skipped,rule does not fit,
370,sparse_edit_or_object_completion,neighbor_fill_square_5_8,77380,,13.743516371745496,,,not_run,skipped,rule does not fit,
370,sparse_edit_or_object_completion,neighbor_fill_hline_6_1,77380,,13.743516371745496,,,not_run,skipped,rule does not fit,
370,sparse_edit_or_object_completion,neighbor_fill_hline_6_2,77380,,13.743516371745496,,,not_run,skipped,rule does not fit,
370,sparse_edit_or_object_completion,neighbor_fill_vline_6_1,77380,,13.743516371745496,,,not_run,skipped,rule does not fit,
370,sparse_edit_or_object_completion,neighbor_fill_vline_6_2,77380,,13.743516371745496,,,not_run,skipped,rule does not fit,
370,sparse_edit_or_object_completion,neighbor_fill_cross_6_1,77380,,13.743516371745496,,,not_run,skipped,rule does not fit,
370,sparse_edit_or_object_completion,neighbor_fill_cross_6_2,77380,,13.743516371745496,,,not_run,skipped,rule does not fit,
370,sparse_edit_or_object_completion,neighbor_fill_cross_6_3,77380,,13.743516371745496,,,not_run,skipped,rule does not fit,
370,sparse_edit_or_object_completion,neighbor_fill_cross_6_4,77380,,13.743516371745496,,,not_run,skipped,rule does not fit,
370,sparse_edit_or_object_completion,neighbor_fill_square_6_1,77380,,13.743516371745496,,,not_run,skipped,rule does not fit,
370,sparse_edit_or_object_completion,neighbor_fill_square_6_2,77380,,13.743516371745496,,,not_run,skipped,rule does not fit,
370,sparse_edit_or_object_completion,neighbor_fill_square_6_3,77380,,13.743516371745496,,,not_run,skipped,rule does not fit,
370,sparse_edit_or_object_completion,neighbor_fill_square_6_4,77380,,13.743516371745496,,,not_run,skipped,rule does not fit,
370,sparse_edit_or_object_completion,neighbor_fill_square_6_5,77380,,13.743516371745496,,,not_run,skipped,rule does not fit,
370,sparse_edit_or_object_completion,neighbor_fill_square_6_6,77380,,13.743516371745496,,,not_run,skipped,rule does not fit,
370,sparse_edit_or_object_completion,neighbor_fill_square_6_7,77380,,13.743516371745496,,,not_run,skipped,rule does not fit,
370,sparse_edit_or_object_completion,neighbor_fill_square_6_8,77380,,13.743516371745496,,,not_run,skipped,rule does not fit,
370,sparse_edit_or_object_completion,neighbor_fill_hline_7_1,77380,,13.743516371745496,,,not_run,skipped,rule does not fit,
370,sparse_edit_or_object_completion,neighbor_fill_hline_7_2,77380,,13.743516371745496,,,not_run,skipped,rule does not fit,
370,sparse_edit_or_object_completion,neighbor_fill_vline_7_1,77380,,13.743516371745496,,,not_run,skipped,rule does not fit,
370,sparse_edit_or_object_completion,neighbor_fill_vline_7_2,77380,,13.743516371745496,,,not_run,skipped,rule does not fit,
370,sparse_edit_or_object_completion,neighbor_fill_cross_7_1,77380,,13.743516371745496,,,not_run,skipped,rule does not fit,
370,sparse_edit_or_object_completion,neighbor_fill_cross_7_2,77380,,13.743516371745496,,,not_run,skipped,rule does not fit,
370,sparse_edit_or_object_completion,neighbor_fill_cross_7_3,77380,,13.743516371745496,,,not_run,skipped,rule does not fit,
370,sparse_edit_or_object_completion,neighbor_fill_cross_7_4,77380,,13.743516371745496,,,not_run,skipped,rule does not fit,
370,sparse_edit_or_object_completion,neighbor_fill_square_7_1,77380,,13.743516371745496,,,not_run,skipped,rule does not fit,
370,sparse_edit_or_object_completion,neighbor_fill_square_7_2,77380,,13.743516371745496,,,not_run,skipped,rule does not fit,
370,sparse_edit_or_object_completion,neighbor_fill_square_7_3,77380,,13.743516371745496,,,not_run,skipped,rule does not fit,
370,sparse_edit_or_object_completion,neighbor_fill_square_7_4,77380,,13.743516371745496,,,not_run,skipped,rule does not fit,
370,sparse_edit_or_object_completion,neighbor_fill_square_7_5,77380,,13.743516371745496,,,not_run,skipped,rule does not fit,
370,sparse_edit_or_object_completion,neighbor_fill_square_7_6,77380,,13.743516371745496,,,not_run,skipped,rule does not fit,
370,sparse_edit_or_object_completion,neighbor_fill_square_7_7,77380,,13.743516371745496,,,not_run,skipped,rule does not fit,
370,sparse_edit_or_object_completion,neighbor_fill_square_7_8,77380,,13.743516371745496,,,not_run,skipped,rule does not fit,
370,sparse_edit_or_object_completion,neighbor_fill_hline_8_1,77380,,13.743516371745496,,,not_run,skipped,rule does not fit,
370,sparse_edit_or_object_completion,neighbor_fill_hline_8_2,77380,,13.743516371745496,,,not_run,skipped,rule does not fit,
370,sparse_edit_or_object_completion,neighbor_fill_vline_8_1,77380,,13.743516371745496,,,not_run,skipped,rule does not fit,
370,sparse_edit_or_object_completion,neighbor_fill_vline_8_2,77380,,13.743516371745496,,,not_run,skipped,rule does not fit,
370,sparse_edit_or_object_completion,neighbor_fill_cross_8_1,77380,,13.743516371745496,,,not_run,skipped,rule does not fit,
370,sparse_edit_or_object_completion,neighbor_fill_cross_8_2,77380,,13.743516371745496,,,not_run,skipped,rule does not fit,
370,sparse_edit_or_object_completion,neighbor_fill_cross_8_3,77380,,13.743516371745496,,,not_run,skipped,rule does not fit,
370,sparse_edit_or_object_completion,neighbor_fill_cross_8_4,77380,,13.743516371745496,,,not_run,skipped,rule does not fit,
370,sparse_edit_or_object_completion,neighbor_fill_square_8_1,77380,,13.743516371745496,,,not_run,skipped,rule does not fit,
370,sparse_edit_or_object_completion,neighbor_fill_square_8_2,77380,,13.743516371745496,,,not_run,skipped,rule does not fit,
370,sparse_edit_or_object_completion,neighbor_fill_square_8_3,77380,,13.743516371745496,,,not_run,skipped,rule does not fit,
370,sparse_edit_or_object_completion,neighbor_fill_square_8_4,77380,,13.743516371745496,,,not_run,skipped,rule does not fit,
370,sparse_edit_or_object_completion,neighbor_fill_square_8_5,77380,,13.743516371745496,,,not_run,skipped,rule does not fit,
370,sparse_edit_or_object_completion,neighbor_fill_square_8_6,77380,,13.743516371745496,,,not_run,skipped,rule does not fit,
370,sparse_edit_or_object_completion,neighbor_fill_square_8_7,77380,,13.743516371745496,,,not_run,skipped,rule does not fit,
370,sparse_edit_or_object_completion,neighbor_fill_square_8_8,77380,,13.743516371745496,,,not_run,skipped,rule does not fit,
370,sparse_edit_or_object_completion,neighbor_fill_hline_9_1,77380,,13.743516371745496,,,not_run,skipped,rule does not fit,
370,sparse_edit_or_object_completion,neighbor_fill_hline_9_2,77380,,13.743516371745496,,,not_run,skipped,rule does not fit,
370,sparse_edit_or_object_completion,neighbor_fill_vline_9_1,77380,,13.743516371745496,,,not_run,skipped,rule does not fit,
370,sparse_edit_or_object_completion,neighbor_fill_vline_9_2,77380,,13.743516371745496,,,not_run,skipped,rule does not fit,
370,sparse_edit_or_object_completion,neighbor_fill_cross_9_1,77380,,13.743516371745496,,,not_run,skipped,rule does not fit,
370,sparse_edit_or_object_completion,neighbor_fill_cross_9_2,77380,,13.743516371745496,,,not_run,skipped,rule does not fit,
370,sparse_edit_or_object_completion,neighbor_fill_cross_9_3,77380,,13.743516371745496,,,not_run,skipped,rule does not fit,
370,sparse_edit_or_object_completion,neighbor_fill_cross_9_4,77380,,13.743516371745496,,,not_run,skipped,rule does not fit,
370,sparse_edit_or_object_completion,neighbor_fill_square_9_1,77380,,13.743516371745496,,,not_run,skipped,rule does not fit,
370,sparse_edit_or_object_completion,neighbor_fill_square_9_2,77380,,13.743516371745496,,,not_run,skipped,rule does not fit,
370,sparse_edit_or_object_completion,neighbor_fill_square_9_3,77380,,13.743516371745496,,,not_run,skipped,rule does not fit,
370,sparse_edit_or_object_completion,neighbor_fill_square_9_4,77380,,13.743516371745496,,,not_run,skipped,rule does not fit,
370,sparse_edit_or_object_completion,neighbor_fill_square_9_5,77380,,13.743516371745496,,,not_run,skipped,rule does not fit,
370,sparse_edit_or_object_completion,neighbor_fill_square_9_6,77380,,13.743516371745496,,,not_run,skipped,rule does not fit,
370,sparse_edit_or_object_completion,neighbor_fill_square_9_7,77380,,13.743516371745496,,,not_run,skipped,rule does not fit,
370,sparse_edit_or_object_completion,neighbor_fill_square_9_8,77380,,13.743516371745496,,,not_run,skipped,rule does not fit,
208,sparse_edit_or_object_completion,signature_scatternd_lookup,76717,10876,13.752121394439765,15.705686194247638,24996,24_pass_0_fail,improved,ok,907cd7d44a6ddb60c8e1b68c5fa90c421cde8d0e4deb7ba64f48b49c6c988bd7
208,sparse_edit_or_object_completion,direct_identity,76717,,13.752121394439765,,,not_run,skipped,not identity,
208,sparse_edit_or_object_completion,conv_color_map,76717,,13.752121394439765,,,not_run,skipped,conflicting color map,
208,sparse_edit_or_object_completion,fixed_mask_where,76717,,13.752121394439765,,,not_run,skipped,fixed edit conflict,
208,sparse_edit_or_object_completion,neighbor_fill_hline_1_1,76717,,13.752121394439765,,,not_run,skipped,rule does not fit,
208,sparse_edit_or_object_completion,neighbor_fill_hline_1_2,76717,,13.752121394439765,,,not_run,skipped,rule does not fit,
208,sparse_edit_or_object_completion,neighbor_fill_vline_1_1,76717,,13.752121394439765,,,not_run,skipped,rule does not fit,
208,sparse_edit_or_object_completion,neighbor_fill_vline_1_2,76717,,13.752121394439765,,,not_run,skipped,rule does not fit,
208,sparse_edit_or_object_completion,neighbor_fill_cross_1_1,76717,,13.752121394439765,,,not_run,skipped,rule does not fit,
208,sparse_edit_or_object_completion,neighbor_fill_cross_1_2,76717,,13.752121394439765,,,not_run,skipped,rule does not fit,
208,sparse_edit_or_object_completion,neighbor_fill_cross_1_3,76717,,13.752121394439765,,,not_run,skipped,rule does not fit,
208,sparse_edit_or_object_completion,neighbor_fill_cross_1_4,76717,,13.752121394439765,,,not_run,skipped,rule does not fit,
208,sparse_edit_or_object_completion,neighbor_fill_square_1_1,76717,,13.752121394439765,,,not_run,skipped,rule does not fit,
208,sparse_edit_or_object_completion,neighbor_fill_square_1_2,76717,,13.752121394439765,,,not_run,skipped,rule does not fit,
208,sparse_edit_or_object_completion,neighbor_fill_square_1_3,76717,,13.752121394439765,,,not_run,skipped,rule does not fit,
208,sparse_edit_or_object_completion,neighbor_fill_square_1_4,76717,,13.752121394439765,,,not_run,skipped,rule does not fit,
208,sparse_edit_or_object_completion,neighbor_fill_square_1_5,76717,,13.752121394439765,,,not_run,skipped,rule does not fit,
208,sparse_edit_or_object_completion,neighbor_fill_square_1_6,76717,,13.752121394439765,,,not_run,skipped,rule does not fit,
208,sparse_edit_or_object_completion,neighbor_fill_square_1_7,76717,,13.752121394439765,,,not_run,skipped,rule does not fit,
208,sparse_edit_or_object_completion,neighbor_fill_square_1_8,76717,,13.752121394439765,,,not_run,skipped,rule does not fit,
208,sparse_edit_or_object_completion,neighbor_fill_hline_2_1,76717,,13.752121394439765,,,not_run,skipped,rule does not fit,
208,sparse_edit_or_object_completion,neighbor_fill_hline_2_2,76717,,13.752121394439765,,,not_run,skipped,rule does not fit,
208,sparse_edit_or_object_completion,neighbor_fill_vline_2_1,76717,,13.752121394439765,,,not_run,skipped,rule does not fit,
208,sparse_edit_or_object_completion,neighbor_fill_vline_2_2,76717,,13.752121394439765,,,not_run,skipped,rule does not fit,
208,sparse_edit_or_object_completion,neighbor_fill_cross_2_1,76717,,13.752121394439765,,,not_run,skipped,rule does not fit,
208,sparse_edit_or_object_completion,neighbor_fill_cross_2_2,76717,,13.752121394439765,,,not_run,skipped,rule does not fit,
208,sparse_edit_or_object_completion,neighbor_fill_cross_2_3,76717,,13.752121394439765,,,not_run,skipped,rule does not fit,
208,sparse_edit_or_object_completion,neighbor_fill_cross_2_4,76717,,13.752121394439765,,,not_run,skipped,rule does not fit,
208,sparse_edit_or_object_completion,neighbor_fill_square_2_1,76717,,13.752121394439765,,,not_run,skipped,rule does not fit,
208,sparse_edit_or_object_completion,neighbor_fill_square_2_2,76717,,13.752121394439765,,,not_run,skipped,rule does not fit,
208,sparse_edit_or_object_completion,neighbor_fill_square_2_3,76717,,13.752121394439765,,,not_run,skipped,rule does not fit,
208,sparse_edit_or_object_completion,neighbor_fill_square_2_4,76717,,13.752121394439765,,,not_run,skipped,rule does not fit,
208,sparse_edit_or_object_completion,neighbor_fill_square_2_5,76717,,13.752121394439765,,,not_run,skipped,rule does not fit,
208,sparse_edit_or_object_completion,neighbor_fill_square_2_6,76717,,13.752121394439765,,,not_run,skipped,rule does not fit,
208,sparse_edit_or_object_completion,neighbor_fill_square_2_7,76717,,13.752121394439765,,,not_run,skipped,rule does not fit,
208,sparse_edit_or_object_completion,neighbor_fill_square_2_8,76717,,13.752121394439765,,,not_run,skipped,rule does not fit,
208,sparse_edit_or_object_completion,neighbor_fill_hline_3_1,76717,,13.752121394439765,,,not_run,skipped,rule does not fit,
208,sparse_edit_or_object_completion,neighbor_fill_hline_3_2,76717,,13.752121394439765,,,not_run,skipped,rule does not fit,
208,sparse_edit_or_object_completion,neighbor_fill_vline_3_1,76717,,13.752121394439765,,,not_run,skipped,rule does not fit,
208,sparse_edit_or_object_completion,neighbor_fill_vline_3_2,76717,,13.752121394439765,,,not_run,skipped,rule does not fit,
208,sparse_edit_or_object_completion,neighbor_fill_cross_3_1,76717,,13.752121394439765,,,not_run,skipped,rule does not fit,
208,sparse_edit_or_object_completion,neighbor_fill_cross_3_2,76717,,13.752121394439765,,,not_run,skipped,rule does not fit,
208,sparse_edit_or_object_completion,neighbor_fill_cross_3_3,76717,,13.752121394439765,,,not_run,skipped,rule does not fit,
208,sparse_edit_or_object_completion,neighbor_fill_cross_3_4,76717,,13.752121394439765,,,not_run,skipped,rule does not fit,
208,sparse_edit_or_object_completion,neighbor_fill_square_3_1,76717,,13.752121394439765,,,not_run,skipped,rule does not fit,
208,sparse_edit_or_object_completion,neighbor_fill_square_3_2,76717,,13.752121394439765,,,not_run,skipped,rule does not fit,
208,sparse_edit_or_object_completion,neighbor_fill_square_3_3,76717,,13.752121394439765,,,not_run,skipped,rule does not fit,
208,sparse_edit_or_object_completion,neighbor_fill_square_3_4,76717,,13.752121394439765,,,not_run,skipped,rule does not fit,
208,sparse_edit_or_object_completion,neighbor_fill_square_3_5,76717,,13.752121394439765,,,not_run,skipped,rule does not fit,
208,sparse_edit_or_object_completion,neighbor_fill_square_3_6,76717,,13.752121394439765,,,not_run,skipped,rule does not fit,
208,sparse_edit_or_object_completion,neighbor_fill_square_3_7,76717,,13.752121394439765,,,not_run,skipped,rule does not fit,
208,sparse_edit_or_object_completion,neighbor_fill_square_3_8,76717,,13.752121394439765,,,not_run,skipped,rule does not fit,
208,sparse_edit_or_object_completion,neighbor_fill_hline_4_1,76717,,13.752121394439765,,,not_run,skipped,rule does not fit,
208,sparse_edit_or_object_completion,neighbor_fill_hline_4_2,76717,,13.752121394439765,,,not_run,skipped,rule does not fit,
208,sparse_edit_or_object_completion,neighbor_fill_vline_4_1,76717,,13.752121394439765,,,not_run,skipped,rule does not fit,
208,sparse_edit_or_object_completion,neighbor_fill_vline_4_2,76717,,13.752121394439765,,,not_run,skipped,rule does not fit,
208,sparse_edit_or_object_completion,neighbor_fill_cross_4_1,76717,,13.752121394439765,,,not_run,skipped,rule does not fit,
208,sparse_edit_or_object_completion,neighbor_fill_cross_4_2,76717,,13.752121394439765,,,not_run,skipped,rule does not fit,
208,sparse_edit_or_object_completion,neighbor_fill_cross_4_3,76717,,13.752121394439765,,,not_run,skipped,rule does not fit,
208,sparse_edit_or_object_completion,neighbor_fill_cross_4_4,76717,,13.752121394439765,,,not_run,skipped,rule does not fit,
208,sparse_edit_or_object_completion,neighbor_fill_square_4_1,76717,,13.752121394439765,,,not_run,skipped,rule does not fit,
208,sparse_edit_or_object_completion,neighbor_fill_square_4_2,76717,,13.752121394439765,,,not_run,skipped,rule does not fit,
208,sparse_edit_or_object_completion,neighbor_fill_square_4_3,76717,,13.752121394439765,,,not_run,skipped,rule does not fit,
208,sparse_edit_or_object_completion,neighbor_fill_square_4_4,76717,,13.752121394439765,,,not_run,skipped,rule does not fit,
208,sparse_edit_or_object_completion,neighbor_fill_square_4_5,76717,,13.752121394439765,,,not_run,skipped,rule does not fit,
208,sparse_edit_or_object_completion,neighbor_fill_square_4_6,76717,,13.752121394439765,,,not_run,skipped,rule does not fit,
208,sparse_edit_or_object_completion,neighbor_fill_square_4_7,76717,,13.752121394439765,,,not_run,skipped,rule does not fit,
208,sparse_edit_or_object_completion,neighbor_fill_square_4_8,76717,,13.752121394439765,,,not_run,skipped,rule does not fit,
208,sparse_edit_or_object_completion,neighbor_fill_hline_5_1,76717,,13.752121394439765,,,not_run,skipped,rule does not fit,
208,sparse_edit_or_object_completion,neighbor_fill_hline_5_2,76717,,13.752121394439765,,,not_run,skipped,rule does not fit,
208,sparse_edit_or_object_completion,neighbor_fill_vline_5_1,76717,,13.752121394439765,,,not_run,skipped,rule does not fit,
208,sparse_edit_or_object_completion,neighbor_fill_vline_5_2,76717,,13.752121394439765,,,not_run,skipped,rule does not fit,
208,sparse_edit_or_object_completion,neighbor_fill_cross_5_1,76717,,13.752121394439765,,,not_run,skipped,rule does not fit,
208,sparse_edit_or_object_completion,neighbor_fill_cross_5_2,76717,,13.752121394439765,,,not_run,skipped,rule does not fit,
208,sparse_edit_or_object_completion,neighbor_fill_cross_5_3,76717,,13.752121394439765,,,not_run,skipped,rule does not fit,
208,sparse_edit_or_object_completion,neighbor_fill_cross_5_4,76717,,13.752121394439765,,,not_run,skipped,rule does not fit,
208,sparse_edit_or_object_completion,neighbor_fill_square_5_1,76717,,13.752121394439765,,,not_run,skipped,rule does not fit,
208,sparse_edit_or_object_completion,neighbor_fill_square_5_2,76717,,13.752121394439765,,,not_run,skipped,rule does not fit,
208,sparse_edit_or_object_completion,neighbor_fill_square_5_3,76717,,13.752121394439765,,,not_run,skipped,rule does not fit,
208,sparse_edit_or_object_completion,neighbor_fill_square_5_4,76717,,13.752121394439765,,,not_run,skipped,rule does not fit,
208,sparse_edit_or_object_completion,neighbor_fill_square_5_5,76717,,13.752121394439765,,,not_run,skipped,rule does not fit,
208,sparse_edit_or_object_completion,neighbor_fill_square_5_6,76717,,13.752121394439765,,,not_run,skipped,rule does not fit,
208,sparse_edit_or_object_completion,neighbor_fill_square_5_7,76717,,13.752121394439765,,,not_run,skipped,rule does not fit,
208,sparse_edit_or_object_completion,neighbor_fill_square_5_8,76717,,13.752121394439765,,,not_run,skipped,rule does not fit,
208,sparse_edit_or_object_completion,neighbor_fill_hline_6_1,76717,,13.752121394439765,,,not_run,skipped,rule does not fit,
208,sparse_edit_or_object_completion,neighbor_fill_hline_6_2,76717,,13.752121394439765,,,not_run,skipped,rule does not fit,
208,sparse_edit_or_object_completion,neighbor_fill_vline_6_1,76717,,13.752121394439765,,,not_run,skipped,rule does not fit,
208,sparse_edit_or_object_completion,neighbor_fill_vline_6_2,76717,,13.752121394439765,,,not_run,skipped,rule does not fit,
208,sparse_edit_or_object_completion,neighbor_fill_cross_6_1,76717,,13.752121394439765,,,not_run,skipped,rule does not fit,
208,sparse_edit_or_object_completion,neighbor_fill_cross_6_2,76717,,13.752121394439765,,,not_run,skipped,rule does not fit,
208,sparse_edit_or_object_completion,neighbor_fill_cross_6_3,76717,,13.752121394439765,,,not_run,skipped,rule does not fit,
208,sparse_edit_or_object_completion,neighbor_fill_cross_6_4,76717,,13.752121394439765,,,not_run,skipped,rule does not fit,
208,sparse_edit_or_object_completion,neighbor_fill_square_6_1,76717,,13.752121394439765,,,not_run,skipped,rule does not fit,
208,sparse_edit_or_object_completion,neighbor_fill_square_6_2,76717,,13.752121394439765,,,not_run,skipped,rule does not fit,
208,sparse_edit_or_object_completion,neighbor_fill_square_6_3,76717,,13.752121394439765,,,not_run,skipped,rule does not fit,
208,sparse_edit_or_object_completion,neighbor_fill_square_6_4,76717,,13.752121394439765,,,not_run,skipped,rule does not fit,
208,sparse_edit_or_object_completion,neighbor_fill_square_6_5,76717,,13.752121394439765,,,not_run,skipped,rule does not fit,
208,sparse_edit_or_object_completion,neighbor_fill_square_6_6,76717,,13.752121394439765,,,not_run,skipped,rule does not fit,
208,sparse_edit_or_object_completion,neighbor_fill_square_6_7,76717,,13.752121394439765,,,not_run,skipped,rule does not fit,
208,sparse_edit_or_object_completion,neighbor_fill_square_6_8,76717,,13.752121394439765,,,not_run,skipped,rule does not fit,
208,sparse_edit_or_object_completion,neighbor_fill_hline_8_1,76717,,13.752121394439765,,,not_run,skipped,rule does not fit,
208,sparse_edit_or_object_completion,neighbor_fill_hline_8_2,76717,,13.752121394439765,,,not_run,skipped,rule does not fit,
208,sparse_edit_or_object_completion,neighbor_fill_vline_8_1,76717,,13.752121394439765,,,not_run,skipped,rule does not fit,
208,sparse_edit_or_object_completion,neighbor_fill_vline_8_2,76717,,13.752121394439765,,,not_run,skipped,rule does not fit,
208,sparse_edit_or_object_completion,neighbor_fill_cross_8_1,76717,,13.752121394439765,,,not_run,skipped,rule does not fit,
208,sparse_edit_or_object_completion,neighbor_fill_cross_8_2,76717,,13.752121394439765,,,not_run,skipped,rule does not fit,
208,sparse_edit_or_object_completion,neighbor_fill_cross_8_3,76717,,13.752121394439765,,,not_run,skipped,rule does not fit,
208,sparse_edit_or_object_completion,neighbor_fill_cross_8_4,76717,,13.752121394439765,,,not_run,skipped,rule does not fit,
208,sparse_edit_or_object_completion,neighbor_fill_square_8_1,76717,,13.752121394439765,,,not_run,skipped,rule does not fit,
208,sparse_edit_or_object_completion,neighbor_fill_square_8_2,76717,,13.752121394439765,,,not_run,skipped,rule does not fit,
208,sparse_edit_or_object_completion,neighbor_fill_square_8_3,76717,,13.752121394439765,,,not_run,skipped,rule does not fit,
208,sparse_edit_or_object_completion,neighbor_fill_square_8_4,76717,,13.752121394439765,,,not_run,skipped,rule does not fit,
208,sparse_edit_or_object_completion,neighbor_fill_square_8_5,76717,,13.752121394439765,,,not_run,skipped,rule does not fit,
208,sparse_edit_or_object_completion,neighbor_fill_square_8_6,76717,,13.752121394439765,,,not_run,skipped,rule does not fit,
208,sparse_edit_or_object_completion,neighbor_fill_square_8_7,76717,,13.752121394439765,,,not_run,skipped,rule does not fit,
208,sparse_edit_or_object_completion,neighbor_fill_square_8_8,76717,,13.752121394439765,,,not_run,skipped,rule does not fit,
208,sparse_edit_or_object_completion,neighbor_fill_hline_9_1,76717,,13.752121394439765,,,not_run,skipped,rule does not fit,
208,sparse_edit_or_object_completion,neighbor_fill_hline_9_2,76717,,13.752121394439765,,,not_run,skipped,rule does not fit,
208,sparse_edit_or_object_completion,neighbor_fill_vline_9_1,76717,,13.752121394439765,,,not_run,skipped,rule does not fit,
208,sparse_edit_or_object_completion,neighbor_fill_vline_9_2,76717,,13.752121394439765,,,not_run,skipped,rule does not fit,
208,sparse_edit_or_object_completion,neighbor_fill_cross_9_1,76717,,13.752121394439765,,,not_run,skipped,rule does not fit,
208,sparse_edit_or_object_completion,neighbor_fill_cross_9_2,76717,,13.752121394439765,,,not_run,skipped,rule does not fit,
208,sparse_edit_or_object_completion,neighbor_fill_cross_9_3,76717,,13.752121394439765,,,not_run,skipped,rule does not fit,
208,sparse_edit_or_object_completion,neighbor_fill_cross_9_4,76717,,13.752121394439765,,,not_run,skipped,rule does not fit,
208,sparse_edit_or_object_completion,neighbor_fill_square_9_1,76717,,13.752121394439765,,,not_run,skipped,rule does not fit,
208,sparse_edit_or_object_completion,neighbor_fill_square_9_2,76717,,13.752121394439765,,,not_run,skipped,rule does not fit,
208,sparse_edit_or_object_completion,neighbor_fill_square_9_3,76717,,13.752121394439765,,,not_run,skipped,rule does not fit,
208,sparse_edit_or_object_completion,neighbor_fill_square_9_4,76717,,13.752121394439765,,,not_run,skipped,rule does not fit,
208,sparse_edit_or_object_completion,neighbor_fill_square_9_5,76717,,13.752121394439765,,,not_run,skipped,rule does not fit,
208,sparse_edit_or_object_completion,neighbor_fill_square_9_6,76717,,13.752121394439765,,,not_run,skipped,rule does not fit,
208,sparse_edit_or_object_completion,neighbor_fill_square_9_7,76717,,13.752121394439765,,,not_run,skipped,rule does not fit,
208,sparse_edit_or_object_completion,neighbor_fill_square_9_8,76717,,13.752121394439765,,,not_run,skipped,rule does not fit,
251,sparse_edit_or_object_completion,signature_scatternd_lookup,76717,10876,13.752121394439765,15.705686194247638,24996,24_pass_0_fail,improved,ok,33c5af73f12985387b57219b76d88fd5f8c89134b2847dd07389f8b48006995f
251,sparse_edit_or_object_completion,direct_identity,76717,,13.752121394439765,,,not_run,skipped,not identity,
251,sparse_edit_or_object_completion,conv_color_map,76717,,13.752121394439765,,,not_run,skipped,conflicting color map,
251,sparse_edit_or_object_completion,fixed_mask_where,76717,,13.752121394439765,,,not_run,skipped,edit target mismatch,
251,sparse_edit_or_object_completion,neighbor_fill_hline_1_1,76717,,13.752121394439765,,,not_run,skipped,rule does not fit,
251,sparse_edit_or_object_completion,neighbor_fill_hline_1_2,76717,,13.752121394439765,,,not_run,skipped,rule does not fit,
251,sparse_edit_or_object_completion,neighbor_fill_vline_1_1,76717,,13.752121394439765,,,not_run,skipped,rule does not fit,
251,sparse_edit_or_object_completion,neighbor_fill_vline_1_2,76717,,13.752121394439765,,,not_run,skipped,rule does not fit,
251,sparse_edit_or_object_completion,neighbor_fill_cross_1_1,76717,,13.752121394439765,,,not_run,skipped,rule does not fit,
251,sparse_edit_or_object_completion,neighbor_fill_cross_1_2,76717,,13.752121394439765,,,not_run,skipped,rule does not fit,
251,sparse_edit_or_object_completion,neighbor_fill_cross_1_3,76717,,13.752121394439765,,,not_run,skipped,rule does not fit,
251,sparse_edit_or_object_completion,neighbor_fill_cross_1_4,76717,,13.752121394439765,,,not_run,skipped,rule does not fit,
251,sparse_edit_or_object_completion,neighbor_fill_square_1_1,76717,,13.752121394439765,,,not_run,skipped,rule does not fit,
251,sparse_edit_or_object_completion,neighbor_fill_square_1_2,76717,,13.752121394439765,,,not_run,skipped,rule does not fit,
251,sparse_edit_or_object_completion,neighbor_fill_square_1_3,76717,,13.752121394439765,,,not_run,skipped,rule does not fit,
251,sparse_edit_or_object_completion,neighbor_fill_square_1_4,76717,,13.752121394439765,,,not_run,skipped,rule does not fit,
251,sparse_edit_or_object_completion,neighbor_fill_square_1_5,76717,,13.752121394439765,,,not_run,skipped,rule does not fit,
251,sparse_edit_or_object_completion,neighbor_fill_square_1_6,76717,,13.752121394439765,,,not_run,skipped,rule does not fit,
251,sparse_edit_or_object_completion,neighbor_fill_square_1_7,76717,,13.752121394439765,,,not_run,skipped,rule does not fit,
251,sparse_edit_or_object_completion,neighbor_fill_square_1_8,76717,,13.752121394439765,,,not_run,skipped,rule does not fit,
25,sparse_edit_or_object_completion,signature_scatternd_lookup,76682,10332,13.752577720760112,15.756998845784269,23204,24_pass_0_fail,improved,ok,2139caf44d565c0340f5089855adb9724c84aec5234e35eebedae4c0761e7c5d
25,sparse_edit_or_object_completion,direct_identity,76682,,13.752577720760112,,,not_run,skipped,not identity,
25,sparse_edit_or_object_completion,conv_color_map,76682,,13.752577720760112,,,not_run,skipped,conflicting color map,
25,sparse_edit_or_object_completion,fixed_mask_where,76682,,13.752577720760112,,,not_run,skipped,fixed edit conflict,
25,sparse_edit_or_object_completion,neighbor_fill_hline_0_1,76682,,13.752577720760112,,,not_run,skipped,rule does not fit,
25,sparse_edit_or_object_completion,neighbor_fill_hline_0_2,76682,,13.752577720760112,,,not_run,skipped,rule does not fit,
25,sparse_edit_or_object_completion,neighbor_fill_vline_0_1,76682,,13.752577720760112,,,not_run,skipped,rule does not fit,
25,sparse_edit_or_object_completion,neighbor_fill_vline_0_2,76682,,13.752577720760112,,,not_run,skipped,rule does not fit,
25,sparse_edit_or_object_completion,neighbor_fill_cross_0_1,76682,,13.752577720760112,,,not_run,skipped,rule does not fit,
25,sparse_edit_or_object_completion,neighbor_fill_cross_0_2,76682,,13.752577720760112,,,not_run,skipped,rule does not fit,
25,sparse_edit_or_object_completion,neighbor_fill_cross_0_3,76682,,13.752577720760112,,,not_run,skipped,rule does not fit,
25,sparse_edit_or_object_completion,neighbor_fill_cross_0_4,76682,,13.752577720760112,,,not_run,skipped,rule does not fit,
25,sparse_edit_or_object_completion,neighbor_fill_square_0_1,76682,,13.752577720760112,,,not_run,skipped,rule does not fit,
25,sparse_edit_or_object_completion,neighbor_fill_square_0_2,76682,,13.752577720760112,,,not_run,skipped,rule does not fit,
25,sparse_edit_or_object_completion,neighbor_fill_square_0_3,76682,,13.752577720760112,,,not_run,skipped,rule does not fit,
25,sparse_edit_or_object_completion,neighbor_fill_square_0_4,76682,,13.752577720760112,,,not_run,skipped,rule does not fit,
25,sparse_edit_or_object_completion,neighbor_fill_square_0_5,76682,,13.752577720760112,,,not_run,skipped,rule does not fit,
25,sparse_edit_or_object_completion,neighbor_fill_square_0_6,76682,,13.752577720760112,,,not_run,skipped,rule does not fit,
25,sparse_edit_or_object_completion,neighbor_fill_square_0_7,76682,,13.752577720760112,,,not_run,skipped,rule does not fit,
25,sparse_edit_or_object_completion,neighbor_fill_square_0_8,76682,,13.752577720760112,,,not_run,skipped,rule does not fit,
25,sparse_edit_or_object_completion,neighbor_fill_hline_1_1,76682,,13.752577720760112,,,not_run,skipped,rule does not fit,
25,sparse_edit_or_object_completion,neighbor_fill_hline_1_2,76682,,13.752577720760112,,,not_run,skipped,rule does not fit,
25,sparse_edit_or_object_completion,neighbor_fill_vline_1_1,76682,,13.752577720760112,,,not_run,skipped,rule does not fit,
25,sparse_edit_or_object_completion,neighbor_fill_vline_1_2,76682,,13.752577720760112,,,not_run,skipped,rule does not fit,
25,sparse_edit_or_object_completion,neighbor_fill_cross_1_1,76682,,13.752577720760112,,,not_run,skipped,rule does not fit,
25,sparse_edit_or_object_completion,neighbor_fill_cross_1_2,76682,,13.752577720760112,,,not_run,skipped,rule does not fit,
25,sparse_edit_or_object_completion,neighbor_fill_cross_1_3,76682,,13.752577720760112,,,not_run,skipped,rule does not fit,
25,sparse_edit_or_object_completion,neighbor_fill_cross_1_4,76682,,13.752577720760112,,,not_run,skipped,rule does not fit,
25,sparse_edit_or_object_completion,neighbor_fill_square_1_1,76682,,13.752577720760112,,,not_run,skipped,rule does not fit,
25,sparse_edit_or_object_completion,neighbor_fill_square_1_2,76682,,13.752577720760112,,,not_run,skipped,rule does not fit,
25,sparse_edit_or_object_completion,neighbor_fill_square_1_3,76682,,13.752577720760112,,,not_run,skipped,rule does not fit,
25,sparse_edit_or_object_completion,neighbor_fill_square_1_4,76682,,13.752577720760112,,,not_run,skipped,rule does not fit,
25,sparse_edit_or_object_completion,neighbor_fill_square_1_5,76682,,13.752577720760112,,,not_run,skipped,rule does not fit,
25,sparse_edit_or_object_completion,neighbor_fill_square_1_6,76682,,13.752577720760112,,,not_run,skipped,rule does not fit,
25,sparse_edit_or_object_completion,neighbor_fill_square_1_7,76682,,13.752577720760112,,,not_run,skipped,rule does not fit,
25,sparse_edit_or_object_completion,neighbor_fill_square_1_8,76682,,13.752577720760112,,,not_run,skipped,rule does not fit,
25,sparse_edit_or_object_completion,neighbor_fill_hline_2_1,76682,,13.752577720760112,,,not_run,skipped,rule does not fit,
25,sparse_edit_or_object_completion,neighbor_fill_hline_2_2,76682,,13.752577720760112,,,not_run,skipped,rule does not fit,
25,sparse_edit_or_object_completion,neighbor_fill_vline_2_1,76682,,13.752577720760112,,,not_run,skipped,rule does not fit,
25,sparse_edit_or_object_completion,neighbor_fill_vline_2_2,76682,,13.752577720760112,,,not_run,skipped,rule does not fit,
25,sparse_edit_or_object_completion,neighbor_fill_cross_2_1,76682,,13.752577720760112,,,not_run,skipped,rule does not fit,
25,sparse_edit_or_object_completion,neighbor_fill_cross_2_2,76682,,13.752577720760112,,,not_run,skipped,rule does not fit,
25,sparse_edit_or_object_completion,neighbor_fill_cross_2_3,76682,,13.752577720760112,,,not_run,skipped,rule does not fit,
25,sparse_edit_or_object_completion,neighbor_fill_cross_2_4,76682,,13.752577720760112,,,not_run,skipped,rule does not fit,
25,sparse_edit_or_object_completion,neighbor_fill_square_2_1,76682,,13.752577720760112,,,not_run,skipped,rule does not fit,
25,sparse_edit_or_object_completion,neighbor_fill_square_2_2,76682,,13.752577720760112,,,not_run,skipped,rule does not fit,
25,sparse_edit_or_object_completion,neighbor_fill_square_2_3,76682,,13.752577720760112,,,not_run,skipped,rule does not fit,
25,sparse_edit_or_object_completion,neighbor_fill_square_2_4,76682,,13.752577720760112,,,not_run,skipped,rule does not fit,
25,sparse_edit_or_object_completion,neighbor_fill_square_2_5,76682,,13.752577720760112,,,not_run,skipped,rule does not fit,
25,sparse_edit_or_object_completion,neighbor_fill_square_2_6,76682,,13.752577720760112,,,not_run,skipped,rule does not fit,
25,sparse_edit_or_object_completion,neighbor_fill_square_2_7,76682,,13.752577720760112,,,not_run,skipped,rule does not fit,
25,sparse_edit_or_object_completion,neighbor_fill_square_2_8,76682,,13.752577720760112,,,not_run,skipped,rule does not fit,
25,sparse_edit_or_object_completion,neighbor_fill_hline_3_1,76682,,13.752577720760112,,,not_run,skipped,rule does not fit,
25,sparse_edit_or_object_completion,neighbor_fill_hline_3_2,76682,,13.752577720760112,,,not_run,skipped,rule does not fit,
25,sparse_edit_or_object_completion,neighbor_fill_vline_3_1,76682,,13.752577720760112,,,not_run,skipped,rule does not fit,
25,sparse_edit_or_object_completion,neighbor_fill_vline_3_2,76682,,13.752577720760112,,,not_run,skipped,rule does not fit,
25,sparse_edit_or_object_completion,neighbor_fill_cross_3_1,76682,,13.752577720760112,,,not_run,skipped,rule does not fit,
25,sparse_edit_or_object_completion,neighbor_fill_cross_3_2,76682,,13.752577720760112,,,not_run,skipped,rule does not fit,
25,sparse_edit_or_object_completion,neighbor_fill_cross_3_3,76682,,13.752577720760112,,,not_run,skipped,rule does not fit,
25,sparse_edit_or_object_completion,neighbor_fill_cross_3_4,76682,,13.752577720760112,,,not_run,skipped,rule does not fit,
25,sparse_edit_or_object_completion,neighbor_fill_square_3_1,76682,,13.752577720760112,,,not_run,skipped,rule does not fit,
25,sparse_edit_or_object_completion,neighbor_fill_square_3_2,76682,,13.752577720760112,,,not_run,skipped,rule does not fit,
25,sparse_edit_or_object_completion,neighbor_fill_square_3_3,76682,,13.752577720760112,,,not_run,skipped,rule does not fit,
25,sparse_edit_or_object_completion,neighbor_fill_square_3_4,76682,,13.752577720760112,,,not_run,skipped,rule does not fit,
25,sparse_edit_or_object_completion,neighbor_fill_square_3_5,76682,,13.752577720760112,,,not_run,skipped,rule does not fit,
25,sparse_edit_or_object_completion,neighbor_fill_square_3_6,76682,,13.752577720760112,,,not_run,skipped,rule does not fit,
25,sparse_edit_or_object_completion,neighbor_fill_square_3_7,76682,,13.752577720760112,,,not_run,skipped,rule does not fit,
25,sparse_edit_or_object_completion,neighbor_fill_square_3_8,76682,,13.752577720760112,,,not_run,skipped,rule does not fit,
25,sparse_edit_or_object_completion,neighbor_fill_hline_4_1,76682,,13.752577720760112,,,not_run,skipped,rule does not fit,
25,sparse_edit_or_object_completion,neighbor_fill_hline_4_2,76682,,13.752577720760112,,,not_run,skipped,rule does not fit,
25,sparse_edit_or_object_completion,neighbor_fill_vline_4_1,76682,,13.752577720760112,,,not_run,skipped,rule does not fit,
25,sparse_edit_or_object_completion,neighbor_fill_vline_4_2,76682,,13.752577720760112,,,not_run,skipped,rule does not fit,
25,sparse_edit_or_object_completion,neighbor_fill_cross_4_1,76682,,13.752577720760112,,,not_run,skipped,rule does not fit,
25,sparse_edit_or_object_completion,neighbor_fill_cross_4_2,76682,,13.752577720760112,,,not_run,skipped,rule does not fit,
25,sparse_edit_or_object_completion,neighbor_fill_cross_4_3,76682,,13.752577720760112,,,not_run,skipped,rule does not fit,
25,sparse_edit_or_object_completion,neighbor_fill_cross_4_4,76682,,13.752577720760112,,,not_run,skipped,rule does not fit,
25,sparse_edit_or_object_completion,neighbor_fill_square_4_1,76682,,13.752577720760112,,,not_run,skipped,rule does not fit,
25,sparse_edit_or_object_completion,neighbor_fill_square_4_2,76682,,13.752577720760112,,,not_run,skipped,rule does not fit,
25,sparse_edit_or_object_completion,neighbor_fill_square_4_3,76682,,13.752577720760112,,,not_run,skipped,rule does not fit,
25,sparse_edit_or_object_completion,neighbor_fill_square_4_4,76682,,13.752577720760112,,,not_run,skipped,rule does not fit,
25,sparse_edit_or_object_completion,neighbor_fill_square_4_5,76682,,13.752577720760112,,,not_run,skipped,rule does not fit,
25,sparse_edit_or_object_completion,neighbor_fill_square_4_6,76682,,13.752577720760112,,,not_run,skipped,rule does not fit,
25,sparse_edit_or_object_completion,neighbor_fill_square_4_7,76682,,13.752577720760112,,,not_run,skipped,rule does not fit,
25,sparse_edit_or_object_completion,neighbor_fill_square_4_8,76682,,13.752577720760112,,,not_run,skipped,rule does not fit,
25,sparse_edit_or_object_completion,neighbor_fill_hline_5_1,76682,,13.752577720760112,,,not_run,skipped,rule does not fit,
25,sparse_edit_or_object_completion,neighbor_fill_hline_5_2,76682,,13.752577720760112,,,not_run,skipped,rule does not fit,
25,sparse_edit_or_object_completion,neighbor_fill_vline_5_1,76682,,13.752577720760112,,,not_run,skipped,rule does not fit,
25,sparse_edit_or_object_completion,neighbor_fill_vline_5_2,76682,,13.752577720760112,,,not_run,skipped,rule does not fit,
25,sparse_edit_or_object_completion,neighbor_fill_cross_5_1,76682,,13.752577720760112,,,not_run,skipped,rule does not fit,
25,sparse_edit_or_object_completion,neighbor_fill_cross_5_2,76682,,13.752577720760112,,,not_run,skipped,rule does not fit,
25,sparse_edit_or_object_completion,neighbor_fill_cross_5_3,76682,,13.752577720760112,,,not_run,skipped,rule does not fit,
25,sparse_edit_or_object_completion,neighbor_fill_cross_5_4,76682,,13.752577720760112,,,not_run,skipped,rule does not fit,
25,sparse_edit_or_object_completion,neighbor_fill_square_5_1,76682,,13.752577720760112,,,not_run,skipped,rule does not fit,
25,sparse_edit_or_object_completion,neighbor_fill_square_5_2,76682,,13.752577720760112,,,not_run,skipped,rule does not fit,
25,sparse_edit_or_object_completion,neighbor_fill_square_5_3,76682,,13.752577720760112,,,not_run,skipped,rule does not fit,
25,sparse_edit_or_object_completion,neighbor_fill_square_5_4,76682,,13.752577720760112,,,not_run,skipped,rule does not fit,
25,sparse_edit_or_object_completion,neighbor_fill_square_5_5,76682,,13.752577720760112,,,not_run,skipped,rule does not fit,
25,sparse_edit_or_object_completion,neighbor_fill_square_5_6,76682,,13.752577720760112,,,not_run,skipped,rule does not fit,
25,sparse_edit_or_object_completion,neighbor_fill_square_5_7,76682,,13.752577720760112,,,not_run,skipped,rule does not fit,
25,sparse_edit_or_object_completion,neighbor_fill_square_5_8,76682,,13.752577720760112,,,not_run,skipped,rule does not fit,
25,sparse_edit_or_object_completion,neighbor_fill_hline_6_1,76682,,13.752577720760112,,,not_run,skipped,rule does not fit,
25,sparse_edit_or_object_completion,neighbor_fill_hline_6_2,76682,,13.752577720760112,,,not_run,skipped,rule does not fit,
25,sparse_edit_or_object_completion,neighbor_fill_vline_6_1,76682,,13.752577720760112,,,not_run,skipped,rule does not fit,
25,sparse_edit_or_object_completion,neighbor_fill_vline_6_2,76682,,13.752577720760112,,,not_run,skipped,rule does not fit,
25,sparse_edit_or_object_completion,neighbor_fill_cross_6_1,76682,,13.752577720760112,,,not_run,skipped,rule does not fit,
25,sparse_edit_or_object_completion,neighbor_fill_cross_6_2,76682,,13.752577720760112,,,not_run,skipped,rule does not fit,
25,sparse_edit_or_object_completion,neighbor_fill_cross_6_3,76682,,13.752577720760112,,,not_run,skipped,rule does not fit,
25,sparse_edit_or_object_completion,neighbor_fill_cross_6_4,76682,,13.752577720760112,,,not_run,skipped,rule does not fit,
25,sparse_edit_or_object_completion,neighbor_fill_square_6_1,76682,,13.752577720760112,,,not_run,skipped,rule does not fit,
25,sparse_edit_or_object_completion,neighbor_fill_square_6_2,76682,,13.752577720760112,,,not_run,skipped,rule does not fit,
25,sparse_edit_or_object_completion,neighbor_fill_square_6_3,76682,,13.752577720760112,,,not_run,skipped,rule does not fit,
25,sparse_edit_or_object_completion,neighbor_fill_square_6_4,76682,,13.752577720760112,,,not_run,skipped,rule does not fit,
25,sparse_edit_or_object_completion,neighbor_fill_square_6_5,76682,,13.752577720760112,,,not_run,skipped,rule does not fit,
25,sparse_edit_or_object_completion,neighbor_fill_square_6_6,76682,,13.752577720760112,,,not_run,skipped,rule does not fit,
25,sparse_edit_or_object_completion,neighbor_fill_square_6_7,76682,,13.752577720760112,,,not_run,skipped,rule does not fit,
25,sparse_edit_or_object_completion,neighbor_fill_square_6_8,76682,,13.752577720760112,,,not_run,skipped,rule does not fit,
25,sparse_edit_or_object_completion,neighbor_fill_hline_7_1,76682,,13.752577720760112,,,not_run,skipped,rule does not fit,
25,sparse_edit_or_object_completion,neighbor_fill_hline_7_2,76682,,13.752577720760112,,,not_run,skipped,rule does not fit,
25,sparse_edit_or_object_completion,neighbor_fill_vline_7_1,76682,,13.752577720760112,,,not_run,skipped,rule does not fit,
25,sparse_edit_or_object_completion,neighbor_fill_vline_7_2,76682,,13.752577720760112,,,not_run,skipped,rule does not fit,
25,sparse_edit_or_object_completion,neighbor_fill_cross_7_1,76682,,13.752577720760112,,,not_run,skipped,rule does not fit,
25,sparse_edit_or_object_completion,neighbor_fill_cross_7_2,76682,,13.752577720760112,,,not_run,skipped,rule does not fit,
25,sparse_edit_or_object_completion,neighbor_fill_cross_7_3,76682,,13.752577720760112,,,not_run,skipped,rule does not fit,
25,sparse_edit_or_object_completion,neighbor_fill_cross_7_4,76682,,13.752577720760112,,,not_run,skipped,rule does not fit,
25,sparse_edit_or_object_completion,neighbor_fill_square_7_1,76682,,13.752577720760112,,,not_run,skipped,rule does not fit,
25,sparse_edit_or_object_completion,neighbor_fill_square_7_2,76682,,13.752577720760112,,,not_run,skipped,rule does not fit,
25,sparse_edit_or_object_completion,neighbor_fill_square_7_3,76682,,13.752577720760112,,,not_run,skipped,rule does not fit,
25,sparse_edit_or_object_completion,neighbor_fill_square_7_4,76682,,13.752577720760112,,,not_run,skipped,rule does not fit,
25,sparse_edit_or_object_completion,neighbor_fill_square_7_5,76682,,13.752577720760112,,,not_run,skipped,rule does not fit,
25,sparse_edit_or_object_completion,neighbor_fill_square_7_6,76682,,13.752577720760112,,,not_run,skipped,rule does not fit,
25,sparse_edit_or_object_completion,neighbor_fill_square_7_7,76682,,13.752577720760112,,,not_run,skipped,rule does not fit,
25,sparse_edit_or_object_completion,neighbor_fill_square_7_8,76682,,13.752577720760112,,,not_run,skipped,rule does not fit,
25,sparse_edit_or_object_completion,neighbor_fill_hline_8_1,76682,,13.752577720760112,,,not_run,skipped,rule does not fit,
25,sparse_edit_or_object_completion,neighbor_fill_hline_8_2,76682,,13.752577720760112,,,not_run,skipped,rule does not fit,
25,sparse_edit_or_object_completion,neighbor_fill_vline_8_1,76682,,13.752577720760112,,,not_run,skipped,rule does not fit,
25,sparse_edit_or_object_completion,neighbor_fill_vline_8_2,76682,,13.752577720760112,,,not_run,skipped,rule does not fit,
25,sparse_edit_or_object_completion,neighbor_fill_cross_8_1,76682,,13.752577720760112,,,not_run,skipped,rule does not fit,
25,sparse_edit_or_object_completion,neighbor_fill_cross_8_2,76682,,13.752577720760112,,,not_run,skipped,rule does not fit,
25,sparse_edit_or_object_completion,neighbor_fill_cross_8_3,76682,,13.752577720760112,,,not_run,skipped,rule does not fit,
25,sparse_edit_or_object_completion,neighbor_fill_cross_8_4,76682,,13.752577720760112,,,not_run,skipped,rule does not fit,
25,sparse_edit_or_object_completion,neighbor_fill_square_8_1,76682,,13.752577720760112,,,not_run,skipped,rule does not fit,
25,sparse_edit_or_object_completion,neighbor_fill_square_8_2,76682,,13.752577720760112,,,not_run,skipped,rule does not fit,
25,sparse_edit_or_object_completion,neighbor_fill_square_8_3,76682,,13.752577720760112,,,not_run,skipped,rule does not fit,
25,sparse_edit_or_object_completion,neighbor_fill_square_8_4,76682,,13.752577720760112,,,not_run,skipped,rule does not fit,
25,sparse_edit_or_object_completion,neighbor_fill_square_8_5,76682,,13.752577720760112,,,not_run,skipped,rule does not fit,
25,sparse_edit_or_object_completion,neighbor_fill_square_8_6,76682,,13.752577720760112,,,not_run,skipped,rule does not fit,
25,sparse_edit_or_object_completion,neighbor_fill_square_8_7,76682,,13.752577720760112,,,not_run,skipped,rule does not fit,
25,sparse_edit_or_object_completion,neighbor_fill_square_8_8,76682,,13.752577720760112,,,not_run,skipped,rule does not fit,
25,sparse_edit_or_object_completion,neighbor_fill_hline_9_1,76682,,13.752577720760112,,,not_run,skipped,rule does not fit,
25,sparse_edit_or_object_completion,neighbor_fill_hline_9_2,76682,,13.752577720760112,,,not_run,skipped,rule does not fit,
25,sparse_edit_or_object_completion,neighbor_fill_vline_9_1,76682,,13.752577720760112,,,not_run,skipped,rule does not fit,
25,sparse_edit_or_object_completion,neighbor_fill_vline_9_2,76682,,13.752577720760112,,,not_run,skipped,rule does not fit,
25,sparse_edit_or_object_completion,neighbor_fill_cross_9_1,76682,,13.752577720760112,,,not_run,skipped,rule does not fit,
25,sparse_edit_or_object_completion,neighbor_fill_cross_9_2,76682,,13.752577720760112,,,not_run,skipped,rule does not fit,
25,sparse_edit_or_object_completion,neighbor_fill_cross_9_3,76682,,13.752577720760112,,,not_run,skipped,rule does not fit,
25,sparse_edit_or_object_completion,neighbor_fill_cross_9_4,76682,,13.752577720760112,,,not_run,skipped,rule does not fit,
25,sparse_edit_or_object_completion,neighbor_fill_square_9_1,76682,,13.752577720760112,,,not_run,skipped,rule does not fit,
25,sparse_edit_or_object_completion,neighbor_fill_square_9_2,76682,,13.752577720760112,,,not_run,skipped,rule does not fit,
25,sparse_edit_or_object_completion,neighbor_fill_square_9_3,76682,,13.752577720760112,,,not_run,skipped,rule does not fit,
25,sparse_edit_or_object_completion,neighbor_fill_square_9_4,76682,,13.752577720760112,,,not_run,skipped,rule does not fit,
25,sparse_edit_or_object_completion,neighbor_fill_square_9_5,76682,,13.752577720760112,,,not_run,skipped,rule does not fit,
25,sparse_edit_or_object_completion,neighbor_fill_square_9_6,76682,,13.752577720760112,,,not_run,skipped,rule does not fit,
25,sparse_edit_or_object_completion,neighbor_fill_square_9_7,76682,,13.752577720760112,,,not_run,skipped,rule does not fit,
25,sparse_edit_or_object_completion,neighbor_fill_square_9_8,76682,,13.752577720760112,,,not_run,skipped,rule does not fit,
77,sparse_edit_or_object_completion,signature_scatternd_lookup,76589,10492,13.753791257716394,15.741631659013235,24036,24_pass_0_fail,improved,ok,5e99583ac2a01aebf504f0952f86ae2dc5edb484088c41e6a358405ef5204142
77,sparse_edit_or_object_completion,direct_identity,76589,,13.753791257716394,,,not_run,skipped,not identity,
77,sparse_edit_or_object_completion,conv_color_map,76589,,13.753791257716394,,,not_run,skipped,conflicting color map,
77,sparse_edit_or_object_completion,fixed_mask_where,76589,,13.753791257716394,,,not_run,skipped,edit target mismatch,
77,sparse_edit_or_object_completion,neighbor_fill_hline_4_1,76589,,13.753791257716394,,,not_run,skipped,rule does not fit,
77,sparse_edit_or_object_completion,neighbor_fill_hline_4_2,76589,,13.753791257716394,,,not_run,skipped,rule does not fit,
77,sparse_edit_or_object_completion,neighbor_fill_vline_4_1,76589,,13.753791257716394,,,not_run,skipped,rule does not fit,
77,sparse_edit_or_object_completion,neighbor_fill_vline_4_2,76589,,13.753791257716394,,,not_run,skipped,rule does not fit,
77,sparse_edit_or_object_completion,neighbor_fill_cross_4_1,76589,,13.753791257716394,,,not_run,skipped,rule does not fit,
77,sparse_edit_or_object_completion,neighbor_fill_cross_4_2,76589,,13.753791257716394,,,not_run,skipped,rule does not fit,
77,sparse_edit_or_object_completion,neighbor_fill_cross_4_3,76589,,13.753791257716394,,,not_run,skipped,rule does not fit,
77,sparse_edit_or_object_completion,neighbor_fill_cross_4_4,76589,,13.753791257716394,,,not_run,skipped,rule does not fit,
77,sparse_edit_or_object_completion,neighbor_fill_square_4_1,76589,,13.753791257716394,,,not_run,skipped,rule does not fit,
77,sparse_edit_or_object_completion,neighbor_fill_square_4_2,76589,,13.753791257716394,,,not_run,skipped,rule does not fit,
77,sparse_edit_or_object_completion,neighbor_fill_square_4_3,76589,,13.753791257716394,,,not_run,skipped,rule does not fit,
77,sparse_edit_or_object_completion,neighbor_fill_square_4_4,76589,,13.753791257716394,,,not_run,skipped,rule does not fit,
77,sparse_edit_or_object_completion,neighbor_fill_square_4_5,76589,,13.753791257716394,,,not_run,skipped,rule does not fit,
77,sparse_edit_or_object_completion,neighbor_fill_square_4_6,76589,,13.753791257716394,,,not_run,skipped,rule does not fit,
77,sparse_edit_or_object_completion,neighbor_fill_square_4_7,76589,,13.753791257716394,,,not_run,skipped,rule does not fit,
77,sparse_edit_or_object_completion,neighbor_fill_square_4_8,76589,,13.753791257716394,,,not_run,skipped,rule does not fit,
71,sparse_edit_or_object_completion,signature_scatternd_lookup,76482,9503,13.755189301989024,15.840637182788685,20578,23_pass_0_fail,improved,ok,353018ec78c633265cb05d79bde4ff7294b76bc0af259195f5d53916a2a15b2e
71,sparse_edit_or_object_completion,direct_identity,76482,,13.755189301989024,,,not_run,skipped,not identity,
71,sparse_edit_or_object_completion,conv_color_map,76482,,13.755189301989024,,,not_run,skipped,conflicting color map,
71,sparse_edit_or_object_completion,fixed_mask_where,76482,,13.755189301989024,,,not_run,skipped,fixed edit conflict,
71,sparse_edit_or_object_completion,neighbor_fill_hline_0_1,76482,,13.755189301989024,,,not_run,skipped,rule does not fit,
71,sparse_edit_or_object_completion,neighbor_fill_hline_0_2,76482,,13.755189301989024,,,not_run,skipped,rule does not fit,
71,sparse_edit_or_object_completion,neighbor_fill_vline_0_1,76482,,13.755189301989024,,,not_run,skipped,rule does not fit,
71,sparse_edit_or_object_completion,neighbor_fill_vline_0_2,76482,,13.755189301989024,,,not_run,skipped,rule does not fit,
71,sparse_edit_or_object_completion,neighbor_fill_cross_0_1,76482,,13.755189301989024,,,not_run,skipped,rule does not fit,
71,sparse_edit_or_object_completion,neighbor_fill_cross_0_2,76482,,13.755189301989024,,,not_run,skipped,rule does not fit,
71,sparse_edit_or_object_completion,neighbor_fill_cross_0_3,76482,,13.755189301989024,,,not_run,skipped,rule does not fit,
71,sparse_edit_or_object_completion,neighbor_fill_cross_0_4,76482,,13.755189301989024,,,not_run,skipped,rule does not fit,
71,sparse_edit_or_object_completion,neighbor_fill_square_0_1,76482,,13.755189301989024,,,not_run,skipped,rule does not fit,
71,sparse_edit_or_object_completion,neighbor_fill_square_0_2,76482,,13.755189301989024,,,not_run,skipped,rule does not fit,
71,sparse_edit_or_object_completion,neighbor_fill_square_0_3,76482,,13.755189301989024,,,not_run,skipped,rule does not fit,
71,sparse_edit_or_object_completion,neighbor_fill_square_0_4,76482,,13.755189301989024,,,not_run,skipped,rule does not fit,
71,sparse_edit_or_object_completion,neighbor_fill_square_0_5,76482,,13.755189301989024,,,not_run,skipped,rule does not fit,
71,sparse_edit_or_object_completion,neighbor_fill_square_0_6,76482,,13.755189301989024,,,not_run,skipped,rule does not fit,
71,sparse_edit_or_object_completion,neighbor_fill_square_0_7,76482,,13.755189301989024,,,not_run,skipped,rule does not fit,
71,sparse_edit_or_object_completion,neighbor_fill_square_0_8,76482,,13.755189301989024,,,not_run,skipped,rule does not fit,
71,sparse_edit_or_object_completion,neighbor_fill_hline_1_1,76482,,13.755189301989024,,,not_run,skipped,rule does not fit,
71,sparse_edit_or_object_completion,neighbor_fill_hline_1_2,76482,,13.755189301989024,,,not_run,skipped,rule does not fit,
71,sparse_edit_or_object_completion,neighbor_fill_vline_1_1,76482,,13.755189301989024,,,not_run,skipped,rule does not fit,
71,sparse_edit_or_object_completion,neighbor_fill_vline_1_2,76482,,13.755189301989024,,,not_run,skipped,rule does not fit,
71,sparse_edit_or_object_completion,neighbor_fill_cross_1_1,76482,,13.755189301989024,,,not_run,skipped,rule does not fit,
71,sparse_edit_or_object_completion,neighbor_fill_cross_1_2,76482,,13.755189301989024,,,not_run,skipped,rule does not fit,
71,sparse_edit_or_object_completion,neighbor_fill_cross_1_3,76482,,13.755189301989024,,,not_run,skipped,rule does not fit,
71,sparse_edit_or_object_completion,neighbor_fill_cross_1_4,76482,,13.755189301989024,,,not_run,skipped,rule does not fit,
71,sparse_edit_or_object_completion,neighbor_fill_square_1_1,76482,,13.755189301989024,,,not_run,skipped,rule does not fit,
71,sparse_edit_or_object_completion,neighbor_fill_square_1_2,76482,,13.755189301989024,,,not_run,skipped,rule does not fit,
71,sparse_edit_or_object_completion,neighbor_fill_square_1_3,76482,,13.755189301989024,,,not_run,skipped,rule does not fit,
71,sparse_edit_or_object_completion,neighbor_fill_square_1_4,76482,,13.755189301989024,,,not_run,skipped,rule does not fit,
71,sparse_edit_or_object_completion,neighbor_fill_square_1_5,76482,,13.755189301989024,,,not_run,skipped,rule does not fit,
71,sparse_edit_or_object_completion,neighbor_fill_square_1_6,76482,,13.755189301989024,,,not_run,skipped,rule does not fit,
71,sparse_edit_or_object_completion,neighbor_fill_square_1_7,76482,,13.755189301989024,,,not_run,skipped,rule does not fit,
71,sparse_edit_or_object_completion,neighbor_fill_square_1_8,76482,,13.755189301989024,,,not_run,skipped,rule does not fit,
71,sparse_edit_or_object_completion,neighbor_fill_hline_2_1,76482,,13.755189301989024,,,not_run,skipped,rule does not fit,
71,sparse_edit_or_object_completion,neighbor_fill_hline_2_2,76482,,13.755189301989024,,,not_run,skipped,rule does not fit,
71,sparse_edit_or_object_completion,neighbor_fill_vline_2_1,76482,,13.755189301989024,,,not_run,skipped,rule does not fit,
71,sparse_edit_or_object_completion,neighbor_fill_vline_2_2,76482,,13.755189301989024,,,not_run,skipped,rule does not fit,
71,sparse_edit_or_object_completion,neighbor_fill_cross_2_1,76482,,13.755189301989024,,,not_run,skipped,rule does not fit,
71,sparse_edit_or_object_completion,neighbor_fill_cross_2_2,76482,,13.755189301989024,,,not_run,skipped,rule does not fit,
71,sparse_edit_or_object_completion,neighbor_fill_cross_2_3,76482,,13.755189301989024,,,not_run,skipped,rule does not fit,
71,sparse_edit_or_object_completion,neighbor_fill_cross_2_4,76482,,13.755189301989024,,,not_run,skipped,rule does not fit,
71,sparse_edit_or_object_completion,neighbor_fill_square_2_1,76482,,13.755189301989024,,,not_run,skipped,rule does not fit,
71,sparse_edit_or_object_completion,neighbor_fill_square_2_2,76482,,13.755189301989024,,,not_run,skipped,rule does not fit,
71,sparse_edit_or_object_completion,neighbor_fill_square_2_3,76482,,13.755189301989024,,,not_run,skipped,rule does not fit,
71,sparse_edit_or_object_completion,neighbor_fill_square_2_4,76482,,13.755189301989024,,,not_run,skipped,rule does not fit,
71,sparse_edit_or_object_completion,neighbor_fill_square_2_5,76482,,13.755189301989024,,,not_run,skipped,rule does not fit,
71,sparse_edit_or_object_completion,neighbor_fill_square_2_6,76482,,13.755189301989024,,,not_run,skipped,rule does not fit,
71,sparse_edit_or_object_completion,neighbor_fill_square_2_7,76482,,13.755189301989024,,,not_run,skipped,rule does not fit,
71,sparse_edit_or_object_completion,neighbor_fill_square_2_8,76482,,13.755189301989024,,,not_run,skipped,rule does not fit,
71,sparse_edit_or_object_completion,neighbor_fill_hline_4_1,76482,,13.755189301989024,,,not_run,skipped,rule does not fit,
71,sparse_edit_or_object_completion,neighbor_fill_hline_4_2,76482,,13.755189301989024,,,not_run,skipped,rule does not fit,
71,sparse_edit_or_object_completion,neighbor_fill_vline_4_1,76482,,13.755189301989024,,,not_run,skipped,rule does not fit,
71,sparse_edit_or_object_completion,neighbor_fill_vline_4_2,76482,,13.755189301989024,,,not_run,skipped,rule does not fit,
71,sparse_edit_or_object_completion,neighbor_fill_cross_4_1,76482,,13.755189301989024,,,not_run,skipped,rule does not fit,
71,sparse_edit_or_object_completion,neighbor_fill_cross_4_2,76482,,13.755189301989024,,,not_run,skipped,rule does not fit,
71,sparse_edit_or_object_completion,neighbor_fill_cross_4_3,76482,,13.755189301989024,,,not_run,skipped,rule does not fit,
71,sparse_edit_or_object_completion,neighbor_fill_cross_4_4,76482,,13.755189301989024,,,not_run,skipped,rule does not fit,
71,sparse_edit_or_object_completion,neighbor_fill_square_4_1,76482,,13.755189301989024,,,not_run,skipped,rule does not fit,
71,sparse_edit_or_object_completion,neighbor_fill_square_4_2,76482,,13.755189301989024,,,not_run,skipped,rule does not fit,
71,sparse_edit_or_object_completion,neighbor_fill_square_4_3,76482,,13.755189301989024,,,not_run,skipped,rule does not fit,
71,sparse_edit_or_object_completion,neighbor_fill_square_4_4,76482,,13.755189301989024,,,not_run,skipped,rule does not fit,
71,sparse_edit_or_object_completion,neighbor_fill_square_4_5,76482,,13.755189301989024,,,not_run,skipped,rule does not fit,
71,sparse_edit_or_object_completion,neighbor_fill_square_4_6,76482,,13.755189301989024,,,not_run,skipped,rule does not fit,
71,sparse_edit_or_object_completion,neighbor_fill_square_4_7,76482,,13.755189301989024,,,not_run,skipped,rule does not fit,
71,sparse_edit_or_object_completion,neighbor_fill_square_4_8,76482,,13.755189301989024,,,not_run,skipped,rule does not fit,
71,sparse_edit_or_object_completion,neighbor_fill_hline_5_1,76482,,13.755189301989024,,,not_run,skipped,rule does not fit,
71,sparse_edit_or_object_completion,neighbor_fill_hline_5_2,76482,,13.755189301989024,,,not_run,skipped,rule does not fit,
71,sparse_edit_or_object_completion,neighbor_fill_vline_5_1,76482,,13.755189301989024,,,not_run,skipped,rule does not fit,
71,sparse_edit_or_object_completion,neighbor_fill_vline_5_2,76482,,13.755189301989024,,,not_run,skipped,rule does not fit,
71,sparse_edit_or_object_completion,neighbor_fill_cross_5_1,76482,,13.755189301989024,,,not_run,skipped,rule does not fit,
71,sparse_edit_or_object_completion,neighbor_fill_cross_5_2,76482,,13.755189301989024,,,not_run,skipped,rule does not fit,
71,sparse_edit_or_object_completion,neighbor_fill_cross_5_3,76482,,13.755189301989024,,,not_run,skipped,rule does not fit,
71,sparse_edit_or_object_completion,neighbor_fill_cross_5_4,76482,,13.755189301989024,,,not_run,skipped,rule does not fit,
71,sparse_edit_or_object_completion,neighbor_fill_square_5_1,76482,,13.755189301989024,,,not_run,skipped,rule does not fit,
71,sparse_edit_or_object_completion,neighbor_fill_square_5_2,76482,,13.755189301989024,,,not_run,skipped,rule does not fit,
71,sparse_edit_or_object_completion,neighbor_fill_square_5_3,76482,,13.755189301989024,,,not_run,skipped,rule does not fit,
71,sparse_edit_or_object_completion,neighbor_fill_square_5_4,76482,,13.755189301989024,,,not_run,skipped,rule does not fit,
71,sparse_edit_or_object_completion,neighbor_fill_square_5_5,76482,,13.755189301989024,,,not_run,skipped,rule does not fit,
71,sparse_edit_or_object_completion,neighbor_fill_square_5_6,76482,,13.755189301989024,,,not_run,skipped,rule does not fit,
71,sparse_edit_or_object_completion,neighbor_fill_square_5_7,76482,,13.755189301989024,,,not_run,skipped,rule does not fit,
71,sparse_edit_or_object_completion,neighbor_fill_square_5_8,76482,,13.755189301989024,,,not_run,skipped,rule does not fit,
71,sparse_edit_or_object_completion,neighbor_fill_hline_6_1,76482,,13.755189301989024,,,not_run,skipped,rule does not fit,
71,sparse_edit_or_object_completion,neighbor_fill_hline_6_2,76482,,13.755189301989024,,,not_run,skipped,rule does not fit,
71,sparse_edit_or_object_completion,neighbor_fill_vline_6_1,76482,,13.755189301989024,,,not_run,skipped,rule does not fit,
71,sparse_edit_or_object_completion,neighbor_fill_vline_6_2,76482,,13.755189301989024,,,not_run,skipped,rule does not fit,
71,sparse_edit_or_object_completion,neighbor_fill_cross_6_1,76482,,13.755189301989024,,,not_run,skipped,rule does not fit,
71,sparse_edit_or_object_completion,neighbor_fill_cross_6_2,76482,,13.755189301989024,,,not_run,skipped,rule does not fit,
71,sparse_edit_or_object_completion,neighbor_fill_cross_6_3,76482,,13.755189301989024,,,not_run,skipped,rule does not fit,
71,sparse_edit_or_object_completion,neighbor_fill_cross_6_4,76482,,13.755189301989024,,,not_run,skipped,rule does not fit,
71,sparse_edit_or_object_completion,neighbor_fill_square_6_1,76482,,13.755189301989024,,,not_run,skipped,rule does not fit,
71,sparse_edit_or_object_completion,neighbor_fill_square_6_2,76482,,13.755189301989024,,,not_run,skipped,rule does not fit,
71,sparse_edit_or_object_completion,neighbor_fill_square_6_3,76482,,13.755189301989024,,,not_run,skipped,rule does not fit,
71,sparse_edit_or_object_completion,neighbor_fill_square_6_4,76482,,13.755189301989024,,,not_run,skipped,rule does not fit,
71,sparse_edit_or_object_completion,neighbor_fill_square_6_5,76482,,13.755189301989024,,,not_run,skipped,rule does not fit,
71,sparse_edit_or_object_completion,neighbor_fill_square_6_6,76482,,13.755189301989024,,,not_run,skipped,rule does not fit,
71,sparse_edit_or_object_completion,neighbor_fill_square_6_7,76482,,13.755189301989024,,,not_run,skipped,rule does not fit,
71,sparse_edit_or_object_completion,neighbor_fill_square_6_8,76482,,13.755189301989024,,,not_run,skipped,rule does not fit,
71,sparse_edit_or_object_completion,neighbor_fill_hline_7_1,76482,,13.755189301989024,,,not_run,skipped,rule does not fit,
71,sparse_edit_or_object_completion,neighbor_fill_hline_7_2,76482,,13.755189301989024,,,not_run,skipped,rule does not fit,
71,sparse_edit_or_object_completion,neighbor_fill_vline_7_1,76482,,13.755189301989024,,,not_run,skipped,rule does not fit,
71,sparse_edit_or_object_completion,neighbor_fill_vline_7_2,76482,,13.755189301989024,,,not_run,skipped,rule does not fit,
71,sparse_edit_or_object_completion,neighbor_fill_cross_7_1,76482,,13.755189301989024,,,not_run,skipped,rule does not fit,
71,sparse_edit_or_object_completion,neighbor_fill_cross_7_2,76482,,13.755189301989024,,,not_run,skipped,rule does not fit,
71,sparse_edit_or_object_completion,neighbor_fill_cross_7_3,76482,,13.755189301989024,,,not_run,skipped,rule does not fit,
71,sparse_edit_or_object_completion,neighbor_fill_cross_7_4,76482,,13.755189301989024,,,not_run,skipped,rule does not fit,
71,sparse_edit_or_object_completion,neighbor_fill_square_7_1,76482,,13.755189301989024,,,not_run,skipped,rule does not fit,
71,sparse_edit_or_object_completion,neighbor_fill_square_7_2,76482,,13.755189301989024,,,not_run,skipped,rule does not fit,
71,sparse_edit_or_object_completion,neighbor_fill_square_7_3,76482,,13.755189301989024,,,not_run,skipped,rule does not fit,
71,sparse_edit_or_object_completion,neighbor_fill_square_7_4,76482,,13.755189301989024,,,not_run,skipped,rule does not fit,
71,sparse_edit_or_object_completion,neighbor_fill_square_7_5,76482,,13.755189301989024,,,not_run,skipped,rule does not fit,
71,sparse_edit_or_object_completion,neighbor_fill_square_7_6,76482,,13.755189301989024,,,not_run,skipped,rule does not fit,
71,sparse_edit_or_object_completion,neighbor_fill_square_7_7,76482,,13.755189301989024,,,not_run,skipped,rule does not fit,
71,sparse_edit_or_object_completion,neighbor_fill_square_7_8,76482,,13.755189301989024,,,not_run,skipped,rule does not fit,
71,sparse_edit_or_object_completion,neighbor_fill_hline_8_1,76482,,13.755189301989024,,,not_run,skipped,rule does not fit,
71,sparse_edit_or_object_completion,neighbor_fill_hline_8_2,76482,,13.755189301989024,,,not_run,skipped,rule does not fit,
71,sparse_edit_or_object_completion,neighbor_fill_vline_8_1,76482,,13.755189301989024,,,not_run,skipped,rule does not fit,
71,sparse_edit_or_object_completion,neighbor_fill_vline_8_2,76482,,13.755189301989024,,,not_run,skipped,rule does not fit,
71,sparse_edit_or_object_completion,neighbor_fill_cross_8_1,76482,,13.755189301989024,,,not_run,skipped,rule does not fit,
71,sparse_edit_or_object_completion,neighbor_fill_cross_8_2,76482,,13.755189301989024,,,not_run,skipped,rule does not fit,
71,sparse_edit_or_object_completion,neighbor_fill_cross_8_3,76482,,13.755189301989024,,,not_run,skipped,rule does not fit,
71,sparse_edit_or_object_completion,neighbor_fill_cross_8_4,76482,,13.755189301989024,,,not_run,skipped,rule does not fit,
71,sparse_edit_or_object_completion,neighbor_fill_square_8_1,76482,,13.755189301989024,,,not_run,skipped,rule does not fit,
71,sparse_edit_or_object_completion,neighbor_fill_square_8_2,76482,,13.755189301989024,,,not_run,skipped,rule does not fit,
71,sparse_edit_or_object_completion,neighbor_fill_square_8_3,76482,,13.755189301989024,,,not_run,skipped,rule does not fit,
71,sparse_edit_or_object_completion,neighbor_fill_square_8_4,76482,,13.755189301989024,,,not_run,skipped,rule does not fit,
71,sparse_edit_or_object_completion,neighbor_fill_square_8_5,76482,,13.755189301989024,,,not_run,skipped,rule does not fit,
71,sparse_edit_or_object_completion,neighbor_fill_square_8_6,76482,,13.755189301989024,,,not_run,skipped,rule does not fit,
71,sparse_edit_or_object_completion,neighbor_fill_square_8_7,76482,,13.755189301989024,,,not_run,skipped,rule does not fit,
71,sparse_edit_or_object_completion,neighbor_fill_square_8_8,76482,,13.755189301989024,,,not_run,skipped,rule does not fit,
173,sparse_edit_or_object_completion,signature_scatternd_lookup,76356,8476,13.756838106979208,15.95500608061181,17698,24_pass_0_fail,improved,ok,54ac6a4caa5008760bb03a6ccae56ed1e399f78a367cb3332b47a5cd159fbc97
173,sparse_edit_or_object_completion,direct_identity,76356,,13.756838106979208,,,not_run,skipped,not identity,
173,sparse_edit_or_object_completion,conv_color_map,76356,,13.756838106979208,,,not_run,skipped,conflicting color map,
173,sparse_edit_or_object_completion,fixed_mask_where,76356,,13.756838106979208,,,not_run,skipped,fixed edit conflict,
173,sparse_edit_or_object_completion,neighbor_fill_hline_1_1,76356,,13.756838106979208,,,not_run,skipped,rule does not fit,
173,sparse_edit_or_object_completion,neighbor_fill_hline_1_2,76356,,13.756838106979208,,,not_run,skipped,rule does not fit,
173,sparse_edit_or_object_completion,neighbor_fill_vline_1_1,76356,,13.756838106979208,,,not_run,skipped,rule does not fit,
173,sparse_edit_or_object_completion,neighbor_fill_vline_1_2,76356,,13.756838106979208,,,not_run,skipped,rule does not fit,
173,sparse_edit_or_object_completion,neighbor_fill_cross_1_1,76356,,13.756838106979208,,,not_run,skipped,rule does not fit,
173,sparse_edit_or_object_completion,neighbor_fill_cross_1_2,76356,,13.756838106979208,,,not_run,skipped,rule does not fit,
173,sparse_edit_or_object_completion,neighbor_fill_cross_1_3,76356,,13.756838106979208,,,not_run,skipped,rule does not fit,
173,sparse_edit_or_object_completion,neighbor_fill_cross_1_4,76356,,13.756838106979208,,,not_run,skipped,rule does not fit,
173,sparse_edit_or_object_completion,neighbor_fill_square_1_1,76356,,13.756838106979208,,,not_run,skipped,rule does not fit,
173,sparse_edit_or_object_completion,neighbor_fill_square_1_2,76356,,13.756838106979208,,,not_run,skipped,rule does not fit,
173,sparse_edit_or_object_completion,neighbor_fill_square_1_3,76356,,13.756838106979208,,,not_run,skipped,rule does not fit,
173,sparse_edit_or_object_completion,neighbor_fill_square_1_4,76356,,13.756838106979208,,,not_run,skipped,rule does not fit,
173,sparse_edit_or_object_completion,neighbor_fill_square_1_5,76356,,13.756838106979208,,,not_run,skipped,rule does not fit,
173,sparse_edit_or_object_completion,neighbor_fill_square_1_6,76356,,13.756838106979208,,,not_run,skipped,rule does not fit,
173,sparse_edit_or_object_completion,neighbor_fill_square_1_7,76356,,13.756838106979208,,,not_run,skipped,rule does not fit,
173,sparse_edit_or_object_completion,neighbor_fill_square_1_8,76356,,13.756838106979208,,,not_run,skipped,rule does not fit,
173,sparse_edit_or_object_completion,neighbor_fill_hline_2_1,76356,,13.756838106979208,,,not_run,skipped,rule does not fit,
173,sparse_edit_or_object_completion,neighbor_fill_hline_2_2,76356,,13.756838106979208,,,not_run,skipped,rule does not fit,
173,sparse_edit_or_object_completion,neighbor_fill_vline_2_1,76356,,13.756838106979208,,,not_run,skipped,rule does not fit,
173,sparse_edit_or_object_completion,neighbor_fill_vline_2_2,76356,,13.756838106979208,,,not_run,skipped,rule does not fit,
173,sparse_edit_or_object_completion,neighbor_fill_cross_2_1,76356,,13.756838106979208,,,not_run,skipped,rule does not fit,
173,sparse_edit_or_object_completion,neighbor_fill_cross_2_2,76356,,13.756838106979208,,,not_run,skipped,rule does not fit,
173,sparse_edit_or_object_completion,neighbor_fill_cross_2_3,76356,,13.756838106979208,,,not_run,skipped,rule does not fit,
173,sparse_edit_or_object_completion,neighbor_fill_cross_2_4,76356,,13.756838106979208,,,not_run,skipped,rule does not fit,
173,sparse_edit_or_object_completion,neighbor_fill_square_2_1,76356,,13.756838106979208,,,not_run,skipped,rule does not fit,
173,sparse_edit_or_object_completion,neighbor_fill_square_2_2,76356,,13.756838106979208,,,not_run,skipped,rule does not fit,
173,sparse_edit_or_object_completion,neighbor_fill_square_2_3,76356,,13.756838106979208,,,not_run,skipped,rule does not fit,
173,sparse_edit_or_object_completion,neighbor_fill_square_2_4,76356,,13.756838106979208,,,not_run,skipped,rule does not fit,
173,sparse_edit_or_object_completion,neighbor_fill_square_2_5,76356,,13.756838106979208,,,not_run,skipped,rule does not fit,
173,sparse_edit_or_object_completion,neighbor_fill_square_2_6,76356,,13.756838106979208,,,not_run,skipped,rule does not fit,
173,sparse_edit_or_object_completion,neighbor_fill_square_2_7,76356,,13.756838106979208,,,not_run,skipped,rule does not fit,
173,sparse_edit_or_object_completion,neighbor_fill_square_2_8,76356,,13.756838106979208,,,not_run,skipped,rule does not fit,
173,sparse_edit_or_object_completion,neighbor_fill_hline_3_1,76356,,13.756838106979208,,,not_run,skipped,rule does not fit,
173,sparse_edit_or_object_completion,neighbor_fill_hline_3_2,76356,,13.756838106979208,,,not_run,skipped,rule does not fit,
173,sparse_edit_or_object_completion,neighbor_fill_vline_3_1,76356,,13.756838106979208,,,not_run,skipped,rule does not fit,
173,sparse_edit_or_object_completion,neighbor_fill_vline_3_2,76356,,13.756838106979208,,,not_run,skipped,rule does not fit,
173,sparse_edit_or_object_completion,neighbor_fill_cross_3_1,76356,,13.756838106979208,,,not_run,skipped,rule does not fit,
173,sparse_edit_or_object_completion,neighbor_fill_cross_3_2,76356,,13.756838106979208,,,not_run,skipped,rule does not fit,
173,sparse_edit_or_object_completion,neighbor_fill_cross_3_3,76356,,13.756838106979208,,,not_run,skipped,rule does not fit,
173,sparse_edit_or_object_completion,neighbor_fill_cross_3_4,76356,,13.756838106979208,,,not_run,skipped,rule does not fit,
173,sparse_edit_or_object_completion,neighbor_fill_square_3_1,76356,,13.756838106979208,,,not_run,skipped,rule does not fit,
173,sparse_edit_or_object_completion,neighbor_fill_square_3_2,76356,,13.756838106979208,,,not_run,skipped,rule does not fit,
173,sparse_edit_or_object_completion,neighbor_fill_square_3_3,76356,,13.756838106979208,,,not_run,skipped,rule does not fit,
173,sparse_edit_or_object_completion,neighbor_fill_square_3_4,76356,,13.756838106979208,,,not_run,skipped,rule does not fit,
173,sparse_edit_or_object_completion,neighbor_fill_square_3_5,76356,,13.756838106979208,,,not_run,skipped,rule does not fit,
173,sparse_edit_or_object_completion,neighbor_fill_square_3_6,76356,,13.756838106979208,,,not_run,skipped,rule does not fit,
173,sparse_edit_or_object_completion,neighbor_fill_square_3_7,76356,,13.756838106979208,,,not_run,skipped,rule does not fit,
173,sparse_edit_or_object_completion,neighbor_fill_square_3_8,76356,,13.756838106979208,,,not_run,skipped,rule does not fit,
173,sparse_edit_or_object_completion,neighbor_fill_hline_4_1,76356,,13.756838106979208,,,not_run,skipped,rule does not fit,
173,sparse_edit_or_object_completion,neighbor_fill_hline_4_2,76356,,13.756838106979208,,,not_run,skipped,rule does not fit,
173,sparse_edit_or_object_completion,neighbor_fill_vline_4_1,76356,,13.756838106979208,,,not_run,skipped,rule does not fit,
173,sparse_edit_or_object_completion,neighbor_fill_vline_4_2,76356,,13.756838106979208,,,not_run,skipped,rule does not fit,
173,sparse_edit_or_object_completion,neighbor_fill_cross_4_1,76356,,13.756838106979208,,,not_run,skipped,rule does not fit,
173,sparse_edit_or_object_completion,neighbor_fill_cross_4_2,76356,,13.756838106979208,,,not_run,skipped,rule does not fit,
173,sparse_edit_or_object_completion,neighbor_fill_cross_4_3,76356,,13.756838106979208,,,not_run,skipped,rule does not fit,
173,sparse_edit_or_object_completion,neighbor_fill_cross_4_4,76356,,13.756838106979208,,,not_run,skipped,rule does not fit,
173,sparse_edit_or_object_completion,neighbor_fill_square_4_1,76356,,13.756838106979208,,,not_run,skipped,rule does not fit,
173,sparse_edit_or_object_completion,neighbor_fill_square_4_2,76356,,13.756838106979208,,,not_run,skipped,rule does not fit,
173,sparse_edit_or_object_completion,neighbor_fill_square_4_3,76356,,13.756838106979208,,,not_run,skipped,rule does not fit,
173,sparse_edit_or_object_completion,neighbor_fill_square_4_4,76356,,13.756838106979208,,,not_run,skipped,rule does not fit,
173,sparse_edit_or_object_completion,neighbor_fill_square_4_5,76356,,13.756838106979208,,,not_run,skipped,rule does not fit,
173,sparse_edit_or_object_completion,neighbor_fill_square_4_6,76356,,13.756838106979208,,,not_run,skipped,rule does not fit,
173,sparse_edit_or_object_completion,neighbor_fill_square_4_7,76356,,13.756838106979208,,,not_run,skipped,rule does not fit,
173,sparse_edit_or_object_completion,neighbor_fill_square_4_8,76356,,13.756838106979208,,,not_run,skipped,rule does not fit,
173,sparse_edit_or_object_completion,neighbor_fill_hline_6_1,76356,,13.756838106979208,,,not_run,skipped,rule does not fit,
173,sparse_edit_or_object_completion,neighbor_fill_hline_6_2,76356,,13.756838106979208,,,not_run,skipped,rule does not fit,
173,sparse_edit_or_object_completion,neighbor_fill_vline_6_1,76356,,13.756838106979208,,,not_run,skipped,rule does not fit,
173,sparse_edit_or_object_completion,neighbor_fill_vline_6_2,76356,,13.756838106979208,,,not_run,skipped,rule does not fit,
173,sparse_edit_or_object_completion,neighbor_fill_cross_6_1,76356,,13.756838106979208,,,not_run,skipped,rule does not fit,
173,sparse_edit_or_object_completion,neighbor_fill_cross_6_2,76356,,13.756838106979208,,,not_run,skipped,rule does not fit,
173,sparse_edit_or_object_completion,neighbor_fill_cross_6_3,76356,,13.756838106979208,,,not_run,skipped,rule does not fit,
173,sparse_edit_or_object_completion,neighbor_fill_cross_6_4,76356,,13.756838106979208,,,not_run,skipped,rule does not fit,
173,sparse_edit_or_object_completion,neighbor_fill_square_6_1,76356,,13.756838106979208,,,not_run,skipped,rule does not fit,
173,sparse_edit_or_object_completion,neighbor_fill_square_6_2,76356,,13.756838106979208,,,not_run,skipped,rule does not fit,
173,sparse_edit_or_object_completion,neighbor_fill_square_6_3,76356,,13.756838106979208,,,not_run,skipped,rule does not fit,
173,sparse_edit_or_object_completion,neighbor_fill_square_6_4,76356,,13.756838106979208,,,not_run,skipped,rule does not fit,
173,sparse_edit_or_object_completion,neighbor_fill_square_6_5,76356,,13.756838106979208,,,not_run,skipped,rule does not fit,
173,sparse_edit_or_object_completion,neighbor_fill_square_6_6,76356,,13.756838106979208,,,not_run,skipped,rule does not fit,
173,sparse_edit_or_object_completion,neighbor_fill_square_6_7,76356,,13.756838106979208,,,not_run,skipped,rule does not fit,
173,sparse_edit_or_object_completion,neighbor_fill_square_6_8,76356,,13.756838106979208,,,not_run,skipped,rule does not fit,
173,sparse_edit_or_object_completion,neighbor_fill_hline_7_1,76356,,13.756838106979208,,,not_run,skipped,rule does not fit,
173,sparse_edit_or_object_completion,neighbor_fill_hline_7_2,76356,,13.756838106979208,,,not_run,skipped,rule does not fit,
173,sparse_edit_or_object_completion,neighbor_fill_vline_7_1,76356,,13.756838106979208,,,not_run,skipped,rule does not fit,
173,sparse_edit_or_object_completion,neighbor_fill_vline_7_2,76356,,13.756838106979208,,,not_run,skipped,rule does not fit,
173,sparse_edit_or_object_completion,neighbor_fill_cross_7_1,76356,,13.756838106979208,,,not_run,skipped,rule does not fit,
173,sparse_edit_or_object_completion,neighbor_fill_cross_7_2,76356,,13.756838106979208,,,not_run,skipped,rule does not fit,
173,sparse_edit_or_object_completion,neighbor_fill_cross_7_3,76356,,13.756838106979208,,,not_run,skipped,rule does not fit,
173,sparse_edit_or_object_completion,neighbor_fill_cross_7_4,76356,,13.756838106979208,,,not_run,skipped,rule does not fit,
173,sparse_edit_or_object_completion,neighbor_fill_square_7_1,76356,,13.756838106979208,,,not_run,skipped,rule does not fit,
173,sparse_edit_or_object_completion,neighbor_fill_square_7_2,76356,,13.756838106979208,,,not_run,skipped,rule does not fit,
173,sparse_edit_or_object_completion,neighbor_fill_square_7_3,76356,,13.756838106979208,,,not_run,skipped,rule does not fit,
173,sparse_edit_or_object_completion,neighbor_fill_square_7_4,76356,,13.756838106979208,,,not_run,skipped,rule does not fit,
173,sparse_edit_or_object_completion,neighbor_fill_square_7_5,76356,,13.756838106979208,,,not_run,skipped,rule does not fit,
173,sparse_edit_or_object_completion,neighbor_fill_square_7_6,76356,,13.756838106979208,,,not_run,skipped,rule does not fit,
173,sparse_edit_or_object_completion,neighbor_fill_square_7_7,76356,,13.756838106979208,,,not_run,skipped,rule does not fit,
173,sparse_edit_or_object_completion,neighbor_fill_square_7_8,76356,,13.756838106979208,,,not_run,skipped,rule does not fit,
173,sparse_edit_or_object_completion,neighbor_fill_hline_8_1,76356,,13.756838106979208,,,not_run,skipped,rule does not fit,
173,sparse_edit_or_object_completion,neighbor_fill_hline_8_2,76356,,13.756838106979208,,,not_run,skipped,rule does not fit,
173,sparse_edit_or_object_completion,neighbor_fill_vline_8_1,76356,,13.756838106979208,,,not_run,skipped,rule does not fit,
173,sparse_edit_or_object_completion,neighbor_fill_vline_8_2,76356,,13.756838106979208,,,not_run,skipped,rule does not fit,
173,sparse_edit_or_object_completion,neighbor_fill_cross_8_1,76356,,13.756838106979208,,,not_run,skipped,rule does not fit,
173,sparse_edit_or_object_completion,neighbor_fill_cross_8_2,76356,,13.756838106979208,,,not_run,skipped,rule does not fit,
173,sparse_edit_or_object_completion,neighbor_fill_cross_8_3,76356,,13.756838106979208,,,not_run,skipped,rule does not fit,
173,sparse_edit_or_object_completion,neighbor_fill_cross_8_4,76356,,13.756838106979208,,,not_run,skipped,rule does not fit,
173,sparse_edit_or_object_completion,neighbor_fill_square_8_1,76356,,13.756838106979208,,,not_run,skipped,rule does not fit,
173,sparse_edit_or_object_completion,neighbor_fill_square_8_2,76356,,13.756838106979208,,,not_run,skipped,rule does not fit,
173,sparse_edit_or_object_completion,neighbor_fill_square_8_3,76356,,13.756838106979208,,,not_run,skipped,rule does not fit,
173,sparse_edit_or_object_completion,neighbor_fill_square_8_4,76356,,13.756838106979208,,,not_run,skipped,rule does not fit,
173,sparse_edit_or_object_completion,neighbor_fill_square_8_5,76356,,13.756838106979208,,,not_run,skipped,rule does not fit,
173,sparse_edit_or_object_completion,neighbor_fill_square_8_6,76356,,13.756838106979208,,,not_run,skipped,rule does not fit,
173,sparse_edit_or_object_completion,neighbor_fill_square_8_7,76356,,13.756838106979208,,,not_run,skipped,rule does not fit,
173,sparse_edit_or_object_completion,neighbor_fill_square_8_8,76356,,13.756838106979208,,,not_run,skipped,rule does not fit,
173,sparse_edit_or_object_completion,neighbor_fill_hline_9_1,76356,,13.756838106979208,,,not_run,skipped,rule does not fit,
173,sparse_edit_or_object_completion,neighbor_fill_hline_9_2,76356,,13.756838106979208,,,not_run,skipped,rule does not fit,
173,sparse_edit_or_object_completion,neighbor_fill_vline_9_1,76356,,13.756838106979208,,,not_run,skipped,rule does not fit,
173,sparse_edit_or_object_completion,neighbor_fill_vline_9_2,76356,,13.756838106979208,,,not_run,skipped,rule does not fit,
173,sparse_edit_or_object_completion,neighbor_fill_cross_9_1,76356,,13.756838106979208,,,not_run,skipped,rule does not fit,
173,sparse_edit_or_object_completion,neighbor_fill_cross_9_2,76356,,13.756838106979208,,,not_run,skipped,rule does not fit,
173,sparse_edit_or_object_completion,neighbor_fill_cross_9_3,76356,,13.756838106979208,,,not_run,skipped,rule does not fit,
173,sparse_edit_or_object_completion,neighbor_fill_cross_9_4,76356,,13.756838106979208,,,not_run,skipped,rule does not fit,
173,sparse_edit_or_object_completion,neighbor_fill_square_9_1,76356,,13.756838106979208,,,not_run,skipped,rule does not fit,
173,sparse_edit_or_object_completion,neighbor_fill_square_9_2,76356,,13.756838106979208,,,not_run,skipped,rule does not fit,
173,sparse_edit_or_object_completion,neighbor_fill_square_9_3,76356,,13.756838106979208,,,not_run,skipped,rule does not fit,
173,sparse_edit_or_object_completion,neighbor_fill_square_9_4,76356,,13.756838106979208,,,not_run,skipped,rule does not fit,
173,sparse_edit_or_object_completion,neighbor_fill_square_9_5,76356,,13.756838106979208,,,not_run,skipped,rule does not fit,
173,sparse_edit_or_object_completion,neighbor_fill_square_9_6,76356,,13.756838106979208,,,not_run,skipped,rule does not fit,
173,sparse_edit_or_object_completion,neighbor_fill_square_9_7,76356,,13.756838106979208,,,not_run,skipped,rule does not fit,
173,sparse_edit_or_object_completion,neighbor_fill_square_9_8,76356,,13.756838106979208,,,not_run,skipped,rule does not fit,
20,sparse_edit_or_object_completion,signature_scatternd_lookup,75134,3932,13.7729715350052,16.723096518732945,5472,24_pass_0_fail,improved,ok,f590fa7a17fdc27638a9c07651dbe2d8b04dfa7e511778c22fd3db5521ad3a5a
20,sparse_edit_or_object_completion,direct_identity,75134,,13.7729715350052,,,not_run,skipped,not identity,
20,sparse_edit_or_object_completion,conv_color_map,75134,,13.7729715350052,,,not_run,skipped,conflicting color map,
20,sparse_edit_or_object_completion,fixed_mask_where,75134,,13.7729715350052,,,not_run,skipped,fixed edit conflict,
20,sparse_edit_or_object_completion,neighbor_fill_hline_1_1,75134,,13.7729715350052,,,not_run,skipped,rule does not fit,
20,sparse_edit_or_object_completion,neighbor_fill_hline_1_2,75134,,13.7729715350052,,,not_run,skipped,rule does not fit,
20,sparse_edit_or_object_completion,neighbor_fill_vline_1_1,75134,,13.7729715350052,,,not_run,skipped,rule does not fit,
20,sparse_edit_or_object_completion,neighbor_fill_vline_1_2,75134,,13.7729715350052,,,not_run,skipped,rule does not fit,
20,sparse_edit_or_object_completion,neighbor_fill_cross_1_1,75134,,13.7729715350052,,,not_run,skipped,rule does not fit,
20,sparse_edit_or_object_completion,neighbor_fill_cross_1_2,75134,,13.7729715350052,,,not_run,skipped,rule does not fit,
20,sparse_edit_or_object_completion,neighbor_fill_cross_1_3,75134,,13.7729715350052,,,not_run,skipped,rule does not fit,
20,sparse_edit_or_object_completion,neighbor_fill_cross_1_4,75134,,13.7729715350052,,,not_run,skipped,rule does not fit,
20,sparse_edit_or_object_completion,neighbor_fill_square_1_1,75134,,13.7729715350052,,,not_run,skipped,rule does not fit,
20,sparse_edit_or_object_completion,neighbor_fill_square_1_2,75134,,13.7729715350052,,,not_run,skipped,rule does not fit,
20,sparse_edit_or_object_completion,neighbor_fill_square_1_3,75134,,13.7729715350052,,,not_run,skipped,rule does not fit,
20,sparse_edit_or_object_completion,neighbor_fill_square_1_4,75134,,13.7729715350052,,,not_run,skipped,rule does not fit,
20,sparse_edit_or_object_completion,neighbor_fill_square_1_5,75134,,13.7729715350052,,,not_run,skipped,rule does not fit,
20,sparse_edit_or_object_completion,neighbor_fill_square_1_6,75134,,13.7729715350052,,,not_run,skipped,rule does not fit,
20,sparse_edit_or_object_completion,neighbor_fill_square_1_7,75134,,13.7729715350052,,,not_run,skipped,rule does not fit,
20,sparse_edit_or_object_completion,neighbor_fill_square_1_8,75134,,13.7729715350052,,,not_run,skipped,rule does not fit,
20,sparse_edit_or_object_completion,neighbor_fill_hline_2_1,75134,,13.7729715350052,,,not_run,skipped,rule does not fit,
20,sparse_edit_or_object_completion,neighbor_fill_hline_2_2,75134,,13.7729715350052,,,not_run,skipped,rule does not fit,
20,sparse_edit_or_object_completion,neighbor_fill_vline_2_1,75134,,13.7729715350052,,,not_run,skipped,rule does not fit,
20,sparse_edit_or_object_completion,neighbor_fill_vline_2_2,75134,,13.7729715350052,,,not_run,skipped,rule does not fit,
20,sparse_edit_or_object_completion,neighbor_fill_cross_2_1,75134,,13.7729715350052,,,not_run,skipped,rule does not fit,
20,sparse_edit_or_object_completion,neighbor_fill_cross_2_2,75134,,13.7729715350052,,,not_run,skipped,rule does not fit,
20,sparse_edit_or_object_completion,neighbor_fill_cross_2_3,75134,,13.7729715350052,,,not_run,skipped,rule does not fit,
20,sparse_edit_or_object_completion,neighbor_fill_cross_2_4,75134,,13.7729715350052,,,not_run,skipped,rule does not fit,
20,sparse_edit_or_object_completion,neighbor_fill_square_2_1,75134,,13.7729715350052,,,not_run,skipped,rule does not fit,
20,sparse_edit_or_object_completion,neighbor_fill_square_2_2,75134,,13.7729715350052,,,not_run,skipped,rule does not fit,
20,sparse_edit_or_object_completion,neighbor_fill_square_2_3,75134,,13.7729715350052,,,not_run,skipped,rule does not fit,
20,sparse_edit_or_object_completion,neighbor_fill_square_2_4,75134,,13.7729715350052,,,not_run,skipped,rule does not fit,
20,sparse_edit_or_object_completion,neighbor_fill_square_2_5,75134,,13.7729715350052,,,not_run,skipped,rule does not fit,
20,sparse_edit_or_object_completion,neighbor_fill_square_2_6,75134,,13.7729715350052,,,not_run,skipped,rule does not fit,
20,sparse_edit_or_object_completion,neighbor_fill_square_2_7,75134,,13.7729715350052,,,not_run,skipped,rule does not fit,
20,sparse_edit_or_object_completion,neighbor_fill_square_2_8,75134,,13.7729715350052,,,not_run,skipped,rule does not fit,
20,sparse_edit_or_object_completion,neighbor_fill_hline_3_1,75134,,13.7729715350052,,,not_run,skipped,rule does not fit,
20,sparse_edit_or_object_completion,neighbor_fill_hline_3_2,75134,,13.7729715350052,,,not_run,skipped,rule does not fit,
20,sparse_edit_or_object_completion,neighbor_fill_vline_3_1,75134,,13.7729715350052,,,not_run,skipped,rule does not fit,
20,sparse_edit_or_object_completion,neighbor_fill_vline_3_2,75134,,13.7729715350052,,,not_run,skipped,rule does not fit,
20,sparse_edit_or_object_completion,neighbor_fill_cross_3_1,75134,,13.7729715350052,,,not_run,skipped,rule does not fit,
20,sparse_edit_or_object_completion,neighbor_fill_cross_3_2,75134,,13.7729715350052,,,not_run,skipped,rule does not fit,
20,sparse_edit_or_object_completion,neighbor_fill_cross_3_3,75134,,13.7729715350052,,,not_run,skipped,rule does not fit,
20,sparse_edit_or_object_completion,neighbor_fill_cross_3_4,75134,,13.7729715350052,,,not_run,skipped,rule does not fit,
20,sparse_edit_or_object_completion,neighbor_fill_square_3_1,75134,,13.7729715350052,,,not_run,skipped,rule does not fit,
20,sparse_edit_or_object_completion,neighbor_fill_square_3_2,75134,,13.7729715350052,,,not_run,skipped,rule does not fit,
20,sparse_edit_or_object_completion,neighbor_fill_square_3_3,75134,,13.7729715350052,,,not_run,skipped,rule does not fit,
20,sparse_edit_or_object_completion,neighbor_fill_square_3_4,75134,,13.7729715350052,,,not_run,skipped,rule does not fit,
20,sparse_edit_or_object_completion,neighbor_fill_square_3_5,75134,,13.7729715350052,,,not_run,skipped,rule does not fit,
20,sparse_edit_or_object_completion,neighbor_fill_square_3_6,75134,,13.7729715350052,,,not_run,skipped,rule does not fit,
20,sparse_edit_or_object_completion,neighbor_fill_square_3_7,75134,,13.7729715350052,,,not_run,skipped,rule does not fit,
20,sparse_edit_or_object_completion,neighbor_fill_square_3_8,75134,,13.7729715350052,,,not_run,skipped,rule does not fit,
20,sparse_edit_or_object_completion,neighbor_fill_hline_4_1,75134,,13.7729715350052,,,not_run,skipped,rule does not fit,
20,sparse_edit_or_object_completion,neighbor_fill_hline_4_2,75134,,13.7729715350052,,,not_run,skipped,rule does not fit,
20,sparse_edit_or_object_completion,neighbor_fill_vline_4_1,75134,,13.7729715350052,,,not_run,skipped,rule does not fit,
20,sparse_edit_or_object_completion,neighbor_fill_vline_4_2,75134,,13.7729715350052,,,not_run,skipped,rule does not fit,
20,sparse_edit_or_object_completion,neighbor_fill_cross_4_1,75134,,13.7729715350052,,,not_run,skipped,rule does not fit,
20,sparse_edit_or_object_completion,neighbor_fill_cross_4_2,75134,,13.7729715350052,,,not_run,skipped,rule does not fit,
20,sparse_edit_or_object_completion,neighbor_fill_cross_4_3,75134,,13.7729715350052,,,not_run,skipped,rule does not fit,
20,sparse_edit_or_object_completion,neighbor_fill_cross_4_4,75134,,13.7729715350052,,,not_run,skipped,rule does not fit,
20,sparse_edit_or_object_completion,neighbor_fill_square_4_1,75134,,13.7729715350052,,,not_run,skipped,rule does not fit,
20,sparse_edit_or_object_completion,neighbor_fill_square_4_2,75134,,13.7729715350052,,,not_run,skipped,rule does not fit,
20,sparse_edit_or_object_completion,neighbor_fill_square_4_3,75134,,13.7729715350052,,,not_run,skipped,rule does not fit,
20,sparse_edit_or_object_completion,neighbor_fill_square_4_4,75134,,13.7729715350052,,,not_run,skipped,rule does not fit,
20,sparse_edit_or_object_completion,neighbor_fill_square_4_5,75134,,13.7729715350052,,,not_run,skipped,rule does not fit,
20,sparse_edit_or_object_completion,neighbor_fill_square_4_6,75134,,13.7729715350052,,,not_run,skipped,rule does not fit,
20,sparse_edit_or_object_completion,neighbor_fill_square_4_7,75134,,13.7729715350052,,,not_run,skipped,rule does not fit,
20,sparse_edit_or_object_completion,neighbor_fill_square_4_8,75134,,13.7729715350052,,,not_run,skipped,rule does not fit,
20,sparse_edit_or_object_completion,neighbor_fill_hline_8_1,75134,,13.7729715350052,,,not_run,skipped,rule does not fit,
20,sparse_edit_or_object_completion,neighbor_fill_hline_8_2,75134,,13.7729715350052,,,not_run,skipped,rule does not fit,
20,sparse_edit_or_object_completion,neighbor_fill_vline_8_1,75134,,13.7729715350052,,,not_run,skipped,rule does not fit,
20,sparse_edit_or_object_completion,neighbor_fill_vline_8_2,75134,,13.7729715350052,,,not_run,skipped,rule does not fit,
20,sparse_edit_or_object_completion,neighbor_fill_cross_8_1,75134,,13.7729715350052,,,not_run,skipped,rule does not fit,
20,sparse_edit_or_object_completion,neighbor_fill_cross_8_2,75134,,13.7729715350052,,,not_run,skipped,rule does not fit,
20,sparse_edit_or_object_completion,neighbor_fill_cross_8_3,75134,,13.7729715350052,,,not_run,skipped,rule does not fit,
20,sparse_edit_or_object_completion,neighbor_fill_cross_8_4,75134,,13.7729715350052,,,not_run,skipped,rule does not fit,
20,sparse_edit_or_object_completion,neighbor_fill_square_8_1,75134,,13.7729715350052,,,not_run,skipped,rule does not fit,
20,sparse_edit_or_object_completion,neighbor_fill_square_8_2,75134,,13.7729715350052,,,not_run,skipped,rule does not fit,
20,sparse_edit_or_object_completion,neighbor_fill_square_8_3,75134,,13.7729715350052,,,not_run,skipped,rule does not fit,
20,sparse_edit_or_object_completion,neighbor_fill_square_8_4,75134,,13.7729715350052,,,not_run,skipped,rule does not fit,
20,sparse_edit_or_object_completion,neighbor_fill_square_8_5,75134,,13.7729715350052,,,not_run,skipped,rule does not fit,
20,sparse_edit_or_object_completion,neighbor_fill_square_8_6,75134,,13.7729715350052,,,not_run,skipped,rule does not fit,
20,sparse_edit_or_object_completion,neighbor_fill_square_8_7,75134,,13.7729715350052,,,not_run,skipped,rule does not fit,
20,sparse_edit_or_object_completion,neighbor_fill_square_8_8,75134,,13.7729715350052,,,not_run,skipped,rule does not fit,
126,sparse_edit_or_object_completion,signature_scatternd_lookup,74727,4028,13.77840324840175,16.698974746161547,7008,24_pass_0_fail,improved,ok,cb04c25ce4e804b6563357e09eabce263cf738bc1bc52cb88886071a38e3c1d2
126,sparse_edit_or_object_completion,direct_identity,74727,,13.77840324840175,,,not_run,skipped,not identity,
126,sparse_edit_or_object_completion,conv_color_map,74727,,13.77840324840175,,,not_run,skipped,conflicting color map,
126,sparse_edit_or_object_completion,fixed_mask_where,74727,,13.77840324840175,,,not_run,skipped,edit target mismatch,
126,sparse_edit_or_object_completion,neighbor_fill_hline_4_1,74727,,13.77840324840175,,,not_run,skipped,rule does not fit,
126,sparse_edit_or_object_completion,neighbor_fill_hline_4_2,74727,,13.77840324840175,,,not_run,skipped,rule does not fit,
126,sparse_edit_or_object_completion,neighbor_fill_vline_4_1,74727,,13.77840324840175,,,not_run,skipped,rule does not fit,
126,sparse_edit_or_object_completion,neighbor_fill_vline_4_2,74727,,13.77840324840175,,,not_run,skipped,rule does not fit,
126,sparse_edit_or_object_completion,neighbor_fill_cross_4_1,74727,,13.77840324840175,,,not_run,skipped,rule does not fit,
126,sparse_edit_or_object_completion,neighbor_fill_cross_4_2,74727,,13.77840324840175,,,not_run,skipped,rule does not fit,
126,sparse_edit_or_object_completion,neighbor_fill_cross_4_3,74727,,13.77840324840175,,,not_run,skipped,rule does not fit,
126,sparse_edit_or_object_completion,neighbor_fill_cross_4_4,74727,,13.77840324840175,,,not_run,skipped,rule does not fit,
126,sparse_edit_or_object_completion,neighbor_fill_square_4_1,74727,,13.77840324840175,,,not_run,skipped,rule does not fit,
126,sparse_edit_or_object_completion,neighbor_fill_square_4_2,74727,,13.77840324840175,,,not_run,skipped,rule does not fit,
126,sparse_edit_or_object_completion,neighbor_fill_square_4_3,74727,,13.77840324840175,,,not_run,skipped,rule does not fit,
126,sparse_edit_or_object_completion,neighbor_fill_square_4_4,74727,,13.77840324840175,,,not_run,skipped,rule does not fit,
126,sparse_edit_or_object_completion,neighbor_fill_square_4_5,74727,,13.77840324840175,,,not_run,skipped,rule does not fit,
126,sparse_edit_or_object_completion,neighbor_fill_square_4_6,74727,,13.77840324840175,,,not_run,skipped,rule does not fit,
126,sparse_edit_or_object_completion,neighbor_fill_square_4_7,74727,,13.77840324840175,,,not_run,skipped,rule does not fit,
126,sparse_edit_or_object_completion,neighbor_fill_square_4_8,74727,,13.77840324840175,,,not_run,skipped,rule does not fit,
255,same_shape_global_transform,signature_scatternd_lookup,74403,158876,13.782748457411104,13.024120697271563,395431,24_pass_0_fail,no_cost_gain,candidate cost is not lower than baseline,4249a1c6d325afa36ae6f9225732b25dc4f957ece1c433f9ae8b6a373768dea5
255,same_shape_global_transform,direct_identity,74403,,13.782748457411104,,,not_run,skipped,not identity,
255,same_shape_global_transform,conv_color_map,74403,,13.782748457411104,,,not_run,skipped,conflicting color map,
255,same_shape_global_transform,fixed_mask_where,74403,,13.782748457411104,,,not_run,skipped,edit target mismatch,
255,same_shape_global_transform,neighbor_fill_hline_3_1,74403,,13.782748457411104,,,not_run,skipped,rule does not fit,
255,same_shape_global_transform,neighbor_fill_hline_3_2,74403,,13.782748457411104,,,not_run,skipped,rule does not fit,
255,same_shape_global_transform,neighbor_fill_vline_3_1,74403,,13.782748457411104,,,not_run,skipped,rule does not fit,
255,same_shape_global_transform,neighbor_fill_vline_3_2,74403,,13.782748457411104,,,not_run,skipped,rule does not fit,
255,same_shape_global_transform,neighbor_fill_cross_3_1,74403,,13.782748457411104,,,not_run,skipped,rule does not fit,
255,same_shape_global_transform,neighbor_fill_cross_3_2,74403,,13.782748457411104,,,not_run,skipped,rule does not fit,
255,same_shape_global_transform,neighbor_fill_cross_3_3,74403,,13.782748457411104,,,not_run,skipped,rule does not fit,
255,same_shape_global_transform,neighbor_fill_cross_3_4,74403,,13.782748457411104,,,not_run,skipped,rule does not fit,
255,same_shape_global_transform,neighbor_fill_square_3_1,74403,,13.782748457411104,,,not_run,skipped,rule does not fit,
255,same_shape_global_transform,neighbor_fill_square_3_2,74403,,13.782748457411104,,,not_run,skipped,rule does not fit,
255,same_shape_global_transform,neighbor_fill_square_3_3,74403,,13.782748457411104,,,not_run,skipped,rule does not fit,
255,same_shape_global_transform,neighbor_fill_square_3_4,74403,,13.782748457411104,,,not_run,skipped,rule does not fit,
255,same_shape_global_transform,neighbor_fill_square_3_5,74403,,13.782748457411104,,,not_run,skipped,rule does not fit,
255,same_shape_global_transform,neighbor_fill_square_3_6,74403,,13.782748457411104,,,not_run,skipped,rule does not fit,
255,same_shape_global_transform,neighbor_fill_square_3_7,74403,,13.782748457411104,,,not_run,skipped,rule does not fit,
255,same_shape_global_transform,neighbor_fill_square_3_8,74403,,13.782748457411104,,,not_run,skipped,rule does not fit,
191,sparse_edit_or_object_completion,signature_scatternd_lookup,73993,36077,13.788274226882638,14.506589177839231,88247,25_pass_0_fail,improved,ok,aa22cc58f155d605d1d26d92f46d090ec7a10a3ae1111f8fbd4ded5fa6146b6a
191,sparse_edit_or_object_completion,direct_identity,73993,,13.788274226882638,,,not_run,skipped,not identity,
191,sparse_edit_or_object_completion,conv_color_map,73993,,13.788274226882638,,,not_run,skipped,conflicting color map,
191,sparse_edit_or_object_completion,fixed_mask_where,73993,,13.788274226882638,,,not_run,skipped,edit target mismatch,
191,sparse_edit_or_object_completion,neighbor_fill_hline_1_1,73993,,13.788274226882638,,,not_run,skipped,rule does not fit,
191,sparse_edit_or_object_completion,neighbor_fill_hline_1_2,73993,,13.788274226882638,,,not_run,skipped,rule does not fit,
191,sparse_edit_or_object_completion,neighbor_fill_vline_1_1,73993,,13.788274226882638,,,not_run,skipped,rule does not fit,
191,sparse_edit_or_object_completion,neighbor_fill_vline_1_2,73993,,13.788274226882638,,,not_run,skipped,rule does not fit,
191,sparse_edit_or_object_completion,neighbor_fill_cross_1_1,73993,,13.788274226882638,,,not_run,skipped,rule does not fit,
191,sparse_edit_or_object_completion,neighbor_fill_cross_1_2,73993,,13.788274226882638,,,not_run,skipped,rule does not fit,
191,sparse_edit_or_object_completion,neighbor_fill_cross_1_3,73993,,13.788274226882638,,,not_run,skipped,rule does not fit,
191,sparse_edit_or_object_completion,neighbor_fill_cross_1_4,73993,,13.788274226882638,,,not_run,skipped,rule does not fit,
191,sparse_edit_or_object_completion,neighbor_fill_square_1_1,73993,,13.788274226882638,,,not_run,skipped,rule does not fit,
191,sparse_edit_or_object_completion,neighbor_fill_square_1_2,73993,,13.788274226882638,,,not_run,skipped,rule does not fit,
191,sparse_edit_or_object_completion,neighbor_fill_square_1_3,73993,,13.788274226882638,,,not_run,skipped,rule does not fit,
191,sparse_edit_or_object_completion,neighbor_fill_square_1_4,73993,,13.788274226882638,,,not_run,skipped,rule does not fit,
191,sparse_edit_or_object_completion,neighbor_fill_square_1_5,73993,,13.788274226882638,,,not_run,skipped,rule does not fit,
191,sparse_edit_or_object_completion,neighbor_fill_square_1_6,73993,,13.788274226882638,,,not_run,skipped,rule does not fit,
191,sparse_edit_or_object_completion,neighbor_fill_square_1_7,73993,,13.788274226882638,,,not_run,skipped,rule does not fit,
191,sparse_edit_or_object_completion,neighbor_fill_square_1_8,73993,,13.788274226882638,,,not_run,skipped,rule does not fit,
379,sparse_edit_or_object_completion,signature_scatternd_lookup,72499,18844,13.808671952355807,15.156050160180069,43620,24_pass_0_fail,improved,ok,d65cd41337bf42befe7ac6e72af9bd72ca0638b2afa51efdf1d5c833d26efbe1
379,sparse_edit_or_object_completion,direct_identity,72499,,13.808671952355807,,,not_run,skipped,not identity,
379,sparse_edit_or_object_completion,conv_color_map,72499,,13.808671952355807,,,not_run,skipped,conflicting color map,
379,sparse_edit_or_object_completion,fixed_mask_where,72499,,13.808671952355807,,,not_run,skipped,fixed edit conflict,
379,sparse_edit_or_object_completion,neighbor_fill_hline_2_1,72499,,13.808671952355807,,,not_run,skipped,rule does not fit,
379,sparse_edit_or_object_completion,neighbor_fill_hline_2_2,72499,,13.808671952355807,,,not_run,skipped,rule does not fit,
379,sparse_edit_or_object_completion,neighbor_fill_vline_2_1,72499,,13.808671952355807,,,not_run,skipped,rule does not fit,
379,sparse_edit_or_object_completion,neighbor_fill_vline_2_2,72499,,13.808671952355807,,,not_run,skipped,rule does not fit,
379,sparse_edit_or_object_completion,neighbor_fill_cross_2_1,72499,,13.808671952355807,,,not_run,skipped,rule does not fit,
379,sparse_edit_or_object_completion,neighbor_fill_cross_2_2,72499,,13.808671952355807,,,not_run,skipped,rule does not fit,
379,sparse_edit_or_object_completion,neighbor_fill_cross_2_3,72499,,13.808671952355807,,,not_run,skipped,rule does not fit,
379,sparse_edit_or_object_completion,neighbor_fill_cross_2_4,72499,,13.808671952355807,,,not_run,skipped,rule does not fit,
379,sparse_edit_or_object_completion,neighbor_fill_square_2_1,72499,,13.808671952355807,,,not_run,skipped,rule does not fit,
379,sparse_edit_or_object_completion,neighbor_fill_square_2_2,72499,,13.808671952355807,,,not_run,skipped,rule does not fit,
379,sparse_edit_or_object_completion,neighbor_fill_square_2_3,72499,,13.808671952355807,,,not_run,skipped,rule does not fit,
379,sparse_edit_or_object_completion,neighbor_fill_square_2_4,72499,,13.808671952355807,,,not_run,skipped,rule does not fit,
379,sparse_edit_or_object_completion,neighbor_fill_square_2_5,72499,,13.808671952355807,,,not_run,skipped,rule does not fit,
379,sparse_edit_or_object_completion,neighbor_fill_square_2_6,72499,,13.808671952355807,,,not_run,skipped,rule does not fit,
379,sparse_edit_or_object_completion,neighbor_fill_square_2_7,72499,,13.808671952355807,,,not_run,skipped,rule does not fit,
379,sparse_edit_or_object_completion,neighbor_fill_square_2_8,72499,,13.808671952355807,,,not_run,skipped,rule does not fit,
379,sparse_edit_or_object_completion,neighbor_fill_hline_8_1,72499,,13.808671952355807,,,not_run,skipped,rule does not fit,
379,sparse_edit_or_object_completion,neighbor_fill_hline_8_2,72499,,13.808671952355807,,,not_run,skipped,rule does not fit,
379,sparse_edit_or_object_completion,neighbor_fill_vline_8_1,72499,,13.808671952355807,,,not_run,skipped,rule does not fit,
379,sparse_edit_or_object_completion,neighbor_fill_vline_8_2,72499,,13.808671952355807,,,not_run,skipped,rule does not fit,
379,sparse_edit_or_object_completion,neighbor_fill_cross_8_1,72499,,13.808671952355807,,,not_run,skipped,rule does not fit,
379,sparse_edit_or_object_completion,neighbor_fill_cross_8_2,72499,,13.808671952355807,,,not_run,skipped,rule does not fit,
379,sparse_edit_or_object_completion,neighbor_fill_cross_8_3,72499,,13.808671952355807,,,not_run,skipped,rule does not fit,
379,sparse_edit_or_object_completion,neighbor_fill_cross_8_4,72499,,13.808671952355807,,,not_run,skipped,rule does not fit,
379,sparse_edit_or_object_completion,neighbor_fill_square_8_1,72499,,13.808671952355807,,,not_run,skipped,rule does not fit,
379,sparse_edit_or_object_completion,neighbor_fill_square_8_2,72499,,13.808671952355807,,,not_run,skipped,rule does not fit,
379,sparse_edit_or_object_completion,neighbor_fill_square_8_3,72499,,13.808671952355807,,,not_run,skipped,rule does not fit,
379,sparse_edit_or_object_completion,neighbor_fill_square_8_4,72499,,13.808671952355807,,,not_run,skipped,rule does not fit,
379,sparse_edit_or_object_completion,neighbor_fill_square_8_5,72499,,13.808671952355807,,,not_run,skipped,rule does not fit,
379,sparse_edit_or_object_completion,neighbor_fill_square_8_6,72499,,13.808671952355807,,,not_run,skipped,rule does not fit,
379,sparse_edit_or_object_completion,neighbor_fill_square_8_7,72499,,13.808671952355807,,,not_run,skipped,rule does not fit,
379,sparse_edit_or_object_completion,neighbor_fill_square_8_8,72499,,13.808671952355807,,,not_run,skipped,rule does not fit,
137,same_shape_global_transform,signature_scatternd_lookup,72472,154492,13.809044440650876,13.052102405955965,378855,24_pass_0_fail,no_cost_gain,candidate cost is not lower than baseline,ff92e92ab71685c5c476cbc3da09bfbf6bf76d0b2b527c599c139e0f6b9081e0
137,same_shape_global_transform,direct_identity,72472,,13.809044440650876,,,not_run,skipped,not identity,
137,same_shape_global_transform,conv_color_map,72472,,13.809044440650876,,,not_run,skipped,conflicting color map,
137,same_shape_global_transform,fixed_mask_where,72472,,13.809044440650876,,,not_run,skipped,fixed edit conflict,
137,same_shape_global_transform,neighbor_fill_hline_2_1,72472,,13.809044440650876,,,not_run,skipped,rule does not fit,
137,same_shape_global_transform,neighbor_fill_hline_2_2,72472,,13.809044440650876,,,not_run,skipped,rule does not fit,
137,same_shape_global_transform,neighbor_fill_vline_2_1,72472,,13.809044440650876,,,not_run,skipped,rule does not fit,
137,same_shape_global_transform,neighbor_fill_vline_2_2,72472,,13.809044440650876,,,not_run,skipped,rule does not fit,
137,same_shape_global_transform,neighbor_fill_cross_2_1,72472,,13.809044440650876,,,not_run,skipped,rule does not fit,
137,same_shape_global_transform,neighbor_fill_cross_2_2,72472,,13.809044440650876,,,not_run,skipped,rule does not fit,
137,same_shape_global_transform,neighbor_fill_cross_2_3,72472,,13.809044440650876,,,not_run,skipped,rule does not fit,
137,same_shape_global_transform,neighbor_fill_cross_2_4,72472,,13.809044440650876,,,not_run,skipped,rule does not fit,
137,same_shape_global_transform,neighbor_fill_square_2_1,72472,,13.809044440650876,,,not_run,skipped,rule does not fit,
137,same_shape_global_transform,neighbor_fill_square_2_2,72472,,13.809044440650876,,,not_run,skipped,rule does not fit,
137,same_shape_global_transform,neighbor_fill_square_2_3,72472,,13.809044440650876,,,not_run,skipped,rule does not fit,
137,same_shape_global_transform,neighbor_fill_square_2_4,72472,,13.809044440650876,,,not_run,skipped,rule does not fit,
137,same_shape_global_transform,neighbor_fill_square_2_5,72472,,13.809044440650876,,,not_run,skipped,rule does not fit,
137,same_shape_global_transform,neighbor_fill_square_2_6,72472,,13.809044440650876,,,not_run,skipped,rule does not fit,
137,same_shape_global_transform,neighbor_fill_square_2_7,72472,,13.809044440650876,,,not_run,skipped,rule does not fit,
137,same_shape_global_transform,neighbor_fill_square_2_8,72472,,13.809044440650876,,,not_run,skipped,rule does not fit,
137,same_shape_global_transform,neighbor_fill_hline_3_1,72472,,13.809044440650876,,,not_run,skipped,rule does not fit,
137,same_shape_global_transform,neighbor_fill_hline_3_2,72472,,13.809044440650876,,,not_run,skipped,rule does not fit,
137,same_shape_global_transform,neighbor_fill_vline_3_1,72472,,13.809044440650876,,,not_run,skipped,rule does not fit,
137,same_shape_global_transform,neighbor_fill_vline_3_2,72472,,13.809044440650876,,,not_run,skipped,rule does not fit,
137,same_shape_global_transform,neighbor_fill_cross_3_1,72472,,13.809044440650876,,,not_run,skipped,rule does not fit,
137,same_shape_global_transform,neighbor_fill_cross_3_2,72472,,13.809044440650876,,,not_run,skipped,rule does not fit,
137,same_shape_global_transform,neighbor_fill_cross_3_3,72472,,13.809044440650876,,,not_run,skipped,rule does not fit,
137,same_shape_global_transform,neighbor_fill_cross_3_4,72472,,13.809044440650876,,,not_run,skipped,rule does not fit,
137,same_shape_global_transform,neighbor_fill_square_3_1,72472,,13.809044440650876,,,not_run,skipped,rule does not fit,
137,same_shape_global_transform,neighbor_fill_square_3_2,72472,,13.809044440650876,,,not_run,skipped,rule does not fit,
137,same_shape_global_transform,neighbor_fill_square_3_3,72472,,13.809044440650876,,,not_run,skipped,rule does not fit,
137,same_shape_global_transform,neighbor_fill_square_3_4,72472,,13.809044440650876,,,not_run,skipped,rule does not fit,
137,same_shape_global_transform,neighbor_fill_square_3_5,72472,,13.809044440650876,,,not_run,skipped,rule does not fit,
137,same_shape_global_transform,neighbor_fill_square_3_6,72472,,13.809044440650876,,,not_run,skipped,rule does not fit,
137,same_shape_global_transform,neighbor_fill_square_3_7,72472,,13.809044440650876,,,not_run,skipped,rule does not fit,
137,same_shape_global_transform,neighbor_fill_square_3_8,72472,,13.809044440650876,,,not_run,skipped,rule does not fit,
137,same_shape_global_transform,neighbor_fill_hline_4_1,72472,,13.809044440650876,,,not_run,skipped,rule does not fit,
137,same_shape_global_transform,neighbor_fill_hline_4_2,72472,,13.809044440650876,,,not_run,skipped,rule does not fit,
137,same_shape_global_transform,neighbor_fill_vline_4_1,72472,,13.809044440650876,,,not_run,skipped,rule does not fit,
137,same_shape_global_transform,neighbor_fill_vline_4_2,72472,,13.809044440650876,,,not_run,skipped,rule does not fit,
137,same_shape_global_transform,neighbor_fill_cross_4_1,72472,,13.809044440650876,,,not_run,skipped,rule does not fit,
137,same_shape_global_transform,neighbor_fill_cross_4_2,72472,,13.809044440650876,,,not_run,skipped,rule does not fit,
137,same_shape_global_transform,neighbor_fill_cross_4_3,72472,,13.809044440650876,,,not_run,skipped,rule does not fit,
137,same_shape_global_transform,neighbor_fill_cross_4_4,72472,,13.809044440650876,,,not_run,skipped,rule does not fit,
137,same_shape_global_transform,neighbor_fill_square_4_1,72472,,13.809044440650876,,,not_run,skipped,rule does not fit,
137,same_shape_global_transform,neighbor_fill_square_4_2,72472,,13.809044440650876,,,not_run,skipped,rule does not fit,
137,same_shape_global_transform,neighbor_fill_square_4_3,72472,,13.809044440650876,,,not_run,skipped,rule does not fit,
137,same_shape_global_transform,neighbor_fill_square_4_4,72472,,13.809044440650876,,,not_run,skipped,rule does not fit,
137,same_shape_global_transform,neighbor_fill_square_4_5,72472,,13.809044440650876,,,not_run,skipped,rule does not fit,
137,same_shape_global_transform,neighbor_fill_square_4_6,72472,,13.809044440650876,,,not_run,skipped,rule does not fit,
137,same_shape_global_transform,neighbor_fill_square_4_7,72472,,13.809044440650876,,,not_run,skipped,rule does not fit,
137,same_shape_global_transform,neighbor_fill_square_4_8,72472,,13.809044440650876,,,not_run,skipped,rule does not fit,
137,same_shape_global_transform,neighbor_fill_hline_5_1,72472,,13.809044440650876,,,not_run,skipped,rule does not fit,
137,same_shape_global_transform,neighbor_fill_hline_5_2,72472,,13.809044440650876,,,not_run,skipped,rule does not fit,
137,same_shape_global_transform,neighbor_fill_vline_5_1,72472,,13.809044440650876,,,not_run,skipped,rule does not fit,
137,same_shape_global_transform,neighbor_fill_vline_5_2,72472,,13.809044440650876,,,not_run,skipped,rule does not fit,
137,same_shape_global_transform,neighbor_fill_cross_5_1,72472,,13.809044440650876,,,not_run,skipped,rule does not fit,
137,same_shape_global_transform,neighbor_fill_cross_5_2,72472,,13.809044440650876,,,not_run,skipped,rule does not fit,
137,same_shape_global_transform,neighbor_fill_cross_5_3,72472,,13.809044440650876,,,not_run,skipped,rule does not fit,
137,same_shape_global_transform,neighbor_fill_cross_5_4,72472,,13.809044440650876,,,not_run,skipped,rule does not fit,
137,same_shape_global_transform,neighbor_fill_square_5_1,72472,,13.809044440650876,,,not_run,skipped,rule does not fit,
137,same_shape_global_transform,neighbor_fill_square_5_2,72472,,13.809044440650876,,,not_run,skipped,rule does not fit,
137,same_shape_global_transform,neighbor_fill_square_5_3,72472,,13.809044440650876,,,not_run,skipped,rule does not fit,
137,same_shape_global_transform,neighbor_fill_square_5_4,72472,,13.809044440650876,,,not_run,skipped,rule does not fit,
137,same_shape_global_transform,neighbor_fill_square_5_5,72472,,13.809044440650876,,,not_run,skipped,rule does not fit,
137,same_shape_global_transform,neighbor_fill_square_5_6,72472,,13.809044440650876,,,not_run,skipped,rule does not fit,
137,same_shape_global_transform,neighbor_fill_square_5_7,72472,,13.809044440650876,,,not_run,skipped,rule does not fit,
137,same_shape_global_transform,neighbor_fill_square_5_8,72472,,13.809044440650876,,,not_run,skipped,rule does not fit,
137,same_shape_global_transform,neighbor_fill_hline_7_1,72472,,13.809044440650876,,,not_run,skipped,rule does not fit,
137,same_shape_global_transform,neighbor_fill_hline_7_2,72472,,13.809044440650876,,,not_run,skipped,rule does not fit,
137,same_shape_global_transform,neighbor_fill_vline_7_1,72472,,13.809044440650876,,,not_run,skipped,rule does not fit,
137,same_shape_global_transform,neighbor_fill_vline_7_2,72472,,13.809044440650876,,,not_run,skipped,rule does not fit,
137,same_shape_global_transform,neighbor_fill_cross_7_1,72472,,13.809044440650876,,,not_run,skipped,rule does not fit,
137,same_shape_global_transform,neighbor_fill_cross_7_2,72472,,13.809044440650876,,,not_run,skipped,rule does not fit,
137,same_shape_global_transform,neighbor_fill_cross_7_3,72472,,13.809044440650876,,,not_run,skipped,rule does not fit,
137,same_shape_global_transform,neighbor_fill_cross_7_4,72472,,13.809044440650876,,,not_run,skipped,rule does not fit,
137,same_shape_global_transform,neighbor_fill_square_7_1,72472,,13.809044440650876,,,not_run,skipped,rule does not fit,
137,same_shape_global_transform,neighbor_fill_square_7_2,72472,,13.809044440650876,,,not_run,skipped,rule does not fit,
137,same_shape_global_transform,neighbor_fill_square_7_3,72472,,13.809044440650876,,,not_run,skipped,rule does not fit,
137,same_shape_global_transform,neighbor_fill_square_7_4,72472,,13.809044440650876,,,not_run,skipped,rule does not fit,
137,same_shape_global_transform,neighbor_fill_square_7_5,72472,,13.809044440650876,,,not_run,skipped,rule does not fit,
137,same_shape_global_transform,neighbor_fill_square_7_6,72472,,13.809044440650876,,,not_run,skipped,rule does not fit,
137,same_shape_global_transform,neighbor_fill_square_7_7,72472,,13.809044440650876,,,not_run,skipped,rule does not fit,
137,same_shape_global_transform,neighbor_fill_square_7_8,72472,,13.809044440650876,,,not_run,skipped,rule does not fit,
137,same_shape_global_transform,neighbor_fill_hline_8_1,72472,,13.809044440650876,,,not_run,skipped,rule does not fit,
137,same_shape_global_transform,neighbor_fill_hline_8_2,72472,,13.809044440650876,,,not_run,skipped,rule does not fit,
137,same_shape_global_transform,neighbor_fill_vline_8_1,72472,,13.809044440650876,,,not_run,skipped,rule does not fit,
137,same_shape_global_transform,neighbor_fill_vline_8_2,72472,,13.809044440650876,,,not_run,skipped,rule does not fit,
137,same_shape_global_transform,neighbor_fill_cross_8_1,72472,,13.809044440650876,,,not_run,skipped,rule does not fit,
137,same_shape_global_transform,neighbor_fill_cross_8_2,72472,,13.809044440650876,,,not_run,skipped,rule does not fit,
137,same_shape_global_transform,neighbor_fill_cross_8_3,72472,,13.809044440650876,,,not_run,skipped,rule does not fit,
137,same_shape_global_transform,neighbor_fill_cross_8_4,72472,,13.809044440650876,,,not_run,skipped,rule does not fit,
137,same_shape_global_transform,neighbor_fill_square_8_1,72472,,13.809044440650876,,,not_run,skipped,rule does not fit,
137,same_shape_global_transform,neighbor_fill_square_8_2,72472,,13.809044440650876,,,not_run,skipped,rule does not fit,
137,same_shape_global_transform,neighbor_fill_square_8_3,72472,,13.809044440650876,,,not_run,skipped,rule does not fit,
137,same_shape_global_transform,neighbor_fill_square_8_4,72472,,13.809044440650876,,,not_run,skipped,rule does not fit,
137,same_shape_global_transform,neighbor_fill_square_8_5,72472,,13.809044440650876,,,not_run,skipped,rule does not fit,
137,same_shape_global_transform,neighbor_fill_square_8_6,72472,,13.809044440650876,,,not_run,skipped,rule does not fit,
137,same_shape_global_transform,neighbor_fill_square_8_7,72472,,13.809044440650876,,,not_run,skipped,rule does not fit,
137,same_shape_global_transform,neighbor_fill_square_8_8,72472,,13.809044440650876,,,not_run,skipped,rule does not fit,
137,same_shape_global_transform,neighbor_fill_hline_9_1,72472,,13.809044440650876,,,not_run,skipped,rule does not fit,
137,same_shape_global_transform,neighbor_fill_hline_9_2,72472,,13.809044440650876,,,not_run,skipped,rule does not fit,
137,same_shape_global_transform,neighbor_fill_vline_9_1,72472,,13.809044440650876,,,not_run,skipped,rule does not fit,
137,same_shape_global_transform,neighbor_fill_vline_9_2,72472,,13.809044440650876,,,not_run,skipped,rule does not fit,
137,same_shape_global_transform,neighbor_fill_cross_9_1,72472,,13.809044440650876,,,not_run,skipped,rule does not fit,
137,same_shape_global_transform,neighbor_fill_cross_9_2,72472,,13.809044440650876,,,not_run,skipped,rule does not fit,
137,same_shape_global_transform,neighbor_fill_cross_9_3,72472,,13.809044440650876,,,not_run,skipped,rule does not fit,
137,same_shape_global_transform,neighbor_fill_cross_9_4,72472,,13.809044440650876,,,not_run,skipped,rule does not fit,
137,same_shape_global_transform,neighbor_fill_square_9_1,72472,,13.809044440650876,,,not_run,skipped,rule does not fit,
137,same_shape_global_transform,neighbor_fill_square_9_2,72472,,13.809044440650876,,,not_run,skipped,rule does not fit,
137,same_shape_global_transform,neighbor_fill_square_9_3,72472,,13.809044440650876,,,not_run,skipped,rule does not fit,
137,same_shape_global_transform,neighbor_fill_square_9_4,72472,,13.809044440650876,,,not_run,skipped,rule does not fit,
137,same_shape_global_transform,neighbor_fill_square_9_5,72472,,13.809044440650876,,,not_run,skipped,rule does not fit,
137,same_shape_global_transform,neighbor_fill_square_9_6,72472,,13.809044440650876,,,not_run,skipped,rule does not fit,
137,same_shape_global_transform,neighbor_fill_square_9_7,72472,,13.809044440650876,,,not_run,skipped,rule does not fit,
137,same_shape_global_transform,neighbor_fill_square_9_8,72472,,13.809044440650876,,,not_run,skipped,rule does not fit,
340,sparse_edit_or_object_completion,signature_scatternd_lookup,70342,10940,13.83887566105239,15.699818924024028,24292,24_pass_0_fail,improved,ok,50bc5adf1979aef769655064b6b528cd7b7d6eb5e7a1466f5d413eccf050c581
340,sparse_edit_or_object_completion,direct_identity,70342,,13.83887566105239,,,not_run,skipped,not identity,
340,sparse_edit_or_object_completion,conv_color_map,70342,,13.83887566105239,,,not_run,skipped,conflicting color map,
340,sparse_edit_or_object_completion,fixed_mask_where,70342,,13.83887566105239,,,not_run,skipped,fixed edit conflict,
340,sparse_edit_or_object_completion,neighbor_fill_hline_0_1,70342,,13.83887566105239,,,not_run,skipped,rule does not fit,
340,sparse_edit_or_object_completion,neighbor_fill_hline_0_2,70342,,13.83887566105239,,,not_run,skipped,rule does not fit,
340,sparse_edit_or_object_completion,neighbor_fill_vline_0_1,70342,,13.83887566105239,,,not_run,skipped,rule does not fit,
340,sparse_edit_or_object_completion,neighbor_fill_vline_0_2,70342,,13.83887566105239,,,not_run,skipped,rule does not fit,
340,sparse_edit_or_object_completion,neighbor_fill_cross_0_1,70342,,13.83887566105239,,,not_run,skipped,rule does not fit,
340,sparse_edit_or_object_completion,neighbor_fill_cross_0_2,70342,,13.83887566105239,,,not_run,skipped,rule does not fit,
340,sparse_edit_or_object_completion,neighbor_fill_cross_0_3,70342,,13.83887566105239,,,not_run,skipped,rule does not fit,
340,sparse_edit_or_object_completion,neighbor_fill_cross_0_4,70342,,13.83887566105239,,,not_run,skipped,rule does not fit,
340,sparse_edit_or_object_completion,neighbor_fill_square_0_1,70342,,13.83887566105239,,,not_run,skipped,rule does not fit,
340,sparse_edit_or_object_completion,neighbor_fill_square_0_2,70342,,13.83887566105239,,,not_run,skipped,rule does not fit,
340,sparse_edit_or_object_completion,neighbor_fill_square_0_3,70342,,13.83887566105239,,,not_run,skipped,rule does not fit,
340,sparse_edit_or_object_completion,neighbor_fill_square_0_4,70342,,13.83887566105239,,,not_run,skipped,rule does not fit,
340,sparse_edit_or_object_completion,neighbor_fill_square_0_5,70342,,13.83887566105239,,,not_run,skipped,rule does not fit,
340,sparse_edit_or_object_completion,neighbor_fill_square_0_6,70342,,13.83887566105239,,,not_run,skipped,rule does not fit,
340,sparse_edit_or_object_completion,neighbor_fill_square_0_7,70342,,13.83887566105239,,,not_run,skipped,rule does not fit,
340,sparse_edit_or_object_completion,neighbor_fill_square_0_8,70342,,13.83887566105239,,,not_run,skipped,rule does not fit,
340,sparse_edit_or_object_completion,neighbor_fill_hline_1_1,70342,,13.83887566105239,,,not_run,skipped,rule does not fit,
340,sparse_edit_or_object_completion,neighbor_fill_hline_1_2,70342,,13.83887566105239,,,not_run,skipped,rule does not fit,
340,sparse_edit_or_object_completion,neighbor_fill_vline_1_1,70342,,13.83887566105239,,,not_run,skipped,rule does not fit,
340,sparse_edit_or_object_completion,neighbor_fill_vline_1_2,70342,,13.83887566105239,,,not_run,skipped,rule does not fit,
340,sparse_edit_or_object_completion,neighbor_fill_cross_1_1,70342,,13.83887566105239,,,not_run,skipped,rule does not fit,
340,sparse_edit_or_object_completion,neighbor_fill_cross_1_2,70342,,13.83887566105239,,,not_run,skipped,rule does not fit,
340,sparse_edit_or_object_completion,neighbor_fill_cross_1_3,70342,,13.83887566105239,,,not_run,skipped,rule does not fit,
340,sparse_edit_or_object_completion,neighbor_fill_cross_1_4,70342,,13.83887566105239,,,not_run,skipped,rule does not fit,
340,sparse_edit_or_object_completion,neighbor_fill_square_1_1,70342,,13.83887566105239,,,not_run,skipped,rule does not fit,
340,sparse_edit_or_object_completion,neighbor_fill_square_1_2,70342,,13.83887566105239,,,not_run,skipped,rule does not fit,
340,sparse_edit_or_object_completion,neighbor_fill_square_1_3,70342,,13.83887566105239,,,not_run,skipped,rule does not fit,
340,sparse_edit_or_object_completion,neighbor_fill_square_1_4,70342,,13.83887566105239,,,not_run,skipped,rule does not fit,
340,sparse_edit_or_object_completion,neighbor_fill_square_1_5,70342,,13.83887566105239,,,not_run,skipped,rule does not fit,
340,sparse_edit_or_object_completion,neighbor_fill_square_1_6,70342,,13.83887566105239,,,not_run,skipped,rule does not fit,
340,sparse_edit_or_object_completion,neighbor_fill_square_1_7,70342,,13.83887566105239,,,not_run,skipped,rule does not fit,
340,sparse_edit_or_object_completion,neighbor_fill_square_1_8,70342,,13.83887566105239,,,not_run,skipped,rule does not fit,
340,sparse_edit_or_object_completion,neighbor_fill_hline_2_1,70342,,13.83887566105239,,,not_run,skipped,rule does not fit,
340,sparse_edit_or_object_completion,neighbor_fill_hline_2_2,70342,,13.83887566105239,,,not_run,skipped,rule does not fit,
340,sparse_edit_or_object_completion,neighbor_fill_vline_2_1,70342,,13.83887566105239,,,not_run,skipped,rule does not fit,
340,sparse_edit_or_object_completion,neighbor_fill_vline_2_2,70342,,13.83887566105239,,,not_run,skipped,rule does not fit,
340,sparse_edit_or_object_completion,neighbor_fill_cross_2_1,70342,,13.83887566105239,,,not_run,skipped,rule does not fit,
340,sparse_edit_or_object_completion,neighbor_fill_cross_2_2,70342,,13.83887566105239,,,not_run,skipped,rule does not fit,
340,sparse_edit_or_object_completion,neighbor_fill_cross_2_3,70342,,13.83887566105239,,,not_run,skipped,rule does not fit,
340,sparse_edit_or_object_completion,neighbor_fill_cross_2_4,70342,,13.83887566105239,,,not_run,skipped,rule does not fit,
340,sparse_edit_or_object_completion,neighbor_fill_square_2_1,70342,,13.83887566105239,,,not_run,skipped,rule does not fit,
340,sparse_edit_or_object_completion,neighbor_fill_square_2_2,70342,,13.83887566105239,,,not_run,skipped,rule does not fit,
340,sparse_edit_or_object_completion,neighbor_fill_square_2_3,70342,,13.83887566105239,,,not_run,skipped,rule does not fit,
340,sparse_edit_or_object_completion,neighbor_fill_square_2_4,70342,,13.83887566105239,,,not_run,skipped,rule does not fit,
340,sparse_edit_or_object_completion,neighbor_fill_square_2_5,70342,,13.83887566105239,,,not_run,skipped,rule does not fit,
340,sparse_edit_or_object_completion,neighbor_fill_square_2_6,70342,,13.83887566105239,,,not_run,skipped,rule does not fit,
340,sparse_edit_or_object_completion,neighbor_fill_square_2_7,70342,,13.83887566105239,,,not_run,skipped,rule does not fit,
340,sparse_edit_or_object_completion,neighbor_fill_square_2_8,70342,,13.83887566105239,,,not_run,skipped,rule does not fit,
340,sparse_edit_or_object_completion,neighbor_fill_hline_3_1,70342,,13.83887566105239,,,not_run,skipped,rule does not fit,
340,sparse_edit_or_object_completion,neighbor_fill_hline_3_2,70342,,13.83887566105239,,,not_run,skipped,rule does not fit,
340,sparse_edit_or_object_completion,neighbor_fill_vline_3_1,70342,,13.83887566105239,,,not_run,skipped,rule does not fit,
340,sparse_edit_or_object_completion,neighbor_fill_vline_3_2,70342,,13.83887566105239,,,not_run,skipped,rule does not fit,
340,sparse_edit_or_object_completion,neighbor_fill_cross_3_1,70342,,13.83887566105239,,,not_run,skipped,rule does not fit,
340,sparse_edit_or_object_completion,neighbor_fill_cross_3_2,70342,,13.83887566105239,,,not_run,skipped,rule does not fit,
340,sparse_edit_or_object_completion,neighbor_fill_cross_3_3,70342,,13.83887566105239,,,not_run,skipped,rule does not fit,
340,sparse_edit_or_object_completion,neighbor_fill_cross_3_4,70342,,13.83887566105239,,,not_run,skipped,rule does not fit,
340,sparse_edit_or_object_completion,neighbor_fill_square_3_1,70342,,13.83887566105239,,,not_run,skipped,rule does not fit,
340,sparse_edit_or_object_completion,neighbor_fill_square_3_2,70342,,13.83887566105239,,,not_run,skipped,rule does not fit,
340,sparse_edit_or_object_completion,neighbor_fill_square_3_3,70342,,13.83887566105239,,,not_run,skipped,rule does not fit,
340,sparse_edit_or_object_completion,neighbor_fill_square_3_4,70342,,13.83887566105239,,,not_run,skipped,rule does not fit,
340,sparse_edit_or_object_completion,neighbor_fill_square_3_5,70342,,13.83887566105239,,,not_run,skipped,rule does not fit,
340,sparse_edit_or_object_completion,neighbor_fill_square_3_6,70342,,13.83887566105239,,,not_run,skipped,rule does not fit,
340,sparse_edit_or_object_completion,neighbor_fill_square_3_7,70342,,13.83887566105239,,,not_run,skipped,rule does not fit,
340,sparse_edit_or_object_completion,neighbor_fill_square_3_8,70342,,13.83887566105239,,,not_run,skipped,rule does not fit,
340,sparse_edit_or_object_completion,neighbor_fill_hline_4_1,70342,,13.83887566105239,,,not_run,skipped,rule does not fit,
340,sparse_edit_or_object_completion,neighbor_fill_hline_4_2,70342,,13.83887566105239,,,not_run,skipped,rule does not fit,
340,sparse_edit_or_object_completion,neighbor_fill_vline_4_1,70342,,13.83887566105239,,,not_run,skipped,rule does not fit,
340,sparse_edit_or_object_completion,neighbor_fill_vline_4_2,70342,,13.83887566105239,,,not_run,skipped,rule does not fit,
340,sparse_edit_or_object_completion,neighbor_fill_cross_4_1,70342,,13.83887566105239,,,not_run,skipped,rule does not fit,
340,sparse_edit_or_object_completion,neighbor_fill_cross_4_2,70342,,13.83887566105239,,,not_run,skipped,rule does not fit,
340,sparse_edit_or_object_completion,neighbor_fill_cross_4_3,70342,,13.83887566105239,,,not_run,skipped,rule does not fit,
340,sparse_edit_or_object_completion,neighbor_fill_cross_4_4,70342,,13.83887566105239,,,not_run,skipped,rule does not fit,
340,sparse_edit_or_object_completion,neighbor_fill_square_4_1,70342,,13.83887566105239,,,not_run,skipped,rule does not fit,
340,sparse_edit_or_object_completion,neighbor_fill_square_4_2,70342,,13.83887566105239,,,not_run,skipped,rule does not fit,
340,sparse_edit_or_object_completion,neighbor_fill_square_4_3,70342,,13.83887566105239,,,not_run,skipped,rule does not fit,
340,sparse_edit_or_object_completion,neighbor_fill_square_4_4,70342,,13.83887566105239,,,not_run,skipped,rule does not fit,
340,sparse_edit_or_object_completion,neighbor_fill_square_4_5,70342,,13.83887566105239,,,not_run,skipped,rule does not fit,
340,sparse_edit_or_object_completion,neighbor_fill_square_4_6,70342,,13.83887566105239,,,not_run,skipped,rule does not fit,
340,sparse_edit_or_object_completion,neighbor_fill_square_4_7,70342,,13.83887566105239,,,not_run,skipped,rule does not fit,
340,sparse_edit_or_object_completion,neighbor_fill_square_4_8,70342,,13.83887566105239,,,not_run,skipped,rule does not fit,
340,sparse_edit_or_object_completion,neighbor_fill_hline_5_1,70342,,13.83887566105239,,,not_run,skipped,rule does not fit,
340,sparse_edit_or_object_completion,neighbor_fill_hline_5_2,70342,,13.83887566105239,,,not_run,skipped,rule does not fit,
340,sparse_edit_or_object_completion,neighbor_fill_vline_5_1,70342,,13.83887566105239,,,not_run,skipped,rule does not fit,
340,sparse_edit_or_object_completion,neighbor_fill_vline_5_2,70342,,13.83887566105239,,,not_run,skipped,rule does not fit,
340,sparse_edit_or_object_completion,neighbor_fill_cross_5_1,70342,,13.83887566105239,,,not_run,skipped,rule does not fit,
340,sparse_edit_or_object_completion,neighbor_fill_cross_5_2,70342,,13.83887566105239,,,not_run,skipped,rule does not fit,
340,sparse_edit_or_object_completion,neighbor_fill_cross_5_3,70342,,13.83887566105239,,,not_run,skipped,rule does not fit,
340,sparse_edit_or_object_completion,neighbor_fill_cross_5_4,70342,,13.83887566105239,,,not_run,skipped,rule does not fit,
340,sparse_edit_or_object_completion,neighbor_fill_square_5_1,70342,,13.83887566105239,,,not_run,skipped,rule does not fit,
340,sparse_edit_or_object_completion,neighbor_fill_square_5_2,70342,,13.83887566105239,,,not_run,skipped,rule does not fit,
340,sparse_edit_or_object_completion,neighbor_fill_square_5_3,70342,,13.83887566105239,,,not_run,skipped,rule does not fit,
340,sparse_edit_or_object_completion,neighbor_fill_square_5_4,70342,,13.83887566105239,,,not_run,skipped,rule does not fit,
340,sparse_edit_or_object_completion,neighbor_fill_square_5_5,70342,,13.83887566105239,,,not_run,skipped,rule does not fit,
340,sparse_edit_or_object_completion,neighbor_fill_square_5_6,70342,,13.83887566105239,,,not_run,skipped,rule does not fit,
340,sparse_edit_or_object_completion,neighbor_fill_square_5_7,70342,,13.83887566105239,,,not_run,skipped,rule does not fit,
340,sparse_edit_or_object_completion,neighbor_fill_square_5_8,70342,,13.83887566105239,,,not_run,skipped,rule does not fit,
340,sparse_edit_or_object_completion,neighbor_fill_hline_6_1,70342,,13.83887566105239,,,not_run,skipped,rule does not fit,
340,sparse_edit_or_object_completion,neighbor_fill_hline_6_2,70342,,13.83887566105239,,,not_run,skipped,rule does not fit,
340,sparse_edit_or_object_completion,neighbor_fill_vline_6_1,70342,,13.83887566105239,,,not_run,skipped,rule does not fit,
340,sparse_edit_or_object_completion,neighbor_fill_vline_6_2,70342,,13.83887566105239,,,not_run,skipped,rule does not fit,
340,sparse_edit_or_object_completion,neighbor_fill_cross_6_1,70342,,13.83887566105239,,,not_run,skipped,rule does not fit,
340,sparse_edit_or_object_completion,neighbor_fill_cross_6_2,70342,,13.83887566105239,,,not_run,skipped,rule does not fit,
340,sparse_edit_or_object_completion,neighbor_fill_cross_6_3,70342,,13.83887566105239,,,not_run,skipped,rule does not fit,
340,sparse_edit_or_object_completion,neighbor_fill_cross_6_4,70342,,13.83887566105239,,,not_run,skipped,rule does not fit,
340,sparse_edit_or_object_completion,neighbor_fill_square_6_1,70342,,13.83887566105239,,,not_run,skipped,rule does not fit,
340,sparse_edit_or_object_completion,neighbor_fill_square_6_2,70342,,13.83887566105239,,,not_run,skipped,rule does not fit,
340,sparse_edit_or_object_completion,neighbor_fill_square_6_3,70342,,13.83887566105239,,,not_run,skipped,rule does not fit,
340,sparse_edit_or_object_completion,neighbor_fill_square_6_4,70342,,13.83887566105239,,,not_run,skipped,rule does not fit,
340,sparse_edit_or_object_completion,neighbor_fill_square_6_5,70342,,13.83887566105239,,,not_run,skipped,rule does not fit,
340,sparse_edit_or_object_completion,neighbor_fill_square_6_6,70342,,13.83887566105239,,,not_run,skipped,rule does not fit,
340,sparse_edit_or_object_completion,neighbor_fill_square_6_7,70342,,13.83887566105239,,,not_run,skipped,rule does not fit,
340,sparse_edit_or_object_completion,neighbor_fill_square_6_8,70342,,13.83887566105239,,,not_run,skipped,rule does not fit,
340,sparse_edit_or_object_completion,neighbor_fill_hline_7_1,70342,,13.83887566105239,,,not_run,skipped,rule does not fit,
340,sparse_edit_or_object_completion,neighbor_fill_hline_7_2,70342,,13.83887566105239,,,not_run,skipped,rule does not fit,
340,sparse_edit_or_object_completion,neighbor_fill_vline_7_1,70342,,13.83887566105239,,,not_run,skipped,rule does not fit,
340,sparse_edit_or_object_completion,neighbor_fill_vline_7_2,70342,,13.83887566105239,,,not_run,skipped,rule does not fit,
340,sparse_edit_or_object_completion,neighbor_fill_cross_7_1,70342,,13.83887566105239,,,not_run,skipped,rule does not fit,
340,sparse_edit_or_object_completion,neighbor_fill_cross_7_2,70342,,13.83887566105239,,,not_run,skipped,rule does not fit,
340,sparse_edit_or_object_completion,neighbor_fill_cross_7_3,70342,,13.83887566105239,,,not_run,skipped,rule does not fit,
340,sparse_edit_or_object_completion,neighbor_fill_cross_7_4,70342,,13.83887566105239,,,not_run,skipped,rule does not fit,
340,sparse_edit_or_object_completion,neighbor_fill_square_7_1,70342,,13.83887566105239,,,not_run,skipped,rule does not fit,
340,sparse_edit_or_object_completion,neighbor_fill_square_7_2,70342,,13.83887566105239,,,not_run,skipped,rule does not fit,
340,sparse_edit_or_object_completion,neighbor_fill_square_7_3,70342,,13.83887566105239,,,not_run,skipped,rule does not fit,
340,sparse_edit_or_object_completion,neighbor_fill_square_7_4,70342,,13.83887566105239,,,not_run,skipped,rule does not fit,
340,sparse_edit_or_object_completion,neighbor_fill_square_7_5,70342,,13.83887566105239,,,not_run,skipped,rule does not fit,
340,sparse_edit_or_object_completion,neighbor_fill_square_7_6,70342,,13.83887566105239,,,not_run,skipped,rule does not fit,
340,sparse_edit_or_object_completion,neighbor_fill_square_7_7,70342,,13.83887566105239,,,not_run,skipped,rule does not fit,
340,sparse_edit_or_object_completion,neighbor_fill_square_7_8,70342,,13.83887566105239,,,not_run,skipped,rule does not fit,
340,sparse_edit_or_object_completion,neighbor_fill_hline_8_1,70342,,13.83887566105239,,,not_run,skipped,rule does not fit,
340,sparse_edit_or_object_completion,neighbor_fill_hline_8_2,70342,,13.83887566105239,,,not_run,skipped,rule does not fit,
340,sparse_edit_or_object_completion,neighbor_fill_vline_8_1,70342,,13.83887566105239,,,not_run,skipped,rule does not fit,
340,sparse_edit_or_object_completion,neighbor_fill_vline_8_2,70342,,13.83887566105239,,,not_run,skipped,rule does not fit,
340,sparse_edit_or_object_completion,neighbor_fill_cross_8_1,70342,,13.83887566105239,,,not_run,skipped,rule does not fit,
340,sparse_edit_or_object_completion,neighbor_fill_cross_8_2,70342,,13.83887566105239,,,not_run,skipped,rule does not fit,
340,sparse_edit_or_object_completion,neighbor_fill_cross_8_3,70342,,13.83887566105239,,,not_run,skipped,rule does not fit,
340,sparse_edit_or_object_completion,neighbor_fill_cross_8_4,70342,,13.83887566105239,,,not_run,skipped,rule does not fit,
340,sparse_edit_or_object_completion,neighbor_fill_square_8_1,70342,,13.83887566105239,,,not_run,skipped,rule does not fit,
340,sparse_edit_or_object_completion,neighbor_fill_square_8_2,70342,,13.83887566105239,,,not_run,skipped,rule does not fit,
340,sparse_edit_or_object_completion,neighbor_fill_square_8_3,70342,,13.83887566105239,,,not_run,skipped,rule does not fit,
340,sparse_edit_or_object_completion,neighbor_fill_square_8_4,70342,,13.83887566105239,,,not_run,skipped,rule does not fit,
340,sparse_edit_or_object_completion,neighbor_fill_square_8_5,70342,,13.83887566105239,,,not_run,skipped,rule does not fit,
340,sparse_edit_or_object_completion,neighbor_fill_square_8_6,70342,,13.83887566105239,,,not_run,skipped,rule does not fit,
340,sparse_edit_or_object_completion,neighbor_fill_square_8_7,70342,,13.83887566105239,,,not_run,skipped,rule does not fit,
340,sparse_edit_or_object_completion,neighbor_fill_square_8_8,70342,,13.83887566105239,,,not_run,skipped,rule does not fit,
340,sparse_edit_or_object_completion,neighbor_fill_hline_9_1,70342,,13.83887566105239,,,not_run,skipped,rule does not fit,
340,sparse_edit_or_object_completion,neighbor_fill_hline_9_2,70342,,13.83887566105239,,,not_run,skipped,rule does not fit,
340,sparse_edit_or_object_completion,neighbor_fill_vline_9_1,70342,,13.83887566105239,,,not_run,skipped,rule does not fit,
340,sparse_edit_or_object_completion,neighbor_fill_vline_9_2,70342,,13.83887566105239,,,not_run,skipped,rule does not fit,
340,sparse_edit_or_object_completion,neighbor_fill_cross_9_1,70342,,13.83887566105239,,,not_run,skipped,rule does not fit,
340,sparse_edit_or_object_completion,neighbor_fill_cross_9_2,70342,,13.83887566105239,,,not_run,skipped,rule does not fit,
340,sparse_edit_or_object_completion,neighbor_fill_cross_9_3,70342,,13.83887566105239,,,not_run,skipped,rule does not fit,
340,sparse_edit_or_object_completion,neighbor_fill_cross_9_4,70342,,13.83887566105239,,,not_run,skipped,rule does not fit,
340,sparse_edit_or_object_completion,neighbor_fill_square_9_1,70342,,13.83887566105239,,,not_run,skipped,rule does not fit,
340,sparse_edit_or_object_completion,neighbor_fill_square_9_2,70342,,13.83887566105239,,,not_run,skipped,rule does not fit,
340,sparse_edit_or_object_completion,neighbor_fill_square_9_3,70342,,13.83887566105239,,,not_run,skipped,rule does not fit,
340,sparse_edit_or_object_completion,neighbor_fill_square_9_4,70342,,13.83887566105239,,,not_run,skipped,rule does not fit,
340,sparse_edit_or_object_completion,neighbor_fill_square_9_5,70342,,13.83887566105239,,,not_run,skipped,rule does not fit,
340,sparse_edit_or_object_completion,neighbor_fill_square_9_6,70342,,13.83887566105239,,,not_run,skipped,rule does not fit,
340,sparse_edit_or_object_completion,neighbor_fill_square_9_7,70342,,13.83887566105239,,,not_run,skipped,rule does not fit,
340,sparse_edit_or_object_completion,neighbor_fill_square_9_8,70342,,13.83887566105239,,,not_run,skipped,rule does not fit,
145,same_shape_global_transform,signature_scatternd_lookup,69757,102197,13.847226946929018,13.465342397886538,256983,25_pass_0_fail,no_cost_gain,candidate cost is not lower than baseline,63566d7196a9ffda0038f34fdb85ef432c1cc4df3567b16c145ce8b64b4f1f89
145,same_shape_global_transform,direct_identity,69757,,13.847226946929018,,,not_run,skipped,not identity,
145,same_shape_global_transform,conv_color_map,69757,,13.847226946929018,,,not_run,skipped,conflicting color map,
145,same_shape_global_transform,fixed_mask_where,69757,,13.847226946929018,,,not_run,skipped,fixed edit conflict,
145,same_shape_global_transform,neighbor_fill_hline_1_1,69757,,13.847226946929018,,,not_run,skipped,rule does not fit,
145,same_shape_global_transform,neighbor_fill_hline_1_2,69757,,13.847226946929018,,,not_run,skipped,rule does not fit,
145,same_shape_global_transform,neighbor_fill_vline_1_1,69757,,13.847226946929018,,,not_run,skipped,rule does not fit,
145,same_shape_global_transform,neighbor_fill_vline_1_2,69757,,13.847226946929018,,,not_run,skipped,rule does not fit,
145,same_shape_global_transform,neighbor_fill_cross_1_1,69757,,13.847226946929018,,,not_run,skipped,rule does not fit,
145,same_shape_global_transform,neighbor_fill_cross_1_2,69757,,13.847226946929018,,,not_run,skipped,rule does not fit,
145,same_shape_global_transform,neighbor_fill_cross_1_3,69757,,13.847226946929018,,,not_run,skipped,rule does not fit,
145,same_shape_global_transform,neighbor_fill_cross_1_4,69757,,13.847226946929018,,,not_run,skipped,rule does not fit,
145,same_shape_global_transform,neighbor_fill_square_1_1,69757,,13.847226946929018,,,not_run,skipped,rule does not fit,
145,same_shape_global_transform,neighbor_fill_square_1_2,69757,,13.847226946929018,,,not_run,skipped,rule does not fit,
145,same_shape_global_transform,neighbor_fill_square_1_3,69757,,13.847226946929018,,,not_run,skipped,rule does not fit,
145,same_shape_global_transform,neighbor_fill_square_1_4,69757,,13.847226946929018,,,not_run,skipped,rule does not fit,
145,same_shape_global_transform,neighbor_fill_square_1_5,69757,,13.847226946929018,,,not_run,skipped,rule does not fit,
145,same_shape_global_transform,neighbor_fill_square_1_6,69757,,13.847226946929018,,,not_run,skipped,rule does not fit,
145,same_shape_global_transform,neighbor_fill_square_1_7,69757,,13.847226946929018,,,not_run,skipped,rule does not fit,
145,same_shape_global_transform,neighbor_fill_square_1_8,69757,,13.847226946929018,,,not_run,skipped,rule does not fit,
145,same_shape_global_transform,neighbor_fill_hline_8_1,69757,,13.847226946929018,,,not_run,skipped,rule does not fit,
145,same_shape_global_transform,neighbor_fill_hline_8_2,69757,,13.847226946929018,,,not_run,skipped,rule does not fit,
145,same_shape_global_transform,neighbor_fill_vline_8_1,69757,,13.847226946929018,,,not_run,skipped,rule does not fit,
145,same_shape_global_transform,neighbor_fill_vline_8_2,69757,,13.847226946929018,,,not_run,skipped,rule does not fit,
145,same_shape_global_transform,neighbor_fill_cross_8_1,69757,,13.847226946929018,,,not_run,skipped,rule does not fit,
145,same_shape_global_transform,neighbor_fill_cross_8_2,69757,,13.847226946929018,,,not_run,skipped,rule does not fit,
145,same_shape_global_transform,neighbor_fill_cross_8_3,69757,,13.847226946929018,,,not_run,skipped,rule does not fit,
145,same_shape_global_transform,neighbor_fill_cross_8_4,69757,,13.847226946929018,,,not_run,skipped,rule does not fit,
145,same_shape_global_transform,neighbor_fill_square_8_1,69757,,13.847226946929018,,,not_run,skipped,rule does not fit,
145,same_shape_global_transform,neighbor_fill_square_8_2,69757,,13.847226946929018,,,not_run,skipped,rule does not fit,
145,same_shape_global_transform,neighbor_fill_square_8_3,69757,,13.847226946929018,,,not_run,skipped,rule does not fit,
145,same_shape_global_transform,neighbor_fill_square_8_4,69757,,13.847226946929018,,,not_run,skipped,rule does not fit,
145,same_shape_global_transform,neighbor_fill_square_8_5,69757,,13.847226946929018,,,not_run,skipped,rule does not fit,
145,same_shape_global_transform,neighbor_fill_square_8_6,69757,,13.847226946929018,,,not_run,skipped,rule does not fit,
145,same_shape_global_transform,neighbor_fill_square_8_7,69757,,13.847226946929018,,,not_run,skipped,rule does not fit,
145,same_shape_global_transform,neighbor_fill_square_8_8,69757,,13.847226946929018,,,not_run,skipped,rule does not fit,
51,sparse_edit_or_object_completion,signature_scatternd_lookup,68437,7484,13.866331106969804,16.07947731260602,15648,24_pass_0_fail,improved,ok,6a31d4b09b650b6bc9dd10b42e29a0c05d0f1fc2bfac719d8e4a890af7c95a0e
51,sparse_edit_or_object_completion,direct_identity,68437,,13.866331106969804,,,not_run,skipped,not identity,
51,sparse_edit_or_object_completion,conv_color_map,68437,,13.866331106969804,,,not_run,skipped,conflicting color map,
51,sparse_edit_or_object_completion,fixed_mask_where,68437,,13.866331106969804,,,not_run,skipped,fixed edit conflict,
51,sparse_edit_or_object_completion,neighbor_fill_hline_1_1,68437,,13.866331106969804,,,not_run,skipped,rule does not fit,
51,sparse_edit_or_object_completion,neighbor_fill_hline_1_2,68437,,13.866331106969804,,,not_run,skipped,rule does not fit,
51,sparse_edit_or_object_completion,neighbor_fill_vline_1_1,68437,,13.866331106969804,,,not_run,skipped,rule does not fit,
51,sparse_edit_or_object_completion,neighbor_fill_vline_1_2,68437,,13.866331106969804,,,not_run,skipped,rule does not fit,
51,sparse_edit_or_object_completion,neighbor_fill_cross_1_1,68437,,13.866331106969804,,,not_run,skipped,rule does not fit,
51,sparse_edit_or_object_completion,neighbor_fill_cross_1_2,68437,,13.866331106969804,,,not_run,skipped,rule does not fit,
51,sparse_edit_or_object_completion,neighbor_fill_cross_1_3,68437,,13.866331106969804,,,not_run,skipped,rule does not fit,
51,sparse_edit_or_object_completion,neighbor_fill_cross_1_4,68437,,13.866331106969804,,,not_run,skipped,rule does not fit,
51,sparse_edit_or_object_completion,neighbor_fill_square_1_1,68437,,13.866331106969804,,,not_run,skipped,rule does not fit,
51,sparse_edit_or_object_completion,neighbor_fill_square_1_2,68437,,13.866331106969804,,,not_run,skipped,rule does not fit,
51,sparse_edit_or_object_completion,neighbor_fill_square_1_3,68437,,13.866331106969804,,,not_run,skipped,rule does not fit,
51,sparse_edit_or_object_completion,neighbor_fill_square_1_4,68437,,13.866331106969804,,,not_run,skipped,rule does not fit,
51,sparse_edit_or_object_completion,neighbor_fill_square_1_5,68437,,13.866331106969804,,,not_run,skipped,rule does not fit,
51,sparse_edit_or_object_completion,neighbor_fill_square_1_6,68437,,13.866331106969804,,,not_run,skipped,rule does not fit,
51,sparse_edit_or_object_completion,neighbor_fill_square_1_7,68437,,13.866331106969804,,,not_run,skipped,rule does not fit,
51,sparse_edit_or_object_completion,neighbor_fill_square_1_8,68437,,13.866331106969804,,,not_run,skipped,rule does not fit,
51,sparse_edit_or_object_completion,neighbor_fill_hline_2_1,68437,,13.866331106969804,,,not_run,skipped,rule does not fit,
51,sparse_edit_or_object_completion,neighbor_fill_hline_2_2,68437,,13.866331106969804,,,not_run,skipped,rule does not fit,
51,sparse_edit_or_object_completion,neighbor_fill_vline_2_1,68437,,13.866331106969804,,,not_run,skipped,rule does not fit,
51,sparse_edit_or_object_completion,neighbor_fill_vline_2_2,68437,,13.866331106969804,,,not_run,skipped,rule does not fit,
51,sparse_edit_or_object_completion,neighbor_fill_cross_2_1,68437,,13.866331106969804,,,not_run,skipped,rule does not fit,
51,sparse_edit_or_object_completion,neighbor_fill_cross_2_2,68437,,13.866331106969804,,,not_run,skipped,rule does not fit,
51,sparse_edit_or_object_completion,neighbor_fill_cross_2_3,68437,,13.866331106969804,,,not_run,skipped,rule does not fit,
51,sparse_edit_or_object_completion,neighbor_fill_cross_2_4,68437,,13.866331106969804,,,not_run,skipped,rule does not fit,
51,sparse_edit_or_object_completion,neighbor_fill_square_2_1,68437,,13.866331106969804,,,not_run,skipped,rule does not fit,
51,sparse_edit_or_object_completion,neighbor_fill_square_2_2,68437,,13.866331106969804,,,not_run,skipped,rule does not fit,
51,sparse_edit_or_object_completion,neighbor_fill_square_2_3,68437,,13.866331106969804,,,not_run,skipped,rule does not fit,
51,sparse_edit_or_object_completion,neighbor_fill_square_2_4,68437,,13.866331106969804,,,not_run,skipped,rule does not fit,
51,sparse_edit_or_object_completion,neighbor_fill_square_2_5,68437,,13.866331106969804,,,not_run,skipped,rule does not fit,
51,sparse_edit_or_object_completion,neighbor_fill_square_2_6,68437,,13.866331106969804,,,not_run,skipped,rule does not fit,
51,sparse_edit_or_object_completion,neighbor_fill_square_2_7,68437,,13.866331106969804,,,not_run,skipped,rule does not fit,
51,sparse_edit_or_object_completion,neighbor_fill_square_2_8,68437,,13.866331106969804,,,not_run,skipped,rule does not fit,
51,sparse_edit_or_object_completion,neighbor_fill_hline_3_1,68437,,13.866331106969804,,,not_run,skipped,rule does not fit,
51,sparse_edit_or_object_completion,neighbor_fill_hline_3_2,68437,,13.866331106969804,,,not_run,skipped,rule does not fit,
51,sparse_edit_or_object_completion,neighbor_fill_vline_3_1,68437,,13.866331106969804,,,not_run,skipped,rule does not fit,
51,sparse_edit_or_object_completion,neighbor_fill_vline_3_2,68437,,13.866331106969804,,,not_run,skipped,rule does not fit,
51,sparse_edit_or_object_completion,neighbor_fill_cross_3_1,68437,,13.866331106969804,,,not_run,skipped,rule does not fit,
51,sparse_edit_or_object_completion,neighbor_fill_cross_3_2,68437,,13.866331106969804,,,not_run,skipped,rule does not fit,
51,sparse_edit_or_object_completion,neighbor_fill_cross_3_3,68437,,13.866331106969804,,,not_run,skipped,rule does not fit,
51,sparse_edit_or_object_completion,neighbor_fill_cross_3_4,68437,,13.866331106969804,,,not_run,skipped,rule does not fit,
51,sparse_edit_or_object_completion,neighbor_fill_square_3_1,68437,,13.866331106969804,,,not_run,skipped,rule does not fit,
51,sparse_edit_or_object_completion,neighbor_fill_square_3_2,68437,,13.866331106969804,,,not_run,skipped,rule does not fit,
51,sparse_edit_or_object_completion,neighbor_fill_square_3_3,68437,,13.866331106969804,,,not_run,skipped,rule does not fit,
51,sparse_edit_or_object_completion,neighbor_fill_square_3_4,68437,,13.866331106969804,,,not_run,skipped,rule does not fit,
51,sparse_edit_or_object_completion,neighbor_fill_square_3_5,68437,,13.866331106969804,,,not_run,skipped,rule does not fit,
51,sparse_edit_or_object_completion,neighbor_fill_square_3_6,68437,,13.866331106969804,,,not_run,skipped,rule does not fit,
51,sparse_edit_or_object_completion,neighbor_fill_square_3_7,68437,,13.866331106969804,,,not_run,skipped,rule does not fit,
51,sparse_edit_or_object_completion,neighbor_fill_square_3_8,68437,,13.866331106969804,,,not_run,skipped,rule does not fit,
51,sparse_edit_or_object_completion,neighbor_fill_hline_4_1,68437,,13.866331106969804,,,not_run,skipped,rule does not fit,
51,sparse_edit_or_object_completion,neighbor_fill_hline_4_2,68437,,13.866331106969804,,,not_run,skipped,rule does not fit,
51,sparse_edit_or_object_completion,neighbor_fill_vline_4_1,68437,,13.866331106969804,,,not_run,skipped,rule does not fit,
51,sparse_edit_or_object_completion,neighbor_fill_vline_4_2,68437,,13.866331106969804,,,not_run,skipped,rule does not fit,
51,sparse_edit_or_object_completion,neighbor_fill_cross_4_1,68437,,13.866331106969804,,,not_run,skipped,rule does not fit,
51,sparse_edit_or_object_completion,neighbor_fill_cross_4_2,68437,,13.866331106969804,,,not_run,skipped,rule does not fit,
51,sparse_edit_or_object_completion,neighbor_fill_cross_4_3,68437,,13.866331106969804,,,not_run,skipped,rule does not fit,
51,sparse_edit_or_object_completion,neighbor_fill_cross_4_4,68437,,13.866331106969804,,,not_run,skipped,rule does not fit,
51,sparse_edit_or_object_completion,neighbor_fill_square_4_1,68437,,13.866331106969804,,,not_run,skipped,rule does not fit,
51,sparse_edit_or_object_completion,neighbor_fill_square_4_2,68437,,13.866331106969804,,,not_run,skipped,rule does not fit,
51,sparse_edit_or_object_completion,neighbor_fill_square_4_3,68437,,13.866331106969804,,,not_run,skipped,rule does not fit,
51,sparse_edit_or_object_completion,neighbor_fill_square_4_4,68437,,13.866331106969804,,,not_run,skipped,rule does not fit,
51,sparse_edit_or_object_completion,neighbor_fill_square_4_5,68437,,13.866331106969804,,,not_run,skipped,rule does not fit,
51,sparse_edit_or_object_completion,neighbor_fill_square_4_6,68437,,13.866331106969804,,,not_run,skipped,rule does not fit,
51,sparse_edit_or_object_completion,neighbor_fill_square_4_7,68437,,13.866331106969804,,,not_run,skipped,rule does not fit,
51,sparse_edit_or_object_completion,neighbor_fill_square_4_8,68437,,13.866331106969804,,,not_run,skipped,rule does not fit,
51,sparse_edit_or_object_completion,neighbor_fill_hline_5_1,68437,,13.866331106969804,,,not_run,skipped,rule does not fit,
51,sparse_edit_or_object_completion,neighbor_fill_hline_5_2,68437,,13.866331106969804,,,not_run,skipped,rule does not fit,
51,sparse_edit_or_object_completion,neighbor_fill_vline_5_1,68437,,13.866331106969804,,,not_run,skipped,rule does not fit,
51,sparse_edit_or_object_completion,neighbor_fill_vline_5_2,68437,,13.866331106969804,,,not_run,skipped,rule does not fit,
51,sparse_edit_or_object_completion,neighbor_fill_cross_5_1,68437,,13.866331106969804,,,not_run,skipped,rule does not fit,
51,sparse_edit_or_object_completion,neighbor_fill_cross_5_2,68437,,13.866331106969804,,,not_run,skipped,rule does not fit,
51,sparse_edit_or_object_completion,neighbor_fill_cross_5_3,68437,,13.866331106969804,,,not_run,skipped,rule does not fit,
51,sparse_edit_or_object_completion,neighbor_fill_cross_5_4,68437,,13.866331106969804,,,not_run,skipped,rule does not fit,
51,sparse_edit_or_object_completion,neighbor_fill_square_5_1,68437,,13.866331106969804,,,not_run,skipped,rule does not fit,
51,sparse_edit_or_object_completion,neighbor_fill_square_5_2,68437,,13.866331106969804,,,not_run,skipped,rule does not fit,
51,sparse_edit_or_object_completion,neighbor_fill_square_5_3,68437,,13.866331106969804,,,not_run,skipped,rule does not fit,
51,sparse_edit_or_object_completion,neighbor_fill_square_5_4,68437,,13.866331106969804,,,not_run,skipped,rule does not fit,
51,sparse_edit_or_object_completion,neighbor_fill_square_5_5,68437,,13.866331106969804,,,not_run,skipped,rule does not fit,
51,sparse_edit_or_object_completion,neighbor_fill_square_5_6,68437,,13.866331106969804,,,not_run,skipped,rule does not fit,
51,sparse_edit_or_object_completion,neighbor_fill_square_5_7,68437,,13.866331106969804,,,not_run,skipped,rule does not fit,
51,sparse_edit_or_object_completion,neighbor_fill_square_5_8,68437,,13.866331106969804,,,not_run,skipped,rule does not fit,
51,sparse_edit_or_object_completion,neighbor_fill_hline_6_1,68437,,13.866331106969804,,,not_run,skipped,rule does not fit,
51,sparse_edit_or_object_completion,neighbor_fill_hline_6_2,68437,,13.866331106969804,,,not_run,skipped,rule does not fit,
51,sparse_edit_or_object_completion,neighbor_fill_vline_6_1,68437,,13.866331106969804,,,not_run,skipped,rule does not fit,
51,sparse_edit_or_object_completion,neighbor_fill_vline_6_2,68437,,13.866331106969804,,,not_run,skipped,rule does not fit,
51,sparse_edit_or_object_completion,neighbor_fill_cross_6_1,68437,,13.866331106969804,,,not_run,skipped,rule does not fit,
51,sparse_edit_or_object_completion,neighbor_fill_cross_6_2,68437,,13.866331106969804,,,not_run,skipped,rule does not fit,
51,sparse_edit_or_object_completion,neighbor_fill_cross_6_3,68437,,13.866331106969804,,,not_run,skipped,rule does not fit,
51,sparse_edit_or_object_completion,neighbor_fill_cross_6_4,68437,,13.866331106969804,,,not_run,skipped,rule does not fit,
51,sparse_edit_or_object_completion,neighbor_fill_square_6_1,68437,,13.866331106969804,,,not_run,skipped,rule does not fit,
51,sparse_edit_or_object_completion,neighbor_fill_square_6_2,68437,,13.866331106969804,,,not_run,skipped,rule does not fit,
51,sparse_edit_or_object_completion,neighbor_fill_square_6_3,68437,,13.866331106969804,,,not_run,skipped,rule does not fit,
51,sparse_edit_or_object_completion,neighbor_fill_square_6_4,68437,,13.866331106969804,,,not_run,skipped,rule does not fit,
51,sparse_edit_or_object_completion,neighbor_fill_square_6_5,68437,,13.866331106969804,,,not_run,skipped,rule does not fit,
51,sparse_edit_or_object_completion,neighbor_fill_square_6_6,68437,,13.866331106969804,,,not_run,skipped,rule does not fit,
51,sparse_edit_or_object_completion,neighbor_fill_square_6_7,68437,,13.866331106969804,,,not_run,skipped,rule does not fit,
51,sparse_edit_or_object_completion,neighbor_fill_square_6_8,68437,,13.866331106969804,,,not_run,skipped,rule does not fit,
51,sparse_edit_or_object_completion,neighbor_fill_hline_7_1,68437,,13.866331106969804,,,not_run,skipped,rule does not fit,
51,sparse_edit_or_object_completion,neighbor_fill_hline_7_2,68437,,13.866331106969804,,,not_run,skipped,rule does not fit,
51,sparse_edit_or_object_completion,neighbor_fill_vline_7_1,68437,,13.866331106969804,,,not_run,skipped,rule does not fit,
51,sparse_edit_or_object_completion,neighbor_fill_vline_7_2,68437,,13.866331106969804,,,not_run,skipped,rule does not fit,
51,sparse_edit_or_object_completion,neighbor_fill_cross_7_1,68437,,13.866331106969804,,,not_run,skipped,rule does not fit,
51,sparse_edit_or_object_completion,neighbor_fill_cross_7_2,68437,,13.866331106969804,,,not_run,skipped,rule does not fit,
51,sparse_edit_or_object_completion,neighbor_fill_cross_7_3,68437,,13.866331106969804,,,not_run,skipped,rule does not fit,
51,sparse_edit_or_object_completion,neighbor_fill_cross_7_4,68437,,13.866331106969804,,,not_run,skipped,rule does not fit,
51,sparse_edit_or_object_completion,neighbor_fill_square_7_1,68437,,13.866331106969804,,,not_run,skipped,rule does not fit,
51,sparse_edit_or_object_completion,neighbor_fill_square_7_2,68437,,13.866331106969804,,,not_run,skipped,rule does not fit,
51,sparse_edit_or_object_completion,neighbor_fill_square_7_3,68437,,13.866331106969804,,,not_run,skipped,rule does not fit,
51,sparse_edit_or_object_completion,neighbor_fill_square_7_4,68437,,13.866331106969804,,,not_run,skipped,rule does not fit,
51,sparse_edit_or_object_completion,neighbor_fill_square_7_5,68437,,13.866331106969804,,,not_run,skipped,rule does not fit,
51,sparse_edit_or_object_completion,neighbor_fill_square_7_6,68437,,13.866331106969804,,,not_run,skipped,rule does not fit,
51,sparse_edit_or_object_completion,neighbor_fill_square_7_7,68437,,13.866331106969804,,,not_run,skipped,rule does not fit,
51,sparse_edit_or_object_completion,neighbor_fill_square_7_8,68437,,13.866331106969804,,,not_run,skipped,rule does not fit,
51,sparse_edit_or_object_completion,neighbor_fill_hline_8_1,68437,,13.866331106969804,,,not_run,skipped,rule does not fit,
51,sparse_edit_or_object_completion,neighbor_fill_hline_8_2,68437,,13.866331106969804,,,not_run,skipped,rule does not fit,
51,sparse_edit_or_object_completion,neighbor_fill_vline_8_1,68437,,13.866331106969804,,,not_run,skipped,rule does not fit,
51,sparse_edit_or_object_completion,neighbor_fill_vline_8_2,68437,,13.866331106969804,,,not_run,skipped,rule does not fit,
51,sparse_edit_or_object_completion,neighbor_fill_cross_8_1,68437,,13.866331106969804,,,not_run,skipped,rule does not fit,
51,sparse_edit_or_object_completion,neighbor_fill_cross_8_2,68437,,13.866331106969804,,,not_run,skipped,rule does not fit,
51,sparse_edit_or_object_completion,neighbor_fill_cross_8_3,68437,,13.866331106969804,,,not_run,skipped,rule does not fit,
51,sparse_edit_or_object_completion,neighbor_fill_cross_8_4,68437,,13.866331106969804,,,not_run,skipped,rule does not fit,
51,sparse_edit_or_object_completion,neighbor_fill_square_8_1,68437,,13.866331106969804,,,not_run,skipped,rule does not fit,
51,sparse_edit_or_object_completion,neighbor_fill_square_8_2,68437,,13.866331106969804,,,not_run,skipped,rule does not fit,
51,sparse_edit_or_object_completion,neighbor_fill_square_8_3,68437,,13.866331106969804,,,not_run,skipped,rule does not fit,
51,sparse_edit_or_object_completion,neighbor_fill_square_8_4,68437,,13.866331106969804,,,not_run,skipped,rule does not fit,
51,sparse_edit_or_object_completion,neighbor_fill_square_8_5,68437,,13.866331106969804,,,not_run,skipped,rule does not fit,
51,sparse_edit_or_object_completion,neighbor_fill_square_8_6,68437,,13.866331106969804,,,not_run,skipped,rule does not fit,
51,sparse_edit_or_object_completion,neighbor_fill_square_8_7,68437,,13.866331106969804,,,not_run,skipped,rule does not fit,
51,sparse_edit_or_object_completion,neighbor_fill_square_8_8,68437,,13.866331106969804,,,not_run,skipped,rule does not fit,
51,sparse_edit_or_object_completion,neighbor_fill_hline_9_1,68437,,13.866331106969804,,,not_run,skipped,rule does not fit,
51,sparse_edit_or_object_completion,neighbor_fill_hline_9_2,68437,,13.866331106969804,,,not_run,skipped,rule does not fit,
51,sparse_edit_or_object_completion,neighbor_fill_vline_9_1,68437,,13.866331106969804,,,not_run,skipped,rule does not fit,
51,sparse_edit_or_object_completion,neighbor_fill_vline_9_2,68437,,13.866331106969804,,,not_run,skipped,rule does not fit,
51,sparse_edit_or_object_completion,neighbor_fill_cross_9_1,68437,,13.866331106969804,,,not_run,skipped,rule does not fit,
51,sparse_edit_or_object_completion,neighbor_fill_cross_9_2,68437,,13.866331106969804,,,not_run,skipped,rule does not fit,
51,sparse_edit_or_object_completion,neighbor_fill_cross_9_3,68437,,13.866331106969804,,,not_run,skipped,rule does not fit,
51,sparse_edit_or_object_completion,neighbor_fill_cross_9_4,68437,,13.866331106969804,,,not_run,skipped,rule does not fit,
51,sparse_edit_or_object_completion,neighbor_fill_square_9_1,68437,,13.866331106969804,,,not_run,skipped,rule does not fit,
51,sparse_edit_or_object_completion,neighbor_fill_square_9_2,68437,,13.866331106969804,,,not_run,skipped,rule does not fit,
51,sparse_edit_or_object_completion,neighbor_fill_square_9_3,68437,,13.866331106969804,,,not_run,skipped,rule does not fit,
51,sparse_edit_or_object_completion,neighbor_fill_square_9_4,68437,,13.866331106969804,,,not_run,skipped,rule does not fit,
51,sparse_edit_or_object_completion,neighbor_fill_square_9_5,68437,,13.866331106969804,,,not_run,skipped,rule does not fit,
51,sparse_edit_or_object_completion,neighbor_fill_square_9_6,68437,,13.866331106969804,,,not_run,skipped,rule does not fit,
51,sparse_edit_or_object_completion,neighbor_fill_square_9_7,68437,,13.866331106969804,,,not_run,skipped,rule does not fit,
51,sparse_edit_or_object_completion,neighbor_fill_square_9_8,68437,,13.866331106969804,,,not_run,skipped,rule does not fit,
328,sparse_edit_or_object_completion,signature_scatternd_lookup,68053,68440,13.871957907660665,13.86628727199387,167171,25_pass_0_fail,no_cost_gain,candidate cost is not lower than baseline,e401f82533e7d55c5e158153ecaa09423de3f3fafa79cd6a223140f32cf151a0
328,sparse_edit_or_object_completion,direct_identity,68053,,13.871957907660665,,,not_run,skipped,not identity,
328,sparse_edit_or_object_completion,conv_color_map,68053,,13.871957907660665,,,not_run,skipped,conflicting color map,
328,sparse_edit_or_object_completion,fixed_mask_where,68053,,13.871957907660665,,,not_run,skipped,fixed edit conflict,
328,sparse_edit_or_object_completion,neighbor_fill_hline_1_1,68053,,13.871957907660665,,,not_run,skipped,rule does not fit,
328,sparse_edit_or_object_completion,neighbor_fill_hline_1_2,68053,,13.871957907660665,,,not_run,skipped,rule does not fit,
328,sparse_edit_or_object_completion,neighbor_fill_vline_1_1,68053,,13.871957907660665,,,not_run,skipped,rule does not fit,
328,sparse_edit_or_object_completion,neighbor_fill_vline_1_2,68053,,13.871957907660665,,,not_run,skipped,rule does not fit,
328,sparse_edit_or_object_completion,neighbor_fill_cross_1_1,68053,,13.871957907660665,,,not_run,skipped,rule does not fit,
328,sparse_edit_or_object_completion,neighbor_fill_cross_1_2,68053,,13.871957907660665,,,not_run,skipped,rule does not fit,
328,sparse_edit_or_object_completion,neighbor_fill_cross_1_3,68053,,13.871957907660665,,,not_run,skipped,rule does not fit,
328,sparse_edit_or_object_completion,neighbor_fill_cross_1_4,68053,,13.871957907660665,,,not_run,skipped,rule does not fit,
328,sparse_edit_or_object_completion,neighbor_fill_square_1_1,68053,,13.871957907660665,,,not_run,skipped,rule does not fit,
328,sparse_edit_or_object_completion,neighbor_fill_square_1_2,68053,,13.871957907660665,,,not_run,skipped,rule does not fit,
328,sparse_edit_or_object_completion,neighbor_fill_square_1_3,68053,,13.871957907660665,,,not_run,skipped,rule does not fit,
328,sparse_edit_or_object_completion,neighbor_fill_square_1_4,68053,,13.871957907660665,,,not_run,skipped,rule does not fit,
328,sparse_edit_or_object_completion,neighbor_fill_square_1_5,68053,,13.871957907660665,,,not_run,skipped,rule does not fit,
328,sparse_edit_or_object_completion,neighbor_fill_square_1_6,68053,,13.871957907660665,,,not_run,skipped,rule does not fit,
328,sparse_edit_or_object_completion,neighbor_fill_square_1_7,68053,,13.871957907660665,,,not_run,skipped,rule does not fit,
328,sparse_edit_or_object_completion,neighbor_fill_square_1_8,68053,,13.871957907660665,,,not_run,skipped,rule does not fit,
328,sparse_edit_or_object_completion,neighbor_fill_hline_2_1,68053,,13.871957907660665,,,not_run,skipped,rule does not fit,
328,sparse_edit_or_object_completion,neighbor_fill_hline_2_2,68053,,13.871957907660665,,,not_run,skipped,rule does not fit,
328,sparse_edit_or_object_completion,neighbor_fill_vline_2_1,68053,,13.871957907660665,,,not_run,skipped,rule does not fit,
328,sparse_edit_or_object_completion,neighbor_fill_vline_2_2,68053,,13.871957907660665,,,not_run,skipped,rule does not fit,
328,sparse_edit_or_object_completion,neighbor_fill_cross_2_1,68053,,13.871957907660665,,,not_run,skipped,rule does not fit,
328,sparse_edit_or_object_completion,neighbor_fill_cross_2_2,68053,,13.871957907660665,,,not_run,skipped,rule does not fit,
328,sparse_edit_or_object_completion,neighbor_fill_cross_2_3,68053,,13.871957907660665,,,not_run,skipped,rule does not fit,
328,sparse_edit_or_object_completion,neighbor_fill_cross_2_4,68053,,13.871957907660665,,,not_run,skipped,rule does not fit,
328,sparse_edit_or_object_completion,neighbor_fill_square_2_1,68053,,13.871957907660665,,,not_run,skipped,rule does not fit,
328,sparse_edit_or_object_completion,neighbor_fill_square_2_2,68053,,13.871957907660665,,,not_run,skipped,rule does not fit,
328,sparse_edit_or_object_completion,neighbor_fill_square_2_3,68053,,13.871957907660665,,,not_run,skipped,rule does not fit,
328,sparse_edit_or_object_completion,neighbor_fill_square_2_4,68053,,13.871957907660665,,,not_run,skipped,rule does not fit,
328,sparse_edit_or_object_completion,neighbor_fill_square_2_5,68053,,13.871957907660665,,,not_run,skipped,rule does not fit,
328,sparse_edit_or_object_completion,neighbor_fill_square_2_6,68053,,13.871957907660665,,,not_run,skipped,rule does not fit,
328,sparse_edit_or_object_completion,neighbor_fill_square_2_7,68053,,13.871957907660665,,,not_run,skipped,rule does not fit,
328,sparse_edit_or_object_completion,neighbor_fill_square_2_8,68053,,13.871957907660665,,,not_run,skipped,rule does not fit,
328,sparse_edit_or_object_completion,neighbor_fill_hline_3_1,68053,,13.871957907660665,,,not_run,skipped,rule does not fit,
328,sparse_edit_or_object_completion,neighbor_fill_hline_3_2,68053,,13.871957907660665,,,not_run,skipped,rule does not fit,
328,sparse_edit_or_object_completion,neighbor_fill_vline_3_1,68053,,13.871957907660665,,,not_run,skipped,rule does not fit,
328,sparse_edit_or_object_completion,neighbor_fill_vline_3_2,68053,,13.871957907660665,,,not_run,skipped,rule does not fit,
328,sparse_edit_or_object_completion,neighbor_fill_cross_3_1,68053,,13.871957907660665,,,not_run,skipped,rule does not fit,
328,sparse_edit_or_object_completion,neighbor_fill_cross_3_2,68053,,13.871957907660665,,,not_run,skipped,rule does not fit,
328,sparse_edit_or_object_completion,neighbor_fill_cross_3_3,68053,,13.871957907660665,,,not_run,skipped,rule does not fit,
328,sparse_edit_or_object_completion,neighbor_fill_cross_3_4,68053,,13.871957907660665,,,not_run,skipped,rule does not fit,
328,sparse_edit_or_object_completion,neighbor_fill_square_3_1,68053,,13.871957907660665,,,not_run,skipped,rule does not fit,
328,sparse_edit_or_object_completion,neighbor_fill_square_3_2,68053,,13.871957907660665,,,not_run,skipped,rule does not fit,
328,sparse_edit_or_object_completion,neighbor_fill_square_3_3,68053,,13.871957907660665,,,not_run,skipped,rule does not fit,
328,sparse_edit_or_object_completion,neighbor_fill_square_3_4,68053,,13.871957907660665,,,not_run,skipped,rule does not fit,
328,sparse_edit_or_object_completion,neighbor_fill_square_3_5,68053,,13.871957907660665,,,not_run,skipped,rule does not fit,
328,sparse_edit_or_object_completion,neighbor_fill_square_3_6,68053,,13.871957907660665,,,not_run,skipped,rule does not fit,
328,sparse_edit_or_object_completion,neighbor_fill_square_3_7,68053,,13.871957907660665,,,not_run,skipped,rule does not fit,
328,sparse_edit_or_object_completion,neighbor_fill_square_3_8,68053,,13.871957907660665,,,not_run,skipped,rule does not fit,
328,sparse_edit_or_object_completion,neighbor_fill_hline_4_1,68053,,13.871957907660665,,,not_run,skipped,rule does not fit,
328,sparse_edit_or_object_completion,neighbor_fill_hline_4_2,68053,,13.871957907660665,,,not_run,skipped,rule does not fit,
328,sparse_edit_or_object_completion,neighbor_fill_vline_4_1,68053,,13.871957907660665,,,not_run,skipped,rule does not fit,
328,sparse_edit_or_object_completion,neighbor_fill_vline_4_2,68053,,13.871957907660665,,,not_run,skipped,rule does not fit,
328,sparse_edit_or_object_completion,neighbor_fill_cross_4_1,68053,,13.871957907660665,,,not_run,skipped,rule does not fit,
328,sparse_edit_or_object_completion,neighbor_fill_cross_4_2,68053,,13.871957907660665,,,not_run,skipped,rule does not fit,
328,sparse_edit_or_object_completion,neighbor_fill_cross_4_3,68053,,13.871957907660665,,,not_run,skipped,rule does not fit,
328,sparse_edit_or_object_completion,neighbor_fill_cross_4_4,68053,,13.871957907660665,,,not_run,skipped,rule does not fit,
328,sparse_edit_or_object_completion,neighbor_fill_square_4_1,68053,,13.871957907660665,,,not_run,skipped,rule does not fit,
328,sparse_edit_or_object_completion,neighbor_fill_square_4_2,68053,,13.871957907660665,,,not_run,skipped,rule does not fit,
328,sparse_edit_or_object_completion,neighbor_fill_square_4_3,68053,,13.871957907660665,,,not_run,skipped,rule does not fit,
328,sparse_edit_or_object_completion,neighbor_fill_square_4_4,68053,,13.871957907660665,,,not_run,skipped,rule does not fit,
328,sparse_edit_or_object_completion,neighbor_fill_square_4_5,68053,,13.871957907660665,,,not_run,skipped,rule does not fit,
328,sparse_edit_or_object_completion,neighbor_fill_square_4_6,68053,,13.871957907660665,,,not_run,skipped,rule does not fit,
328,sparse_edit_or_object_completion,neighbor_fill_square_4_7,68053,,13.871957907660665,,,not_run,skipped,rule does not fit,
328,sparse_edit_or_object_completion,neighbor_fill_square_4_8,68053,,13.871957907660665,,,not_run,skipped,rule does not fit,
328,sparse_edit_or_object_completion,neighbor_fill_hline_5_1,68053,,13.871957907660665,,,not_run,skipped,rule does not fit,
328,sparse_edit_or_object_completion,neighbor_fill_hline_5_2,68053,,13.871957907660665,,,not_run,skipped,rule does not fit,
328,sparse_edit_or_object_completion,neighbor_fill_vline_5_1,68053,,13.871957907660665,,,not_run,skipped,rule does not fit,
328,sparse_edit_or_object_completion,neighbor_fill_vline_5_2,68053,,13.871957907660665,,,not_run,skipped,rule does not fit,
328,sparse_edit_or_object_completion,neighbor_fill_cross_5_1,68053,,13.871957907660665,,,not_run,skipped,rule does not fit,
328,sparse_edit_or_object_completion,neighbor_fill_cross_5_2,68053,,13.871957907660665,,,not_run,skipped,rule does not fit,
328,sparse_edit_or_object_completion,neighbor_fill_cross_5_3,68053,,13.871957907660665,,,not_run,skipped,rule does not fit,
328,sparse_edit_or_object_completion,neighbor_fill_cross_5_4,68053,,13.871957907660665,,,not_run,skipped,rule does not fit,
328,sparse_edit_or_object_completion,neighbor_fill_square_5_1,68053,,13.871957907660665,,,not_run,skipped,rule does not fit,
328,sparse_edit_or_object_completion,neighbor_fill_square_5_2,68053,,13.871957907660665,,,not_run,skipped,rule does not fit,
328,sparse_edit_or_object_completion,neighbor_fill_square_5_3,68053,,13.871957907660665,,,not_run,skipped,rule does not fit,
328,sparse_edit_or_object_completion,neighbor_fill_square_5_4,68053,,13.871957907660665,,,not_run,skipped,rule does not fit,
328,sparse_edit_or_object_completion,neighbor_fill_square_5_5,68053,,13.871957907660665,,,not_run,skipped,rule does not fit,
328,sparse_edit_or_object_completion,neighbor_fill_square_5_6,68053,,13.871957907660665,,,not_run,skipped,rule does not fit,
328,sparse_edit_or_object_completion,neighbor_fill_square_5_7,68053,,13.871957907660665,,,not_run,skipped,rule does not fit,
328,sparse_edit_or_object_completion,neighbor_fill_square_5_8,68053,,13.871957907660665,,,not_run,skipped,rule does not fit,
328,sparse_edit_or_object_completion,neighbor_fill_hline_6_1,68053,,13.871957907660665,,,not_run,skipped,rule does not fit,
328,sparse_edit_or_object_completion,neighbor_fill_hline_6_2,68053,,13.871957907660665,,,not_run,skipped,rule does not fit,
328,sparse_edit_or_object_completion,neighbor_fill_vline_6_1,68053,,13.871957907660665,,,not_run,skipped,rule does not fit,
328,sparse_edit_or_object_completion,neighbor_fill_vline_6_2,68053,,13.871957907660665,,,not_run,skipped,rule does not fit,
328,sparse_edit_or_object_completion,neighbor_fill_cross_6_1,68053,,13.871957907660665,,,not_run,skipped,rule does not fit,
328,sparse_edit_or_object_completion,neighbor_fill_cross_6_2,68053,,13.871957907660665,,,not_run,skipped,rule does not fit,
328,sparse_edit_or_object_completion,neighbor_fill_cross_6_3,68053,,13.871957907660665,,,not_run,skipped,rule does not fit,
328,sparse_edit_or_object_completion,neighbor_fill_cross_6_4,68053,,13.871957907660665,,,not_run,skipped,rule does not fit,
328,sparse_edit_or_object_completion,neighbor_fill_square_6_1,68053,,13.871957907660665,,,not_run,skipped,rule does not fit,
328,sparse_edit_or_object_completion,neighbor_fill_square_6_2,68053,,13.871957907660665,,,not_run,skipped,rule does not fit,
328,sparse_edit_or_object_completion,neighbor_fill_square_6_3,68053,,13.871957907660665,,,not_run,skipped,rule does not fit,
328,sparse_edit_or_object_completion,neighbor_fill_square_6_4,68053,,13.871957907660665,,,not_run,skipped,rule does not fit,
328,sparse_edit_or_object_completion,neighbor_fill_square_6_5,68053,,13.871957907660665,,,not_run,skipped,rule does not fit,
328,sparse_edit_or_object_completion,neighbor_fill_square_6_6,68053,,13.871957907660665,,,not_run,skipped,rule does not fit,
328,sparse_edit_or_object_completion,neighbor_fill_square_6_7,68053,,13.871957907660665,,,not_run,skipped,rule does not fit,
328,sparse_edit_or_object_completion,neighbor_fill_square_6_8,68053,,13.871957907660665,,,not_run,skipped,rule does not fit,
328,sparse_edit_or_object_completion,neighbor_fill_hline_7_1,68053,,13.871957907660665,,,not_run,skipped,rule does not fit,
328,sparse_edit_or_object_completion,neighbor_fill_hline_7_2,68053,,13.871957907660665,,,not_run,skipped,rule does not fit,
328,sparse_edit_or_object_completion,neighbor_fill_vline_7_1,68053,,13.871957907660665,,,not_run,skipped,rule does not fit,
328,sparse_edit_or_object_completion,neighbor_fill_vline_7_2,68053,,13.871957907660665,,,not_run,skipped,rule does not fit,
328,sparse_edit_or_object_completion,neighbor_fill_cross_7_1,68053,,13.871957907660665,,,not_run,skipped,rule does not fit,
328,sparse_edit_or_object_completion,neighbor_fill_cross_7_2,68053,,13.871957907660665,,,not_run,skipped,rule does not fit,
328,sparse_edit_or_object_completion,neighbor_fill_cross_7_3,68053,,13.871957907660665,,,not_run,skipped,rule does not fit,
328,sparse_edit_or_object_completion,neighbor_fill_cross_7_4,68053,,13.871957907660665,,,not_run,skipped,rule does not fit,
328,sparse_edit_or_object_completion,neighbor_fill_square_7_1,68053,,13.871957907660665,,,not_run,skipped,rule does not fit,
328,sparse_edit_or_object_completion,neighbor_fill_square_7_2,68053,,13.871957907660665,,,not_run,skipped,rule does not fit,
328,sparse_edit_or_object_completion,neighbor_fill_square_7_3,68053,,13.871957907660665,,,not_run,skipped,rule does not fit,
328,sparse_edit_or_object_completion,neighbor_fill_square_7_4,68053,,13.871957907660665,,,not_run,skipped,rule does not fit,
328,sparse_edit_or_object_completion,neighbor_fill_square_7_5,68053,,13.871957907660665,,,not_run,skipped,rule does not fit,
328,sparse_edit_or_object_completion,neighbor_fill_square_7_6,68053,,13.871957907660665,,,not_run,skipped,rule does not fit,
328,sparse_edit_or_object_completion,neighbor_fill_square_7_7,68053,,13.871957907660665,,,not_run,skipped,rule does not fit,
328,sparse_edit_or_object_completion,neighbor_fill_square_7_8,68053,,13.871957907660665,,,not_run,skipped,rule does not fit,
328,sparse_edit_or_object_completion,neighbor_fill_hline_8_1,68053,,13.871957907660665,,,not_run,skipped,rule does not fit,
328,sparse_edit_or_object_completion,neighbor_fill_hline_8_2,68053,,13.871957907660665,,,not_run,skipped,rule does not fit,
328,sparse_edit_or_object_completion,neighbor_fill_vline_8_1,68053,,13.871957907660665,,,not_run,skipped,rule does not fit,
328,sparse_edit_or_object_completion,neighbor_fill_vline_8_2,68053,,13.871957907660665,,,not_run,skipped,rule does not fit,
328,sparse_edit_or_object_completion,neighbor_fill_cross_8_1,68053,,13.871957907660665,,,not_run,skipped,rule does not fit,
328,sparse_edit_or_object_completion,neighbor_fill_cross_8_2,68053,,13.871957907660665,,,not_run,skipped,rule does not fit,
328,sparse_edit_or_object_completion,neighbor_fill_cross_8_3,68053,,13.871957907660665,,,not_run,skipped,rule does not fit,
328,sparse_edit_or_object_completion,neighbor_fill_cross_8_4,68053,,13.871957907660665,,,not_run,skipped,rule does not fit,
328,sparse_edit_or_object_completion,neighbor_fill_square_8_1,68053,,13.871957907660665,,,not_run,skipped,rule does not fit,
328,sparse_edit_or_object_completion,neighbor_fill_square_8_2,68053,,13.871957907660665,,,not_run,skipped,rule does not fit,
328,sparse_edit_or_object_completion,neighbor_fill_square_8_3,68053,,13.871957907660665,,,not_run,skipped,rule does not fit,
328,sparse_edit_or_object_completion,neighbor_fill_square_8_4,68053,,13.871957907660665,,,not_run,skipped,rule does not fit,
328,sparse_edit_or_object_completion,neighbor_fill_square_8_5,68053,,13.871957907660665,,,not_run,skipped,rule does not fit,
328,sparse_edit_or_object_completion,neighbor_fill_square_8_6,68053,,13.871957907660665,,,not_run,skipped,rule does not fit,
328,sparse_edit_or_object_completion,neighbor_fill_square_8_7,68053,,13.871957907660665,,,not_run,skipped,rule does not fit,
328,sparse_edit_or_object_completion,neighbor_fill_square_8_8,68053,,13.871957907660665,,,not_run,skipped,rule does not fit,
328,sparse_edit_or_object_completion,neighbor_fill_hline_9_1,68053,,13.871957907660665,,,not_run,skipped,rule does not fit,
328,sparse_edit_or_object_completion,neighbor_fill_hline_9_2,68053,,13.871957907660665,,,not_run,skipped,rule does not fit,
328,sparse_edit_or_object_completion,neighbor_fill_vline_9_1,68053,,13.871957907660665,,,not_run,skipped,rule does not fit,
328,sparse_edit_or_object_completion,neighbor_fill_vline_9_2,68053,,13.871957907660665,,,not_run,skipped,rule does not fit,
328,sparse_edit_or_object_completion,neighbor_fill_cross_9_1,68053,,13.871957907660665,,,not_run,skipped,rule does not fit,
328,sparse_edit_or_object_completion,neighbor_fill_cross_9_2,68053,,13.871957907660665,,,not_run,skipped,rule does not fit,
328,sparse_edit_or_object_completion,neighbor_fill_cross_9_3,68053,,13.871957907660665,,,not_run,skipped,rule does not fit,
328,sparse_edit_or_object_completion,neighbor_fill_cross_9_4,68053,,13.871957907660665,,,not_run,skipped,rule does not fit,
328,sparse_edit_or_object_completion,neighbor_fill_square_9_1,68053,,13.871957907660665,,,not_run,skipped,rule does not fit,
328,sparse_edit_or_object_completion,neighbor_fill_square_9_2,68053,,13.871957907660665,,,not_run,skipped,rule does not fit,
328,sparse_edit_or_object_completion,neighbor_fill_square_9_3,68053,,13.871957907660665,,,not_run,skipped,rule does not fit,
328,sparse_edit_or_object_completion,neighbor_fill_square_9_4,68053,,13.871957907660665,,,not_run,skipped,rule does not fit,
328,sparse_edit_or_object_completion,neighbor_fill_square_9_5,68053,,13.871957907660665,,,not_run,skipped,rule does not fit,
328,sparse_edit_or_object_completion,neighbor_fill_square_9_6,68053,,13.871957907660665,,,not_run,skipped,rule does not fit,
328,sparse_edit_or_object_completion,neighbor_fill_square_9_7,68053,,13.871957907660665,,,not_run,skipped,rule does not fit,
328,sparse_edit_or_object_completion,neighbor_fill_square_9_8,68053,,13.871957907660665,,,not_run,skipped,rule does not fit,
243,sparse_edit_or_object_completion,signature_scatternd_lookup,67878,51196,13.874532744845478,14.156583317024317,125799,24_pass_0_fail,improved,ok,f8cce8e65f306232f99173006b933975172f6b5a6c4294492f437aab3d8d5c6b
243,sparse_edit_or_object_completion,direct_identity,67878,,13.874532744845478,,,not_run,skipped,not identity,
243,sparse_edit_or_object_completion,conv_color_map,67878,,13.874532744845478,,,not_run,skipped,conflicting color map,
243,sparse_edit_or_object_completion,fixed_mask_where,67878,,13.874532744845478,,,not_run,skipped,edit target mismatch,
243,sparse_edit_or_object_completion,neighbor_fill_hline_1_1,67878,,13.874532744845478,,,not_run,skipped,rule does not fit,
243,sparse_edit_or_object_completion,neighbor_fill_hline_1_2,67878,,13.874532744845478,,,not_run,skipped,rule does not fit,
243,sparse_edit_or_object_completion,neighbor_fill_vline_1_1,67878,,13.874532744845478,,,not_run,skipped,rule does not fit,
243,sparse_edit_or_object_completion,neighbor_fill_vline_1_2,67878,,13.874532744845478,,,not_run,skipped,rule does not fit,
243,sparse_edit_or_object_completion,neighbor_fill_cross_1_1,67878,,13.874532744845478,,,not_run,skipped,rule does not fit,
243,sparse_edit_or_object_completion,neighbor_fill_cross_1_2,67878,,13.874532744845478,,,not_run,skipped,rule does not fit,
243,sparse_edit_or_object_completion,neighbor_fill_cross_1_3,67878,,13.874532744845478,,,not_run,skipped,rule does not fit,
243,sparse_edit_or_object_completion,neighbor_fill_cross_1_4,67878,,13.874532744845478,,,not_run,skipped,rule does not fit,
243,sparse_edit_or_object_completion,neighbor_fill_square_1_1,67878,,13.874532744845478,,,not_run,skipped,rule does not fit,
243,sparse_edit_or_object_completion,neighbor_fill_square_1_2,67878,,13.874532744845478,,,not_run,skipped,rule does not fit,
243,sparse_edit_or_object_completion,neighbor_fill_square_1_3,67878,,13.874532744845478,,,not_run,skipped,rule does not fit,
243,sparse_edit_or_object_completion,neighbor_fill_square_1_4,67878,,13.874532744845478,,,not_run,skipped,rule does not fit,
243,sparse_edit_or_object_completion,neighbor_fill_square_1_5,67878,,13.874532744845478,,,not_run,skipped,rule does not fit,
243,sparse_edit_or_object_completion,neighbor_fill_square_1_6,67878,,13.874532744845478,,,not_run,skipped,rule does not fit,
243,sparse_edit_or_object_completion,neighbor_fill_square_1_7,67878,,13.874532744845478,,,not_run,skipped,rule does not fit,
243,sparse_edit_or_object_completion,neighbor_fill_square_1_8,67878,,13.874532744845478,,,not_run,skipped,rule does not fit,
165,sparse_edit_or_object_completion,signature_scatternd_lookup,67524,27836,13.87976163077872,14.765914574035259,66533,24_pass_0_fail,improved,ok,4138ad7671d495768f7d0e9cdaf467e11452f0761e0d72cd3aa4ae1048f4457b
165,sparse_edit_or_object_completion,direct_identity,67524,,13.87976163077872,,,not_run,skipped,not identity,
165,sparse_edit_or_object_completion,conv_color_map,67524,,13.87976163077872,,,not_run,skipped,conflicting color map,
165,sparse_edit_or_object_completion,fixed_mask_where,67524,,13.87976163077872,,,not_run,skipped,fixed edit conflict,
165,sparse_edit_or_object_completion,neighbor_fill_hline_2_1,67524,,13.87976163077872,,,not_run,skipped,rule does not fit,
165,sparse_edit_or_object_completion,neighbor_fill_hline_2_2,67524,,13.87976163077872,,,not_run,skipped,rule does not fit,
165,sparse_edit_or_object_completion,neighbor_fill_vline_2_1,67524,,13.87976163077872,,,not_run,skipped,rule does not fit,
165,sparse_edit_or_object_completion,neighbor_fill_vline_2_2,67524,,13.87976163077872,,,not_run,skipped,rule does not fit,
165,sparse_edit_or_object_completion,neighbor_fill_cross_2_1,67524,,13.87976163077872,,,not_run,skipped,rule does not fit,
165,sparse_edit_or_object_completion,neighbor_fill_cross_2_2,67524,,13.87976163077872,,,not_run,skipped,rule does not fit,
165,sparse_edit_or_object_completion,neighbor_fill_cross_2_3,67524,,13.87976163077872,,,not_run,skipped,rule does not fit,
165,sparse_edit_or_object_completion,neighbor_fill_cross_2_4,67524,,13.87976163077872,,,not_run,skipped,rule does not fit,
165,sparse_edit_or_object_completion,neighbor_fill_square_2_1,67524,,13.87976163077872,,,not_run,skipped,rule does not fit,
165,sparse_edit_or_object_completion,neighbor_fill_square_2_2,67524,,13.87976163077872,,,not_run,skipped,rule does not fit,
165,sparse_edit_or_object_completion,neighbor_fill_square_2_3,67524,,13.87976163077872,,,not_run,skipped,rule does not fit,
165,sparse_edit_or_object_completion,neighbor_fill_square_2_4,67524,,13.87976163077872,,,not_run,skipped,rule does not fit,
165,sparse_edit_or_object_completion,neighbor_fill_square_2_5,67524,,13.87976163077872,,,not_run,skipped,rule does not fit,
165,sparse_edit_or_object_completion,neighbor_fill_square_2_6,67524,,13.87976163077872,,,not_run,skipped,rule does not fit,
165,sparse_edit_or_object_completion,neighbor_fill_square_2_7,67524,,13.87976163077872,,,not_run,skipped,rule does not fit,
165,sparse_edit_or_object_completion,neighbor_fill_square_2_8,67524,,13.87976163077872,,,not_run,skipped,rule does not fit,
165,sparse_edit_or_object_completion,neighbor_fill_hline_3_1,67524,,13.87976163077872,,,not_run,skipped,rule does not fit,
165,sparse_edit_or_object_completion,neighbor_fill_hline_3_2,67524,,13.87976163077872,,,not_run,skipped,rule does not fit,
165,sparse_edit_or_object_completion,neighbor_fill_vline_3_1,67524,,13.87976163077872,,,not_run,skipped,rule does not fit,
165,sparse_edit_or_object_completion,neighbor_fill_vline_3_2,67524,,13.87976163077872,,,not_run,skipped,rule does not fit,
165,sparse_edit_or_object_completion,neighbor_fill_cross_3_1,67524,,13.87976163077872,,,not_run,skipped,rule does not fit,
165,sparse_edit_or_object_completion,neighbor_fill_cross_3_2,67524,,13.87976163077872,,,not_run,skipped,rule does not fit,
165,sparse_edit_or_object_completion,neighbor_fill_cross_3_3,67524,,13.87976163077872,,,not_run,skipped,rule does not fit,
165,sparse_edit_or_object_completion,neighbor_fill_cross_3_4,67524,,13.87976163077872,,,not_run,skipped,rule does not fit,
165,sparse_edit_or_object_completion,neighbor_fill_square_3_1,67524,,13.87976163077872,,,not_run,skipped,rule does not fit,
165,sparse_edit_or_object_completion,neighbor_fill_square_3_2,67524,,13.87976163077872,,,not_run,skipped,rule does not fit,
165,sparse_edit_or_object_completion,neighbor_fill_square_3_3,67524,,13.87976163077872,,,not_run,skipped,rule does not fit,
165,sparse_edit_or_object_completion,neighbor_fill_square_3_4,67524,,13.87976163077872,,,not_run,skipped,rule does not fit,
165,sparse_edit_or_object_completion,neighbor_fill_square_3_5,67524,,13.87976163077872,,,not_run,skipped,rule does not fit,
165,sparse_edit_or_object_completion,neighbor_fill_square_3_6,67524,,13.87976163077872,,,not_run,skipped,rule does not fit,
165,sparse_edit_or_object_completion,neighbor_fill_square_3_7,67524,,13.87976163077872,,,not_run,skipped,rule does not fit,
165,sparse_edit_or_object_completion,neighbor_fill_square_3_8,67524,,13.87976163077872,,,not_run,skipped,rule does not fit,
165,sparse_edit_or_object_completion,neighbor_fill_hline_4_1,67524,,13.87976163077872,,,not_run,skipped,rule does not fit,
165,sparse_edit_or_object_completion,neighbor_fill_hline_4_2,67524,,13.87976163077872,,,not_run,skipped,rule does not fit,
165,sparse_edit_or_object_completion,neighbor_fill_vline_4_1,67524,,13.87976163077872,,,not_run,skipped,rule does not fit,
165,sparse_edit_or_object_completion,neighbor_fill_vline_4_2,67524,,13.87976163077872,,,not_run,skipped,rule does not fit,
165,sparse_edit_or_object_completion,neighbor_fill_cross_4_1,67524,,13.87976163077872,,,not_run,skipped,rule does not fit,
165,sparse_edit_or_object_completion,neighbor_fill_cross_4_2,67524,,13.87976163077872,,,not_run,skipped,rule does not fit,
165,sparse_edit_or_object_completion,neighbor_fill_cross_4_3,67524,,13.87976163077872,,,not_run,skipped,rule does not fit,
165,sparse_edit_or_object_completion,neighbor_fill_cross_4_4,67524,,13.87976163077872,,,not_run,skipped,rule does not fit,
165,sparse_edit_or_object_completion,neighbor_fill_square_4_1,67524,,13.87976163077872,,,not_run,skipped,rule does not fit,
165,sparse_edit_or_object_completion,neighbor_fill_square_4_2,67524,,13.87976163077872,,,not_run,skipped,rule does not fit,
165,sparse_edit_or_object_completion,neighbor_fill_square_4_3,67524,,13.87976163077872,,,not_run,skipped,rule does not fit,
165,sparse_edit_or_object_completion,neighbor_fill_square_4_4,67524,,13.87976163077872,,,not_run,skipped,rule does not fit,
165,sparse_edit_or_object_completion,neighbor_fill_square_4_5,67524,,13.87976163077872,,,not_run,skipped,rule does not fit,
165,sparse_edit_or_object_completion,neighbor_fill_square_4_6,67524,,13.87976163077872,,,not_run,skipped,rule does not fit,
165,sparse_edit_or_object_completion,neighbor_fill_square_4_7,67524,,13.87976163077872,,,not_run,skipped,rule does not fit,
165,sparse_edit_or_object_completion,neighbor_fill_square_4_8,67524,,13.87976163077872,,,not_run,skipped,rule does not fit,
165,sparse_edit_or_object_completion,neighbor_fill_hline_5_1,67524,,13.87976163077872,,,not_run,skipped,rule does not fit,
165,sparse_edit_or_object_completion,neighbor_fill_hline_5_2,67524,,13.87976163077872,,,not_run,skipped,rule does not fit,
165,sparse_edit_or_object_completion,neighbor_fill_vline_5_1,67524,,13.87976163077872,,,not_run,skipped,rule does not fit,
165,sparse_edit_or_object_completion,neighbor_fill_vline_5_2,67524,,13.87976163077872,,,not_run,skipped,rule does not fit,
165,sparse_edit_or_object_completion,neighbor_fill_cross_5_1,67524,,13.87976163077872,,,not_run,skipped,rule does not fit,
165,sparse_edit_or_object_completion,neighbor_fill_cross_5_2,67524,,13.87976163077872,,,not_run,skipped,rule does not fit,
165,sparse_edit_or_object_completion,neighbor_fill_cross_5_3,67524,,13.87976163077872,,,not_run,skipped,rule does not fit,
165,sparse_edit_or_object_completion,neighbor_fill_cross_5_4,67524,,13.87976163077872,,,not_run,skipped,rule does not fit,
165,sparse_edit_or_object_completion,neighbor_fill_square_5_1,67524,,13.87976163077872,,,not_run,skipped,rule does not fit,
165,sparse_edit_or_object_completion,neighbor_fill_square_5_2,67524,,13.87976163077872,,,not_run,skipped,rule does not fit,
165,sparse_edit_or_object_completion,neighbor_fill_square_5_3,67524,,13.87976163077872,,,not_run,skipped,rule does not fit,
165,sparse_edit_or_object_completion,neighbor_fill_square_5_4,67524,,13.87976163077872,,,not_run,skipped,rule does not fit,
165,sparse_edit_or_object_completion,neighbor_fill_square_5_5,67524,,13.87976163077872,,,not_run,skipped,rule does not fit,
165,sparse_edit_or_object_completion,neighbor_fill_square_5_6,67524,,13.87976163077872,,,not_run,skipped,rule does not fit,
165,sparse_edit_or_object_completion,neighbor_fill_square_5_7,67524,,13.87976163077872,,,not_run,skipped,rule does not fit,
165,sparse_edit_or_object_completion,neighbor_fill_square_5_8,67524,,13.87976163077872,,,not_run,skipped,rule does not fit,
165,sparse_edit_or_object_completion,neighbor_fill_hline_6_1,67524,,13.87976163077872,,,not_run,skipped,rule does not fit,
165,sparse_edit_or_object_completion,neighbor_fill_hline_6_2,67524,,13.87976163077872,,,not_run,skipped,rule does not fit,
165,sparse_edit_or_object_completion,neighbor_fill_vline_6_1,67524,,13.87976163077872,,,not_run,skipped,rule does not fit,
165,sparse_edit_or_object_completion,neighbor_fill_vline_6_2,67524,,13.87976163077872,,,not_run,skipped,rule does not fit,
165,sparse_edit_or_object_completion,neighbor_fill_cross_6_1,67524,,13.87976163077872,,,not_run,skipped,rule does not fit,
165,sparse_edit_or_object_completion,neighbor_fill_cross_6_2,67524,,13.87976163077872,,,not_run,skipped,rule does not fit,
165,sparse_edit_or_object_completion,neighbor_fill_cross_6_3,67524,,13.87976163077872,,,not_run,skipped,rule does not fit,
165,sparse_edit_or_object_completion,neighbor_fill_cross_6_4,67524,,13.87976163077872,,,not_run,skipped,rule does not fit,
165,sparse_edit_or_object_completion,neighbor_fill_square_6_1,67524,,13.87976163077872,,,not_run,skipped,rule does not fit,
165,sparse_edit_or_object_completion,neighbor_fill_square_6_2,67524,,13.87976163077872,,,not_run,skipped,rule does not fit,
165,sparse_edit_or_object_completion,neighbor_fill_square_6_3,67524,,13.87976163077872,,,not_run,skipped,rule does not fit,
165,sparse_edit_or_object_completion,neighbor_fill_square_6_4,67524,,13.87976163077872,,,not_run,skipped,rule does not fit,
165,sparse_edit_or_object_completion,neighbor_fill_square_6_5,67524,,13.87976163077872,,,not_run,skipped,rule does not fit,
165,sparse_edit_or_object_completion,neighbor_fill_square_6_6,67524,,13.87976163077872,,,not_run,skipped,rule does not fit,
165,sparse_edit_or_object_completion,neighbor_fill_square_6_7,67524,,13.87976163077872,,,not_run,skipped,rule does not fit,
165,sparse_edit_or_object_completion,neighbor_fill_square_6_8,67524,,13.87976163077872,,,not_run,skipped,rule does not fit,
165,sparse_edit_or_object_completion,neighbor_fill_hline_7_1,67524,,13.87976163077872,,,not_run,skipped,rule does not fit,
165,sparse_edit_or_object_completion,neighbor_fill_hline_7_2,67524,,13.87976163077872,,,not_run,skipped,rule does not fit,
165,sparse_edit_or_object_completion,neighbor_fill_vline_7_1,67524,,13.87976163077872,,,not_run,skipped,rule does not fit,
165,sparse_edit_or_object_completion,neighbor_fill_vline_7_2,67524,,13.87976163077872,,,not_run,skipped,rule does not fit,
165,sparse_edit_or_object_completion,neighbor_fill_cross_7_1,67524,,13.87976163077872,,,not_run,skipped,rule does not fit,
165,sparse_edit_or_object_completion,neighbor_fill_cross_7_2,67524,,13.87976163077872,,,not_run,skipped,rule does not fit,
165,sparse_edit_or_object_completion,neighbor_fill_cross_7_3,67524,,13.87976163077872,,,not_run,skipped,rule does not fit,
165,sparse_edit_or_object_completion,neighbor_fill_cross_7_4,67524,,13.87976163077872,,,not_run,skipped,rule does not fit,
165,sparse_edit_or_object_completion,neighbor_fill_square_7_1,67524,,13.87976163077872,,,not_run,skipped,rule does not fit,
165,sparse_edit_or_object_completion,neighbor_fill_square_7_2,67524,,13.87976163077872,,,not_run,skipped,rule does not fit,
165,sparse_edit_or_object_completion,neighbor_fill_square_7_3,67524,,13.87976163077872,,,not_run,skipped,rule does not fit,
165,sparse_edit_or_object_completion,neighbor_fill_square_7_4,67524,,13.87976163077872,,,not_run,skipped,rule does not fit,
165,sparse_edit_or_object_completion,neighbor_fill_square_7_5,67524,,13.87976163077872,,,not_run,skipped,rule does not fit,
165,sparse_edit_or_object_completion,neighbor_fill_square_7_6,67524,,13.87976163077872,,,not_run,skipped,rule does not fit,
165,sparse_edit_or_object_completion,neighbor_fill_square_7_7,67524,,13.87976163077872,,,not_run,skipped,rule does not fit,
165,sparse_edit_or_object_completion,neighbor_fill_square_7_8,67524,,13.87976163077872,,,not_run,skipped,rule does not fit,
165,sparse_edit_or_object_completion,neighbor_fill_hline_8_1,67524,,13.87976163077872,,,not_run,skipped,rule does not fit,
165,sparse_edit_or_object_completion,neighbor_fill_hline_8_2,67524,,13.87976163077872,,,not_run,skipped,rule does not fit,
165,sparse_edit_or_object_completion,neighbor_fill_vline_8_1,67524,,13.87976163077872,,,not_run,skipped,rule does not fit,
165,sparse_edit_or_object_completion,neighbor_fill_vline_8_2,67524,,13.87976163077872,,,not_run,skipped,rule does not fit,
165,sparse_edit_or_object_completion,neighbor_fill_cross_8_1,67524,,13.87976163077872,,,not_run,skipped,rule does not fit,
165,sparse_edit_or_object_completion,neighbor_fill_cross_8_2,67524,,13.87976163077872,,,not_run,skipped,rule does not fit,
165,sparse_edit_or_object_completion,neighbor_fill_cross_8_3,67524,,13.87976163077872,,,not_run,skipped,rule does not fit,
165,sparse_edit_or_object_completion,neighbor_fill_cross_8_4,67524,,13.87976163077872,,,not_run,skipped,rule does not fit,
165,sparse_edit_or_object_completion,neighbor_fill_square_8_1,67524,,13.87976163077872,,,not_run,skipped,rule does not fit,
165,sparse_edit_or_object_completion,neighbor_fill_square_8_2,67524,,13.87976163077872,,,not_run,skipped,rule does not fit,
165,sparse_edit_or_object_completion,neighbor_fill_square_8_3,67524,,13.87976163077872,,,not_run,skipped,rule does not fit,
165,sparse_edit_or_object_completion,neighbor_fill_square_8_4,67524,,13.87976163077872,,,not_run,skipped,rule does not fit,
165,sparse_edit_or_object_completion,neighbor_fill_square_8_5,67524,,13.87976163077872,,,not_run,skipped,rule does not fit,
165,sparse_edit_or_object_completion,neighbor_fill_square_8_6,67524,,13.87976163077872,,,not_run,skipped,rule does not fit,
165,sparse_edit_or_object_completion,neighbor_fill_square_8_7,67524,,13.87976163077872,,,not_run,skipped,rule does not fit,
165,sparse_edit_or_object_completion,neighbor_fill_square_8_8,67524,,13.87976163077872,,,not_run,skipped,rule does not fit,
165,sparse_edit_or_object_completion,neighbor_fill_hline_9_1,67524,,13.87976163077872,,,not_run,skipped,rule does not fit,
165,sparse_edit_or_object_completion,neighbor_fill_hline_9_2,67524,,13.87976163077872,,,not_run,skipped,rule does not fit,
165,sparse_edit_or_object_completion,neighbor_fill_vline_9_1,67524,,13.87976163077872,,,not_run,skipped,rule does not fit,
165,sparse_edit_or_object_completion,neighbor_fill_vline_9_2,67524,,13.87976163077872,,,not_run,skipped,rule does not fit,
165,sparse_edit_or_object_completion,neighbor_fill_cross_9_1,67524,,13.87976163077872,,,not_run,skipped,rule does not fit,
165,sparse_edit_or_object_completion,neighbor_fill_cross_9_2,67524,,13.87976163077872,,,not_run,skipped,rule does not fit,
165,sparse_edit_or_object_completion,neighbor_fill_cross_9_3,67524,,13.87976163077872,,,not_run,skipped,rule does not fit,
165,sparse_edit_or_object_completion,neighbor_fill_cross_9_4,67524,,13.87976163077872,,,not_run,skipped,rule does not fit,
165,sparse_edit_or_object_completion,neighbor_fill_square_9_1,67524,,13.87976163077872,,,not_run,skipped,rule does not fit,
165,sparse_edit_or_object_completion,neighbor_fill_square_9_2,67524,,13.87976163077872,,,not_run,skipped,rule does not fit,
165,sparse_edit_or_object_completion,neighbor_fill_square_9_3,67524,,13.87976163077872,,,not_run,skipped,rule does not fit,
165,sparse_edit_or_object_completion,neighbor_fill_square_9_4,67524,,13.87976163077872,,,not_run,skipped,rule does not fit,
165,sparse_edit_or_object_completion,neighbor_fill_square_9_5,67524,,13.87976163077872,,,not_run,skipped,rule does not fit,
165,sparse_edit_or_object_completion,neighbor_fill_square_9_6,67524,,13.87976163077872,,,not_run,skipped,rule does not fit,
165,sparse_edit_or_object_completion,neighbor_fill_square_9_7,67524,,13.87976163077872,,,not_run,skipped,rule does not fit,
165,sparse_edit_or_object_completion,neighbor_fill_square_9_8,67524,,13.87976163077872,,,not_run,skipped,rule does not fit,
11,sparse_edit_or_object_completion,signature_scatternd_lookup,66247,24185,13.898854540195707,14.906512114742917,58980,25_pass_0_fail,improved,ok,00a804f56f30cf62be8c6105dcd2050a46a8f00c5200e022ddc0cee4a3be3855
11,sparse_edit_or_object_completion,direct_identity,66247,,13.898854540195707,,,not_run,skipped,not identity,
11,sparse_edit_or_object_completion,conv_color_map,66247,,13.898854540195707,,,not_run,skipped,conflicting color map,
11,sparse_edit_or_object_completion,fixed_mask_where,66247,,13.898854540195707,,,not_run,skipped,fixed edit conflict,
11,sparse_edit_or_object_completion,neighbor_fill_hline_0_1,66247,,13.898854540195707,,,not_run,skipped,rule does not fit,
11,sparse_edit_or_object_completion,neighbor_fill_hline_0_2,66247,,13.898854540195707,,,not_run,skipped,rule does not fit,
11,sparse_edit_or_object_completion,neighbor_fill_vline_0_1,66247,,13.898854540195707,,,not_run,skipped,rule does not fit,
11,sparse_edit_or_object_completion,neighbor_fill_vline_0_2,66247,,13.898854540195707,,,not_run,skipped,rule does not fit,
11,sparse_edit_or_object_completion,neighbor_fill_cross_0_1,66247,,13.898854540195707,,,not_run,skipped,rule does not fit,
11,sparse_edit_or_object_completion,neighbor_fill_cross_0_2,66247,,13.898854540195707,,,not_run,skipped,rule does not fit,
11,sparse_edit_or_object_completion,neighbor_fill_cross_0_3,66247,,13.898854540195707,,,not_run,skipped,rule does not fit,
11,sparse_edit_or_object_completion,neighbor_fill_cross_0_4,66247,,13.898854540195707,,,not_run,skipped,rule does not fit,
11,sparse_edit_or_object_completion,neighbor_fill_square_0_1,66247,,13.898854540195707,,,not_run,skipped,rule does not fit,
11,sparse_edit_or_object_completion,neighbor_fill_square_0_2,66247,,13.898854540195707,,,not_run,skipped,rule does not fit,
11,sparse_edit_or_object_completion,neighbor_fill_square_0_3,66247,,13.898854540195707,,,not_run,skipped,rule does not fit,
11,sparse_edit_or_object_completion,neighbor_fill_square_0_4,66247,,13.898854540195707,,,not_run,skipped,rule does not fit,
11,sparse_edit_or_object_completion,neighbor_fill_square_0_5,66247,,13.898854540195707,,,not_run,skipped,rule does not fit,
11,sparse_edit_or_object_completion,neighbor_fill_square_0_6,66247,,13.898854540195707,,,not_run,skipped,rule does not fit,
11,sparse_edit_or_object_completion,neighbor_fill_square_0_7,66247,,13.898854540195707,,,not_run,skipped,rule does not fit,
11,sparse_edit_or_object_completion,neighbor_fill_square_0_8,66247,,13.898854540195707,,,not_run,skipped,rule does not fit,
11,sparse_edit_or_object_completion,neighbor_fill_hline_2_1,66247,,13.898854540195707,,,not_run,skipped,rule does not fit,
11,sparse_edit_or_object_completion,neighbor_fill_hline_2_2,66247,,13.898854540195707,,,not_run,skipped,rule does not fit,
11,sparse_edit_or_object_completion,neighbor_fill_vline_2_1,66247,,13.898854540195707,,,not_run,skipped,rule does not fit,
11,sparse_edit_or_object_completion,neighbor_fill_vline_2_2,66247,,13.898854540195707,,,not_run,skipped,rule does not fit,
11,sparse_edit_or_object_completion,neighbor_fill_cross_2_1,66247,,13.898854540195707,,,not_run,skipped,rule does not fit,
11,sparse_edit_or_object_completion,neighbor_fill_cross_2_2,66247,,13.898854540195707,,,not_run,skipped,rule does not fit,
11,sparse_edit_or_object_completion,neighbor_fill_cross_2_3,66247,,13.898854540195707,,,not_run,skipped,rule does not fit,
11,sparse_edit_or_object_completion,neighbor_fill_cross_2_4,66247,,13.898854540195707,,,not_run,skipped,rule does not fit,
11,sparse_edit_or_object_completion,neighbor_fill_square_2_1,66247,,13.898854540195707,,,not_run,skipped,rule does not fit,
11,sparse_edit_or_object_completion,neighbor_fill_square_2_2,66247,,13.898854540195707,,,not_run,skipped,rule does not fit,
11,sparse_edit_or_object_completion,neighbor_fill_square_2_3,66247,,13.898854540195707,,,not_run,skipped,rule does not fit,
11,sparse_edit_or_object_completion,neighbor_fill_square_2_4,66247,,13.898854540195707,,,not_run,skipped,rule does not fit,
11,sparse_edit_or_object_completion,neighbor_fill_square_2_5,66247,,13.898854540195707,,,not_run,skipped,rule does not fit,
11,sparse_edit_or_object_completion,neighbor_fill_square_2_6,66247,,13.898854540195707,,,not_run,skipped,rule does not fit,
11,sparse_edit_or_object_completion,neighbor_fill_square_2_7,66247,,13.898854540195707,,,not_run,skipped,rule does not fit,
11,sparse_edit_or_object_completion,neighbor_fill_square_2_8,66247,,13.898854540195707,,,not_run,skipped,rule does not fit,
11,sparse_edit_or_object_completion,neighbor_fill_hline_3_1,66247,,13.898854540195707,,,not_run,skipped,rule does not fit,
11,sparse_edit_or_object_completion,neighbor_fill_hline_3_2,66247,,13.898854540195707,,,not_run,skipped,rule does not fit,
11,sparse_edit_or_object_completion,neighbor_fill_vline_3_1,66247,,13.898854540195707,,,not_run,skipped,rule does not fit,
11,sparse_edit_or_object_completion,neighbor_fill_vline_3_2,66247,,13.898854540195707,,,not_run,skipped,rule does not fit,
11,sparse_edit_or_object_completion,neighbor_fill_cross_3_1,66247,,13.898854540195707,,,not_run,skipped,rule does not fit,
11,sparse_edit_or_object_completion,neighbor_fill_cross_3_2,66247,,13.898854540195707,,,not_run,skipped,rule does not fit,
11,sparse_edit_or_object_completion,neighbor_fill_cross_3_3,66247,,13.898854540195707,,,not_run,skipped,rule does not fit,
11,sparse_edit_or_object_completion,neighbor_fill_cross_3_4,66247,,13.898854540195707,,,not_run,skipped,rule does not fit,
11,sparse_edit_or_object_completion,neighbor_fill_square_3_1,66247,,13.898854540195707,,,not_run,skipped,rule does not fit,
11,sparse_edit_or_object_completion,neighbor_fill_square_3_2,66247,,13.898854540195707,,,not_run,skipped,rule does not fit,
11,sparse_edit_or_object_completion,neighbor_fill_square_3_3,66247,,13.898854540195707,,,not_run,skipped,rule does not fit,
11,sparse_edit_or_object_completion,neighbor_fill_square_3_4,66247,,13.898854540195707,,,not_run,skipped,rule does not fit,
11,sparse_edit_or_object_completion,neighbor_fill_square_3_5,66247,,13.898854540195707,,,not_run,skipped,rule does not fit,
11,sparse_edit_or_object_completion,neighbor_fill_square_3_6,66247,,13.898854540195707,,,not_run,skipped,rule does not fit,
11,sparse_edit_or_object_completion,neighbor_fill_square_3_7,66247,,13.898854540195707,,,not_run,skipped,rule does not fit,
11,sparse_edit_or_object_completion,neighbor_fill_square_3_8,66247,,13.898854540195707,,,not_run,skipped,rule does not fit,
11,sparse_edit_or_object_completion,neighbor_fill_hline_4_1,66247,,13.898854540195707,,,not_run,skipped,rule does not fit,
11,sparse_edit_or_object_completion,neighbor_fill_hline_4_2,66247,,13.898854540195707,,,not_run,skipped,rule does not fit,
11,sparse_edit_or_object_completion,neighbor_fill_vline_4_1,66247,,13.898854540195707,,,not_run,skipped,rule does not fit,
11,sparse_edit_or_object_completion,neighbor_fill_vline_4_2,66247,,13.898854540195707,,,not_run,skipped,rule does not fit,
11,sparse_edit_or_object_completion,neighbor_fill_cross_4_1,66247,,13.898854540195707,,,not_run,skipped,rule does not fit,
11,sparse_edit_or_object_completion,neighbor_fill_cross_4_2,66247,,13.898854540195707,,,not_run,skipped,rule does not fit,
11,sparse_edit_or_object_completion,neighbor_fill_cross_4_3,66247,,13.898854540195707,,,not_run,skipped,rule does not fit,
11,sparse_edit_or_object_completion,neighbor_fill_cross_4_4,66247,,13.898854540195707,,,not_run,skipped,rule does not fit,
11,sparse_edit_or_object_completion,neighbor_fill_square_4_1,66247,,13.898854540195707,,,not_run,skipped,rule does not fit,
11,sparse_edit_or_object_completion,neighbor_fill_square_4_2,66247,,13.898854540195707,,,not_run,skipped,rule does not fit,
11,sparse_edit_or_object_completion,neighbor_fill_square_4_3,66247,,13.898854540195707,,,not_run,skipped,rule does not fit,
11,sparse_edit_or_object_completion,neighbor_fill_square_4_4,66247,,13.898854540195707,,,not_run,skipped,rule does not fit,
11,sparse_edit_or_object_completion,neighbor_fill_square_4_5,66247,,13.898854540195707,,,not_run,skipped,rule does not fit,
11,sparse_edit_or_object_completion,neighbor_fill_square_4_6,66247,,13.898854540195707,,,not_run,skipped,rule does not fit,
11,sparse_edit_or_object_completion,neighbor_fill_square_4_7,66247,,13.898854540195707,,,not_run,skipped,rule does not fit,
11,sparse_edit_or_object_completion,neighbor_fill_square_4_8,66247,,13.898854540195707,,,not_run,skipped,rule does not fit,
11,sparse_edit_or_object_completion,neighbor_fill_hline_6_1,66247,,13.898854540195707,,,not_run,skipped,rule does not fit,
11,sparse_edit_or_object_completion,neighbor_fill_hline_6_2,66247,,13.898854540195707,,,not_run,skipped,rule does not fit,
11,sparse_edit_or_object_completion,neighbor_fill_vline_6_1,66247,,13.898854540195707,,,not_run,skipped,rule does not fit,
11,sparse_edit_or_object_completion,neighbor_fill_vline_6_2,66247,,13.898854540195707,,,not_run,skipped,rule does not fit,
11,sparse_edit_or_object_completion,neighbor_fill_cross_6_1,66247,,13.898854540195707,,,not_run,skipped,rule does not fit,
11,sparse_edit_or_object_completion,neighbor_fill_cross_6_2,66247,,13.898854540195707,,,not_run,skipped,rule does not fit,
11,sparse_edit_or_object_completion,neighbor_fill_cross_6_3,66247,,13.898854540195707,,,not_run,skipped,rule does not fit,
11,sparse_edit_or_object_completion,neighbor_fill_cross_6_4,66247,,13.898854540195707,,,not_run,skipped,rule does not fit,
11,sparse_edit_or_object_completion,neighbor_fill_square_6_1,66247,,13.898854540195707,,,not_run,skipped,rule does not fit,
11,sparse_edit_or_object_completion,neighbor_fill_square_6_2,66247,,13.898854540195707,,,not_run,skipped,rule does not fit,
11,sparse_edit_or_object_completion,neighbor_fill_square_6_3,66247,,13.898854540195707,,,not_run,skipped,rule does not fit,
11,sparse_edit_or_object_completion,neighbor_fill_square_6_4,66247,,13.898854540195707,,,not_run,skipped,rule does not fit,
11,sparse_edit_or_object_completion,neighbor_fill_square_6_5,66247,,13.898854540195707,,,not_run,skipped,rule does not fit,
11,sparse_edit_or_object_completion,neighbor_fill_square_6_6,66247,,13.898854540195707,,,not_run,skipped,rule does not fit,
11,sparse_edit_or_object_completion,neighbor_fill_square_6_7,66247,,13.898854540195707,,,not_run,skipped,rule does not fit,
11,sparse_edit_or_object_completion,neighbor_fill_square_6_8,66247,,13.898854540195707,,,not_run,skipped,rule does not fit,
70,sparse_edit_or_object_completion,signature_scatternd_lookup,66138,18940,13.90050125280863,15.15096863325993,45156,24_pass_0_fail,improved,ok,9f036eff9d6e8160278b71428812686af7b3f6d5dbe46a516d844f9f030f0fdb
70,sparse_edit_or_object_completion,direct_identity,66138,,13.90050125280863,,,not_run,skipped,not identity,
70,sparse_edit_or_object_completion,conv_color_map,66138,,13.90050125280863,,,not_run,skipped,conflicting color map,
70,sparse_edit_or_object_completion,fixed_mask_where,66138,,13.90050125280863,,,not_run,skipped,edit target mismatch,
70,sparse_edit_or_object_completion,neighbor_fill_hline_3_1,66138,,13.90050125280863,,,not_run,skipped,rule does not fit,
70,sparse_edit_or_object_completion,neighbor_fill_hline_3_2,66138,,13.90050125280863,,,not_run,skipped,rule does not fit,
70,sparse_edit_or_object_completion,neighbor_fill_vline_3_1,66138,,13.90050125280863,,,not_run,skipped,rule does not fit,
70,sparse_edit_or_object_completion,neighbor_fill_vline_3_2,66138,,13.90050125280863,,,not_run,skipped,rule does not fit,
70,sparse_edit_or_object_completion,neighbor_fill_cross_3_1,66138,,13.90050125280863,,,not_run,skipped,rule does not fit,
70,sparse_edit_or_object_completion,neighbor_fill_cross_3_2,66138,,13.90050125280863,,,not_run,skipped,rule does not fit,
70,sparse_edit_or_object_completion,neighbor_fill_cross_3_3,66138,,13.90050125280863,,,not_run,skipped,rule does not fit,
70,sparse_edit_or_object_completion,neighbor_fill_cross_3_4,66138,,13.90050125280863,,,not_run,skipped,rule does not fit,
70,sparse_edit_or_object_completion,neighbor_fill_square_3_1,66138,,13.90050125280863,,,not_run,skipped,rule does not fit,
70,sparse_edit_or_object_completion,neighbor_fill_square_3_2,66138,,13.90050125280863,,,not_run,skipped,rule does not fit,
70,sparse_edit_or_object_completion,neighbor_fill_square_3_3,66138,,13.90050125280863,,,not_run,skipped,rule does not fit,
70,sparse_edit_or_object_completion,neighbor_fill_square_3_4,66138,,13.90050125280863,,,not_run,skipped,rule does not fit,
70,sparse_edit_or_object_completion,neighbor_fill_square_3_5,66138,,13.90050125280863,,,not_run,skipped,rule does not fit,
70,sparse_edit_or_object_completion,neighbor_fill_square_3_6,66138,,13.90050125280863,,,not_run,skipped,rule does not fit,
70,sparse_edit_or_object_completion,neighbor_fill_square_3_7,66138,,13.90050125280863,,,not_run,skipped,rule does not fit,
70,sparse_edit_or_object_completion,neighbor_fill_square_3_8,66138,,13.90050125280863,,,not_run,skipped,rule does not fit,
101,sparse_edit_or_object_completion,signature_scatternd_lookup,65875,29436,13.904485714156337,14.71002630595351,69669,24_pass_0_fail,improved,ok,9d9f3b14a9fca907fc2e498fe4a9994dd3b57d5da7b77b6b0a56c7dfff2f11d7
101,sparse_edit_or_object_completion,direct_identity,65875,,13.904485714156337,,,not_run,skipped,not identity,
101,sparse_edit_or_object_completion,conv_color_map,65875,,13.904485714156337,,,not_run,skipped,conflicting color map,
101,sparse_edit_or_object_completion,fixed_mask_where,65875,,13.904485714156337,,,not_run,skipped,edit target mismatch,
101,sparse_edit_or_object_completion,neighbor_fill_hline_1_1,65875,,13.904485714156337,,,not_run,skipped,rule does not fit,
101,sparse_edit_or_object_completion,neighbor_fill_hline_1_2,65875,,13.904485714156337,,,not_run,skipped,rule does not fit,
101,sparse_edit_or_object_completion,neighbor_fill_vline_1_1,65875,,13.904485714156337,,,not_run,skipped,rule does not fit,
101,sparse_edit_or_object_completion,neighbor_fill_vline_1_2,65875,,13.904485714156337,,,not_run,skipped,rule does not fit,
101,sparse_edit_or_object_completion,neighbor_fill_cross_1_1,65875,,13.904485714156337,,,not_run,skipped,rule does not fit,
101,sparse_edit_or_object_completion,neighbor_fill_cross_1_2,65875,,13.904485714156337,,,not_run,skipped,rule does not fit,
101,sparse_edit_or_object_completion,neighbor_fill_cross_1_3,65875,,13.904485714156337,,,not_run,skipped,rule does not fit,
101,sparse_edit_or_object_completion,neighbor_fill_cross_1_4,65875,,13.904485714156337,,,not_run,skipped,rule does not fit,
101,sparse_edit_or_object_completion,neighbor_fill_square_1_1,65875,,13.904485714156337,,,not_run,skipped,rule does not fit,
101,sparse_edit_or_object_completion,neighbor_fill_square_1_2,65875,,13.904485714156337,,,not_run,skipped,rule does not fit,
101,sparse_edit_or_object_completion,neighbor_fill_square_1_3,65875,,13.904485714156337,,,not_run,skipped,rule does not fit,
101,sparse_edit_or_object_completion,neighbor_fill_square_1_4,65875,,13.904485714156337,,,not_run,skipped,rule does not fit,
101,sparse_edit_or_object_completion,neighbor_fill_square_1_5,65875,,13.904485714156337,,,not_run,skipped,rule does not fit,
101,sparse_edit_or_object_completion,neighbor_fill_square_1_6,65875,,13.904485714156337,,,not_run,skipped,rule does not fit,
101,sparse_edit_or_object_completion,neighbor_fill_square_1_7,65875,,13.904485714156337,,,not_run,skipped,rule does not fit,
101,sparse_edit_or_object_completion,neighbor_fill_square_1_8,65875,,13.904485714156337,,,not_run,skipped,rule does not fit,
301,sparse_edit_or_object_completion,signature_scatternd_lookup,64988,24156,13.91804208355036,14.907711924572208,57764,24_pass_0_fail,improved,ok,2e509f313b48db130b680169510163d4ba21b772258334e955b9bdc4ff4d0537
301,sparse_edit_or_object_completion,direct_identity,64988,,13.91804208355036,,,not_run,skipped,not identity,
301,sparse_edit_or_object_completion,conv_color_map,64988,,13.91804208355036,,,not_run,skipped,conflicting color map,
301,sparse_edit_or_object_completion,fixed_mask_where,64988,,13.91804208355036,,,not_run,skipped,fixed edit conflict,
301,sparse_edit_or_object_completion,neighbor_fill_hline_0_1,64988,,13.91804208355036,,,not_run,skipped,rule does not fit,
301,sparse_edit_or_object_completion,neighbor_fill_hline_0_2,64988,,13.91804208355036,,,not_run,skipped,rule does not fit,
301,sparse_edit_or_object_completion,neighbor_fill_vline_0_1,64988,,13.91804208355036,,,not_run,skipped,rule does not fit,
301,sparse_edit_or_object_completion,neighbor_fill_vline_0_2,64988,,13.91804208355036,,,not_run,skipped,rule does not fit,
301,sparse_edit_or_object_completion,neighbor_fill_cross_0_1,64988,,13.91804208355036,,,not_run,skipped,rule does not fit,
301,sparse_edit_or_object_completion,neighbor_fill_cross_0_2,64988,,13.91804208355036,,,not_run,skipped,rule does not fit,
301,sparse_edit_or_object_completion,neighbor_fill_cross_0_3,64988,,13.91804208355036,,,not_run,skipped,rule does not fit,
301,sparse_edit_or_object_completion,neighbor_fill_cross_0_4,64988,,13.91804208355036,,,not_run,skipped,rule does not fit,
301,sparse_edit_or_object_completion,neighbor_fill_square_0_1,64988,,13.91804208355036,,,not_run,skipped,rule does not fit,
301,sparse_edit_or_object_completion,neighbor_fill_square_0_2,64988,,13.91804208355036,,,not_run,skipped,rule does not fit,
301,sparse_edit_or_object_completion,neighbor_fill_square_0_3,64988,,13.91804208355036,,,not_run,skipped,rule does not fit,
301,sparse_edit_or_object_completion,neighbor_fill_square_0_4,64988,,13.91804208355036,,,not_run,skipped,rule does not fit,
301,sparse_edit_or_object_completion,neighbor_fill_square_0_5,64988,,13.91804208355036,,,not_run,skipped,rule does not fit,
301,sparse_edit_or_object_completion,neighbor_fill_square_0_6,64988,,13.91804208355036,,,not_run,skipped,rule does not fit,
301,sparse_edit_or_object_completion,neighbor_fill_square_0_7,64988,,13.91804208355036,,,not_run,skipped,rule does not fit,
301,sparse_edit_or_object_completion,neighbor_fill_square_0_8,64988,,13.91804208355036,,,not_run,skipped,rule does not fit,
301,sparse_edit_or_object_completion,neighbor_fill_hline_1_1,64988,,13.91804208355036,,,not_run,skipped,rule does not fit,
301,sparse_edit_or_object_completion,neighbor_fill_hline_1_2,64988,,13.91804208355036,,,not_run,skipped,rule does not fit,
301,sparse_edit_or_object_completion,neighbor_fill_vline_1_1,64988,,13.91804208355036,,,not_run,skipped,rule does not fit,
301,sparse_edit_or_object_completion,neighbor_fill_vline_1_2,64988,,13.91804208355036,,,not_run,skipped,rule does not fit,
301,sparse_edit_or_object_completion,neighbor_fill_cross_1_1,64988,,13.91804208355036,,,not_run,skipped,rule does not fit,
301,sparse_edit_or_object_completion,neighbor_fill_cross_1_2,64988,,13.91804208355036,,,not_run,skipped,rule does not fit,
301,sparse_edit_or_object_completion,neighbor_fill_cross_1_3,64988,,13.91804208355036,,,not_run,skipped,rule does not fit,
301,sparse_edit_or_object_completion,neighbor_fill_cross_1_4,64988,,13.91804208355036,,,not_run,skipped,rule does not fit,
301,sparse_edit_or_object_completion,neighbor_fill_square_1_1,64988,,13.91804208355036,,,not_run,skipped,rule does not fit,
301,sparse_edit_or_object_completion,neighbor_fill_square_1_2,64988,,13.91804208355036,,,not_run,skipped,rule does not fit,
301,sparse_edit_or_object_completion,neighbor_fill_square_1_3,64988,,13.91804208355036,,,not_run,skipped,rule does not fit,
301,sparse_edit_or_object_completion,neighbor_fill_square_1_4,64988,,13.91804208355036,,,not_run,skipped,rule does not fit,
301,sparse_edit_or_object_completion,neighbor_fill_square_1_5,64988,,13.91804208355036,,,not_run,skipped,rule does not fit,
301,sparse_edit_or_object_completion,neighbor_fill_square_1_6,64988,,13.91804208355036,,,not_run,skipped,rule does not fit,
301,sparse_edit_or_object_completion,neighbor_fill_square_1_7,64988,,13.91804208355036,,,not_run,skipped,rule does not fit,
301,sparse_edit_or_object_completion,neighbor_fill_square_1_8,64988,,13.91804208355036,,,not_run,skipped,rule does not fit,
301,sparse_edit_or_object_completion,neighbor_fill_hline_2_1,64988,,13.91804208355036,,,not_run,skipped,rule does not fit,
301,sparse_edit_or_object_completion,neighbor_fill_hline_2_2,64988,,13.91804208355036,,,not_run,skipped,rule does not fit,
301,sparse_edit_or_object_completion,neighbor_fill_vline_2_1,64988,,13.91804208355036,,,not_run,skipped,rule does not fit,
301,sparse_edit_or_object_completion,neighbor_fill_vline_2_2,64988,,13.91804208355036,,,not_run,skipped,rule does not fit,
301,sparse_edit_or_object_completion,neighbor_fill_cross_2_1,64988,,13.91804208355036,,,not_run,skipped,rule does not fit,
301,sparse_edit_or_object_completion,neighbor_fill_cross_2_2,64988,,13.91804208355036,,,not_run,skipped,rule does not fit,
301,sparse_edit_or_object_completion,neighbor_fill_cross_2_3,64988,,13.91804208355036,,,not_run,skipped,rule does not fit,
301,sparse_edit_or_object_completion,neighbor_fill_cross_2_4,64988,,13.91804208355036,,,not_run,skipped,rule does not fit,
301,sparse_edit_or_object_completion,neighbor_fill_square_2_1,64988,,13.91804208355036,,,not_run,skipped,rule does not fit,
301,sparse_edit_or_object_completion,neighbor_fill_square_2_2,64988,,13.91804208355036,,,not_run,skipped,rule does not fit,
301,sparse_edit_or_object_completion,neighbor_fill_square_2_3,64988,,13.91804208355036,,,not_run,skipped,rule does not fit,
301,sparse_edit_or_object_completion,neighbor_fill_square_2_4,64988,,13.91804208355036,,,not_run,skipped,rule does not fit,
301,sparse_edit_or_object_completion,neighbor_fill_square_2_5,64988,,13.91804208355036,,,not_run,skipped,rule does not fit,
301,sparse_edit_or_object_completion,neighbor_fill_square_2_6,64988,,13.91804208355036,,,not_run,skipped,rule does not fit,
301,sparse_edit_or_object_completion,neighbor_fill_square_2_7,64988,,13.91804208355036,,,not_run,skipped,rule does not fit,
301,sparse_edit_or_object_completion,neighbor_fill_square_2_8,64988,,13.91804208355036,,,not_run,skipped,rule does not fit,
301,sparse_edit_or_object_completion,neighbor_fill_hline_3_1,64988,,13.91804208355036,,,not_run,skipped,rule does not fit,
301,sparse_edit_or_object_completion,neighbor_fill_hline_3_2,64988,,13.91804208355036,,,not_run,skipped,rule does not fit,
301,sparse_edit_or_object_completion,neighbor_fill_vline_3_1,64988,,13.91804208355036,,,not_run,skipped,rule does not fit,
301,sparse_edit_or_object_completion,neighbor_fill_vline_3_2,64988,,13.91804208355036,,,not_run,skipped,rule does not fit,
301,sparse_edit_or_object_completion,neighbor_fill_cross_3_1,64988,,13.91804208355036,,,not_run,skipped,rule does not fit,
301,sparse_edit_or_object_completion,neighbor_fill_cross_3_2,64988,,13.91804208355036,,,not_run,skipped,rule does not fit,
301,sparse_edit_or_object_completion,neighbor_fill_cross_3_3,64988,,13.91804208355036,,,not_run,skipped,rule does not fit,
301,sparse_edit_or_object_completion,neighbor_fill_cross_3_4,64988,,13.91804208355036,,,not_run,skipped,rule does not fit,
301,sparse_edit_or_object_completion,neighbor_fill_square_3_1,64988,,13.91804208355036,,,not_run,skipped,rule does not fit,
301,sparse_edit_or_object_completion,neighbor_fill_square_3_2,64988,,13.91804208355036,,,not_run,skipped,rule does not fit,
301,sparse_edit_or_object_completion,neighbor_fill_square_3_3,64988,,13.91804208355036,,,not_run,skipped,rule does not fit,
301,sparse_edit_or_object_completion,neighbor_fill_square_3_4,64988,,13.91804208355036,,,not_run,skipped,rule does not fit,
301,sparse_edit_or_object_completion,neighbor_fill_square_3_5,64988,,13.91804208355036,,,not_run,skipped,rule does not fit,
301,sparse_edit_or_object_completion,neighbor_fill_square_3_6,64988,,13.91804208355036,,,not_run,skipped,rule does not fit,
301,sparse_edit_or_object_completion,neighbor_fill_square_3_7,64988,,13.91804208355036,,,not_run,skipped,rule does not fit,
301,sparse_edit_or_object_completion,neighbor_fill_square_3_8,64988,,13.91804208355036,,,not_run,skipped,rule does not fit,
301,sparse_edit_or_object_completion,neighbor_fill_hline_4_1,64988,,13.91804208355036,,,not_run,skipped,rule does not fit,
301,sparse_edit_or_object_completion,neighbor_fill_hline_4_2,64988,,13.91804208355036,,,not_run,skipped,rule does not fit,
301,sparse_edit_or_object_completion,neighbor_fill_vline_4_1,64988,,13.91804208355036,,,not_run,skipped,rule does not fit,
301,sparse_edit_or_object_completion,neighbor_fill_vline_4_2,64988,,13.91804208355036,,,not_run,skipped,rule does not fit,
301,sparse_edit_or_object_completion,neighbor_fill_cross_4_1,64988,,13.91804208355036,,,not_run,skipped,rule does not fit,
301,sparse_edit_or_object_completion,neighbor_fill_cross_4_2,64988,,13.91804208355036,,,not_run,skipped,rule does not fit,
301,sparse_edit_or_object_completion,neighbor_fill_cross_4_3,64988,,13.91804208355036,,,not_run,skipped,rule does not fit,
301,sparse_edit_or_object_completion,neighbor_fill_cross_4_4,64988,,13.91804208355036,,,not_run,skipped,rule does not fit,
301,sparse_edit_or_object_completion,neighbor_fill_square_4_1,64988,,13.91804208355036,,,not_run,skipped,rule does not fit,
301,sparse_edit_or_object_completion,neighbor_fill_square_4_2,64988,,13.91804208355036,,,not_run,skipped,rule does not fit,
301,sparse_edit_or_object_completion,neighbor_fill_square_4_3,64988,,13.91804208355036,,,not_run,skipped,rule does not fit,
301,sparse_edit_or_object_completion,neighbor_fill_square_4_4,64988,,13.91804208355036,,,not_run,skipped,rule does not fit,
301,sparse_edit_or_object_completion,neighbor_fill_square_4_5,64988,,13.91804208355036,,,not_run,skipped,rule does not fit,
301,sparse_edit_or_object_completion,neighbor_fill_square_4_6,64988,,13.91804208355036,,,not_run,skipped,rule does not fit,
301,sparse_edit_or_object_completion,neighbor_fill_square_4_7,64988,,13.91804208355036,,,not_run,skipped,rule does not fit,
301,sparse_edit_or_object_completion,neighbor_fill_square_4_8,64988,,13.91804208355036,,,not_run,skipped,rule does not fit,
301,sparse_edit_or_object_completion,neighbor_fill_hline_5_1,64988,,13.91804208355036,,,not_run,skipped,rule does not fit,
301,sparse_edit_or_object_completion,neighbor_fill_hline_5_2,64988,,13.91804208355036,,,not_run,skipped,rule does not fit,
301,sparse_edit_or_object_completion,neighbor_fill_vline_5_1,64988,,13.91804208355036,,,not_run,skipped,rule does not fit,
301,sparse_edit_or_object_completion,neighbor_fill_vline_5_2,64988,,13.91804208355036,,,not_run,skipped,rule does not fit,
301,sparse_edit_or_object_completion,neighbor_fill_cross_5_1,64988,,13.91804208355036,,,not_run,skipped,rule does not fit,
301,sparse_edit_or_object_completion,neighbor_fill_cross_5_2,64988,,13.91804208355036,,,not_run,skipped,rule does not fit,
301,sparse_edit_or_object_completion,neighbor_fill_cross_5_3,64988,,13.91804208355036,,,not_run,skipped,rule does not fit,
301,sparse_edit_or_object_completion,neighbor_fill_cross_5_4,64988,,13.91804208355036,,,not_run,skipped,rule does not fit,
301,sparse_edit_or_object_completion,neighbor_fill_square_5_1,64988,,13.91804208355036,,,not_run,skipped,rule does not fit,
301,sparse_edit_or_object_completion,neighbor_fill_square_5_2,64988,,13.91804208355036,,,not_run,skipped,rule does not fit,
301,sparse_edit_or_object_completion,neighbor_fill_square_5_3,64988,,13.91804208355036,,,not_run,skipped,rule does not fit,
301,sparse_edit_or_object_completion,neighbor_fill_square_5_4,64988,,13.91804208355036,,,not_run,skipped,rule does not fit,
301,sparse_edit_or_object_completion,neighbor_fill_square_5_5,64988,,13.91804208355036,,,not_run,skipped,rule does not fit,
301,sparse_edit_or_object_completion,neighbor_fill_square_5_6,64988,,13.91804208355036,,,not_run,skipped,rule does not fit,
301,sparse_edit_or_object_completion,neighbor_fill_square_5_7,64988,,13.91804208355036,,,not_run,skipped,rule does not fit,
301,sparse_edit_or_object_completion,neighbor_fill_square_5_8,64988,,13.91804208355036,,,not_run,skipped,rule does not fit,
301,sparse_edit_or_object_completion,neighbor_fill_hline_6_1,64988,,13.91804208355036,,,not_run,skipped,rule does not fit,
301,sparse_edit_or_object_completion,neighbor_fill_hline_6_2,64988,,13.91804208355036,,,not_run,skipped,rule does not fit,
301,sparse_edit_or_object_completion,neighbor_fill_vline_6_1,64988,,13.91804208355036,,,not_run,skipped,rule does not fit,
301,sparse_edit_or_object_completion,neighbor_fill_vline_6_2,64988,,13.91804208355036,,,not_run,skipped,rule does not fit,
301,sparse_edit_or_object_completion,neighbor_fill_cross_6_1,64988,,13.91804208355036,,,not_run,skipped,rule does not fit,
301,sparse_edit_or_object_completion,neighbor_fill_cross_6_2,64988,,13.91804208355036,,,not_run,skipped,rule does not fit,
301,sparse_edit_or_object_completion,neighbor_fill_cross_6_3,64988,,13.91804208355036,,,not_run,skipped,rule does not fit,
301,sparse_edit_or_object_completion,neighbor_fill_cross_6_4,64988,,13.91804208355036,,,not_run,skipped,rule does not fit,
301,sparse_edit_or_object_completion,neighbor_fill_square_6_1,64988,,13.91804208355036,,,not_run,skipped,rule does not fit,
301,sparse_edit_or_object_completion,neighbor_fill_square_6_2,64988,,13.91804208355036,,,not_run,skipped,rule does not fit,
301,sparse_edit_or_object_completion,neighbor_fill_square_6_3,64988,,13.91804208355036,,,not_run,skipped,rule does not fit,
301,sparse_edit_or_object_completion,neighbor_fill_square_6_4,64988,,13.91804208355036,,,not_run,skipped,rule does not fit,
301,sparse_edit_or_object_completion,neighbor_fill_square_6_5,64988,,13.91804208355036,,,not_run,skipped,rule does not fit,
301,sparse_edit_or_object_completion,neighbor_fill_square_6_6,64988,,13.91804208355036,,,not_run,skipped,rule does not fit,
301,sparse_edit_or_object_completion,neighbor_fill_square_6_7,64988,,13.91804208355036,,,not_run,skipped,rule does not fit,
301,sparse_edit_or_object_completion,neighbor_fill_square_6_8,64988,,13.91804208355036,,,not_run,skipped,rule does not fit,
301,sparse_edit_or_object_completion,neighbor_fill_hline_7_1,64988,,13.91804208355036,,,not_run,skipped,rule does not fit,
301,sparse_edit_or_object_completion,neighbor_fill_hline_7_2,64988,,13.91804208355036,,,not_run,skipped,rule does not fit,
301,sparse_edit_or_object_completion,neighbor_fill_vline_7_1,64988,,13.91804208355036,,,not_run,skipped,rule does not fit,
301,sparse_edit_or_object_completion,neighbor_fill_vline_7_2,64988,,13.91804208355036,,,not_run,skipped,rule does not fit,
301,sparse_edit_or_object_completion,neighbor_fill_cross_7_1,64988,,13.91804208355036,,,not_run,skipped,rule does not fit,
301,sparse_edit_or_object_completion,neighbor_fill_cross_7_2,64988,,13.91804208355036,,,not_run,skipped,rule does not fit,
301,sparse_edit_or_object_completion,neighbor_fill_cross_7_3,64988,,13.91804208355036,,,not_run,skipped,rule does not fit,
301,sparse_edit_or_object_completion,neighbor_fill_cross_7_4,64988,,13.91804208355036,,,not_run,skipped,rule does not fit,
301,sparse_edit_or_object_completion,neighbor_fill_square_7_1,64988,,13.91804208355036,,,not_run,skipped,rule does not fit,
301,sparse_edit_or_object_completion,neighbor_fill_square_7_2,64988,,13.91804208355036,,,not_run,skipped,rule does not fit,
301,sparse_edit_or_object_completion,neighbor_fill_square_7_3,64988,,13.91804208355036,,,not_run,skipped,rule does not fit,
301,sparse_edit_or_object_completion,neighbor_fill_square_7_4,64988,,13.91804208355036,,,not_run,skipped,rule does not fit,
301,sparse_edit_or_object_completion,neighbor_fill_square_7_5,64988,,13.91804208355036,,,not_run,skipped,rule does not fit,
301,sparse_edit_or_object_completion,neighbor_fill_square_7_6,64988,,13.91804208355036,,,not_run,skipped,rule does not fit,
301,sparse_edit_or_object_completion,neighbor_fill_square_7_7,64988,,13.91804208355036,,,not_run,skipped,rule does not fit,
301,sparse_edit_or_object_completion,neighbor_fill_square_7_8,64988,,13.91804208355036,,,not_run,skipped,rule does not fit,
301,sparse_edit_or_object_completion,neighbor_fill_hline_9_1,64988,,13.91804208355036,,,not_run,skipped,rule does not fit,
301,sparse_edit_or_object_completion,neighbor_fill_hline_9_2,64988,,13.91804208355036,,,not_run,skipped,rule does not fit,
301,sparse_edit_or_object_completion,neighbor_fill_vline_9_1,64988,,13.91804208355036,,,not_run,skipped,rule does not fit,
301,sparse_edit_or_object_completion,neighbor_fill_vline_9_2,64988,,13.91804208355036,,,not_run,skipped,rule does not fit,
301,sparse_edit_or_object_completion,neighbor_fill_cross_9_1,64988,,13.91804208355036,,,not_run,skipped,rule does not fit,
301,sparse_edit_or_object_completion,neighbor_fill_cross_9_2,64988,,13.91804208355036,,,not_run,skipped,rule does not fit,
301,sparse_edit_or_object_completion,neighbor_fill_cross_9_3,64988,,13.91804208355036,,,not_run,skipped,rule does not fit,
301,sparse_edit_or_object_completion,neighbor_fill_cross_9_4,64988,,13.91804208355036,,,not_run,skipped,rule does not fit,
301,sparse_edit_or_object_completion,neighbor_fill_square_9_1,64988,,13.91804208355036,,,not_run,skipped,rule does not fit,
301,sparse_edit_or_object_completion,neighbor_fill_square_9_2,64988,,13.91804208355036,,,not_run,skipped,rule does not fit,
301,sparse_edit_or_object_completion,neighbor_fill_square_9_3,64988,,13.91804208355036,,,not_run,skipped,rule does not fit,
301,sparse_edit_or_object_completion,neighbor_fill_square_9_4,64988,,13.91804208355036,,,not_run,skipped,rule does not fit,
301,sparse_edit_or_object_completion,neighbor_fill_square_9_5,64988,,13.91804208355036,,,not_run,skipped,rule does not fit,
301,sparse_edit_or_object_completion,neighbor_fill_square_9_6,64988,,13.91804208355036,,,not_run,skipped,rule does not fit,
301,sparse_edit_or_object_completion,neighbor_fill_square_9_7,64988,,13.91804208355036,,,not_run,skipped,rule does not fit,
301,sparse_edit_or_object_completion,neighbor_fill_square_9_8,64988,,13.91804208355036,,,not_run,skipped,rule does not fit,
161,sparse_edit_or_object_completion,signature_scatternd_lookup,64647,34908,13.923303020588978,14.539528691716798,84647,24_pass_0_fail,improved,ok,591bbb3b47cb0aabae2bd4f76e80f7d661983ec5d068cab2438af4162d02c39f
161,sparse_edit_or_object_completion,direct_identity,64647,,13.923303020588978,,,not_run,skipped,not identity,
161,sparse_edit_or_object_completion,conv_color_map,64647,,13.923303020588978,,,not_run,skipped,conflicting color map,
161,sparse_edit_or_object_completion,fixed_mask_where,64647,,13.923303020588978,,,not_run,skipped,fixed edit conflict,
161,sparse_edit_or_object_completion,neighbor_fill_hline_0_1,64647,,13.923303020588978,,,not_run,skipped,rule does not fit,
161,sparse_edit_or_object_completion,neighbor_fill_hline_0_2,64647,,13.923303020588978,,,not_run,skipped,rule does not fit,
161,sparse_edit_or_object_completion,neighbor_fill_vline_0_1,64647,,13.923303020588978,,,not_run,skipped,rule does not fit,
161,sparse_edit_or_object_completion,neighbor_fill_vline_0_2,64647,,13.923303020588978,,,not_run,skipped,rule does not fit,
161,sparse_edit_or_object_completion,neighbor_fill_cross_0_1,64647,,13.923303020588978,,,not_run,skipped,rule does not fit,
161,sparse_edit_or_object_completion,neighbor_fill_cross_0_2,64647,,13.923303020588978,,,not_run,skipped,rule does not fit,
161,sparse_edit_or_object_completion,neighbor_fill_cross_0_3,64647,,13.923303020588978,,,not_run,skipped,rule does not fit,
161,sparse_edit_or_object_completion,neighbor_fill_cross_0_4,64647,,13.923303020588978,,,not_run,skipped,rule does not fit,
161,sparse_edit_or_object_completion,neighbor_fill_square_0_1,64647,,13.923303020588978,,,not_run,skipped,rule does not fit,
161,sparse_edit_or_object_completion,neighbor_fill_square_0_2,64647,,13.923303020588978,,,not_run,skipped,rule does not fit,
161,sparse_edit_or_object_completion,neighbor_fill_square_0_3,64647,,13.923303020588978,,,not_run,skipped,rule does not fit,
161,sparse_edit_or_object_completion,neighbor_fill_square_0_4,64647,,13.923303020588978,,,not_run,skipped,rule does not fit,
161,sparse_edit_or_object_completion,neighbor_fill_square_0_5,64647,,13.923303020588978,,,not_run,skipped,rule does not fit,
161,sparse_edit_or_object_completion,neighbor_fill_square_0_6,64647,,13.923303020588978,,,not_run,skipped,rule does not fit,
161,sparse_edit_or_object_completion,neighbor_fill_square_0_7,64647,,13.923303020588978,,,not_run,skipped,rule does not fit,
161,sparse_edit_or_object_completion,neighbor_fill_square_0_8,64647,,13.923303020588978,,,not_run,skipped,rule does not fit,
161,sparse_edit_or_object_completion,neighbor_fill_hline_1_1,64647,,13.923303020588978,,,not_run,skipped,rule does not fit,
161,sparse_edit_or_object_completion,neighbor_fill_hline_1_2,64647,,13.923303020588978,,,not_run,skipped,rule does not fit,
161,sparse_edit_or_object_completion,neighbor_fill_vline_1_1,64647,,13.923303020588978,,,not_run,skipped,rule does not fit,
161,sparse_edit_or_object_completion,neighbor_fill_vline_1_2,64647,,13.923303020588978,,,not_run,skipped,rule does not fit,
161,sparse_edit_or_object_completion,neighbor_fill_cross_1_1,64647,,13.923303020588978,,,not_run,skipped,rule does not fit,
161,sparse_edit_or_object_completion,neighbor_fill_cross_1_2,64647,,13.923303020588978,,,not_run,skipped,rule does not fit,
161,sparse_edit_or_object_completion,neighbor_fill_cross_1_3,64647,,13.923303020588978,,,not_run,skipped,rule does not fit,
161,sparse_edit_or_object_completion,neighbor_fill_cross_1_4,64647,,13.923303020588978,,,not_run,skipped,rule does not fit,
161,sparse_edit_or_object_completion,neighbor_fill_square_1_1,64647,,13.923303020588978,,,not_run,skipped,rule does not fit,
161,sparse_edit_or_object_completion,neighbor_fill_square_1_2,64647,,13.923303020588978,,,not_run,skipped,rule does not fit,
161,sparse_edit_or_object_completion,neighbor_fill_square_1_3,64647,,13.923303020588978,,,not_run,skipped,rule does not fit,
161,sparse_edit_or_object_completion,neighbor_fill_square_1_4,64647,,13.923303020588978,,,not_run,skipped,rule does not fit,
161,sparse_edit_or_object_completion,neighbor_fill_square_1_5,64647,,13.923303020588978,,,not_run,skipped,rule does not fit,
161,sparse_edit_or_object_completion,neighbor_fill_square_1_6,64647,,13.923303020588978,,,not_run,skipped,rule does not fit,
161,sparse_edit_or_object_completion,neighbor_fill_square_1_7,64647,,13.923303020588978,,,not_run,skipped,rule does not fit,
161,sparse_edit_or_object_completion,neighbor_fill_square_1_8,64647,,13.923303020588978,,,not_run,skipped,rule does not fit,
161,sparse_edit_or_object_completion,neighbor_fill_hline_2_1,64647,,13.923303020588978,,,not_run,skipped,rule does not fit,
161,sparse_edit_or_object_completion,neighbor_fill_hline_2_2,64647,,13.923303020588978,,,not_run,skipped,rule does not fit,
161,sparse_edit_or_object_completion,neighbor_fill_vline_2_1,64647,,13.923303020588978,,,not_run,skipped,rule does not fit,
161,sparse_edit_or_object_completion,neighbor_fill_vline_2_2,64647,,13.923303020588978,,,not_run,skipped,rule does not fit,
161,sparse_edit_or_object_completion,neighbor_fill_cross_2_1,64647,,13.923303020588978,,,not_run,skipped,rule does not fit,
161,sparse_edit_or_object_completion,neighbor_fill_cross_2_2,64647,,13.923303020588978,,,not_run,skipped,rule does not fit,
161,sparse_edit_or_object_completion,neighbor_fill_cross_2_3,64647,,13.923303020588978,,,not_run,skipped,rule does not fit,
161,sparse_edit_or_object_completion,neighbor_fill_cross_2_4,64647,,13.923303020588978,,,not_run,skipped,rule does not fit,
161,sparse_edit_or_object_completion,neighbor_fill_square_2_1,64647,,13.923303020588978,,,not_run,skipped,rule does not fit,
161,sparse_edit_or_object_completion,neighbor_fill_square_2_2,64647,,13.923303020588978,,,not_run,skipped,rule does not fit,
161,sparse_edit_or_object_completion,neighbor_fill_square_2_3,64647,,13.923303020588978,,,not_run,skipped,rule does not fit,
161,sparse_edit_or_object_completion,neighbor_fill_square_2_4,64647,,13.923303020588978,,,not_run,skipped,rule does not fit,
161,sparse_edit_or_object_completion,neighbor_fill_square_2_5,64647,,13.923303020588978,,,not_run,skipped,rule does not fit,
161,sparse_edit_or_object_completion,neighbor_fill_square_2_6,64647,,13.923303020588978,,,not_run,skipped,rule does not fit,
161,sparse_edit_or_object_completion,neighbor_fill_square_2_7,64647,,13.923303020588978,,,not_run,skipped,rule does not fit,
161,sparse_edit_or_object_completion,neighbor_fill_square_2_8,64647,,13.923303020588978,,,not_run,skipped,rule does not fit,
161,sparse_edit_or_object_completion,neighbor_fill_hline_3_1,64647,,13.923303020588978,,,not_run,skipped,rule does not fit,
161,sparse_edit_or_object_completion,neighbor_fill_hline_3_2,64647,,13.923303020588978,,,not_run,skipped,rule does not fit,
161,sparse_edit_or_object_completion,neighbor_fill_vline_3_1,64647,,13.923303020588978,,,not_run,skipped,rule does not fit,
161,sparse_edit_or_object_completion,neighbor_fill_vline_3_2,64647,,13.923303020588978,,,not_run,skipped,rule does not fit,
161,sparse_edit_or_object_completion,neighbor_fill_cross_3_1,64647,,13.923303020588978,,,not_run,skipped,rule does not fit,
161,sparse_edit_or_object_completion,neighbor_fill_cross_3_2,64647,,13.923303020588978,,,not_run,skipped,rule does not fit,
161,sparse_edit_or_object_completion,neighbor_fill_cross_3_3,64647,,13.923303020588978,,,not_run,skipped,rule does not fit,
161,sparse_edit_or_object_completion,neighbor_fill_cross_3_4,64647,,13.923303020588978,,,not_run,skipped,rule does not fit,
161,sparse_edit_or_object_completion,neighbor_fill_square_3_1,64647,,13.923303020588978,,,not_run,skipped,rule does not fit,
161,sparse_edit_or_object_completion,neighbor_fill_square_3_2,64647,,13.923303020588978,,,not_run,skipped,rule does not fit,
161,sparse_edit_or_object_completion,neighbor_fill_square_3_3,64647,,13.923303020588978,,,not_run,skipped,rule does not fit,
161,sparse_edit_or_object_completion,neighbor_fill_square_3_4,64647,,13.923303020588978,,,not_run,skipped,rule does not fit,
161,sparse_edit_or_object_completion,neighbor_fill_square_3_5,64647,,13.923303020588978,,,not_run,skipped,rule does not fit,
161,sparse_edit_or_object_completion,neighbor_fill_square_3_6,64647,,13.923303020588978,,,not_run,skipped,rule does not fit,
161,sparse_edit_or_object_completion,neighbor_fill_square_3_7,64647,,13.923303020588978,,,not_run,skipped,rule does not fit,
161,sparse_edit_or_object_completion,neighbor_fill_square_3_8,64647,,13.923303020588978,,,not_run,skipped,rule does not fit,
161,sparse_edit_or_object_completion,neighbor_fill_hline_5_1,64647,,13.923303020588978,,,not_run,skipped,rule does not fit,
161,sparse_edit_or_object_completion,neighbor_fill_hline_5_2,64647,,13.923303020588978,,,not_run,skipped,rule does not fit,
161,sparse_edit_or_object_completion,neighbor_fill_vline_5_1,64647,,13.923303020588978,,,not_run,skipped,rule does not fit,
161,sparse_edit_or_object_completion,neighbor_fill_vline_5_2,64647,,13.923303020588978,,,not_run,skipped,rule does not fit,
161,sparse_edit_or_object_completion,neighbor_fill_cross_5_1,64647,,13.923303020588978,,,not_run,skipped,rule does not fit,
161,sparse_edit_or_object_completion,neighbor_fill_cross_5_2,64647,,13.923303020588978,,,not_run,skipped,rule does not fit,
161,sparse_edit_or_object_completion,neighbor_fill_cross_5_3,64647,,13.923303020588978,,,not_run,skipped,rule does not fit,
161,sparse_edit_or_object_completion,neighbor_fill_cross_5_4,64647,,13.923303020588978,,,not_run,skipped,rule does not fit,
161,sparse_edit_or_object_completion,neighbor_fill_square_5_1,64647,,13.923303020588978,,,not_run,skipped,rule does not fit,
161,sparse_edit_or_object_completion,neighbor_fill_square_5_2,64647,,13.923303020588978,,,not_run,skipped,rule does not fit,
161,sparse_edit_or_object_completion,neighbor_fill_square_5_3,64647,,13.923303020588978,,,not_run,skipped,rule does not fit,
161,sparse_edit_or_object_completion,neighbor_fill_square_5_4,64647,,13.923303020588978,,,not_run,skipped,rule does not fit,
161,sparse_edit_or_object_completion,neighbor_fill_square_5_5,64647,,13.923303020588978,,,not_run,skipped,rule does not fit,
161,sparse_edit_or_object_completion,neighbor_fill_square_5_6,64647,,13.923303020588978,,,not_run,skipped,rule does not fit,
161,sparse_edit_or_object_completion,neighbor_fill_square_5_7,64647,,13.923303020588978,,,not_run,skipped,rule does not fit,
161,sparse_edit_or_object_completion,neighbor_fill_square_5_8,64647,,13.923303020588978,,,not_run,skipped,rule does not fit,
161,sparse_edit_or_object_completion,neighbor_fill_hline_6_1,64647,,13.923303020588978,,,not_run,skipped,rule does not fit,
161,sparse_edit_or_object_completion,neighbor_fill_hline_6_2,64647,,13.923303020588978,,,not_run,skipped,rule does not fit,
161,sparse_edit_or_object_completion,neighbor_fill_vline_6_1,64647,,13.923303020588978,,,not_run,skipped,rule does not fit,
161,sparse_edit_or_object_completion,neighbor_fill_vline_6_2,64647,,13.923303020588978,,,not_run,skipped,rule does not fit,
161,sparse_edit_or_object_completion,neighbor_fill_cross_6_1,64647,,13.923303020588978,,,not_run,skipped,rule does not fit,
161,sparse_edit_or_object_completion,neighbor_fill_cross_6_2,64647,,13.923303020588978,,,not_run,skipped,rule does not fit,
161,sparse_edit_or_object_completion,neighbor_fill_cross_6_3,64647,,13.923303020588978,,,not_run,skipped,rule does not fit,
161,sparse_edit_or_object_completion,neighbor_fill_cross_6_4,64647,,13.923303020588978,,,not_run,skipped,rule does not fit,
161,sparse_edit_or_object_completion,neighbor_fill_square_6_1,64647,,13.923303020588978,,,not_run,skipped,rule does not fit,
161,sparse_edit_or_object_completion,neighbor_fill_square_6_2,64647,,13.923303020588978,,,not_run,skipped,rule does not fit,
161,sparse_edit_or_object_completion,neighbor_fill_square_6_3,64647,,13.923303020588978,,,not_run,skipped,rule does not fit,
161,sparse_edit_or_object_completion,neighbor_fill_square_6_4,64647,,13.923303020588978,,,not_run,skipped,rule does not fit,
161,sparse_edit_or_object_completion,neighbor_fill_square_6_5,64647,,13.923303020588978,,,not_run,skipped,rule does not fit,
161,sparse_edit_or_object_completion,neighbor_fill_square_6_6,64647,,13.923303020588978,,,not_run,skipped,rule does not fit,
161,sparse_edit_or_object_completion,neighbor_fill_square_6_7,64647,,13.923303020588978,,,not_run,skipped,rule does not fit,
161,sparse_edit_or_object_completion,neighbor_fill_square_6_8,64647,,13.923303020588978,,,not_run,skipped,rule does not fit,
161,sparse_edit_or_object_completion,neighbor_fill_hline_7_1,64647,,13.923303020588978,,,not_run,skipped,rule does not fit,
161,sparse_edit_or_object_completion,neighbor_fill_hline_7_2,64647,,13.923303020588978,,,not_run,skipped,rule does not fit,
161,sparse_edit_or_object_completion,neighbor_fill_vline_7_1,64647,,13.923303020588978,,,not_run,skipped,rule does not fit,
161,sparse_edit_or_object_completion,neighbor_fill_vline_7_2,64647,,13.923303020588978,,,not_run,skipped,rule does not fit,
161,sparse_edit_or_object_completion,neighbor_fill_cross_7_1,64647,,13.923303020588978,,,not_run,skipped,rule does not fit,
161,sparse_edit_or_object_completion,neighbor_fill_cross_7_2,64647,,13.923303020588978,,,not_run,skipped,rule does not fit,
161,sparse_edit_or_object_completion,neighbor_fill_cross_7_3,64647,,13.923303020588978,,,not_run,skipped,rule does not fit,
161,sparse_edit_or_object_completion,neighbor_fill_cross_7_4,64647,,13.923303020588978,,,not_run,skipped,rule does not fit,
161,sparse_edit_or_object_completion,neighbor_fill_square_7_1,64647,,13.923303020588978,,,not_run,skipped,rule does not fit,
161,sparse_edit_or_object_completion,neighbor_fill_square_7_2,64647,,13.923303020588978,,,not_run,skipped,rule does not fit,
161,sparse_edit_or_object_completion,neighbor_fill_square_7_3,64647,,13.923303020588978,,,not_run,skipped,rule does not fit,
161,sparse_edit_or_object_completion,neighbor_fill_square_7_4,64647,,13.923303020588978,,,not_run,skipped,rule does not fit,
161,sparse_edit_or_object_completion,neighbor_fill_square_7_5,64647,,13.923303020588978,,,not_run,skipped,rule does not fit,
161,sparse_edit_or_object_completion,neighbor_fill_square_7_6,64647,,13.923303020588978,,,not_run,skipped,rule does not fit,
161,sparse_edit_or_object_completion,neighbor_fill_square_7_7,64647,,13.923303020588978,,,not_run,skipped,rule does not fit,
161,sparse_edit_or_object_completion,neighbor_fill_square_7_8,64647,,13.923303020588978,,,not_run,skipped,rule does not fit,
161,sparse_edit_or_object_completion,neighbor_fill_hline_8_1,64647,,13.923303020588978,,,not_run,skipped,rule does not fit,
161,sparse_edit_or_object_completion,neighbor_fill_hline_8_2,64647,,13.923303020588978,,,not_run,skipped,rule does not fit,
161,sparse_edit_or_object_completion,neighbor_fill_vline_8_1,64647,,13.923303020588978,,,not_run,skipped,rule does not fit,
161,sparse_edit_or_object_completion,neighbor_fill_vline_8_2,64647,,13.923303020588978,,,not_run,skipped,rule does not fit,
161,sparse_edit_or_object_completion,neighbor_fill_cross_8_1,64647,,13.923303020588978,,,not_run,skipped,rule does not fit,
161,sparse_edit_or_object_completion,neighbor_fill_cross_8_2,64647,,13.923303020588978,,,not_run,skipped,rule does not fit,
161,sparse_edit_or_object_completion,neighbor_fill_cross_8_3,64647,,13.923303020588978,,,not_run,skipped,rule does not fit,
161,sparse_edit_or_object_completion,neighbor_fill_cross_8_4,64647,,13.923303020588978,,,not_run,skipped,rule does not fit,
161,sparse_edit_or_object_completion,neighbor_fill_square_8_1,64647,,13.923303020588978,,,not_run,skipped,rule does not fit,
161,sparse_edit_or_object_completion,neighbor_fill_square_8_2,64647,,13.923303020588978,,,not_run,skipped,rule does not fit,
161,sparse_edit_or_object_completion,neighbor_fill_square_8_3,64647,,13.923303020588978,,,not_run,skipped,rule does not fit,
161,sparse_edit_or_object_completion,neighbor_fill_square_8_4,64647,,13.923303020588978,,,not_run,skipped,rule does not fit,
161,sparse_edit_or_object_completion,neighbor_fill_square_8_5,64647,,13.923303020588978,,,not_run,skipped,rule does not fit,
161,sparse_edit_or_object_completion,neighbor_fill_square_8_6,64647,,13.923303020588978,,,not_run,skipped,rule does not fit,
161,sparse_edit_or_object_completion,neighbor_fill_square_8_7,64647,,13.923303020588978,,,not_run,skipped,rule does not fit,
161,sparse_edit_or_object_completion,neighbor_fill_square_8_8,64647,,13.923303020588978,,,not_run,skipped,rule does not fit,
306,sparse_edit_or_object_completion,signature_scatternd_lookup,64444,32803,13.926448091389123,14.601724746395654,76277,23_pass_0_fail,improved,ok,118f0fb2a0faaff246a6914868a689d12ff06a8aa2cc90e99d343e790bce5c16
306,sparse_edit_or_object_completion,direct_identity,64444,,13.926448091389123,,,not_run,skipped,not identity,
306,sparse_edit_or_object_completion,conv_color_map,64444,,13.926448091389123,,,not_run,skipped,conflicting color map,
306,sparse_edit_or_object_completion,fixed_mask_where,64444,,13.926448091389123,,,not_run,skipped,fixed edit conflict,
306,sparse_edit_or_object_completion,neighbor_fill_hline_1_1,64444,,13.926448091389123,,,not_run,skipped,rule does not fit,
306,sparse_edit_or_object_completion,neighbor_fill_hline_1_2,64444,,13.926448091389123,,,not_run,skipped,rule does not fit,
306,sparse_edit_or_object_completion,neighbor_fill_vline_1_1,64444,,13.926448091389123,,,not_run,skipped,rule does not fit,
306,sparse_edit_or_object_completion,neighbor_fill_vline_1_2,64444,,13.926448091389123,,,not_run,skipped,rule does not fit,
306,sparse_edit_or_object_completion,neighbor_fill_cross_1_1,64444,,13.926448091389123,,,not_run,skipped,rule does not fit,
306,sparse_edit_or_object_completion,neighbor_fill_cross_1_2,64444,,13.926448091389123,,,not_run,skipped,rule does not fit,
306,sparse_edit_or_object_completion,neighbor_fill_cross_1_3,64444,,13.926448091389123,,,not_run,skipped,rule does not fit,
306,sparse_edit_or_object_completion,neighbor_fill_cross_1_4,64444,,13.926448091389123,,,not_run,skipped,rule does not fit,
306,sparse_edit_or_object_completion,neighbor_fill_square_1_1,64444,,13.926448091389123,,,not_run,skipped,rule does not fit,
306,sparse_edit_or_object_completion,neighbor_fill_square_1_2,64444,,13.926448091389123,,,not_run,skipped,rule does not fit,
306,sparse_edit_or_object_completion,neighbor_fill_square_1_3,64444,,13.926448091389123,,,not_run,skipped,rule does not fit,
306,sparse_edit_or_object_completion,neighbor_fill_square_1_4,64444,,13.926448091389123,,,not_run,skipped,rule does not fit,
306,sparse_edit_or_object_completion,neighbor_fill_square_1_5,64444,,13.926448091389123,,,not_run,skipped,rule does not fit,
306,sparse_edit_or_object_completion,neighbor_fill_square_1_6,64444,,13.926448091389123,,,not_run,skipped,rule does not fit,
306,sparse_edit_or_object_completion,neighbor_fill_square_1_7,64444,,13.926448091389123,,,not_run,skipped,rule does not fit,
306,sparse_edit_or_object_completion,neighbor_fill_square_1_8,64444,,13.926448091389123,,,not_run,skipped,rule does not fit,
306,sparse_edit_or_object_completion,neighbor_fill_hline_2_1,64444,,13.926448091389123,,,not_run,skipped,rule does not fit,
306,sparse_edit_or_object_completion,neighbor_fill_hline_2_2,64444,,13.926448091389123,,,not_run,skipped,rule does not fit,
306,sparse_edit_or_object_completion,neighbor_fill_vline_2_1,64444,,13.926448091389123,,,not_run,skipped,rule does not fit,
306,sparse_edit_or_object_completion,neighbor_fill_vline_2_2,64444,,13.926448091389123,,,not_run,skipped,rule does not fit,
306,sparse_edit_or_object_completion,neighbor_fill_cross_2_1,64444,,13.926448091389123,,,not_run,skipped,rule does not fit,
306,sparse_edit_or_object_completion,neighbor_fill_cross_2_2,64444,,13.926448091389123,,,not_run,skipped,rule does not fit,
306,sparse_edit_or_object_completion,neighbor_fill_cross_2_3,64444,,13.926448091389123,,,not_run,skipped,rule does not fit,
306,sparse_edit_or_object_completion,neighbor_fill_cross_2_4,64444,,13.926448091389123,,,not_run,skipped,rule does not fit,
306,sparse_edit_or_object_completion,neighbor_fill_square_2_1,64444,,13.926448091389123,,,not_run,skipped,rule does not fit,
306,sparse_edit_or_object_completion,neighbor_fill_square_2_2,64444,,13.926448091389123,,,not_run,skipped,rule does not fit,
306,sparse_edit_or_object_completion,neighbor_fill_square_2_3,64444,,13.926448091389123,,,not_run,skipped,rule does not fit,
306,sparse_edit_or_object_completion,neighbor_fill_square_2_4,64444,,13.926448091389123,,,not_run,skipped,rule does not fit,
306,sparse_edit_or_object_completion,neighbor_fill_square_2_5,64444,,13.926448091389123,,,not_run,skipped,rule does not fit,
306,sparse_edit_or_object_completion,neighbor_fill_square_2_6,64444,,13.926448091389123,,,not_run,skipped,rule does not fit,
306,sparse_edit_or_object_completion,neighbor_fill_square_2_7,64444,,13.926448091389123,,,not_run,skipped,rule does not fit,
306,sparse_edit_or_object_completion,neighbor_fill_square_2_8,64444,,13.926448091389123,,,not_run,skipped,rule does not fit,
306,sparse_edit_or_object_completion,neighbor_fill_hline_3_1,64444,,13.926448091389123,,,not_run,skipped,rule does not fit,
306,sparse_edit_or_object_completion,neighbor_fill_hline_3_2,64444,,13.926448091389123,,,not_run,skipped,rule does not fit,
306,sparse_edit_or_object_completion,neighbor_fill_vline_3_1,64444,,13.926448091389123,,,not_run,skipped,rule does not fit,
306,sparse_edit_or_object_completion,neighbor_fill_vline_3_2,64444,,13.926448091389123,,,not_run,skipped,rule does not fit,
306,sparse_edit_or_object_completion,neighbor_fill_cross_3_1,64444,,13.926448091389123,,,not_run,skipped,rule does not fit,
306,sparse_edit_or_object_completion,neighbor_fill_cross_3_2,64444,,13.926448091389123,,,not_run,skipped,rule does not fit,
306,sparse_edit_or_object_completion,neighbor_fill_cross_3_3,64444,,13.926448091389123,,,not_run,skipped,rule does not fit,
306,sparse_edit_or_object_completion,neighbor_fill_cross_3_4,64444,,13.926448091389123,,,not_run,skipped,rule does not fit,
306,sparse_edit_or_object_completion,neighbor_fill_square_3_1,64444,,13.926448091389123,,,not_run,skipped,rule does not fit,
306,sparse_edit_or_object_completion,neighbor_fill_square_3_2,64444,,13.926448091389123,,,not_run,skipped,rule does not fit,
306,sparse_edit_or_object_completion,neighbor_fill_square_3_3,64444,,13.926448091389123,,,not_run,skipped,rule does not fit,
306,sparse_edit_or_object_completion,neighbor_fill_square_3_4,64444,,13.926448091389123,,,not_run,skipped,rule does not fit,
306,sparse_edit_or_object_completion,neighbor_fill_square_3_5,64444,,13.926448091389123,,,not_run,skipped,rule does not fit,
306,sparse_edit_or_object_completion,neighbor_fill_square_3_6,64444,,13.926448091389123,,,not_run,skipped,rule does not fit,
306,sparse_edit_or_object_completion,neighbor_fill_square_3_7,64444,,13.926448091389123,,,not_run,skipped,rule does not fit,
306,sparse_edit_or_object_completion,neighbor_fill_square_3_8,64444,,13.926448091389123,,,not_run,skipped,rule does not fit,
306,sparse_edit_or_object_completion,neighbor_fill_hline_5_1,64444,,13.926448091389123,,,not_run,skipped,rule does not fit,
306,sparse_edit_or_object_completion,neighbor_fill_hline_5_2,64444,,13.926448091389123,,,not_run,skipped,rule does not fit,
306,sparse_edit_or_object_completion,neighbor_fill_vline_5_1,64444,,13.926448091389123,,,not_run,skipped,rule does not fit,
306,sparse_edit_or_object_completion,neighbor_fill_vline_5_2,64444,,13.926448091389123,,,not_run,skipped,rule does not fit,
306,sparse_edit_or_object_completion,neighbor_fill_cross_5_1,64444,,13.926448091389123,,,not_run,skipped,rule does not fit,
306,sparse_edit_or_object_completion,neighbor_fill_cross_5_2,64444,,13.926448091389123,,,not_run,skipped,rule does not fit,
306,sparse_edit_or_object_completion,neighbor_fill_cross_5_3,64444,,13.926448091389123,,,not_run,skipped,rule does not fit,
306,sparse_edit_or_object_completion,neighbor_fill_cross_5_4,64444,,13.926448091389123,,,not_run,skipped,rule does not fit,
306,sparse_edit_or_object_completion,neighbor_fill_square_5_1,64444,,13.926448091389123,,,not_run,skipped,rule does not fit,
306,sparse_edit_or_object_completion,neighbor_fill_square_5_2,64444,,13.926448091389123,,,not_run,skipped,rule does not fit,
306,sparse_edit_or_object_completion,neighbor_fill_square_5_3,64444,,13.926448091389123,,,not_run,skipped,rule does not fit,
306,sparse_edit_or_object_completion,neighbor_fill_square_5_4,64444,,13.926448091389123,,,not_run,skipped,rule does not fit,
306,sparse_edit_or_object_completion,neighbor_fill_square_5_5,64444,,13.926448091389123,,,not_run,skipped,rule does not fit,
306,sparse_edit_or_object_completion,neighbor_fill_square_5_6,64444,,13.926448091389123,,,not_run,skipped,rule does not fit,
306,sparse_edit_or_object_completion,neighbor_fill_square_5_7,64444,,13.926448091389123,,,not_run,skipped,rule does not fit,
306,sparse_edit_or_object_completion,neighbor_fill_square_5_8,64444,,13.926448091389123,,,not_run,skipped,rule does not fit,
306,sparse_edit_or_object_completion,neighbor_fill_hline_6_1,64444,,13.926448091389123,,,not_run,skipped,rule does not fit,
306,sparse_edit_or_object_completion,neighbor_fill_hline_6_2,64444,,13.926448091389123,,,not_run,skipped,rule does not fit,
306,sparse_edit_or_object_completion,neighbor_fill_vline_6_1,64444,,13.926448091389123,,,not_run,skipped,rule does not fit,
306,sparse_edit_or_object_completion,neighbor_fill_vline_6_2,64444,,13.926448091389123,,,not_run,skipped,rule does not fit,
306,sparse_edit_or_object_completion,neighbor_fill_cross_6_1,64444,,13.926448091389123,,,not_run,skipped,rule does not fit,
306,sparse_edit_or_object_completion,neighbor_fill_cross_6_2,64444,,13.926448091389123,,,not_run,skipped,rule does not fit,
306,sparse_edit_or_object_completion,neighbor_fill_cross_6_3,64444,,13.926448091389123,,,not_run,skipped,rule does not fit,
306,sparse_edit_or_object_completion,neighbor_fill_cross_6_4,64444,,13.926448091389123,,,not_run,skipped,rule does not fit,
306,sparse_edit_or_object_completion,neighbor_fill_square_6_1,64444,,13.926448091389123,,,not_run,skipped,rule does not fit,
306,sparse_edit_or_object_completion,neighbor_fill_square_6_2,64444,,13.926448091389123,,,not_run,skipped,rule does not fit,
306,sparse_edit_or_object_completion,neighbor_fill_square_6_3,64444,,13.926448091389123,,,not_run,skipped,rule does not fit,
306,sparse_edit_or_object_completion,neighbor_fill_square_6_4,64444,,13.926448091389123,,,not_run,skipped,rule does not fit,
306,sparse_edit_or_object_completion,neighbor_fill_square_6_5,64444,,13.926448091389123,,,not_run,skipped,rule does not fit,
306,sparse_edit_or_object_completion,neighbor_fill_square_6_6,64444,,13.926448091389123,,,not_run,skipped,rule does not fit,
306,sparse_edit_or_object_completion,neighbor_fill_square_6_7,64444,,13.926448091389123,,,not_run,skipped,rule does not fit,
306,sparse_edit_or_object_completion,neighbor_fill_square_6_8,64444,,13.926448091389123,,,not_run,skipped,rule does not fit,
306,sparse_edit_or_object_completion,neighbor_fill_hline_7_1,64444,,13.926448091389123,,,not_run,skipped,rule does not fit,
306,sparse_edit_or_object_completion,neighbor_fill_hline_7_2,64444,,13.926448091389123,,,not_run,skipped,rule does not fit,
306,sparse_edit_or_object_completion,neighbor_fill_vline_7_1,64444,,13.926448091389123,,,not_run,skipped,rule does not fit,
306,sparse_edit_or_object_completion,neighbor_fill_vline_7_2,64444,,13.926448091389123,,,not_run,skipped,rule does not fit,
306,sparse_edit_or_object_completion,neighbor_fill_cross_7_1,64444,,13.926448091389123,,,not_run,skipped,rule does not fit,
306,sparse_edit_or_object_completion,neighbor_fill_cross_7_2,64444,,13.926448091389123,,,not_run,skipped,rule does not fit,
306,sparse_edit_or_object_completion,neighbor_fill_cross_7_3,64444,,13.926448091389123,,,not_run,skipped,rule does not fit,
306,sparse_edit_or_object_completion,neighbor_fill_cross_7_4,64444,,13.926448091389123,,,not_run,skipped,rule does not fit,
306,sparse_edit_or_object_completion,neighbor_fill_square_7_1,64444,,13.926448091389123,,,not_run,skipped,rule does not fit,
306,sparse_edit_or_object_completion,neighbor_fill_square_7_2,64444,,13.926448091389123,,,not_run,skipped,rule does not fit,
306,sparse_edit_or_object_completion,neighbor_fill_square_7_3,64444,,13.926448091389123,,,not_run,skipped,rule does not fit,
306,sparse_edit_or_object_completion,neighbor_fill_square_7_4,64444,,13.926448091389123,,,not_run,skipped,rule does not fit,
306,sparse_edit_or_object_completion,neighbor_fill_square_7_5,64444,,13.926448091389123,,,not_run,skipped,rule does not fit,
306,sparse_edit_or_object_completion,neighbor_fill_square_7_6,64444,,13.926448091389123,,,not_run,skipped,rule does not fit,
306,sparse_edit_or_object_completion,neighbor_fill_square_7_7,64444,,13.926448091389123,,,not_run,skipped,rule does not fit,
306,sparse_edit_or_object_completion,neighbor_fill_square_7_8,64444,,13.926448091389123,,,not_run,skipped,rule does not fit,
306,sparse_edit_or_object_completion,neighbor_fill_hline_8_1,64444,,13.926448091389123,,,not_run,skipped,rule does not fit,
306,sparse_edit_or_object_completion,neighbor_fill_hline_8_2,64444,,13.926448091389123,,,not_run,skipped,rule does not fit,
306,sparse_edit_or_object_completion,neighbor_fill_vline_8_1,64444,,13.926448091389123,,,not_run,skipped,rule does not fit,
306,sparse_edit_or_object_completion,neighbor_fill_vline_8_2,64444,,13.926448091389123,,,not_run,skipped,rule does not fit,
306,sparse_edit_or_object_completion,neighbor_fill_cross_8_1,64444,,13.926448091389123,,,not_run,skipped,rule does not fit,
306,sparse_edit_or_object_completion,neighbor_fill_cross_8_2,64444,,13.926448091389123,,,not_run,skipped,rule does not fit,
306,sparse_edit_or_object_completion,neighbor_fill_cross_8_3,64444,,13.926448091389123,,,not_run,skipped,rule does not fit,
306,sparse_edit_or_object_completion,neighbor_fill_cross_8_4,64444,,13.926448091389123,,,not_run,skipped,rule does not fit,
306,sparse_edit_or_object_completion,neighbor_fill_square_8_1,64444,,13.926448091389123,,,not_run,skipped,rule does not fit,
306,sparse_edit_or_object_completion,neighbor_fill_square_8_2,64444,,13.926448091389123,,,not_run,skipped,rule does not fit,
306,sparse_edit_or_object_completion,neighbor_fill_square_8_3,64444,,13.926448091389123,,,not_run,skipped,rule does not fit,
306,sparse_edit_or_object_completion,neighbor_fill_square_8_4,64444,,13.926448091389123,,,not_run,skipped,rule does not fit,
306,sparse_edit_or_object_completion,neighbor_fill_square_8_5,64444,,13.926448091389123,,,not_run,skipped,rule does not fit,
306,sparse_edit_or_object_completion,neighbor_fill_square_8_6,64444,,13.926448091389123,,,not_run,skipped,rule does not fit,
306,sparse_edit_or_object_completion,neighbor_fill_square_8_7,64444,,13.926448091389123,,,not_run,skipped,rule does not fit,
306,sparse_edit_or_object_completion,neighbor_fill_square_8_8,64444,,13.926448091389123,,,not_run,skipped,rule does not fit,
306,sparse_edit_or_object_completion,neighbor_fill_hline_9_1,64444,,13.926448091389123,,,not_run,skipped,rule does not fit,
306,sparse_edit_or_object_completion,neighbor_fill_hline_9_2,64444,,13.926448091389123,,,not_run,skipped,rule does not fit,
306,sparse_edit_or_object_completion,neighbor_fill_vline_9_1,64444,,13.926448091389123,,,not_run,skipped,rule does not fit,
306,sparse_edit_or_object_completion,neighbor_fill_vline_9_2,64444,,13.926448091389123,,,not_run,skipped,rule does not fit,
306,sparse_edit_or_object_completion,neighbor_fill_cross_9_1,64444,,13.926448091389123,,,not_run,skipped,rule does not fit,
306,sparse_edit_or_object_completion,neighbor_fill_cross_9_2,64444,,13.926448091389123,,,not_run,skipped,rule does not fit,
306,sparse_edit_or_object_completion,neighbor_fill_cross_9_3,64444,,13.926448091389123,,,not_run,skipped,rule does not fit,
306,sparse_edit_or_object_completion,neighbor_fill_cross_9_4,64444,,13.926448091389123,,,not_run,skipped,rule does not fit,
306,sparse_edit_or_object_completion,neighbor_fill_square_9_1,64444,,13.926448091389123,,,not_run,skipped,rule does not fit,
306,sparse_edit_or_object_completion,neighbor_fill_square_9_2,64444,,13.926448091389123,,,not_run,skipped,rule does not fit,
306,sparse_edit_or_object_completion,neighbor_fill_square_9_3,64444,,13.926448091389123,,,not_run,skipped,rule does not fit,
306,sparse_edit_or_object_completion,neighbor_fill_square_9_4,64444,,13.926448091389123,,,not_run,skipped,rule does not fit,
306,sparse_edit_or_object_completion,neighbor_fill_square_9_5,64444,,13.926448091389123,,,not_run,skipped,rule does not fit,
306,sparse_edit_or_object_completion,neighbor_fill_square_9_6,64444,,13.926448091389123,,,not_run,skipped,rule does not fit,
306,sparse_edit_or_object_completion,neighbor_fill_square_9_7,64444,,13.926448091389123,,,not_run,skipped,rule does not fit,
306,sparse_edit_or_object_completion,neighbor_fill_square_9_8,64444,,13.926448091389123,,,not_run,skipped,rule does not fit,
37,sparse_edit_or_object_completion,signature_scatternd_lookup,63726,8380,13.937652078450405,15.966396806523871,16160,24_pass_0_fail,improved,ok,97bfca6aa991407e3e6eeb4dfc92a7f11c98527ec857b1509dea9142f9469042
37,sparse_edit_or_object_completion,direct_identity,63726,,13.937652078450405,,,not_run,skipped,not identity,
37,sparse_edit_or_object_completion,conv_color_map,63726,,13.937652078450405,,,not_run,skipped,conflicting color map,
37,sparse_edit_or_object_completion,fixed_mask_where,63726,,13.937652078450405,,,not_run,skipped,fixed edit conflict,
37,sparse_edit_or_object_completion,neighbor_fill_hline_1_1,63726,,13.937652078450405,,,not_run,skipped,rule does not fit,
37,sparse_edit_or_object_completion,neighbor_fill_hline_1_2,63726,,13.937652078450405,,,not_run,skipped,rule does not fit,
37,sparse_edit_or_object_completion,neighbor_fill_vline_1_1,63726,,13.937652078450405,,,not_run,skipped,rule does not fit,
37,sparse_edit_or_object_completion,neighbor_fill_vline_1_2,63726,,13.937652078450405,,,not_run,skipped,rule does not fit,
37,sparse_edit_or_object_completion,neighbor_fill_cross_1_1,63726,,13.937652078450405,,,not_run,skipped,rule does not fit,
37,sparse_edit_or_object_completion,neighbor_fill_cross_1_2,63726,,13.937652078450405,,,not_run,skipped,rule does not fit,
37,sparse_edit_or_object_completion,neighbor_fill_cross_1_3,63726,,13.937652078450405,,,not_run,skipped,rule does not fit,
37,sparse_edit_or_object_completion,neighbor_fill_cross_1_4,63726,,13.937652078450405,,,not_run,skipped,rule does not fit,
37,sparse_edit_or_object_completion,neighbor_fill_square_1_1,63726,,13.937652078450405,,,not_run,skipped,rule does not fit,
37,sparse_edit_or_object_completion,neighbor_fill_square_1_2,63726,,13.937652078450405,,,not_run,skipped,rule does not fit,
37,sparse_edit_or_object_completion,neighbor_fill_square_1_3,63726,,13.937652078450405,,,not_run,skipped,rule does not fit,
37,sparse_edit_or_object_completion,neighbor_fill_square_1_4,63726,,13.937652078450405,,,not_run,skipped,rule does not fit,
37,sparse_edit_or_object_completion,neighbor_fill_square_1_5,63726,,13.937652078450405,,,not_run,skipped,rule does not fit,
37,sparse_edit_or_object_completion,neighbor_fill_square_1_6,63726,,13.937652078450405,,,not_run,skipped,rule does not fit,
37,sparse_edit_or_object_completion,neighbor_fill_square_1_7,63726,,13.937652078450405,,,not_run,skipped,rule does not fit,
37,sparse_edit_or_object_completion,neighbor_fill_square_1_8,63726,,13.937652078450405,,,not_run,skipped,rule does not fit,
37,sparse_edit_or_object_completion,neighbor_fill_hline_2_1,63726,,13.937652078450405,,,not_run,skipped,rule does not fit,
37,sparse_edit_or_object_completion,neighbor_fill_hline_2_2,63726,,13.937652078450405,,,not_run,skipped,rule does not fit,
37,sparse_edit_or_object_completion,neighbor_fill_vline_2_1,63726,,13.937652078450405,,,not_run,skipped,rule does not fit,
37,sparse_edit_or_object_completion,neighbor_fill_vline_2_2,63726,,13.937652078450405,,,not_run,skipped,rule does not fit,
37,sparse_edit_or_object_completion,neighbor_fill_cross_2_1,63726,,13.937652078450405,,,not_run,skipped,rule does not fit,
37,sparse_edit_or_object_completion,neighbor_fill_cross_2_2,63726,,13.937652078450405,,,not_run,skipped,rule does not fit,
37,sparse_edit_or_object_completion,neighbor_fill_cross_2_3,63726,,13.937652078450405,,,not_run,skipped,rule does not fit,
37,sparse_edit_or_object_completion,neighbor_fill_cross_2_4,63726,,13.937652078450405,,,not_run,skipped,rule does not fit,
37,sparse_edit_or_object_completion,neighbor_fill_square_2_1,63726,,13.937652078450405,,,not_run,skipped,rule does not fit,
37,sparse_edit_or_object_completion,neighbor_fill_square_2_2,63726,,13.937652078450405,,,not_run,skipped,rule does not fit,
37,sparse_edit_or_object_completion,neighbor_fill_square_2_3,63726,,13.937652078450405,,,not_run,skipped,rule does not fit,
37,sparse_edit_or_object_completion,neighbor_fill_square_2_4,63726,,13.937652078450405,,,not_run,skipped,rule does not fit,
37,sparse_edit_or_object_completion,neighbor_fill_square_2_5,63726,,13.937652078450405,,,not_run,skipped,rule does not fit,
37,sparse_edit_or_object_completion,neighbor_fill_square_2_6,63726,,13.937652078450405,,,not_run,skipped,rule does not fit,
37,sparse_edit_or_object_completion,neighbor_fill_square_2_7,63726,,13.937652078450405,,,not_run,skipped,rule does not fit,
37,sparse_edit_or_object_completion,neighbor_fill_square_2_8,63726,,13.937652078450405,,,not_run,skipped,rule does not fit,
37,sparse_edit_or_object_completion,neighbor_fill_hline_3_1,63726,,13.937652078450405,,,not_run,skipped,rule does not fit,
37,sparse_edit_or_object_completion,neighbor_fill_hline_3_2,63726,,13.937652078450405,,,not_run,skipped,rule does not fit,
37,sparse_edit_or_object_completion,neighbor_fill_vline_3_1,63726,,13.937652078450405,,,not_run,skipped,rule does not fit,
37,sparse_edit_or_object_completion,neighbor_fill_vline_3_2,63726,,13.937652078450405,,,not_run,skipped,rule does not fit,
37,sparse_edit_or_object_completion,neighbor_fill_cross_3_1,63726,,13.937652078450405,,,not_run,skipped,rule does not fit,
37,sparse_edit_or_object_completion,neighbor_fill_cross_3_2,63726,,13.937652078450405,,,not_run,skipped,rule does not fit,
37,sparse_edit_or_object_completion,neighbor_fill_cross_3_3,63726,,13.937652078450405,,,not_run,skipped,rule does not fit,
37,sparse_edit_or_object_completion,neighbor_fill_cross_3_4,63726,,13.937652078450405,,,not_run,skipped,rule does not fit,
37,sparse_edit_or_object_completion,neighbor_fill_square_3_1,63726,,13.937652078450405,,,not_run,skipped,rule does not fit,
37,sparse_edit_or_object_completion,neighbor_fill_square_3_2,63726,,13.937652078450405,,,not_run,skipped,rule does not fit,
37,sparse_edit_or_object_completion,neighbor_fill_square_3_3,63726,,13.937652078450405,,,not_run,skipped,rule does not fit,
37,sparse_edit_or_object_completion,neighbor_fill_square_3_4,63726,,13.937652078450405,,,not_run,skipped,rule does not fit,
37,sparse_edit_or_object_completion,neighbor_fill_square_3_5,63726,,13.937652078450405,,,not_run,skipped,rule does not fit,
37,sparse_edit_or_object_completion,neighbor_fill_square_3_6,63726,,13.937652078450405,,,not_run,skipped,rule does not fit,
37,sparse_edit_or_object_completion,neighbor_fill_square_3_7,63726,,13.937652078450405,,,not_run,skipped,rule does not fit,
37,sparse_edit_or_object_completion,neighbor_fill_square_3_8,63726,,13.937652078450405,,,not_run,skipped,rule does not fit,
37,sparse_edit_or_object_completion,neighbor_fill_hline_4_1,63726,,13.937652078450405,,,not_run,skipped,rule does not fit,
37,sparse_edit_or_object_completion,neighbor_fill_hline_4_2,63726,,13.937652078450405,,,not_run,skipped,rule does not fit,
37,sparse_edit_or_object_completion,neighbor_fill_vline_4_1,63726,,13.937652078450405,,,not_run,skipped,rule does not fit,
37,sparse_edit_or_object_completion,neighbor_fill_vline_4_2,63726,,13.937652078450405,,,not_run,skipped,rule does not fit,
37,sparse_edit_or_object_completion,neighbor_fill_cross_4_1,63726,,13.937652078450405,,,not_run,skipped,rule does not fit,
37,sparse_edit_or_object_completion,neighbor_fill_cross_4_2,63726,,13.937652078450405,,,not_run,skipped,rule does not fit,
37,sparse_edit_or_object_completion,neighbor_fill_cross_4_3,63726,,13.937652078450405,,,not_run,skipped,rule does not fit,
37,sparse_edit_or_object_completion,neighbor_fill_cross_4_4,63726,,13.937652078450405,,,not_run,skipped,rule does not fit,
37,sparse_edit_or_object_completion,neighbor_fill_square_4_1,63726,,13.937652078450405,,,not_run,skipped,rule does not fit,
37,sparse_edit_or_object_completion,neighbor_fill_square_4_2,63726,,13.937652078450405,,,not_run,skipped,rule does not fit,
37,sparse_edit_or_object_completion,neighbor_fill_square_4_3,63726,,13.937652078450405,,,not_run,skipped,rule does not fit,
37,sparse_edit_or_object_completion,neighbor_fill_square_4_4,63726,,13.937652078450405,,,not_run,skipped,rule does not fit,
37,sparse_edit_or_object_completion,neighbor_fill_square_4_5,63726,,13.937652078450405,,,not_run,skipped,rule does not fit,
37,sparse_edit_or_object_completion,neighbor_fill_square_4_6,63726,,13.937652078450405,,,not_run,skipped,rule does not fit,
37,sparse_edit_or_object_completion,neighbor_fill_square_4_7,63726,,13.937652078450405,,,not_run,skipped,rule does not fit,
37,sparse_edit_or_object_completion,neighbor_fill_square_4_8,63726,,13.937652078450405,,,not_run,skipped,rule does not fit,
37,sparse_edit_or_object_completion,neighbor_fill_hline_5_1,63726,,13.937652078450405,,,not_run,skipped,rule does not fit,
37,sparse_edit_or_object_completion,neighbor_fill_hline_5_2,63726,,13.937652078450405,,,not_run,skipped,rule does not fit,
37,sparse_edit_or_object_completion,neighbor_fill_vline_5_1,63726,,13.937652078450405,,,not_run,skipped,rule does not fit,
37,sparse_edit_or_object_completion,neighbor_fill_vline_5_2,63726,,13.937652078450405,,,not_run,skipped,rule does not fit,
37,sparse_edit_or_object_completion,neighbor_fill_cross_5_1,63726,,13.937652078450405,,,not_run,skipped,rule does not fit,
37,sparse_edit_or_object_completion,neighbor_fill_cross_5_2,63726,,13.937652078450405,,,not_run,skipped,rule does not fit,
37,sparse_edit_or_object_completion,neighbor_fill_cross_5_3,63726,,13.937652078450405,,,not_run,skipped,rule does not fit,
37,sparse_edit_or_object_completion,neighbor_fill_cross_5_4,63726,,13.937652078450405,,,not_run,skipped,rule does not fit,
37,sparse_edit_or_object_completion,neighbor_fill_square_5_1,63726,,13.937652078450405,,,not_run,skipped,rule does not fit,
37,sparse_edit_or_object_completion,neighbor_fill_square_5_2,63726,,13.937652078450405,,,not_run,skipped,rule does not fit,
37,sparse_edit_or_object_completion,neighbor_fill_square_5_3,63726,,13.937652078450405,,,not_run,skipped,rule does not fit,
37,sparse_edit_or_object_completion,neighbor_fill_square_5_4,63726,,13.937652078450405,,,not_run,skipped,rule does not fit,
37,sparse_edit_or_object_completion,neighbor_fill_square_5_5,63726,,13.937652078450405,,,not_run,skipped,rule does not fit,
37,sparse_edit_or_object_completion,neighbor_fill_square_5_6,63726,,13.937652078450405,,,not_run,skipped,rule does not fit,
37,sparse_edit_or_object_completion,neighbor_fill_square_5_7,63726,,13.937652078450405,,,not_run,skipped,rule does not fit,
37,sparse_edit_or_object_completion,neighbor_fill_square_5_8,63726,,13.937652078450405,,,not_run,skipped,rule does not fit,
37,sparse_edit_or_object_completion,neighbor_fill_hline_6_1,63726,,13.937652078450405,,,not_run,skipped,rule does not fit,
37,sparse_edit_or_object_completion,neighbor_fill_hline_6_2,63726,,13.937652078450405,,,not_run,skipped,rule does not fit,
37,sparse_edit_or_object_completion,neighbor_fill_vline_6_1,63726,,13.937652078450405,,,not_run,skipped,rule does not fit,
37,sparse_edit_or_object_completion,neighbor_fill_vline_6_2,63726,,13.937652078450405,,,not_run,skipped,rule does not fit,
37,sparse_edit_or_object_completion,neighbor_fill_cross_6_1,63726,,13.937652078450405,,,not_run,skipped,rule does not fit,
37,sparse_edit_or_object_completion,neighbor_fill_cross_6_2,63726,,13.937652078450405,,,not_run,skipped,rule does not fit,
37,sparse_edit_or_object_completion,neighbor_fill_cross_6_3,63726,,13.937652078450405,,,not_run,skipped,rule does not fit,
37,sparse_edit_or_object_completion,neighbor_fill_cross_6_4,63726,,13.937652078450405,,,not_run,skipped,rule does not fit,
37,sparse_edit_or_object_completion,neighbor_fill_square_6_1,63726,,13.937652078450405,,,not_run,skipped,rule does not fit,
37,sparse_edit_or_object_completion,neighbor_fill_square_6_2,63726,,13.937652078450405,,,not_run,skipped,rule does not fit,
37,sparse_edit_or_object_completion,neighbor_fill_square_6_3,63726,,13.937652078450405,,,not_run,skipped,rule does not fit,
37,sparse_edit_or_object_completion,neighbor_fill_square_6_4,63726,,13.937652078450405,,,not_run,skipped,rule does not fit,
37,sparse_edit_or_object_completion,neighbor_fill_square_6_5,63726,,13.937652078450405,,,not_run,skipped,rule does not fit,
37,sparse_edit_or_object_completion,neighbor_fill_square_6_6,63726,,13.937652078450405,,,not_run,skipped,rule does not fit,
37,sparse_edit_or_object_completion,neighbor_fill_square_6_7,63726,,13.937652078450405,,,not_run,skipped,rule does not fit,
37,sparse_edit_or_object_completion,neighbor_fill_square_6_8,63726,,13.937652078450405,,,not_run,skipped,rule does not fit,
37,sparse_edit_or_object_completion,neighbor_fill_hline_7_1,63726,,13.937652078450405,,,not_run,skipped,rule does not fit,
37,sparse_edit_or_object_completion,neighbor_fill_hline_7_2,63726,,13.937652078450405,,,not_run,skipped,rule does not fit,
37,sparse_edit_or_object_completion,neighbor_fill_vline_7_1,63726,,13.937652078450405,,,not_run,skipped,rule does not fit,
37,sparse_edit_or_object_completion,neighbor_fill_vline_7_2,63726,,13.937652078450405,,,not_run,skipped,rule does not fit,
37,sparse_edit_or_object_completion,neighbor_fill_cross_7_1,63726,,13.937652078450405,,,not_run,skipped,rule does not fit,
37,sparse_edit_or_object_completion,neighbor_fill_cross_7_2,63726,,13.937652078450405,,,not_run,skipped,rule does not fit,
37,sparse_edit_or_object_completion,neighbor_fill_cross_7_3,63726,,13.937652078450405,,,not_run,skipped,rule does not fit,
37,sparse_edit_or_object_completion,neighbor_fill_cross_7_4,63726,,13.937652078450405,,,not_run,skipped,rule does not fit,
37,sparse_edit_or_object_completion,neighbor_fill_square_7_1,63726,,13.937652078450405,,,not_run,skipped,rule does not fit,
37,sparse_edit_or_object_completion,neighbor_fill_square_7_2,63726,,13.937652078450405,,,not_run,skipped,rule does not fit,
37,sparse_edit_or_object_completion,neighbor_fill_square_7_3,63726,,13.937652078450405,,,not_run,skipped,rule does not fit,
37,sparse_edit_or_object_completion,neighbor_fill_square_7_4,63726,,13.937652078450405,,,not_run,skipped,rule does not fit,
37,sparse_edit_or_object_completion,neighbor_fill_square_7_5,63726,,13.937652078450405,,,not_run,skipped,rule does not fit,
37,sparse_edit_or_object_completion,neighbor_fill_square_7_6,63726,,13.937652078450405,,,not_run,skipped,rule does not fit,
37,sparse_edit_or_object_completion,neighbor_fill_square_7_7,63726,,13.937652078450405,,,not_run,skipped,rule does not fit,
37,sparse_edit_or_object_completion,neighbor_fill_square_7_8,63726,,13.937652078450405,,,not_run,skipped,rule does not fit,
37,sparse_edit_or_object_completion,neighbor_fill_hline_8_1,63726,,13.937652078450405,,,not_run,skipped,rule does not fit,
37,sparse_edit_or_object_completion,neighbor_fill_hline_8_2,63726,,13.937652078450405,,,not_run,skipped,rule does not fit,
37,sparse_edit_or_object_completion,neighbor_fill_vline_8_1,63726,,13.937652078450405,,,not_run,skipped,rule does not fit,
37,sparse_edit_or_object_completion,neighbor_fill_vline_8_2,63726,,13.937652078450405,,,not_run,skipped,rule does not fit,
37,sparse_edit_or_object_completion,neighbor_fill_cross_8_1,63726,,13.937652078450405,,,not_run,skipped,rule does not fit,
37,sparse_edit_or_object_completion,neighbor_fill_cross_8_2,63726,,13.937652078450405,,,not_run,skipped,rule does not fit,
37,sparse_edit_or_object_completion,neighbor_fill_cross_8_3,63726,,13.937652078450405,,,not_run,skipped,rule does not fit,
37,sparse_edit_or_object_completion,neighbor_fill_cross_8_4,63726,,13.937652078450405,,,not_run,skipped,rule does not fit,
37,sparse_edit_or_object_completion,neighbor_fill_square_8_1,63726,,13.937652078450405,,,not_run,skipped,rule does not fit,
37,sparse_edit_or_object_completion,neighbor_fill_square_8_2,63726,,13.937652078450405,,,not_run,skipped,rule does not fit,
37,sparse_edit_or_object_completion,neighbor_fill_square_8_3,63726,,13.937652078450405,,,not_run,skipped,rule does not fit,
37,sparse_edit_or_object_completion,neighbor_fill_square_8_4,63726,,13.937652078450405,,,not_run,skipped,rule does not fit,
37,sparse_edit_or_object_completion,neighbor_fill_square_8_5,63726,,13.937652078450405,,,not_run,skipped,rule does not fit,
37,sparse_edit_or_object_completion,neighbor_fill_square_8_6,63726,,13.937652078450405,,,not_run,skipped,rule does not fit,
37,sparse_edit_or_object_completion,neighbor_fill_square_8_7,63726,,13.937652078450405,,,not_run,skipped,rule does not fit,
37,sparse_edit_or_object_completion,neighbor_fill_square_8_8,63726,,13.937652078450405,,,not_run,skipped,rule does not fit,
37,sparse_edit_or_object_completion,neighbor_fill_hline_9_1,63726,,13.937652078450405,,,not_run,skipped,rule does not fit,
37,sparse_edit_or_object_completion,neighbor_fill_hline_9_2,63726,,13.937652078450405,,,not_run,skipped,rule does not fit,
37,sparse_edit_or_object_completion,neighbor_fill_vline_9_1,63726,,13.937652078450405,,,not_run,skipped,rule does not fit,
37,sparse_edit_or_object_completion,neighbor_fill_vline_9_2,63726,,13.937652078450405,,,not_run,skipped,rule does not fit,
37,sparse_edit_or_object_completion,neighbor_fill_cross_9_1,63726,,13.937652078450405,,,not_run,skipped,rule does not fit,
37,sparse_edit_or_object_completion,neighbor_fill_cross_9_2,63726,,13.937652078450405,,,not_run,skipped,rule does not fit,
37,sparse_edit_or_object_completion,neighbor_fill_cross_9_3,63726,,13.937652078450405,,,not_run,skipped,rule does not fit,
37,sparse_edit_or_object_completion,neighbor_fill_cross_9_4,63726,,13.937652078450405,,,not_run,skipped,rule does not fit,
37,sparse_edit_or_object_completion,neighbor_fill_square_9_1,63726,,13.937652078450405,,,not_run,skipped,rule does not fit,
37,sparse_edit_or_object_completion,neighbor_fill_square_9_2,63726,,13.937652078450405,,,not_run,skipped,rule does not fit,
37,sparse_edit_or_object_completion,neighbor_fill_square_9_3,63726,,13.937652078450405,,,not_run,skipped,rule does not fit,
37,sparse_edit_or_object_completion,neighbor_fill_square_9_4,63726,,13.937652078450405,,,not_run,skipped,rule does not fit,
37,sparse_edit_or_object_completion,neighbor_fill_square_9_5,63726,,13.937652078450405,,,not_run,skipped,rule does not fit,
37,sparse_edit_or_object_completion,neighbor_fill_square_9_6,63726,,13.937652078450405,,,not_run,skipped,rule does not fit,
37,sparse_edit_or_object_completion,neighbor_fill_square_9_7,63726,,13.937652078450405,,,not_run,skipped,rule does not fit,
37,sparse_edit_or_object_completion,neighbor_fill_square_9_8,63726,,13.937652078450405,,,not_run,skipped,rule does not fit,
387,sparse_edit_or_object_completion,signature_scatternd_lookup,63558,22270,13.940291846175448,14.989004239748587,50904,25_pass_0_fail,improved,ok,cb14f1735c45fc8918b5ac0301a52185abb71182bf304bf528ad5ac6459f959d
387,sparse_edit_or_object_completion,direct_identity,63558,,13.940291846175448,,,not_run,skipped,not identity,
387,sparse_edit_or_object_completion,conv_color_map,63558,,13.940291846175448,,,not_run,skipped,conflicting color map,
387,sparse_edit_or_object_completion,fixed_mask_where,63558,,13.940291846175448,,,not_run,skipped,fixed edit conflict,
387,sparse_edit_or_object_completion,neighbor_fill_hline_1_1,63558,,13.940291846175448,,,not_run,skipped,rule does not fit,
387,sparse_edit_or_object_completion,neighbor_fill_hline_1_2,63558,,13.940291846175448,,,not_run,skipped,rule does not fit,
387,sparse_edit_or_object_completion,neighbor_fill_vline_1_1,63558,,13.940291846175448,,,not_run,skipped,rule does not fit,
387,sparse_edit_or_object_completion,neighbor_fill_vline_1_2,63558,,13.940291846175448,,,not_run,skipped,rule does not fit,
387,sparse_edit_or_object_completion,neighbor_fill_cross_1_1,63558,,13.940291846175448,,,not_run,skipped,rule does not fit,
387,sparse_edit_or_object_completion,neighbor_fill_cross_1_2,63558,,13.940291846175448,,,not_run,skipped,rule does not fit,
387,sparse_edit_or_object_completion,neighbor_fill_cross_1_3,63558,,13.940291846175448,,,not_run,skipped,rule does not fit,
387,sparse_edit_or_object_completion,neighbor_fill_cross_1_4,63558,,13.940291846175448,,,not_run,skipped,rule does not fit,
387,sparse_edit_or_object_completion,neighbor_fill_square_1_1,63558,,13.940291846175448,,,not_run,skipped,rule does not fit,
387,sparse_edit_or_object_completion,neighbor_fill_square_1_2,63558,,13.940291846175448,,,not_run,skipped,rule does not fit,
387,sparse_edit_or_object_completion,neighbor_fill_square_1_3,63558,,13.940291846175448,,,not_run,skipped,rule does not fit,
387,sparse_edit_or_object_completion,neighbor_fill_square_1_4,63558,,13.940291846175448,,,not_run,skipped,rule does not fit,
387,sparse_edit_or_object_completion,neighbor_fill_square_1_5,63558,,13.940291846175448,,,not_run,skipped,rule does not fit,
387,sparse_edit_or_object_completion,neighbor_fill_square_1_6,63558,,13.940291846175448,,,not_run,skipped,rule does not fit,
387,sparse_edit_or_object_completion,neighbor_fill_square_1_7,63558,,13.940291846175448,,,not_run,skipped,rule does not fit,
387,sparse_edit_or_object_completion,neighbor_fill_square_1_8,63558,,13.940291846175448,,,not_run,skipped,rule does not fit,
387,sparse_edit_or_object_completion,neighbor_fill_hline_2_1,63558,,13.940291846175448,,,not_run,skipped,rule does not fit,
387,sparse_edit_or_object_completion,neighbor_fill_hline_2_2,63558,,13.940291846175448,,,not_run,skipped,rule does not fit,
387,sparse_edit_or_object_completion,neighbor_fill_vline_2_1,63558,,13.940291846175448,,,not_run,skipped,rule does not fit,
387,sparse_edit_or_object_completion,neighbor_fill_vline_2_2,63558,,13.940291846175448,,,not_run,skipped,rule does not fit,
387,sparse_edit_or_object_completion,neighbor_fill_cross_2_1,63558,,13.940291846175448,,,not_run,skipped,rule does not fit,
387,sparse_edit_or_object_completion,neighbor_fill_cross_2_2,63558,,13.940291846175448,,,not_run,skipped,rule does not fit,
387,sparse_edit_or_object_completion,neighbor_fill_cross_2_3,63558,,13.940291846175448,,,not_run,skipped,rule does not fit,
387,sparse_edit_or_object_completion,neighbor_fill_cross_2_4,63558,,13.940291846175448,,,not_run,skipped,rule does not fit,
387,sparse_edit_or_object_completion,neighbor_fill_square_2_1,63558,,13.940291846175448,,,not_run,skipped,rule does not fit,
387,sparse_edit_or_object_completion,neighbor_fill_square_2_2,63558,,13.940291846175448,,,not_run,skipped,rule does not fit,
387,sparse_edit_or_object_completion,neighbor_fill_square_2_3,63558,,13.940291846175448,,,not_run,skipped,rule does not fit,
387,sparse_edit_or_object_completion,neighbor_fill_square_2_4,63558,,13.940291846175448,,,not_run,skipped,rule does not fit,
387,sparse_edit_or_object_completion,neighbor_fill_square_2_5,63558,,13.940291846175448,,,not_run,skipped,rule does not fit,
387,sparse_edit_or_object_completion,neighbor_fill_square_2_6,63558,,13.940291846175448,,,not_run,skipped,rule does not fit,
387,sparse_edit_or_object_completion,neighbor_fill_square_2_7,63558,,13.940291846175448,,,not_run,skipped,rule does not fit,
387,sparse_edit_or_object_completion,neighbor_fill_square_2_8,63558,,13.940291846175448,,,not_run,skipped,rule does not fit,
387,sparse_edit_or_object_completion,neighbor_fill_hline_3_1,63558,,13.940291846175448,,,not_run,skipped,rule does not fit,
387,sparse_edit_or_object_completion,neighbor_fill_hline_3_2,63558,,13.940291846175448,,,not_run,skipped,rule does not fit,
387,sparse_edit_or_object_completion,neighbor_fill_vline_3_1,63558,,13.940291846175448,,,not_run,skipped,rule does not fit,
387,sparse_edit_or_object_completion,neighbor_fill_vline_3_2,63558,,13.940291846175448,,,not_run,skipped,rule does not fit,
387,sparse_edit_or_object_completion,neighbor_fill_cross_3_1,63558,,13.940291846175448,,,not_run,skipped,rule does not fit,
387,sparse_edit_or_object_completion,neighbor_fill_cross_3_2,63558,,13.940291846175448,,,not_run,skipped,rule does not fit,
387,sparse_edit_or_object_completion,neighbor_fill_cross_3_3,63558,,13.940291846175448,,,not_run,skipped,rule does not fit,
387,sparse_edit_or_object_completion,neighbor_fill_cross_3_4,63558,,13.940291846175448,,,not_run,skipped,rule does not fit,
387,sparse_edit_or_object_completion,neighbor_fill_square_3_1,63558,,13.940291846175448,,,not_run,skipped,rule does not fit,
387,sparse_edit_or_object_completion,neighbor_fill_square_3_2,63558,,13.940291846175448,,,not_run,skipped,rule does not fit,
387,sparse_edit_or_object_completion,neighbor_fill_square_3_3,63558,,13.940291846175448,,,not_run,skipped,rule does not fit,
387,sparse_edit_or_object_completion,neighbor_fill_square_3_4,63558,,13.940291846175448,,,not_run,skipped,rule does not fit,
387,sparse_edit_or_object_completion,neighbor_fill_square_3_5,63558,,13.940291846175448,,,not_run,skipped,rule does not fit,
387,sparse_edit_or_object_completion,neighbor_fill_square_3_6,63558,,13.940291846175448,,,not_run,skipped,rule does not fit,
387,sparse_edit_or_object_completion,neighbor_fill_square_3_7,63558,,13.940291846175448,,,not_run,skipped,rule does not fit,
387,sparse_edit_or_object_completion,neighbor_fill_square_3_8,63558,,13.940291846175448,,,not_run,skipped,rule does not fit,
387,sparse_edit_or_object_completion,neighbor_fill_hline_4_1,63558,,13.940291846175448,,,not_run,skipped,rule does not fit,
387,sparse_edit_or_object_completion,neighbor_fill_hline_4_2,63558,,13.940291846175448,,,not_run,skipped,rule does not fit,
387,sparse_edit_or_object_completion,neighbor_fill_vline_4_1,63558,,13.940291846175448,,,not_run,skipped,rule does not fit,
387,sparse_edit_or_object_completion,neighbor_fill_vline_4_2,63558,,13.940291846175448,,,not_run,skipped,rule does not fit,
387,sparse_edit_or_object_completion,neighbor_fill_cross_4_1,63558,,13.940291846175448,,,not_run,skipped,rule does not fit,
387,sparse_edit_or_object_completion,neighbor_fill_cross_4_2,63558,,13.940291846175448,,,not_run,skipped,rule does not fit,
387,sparse_edit_or_object_completion,neighbor_fill_cross_4_3,63558,,13.940291846175448,,,not_run,skipped,rule does not fit,
387,sparse_edit_or_object_completion,neighbor_fill_cross_4_4,63558,,13.940291846175448,,,not_run,skipped,rule does not fit,
387,sparse_edit_or_object_completion,neighbor_fill_square_4_1,63558,,13.940291846175448,,,not_run,skipped,rule does not fit,
387,sparse_edit_or_object_completion,neighbor_fill_square_4_2,63558,,13.940291846175448,,,not_run,skipped,rule does not fit,
387,sparse_edit_or_object_completion,neighbor_fill_square_4_3,63558,,13.940291846175448,,,not_run,skipped,rule does not fit,
387,sparse_edit_or_object_completion,neighbor_fill_square_4_4,63558,,13.940291846175448,,,not_run,skipped,rule does not fit,
387,sparse_edit_or_object_completion,neighbor_fill_square_4_5,63558,,13.940291846175448,,,not_run,skipped,rule does not fit,
387,sparse_edit_or_object_completion,neighbor_fill_square_4_6,63558,,13.940291846175448,,,not_run,skipped,rule does not fit,
387,sparse_edit_or_object_completion,neighbor_fill_square_4_7,63558,,13.940291846175448,,,not_run,skipped,rule does not fit,
387,sparse_edit_or_object_completion,neighbor_fill_square_4_8,63558,,13.940291846175448,,,not_run,skipped,rule does not fit,
387,sparse_edit_or_object_completion,neighbor_fill_hline_5_1,63558,,13.940291846175448,,,not_run,skipped,rule does not fit,
387,sparse_edit_or_object_completion,neighbor_fill_hline_5_2,63558,,13.940291846175448,,,not_run,skipped,rule does not fit,
387,sparse_edit_or_object_completion,neighbor_fill_vline_5_1,63558,,13.940291846175448,,,not_run,skipped,rule does not fit,
387,sparse_edit_or_object_completion,neighbor_fill_vline_5_2,63558,,13.940291846175448,,,not_run,skipped,rule does not fit,
387,sparse_edit_or_object_completion,neighbor_fill_cross_5_1,63558,,13.940291846175448,,,not_run,skipped,rule does not fit,
387,sparse_edit_or_object_completion,neighbor_fill_cross_5_2,63558,,13.940291846175448,,,not_run,skipped,rule does not fit,
387,sparse_edit_or_object_completion,neighbor_fill_cross_5_3,63558,,13.940291846175448,,,not_run,skipped,rule does not fit,
387,sparse_edit_or_object_completion,neighbor_fill_cross_5_4,63558,,13.940291846175448,,,not_run,skipped,rule does not fit,
387,sparse_edit_or_object_completion,neighbor_fill_square_5_1,63558,,13.940291846175448,,,not_run,skipped,rule does not fit,
387,sparse_edit_or_object_completion,neighbor_fill_square_5_2,63558,,13.940291846175448,,,not_run,skipped,rule does not fit,
387,sparse_edit_or_object_completion,neighbor_fill_square_5_3,63558,,13.940291846175448,,,not_run,skipped,rule does not fit,
387,sparse_edit_or_object_completion,neighbor_fill_square_5_4,63558,,13.940291846175448,,,not_run,skipped,rule does not fit,
387,sparse_edit_or_object_completion,neighbor_fill_square_5_5,63558,,13.940291846175448,,,not_run,skipped,rule does not fit,
387,sparse_edit_or_object_completion,neighbor_fill_square_5_6,63558,,13.940291846175448,,,not_run,skipped,rule does not fit,
387,sparse_edit_or_object_completion,neighbor_fill_square_5_7,63558,,13.940291846175448,,,not_run,skipped,rule does not fit,
387,sparse_edit_or_object_completion,neighbor_fill_square_5_8,63558,,13.940291846175448,,,not_run,skipped,rule does not fit,
387,sparse_edit_or_object_completion,neighbor_fill_hline_6_1,63558,,13.940291846175448,,,not_run,skipped,rule does not fit,
387,sparse_edit_or_object_completion,neighbor_fill_hline_6_2,63558,,13.940291846175448,,,not_run,skipped,rule does not fit,
387,sparse_edit_or_object_completion,neighbor_fill_vline_6_1,63558,,13.940291846175448,,,not_run,skipped,rule does not fit,
387,sparse_edit_or_object_completion,neighbor_fill_vline_6_2,63558,,13.940291846175448,,,not_run,skipped,rule does not fit,
387,sparse_edit_or_object_completion,neighbor_fill_cross_6_1,63558,,13.940291846175448,,,not_run,skipped,rule does not fit,
387,sparse_edit_or_object_completion,neighbor_fill_cross_6_2,63558,,13.940291846175448,,,not_run,skipped,rule does not fit,
387,sparse_edit_or_object_completion,neighbor_fill_cross_6_3,63558,,13.940291846175448,,,not_run,skipped,rule does not fit,
387,sparse_edit_or_object_completion,neighbor_fill_cross_6_4,63558,,13.940291846175448,,,not_run,skipped,rule does not fit,
387,sparse_edit_or_object_completion,neighbor_fill_square_6_1,63558,,13.940291846175448,,,not_run,skipped,rule does not fit,
387,sparse_edit_or_object_completion,neighbor_fill_square_6_2,63558,,13.940291846175448,,,not_run,skipped,rule does not fit,
387,sparse_edit_or_object_completion,neighbor_fill_square_6_3,63558,,13.940291846175448,,,not_run,skipped,rule does not fit,
387,sparse_edit_or_object_completion,neighbor_fill_square_6_4,63558,,13.940291846175448,,,not_run,skipped,rule does not fit,
387,sparse_edit_or_object_completion,neighbor_fill_square_6_5,63558,,13.940291846175448,,,not_run,skipped,rule does not fit,
387,sparse_edit_or_object_completion,neighbor_fill_square_6_6,63558,,13.940291846175448,,,not_run,skipped,rule does not fit,
387,sparse_edit_or_object_completion,neighbor_fill_square_6_7,63558,,13.940291846175448,,,not_run,skipped,rule does not fit,
387,sparse_edit_or_object_completion,neighbor_fill_square_6_8,63558,,13.940291846175448,,,not_run,skipped,rule does not fit,
387,sparse_edit_or_object_completion,neighbor_fill_hline_7_1,63558,,13.940291846175448,,,not_run,skipped,rule does not fit,
387,sparse_edit_or_object_completion,neighbor_fill_hline_7_2,63558,,13.940291846175448,,,not_run,skipped,rule does not fit,
387,sparse_edit_or_object_completion,neighbor_fill_vline_7_1,63558,,13.940291846175448,,,not_run,skipped,rule does not fit,
387,sparse_edit_or_object_completion,neighbor_fill_vline_7_2,63558,,13.940291846175448,,,not_run,skipped,rule does not fit,
387,sparse_edit_or_object_completion,neighbor_fill_cross_7_1,63558,,13.940291846175448,,,not_run,skipped,rule does not fit,
387,sparse_edit_or_object_completion,neighbor_fill_cross_7_2,63558,,13.940291846175448,,,not_run,skipped,rule does not fit,
387,sparse_edit_or_object_completion,neighbor_fill_cross_7_3,63558,,13.940291846175448,,,not_run,skipped,rule does not fit,
387,sparse_edit_or_object_completion,neighbor_fill_cross_7_4,63558,,13.940291846175448,,,not_run,skipped,rule does not fit,
387,sparse_edit_or_object_completion,neighbor_fill_square_7_1,63558,,13.940291846175448,,,not_run,skipped,rule does not fit,
387,sparse_edit_or_object_completion,neighbor_fill_square_7_2,63558,,13.940291846175448,,,not_run,skipped,rule does not fit,
387,sparse_edit_or_object_completion,neighbor_fill_square_7_3,63558,,13.940291846175448,,,not_run,skipped,rule does not fit,
387,sparse_edit_or_object_completion,neighbor_fill_square_7_4,63558,,13.940291846175448,,,not_run,skipped,rule does not fit,
387,sparse_edit_or_object_completion,neighbor_fill_square_7_5,63558,,13.940291846175448,,,not_run,skipped,rule does not fit,
387,sparse_edit_or_object_completion,neighbor_fill_square_7_6,63558,,13.940291846175448,,,not_run,skipped,rule does not fit,
387,sparse_edit_or_object_completion,neighbor_fill_square_7_7,63558,,13.940291846175448,,,not_run,skipped,rule does not fit,
387,sparse_edit_or_object_completion,neighbor_fill_square_7_8,63558,,13.940291846175448,,,not_run,skipped,rule does not fit,
387,sparse_edit_or_object_completion,neighbor_fill_hline_8_1,63558,,13.940291846175448,,,not_run,skipped,rule does not fit,
387,sparse_edit_or_object_completion,neighbor_fill_hline_8_2,63558,,13.940291846175448,,,not_run,skipped,rule does not fit,
387,sparse_edit_or_object_completion,neighbor_fill_vline_8_1,63558,,13.940291846175448,,,not_run,skipped,rule does not fit,
387,sparse_edit_or_object_completion,neighbor_fill_vline_8_2,63558,,13.940291846175448,,,not_run,skipped,rule does not fit,
387,sparse_edit_or_object_completion,neighbor_fill_cross_8_1,63558,,13.940291846175448,,,not_run,skipped,rule does not fit,
387,sparse_edit_or_object_completion,neighbor_fill_cross_8_2,63558,,13.940291846175448,,,not_run,skipped,rule does not fit,
387,sparse_edit_or_object_completion,neighbor_fill_cross_8_3,63558,,13.940291846175448,,,not_run,skipped,rule does not fit,
387,sparse_edit_or_object_completion,neighbor_fill_cross_8_4,63558,,13.940291846175448,,,not_run,skipped,rule does not fit,
387,sparse_edit_or_object_completion,neighbor_fill_square_8_1,63558,,13.940291846175448,,,not_run,skipped,rule does not fit,
387,sparse_edit_or_object_completion,neighbor_fill_square_8_2,63558,,13.940291846175448,,,not_run,skipped,rule does not fit,
387,sparse_edit_or_object_completion,neighbor_fill_square_8_3,63558,,13.940291846175448,,,not_run,skipped,rule does not fit,
387,sparse_edit_or_object_completion,neighbor_fill_square_8_4,63558,,13.940291846175448,,,not_run,skipped,rule does not fit,
387,sparse_edit_or_object_completion,neighbor_fill_square_8_5,63558,,13.940291846175448,,,not_run,skipped,rule does not fit,
387,sparse_edit_or_object_completion,neighbor_fill_square_8_6,63558,,13.940291846175448,,,not_run,skipped,rule does not fit,
387,sparse_edit_or_object_completion,neighbor_fill_square_8_7,63558,,13.940291846175448,,,not_run,skipped,rule does not fit,
387,sparse_edit_or_object_completion,neighbor_fill_square_8_8,63558,,13.940291846175448,,,not_run,skipped,rule does not fit,
387,sparse_edit_or_object_completion,neighbor_fill_hline_9_1,63558,,13.940291846175448,,,not_run,skipped,rule does not fit,
387,sparse_edit_or_object_completion,neighbor_fill_hline_9_2,63558,,13.940291846175448,,,not_run,skipped,rule does not fit,
387,sparse_edit_or_object_completion,neighbor_fill_vline_9_1,63558,,13.940291846175448,,,not_run,skipped,rule does not fit,
387,sparse_edit_or_object_completion,neighbor_fill_vline_9_2,63558,,13.940291846175448,,,not_run,skipped,rule does not fit,
387,sparse_edit_or_object_completion,neighbor_fill_cross_9_1,63558,,13.940291846175448,,,not_run,skipped,rule does not fit,
387,sparse_edit_or_object_completion,neighbor_fill_cross_9_2,63558,,13.940291846175448,,,not_run,skipped,rule does not fit,
387,sparse_edit_or_object_completion,neighbor_fill_cross_9_3,63558,,13.940291846175448,,,not_run,skipped,rule does not fit,
387,sparse_edit_or_object_completion,neighbor_fill_cross_9_4,63558,,13.940291846175448,,,not_run,skipped,rule does not fit,
387,sparse_edit_or_object_completion,neighbor_fill_square_9_1,63558,,13.940291846175448,,,not_run,skipped,rule does not fit,
387,sparse_edit_or_object_completion,neighbor_fill_square_9_2,63558,,13.940291846175448,,,not_run,skipped,rule does not fit,
387,sparse_edit_or_object_completion,neighbor_fill_square_9_3,63558,,13.940291846175448,,,not_run,skipped,rule does not fit,
387,sparse_edit_or_object_completion,neighbor_fill_square_9_4,63558,,13.940291846175448,,,not_run,skipped,rule does not fit,
387,sparse_edit_or_object_completion,neighbor_fill_square_9_5,63558,,13.940291846175448,,,not_run,skipped,rule does not fit,
387,sparse_edit_or_object_completion,neighbor_fill_square_9_6,63558,,13.940291846175448,,,not_run,skipped,rule does not fit,
387,sparse_edit_or_object_completion,neighbor_fill_square_9_7,63558,,13.940291846175448,,,not_run,skipped,rule does not fit,
387,sparse_edit_or_object_completion,neighbor_fill_square_9_8,63558,,13.940291846175448,,,not_run,skipped,rule does not fit,
90,sparse_edit_or_object_completion,signature_scatternd_lookup,63354,8031,13.94350667496543,16.00893566781154,17978,25_pass_0_fail,improved,ok,f5f5ba6774434afc7ebf72723623b91390cba9bc5005fef92a60525cdd40f3c7
90,sparse_edit_or_object_completion,direct_identity,63354,,13.94350667496543,,,not_run,skipped,not identity,
90,sparse_edit_or_object_completion,conv_color_map,63354,,13.94350667496543,,,not_run,skipped,conflicting color map,
90,sparse_edit_or_object_completion,fixed_mask_where,63354,,13.94350667496543,,,not_run,skipped,edit target mismatch,
90,sparse_edit_or_object_completion,neighbor_fill_hline_6_1,63354,,13.94350667496543,,,not_run,skipped,rule does not fit,
90,sparse_edit_or_object_completion,neighbor_fill_hline_6_2,63354,,13.94350667496543,,,not_run,skipped,rule does not fit,
90,sparse_edit_or_object_completion,neighbor_fill_vline_6_1,63354,,13.94350667496543,,,not_run,skipped,rule does not fit,
90,sparse_edit_or_object_completion,neighbor_fill_vline_6_2,63354,,13.94350667496543,,,not_run,skipped,rule does not fit,
90,sparse_edit_or_object_completion,neighbor_fill_cross_6_1,63354,,13.94350667496543,,,not_run,skipped,rule does not fit,
90,sparse_edit_or_object_completion,neighbor_fill_cross_6_2,63354,,13.94350667496543,,,not_run,skipped,rule does not fit,
90,sparse_edit_or_object_completion,neighbor_fill_cross_6_3,63354,,13.94350667496543,,,not_run,skipped,rule does not fit,
90,sparse_edit_or_object_completion,neighbor_fill_cross_6_4,63354,,13.94350667496543,,,not_run,skipped,rule does not fit,
90,sparse_edit_or_object_completion,neighbor_fill_square_6_1,63354,,13.94350667496543,,,not_run,skipped,rule does not fit,
90,sparse_edit_or_object_completion,neighbor_fill_square_6_2,63354,,13.94350667496543,,,not_run,skipped,rule does not fit,
90,sparse_edit_or_object_completion,neighbor_fill_square_6_3,63354,,13.94350667496543,,,not_run,skipped,rule does not fit,
90,sparse_edit_or_object_completion,neighbor_fill_square_6_4,63354,,13.94350667496543,,,not_run,skipped,rule does not fit,
90,sparse_edit_or_object_completion,neighbor_fill_square_6_5,63354,,13.94350667496543,,,not_run,skipped,rule does not fit,
90,sparse_edit_or_object_completion,neighbor_fill_square_6_6,63354,,13.94350667496543,,,not_run,skipped,rule does not fit,
90,sparse_edit_or_object_completion,neighbor_fill_square_6_7,63354,,13.94350667496543,,,not_run,skipped,rule does not fit,
90,sparse_edit_or_object_completion,neighbor_fill_square_6_8,63354,,13.94350667496543,,,not_run,skipped,rule does not fit,
162,sparse_edit_or_object_completion,signature_scatternd_lookup,63291,12028,13.944501582071068,15.605007455891581,27876,24_pass_0_fail,improved,ok,f29312b662f79adab4de810016f77f899b7073a48ec7ceb9676d7802fd3b7fd3
162,sparse_edit_or_object_completion,direct_identity,63291,,13.944501582071068,,,not_run,skipped,not identity,
162,sparse_edit_or_object_completion,conv_color_map,63291,,13.944501582071068,,,not_run,skipped,conflicting color map,
162,sparse_edit_or_object_completion,fixed_mask_where,63291,,13.944501582071068,,,not_run,skipped,edit target mismatch,
162,sparse_edit_or_object_completion,neighbor_fill_hline_1_1,63291,,13.944501582071068,,,not_run,skipped,rule does not fit,
162,sparse_edit_or_object_completion,neighbor_fill_hline_1_2,63291,,13.944501582071068,,,not_run,skipped,rule does not fit,
162,sparse_edit_or_object_completion,neighbor_fill_vline_1_1,63291,,13.944501582071068,,,not_run,skipped,rule does not fit,
162,sparse_edit_or_object_completion,neighbor_fill_vline_1_2,63291,,13.944501582071068,,,not_run,skipped,rule does not fit,
162,sparse_edit_or_object_completion,neighbor_fill_cross_1_1,63291,,13.944501582071068,,,not_run,skipped,rule does not fit,
162,sparse_edit_or_object_completion,neighbor_fill_cross_1_2,63291,,13.944501582071068,,,not_run,skipped,rule does not fit,
162,sparse_edit_or_object_completion,neighbor_fill_cross_1_3,63291,,13.944501582071068,,,not_run,skipped,rule does not fit,
162,sparse_edit_or_object_completion,neighbor_fill_cross_1_4,63291,,13.944501582071068,,,not_run,skipped,rule does not fit,
162,sparse_edit_or_object_completion,neighbor_fill_square_1_1,63291,,13.944501582071068,,,not_run,skipped,rule does not fit,
162,sparse_edit_or_object_completion,neighbor_fill_square_1_2,63291,,13.944501582071068,,,not_run,skipped,rule does not fit,
162,sparse_edit_or_object_completion,neighbor_fill_square_1_3,63291,,13.944501582071068,,,not_run,skipped,rule does not fit,
162,sparse_edit_or_object_completion,neighbor_fill_square_1_4,63291,,13.944501582071068,,,not_run,skipped,rule does not fit,
162,sparse_edit_or_object_completion,neighbor_fill_square_1_5,63291,,13.944501582071068,,,not_run,skipped,rule does not fit,
162,sparse_edit_or_object_completion,neighbor_fill_square_1_6,63291,,13.944501582071068,,,not_run,skipped,rule does not fit,
162,sparse_edit_or_object_completion,neighbor_fill_square_1_7,63291,,13.944501582071068,,,not_run,skipped,rule does not fit,
162,sparse_edit_or_object_completion,neighbor_fill_square_1_8,63291,,13.944501582071068,,,not_run,skipped,rule does not fit,
206,sparse_edit_or_object_completion,signature_scatternd_lookup,61387,4796,13.975046634666326,16.524462483852595,8928,24_pass_0_fail,improved,ok,13d6560d8e7f8d5dd964640d7e5be9953b9b6b5dbb1ba9d08b492c2aca1ea5c5
206,sparse_edit_or_object_completion,direct_identity,61387,,13.975046634666326,,,not_run,skipped,not identity,
206,sparse_edit_or_object_completion,conv_color_map,61387,,13.975046634666326,,,not_run,skipped,conflicting color map,
206,sparse_edit_or_object_completion,fixed_mask_where,61387,,13.975046634666326,,,not_run,skipped,fixed edit conflict,
206,sparse_edit_or_object_completion,neighbor_fill_hline_1_1,61387,,13.975046634666326,,,not_run,skipped,rule does not fit,
206,sparse_edit_or_object_completion,neighbor_fill_hline_1_2,61387,,13.975046634666326,,,not_run,skipped,rule does not fit,
206,sparse_edit_or_object_completion,neighbor_fill_vline_1_1,61387,,13.975046634666326,,,not_run,skipped,rule does not fit,
206,sparse_edit_or_object_completion,neighbor_fill_vline_1_2,61387,,13.975046634666326,,,not_run,skipped,rule does not fit,
206,sparse_edit_or_object_completion,neighbor_fill_cross_1_1,61387,,13.975046634666326,,,not_run,skipped,rule does not fit,
206,sparse_edit_or_object_completion,neighbor_fill_cross_1_2,61387,,13.975046634666326,,,not_run,skipped,rule does not fit,
206,sparse_edit_or_object_completion,neighbor_fill_cross_1_3,61387,,13.975046634666326,,,not_run,skipped,rule does not fit,
206,sparse_edit_or_object_completion,neighbor_fill_cross_1_4,61387,,13.975046634666326,,,not_run,skipped,rule does not fit,
206,sparse_edit_or_object_completion,neighbor_fill_square_1_1,61387,,13.975046634666326,,,not_run,skipped,rule does not fit,
206,sparse_edit_or_object_completion,neighbor_fill_square_1_2,61387,,13.975046634666326,,,not_run,skipped,rule does not fit,
206,sparse_edit_or_object_completion,neighbor_fill_square_1_3,61387,,13.975046634666326,,,not_run,skipped,rule does not fit,
206,sparse_edit_or_object_completion,neighbor_fill_square_1_4,61387,,13.975046634666326,,,not_run,skipped,rule does not fit,
206,sparse_edit_or_object_completion,neighbor_fill_square_1_5,61387,,13.975046634666326,,,not_run,skipped,rule does not fit,
206,sparse_edit_or_object_completion,neighbor_fill_square_1_6,61387,,13.975046634666326,,,not_run,skipped,rule does not fit,
206,sparse_edit_or_object_completion,neighbor_fill_square_1_7,61387,,13.975046634666326,,,not_run,skipped,rule does not fit,
206,sparse_edit_or_object_completion,neighbor_fill_square_1_8,61387,,13.975046634666326,,,not_run,skipped,rule does not fit,
206,sparse_edit_or_object_completion,neighbor_fill_hline_2_1,61387,,13.975046634666326,,,not_run,skipped,rule does not fit,
206,sparse_edit_or_object_completion,neighbor_fill_hline_2_2,61387,,13.975046634666326,,,not_run,skipped,rule does not fit,
206,sparse_edit_or_object_completion,neighbor_fill_vline_2_1,61387,,13.975046634666326,,,not_run,skipped,rule does not fit,
206,sparse_edit_or_object_completion,neighbor_fill_vline_2_2,61387,,13.975046634666326,,,not_run,skipped,rule does not fit,
206,sparse_edit_or_object_completion,neighbor_fill_cross_2_1,61387,,13.975046634666326,,,not_run,skipped,rule does not fit,
206,sparse_edit_or_object_completion,neighbor_fill_cross_2_2,61387,,13.975046634666326,,,not_run,skipped,rule does not fit,
206,sparse_edit_or_object_completion,neighbor_fill_cross_2_3,61387,,13.975046634666326,,,not_run,skipped,rule does not fit,
206,sparse_edit_or_object_completion,neighbor_fill_cross_2_4,61387,,13.975046634666326,,,not_run,skipped,rule does not fit,
206,sparse_edit_or_object_completion,neighbor_fill_square_2_1,61387,,13.975046634666326,,,not_run,skipped,rule does not fit,
206,sparse_edit_or_object_completion,neighbor_fill_square_2_2,61387,,13.975046634666326,,,not_run,skipped,rule does not fit,
206,sparse_edit_or_object_completion,neighbor_fill_square_2_3,61387,,13.975046634666326,,,not_run,skipped,rule does not fit,
206,sparse_edit_or_object_completion,neighbor_fill_square_2_4,61387,,13.975046634666326,,,not_run,skipped,rule does not fit,
206,sparse_edit_or_object_completion,neighbor_fill_square_2_5,61387,,13.975046634666326,,,not_run,skipped,rule does not fit,
206,sparse_edit_or_object_completion,neighbor_fill_square_2_6,61387,,13.975046634666326,,,not_run,skipped,rule does not fit,
206,sparse_edit_or_object_completion,neighbor_fill_square_2_7,61387,,13.975046634666326,,,not_run,skipped,rule does not fit,
206,sparse_edit_or_object_completion,neighbor_fill_square_2_8,61387,,13.975046634666326,,,not_run,skipped,rule does not fit,
206,sparse_edit_or_object_completion,neighbor_fill_hline_3_1,61387,,13.975046634666326,,,not_run,skipped,rule does not fit,
206,sparse_edit_or_object_completion,neighbor_fill_hline_3_2,61387,,13.975046634666326,,,not_run,skipped,rule does not fit,
206,sparse_edit_or_object_completion,neighbor_fill_vline_3_1,61387,,13.975046634666326,,,not_run,skipped,rule does not fit,
206,sparse_edit_or_object_completion,neighbor_fill_vline_3_2,61387,,13.975046634666326,,,not_run,skipped,rule does not fit,
206,sparse_edit_or_object_completion,neighbor_fill_cross_3_1,61387,,13.975046634666326,,,not_run,skipped,rule does not fit,
206,sparse_edit_or_object_completion,neighbor_fill_cross_3_2,61387,,13.975046634666326,,,not_run,skipped,rule does not fit,
206,sparse_edit_or_object_completion,neighbor_fill_cross_3_3,61387,,13.975046634666326,,,not_run,skipped,rule does not fit,
206,sparse_edit_or_object_completion,neighbor_fill_cross_3_4,61387,,13.975046634666326,,,not_run,skipped,rule does not fit,
206,sparse_edit_or_object_completion,neighbor_fill_square_3_1,61387,,13.975046634666326,,,not_run,skipped,rule does not fit,
206,sparse_edit_or_object_completion,neighbor_fill_square_3_2,61387,,13.975046634666326,,,not_run,skipped,rule does not fit,
206,sparse_edit_or_object_completion,neighbor_fill_square_3_3,61387,,13.975046634666326,,,not_run,skipped,rule does not fit,
206,sparse_edit_or_object_completion,neighbor_fill_square_3_4,61387,,13.975046634666326,,,not_run,skipped,rule does not fit,
206,sparse_edit_or_object_completion,neighbor_fill_square_3_5,61387,,13.975046634666326,,,not_run,skipped,rule does not fit,
206,sparse_edit_or_object_completion,neighbor_fill_square_3_6,61387,,13.975046634666326,,,not_run,skipped,rule does not fit,
206,sparse_edit_or_object_completion,neighbor_fill_square_3_7,61387,,13.975046634666326,,,not_run,skipped,rule does not fit,
206,sparse_edit_or_object_completion,neighbor_fill_square_3_8,61387,,13.975046634666326,,,not_run,skipped,rule does not fit,
206,sparse_edit_or_object_completion,neighbor_fill_hline_6_1,61387,,13.975046634666326,,,not_run,skipped,rule does not fit,
206,sparse_edit_or_object_completion,neighbor_fill_hline_6_2,61387,,13.975046634666326,,,not_run,skipped,rule does not fit,
206,sparse_edit_or_object_completion,neighbor_fill_vline_6_1,61387,,13.975046634666326,,,not_run,skipped,rule does not fit,
206,sparse_edit_or_object_completion,neighbor_fill_vline_6_2,61387,,13.975046634666326,,,not_run,skipped,rule does not fit,
206,sparse_edit_or_object_completion,neighbor_fill_cross_6_1,61387,,13.975046634666326,,,not_run,skipped,rule does not fit,
206,sparse_edit_or_object_completion,neighbor_fill_cross_6_2,61387,,13.975046634666326,,,not_run,skipped,rule does not fit,
206,sparse_edit_or_object_completion,neighbor_fill_cross_6_3,61387,,13.975046634666326,,,not_run,skipped,rule does not fit,
206,sparse_edit_or_object_completion,neighbor_fill_cross_6_4,61387,,13.975046634666326,,,not_run,skipped,rule does not fit,
206,sparse_edit_or_object_completion,neighbor_fill_square_6_1,61387,,13.975046634666326,,,not_run,skipped,rule does not fit,
206,sparse_edit_or_object_completion,neighbor_fill_square_6_2,61387,,13.975046634666326,,,not_run,skipped,rule does not fit,
206,sparse_edit_or_object_completion,neighbor_fill_square_6_3,61387,,13.975046634666326,,,not_run,skipped,rule does not fit,
206,sparse_edit_or_object_completion,neighbor_fill_square_6_4,61387,,13.975046634666326,,,not_run,skipped,rule does not fit,
206,sparse_edit_or_object_completion,neighbor_fill_square_6_5,61387,,13.975046634666326,,,not_run,skipped,rule does not fit,
206,sparse_edit_or_object_completion,neighbor_fill_square_6_6,61387,,13.975046634666326,,,not_run,skipped,rule does not fit,
206,sparse_edit_or_object_completion,neighbor_fill_square_6_7,61387,,13.975046634666326,,,not_run,skipped,rule does not fit,
206,sparse_edit_or_object_completion,neighbor_fill_square_6_8,61387,,13.975046634666326,,,not_run,skipped,rule does not fit,
118,sparse_edit_or_object_completion,signature_scatternd_lookup,60026,10001,13.997466919324204,15.789559633023483,22980,25_pass_0_fail,improved,ok,bb42b6099e89d01e6c572d12b2be4799da868c02ef68e66be722c447a325390e
118,sparse_edit_or_object_completion,direct_identity,60026,,13.997466919324204,,,not_run,skipped,not identity,
118,sparse_edit_or_object_completion,conv_color_map,60026,,13.997466919324204,,,not_run,skipped,conflicting color map,
118,sparse_edit_or_object_completion,fixed_mask_where,60026,,13.997466919324204,,,not_run,skipped,edit target mismatch,
118,sparse_edit_or_object_completion,neighbor_fill_hline_8_1,60026,,13.997466919324204,,,not_run,skipped,rule does not fit,
118,sparse_edit_or_object_completion,neighbor_fill_hline_8_2,60026,,13.997466919324204,,,not_run,skipped,rule does not fit,
118,sparse_edit_or_object_completion,neighbor_fill_vline_8_1,60026,,13.997466919324204,,,not_run,skipped,rule does not fit,
118,sparse_edit_or_object_completion,neighbor_fill_vline_8_2,60026,,13.997466919324204,,,not_run,skipped,rule does not fit,
118,sparse_edit_or_object_completion,neighbor_fill_cross_8_1,60026,,13.997466919324204,,,not_run,skipped,rule does not fit,
118,sparse_edit_or_object_completion,neighbor_fill_cross_8_2,60026,,13.997466919324204,,,not_run,skipped,rule does not fit,
118,sparse_edit_or_object_completion,neighbor_fill_cross_8_3,60026,,13.997466919324204,,,not_run,skipped,rule does not fit,
118,sparse_edit_or_object_completion,neighbor_fill_cross_8_4,60026,,13.997466919324204,,,not_run,skipped,rule does not fit,
118,sparse_edit_or_object_completion,neighbor_fill_square_8_1,60026,,13.997466919324204,,,not_run,skipped,rule does not fit,
118,sparse_edit_or_object_completion,neighbor_fill_square_8_2,60026,,13.997466919324204,,,not_run,skipped,rule does not fit,
118,sparse_edit_or_object_completion,neighbor_fill_square_8_3,60026,,13.997466919324204,,,not_run,skipped,rule does not fit,
118,sparse_edit_or_object_completion,neighbor_fill_square_8_4,60026,,13.997466919324204,,,not_run,skipped,rule does not fit,
118,sparse_edit_or_object_completion,neighbor_fill_square_8_5,60026,,13.997466919324204,,,not_run,skipped,rule does not fit,
118,sparse_edit_or_object_completion,neighbor_fill_square_8_6,60026,,13.997466919324204,,,not_run,skipped,rule does not fit,
118,sparse_edit_or_object_completion,neighbor_fill_square_8_7,60026,,13.997466919324204,,,not_run,skipped,rule does not fit,
118,sparse_edit_or_object_completion,neighbor_fill_square_8_8,60026,,13.997466919324204,,,not_run,skipped,rule does not fit,
112,sparse_edit_or_object_completion,signature_scatternd_lookup,59270,15004,14.010141445218116,15.383927888798222,34020,24_pass_0_fail,improved,ok,1899e64c6cc4a8b0408fbf239aea13822434293439ba17d2c9d7b2c6865b9681
112,sparse_edit_or_object_completion,direct_identity,59270,,14.010141445218116,,,not_run,skipped,not identity,
112,sparse_edit_or_object_completion,conv_color_map,59270,,14.010141445218116,,,not_run,skipped,conflicting color map,
112,sparse_edit_or_object_completion,fixed_mask_where,59270,,14.010141445218116,,,not_run,skipped,edit target mismatch,
112,sparse_edit_or_object_completion,neighbor_fill_hline_2_1,59270,,14.010141445218116,,,not_run,skipped,rule does not fit,
112,sparse_edit_or_object_completion,neighbor_fill_hline_2_2,59270,,14.010141445218116,,,not_run,skipped,rule does not fit,
112,sparse_edit_or_object_completion,neighbor_fill_vline_2_1,59270,,14.010141445218116,,,not_run,skipped,rule does not fit,
112,sparse_edit_or_object_completion,neighbor_fill_vline_2_2,59270,,14.010141445218116,,,not_run,skipped,rule does not fit,
112,sparse_edit_or_object_completion,neighbor_fill_cross_2_1,59270,,14.010141445218116,,,not_run,skipped,rule does not fit,
112,sparse_edit_or_object_completion,neighbor_fill_cross_2_2,59270,,14.010141445218116,,,not_run,skipped,rule does not fit,
112,sparse_edit_or_object_completion,neighbor_fill_cross_2_3,59270,,14.010141445218116,,,not_run,skipped,rule does not fit,
112,sparse_edit_or_object_completion,neighbor_fill_cross_2_4,59270,,14.010141445218116,,,not_run,skipped,rule does not fit,
112,sparse_edit_or_object_completion,neighbor_fill_square_2_1,59270,,14.010141445218116,,,not_run,skipped,rule does not fit,
112,sparse_edit_or_object_completion,neighbor_fill_square_2_2,59270,,14.010141445218116,,,not_run,skipped,rule does not fit,
112,sparse_edit_or_object_completion,neighbor_fill_square_2_3,59270,,14.010141445218116,,,not_run,skipped,rule does not fit,
112,sparse_edit_or_object_completion,neighbor_fill_square_2_4,59270,,14.010141445218116,,,not_run,skipped,rule does not fit,
112,sparse_edit_or_object_completion,neighbor_fill_square_2_5,59270,,14.010141445218116,,,not_run,skipped,rule does not fit,
112,sparse_edit_or_object_completion,neighbor_fill_square_2_6,59270,,14.010141445218116,,,not_run,skipped,rule does not fit,
112,sparse_edit_or_object_completion,neighbor_fill_square_2_7,59270,,14.010141445218116,,,not_run,skipped,rule does not fit,
112,sparse_edit_or_object_completion,neighbor_fill_square_2_8,59270,,14.010141445218116,,,not_run,skipped,rule does not fit,
330,sparse_edit_or_object_completion,signature_scatternd_lookup,59024,16636,14.014300580163543,15.280675699137198,39396,24_pass_0_fail,improved,ok,313744594c540b13740bcc838c542f1047f34d4f5ba9c64f76070ade6166b2f3
330,sparse_edit_or_object_completion,direct_identity,59024,,14.014300580163543,,,not_run,skipped,not identity,
330,sparse_edit_or_object_completion,conv_color_map,59024,,14.014300580163543,,,not_run,skipped,conflicting color map,
330,sparse_edit_or_object_completion,fixed_mask_where,59024,,14.014300580163543,,,not_run,skipped,fixed edit conflict,
330,sparse_edit_or_object_completion,neighbor_fill_hline_1_1,59024,,14.014300580163543,,,not_run,skipped,rule does not fit,
330,sparse_edit_or_object_completion,neighbor_fill_hline_1_2,59024,,14.014300580163543,,,not_run,skipped,rule does not fit,
330,sparse_edit_or_object_completion,neighbor_fill_vline_1_1,59024,,14.014300580163543,,,not_run,skipped,rule does not fit,
330,sparse_edit_or_object_completion,neighbor_fill_vline_1_2,59024,,14.014300580163543,,,not_run,skipped,rule does not fit,
330,sparse_edit_or_object_completion,neighbor_fill_cross_1_1,59024,,14.014300580163543,,,not_run,skipped,rule does not fit,
330,sparse_edit_or_object_completion,neighbor_fill_cross_1_2,59024,,14.014300580163543,,,not_run,skipped,rule does not fit,
330,sparse_edit_or_object_completion,neighbor_fill_cross_1_3,59024,,14.014300580163543,,,not_run,skipped,rule does not fit,
330,sparse_edit_or_object_completion,neighbor_fill_cross_1_4,59024,,14.014300580163543,,,not_run,skipped,rule does not fit,
330,sparse_edit_or_object_completion,neighbor_fill_square_1_1,59024,,14.014300580163543,,,not_run,skipped,rule does not fit,
330,sparse_edit_or_object_completion,neighbor_fill_square_1_2,59024,,14.014300580163543,,,not_run,skipped,rule does not fit,
330,sparse_edit_or_object_completion,neighbor_fill_square_1_3,59024,,14.014300580163543,,,not_run,skipped,rule does not fit,
330,sparse_edit_or_object_completion,neighbor_fill_square_1_4,59024,,14.014300580163543,,,not_run,skipped,rule does not fit,
330,sparse_edit_or_object_completion,neighbor_fill_square_1_5,59024,,14.014300580163543,,,not_run,skipped,rule does not fit,
330,sparse_edit_or_object_completion,neighbor_fill_square_1_6,59024,,14.014300580163543,,,not_run,skipped,rule does not fit,
330,sparse_edit_or_object_completion,neighbor_fill_square_1_7,59024,,14.014300580163543,,,not_run,skipped,rule does not fit,
330,sparse_edit_or_object_completion,neighbor_fill_square_1_8,59024,,14.014300580163543,,,not_run,skipped,rule does not fit,
330,sparse_edit_or_object_completion,neighbor_fill_hline_2_1,59024,,14.014300580163543,,,not_run,skipped,rule does not fit,
330,sparse_edit_or_object_completion,neighbor_fill_hline_2_2,59024,,14.014300580163543,,,not_run,skipped,rule does not fit,
330,sparse_edit_or_object_completion,neighbor_fill_vline_2_1,59024,,14.014300580163543,,,not_run,skipped,rule does not fit,
330,sparse_edit_or_object_completion,neighbor_fill_vline_2_2,59024,,14.014300580163543,,,not_run,skipped,rule does not fit,
330,sparse_edit_or_object_completion,neighbor_fill_cross_2_1,59024,,14.014300580163543,,,not_run,skipped,rule does not fit,
330,sparse_edit_or_object_completion,neighbor_fill_cross_2_2,59024,,14.014300580163543,,,not_run,skipped,rule does not fit,
330,sparse_edit_or_object_completion,neighbor_fill_cross_2_3,59024,,14.014300580163543,,,not_run,skipped,rule does not fit,
330,sparse_edit_or_object_completion,neighbor_fill_cross_2_4,59024,,14.014300580163543,,,not_run,skipped,rule does not fit,
330,sparse_edit_or_object_completion,neighbor_fill_square_2_1,59024,,14.014300580163543,,,not_run,skipped,rule does not fit,
330,sparse_edit_or_object_completion,neighbor_fill_square_2_2,59024,,14.014300580163543,,,not_run,skipped,rule does not fit,
330,sparse_edit_or_object_completion,neighbor_fill_square_2_3,59024,,14.014300580163543,,,not_run,skipped,rule does not fit,
330,sparse_edit_or_object_completion,neighbor_fill_square_2_4,59024,,14.014300580163543,,,not_run,skipped,rule does not fit,
330,sparse_edit_or_object_completion,neighbor_fill_square_2_5,59024,,14.014300580163543,,,not_run,skipped,rule does not fit,
330,sparse_edit_or_object_completion,neighbor_fill_square_2_6,59024,,14.014300580163543,,,not_run,skipped,rule does not fit,
330,sparse_edit_or_object_completion,neighbor_fill_square_2_7,59024,,14.014300580163543,,,not_run,skipped,rule does not fit,
330,sparse_edit_or_object_completion,neighbor_fill_square_2_8,59024,,14.014300580163543,,,not_run,skipped,rule does not fit,
97,sparse_edit_or_object_completion,signature_scatternd_lookup,55812,8264,14.070255820987903,15.980335989200526,18110,25_pass_0_fail,improved,ok,e38633c52e1af64fbb1be9dafca0167a4d47e0920ce1cee51ec5ee71a08e24eb
97,sparse_edit_or_object_completion,direct_identity,55812,,14.070255820987903,,,not_run,skipped,not identity,
97,sparse_edit_or_object_completion,conv_color_map,55812,,14.070255820987903,,,not_run,skipped,conflicting color map,
97,sparse_edit_or_object_completion,fixed_mask_where,55812,,14.070255820987903,,,not_run,skipped,edit target mismatch,
97,sparse_edit_or_object_completion,neighbor_fill_hline_0_1,55812,,14.070255820987903,,,not_run,skipped,rule does not fit,
97,sparse_edit_or_object_completion,neighbor_fill_hline_0_2,55812,,14.070255820987903,,,not_run,skipped,rule does not fit,
97,sparse_edit_or_object_completion,neighbor_fill_vline_0_1,55812,,14.070255820987903,,,not_run,skipped,rule does not fit,
97,sparse_edit_or_object_completion,neighbor_fill_vline_0_2,55812,,14.070255820987903,,,not_run,skipped,rule does not fit,
97,sparse_edit_or_object_completion,neighbor_fill_cross_0_1,55812,,14.070255820987903,,,not_run,skipped,rule does not fit,
97,sparse_edit_or_object_completion,neighbor_fill_cross_0_2,55812,,14.070255820987903,,,not_run,skipped,rule does not fit,
97,sparse_edit_or_object_completion,neighbor_fill_cross_0_3,55812,,14.070255820987903,,,not_run,skipped,rule does not fit,
97,sparse_edit_or_object_completion,neighbor_fill_cross_0_4,55812,,14.070255820987903,,,not_run,skipped,rule does not fit,
97,sparse_edit_or_object_completion,neighbor_fill_square_0_1,55812,,14.070255820987903,,,not_run,skipped,rule does not fit,
97,sparse_edit_or_object_completion,neighbor_fill_square_0_2,55812,,14.070255820987903,,,not_run,skipped,rule does not fit,
97,sparse_edit_or_object_completion,neighbor_fill_square_0_3,55812,,14.070255820987903,,,not_run,skipped,rule does not fit,
97,sparse_edit_or_object_completion,neighbor_fill_square_0_4,55812,,14.070255820987903,,,not_run,skipped,rule does not fit,
97,sparse_edit_or_object_completion,neighbor_fill_square_0_5,55812,,14.070255820987903,,,not_run,skipped,rule does not fit,
97,sparse_edit_or_object_completion,neighbor_fill_square_0_6,55812,,14.070255820987903,,,not_run,skipped,rule does not fit,
97,sparse_edit_or_object_completion,neighbor_fill_square_0_7,55812,,14.070255820987903,,,not_run,skipped,rule does not fit,
97,sparse_edit_or_object_completion,neighbor_fill_square_0_8,55812,,14.070255820987903,,,not_run,skipped,rule does not fit,
33,sparse_edit_or_object_completion,signature_scatternd_lookup,55161,26076,14.081988539178049,14.83122936995557,62564,24_pass_0_fail,improved,ok,48c32551f77f9fb909240cd67fc601844f0259f34d808e999b054bf02cd3ffab
33,sparse_edit_or_object_completion,direct_identity,55161,,14.081988539178049,,,not_run,skipped,not identity,
33,sparse_edit_or_object_completion,conv_color_map,55161,,14.081988539178049,,,not_run,skipped,conflicting color map,
33,sparse_edit_or_object_completion,fixed_mask_where,55161,,14.081988539178049,,,not_run,skipped,fixed edit conflict,
33,sparse_edit_or_object_completion,neighbor_fill_hline_1_1,55161,,14.081988539178049,,,not_run,skipped,rule does not fit,
33,sparse_edit_or_object_completion,neighbor_fill_hline_1_2,55161,,14.081988539178049,,,not_run,skipped,rule does not fit,
33,sparse_edit_or_object_completion,neighbor_fill_vline_1_1,55161,,14.081988539178049,,,not_run,skipped,rule does not fit,
33,sparse_edit_or_object_completion,neighbor_fill_vline_1_2,55161,,14.081988539178049,,,not_run,skipped,rule does not fit,
33,sparse_edit_or_object_completion,neighbor_fill_cross_1_1,55161,,14.081988539178049,,,not_run,skipped,rule does not fit,
33,sparse_edit_or_object_completion,neighbor_fill_cross_1_2,55161,,14.081988539178049,,,not_run,skipped,rule does not fit,
33,sparse_edit_or_object_completion,neighbor_fill_cross_1_3,55161,,14.081988539178049,,,not_run,skipped,rule does not fit,
33,sparse_edit_or_object_completion,neighbor_fill_cross_1_4,55161,,14.081988539178049,,,not_run,skipped,rule does not fit,
33,sparse_edit_or_object_completion,neighbor_fill_square_1_1,55161,,14.081988539178049,,,not_run,skipped,rule does not fit,
33,sparse_edit_or_object_completion,neighbor_fill_square_1_2,55161,,14.081988539178049,,,not_run,skipped,rule does not fit,
33,sparse_edit_or_object_completion,neighbor_fill_square_1_3,55161,,14.081988539178049,,,not_run,skipped,rule does not fit,
33,sparse_edit_or_object_completion,neighbor_fill_square_1_4,55161,,14.081988539178049,,,not_run,skipped,rule does not fit,
33,sparse_edit_or_object_completion,neighbor_fill_square_1_5,55161,,14.081988539178049,,,not_run,skipped,rule does not fit,
33,sparse_edit_or_object_completion,neighbor_fill_square_1_6,55161,,14.081988539178049,,,not_run,skipped,rule does not fit,
33,sparse_edit_or_object_completion,neighbor_fill_square_1_7,55161,,14.081988539178049,,,not_run,skipped,rule does not fit,
33,sparse_edit_or_object_completion,neighbor_fill_square_1_8,55161,,14.081988539178049,,,not_run,skipped,rule does not fit,
33,sparse_edit_or_object_completion,neighbor_fill_hline_2_1,55161,,14.081988539178049,,,not_run,skipped,rule does not fit,
33,sparse_edit_or_object_completion,neighbor_fill_hline_2_2,55161,,14.081988539178049,,,not_run,skipped,rule does not fit,
33,sparse_edit_or_object_completion,neighbor_fill_vline_2_1,55161,,14.081988539178049,,,not_run,skipped,rule does not fit,
33,sparse_edit_or_object_completion,neighbor_fill_vline_2_2,55161,,14.081988539178049,,,not_run,skipped,rule does not fit,
33,sparse_edit_or_object_completion,neighbor_fill_cross_2_1,55161,,14.081988539178049,,,not_run,skipped,rule does not fit,
33,sparse_edit_or_object_completion,neighbor_fill_cross_2_2,55161,,14.081988539178049,,,not_run,skipped,rule does not fit,
33,sparse_edit_or_object_completion,neighbor_fill_cross_2_3,55161,,14.081988539178049,,,not_run,skipped,rule does not fit,
33,sparse_edit_or_object_completion,neighbor_fill_cross_2_4,55161,,14.081988539178049,,,not_run,skipped,rule does not fit,
33,sparse_edit_or_object_completion,neighbor_fill_square_2_1,55161,,14.081988539178049,,,not_run,skipped,rule does not fit,
33,sparse_edit_or_object_completion,neighbor_fill_square_2_2,55161,,14.081988539178049,,,not_run,skipped,rule does not fit,
33,sparse_edit_or_object_completion,neighbor_fill_square_2_3,55161,,14.081988539178049,,,not_run,skipped,rule does not fit,
33,sparse_edit_or_object_completion,neighbor_fill_square_2_4,55161,,14.081988539178049,,,not_run,skipped,rule does not fit,
33,sparse_edit_or_object_completion,neighbor_fill_square_2_5,55161,,14.081988539178049,,,not_run,skipped,rule does not fit,
33,sparse_edit_or_object_completion,neighbor_fill_square_2_6,55161,,14.081988539178049,,,not_run,skipped,rule does not fit,
33,sparse_edit_or_object_completion,neighbor_fill_square_2_7,55161,,14.081988539178049,,,not_run,skipped,rule does not fit,
33,sparse_edit_or_object_completion,neighbor_fill_square_2_8,55161,,14.081988539178049,,,not_run,skipped,rule does not fit,
33,sparse_edit_or_object_completion,neighbor_fill_hline_3_1,55161,,14.081988539178049,,,not_run,skipped,rule does not fit,
33,sparse_edit_or_object_completion,neighbor_fill_hline_3_2,55161,,14.081988539178049,,,not_run,skipped,rule does not fit,
33,sparse_edit_or_object_completion,neighbor_fill_vline_3_1,55161,,14.081988539178049,,,not_run,skipped,rule does not fit,
33,sparse_edit_or_object_completion,neighbor_fill_vline_3_2,55161,,14.081988539178049,,,not_run,skipped,rule does not fit,
33,sparse_edit_or_object_completion,neighbor_fill_cross_3_1,55161,,14.081988539178049,,,not_run,skipped,rule does not fit,
33,sparse_edit_or_object_completion,neighbor_fill_cross_3_2,55161,,14.081988539178049,,,not_run,skipped,rule does not fit,
33,sparse_edit_or_object_completion,neighbor_fill_cross_3_3,55161,,14.081988539178049,,,not_run,skipped,rule does not fit,
33,sparse_edit_or_object_completion,neighbor_fill_cross_3_4,55161,,14.081988539178049,,,not_run,skipped,rule does not fit,
33,sparse_edit_or_object_completion,neighbor_fill_square_3_1,55161,,14.081988539178049,,,not_run,skipped,rule does not fit,
33,sparse_edit_or_object_completion,neighbor_fill_square_3_2,55161,,14.081988539178049,,,not_run,skipped,rule does not fit,
33,sparse_edit_or_object_completion,neighbor_fill_square_3_3,55161,,14.081988539178049,,,not_run,skipped,rule does not fit,
33,sparse_edit_or_object_completion,neighbor_fill_square_3_4,55161,,14.081988539178049,,,not_run,skipped,rule does not fit,
33,sparse_edit_or_object_completion,neighbor_fill_square_3_5,55161,,14.081988539178049,,,not_run,skipped,rule does not fit,
33,sparse_edit_or_object_completion,neighbor_fill_square_3_6,55161,,14.081988539178049,,,not_run,skipped,rule does not fit,
33,sparse_edit_or_object_completion,neighbor_fill_square_3_7,55161,,14.081988539178049,,,not_run,skipped,rule does not fit,
33,sparse_edit_or_object_completion,neighbor_fill_square_3_8,55161,,14.081988539178049,,,not_run,skipped,rule does not fit,
33,sparse_edit_or_object_completion,neighbor_fill_hline_4_1,55161,,14.081988539178049,,,not_run,skipped,rule does not fit,
33,sparse_edit_or_object_completion,neighbor_fill_hline_4_2,55161,,14.081988539178049,,,not_run,skipped,rule does not fit,
33,sparse_edit_or_object_completion,neighbor_fill_vline_4_1,55161,,14.081988539178049,,,not_run,skipped,rule does not fit,
33,sparse_edit_or_object_completion,neighbor_fill_vline_4_2,55161,,14.081988539178049,,,not_run,skipped,rule does not fit,
33,sparse_edit_or_object_completion,neighbor_fill_cross_4_1,55161,,14.081988539178049,,,not_run,skipped,rule does not fit,
33,sparse_edit_or_object_completion,neighbor_fill_cross_4_2,55161,,14.081988539178049,,,not_run,skipped,rule does not fit,
33,sparse_edit_or_object_completion,neighbor_fill_cross_4_3,55161,,14.081988539178049,,,not_run,skipped,rule does not fit,
33,sparse_edit_or_object_completion,neighbor_fill_cross_4_4,55161,,14.081988539178049,,,not_run,skipped,rule does not fit,
33,sparse_edit_or_object_completion,neighbor_fill_square_4_1,55161,,14.081988539178049,,,not_run,skipped,rule does not fit,
33,sparse_edit_or_object_completion,neighbor_fill_square_4_2,55161,,14.081988539178049,,,not_run,skipped,rule does not fit,
33,sparse_edit_or_object_completion,neighbor_fill_square_4_3,55161,,14.081988539178049,,,not_run,skipped,rule does not fit,
33,sparse_edit_or_object_completion,neighbor_fill_square_4_4,55161,,14.081988539178049,,,not_run,skipped,rule does not fit,
33,sparse_edit_or_object_completion,neighbor_fill_square_4_5,55161,,14.081988539178049,,,not_run,skipped,rule does not fit,
33,sparse_edit_or_object_completion,neighbor_fill_square_4_6,55161,,14.081988539178049,,,not_run,skipped,rule does not fit,
33,sparse_edit_or_object_completion,neighbor_fill_square_4_7,55161,,14.081988539178049,,,not_run,skipped,rule does not fit,
33,sparse_edit_or_object_completion,neighbor_fill_square_4_8,55161,,14.081988539178049,,,not_run,skipped,rule does not fit,
33,sparse_edit_or_object_completion,neighbor_fill_hline_5_1,55161,,14.081988539178049,,,not_run,skipped,rule does not fit,
33,sparse_edit_or_object_completion,neighbor_fill_hline_5_2,55161,,14.081988539178049,,,not_run,skipped,rule does not fit,
33,sparse_edit_or_object_completion,neighbor_fill_vline_5_1,55161,,14.081988539178049,,,not_run,skipped,rule does not fit,
33,sparse_edit_or_object_completion,neighbor_fill_vline_5_2,55161,,14.081988539178049,,,not_run,skipped,rule does not fit,
33,sparse_edit_or_object_completion,neighbor_fill_cross_5_1,55161,,14.081988539178049,,,not_run,skipped,rule does not fit,
33,sparse_edit_or_object_completion,neighbor_fill_cross_5_2,55161,,14.081988539178049,,,not_run,skipped,rule does not fit,
33,sparse_edit_or_object_completion,neighbor_fill_cross_5_3,55161,,14.081988539178049,,,not_run,skipped,rule does not fit,
33,sparse_edit_or_object_completion,neighbor_fill_cross_5_4,55161,,14.081988539178049,,,not_run,skipped,rule does not fit,
33,sparse_edit_or_object_completion,neighbor_fill_square_5_1,55161,,14.081988539178049,,,not_run,skipped,rule does not fit,
33,sparse_edit_or_object_completion,neighbor_fill_square_5_2,55161,,14.081988539178049,,,not_run,skipped,rule does not fit,
33,sparse_edit_or_object_completion,neighbor_fill_square_5_3,55161,,14.081988539178049,,,not_run,skipped,rule does not fit,
33,sparse_edit_or_object_completion,neighbor_fill_square_5_4,55161,,14.081988539178049,,,not_run,skipped,rule does not fit,
33,sparse_edit_or_object_completion,neighbor_fill_square_5_5,55161,,14.081988539178049,,,not_run,skipped,rule does not fit,
33,sparse_edit_or_object_completion,neighbor_fill_square_5_6,55161,,14.081988539178049,,,not_run,skipped,rule does not fit,
33,sparse_edit_or_object_completion,neighbor_fill_square_5_7,55161,,14.081988539178049,,,not_run,skipped,rule does not fit,
33,sparse_edit_or_object_completion,neighbor_fill_square_5_8,55161,,14.081988539178049,,,not_run,skipped,rule does not fit,
33,sparse_edit_or_object_completion,neighbor_fill_hline_6_1,55161,,14.081988539178049,,,not_run,skipped,rule does not fit,
33,sparse_edit_or_object_completion,neighbor_fill_hline_6_2,55161,,14.081988539178049,,,not_run,skipped,rule does not fit,
33,sparse_edit_or_object_completion,neighbor_fill_vline_6_1,55161,,14.081988539178049,,,not_run,skipped,rule does not fit,
33,sparse_edit_or_object_completion,neighbor_fill_vline_6_2,55161,,14.081988539178049,,,not_run,skipped,rule does not fit,
33,sparse_edit_or_object_completion,neighbor_fill_cross_6_1,55161,,14.081988539178049,,,not_run,skipped,rule does not fit,
33,sparse_edit_or_object_completion,neighbor_fill_cross_6_2,55161,,14.081988539178049,,,not_run,skipped,rule does not fit,
33,sparse_edit_or_object_completion,neighbor_fill_cross_6_3,55161,,14.081988539178049,,,not_run,skipped,rule does not fit,
33,sparse_edit_or_object_completion,neighbor_fill_cross_6_4,55161,,14.081988539178049,,,not_run,skipped,rule does not fit,
33,sparse_edit_or_object_completion,neighbor_fill_square_6_1,55161,,14.081988539178049,,,not_run,skipped,rule does not fit,
33,sparse_edit_or_object_completion,neighbor_fill_square_6_2,55161,,14.081988539178049,,,not_run,skipped,rule does not fit,
33,sparse_edit_or_object_completion,neighbor_fill_square_6_3,55161,,14.081988539178049,,,not_run,skipped,rule does not fit,
33,sparse_edit_or_object_completion,neighbor_fill_square_6_4,55161,,14.081988539178049,,,not_run,skipped,rule does not fit,
33,sparse_edit_or_object_completion,neighbor_fill_square_6_5,55161,,14.081988539178049,,,not_run,skipped,rule does not fit,
33,sparse_edit_or_object_completion,neighbor_fill_square_6_6,55161,,14.081988539178049,,,not_run,skipped,rule does not fit,
33,sparse_edit_or_object_completion,neighbor_fill_square_6_7,55161,,14.081988539178049,,,not_run,skipped,rule does not fit,
33,sparse_edit_or_object_completion,neighbor_fill_square_6_8,55161,,14.081988539178049,,,not_run,skipped,rule does not fit,
33,sparse_edit_or_object_completion,neighbor_fill_hline_7_1,55161,,14.081988539178049,,,not_run,skipped,rule does not fit,
33,sparse_edit_or_object_completion,neighbor_fill_hline_7_2,55161,,14.081988539178049,,,not_run,skipped,rule does not fit,
33,sparse_edit_or_object_completion,neighbor_fill_vline_7_1,55161,,14.081988539178049,,,not_run,skipped,rule does not fit,
33,sparse_edit_or_object_completion,neighbor_fill_vline_7_2,55161,,14.081988539178049,,,not_run,skipped,rule does not fit,
33,sparse_edit_or_object_completion,neighbor_fill_cross_7_1,55161,,14.081988539178049,,,not_run,skipped,rule does not fit,
33,sparse_edit_or_object_completion,neighbor_fill_cross_7_2,55161,,14.081988539178049,,,not_run,skipped,rule does not fit,
33,sparse_edit_or_object_completion,neighbor_fill_cross_7_3,55161,,14.081988539178049,,,not_run,skipped,rule does not fit,
33,sparse_edit_or_object_completion,neighbor_fill_cross_7_4,55161,,14.081988539178049,,,not_run,skipped,rule does not fit,
33,sparse_edit_or_object_completion,neighbor_fill_square_7_1,55161,,14.081988539178049,,,not_run,skipped,rule does not fit,
33,sparse_edit_or_object_completion,neighbor_fill_square_7_2,55161,,14.081988539178049,,,not_run,skipped,rule does not fit,
33,sparse_edit_or_object_completion,neighbor_fill_square_7_3,55161,,14.081988539178049,,,not_run,skipped,rule does not fit,
33,sparse_edit_or_object_completion,neighbor_fill_square_7_4,55161,,14.081988539178049,,,not_run,skipped,rule does not fit,
33,sparse_edit_or_object_completion,neighbor_fill_square_7_5,55161,,14.081988539178049,,,not_run,skipped,rule does not fit,
33,sparse_edit_or_object_completion,neighbor_fill_square_7_6,55161,,14.081988539178049,,,not_run,skipped,rule does not fit,
33,sparse_edit_or_object_completion,neighbor_fill_square_7_7,55161,,14.081988539178049,,,not_run,skipped,rule does not fit,
33,sparse_edit_or_object_completion,neighbor_fill_square_7_8,55161,,14.081988539178049,,,not_run,skipped,rule does not fit,
33,sparse_edit_or_object_completion,neighbor_fill_hline_8_1,55161,,14.081988539178049,,,not_run,skipped,rule does not fit,
33,sparse_edit_or_object_completion,neighbor_fill_hline_8_2,55161,,14.081988539178049,,,not_run,skipped,rule does not fit,
33,sparse_edit_or_object_completion,neighbor_fill_vline_8_1,55161,,14.081988539178049,,,not_run,skipped,rule does not fit,
33,sparse_edit_or_object_completion,neighbor_fill_vline_8_2,55161,,14.081988539178049,,,not_run,skipped,rule does not fit,
33,sparse_edit_or_object_completion,neighbor_fill_cross_8_1,55161,,14.081988539178049,,,not_run,skipped,rule does not fit,
33,sparse_edit_or_object_completion,neighbor_fill_cross_8_2,55161,,14.081988539178049,,,not_run,skipped,rule does not fit,
33,sparse_edit_or_object_completion,neighbor_fill_cross_8_3,55161,,14.081988539178049,,,not_run,skipped,rule does not fit,
33,sparse_edit_or_object_completion,neighbor_fill_cross_8_4,55161,,14.081988539178049,,,not_run,skipped,rule does not fit,
33,sparse_edit_or_object_completion,neighbor_fill_square_8_1,55161,,14.081988539178049,,,not_run,skipped,rule does not fit,
33,sparse_edit_or_object_completion,neighbor_fill_square_8_2,55161,,14.081988539178049,,,not_run,skipped,rule does not fit,
33,sparse_edit_or_object_completion,neighbor_fill_square_8_3,55161,,14.081988539178049,,,not_run,skipped,rule does not fit,
33,sparse_edit_or_object_completion,neighbor_fill_square_8_4,55161,,14.081988539178049,,,not_run,skipped,rule does not fit,
33,sparse_edit_or_object_completion,neighbor_fill_square_8_5,55161,,14.081988539178049,,,not_run,skipped,rule does not fit,
33,sparse_edit_or_object_completion,neighbor_fill_square_8_6,55161,,14.081988539178049,,,not_run,skipped,rule does not fit,
33,sparse_edit_or_object_completion,neighbor_fill_square_8_7,55161,,14.081988539178049,,,not_run,skipped,rule does not fit,
33,sparse_edit_or_object_completion,neighbor_fill_square_8_8,55161,,14.081988539178049,,,not_run,skipped,rule does not fit,
33,sparse_edit_or_object_completion,neighbor_fill_hline_9_1,55161,,14.081988539178049,,,not_run,skipped,rule does not fit,
33,sparse_edit_or_object_completion,neighbor_fill_hline_9_2,55161,,14.081988539178049,,,not_run,skipped,rule does not fit,
33,sparse_edit_or_object_completion,neighbor_fill_vline_9_1,55161,,14.081988539178049,,,not_run,skipped,rule does not fit,
33,sparse_edit_or_object_completion,neighbor_fill_vline_9_2,55161,,14.081988539178049,,,not_run,skipped,rule does not fit,
33,sparse_edit_or_object_completion,neighbor_fill_cross_9_1,55161,,14.081988539178049,,,not_run,skipped,rule does not fit,
33,sparse_edit_or_object_completion,neighbor_fill_cross_9_2,55161,,14.081988539178049,,,not_run,skipped,rule does not fit,
33,sparse_edit_or_object_completion,neighbor_fill_cross_9_3,55161,,14.081988539178049,,,not_run,skipped,rule does not fit,
33,sparse_edit_or_object_completion,neighbor_fill_cross_9_4,55161,,14.081988539178049,,,not_run,skipped,rule does not fit,
33,sparse_edit_or_object_completion,neighbor_fill_square_9_1,55161,,14.081988539178049,,,not_run,skipped,rule does not fit,
33,sparse_edit_or_object_completion,neighbor_fill_square_9_2,55161,,14.081988539178049,,,not_run,skipped,rule does not fit,
33,sparse_edit_or_object_completion,neighbor_fill_square_9_3,55161,,14.081988539178049,,,not_run,skipped,rule does not fit,
33,sparse_edit_or_object_completion,neighbor_fill_square_9_4,55161,,14.081988539178049,,,not_run,skipped,rule does not fit,
33,sparse_edit_or_object_completion,neighbor_fill_square_9_5,55161,,14.081988539178049,,,not_run,skipped,rule does not fit,
33,sparse_edit_or_object_completion,neighbor_fill_square_9_6,55161,,14.081988539178049,,,not_run,skipped,rule does not fit,
33,sparse_edit_or_object_completion,neighbor_fill_square_9_7,55161,,14.081988539178049,,,not_run,skipped,rule does not fit,
33,sparse_edit_or_object_completion,neighbor_fill_square_9_8,55161,,14.081988539178049,,,not_run,skipped,rule does not fit,
4,sparse_edit_or_object_completion,signature_scatternd_lookup,55020,13561,14.084547965521434,15.485046694912056,31372,23_pass_0_fail,improved,ok,e2d1dea781978b7184c40f706c589f643d904e4c632c9f784a797d268670c74c
4,sparse_edit_or_object_completion,direct_identity,55020,,14.084547965521434,,,not_run,skipped,not identity,
4,sparse_edit_or_object_completion,conv_color_map,55020,,14.084547965521434,,,not_run,skipped,conflicting color map,
4,sparse_edit_or_object_completion,fixed_mask_where,55020,,14.084547965521434,,,not_run,skipped,fixed edit conflict,
4,sparse_edit_or_object_completion,neighbor_fill_hline_0_1,55020,,14.084547965521434,,,not_run,skipped,rule does not fit,
4,sparse_edit_or_object_completion,neighbor_fill_hline_0_2,55020,,14.084547965521434,,,not_run,skipped,rule does not fit,
4,sparse_edit_or_object_completion,neighbor_fill_vline_0_1,55020,,14.084547965521434,,,not_run,skipped,rule does not fit,
4,sparse_edit_or_object_completion,neighbor_fill_vline_0_2,55020,,14.084547965521434,,,not_run,skipped,rule does not fit,
4,sparse_edit_or_object_completion,neighbor_fill_cross_0_1,55020,,14.084547965521434,,,not_run,skipped,rule does not fit,
4,sparse_edit_or_object_completion,neighbor_fill_cross_0_2,55020,,14.084547965521434,,,not_run,skipped,rule does not fit,
4,sparse_edit_or_object_completion,neighbor_fill_cross_0_3,55020,,14.084547965521434,,,not_run,skipped,rule does not fit,
4,sparse_edit_or_object_completion,neighbor_fill_cross_0_4,55020,,14.084547965521434,,,not_run,skipped,rule does not fit,
4,sparse_edit_or_object_completion,neighbor_fill_square_0_1,55020,,14.084547965521434,,,not_run,skipped,rule does not fit,
4,sparse_edit_or_object_completion,neighbor_fill_square_0_2,55020,,14.084547965521434,,,not_run,skipped,rule does not fit,
4,sparse_edit_or_object_completion,neighbor_fill_square_0_3,55020,,14.084547965521434,,,not_run,skipped,rule does not fit,
4,sparse_edit_or_object_completion,neighbor_fill_square_0_4,55020,,14.084547965521434,,,not_run,skipped,rule does not fit,
4,sparse_edit_or_object_completion,neighbor_fill_square_0_5,55020,,14.084547965521434,,,not_run,skipped,rule does not fit,
4,sparse_edit_or_object_completion,neighbor_fill_square_0_6,55020,,14.084547965521434,,,not_run,skipped,rule does not fit,
4,sparse_edit_or_object_completion,neighbor_fill_square_0_7,55020,,14.084547965521434,,,not_run,skipped,rule does not fit,
4,sparse_edit_or_object_completion,neighbor_fill_square_0_8,55020,,14.084547965521434,,,not_run,skipped,rule does not fit,
4,sparse_edit_or_object_completion,neighbor_fill_hline_1_1,55020,,14.084547965521434,,,not_run,skipped,rule does not fit,
4,sparse_edit_or_object_completion,neighbor_fill_hline_1_2,55020,,14.084547965521434,,,not_run,skipped,rule does not fit,
4,sparse_edit_or_object_completion,neighbor_fill_vline_1_1,55020,,14.084547965521434,,,not_run,skipped,rule does not fit,
4,sparse_edit_or_object_completion,neighbor_fill_vline_1_2,55020,,14.084547965521434,,,not_run,skipped,rule does not fit,
4,sparse_edit_or_object_completion,neighbor_fill_cross_1_1,55020,,14.084547965521434,,,not_run,skipped,rule does not fit,
4,sparse_edit_or_object_completion,neighbor_fill_cross_1_2,55020,,14.084547965521434,,,not_run,skipped,rule does not fit,
4,sparse_edit_or_object_completion,neighbor_fill_cross_1_3,55020,,14.084547965521434,,,not_run,skipped,rule does not fit,
4,sparse_edit_or_object_completion,neighbor_fill_cross_1_4,55020,,14.084547965521434,,,not_run,skipped,rule does not fit,
4,sparse_edit_or_object_completion,neighbor_fill_square_1_1,55020,,14.084547965521434,,,not_run,skipped,rule does not fit,
4,sparse_edit_or_object_completion,neighbor_fill_square_1_2,55020,,14.084547965521434,,,not_run,skipped,rule does not fit,
4,sparse_edit_or_object_completion,neighbor_fill_square_1_3,55020,,14.084547965521434,,,not_run,skipped,rule does not fit,
4,sparse_edit_or_object_completion,neighbor_fill_square_1_4,55020,,14.084547965521434,,,not_run,skipped,rule does not fit,
4,sparse_edit_or_object_completion,neighbor_fill_square_1_5,55020,,14.084547965521434,,,not_run,skipped,rule does not fit,
4,sparse_edit_or_object_completion,neighbor_fill_square_1_6,55020,,14.084547965521434,,,not_run,skipped,rule does not fit,
4,sparse_edit_or_object_completion,neighbor_fill_square_1_7,55020,,14.084547965521434,,,not_run,skipped,rule does not fit,
4,sparse_edit_or_object_completion,neighbor_fill_square_1_8,55020,,14.084547965521434,,,not_run,skipped,rule does not fit,
4,sparse_edit_or_object_completion,neighbor_fill_hline_2_1,55020,,14.084547965521434,,,not_run,skipped,rule does not fit,
4,sparse_edit_or_object_completion,neighbor_fill_hline_2_2,55020,,14.084547965521434,,,not_run,skipped,rule does not fit,
4,sparse_edit_or_object_completion,neighbor_fill_vline_2_1,55020,,14.084547965521434,,,not_run,skipped,rule does not fit,
4,sparse_edit_or_object_completion,neighbor_fill_vline_2_2,55020,,14.084547965521434,,,not_run,skipped,rule does not fit,
4,sparse_edit_or_object_completion,neighbor_fill_cross_2_1,55020,,14.084547965521434,,,not_run,skipped,rule does not fit,
4,sparse_edit_or_object_completion,neighbor_fill_cross_2_2,55020,,14.084547965521434,,,not_run,skipped,rule does not fit,
4,sparse_edit_or_object_completion,neighbor_fill_cross_2_3,55020,,14.084547965521434,,,not_run,skipped,rule does not fit,
4,sparse_edit_or_object_completion,neighbor_fill_cross_2_4,55020,,14.084547965521434,,,not_run,skipped,rule does not fit,
4,sparse_edit_or_object_completion,neighbor_fill_square_2_1,55020,,14.084547965521434,,,not_run,skipped,rule does not fit,
4,sparse_edit_or_object_completion,neighbor_fill_square_2_2,55020,,14.084547965521434,,,not_run,skipped,rule does not fit,
4,sparse_edit_or_object_completion,neighbor_fill_square_2_3,55020,,14.084547965521434,,,not_run,skipped,rule does not fit,
4,sparse_edit_or_object_completion,neighbor_fill_square_2_4,55020,,14.084547965521434,,,not_run,skipped,rule does not fit,
4,sparse_edit_or_object_completion,neighbor_fill_square_2_5,55020,,14.084547965521434,,,not_run,skipped,rule does not fit,
4,sparse_edit_or_object_completion,neighbor_fill_square_2_6,55020,,14.084547965521434,,,not_run,skipped,rule does not fit,
4,sparse_edit_or_object_completion,neighbor_fill_square_2_7,55020,,14.084547965521434,,,not_run,skipped,rule does not fit,
4,sparse_edit_or_object_completion,neighbor_fill_square_2_8,55020,,14.084547965521434,,,not_run,skipped,rule does not fit,
4,sparse_edit_or_object_completion,neighbor_fill_hline_3_1,55020,,14.084547965521434,,,not_run,skipped,rule does not fit,
4,sparse_edit_or_object_completion,neighbor_fill_hline_3_2,55020,,14.084547965521434,,,not_run,skipped,rule does not fit,
4,sparse_edit_or_object_completion,neighbor_fill_vline_3_1,55020,,14.084547965521434,,,not_run,skipped,rule does not fit,
4,sparse_edit_or_object_completion,neighbor_fill_vline_3_2,55020,,14.084547965521434,,,not_run,skipped,rule does not fit,
4,sparse_edit_or_object_completion,neighbor_fill_cross_3_1,55020,,14.084547965521434,,,not_run,skipped,rule does not fit,
4,sparse_edit_or_object_completion,neighbor_fill_cross_3_2,55020,,14.084547965521434,,,not_run,skipped,rule does not fit,
4,sparse_edit_or_object_completion,neighbor_fill_cross_3_3,55020,,14.084547965521434,,,not_run,skipped,rule does not fit,
4,sparse_edit_or_object_completion,neighbor_fill_cross_3_4,55020,,14.084547965521434,,,not_run,skipped,rule does not fit,
4,sparse_edit_or_object_completion,neighbor_fill_square_3_1,55020,,14.084547965521434,,,not_run,skipped,rule does not fit,
4,sparse_edit_or_object_completion,neighbor_fill_square_3_2,55020,,14.084547965521434,,,not_run,skipped,rule does not fit,
4,sparse_edit_or_object_completion,neighbor_fill_square_3_3,55020,,14.084547965521434,,,not_run,skipped,rule does not fit,
4,sparse_edit_or_object_completion,neighbor_fill_square_3_4,55020,,14.084547965521434,,,not_run,skipped,rule does not fit,
4,sparse_edit_or_object_completion,neighbor_fill_square_3_5,55020,,14.084547965521434,,,not_run,skipped,rule does not fit,
4,sparse_edit_or_object_completion,neighbor_fill_square_3_6,55020,,14.084547965521434,,,not_run,skipped,rule does not fit,
4,sparse_edit_or_object_completion,neighbor_fill_square_3_7,55020,,14.084547965521434,,,not_run,skipped,rule does not fit,
4,sparse_edit_or_object_completion,neighbor_fill_square_3_8,55020,,14.084547965521434,,,not_run,skipped,rule does not fit,
4,sparse_edit_or_object_completion,neighbor_fill_hline_4_1,55020,,14.084547965521434,,,not_run,skipped,rule does not fit,
4,sparse_edit_or_object_completion,neighbor_fill_hline_4_2,55020,,14.084547965521434,,,not_run,skipped,rule does not fit,
4,sparse_edit_or_object_completion,neighbor_fill_vline_4_1,55020,,14.084547965521434,,,not_run,skipped,rule does not fit,
4,sparse_edit_or_object_completion,neighbor_fill_vline_4_2,55020,,14.084547965521434,,,not_run,skipped,rule does not fit,
4,sparse_edit_or_object_completion,neighbor_fill_cross_4_1,55020,,14.084547965521434,,,not_run,skipped,rule does not fit,
4,sparse_edit_or_object_completion,neighbor_fill_cross_4_2,55020,,14.084547965521434,,,not_run,skipped,rule does not fit,
4,sparse_edit_or_object_completion,neighbor_fill_cross_4_3,55020,,14.084547965521434,,,not_run,skipped,rule does not fit,
4,sparse_edit_or_object_completion,neighbor_fill_cross_4_4,55020,,14.084547965521434,,,not_run,skipped,rule does not fit,
4,sparse_edit_or_object_completion,neighbor_fill_square_4_1,55020,,14.084547965521434,,,not_run,skipped,rule does not fit,
4,sparse_edit_or_object_completion,neighbor_fill_square_4_2,55020,,14.084547965521434,,,not_run,skipped,rule does not fit,
4,sparse_edit_or_object_completion,neighbor_fill_square_4_3,55020,,14.084547965521434,,,not_run,skipped,rule does not fit,
4,sparse_edit_or_object_completion,neighbor_fill_square_4_4,55020,,14.084547965521434,,,not_run,skipped,rule does not fit,
4,sparse_edit_or_object_completion,neighbor_fill_square_4_5,55020,,14.084547965521434,,,not_run,skipped,rule does not fit,
4,sparse_edit_or_object_completion,neighbor_fill_square_4_6,55020,,14.084547965521434,,,not_run,skipped,rule does not fit,
4,sparse_edit_or_object_completion,neighbor_fill_square_4_7,55020,,14.084547965521434,,,not_run,skipped,rule does not fit,
4,sparse_edit_or_object_completion,neighbor_fill_square_4_8,55020,,14.084547965521434,,,not_run,skipped,rule does not fit,
4,sparse_edit_or_object_completion,neighbor_fill_hline_5_1,55020,,14.084547965521434,,,not_run,skipped,rule does not fit,
4,sparse_edit_or_object_completion,neighbor_fill_hline_5_2,55020,,14.084547965521434,,,not_run,skipped,rule does not fit,
4,sparse_edit_or_object_completion,neighbor_fill_vline_5_1,55020,,14.084547965521434,,,not_run,skipped,rule does not fit,
4,sparse_edit_or_object_completion,neighbor_fill_vline_5_2,55020,,14.084547965521434,,,not_run,skipped,rule does not fit,
4,sparse_edit_or_object_completion,neighbor_fill_cross_5_1,55020,,14.084547965521434,,,not_run,skipped,rule does not fit,
4,sparse_edit_or_object_completion,neighbor_fill_cross_5_2,55020,,14.084547965521434,,,not_run,skipped,rule does not fit,
4,sparse_edit_or_object_completion,neighbor_fill_cross_5_3,55020,,14.084547965521434,,,not_run,skipped,rule does not fit,
4,sparse_edit_or_object_completion,neighbor_fill_cross_5_4,55020,,14.084547965521434,,,not_run,skipped,rule does not fit,
4,sparse_edit_or_object_completion,neighbor_fill_square_5_1,55020,,14.084547965521434,,,not_run,skipped,rule does not fit,
4,sparse_edit_or_object_completion,neighbor_fill_square_5_2,55020,,14.084547965521434,,,not_run,skipped,rule does not fit,
4,sparse_edit_or_object_completion,neighbor_fill_square_5_3,55020,,14.084547965521434,,,not_run,skipped,rule does not fit,
4,sparse_edit_or_object_completion,neighbor_fill_square_5_4,55020,,14.084547965521434,,,not_run,skipped,rule does not fit,
4,sparse_edit_or_object_completion,neighbor_fill_square_5_5,55020,,14.084547965521434,,,not_run,skipped,rule does not fit,
4,sparse_edit_or_object_completion,neighbor_fill_square_5_6,55020,,14.084547965521434,,,not_run,skipped,rule does not fit,
4,sparse_edit_or_object_completion,neighbor_fill_square_5_7,55020,,14.084547965521434,,,not_run,skipped,rule does not fit,
4,sparse_edit_or_object_completion,neighbor_fill_square_5_8,55020,,14.084547965521434,,,not_run,skipped,rule does not fit,
4,sparse_edit_or_object_completion,neighbor_fill_hline_6_1,55020,,14.084547965521434,,,not_run,skipped,rule does not fit,
4,sparse_edit_or_object_completion,neighbor_fill_hline_6_2,55020,,14.084547965521434,,,not_run,skipped,rule does not fit,
4,sparse_edit_or_object_completion,neighbor_fill_vline_6_1,55020,,14.084547965521434,,,not_run,skipped,rule does not fit,
4,sparse_edit_or_object_completion,neighbor_fill_vline_6_2,55020,,14.084547965521434,,,not_run,skipped,rule does not fit,
4,sparse_edit_or_object_completion,neighbor_fill_cross_6_1,55020,,14.084547965521434,,,not_run,skipped,rule does not fit,
4,sparse_edit_or_object_completion,neighbor_fill_cross_6_2,55020,,14.084547965521434,,,not_run,skipped,rule does not fit,
4,sparse_edit_or_object_completion,neighbor_fill_cross_6_3,55020,,14.084547965521434,,,not_run,skipped,rule does not fit,
4,sparse_edit_or_object_completion,neighbor_fill_cross_6_4,55020,,14.084547965521434,,,not_run,skipped,rule does not fit,
4,sparse_edit_or_object_completion,neighbor_fill_square_6_1,55020,,14.084547965521434,,,not_run,skipped,rule does not fit,
4,sparse_edit_or_object_completion,neighbor_fill_square_6_2,55020,,14.084547965521434,,,not_run,skipped,rule does not fit,
4,sparse_edit_or_object_completion,neighbor_fill_square_6_3,55020,,14.084547965521434,,,not_run,skipped,rule does not fit,
4,sparse_edit_or_object_completion,neighbor_fill_square_6_4,55020,,14.084547965521434,,,not_run,skipped,rule does not fit,
4,sparse_edit_or_object_completion,neighbor_fill_square_6_5,55020,,14.084547965521434,,,not_run,skipped,rule does not fit,
4,sparse_edit_or_object_completion,neighbor_fill_square_6_6,55020,,14.084547965521434,,,not_run,skipped,rule does not fit,
4,sparse_edit_or_object_completion,neighbor_fill_square_6_7,55020,,14.084547965521434,,,not_run,skipped,rule does not fit,
4,sparse_edit_or_object_completion,neighbor_fill_square_6_8,55020,,14.084547965521434,,,not_run,skipped,rule does not fit,
4,sparse_edit_or_object_completion,neighbor_fill_hline_7_1,55020,,14.084547965521434,,,not_run,skipped,rule does not fit,
4,sparse_edit_or_object_completion,neighbor_fill_hline_7_2,55020,,14.084547965521434,,,not_run,skipped,rule does not fit,
4,sparse_edit_or_object_completion,neighbor_fill_vline_7_1,55020,,14.084547965521434,,,not_run,skipped,rule does not fit,
4,sparse_edit_or_object_completion,neighbor_fill_vline_7_2,55020,,14.084547965521434,,,not_run,skipped,rule does not fit,
4,sparse_edit_or_object_completion,neighbor_fill_cross_7_1,55020,,14.084547965521434,,,not_run,skipped,rule does not fit,
4,sparse_edit_or_object_completion,neighbor_fill_cross_7_2,55020,,14.084547965521434,,,not_run,skipped,rule does not fit,
4,sparse_edit_or_object_completion,neighbor_fill_cross_7_3,55020,,14.084547965521434,,,not_run,skipped,rule does not fit,
4,sparse_edit_or_object_completion,neighbor_fill_cross_7_4,55020,,14.084547965521434,,,not_run,skipped,rule does not fit,
4,sparse_edit_or_object_completion,neighbor_fill_square_7_1,55020,,14.084547965521434,,,not_run,skipped,rule does not fit,
4,sparse_edit_or_object_completion,neighbor_fill_square_7_2,55020,,14.084547965521434,,,not_run,skipped,rule does not fit,
4,sparse_edit_or_object_completion,neighbor_fill_square_7_3,55020,,14.084547965521434,,,not_run,skipped,rule does not fit,
4,sparse_edit_or_object_completion,neighbor_fill_square_7_4,55020,,14.084547965521434,,,not_run,skipped,rule does not fit,
4,sparse_edit_or_object_completion,neighbor_fill_square_7_5,55020,,14.084547965521434,,,not_run,skipped,rule does not fit,
4,sparse_edit_or_object_completion,neighbor_fill_square_7_6,55020,,14.084547965521434,,,not_run,skipped,rule does not fit,
4,sparse_edit_or_object_completion,neighbor_fill_square_7_7,55020,,14.084547965521434,,,not_run,skipped,rule does not fit,
4,sparse_edit_or_object_completion,neighbor_fill_square_7_8,55020,,14.084547965521434,,,not_run,skipped,rule does not fit,
4,sparse_edit_or_object_completion,neighbor_fill_hline_8_1,55020,,14.084547965521434,,,not_run,skipped,rule does not fit,
4,sparse_edit_or_object_completion,neighbor_fill_hline_8_2,55020,,14.084547965521434,,,not_run,skipped,rule does not fit,
4,sparse_edit_or_object_completion,neighbor_fill_vline_8_1,55020,,14.084547965521434,,,not_run,skipped,rule does not fit,
4,sparse_edit_or_object_completion,neighbor_fill_vline_8_2,55020,,14.084547965521434,,,not_run,skipped,rule does not fit,
4,sparse_edit_or_object_completion,neighbor_fill_cross_8_1,55020,,14.084547965521434,,,not_run,skipped,rule does not fit,
4,sparse_edit_or_object_completion,neighbor_fill_cross_8_2,55020,,14.084547965521434,,,not_run,skipped,rule does not fit,
4,sparse_edit_or_object_completion,neighbor_fill_cross_8_3,55020,,14.084547965521434,,,not_run,skipped,rule does not fit,
4,sparse_edit_or_object_completion,neighbor_fill_cross_8_4,55020,,14.084547965521434,,,not_run,skipped,rule does not fit,
4,sparse_edit_or_object_completion,neighbor_fill_square_8_1,55020,,14.084547965521434,,,not_run,skipped,rule does not fit,
4,sparse_edit_or_object_completion,neighbor_fill_square_8_2,55020,,14.084547965521434,,,not_run,skipped,rule does not fit,
4,sparse_edit_or_object_completion,neighbor_fill_square_8_3,55020,,14.084547965521434,,,not_run,skipped,rule does not fit,
4,sparse_edit_or_object_completion,neighbor_fill_square_8_4,55020,,14.084547965521434,,,not_run,skipped,rule does not fit,
4,sparse_edit_or_object_completion,neighbor_fill_square_8_5,55020,,14.084547965521434,,,not_run,skipped,rule does not fit,
4,sparse_edit_or_object_completion,neighbor_fill_square_8_6,55020,,14.084547965521434,,,not_run,skipped,rule does not fit,
4,sparse_edit_or_object_completion,neighbor_fill_square_8_7,55020,,14.084547965521434,,,not_run,skipped,rule does not fit,
4,sparse_edit_or_object_completion,neighbor_fill_square_8_8,55020,,14.084547965521434,,,not_run,skipped,rule does not fit,
4,sparse_edit_or_object_completion,neighbor_fill_hline_9_1,55020,,14.084547965521434,,,not_run,skipped,rule does not fit,
4,sparse_edit_or_object_completion,neighbor_fill_hline_9_2,55020,,14.084547965521434,,,not_run,skipped,rule does not fit,
4,sparse_edit_or_object_completion,neighbor_fill_vline_9_1,55020,,14.084547965521434,,,not_run,skipped,rule does not fit,
4,sparse_edit_or_object_completion,neighbor_fill_vline_9_2,55020,,14.084547965521434,,,not_run,skipped,rule does not fit,
4,sparse_edit_or_object_completion,neighbor_fill_cross_9_1,55020,,14.084547965521434,,,not_run,skipped,rule does not fit,
4,sparse_edit_or_object_completion,neighbor_fill_cross_9_2,55020,,14.084547965521434,,,not_run,skipped,rule does not fit,
4,sparse_edit_or_object_completion,neighbor_fill_cross_9_3,55020,,14.084547965521434,,,not_run,skipped,rule does not fit,
4,sparse_edit_or_object_completion,neighbor_fill_cross_9_4,55020,,14.084547965521434,,,not_run,skipped,rule does not fit,
4,sparse_edit_or_object_completion,neighbor_fill_square_9_1,55020,,14.084547965521434,,,not_run,skipped,rule does not fit,
4,sparse_edit_or_object_completion,neighbor_fill_square_9_2,55020,,14.084547965521434,,,not_run,skipped,rule does not fit,
4,sparse_edit_or_object_completion,neighbor_fill_square_9_3,55020,,14.084547965521434,,,not_run,skipped,rule does not fit,
4,sparse_edit_or_object_completion,neighbor_fill_square_9_4,55020,,14.084547965521434,,,not_run,skipped,rule does not fit,
4,sparse_edit_or_object_completion,neighbor_fill_square_9_5,55020,,14.084547965521434,,,not_run,skipped,rule does not fit,
4,sparse_edit_or_object_completion,neighbor_fill_square_9_6,55020,,14.084547965521434,,,not_run,skipped,rule does not fit,
4,sparse_edit_or_object_completion,neighbor_fill_square_9_7,55020,,14.084547965521434,,,not_run,skipped,rule does not fit,
4,sparse_edit_or_object_completion,neighbor_fill_square_9_8,55020,,14.084547965521434,,,not_run,skipped,rule does not fit,
363,sparse_edit_or_object_completion,signature_scatternd_lookup,54241,7580,14.098807640977503,16.066731521363582,17186,24_pass_0_fail,improved,ok,13674f898b5dedc660eb736c3e711e1ff8904e75c85288034abd6954721bf76f
363,sparse_edit_or_object_completion,direct_identity,54241,,14.098807640977503,,,not_run,skipped,not identity,
363,sparse_edit_or_object_completion,conv_color_map,54241,,14.098807640977503,,,not_run,skipped,conflicting color map,
363,sparse_edit_or_object_completion,fixed_mask_where,54241,,14.098807640977503,,,not_run,skipped,edit target mismatch,
363,sparse_edit_or_object_completion,neighbor_fill_hline_2_1,54241,,14.098807640977503,,,not_run,skipped,rule does not fit,
363,sparse_edit_or_object_completion,neighbor_fill_hline_2_2,54241,,14.098807640977503,,,not_run,skipped,rule does not fit,
363,sparse_edit_or_object_completion,neighbor_fill_vline_2_1,54241,,14.098807640977503,,,not_run,skipped,rule does not fit,
363,sparse_edit_or_object_completion,neighbor_fill_vline_2_2,54241,,14.098807640977503,,,not_run,skipped,rule does not fit,
363,sparse_edit_or_object_completion,neighbor_fill_cross_2_1,54241,,14.098807640977503,,,not_run,skipped,rule does not fit,
363,sparse_edit_or_object_completion,neighbor_fill_cross_2_2,54241,,14.098807640977503,,,not_run,skipped,rule does not fit,
363,sparse_edit_or_object_completion,neighbor_fill_cross_2_3,54241,,14.098807640977503,,,not_run,skipped,rule does not fit,
363,sparse_edit_or_object_completion,neighbor_fill_cross_2_4,54241,,14.098807640977503,,,not_run,skipped,rule does not fit,
363,sparse_edit_or_object_completion,neighbor_fill_square_2_1,54241,,14.098807640977503,,,not_run,skipped,rule does not fit,
363,sparse_edit_or_object_completion,neighbor_fill_square_2_2,54241,,14.098807640977503,,,not_run,skipped,rule does not fit,
363,sparse_edit_or_object_completion,neighbor_fill_square_2_3,54241,,14.098807640977503,,,not_run,skipped,rule does not fit,
363,sparse_edit_or_object_completion,neighbor_fill_square_2_4,54241,,14.098807640977503,,,not_run,skipped,rule does not fit,
363,sparse_edit_or_object_completion,neighbor_fill_square_2_5,54241,,14.098807640977503,,,not_run,skipped,rule does not fit,
363,sparse_edit_or_object_completion,neighbor_fill_square_2_6,54241,,14.098807640977503,,,not_run,skipped,rule does not fit,
363,sparse_edit_or_object_completion,neighbor_fill_square_2_7,54241,,14.098807640977503,,,not_run,skipped,rule does not fit,
363,sparse_edit_or_object_completion,neighbor_fill_square_2_8,54241,,14.098807640977503,,,not_run,skipped,rule does not fit,
193,sparse_edit_or_object_completion,signature_scatternd_lookup,53661,11100,14.109558240338645,15.685299612699575,25124,24_pass_0_fail,improved,ok,d85719f3ad5c0e2d6d02d293583a2033e4fe37f4d8564b5eea148502c50347cf
193,sparse_edit_or_object_completion,direct_identity,53661,,14.109558240338645,,,not_run,skipped,not identity,
193,sparse_edit_or_object_completion,conv_color_map,53661,,14.109558240338645,,,not_run,skipped,conflicting color map,
193,sparse_edit_or_object_completion,fixed_mask_where,53661,,14.109558240338645,,,not_run,skipped,edit target mismatch,
193,sparse_edit_or_object_completion,neighbor_fill_hline_0_1,53661,,14.109558240338645,,,not_run,skipped,rule does not fit,
193,sparse_edit_or_object_completion,neighbor_fill_hline_0_2,53661,,14.109558240338645,,,not_run,skipped,rule does not fit,
193,sparse_edit_or_object_completion,neighbor_fill_vline_0_1,53661,,14.109558240338645,,,not_run,skipped,rule does not fit,
193,sparse_edit_or_object_completion,neighbor_fill_vline_0_2,53661,,14.109558240338645,,,not_run,skipped,rule does not fit,
193,sparse_edit_or_object_completion,neighbor_fill_cross_0_1,53661,,14.109558240338645,,,not_run,skipped,rule does not fit,
193,sparse_edit_or_object_completion,neighbor_fill_cross_0_2,53661,,14.109558240338645,,,not_run,skipped,rule does not fit,
193,sparse_edit_or_object_completion,neighbor_fill_cross_0_3,53661,,14.109558240338645,,,not_run,skipped,rule does not fit,
193,sparse_edit_or_object_completion,neighbor_fill_cross_0_4,53661,,14.109558240338645,,,not_run,skipped,rule does not fit,
193,sparse_edit_or_object_completion,neighbor_fill_square_0_1,53661,,14.109558240338645,,,not_run,skipped,rule does not fit,
193,sparse_edit_or_object_completion,neighbor_fill_square_0_2,53661,,14.109558240338645,,,not_run,skipped,rule does not fit,
193,sparse_edit_or_object_completion,neighbor_fill_square_0_3,53661,,14.109558240338645,,,not_run,skipped,rule does not fit,
193,sparse_edit_or_object_completion,neighbor_fill_square_0_4,53661,,14.109558240338645,,,not_run,skipped,rule does not fit,
193,sparse_edit_or_object_completion,neighbor_fill_square_0_5,53661,,14.109558240338645,,,not_run,skipped,rule does not fit,
193,sparse_edit_or_object_completion,neighbor_fill_square_0_6,53661,,14.109558240338645,,,not_run,skipped,rule does not fit,
193,sparse_edit_or_object_completion,neighbor_fill_square_0_7,53661,,14.109558240338645,,,not_run,skipped,rule does not fit,
193,sparse_edit_or_object_completion,neighbor_fill_square_0_8,53661,,14.109558240338645,,,not_run,skipped,rule does not fit,
192,sparse_edit_or_object_completion,signature_scatternd_lookup,51968,9232,14.14161657647865,15.86956901125212,21126,23_pass_0_fail,improved,ok,688fc50470fa843779d5053560b88e19a8b2b8af7cd6fcd7c83c051575522a36
192,sparse_edit_or_object_completion,direct_identity,51968,,14.14161657647865,,,not_run,skipped,not identity,
192,sparse_edit_or_object_completion,conv_color_map,51968,,14.14161657647865,,,not_run,skipped,conflicting color map,
192,sparse_edit_or_object_completion,fixed_mask_where,51968,,14.14161657647865,,,not_run,skipped,fixed edit conflict,
192,sparse_edit_or_object_completion,neighbor_fill_hline_0_1,51968,,14.14161657647865,,,not_run,skipped,rule does not fit,
192,sparse_edit_or_object_completion,neighbor_fill_hline_0_2,51968,,14.14161657647865,,,not_run,skipped,rule does not fit,
192,sparse_edit_or_object_completion,neighbor_fill_vline_0_1,51968,,14.14161657647865,,,not_run,skipped,rule does not fit,
192,sparse_edit_or_object_completion,neighbor_fill_vline_0_2,51968,,14.14161657647865,,,not_run,skipped,rule does not fit,
192,sparse_edit_or_object_completion,neighbor_fill_cross_0_1,51968,,14.14161657647865,,,not_run,skipped,rule does not fit,
192,sparse_edit_or_object_completion,neighbor_fill_cross_0_2,51968,,14.14161657647865,,,not_run,skipped,rule does not fit,
192,sparse_edit_or_object_completion,neighbor_fill_cross_0_3,51968,,14.14161657647865,,,not_run,skipped,rule does not fit,
192,sparse_edit_or_object_completion,neighbor_fill_cross_0_4,51968,,14.14161657647865,,,not_run,skipped,rule does not fit,
192,sparse_edit_or_object_completion,neighbor_fill_square_0_1,51968,,14.14161657647865,,,not_run,skipped,rule does not fit,
192,sparse_edit_or_object_completion,neighbor_fill_square_0_2,51968,,14.14161657647865,,,not_run,skipped,rule does not fit,
192,sparse_edit_or_object_completion,neighbor_fill_square_0_3,51968,,14.14161657647865,,,not_run,skipped,rule does not fit,
192,sparse_edit_or_object_completion,neighbor_fill_square_0_4,51968,,14.14161657647865,,,not_run,skipped,rule does not fit,
192,sparse_edit_or_object_completion,neighbor_fill_square_0_5,51968,,14.14161657647865,,,not_run,skipped,rule does not fit,
192,sparse_edit_or_object_completion,neighbor_fill_square_0_6,51968,,14.14161657647865,,,not_run,skipped,rule does not fit,
192,sparse_edit_or_object_completion,neighbor_fill_square_0_7,51968,,14.14161657647865,,,not_run,skipped,rule does not fit,
192,sparse_edit_or_object_completion,neighbor_fill_square_0_8,51968,,14.14161657647865,,,not_run,skipped,rule does not fit,
192,sparse_edit_or_object_completion,neighbor_fill_hline_1_1,51968,,14.14161657647865,,,not_run,skipped,rule does not fit,
192,sparse_edit_or_object_completion,neighbor_fill_hline_1_2,51968,,14.14161657647865,,,not_run,skipped,rule does not fit,
192,sparse_edit_or_object_completion,neighbor_fill_vline_1_1,51968,,14.14161657647865,,,not_run,skipped,rule does not fit,
192,sparse_edit_or_object_completion,neighbor_fill_vline_1_2,51968,,14.14161657647865,,,not_run,skipped,rule does not fit,
192,sparse_edit_or_object_completion,neighbor_fill_cross_1_1,51968,,14.14161657647865,,,not_run,skipped,rule does not fit,
192,sparse_edit_or_object_completion,neighbor_fill_cross_1_2,51968,,14.14161657647865,,,not_run,skipped,rule does not fit,
192,sparse_edit_or_object_completion,neighbor_fill_cross_1_3,51968,,14.14161657647865,,,not_run,skipped,rule does not fit,
192,sparse_edit_or_object_completion,neighbor_fill_cross_1_4,51968,,14.14161657647865,,,not_run,skipped,rule does not fit,
192,sparse_edit_or_object_completion,neighbor_fill_square_1_1,51968,,14.14161657647865,,,not_run,skipped,rule does not fit,
192,sparse_edit_or_object_completion,neighbor_fill_square_1_2,51968,,14.14161657647865,,,not_run,skipped,rule does not fit,
192,sparse_edit_or_object_completion,neighbor_fill_square_1_3,51968,,14.14161657647865,,,not_run,skipped,rule does not fit,
192,sparse_edit_or_object_completion,neighbor_fill_square_1_4,51968,,14.14161657647865,,,not_run,skipped,rule does not fit,
192,sparse_edit_or_object_completion,neighbor_fill_square_1_5,51968,,14.14161657647865,,,not_run,skipped,rule does not fit,
192,sparse_edit_or_object_completion,neighbor_fill_square_1_6,51968,,14.14161657647865,,,not_run,skipped,rule does not fit,
192,sparse_edit_or_object_completion,neighbor_fill_square_1_7,51968,,14.14161657647865,,,not_run,skipped,rule does not fit,
192,sparse_edit_or_object_completion,neighbor_fill_square_1_8,51968,,14.14161657647865,,,not_run,skipped,rule does not fit,
192,sparse_edit_or_object_completion,neighbor_fill_hline_2_1,51968,,14.14161657647865,,,not_run,skipped,rule does not fit,
192,sparse_edit_or_object_completion,neighbor_fill_hline_2_2,51968,,14.14161657647865,,,not_run,skipped,rule does not fit,
192,sparse_edit_or_object_completion,neighbor_fill_vline_2_1,51968,,14.14161657647865,,,not_run,skipped,rule does not fit,
192,sparse_edit_or_object_completion,neighbor_fill_vline_2_2,51968,,14.14161657647865,,,not_run,skipped,rule does not fit,
192,sparse_edit_or_object_completion,neighbor_fill_cross_2_1,51968,,14.14161657647865,,,not_run,skipped,rule does not fit,
192,sparse_edit_or_object_completion,neighbor_fill_cross_2_2,51968,,14.14161657647865,,,not_run,skipped,rule does not fit,
192,sparse_edit_or_object_completion,neighbor_fill_cross_2_3,51968,,14.14161657647865,,,not_run,skipped,rule does not fit,
192,sparse_edit_or_object_completion,neighbor_fill_cross_2_4,51968,,14.14161657647865,,,not_run,skipped,rule does not fit,
192,sparse_edit_or_object_completion,neighbor_fill_square_2_1,51968,,14.14161657647865,,,not_run,skipped,rule does not fit,
192,sparse_edit_or_object_completion,neighbor_fill_square_2_2,51968,,14.14161657647865,,,not_run,skipped,rule does not fit,
192,sparse_edit_or_object_completion,neighbor_fill_square_2_3,51968,,14.14161657647865,,,not_run,skipped,rule does not fit,
192,sparse_edit_or_object_completion,neighbor_fill_square_2_4,51968,,14.14161657647865,,,not_run,skipped,rule does not fit,
192,sparse_edit_or_object_completion,neighbor_fill_square_2_5,51968,,14.14161657647865,,,not_run,skipped,rule does not fit,
192,sparse_edit_or_object_completion,neighbor_fill_square_2_6,51968,,14.14161657647865,,,not_run,skipped,rule does not fit,
192,sparse_edit_or_object_completion,neighbor_fill_square_2_7,51968,,14.14161657647865,,,not_run,skipped,rule does not fit,
192,sparse_edit_or_object_completion,neighbor_fill_square_2_8,51968,,14.14161657647865,,,not_run,skipped,rule does not fit,
192,sparse_edit_or_object_completion,neighbor_fill_hline_3_1,51968,,14.14161657647865,,,not_run,skipped,rule does not fit,
192,sparse_edit_or_object_completion,neighbor_fill_hline_3_2,51968,,14.14161657647865,,,not_run,skipped,rule does not fit,
192,sparse_edit_or_object_completion,neighbor_fill_vline_3_1,51968,,14.14161657647865,,,not_run,skipped,rule does not fit,
192,sparse_edit_or_object_completion,neighbor_fill_vline_3_2,51968,,14.14161657647865,,,not_run,skipped,rule does not fit,
192,sparse_edit_or_object_completion,neighbor_fill_cross_3_1,51968,,14.14161657647865,,,not_run,skipped,rule does not fit,
192,sparse_edit_or_object_completion,neighbor_fill_cross_3_2,51968,,14.14161657647865,,,not_run,skipped,rule does not fit,
192,sparse_edit_or_object_completion,neighbor_fill_cross_3_3,51968,,14.14161657647865,,,not_run,skipped,rule does not fit,
192,sparse_edit_or_object_completion,neighbor_fill_cross_3_4,51968,,14.14161657647865,,,not_run,skipped,rule does not fit,
192,sparse_edit_or_object_completion,neighbor_fill_square_3_1,51968,,14.14161657647865,,,not_run,skipped,rule does not fit,
192,sparse_edit_or_object_completion,neighbor_fill_square_3_2,51968,,14.14161657647865,,,not_run,skipped,rule does not fit,
192,sparse_edit_or_object_completion,neighbor_fill_square_3_3,51968,,14.14161657647865,,,not_run,skipped,rule does not fit,
192,sparse_edit_or_object_completion,neighbor_fill_square_3_4,51968,,14.14161657647865,,,not_run,skipped,rule does not fit,
192,sparse_edit_or_object_completion,neighbor_fill_square_3_5,51968,,14.14161657647865,,,not_run,skipped,rule does not fit,
192,sparse_edit_or_object_completion,neighbor_fill_square_3_6,51968,,14.14161657647865,,,not_run,skipped,rule does not fit,
192,sparse_edit_or_object_completion,neighbor_fill_square_3_7,51968,,14.14161657647865,,,not_run,skipped,rule does not fit,
192,sparse_edit_or_object_completion,neighbor_fill_square_3_8,51968,,14.14161657647865,,,not_run,skipped,rule does not fit,
192,sparse_edit_or_object_completion,neighbor_fill_hline_5_1,51968,,14.14161657647865,,,not_run,skipped,rule does not fit,
192,sparse_edit_or_object_completion,neighbor_fill_hline_5_2,51968,,14.14161657647865,,,not_run,skipped,rule does not fit,
192,sparse_edit_or_object_completion,neighbor_fill_vline_5_1,51968,,14.14161657647865,,,not_run,skipped,rule does not fit,
192,sparse_edit_or_object_completion,neighbor_fill_vline_5_2,51968,,14.14161657647865,,,not_run,skipped,rule does not fit,
192,sparse_edit_or_object_completion,neighbor_fill_cross_5_1,51968,,14.14161657647865,,,not_run,skipped,rule does not fit,
192,sparse_edit_or_object_completion,neighbor_fill_cross_5_2,51968,,14.14161657647865,,,not_run,skipped,rule does not fit,
192,sparse_edit_or_object_completion,neighbor_fill_cross_5_3,51968,,14.14161657647865,,,not_run,skipped,rule does not fit,
192,sparse_edit_or_object_completion,neighbor_fill_cross_5_4,51968,,14.14161657647865,,,not_run,skipped,rule does not fit,
192,sparse_edit_or_object_completion,neighbor_fill_square_5_1,51968,,14.14161657647865,,,not_run,skipped,rule does not fit,
192,sparse_edit_or_object_completion,neighbor_fill_square_5_2,51968,,14.14161657647865,,,not_run,skipped,rule does not fit,
192,sparse_edit_or_object_completion,neighbor_fill_square_5_3,51968,,14.14161657647865,,,not_run,skipped,rule does not fit,
192,sparse_edit_or_object_completion,neighbor_fill_square_5_4,51968,,14.14161657647865,,,not_run,skipped,rule does not fit,
192,sparse_edit_or_object_completion,neighbor_fill_square_5_5,51968,,14.14161657647865,,,not_run,skipped,rule does not fit,
192,sparse_edit_or_object_completion,neighbor_fill_square_5_6,51968,,14.14161657647865,,,not_run,skipped,rule does not fit,
192,sparse_edit_or_object_completion,neighbor_fill_square_5_7,51968,,14.14161657647865,,,not_run,skipped,rule does not fit,
192,sparse_edit_or_object_completion,neighbor_fill_square_5_8,51968,,14.14161657647865,,,not_run,skipped,rule does not fit,
192,sparse_edit_or_object_completion,neighbor_fill_hline_6_1,51968,,14.14161657647865,,,not_run,skipped,rule does not fit,
192,sparse_edit_or_object_completion,neighbor_fill_hline_6_2,51968,,14.14161657647865,,,not_run,skipped,rule does not fit,
192,sparse_edit_or_object_completion,neighbor_fill_vline_6_1,51968,,14.14161657647865,,,not_run,skipped,rule does not fit,
192,sparse_edit_or_object_completion,neighbor_fill_vline_6_2,51968,,14.14161657647865,,,not_run,skipped,rule does not fit,
192,sparse_edit_or_object_completion,neighbor_fill_cross_6_1,51968,,14.14161657647865,,,not_run,skipped,rule does not fit,
192,sparse_edit_or_object_completion,neighbor_fill_cross_6_2,51968,,14.14161657647865,,,not_run,skipped,rule does not fit,
192,sparse_edit_or_object_completion,neighbor_fill_cross_6_3,51968,,14.14161657647865,,,not_run,skipped,rule does not fit,
192,sparse_edit_or_object_completion,neighbor_fill_cross_6_4,51968,,14.14161657647865,,,not_run,skipped,rule does not fit,
192,sparse_edit_or_object_completion,neighbor_fill_square_6_1,51968,,14.14161657647865,,,not_run,skipped,rule does not fit,
192,sparse_edit_or_object_completion,neighbor_fill_square_6_2,51968,,14.14161657647865,,,not_run,skipped,rule does not fit,
192,sparse_edit_or_object_completion,neighbor_fill_square_6_3,51968,,14.14161657647865,,,not_run,skipped,rule does not fit,
192,sparse_edit_or_object_completion,neighbor_fill_square_6_4,51968,,14.14161657647865,,,not_run,skipped,rule does not fit,
192,sparse_edit_or_object_completion,neighbor_fill_square_6_5,51968,,14.14161657647865,,,not_run,skipped,rule does not fit,
192,sparse_edit_or_object_completion,neighbor_fill_square_6_6,51968,,14.14161657647865,,,not_run,skipped,rule does not fit,
192,sparse_edit_or_object_completion,neighbor_fill_square_6_7,51968,,14.14161657647865,,,not_run,skipped,rule does not fit,
192,sparse_edit_or_object_completion,neighbor_fill_square_6_8,51968,,14.14161657647865,,,not_run,skipped,rule does not fit,
192,sparse_edit_or_object_completion,neighbor_fill_hline_7_1,51968,,14.14161657647865,,,not_run,skipped,rule does not fit,
192,sparse_edit_or_object_completion,neighbor_fill_hline_7_2,51968,,14.14161657647865,,,not_run,skipped,rule does not fit,
192,sparse_edit_or_object_completion,neighbor_fill_vline_7_1,51968,,14.14161657647865,,,not_run,skipped,rule does not fit,
192,sparse_edit_or_object_completion,neighbor_fill_vline_7_2,51968,,14.14161657647865,,,not_run,skipped,rule does not fit,
192,sparse_edit_or_object_completion,neighbor_fill_cross_7_1,51968,,14.14161657647865,,,not_run,skipped,rule does not fit,
192,sparse_edit_or_object_completion,neighbor_fill_cross_7_2,51968,,14.14161657647865,,,not_run,skipped,rule does not fit,
192,sparse_edit_or_object_completion,neighbor_fill_cross_7_3,51968,,14.14161657647865,,,not_run,skipped,rule does not fit,
192,sparse_edit_or_object_completion,neighbor_fill_cross_7_4,51968,,14.14161657647865,,,not_run,skipped,rule does not fit,
192,sparse_edit_or_object_completion,neighbor_fill_square_7_1,51968,,14.14161657647865,,,not_run,skipped,rule does not fit,
192,sparse_edit_or_object_completion,neighbor_fill_square_7_2,51968,,14.14161657647865,,,not_run,skipped,rule does not fit,
192,sparse_edit_or_object_completion,neighbor_fill_square_7_3,51968,,14.14161657647865,,,not_run,skipped,rule does not fit,
192,sparse_edit_or_object_completion,neighbor_fill_square_7_4,51968,,14.14161657647865,,,not_run,skipped,rule does not fit,
192,sparse_edit_or_object_completion,neighbor_fill_square_7_5,51968,,14.14161657647865,,,not_run,skipped,rule does not fit,
192,sparse_edit_or_object_completion,neighbor_fill_square_7_6,51968,,14.14161657647865,,,not_run,skipped,rule does not fit,
192,sparse_edit_or_object_completion,neighbor_fill_square_7_7,51968,,14.14161657647865,,,not_run,skipped,rule does not fit,
192,sparse_edit_or_object_completion,neighbor_fill_square_7_8,51968,,14.14161657647865,,,not_run,skipped,rule does not fit,
192,sparse_edit_or_object_completion,neighbor_fill_hline_8_1,51968,,14.14161657647865,,,not_run,skipped,rule does not fit,
192,sparse_edit_or_object_completion,neighbor_fill_hline_8_2,51968,,14.14161657647865,,,not_run,skipped,rule does not fit,
192,sparse_edit_or_object_completion,neighbor_fill_vline_8_1,51968,,14.14161657647865,,,not_run,skipped,rule does not fit,
192,sparse_edit_or_object_completion,neighbor_fill_vline_8_2,51968,,14.14161657647865,,,not_run,skipped,rule does not fit,
192,sparse_edit_or_object_completion,neighbor_fill_cross_8_1,51968,,14.14161657647865,,,not_run,skipped,rule does not fit,
192,sparse_edit_or_object_completion,neighbor_fill_cross_8_2,51968,,14.14161657647865,,,not_run,skipped,rule does not fit,
192,sparse_edit_or_object_completion,neighbor_fill_cross_8_3,51968,,14.14161657647865,,,not_run,skipped,rule does not fit,
192,sparse_edit_or_object_completion,neighbor_fill_cross_8_4,51968,,14.14161657647865,,,not_run,skipped,rule does not fit,
192,sparse_edit_or_object_completion,neighbor_fill_square_8_1,51968,,14.14161657647865,,,not_run,skipped,rule does not fit,
192,sparse_edit_or_object_completion,neighbor_fill_square_8_2,51968,,14.14161657647865,,,not_run,skipped,rule does not fit,
192,sparse_edit_or_object_completion,neighbor_fill_square_8_3,51968,,14.14161657647865,,,not_run,skipped,rule does not fit,
192,sparse_edit_or_object_completion,neighbor_fill_square_8_4,51968,,14.14161657647865,,,not_run,skipped,rule does not fit,
192,sparse_edit_or_object_completion,neighbor_fill_square_8_5,51968,,14.14161657647865,,,not_run,skipped,rule does not fit,
192,sparse_edit_or_object_completion,neighbor_fill_square_8_6,51968,,14.14161657647865,,,not_run,skipped,rule does not fit,
192,sparse_edit_or_object_completion,neighbor_fill_square_8_7,51968,,14.14161657647865,,,not_run,skipped,rule does not fit,
192,sparse_edit_or_object_completion,neighbor_fill_square_8_8,51968,,14.14161657647865,,,not_run,skipped,rule does not fit,
192,sparse_edit_or_object_completion,neighbor_fill_hline_9_1,51968,,14.14161657647865,,,not_run,skipped,rule does not fit,
192,sparse_edit_or_object_completion,neighbor_fill_hline_9_2,51968,,14.14161657647865,,,not_run,skipped,rule does not fit,
192,sparse_edit_or_object_completion,neighbor_fill_vline_9_1,51968,,14.14161657647865,,,not_run,skipped,rule does not fit,
192,sparse_edit_or_object_completion,neighbor_fill_vline_9_2,51968,,14.14161657647865,,,not_run,skipped,rule does not fit,
192,sparse_edit_or_object_completion,neighbor_fill_cross_9_1,51968,,14.14161657647865,,,not_run,skipped,rule does not fit,
192,sparse_edit_or_object_completion,neighbor_fill_cross_9_2,51968,,14.14161657647865,,,not_run,skipped,rule does not fit,
192,sparse_edit_or_object_completion,neighbor_fill_cross_9_3,51968,,14.14161657647865,,,not_run,skipped,rule does not fit,
192,sparse_edit_or_object_completion,neighbor_fill_cross_9_4,51968,,14.14161657647865,,,not_run,skipped,rule does not fit,
192,sparse_edit_or_object_completion,neighbor_fill_square_9_1,51968,,14.14161657647865,,,not_run,skipped,rule does not fit,
192,sparse_edit_or_object_completion,neighbor_fill_square_9_2,51968,,14.14161657647865,,,not_run,skipped,rule does not fit,
192,sparse_edit_or_object_completion,neighbor_fill_square_9_3,51968,,14.14161657647865,,,not_run,skipped,rule does not fit,
192,sparse_edit_or_object_completion,neighbor_fill_square_9_4,51968,,14.14161657647865,,,not_run,skipped,rule does not fit,
192,sparse_edit_or_object_completion,neighbor_fill_square_9_5,51968,,14.14161657647865,,,not_run,skipped,rule does not fit,
192,sparse_edit_or_object_completion,neighbor_fill_square_9_6,51968,,14.14161657647865,,,not_run,skipped,rule does not fit,
192,sparse_edit_or_object_completion,neighbor_fill_square_9_7,51968,,14.14161657647865,,,not_run,skipped,rule does not fit,
192,sparse_edit_or_object_completion,neighbor_fill_square_9_8,51968,,14.14161657647865,,,not_run,skipped,rule does not fit,
