task_id,variant,kind,passed,failed,baseline_cost,baseline_points,mapping
150,flip_lr,geometry,266,0,1014,18.078341815848873,
150,flip_lr_channel_recolor,geometry_recolor,266,0,1014,18.078341815848873,"{""0"": 0, ""1"": 1, ""2"": 2, ""3"": 3, ""4"": 4, ""5"": 5, ""6"": 6, ""7"": 7, ""8"": 8, ""9"": 9}"
155,flip_ud,geometry,266,0,1014,18.078341815848873,
155,flip_ud_channel_recolor,geometry_recolor,266,0,1014,18.078341815848873,"{""0"": 0, ""1"": 1, ""2"": 2, ""3"": 3, ""4"": 4, ""5"": 5, ""6"": 6, ""7"": 7, ""8"": 8, ""9"": 9}"
380,rot90_ccw_py,geometry,267,0,728,18.409698951803314,
380,rot90_ccw_py_channel_recolor,geometry_recolor,267,0,728,18.409698951803314,"{""0"": 0, ""1"": 1, ""2"": 2, ""3"": 3, ""4"": 4, ""5"": 5, ""6"": 6, ""7"": 7, ""8"": 8, ""9"": 9}"
87,rot180,geometry,266,0,368,19.09191706183107,
87,rot180_channel_recolor,geometry_recolor,266,0,368,19.09191706183107,"{""0"": 0, ""1"": 1, ""2"": 2, ""3"": 3, ""4"": 4, ""5"": 5, ""6"": 6, ""7"": 7, ""8"": 8, ""9"": 9}"
140,rot180,geometry,265,0,368,19.09191706183107,
140,rot180_channel_recolor,geometry_recolor,265,0,368,19.09191706183107,"{""0"": 0, ""1"": 1, ""2"": 2, ""3"": 3, ""4"": 4, ""5"": 5, ""6"": 6, ""7"": 7, ""8"": 8, ""9"": 9}"
16,flip_ud_channel_recolor,geometry_recolor,267,0,10,22.697414907005953,"{""0"": 0, ""1"": 5, ""2"": 6, ""3"": 4, ""4"": 3, ""5"": 1, ""6"": 2, ""7"": 7, ""8"": 9, ""9"": 8}"
16,identity_channel_recolor,geometry_recolor,267,0,10,22.697414907005953,"{""0"": 0, ""1"": 5, ""2"": 6, ""3"": 4, ""4"": 3, ""5"": 1, ""6"": 2, ""7"": 7, ""8"": 9, ""9"": 8}"
276,identity_channel_recolor,geometry_recolor,266,0,10,22.697414907005953,"{""0"": 0, ""1"": 1, ""2"": 2, ""3"": 3, ""4"": 4, ""5"": 5, ""6"": 2, ""7"": 7, ""8"": 8, ""9"": 9}"
309,identity_channel_recolor,geometry_recolor,265,0,10,22.697414907005953,"{""0"": 0, ""1"": 1, ""2"": 2, ""3"": 3, ""4"": 4, ""5"": 5, ""6"": 6, ""7"": 5, ""8"": 8, ""9"": 9}"
337,identity_channel_recolor,geometry_recolor,266,0,10,22.697414907005953,"{""0"": 0, ""1"": 1, ""2"": 2, ""3"": 3, ""4"": 4, ""5"": 8, ""6"": 6, ""7"": 7, ""8"": 5, ""9"": 9}"
179,transpose,geometry,267,0,0,25.0,
179,transpose_channel_recolor,geometry_recolor,267,0,0,25.0,"{""0"": 0, ""1"": 1, ""2"": 2, ""3"": 3, ""4"": 4, ""5"": 5, ""6"": 6, ""7"": 7, ""8"": 8, ""9"": 9}"
241,transpose,geometry,266,0,0,25.0,
241,transpose_channel_recolor,geometry_recolor,266,0,0,25.0,"{""0"": 0, ""1"": 1, ""2"": 2, ""3"": 3, ""4"": 4, ""5"": 5, ""6"": 6, ""7"": 7, ""8"": 8, ""9"": 9}"
104,flip_lr,geometry,0,7,3682,16.788788638206977,
104,flip_ud,geometry,0,7,3682,16.788788638206977,
104,identity,geometry,0,7,3682,16.788788638206977,
104,rot180,geometry,0,7,3682,16.788788638206977,
104,rot90_ccw_py,geometry,0,7,3682,16.788788638206977,
104,rot90_cw_py,geometry,0,7,3682,16.788788638206977,
104,transpose,geometry,0,7,3682,16.788788638206977,
262,flip_lr,geometry,0,11,3770,16.765169719557946,
262,flip_ud,geometry,0,11,3770,16.765169719557946,
262,identity,geometry,0,11,3770,16.765169719557946,
262,rot180,geometry,0,11,3770,16.765169719557946,
262,rot90_ccw_py,geometry,0,11,3770,16.765169719557946,
262,rot90_cw_py,geometry,0,11,3770,16.765169719557946,
262,transpose,geometry,0,11,3770,16.765169719557946,
248,flip_lr,geometry,0,13,6581,16.208058011543883,
248,flip_ud,geometry,0,13,6581,16.208058011543883,
248,identity,geometry,0,13,6581,16.208058011543883,
248,rot180,geometry,0,13,6581,16.208058011543883,
248,rot90_ccw_py,geometry,0,13,6581,16.208058011543883,
248,rot90_cw_py,geometry,0,13,6581,16.208058011543883,
248,transpose,geometry,0,13,6581,16.208058011543883,
357,flip_lr,geometry,0,13,6581,16.208058011543883,
357,flip_ud,geometry,0,13,6581,16.208058011543883,
357,identity,geometry,0,13,6581,16.208058011543883,
357,rot180,geometry,0,13,6581,16.208058011543883,
357,rot90_ccw_py,geometry,0,13,6581,16.208058011543883,
357,rot90_cw_py,geometry,0,13,6581,16.208058011543883,
357,transpose,geometry,0,13,6581,16.208058011543883,
73,flip_lr,geometry,0,15,910,18.186555400489105,
73,flip_ud,geometry,0,15,910,18.186555400489105,
73,identity,geometry,0,15,910,18.186555400489105,
73,rot180,geometry,0,15,910,18.186555400489105,
73,rot90_ccw_py,geometry,0,15,910,18.186555400489105,
73,rot90_cw_py,geometry,0,15,910,18.186555400489105,
73,transpose,geometry,0,15,910,18.186555400489105,
266,flip_lr,geometry,0,20,910,18.186555400489105,
266,flip_ud,geometry,0,20,910,18.186555400489105,
266,identity,geometry,0,20,910,18.186555400489105,
266,rot180,geometry,0,20,910,18.186555400489105,
266,rot90_ccw_py,geometry,0,20,910,18.186555400489105,
266,rot90_cw_py,geometry,0,20,910,18.186555400489105,
266,transpose,geometry,0,20,910,18.186555400489105,
299,flip_lr,geometry,0,21,1790,17.5100291011652,
299,flip_ud,geometry,0,21,1790,17.5100291011652,
299,identity,geometry,0,21,1790,17.5100291011652,
299,rot180,geometry,0,21,1790,17.5100291011652,
299,rot90_ccw_py,geometry,0,21,1790,17.5100291011652,
299,rot90_cw_py,geometry,0,21,1790,17.5100291011652,
299,transpose,geometry,0,21,1790,17.5100291011652,
58,flip_lr,geometry,0,22,16105,15.313114938234701,
58,flip_ud,geometry,0,22,16105,15.313114938234701,
58,identity,geometry,0,22,16105,15.313114938234701,
58,rot180,geometry,0,22,16105,15.313114938234701,
58,rot90_ccw_py,geometry,0,22,16105,15.313114938234701,
58,rot90_cw_py,geometry,0,22,16105,15.313114938234701,
58,transpose,geometry,0,22,16105,15.313114938234701,
176,flip_lr,geometry,0,25,7920,16.022853515191528,
176,flip_ud,geometry,0,25,7920,16.022853515191528,
176,identity,geometry,0,25,7920,16.022853515191528,
176,rot180,geometry,0,25,7920,16.022853515191528,
176,rot90_ccw_py,geometry,0,25,7920,16.022853515191528,
176,rot90_cw_py,geometry,0,25,7920,16.022853515191528,
176,transpose,geometry,0,25,7920,16.022853515191528,
292,flip_lr,geometry,0,28,6305,16.250901751600978,
292,flip_ud,geometry,0,28,6305,16.250901751600978,
292,identity,geometry,0,28,6305,16.250901751600978,
292,rot180,geometry,0,28,6305,16.250901751600978,
292,rot90_ccw_py,geometry,0,28,6305,16.250901751600978,
292,rot90_cw_py,geometry,0,28,6305,16.250901751600978,
292,transpose,geometry,0,28,6305,16.250901751600978,
336,flip_lr,geometry,0,31,6036,16.294503180112258,
336,flip_ud,geometry,0,31,6036,16.294503180112258,
336,identity,geometry,0,31,6036,16.294503180112258,
336,rot180,geometry,0,31,6036,16.294503180112258,
336,rot90_ccw_py,geometry,0,31,6036,16.294503180112258,
336,rot90_cw_py,geometry,0,31,6036,16.294503180112258,
336,transpose,geometry,0,31,6036,16.294503180112258,
376,flip_lr,geometry,0,39,23413,14.938953297362508,
376,flip_ud,geometry,0,39,23413,14.938953297362508,
376,identity,geometry,0,39,23413,14.938953297362508,
376,rot180,geometry,0,39,23413,14.938953297362508,
376,rot90_ccw_py,geometry,0,39,23413,14.938953297362508,
376,rot90_cw_py,geometry,0,39,23413,14.938953297362508,
376,transpose,geometry,0,39,23413,14.938953297362508,
56,flip_lr,geometry,0,46,213,19.638707834290575,
56,flip_ud,geometry,0,46,213,19.638707834290575,
56,identity,geometry,0,46,213,19.638707834290575,
56,rot180,geometry,0,46,213,19.638707834290575,
56,rot90_ccw_py,geometry,0,46,213,19.638707834290575,
56,rot90_cw_py,geometry,0,46,213,19.638707834290575,
56,transpose,geometry,0,46,213,19.638707834290575,
53,flip_ud,geometry,7,53,30,21.598802618337846,
171,flip_lr,geometry,0,54,910,18.186555400489105,
171,flip_ud,geometry,0,54,910,18.186555400489105,
171,identity,geometry,0,54,910,18.186555400489105,
171,rot180,geometry,0,54,910,18.186555400489105,
171,rot90_ccw_py,geometry,0,54,910,18.186555400489105,
171,rot90_cw_py,geometry,0,54,910,18.186555400489105,
171,transpose,geometry,0,54,910,18.186555400489105,
375,flip_lr,geometry,0,58,15172,15.372793097191211,
375,flip_ud,geometry,0,58,15172,15.372793097191211,
375,identity,geometry,0,58,15172,15.372793097191211,
375,rot180,geometry,0,58,15172,15.372793097191211,
375,rot90_ccw_py,geometry,0,58,15172,15.372793097191211,
375,rot90_cw_py,geometry,0,58,15172,15.372793097191211,
375,transpose,geometry,0,58,15172,15.372793097191211,
53,rot180,geometry,2,58,30,21.598802618337846,
53,flip_lr,geometry,0,60,30,21.598802618337846,
53,identity,geometry,0,60,30,21.598802618337846,
53,rot90_ccw_py,geometry,0,60,30,21.598802618337846,
53,rot90_cw_py,geometry,0,60,30,21.598802618337846,
53,transpose,geometry,0,60,30,21.598802618337846,
235,flip_lr,geometry,0,69,1338,17.801068759311825,
235,flip_ud,geometry,0,69,1338,17.801068759311825,
235,identity,geometry,0,69,1338,17.801068759311825,
235,rot180,geometry,0,69,1338,17.801068759311825,
235,rot90_ccw_py,geometry,0,69,1338,17.801068759311825,
235,rot90_cw_py,geometry,0,69,1338,17.801068759311825,
235,transpose,geometry,0,69,1338,17.801068759311825,
373,flip_lr,geometry,0,75,524,18.738508315678956,
373,flip_ud,geometry,0,75,524,18.738508315678956,
373,identity,geometry,0,75,524,18.738508315678956,
373,rot180,geometry,0,75,524,18.738508315678956,
373,rot90_ccw_py,geometry,0,75,524,18.738508315678956,
373,rot90_cw_py,geometry,0,75,524,18.738508315678956,
373,transpose,geometry,0,75,524,18.738508315678956,
200,flip_lr,geometry,0,84,8306,15.975266575809302,
200,flip_ud,geometry,0,84,8306,15.975266575809302,
200,identity,geometry,0,84,8306,15.975266575809302,
200,rot180,geometry,0,84,8306,15.975266575809302,
200,rot90_ccw_py,geometry,0,84,8306,15.975266575809302,
200,rot90_cw_py,geometry,0,84,8306,15.975266575809302,
200,transpose,geometry,0,84,8306,15.975266575809302,
226,flip_lr,geometry,0,133,5559,16.37682648504653,
226,flip_ud,geometry,0,133,5559,16.37682648504653,
226,identity,geometry,0,133,5559,16.37682648504653,
226,rot180,geometry,0,133,5559,16.37682648504653,
226,rot90_ccw_py,geometry,0,133,5559,16.37682648504653,
226,rot90_cw_py,geometry,0,133,5559,16.37682648504653,
226,transpose,geometry,0,133,5559,16.37682648504653,
102,identity,geometry,115,152,12607,15.55799250576873,
45,identity,geometry,100,165,7428,16.0869880775274,
323,flip_lr,geometry,0,172,4533,16.58086074905915,
323,flip_ud,geometry,0,172,4533,16.58086074905915,
323,identity,geometry,0,172,4533,16.58086074905915,
323,rot180,geometry,0,172,4533,16.58086074905915,
323,rot90_ccw_py,geometry,0,172,4533,16.58086074905915,
323,rot90_cw_py,geometry,0,172,4533,16.58086074905915,
323,transpose,geometry,0,172,4533,16.58086074905915,
84,flip_lr,geometry,0,175,19513,15.121163810905001,
84,flip_ud,geometry,0,175,19513,15.121163810905001,
84,identity,geometry,0,175,19513,15.121163810905001,
84,rot180,geometry,0,175,19513,15.121163810905001,
84,rot90_ccw_py,geometry,0,175,19513,15.121163810905001,
84,rot90_cw_py,geometry,0,175,19513,15.121163810905001,
84,transpose,geometry,0,175,19513,15.121163810905001,
112,identity,geometry,69,197,59270,14.010141445218116,
103,flip_lr,geometry,0,223,193,19.737309811095116,
103,flip_ud,geometry,0,223,193,19.737309811095116,
103,identity,geometry,0,223,193,19.737309811095116,
103,rot180,geometry,0,223,193,19.737309811095116,
103,rot90_ccw_py,geometry,0,223,193,19.737309811095116,
103,rot90_cw_py,geometry,0,223,193,19.737309811095116,
103,transpose,geometry,0,223,193,19.737309811095116,
380,flip_lr,geometry,38,229,728,18.409698951803314,
380,transpose,geometry,37,230,728,18.409698951803314,
380,flip_ud,geometry,22,245,728,18.409698951803314,
241,rot180,geometry,19,247,0,25.0,
122,flip_ud,geometry,12,254,2510,17.17196196787417,
87,transpose,geometry,12,254,368,19.09191706183107,
87,flip_ud,geometry,11,255,368,19.09191706183107,
122,flip_lr,geometry,10,256,2510,17.17196196787417,
179,rot180,geometry,11,256,0,25.0,
87,flip_lr,geometry,9,257,368,19.09191706183107,
179,rot90_cw_py,geometry,9,258,0,25.0,
50,identity,geometry,12,259,9475,15.843587970049374,
380,rot90_cw_py,geometry,8,259,728,18.409698951803314,
179,rot90_ccw_py,geometry,7,260,0,25.0,
112,flip_lr,geometry,5,261,59270,14.010141445218116,
112,flip_ud,geometry,4,262,59270,14.010141445218116,
69,flip_lr,geometry,0,264,79246,13.719687782720406,
69,flip_ud,geometry,0,264,79246,13.719687782720406,
69,identity,geometry,0,264,79246,13.719687782720406,
69,rot180,geometry,0,264,79246,13.719687782720406,
69,rot90_ccw_py,geometry,0,264,79246,13.719687782720406,
69,rot90_cw_py,geometry,0,264,79246,13.719687782720406,
69,transpose,geometry,0,264,79246,13.719687782720406,
301,flip_lr,geometry,2,264,64988,13.91804208355036,
345,flip_lr,geometry,0,264,11716,15.631289292052376,
345,flip_ud,geometry,0,264,11716,15.631289292052376,
345,identity,geometry,0,264,11716,15.631289292052376,
345,rot180,geometry,0,264,11716,15.631289292052376,
345,rot90_ccw_py,geometry,0,264,11716,15.631289292052376,
345,rot90_cw_py,geometry,0,264,11716,15.631289292052376,
345,transpose,geometry,0,264,11716,15.631289292052376,
39,flip_lr,geometry,0,264,7772,16.04171718950267,
39,flip_ud,geometry,0,264,7772,16.04171718950267,
39,identity,geometry,0,264,7772,16.04171718950267,
39,rot180,geometry,0,264,7772,16.04171718950267,
39,rot90_ccw_py,geometry,0,264,7772,16.04171718950267,
39,rot90_cw_py,geometry,0,264,7772,16.04171718950267,
39,transpose,geometry,0,264,7772,16.04171718950267,
122,rot180,geometry,2,264,2510,17.17196196787417,
81,flip_lr,geometry,0,264,2307,17.256296741826247,
81,flip_ud,geometry,0,264,2307,17.256296741826247,
81,identity,geometry,0,264,2307,17.256296741826247,
81,rot180,geometry,0,264,2307,17.256296741826247,
81,rot90_ccw_py,geometry,0,264,2307,17.256296741826247,
81,rot90_cw_py,geometry,0,264,2307,17.256296741826247,
81,transpose,geometry,0,264,2307,17.256296741826247,
267,flip_lr,geometry,0,264,1255,17.865109148434115,
267,flip_ud,geometry,0,264,1255,17.865109148434115,
267,identity,geometry,0,264,1255,17.865109148434115,
267,rot180,geometry,0,264,1255,17.865109148434115,
267,rot90_ccw_py,geometry,0,264,1255,17.865109148434115,
267,rot90_cw_py,geometry,0,264,1255,17.865109148434115,
267,transpose,geometry,0,264,1255,17.865109148434115,
286,flip_lr,geometry,0,265,110902,13.383597792559053,
286,flip_ud,geometry,0,265,110902,13.383597792559053,
286,identity,geometry,0,265,110902,13.383597792559053,
286,rot180,geometry,0,265,110902,13.383597792559053,
286,rot90_ccw_py,geometry,0,265,110902,13.383597792559053,
286,rot90_cw_py,geometry,0,265,110902,13.383597792559053,
286,transpose,geometry,0,265,110902,13.383597792559053,
159,flip_lr,geometry,0,265,89501,13.597994922615115,
159,flip_ud,geometry,0,265,89501,13.597994922615115,
159,identity,geometry,0,265,89501,13.597994922615115,
159,rot180,geometry,0,265,89501,13.597994922615115,
159,rot90_ccw_py,geometry,0,265,89501,13.597994922615115,
159,rot90_cw_py,geometry,0,265,89501,13.597994922615115,
159,transpose,geometry,0,265,89501,13.597994922615115,
9,flip_lr,geometry,0,265,81241,13.69482467517415,
9,flip_ud,geometry,0,265,81241,13.69482467517415,
9,identity,geometry,0,265,81241,13.69482467517415,
9,rot180,geometry,0,265,81241,13.69482467517415,
9,rot90_ccw_py,geometry,0,265,81241,13.69482467517415,
9,rot90_cw_py,geometry,0,265,81241,13.69482467517415,
9,transpose,geometry,0,265,81241,13.69482467517415,
285,flip_lr,geometry,0,265,81220,13.695083198759711,
285,flip_ud,geometry,0,265,81220,13.695083198759711,
285,identity,geometry,0,265,81220,13.695083198759711,
285,rot180,geometry,0,265,81220,13.695083198759711,
285,rot90_ccw_py,geometry,0,265,81220,13.695083198759711,
285,rot90_cw_py,geometry,0,265,81220,13.695083198759711,
285,transpose,geometry,0,265,81220,13.695083198759711,
303,flip_lr,geometry,0,265,80710,13.701382237681582,
303,flip_ud,geometry,0,265,80710,13.701382237681582,
303,identity,geometry,0,265,80710,13.701382237681582,
303,rot180,geometry,0,265,80710,13.701382237681582,
303,rot90_ccw_py,geometry,0,265,80710,13.701382237681582,
303,rot90_cw_py,geometry,0,265,80710,13.701382237681582,
303,transpose,geometry,0,265,80710,13.701382237681582,
36,flip_lr,geometry,0,265,79962,13.710693199192217,
36,flip_ud,geometry,0,265,79962,13.710693199192217,
36,identity,geometry,0,265,79962,13.710693199192217,
36,rot180,geometry,0,265,79962,13.710693199192217,
36,rot90_ccw_py,geometry,0,265,79962,13.710693199192217,
36,rot90_cw_py,geometry,0,265,79962,13.710693199192217,
36,transpose,geometry,0,265,79962,13.710693199192217,
157,flip_lr,geometry,0,265,79930,13.711093469379936,
157,flip_ud,geometry,0,265,79930,13.711093469379936,
157,identity,geometry,0,265,79930,13.711093469379936,
157,rot180,geometry,0,265,79930,13.711093469379936,
157,rot90_ccw_py,geometry,0,265,79930,13.711093469379936,
157,rot90_cw_py,geometry,0,265,79930,13.711093469379936,
157,transpose,geometry,0,265,79930,13.711093469379936,
264,flip_lr,geometry,0,265,79536,13.716034971665547,
264,flip_ud,geometry,0,265,79536,13.716034971665547,
264,identity,geometry,0,265,79536,13.716034971665547,
264,rot180,geometry,0,265,79536,13.716034971665547,
264,rot90_ccw_py,geometry,0,265,79536,13.716034971665547,
264,rot90_cw_py,geometry,0,265,79536,13.716034971665547,
264,transpose,geometry,0,265,79536,13.716034971665547,
358,flip_lr,geometry,0,265,78978,13.723075388346537,
358,flip_ud,geometry,0,265,78978,13.723075388346537,
358,identity,geometry,0,265,78978,13.723075388346537,
358,rot180,geometry,0,265,78978,13.723075388346537,
358,rot90_ccw_py,geometry,0,265,78978,13.723075388346537,
358,rot90_cw_py,geometry,0,265,78978,13.723075388346537,
358,transpose,geometry,0,265,78978,13.723075388346537,
85,flip_lr,geometry,0,265,78662,13.727084528453883,
85,flip_ud,geometry,0,265,78662,13.727084528453883,
85,identity,geometry,0,265,78662,13.727084528453883,
85,rot180,geometry,0,265,78662,13.727084528453883,
85,rot90_ccw_py,geometry,0,265,78662,13.727084528453883,
85,rot90_cw_py,geometry,0,265,78662,13.727084528453883,
85,transpose,geometry,0,265,78662,13.727084528453883,
71,flip_lr,geometry,0,265,76482,13.755189301989024,
71,flip_ud,geometry,0,265,76482,13.755189301989024,
71,identity,geometry,0,265,76482,13.755189301989024,
71,rot180,geometry,0,265,76482,13.755189301989024,
71,rot90_ccw_py,geometry,0,265,76482,13.755189301989024,
71,rot90_cw_py,geometry,0,265,76482,13.755189301989024,
71,transpose,geometry,0,265,76482,13.755189301989024,
255,flip_lr,geometry,0,265,74403,13.782748457411104,
255,flip_ud,geometry,0,265,74403,13.782748457411104,
255,identity,geometry,0,265,74403,13.782748457411104,
255,rot180,geometry,0,265,74403,13.782748457411104,
255,rot90_ccw_py,geometry,0,265,74403,13.782748457411104,
255,rot90_cw_py,geometry,0,265,74403,13.782748457411104,
255,transpose,geometry,0,265,74403,13.782748457411104,
51,flip_lr,geometry,0,265,68437,13.866331106969804,
51,flip_ud,geometry,0,265,68437,13.866331106969804,
51,identity,geometry,0,265,68437,13.866331106969804,
51,rot180,geometry,0,265,68437,13.866331106969804,
51,rot90_ccw_py,geometry,0,265,68437,13.866331106969804,
51,rot90_cw_py,geometry,0,265,68437,13.866331106969804,
51,transpose,geometry,0,265,68437,13.866331106969804,
243,flip_lr,geometry,0,265,67878,13.874532744845478,
243,flip_ud,geometry,0,265,67878,13.874532744845478,
243,identity,geometry,0,265,67878,13.874532744845478,
243,rot180,geometry,0,265,67878,13.874532744845478,
243,rot90_ccw_py,geometry,0,265,67878,13.874532744845478,
243,rot90_cw_py,geometry,0,265,67878,13.874532744845478,
243,transpose,geometry,0,265,67878,13.874532744845478,
165,flip_lr,geometry,0,265,67524,13.87976163077872,
165,flip_ud,geometry,0,265,67524,13.87976163077872,
165,identity,geometry,0,265,67524,13.87976163077872,
165,rot180,geometry,0,265,67524,13.87976163077872,
165,rot90_ccw_py,geometry,0,265,67524,13.87976163077872,
165,rot90_cw_py,geometry,0,265,67524,13.87976163077872,
165,transpose,geometry,0,265,67524,13.87976163077872,
306,flip_lr,geometry,0,265,64444,13.926448091389123,
306,flip_ud,geometry,0,265,64444,13.926448091389123,
306,identity,geometry,0,265,64444,13.926448091389123,
306,rot180,geometry,0,265,64444,13.926448091389123,
306,rot90_ccw_py,geometry,0,265,64444,13.926448091389123,
306,rot90_cw_py,geometry,0,265,64444,13.926448091389123,
306,transpose,geometry,0,265,64444,13.926448091389123,
177,flip_lr,geometry,0,265,61194,13.978195575521427,
177,flip_ud,geometry,0,265,61194,13.978195575521427,
177,identity,geometry,0,265,61194,13.978195575521427,
177,rot180,geometry,0,265,61194,13.978195575521427,
177,rot90_ccw_py,geometry,0,265,61194,13.978195575521427,
177,rot90_cw_py,geometry,0,265,61194,13.978195575521427,
177,transpose,geometry,0,265,61194,13.978195575521427,
33,flip_lr,geometry,0,265,55161,14.081988539178049,
33,flip_ud,geometry,0,265,55161,14.081988539178049,
33,identity,geometry,0,265,55161,14.081988539178049,
33,rot180,geometry,0,265,55161,14.081988539178049,
33,rot90_ccw_py,geometry,0,265,55161,14.081988539178049,
33,rot90_cw_py,geometry,0,265,55161,14.081988539178049,
33,transpose,geometry,0,265,55161,14.081988539178049,
4,flip_lr,geometry,0,265,55020,14.084547965521434,
4,flip_ud,geometry,0,265,55020,14.084547965521434,
4,identity,geometry,0,265,55020,14.084547965521434,
4,rot180,geometry,0,265,55020,14.084547965521434,
4,rot90_ccw_py,geometry,0,265,55020,14.084547965521434,
4,rot90_cw_py,geometry,0,265,55020,14.084547965521434,
4,transpose,geometry,0,265,55020,14.084547965521434,
363,flip_lr,geometry,0,265,54241,14.098807640977503,
363,flip_ud,geometry,0,265,54241,14.098807640977503,
363,identity,geometry,0,265,54241,14.098807640977503,
363,rot180,geometry,0,265,54241,14.098807640977503,
363,rot90_ccw_py,geometry,0,265,54241,14.098807640977503,
363,rot90_cw_py,geometry,0,265,54241,14.098807640977503,
363,transpose,geometry,0,265,54241,14.098807640977503,
192,flip_lr,geometry,0,265,51968,14.14161657647865,
192,flip_ud,geometry,0,265,51968,14.14161657647865,
192,identity,geometry,0,265,51968,14.14161657647865,
192,rot180,geometry,0,265,51968,14.14161657647865,
192,rot90_ccw_py,geometry,0,265,51968,14.14161657647865,
192,rot90_cw_py,geometry,0,265,51968,14.14161657647865,
192,transpose,geometry,0,265,51968,14.14161657647865,
213,flip_lr,geometry,0,265,50225,14.175731810316865,
213,flip_ud,geometry,0,265,50225,14.175731810316865,
213,identity,geometry,0,265,50225,14.175731810316865,
213,rot180,geometry,0,265,50225,14.175731810316865,
213,rot90_ccw_py,geometry,0,265,50225,14.175731810316865,
213,rot90_cw_py,geometry,0,265,50225,14.175731810316865,
213,transpose,geometry,0,265,50225,14.175731810316865,
253,flip_lr,geometry,0,265,48269,14.215455188361384,
253,flip_ud,geometry,0,265,48269,14.215455188361384,
253,identity,geometry,0,265,48269,14.215455188361384,
253,rot180,geometry,0,265,48269,14.215455188361384,
253,rot90_ccw_py,geometry,0,265,48269,14.215455188361384,
253,rot90_cw_py,geometry,0,265,48269,14.215455188361384,
253,transpose,geometry,0,265,48269,14.215455188361384,
219,flip_lr,geometry,0,265,47688,14.227564927100238,
219,flip_ud,geometry,0,265,47688,14.227564927100238,
219,identity,geometry,0,265,47688,14.227564927100238,
219,rot180,geometry,0,265,47688,14.227564927100238,
219,rot90_ccw_py,geometry,0,265,47688,14.227564927100238,
219,rot90_cw_py,geometry,0,265,47688,14.227564927100238,
219,transpose,geometry,0,265,47688,14.227564927100238,
92,flip_lr,geometry,0,265,46289,14.25734036914603,
92,flip_ud,geometry,0,265,46289,14.25734036914603,
92,identity,geometry,0,265,46289,14.25734036914603,
92,rot180,geometry,0,265,46289,14.25734036914603,
92,rot90_ccw_py,geometry,0,265,46289,14.25734036914603,
92,rot90_cw_py,geometry,0,265,46289,14.25734036914603,
92,transpose,geometry,0,265,46289,14.25734036914603,
215,flip_lr,geometry,0,265,38094,14.452187931601495,
215,flip_ud,geometry,0,265,38094,14.452187931601495,
215,identity,geometry,0,265,38094,14.452187931601495,
215,rot180,geometry,0,265,38094,14.452187931601495,
215,rot90_ccw_py,geometry,0,265,38094,14.452187931601495,
215,rot90_cw_py,geometry,0,265,38094,14.452187931601495,
215,transpose,geometry,0,265,38094,14.452187931601495,
27,flip_lr,geometry,0,265,36791,14.486991470971319,
27,flip_ud,geometry,0,265,36791,14.486991470971319,
27,identity,geometry,0,265,36791,14.486991470971319,
27,rot180,geometry,0,265,36791,14.486991470971319,
27,rot90_ccw_py,geometry,0,265,36791,14.486991470971319,
27,rot90_cw_py,geometry,0,265,36791,14.486991470971319,
27,transpose,geometry,0,265,36791,14.486991470971319,
351,flip_lr,geometry,0,265,35154,14.532506311227156,
351,flip_ud,geometry,0,265,35154,14.532506311227156,
351,identity,geometry,0,265,35154,14.532506311227156,
351,rot180,geometry,0,265,35154,14.532506311227156,
351,rot90_ccw_py,geometry,0,265,35154,14.532506311227156,
351,rot90_cw_py,geometry,0,265,35154,14.532506311227156,
351,transpose,geometry,0,265,35154,14.532506311227156,
278,flip_lr,geometry,0,265,34383,14.55468246483519,
278,flip_ud,geometry,0,265,34383,14.55468246483519,
278,identity,geometry,0,265,34383,14.55468246483519,
278,rot180,geometry,0,265,34383,14.55468246483519,
278,rot90_ccw_py,geometry,0,265,34383,14.55468246483519,
278,rot90_cw_py,geometry,0,265,34383,14.55468246483519,
278,transpose,geometry,0,265,34383,14.55468246483519,
368,flip_lr,geometry,0,265,32339,14.615970788806473,
368,flip_ud,geometry,0,265,32339,14.615970788806473,
368,identity,geometry,0,265,32339,14.615970788806473,
368,rot180,geometry,0,265,32339,14.615970788806473,
368,rot90_ccw_py,geometry,0,265,32339,14.615970788806473,
368,rot90_cw_py,geometry,0,265,32339,14.615970788806473,
368,transpose,geometry,0,265,32339,14.615970788806473,
57,flip_lr,geometry,0,265,29304,14.71452069554135,
57,flip_ud,geometry,0,265,29304,14.71452069554135,
57,identity,geometry,0,265,29304,14.71452069554135,
57,rot180,geometry,0,265,29304,14.71452069554135,
57,rot90_ccw_py,geometry,0,265,29304,14.71452069554135,
57,rot90_cw_py,geometry,0,265,29304,14.71452069554135,
57,transpose,geometry,0,265,29304,14.71452069554135,
75,flip_lr,geometry,0,265,28487,14.742796878157792,
75,flip_ud,geometry,0,265,28487,14.742796878157792,
75,identity,geometry,0,265,28487,14.742796878157792,
75,rot180,geometry,0,265,28487,14.742796878157792,
75,rot90_ccw_py,geometry,0,265,28487,14.742796878157792,
75,rot90_cw_py,geometry,0,265,28487,14.742796878157792,
75,transpose,geometry,0,265,28487,14.742796878157792,
156,flip_lr,geometry,0,265,26552,14.81313964660019,
156,flip_ud,geometry,0,265,26552,14.81313964660019,
156,identity,geometry,0,265,26552,14.81313964660019,
156,rot180,geometry,0,265,26552,14.81313964660019,
156,rot90_ccw_py,geometry,0,265,26552,14.81313964660019,
156,rot90_cw_py,geometry,0,265,26552,14.81313964660019,
156,transpose,geometry,0,265,26552,14.81313964660019,
55,flip_lr,geometry,0,265,26370,14.820017720652668,
55,flip_ud,geometry,0,265,26370,14.820017720652668,
55,identity,geometry,0,265,26370,14.820017720652668,
55,rot180,geometry,0,265,26370,14.820017720652668,
55,rot90_ccw_py,geometry,0,265,26370,14.820017720652668,
55,rot90_cw_py,geometry,0,265,26370,14.820017720652668,
55,transpose,geometry,0,265,26370,14.820017720652668,
333,flip_lr,geometry,0,265,24893,14.877658081568091,
333,flip_ud,geometry,0,265,24893,14.877658081568091,
333,identity,geometry,0,265,24893,14.877658081568091,
333,rot180,geometry,0,265,24893,14.877658081568091,
333,rot90_ccw_py,geometry,0,265,24893,14.877658081568091,
333,rot90_cw_py,geometry,0,265,24893,14.877658081568091,
333,transpose,geometry,0,265,24893,14.877658081568091,
183,flip_lr,geometry,0,265,24878,14.87826084223009,
183,flip_ud,geometry,0,265,24878,14.87826084223009,
183,identity,geometry,0,265,24878,14.87826084223009,
183,rot180,geometry,0,265,24878,14.87826084223009,
183,rot90_ccw_py,geometry,0,265,24878,14.87826084223009,
183,rot90_cw_py,geometry,0,265,24878,14.87826084223009,
183,transpose,geometry,0,265,24878,14.87826084223009,
82,flip_lr,geometry,0,265,23479,14.936138316402742,
82,flip_ud,geometry,0,265,23479,14.936138316402742,
82,identity,geometry,0,265,23479,14.936138316402742,
82,rot180,geometry,0,265,23479,14.936138316402742,
82,rot90_ccw_py,geometry,0,265,23479,14.936138316402742,
82,rot90_cw_py,geometry,0,265,23479,14.936138316402742,
82,transpose,geometry,0,265,23479,14.936138316402742,
168,flip_lr,geometry,0,265,20403,15.076562772156251,
168,flip_ud,geometry,0,265,20403,15.076562772156251,
168,identity,geometry,0,265,20403,15.076562772156251,
168,rot180,geometry,0,265,20403,15.076562772156251,
168,rot90_ccw_py,geometry,0,265,20403,15.076562772156251,
168,rot90_cw_py,geometry,0,265,20403,15.076562772156251,
168,transpose,geometry,0,265,20403,15.076562772156251,
117,flip_lr,geometry,0,265,18454,15.1769635718615,
117,flip_ud,geometry,0,265,18454,15.1769635718615,
117,identity,geometry,0,265,18454,15.1769635718615,
117,rot180,geometry,0,265,18454,15.1769635718615,
117,rot90_ccw_py,geometry,0,265,18454,15.1769635718615,
117,rot90_cw_py,geometry,0,265,18454,15.1769635718615,
117,transpose,geometry,0,265,18454,15.1769635718615,
130,flip_lr,geometry,0,265,15948,15.322911291498754,
130,flip_ud,geometry,0,265,15948,15.322911291498754,
130,identity,geometry,0,265,15948,15.322911291498754,
130,rot180,geometry,0,265,15948,15.322911291498754,
130,rot90_ccw_py,geometry,0,265,15948,15.322911291498754,
130,rot90_cw_py,geometry,0,265,15948,15.322911291498754,
130,transpose,geometry,0,265,15948,15.322911291498754,
141,flip_lr,geometry,0,265,15819,15.33103297180142,
141,flip_ud,geometry,0,265,15819,15.33103297180142,
141,identity,geometry,0,265,15819,15.33103297180142,
141,rot180,geometry,0,265,15819,15.33103297180142,
141,rot90_ccw_py,geometry,0,265,15819,15.33103297180142,
141,rot90_cw_py,geometry,0,265,15819,15.33103297180142,
141,transpose,geometry,0,265,15819,15.33103297180142,
93,flip_lr,geometry,0,265,15458,15.354118052333183,
93,flip_ud,geometry,0,265,15458,15.354118052333183,
93,identity,geometry,0,265,15458,15.354118052333183,
93,rot180,geometry,0,265,15458,15.354118052333183,
93,rot90_ccw_py,geometry,0,265,15458,15.354118052333183,
93,rot90_cw_py,geometry,0,265,15458,15.354118052333183,
93,transpose,geometry,0,265,15458,15.354118052333183,
195,flip_lr,geometry,0,265,14229,15.436962585454308,
195,flip_ud,geometry,0,265,14229,15.436962585454308,
195,identity,geometry,0,265,14229,15.436962585454308,
195,rot180,geometry,0,265,14229,15.436962585454308,
195,rot90_ccw_py,geometry,0,265,14229,15.436962585454308,
195,rot90_cw_py,geometry,0,265,14229,15.436962585454308,
195,transpose,geometry,0,265,14229,15.436962585454308,
125,flip_lr,geometry,0,265,13417,15.495722161409528,
125,flip_ud,geometry,0,265,13417,15.495722161409528,
125,identity,geometry,0,265,13417,15.495722161409528,
125,rot180,geometry,0,265,13417,15.495722161409528,
125,rot90_ccw_py,geometry,0,265,13417,15.495722161409528,
125,rot90_cw_py,geometry,0,265,13417,15.495722161409528,
125,transpose,geometry,0,265,13417,15.495722161409528,
12,flip_lr,geometry,0,265,12639,15.555457449352874,
12,flip_ud,geometry,0,265,12639,15.555457449352874,
12,identity,geometry,0,265,12639,15.555457449352874,
12,rot180,geometry,0,265,12639,15.555457449352874,
12,rot90_ccw_py,geometry,0,265,12639,15.555457449352874,
12,rot90_cw_py,geometry,0,265,12639,15.555457449352874,
12,transpose,geometry,0,265,12639,15.555457449352874,
250,flip_lr,geometry,0,265,12141,15.595656566456025,
250,flip_ud,geometry,0,265,12141,15.595656566456025,
250,identity,geometry,0,265,12141,15.595656566456025,
250,rot180,geometry,0,265,12141,15.595656566456025,
250,rot90_ccw_py,geometry,0,265,12141,15.595656566456025,
250,rot90_cw_py,geometry,0,265,12141,15.595656566456025,
250,transpose,geometry,0,265,12141,15.595656566456025,
153,flip_lr,geometry,0,265,11212,15.675260087715321,
153,flip_ud,geometry,0,265,11212,15.675260087715321,
153,identity,geometry,0,265,11212,15.675260087715321,
153,rot180,geometry,0,265,11212,15.675260087715321,
153,rot90_ccw_py,geometry,0,265,11212,15.675260087715321,
153,rot90_cw_py,geometry,0,265,11212,15.675260087715321,
153,transpose,geometry,0,265,11212,15.675260087715321,
225,flip_lr,geometry,0,265,11078,15.68728356140695,
225,flip_ud,geometry,0,265,11078,15.68728356140695,
225,identity,geometry,0,265,11078,15.68728356140695,
225,rot180,geometry,0,265,11078,15.68728356140695,
225,rot90_ccw_py,geometry,0,265,11078,15.68728356140695,
225,rot90_cw_py,geometry,0,265,11078,15.68728356140695,
225,transpose,geometry,0,265,11078,15.68728356140695,
94,flip_lr,geometry,0,265,10453,15.745355702467293,
94,flip_ud,geometry,0,265,10453,15.745355702467293,
94,identity,geometry,0,265,10453,15.745355702467293,
94,rot180,geometry,0,265,10453,15.745355702467293,
94,rot90_ccw_py,geometry,0,265,10453,15.745355702467293,
94,rot90_cw_py,geometry,0,265,10453,15.745355702467293,
94,transpose,geometry,0,265,10453,15.745355702467293,
312,flip_lr,geometry,0,265,9979,15.791761836115688,
312,flip_ud,geometry,0,265,9979,15.791761836115688,
312,identity,geometry,0,265,9979,15.791761836115688,
312,rot180,geometry,0,265,9979,15.791761836115688,
312,rot90_ccw_py,geometry,0,265,9979,15.791761836115688,
312,rot90_cw_py,geometry,0,265,9979,15.791761836115688,
312,transpose,geometry,0,265,9979,15.791761836115688,
212,flip_lr,geometry,0,265,9969,15.792764442977296,
212,flip_ud,geometry,0,265,9969,15.792764442977296,
212,identity,geometry,0,265,9969,15.792764442977296,
212,rot180,geometry,0,265,9969,15.792764442977296,
212,rot90_ccw_py,geometry,0,265,9969,15.792764442977296,
212,rot90_cw_py,geometry,0,265,9969,15.792764442977296,
212,transpose,geometry,0,265,9969,15.792764442977296,
297,flip_lr,geometry,0,265,9172,15.876089356022204,
297,flip_ud,geometry,0,265,9172,15.876089356022204,
297,identity,geometry,0,265,9172,15.876089356022204,
297,rot180,geometry,0,265,9172,15.876089356022204,
297,rot90_ccw_py,geometry,0,265,9172,15.876089356022204,
297,rot90_cw_py,geometry,0,265,9172,15.876089356022204,
297,transpose,geometry,0,265,9172,15.876089356022204,
3,flip_lr,geometry,0,265,9102,15.883750551423413,
3,flip_ud,geometry,0,265,9102,15.883750551423413,
3,identity,geometry,0,265,9102,15.883750551423413,
3,rot180,geometry,0,265,9102,15.883750551423413,
3,rot90_ccw_py,geometry,0,265,9102,15.883750551423413,
3,rot90_cw_py,geometry,0,265,9102,15.883750551423413,
3,transpose,geometry,0,265,9102,15.883750551423413,
249,flip_lr,geometry,0,265,8999,15.895131260966052,
249,flip_ud,geometry,0,265,8999,15.895131260966052,
249,identity,geometry,0,265,8999,15.895131260966052,
249,rot180,geometry,0,265,8999,15.895131260966052,
249,rot90_ccw_py,geometry,0,265,8999,15.895131260966052,
249,rot90_cw_py,geometry,0,265,8999,15.895131260966052,
249,transpose,geometry,0,265,8999,15.895131260966052,
28,flip_lr,geometry,0,265,8990,15.896131872534333,
28,flip_ud,geometry,0,265,8990,15.896131872534333,
28,identity,geometry,0,265,8990,15.896131872534333,
28,rot180,geometry,0,265,8990,15.896131872534333,
28,rot90_ccw_py,geometry,0,265,8990,15.896131872534333,
28,rot90_cw_py,geometry,0,265,8990,15.896131872534333,
28,transpose,geometry,0,265,8990,15.896131872534333,
254,flip_lr,geometry,0,265,7956,16.018318360026136,
254,flip_ud,geometry,0,265,7956,16.018318360026136,
254,identity,geometry,0,265,7956,16.018318360026136,
254,rot180,geometry,0,265,7956,16.018318360026136,
254,rot90_ccw_py,geometry,0,265,7956,16.018318360026136,
254,rot90_cw_py,geometry,0,265,7956,16.018318360026136,
254,transpose,geometry,0,265,7956,16.018318360026136,
369,flip_lr,geometry,0,265,7729,16.04726523289313,
369,flip_ud,geometry,0,265,7729,16.04726523289313,
369,identity,geometry,0,265,7729,16.04726523289313,
369,rot180,geometry,0,265,7729,16.04726523289313,
369,rot90_ccw_py,geometry,0,265,7729,16.04726523289313,
369,rot90_cw_py,geometry,0,265,7729,16.04726523289313,
369,transpose,geometry,0,265,7729,16.04726523289313,
327,flip_lr,geometry,0,265,7548,16.07096209351156,
327,flip_ud,geometry,0,265,7548,16.07096209351156,
327,identity,geometry,0,265,7548,16.07096209351156,
327,rot180,geometry,0,265,7548,16.07096209351156,
327,rot90_ccw_py,geometry,0,265,7548,16.07096209351156,
327,rot90_cw_py,geometry,0,265,7548,16.07096209351156,
327,transpose,geometry,0,265,7548,16.07096209351156,
45,flip_lr,geometry,0,265,7428,16.0869880775274,
45,flip_ud,geometry,0,265,7428,16.0869880775274,
45,rot180,geometry,0,265,7428,16.0869880775274,
45,rot90_ccw_py,geometry,0,265,7428,16.0869880775274,
45,rot90_cw_py,geometry,0,265,7428,16.0869880775274,
45,transpose,geometry,0,265,7428,16.0869880775274,
348,flip_lr,geometry,0,265,7207,16.11719194507556,
348,flip_ud,geometry,0,265,7207,16.11719194507556,
348,identity,geometry,0,265,7207,16.11719194507556,
348,rot180,geometry,0,265,7207,16.11719194507556,
348,rot90_ccw_py,geometry,0,265,7207,16.11719194507556,
348,rot90_cw_py,geometry,0,265,7207,16.11719194507556,
348,transpose,geometry,0,265,7207,16.11719194507556,
60,flip_lr,geometry,0,265,5581,16.372876749211567,
60,flip_ud,geometry,0,265,5581,16.372876749211567,
60,identity,geometry,0,265,5581,16.372876749211567,
60,rot180,geometry,0,265,5581,16.372876749211567,
60,rot90_ccw_py,geometry,0,265,5581,16.372876749211567,
60,rot90_cw_py,geometry,0,265,5581,16.372876749211567,
60,transpose,geometry,0,265,5581,16.372876749211567,
10,flip_lr,geometry,0,265,5016,16.479611917687244,
10,flip_ud,geometry,0,265,5016,16.479611917687244,
10,identity,geometry,0,265,5016,16.479611917687244,
10,rot180,geometry,0,265,5016,16.479611917687244,
10,rot90_ccw_py,geometry,0,265,5016,16.479611917687244,
10,rot90_cw_py,geometry,0,265,5016,16.479611917687244,
10,transpose,geometry,0,265,5016,16.479611917687244,
99,flip_lr,geometry,0,265,4910,16.500970779211436,
99,flip_ud,geometry,0,265,4910,16.500970779211436,
99,identity,geometry,0,265,4910,16.500970779211436,
99,rot180,geometry,0,265,4910,16.500970779211436,
99,rot90_ccw_py,geometry,0,265,4910,16.500970779211436,
99,rot90_cw_py,geometry,0,265,4910,16.500970779211436,
99,transpose,geometry,0,265,4910,16.500970779211436,
160,flip_lr,geometry,0,265,4586,16.56923653658215,
160,flip_ud,geometry,0,265,4586,16.56923653658215,
160,identity,geometry,0,265,4586,16.56923653658215,
160,rot180,geometry,0,265,4586,16.56923653658215,
160,rot90_ccw_py,geometry,0,265,4586,16.56923653658215,
160,rot90_cw_py,geometry,0,265,4586,16.56923653658215,
160,transpose,geometry,0,265,4586,16.56923653658215,
291,flip_lr,geometry,0,265,4327,16.627370259775116,
291,flip_ud,geometry,0,265,4327,16.627370259775116,
291,identity,geometry,0,265,4327,16.627370259775116,
291,rot180,geometry,0,265,4327,16.627370259775116,
291,rot90_ccw_py,geometry,0,265,4327,16.627370259775116,
291,rot90_cw_py,geometry,0,265,4327,16.627370259775116,
291,transpose,geometry,0,265,4327,16.627370259775116,
123,flip_lr,geometry,0,265,4104,16.680282613149394,
123,flip_ud,geometry,0,265,4104,16.680282613149394,
123,identity,geometry,0,265,4104,16.680282613149394,
123,rot180,geometry,0,265,4104,16.680282613149394,
123,rot90_ccw_py,geometry,0,265,4104,16.680282613149394,
123,rot90_cw_py,geometry,0,265,4104,16.680282613149394,
123,transpose,geometry,0,265,4104,16.680282613149394,
381,flip_lr,geometry,0,265,3681,16.78906026662098,
381,flip_ud,geometry,0,265,3681,16.78906026662098,
381,identity,geometry,0,265,3681,16.78906026662098,
381,rot180,geometry,0,265,3681,16.78906026662098,
381,rot90_ccw_py,geometry,0,265,3681,16.78906026662098,
381,rot90_cw_py,geometry,0,265,3681,16.78906026662098,
381,transpose,geometry,0,265,3681,16.78906026662098,
139,flip_lr,geometry,0,265,3630,16.803012072741105,
139,flip_ud,geometry,0,265,3630,16.803012072741105,
139,identity,geometry,0,265,3630,16.803012072741105,
139,rot180,geometry,0,265,3630,16.803012072741105,
139,rot90_ccw_py,geometry,0,265,3630,16.803012072741105,
139,rot90_cw_py,geometry,0,265,3630,16.803012072741105,
139,transpose,geometry,0,265,3630,16.803012072741105,
32,flip_ud,geometry,1,265,3405,16.86699978141639,
47,flip_lr,geometry,0,265,3024,16.985664262700574,
47,flip_ud,geometry,0,265,3024,16.985664262700574,
47,identity,geometry,0,265,3024,16.985664262700574,
47,rot180,geometry,0,265,3024,16.985664262700574,
47,rot90_ccw_py,geometry,0,265,3024,16.985664262700574,
47,rot90_cw_py,geometry,0,265,3024,16.985664262700574,
47,transpose,geometry,0,265,3024,16.985664262700574,
207,flip_lr,geometry,0,265,1875,17.463636061595487,
207,flip_ud,geometry,0,265,1875,17.463636061595487,
207,identity,geometry,0,265,1875,17.463636061595487,
207,rot180,geometry,0,265,1875,17.463636061595487,
207,rot90_ccw_py,geometry,0,265,1875,17.463636061595487,
207,rot90_cw_py,geometry,0,265,1875,17.463636061595487,
207,transpose,geometry,0,265,1875,17.463636061595487,
223,flip_lr,geometry,0,265,1800,17.504458056115745,
223,flip_ud,geometry,0,265,1800,17.504458056115745,
223,identity,geometry,0,265,1800,17.504458056115745,
223,rot180,geometry,0,265,1800,17.504458056115745,
223,rot90_ccw_py,geometry,0,265,1800,17.504458056115745,
223,rot90_cw_py,geometry,0,265,1800,17.504458056115745,
223,transpose,geometry,0,265,1800,17.504458056115745,
150,rot180,geometry,1,265,1014,18.078341815848873,
150,rot90_cw_py,geometry,1,265,1014,18.078341815848873,
95,flip_lr,geometry,0,265,910,18.186555400489105,
95,flip_ud,geometry,0,265,910,18.186555400489105,
95,identity,geometry,0,265,910,18.186555400489105,
95,rot180,geometry,0,265,910,18.186555400489105,
95,rot90_ccw_py,geometry,0,265,910,18.186555400489105,
95,rot90_cw_py,geometry,0,265,910,18.186555400489105,
95,transpose,geometry,0,265,910,18.186555400489105,
283,flip_lr,geometry,0,265,910,18.186555400489105,
283,flip_ud,geometry,0,265,910,18.186555400489105,
283,identity,geometry,0,265,910,18.186555400489105,
283,rot180,geometry,0,265,910,18.186555400489105,
283,rot90_ccw_py,geometry,0,265,910,18.186555400489105,
283,rot90_cw_py,geometry,0,265,910,18.186555400489105,
283,transpose,geometry,0,265,910,18.186555400489105,
294,flip_lr,geometry,0,265,910,18.186555400489105,
294,flip_ud,geometry,0,265,910,18.186555400489105,
294,identity,geometry,0,265,910,18.186555400489105,
294,rot180,geometry,0,265,910,18.186555400489105,
294,rot90_ccw_py,geometry,0,265,910,18.186555400489105,
294,rot90_cw_py,geometry,0,265,910,18.186555400489105,
294,transpose,geometry,0,265,910,18.186555400489105,
331,flip_lr,geometry,0,265,910,18.186555400489105,
331,flip_ud,geometry,0,265,910,18.186555400489105,
331,identity,geometry,0,265,910,18.186555400489105,
331,rot180,geometry,0,265,910,18.186555400489105,
331,rot90_ccw_py,geometry,0,265,910,18.186555400489105,
331,rot90_cw_py,geometry,0,265,910,18.186555400489105,
331,transpose,geometry,0,265,910,18.186555400489105,
15,flip_lr,geometry,0,265,900,18.197605236675688,
15,flip_ud,geometry,0,265,900,18.197605236675688,
15,identity,geometry,0,265,900,18.197605236675688,
15,rot180,geometry,0,265,900,18.197605236675688,
15,rot90_ccw_py,geometry,0,265,900,18.197605236675688,
15,rot90_cw_py,geometry,0,265,900,18.197605236675688,
15,transpose,geometry,0,265,900,18.197605236675688,
282,flip_lr,geometry,0,265,900,18.197605236675688,
282,flip_ud,geometry,0,265,900,18.197605236675688,
282,identity,geometry,0,265,900,18.197605236675688,
282,rot180,geometry,0,265,900,18.197605236675688,
282,rot90_ccw_py,geometry,0,265,900,18.197605236675688,
282,rot90_cw_py,geometry,0,265,900,18.197605236675688,
282,transpose,geometry,0,265,900,18.197605236675688,
317,flip_lr,geometry,0,265,900,18.197605236675688,
317,flip_ud,geometry,0,265,900,18.197605236675688,
317,identity,geometry,0,265,900,18.197605236675688,
317,rot180,geometry,0,265,900,18.197605236675688,
317,rot90_ccw_py,geometry,0,265,900,18.197605236675688,
317,rot90_cw_py,geometry,0,265,900,18.197605236675688,
317,transpose,geometry,0,265,900,18.197605236675688,
129,flip_lr,geometry,0,265,807,18.306676331730053,
129,flip_ud,geometry,0,265,807,18.306676331730053,
129,identity,geometry,0,265,807,18.306676331730053,
129,rot180,geometry,0,265,807,18.306676331730053,
129,rot90_ccw_py,geometry,0,265,807,18.306676331730053,
129,rot90_cw_py,geometry,0,265,807,18.306676331730053,
129,transpose,geometry,0,265,807,18.306676331730053,
111,flip_lr,geometry,0,265,797,18.319145321209785,
111,flip_ud,geometry,0,265,797,18.319145321209785,
111,identity,geometry,0,265,797,18.319145321209785,
111,rot180,geometry,0,265,797,18.319145321209785,
111,rot90_ccw_py,geometry,0,265,797,18.319145321209785,
111,rot90_cw_py,geometry,0,265,797,18.319145321209785,
111,transpose,geometry,0,265,797,18.319145321209785,
393,flip_lr,geometry,0,265,459,18.870949789939456,
393,flip_ud,geometry,0,265,459,18.870949789939456,
393,identity,geometry,0,265,459,18.870949789939456,
393,rot180,geometry,0,265,459,18.870949789939456,
393,rot90_ccw_py,geometry,0,265,459,18.870949789939456,
393,rot90_cw_py,geometry,0,265,459,18.870949789939456,
393,transpose,geometry,0,265,459,18.870949789939456,
140,flip_lr,geometry,0,265,368,19.09191706183107,
140,flip_ud,geometry,0,265,368,19.09191706183107,
140,identity,geometry,0,265,368,19.09191706183107,
140,rot90_ccw_py,geometry,0,265,368,19.09191706183107,
140,rot90_cw_py,geometry,0,265,368,19.09191706183107,
140,transpose,geometry,0,265,368,19.09191706183107,
261,flip_lr,geometry,0,265,200,19.701682633451963,
261,flip_ud,geometry,0,265,200,19.701682633451963,
261,identity,geometry,0,265,200,19.701682633451963,
261,rot180,geometry,0,265,200,19.701682633451963,
261,rot90_ccw_py,geometry,0,265,200,19.701682633451963,
261,rot90_cw_py,geometry,0,265,200,19.701682633451963,
261,transpose,geometry,0,265,200,19.701682633451963,
113,flip_lr,geometry,0,265,30,21.598802618337846,
113,flip_ud,geometry,0,265,30,21.598802618337846,
113,identity,geometry,0,265,30,21.598802618337846,
113,rot180,geometry,0,265,30,21.598802618337846,
113,rot90_ccw_py,geometry,0,265,30,21.598802618337846,
113,rot90_cw_py,geometry,0,265,30,21.598802618337846,
113,transpose,geometry,0,265,30,21.598802618337846,
385,flip_lr,geometry,0,265,30,21.598802618337846,
385,flip_ud,geometry,0,265,30,21.598802618337846,
385,identity,geometry,0,265,30,21.598802618337846,
385,rot180,geometry,0,265,30,21.598802618337846,
385,rot90_ccw_py,geometry,0,265,30,21.598802618337846,
385,rot90_cw_py,geometry,0,265,30,21.598802618337846,
385,transpose,geometry,0,265,30,21.598802618337846,
309,flip_lr,geometry,0,265,10,22.697414907005953,
309,flip_ud,geometry,0,265,10,22.697414907005953,
309,identity,geometry,0,265,10,22.697414907005953,
309,rot180,geometry,0,265,10,22.697414907005953,
309,rot90_ccw_py,geometry,0,265,10,22.697414907005953,
309,rot90_cw_py,geometry,0,265,10,22.697414907005953,
309,transpose,geometry,0,265,10,22.697414907005953,
337,flip_lr,geometry,1,265,10,22.697414907005953,
187,flip_lr,geometry,0,266,105313,13.435307852707972,
187,flip_ud,geometry,0,266,105313,13.435307852707972,
187,identity,geometry,0,266,105313,13.435307852707972,
187,rot180,geometry,0,266,105313,13.435307852707972,
187,rot90_ccw_py,geometry,0,266,105313,13.435307852707972,
187,rot90_cw_py,geometry,0,266,105313,13.435307852707972,
187,transpose,geometry,0,266,105313,13.435307852707972,
198,flip_lr,geometry,0,266,103821,13.449576458609688,
198,flip_ud,geometry,0,266,103821,13.449576458609688,
198,identity,geometry,0,266,103821,13.449576458609688,
198,rot180,geometry,0,266,103821,13.449576458609688,
198,rot90_ccw_py,geometry,0,266,103821,13.449576458609688,
198,rot90_cw_py,geometry,0,266,103821,13.449576458609688,
198,transpose,geometry,0,266,103821,13.449576458609688,
366,flip_lr,geometry,0,266,99849,13.488585676228723,
366,flip_ud,geometry,0,266,99849,13.488585676228723,
366,identity,geometry,0,266,99849,13.488585676228723,
366,rot180,geometry,0,266,99849,13.488585676228723,
366,rot90_ccw_py,geometry,0,266,99849,13.488585676228723,
366,rot90_cw_py,geometry,0,266,99849,13.488585676228723,
366,transpose,geometry,0,266,99849,13.488585676228723,
29,flip_lr,geometry,0,266,97117,13.516328283804857,
29,flip_ud,geometry,0,266,97117,13.516328283804857,
29,identity,geometry,0,266,97117,13.516328283804857,
29,rot180,geometry,0,266,97117,13.516328283804857,
29,rot90_ccw_py,geometry,0,266,97117,13.516328283804857,
29,rot90_cw_py,geometry,0,266,97117,13.516328283804857,
29,transpose,geometry,0,266,97117,13.516328283804857,
109,flip_lr,geometry,0,266,92303,13.567168077328699,
109,flip_ud,geometry,0,266,92303,13.567168077328699,
109,identity,geometry,0,266,92303,13.567168077328699,
109,rot180,geometry,0,266,92303,13.567168077328699,
109,rot90_ccw_py,geometry,0,266,92303,13.567168077328699,
109,rot90_cw_py,geometry,0,266,92303,13.567168077328699,
109,transpose,geometry,0,266,92303,13.567168077328699,
216,flip_lr,geometry,0,266,91861,13.571968156048401,
216,flip_ud,geometry,0,266,91861,13.571968156048401,
216,identity,geometry,0,266,91861,13.571968156048401,
216,rot180,geometry,0,266,91861,13.571968156048401,
216,rot90_ccw_py,geometry,0,266,91861,13.571968156048401,
216,rot90_cw_py,geometry,0,266,91861,13.571968156048401,
216,transpose,geometry,0,266,91861,13.571968156048401,
54,flip_lr,geometry,0,266,90855,13.582979891916843,
54,flip_ud,geometry,0,266,90855,13.582979891916843,
54,identity,geometry,0,266,90855,13.582979891916843,
54,rot180,geometry,0,266,90855,13.582979891916843,
54,rot90_ccw_py,geometry,0,266,90855,13.582979891916843,
54,rot90_cw_py,geometry,0,266,90855,13.582979891916843,
54,transpose,geometry,0,266,90855,13.582979891916843,
128,flip_lr,geometry,0,266,89482,13.598207233282288,
128,flip_ud,geometry,0,266,89482,13.598207233282288,
128,identity,geometry,0,266,89482,13.598207233282288,
128,rot180,geometry,0,266,89482,13.598207233282288,
128,rot90_ccw_py,geometry,0,266,89482,13.598207233282288,
128,rot90_cw_py,geometry,0,266,89482,13.598207233282288,
128,transpose,geometry,0,266,89482,13.598207233282288,
205,flip_lr,geometry,0,266,89266,13.600624044716684,
205,flip_ud,geometry,0,266,89266,13.600624044716684,
205,identity,geometry,0,266,89266,13.600624044716684,
205,rot180,geometry,0,266,89266,13.600624044716684,
205,rot90_ccw_py,geometry,0,266,89266,13.600624044716684,
205,rot90_cw_py,geometry,0,266,89266,13.600624044716684,
205,transpose,geometry,0,266,89266,13.600624044716684,
110,flip_lr,geometry,0,266,87213,13.623891318645823,
110,flip_ud,geometry,0,266,87213,13.623891318645823,
110,identity,geometry,0,266,87213,13.623891318645823,
110,rot180,geometry,0,266,87213,13.623891318645823,
110,rot90_ccw_py,geometry,0,266,87213,13.623891318645823,
110,rot90_cw_py,geometry,0,266,87213,13.623891318645823,
110,transpose,geometry,0,266,87213,13.623891318645823,
201,flip_lr,geometry,0,266,86868,13.627854995918858,
201,flip_ud,geometry,0,266,86868,13.627854995918858,
201,identity,geometry,0,266,86868,13.627854995918858,
201,rot180,geometry,0,266,86868,13.627854995918858,
201,rot90_ccw_py,geometry,0,266,86868,13.627854995918858,
201,rot90_cw_py,geometry,0,266,86868,13.627854995918858,
201,transpose,geometry,0,266,86868,13.627854995918858,
396,flip_lr,geometry,0,266,86741,13.629318053970618,
396,flip_ud,geometry,0,266,86741,13.629318053970618,
396,identity,geometry,0,266,86741,13.629318053970618,
396,rot180,geometry,0,266,86741,13.629318053970618,
396,rot90_ccw_py,geometry,0,266,86741,13.629318053970618,
396,rot90_cw_py,geometry,0,266,86741,13.629318053970618,
396,transpose,geometry,0,266,86741,13.629318053970618,
382,flip_lr,geometry,0,266,86049,13.637327819578335,
382,flip_ud,geometry,0,266,86049,13.637327819578335,
382,identity,geometry,0,266,86049,13.637327819578335,
382,rot180,geometry,0,266,86049,13.637327819578335,
382,rot90_ccw_py,geometry,0,266,86049,13.637327819578335,
382,rot90_cw_py,geometry,0,266,86049,13.637327819578335,
382,transpose,geometry,0,266,86049,13.637327819578335,
275,flip_lr,geometry,0,266,83879,13.662869436848247,
275,flip_ud,geometry,0,266,83879,13.662869436848247,
275,identity,geometry,0,266,83879,13.662869436848247,
275,rot180,geometry,0,266,83879,13.662869436848247,
275,rot90_ccw_py,geometry,0,266,83879,13.662869436848247,
275,rot90_cw_py,geometry,0,266,83879,13.662869436848247,
275,transpose,geometry,0,266,83879,13.662869436848247,
313,flip_lr,geometry,0,266,83572,13.666536185257858,
313,flip_ud,geometry,0,266,83572,13.666536185257858,
313,identity,geometry,0,266,83572,13.666536185257858,
313,rot180,geometry,0,266,83572,13.666536185257858,
313,rot90_ccw_py,geometry,0,266,83572,13.666536185257858,
313,rot90_cw_py,geometry,0,266,83572,13.666536185257858,
313,transpose,geometry,0,266,83572,13.666536185257858,
158,flip_lr,geometry,0,266,81918,13.686525974087193,
158,flip_ud,geometry,0,266,81918,13.686525974087193,
158,identity,geometry,0,266,81918,13.686525974087193,
158,rot180,geometry,0,266,81918,13.686525974087193,
158,rot90_ccw_py,geometry,0,266,81918,13.686525974087193,
158,rot90_cw_py,geometry,0,266,81918,13.686525974087193,
158,transpose,geometry,0,266,81918,13.686525974087193,
234,flip_lr,geometry,0,266,81703,13.689154000119816,
234,flip_ud,geometry,0,266,81703,13.689154000119816,
234,identity,geometry,0,266,81703,13.689154000119816,
234,rot180,geometry,0,266,81703,13.689154000119816,
234,rot90_ccw_py,geometry,0,266,81703,13.689154000119816,
234,rot90_cw_py,geometry,0,266,81703,13.689154000119816,
234,transpose,geometry,0,266,81703,13.689154000119816,
383,flip_lr,geometry,0,266,80650,13.702125916446645,
383,flip_ud,geometry,0,266,80650,13.702125916446645,
383,identity,geometry,0,266,80650,13.702125916446645,
383,rot180,geometry,0,266,80650,13.702125916446645,
383,rot90_ccw_py,geometry,0,266,80650,13.702125916446645,
383,rot90_cw_py,geometry,0,266,80650,13.702125916446645,
383,transpose,geometry,0,266,80650,13.702125916446645,
5,flip_lr,geometry,0,266,79847,13.712132417507211,
5,flip_ud,geometry,0,266,79847,13.712132417507211,
5,identity,geometry,0,266,79847,13.712132417507211,
5,rot180,geometry,0,266,79847,13.712132417507211,
5,rot90_ccw_py,geometry,0,266,79847,13.712132417507211,
5,rot90_cw_py,geometry,0,266,79847,13.712132417507211,
5,transpose,geometry,0,266,79847,13.712132417507211,
281,flip_lr,geometry,0,266,79812,13.712570851927579,
281,flip_ud,geometry,0,266,79812,13.712570851927579,
281,identity,geometry,0,266,79812,13.712570851927579,
281,rot180,geometry,0,266,79812,13.712570851927579,
281,rot90_ccw_py,geometry,0,266,79812,13.712570851927579,
281,rot90_cw_py,geometry,0,266,79812,13.712570851927579,
281,transpose,geometry,0,266,79812,13.712570851927579,
18,flip_lr,geometry,0,266,79207,13.72018004226472,
18,flip_ud,geometry,0,266,79207,13.72018004226472,
18,identity,geometry,0,266,79207,13.72018004226472,
18,rot180,geometry,0,266,79207,13.72018004226472,
18,rot90_ccw_py,geometry,0,266,79207,13.72018004226472,
18,rot90_cw_py,geometry,0,266,79207,13.72018004226472,
18,transpose,geometry,0,266,79207,13.72018004226472,
170,flip_lr,geometry,0,266,78564,13.728331141770909,
170,flip_ud,geometry,0,266,78564,13.728331141770909,
170,identity,geometry,0,266,78564,13.728331141770909,
170,rot180,geometry,0,266,78564,13.728331141770909,
170,rot90_ccw_py,geometry,0,266,78564,13.728331141770909,
170,rot90_cw_py,geometry,0,266,78564,13.728331141770909,
170,transpose,geometry,0,266,78564,13.728331141770909,
284,flip_lr,geometry,0,266,78555,13.728445704618302,
284,flip_ud,geometry,0,266,78555,13.728445704618302,
284,identity,geometry,0,266,78555,13.728445704618302,
284,rot180,geometry,0,266,78555,13.728445704618302,
284,rot90_ccw_py,geometry,0,266,78555,13.728445704618302,
284,rot90_cw_py,geometry,0,266,78555,13.728445704618302,
284,transpose,geometry,0,266,78555,13.728445704618302,
364,flip_lr,geometry,0,266,77859,13.737345222483407,
364,flip_ud,geometry,0,266,77859,13.737345222483407,
364,identity,geometry,0,266,77859,13.737345222483407,
364,rot180,geometry,0,266,77859,13.737345222483407,
364,rot90_ccw_py,geometry,0,266,77859,13.737345222483407,
364,rot90_cw_py,geometry,0,266,77859,13.737345222483407,
364,transpose,geometry,0,266,77859,13.737345222483407,
370,flip_lr,geometry,0,266,77380,13.743516371745496,
370,flip_ud,geometry,0,266,77380,13.743516371745496,
370,identity,geometry,0,266,77380,13.743516371745496,
370,rot180,geometry,0,266,77380,13.743516371745496,
370,rot90_ccw_py,geometry,0,266,77380,13.743516371745496,
370,rot90_cw_py,geometry,0,266,77380,13.743516371745496,
370,transpose,geometry,0,266,77380,13.743516371745496,
208,flip_lr,geometry,0,266,76717,13.752121394439765,
208,flip_ud,geometry,0,266,76717,13.752121394439765,
208,identity,geometry,0,266,76717,13.752121394439765,
208,rot180,geometry,0,266,76717,13.752121394439765,
208,rot90_ccw_py,geometry,0,266,76717,13.752121394439765,
208,rot90_cw_py,geometry,0,266,76717,13.752121394439765,
208,transpose,geometry,0,266,76717,13.752121394439765,
251,flip_lr,geometry,0,266,76717,13.752121394439765,
251,flip_ud,geometry,0,266,76717,13.752121394439765,
251,identity,geometry,0,266,76717,13.752121394439765,
251,rot180,geometry,0,266,76717,13.752121394439765,
251,rot90_ccw_py,geometry,0,266,76717,13.752121394439765,
251,rot90_cw_py,geometry,0,266,76717,13.752121394439765,
251,transpose,geometry,0,266,76717,13.752121394439765,
25,flip_lr,geometry,0,266,76682,13.752577720760112,
25,flip_ud,geometry,0,266,76682,13.752577720760112,
25,identity,geometry,0,266,76682,13.752577720760112,
25,rot180,geometry,0,266,76682,13.752577720760112,
25,rot90_ccw_py,geometry,0,266,76682,13.752577720760112,
25,rot90_cw_py,geometry,0,266,76682,13.752577720760112,
25,transpose,geometry,0,266,76682,13.752577720760112,
77,flip_lr,geometry,0,266,76589,13.753791257716394,
77,flip_ud,geometry,0,266,76589,13.753791257716394,
77,identity,geometry,0,266,76589,13.753791257716394,
77,rot180,geometry,0,266,76589,13.753791257716394,
77,rot90_ccw_py,geometry,0,266,76589,13.753791257716394,
77,rot90_cw_py,geometry,0,266,76589,13.753791257716394,
77,transpose,geometry,0,266,76589,13.753791257716394,
173,flip_lr,geometry,0,266,76356,13.756838106979208,
173,flip_ud,geometry,0,266,76356,13.756838106979208,
173,identity,geometry,0,266,76356,13.756838106979208,
173,rot180,geometry,0,266,76356,13.756838106979208,
173,rot90_ccw_py,geometry,0,266,76356,13.756838106979208,
173,rot90_cw_py,geometry,0,266,76356,13.756838106979208,
173,transpose,geometry,0,266,76356,13.756838106979208,
20,flip_lr,geometry,0,266,75134,13.7729715350052,
20,flip_ud,geometry,0,266,75134,13.7729715350052,
20,identity,geometry,0,266,75134,13.7729715350052,
20,rot180,geometry,0,266,75134,13.7729715350052,
20,rot90_ccw_py,geometry,0,266,75134,13.7729715350052,
20,rot90_cw_py,geometry,0,266,75134,13.7729715350052,
20,transpose,geometry,0,266,75134,13.7729715350052,
126,flip_lr,geometry,0,266,74727,13.77840324840175,
126,flip_ud,geometry,0,266,74727,13.77840324840175,
126,identity,geometry,0,266,74727,13.77840324840175,
126,rot180,geometry,0,266,74727,13.77840324840175,
126,rot90_ccw_py,geometry,0,266,74727,13.77840324840175,
126,rot90_cw_py,geometry,0,266,74727,13.77840324840175,
126,transpose,geometry,0,266,74727,13.77840324840175,
384,flip_lr,geometry,0,266,74722,13.778470160860206,
384,flip_ud,geometry,0,266,74722,13.778470160860206,
384,identity,geometry,0,266,74722,13.778470160860206,
384,rot180,geometry,0,266,74722,13.778470160860206,
384,rot90_ccw_py,geometry,0,266,74722,13.778470160860206,
384,rot90_cw_py,geometry,0,266,74722,13.778470160860206,
384,transpose,geometry,0,266,74722,13.778470160860206,
107,flip_lr,geometry,0,266,73131,13.799992367549814,
107,flip_ud,geometry,0,266,73131,13.799992367549814,
107,identity,geometry,0,266,73131,13.799992367549814,
107,rot180,geometry,0,266,73131,13.799992367549814,
107,rot90_ccw_py,geometry,0,266,73131,13.799992367549814,
107,rot90_cw_py,geometry,0,266,73131,13.799992367549814,
107,transpose,geometry,0,266,73131,13.799992367549814,
379,flip_lr,geometry,0,266,72499,13.808671952355807,
379,flip_ud,geometry,0,266,72499,13.808671952355807,
379,identity,geometry,0,266,72499,13.808671952355807,
379,rot180,geometry,0,266,72499,13.808671952355807,
379,rot90_ccw_py,geometry,0,266,72499,13.808671952355807,
379,rot90_cw_py,geometry,0,266,72499,13.808671952355807,
379,transpose,geometry,0,266,72499,13.808671952355807,
137,flip_lr,geometry,0,266,72472,13.809044440650876,
137,flip_ud,geometry,0,266,72472,13.809044440650876,
137,identity,geometry,0,266,72472,13.809044440650876,
137,rot180,geometry,0,266,72472,13.809044440650876,
137,rot90_ccw_py,geometry,0,266,72472,13.809044440650876,
137,rot90_cw_py,geometry,0,266,72472,13.809044440650876,
137,transpose,geometry,0,266,72472,13.809044440650876,
340,flip_lr,geometry,0,266,70342,13.83887566105239,
340,flip_ud,geometry,0,266,70342,13.83887566105239,
340,identity,geometry,0,266,70342,13.83887566105239,
340,rot180,geometry,0,266,70342,13.83887566105239,
340,rot90_ccw_py,geometry,0,266,70342,13.83887566105239,
340,rot90_cw_py,geometry,0,266,70342,13.83887566105239,
340,transpose,geometry,0,266,70342,13.83887566105239,
209,flip_lr,geometry,0,266,67337,13.882534858321867,
209,flip_ud,geometry,0,266,67337,13.882534858321867,
209,identity,geometry,0,266,67337,13.882534858321867,
209,rot180,geometry,0,266,67337,13.882534858321867,
209,rot90_ccw_py,geometry,0,266,67337,13.882534858321867,
209,rot90_cw_py,geometry,0,266,67337,13.882534858321867,
209,transpose,geometry,0,266,67337,13.882534858321867,
70,flip_lr,geometry,0,266,66138,13.90050125280863,
70,flip_ud,geometry,0,266,66138,13.90050125280863,
70,identity,geometry,0,266,66138,13.90050125280863,
70,rot180,geometry,0,266,66138,13.90050125280863,
70,rot90_ccw_py,geometry,0,266,66138,13.90050125280863,
70,rot90_cw_py,geometry,0,266,66138,13.90050125280863,
70,transpose,geometry,0,266,66138,13.90050125280863,
101,flip_lr,geometry,0,266,65875,13.904485714156337,
101,flip_ud,geometry,0,266,65875,13.904485714156337,
101,identity,geometry,0,266,65875,13.904485714156337,
101,rot180,geometry,0,266,65875,13.904485714156337,
101,rot90_ccw_py,geometry,0,266,65875,13.904485714156337,
101,rot90_cw_py,geometry,0,266,65875,13.904485714156337,
101,transpose,geometry,0,266,65875,13.904485714156337,
301,flip_ud,geometry,0,266,64988,13.91804208355036,
301,identity,geometry,0,266,64988,13.91804208355036,
301,rot180,geometry,0,266,64988,13.91804208355036,
301,rot90_ccw_py,geometry,0,266,64988,13.91804208355036,
301,rot90_cw_py,geometry,0,266,64988,13.91804208355036,
301,transpose,geometry,0,266,64988,13.91804208355036,
161,flip_lr,geometry,0,266,64647,13.923303020588978,
161,flip_ud,geometry,0,266,64647,13.923303020588978,
161,identity,geometry,0,266,64647,13.923303020588978,
161,rot180,geometry,0,266,64647,13.923303020588978,
161,rot90_ccw_py,geometry,0,266,64647,13.923303020588978,
161,rot90_cw_py,geometry,0,266,64647,13.923303020588978,
161,transpose,geometry,0,266,64647,13.923303020588978,
238,flip_lr,geometry,0,266,64372,13.927565965061614,
238,flip_ud,geometry,0,266,64372,13.927565965061614,
238,identity,geometry,0,266,64372,13.927565965061614,
238,rot180,geometry,0,266,64372,13.927565965061614,
238,rot90_ccw_py,geometry,0,266,64372,13.927565965061614,
238,rot90_cw_py,geometry,0,266,64372,13.927565965061614,
238,transpose,geometry,0,266,64372,13.927565965061614,
37,flip_lr,geometry,0,266,63726,13.937652078450405,
37,flip_ud,geometry,0,266,63726,13.937652078450405,
37,identity,geometry,0,266,63726,13.937652078450405,
37,rot180,geometry,0,266,63726,13.937652078450405,
37,rot90_ccw_py,geometry,0,266,63726,13.937652078450405,
37,rot90_cw_py,geometry,0,266,63726,13.937652078450405,
37,transpose,geometry,0,266,63726,13.937652078450405,
387,flip_lr,geometry,0,266,63558,13.940291846175448,
387,flip_ud,geometry,0,266,63558,13.940291846175448,
387,identity,geometry,0,266,63558,13.940291846175448,
387,rot180,geometry,0,266,63558,13.940291846175448,
387,rot90_ccw_py,geometry,0,266,63558,13.940291846175448,
387,rot90_cw_py,geometry,0,266,63558,13.940291846175448,
387,transpose,geometry,0,266,63558,13.940291846175448,
233,flip_lr,geometry,0,266,63540,13.940575092176493,
233,flip_ud,geometry,0,266,63540,13.940575092176493,
233,identity,geometry,0,266,63540,13.940575092176493,
233,rot180,geometry,0,266,63540,13.940575092176493,
233,rot90_ccw_py,geometry,0,266,63540,13.940575092176493,
233,rot90_cw_py,geometry,0,266,63540,13.940575092176493,
233,transpose,geometry,0,266,63540,13.940575092176493,
162,flip_lr,geometry,0,266,63291,13.944501582071068,
162,flip_ud,geometry,0,266,63291,13.944501582071068,
162,identity,geometry,0,266,63291,13.944501582071068,
162,rot180,geometry,0,266,63291,13.944501582071068,
162,rot90_ccw_py,geometry,0,266,63291,13.944501582071068,
162,rot90_cw_py,geometry,0,266,63291,13.944501582071068,
162,transpose,geometry,0,266,63291,13.944501582071068,
377,flip_lr,geometry,0,266,61924,13.966336894339644,
377,flip_ud,geometry,0,266,61924,13.966336894339644,
377,identity,geometry,0,266,61924,13.966336894339644,
377,rot180,geometry,0,266,61924,13.966336894339644,
377,rot90_ccw_py,geometry,0,266,61924,13.966336894339644,
377,rot90_cw_py,geometry,0,266,61924,13.966336894339644,
377,transpose,geometry,0,266,61924,13.966336894339644,
206,flip_lr,geometry,0,266,61387,13.975046634666326,
206,flip_ud,geometry,0,266,61387,13.975046634666326,
206,identity,geometry,0,266,61387,13.975046634666326,
206,rot180,geometry,0,266,61387,13.975046634666326,
206,rot90_ccw_py,geometry,0,266,61387,13.975046634666326,
206,rot90_cw_py,geometry,0,266,61387,13.975046634666326,
206,transpose,geometry,0,266,61387,13.975046634666326,
112,rot180,geometry,0,266,59270,14.010141445218116,
112,rot90_ccw_py,geometry,0,266,59270,14.010141445218116,
112,rot90_cw_py,geometry,0,266,59270,14.010141445218116,
112,transpose,geometry,0,266,59270,14.010141445218116,
330,flip_lr,geometry,0,266,59024,14.014300580163543,
330,flip_ud,geometry,0,266,59024,14.014300580163543,
330,identity,geometry,0,266,59024,14.014300580163543,
330,rot180,geometry,0,266,59024,14.014300580163543,
330,rot90_ccw_py,geometry,0,266,59024,14.014300580163543,
330,rot90_cw_py,geometry,0,266,59024,14.014300580163543,
330,transpose,geometry,0,266,59024,14.014300580163543,
365,flip_lr,geometry,0,266,58814,14.01786479921536,
365,flip_ud,geometry,0,266,58814,14.01786479921536,
365,identity,geometry,0,266,58814,14.01786479921536,
365,rot180,geometry,0,266,58814,14.01786479921536,
365,rot90_ccw_py,geometry,0,266,58814,14.01786479921536,
365,rot90_cw_py,geometry,0,266,58814,14.01786479921536,
365,transpose,geometry,0,266,58814,14.01786479921536,
222,flip_lr,geometry,0,266,58035,14.031198444197276,
222,flip_ud,geometry,0,266,58035,14.031198444197276,
222,identity,geometry,0,266,58035,14.031198444197276,
222,rot180,geometry,0,266,58035,14.031198444197276,
222,rot90_ccw_py,geometry,0,266,58035,14.031198444197276,
222,rot90_cw_py,geometry,0,266,58035,14.031198444197276,
222,transpose,geometry,0,266,58035,14.031198444197276,
193,flip_lr,geometry,0,266,53661,14.109558240338645,
193,flip_ud,geometry,0,266,53661,14.109558240338645,
193,identity,geometry,0,266,53661,14.109558240338645,
193,rot180,geometry,0,266,53661,14.109558240338645,
193,rot90_ccw_py,geometry,0,266,53661,14.109558240338645,
193,rot90_cw_py,geometry,0,266,53661,14.109558240338645,
193,transpose,geometry,0,266,53661,14.109558240338645,
174,flip_lr,geometry,0,266,52019,14.140635684557754,
174,flip_ud,geometry,0,266,52019,14.140635684557754,
174,identity,geometry,0,266,52019,14.140635684557754,
174,rot180,geometry,0,266,52019,14.140635684557754,
174,rot90_ccw_py,geometry,0,266,52019,14.140635684557754,
174,rot90_cw_py,geometry,0,266,52019,14.140635684557754,
174,transpose,geometry,0,266,52019,14.140635684557754,
91,flip_lr,geometry,0,266,51466,14.151323325547068,
91,flip_ud,geometry,0,266,51466,14.151323325547068,
91,identity,geometry,0,266,51466,14.151323325547068,
91,rot180,geometry,0,266,51466,14.151323325547068,
91,rot90_ccw_py,geometry,0,266,51466,14.151323325547068,
91,rot90_cw_py,geometry,0,266,51466,14.151323325547068,
91,transpose,geometry,0,266,51466,14.151323325547068,
21,flip_lr,geometry,0,266,51223,14.156056071090937,
21,flip_ud,geometry,0,266,51223,14.156056071090937,
21,identity,geometry,0,266,51223,14.156056071090937,
21,rot180,geometry,0,266,51223,14.156056071090937,
21,rot90_ccw_py,geometry,0,266,51223,14.156056071090937,
21,rot90_cw_py,geometry,0,266,51223,14.156056071090937,
21,transpose,geometry,0,266,51223,14.156056071090937,
367,flip_lr,geometry,0,266,49772,14.184792144104478,
367,flip_ud,geometry,0,266,49772,14.184792144104478,
367,identity,geometry,0,266,49772,14.184792144104478,
367,rot180,geometry,0,266,49772,14.184792144104478,
367,rot90_ccw_py,geometry,0,266,49772,14.184792144104478,
367,rot90_cw_py,geometry,0,266,49772,14.184792144104478,
367,transpose,geometry,0,266,49772,14.184792144104478,
324,flip_lr,geometry,0,266,48870,14.203081009735799,
324,flip_ud,geometry,0,266,48870,14.203081009735799,
324,identity,geometry,0,266,48870,14.203081009735799,
324,rot180,geometry,0,266,48870,14.203081009735799,
324,rot90_ccw_py,geometry,0,266,48870,14.203081009735799,
324,rot90_cw_py,geometry,0,266,48870,14.203081009735799,
324,transpose,geometry,0,266,48870,14.203081009735799,
138,flip_lr,geometry,0,266,48467,14.211361567031112,
138,flip_ud,geometry,0,266,48467,14.211361567031112,
138,identity,geometry,0,266,48467,14.211361567031112,
138,rot180,geometry,0,266,48467,14.211361567031112,
138,rot90_ccw_py,geometry,0,266,48467,14.211361567031112,
138,rot90_cw_py,geometry,0,266,48467,14.211361567031112,
138,transpose,geometry,0,266,48467,14.211361567031112,
335,flip_lr,geometry,0,266,46249,14.258204878914801,
335,flip_ud,geometry,0,266,46249,14.258204878914801,
335,identity,geometry,0,266,46249,14.258204878914801,
335,rot180,geometry,0,266,46249,14.258204878914801,
335,rot90_ccw_py,geometry,0,266,46249,14.258204878914801,
335,rot90_cw_py,geometry,0,266,46249,14.258204878914801,
335,transpose,geometry,0,266,46249,14.258204878914801,
154,flip_lr,geometry,0,266,45574,14.27290734254795,
154,flip_ud,geometry,0,266,45574,14.27290734254795,
154,identity,geometry,0,266,45574,14.27290734254795,
154,rot180,geometry,0,266,45574,14.27290734254795,
154,rot90_ccw_py,geometry,0,266,45574,14.27290734254795,
154,rot90_cw_py,geometry,0,266,45574,14.27290734254795,
154,transpose,geometry,0,266,45574,14.27290734254795,
224,flip_lr,geometry,0,266,45458,14.275455898281896,
224,flip_ud,geometry,0,266,45458,14.275455898281896,
224,identity,geometry,0,266,45458,14.275455898281896,
224,rot180,geometry,0,266,45458,14.275455898281896,
224,rot90_ccw_py,geometry,0,266,45458,14.275455898281896,
224,rot90_cw_py,geometry,0,266,45458,14.275455898281896,
224,transpose,geometry,0,266,45458,14.275455898281896,
131,flip_lr,geometry,0,266,44550,14.295632567101045,
131,flip_ud,geometry,0,266,44550,14.295632567101045,
131,identity,geometry,0,266,44550,14.295632567101045,
131,rot180,geometry,0,266,44550,14.295632567101045,
131,rot90_ccw_py,geometry,0,266,44550,14.295632567101045,
131,rot90_cw_py,geometry,0,266,44550,14.295632567101045,
131,transpose,geometry,0,266,44550,14.295632567101045,
325,flip_lr,geometry,0,266,43022,14.330533108254256,
325,flip_ud,geometry,0,266,43022,14.330533108254256,
325,identity,geometry,0,266,43022,14.330533108254256,
325,rot180,geometry,0,266,43022,14.330533108254256,
325,rot90_ccw_py,geometry,0,266,43022,14.330533108254256,
325,rot90_cw_py,geometry,0,266,43022,14.330533108254256,
325,transpose,geometry,0,266,43022,14.330533108254256,
359,flip_lr,geometry,0,266,42313,14.347150353576192,
359,flip_ud,geometry,0,266,42313,14.347150353576192,
359,identity,geometry,0,266,42313,14.347150353576192,
359,rot180,geometry,0,266,42313,14.347150353576192,
359,rot90_ccw_py,geometry,0,266,42313,14.347150353576192,
359,rot90_cw_py,geometry,0,266,42313,14.347150353576192,
359,transpose,geometry,0,266,42313,14.347150353576192,
80,flip_lr,geometry,0,266,42082,14.352624625200743,
80,flip_ud,geometry,0,266,42082,14.352624625200743,
80,identity,geometry,0,266,42082,14.352624625200743,
80,rot180,geometry,0,266,42082,14.352624625200743,
80,rot90_ccw_py,geometry,0,266,42082,14.352624625200743,
80,rot90_cw_py,geometry,0,266,42082,14.352624625200743,
80,transpose,geometry,0,266,42082,14.352624625200743,
265,flip_lr,geometry,0,266,39162,14.424537832136728,
265,flip_ud,geometry,0,266,39162,14.424537832136728,
265,identity,geometry,0,266,39162,14.424537832136728,
265,rot180,geometry,0,266,39162,14.424537832136728,
265,rot90_ccw_py,geometry,0,266,39162,14.424537832136728,
265,rot90_cw_py,geometry,0,266,39162,14.424537832136728,
265,transpose,geometry,0,266,39162,14.424537832136728,
14,flip_lr,geometry,0,266,39049,14.427427453254685,
14,flip_ud,geometry,0,266,39049,14.427427453254685,
14,identity,geometry,0,266,39049,14.427427453254685,
14,rot180,geometry,0,266,39049,14.427427453254685,
14,rot90_ccw_py,geometry,0,266,39049,14.427427453254685,
14,rot90_cw_py,geometry,0,266,39049,14.427427453254685,
14,transpose,geometry,0,266,39049,14.427427453254685,
184,flip_lr,geometry,0,266,38855,14.432407952356657,
184,flip_ud,geometry,0,266,38855,14.432407952356657,
184,identity,geometry,0,266,38855,14.432407952356657,
184,rot180,geometry,0,266,38855,14.432407952356657,
184,rot90_ccw_py,geometry,0,266,38855,14.432407952356657,
184,rot90_cw_py,geometry,0,266,38855,14.432407952356657,
184,transpose,geometry,0,266,38855,14.432407952356657,
231,flip_lr,geometry,0,266,38342,14.445698819920006,
231,flip_ud,geometry,0,266,38342,14.445698819920006,
231,identity,geometry,0,266,38342,14.445698819920006,
231,rot180,geometry,0,266,38342,14.445698819920006,
231,rot90_ccw_py,geometry,0,266,38342,14.445698819920006,
231,rot90_cw_py,geometry,0,266,38342,14.445698819920006,
231,transpose,geometry,0,266,38342,14.445698819920006,
252,flip_lr,geometry,0,266,38062,14.453028311923028,
252,flip_ud,geometry,0,266,38062,14.453028311923028,
252,identity,geometry,0,266,38062,14.453028311923028,
252,rot180,geometry,0,266,38062,14.453028311923028,
252,rot90_ccw_py,geometry,0,266,38062,14.453028311923028,
252,rot90_cw_py,geometry,0,266,38062,14.453028311923028,
252,transpose,geometry,0,266,38062,14.453028311923028,
76,flip_lr,geometry,0,266,36184,14.503627688842322,
76,flip_ud,geometry,0,266,36184,14.503627688842322,
76,identity,geometry,0,266,36184,14.503627688842322,
76,rot180,geometry,0,266,36184,14.503627688842322,
76,rot90_ccw_py,geometry,0,266,36184,14.503627688842322,
76,rot90_cw_py,geometry,0,266,36184,14.503627688842322,
76,transpose,geometry,0,266,36184,14.503627688842322,
17,flip_lr,geometry,0,266,35329,14.527540564604424,
17,flip_ud,geometry,0,266,35329,14.527540564604424,
17,identity,geometry,0,266,35329,14.527540564604424,
17,rot180,geometry,0,266,35329,14.527540564604424,
17,rot90_ccw_py,geometry,0,266,35329,14.527540564604424,
17,rot90_cw_py,geometry,0,266,35329,14.527540564604424,
17,transpose,geometry,0,266,35329,14.527540564604424,
400,flip_lr,geometry,0,266,35153,14.532534757896764,
400,flip_ud,geometry,0,266,35153,14.532534757896764,
400,identity,geometry,0,266,35153,14.532534757896764,
400,rot180,geometry,0,266,35153,14.532534757896764,
400,rot90_ccw_py,geometry,0,266,35153,14.532534757896764,
400,rot90_cw_py,geometry,0,266,35153,14.532534757896764,
400,transpose,geometry,0,266,35153,14.532534757896764,
65,flip_lr,geometry,0,266,35109,14.533787213157124,
65,flip_ud,geometry,0,266,35109,14.533787213157124,
65,identity,geometry,0,266,35109,14.533787213157124,
65,rot180,geometry,0,266,35109,14.533787213157124,
65,rot90_ccw_py,geometry,0,266,35109,14.533787213157124,
65,rot90_cw_py,geometry,0,266,35109,14.533787213157124,
65,transpose,geometry,0,266,35109,14.533787213157124,
22,flip_lr,geometry,0,266,34821,14.542024067963268,
22,flip_ud,geometry,0,266,34821,14.542024067963268,
22,identity,geometry,0,266,34821,14.542024067963268,
22,rot180,geometry,0,266,34821,14.542024067963268,
22,rot90_ccw_py,geometry,0,266,34821,14.542024067963268,
22,rot90_cw_py,geometry,0,266,34821,14.542024067963268,
22,transpose,geometry,0,266,34821,14.542024067963268,
196,flip_lr,geometry,0,266,32242,14.618974770564057,
196,flip_ud,geometry,0,266,32242,14.618974770564057,
196,identity,geometry,0,266,32242,14.618974770564057,
196,rot180,geometry,0,266,32242,14.618974770564057,
196,rot90_ccw_py,geometry,0,266,32242,14.618974770564057,
196,rot90_cw_py,geometry,0,266,32242,14.618974770564057,
196,transpose,geometry,0,266,32242,14.618974770564057,
44,flip_lr,geometry,0,266,31805,14.632621210887095,
44,flip_ud,geometry,0,266,31805,14.632621210887095,
44,identity,geometry,0,266,31805,14.632621210887095,
44,rot180,geometry,0,266,31805,14.632621210887095,
44,rot90_ccw_py,geometry,0,266,31805,14.632621210887095,
44,rot90_cw_py,geometry,0,266,31805,14.632621210887095,
44,transpose,geometry,0,266,31805,14.632621210887095,
244,flip_lr,geometry,0,266,31782,14.633344629227418,
244,flip_ud,geometry,0,266,31782,14.633344629227418,
244,identity,geometry,0,266,31782,14.633344629227418,
244,rot180,geometry,0,266,31782,14.633344629227418,
244,rot90_ccw_py,geometry,0,266,31782,14.633344629227418,
244,rot90_cw_py,geometry,0,266,31782,14.633344629227418,
244,transpose,geometry,0,266,31782,14.633344629227418,
392,flip_lr,geometry,0,266,30870,14.662459882503795,
392,flip_ud,geometry,0,266,30870,14.662459882503795,
392,identity,geometry,0,266,30870,14.662459882503795,
392,rot180,geometry,0,266,30870,14.662459882503795,
392,rot90_ccw_py,geometry,0,266,30870,14.662459882503795,
392,rot90_cw_py,geometry,0,266,30870,14.662459882503795,
392,transpose,geometry,0,266,30870,14.662459882503795,
63,flip_lr,geometry,0,266,30732,14.666940264012474,
63,flip_ud,geometry,0,266,30732,14.666940264012474,
63,identity,geometry,0,266,30732,14.666940264012474,
63,rot180,geometry,0,266,30732,14.666940264012474,
63,rot90_ccw_py,geometry,0,266,30732,14.666940264012474,
63,rot90_cw_py,geometry,0,266,30732,14.666940264012474,
63,transpose,geometry,0,266,30732,14.666940264012474,
232,flip_lr,geometry,0,266,29497,14.707956157758622,
232,flip_ud,geometry,0,266,29497,14.707956157758622,
232,identity,geometry,0,266,29497,14.707956157758622,
232,rot180,geometry,0,266,29497,14.707956157758622,
232,rot90_ccw_py,geometry,0,266,29497,14.707956157758622,
232,rot90_cw_py,geometry,0,266,29497,14.707956157758622,
232,transpose,geometry,0,266,29497,14.707956157758622,
343,flip_lr,geometry,0,266,28656,14.736881875699506,
343,flip_ud,geometry,0,266,28656,14.736881875699506,
343,identity,geometry,0,266,28656,14.736881875699506,
343,rot180,geometry,0,266,28656,14.736881875699506,
343,rot90_ccw_py,geometry,0,266,28656,14.736881875699506,
343,rot90_cw_py,geometry,0,266,28656,14.736881875699506,
343,transpose,geometry,0,266,28656,14.736881875699506,
240,flip_lr,geometry,0,266,27847,14.765519480374964,
240,flip_ud,geometry,0,266,27847,14.765519480374964,
240,identity,geometry,0,266,27847,14.765519480374964,
240,rot180,geometry,0,266,27847,14.765519480374964,
240,rot90_ccw_py,geometry,0,266,27847,14.765519480374964,
240,rot90_cw_py,geometry,0,266,27847,14.765519480374964,
240,transpose,geometry,0,266,27847,14.765519480374964,
270,flip_lr,geometry,0,266,27301,14.785321389461183,
270,flip_ud,geometry,0,266,27301,14.785321389461183,
270,identity,geometry,0,266,27301,14.785321389461183,
270,rot180,geometry,0,266,27301,14.785321389461183,
270,rot90_ccw_py,geometry,0,266,27301,14.785321389461183,
270,rot90_cw_py,geometry,0,266,27301,14.785321389461183,
270,transpose,geometry,0,266,27301,14.785321389461183,
96,flip_lr,geometry,0,266,26948,14.79833563791945,
96,flip_ud,geometry,0,266,26948,14.79833563791945,
96,identity,geometry,0,266,26948,14.79833563791945,
96,rot180,geometry,0,266,26948,14.79833563791945,
96,rot90_ccw_py,geometry,0,266,26948,14.79833563791945,
96,rot90_cw_py,geometry,0,266,26948,14.79833563791945,
96,transpose,geometry,0,266,26948,14.79833563791945,
279,flip_lr,geometry,0,266,26330,14.821535747509644,
279,flip_ud,geometry,0,266,26330,14.821535747509644,
279,identity,geometry,0,266,26330,14.821535747509644,
279,rot180,geometry,0,266,26330,14.821535747509644,
279,rot90_ccw_py,geometry,0,266,26330,14.821535747509644,
279,rot90_cw_py,geometry,0,266,26330,14.821535747509644,
279,transpose,geometry,0,266,26330,14.821535747509644,
86,flip_lr,geometry,0,266,25857,14.83966336368449,
86,flip_ud,geometry,0,266,25857,14.83966336368449,
86,identity,geometry,0,266,25857,14.83966336368449,
86,rot180,geometry,0,266,25857,14.83966336368449,
86,rot90_ccw_py,geometry,0,266,25857,14.83966336368449,
86,rot90_cw_py,geometry,0,266,25857,14.83966336368449,
86,transpose,geometry,0,266,25857,14.83966336368449,
310,flip_lr,geometry,0,266,25739,14.844237369643414,
310,flip_ud,geometry,0,266,25739,14.844237369643414,
310,identity,geometry,0,266,25739,14.844237369643414,
310,rot180,geometry,0,266,25739,14.844237369643414,
310,rot90_ccw_py,geometry,0,266,25739,14.844237369643414,
310,rot90_cw_py,geometry,0,266,25739,14.844237369643414,
310,transpose,geometry,0,266,25739,14.844237369643414,
228,flip_lr,geometry,0,266,25086,14.86993479941538,
228,flip_ud,geometry,0,266,25086,14.86993479941538,
228,identity,geometry,0,266,25086,14.86993479941538,
228,rot180,geometry,0,266,25086,14.86993479941538,
228,rot90_ccw_py,geometry,0,266,25086,14.86993479941538,
228,rot90_cw_py,geometry,0,266,25086,14.86993479941538,
228,transpose,geometry,0,266,25086,14.86993479941538,
166,flip_lr,geometry,0,266,24789,14.881844714630706,
166,flip_ud,geometry,0,266,24789,14.881844714630706,
166,identity,geometry,0,266,24789,14.881844714630706,
166,rot180,geometry,0,266,24789,14.881844714630706,
166,rot90_ccw_py,geometry,0,266,24789,14.881844714630706,
166,rot90_cw_py,geometry,0,266,24789,14.881844714630706,
166,transpose,geometry,0,266,24789,14.881844714630706,
390,flip_lr,geometry,0,266,24692,14.885765416486214,
390,flip_ud,geometry,0,266,24692,14.885765416486214,
390,identity,geometry,0,266,24692,14.885765416486214,
390,rot180,geometry,0,266,24692,14.885765416486214,
390,rot90_ccw_py,geometry,0,266,24692,14.885765416486214,
390,rot90_cw_py,geometry,0,266,24692,14.885765416486214,
390,transpose,geometry,0,266,24692,14.885765416486214,
189,flip_lr,geometry,0,266,24649,14.887508389303385,
189,flip_ud,geometry,0,266,24649,14.887508389303385,
189,identity,geometry,0,266,24649,14.887508389303385,
189,rot180,geometry,0,266,24649,14.887508389303385,
189,rot90_ccw_py,geometry,0,266,24649,14.887508389303385,
189,rot90_cw_py,geometry,0,266,24649,14.887508389303385,
189,transpose,geometry,0,266,24649,14.887508389303385,
175,flip_lr,geometry,0,266,23859,14.920083216374755,
175,flip_ud,geometry,0,266,23859,14.920083216374755,
175,identity,geometry,0,266,23859,14.920083216374755,
175,rot180,geometry,0,266,23859,14.920083216374755,
175,rot90_ccw_py,geometry,0,266,23859,14.920083216374755,
175,rot90_cw_py,geometry,0,266,23859,14.920083216374755,
175,transpose,geometry,0,266,23859,14.920083216374755,
169,flip_lr,geometry,0,266,23629,14.929769949800432,
169,flip_ud,geometry,0,266,23629,14.929769949800432,
169,identity,geometry,0,266,23629,14.929769949800432,
169,rot180,geometry,0,266,23629,14.929769949800432,
169,rot90_ccw_py,geometry,0,266,23629,14.929769949800432,
169,rot90_cw_py,geometry,0,266,23629,14.929769949800432,
169,transpose,geometry,0,266,23629,14.929769949800432,
8,flip_lr,geometry,0,266,23289,14.94426357492621,
8,flip_ud,geometry,0,266,23289,14.94426357492621,
8,identity,geometry,0,266,23289,14.94426357492621,
8,rot180,geometry,0,266,23289,14.94426357492621,
8,rot90_ccw_py,geometry,0,266,23289,14.94426357492621,
8,rot90_cw_py,geometry,0,266,23289,14.94426357492621,
8,transpose,geometry,0,266,23289,14.94426357492621,
218,flip_lr,geometry,0,266,23202,14.948006239164648,
218,flip_ud,geometry,0,266,23202,14.948006239164648,
218,identity,geometry,0,266,23202,14.948006239164648,
218,rot180,geometry,0,266,23202,14.948006239164648,
218,rot90_ccw_py,geometry,0,266,23202,14.948006239164648,
218,rot90_cw_py,geometry,0,266,23202,14.948006239164648,
218,transpose,geometry,0,266,23202,14.948006239164648,
268,flip_lr,geometry,0,266,22387,14.983764287772118,
268,flip_ud,geometry,0,266,22387,14.983764287772118,
268,identity,geometry,0,266,22387,14.983764287772118,
268,rot180,geometry,0,266,22387,14.983764287772118,
268,rot90_ccw_py,geometry,0,266,22387,14.983764287772118,
268,rot90_cw_py,geometry,0,266,22387,14.983764287772118,
268,transpose,geometry,0,266,22387,14.983764287772118,
148,flip_lr,geometry,0,266,22029,14.99988495388028,
148,flip_ud,geometry,0,266,22029,14.99988495388028,
148,identity,geometry,0,266,22029,14.99988495388028,
148,rot180,geometry,0,266,22029,14.99988495388028,
148,rot90_ccw_py,geometry,0,266,22029,14.99988495388028,
148,rot90_cw_py,geometry,0,266,22029,14.99988495388028,
148,transpose,geometry,0,266,22029,14.99988495388028,
308,flip_lr,geometry,0,266,21799,15.010380623834585,
308,flip_ud,geometry,0,266,21799,15.010380623834585,
308,identity,geometry,0,266,21799,15.010380623834585,
308,rot180,geometry,0,266,21799,15.010380623834585,
308,rot90_ccw_py,geometry,0,266,21799,15.010380623834585,
308,rot90_cw_py,geometry,0,266,21799,15.010380623834585,
308,transpose,geometry,0,266,21799,15.010380623834585,
23,flip_lr,geometry,0,266,21433,15.027312930662868,
23,flip_ud,geometry,0,266,21433,15.027312930662868,
23,identity,geometry,0,266,21433,15.027312930662868,
23,rot180,geometry,0,266,21433,15.027312930662868,
23,rot90_ccw_py,geometry,0,266,21433,15.027312930662868,
23,rot90_cw_py,geometry,0,266,21433,15.027312930662868,
23,transpose,geometry,0,266,21433,15.027312930662868,
66,flip_lr,geometry,0,266,21408,15.028480037072045,
66,flip_ud,geometry,0,266,21408,15.028480037072045,
66,identity,geometry,0,266,21408,15.028480037072045,
66,rot180,geometry,0,266,21408,15.028480037072045,
66,rot90_ccw_py,geometry,0,266,21408,15.028480037072045,
66,rot90_cw_py,geometry,0,266,21408,15.028480037072045,
66,transpose,geometry,0,266,21408,15.028480037072045,
79,flip_lr,geometry,0,266,21383,15.029648507210364,
79,flip_ud,geometry,0,266,21383,15.029648507210364,
79,identity,geometry,0,266,21383,15.029648507210364,
79,rot180,geometry,0,266,21383,15.029648507210364,
79,rot90_ccw_py,geometry,0,266,21383,15.029648507210364,
79,rot90_cw_py,geometry,0,266,21383,15.029648507210364,
79,transpose,geometry,0,266,21383,15.029648507210364,
371,flip_lr,geometry,0,266,21181,15.039140167606002,
371,flip_ud,geometry,0,266,21181,15.039140167606002,
371,identity,geometry,0,266,21181,15.039140167606002,
371,rot180,geometry,0,266,21181,15.039140167606002,
371,rot90_ccw_py,geometry,0,266,21181,15.039140167606002,
371,rot90_cw_py,geometry,0,266,21181,15.039140167606002,
371,transpose,geometry,0,266,21181,15.039140167606002,
256,flip_lr,geometry,0,266,21123,15.041882226812756,
256,flip_ud,geometry,0,266,21123,15.041882226812756,
256,identity,geometry,0,266,21123,15.041882226812756,
256,rot180,geometry,0,266,21123,15.041882226812756,
256,rot90_ccw_py,geometry,0,266,21123,15.041882226812756,
256,rot90_cw_py,geometry,0,266,21123,15.041882226812756,
256,transpose,geometry,0,266,21123,15.041882226812756,
397,flip_lr,geometry,0,266,21041,15.045771805760689,
397,flip_ud,geometry,0,266,21041,15.045771805760689,
397,identity,geometry,0,266,21041,15.045771805760689,
397,rot180,geometry,0,266,21041,15.045771805760689,
397,rot90_ccw_py,geometry,0,266,21041,15.045771805760689,
397,rot90_cw_py,geometry,0,266,21041,15.045771805760689,
397,transpose,geometry,0,266,21041,15.045771805760689,
59,flip_lr,geometry,0,266,20387,15.077347278202861,
59,flip_ud,geometry,0,266,20387,15.077347278202861,
59,identity,geometry,0,266,20387,15.077347278202861,
59,rot180,geometry,0,266,20387,15.077347278202861,
59,rot90_ccw_py,geometry,0,266,20387,15.077347278202861,
59,rot90_cw_py,geometry,0,266,20387,15.077347278202861,
59,transpose,geometry,0,266,20387,15.077347278202861,
242,flip_lr,geometry,0,266,20119,15.090580078810763,
242,flip_ud,geometry,0,266,20119,15.090580078810763,
242,identity,geometry,0,266,20119,15.090580078810763,
242,rot180,geometry,0,266,20119,15.090580078810763,
242,rot90_ccw_py,geometry,0,266,20119,15.090580078810763,
242,rot90_cw_py,geometry,0,266,20119,15.090580078810763,
242,transpose,geometry,0,266,20119,15.090580078810763,
143,flip_lr,geometry,0,266,19441,15.12486048297936,
143,flip_ud,geometry,0,266,19441,15.12486048297936,
143,identity,geometry,0,266,19441,15.12486048297936,
143,rot180,geometry,0,266,19441,15.12486048297936,
143,rot90_ccw_py,geometry,0,266,19441,15.12486048297936,
143,rot90_cw_py,geometry,0,266,19441,15.12486048297936,
143,transpose,geometry,0,266,19441,15.12486048297936,
341,flip_lr,geometry,0,266,18865,15.15493636760159,
341,flip_ud,geometry,0,266,18865,15.15493636760159,
341,identity,geometry,0,266,18865,15.15493636760159,
341,rot180,geometry,0,266,18865,15.15493636760159,
341,rot90_ccw_py,geometry,0,266,18865,15.15493636760159,
341,rot90_cw_py,geometry,0,266,18865,15.15493636760159,
341,transpose,geometry,0,266,18865,15.15493636760159,
31,flip_lr,geometry,0,266,18616,15.168223295017873,
31,flip_ud,geometry,0,266,18616,15.168223295017873,
31,identity,geometry,0,266,18616,15.168223295017873,
31,rot180,geometry,0,266,18616,15.168223295017873,
31,rot90_ccw_py,geometry,0,266,18616,15.168223295017873,
31,rot90_cw_py,geometry,0,266,18616,15.168223295017873,
31,transpose,geometry,0,266,18616,15.168223295017873,
217,flip_lr,geometry,0,266,17924,15.206104124093967,
217,flip_ud,geometry,0,266,17924,15.206104124093967,
217,identity,geometry,0,266,17924,15.206104124093967,
217,rot180,geometry,0,266,17924,15.206104124093967,
217,rot90_ccw_py,geometry,0,266,17924,15.206104124093967,
217,rot90_cw_py,geometry,0,266,17924,15.206104124093967,
217,transpose,geometry,0,266,17924,15.206104124093967,
354,flip_lr,geometry,0,266,17007,15.258619697007587,
354,flip_ud,geometry,0,266,17007,15.258619697007587,
354,identity,geometry,0,266,17007,15.258619697007587,
354,rot180,geometry,0,266,17007,15.258619697007587,
354,rot90_ccw_py,geometry,0,266,17007,15.258619697007587,
354,rot90_cw_py,geometry,0,266,17007,15.258619697007587,
354,transpose,geometry,0,266,17007,15.258619697007587,
119,flip_lr,geometry,0,266,16640,15.280435285624801,
119,flip_ud,geometry,0,266,16640,15.280435285624801,
119,identity,geometry,0,266,16640,15.280435285624801,
119,rot180,geometry,0,266,16640,15.280435285624801,
119,rot90_ccw_py,geometry,0,266,16640,15.280435285624801,
119,rot90_cw_py,geometry,0,266,16640,15.280435285624801,
119,transpose,geometry,0,266,16640,15.280435285624801,
199,flip_lr,geometry,0,266,16157,15.30989132872317,
199,flip_ud,geometry,0,266,16157,15.30989132872317,
199,identity,geometry,0,266,16157,15.30989132872317,
199,rot180,geometry,0,266,16157,15.30989132872317,
199,rot90_ccw_py,geometry,0,266,16157,15.30989132872317,
199,rot90_cw_py,geometry,0,266,16157,15.30989132872317,
199,transpose,geometry,0,266,16157,15.30989132872317,
361,flip_lr,geometry,0,266,15917,15.324857000570146,
361,flip_ud,geometry,0,266,15917,15.324857000570146,
361,identity,geometry,0,266,15917,15.324857000570146,
361,rot180,geometry,0,266,15917,15.324857000570146,
361,rot90_ccw_py,geometry,0,266,15917,15.324857000570146,
361,rot90_cw_py,geometry,0,266,15917,15.324857000570146,
361,transpose,geometry,0,266,15917,15.324857000570146,
35,flip_lr,geometry,0,266,15363,15.36028269986934,
35,flip_ud,geometry,0,266,15363,15.36028269986934,
35,identity,geometry,0,266,15363,15.36028269986934,
35,rot180,geometry,0,266,15363,15.36028269986934,
35,rot90_ccw_py,geometry,0,266,15363,15.36028269986934,
35,rot90_cw_py,geometry,0,266,15363,15.36028269986934,
35,transpose,geometry,0,266,15363,15.36028269986934,
277,flip_lr,geometry,0,266,14617,15.410059486110708,
277,flip_ud,geometry,0,266,14617,15.410059486110708,
277,identity,geometry,0,266,14617,15.410059486110708,
277,rot180,geometry,0,266,14617,15.410059486110708,
277,rot90_ccw_py,geometry,0,266,14617,15.410059486110708,
277,rot90_cw_py,geometry,0,266,14617,15.410059486110708,
277,transpose,geometry,0,266,14617,15.410059486110708,
304,flip_lr,geometry,0,266,14494,15.418509950330773,
304,flip_ud,geometry,0,266,14494,15.418509950330773,
304,identity,geometry,0,266,14494,15.418509950330773,
304,rot180,geometry,0,266,14494,15.418509950330773,
304,rot90_ccw_py,geometry,0,266,14494,15.418509950330773,
304,rot90_cw_py,geometry,0,266,14494,15.418509950330773,
304,transpose,geometry,0,266,14494,15.418509950330773,
237,flip_lr,geometry,0,266,14324,15.430308268881676,
237,flip_ud,geometry,0,266,14324,15.430308268881676,
237,identity,geometry,0,266,14324,15.430308268881676,
237,rot180,geometry,0,266,14324,15.430308268881676,
237,rot90_ccw_py,geometry,0,266,14324,15.430308268881676,
237,rot90_cw_py,geometry,0,266,14324,15.430308268881676,
237,transpose,geometry,0,266,14324,15.430308268881676,
246,flip_lr,geometry,0,266,13391,15.497661881504435,
246,flip_ud,geometry,0,266,13391,15.497661881504435,
246,identity,geometry,0,266,13391,15.497661881504435,
246,rot180,geometry,0,266,13391,15.497661881504435,
246,rot90_ccw_py,geometry,0,266,13391,15.497661881504435,
246,rot90_cw_py,geometry,0,266,13391,15.497661881504435,
246,transpose,geometry,0,266,13391,15.497661881504435,
68,flip_lr,geometry,0,266,12589,15.55942130423374,
68,flip_ud,geometry,0,266,12589,15.55942130423374,
68,identity,geometry,0,266,12589,15.55942130423374,
68,rot180,geometry,0,266,12589,15.55942130423374,
68,rot90_ccw_py,geometry,0,266,12589,15.55942130423374,
68,rot90_cw_py,geometry,0,266,12589,15.55942130423374,
68,transpose,geometry,0,266,12589,15.55942130423374,
260,flip_lr,geometry,0,266,12474,15.568598242913932,
260,flip_ud,geometry,0,266,12474,15.568598242913932,
260,identity,geometry,0,266,12474,15.568598242913932,
260,rot180,geometry,0,266,12474,15.568598242913932,
260,rot90_ccw_py,geometry,0,266,12474,15.568598242913932,
260,rot90_cw_py,geometry,0,266,12474,15.568598242913932,
260,transpose,geometry,0,266,12474,15.568598242913932,
134,flip_lr,geometry,0,266,12388,15.575516458906906,
134,flip_ud,geometry,0,266,12388,15.575516458906906,
134,identity,geometry,0,266,12388,15.575516458906906,
134,rot180,geometry,0,266,12388,15.575516458906906,
134,rot90_ccw_py,geometry,0,266,12388,15.575516458906906,
134,rot90_cw_py,geometry,0,266,12388,15.575516458906906,
134,transpose,geometry,0,266,12388,15.575516458906906,
342,flip_lr,geometry,0,266,12153,15.5946686681292,
342,flip_ud,geometry,0,266,12153,15.5946686681292,
342,identity,geometry,0,266,12153,15.5946686681292,
342,rot180,geometry,0,266,12153,15.5946686681292,
342,rot90_ccw_py,geometry,0,266,12153,15.5946686681292,
342,rot90_cw_py,geometry,0,266,12153,15.5946686681292,
342,transpose,geometry,0,266,12153,15.5946686681292,
30,flip_lr,geometry,0,266,11998,15.607504751786962,
30,flip_ud,geometry,0,266,11998,15.607504751786962,
30,identity,geometry,0,266,11998,15.607504751786962,
30,rot180,geometry,0,266,11998,15.607504751786962,
30,rot90_ccw_py,geometry,0,266,11998,15.607504751786962,
30,rot90_cw_py,geometry,0,266,11998,15.607504751786962,
30,transpose,geometry,0,266,11998,15.607504751786962,
41,flip_lr,geometry,0,266,11769,15.626775765122337,
41,flip_ud,geometry,0,266,11769,15.626775765122337,
41,identity,geometry,0,266,11769,15.626775765122337,
41,rot180,geometry,0,266,11769,15.626775765122337,
41,rot90_ccw_py,geometry,0,266,11769,15.626775765122337,
41,rot90_cw_py,geometry,0,266,11769,15.626775765122337,
41,transpose,geometry,0,266,11769,15.626775765122337,
290,flip_lr,geometry,0,266,11708,15.631972352188223,
290,flip_ud,geometry,0,266,11708,15.631972352188223,
290,identity,geometry,0,266,11708,15.631972352188223,
290,rot180,geometry,0,266,11708,15.631972352188223,
290,rot90_ccw_py,geometry,0,266,11708,15.631972352188223,
290,rot90_cw_py,geometry,0,266,11708,15.631972352188223,
290,transpose,geometry,0,266,11708,15.631972352188223,
78,flip_lr,geometry,0,266,11496,15.65024557224114,
78,flip_ud,geometry,0,266,11496,15.65024557224114,
78,identity,geometry,0,266,11496,15.65024557224114,
78,rot180,geometry,0,266,11496,15.65024557224114,
78,rot90_ccw_py,geometry,0,266,11496,15.65024557224114,
78,rot90_cw_py,geometry,0,266,11496,15.65024557224114,
78,transpose,geometry,0,266,11496,15.65024557224114,
190,flip_lr,geometry,0,266,11204,15.675973863620001,
190,flip_ud,geometry,0,266,11204,15.675973863620001,
190,identity,geometry,0,266,11204,15.675973863620001,
190,rot180,geometry,0,266,11204,15.675973863620001,
190,rot90_ccw_py,geometry,0,266,11204,15.675973863620001,
190,rot90_cw_py,geometry,0,266,11204,15.675973863620001,
190,transpose,geometry,0,266,11204,15.675973863620001,
360,flip_lr,geometry,0,266,11146,15.681164031870518,
360,flip_ud,geometry,0,266,11146,15.681164031870518,
360,identity,geometry,0,266,11146,15.681164031870518,
360,rot180,geometry,0,266,11146,15.681164031870518,
360,rot90_ccw_py,geometry,0,266,11146,15.681164031870518,
360,rot90_cw_py,geometry,0,266,11146,15.681164031870518,
360,transpose,geometry,0,266,11146,15.681164031870518,
188,flip_lr,geometry,0,266,10664,15.725371138141455,
188,flip_ud,geometry,0,266,10664,15.725371138141455,
188,identity,geometry,0,266,10664,15.725371138141455,
188,rot180,geometry,0,266,10664,15.725371138141455,
188,rot90_ccw_py,geometry,0,266,10664,15.725371138141455,
188,rot90_cw_py,geometry,0,266,10664,15.725371138141455,
188,transpose,geometry,0,266,10664,15.725371138141455,
329,flip_lr,geometry,0,266,10260,15.76399188127524,
329,flip_ud,geometry,0,266,10260,15.76399188127524,
329,identity,geometry,0,266,10260,15.76399188127524,
329,rot180,geometry,0,266,10260,15.76399188127524,
329,rot90_ccw_py,geometry,0,266,10260,15.76399188127524,
329,rot90_cw_py,geometry,0,266,10260,15.76399188127524,
329,transpose,geometry,0,266,10260,15.76399188127524,
315,flip_lr,geometry,0,266,9557,15.83497085073382,
315,flip_ud,geometry,0,266,9557,15.83497085073382,
315,identity,geometry,0,266,9557,15.83497085073382,
315,rot180,geometry,0,266,9557,15.83497085073382,
315,rot90_ccw_py,geometry,0,266,9557,15.83497085073382,
315,rot90_cw_py,geometry,0,266,9557,15.83497085073382,
315,transpose,geometry,0,266,9557,15.83497085073382,
24,flip_lr,geometry,0,266,9080,15.88617052840466,
24,flip_ud,geometry,0,266,9080,15.88617052840466,
24,identity,geometry,0,266,9080,15.88617052840466,
24,rot180,geometry,0,266,9080,15.88617052840466,
24,rot90_ccw_py,geometry,0,266,9080,15.88617052840466,
24,rot90_cw_py,geometry,0,266,9080,15.88617052840466,
24,transpose,geometry,0,266,9080,15.88617052840466,
269,flip_lr,geometry,0,266,8602,15.940249986656319,
269,flip_ud,geometry,0,266,8602,15.940249986656319,
269,identity,geometry,0,266,8602,15.940249986656319,
269,rot180,geometry,0,266,8602,15.940249986656319,
269,rot90_ccw_py,geometry,0,266,8602,15.940249986656319,
269,rot90_cw_py,geometry,0,266,8602,15.940249986656319,
269,transpose,geometry,0,266,8602,15.940249986656319,
314,flip_lr,geometry,0,266,8594,15.941180435665059,
314,flip_ud,geometry,0,266,8594,15.941180435665059,
314,identity,geometry,0,266,8594,15.941180435665059,
314,rot180,geometry,0,266,8594,15.941180435665059,
314,rot90_ccw_py,geometry,0,266,8594,15.941180435665059,
314,rot90_cw_py,geometry,0,266,8594,15.941180435665059,
314,transpose,geometry,0,266,8594,15.941180435665059,
42,flip_lr,geometry,0,266,8518,15.950063149516842,
42,flip_ud,geometry,0,266,8518,15.950063149516842,
42,identity,geometry,0,266,8518,15.950063149516842,
42,rot180,geometry,0,266,8518,15.950063149516842,
42,rot90_ccw_py,geometry,0,266,8518,15.950063149516842,
42,rot90_cw_py,geometry,0,266,8518,15.950063149516842,
42,transpose,geometry,0,266,8518,15.950063149516842,
372,flip_lr,geometry,0,266,7880,16.027916817148075,
372,flip_ud,geometry,0,266,7880,16.027916817148075,
372,identity,geometry,0,266,7880,16.027916817148075,
372,rot180,geometry,0,266,7880,16.027916817148075,
372,rot90_ccw_py,geometry,0,266,7880,16.027916817148075,
372,rot90_cw_py,geometry,0,266,7880,16.027916817148075,
372,transpose,geometry,0,266,7880,16.027916817148075,
40,flip_lr,geometry,0,266,7868,16.02944082049105,
40,flip_ud,geometry,0,266,7868,16.02944082049105,
40,identity,geometry,0,266,7868,16.02944082049105,
40,rot180,geometry,0,266,7868,16.02944082049105,
40,rot90_ccw_py,geometry,0,266,7868,16.02944082049105,
40,rot90_cw_py,geometry,0,266,7868,16.02944082049105,
40,transpose,geometry,0,266,7868,16.02944082049105,
302,flip_lr,geometry,0,266,7796,16.03863393937255,
302,flip_ud,geometry,0,266,7796,16.03863393937255,
302,identity,geometry,0,266,7796,16.03863393937255,
302,rot180,geometry,0,266,7796,16.03863393937255,
302,rot90_ccw_py,geometry,0,266,7796,16.03863393937255,
302,rot90_cw_py,geometry,0,266,7796,16.03863393937255,
302,transpose,geometry,0,266,7796,16.03863393937255,
7,flip_lr,geometry,0,266,7271,16.108350887349943,
7,flip_ud,geometry,0,266,7271,16.108350887349943,
7,identity,geometry,0,266,7271,16.108350887349943,
7,rot180,geometry,0,266,7271,16.108350887349943,
7,rot90_ccw_py,geometry,0,266,7271,16.108350887349943,
7,rot90_cw_py,geometry,0,266,7271,16.108350887349943,
7,transpose,geometry,0,266,7271,16.108350887349943,
43,flip_lr,geometry,0,266,7119,16.129477454896126,
43,flip_ud,geometry,0,266,7119,16.129477454896126,
43,identity,geometry,0,266,7119,16.129477454896126,
43,rot180,geometry,0,266,7119,16.129477454896126,
43,rot90_ccw_py,geometry,0,266,7119,16.129477454896126,
43,rot90_cw_py,geometry,0,266,7119,16.129477454896126,
43,transpose,geometry,0,266,7119,16.129477454896126,
105,flip_lr,geometry,0,266,7055,16.138508135713085,
105,flip_ud,geometry,0,266,7055,16.138508135713085,
105,identity,geometry,0,266,7055,16.138508135713085,
105,rot180,geometry,0,266,7055,16.138508135713085,
105,rot90_ccw_py,geometry,0,266,7055,16.138508135713085,
105,rot90_cw_py,geometry,0,266,7055,16.138508135713085,
105,transpose,geometry,0,266,7055,16.138508135713085,
259,flip_lr,geometry,0,266,6843,16.169018489047502,
259,flip_ud,geometry,0,266,6843,16.169018489047502,
259,identity,geometry,0,266,6843,16.169018489047502,
259,rot180,geometry,0,266,6843,16.169018489047502,
259,rot90_ccw_py,geometry,0,266,6843,16.169018489047502,
259,rot90_cw_py,geometry,0,266,6843,16.169018489047502,
259,transpose,geometry,0,266,6843,16.169018489047502,
352,flip_lr,geometry,0,266,6626,16.20124341714016,
352,flip_ud,geometry,0,266,6626,16.20124341714016,
352,identity,geometry,0,266,6626,16.20124341714016,
352,rot180,geometry,0,266,6626,16.20124341714016,
352,rot90_ccw_py,geometry,0,266,6626,16.20124341714016,
352,rot90_cw_py,geometry,0,266,6626,16.20124341714016,
352,transpose,geometry,0,266,6626,16.20124341714016,
100,flip_lr,geometry,0,266,6536,16.21491936346016,
100,flip_ud,geometry,0,266,6536,16.21491936346016,
100,identity,geometry,0,266,6536,16.21491936346016,
100,rot180,geometry,0,266,6536,16.21491936346016,
100,rot90_ccw_py,geometry,0,266,6536,16.21491936346016,
100,rot90_cw_py,geometry,0,266,6536,16.21491936346016,
100,transpose,geometry,0,266,6536,16.21491936346016,
121,flip_lr,geometry,0,266,6530,16.215837777729526,
121,flip_ud,geometry,0,266,6530,16.215837777729526,
121,identity,geometry,0,266,6530,16.215837777729526,
121,rot180,geometry,0,266,6530,16.215837777729526,
121,rot90_ccw_py,geometry,0,266,6530,16.215837777729526,
121,rot90_cw_py,geometry,0,266,6530,16.215837777729526,
121,transpose,geometry,0,266,6530,16.215837777729526,
388,flip_lr,geometry,0,266,6468,16.225377779303003,
388,flip_ud,geometry,0,266,6468,16.225377779303003,
388,identity,geometry,0,266,6468,16.225377779303003,
388,rot180,geometry,0,266,6468,16.225377779303003,
388,rot90_ccw_py,geometry,0,266,6468,16.225377779303003,
388,rot90_cw_py,geometry,0,266,6468,16.225377779303003,
388,transpose,geometry,0,266,6468,16.225377779303003,
273,flip_lr,geometry,0,266,5937,16.311040765729324,
273,flip_ud,geometry,0,266,5937,16.311040765729324,
273,identity,geometry,0,266,5937,16.311040765729324,
273,rot180,geometry,0,266,5937,16.311040765729324,
273,rot90_ccw_py,geometry,0,266,5937,16.311040765729324,
273,rot90_cw_py,geometry,0,266,5937,16.311040765729324,
273,transpose,geometry,0,266,5937,16.311040765729324,
320,flip_lr,geometry,0,266,5190,16.445511023840066,
320,flip_ud,geometry,0,266,5190,16.445511023840066,
320,identity,geometry,0,266,5190,16.445511023840066,
320,rot180,geometry,0,266,5190,16.445511023840066,
320,rot90_ccw_py,geometry,0,266,5190,16.445511023840066,
320,rot90_cw_py,geometry,0,266,5190,16.445511023840066,
320,transpose,geometry,0,266,5190,16.445511023840066,
356,flip_lr,geometry,0,266,5002,16.482406888562437,
356,flip_ud,geometry,0,266,5002,16.482406888562437,
356,identity,geometry,0,266,5002,16.482406888562437,
356,rot180,geometry,0,266,5002,16.482406888562437,
356,rot90_ccw_py,geometry,0,266,5002,16.482406888562437,
356,rot90_cw_py,geometry,0,266,5002,16.482406888562437,
356,transpose,geometry,0,266,5002,16.482406888562437,
136,flip_lr,geometry,0,266,4837,16.515950027177016,
136,flip_ud,geometry,0,266,4837,16.515950027177016,
136,identity,geometry,0,266,4837,16.515950027177016,
136,rot180,geometry,0,266,4837,16.515950027177016,
136,rot90_ccw_py,geometry,0,266,4837,16.515950027177016,
136,rot90_cw_py,geometry,0,266,4837,16.515950027177016,
136,transpose,geometry,0,266,4837,16.515950027177016,
394,flip_lr,geometry,0,266,4753,16.53346872338599,
394,flip_ud,geometry,0,266,4753,16.53346872338599,
394,identity,geometry,0,266,4753,16.53346872338599,
394,rot180,geometry,0,266,4753,16.53346872338599,
394,rot90_ccw_py,geometry,0,266,4753,16.53346872338599,
394,rot90_cw_py,geometry,0,266,4753,16.53346872338599,
394,transpose,geometry,0,266,4753,16.53346872338599,
115,flip_lr,geometry,0,266,4122,16.675906238549594,
115,flip_ud,geometry,0,266,4122,16.675906238549594,
115,identity,geometry,0,266,4122,16.675906238549594,
115,rot180,geometry,0,266,4122,16.675906238549594,
115,rot90_ccw_py,geometry,0,266,4122,16.675906238549594,
115,rot90_cw_py,geometry,0,266,4122,16.675906238549594,
115,transpose,geometry,0,266,4122,16.675906238549594,
305,flip_lr,geometry,0,266,3952,16.71802294113224,
305,flip_ud,geometry,0,266,3952,16.71802294113224,
305,identity,geometry,0,266,3952,16.71802294113224,
305,rot180,geometry,0,266,3952,16.71802294113224,
305,rot90_ccw_py,geometry,0,266,3952,16.71802294113224,
305,rot90_cw_py,geometry,0,266,3952,16.71802294113224,
305,transpose,geometry,0,266,3952,16.71802294113224,
316,flip_lr,geometry,0,266,3903,16.730499232819383,
316,flip_ud,geometry,0,266,3903,16.730499232819383,
316,identity,geometry,0,266,3903,16.730499232819383,
316,rot180,geometry,0,266,3903,16.730499232819383,
316,rot90_ccw_py,geometry,0,266,3903,16.730499232819383,
316,rot90_cw_py,geometry,0,266,3903,16.730499232819383,
316,transpose,geometry,0,266,3903,16.730499232819383,
32,flip_lr,geometry,0,266,3405,16.86699978141639,
32,identity,geometry,0,266,3405,16.86699978141639,
32,rot180,geometry,0,266,3405,16.86699978141639,
32,rot90_ccw_py,geometry,0,266,3405,16.86699978141639,
32,rot90_cw_py,geometry,0,266,3405,16.86699978141639,
32,transpose,geometry,0,266,3405,16.86699978141639,
122,identity,geometry,0,266,2510,17.17196196787417,
122,rot90_ccw_py,geometry,0,266,2510,17.17196196787417,
122,rot90_cw_py,geometry,0,266,2510,17.17196196787417,
122,transpose,geometry,0,266,2510,17.17196196787417,
344,flip_lr,geometry,0,266,2510,17.17196196787417,
344,flip_ud,geometry,0,266,2510,17.17196196787417,
344,identity,geometry,0,266,2510,17.17196196787417,
344,rot180,geometry,0,266,2510,17.17196196787417,
344,rot90_ccw_py,geometry,0,266,2510,17.17196196787417,
344,rot90_cw_py,geometry,0,266,2510,17.17196196787417,
344,transpose,geometry,0,266,2510,17.17196196787417,
38,flip_lr,geometry,0,266,2193,17.306974251582112,
38,flip_ud,geometry,0,266,2193,17.306974251582112,
38,identity,geometry,0,266,2193,17.306974251582112,
38,rot180,geometry,0,266,2193,17.306974251582112,
38,rot90_ccw_py,geometry,0,266,2193,17.306974251582112,
38,rot90_cw_py,geometry,0,266,2193,17.306974251582112,
38,transpose,geometry,0,266,2193,17.306974251582112,
389,flip_lr,geometry,0,266,1898,17.451444020830127,
389,flip_ud,geometry,0,266,1898,17.451444020830127,
389,identity,geometry,0,266,1898,17.451444020830127,
389,rot180,geometry,0,266,1898,17.451444020830127,
389,rot90_ccw_py,geometry,0,266,1898,17.451444020830127,
389,rot90_cw_py,geometry,0,266,1898,17.451444020830127,
389,transpose,geometry,0,266,1898,17.451444020830127,
83,flip_lr,geometry,0,266,1800,17.504458056115745,
83,flip_ud,geometry,0,266,1800,17.504458056115745,
83,identity,geometry,0,266,1800,17.504458056115745,
83,rot180,geometry,0,266,1800,17.504458056115745,
83,rot90_ccw_py,geometry,0,266,1800,17.504458056115745,
83,rot90_cw_py,geometry,0,266,1800,17.504458056115745,
83,transpose,geometry,0,266,1800,17.504458056115745,
108,flip_lr,geometry,0,266,1800,17.504458056115745,
108,flip_ud,geometry,0,266,1800,17.504458056115745,
108,identity,geometry,0,266,1800,17.504458056115745,
108,rot180,geometry,0,266,1800,17.504458056115745,
108,rot90_ccw_py,geometry,0,266,1800,17.504458056115745,
108,rot90_cw_py,geometry,0,266,1800,17.504458056115745,
108,transpose,geometry,0,266,1800,17.504458056115745,
142,flip_lr,geometry,0,266,1800,17.504458056115745,
142,flip_ud,geometry,0,266,1800,17.504458056115745,
142,identity,geometry,0,266,1800,17.504458056115745,
142,rot180,geometry,0,266,1800,17.504458056115745,
142,rot90_ccw_py,geometry,0,266,1800,17.504458056115745,
142,rot90_cw_py,geometry,0,266,1800,17.504458056115745,
142,transpose,geometry,0,266,1800,17.504458056115745,
194,flip_lr,geometry,0,266,1800,17.504458056115745,
194,flip_ud,geometry,0,266,1800,17.504458056115745,
194,identity,geometry,0,266,1800,17.504458056115745,
194,rot180,geometry,0,266,1800,17.504458056115745,
194,rot90_ccw_py,geometry,0,266,1800,17.504458056115745,
194,rot90_cw_py,geometry,0,266,1800,17.504458056115745,
194,transpose,geometry,0,266,1800,17.504458056115745,
211,flip_lr,geometry,0,266,1800,17.504458056115745,
211,flip_ud,geometry,0,266,1800,17.504458056115745,
211,identity,geometry,0,266,1800,17.504458056115745,
211,rot180,geometry,0,266,1800,17.504458056115745,
211,rot90_ccw_py,geometry,0,266,1800,17.504458056115745,
211,rot90_cw_py,geometry,0,266,1800,17.504458056115745,
211,transpose,geometry,0,266,1800,17.504458056115745,
214,flip_lr,geometry,0,266,1800,17.504458056115745,
214,flip_ud,geometry,0,266,1800,17.504458056115745,
214,identity,geometry,0,266,1800,17.504458056115745,
214,rot180,geometry,0,266,1800,17.504458056115745,
214,rot90_ccw_py,geometry,0,266,1800,17.504458056115745,
214,rot90_cw_py,geometry,0,266,1800,17.504458056115745,
214,transpose,geometry,0,266,1800,17.504458056115745,
307,flip_lr,geometry,0,266,1800,17.504458056115745,
307,flip_ud,geometry,0,266,1800,17.504458056115745,
307,identity,geometry,0,266,1800,17.504458056115745,
307,rot180,geometry,0,266,1800,17.504458056115745,
307,rot90_ccw_py,geometry,0,266,1800,17.504458056115745,
307,rot90_cw_py,geometry,0,266,1800,17.504458056115745,
307,transpose,geometry,0,266,1800,17.504458056115745,
6,flip_lr,geometry,0,266,1631,17.603051397378987,
6,flip_ud,geometry,0,266,1631,17.603051397378987,
6,identity,geometry,0,266,1631,17.603051397378987,
6,rot180,geometry,0,266,1631,17.603051397378987,
6,rot90_ccw_py,geometry,0,266,1631,17.603051397378987,
6,rot90_cw_py,geometry,0,266,1631,17.603051397378987,
6,transpose,geometry,0,266,1631,17.603051397378987,
114,flip_lr,geometry,0,266,1254,17.865906278807135,
114,flip_ud,geometry,0,266,1254,17.865906278807135,
114,identity,geometry,0,266,1254,17.865906278807135,
114,rot180,geometry,0,266,1254,17.865906278807135,
114,rot90_ccw_py,geometry,0,266,1254,17.865906278807135,
114,rot90_cw_py,geometry,0,266,1254,17.865906278807135,
114,transpose,geometry,0,266,1254,17.865906278807135,
181,flip_lr,geometry,0,266,1194,17.91493570604745,
181,flip_ud,geometry,0,266,1194,17.91493570604745,
181,identity,geometry,0,266,1194,17.91493570604745,
181,rot180,geometry,0,266,1194,17.91493570604745,
181,rot90_ccw_py,geometry,0,266,1194,17.91493570604745,
181,rot90_cw_py,geometry,0,266,1194,17.91493570604745,
181,transpose,geometry,0,266,1194,17.91493570604745,
106,flip_lr,geometry,0,266,1164,17.940382371708615,
106,flip_ud,geometry,0,266,1164,17.940382371708615,
106,identity,geometry,0,266,1164,17.940382371708615,
106,rot180,geometry,0,266,1164,17.940382371708615,
106,rot90_ccw_py,geometry,0,266,1164,17.940382371708615,
106,rot90_cw_py,geometry,0,266,1164,17.940382371708615,
106,transpose,geometry,0,266,1164,17.940382371708615,
150,flip_ud,geometry,0,266,1014,18.078341815848873,
150,identity,geometry,0,266,1014,18.078341815848873,
150,rot90_ccw_py,geometry,0,266,1014,18.078341815848873,
150,transpose,geometry,0,266,1014,18.078341815848873,
155,flip_lr,geometry,0,266,1014,18.078341815848873,
155,identity,geometry,0,266,1014,18.078341815848873,
155,rot180,geometry,0,266,1014,18.078341815848873,
155,rot90_ccw_py,geometry,0,266,1014,18.078341815848873,
155,rot90_cw_py,geometry,0,266,1014,18.078341815848873,
155,transpose,geometry,0,266,1014,18.078341815848873,
98,flip_lr,geometry,0,266,910,18.186555400489105,
98,flip_ud,geometry,0,266,910,18.186555400489105,
98,identity,geometry,0,266,910,18.186555400489105,
98,rot180,geometry,0,266,910,18.186555400489105,
98,rot90_ccw_py,geometry,0,266,910,18.186555400489105,
98,rot90_cw_py,geometry,0,266,910,18.186555400489105,
98,transpose,geometry,0,266,910,18.186555400489105,
120,flip_lr,geometry,0,266,910,18.186555400489105,
120,flip_ud,geometry,0,266,910,18.186555400489105,
120,identity,geometry,0,266,910,18.186555400489105,
120,rot180,geometry,0,266,910,18.186555400489105,
120,rot90_ccw_py,geometry,0,266,910,18.186555400489105,
120,rot90_cw_py,geometry,0,266,910,18.186555400489105,
120,transpose,geometry,0,266,910,18.186555400489105,
151,flip_lr,geometry,0,266,910,18.186555400489105,
151,flip_ud,geometry,0,266,910,18.186555400489105,
151,identity,geometry,0,266,910,18.186555400489105,
151,rot180,geometry,0,266,910,18.186555400489105,
151,rot90_ccw_py,geometry,0,266,910,18.186555400489105,
151,rot90_cw_py,geometry,0,266,910,18.186555400489105,
151,transpose,geometry,0,266,910,18.186555400489105,
230,flip_lr,geometry,0,266,900,18.197605236675688,
230,flip_ud,geometry,0,266,900,18.197605236675688,
230,identity,geometry,0,266,900,18.197605236675688,
230,rot180,geometry,0,266,900,18.197605236675688,
230,rot90_ccw_py,geometry,0,266,900,18.197605236675688,
230,rot90_cw_py,geometry,0,266,900,18.197605236675688,
230,transpose,geometry,0,266,900,18.197605236675688,
339,flip_lr,geometry,0,266,884,18.215542937362358,
339,flip_ud,geometry,0,266,884,18.215542937362358,
339,identity,geometry,0,266,884,18.215542937362358,
339,rot180,geometry,0,266,884,18.215542937362358,
339,rot90_ccw_py,geometry,0,266,884,18.215542937362358,
339,rot90_cw_py,geometry,0,266,884,18.215542937362358,
339,transpose,geometry,0,266,884,18.215542937362358,
322,flip_lr,geometry,0,266,867,18.23496102321946,
322,flip_ud,geometry,0,266,867,18.23496102321946,
322,identity,geometry,0,266,867,18.23496102321946,
322,rot180,geometry,0,266,867,18.23496102321946,
322,rot90_ccw_py,geometry,0,266,867,18.23496102321946,
322,rot90_cw_py,geometry,0,266,867,18.23496102321946,
322,transpose,geometry,0,266,867,18.23496102321946,
87,identity,geometry,0,266,368,19.09191706183107,
87,rot90_ccw_py,geometry,0,266,368,19.09191706183107,
87,rot90_cw_py,geometry,0,266,368,19.09191706183107,
135,flip_lr,geometry,0,266,360,19.113895968549844,
135,flip_ud,geometry,0,266,360,19.113895968549844,
135,identity,geometry,0,266,360,19.113895968549844,
135,rot180,geometry,0,266,360,19.113895968549844,
135,rot90_ccw_py,geometry,0,266,360,19.113895968549844,
135,rot90_cw_py,geometry,0,266,360,19.113895968549844,
135,transpose,geometry,0,266,360,19.113895968549844,
67,flip_lr,geometry,0,266,315,19.247427361174367,
67,flip_ud,geometry,0,266,315,19.247427361174367,
67,identity,geometry,0,266,315,19.247427361174367,
67,rot180,geometry,0,266,315,19.247427361174367,
67,rot90_ccw_py,geometry,0,266,315,19.247427361174367,
67,rot90_cw_py,geometry,0,266,315,19.247427361174367,
67,transpose,geometry,0,266,315,19.247427361174367,
258,flip_lr,geometry,0,266,160,19.924826184766175,
258,flip_ud,geometry,0,266,160,19.924826184766175,
258,identity,geometry,0,266,160,19.924826184766175,
258,rot180,geometry,0,266,160,19.924826184766175,
258,rot90_ccw_py,geometry,0,266,160,19.924826184766175,
258,rot90_cw_py,geometry,0,266,160,19.924826184766175,
258,transpose,geometry,0,266,160,19.924826184766175,
326,flip_lr,geometry,0,266,160,19.924826184766175,
326,flip_ud,geometry,0,266,160,19.924826184766175,
326,identity,geometry,0,266,160,19.924826184766175,
326,rot180,geometry,0,266,160,19.924826184766175,
326,rot90_ccw_py,geometry,0,266,160,19.924826184766175,
326,rot90_cw_py,geometry,0,266,160,19.924826184766175,
326,transpose,geometry,0,266,160,19.924826184766175,
210,flip_lr,geometry,0,266,30,21.598802618337846,
210,flip_ud,geometry,0,266,30,21.598802618337846,
210,identity,geometry,0,266,30,21.598802618337846,
210,rot180,geometry,0,266,30,21.598802618337846,
210,rot90_ccw_py,geometry,0,266,30,21.598802618337846,
210,rot90_cw_py,geometry,0,266,30,21.598802618337846,
210,transpose,geometry,0,266,30,21.598802618337846,
311,flip_lr,geometry,0,266,30,21.598802618337846,
311,flip_ud,geometry,0,266,30,21.598802618337846,
311,identity,geometry,0,266,30,21.598802618337846,
311,rot180,geometry,0,266,30,21.598802618337846,
311,rot90_ccw_py,geometry,0,266,30,21.598802618337846,
311,rot90_cw_py,geometry,0,266,30,21.598802618337846,
311,transpose,geometry,0,266,30,21.598802618337846,
276,flip_lr,geometry,0,266,10,22.697414907005953,
276,flip_ud,geometry,0,266,10,22.697414907005953,
276,identity,geometry,0,266,10,22.697414907005953,
276,rot180,geometry,0,266,10,22.697414907005953,
276,rot90_ccw_py,geometry,0,266,10,22.697414907005953,
276,rot90_cw_py,geometry,0,266,10,22.697414907005953,
276,transpose,geometry,0,266,10,22.697414907005953,
337,flip_ud,geometry,0,266,10,22.697414907005953,
337,identity,geometry,0,266,10,22.697414907005953,
337,rot180,geometry,0,266,10,22.697414907005953,
337,rot90_ccw_py,geometry,0,266,10,22.697414907005953,
337,rot90_cw_py,geometry,0,266,10,22.697414907005953,
337,transpose,geometry,0,266,10,22.697414907005953,
241,flip_lr,geometry,0,266,0,25.0,
241,flip_ud,geometry,0,266,0,25.0,
241,identity,geometry,0,266,0,25.0,
241,rot90_ccw_py,geometry,0,266,0,25.0,
241,rot90_cw_py,geometry,0,266,0,25.0,
133,flip_lr,geometry,0,267,93312,13.556296004071724,
133,flip_ud,geometry,0,267,93312,13.556296004071724,
133,identity,geometry,0,267,93312,13.556296004071724,
133,rot180,geometry,0,267,93312,13.556296004071724,
133,rot90_ccw_py,geometry,0,267,93312,13.556296004071724,
133,rot90_cw_py,geometry,0,267,93312,13.556296004071724,
133,transpose,geometry,0,267,93312,13.556296004071724,
13,flip_lr,geometry,0,267,92022,13.570217042121165,
13,flip_ud,geometry,0,267,92022,13.570217042121165,
13,identity,geometry,0,267,92022,13.570217042121165,
13,rot180,geometry,0,267,92022,13.570217042121165,
13,rot90_ccw_py,geometry,0,267,92022,13.570217042121165,
13,rot90_cw_py,geometry,0,267,92022,13.570217042121165,
13,transpose,geometry,0,267,92022,13.570217042121165,
280,flip_lr,geometry,0,267,90506,13.586828574167079,
280,flip_ud,geometry,0,267,90506,13.586828574167079,
280,identity,geometry,0,267,90506,13.586828574167079,
280,rot180,geometry,0,267,90506,13.586828574167079,
280,rot90_ccw_py,geometry,0,267,90506,13.586828574167079,
280,rot90_cw_py,geometry,0,267,90506,13.586828574167079,
280,transpose,geometry,0,267,90506,13.586828574167079,
203,flip_lr,geometry,0,267,88402,13.610350127195805,
203,flip_ud,geometry,0,267,88402,13.610350127195805,
203,identity,geometry,0,267,88402,13.610350127195805,
203,rot180,geometry,0,267,88402,13.610350127195805,
203,rot90_ccw_py,geometry,0,267,88402,13.610350127195805,
203,rot90_cw_py,geometry,0,267,88402,13.610350127195805,
203,transpose,geometry,0,267,88402,13.610350127195805,
239,flip_lr,geometry,0,267,85612,13.642419260779546,
239,flip_ud,geometry,0,267,85612,13.642419260779546,
239,identity,geometry,0,267,85612,13.642419260779546,
239,rot180,geometry,0,267,85612,13.642419260779546,
239,rot90_ccw_py,geometry,0,267,85612,13.642419260779546,
239,rot90_cw_py,geometry,0,267,85612,13.642419260779546,
239,transpose,geometry,0,267,85612,13.642419260779546,
19,flip_lr,geometry,0,267,81346,13.69353305881371,
19,flip_ud,geometry,0,267,81346,13.69353305881371,
19,identity,geometry,0,267,81346,13.69353305881371,
19,rot180,geometry,0,267,81346,13.69353305881371,
19,rot90_ccw_py,geometry,0,267,81346,13.69353305881371,
19,rot90_cw_py,geometry,0,267,81346,13.69353305881371,
19,transpose,geometry,0,267,81346,13.69353305881371,
34,flip_lr,geometry,0,267,80368,13.705628634010173,
34,flip_ud,geometry,0,267,80368,13.705628634010173,
34,identity,geometry,0,267,80368,13.705628634010173,
34,rot180,geometry,0,267,80368,13.705628634010173,
34,rot90_ccw_py,geometry,0,267,80368,13.705628634010173,
34,rot90_cw_py,geometry,0,267,80368,13.705628634010173,
34,transpose,geometry,0,267,80368,13.705628634010173,
202,flip_lr,geometry,0,267,80176,13.708020502800494,
202,flip_ud,geometry,0,267,80176,13.708020502800494,
202,identity,geometry,0,267,80176,13.708020502800494,
202,rot180,geometry,0,267,80176,13.708020502800494,
202,rot90_ccw_py,geometry,0,267,80176,13.708020502800494,
202,rot90_cw_py,geometry,0,267,80176,13.708020502800494,
202,transpose,geometry,0,267,80176,13.708020502800494,
300,flip_lr,geometry,0,267,77546,13.741373412351637,
300,flip_ud,geometry,0,267,77546,13.741373412351637,
300,identity,geometry,0,267,77546,13.741373412351637,
300,rot180,geometry,0,267,77546,13.741373412351637,
300,rot90_ccw_py,geometry,0,267,77546,13.741373412351637,
300,rot90_cw_py,geometry,0,267,77546,13.741373412351637,
300,transpose,geometry,0,267,77546,13.741373412351637,
64,flip_lr,geometry,0,267,77502,13.74194097853993,
64,flip_ud,geometry,0,267,77502,13.74194097853993,
64,identity,geometry,0,267,77502,13.74194097853993,
64,rot180,geometry,0,267,77502,13.74194097853993,
64,rot90_ccw_py,geometry,0,267,77502,13.74194097853993,
64,rot90_cw_py,geometry,0,267,77502,13.74194097853993,
64,transpose,geometry,0,267,77502,13.74194097853993,
191,flip_lr,geometry,0,267,73993,13.788274226882638,
191,flip_ud,geometry,0,267,73993,13.788274226882638,
191,identity,geometry,0,267,73993,13.788274226882638,
191,rot180,geometry,0,267,73993,13.788274226882638,
191,rot90_ccw_py,geometry,0,267,73993,13.788274226882638,
191,rot90_cw_py,geometry,0,267,73993,13.788274226882638,
191,transpose,geometry,0,267,73993,13.788274226882638,
88,flip_lr,geometry,0,267,72766,13.80499590787612,
88,flip_ud,geometry,0,267,72766,13.80499590787612,
88,identity,geometry,0,267,72766,13.80499590787612,
88,rot180,geometry,0,267,72766,13.80499590787612,
88,rot90_ccw_py,geometry,0,267,72766,13.80499590787612,
88,rot90_cw_py,geometry,0,267,72766,13.80499590787612,
88,transpose,geometry,0,267,72766,13.80499590787612,
145,flip_lr,geometry,0,267,69757,13.847226946929018,
145,flip_ud,geometry,0,267,69757,13.847226946929018,
145,identity,geometry,0,267,69757,13.847226946929018,
145,rot180,geometry,0,267,69757,13.847226946929018,
145,rot90_ccw_py,geometry,0,267,69757,13.847226946929018,
145,rot90_cw_py,geometry,0,267,69757,13.847226946929018,
145,transpose,geometry,0,267,69757,13.847226946929018,
328,flip_lr,geometry,0,267,68053,13.871957907660665,
328,flip_ud,geometry,0,267,68053,13.871957907660665,
328,identity,geometry,0,267,68053,13.871957907660665,
328,rot180,geometry,0,267,68053,13.871957907660665,
328,rot90_ccw_py,geometry,0,267,68053,13.871957907660665,
328,rot90_cw_py,geometry,0,267,68053,13.871957907660665,
328,transpose,geometry,0,267,68053,13.871957907660665,
11,flip_lr,geometry,0,267,66247,13.898854540195707,
11,flip_ud,geometry,0,267,66247,13.898854540195707,
11,identity,geometry,0,267,66247,13.898854540195707,
11,rot180,geometry,0,267,66247,13.898854540195707,
11,rot90_ccw_py,geometry,0,267,66247,13.898854540195707,
11,rot90_cw_py,geometry,0,267,66247,13.898854540195707,
11,transpose,geometry,0,267,66247,13.898854540195707,
90,flip_lr,geometry,0,267,63354,13.94350667496543,
90,flip_ud,geometry,0,267,63354,13.94350667496543,
90,identity,geometry,0,267,63354,13.94350667496543,
90,rot180,geometry,0,267,63354,13.94350667496543,
90,rot90_ccw_py,geometry,0,267,63354,13.94350667496543,
90,rot90_cw_py,geometry,0,267,63354,13.94350667496543,
90,transpose,geometry,0,267,63354,13.94350667496543,
118,flip_lr,geometry,0,267,60026,13.997466919324204,
118,flip_ud,geometry,0,267,60026,13.997466919324204,
118,identity,geometry,0,267,60026,13.997466919324204,
118,rot180,geometry,0,267,60026,13.997466919324204,
118,rot90_ccw_py,geometry,0,267,60026,13.997466919324204,
118,rot90_cw_py,geometry,0,267,60026,13.997466919324204,
118,transpose,geometry,0,267,60026,13.997466919324204,
185,flip_lr,geometry,0,267,59584,14.00485763936326,
185,flip_ud,geometry,0,267,59584,14.00485763936326,
185,identity,geometry,0,267,59584,14.00485763936326,
185,rot180,geometry,0,267,59584,14.00485763936326,
185,rot90_ccw_py,geometry,0,267,59584,14.00485763936326,
185,rot90_cw_py,geometry,0,267,59584,14.00485763936326,
185,transpose,geometry,0,267,59584,14.00485763936326,
221,flip_lr,geometry,0,267,55869,14.069235056400384,
221,flip_ud,geometry,0,267,55869,14.069235056400384,
221,identity,geometry,0,267,55869,14.069235056400384,
221,rot180,geometry,0,267,55869,14.069235056400384,
221,rot90_ccw_py,geometry,0,267,55869,14.069235056400384,
221,rot90_cw_py,geometry,0,267,55869,14.069235056400384,
221,transpose,geometry,0,267,55869,14.069235056400384,
97,flip_lr,geometry,0,267,55812,14.070255820987903,
97,flip_ud,geometry,0,267,55812,14.070255820987903,
97,identity,geometry,0,267,55812,14.070255820987903,
97,rot180,geometry,0,267,55812,14.070255820987903,
97,rot90_ccw_py,geometry,0,267,55812,14.070255820987903,
97,rot90_cw_py,geometry,0,267,55812,14.070255820987903,
97,transpose,geometry,0,267,55812,14.070255820987903,
197,flip_lr,geometry,0,267,50688,14.166555524825903,
197,flip_ud,geometry,0,267,50688,14.166555524825903,
197,identity,geometry,0,267,50688,14.166555524825903,
197,rot180,geometry,0,267,50688,14.166555524825903,
197,rot90_ccw_py,geometry,0,267,50688,14.166555524825903,
197,rot90_cw_py,geometry,0,267,50688,14.166555524825903,
197,transpose,geometry,0,267,50688,14.166555524825903,
89,flip_lr,geometry,0,267,49703,14.186179427563964,
89,flip_ud,geometry,0,267,49703,14.186179427563964,
89,identity,geometry,0,267,49703,14.186179427563964,
89,rot180,geometry,0,267,49703,14.186179427563964,
89,rot90_ccw_py,geometry,0,267,49703,14.186179427563964,
89,rot90_cw_py,geometry,0,267,49703,14.186179427563964,
89,transpose,geometry,0,267,49703,14.186179427563964,
349,flip_lr,geometry,0,267,49480,14.190676173493577,
349,flip_ud,geometry,0,267,49480,14.190676173493577,
349,identity,geometry,0,267,49480,14.190676173493577,
349,rot180,geometry,0,267,49480,14.190676173493577,
349,rot90_ccw_py,geometry,0,267,49480,14.190676173493577,
349,rot90_cw_py,geometry,0,267,49480,14.190676173493577,
349,transpose,geometry,0,267,49480,14.190676173493577,
182,flip_lr,geometry,0,267,47624,14.228907885166773,
182,flip_ud,geometry,0,267,47624,14.228907885166773,
182,identity,geometry,0,267,47624,14.228907885166773,
182,rot180,geometry,0,267,47624,14.228907885166773,
182,rot90_ccw_py,geometry,0,267,47624,14.228907885166773,
182,rot90_cw_py,geometry,0,267,47624,14.228907885166773,
182,transpose,geometry,0,267,47624,14.228907885166773,
338,flip_lr,geometry,0,267,45016,14.285226738886886,
338,flip_ud,geometry,0,267,45016,14.285226738886886,
338,identity,geometry,0,267,45016,14.285226738886886,
338,rot180,geometry,0,267,45016,14.285226738886886,
338,rot90_ccw_py,geometry,0,267,45016,14.285226738886886,
338,rot90_cw_py,geometry,0,267,45016,14.285226738886886,
338,transpose,geometry,0,267,45016,14.285226738886886,
378,flip_lr,geometry,0,267,39008,14.428477967719003,
378,flip_ud,geometry,0,267,39008,14.428477967719003,
378,identity,geometry,0,267,39008,14.428477967719003,
378,rot180,geometry,0,267,39008,14.428477967719003,
378,rot90_ccw_py,geometry,0,267,39008,14.428477967719003,
378,rot90_cw_py,geometry,0,267,39008,14.428477967719003,
378,transpose,geometry,0,267,39008,14.428477967719003,
46,flip_lr,geometry,0,267,33426,14.58291068075113,
46,flip_ud,geometry,0,267,33426,14.58291068075113,
46,identity,geometry,0,267,33426,14.58291068075113,
46,rot180,geometry,0,267,33426,14.58291068075113,
46,rot90_ccw_py,geometry,0,267,33426,14.58291068075113,
46,rot90_cw_py,geometry,0,267,33426,14.58291068075113,
46,transpose,geometry,0,267,33426,14.58291068075113,
288,flip_lr,geometry,0,267,31807,14.632558329669694,
288,flip_ud,geometry,0,267,31807,14.632558329669694,
288,identity,geometry,0,267,31807,14.632558329669694,
288,rot180,geometry,0,267,31807,14.632558329669694,
288,rot90_ccw_py,geometry,0,267,31807,14.632558329669694,
288,rot90_cw_py,geometry,0,267,31807,14.632558329669694,
288,transpose,geometry,0,267,31807,14.632558329669694,
62,flip_lr,geometry,0,267,30609,14.670950637656585,
62,flip_ud,geometry,0,267,30609,14.670950637656585,
62,identity,geometry,0,267,30609,14.670950637656585,
62,rot180,geometry,0,267,30609,14.670950637656585,
62,rot90_ccw_py,geometry,0,267,30609,14.670950637656585,
62,rot90_cw_py,geometry,0,267,30609,14.670950637656585,
62,transpose,geometry,0,267,30609,14.670950637656585,
132,flip_lr,geometry,0,267,29458,14.709279200950512,
132,flip_ud,geometry,0,267,29458,14.709279200950512,
132,identity,geometry,0,267,29458,14.709279200950512,
132,rot180,geometry,0,267,29458,14.709279200950512,
132,rot90_ccw_py,geometry,0,267,29458,14.709279200950512,
132,rot90_cw_py,geometry,0,267,29458,14.709279200950512,
132,transpose,geometry,0,267,29458,14.709279200950512,
245,flip_lr,geometry,0,267,29015,14.724431783375291,
245,flip_ud,geometry,0,267,29015,14.724431783375291,
245,identity,geometry,0,267,29015,14.724431783375291,
245,rot180,geometry,0,267,29015,14.724431783375291,
245,rot90_ccw_py,geometry,0,267,29015,14.724431783375291,
245,rot90_cw_py,geometry,0,267,29015,14.724431783375291,
245,transpose,geometry,0,267,29015,14.724431783375291,
271,flip_lr,geometry,0,267,28991,14.725259284025897,
271,flip_ud,geometry,0,267,28991,14.725259284025897,
271,identity,geometry,0,267,28991,14.725259284025897,
271,rot180,geometry,0,267,28991,14.725259284025897,
271,rot90_ccw_py,geometry,0,267,28991,14.725259284025897,
271,rot90_cw_py,geometry,0,267,28991,14.725259284025897,
271,transpose,geometry,0,267,28991,14.725259284025897,
293,flip_lr,geometry,0,267,24771,14.882571106914462,
293,flip_ud,geometry,0,267,24771,14.882571106914462,
293,identity,geometry,0,267,24771,14.882571106914462,
293,rot180,geometry,0,267,24771,14.882571106914462,
293,rot90_ccw_py,geometry,0,267,24771,14.882571106914462,
293,rot90_cw_py,geometry,0,267,24771,14.882571106914462,
293,transpose,geometry,0,267,24771,14.882571106914462,
163,flip_lr,geometry,0,267,24085,14.910655480935679,
163,flip_ud,geometry,0,267,24085,14.910655480935679,
163,identity,geometry,0,267,24085,14.910655480935679,
163,rot180,geometry,0,267,24085,14.910655480935679,
163,rot90_ccw_py,geometry,0,267,24085,14.910655480935679,
163,rot90_cw_py,geometry,0,267,24085,14.910655480935679,
163,transpose,geometry,0,267,24085,14.910655480935679,
287,flip_lr,geometry,0,267,22566,14.975800372301608,
287,flip_ud,geometry,0,267,22566,14.975800372301608,
287,identity,geometry,0,267,22566,14.975800372301608,
287,rot180,geometry,0,267,22566,14.975800372301608,
287,rot90_ccw_py,geometry,0,267,22566,14.975800372301608,
287,rot90_cw_py,geometry,0,267,22566,14.975800372301608,
287,transpose,geometry,0,267,22566,14.975800372301608,
74,flip_lr,geometry,0,267,21825,15.009188619292196,
74,flip_ud,geometry,0,267,21825,15.009188619292196,
74,identity,geometry,0,267,21825,15.009188619292196,
74,rot180,geometry,0,267,21825,15.009188619292196,
74,rot90_ccw_py,geometry,0,267,21825,15.009188619292196,
74,rot90_cw_py,geometry,0,267,21825,15.009188619292196,
74,transpose,geometry,0,267,21825,15.009188619292196,
350,flip_lr,geometry,0,267,19831,15.10499835111417,
350,flip_ud,geometry,0,267,19831,15.10499835111417,
350,identity,geometry,0,267,19831,15.10499835111417,
350,rot180,geometry,0,267,19831,15.10499835111417,
350,rot90_ccw_py,geometry,0,267,19831,15.10499835111417,
350,rot90_cw_py,geometry,0,267,19831,15.10499835111417,
350,transpose,geometry,0,267,19831,15.10499835111417,
61,flip_lr,geometry,0,267,18914,15.152342332424542,
61,flip_ud,geometry,0,267,18914,15.152342332424542,
61,identity,geometry,0,267,18914,15.152342332424542,
61,rot180,geometry,0,267,18914,15.152342332424542,
61,rot90_ccw_py,geometry,0,267,18914,15.152342332424542,
61,rot90_cw_py,geometry,0,267,18914,15.152342332424542,
61,transpose,geometry,0,267,18914,15.152342332424542,
319,flip_lr,geometry,0,267,18368,15.181634700880707,
319,flip_ud,geometry,0,267,18368,15.181634700880707,
319,identity,geometry,0,267,18368,15.181634700880707,
319,rot180,geometry,0,267,18368,15.181634700880707,
319,rot90_ccw_py,geometry,0,267,18368,15.181634700880707,
319,rot90_cw_py,geometry,0,267,18368,15.181634700880707,
319,transpose,geometry,0,267,18368,15.181634700880707,
374,flip_lr,geometry,0,267,15742,15.335912421297605,
374,flip_ud,geometry,0,267,15742,15.335912421297605,
374,identity,geometry,0,267,15742,15.335912421297605,
374,rot180,geometry,0,267,15742,15.335912421297605,
374,rot90_ccw_py,geometry,0,267,15742,15.335912421297605,
374,rot90_cw_py,geometry,0,267,15742,15.335912421297605,
374,transpose,geometry,0,267,15742,15.335912421297605,
298,flip_lr,geometry,0,267,14948,15.387667209394625,
298,flip_ud,geometry,0,267,14948,15.387667209394625,
298,identity,geometry,0,267,14948,15.387667209394625,
298,rot180,geometry,0,267,14948,15.387667209394625,
298,rot90_ccw_py,geometry,0,267,14948,15.387667209394625,
298,rot90_cw_py,geometry,0,267,14948,15.387667209394625,
298,transpose,geometry,0,267,14948,15.387667209394625,
102,flip_lr,geometry,0,267,12607,15.55799250576873,
102,flip_ud,geometry,0,267,12607,15.55799250576873,
102,rot180,geometry,0,267,12607,15.55799250576873,
102,rot90_ccw_py,geometry,0,267,12607,15.55799250576873,
102,rot90_cw_py,geometry,0,267,12607,15.55799250576873,
102,transpose,geometry,0,267,12607,15.55799250576873,
362,flip_lr,geometry,0,267,11939,15.612434368654611,
362,flip_ud,geometry,0,267,11939,15.612434368654611,
362,identity,geometry,0,267,11939,15.612434368654611,
362,rot180,geometry,0,267,11939,15.612434368654611,
362,rot90_ccw_py,geometry,0,267,11939,15.612434368654611,
362,rot90_cw_py,geometry,0,267,11939,15.612434368654611,
362,transpose,geometry,0,267,11939,15.612434368654611,
355,flip_lr,geometry,0,267,11795,15.624569008158225,
355,flip_ud,geometry,0,267,11795,15.624569008158225,
355,identity,geometry,0,267,11795,15.624569008158225,
355,rot180,geometry,0,267,11795,15.624569008158225,
355,rot90_ccw_py,geometry,0,267,11795,15.624569008158225,
355,rot90_cw_py,geometry,0,267,11795,15.624569008158225,
355,transpose,geometry,0,267,11795,15.624569008158225,
124,flip_lr,geometry,0,267,11673,15.634966238347337,
124,flip_ud,geometry,0,267,11673,15.634966238347337,
124,identity,geometry,0,267,11673,15.634966238347337,
124,rot180,geometry,0,267,11673,15.634966238347337,
124,rot90_ccw_py,geometry,0,267,11673,15.634966238347337,
124,rot90_cw_py,geometry,0,267,11673,15.634966238347337,
124,transpose,geometry,0,267,11673,15.634966238347337,
391,flip_lr,geometry,0,267,10021,15.787561829941671,
391,flip_ud,geometry,0,267,10021,15.787561829941671,
391,identity,geometry,0,267,10021,15.787561829941671,
391,rot180,geometry,0,267,10021,15.787561829941671,
391,rot90_ccw_py,geometry,0,267,10021,15.787561829941671,
391,rot90_cw_py,geometry,0,267,10021,15.787561829941671,
391,transpose,geometry,0,267,10021,15.787561829941671,
346,flip_lr,geometry,0,267,9178,15.875435405045222,
346,flip_ud,geometry,0,267,9178,15.875435405045222,
346,identity,geometry,0,267,9178,15.875435405045222,
346,rot180,geometry,0,267,9178,15.875435405045222,
346,rot90_ccw_py,geometry,0,267,9178,15.875435405045222,
346,rot90_cw_py,geometry,0,267,9178,15.875435405045222,
346,transpose,geometry,0,267,9178,15.875435405045222,
332,flip_lr,geometry,0,267,8990,15.896131872534333,
332,flip_ud,geometry,0,267,8990,15.896131872534333,
332,identity,geometry,0,267,8990,15.896131872534333,
332,rot180,geometry,0,267,8990,15.896131872534333,
332,rot90_ccw_py,geometry,0,267,8990,15.896131872534333,
332,rot90_cw_py,geometry,0,267,8990,15.896131872534333,
332,transpose,geometry,0,267,8990,15.896131872534333,
263,flip_lr,geometry,0,267,8054,16.006075858588602,
263,flip_ud,geometry,0,267,8054,16.006075858588602,
263,identity,geometry,0,267,8054,16.006075858588602,
263,rot180,geometry,0,267,8054,16.006075858588602,
263,rot90_ccw_py,geometry,0,267,8054,16.006075858588602,
263,rot90_cw_py,geometry,0,267,8054,16.006075858588602,
263,transpose,geometry,0,267,8054,16.006075858588602,
321,flip_lr,geometry,0,267,5511,16.385498626116764,
321,flip_ud,geometry,0,267,5511,16.385498626116764,
321,identity,geometry,0,267,5511,16.385498626116764,
321,rot180,geometry,0,267,5511,16.385498626116764,
321,rot90_ccw_py,geometry,0,267,5511,16.385498626116764,
321,rot90_cw_py,geometry,0,267,5511,16.385498626116764,
321,transpose,geometry,0,267,5511,16.385498626116764,
227,flip_lr,geometry,0,267,2927,17.018266713308115,
227,flip_ud,geometry,0,267,2927,17.018266713308115,
227,identity,geometry,0,267,2927,17.018266713308115,
227,rot180,geometry,0,267,2927,17.018266713308115,
227,rot90_ccw_py,geometry,0,267,2927,17.018266713308115,
227,rot90_cw_py,geometry,0,267,2927,17.018266713308115,
227,transpose,geometry,0,267,2927,17.018266713308115,
146,flip_lr,geometry,0,267,2256,17.27865138738205,
146,flip_ud,geometry,0,267,2256,17.27865138738205,
146,identity,geometry,0,267,2256,17.27865138738205,
146,rot180,geometry,0,267,2256,17.27865138738205,
146,rot90_ccw_py,geometry,0,267,2256,17.27865138738205,
146,rot90_cw_py,geometry,0,267,2256,17.27865138738205,
146,transpose,geometry,0,267,2256,17.27865138738205,
152,flip_lr,geometry,0,267,1800,17.504458056115745,
152,flip_ud,geometry,0,267,1800,17.504458056115745,
152,identity,geometry,0,267,1800,17.504458056115745,
152,rot180,geometry,0,267,1800,17.504458056115745,
152,rot90_ccw_py,geometry,0,267,1800,17.504458056115745,
152,rot90_cw_py,geometry,0,267,1800,17.504458056115745,
152,transpose,geometry,0,267,1800,17.504458056115745,
229,flip_lr,geometry,0,267,1409,17.74936448810132,
229,flip_ud,geometry,0,267,1409,17.74936448810132,
229,identity,geometry,0,267,1409,17.74936448810132,
229,rot180,geometry,0,267,1409,17.74936448810132,
229,rot90_ccw_py,geometry,0,267,1409,17.74936448810132,
229,rot90_cw_py,geometry,0,267,1409,17.74936448810132,
229,transpose,geometry,0,267,1409,17.74936448810132,
52,flip_lr,geometry,0,267,1228,17.886857891292912,
52,flip_ud,geometry,0,267,1228,17.886857891292912,
52,identity,geometry,0,267,1228,17.886857891292912,
52,rot180,geometry,0,267,1228,17.886857891292912,
52,rot90_ccw_py,geometry,0,267,1228,17.886857891292912,
52,rot90_cw_py,geometry,0,267,1228,17.886857891292912,
52,transpose,geometry,0,267,1228,17.886857891292912,
147,flip_lr,geometry,0,267,910,18.186555400489105,
147,flip_ud,geometry,0,267,910,18.186555400489105,
147,identity,geometry,0,267,910,18.186555400489105,
147,rot180,geometry,0,267,910,18.186555400489105,
147,rot90_ccw_py,geometry,0,267,910,18.186555400489105,
147,rot90_cw_py,geometry,0,267,910,18.186555400489105,
147,transpose,geometry,0,267,910,18.186555400489105,
272,flip_lr,geometry,0,267,910,18.186555400489105,
272,flip_ud,geometry,0,267,910,18.186555400489105,
272,identity,geometry,0,267,910,18.186555400489105,
272,rot180,geometry,0,267,910,18.186555400489105,
272,rot90_ccw_py,geometry,0,267,910,18.186555400489105,
272,rot90_cw_py,geometry,0,267,910,18.186555400489105,
272,transpose,geometry,0,267,910,18.186555400489105,
127,flip_lr,geometry,0,267,900,18.197605236675688,
127,flip_ud,geometry,0,267,900,18.197605236675688,
127,identity,geometry,0,267,900,18.197605236675688,
127,rot180,geometry,0,267,900,18.197605236675688,
127,rot90_ccw_py,geometry,0,267,900,18.197605236675688,
127,rot90_cw_py,geometry,0,267,900,18.197605236675688,
127,transpose,geometry,0,267,900,18.197605236675688,
220,flip_lr,geometry,0,267,900,18.197605236675688,
220,flip_ud,geometry,0,267,900,18.197605236675688,
220,identity,geometry,0,267,900,18.197605236675688,
220,rot180,geometry,0,267,900,18.197605236675688,
220,rot90_ccw_py,geometry,0,267,900,18.197605236675688,
220,rot90_cw_py,geometry,0,267,900,18.197605236675688,
220,transpose,geometry,0,267,900,18.197605236675688,
144,flip_lr,geometry,0,267,786,18.333043207570793,
144,flip_ud,geometry,0,267,786,18.333043207570793,
144,identity,geometry,0,267,786,18.333043207570793,
144,rot180,geometry,0,267,786,18.333043207570793,
144,rot90_ccw_py,geometry,0,267,786,18.333043207570793,
144,rot90_cw_py,geometry,0,267,786,18.333043207570793,
144,transpose,geometry,0,267,786,18.333043207570793,
318,flip_lr,geometry,0,267,739,18.394702079051797,
318,flip_ud,geometry,0,267,739,18.394702079051797,
318,identity,geometry,0,267,739,18.394702079051797,
318,rot180,geometry,0,267,739,18.394702079051797,
318,rot90_ccw_py,geometry,0,267,739,18.394702079051797,
318,rot90_cw_py,geometry,0,267,739,18.394702079051797,
318,transpose,geometry,0,267,739,18.394702079051797,
380,identity,geometry,0,267,728,18.409698951803314,
380,rot180,geometry,0,267,728,18.409698951803314,
236,flip_lr,geometry,0,267,643,18.53385527576238,
236,flip_ud,geometry,0,267,643,18.53385527576238,
236,identity,geometry,0,267,643,18.53385527576238,
236,rot180,geometry,0,267,643,18.53385527576238,
236,rot90_ccw_py,geometry,0,267,643,18.53385527576238,
236,rot90_cw_py,geometry,0,267,643,18.53385527576238,
236,transpose,geometry,0,267,643,18.53385527576238,
149,flip_lr,geometry,0,267,437,18.92006680490441,
149,flip_ud,geometry,0,267,437,18.92006680490441,
149,identity,geometry,0,267,437,18.92006680490441,
149,rot180,geometry,0,267,437,18.92006680490441,
149,rot90_ccw_py,geometry,0,267,437,18.92006680490441,
149,rot90_cw_py,geometry,0,267,437,18.92006680490441,
149,transpose,geometry,0,267,437,18.92006680490441,
186,flip_lr,geometry,0,267,364,19.10284613236326,
186,flip_ud,geometry,0,267,364,19.10284613236326,
186,identity,geometry,0,267,364,19.10284613236326,
186,rot180,geometry,0,267,364,19.10284613236326,
186,rot90_ccw_py,geometry,0,267,364,19.10284613236326,
186,rot90_cw_py,geometry,0,267,364,19.10284613236326,
186,transpose,geometry,0,267,364,19.10284613236326,
116,flip_lr,geometry,0,267,30,21.598802618337846,
116,flip_ud,geometry,0,267,30,21.598802618337846,
116,identity,geometry,0,267,30,21.598802618337846,
116,rot180,geometry,0,267,30,21.598802618337846,
116,rot90_ccw_py,geometry,0,267,30,21.598802618337846,
116,rot90_cw_py,geometry,0,267,30,21.598802618337846,
116,transpose,geometry,0,267,30,21.598802618337846,
164,flip_lr,geometry,0,267,30,21.598802618337846,
164,flip_ud,geometry,0,267,30,21.598802618337846,
164,identity,geometry,0,267,30,21.598802618337846,
164,rot180,geometry,0,267,30,21.598802618337846,
164,rot90_ccw_py,geometry,0,267,30,21.598802618337846,
164,rot90_cw_py,geometry,0,267,30,21.598802618337846,
164,transpose,geometry,0,267,30,21.598802618337846,
172,flip_lr,geometry,0,267,30,21.598802618337846,
172,flip_ud,geometry,0,267,30,21.598802618337846,
172,identity,geometry,0,267,30,21.598802618337846,
172,rot180,geometry,0,267,30,21.598802618337846,
172,rot90_ccw_py,geometry,0,267,30,21.598802618337846,
172,rot90_cw_py,geometry,0,267,30,21.598802618337846,
172,transpose,geometry,0,267,30,21.598802618337846,
16,flip_lr,geometry,0,267,10,22.697414907005953,
16,flip_ud,geometry,0,267,10,22.697414907005953,
16,identity,geometry,0,267,10,22.697414907005953,
16,rot180,geometry,0,267,10,22.697414907005953,
16,rot90_ccw_py,geometry,0,267,10,22.697414907005953,
16,rot90_cw_py,geometry,0,267,10,22.697414907005953,
16,transpose,geometry,0,267,10,22.697414907005953,
179,flip_lr,geometry,0,267,0,25.0,
179,flip_ud,geometry,0,267,0,25.0,
179,identity,geometry,0,267,0,25.0,
204,flip_lr,geometry,0,268,92242,13.567829162724907,
204,flip_ud,geometry,0,268,92242,13.567829162724907,
204,identity,geometry,0,268,92242,13.567829162724907,
204,rot180,geometry,0,268,92242,13.567829162724907,
204,rot90_ccw_py,geometry,0,268,92242,13.567829162724907,
204,rot90_cw_py,geometry,0,268,92242,13.567829162724907,
204,transpose,geometry,0,268,92242,13.567829162724907,
2,flip_lr,geometry,0,268,84626,13.654003173016246,
2,flip_ud,geometry,0,268,84626,13.654003173016246,
2,identity,geometry,0,268,84626,13.654003173016246,
2,rot180,geometry,0,268,84626,13.654003173016246,
2,rot90_ccw_py,geometry,0,268,84626,13.654003173016246,
2,rot90_cw_py,geometry,0,268,84626,13.654003173016246,
2,transpose,geometry,0,268,84626,13.654003173016246,
398,flip_lr,geometry,0,268,84295,13.657922169750098,
398,flip_ud,geometry,0,268,84295,13.657922169750098,
398,identity,geometry,0,268,84295,13.657922169750098,
398,rot180,geometry,0,268,84295,13.657922169750098,
398,rot90_ccw_py,geometry,0,268,84295,13.657922169750098,
398,rot90_cw_py,geometry,0,268,84295,13.657922169750098,
398,transpose,geometry,0,268,84295,13.657922169750098,
49,flip_lr,geometry,0,268,30489,14.674878758194124,
49,flip_ud,geometry,0,268,30489,14.674878758194124,
49,identity,geometry,0,268,30489,14.674878758194124,
49,rot180,geometry,0,268,30489,14.674878758194124,
49,rot90_ccw_py,geometry,0,268,30489,14.674878758194124,
49,rot90_cw_py,geometry,0,268,30489,14.674878758194124,
49,transpose,geometry,0,268,30489,14.674878758194124,
178,flip_lr,geometry,0,268,29331,14.713599743826219,
178,flip_ud,geometry,0,268,29331,14.713599743826219,
178,identity,geometry,0,268,29331,14.713599743826219,
178,rot180,geometry,0,268,29331,14.713599743826219,
178,rot90_ccw_py,geometry,0,268,29331,14.713599743826219,
178,rot90_cw_py,geometry,0,268,29331,14.713599743826219,
178,transpose,geometry,0,268,29331,14.713599743826219,
289,flip_lr,geometry,0,268,24972,14.874489523818365,
289,flip_ud,geometry,0,268,24972,14.874489523818365,
289,identity,geometry,0,268,24972,14.874489523818365,
289,rot180,geometry,0,268,24972,14.874489523818365,
289,rot90_ccw_py,geometry,0,268,24972,14.874489523818365,
289,rot90_cw_py,geometry,0,268,24972,14.874489523818365,
289,transpose,geometry,0,268,24972,14.874489523818365,
295,flip_lr,geometry,0,268,12190,15.591628777524683,
295,flip_ud,geometry,0,268,12190,15.591628777524683,
295,identity,geometry,0,268,12190,15.591628777524683,
295,rot180,geometry,0,268,12190,15.591628777524683,
295,rot90_ccw_py,geometry,0,268,12190,15.591628777524683,
295,rot90_cw_py,geometry,0,268,12190,15.591628777524683,
295,transpose,geometry,0,268,12190,15.591628777524683,
180,flip_lr,geometry,0,268,7450,16.084030688626395,
180,flip_ud,geometry,0,268,7450,16.084030688626395,
180,identity,geometry,0,268,7450,16.084030688626395,
180,rot180,geometry,0,268,7450,16.084030688626395,
180,rot90_ccw_py,geometry,0,268,7450,16.084030688626395,
180,rot90_cw_py,geometry,0,268,7450,16.084030688626395,
180,transpose,geometry,0,268,7450,16.084030688626395,
296,flip_lr,geometry,0,268,4115,16.67760588688883,
296,flip_ud,geometry,0,268,4115,16.67760588688883,
296,identity,geometry,0,268,4115,16.67760588688883,
296,rot180,geometry,0,268,4115,16.67760588688883,
296,rot90_ccw_py,geometry,0,268,4115,16.67760588688883,
296,rot90_cw_py,geometry,0,268,4115,16.67760588688883,
296,transpose,geometry,0,268,4115,16.67760588688883,
1,flip_lr,geometry,0,268,2843,17.047384888349,
1,flip_ud,geometry,0,268,2843,17.047384888349,
1,identity,geometry,0,268,2843,17.047384888349,
1,rot180,geometry,0,268,2843,17.047384888349,
1,rot90_ccw_py,geometry,0,268,2843,17.047384888349,
1,rot90_cw_py,geometry,0,268,2843,17.047384888349,
1,transpose,geometry,0,268,2843,17.047384888349,
386,flip_lr,geometry,0,268,2183,17.311544643450056,
386,flip_ud,geometry,0,268,2183,17.311544643450056,
386,identity,geometry,0,268,2183,17.311544643450056,
386,rot180,geometry,0,268,2183,17.311544643450056,
386,rot90_ccw_py,geometry,0,268,2183,17.311544643450056,
386,rot90_cw_py,geometry,0,268,2183,17.311544643450056,
386,transpose,geometry,0,268,2183,17.311544643450056,
395,flip_lr,geometry,0,268,1667,17.581219117249205,
395,flip_ud,geometry,0,268,1667,17.581219117249205,
395,identity,geometry,0,268,1667,17.581219117249205,
395,rot180,geometry,0,268,1667,17.581219117249205,
395,rot90_ccw_py,geometry,0,268,1667,17.581219117249205,
395,rot90_cw_py,geometry,0,268,1667,17.581219117249205,
395,transpose,geometry,0,268,1667,17.581219117249205,
72,flip_lr,geometry,0,268,1309,17.8229812340901,
72,flip_ud,geometry,0,268,1309,17.8229812340901,
72,identity,geometry,0,268,1309,17.8229812340901,
72,rot180,geometry,0,268,1309,17.8229812340901,
72,rot90_ccw_py,geometry,0,268,1309,17.8229812340901,
72,rot90_cw_py,geometry,0,268,1309,17.8229812340901,
72,transpose,geometry,0,268,1309,17.8229812340901,
26,flip_lr,geometry,0,268,738,18.39605617539953,
26,flip_ud,geometry,0,268,738,18.39605617539953,
26,identity,geometry,0,268,738,18.39605617539953,
26,rot180,geometry,0,268,738,18.39605617539953,
26,rot90_ccw_py,geometry,0,268,738,18.39605617539953,
26,rot90_cw_py,geometry,0,268,738,18.39605617539953,
26,transpose,geometry,0,268,738,18.39605617539953,
167,flip_lr,geometry,0,268,685,18.470581161737776,
167,flip_ud,geometry,0,268,685,18.470581161737776,
167,identity,geometry,0,268,685,18.470581161737776,
167,rot180,geometry,0,268,685,18.470581161737776,
167,rot90_ccw_py,geometry,0,268,685,18.470581161737776,
167,rot90_cw_py,geometry,0,268,685,18.470581161737776,
167,transpose,geometry,0,268,685,18.470581161737776,
247,flip_lr,geometry,0,269,22031,14.999794168587435,
247,flip_ud,geometry,0,269,22031,14.999794168587435,
247,identity,geometry,0,269,22031,14.999794168587435,
247,rot180,geometry,0,269,22031,14.999794168587435,
247,rot90_ccw_py,geometry,0,269,22031,14.999794168587435,
247,rot90_cw_py,geometry,0,269,22031,14.999794168587435,
247,transpose,geometry,0,269,22031,14.999794168587435,
50,flip_ud,geometry,2,269,9475,15.843587970049374,
50,rot180,geometry,2,269,9475,15.843587970049374,
274,flip_lr,geometry,0,269,8581,15.942694264192879,
274,flip_ud,geometry,0,269,8581,15.942694264192879,
274,identity,geometry,0,269,8581,15.942694264192879,
274,rot180,geometry,0,269,8581,15.942694264192879,
274,rot90_ccw_py,geometry,0,269,8581,15.942694264192879,
274,rot90_cw_py,geometry,0,269,8581,15.942694264192879,
274,transpose,geometry,0,269,8581,15.942694264192879,
347,flip_lr,geometry,0,269,1607,17.61787563426249,
347,flip_ud,geometry,0,269,1607,17.61787563426249,
347,identity,geometry,0,269,1607,17.61787563426249,
347,rot180,geometry,0,269,1607,17.61787563426249,
347,rot90_ccw_py,geometry,0,269,1607,17.61787563426249,
347,rot90_cw_py,geometry,0,269,1607,17.61787563426249,
347,transpose,geometry,0,269,1607,17.61787563426249,
257,flip_lr,geometry,0,269,1077,18.01806532284361,
257,flip_ud,geometry,0,269,1077,18.01806532284361,
257,identity,geometry,0,269,1077,18.01806532284361,
257,rot180,geometry,0,269,1077,18.01806532284361,
257,rot90_ccw_py,geometry,0,269,1077,18.01806532284361,
257,rot90_cw_py,geometry,0,269,1077,18.01806532284361,
257,transpose,geometry,0,269,1077,18.01806532284361,
50,flip_lr,geometry,1,270,9475,15.843587970049374,
50,rot90_ccw_py,geometry,1,270,9475,15.843587970049374,
50,rot90_cw_py,geometry,1,270,9475,15.843587970049374,
50,transpose,geometry,1,270,9475,15.843587970049374,
48,flip_lr,geometry,0,270,5609,16.367872270491663,
48,flip_ud,geometry,0,270,5609,16.367872270491663,
48,identity,geometry,0,270,5609,16.367872270491663,
48,rot180,geometry,0,270,5609,16.367872270491663,
48,rot90_ccw_py,geometry,0,270,5609,16.367872270491663,
48,rot90_cw_py,geometry,0,270,5609,16.367872270491663,
48,transpose,geometry,0,270,5609,16.367872270491663,
353,flip_lr,geometry,0,271,5411,16.403810802357263,
353,flip_ud,geometry,0,271,5411,16.403810802357263,
353,identity,geometry,0,271,5411,16.403810802357263,
353,rot180,geometry,0,271,5411,16.403810802357263,
353,rot90_ccw_py,geometry,0,271,5411,16.403810802357263,
353,rot90_cw_py,geometry,0,271,5411,16.403810802357263,
353,transpose,geometry,0,271,5411,16.403810802357263,
334,flip_lr,geometry,0,271,609,18.588181732290103,
334,flip_ud,geometry,0,271,609,18.588181732290103,
334,identity,geometry,0,271,609,18.588181732290103,
334,rot180,geometry,0,271,609,18.588181732290103,
334,rot90_ccw_py,geometry,0,271,609,18.588181732290103,
334,rot90_cw_py,geometry,0,271,609,18.588181732290103,
334,transpose,geometry,0,271,609,18.588181732290103,
399,flip_lr,geometry,0,273,1839,17.48302277539568,
399,flip_ud,geometry,0,273,1839,17.48302277539568,
399,identity,geometry,0,273,1839,17.48302277539568,
399,rot180,geometry,0,273,1839,17.48302277539568,
399,rot90_ccw_py,geometry,0,273,1839,17.48302277539568,
399,rot90_cw_py,geometry,0,273,1839,17.48302277539568,
399,transpose,geometry,0,273,1839,17.48302277539568,
