task_id,route,baseline_cost,node_index,node_name,op_type,input_count,output_count,profile_hits,is_target_op
286,sparse_edit_or_object_completion,110902,0,safe_name_7,Reshape,2,1,1,False
286,sparse_edit_or_object_completion,110902,1,safe_name_8,Gather,2,1,1,True
286,sparse_edit_or_object_completion,110902,2,safe_name_9,Sub,2,1,1,False
286,sparse_edit_or_object_completion,110902,3,safe_name_10,Mul,2,1,1,False
286,sparse_edit_or_object_completion,110902,4,safe_name_11,ReduceSum,1,1,1,False
286,sparse_edit_or_object_completion,110902,5,safe_name_12,Less,2,1,1,False
286,sparse_edit_or_object_completion,110902,6,safe_name_13,Cast,1,1,1,False
286,sparse_edit_or_object_completion,110902,7,safe_name_14,Unsqueeze,1,1,1,False
286,sparse_edit_or_object_completion,110902,8,safe_name_15,MatMul,2,1,1,True
286,sparse_edit_or_object_completion,110902,9,safe_name_16,Cast,1,1,1,False
286,sparse_edit_or_object_completion,110902,10,safe_name_17,MatMul,2,1,1,True
286,sparse_edit_or_object_completion,110902,11,safe_name_18,ScatterElements,3,1,1,True
286,sparse_edit_or_object_completion,110902,12,output,Reshape,2,1,1,False
187,same_shape_global_transform,105313,0,safe_name_14,Cast,1,1,1,False
187,same_shape_global_transform,105313,1,safe_name_15,Gather,2,1,1,True
187,same_shape_global_transform,105313,2,safe_name_16,Greater,2,1,1,False
187,same_shape_global_transform,105313,3,safe_name_17,ReduceSum,1,1,1,False
187,same_shape_global_transform,105313,4,safe_name_18,LessOrEqual,2,1,0,False
187,same_shape_global_transform,105313,5,safe_name_19,Cast,1,1,1,False
187,same_shape_global_transform,105313,6,safe_name_20,MaxPool,1,1,1,True
187,same_shape_global_transform,105313,7,safe_name_21,Greater,2,1,1,False
187,same_shape_global_transform,105313,8,safe_name_22,Or,2,1,1,False
187,same_shape_global_transform,105313,9,safe_name_23,And,2,1,1,False
187,same_shape_global_transform,105313,10,safe_name_24,Cast,1,1,1,False
187,same_shape_global_transform,105313,11,safe_name_25,MaxPool,1,1,1,True
187,same_shape_global_transform,105313,12,safe_name_26,Greater,2,1,1,False
187,same_shape_global_transform,105313,13,safe_name_27,And,2,1,1,False
187,same_shape_global_transform,105313,14,safe_name_28,Cast,1,1,1,False
187,same_shape_global_transform,105313,15,safe_name_29,MaxPool,1,1,1,True
187,same_shape_global_transform,105313,16,safe_name_30,Greater,2,1,1,False
187,same_shape_global_transform,105313,17,safe_name_31,And,2,1,1,False
187,same_shape_global_transform,105313,18,safe_name_32,Cast,1,1,1,False
187,same_shape_global_transform,105313,19,safe_name_33,MaxPool,1,1,1,True
187,same_shape_global_transform,105313,20,safe_name_34,Greater,2,1,1,False
187,same_shape_global_transform,105313,21,safe_name_35,And,2,1,1,False
187,same_shape_global_transform,105313,22,safe_name_36,Cast,1,1,1,False
187,same_shape_global_transform,105313,23,safe_name_37,MaxPool,1,1,1,True
187,same_shape_global_transform,105313,24,safe_name_38,Greater,2,1,1,False
187,same_shape_global_transform,105313,25,safe_name_39,And,2,1,1,False
187,same_shape_global_transform,105313,26,safe_name_40,Cast,1,1,1,False
187,same_shape_global_transform,105313,27,safe_name_41,MaxPool,1,1,1,True
187,same_shape_global_transform,105313,28,safe_name_42,Greater,2,1,1,False
187,same_shape_global_transform,105313,29,safe_name_43,And,2,1,1,False
187,same_shape_global_transform,105313,30,safe_name_44,Cast,1,1,1,False
187,same_shape_global_transform,105313,31,safe_name_45,MaxPool,1,1,1,True
187,same_shape_global_transform,105313,32,safe_name_46,Greater,2,1,1,False
187,same_shape_global_transform,105313,33,safe_name_47,And,2,1,1,False
187,same_shape_global_transform,105313,34,safe_name_48,Cast,1,1,1,False
187,same_shape_global_transform,105313,35,safe_name_49,MaxPool,1,1,1,True
187,same_shape_global_transform,105313,36,safe_name_50,Greater,2,1,1,False
187,same_shape_global_transform,105313,37,safe_name_51,And,2,1,1,False
187,same_shape_global_transform,105313,38,safe_name_52,Cast,1,1,1,False
187,same_shape_global_transform,105313,39,safe_name_53,MaxPool,1,1,1,True
187,same_shape_global_transform,105313,40,safe_name_54,Greater,2,1,1,False
187,same_shape_global_transform,105313,41,safe_name_55,And,2,1,1,False
187,same_shape_global_transform,105313,42,safe_name_56,Cast,1,1,1,False
187,same_shape_global_transform,105313,43,safe_name_57,MaxPool,1,1,1,True
187,same_shape_global_transform,105313,44,safe_name_58,Greater,2,1,1,False
187,same_shape_global_transform,105313,45,safe_name_59,And,2,1,1,False
187,same_shape_global_transform,105313,46,safe_name_60,Cast,1,1,1,False
187,same_shape_global_transform,105313,47,safe_name_61,MaxPool,1,1,1,True
187,same_shape_global_transform,105313,48,safe_name_62,Greater,2,1,1,False
187,same_shape_global_transform,105313,49,safe_name_63,And,2,1,1,False
187,same_shape_global_transform,105313,50,safe_name_64,Cast,1,1,1,False
187,same_shape_global_transform,105313,51,safe_name_65,MaxPool,1,1,1,True
187,same_shape_global_transform,105313,52,safe_name_66,Greater,2,1,1,False
187,same_shape_global_transform,105313,53,safe_name_67,And,2,1,1,False
187,same_shape_global_transform,105313,54,safe_name_68,Cast,1,1,1,False
187,same_shape_global_transform,105313,55,safe_name_69,MaxPool,1,1,1,True
187,same_shape_global_transform,105313,56,safe_name_70,Greater,2,1,1,False
187,same_shape_global_transform,105313,57,safe_name_71,And,2,1,1,False
187,same_shape_global_transform,105313,58,safe_name_72,Cast,1,1,1,False
187,same_shape_global_transform,105313,59,safe_name_73,MaxPool,1,1,1,True
187,same_shape_global_transform,105313,60,safe_name_74,Greater,2,1,1,False
187,same_shape_global_transform,105313,61,safe_name_75,And,2,1,1,False
187,same_shape_global_transform,105313,62,safe_name_76,And,2,1,1,False
187,same_shape_global_transform,105313,63,safe_name_77,Not,1,1,1,False
187,same_shape_global_transform,105313,64,safe_name_78,And,2,1,1,False
187,same_shape_global_transform,105313,65,safe_name_79,And,2,1,1,False
187,same_shape_global_transform,105313,66,safe_name_80,Gather,2,1,1,True
187,same_shape_global_transform,105313,67,safe_name_81,Greater,2,1,1,False
187,same_shape_global_transform,105313,68,safe_name_82,Gather,2,1,1,True
187,same_shape_global_transform,105313,69,safe_name_83,Greater,2,1,1,False
187,same_shape_global_transform,105313,70,safe_name_84,Or,2,1,1,False
187,same_shape_global_transform,105313,71,safe_name_85,Gather,2,1,1,True
187,same_shape_global_transform,105313,72,safe_name_86,Greater,2,1,1,False
187,same_shape_global_transform,105313,73,safe_name_87,Or,2,1,1,False
187,same_shape_global_transform,105313,74,safe_name_88,Gather,2,1,1,True
187,same_shape_global_transform,105313,75,safe_name_89,Greater,2,1,1,False
187,same_shape_global_transform,105313,76,safe_name_90,Gather,2,1,1,True
187,same_shape_global_transform,105313,77,safe_name_91,Greater,2,1,1,False
187,same_shape_global_transform,105313,78,safe_name_92,Gather,2,1,1,True
187,same_shape_global_transform,105313,79,safe_name_93,Greater,2,1,1,False
187,same_shape_global_transform,105313,80,safe_name_94,Gather,2,1,1,True
187,same_shape_global_transform,105313,81,safe_name_95,Greater,2,1,1,False
187,same_shape_global_transform,105313,82,safe_name_96,Gather,2,1,1,True
187,same_shape_global_transform,105313,83,safe_name_97,Greater,2,1,1,False
187,same_shape_global_transform,105313,84,safe_name_98,Gather,2,1,1,True
187,same_shape_global_transform,105313,85,safe_name_99,Greater,2,1,1,False
187,same_shape_global_transform,105313,86,output,Concat,10,1,1,False
198,same_shape_global_transform,103821,0,safe_name_14,Cast,1,1,1,False
198,same_shape_global_transform,103821,1,safe_name_15,ReduceSum,1,1,1,False
198,same_shape_global_transform,103821,2,safe_name_16,Slice,5,1,1,True
198,same_shape_global_transform,103821,3,safe_name_17,ReduceSum,1,1,1,False
198,same_shape_global_transform,103821,4,safe_name_18,Sub,2,1,1,False
198,same_shape_global_transform,103821,5,safe_name_19,Mul,2,1,1,False
198,same_shape_global_transform,103821,6,safe_name_20,ReduceSum,1,1,1,False
198,same_shape_global_transform,103821,7,safe_name_21,ReduceSum,1,1,1,False
198,same_shape_global_transform,103821,8,safe_name_22,ReduceMax,1,1,1,False
198,same_shape_global_transform,103821,9,safe_name_23,ReduceMax,1,1,1,False
198,same_shape_global_transform,103821,10,safe_name_24,Mul,2,1,1,False
198,same_shape_global_transform,103821,11,safe_name_25,Mul,2,1,1,False
198,same_shape_global_transform,103821,12,safe_name_26,Greater,2,1,1,False
198,same_shape_global_transform,103821,13,safe_name_27,Cast,1,1,0,False
198,same_shape_global_transform,103821,14,safe_name_28,Greater,2,1,1,False
198,same_shape_global_transform,103821,15,safe_name_29,Cast,1,1,0,False
198,same_shape_global_transform,103821,16,safe_name_30,Sum,2,1,1,False
198,same_shape_global_transform,103821,17,safe_name_31,Mul,2,1,1,False
198,same_shape_global_transform,103821,18,safe_name_32,Mul,2,1,1,False
198,same_shape_global_transform,103821,19,safe_name_33,Sub,2,1,1,False
198,same_shape_global_transform,103821,20,safe_name_34,Mul,2,1,1,False
198,same_shape_global_transform,103821,21,safe_name_35,Mul,2,1,1,False
198,same_shape_global_transform,103821,22,safe_name_36,Sub,2,1,1,False
198,same_shape_global_transform,103821,23,safe_name_37,Mul,2,1,1,False
198,same_shape_global_transform,103821,24,safe_name_38,MaxPool,1,1,1,True
198,same_shape_global_transform,103821,25,safe_name_39,Mul,2,1,1,False
198,same_shape_global_transform,103821,26,safe_name_40,MaxPool,1,1,1,True
198,same_shape_global_transform,103821,27,safe_name_41,Mul,2,1,1,False
198,same_shape_global_transform,103821,28,safe_name_42,MaxPool,1,1,1,True
198,same_shape_global_transform,103821,29,safe_name_43,Mul,2,1,1,False
198,same_shape_global_transform,103821,30,safe_name_44,MaxPool,1,1,1,True
198,same_shape_global_transform,103821,31,safe_name_45,Mul,2,1,1,False
198,same_shape_global_transform,103821,32,safe_name_46,MaxPool,1,1,1,True
198,same_shape_global_transform,103821,33,safe_name_47,Mul,2,1,1,False
198,same_shape_global_transform,103821,34,safe_name_48,Mul,2,1,1,False
198,same_shape_global_transform,103821,35,safe_name_49,Max,2,1,1,False
198,same_shape_global_transform,103821,36,safe_name_50,Sub,2,1,1,False
198,same_shape_global_transform,103821,37,safe_name_51,Mul,2,1,1,False
198,same_shape_global_transform,103821,38,safe_name_52,Mul,2,1,1,False
198,same_shape_global_transform,103821,39,safe_name_53,Slice,5,1,1,True
198,same_shape_global_transform,103821,40,safe_name_54,Slice,5,1,1,True
198,same_shape_global_transform,103821,41,safe_name_55,Slice,5,1,1,True
198,same_shape_global_transform,103821,42,safe_name_56,Slice,5,1,1,True
198,same_shape_global_transform,103821,43,safe_name_57,Slice,5,1,1,True
198,same_shape_global_transform,103821,44,safe_name_58,Slice,5,1,1,True
198,same_shape_global_transform,103821,45,safe_name_59,Slice,5,1,1,True
198,same_shape_global_transform,103821,46,safe_name_60,Slice,5,1,1,True
198,same_shape_global_transform,103821,47,safe_name_61,Slice,5,1,1,True
198,same_shape_global_transform,103821,48,safe_name_62,Max,2,1,1,False
198,same_shape_global_transform,103821,49,safe_name_63,Max,2,1,1,False
198,same_shape_global_transform,103821,50,output,Concat,10,1,1,False
366,crop_or_resize,99849,0,safe_name_8,Reshape,2,1,1,False
366,crop_or_resize,99849,1,safe_name_9,Gather,2,1,1,True
366,crop_or_resize,99849,2,safe_name_10,Sub,2,1,1,False
366,crop_or_resize,99849,3,safe_name_11,Mul,2,1,1,False
366,crop_or_resize,99849,4,safe_name_12,ReduceSum,1,1,1,False
366,crop_or_resize,99849,5,safe_name_13,Less,2,1,1,False
366,crop_or_resize,99849,6,safe_name_14,Cast,1,1,1,False
366,crop_or_resize,99849,7,safe_name_15,Unsqueeze,1,1,1,False
366,crop_or_resize,99849,8,safe_name_16,MatMul,2,1,1,True
366,crop_or_resize,99849,9,safe_name_17,Cast,1,1,1,False
366,crop_or_resize,99849,10,safe_name_18,MatMul,2,1,1,True
366,crop_or_resize,99849,11,safe_name_19,ScatterElements,3,1,1,True
366,crop_or_resize,99849,12,output,Reshape,2,1,1,False
29,crop_or_resize,97117,0,safe_name_15,Cast,1,1,1,False
29,crop_or_resize,97117,1,safe_name_16,Conv,2,1,1,True
29,crop_or_resize,97117,2,safe_name_17,ReduceSum,1,1,1,False
29,crop_or_resize,97117,3,safe_name_18,Cast,1,1,1,False
29,crop_or_resize,97117,4,safe_name_19,Greater,2,1,1,False
29,crop_or_resize,97117,5,safe_name_20,Cast,1,1,1,False
29,crop_or_resize,97117,6,safe_name_21,ReduceMax,1,1,1,False
29,crop_or_resize,97117,7,safe_name_22,Greater,2,1,1,False
29,crop_or_resize,97117,8,safe_name_23,Cast,1,1,1,False
29,crop_or_resize,97117,9,safe_name_24,ArgMax,1,1,1,False
29,crop_or_resize,97117,10,safe_name_25,Gather,2,1,1,True
29,crop_or_resize,97117,11,safe_name_26,ArgMax,1,1,1,False
29,crop_or_resize,97117,12,safe_name_27,Sub,2,1,1,False
29,crop_or_resize,97117,13,safe_name_28,Sub,2,1,1,False
29,crop_or_resize,97117,14,safe_name_29,ReduceMax,1,1,1,False
29,crop_or_resize,97117,15,safe_name_30,Greater,2,1,1,False
29,crop_or_resize,97117,16,safe_name_31,Cast,1,1,1,False
29,crop_or_resize,97117,17,safe_name_32,ArgMax,1,1,1,False
29,crop_or_resize,97117,18,safe_name_33,Gather,2,1,1,True
29,crop_or_resize,97117,19,safe_name_34,ArgMax,1,1,1,False
29,crop_or_resize,97117,20,safe_name_35,Sub,2,1,1,False
29,crop_or_resize,97117,21,safe_name_36,Sub,2,1,1,False
29,crop_or_resize,97117,22,safe_name_37,Greater,2,1,1,False
29,crop_or_resize,97117,23,safe_name_38,Cast,1,1,1,False
29,crop_or_resize,97117,24,safe_name_39,Greater,2,1,1,False
29,crop_or_resize,97117,25,safe_name_40,Cast,1,1,1,False
29,crop_or_resize,97117,26,safe_name_41,Add,2,1,1,False
29,crop_or_resize,97117,27,safe_name_42,Add,2,1,1,False
29,crop_or_resize,97117,28,safe_name_43,Add,2,1,1,False
29,crop_or_resize,97117,29,safe_name_44,Sub,2,1,1,False
29,crop_or_resize,97117,30,safe_name_45,Equal,2,1,1,False
29,crop_or_resize,97117,31,safe_name_46,Cast,1,1,1,False
29,crop_or_resize,97117,32,safe_name_47,Mul,2,1,1,False
29,crop_or_resize,97117,33,safe_name_48,Mul,2,1,1,False
29,crop_or_resize,97117,34,safe_name_49,Mul,2,1,1,False
29,crop_or_resize,97117,35,safe_name_50,Mul,2,1,1,False
29,crop_or_resize,97117,36,safe_name_51,Sub,2,1,1,False
29,crop_or_resize,97117,37,safe_name_52,Mul,2,1,1,False
29,crop_or_resize,97117,38,safe_name_53,Add,2,1,1,False
29,crop_or_resize,97117,39,safe_name_54,Add,2,1,1,False
29,crop_or_resize,97117,40,safe_name_55,ReduceMin,1,1,1,False
29,crop_or_resize,97117,41,safe_name_56,Equal,2,1,1,False
29,crop_or_resize,97117,42,safe_name_57,Where,3,1,1,True
29,crop_or_resize,97117,43,safe_name_58,ReduceMax,1,1,1,False
29,crop_or_resize,97117,44,safe_name_59,ReduceMax,1,1,1,False
29,crop_or_resize,97117,45,safe_name_60,Squeeze,1,1,1,False
29,crop_or_resize,97117,46,safe_name_61,Greater,2,1,1,False
29,crop_or_resize,97117,47,safe_name_62,Cast,1,1,1,False
29,crop_or_resize,97117,48,safe_name_63,ArgMax,1,1,1,False
29,crop_or_resize,97117,49,safe_name_64,Add,2,1,1,False
29,crop_or_resize,97117,50,safe_name_65,Add,2,1,1,False
29,crop_or_resize,97117,51,safe_name_66,Gather,2,1,1,True
29,crop_or_resize,97117,52,safe_name_67,Squeeze,1,1,1,False
29,crop_or_resize,97117,53,safe_name_68,ArgMax,1,1,1,False
29,crop_or_resize,97117,54,safe_name_69,Sub,2,1,1,False
29,crop_or_resize,97117,55,safe_name_70,Sub,2,1,1,False
29,crop_or_resize,97117,56,safe_name_71,Sub,2,1,1,False
29,crop_or_resize,97117,57,safe_name_72,Less,2,1,1,False
29,crop_or_resize,97117,58,safe_name_73,Unsqueeze,1,1,1,False
29,crop_or_resize,97117,59,safe_name_74,Cast,1,1,0,False
29,crop_or_resize,97117,60,safe_name_75,ReduceMax,1,1,1,False
29,crop_or_resize,97117,61,safe_name_76,Squeeze,1,1,1,False
29,crop_or_resize,97117,62,safe_name_77,Greater,2,1,1,False
29,crop_or_resize,97117,63,safe_name_78,Cast,1,1,1,False
29,crop_or_resize,97117,64,safe_name_79,ArgMax,1,1,1,False
29,crop_or_resize,97117,65,safe_name_80,Add,2,1,1,False
29,crop_or_resize,97117,66,safe_name_81,Add,2,1,1,False
29,crop_or_resize,97117,67,safe_name_82,Gather,2,1,1,True
29,crop_or_resize,97117,68,safe_name_83,Squeeze,1,1,1,False
29,crop_or_resize,97117,69,safe_name_84,ArgMax,1,1,1,False
29,crop_or_resize,97117,70,safe_name_85,Sub,2,1,1,False
29,crop_or_resize,97117,71,safe_name_86,Sub,2,1,1,False
29,crop_or_resize,97117,72,safe_name_87,Sub,2,1,1,False
29,crop_or_resize,97117,73,safe_name_88,Less,2,1,1,False
29,crop_or_resize,97117,74,safe_name_89,Unsqueeze,1,1,1,False
29,crop_or_resize,97117,75,safe_name_90,Cast,1,1,0,False
29,crop_or_resize,97117,76,safe_name_91,Mul,2,1,1,False
29,crop_or_resize,97117,77,safe_name_92,Less,2,1,1,False
29,crop_or_resize,97117,78,safe_name_93,Where,3,1,1,True
29,crop_or_resize,97117,79,safe_name_94,Greater,2,1,1,False
29,crop_or_resize,97117,80,safe_name_95,Where,3,1,1,True
29,crop_or_resize,97117,81,safe_name_96,Gather,2,1,1,True
29,crop_or_resize,97117,82,safe_name_97,Less,2,1,1,False
29,crop_or_resize,97117,83,safe_name_98,Where,3,1,1,True
29,crop_or_resize,97117,84,safe_name_99,Greater,2,1,1,False
29,crop_or_resize,97117,85,safe_name_100,Where,3,1,1,True
29,crop_or_resize,97117,86,safe_name_101,Gather,2,1,1,True
29,crop_or_resize,97117,87,output,Mul,2,1,1,False
133,sparse_edit_or_object_completion,93312,0,safe_name_7,Reshape,2,1,1,False
133,sparse_edit_or_object_completion,93312,1,safe_name_8,Gather,2,1,1,True
133,sparse_edit_or_object_completion,93312,2,safe_name_9,Sub,2,1,1,False
133,sparse_edit_or_object_completion,93312,3,safe_name_10,Mul,2,1,1,False
133,sparse_edit_or_object_completion,93312,4,safe_name_11,ReduceSum,1,1,1,False
133,sparse_edit_or_object_completion,93312,5,safe_name_12,Less,2,1,1,False
133,sparse_edit_or_object_completion,93312,6,safe_name_13,Cast,1,1,1,False
133,sparse_edit_or_object_completion,93312,7,safe_name_14,Unsqueeze,1,1,1,False
133,sparse_edit_or_object_completion,93312,8,safe_name_15,MatMul,2,1,1,True
133,sparse_edit_or_object_completion,93312,9,safe_name_16,Cast,1,1,1,False
133,sparse_edit_or_object_completion,93312,10,safe_name_17,MatMul,2,1,1,True
133,sparse_edit_or_object_completion,93312,11,safe_name_18,ScatterElements,3,1,1,True
133,sparse_edit_or_object_completion,93312,12,output,Reshape,2,1,1,False
109,crop_or_resize,92303,0,safe_name_8,Reshape,2,1,1,False
109,crop_or_resize,92303,1,safe_name_9,Gather,2,1,1,True
109,crop_or_resize,92303,2,safe_name_10,Sub,2,1,1,False
109,crop_or_resize,92303,3,safe_name_11,Mul,2,1,1,False
109,crop_or_resize,92303,4,safe_name_12,ReduceSum,1,1,1,False
109,crop_or_resize,92303,5,safe_name_13,Less,2,1,1,False
109,crop_or_resize,92303,6,safe_name_14,Cast,1,1,1,False
109,crop_or_resize,92303,7,safe_name_15,Unsqueeze,1,1,1,False
109,crop_or_resize,92303,8,safe_name_16,MatMul,2,1,1,True
109,crop_or_resize,92303,9,safe_name_17,Cast,1,1,1,False
109,crop_or_resize,92303,10,safe_name_18,MatMul,2,1,1,True
109,crop_or_resize,92303,11,safe_name_19,ScatterElements,3,1,1,True
109,crop_or_resize,92303,12,output,Reshape,2,1,1,False
204,sparse_edit_or_object_completion,92242,0,safe_name_7,Reshape,2,1,1,False
204,sparse_edit_or_object_completion,92242,1,safe_name_8,Gather,2,1,1,True
204,sparse_edit_or_object_completion,92242,2,safe_name_9,Sub,2,1,1,False
204,sparse_edit_or_object_completion,92242,3,safe_name_10,Mul,2,1,1,False
204,sparse_edit_or_object_completion,92242,4,safe_name_11,ReduceSum,1,1,1,False
204,sparse_edit_or_object_completion,92242,5,safe_name_12,Less,2,1,1,False
204,sparse_edit_or_object_completion,92242,6,safe_name_13,Cast,1,1,1,False
204,sparse_edit_or_object_completion,92242,7,safe_name_14,Unsqueeze,1,1,1,False
204,sparse_edit_or_object_completion,92242,8,safe_name_15,MatMul,2,1,1,True
204,sparse_edit_or_object_completion,92242,9,safe_name_16,Cast,1,1,1,False
204,sparse_edit_or_object_completion,92242,10,safe_name_17,MatMul,2,1,1,True
204,sparse_edit_or_object_completion,92242,11,safe_name_18,ScatterElements,3,1,1,True
204,sparse_edit_or_object_completion,92242,12,output,Reshape,2,1,1,False
13,sparse_edit_or_object_completion,92022,0,safe_name_7,Reshape,2,1,1,False
13,sparse_edit_or_object_completion,92022,1,safe_name_8,Gather,2,1,1,True
13,sparse_edit_or_object_completion,92022,2,safe_name_9,Sub,2,1,1,False
13,sparse_edit_or_object_completion,92022,3,safe_name_10,Mul,2,1,1,False
13,sparse_edit_or_object_completion,92022,4,safe_name_11,ReduceSum,1,1,1,False
13,sparse_edit_or_object_completion,92022,5,safe_name_12,Less,2,1,1,False
13,sparse_edit_or_object_completion,92022,6,safe_name_13,Cast,1,1,1,False
13,sparse_edit_or_object_completion,92022,7,safe_name_14,Unsqueeze,1,1,1,False
13,sparse_edit_or_object_completion,92022,8,safe_name_15,MatMul,2,1,1,True
13,sparse_edit_or_object_completion,92022,9,safe_name_16,Cast,1,1,1,False
13,sparse_edit_or_object_completion,92022,10,safe_name_17,MatMul,2,1,1,True
13,sparse_edit_or_object_completion,92022,11,safe_name_18,ScatterElements,3,1,1,True
13,sparse_edit_or_object_completion,92022,12,output,Reshape,2,1,1,False
216,crop_or_resize,91861,0,safe_name_8,Reshape,2,1,1,False
216,crop_or_resize,91861,1,safe_name_9,Gather,2,1,1,True
216,crop_or_resize,91861,2,safe_name_10,Sub,2,1,1,False
216,crop_or_resize,91861,3,safe_name_11,Mul,2,1,1,False
216,crop_or_resize,91861,4,safe_name_12,ReduceSum,1,1,1,False
216,crop_or_resize,91861,5,safe_name_13,Less,2,1,1,False
216,crop_or_resize,91861,6,safe_name_14,Cast,1,1,1,False
216,crop_or_resize,91861,7,safe_name_15,Unsqueeze,1,1,1,False
216,crop_or_resize,91861,8,safe_name_16,MatMul,2,1,1,True
216,crop_or_resize,91861,9,safe_name_17,Cast,1,1,1,False
216,crop_or_resize,91861,10,safe_name_18,MatMul,2,1,1,True
216,crop_or_resize,91861,11,safe_name_19,ScatterElements,3,1,1,True
216,crop_or_resize,91861,12,output,Reshape,2,1,1,False
54,sparse_edit_or_object_completion,90855,0,safe_name_7,Reshape,2,1,1,False
54,sparse_edit_or_object_completion,90855,1,safe_name_8,Gather,2,1,1,True
54,sparse_edit_or_object_completion,90855,2,safe_name_9,Sub,2,1,1,False
54,sparse_edit_or_object_completion,90855,3,safe_name_10,Mul,2,1,1,False
54,sparse_edit_or_object_completion,90855,4,safe_name_11,ReduceSum,1,1,1,False
54,sparse_edit_or_object_completion,90855,5,safe_name_12,Less,2,1,1,False
54,sparse_edit_or_object_completion,90855,6,safe_name_13,Cast,1,1,1,False
54,sparse_edit_or_object_completion,90855,7,safe_name_14,Unsqueeze,1,1,1,False
54,sparse_edit_or_object_completion,90855,8,safe_name_15,MatMul,2,1,1,True
54,sparse_edit_or_object_completion,90855,9,safe_name_16,Cast,1,1,1,False
54,sparse_edit_or_object_completion,90855,10,safe_name_17,MatMul,2,1,1,True
54,sparse_edit_or_object_completion,90855,11,safe_name_18,ScatterElements,3,1,1,True
54,sparse_edit_or_object_completion,90855,12,output,Reshape,2,1,1,False
280,sparse_edit_or_object_completion,90506,0,safe_name_16,Cast,1,1,1,False
280,sparse_edit_or_object_completion,90506,1,safe_name_17,Slice,4,1,1,True
280,sparse_edit_or_object_completion,90506,2,safe_name_18,ReduceSum,2,1,1,False
280,sparse_edit_or_object_completion,90506,3,safe_name_19,Greater,2,1,1,False
280,sparse_edit_or_object_completion,90506,4,safe_name_20,Slice,4,1,1,True
280,sparse_edit_or_object_completion,90506,5,safe_name_21,Slice,4,1,1,True
280,sparse_edit_or_object_completion,90506,6,safe_name_22,Greater,2,1,1,False
280,sparse_edit_or_object_completion,90506,7,safe_name_23,Greater,2,1,1,False
280,sparse_edit_or_object_completion,90506,8,safe_name_24,Or,2,1,1,False
280,sparse_edit_or_object_completion,90506,9,safe_name_25,Mul,2,1,1,False
280,sparse_edit_or_object_completion,90506,10,safe_name_26,MaxPool,1,1,1,True
280,sparse_edit_or_object_completion,90506,11,safe_name_27,Where,3,1,1,True
280,sparse_edit_or_object_completion,90506,12,safe_name_28,MaxPool,1,1,1,True
280,sparse_edit_or_object_completion,90506,13,safe_name_29,Where,3,1,1,True
280,sparse_edit_or_object_completion,90506,14,safe_name_30,MaxPool,1,1,1,True
280,sparse_edit_or_object_completion,90506,15,safe_name_31,Where,3,1,1,True
280,sparse_edit_or_object_completion,90506,16,safe_name_32,MaxPool,1,1,1,True
280,sparse_edit_or_object_completion,90506,17,safe_name_33,Where,3,1,1,True
280,sparse_edit_or_object_completion,90506,18,safe_name_34,MaxPool,1,1,1,True
280,sparse_edit_or_object_completion,90506,19,safe_name_35,Where,3,1,1,True
280,sparse_edit_or_object_completion,90506,20,safe_name_36,MaxPool,1,1,1,True
280,sparse_edit_or_object_completion,90506,21,safe_name_37,Where,3,1,1,True
280,sparse_edit_or_object_completion,90506,22,safe_name_38,MaxPool,1,1,1,True
280,sparse_edit_or_object_completion,90506,23,safe_name_39,Where,3,1,1,True
280,sparse_edit_or_object_completion,90506,24,safe_name_40,MaxPool,1,1,1,True
280,sparse_edit_or_object_completion,90506,25,safe_name_41,Where,3,1,1,True
280,sparse_edit_or_object_completion,90506,26,safe_name_42,MaxPool,1,1,1,True
280,sparse_edit_or_object_completion,90506,27,safe_name_43,Where,3,1,1,True
280,sparse_edit_or_object_completion,90506,28,safe_name_44,MaxPool,1,1,1,True
280,sparse_edit_or_object_completion,90506,29,safe_name_45,Where,3,1,1,True
280,sparse_edit_or_object_completion,90506,30,safe_name_46,MaxPool,1,1,1,True
280,sparse_edit_or_object_completion,90506,31,safe_name_47,Where,3,1,1,True
280,sparse_edit_or_object_completion,90506,32,safe_name_48,MaxPool,1,1,1,True
280,sparse_edit_or_object_completion,90506,33,safe_name_49,Where,3,1,1,True
280,sparse_edit_or_object_completion,90506,34,safe_name_50,MaxPool,1,1,1,True
280,sparse_edit_or_object_completion,90506,35,safe_name_51,Where,3,1,1,True
280,sparse_edit_or_object_completion,90506,36,safe_name_52,MaxPool,1,1,1,True
280,sparse_edit_or_object_completion,90506,37,safe_name_53,Where,3,1,1,True
280,sparse_edit_or_object_completion,90506,38,safe_name_54,MaxPool,1,1,1,True
280,sparse_edit_or_object_completion,90506,39,safe_name_55,Where,3,1,1,True
280,sparse_edit_or_object_completion,90506,40,safe_name_56,Greater,2,1,1,False
280,sparse_edit_or_object_completion,90506,41,safe_name_57,Where,3,1,1,True
280,sparse_edit_or_object_completion,90506,42,safe_name_58,ReduceMin,1,1,1,False
280,sparse_edit_or_object_completion,90506,43,safe_name_59,ReduceMax,1,1,1,False
280,sparse_edit_or_object_completion,90506,44,safe_name_60,Equal,2,1,1,False
280,sparse_edit_or_object_completion,90506,45,safe_name_61,Equal,2,1,1,False
280,sparse_edit_or_object_completion,90506,46,safe_name_62,Where,3,1,1,True
280,sparse_edit_or_object_completion,90506,47,safe_name_63,ReduceMin,1,1,1,False
280,sparse_edit_or_object_completion,90506,48,safe_name_64,Where,3,1,1,True
280,sparse_edit_or_object_completion,90506,49,safe_name_65,ReduceMax,1,1,1,False
280,sparse_edit_or_object_completion,90506,50,safe_name_66,Where,3,1,1,True
280,sparse_edit_or_object_completion,90506,51,safe_name_67,ReduceMin,1,1,1,False
280,sparse_edit_or_object_completion,90506,52,safe_name_68,Where,3,1,1,True
280,sparse_edit_or_object_completion,90506,53,safe_name_69,ReduceMax,1,1,1,False
280,sparse_edit_or_object_completion,90506,54,safe_name_70,And,2,1,1,False
280,sparse_edit_or_object_completion,90506,55,safe_name_71,Cast,1,1,0,False
280,sparse_edit_or_object_completion,90506,56,safe_name_72,Mul,2,1,1,False
280,sparse_edit_or_object_completion,90506,57,safe_name_73,ReduceSum,2,1,1,False
280,sparse_edit_or_object_completion,90506,58,safe_name_74,Mul,2,1,1,False
280,sparse_edit_or_object_completion,90506,59,safe_name_75,ReduceSum,2,1,1,False
280,sparse_edit_or_object_completion,90506,60,safe_name_76,Where,3,1,1,True
280,sparse_edit_or_object_completion,90506,61,safe_name_77,ReduceMin,1,1,1,False
280,sparse_edit_or_object_completion,90506,62,safe_name_78,Where,3,1,1,True
280,sparse_edit_or_object_completion,90506,63,safe_name_79,ReduceMax,1,1,1,False
280,sparse_edit_or_object_completion,90506,64,safe_name_80,Where,3,1,1,True
280,sparse_edit_or_object_completion,90506,65,safe_name_81,ReduceMin,1,1,1,False
280,sparse_edit_or_object_completion,90506,66,safe_name_82,Where,3,1,1,True
280,sparse_edit_or_object_completion,90506,67,safe_name_83,ReduceMax,1,1,1,False
280,sparse_edit_or_object_completion,90506,68,safe_name_84,And,2,1,1,False
280,sparse_edit_or_object_completion,90506,69,safe_name_85,Cast,1,1,0,False
280,sparse_edit_or_object_completion,90506,70,safe_name_86,Mul,2,1,1,False
280,sparse_edit_or_object_completion,90506,71,safe_name_87,ReduceSum,2,1,1,False
280,sparse_edit_or_object_completion,90506,72,safe_name_88,Mul,2,1,1,False
280,sparse_edit_or_object_completion,90506,73,safe_name_89,ReduceSum,2,1,1,False
280,sparse_edit_or_object_completion,90506,74,safe_name_90,Sub,2,1,1,False
280,sparse_edit_or_object_completion,90506,75,safe_name_91,Sub,2,1,1,False
280,sparse_edit_or_object_completion,90506,76,safe_name_92,Greater,2,1,1,False
280,sparse_edit_or_object_completion,90506,77,safe_name_93,Where,3,1,1,True
280,sparse_edit_or_object_completion,90506,78,safe_name_94,Where,3,1,1,True
280,sparse_edit_or_object_completion,90506,79,safe_name_95,Where,3,1,1,True
280,sparse_edit_or_object_completion,90506,80,safe_name_96,Where,3,1,1,True
280,sparse_edit_or_object_completion,90506,81,safe_name_97,Where,3,1,1,True
280,sparse_edit_or_object_completion,90506,82,safe_name_98,Where,3,1,1,True
280,sparse_edit_or_object_completion,90506,83,safe_name_99,Where,3,1,1,True
280,sparse_edit_or_object_completion,90506,84,safe_name_100,Where,3,1,1,True
280,sparse_edit_or_object_completion,90506,85,safe_name_101,Not,1,1,1,False
280,sparse_edit_or_object_completion,90506,86,safe_name_102,And,2,1,1,False
280,sparse_edit_or_object_completion,90506,87,safe_name_103,And,2,1,1,False
280,sparse_edit_or_object_completion,90506,88,safe_name_104,Or,2,1,1,False
280,sparse_edit_or_object_completion,90506,89,safe_name_105,And,2,1,1,False
280,sparse_edit_or_object_completion,90506,90,safe_name_106,And,2,1,1,False
280,sparse_edit_or_object_completion,90506,91,safe_name_107,Or,2,1,1,False
280,sparse_edit_or_object_completion,90506,92,safe_name_108,Sub,2,1,1,False
280,sparse_edit_or_object_completion,90506,93,safe_name_109,Sub,2,1,1,False
280,sparse_edit_or_object_completion,90506,94,safe_name_110,Add,2,1,1,False
280,sparse_edit_or_object_completion,90506,95,safe_name_111,GreaterOrEqual,2,1,0,False
280,sparse_edit_or_object_completion,90506,96,safe_name_112,LessOrEqual,2,1,0,False
280,sparse_edit_or_object_completion,90506,97,safe_name_113,And,2,1,1,False
280,sparse_edit_or_object_completion,90506,98,safe_name_114,Equal,2,1,1,False
280,sparse_edit_or_object_completion,90506,99,safe_name_115,Not,1,1,1,False
280,sparse_edit_or_object_completion,90506,100,safe_name_116,LessOrEqual,2,1,0,False
280,sparse_edit_or_object_completion,90506,101,safe_name_117,GreaterOrEqual,2,1,0,False
280,sparse_edit_or_object_completion,90506,102,safe_name_118,And,2,1,1,False
280,sparse_edit_or_object_completion,90506,103,safe_name_119,And,2,1,1,False
280,sparse_edit_or_object_completion,90506,104,safe_name_120,Or,2,1,1,False
280,sparse_edit_or_object_completion,90506,105,safe_name_121,And,2,1,1,False
280,sparse_edit_or_object_completion,90506,106,safe_name_122,And,2,1,1,False
280,sparse_edit_or_object_completion,90506,107,safe_name_123,Equal,2,1,1,False
280,sparse_edit_or_object_completion,90506,108,safe_name_124,And,2,1,1,False
280,sparse_edit_or_object_completion,90506,109,safe_name_125,Or,2,1,1,False
280,sparse_edit_or_object_completion,90506,110,safe_name_126,Not,1,1,1,False
280,sparse_edit_or_object_completion,90506,111,safe_name_127,And,2,1,1,False
280,sparse_edit_or_object_completion,90506,112,safe_name_128,Sub,2,1,1,False
280,sparse_edit_or_object_completion,90506,113,safe_name_129,Sub,2,1,1,False
280,sparse_edit_or_object_completion,90506,114,safe_name_130,Add,2,1,1,False
280,sparse_edit_or_object_completion,90506,115,safe_name_131,GreaterOrEqual,2,1,0,False
280,sparse_edit_or_object_completion,90506,116,safe_name_132,LessOrEqual,2,1,0,False
280,sparse_edit_or_object_completion,90506,117,safe_name_133,And,2,1,1,False
280,sparse_edit_or_object_completion,90506,118,safe_name_134,Equal,2,1,1,False
280,sparse_edit_or_object_completion,90506,119,safe_name_135,Not,1,1,1,False
280,sparse_edit_or_object_completion,90506,120,safe_name_136,LessOrEqual,2,1,0,False
280,sparse_edit_or_object_completion,90506,121,safe_name_137,GreaterOrEqual,2,1,0,False
280,sparse_edit_or_object_completion,90506,122,safe_name_138,And,2,1,1,False
280,sparse_edit_or_object_completion,90506,123,safe_name_139,And,2,1,1,False
280,sparse_edit_or_object_completion,90506,124,safe_name_140,Or,2,1,1,False
280,sparse_edit_or_object_completion,90506,125,safe_name_141,And,2,1,1,False
280,sparse_edit_or_object_completion,90506,126,safe_name_142,And,2,1,1,False
280,sparse_edit_or_object_completion,90506,127,safe_name_143,Equal,2,1,1,False
280,sparse_edit_or_object_completion,90506,128,safe_name_144,And,2,1,1,False
280,sparse_edit_or_object_completion,90506,129,safe_name_145,Or,2,1,1,False
280,sparse_edit_or_object_completion,90506,130,safe_name_146,Not,1,1,1,False
280,sparse_edit_or_object_completion,90506,131,safe_name_147,And,2,1,1,False
280,sparse_edit_or_object_completion,90506,132,safe_name_148,Or,2,1,1,False
280,sparse_edit_or_object_completion,90506,133,safe_name_149,Or,2,1,1,False
280,sparse_edit_or_object_completion,90506,134,safe_name_150,Not,1,1,1,False
280,sparse_edit_or_object_completion,90506,135,safe_name_151,And,2,1,1,False
280,sparse_edit_or_object_completion,90506,136,safe_name_152,Cast,1,1,1,False
280,sparse_edit_or_object_completion,90506,137,safe_name_153,Cast,1,1,1,False
280,sparse_edit_or_object_completion,90506,138,safe_name_154,Or,2,1,1,False
280,sparse_edit_or_object_completion,90506,139,safe_name_155,Not,1,1,1,False
280,sparse_edit_or_object_completion,90506,140,safe_name_156,And,2,1,1,False
280,sparse_edit_or_object_completion,90506,141,safe_name_157,Cast,1,1,1,False
280,sparse_edit_or_object_completion,90506,142,safe_name_158,Concat,10,1,1,False
280,sparse_edit_or_object_completion,90506,143,output,Pad,3,1,1,False
159,crop_or_resize,89501,0,safe_name_16,Cast,1,1,1,False
159,crop_or_resize,89501,1,safe_name_17,Gather,2,1,1,True
159,crop_or_resize,89501,2,safe_name_18,Cast,1,1,0,False
159,crop_or_resize,89501,3,safe_name_19,ReduceMax,1,1,1,False
159,crop_or_resize,89501,4,safe_name_20,ReduceSum,1,1,1,False
159,crop_or_resize,89501,5,safe_name_21,Gather,2,1,1,True
159,crop_or_resize,89501,6,safe_name_22,Cast,1,1,0,False
159,crop_or_resize,89501,7,safe_name_23,ReduceSum,1,1,1,False
159,crop_or_resize,89501,8,safe_name_24,ReduceMax,1,1,1,False
159,crop_or_resize,89501,9,safe_name_25,ReduceMax,1,1,1,False
159,crop_or_resize,89501,10,safe_name_26,ArgMax,1,1,1,False
159,crop_or_resize,89501,11,safe_name_27,ArgMax,1,1,1,False
159,crop_or_resize,89501,12,safe_name_28,Add,2,1,1,False
159,crop_or_resize,89501,13,safe_name_29,Add,2,1,1,False
159,crop_or_resize,89501,14,safe_name_30,Gather,2,1,1,True
159,crop_or_resize,89501,15,safe_name_31,Gather,2,1,1,True
159,crop_or_resize,89501,16,safe_name_32,Gather,2,1,1,True
159,crop_or_resize,89501,17,safe_name_33,Gather,2,1,1,True
159,crop_or_resize,89501,18,safe_name_34,Cast,1,1,0,False
159,crop_or_resize,89501,19,safe_name_35,Pad,1,1,1,False
159,crop_or_resize,89501,20,safe_name_36,Add,2,1,1,False
159,crop_or_resize,89501,21,safe_name_37,Sub,2,1,1,False
159,crop_or_resize,89501,22,safe_name_38,Mul,2,1,1,False
159,crop_or_resize,89501,23,safe_name_39,Less,2,1,1,False
159,crop_or_resize,89501,24,safe_name_40,Where,3,1,1,True
159,crop_or_resize,89501,25,safe_name_41,Pad,1,1,1,False
159,crop_or_resize,89501,26,safe_name_42,Gather,2,1,1,True
159,crop_or_resize,89501,27,safe_name_43,Gather,2,1,1,True
159,crop_or_resize,89501,28,safe_name_44,Cast,1,1,0,False
159,crop_or_resize,89501,29,safe_name_45,Pad,1,1,1,False
159,crop_or_resize,89501,30,safe_name_46,Add,2,1,1,False
159,crop_or_resize,89501,31,safe_name_47,Sub,2,1,1,False
159,crop_or_resize,89501,32,safe_name_48,Mul,2,1,1,False
159,crop_or_resize,89501,33,safe_name_49,Less,2,1,1,False
159,crop_or_resize,89501,34,safe_name_50,Where,3,1,1,True
159,crop_or_resize,89501,35,safe_name_51,Pad,1,1,1,False
159,crop_or_resize,89501,36,safe_name_52,Gather,2,1,1,True
159,crop_or_resize,89501,37,safe_name_53,Gather,2,1,1,True
159,crop_or_resize,89501,38,safe_name_54,Cast,1,1,0,False
159,crop_or_resize,89501,39,safe_name_55,Pad,1,1,1,False
159,crop_or_resize,89501,40,safe_name_56,Add,2,1,1,False
159,crop_or_resize,89501,41,safe_name_57,Sub,2,1,1,False
159,crop_or_resize,89501,42,safe_name_58,Mul,2,1,1,False
159,crop_or_resize,89501,43,safe_name_59,Less,2,1,1,False
159,crop_or_resize,89501,44,safe_name_60,Where,3,1,1,True
159,crop_or_resize,89501,45,safe_name_61,Pad,1,1,1,False
159,crop_or_resize,89501,46,safe_name_62,Gather,2,1,1,True
159,crop_or_resize,89501,47,safe_name_63,Gather,2,1,1,True
159,crop_or_resize,89501,48,safe_name_64,Cast,1,1,0,False
159,crop_or_resize,89501,49,safe_name_65,Pad,1,1,1,False
159,crop_or_resize,89501,50,safe_name_66,Add,2,1,1,False
159,crop_or_resize,89501,51,safe_name_67,Sub,2,1,1,False
159,crop_or_resize,89501,52,safe_name_68,Mul,2,1,1,False
159,crop_or_resize,89501,53,safe_name_69,Less,2,1,1,False
159,crop_or_resize,89501,54,safe_name_70,Where,3,1,1,True
159,crop_or_resize,89501,55,safe_name_71,Sum,4,1,1,False
159,crop_or_resize,89501,56,output,Pad,1,1,1,False
128,sparse_edit_or_object_completion,89482,0,safe_name_7,Reshape,2,1,1,False
128,sparse_edit_or_object_completion,89482,1,safe_name_8,Gather,2,1,1,True
128,sparse_edit_or_object_completion,89482,2,safe_name_9,Sub,2,1,1,False
128,sparse_edit_or_object_completion,89482,3,safe_name_10,Mul,2,1,1,False
128,sparse_edit_or_object_completion,89482,4,safe_name_11,ReduceSum,1,1,1,False
128,sparse_edit_or_object_completion,89482,5,safe_name_12,Less,2,1,1,False
128,sparse_edit_or_object_completion,89482,6,safe_name_13,Cast,1,1,1,False
128,sparse_edit_or_object_completion,89482,7,safe_name_14,Unsqueeze,1,1,1,False
128,sparse_edit_or_object_completion,89482,8,safe_name_15,MatMul,2,1,1,True
128,sparse_edit_or_object_completion,89482,9,safe_name_16,Cast,1,1,1,False
128,sparse_edit_or_object_completion,89482,10,safe_name_17,MatMul,2,1,1,True
128,sparse_edit_or_object_completion,89482,11,safe_name_18,ScatterElements,3,1,1,True
128,sparse_edit_or_object_completion,89482,12,output,Reshape,2,1,1,False
205,crop_or_resize,89266,0,safe_name_8,Reshape,2,1,1,False
205,crop_or_resize,89266,1,safe_name_9,Gather,2,1,1,True
205,crop_or_resize,89266,2,safe_name_10,Sub,2,1,1,False
205,crop_or_resize,89266,3,safe_name_11,Mul,2,1,1,False
205,crop_or_resize,89266,4,safe_name_12,ReduceSum,1,1,1,False
205,crop_or_resize,89266,5,safe_name_13,Less,2,1,1,False
205,crop_or_resize,89266,6,safe_name_14,Cast,1,1,1,False
205,crop_or_resize,89266,7,safe_name_15,Unsqueeze,1,1,1,False
205,crop_or_resize,89266,8,safe_name_16,MatMul,2,1,1,True
205,crop_or_resize,89266,9,safe_name_17,Cast,1,1,1,False
205,crop_or_resize,89266,10,safe_name_18,MatMul,2,1,1,True
205,crop_or_resize,89266,11,safe_name_19,ScatterElements,3,1,1,True
205,crop_or_resize,89266,12,output,Reshape,2,1,1,False
203,sparse_edit_or_object_completion,88402,0,safe_name_15,Slice,5,1,1,True
203,sparse_edit_or_object_completion,88402,1,safe_name_16,ReduceSum,1,1,1,False
203,sparse_edit_or_object_completion,88402,2,safe_name_17,Greater,2,1,1,False
203,sparse_edit_or_object_completion,88402,3,safe_name_18,Cast,1,1,0,False
203,sparse_edit_or_object_completion,88402,4,safe_name_19,ReduceMax,1,1,1,False
203,sparse_edit_or_object_completion,88402,5,safe_name_20,ReduceMax,1,1,1,False
203,sparse_edit_or_object_completion,88402,6,safe_name_21,ReduceSum,1,1,1,False
203,sparse_edit_or_object_completion,88402,7,safe_name_22,ReduceSum,1,1,1,False
203,sparse_edit_or_object_completion,88402,8,safe_name_23,Cast,1,1,1,False
203,sparse_edit_or_object_completion,88402,9,safe_name_24,Cast,1,1,1,False
203,sparse_edit_or_object_completion,88402,10,safe_name_25,Conv,2,1,1,True
203,sparse_edit_or_object_completion,88402,11,safe_name_26,Div,2,1,1,False
203,sparse_edit_or_object_completion,88402,12,safe_name_27,Gather,2,1,1,True
203,sparse_edit_or_object_completion,88402,13,safe_name_28,Squeeze,1,1,1,False
203,sparse_edit_or_object_completion,88402,14,safe_name_29,Unsqueeze,1,1,1,False
203,sparse_edit_or_object_completion,88402,15,safe_name_30,Unsqueeze,1,1,1,False
203,sparse_edit_or_object_completion,88402,16,safe_name_31,Equal,2,1,1,False
203,sparse_edit_or_object_completion,88402,17,safe_name_32,Less,2,1,1,False
203,sparse_edit_or_object_completion,88402,18,safe_name_33,Unsqueeze,1,1,1,False
203,sparse_edit_or_object_completion,88402,19,safe_name_34,Unsqueeze,1,1,1,False
203,sparse_edit_or_object_completion,88402,20,safe_name_35,Where,3,1,1,True
203,sparse_edit_or_object_completion,88402,21,safe_name_36,And,2,1,1,False
203,sparse_edit_or_object_completion,88402,22,safe_name_37,And,2,1,1,False
203,sparse_edit_or_object_completion,88402,23,safe_name_38,Where,3,1,1,True
203,sparse_edit_or_object_completion,88402,24,safe_name_39,ReduceMin,1,1,1,False
203,sparse_edit_or_object_completion,88402,25,safe_name_40,Squeeze,1,1,1,False
203,sparse_edit_or_object_completion,88402,26,safe_name_41,Add,2,1,1,False
203,sparse_edit_or_object_completion,88402,27,safe_name_42,Gather,2,1,1,True
203,sparse_edit_or_object_completion,88402,28,safe_name_43,Unsqueeze,1,1,1,False
203,sparse_edit_or_object_completion,88402,29,safe_name_44,Less,2,1,1,False
203,sparse_edit_or_object_completion,88402,30,safe_name_45,And,2,1,1,False
203,sparse_edit_or_object_completion,88402,31,safe_name_46,Cast,1,1,1,False
203,sparse_edit_or_object_completion,88402,32,safe_name_47,Squeeze,1,1,1,False
203,sparse_edit_or_object_completion,88402,33,safe_name_48,OneHot,3,1,1,False
203,sparse_edit_or_object_completion,88402,34,safe_name_49,Where,3,1,1,True
203,sparse_edit_or_object_completion,88402,35,output,Pad,3,1,1,False
110,same_shape_global_transform,87213,0,safe_name_7,Reshape,2,1,1,False
110,same_shape_global_transform,87213,1,safe_name_8,Gather,2,1,1,True
110,same_shape_global_transform,87213,2,safe_name_9,Sub,2,1,1,False
110,same_shape_global_transform,87213,3,safe_name_10,Mul,2,1,1,False
110,same_shape_global_transform,87213,4,safe_name_11,ReduceSum,1,1,1,False
110,same_shape_global_transform,87213,5,safe_name_12,Less,2,1,1,False
110,same_shape_global_transform,87213,6,safe_name_13,Cast,1,1,1,False
110,same_shape_global_transform,87213,7,safe_name_14,Unsqueeze,1,1,1,False
110,same_shape_global_transform,87213,8,safe_name_15,MatMul,2,1,1,True
110,same_shape_global_transform,87213,9,safe_name_16,Cast,1,1,1,False
110,same_shape_global_transform,87213,10,safe_name_17,MatMul,2,1,1,True
110,same_shape_global_transform,87213,11,safe_name_18,ScatterElements,3,1,1,True
110,same_shape_global_transform,87213,12,output,Reshape,2,1,1,False
201,crop_or_resize,86868,0,safe_name_8,Reshape,2,1,1,False
201,crop_or_resize,86868,1,safe_name_9,Gather,2,1,1,True
201,crop_or_resize,86868,2,safe_name_10,Sub,2,1,1,False
201,crop_or_resize,86868,3,safe_name_11,Mul,2,1,1,False
201,crop_or_resize,86868,4,safe_name_12,ReduceSum,1,1,1,False
201,crop_or_resize,86868,5,safe_name_13,Less,2,1,1,False
201,crop_or_resize,86868,6,safe_name_14,Cast,1,1,1,False
201,crop_or_resize,86868,7,safe_name_15,Unsqueeze,1,1,1,False
201,crop_or_resize,86868,8,safe_name_16,MatMul,2,1,1,True
201,crop_or_resize,86868,9,safe_name_17,Cast,1,1,1,False
201,crop_or_resize,86868,10,safe_name_18,MatMul,2,1,1,True
201,crop_or_resize,86868,11,safe_name_19,ScatterElements,3,1,1,True
201,crop_or_resize,86868,12,output,Reshape,2,1,1,False
396,crop_or_resize,86741,0,safe_name_8,Reshape,2,1,1,False
396,crop_or_resize,86741,1,safe_name_9,Gather,2,1,1,True
396,crop_or_resize,86741,2,safe_name_10,Sub,2,1,1,False
396,crop_or_resize,86741,3,safe_name_11,Mul,2,1,1,False
396,crop_or_resize,86741,4,safe_name_12,ReduceSum,1,1,1,False
396,crop_or_resize,86741,5,safe_name_13,Less,2,1,1,False
396,crop_or_resize,86741,6,safe_name_14,Cast,1,1,1,False
396,crop_or_resize,86741,7,safe_name_15,Unsqueeze,1,1,1,False
396,crop_or_resize,86741,8,safe_name_16,MatMul,2,1,1,True
396,crop_or_resize,86741,9,safe_name_17,Cast,1,1,1,False
396,crop_or_resize,86741,10,safe_name_18,MatMul,2,1,1,True
396,crop_or_resize,86741,11,safe_name_19,ScatterElements,3,1,1,True
396,crop_or_resize,86741,12,output,Reshape,2,1,1,False
382,sparse_edit_or_object_completion,86049,0,safe_name_7,Reshape,2,1,1,False
382,sparse_edit_or_object_completion,86049,1,safe_name_8,Gather,2,1,1,True
382,sparse_edit_or_object_completion,86049,2,safe_name_9,Sub,2,1,1,False
382,sparse_edit_or_object_completion,86049,3,safe_name_10,Mul,2,1,1,False
382,sparse_edit_or_object_completion,86049,4,safe_name_11,ReduceSum,1,1,1,False
382,sparse_edit_or_object_completion,86049,5,safe_name_12,Less,2,1,1,False
382,sparse_edit_or_object_completion,86049,6,safe_name_13,Cast,1,1,1,False
382,sparse_edit_or_object_completion,86049,7,safe_name_14,Unsqueeze,1,1,1,False
382,sparse_edit_or_object_completion,86049,8,safe_name_15,MatMul,2,1,1,True
382,sparse_edit_or_object_completion,86049,9,safe_name_16,Cast,1,1,1,False
382,sparse_edit_or_object_completion,86049,10,safe_name_17,MatMul,2,1,1,True
382,sparse_edit_or_object_completion,86049,11,safe_name_18,ScatterElements,3,1,1,True
382,sparse_edit_or_object_completion,86049,12,output,Reshape,2,1,1,False
239,crop_or_resize,85612,0,safe_name_8,Reshape,2,1,1,False
239,crop_or_resize,85612,1,safe_name_9,Gather,2,1,1,True
239,crop_or_resize,85612,2,safe_name_10,Sub,2,1,1,False
239,crop_or_resize,85612,3,safe_name_11,Mul,2,1,1,False
239,crop_or_resize,85612,4,safe_name_12,ReduceSum,1,1,1,False
239,crop_or_resize,85612,5,safe_name_13,Less,2,1,1,False
239,crop_or_resize,85612,6,safe_name_14,Cast,1,1,1,False
239,crop_or_resize,85612,7,safe_name_15,Unsqueeze,1,1,1,False
239,crop_or_resize,85612,8,safe_name_16,MatMul,2,1,1,True
239,crop_or_resize,85612,9,safe_name_17,Cast,1,1,1,False
239,crop_or_resize,85612,10,safe_name_18,MatMul,2,1,1,True
239,crop_or_resize,85612,11,safe_name_19,ScatterElements,3,1,1,True
239,crop_or_resize,85612,12,output,Reshape,2,1,1,False
2,sparse_edit_or_object_completion,84626,0,safe_name_7,Reshape,2,1,1,False
2,sparse_edit_or_object_completion,84626,1,safe_name_8,Gather,2,1,1,True
2,sparse_edit_or_object_completion,84626,2,safe_name_9,Sub,2,1,1,False
2,sparse_edit_or_object_completion,84626,3,safe_name_10,Mul,2,1,1,False
2,sparse_edit_or_object_completion,84626,4,safe_name_11,ReduceSum,1,1,1,False
2,sparse_edit_or_object_completion,84626,5,safe_name_12,Less,2,1,1,False
2,sparse_edit_or_object_completion,84626,6,safe_name_13,Cast,1,1,1,False
2,sparse_edit_or_object_completion,84626,7,safe_name_14,Unsqueeze,1,1,1,False
2,sparse_edit_or_object_completion,84626,8,safe_name_15,MatMul,2,1,1,True
2,sparse_edit_or_object_completion,84626,9,safe_name_16,Cast,1,1,1,False
2,sparse_edit_or_object_completion,84626,10,safe_name_17,MatMul,2,1,1,True
2,sparse_edit_or_object_completion,84626,11,safe_name_18,ScatterElements,3,1,1,True
2,sparse_edit_or_object_completion,84626,12,output,Reshape,2,1,1,False
398,crop_or_resize,84295,0,safe_name_26,Cast,1,1,1,False
398,crop_or_resize,84295,1,safe_name_27,Slice,5,1,1,True
398,crop_or_resize,84295,2,safe_name_28,Cast,1,1,0,False
398,crop_or_resize,84295,3,safe_name_29,Conv,2,1,1,True
398,crop_or_resize,84295,4,safe_name_30,ReduceSum,1,1,1,False
398,crop_or_resize,84295,5,safe_name_31,Cast,1,1,1,False
398,crop_or_resize,84295,6,safe_name_32,Mul,2,1,1,False
398,crop_or_resize,84295,7,safe_name_33,Sub,2,1,1,False
398,crop_or_resize,84295,8,safe_name_34,Less,2,1,1,False
398,crop_or_resize,84295,9,safe_name_35,Less,2,1,1,False
398,crop_or_resize,84295,10,safe_name_36,And,2,1,1,False
398,crop_or_resize,84295,11,safe_name_37,Equal,2,1,1,False
398,crop_or_resize,84295,12,safe_name_38,And,2,1,1,False
398,crop_or_resize,84295,13,safe_name_39,Slice,4,1,1,True
398,crop_or_resize,84295,14,safe_name_40,Where,3,1,1,True
398,crop_or_resize,84295,15,safe_name_41,Add,2,1,1,False
398,crop_or_resize,84295,16,safe_name_42,Equal,2,1,1,False
398,crop_or_resize,84295,17,safe_name_43,And,2,1,1,False
398,crop_or_resize,84295,18,safe_name_44,Slice,4,1,1,True
398,crop_or_resize,84295,19,safe_name_45,Where,3,1,1,True
398,crop_or_resize,84295,20,safe_name_46,Add,2,1,1,False
398,crop_or_resize,84295,21,safe_name_47,Equal,2,1,1,False
398,crop_or_resize,84295,22,safe_name_48,And,2,1,1,False
398,crop_or_resize,84295,23,safe_name_49,Slice,4,1,1,True
398,crop_or_resize,84295,24,safe_name_50,Where,3,1,1,True
398,crop_or_resize,84295,25,safe_name_51,Add,2,1,1,False
398,crop_or_resize,84295,26,safe_name_52,Equal,2,1,1,False
398,crop_or_resize,84295,27,safe_name_53,And,2,1,1,False
398,crop_or_resize,84295,28,safe_name_54,Slice,4,1,1,True
398,crop_or_resize,84295,29,safe_name_55,Where,3,1,1,True
398,crop_or_resize,84295,30,safe_name_56,Add,2,1,1,False
398,crop_or_resize,84295,31,safe_name_57,Equal,2,1,1,False
398,crop_or_resize,84295,32,safe_name_58,And,2,1,1,False
398,crop_or_resize,84295,33,safe_name_59,Slice,4,1,1,True
398,crop_or_resize,84295,34,safe_name_60,Where,3,1,1,True
398,crop_or_resize,84295,35,safe_name_61,Or,2,1,1,False
398,crop_or_resize,84295,36,safe_name_62,Or,2,1,1,False
398,crop_or_resize,84295,37,safe_name_63,Or,2,1,1,False
398,crop_or_resize,84295,38,safe_name_64,Or,2,1,1,False
398,crop_or_resize,84295,39,safe_name_65,Not,1,1,1,False
398,crop_or_resize,84295,40,safe_name_66,And,2,1,1,False
398,crop_or_resize,84295,41,safe_name_67,Where,3,1,1,True
398,crop_or_resize,84295,42,safe_name_68,Max,6,1,1,False
398,crop_or_resize,84295,43,output,Pad,3,1,1,False
275,crop_or_resize,83879,0,safe_name_26,Cast,1,1,1,False
275,crop_or_resize,83879,1,safe_name_27,ReduceSum,1,1,1,False
275,crop_or_resize,83879,2,safe_name_28,Gather,2,1,1,True
275,crop_or_resize,83879,3,safe_name_29,Gather,2,1,1,True
275,crop_or_resize,83879,4,safe_name_30,Gather,2,1,1,True
275,crop_or_resize,83879,5,safe_name_31,Gather,2,1,1,True
275,crop_or_resize,83879,6,safe_name_32,Gather,2,1,1,True
275,crop_or_resize,83879,7,safe_name_33,Gather,2,1,1,True
275,crop_or_resize,83879,8,safe_name_34,Gather,2,1,1,True
275,crop_or_resize,83879,9,safe_name_35,Gather,2,1,1,True
275,crop_or_resize,83879,10,safe_name_36,Sum,2,1,1,False
275,crop_or_resize,83879,11,safe_name_37,ReduceSum,1,1,1,False
275,crop_or_resize,83879,12,safe_name_38,Gather,2,1,1,True
275,crop_or_resize,83879,13,safe_name_39,Gather,2,1,1,True
275,crop_or_resize,83879,14,safe_name_40,ReduceSum,1,1,1,False
275,crop_or_resize,83879,15,safe_name_41,ReduceSum,1,1,1,False
275,crop_or_resize,83879,16,safe_name_42,Sub,2,1,1,False
275,crop_or_resize,83879,17,safe_name_43,Mul,2,1,1,False
275,crop_or_resize,83879,18,safe_name_44,Less,2,1,1,False
275,crop_or_resize,83879,19,safe_name_45,Sub,2,1,1,False
275,crop_or_resize,83879,20,safe_name_46,Mul,2,1,1,False
275,crop_or_resize,83879,21,safe_name_47,Less,2,1,1,False
275,crop_or_resize,83879,22,safe_name_48,Greater,2,1,1,False
275,crop_or_resize,83879,23,safe_name_49,And,2,1,1,False
275,crop_or_resize,83879,24,safe_name_50,And,2,1,1,False
275,crop_or_resize,83879,25,safe_name_51,Cast,1,1,0,False
275,crop_or_resize,83879,26,safe_name_52,Reshape,2,1,1,False
275,crop_or_resize,83879,27,safe_name_53,Gather,2,1,1,True
275,crop_or_resize,83879,28,safe_name_54,Gather,2,1,1,True
275,crop_or_resize,83879,29,safe_name_55,Gather,2,1,1,True
275,crop_or_resize,83879,30,safe_name_56,Sum,2,1,1,False
275,crop_or_resize,83879,31,safe_name_57,Reshape,2,1,1,False
275,crop_or_resize,83879,32,safe_name_58,Mul,2,1,1,False
275,crop_or_resize,83879,33,safe_name_59,MatMul,2,1,1,True
275,crop_or_resize,83879,34,safe_name_60,Reshape,2,1,1,False
275,crop_or_resize,83879,35,safe_name_61,Transpose,1,1,1,False
275,crop_or_resize,83879,36,safe_name_62,Reshape,2,1,1,False
275,crop_or_resize,83879,37,safe_name_63,Pad,1,1,1,False
275,crop_or_resize,83879,38,safe_name_64,Gather,2,1,1,True
275,crop_or_resize,83879,39,safe_name_65,Gather,2,1,1,True
275,crop_or_resize,83879,40,safe_name_66,Gather,2,1,1,True
275,crop_or_resize,83879,41,safe_name_67,Sum,2,1,1,False
275,crop_or_resize,83879,42,safe_name_68,Reshape,2,1,1,False
275,crop_or_resize,83879,43,safe_name_69,Mul,2,1,1,False
275,crop_or_resize,83879,44,safe_name_70,MatMul,2,1,1,True
275,crop_or_resize,83879,45,safe_name_71,Reshape,2,1,1,False
275,crop_or_resize,83879,46,safe_name_72,Transpose,1,1,1,False
275,crop_or_resize,83879,47,safe_name_73,Reshape,2,1,1,False
275,crop_or_resize,83879,48,safe_name_74,Pad,1,1,1,False
275,crop_or_resize,83879,49,safe_name_75,Gather,2,1,1,True
275,crop_or_resize,83879,50,safe_name_76,Gather,2,1,1,True
275,crop_or_resize,83879,51,safe_name_77,Gather,2,1,1,True
275,crop_or_resize,83879,52,safe_name_78,Sum,2,1,1,False
275,crop_or_resize,83879,53,safe_name_79,Reshape,2,1,1,False
275,crop_or_resize,83879,54,safe_name_80,Mul,2,1,1,False
275,crop_or_resize,83879,55,safe_name_81,MatMul,2,1,1,True
275,crop_or_resize,83879,56,safe_name_82,Reshape,2,1,1,False
275,crop_or_resize,83879,57,safe_name_83,Transpose,1,1,1,False
275,crop_or_resize,83879,58,safe_name_84,Reshape,2,1,1,False
275,crop_or_resize,83879,59,safe_name_85,Pad,1,1,1,False
275,crop_or_resize,83879,60,safe_name_86,Gather,2,1,1,True
275,crop_or_resize,83879,61,safe_name_87,Gather,2,1,1,True
275,crop_or_resize,83879,62,safe_name_88,Gather,2,1,1,True
275,crop_or_resize,83879,63,safe_name_89,Sum,2,1,1,False
275,crop_or_resize,83879,64,safe_name_90,Reshape,2,1,1,False
275,crop_or_resize,83879,65,safe_name_91,Mul,2,1,1,False
275,crop_or_resize,83879,66,safe_name_92,MatMul,2,1,1,True
275,crop_or_resize,83879,67,safe_name_93,Reshape,2,1,1,False
275,crop_or_resize,83879,68,safe_name_94,Transpose,1,1,1,False
275,crop_or_resize,83879,69,safe_name_95,Reshape,2,1,1,False
275,crop_or_resize,83879,70,safe_name_96,Pad,1,1,1,False
275,crop_or_resize,83879,71,safe_name_97,Gather,2,1,1,True
275,crop_or_resize,83879,72,safe_name_98,Gather,2,1,1,True
275,crop_or_resize,83879,73,safe_name_99,Sum,2,1,1,False
275,crop_or_resize,83879,74,safe_name_100,Gather,2,1,1,True
275,crop_or_resize,83879,75,safe_name_101,Gather,2,1,1,True
275,crop_or_resize,83879,76,safe_name_102,ReduceSum,1,1,1,False
275,crop_or_resize,83879,77,safe_name_103,ReduceSum,1,1,1,False
275,crop_or_resize,83879,78,safe_name_104,Sub,2,1,1,False
275,crop_or_resize,83879,79,safe_name_105,Mul,2,1,1,False
275,crop_or_resize,83879,80,safe_name_106,Less,2,1,1,False
275,crop_or_resize,83879,81,safe_name_107,Greater,2,1,1,False
275,crop_or_resize,83879,82,safe_name_108,And,2,1,1,False
275,crop_or_resize,83879,83,safe_name_109,And,2,1,1,False
275,crop_or_resize,83879,84,safe_name_110,Cast,1,1,0,False
275,crop_or_resize,83879,85,safe_name_111,Reshape,2,1,1,False
275,crop_or_resize,83879,86,safe_name_112,Gather,2,1,1,True
275,crop_or_resize,83879,87,safe_name_113,Gather,2,1,1,True
275,crop_or_resize,83879,88,safe_name_114,Sum,2,1,1,False
275,crop_or_resize,83879,89,safe_name_115,Reshape,2,1,1,False
275,crop_or_resize,83879,90,safe_name_116,Mul,2,1,1,False
275,crop_or_resize,83879,91,safe_name_117,MatMul,2,1,1,True
275,crop_or_resize,83879,92,safe_name_118,Reshape,2,1,1,False
275,crop_or_resize,83879,93,safe_name_119,Transpose,1,1,1,False
275,crop_or_resize,83879,94,safe_name_120,Reshape,2,1,1,False
275,crop_or_resize,83879,95,safe_name_121,Pad,1,1,1,False
275,crop_or_resize,83879,96,safe_name_122,Gather,2,1,1,True
275,crop_or_resize,83879,97,safe_name_123,Gather,2,1,1,True
275,crop_or_resize,83879,98,safe_name_124,Sum,2,1,1,False
275,crop_or_resize,83879,99,safe_name_125,Reshape,2,1,1,False
275,crop_or_resize,83879,100,safe_name_126,Mul,2,1,1,False
275,crop_or_resize,83879,101,safe_name_127,MatMul,2,1,1,True
275,crop_or_resize,83879,102,safe_name_128,Reshape,2,1,1,False
275,crop_or_resize,83879,103,safe_name_129,Transpose,1,1,1,False
275,crop_or_resize,83879,104,safe_name_130,Reshape,2,1,1,False
275,crop_or_resize,83879,105,safe_name_131,Pad,1,1,1,False
275,crop_or_resize,83879,106,safe_name_132,Gather,2,1,1,True
275,crop_or_resize,83879,107,safe_name_133,Gather,2,1,1,True
275,crop_or_resize,83879,108,safe_name_134,Sum,2,1,1,False
275,crop_or_resize,83879,109,safe_name_135,Reshape,2,1,1,False
275,crop_or_resize,83879,110,safe_name_136,Mul,2,1,1,False
275,crop_or_resize,83879,111,safe_name_137,MatMul,2,1,1,True
275,crop_or_resize,83879,112,safe_name_138,Reshape,2,1,1,False
275,crop_or_resize,83879,113,safe_name_139,Transpose,1,1,1,False
275,crop_or_resize,83879,114,safe_name_140,Reshape,2,1,1,False
275,crop_or_resize,83879,115,safe_name_141,Pad,1,1,1,False
275,crop_or_resize,83879,116,safe_name_142,Gather,2,1,1,True
275,crop_or_resize,83879,117,safe_name_143,Gather,2,1,1,True
275,crop_or_resize,83879,118,safe_name_144,Sum,2,1,1,False
275,crop_or_resize,83879,119,safe_name_145,Reshape,2,1,1,False
275,crop_or_resize,83879,120,safe_name_146,Mul,2,1,1,False
275,crop_or_resize,83879,121,safe_name_147,MatMul,2,1,1,True
275,crop_or_resize,83879,122,safe_name_148,Reshape,2,1,1,False
275,crop_or_resize,83879,123,safe_name_149,Transpose,1,1,1,False
275,crop_or_resize,83879,124,safe_name_150,Reshape,2,1,1,False
275,crop_or_resize,83879,125,safe_name_151,Pad,1,1,1,False
275,crop_or_resize,83879,126,safe_name_152,Gather,2,1,1,True
275,crop_or_resize,83879,127,safe_name_153,Gather,2,1,1,True
275,crop_or_resize,83879,128,safe_name_154,Gather,2,1,1,True
275,crop_or_resize,83879,129,safe_name_155,Sum,2,1,1,False
275,crop_or_resize,83879,130,safe_name_156,Gather,2,1,1,True
275,crop_or_resize,83879,131,safe_name_157,Gather,2,1,1,True
275,crop_or_resize,83879,132,safe_name_158,ReduceSum,1,1,1,False
275,crop_or_resize,83879,133,safe_name_159,ReduceSum,1,1,1,False
275,crop_or_resize,83879,134,safe_name_160,Sub,2,1,1,False
275,crop_or_resize,83879,135,safe_name_161,Mul,2,1,1,False
275,crop_or_resize,83879,136,safe_name_162,Less,2,1,1,False
275,crop_or_resize,83879,137,safe_name_163,Sub,2,1,1,False
275,crop_or_resize,83879,138,safe_name_164,Mul,2,1,1,False
275,crop_or_resize,83879,139,safe_name_165,Less,2,1,1,False
275,crop_or_resize,83879,140,safe_name_166,Greater,2,1,1,False
275,crop_or_resize,83879,141,safe_name_167,And,2,1,1,False
275,crop_or_resize,83879,142,safe_name_168,And,2,1,1,False
275,crop_or_resize,83879,143,safe_name_169,Cast,1,1,0,False
275,crop_or_resize,83879,144,safe_name_170,Reshape,2,1,1,False
275,crop_or_resize,83879,145,safe_name_171,Gather,2,1,1,True
275,crop_or_resize,83879,146,safe_name_172,Gather,2,1,1,True
275,crop_or_resize,83879,147,safe_name_173,Gather,2,1,1,True
275,crop_or_resize,83879,148,safe_name_174,Sum,2,1,1,False
275,crop_or_resize,83879,149,safe_name_175,Reshape,2,1,1,False
275,crop_or_resize,83879,150,safe_name_176,Mul,2,1,1,False
275,crop_or_resize,83879,151,safe_name_177,MatMul,2,1,1,True
275,crop_or_resize,83879,152,safe_name_178,Reshape,2,1,1,False
275,crop_or_resize,83879,153,safe_name_179,Transpose,1,1,1,False
275,crop_or_resize,83879,154,safe_name_180,Reshape,2,1,1,False
275,crop_or_resize,83879,155,safe_name_181,Gather,2,1,1,True
275,crop_or_resize,83879,156,safe_name_182,Gather,2,1,1,True
275,crop_or_resize,83879,157,safe_name_183,Gather,2,1,1,True
275,crop_or_resize,83879,158,safe_name_184,Sum,2,1,1,False
275,crop_or_resize,83879,159,safe_name_185,Reshape,2,1,1,False
275,crop_or_resize,83879,160,safe_name_186,Mul,2,1,1,False
275,crop_or_resize,83879,161,safe_name_187,MatMul,2,1,1,True
275,crop_or_resize,83879,162,safe_name_188,Reshape,2,1,1,False
275,crop_or_resize,83879,163,safe_name_189,Transpose,1,1,1,False
275,crop_or_resize,83879,164,safe_name_190,Reshape,2,1,1,False
275,crop_or_resize,83879,165,safe_name_191,Gather,2,1,1,True
275,crop_or_resize,83879,166,safe_name_192,Gather,2,1,1,True
275,crop_or_resize,83879,167,safe_name_193,Gather,2,1,1,True
275,crop_or_resize,83879,168,safe_name_194,Sum,2,1,1,False
275,crop_or_resize,83879,169,safe_name_195,Reshape,2,1,1,False
275,crop_or_resize,83879,170,safe_name_196,Mul,2,1,1,False
275,crop_or_resize,83879,171,safe_name_197,MatMul,2,1,1,True
275,crop_or_resize,83879,172,safe_name_198,Reshape,2,1,1,False
275,crop_or_resize,83879,173,safe_name_199,Transpose,1,1,1,False
275,crop_or_resize,83879,174,safe_name_200,Reshape,2,1,1,False
275,crop_or_resize,83879,175,safe_name_201,Gather,2,1,1,True
275,crop_or_resize,83879,176,safe_name_202,Gather,2,1,1,True
275,crop_or_resize,83879,177,safe_name_203,Gather,2,1,1,True
275,crop_or_resize,83879,178,safe_name_204,Sum,2,1,1,False
275,crop_or_resize,83879,179,safe_name_205,Reshape,2,1,1,False
275,crop_or_resize,83879,180,safe_name_206,Mul,2,1,1,False
275,crop_or_resize,83879,181,safe_name_207,MatMul,2,1,1,True
275,crop_or_resize,83879,182,safe_name_208,Reshape,2,1,1,False
275,crop_or_resize,83879,183,safe_name_209,Transpose,1,1,1,False
275,crop_or_resize,83879,184,safe_name_210,Reshape,2,1,1,False
275,crop_or_resize,83879,185,safe_name_211,Gather,2,1,1,True
275,crop_or_resize,83879,186,safe_name_212,Gather,2,1,1,True
275,crop_or_resize,83879,187,safe_name_213,Sum,2,1,1,False
275,crop_or_resize,83879,188,safe_name_214,Gather,2,1,1,True
275,crop_or_resize,83879,189,safe_name_215,Gather,2,1,1,True
275,crop_or_resize,83879,190,safe_name_216,ReduceSum,1,1,1,False
275,crop_or_resize,83879,191,safe_name_217,ReduceSum,1,1,1,False
275,crop_or_resize,83879,192,safe_name_218,Sub,2,1,1,False
275,crop_or_resize,83879,193,safe_name_219,Mul,2,1,1,False
275,crop_or_resize,83879,194,safe_name_220,Less,2,1,1,False
275,crop_or_resize,83879,195,safe_name_221,Greater,2,1,1,False
275,crop_or_resize,83879,196,safe_name_222,And,2,1,1,False
275,crop_or_resize,83879,197,safe_name_223,And,2,1,1,False
275,crop_or_resize,83879,198,safe_name_224,Cast,1,1,0,False
275,crop_or_resize,83879,199,safe_name_225,Reshape,2,1,1,False
275,crop_or_resize,83879,200,safe_name_226,Gather,2,1,1,True
275,crop_or_resize,83879,201,safe_name_227,Gather,2,1,1,True
275,crop_or_resize,83879,202,safe_name_228,Sum,2,1,1,False
275,crop_or_resize,83879,203,safe_name_229,Reshape,2,1,1,False
275,crop_or_resize,83879,204,safe_name_230,Mul,2,1,1,False
275,crop_or_resize,83879,205,safe_name_231,MatMul,2,1,1,True
275,crop_or_resize,83879,206,safe_name_232,Reshape,2,1,1,False
275,crop_or_resize,83879,207,safe_name_233,Transpose,1,1,1,False
275,crop_or_resize,83879,208,safe_name_234,Reshape,2,1,1,False
275,crop_or_resize,83879,209,safe_name_235,Gather,2,1,1,True
275,crop_or_resize,83879,210,safe_name_236,Gather,2,1,1,True
275,crop_or_resize,83879,211,safe_name_237,Sum,2,1,1,False
275,crop_or_resize,83879,212,safe_name_238,Reshape,2,1,1,False
275,crop_or_resize,83879,213,safe_name_239,Mul,2,1,1,False
275,crop_or_resize,83879,214,safe_name_240,MatMul,2,1,1,True
275,crop_or_resize,83879,215,safe_name_241,Reshape,2,1,1,False
275,crop_or_resize,83879,216,safe_name_242,Transpose,1,1,1,False
275,crop_or_resize,83879,217,safe_name_243,Reshape,2,1,1,False
275,crop_or_resize,83879,218,safe_name_244,Gather,2,1,1,True
275,crop_or_resize,83879,219,safe_name_245,Gather,2,1,1,True
275,crop_or_resize,83879,220,safe_name_246,Sum,2,1,1,False
275,crop_or_resize,83879,221,safe_name_247,Reshape,2,1,1,False
275,crop_or_resize,83879,222,safe_name_248,Mul,2,1,1,False
275,crop_or_resize,83879,223,safe_name_249,MatMul,2,1,1,True
275,crop_or_resize,83879,224,safe_name_250,Reshape,2,1,1,False
275,crop_or_resize,83879,225,safe_name_251,Transpose,1,1,1,False
275,crop_or_resize,83879,226,safe_name_252,Reshape,2,1,1,False
275,crop_or_resize,83879,227,safe_name_253,Gather,2,1,1,True
275,crop_or_resize,83879,228,safe_name_254,Gather,2,1,1,True
275,crop_or_resize,83879,229,safe_name_255,Sum,2,1,1,False
275,crop_or_resize,83879,230,safe_name_256,Reshape,2,1,1,False
275,crop_or_resize,83879,231,safe_name_257,Mul,2,1,1,False
275,crop_or_resize,83879,232,safe_name_258,MatMul,2,1,1,True
275,crop_or_resize,83879,233,safe_name_259,Reshape,2,1,1,False
275,crop_or_resize,83879,234,safe_name_260,Transpose,1,1,1,False
275,crop_or_resize,83879,235,safe_name_261,Reshape,2,1,1,False
275,crop_or_resize,83879,236,safe_name_262,Sum,2,1,1,False
275,crop_or_resize,83879,237,safe_name_263,Mul,2,1,1,False
275,crop_or_resize,83879,238,safe_name_264,Sum,2,1,1,False
275,crop_or_resize,83879,239,safe_name_265,Mul,2,1,1,False
275,crop_or_resize,83879,240,safe_name_266,Sum,2,1,1,False
275,crop_or_resize,83879,241,safe_name_267,Sum,4,1,1,False
275,crop_or_resize,83879,242,safe_name_268,Pad,1,1,1,False
275,crop_or_resize,83879,243,safe_name_269,Sum,4,1,1,False
275,crop_or_resize,83879,244,safe_name_270,Pad,1,1,1,False
275,crop_or_resize,83879,245,safe_name_271,Sum,4,1,1,False
275,crop_or_resize,83879,246,safe_name_272,Pad,1,1,1,False
275,crop_or_resize,83879,247,safe_name_273,Sum,4,1,1,False
275,crop_or_resize,83879,248,safe_name_274,Pad,1,1,1,False
275,crop_or_resize,83879,249,safe_name_275,Sum,16,1,1,False
275,crop_or_resize,83879,250,safe_name_276,Pad,1,1,1,False
275,crop_or_resize,83879,251,safe_name_277,Sub,2,1,1,False
275,crop_or_resize,83879,252,output,Concat,10,1,1,False
313,sparse_edit_or_object_completion,83572,0,safe_name_12,Cast,1,1,1,False
313,sparse_edit_or_object_completion,83572,1,safe_name_13,Conv,2,1,1,True
313,sparse_edit_or_object_completion,83572,2,safe_name_14,Squeeze,1,1,1,False
313,sparse_edit_or_object_completion,83572,3,safe_name_15,Greater,2,1,1,False
313,sparse_edit_or_object_completion,83572,4,safe_name_16,Cast,1,1,1,False
313,sparse_edit_or_object_completion,83572,5,safe_name_17,ReduceMax,1,1,1,False
313,sparse_edit_or_object_completion,83572,6,safe_name_18,ReduceMax,1,1,1,False
313,sparse_edit_or_object_completion,83572,7,safe_name_19,Reshape,2,1,1,False
313,sparse_edit_or_object_completion,83572,8,safe_name_20,Cast,1,1,1,False
313,sparse_edit_or_object_completion,83572,9,safe_name_21,Cast,1,1,1,False
313,sparse_edit_or_object_completion,83572,10,safe_name_22,Sub,2,1,1,False
313,sparse_edit_or_object_completion,83572,11,safe_name_23,Sub,2,1,1,False
313,sparse_edit_or_object_completion,83572,12,safe_name_24,Mul,2,1,1,False
313,sparse_edit_or_object_completion,83572,13,safe_name_25,Mul,2,1,1,False
313,sparse_edit_or_object_completion,83572,14,safe_name_26,Add,2,1,1,False
313,sparse_edit_or_object_completion,83572,15,safe_name_27,Add,2,1,1,False
313,sparse_edit_or_object_completion,83572,16,safe_name_28,ReduceMin,1,1,1,False
313,sparse_edit_or_object_completion,83572,17,safe_name_29,ReduceMin,1,1,1,False
313,sparse_edit_or_object_completion,83572,18,safe_name_30,Mul,2,1,1,False
313,sparse_edit_or_object_completion,83572,19,safe_name_31,Mul,2,1,1,False
313,sparse_edit_or_object_completion,83572,20,safe_name_32,ReduceMax,1,1,1,False
313,sparse_edit_or_object_completion,83572,21,safe_name_33,ReduceMax,1,1,1,False
313,sparse_edit_or_object_completion,83572,22,safe_name_34,Sub,2,1,1,False
313,sparse_edit_or_object_completion,83572,23,safe_name_35,Sub,2,1,1,False
313,sparse_edit_or_object_completion,83572,24,safe_name_36,Add,2,1,1,False
313,sparse_edit_or_object_completion,83572,25,safe_name_37,Add,2,1,1,False
313,sparse_edit_or_object_completion,83572,26,safe_name_38,Greater,2,1,1,False
313,sparse_edit_or_object_completion,83572,27,safe_name_39,Where,3,1,1,True
313,sparse_edit_or_object_completion,83572,28,safe_name_40,Add,2,1,1,False
313,sparse_edit_or_object_completion,83572,29,safe_name_41,Gather,2,1,1,True
313,sparse_edit_or_object_completion,83572,30,safe_name_42,Less,2,1,1,False
313,sparse_edit_or_object_completion,83572,31,safe_name_43,Less,2,1,1,False
313,sparse_edit_or_object_completion,83572,32,safe_name_44,And,2,1,1,False
313,sparse_edit_or_object_completion,83572,33,output,Where,3,1,1,True
158,sparse_edit_or_object_completion,81918,0,safe_name_7,Reshape,2,1,1,False
158,sparse_edit_or_object_completion,81918,1,safe_name_8,Gather,2,1,1,True
158,sparse_edit_or_object_completion,81918,2,safe_name_9,Sub,2,1,1,False
158,sparse_edit_or_object_completion,81918,3,safe_name_10,Mul,2,1,1,False
158,sparse_edit_or_object_completion,81918,4,safe_name_11,ReduceSum,1,1,1,False
158,sparse_edit_or_object_completion,81918,5,safe_name_12,Less,2,1,1,False
158,sparse_edit_or_object_completion,81918,6,safe_name_13,Cast,1,1,1,False
158,sparse_edit_or_object_completion,81918,7,safe_name_14,Unsqueeze,1,1,1,False
158,sparse_edit_or_object_completion,81918,8,safe_name_15,MatMul,2,1,1,True
158,sparse_edit_or_object_completion,81918,9,safe_name_16,Cast,1,1,1,False
158,sparse_edit_or_object_completion,81918,10,safe_name_17,MatMul,2,1,1,True
158,sparse_edit_or_object_completion,81918,11,safe_name_18,ScatterElements,3,1,1,True
158,sparse_edit_or_object_completion,81918,12,output,Reshape,2,1,1,False
234,sparse_edit_or_object_completion,81703,0,safe_name_14,Cast,1,1,1,False
234,sparse_edit_or_object_completion,81703,1,safe_name_15,Slice,4,1,1,True
234,sparse_edit_or_object_completion,81703,2,safe_name_16,ReduceSum,2,1,1,False
234,sparse_edit_or_object_completion,81703,3,safe_name_17,ReduceSum,2,1,1,False
234,sparse_edit_or_object_completion,81703,4,safe_name_18,ReduceSum,2,1,1,False
234,sparse_edit_or_object_completion,81703,5,safe_name_19,Greater,2,1,1,False
234,sparse_edit_or_object_completion,81703,6,safe_name_20,Greater,2,1,1,False
234,sparse_edit_or_object_completion,81703,7,safe_name_21,Greater,2,1,1,False
234,sparse_edit_or_object_completion,81703,8,safe_name_22,Greater,2,1,1,False
234,sparse_edit_or_object_completion,81703,9,safe_name_23,Cast,1,1,0,False
234,sparse_edit_or_object_completion,81703,10,safe_name_24,Cast,1,1,0,False
234,sparse_edit_or_object_completion,81703,11,safe_name_25,ReduceSum,2,1,1,False
234,sparse_edit_or_object_completion,81703,12,safe_name_26,ReduceSum,2,1,1,False
234,sparse_edit_or_object_completion,81703,13,safe_name_27,Greater,2,1,1,False
234,sparse_edit_or_object_completion,81703,14,safe_name_28,Where,3,1,1,True
234,sparse_edit_or_object_completion,81703,15,safe_name_29,Where,3,1,1,True
234,sparse_edit_or_object_completion,81703,16,safe_name_30,Where,3,1,1,True
234,sparse_edit_or_object_completion,81703,17,safe_name_31,Where,3,1,1,True
234,sparse_edit_or_object_completion,81703,18,safe_name_32,Where,3,1,1,True
234,sparse_edit_or_object_completion,81703,19,safe_name_33,Where,3,1,1,True
234,sparse_edit_or_object_completion,81703,20,safe_name_34,Where,3,1,1,True
234,sparse_edit_or_object_completion,81703,21,safe_name_35,Where,3,1,1,True
234,sparse_edit_or_object_completion,81703,22,safe_name_36,ReduceMin,1,1,1,False
234,sparse_edit_or_object_completion,81703,23,safe_name_37,ReduceMax,1,1,1,False
234,sparse_edit_or_object_completion,81703,24,safe_name_38,ReduceMin,1,1,1,False
234,sparse_edit_or_object_completion,81703,25,safe_name_39,ReduceMax,1,1,1,False
234,sparse_edit_or_object_completion,81703,26,safe_name_40,ReduceMin,1,1,1,False
234,sparse_edit_or_object_completion,81703,27,safe_name_41,ReduceMax,1,1,1,False
234,sparse_edit_or_object_completion,81703,28,safe_name_42,ReduceMin,1,1,1,False
234,sparse_edit_or_object_completion,81703,29,safe_name_43,ReduceMax,1,1,1,False
234,sparse_edit_or_object_completion,81703,30,safe_name_44,Less,2,1,1,False
234,sparse_edit_or_object_completion,81703,31,safe_name_45,Greater,2,1,1,False
234,sparse_edit_or_object_completion,81703,32,safe_name_46,Less,2,1,1,False
234,sparse_edit_or_object_completion,81703,33,safe_name_47,Greater,2,1,1,False
234,sparse_edit_or_object_completion,81703,34,safe_name_48,Sub,2,1,1,False
234,sparse_edit_or_object_completion,81703,35,safe_name_49,Add,2,1,1,False
234,sparse_edit_or_object_completion,81703,36,safe_name_50,Where,3,1,1,True
234,sparse_edit_or_object_completion,81703,37,safe_name_51,Where,3,1,1,True
234,sparse_edit_or_object_completion,81703,38,safe_name_52,Add,2,1,1,False
234,sparse_edit_or_object_completion,81703,39,safe_name_53,Sub,2,1,1,False
234,sparse_edit_or_object_completion,81703,40,safe_name_54,Sub,2,1,1,False
234,sparse_edit_or_object_completion,81703,41,safe_name_55,Add,2,1,1,False
234,sparse_edit_or_object_completion,81703,42,safe_name_56,Where,3,1,1,True
234,sparse_edit_or_object_completion,81703,43,safe_name_57,Where,3,1,1,True
234,sparse_edit_or_object_completion,81703,44,safe_name_58,Add,2,1,1,False
234,sparse_edit_or_object_completion,81703,45,safe_name_59,Sub,2,1,1,False
234,sparse_edit_or_object_completion,81703,46,safe_name_60,GreaterOrEqual,2,1,0,False
234,sparse_edit_or_object_completion,81703,47,safe_name_61,LessOrEqual,2,1,0,False
234,sparse_edit_or_object_completion,81703,48,safe_name_62,And,2,1,1,False
234,sparse_edit_or_object_completion,81703,49,safe_name_63,GreaterOrEqual,2,1,0,False
234,sparse_edit_or_object_completion,81703,50,safe_name_64,LessOrEqual,2,1,0,False
234,sparse_edit_or_object_completion,81703,51,safe_name_65,And,2,1,1,False
234,sparse_edit_or_object_completion,81703,52,safe_name_66,And,2,1,1,False
234,sparse_edit_or_object_completion,81703,53,safe_name_67,And,2,1,1,False
234,sparse_edit_or_object_completion,81703,54,safe_name_68,Cast,1,1,1,False
234,sparse_edit_or_object_completion,81703,55,safe_name_69,ReduceSum,2,1,1,False
234,sparse_edit_or_object_completion,81703,56,safe_name_70,Sub,2,1,1,False
234,sparse_edit_or_object_completion,81703,57,output,Concat,2,1,1,False
19,crop_or_resize,81346,0,safe_name_13,Cast,1,1,1,False
19,crop_or_resize,81346,1,safe_name_14,ReduceSum,2,1,1,False
19,crop_or_resize,81346,2,safe_name_15,ReduceMax,1,1,1,False
19,crop_or_resize,81346,3,safe_name_16,ReduceMax,1,1,1,False
19,crop_or_resize,81346,4,safe_name_17,ReduceSum,2,1,1,False
19,crop_or_resize,81346,5,safe_name_18,ReduceSum,2,1,1,False
19,crop_or_resize,81346,6,safe_name_19,Cast,1,1,1,False
19,crop_or_resize,81346,7,safe_name_20,Cast,1,1,1,False
19,crop_or_resize,81346,8,safe_name_21,Mod,2,1,1,False
19,crop_or_resize,81346,9,safe_name_22,Mod,2,1,1,False
19,crop_or_resize,81346,10,safe_name_23,Add,2,1,1,False
19,crop_or_resize,81346,11,safe_name_24,Add,2,1,1,False
19,crop_or_resize,81346,12,safe_name_25,Less,2,1,1,False
19,crop_or_resize,81346,13,safe_name_26,Less,2,1,1,False
19,crop_or_resize,81346,14,safe_name_27,Where,3,1,1,True
19,crop_or_resize,81346,15,safe_name_28,Where,3,1,1,True
19,crop_or_resize,81346,16,safe_name_29,Gather,2,1,1,True
19,crop_or_resize,81346,17,safe_name_30,Gather,2,1,1,True
19,crop_or_resize,81346,18,safe_name_31,Slice,4,1,1,True
19,crop_or_resize,81346,19,safe_name_32,ReduceSum,2,1,1,False
19,crop_or_resize,81346,20,safe_name_33,Sub,2,1,1,False
19,crop_or_resize,81346,21,safe_name_34,Conv,2,1,1,True
19,crop_or_resize,81346,22,safe_name_35,Greater,2,1,1,False
19,crop_or_resize,81346,23,safe_name_36,Greater,2,1,1,False
19,crop_or_resize,81346,24,safe_name_37,And,2,1,1,False
19,crop_or_resize,81346,25,safe_name_38,Cast,1,1,0,False
19,crop_or_resize,81346,26,safe_name_39,Sub,2,1,1,False
19,crop_or_resize,81346,27,safe_name_40,Slice,4,1,1,True
19,crop_or_resize,81346,28,safe_name_41,Add,2,1,1,False
19,crop_or_resize,81346,29,safe_name_42,Concat,2,1,1,False
19,crop_or_resize,81346,30,safe_name_43,Squeeze,2,1,1,False
19,crop_or_resize,81346,31,output,ScatterND,3,1,1,True
9,sparse_edit_or_object_completion,81241,0,safe_name_6,Cast,1,1,1,False
9,sparse_edit_or_object_completion,81241,1,safe_name_7,GatherND,2,1,1,False
9,sparse_edit_or_object_completion,81241,2,safe_name_8,Reshape,2,1,1,False
9,sparse_edit_or_object_completion,81241,3,safe_name_9,MatMul,2,1,1,True
9,sparse_edit_or_object_completion,81241,4,safe_name_10,MatMul,2,1,1,True
9,sparse_edit_or_object_completion,81241,5,safe_name_11,Greater,2,1,1,False
9,sparse_edit_or_object_completion,81241,6,safe_name_12,Greater,2,1,1,False
9,sparse_edit_or_object_completion,81241,7,safe_name_13,And,2,1,1,False
9,sparse_edit_or_object_completion,81241,8,safe_name_14,Transpose,1,1,1,False
9,sparse_edit_or_object_completion,81241,9,safe_name_15,MatMul,2,1,1,True
9,sparse_edit_or_object_completion,81241,10,safe_name_16,MatMul,2,1,1,True
9,sparse_edit_or_object_completion,81241,11,safe_name_17,Greater,2,1,1,False
9,sparse_edit_or_object_completion,81241,12,safe_name_18,Greater,2,1,1,False
9,sparse_edit_or_object_completion,81241,13,safe_name_19,And,2,1,1,False
9,sparse_edit_or_object_completion,81241,14,safe_name_20,Transpose,1,1,1,False
9,sparse_edit_or_object_completion,81241,15,safe_name_21,Or,2,1,1,False
9,sparse_edit_or_object_completion,81241,16,safe_name_22,Cast,1,1,0,False
9,sparse_edit_or_object_completion,81241,17,safe_name_23,ConvTranspose,2,1,1,False
9,sparse_edit_or_object_completion,81241,18,safe_name_24,ReduceMax,1,1,1,False
9,sparse_edit_or_object_completion,81241,19,safe_name_25,Neg,1,1,1,False
9,sparse_edit_or_object_completion,81241,20,safe_name_26,Concat,2,1,1,False
9,sparse_edit_or_object_completion,81241,21,output,Sum,2,1,1,False
285,sparse_edit_or_object_completion,81220,0,safe_name_7,Reshape,2,1,1,False
285,sparse_edit_or_object_completion,81220,1,safe_name_8,Gather,2,1,1,True
285,sparse_edit_or_object_completion,81220,2,safe_name_9,Sub,2,1,1,False
285,sparse_edit_or_object_completion,81220,3,safe_name_10,Mul,2,1,1,False
285,sparse_edit_or_object_completion,81220,4,safe_name_11,ReduceSum,1,1,1,False
285,sparse_edit_or_object_completion,81220,5,safe_name_12,Less,2,1,1,False
285,sparse_edit_or_object_completion,81220,6,safe_name_13,Cast,1,1,1,False
285,sparse_edit_or_object_completion,81220,7,safe_name_14,Unsqueeze,1,1,1,False
285,sparse_edit_or_object_completion,81220,8,safe_name_15,MatMul,2,1,1,True
285,sparse_edit_or_object_completion,81220,9,safe_name_16,Cast,1,1,1,False
285,sparse_edit_or_object_completion,81220,10,safe_name_17,MatMul,2,1,1,True
285,sparse_edit_or_object_completion,81220,11,safe_name_18,ScatterElements,3,1,1,True
285,sparse_edit_or_object_completion,81220,12,output,Reshape,2,1,1,False
303,sparse_edit_or_object_completion,80710,0,safe_name_4,Conv,2,1,1,True
303,sparse_edit_or_object_completion,80710,1,safe_name_5,ReduceMax,1,1,1,False
303,sparse_edit_or_object_completion,80710,2,safe_name_6,Conv,3,1,1,True
303,sparse_edit_or_object_completion,80710,3,safe_name_7,ReduceMax,1,1,1,False
303,sparse_edit_or_object_completion,80710,4,safe_name_8,Conv,2,1,1,True
303,sparse_edit_or_object_completion,80710,5,safe_name_9,Sum,3,1,1,False
303,sparse_edit_or_object_completion,80710,6,safe_name_10,ReduceMax,1,1,1,False
303,sparse_edit_or_object_completion,80710,7,output,Mul,2,1,1,False
383,sparse_edit_or_object_completion,80650,0,safe_name_7,Reshape,2,1,1,False
383,sparse_edit_or_object_completion,80650,1,safe_name_8,Gather,2,1,1,True
383,sparse_edit_or_object_completion,80650,2,safe_name_9,Sub,2,1,1,False
383,sparse_edit_or_object_completion,80650,3,safe_name_10,Mul,2,1,1,False
383,sparse_edit_or_object_completion,80650,4,safe_name_11,ReduceSum,1,1,1,False
383,sparse_edit_or_object_completion,80650,5,safe_name_12,Less,2,1,1,False
383,sparse_edit_or_object_completion,80650,6,safe_name_13,Cast,1,1,1,False
383,sparse_edit_or_object_completion,80650,7,safe_name_14,Unsqueeze,1,1,1,False
383,sparse_edit_or_object_completion,80650,8,safe_name_15,MatMul,2,1,1,True
383,sparse_edit_or_object_completion,80650,9,safe_name_16,Cast,1,1,1,False
383,sparse_edit_or_object_completion,80650,10,safe_name_17,MatMul,2,1,1,True
383,sparse_edit_or_object_completion,80650,11,safe_name_18,ScatterElements,3,1,1,True
383,sparse_edit_or_object_completion,80650,12,output,Reshape,2,1,1,False
34,sparse_edit_or_object_completion,80368,0,safe_name_7,Reshape,2,1,1,False
34,sparse_edit_or_object_completion,80368,1,safe_name_8,Gather,2,1,1,True
34,sparse_edit_or_object_completion,80368,2,safe_name_9,Sub,2,1,1,False
34,sparse_edit_or_object_completion,80368,3,safe_name_10,Mul,2,1,1,False
34,sparse_edit_or_object_completion,80368,4,safe_name_11,ReduceSum,1,1,1,False
34,sparse_edit_or_object_completion,80368,5,safe_name_12,Less,2,1,1,False
34,sparse_edit_or_object_completion,80368,6,safe_name_13,Cast,1,1,1,False
34,sparse_edit_or_object_completion,80368,7,safe_name_14,Unsqueeze,1,1,1,False
34,sparse_edit_or_object_completion,80368,8,safe_name_15,MatMul,2,1,1,True
34,sparse_edit_or_object_completion,80368,9,safe_name_16,Cast,1,1,1,False
34,sparse_edit_or_object_completion,80368,10,safe_name_17,MatMul,2,1,1,True
34,sparse_edit_or_object_completion,80368,11,safe_name_18,ScatterElements,3,1,1,True
34,sparse_edit_or_object_completion,80368,12,output,Reshape,2,1,1,False
202,sparse_edit_or_object_completion,80176,0,safe_name_7,Reshape,2,1,1,False
202,sparse_edit_or_object_completion,80176,1,safe_name_8,Gather,2,1,1,True
202,sparse_edit_or_object_completion,80176,2,safe_name_9,Sub,2,1,1,False
202,sparse_edit_or_object_completion,80176,3,safe_name_10,Mul,2,1,1,False
202,sparse_edit_or_object_completion,80176,4,safe_name_11,ReduceSum,1,1,1,False
202,sparse_edit_or_object_completion,80176,5,safe_name_12,Less,2,1,1,False
202,sparse_edit_or_object_completion,80176,6,safe_name_13,Cast,1,1,1,False
202,sparse_edit_or_object_completion,80176,7,safe_name_14,Unsqueeze,1,1,1,False
202,sparse_edit_or_object_completion,80176,8,safe_name_15,MatMul,2,1,1,True
202,sparse_edit_or_object_completion,80176,9,safe_name_16,Cast,1,1,1,False
202,sparse_edit_or_object_completion,80176,10,safe_name_17,MatMul,2,1,1,True
202,sparse_edit_or_object_completion,80176,11,safe_name_18,ScatterElements,3,1,1,True
202,sparse_edit_or_object_completion,80176,12,output,Reshape,2,1,1,False
36,crop_or_resize,79962,0,safe_name_17,Cast,1,1,1,False
36,crop_or_resize,79962,1,safe_name_18,ReduceSum,1,1,1,False
36,crop_or_resize,79962,2,safe_name_19,Reshape,2,1,1,False
36,crop_or_resize,79962,3,safe_name_20,ReduceMax,1,1,1,False
36,crop_or_resize,79962,4,safe_name_21,Reshape,2,1,1,False
36,crop_or_resize,79962,5,safe_name_22,ReduceMax,1,1,1,False
36,crop_or_resize,79962,6,safe_name_23,Reshape,2,1,1,False
36,crop_or_resize,79962,7,safe_name_24,ArgMax,1,1,1,False
36,crop_or_resize,79962,8,safe_name_25,ArgMax,1,1,1,False
36,crop_or_resize,79962,9,safe_name_26,Gather,2,1,1,True
36,crop_or_resize,79962,10,safe_name_27,ArgMax,1,1,1,False
36,crop_or_resize,79962,11,safe_name_28,Sub,2,1,1,False
36,crop_or_resize,79962,12,safe_name_29,Gather,2,1,1,True
36,crop_or_resize,79962,13,safe_name_30,ArgMax,1,1,1,False
36,crop_or_resize,79962,14,safe_name_31,Sub,2,1,1,False
36,crop_or_resize,79962,15,safe_name_32,Sub,2,1,1,False
36,crop_or_resize,79962,16,safe_name_33,Add,2,1,1,False
36,crop_or_resize,79962,17,safe_name_34,Sub,2,1,1,False
36,crop_or_resize,79962,18,safe_name_35,Add,2,1,1,False
36,crop_or_resize,79962,19,safe_name_36,Mul,2,1,1,False
36,crop_or_resize,79962,20,safe_name_37,Cast,1,1,0,False
36,crop_or_resize,79962,21,safe_name_38,Div,2,1,1,False
36,crop_or_resize,79962,22,safe_name_39,Greater,2,1,1,False
36,crop_or_resize,79962,23,safe_name_40,Where,3,1,1,True
36,crop_or_resize,79962,24,safe_name_41,Add,2,1,1,False
36,crop_or_resize,79962,25,safe_name_42,Sub,2,1,1,False
36,crop_or_resize,79962,26,safe_name_43,ArgMax,1,1,1,False
36,crop_or_resize,79962,27,safe_name_44,Gather,2,1,1,True
36,crop_or_resize,79962,28,safe_name_45,Gather,2,1,1,True
36,crop_or_resize,79962,29,safe_name_46,Gather,2,1,1,True
36,crop_or_resize,79962,30,safe_name_47,Gather,2,1,1,True
36,crop_or_resize,79962,31,safe_name_48,Add,2,1,1,False
36,crop_or_resize,79962,32,safe_name_49,Less,2,1,1,False
36,crop_or_resize,79962,33,safe_name_50,Where,3,1,1,True
36,crop_or_resize,79962,34,safe_name_51,Add,2,1,1,False
36,crop_or_resize,79962,35,safe_name_52,Less,2,1,1,False
36,crop_or_resize,79962,36,safe_name_53,Where,3,1,1,True
36,crop_or_resize,79962,37,safe_name_54,Gather,2,1,1,True
36,crop_or_resize,79962,38,safe_name_55,Gather,2,1,1,True
36,crop_or_resize,79962,39,safe_name_56,Sub,2,1,1,False
36,crop_or_resize,79962,40,safe_name_57,Sub,2,1,1,False
36,crop_or_resize,79962,41,safe_name_58,Add,2,1,1,False
36,crop_or_resize,79962,42,safe_name_59,Less,2,1,1,False
36,crop_or_resize,79962,43,safe_name_60,Add,2,1,1,False
36,crop_or_resize,79962,44,safe_name_61,Less,2,1,1,False
36,crop_or_resize,79962,45,safe_name_62,Reshape,2,1,1,False
36,crop_or_resize,79962,46,safe_name_63,Cast,1,1,0,False
36,crop_or_resize,79962,47,safe_name_64,Reshape,2,1,1,False
36,crop_or_resize,79962,48,safe_name_65,Cast,1,1,0,False
36,crop_or_resize,79962,49,safe_name_66,Mul,2,1,1,False
36,crop_or_resize,79962,50,safe_name_67,Equal,2,1,1,False
36,crop_or_resize,79962,51,safe_name_68,Cast,1,1,0,False
36,crop_or_resize,79962,52,safe_name_69,Add,2,1,1,False
36,crop_or_resize,79962,53,safe_name_70,Reshape,2,1,1,False
36,crop_or_resize,79962,54,safe_name_71,Mul,2,1,1,False
36,crop_or_resize,79962,55,output,Mul,2,1,1,False
157,sparse_edit_or_object_completion,79930,0,safe_name_18,Mul,2,1,1,False
157,sparse_edit_or_object_completion,79930,1,safe_name_19,ReduceSum,1,1,1,False
157,sparse_edit_or_object_completion,79930,2,safe_name_20,Gather,2,1,1,True
157,sparse_edit_or_object_completion,79930,3,safe_name_21,Gather,2,1,1,True
157,sparse_edit_or_object_completion,79930,4,safe_name_22,Reshape,2,1,1,False
157,sparse_edit_or_object_completion,79930,5,safe_name_23,Cast,1,1,0,False
157,sparse_edit_or_object_completion,79930,6,safe_name_24,Cast,1,1,1,False
157,sparse_edit_or_object_completion,79930,7,safe_name_25,Gather,2,1,1,True
157,sparse_edit_or_object_completion,79930,8,safe_name_26,Mul,2,1,1,False
157,sparse_edit_or_object_completion,79930,9,safe_name_27,ReduceSum,1,1,1,False
157,sparse_edit_or_object_completion,79930,10,safe_name_28,MatMul,2,1,1,True
157,sparse_edit_or_object_completion,79930,11,safe_name_29,Mul,2,1,1,False
157,sparse_edit_or_object_completion,79930,12,safe_name_30,Sum,3,1,1,False
157,sparse_edit_or_object_completion,79930,13,safe_name_31,Less,2,1,1,False
157,sparse_edit_or_object_completion,79930,14,safe_name_32,Cast,1,1,0,False
157,sparse_edit_or_object_completion,79930,15,safe_name_33,MatMul,2,1,1,True
157,sparse_edit_or_object_completion,79930,16,safe_name_34,Reshape,2,1,1,False
157,sparse_edit_or_object_completion,79930,17,safe_name_35,Pad,3,1,1,False
157,sparse_edit_or_object_completion,79930,18,safe_name_36,Sub,2,1,1,False
157,sparse_edit_or_object_completion,79930,19,safe_name_37,Mul,2,1,1,False
157,sparse_edit_or_object_completion,79930,20,safe_name_38,Less,2,1,1,False
157,sparse_edit_or_object_completion,79930,21,safe_name_39,Where,3,1,1,True
157,sparse_edit_or_object_completion,79930,22,safe_name_40,Add,2,1,1,False
157,sparse_edit_or_object_completion,79930,23,safe_name_41,Sub,2,1,1,False
157,sparse_edit_or_object_completion,79930,24,safe_name_42,Mul,2,1,1,False
157,sparse_edit_or_object_completion,79930,25,safe_name_43,Less,2,1,1,False
157,sparse_edit_or_object_completion,79930,26,safe_name_44,Cast,1,1,1,False
157,sparse_edit_or_object_completion,79930,27,output,Pad,3,1,1,False
5,sparse_edit_or_object_completion,79847,0,safe_name_7,Reshape,2,1,1,False
5,sparse_edit_or_object_completion,79847,1,safe_name_8,Gather,2,1,1,True
5,sparse_edit_or_object_completion,79847,2,safe_name_9,Sub,2,1,1,False
5,sparse_edit_or_object_completion,79847,3,safe_name_10,Mul,2,1,1,False
5,sparse_edit_or_object_completion,79847,4,safe_name_11,ReduceSum,1,1,1,False
5,sparse_edit_or_object_completion,79847,5,safe_name_12,Less,2,1,1,False
5,sparse_edit_or_object_completion,79847,6,safe_name_13,Cast,1,1,1,False
5,sparse_edit_or_object_completion,79847,7,safe_name_14,Unsqueeze,1,1,1,False
5,sparse_edit_or_object_completion,79847,8,safe_name_15,MatMul,2,1,1,True
5,sparse_edit_or_object_completion,79847,9,safe_name_16,Cast,1,1,1,False
5,sparse_edit_or_object_completion,79847,10,safe_name_17,MatMul,2,1,1,True
5,sparse_edit_or_object_completion,79847,11,safe_name_18,ScatterElements,3,1,1,True
5,sparse_edit_or_object_completion,79847,12,output,Reshape,2,1,1,False
281,sparse_edit_or_object_completion,79812,0,safe_name_7,Reshape,2,1,1,False
281,sparse_edit_or_object_completion,79812,1,safe_name_8,Gather,2,1,1,True
281,sparse_edit_or_object_completion,79812,2,safe_name_9,Sub,2,1,1,False
281,sparse_edit_or_object_completion,79812,3,safe_name_10,Mul,2,1,1,False
281,sparse_edit_or_object_completion,79812,4,safe_name_11,ReduceSum,1,1,1,False
281,sparse_edit_or_object_completion,79812,5,safe_name_12,Less,2,1,1,False
281,sparse_edit_or_object_completion,79812,6,safe_name_13,Cast,1,1,1,False
281,sparse_edit_or_object_completion,79812,7,safe_name_14,Unsqueeze,1,1,1,False
281,sparse_edit_or_object_completion,79812,8,safe_name_15,MatMul,2,1,1,True
281,sparse_edit_or_object_completion,79812,9,safe_name_16,Cast,1,1,1,False
281,sparse_edit_or_object_completion,79812,10,safe_name_17,MatMul,2,1,1,True
281,sparse_edit_or_object_completion,79812,11,safe_name_18,ScatterElements,3,1,1,True
281,sparse_edit_or_object_completion,79812,12,output,Reshape,2,1,1,False
264,crop_or_resize,79536,0,safe_name_17,Cast,1,1,0,False
264,crop_or_resize,79536,1,safe_name_18,Conv,2,1,1,True
264,crop_or_resize,79536,2,safe_name_19,Equal,2,1,1,False
264,crop_or_resize,79536,3,safe_name_20,Conv,2,1,1,True
264,crop_or_resize,79536,4,safe_name_21,Where,3,1,1,True
264,crop_or_resize,79536,5,safe_name_22,ReduceMax,1,1,1,False
264,crop_or_resize,79536,6,safe_name_23,Equal,2,1,1,False
264,crop_or_resize,79536,7,safe_name_24,Cast,1,1,0,False
264,crop_or_resize,79536,8,safe_name_25,Mul,2,1,1,False
264,crop_or_resize,79536,9,safe_name_26,ReduceSum,2,1,1,False
264,crop_or_resize,79536,10,safe_name_27,Equal,2,1,1,False
264,crop_or_resize,79536,11,safe_name_28,Cast,1,1,0,False
264,crop_or_resize,79536,12,safe_name_29,Mul,2,1,1,False
264,crop_or_resize,79536,13,safe_name_30,ReduceSum,2,1,1,False
264,crop_or_resize,79536,14,safe_name_31,Equal,2,1,1,False
264,crop_or_resize,79536,15,safe_name_32,Cast,1,1,0,False
264,crop_or_resize,79536,16,safe_name_33,Mul,2,1,1,False
264,crop_or_resize,79536,17,safe_name_34,ReduceSum,2,1,1,False
264,crop_or_resize,79536,18,safe_name_35,Equal,2,1,1,False
264,crop_or_resize,79536,19,safe_name_36,Cast,1,1,0,False
264,crop_or_resize,79536,20,safe_name_37,Mul,2,1,1,False
264,crop_or_resize,79536,21,safe_name_38,ReduceSum,2,1,1,False
264,crop_or_resize,79536,22,safe_name_39,Equal,2,1,1,False
264,crop_or_resize,79536,23,safe_name_40,Cast,1,1,0,False
264,crop_or_resize,79536,24,safe_name_41,Mul,2,1,1,False
264,crop_or_resize,79536,25,safe_name_42,ReduceSum,2,1,1,False
264,crop_or_resize,79536,26,safe_name_43,Equal,2,1,1,False
264,crop_or_resize,79536,27,safe_name_44,Cast,1,1,0,False
264,crop_or_resize,79536,28,safe_name_45,Mul,2,1,1,False
264,crop_or_resize,79536,29,safe_name_46,ReduceSum,2,1,1,False
264,crop_or_resize,79536,30,safe_name_47,Equal,2,1,1,False
264,crop_or_resize,79536,31,safe_name_48,Cast,1,1,0,False
264,crop_or_resize,79536,32,safe_name_49,Mul,2,1,1,False
264,crop_or_resize,79536,33,safe_name_50,ReduceSum,2,1,1,False
264,crop_or_resize,79536,34,safe_name_51,Equal,2,1,1,False
264,crop_or_resize,79536,35,safe_name_52,Cast,1,1,0,False
264,crop_or_resize,79536,36,safe_name_53,Mul,2,1,1,False
264,crop_or_resize,79536,37,safe_name_54,ReduceSum,2,1,1,False
264,crop_or_resize,79536,38,safe_name_55,Equal,2,1,1,False
264,crop_or_resize,79536,39,safe_name_56,Cast,1,1,0,False
264,crop_or_resize,79536,40,safe_name_57,Mul,2,1,1,False
264,crop_or_resize,79536,41,safe_name_58,ReduceSum,2,1,1,False
264,crop_or_resize,79536,42,safe_name_59,Sum,9,1,1,False
264,crop_or_resize,79536,43,safe_name_60,Sub,2,1,1,False
264,crop_or_resize,79536,44,safe_name_61,Mul,2,1,1,False
264,crop_or_resize,79536,45,safe_name_62,Concat,10,1,1,False
264,crop_or_resize,79536,46,output,Pad,3,1,1,False
69,sparse_edit_or_object_completion,79246,0,safe_name_7,Reshape,2,1,1,False
69,sparse_edit_or_object_completion,79246,1,safe_name_8,Gather,2,1,1,True
69,sparse_edit_or_object_completion,79246,2,safe_name_9,Sub,2,1,1,False
69,sparse_edit_or_object_completion,79246,3,safe_name_10,Mul,2,1,1,False
69,sparse_edit_or_object_completion,79246,4,safe_name_11,ReduceSum,1,1,1,False
69,sparse_edit_or_object_completion,79246,5,safe_name_12,Less,2,1,1,False
69,sparse_edit_or_object_completion,79246,6,safe_name_13,Cast,1,1,1,False
69,sparse_edit_or_object_completion,79246,7,safe_name_14,Unsqueeze,1,1,1,False
69,sparse_edit_or_object_completion,79246,8,safe_name_15,MatMul,2,1,1,True
69,sparse_edit_or_object_completion,79246,9,safe_name_16,Cast,1,1,1,False
69,sparse_edit_or_object_completion,79246,10,safe_name_17,MatMul,2,1,1,True
69,sparse_edit_or_object_completion,79246,11,safe_name_18,ScatterElements,3,1,1,True
69,sparse_edit_or_object_completion,79246,12,output,Reshape,2,1,1,False
18,sparse_edit_or_object_completion,79207,0,safe_name_7,Reshape,2,1,1,False
18,sparse_edit_or_object_completion,79207,1,safe_name_8,Gather,2,1,1,True
18,sparse_edit_or_object_completion,79207,2,safe_name_9,Sub,2,1,1,False
18,sparse_edit_or_object_completion,79207,3,safe_name_10,Mul,2,1,1,False
18,sparse_edit_or_object_completion,79207,4,safe_name_11,ReduceSum,1,1,1,False
18,sparse_edit_or_object_completion,79207,5,safe_name_12,Less,2,1,1,False
18,sparse_edit_or_object_completion,79207,6,safe_name_13,Cast,1,1,1,False
18,sparse_edit_or_object_completion,79207,7,safe_name_14,Unsqueeze,1,1,1,False
18,sparse_edit_or_object_completion,79207,8,safe_name_15,MatMul,2,1,1,True
18,sparse_edit_or_object_completion,79207,9,safe_name_16,Cast,1,1,1,False
18,sparse_edit_or_object_completion,79207,10,safe_name_17,MatMul,2,1,1,True
18,sparse_edit_or_object_completion,79207,11,safe_name_18,ScatterElements,3,1,1,True
18,sparse_edit_or_object_completion,79207,12,output,Reshape,2,1,1,False
358,sparse_edit_or_object_completion,78978,0,safe_name_7,Reshape,2,1,1,False
358,sparse_edit_or_object_completion,78978,1,safe_name_8,Gather,2,1,1,True
358,sparse_edit_or_object_completion,78978,2,safe_name_9,Sub,2,1,1,False
358,sparse_edit_or_object_completion,78978,3,safe_name_10,Mul,2,1,1,False
358,sparse_edit_or_object_completion,78978,4,safe_name_11,ReduceSum,1,1,1,False
358,sparse_edit_or_object_completion,78978,5,safe_name_12,Less,2,1,1,False
358,sparse_edit_or_object_completion,78978,6,safe_name_13,Cast,1,1,1,False
358,sparse_edit_or_object_completion,78978,7,safe_name_14,Unsqueeze,1,1,1,False
358,sparse_edit_or_object_completion,78978,8,safe_name_15,MatMul,2,1,1,True
358,sparse_edit_or_object_completion,78978,9,safe_name_16,Cast,1,1,1,False
358,sparse_edit_or_object_completion,78978,10,safe_name_17,MatMul,2,1,1,True
358,sparse_edit_or_object_completion,78978,11,safe_name_18,ScatterElements,3,1,1,True
358,sparse_edit_or_object_completion,78978,12,output,Reshape,2,1,1,False
85,sparse_edit_or_object_completion,78662,0,safe_name_7,Reshape,2,1,1,False
85,sparse_edit_or_object_completion,78662,1,safe_name_8,Gather,2,1,1,True
85,sparse_edit_or_object_completion,78662,2,safe_name_9,Sub,2,1,1,False
85,sparse_edit_or_object_completion,78662,3,safe_name_10,Mul,2,1,1,False
85,sparse_edit_or_object_completion,78662,4,safe_name_11,ReduceSum,1,1,1,False
85,sparse_edit_or_object_completion,78662,5,safe_name_12,Less,2,1,1,False
85,sparse_edit_or_object_completion,78662,6,safe_name_13,Cast,1,1,1,False
85,sparse_edit_or_object_completion,78662,7,safe_name_14,Unsqueeze,1,1,1,False
85,sparse_edit_or_object_completion,78662,8,safe_name_15,MatMul,2,1,1,True
85,sparse_edit_or_object_completion,78662,9,safe_name_16,Cast,1,1,1,False
85,sparse_edit_or_object_completion,78662,10,safe_name_17,MatMul,2,1,1,True
85,sparse_edit_or_object_completion,78662,11,safe_name_18,ScatterElements,3,1,1,True
85,sparse_edit_or_object_completion,78662,12,output,Reshape,2,1,1,False
170,crop_or_resize,78564,0,safe_name_33,Gather,2,1,1,True
170,crop_or_resize,78564,1,safe_name_34,ReduceSum,1,1,1,False
170,crop_or_resize,78564,2,safe_name_35,Sub,2,1,1,False
170,crop_or_resize,78564,3,safe_name_36,ReduceSum,1,1,1,False
170,crop_or_resize,78564,4,safe_name_37,Conv,2,1,1,True
170,crop_or_resize,78564,5,safe_name_38,Sub,2,1,1,False
170,crop_or_resize,78564,6,safe_name_39,Mul,2,1,1,False
170,crop_or_resize,78564,7,safe_name_40,Less,2,1,1,False
170,crop_or_resize,78564,8,safe_name_41,Conv,2,1,1,True
170,crop_or_resize,78564,9,safe_name_42,Sub,2,1,1,False
170,crop_or_resize,78564,10,safe_name_43,Mul,2,1,1,False
170,crop_or_resize,78564,11,safe_name_44,Less,2,1,1,False
170,crop_or_resize,78564,12,safe_name_45,Conv,2,1,1,True
170,crop_or_resize,78564,13,safe_name_46,Sub,2,1,1,False
170,crop_or_resize,78564,14,safe_name_47,Mul,2,1,1,False
170,crop_or_resize,78564,15,safe_name_48,Less,2,1,1,False
170,crop_or_resize,78564,16,safe_name_49,Where,3,1,1,True
170,crop_or_resize,78564,17,safe_name_50,ReduceSum,1,1,1,False
170,crop_or_resize,78564,18,safe_name_51,Greater,2,1,1,False
170,crop_or_resize,78564,19,safe_name_52,Where,3,1,1,True
170,crop_or_resize,78564,20,safe_name_53,ReduceSum,1,1,1,False
170,crop_or_resize,78564,21,safe_name_54,Greater,2,1,1,False
170,crop_or_resize,78564,22,safe_name_55,Cast,1,1,1,False
170,crop_or_resize,78564,23,safe_name_56,Sub,2,1,1,False
170,crop_or_resize,78564,24,safe_name_57,Where,3,1,1,True
170,crop_or_resize,78564,25,safe_name_58,Where,3,1,1,True
170,crop_or_resize,78564,26,safe_name_59,ReduceMax,1,1,1,False
170,crop_or_resize,78564,27,safe_name_60,ArgMax,1,1,1,False
170,crop_or_resize,78564,28,safe_name_61,Reshape,2,1,1,False
170,crop_or_resize,78564,29,safe_name_62,ReduceMax,1,1,1,False
170,crop_or_resize,78564,30,safe_name_63,ArgMax,1,1,1,False
170,crop_or_resize,78564,31,safe_name_64,Reshape,2,1,1,False
170,crop_or_resize,78564,32,safe_name_65,ReduceMax,1,1,1,False
170,crop_or_resize,78564,33,safe_name_66,ArgMax,1,1,1,False
170,crop_or_resize,78564,34,safe_name_67,Reshape,2,1,1,False
170,crop_or_resize,78564,35,safe_name_68,ReduceMax,1,1,1,False
170,crop_or_resize,78564,36,safe_name_69,ArgMax,1,1,1,False
170,crop_or_resize,78564,37,safe_name_70,Reshape,2,1,1,False
170,crop_or_resize,78564,38,safe_name_71,Add,2,1,1,False
170,crop_or_resize,78564,39,safe_name_72,Add,2,1,1,False
170,crop_or_resize,78564,40,safe_name_73,Add,2,1,1,False
170,crop_or_resize,78564,41,safe_name_74,Add,2,1,1,False
170,crop_or_resize,78564,42,safe_name_75,Concat,2,1,1,False
170,crop_or_resize,78564,43,safe_name_76,Concat,2,1,1,False
170,crop_or_resize,78564,44,safe_name_77,Slice,4,1,1,True
170,crop_or_resize,78564,45,safe_name_78,Mul,2,1,1,False
170,crop_or_resize,78564,46,safe_name_79,Add,2,1,1,False
170,crop_or_resize,78564,47,safe_name_80,Concat,2,1,1,False
170,crop_or_resize,78564,48,safe_name_81,Concat,2,1,1,False
170,crop_or_resize,78564,49,safe_name_82,Slice,4,1,1,True
170,crop_or_resize,78564,50,safe_name_83,Mul,2,1,1,False
170,crop_or_resize,78564,51,safe_name_84,Add,2,1,1,False
170,crop_or_resize,78564,52,safe_name_85,Concat,2,1,1,False
170,crop_or_resize,78564,53,safe_name_86,Concat,2,1,1,False
170,crop_or_resize,78564,54,safe_name_87,Slice,4,1,1,True
170,crop_or_resize,78564,55,safe_name_88,Mul,2,1,1,False
170,crop_or_resize,78564,56,safe_name_89,Add,2,1,1,False
170,crop_or_resize,78564,57,safe_name_90,Concat,2,1,1,False
170,crop_or_resize,78564,58,safe_name_91,Concat,2,1,1,False
170,crop_or_resize,78564,59,safe_name_92,Slice,4,1,1,True
170,crop_or_resize,78564,60,safe_name_93,Mul,2,1,1,False
170,crop_or_resize,78564,61,safe_name_94,Concat,2,1,1,False
170,crop_or_resize,78564,62,safe_name_95,Slice,4,1,1,True
170,crop_or_resize,78564,63,safe_name_96,Mul,2,1,1,False
170,crop_or_resize,78564,64,safe_name_97,Concat,2,1,1,False
170,crop_or_resize,78564,65,safe_name_98,Concat,2,1,1,False
170,crop_or_resize,78564,66,safe_name_99,Slice,4,1,1,True
170,crop_or_resize,78564,67,safe_name_100,Mul,2,1,1,False
170,crop_or_resize,78564,68,safe_name_101,Add,2,1,1,False
170,crop_or_resize,78564,69,safe_name_102,Concat,2,1,1,False
170,crop_or_resize,78564,70,safe_name_103,Concat,2,1,1,False
170,crop_or_resize,78564,71,safe_name_104,Slice,4,1,1,True
170,crop_or_resize,78564,72,safe_name_105,Mul,2,1,1,False
170,crop_or_resize,78564,73,safe_name_106,Concat,2,1,1,False
170,crop_or_resize,78564,74,safe_name_107,Concat,2,1,1,False
170,crop_or_resize,78564,75,safe_name_108,Slice,4,1,1,True
170,crop_or_resize,78564,76,safe_name_109,Mul,2,1,1,False
170,crop_or_resize,78564,77,safe_name_110,Concat,2,1,1,False
170,crop_or_resize,78564,78,safe_name_111,Concat,2,1,1,False
170,crop_or_resize,78564,79,safe_name_112,Slice,4,1,1,True
170,crop_or_resize,78564,80,safe_name_113,Mul,2,1,1,False
170,crop_or_resize,78564,81,safe_name_114,Add,2,1,1,False
170,crop_or_resize,78564,82,safe_name_115,Add,2,1,1,False
170,crop_or_resize,78564,83,safe_name_116,Add,2,1,1,False
170,crop_or_resize,78564,84,safe_name_117,Add,2,1,1,False
170,crop_or_resize,78564,85,safe_name_118,Add,2,1,1,False
170,crop_or_resize,78564,86,safe_name_119,Add,2,1,1,False
170,crop_or_resize,78564,87,safe_name_120,Concat,2,1,1,False
170,crop_or_resize,78564,88,safe_name_121,Concat,2,1,1,False
170,crop_or_resize,78564,89,safe_name_122,Slice,4,1,1,True
170,crop_or_resize,78564,90,safe_name_123,Add,2,1,1,False
170,crop_or_resize,78564,91,safe_name_124,Concat,2,1,1,False
170,crop_or_resize,78564,92,safe_name_125,Concat,2,1,1,False
170,crop_or_resize,78564,93,safe_name_126,Slice,4,1,1,True
170,crop_or_resize,78564,94,safe_name_127,Add,2,1,1,False
170,crop_or_resize,78564,95,safe_name_128,Concat,2,1,1,False
170,crop_or_resize,78564,96,safe_name_129,Concat,2,1,1,False
170,crop_or_resize,78564,97,safe_name_130,Slice,4,1,1,True
170,crop_or_resize,78564,98,safe_name_131,Add,2,1,1,False
170,crop_or_resize,78564,99,safe_name_132,Concat,2,1,1,False
170,crop_or_resize,78564,100,safe_name_133,Concat,2,1,1,False
170,crop_or_resize,78564,101,safe_name_134,Slice,4,1,1,True
170,crop_or_resize,78564,102,safe_name_135,Add,2,1,1,False
170,crop_or_resize,78564,103,safe_name_136,Concat,2,1,1,False
170,crop_or_resize,78564,104,safe_name_137,Concat,2,1,1,False
170,crop_or_resize,78564,105,safe_name_138,Slice,4,1,1,True
170,crop_or_resize,78564,106,safe_name_139,Concat,2,1,1,False
170,crop_or_resize,78564,107,safe_name_140,Slice,4,1,1,True
170,crop_or_resize,78564,108,safe_name_141,Concat,2,1,1,False
170,crop_or_resize,78564,109,safe_name_142,Concat,2,1,1,False
170,crop_or_resize,78564,110,safe_name_143,Slice,4,1,1,True
170,crop_or_resize,78564,111,safe_name_144,Concat,2,1,1,False
170,crop_or_resize,78564,112,safe_name_145,Concat,2,1,1,False
170,crop_or_resize,78564,113,safe_name_146,Slice,4,1,1,True
170,crop_or_resize,78564,114,safe_name_147,Add,2,1,1,False
170,crop_or_resize,78564,115,safe_name_148,Concat,2,1,1,False
170,crop_or_resize,78564,116,safe_name_149,Concat,2,1,1,False
170,crop_or_resize,78564,117,safe_name_150,Slice,4,1,1,True
170,crop_or_resize,78564,118,safe_name_151,Concat,2,1,1,False
170,crop_or_resize,78564,119,safe_name_152,Concat,2,1,1,False
170,crop_or_resize,78564,120,safe_name_153,Slice,4,1,1,True
170,crop_or_resize,78564,121,safe_name_154,Concat,2,1,1,False
170,crop_or_resize,78564,122,safe_name_155,Concat,2,1,1,False
170,crop_or_resize,78564,123,safe_name_156,Slice,4,1,1,True
170,crop_or_resize,78564,124,safe_name_157,Concat,2,1,1,False
170,crop_or_resize,78564,125,safe_name_158,Concat,2,1,1,False
170,crop_or_resize,78564,126,safe_name_159,Slice,4,1,1,True
170,crop_or_resize,78564,127,safe_name_160,Add,2,1,1,False
170,crop_or_resize,78564,128,safe_name_161,Concat,2,1,1,False
170,crop_or_resize,78564,129,safe_name_162,Concat,2,1,1,False
170,crop_or_resize,78564,130,safe_name_163,Slice,4,1,1,True
170,crop_or_resize,78564,131,safe_name_164,Concat,2,1,1,False
170,crop_or_resize,78564,132,safe_name_165,Concat,2,1,1,False
170,crop_or_resize,78564,133,safe_name_166,Slice,4,1,1,True
170,crop_or_resize,78564,134,safe_name_167,Concat,2,1,1,False
170,crop_or_resize,78564,135,safe_name_168,Concat,2,1,1,False
170,crop_or_resize,78564,136,safe_name_169,Slice,4,1,1,True
170,crop_or_resize,78564,137,safe_name_170,Concat,2,1,1,False
170,crop_or_resize,78564,138,safe_name_171,Concat,2,1,1,False
170,crop_or_resize,78564,139,safe_name_172,Slice,4,1,1,True
170,crop_or_resize,78564,140,safe_name_173,Where,3,1,1,True
170,crop_or_resize,78564,141,safe_name_174,Pad,3,1,1,False
170,crop_or_resize,78564,142,safe_name_175,ReduceSum,1,1,1,False
170,crop_or_resize,78564,143,safe_name_176,Greater,2,1,1,False
170,crop_or_resize,78564,144,safe_name_177,Cast,1,1,1,False
170,crop_or_resize,78564,145,safe_name_178,ReduceMax,1,1,1,False
170,crop_or_resize,78564,146,safe_name_179,ArgMax,1,1,1,False
170,crop_or_resize,78564,147,safe_name_180,Reshape,2,1,1,False
170,crop_or_resize,78564,148,safe_name_181,ReduceMax,1,1,1,False
170,crop_or_resize,78564,149,safe_name_182,ArgMax,1,1,1,False
170,crop_or_resize,78564,150,safe_name_183,Reshape,2,1,1,False
170,crop_or_resize,78564,151,safe_name_184,Where,3,1,1,True
170,crop_or_resize,78564,152,safe_name_185,Pad,3,1,1,False
170,crop_or_resize,78564,153,safe_name_186,ReduceSum,1,1,1,False
170,crop_or_resize,78564,154,safe_name_187,Greater,2,1,1,False
170,crop_or_resize,78564,155,safe_name_188,Cast,1,1,1,False
170,crop_or_resize,78564,156,safe_name_189,ReduceMax,1,1,1,False
170,crop_or_resize,78564,157,safe_name_190,ArgMax,1,1,1,False
170,crop_or_resize,78564,158,safe_name_191,Reshape,2,1,1,False
170,crop_or_resize,78564,159,safe_name_192,ReduceMax,1,1,1,False
170,crop_or_resize,78564,160,safe_name_193,ArgMax,1,1,1,False
170,crop_or_resize,78564,161,safe_name_194,Reshape,2,1,1,False
170,crop_or_resize,78564,162,safe_name_195,Where,3,1,1,True
170,crop_or_resize,78564,163,safe_name_196,Pad,3,1,1,False
170,crop_or_resize,78564,164,safe_name_197,ReduceSum,1,1,1,False
170,crop_or_resize,78564,165,safe_name_198,Greater,2,1,1,False
170,crop_or_resize,78564,166,safe_name_199,Cast,1,1,1,False
170,crop_or_resize,78564,167,safe_name_200,ReduceMax,1,1,1,False
170,crop_or_resize,78564,168,safe_name_201,ArgMax,1,1,1,False
170,crop_or_resize,78564,169,safe_name_202,Reshape,2,1,1,False
170,crop_or_resize,78564,170,safe_name_203,ReduceMax,1,1,1,False
170,crop_or_resize,78564,171,safe_name_204,ArgMax,1,1,1,False
170,crop_or_resize,78564,172,safe_name_205,Reshape,2,1,1,False
170,crop_or_resize,78564,173,safe_name_206,Less,2,1,1,False
170,crop_or_resize,78564,174,safe_name_207,Cast,1,1,1,False
170,crop_or_resize,78564,175,safe_name_208,Mul,2,1,1,False
170,crop_or_resize,78564,176,safe_name_209,Mul,2,1,1,False
170,crop_or_resize,78564,177,safe_name_210,Add,2,1,1,False
170,crop_or_resize,78564,178,safe_name_211,Add,2,1,1,False
170,crop_or_resize,78564,179,safe_name_212,Concat,2,1,1,False
170,crop_or_resize,78564,180,safe_name_213,Concat,2,1,1,False
170,crop_or_resize,78564,181,safe_name_214,Slice,4,1,1,True
170,crop_or_resize,78564,182,safe_name_215,Mul,2,1,1,False
170,crop_or_resize,78564,183,safe_name_216,Add,2,1,1,False
170,crop_or_resize,78564,184,safe_name_217,Add,2,1,1,False
170,crop_or_resize,78564,185,safe_name_218,Concat,2,1,1,False
170,crop_or_resize,78564,186,safe_name_219,Concat,2,1,1,False
170,crop_or_resize,78564,187,safe_name_220,Slice,4,1,1,True
170,crop_or_resize,78564,188,safe_name_221,Mul,2,1,1,False
170,crop_or_resize,78564,189,safe_name_222,Add,2,1,1,False
170,crop_or_resize,78564,190,safe_name_223,Add,2,1,1,False
170,crop_or_resize,78564,191,safe_name_224,Concat,2,1,1,False
170,crop_or_resize,78564,192,safe_name_225,Concat,2,1,1,False
170,crop_or_resize,78564,193,safe_name_226,Slice,4,1,1,True
170,crop_or_resize,78564,194,safe_name_227,Mul,2,1,1,False
170,crop_or_resize,78564,195,safe_name_228,Add,2,1,1,False
170,crop_or_resize,78564,196,safe_name_229,Add,2,1,1,False
170,crop_or_resize,78564,197,safe_name_230,Concat,2,1,1,False
170,crop_or_resize,78564,198,safe_name_231,Concat,2,1,1,False
170,crop_or_resize,78564,199,safe_name_232,Slice,4,1,1,True
170,crop_or_resize,78564,200,safe_name_233,Mul,2,1,1,False
170,crop_or_resize,78564,201,safe_name_234,Concat,2,1,1,False
170,crop_or_resize,78564,202,safe_name_235,Concat,2,1,1,False
170,crop_or_resize,78564,203,safe_name_236,Slice,4,1,1,True
170,crop_or_resize,78564,204,safe_name_237,Mul,2,1,1,False
170,crop_or_resize,78564,205,safe_name_238,Concat,2,1,1,False
170,crop_or_resize,78564,206,safe_name_239,Concat,2,1,1,False
170,crop_or_resize,78564,207,safe_name_240,Slice,4,1,1,True
170,crop_or_resize,78564,208,safe_name_241,Mul,2,1,1,False
170,crop_or_resize,78564,209,safe_name_242,Add,2,1,1,False
170,crop_or_resize,78564,210,safe_name_243,Add,2,1,1,False
170,crop_or_resize,78564,211,safe_name_244,Concat,2,1,1,False
170,crop_or_resize,78564,212,safe_name_245,Concat,2,1,1,False
170,crop_or_resize,78564,213,safe_name_246,Slice,4,1,1,True
170,crop_or_resize,78564,214,safe_name_247,Mul,2,1,1,False
170,crop_or_resize,78564,215,safe_name_248,Concat,2,1,1,False
170,crop_or_resize,78564,216,safe_name_249,Concat,2,1,1,False
170,crop_or_resize,78564,217,safe_name_250,Slice,4,1,1,True
170,crop_or_resize,78564,218,safe_name_251,Mul,2,1,1,False
170,crop_or_resize,78564,219,safe_name_252,Concat,2,1,1,False
170,crop_or_resize,78564,220,safe_name_253,Concat,2,1,1,False
170,crop_or_resize,78564,221,safe_name_254,Slice,4,1,1,True
170,crop_or_resize,78564,222,safe_name_255,Mul,2,1,1,False
170,crop_or_resize,78564,223,safe_name_256,Sum,9,1,1,False
170,crop_or_resize,78564,224,safe_name_257,Mul,2,1,1,False
170,crop_or_resize,78564,225,safe_name_258,Sub,2,1,1,False
170,crop_or_resize,78564,226,safe_name_259,Sub,2,1,1,False
170,crop_or_resize,78564,227,safe_name_260,Mul,2,1,1,False
170,crop_or_resize,78564,228,safe_name_261,Less,2,1,1,False
170,crop_or_resize,78564,229,safe_name_262,Where,3,1,1,True
170,crop_or_resize,78564,230,safe_name_263,Where,3,1,1,True
170,crop_or_resize,78564,231,safe_name_264,Where,3,1,1,True
170,crop_or_resize,78564,232,safe_name_265,Where,3,1,1,True
170,crop_or_resize,78564,233,safe_name_266,Where,3,1,1,True
170,crop_or_resize,78564,234,safe_name_267,Where,3,1,1,True
170,crop_or_resize,78564,235,safe_name_268,Where,3,1,1,True
170,crop_or_resize,78564,236,safe_name_269,Where,3,1,1,True
170,crop_or_resize,78564,237,safe_name_270,Where,3,1,1,True
170,crop_or_resize,78564,238,safe_name_271,Less,2,1,1,False
170,crop_or_resize,78564,239,safe_name_272,Cast,1,1,1,False
170,crop_or_resize,78564,240,safe_name_273,Mul,2,1,1,False
170,crop_or_resize,78564,241,safe_name_274,Mul,2,1,1,False
170,crop_or_resize,78564,242,safe_name_275,Add,2,1,1,False
170,crop_or_resize,78564,243,safe_name_276,Add,2,1,1,False
170,crop_or_resize,78564,244,safe_name_277,Concat,2,1,1,False
170,crop_or_resize,78564,245,safe_name_278,Concat,2,1,1,False
170,crop_or_resize,78564,246,safe_name_279,Slice,4,1,1,True
170,crop_or_resize,78564,247,safe_name_280,Mul,2,1,1,False
170,crop_or_resize,78564,248,safe_name_281,Add,2,1,1,False
170,crop_or_resize,78564,249,safe_name_282,Add,2,1,1,False
170,crop_or_resize,78564,250,safe_name_283,Concat,2,1,1,False
170,crop_or_resize,78564,251,safe_name_284,Concat,2,1,1,False
170,crop_or_resize,78564,252,safe_name_285,Slice,4,1,1,True
170,crop_or_resize,78564,253,safe_name_286,Mul,2,1,1,False
170,crop_or_resize,78564,254,safe_name_287,Add,2,1,1,False
170,crop_or_resize,78564,255,safe_name_288,Add,2,1,1,False
170,crop_or_resize,78564,256,safe_name_289,Concat,2,1,1,False
170,crop_or_resize,78564,257,safe_name_290,Concat,2,1,1,False
170,crop_or_resize,78564,258,safe_name_291,Slice,4,1,1,True
170,crop_or_resize,78564,259,safe_name_292,Mul,2,1,1,False
170,crop_or_resize,78564,260,safe_name_293,Add,2,1,1,False
170,crop_or_resize,78564,261,safe_name_294,Add,2,1,1,False
170,crop_or_resize,78564,262,safe_name_295,Concat,2,1,1,False
170,crop_or_resize,78564,263,safe_name_296,Concat,2,1,1,False
170,crop_or_resize,78564,264,safe_name_297,Slice,4,1,1,True
170,crop_or_resize,78564,265,safe_name_298,Mul,2,1,1,False
170,crop_or_resize,78564,266,safe_name_299,Concat,2,1,1,False
170,crop_or_resize,78564,267,safe_name_300,Concat,2,1,1,False
170,crop_or_resize,78564,268,safe_name_301,Slice,4,1,1,True
170,crop_or_resize,78564,269,safe_name_302,Mul,2,1,1,False
170,crop_or_resize,78564,270,safe_name_303,Concat,2,1,1,False
170,crop_or_resize,78564,271,safe_name_304,Concat,2,1,1,False
170,crop_or_resize,78564,272,safe_name_305,Slice,4,1,1,True
170,crop_or_resize,78564,273,safe_name_306,Mul,2,1,1,False
170,crop_or_resize,78564,274,safe_name_307,Add,2,1,1,False
170,crop_or_resize,78564,275,safe_name_308,Add,2,1,1,False
170,crop_or_resize,78564,276,safe_name_309,Concat,2,1,1,False
170,crop_or_resize,78564,277,safe_name_310,Concat,2,1,1,False
170,crop_or_resize,78564,278,safe_name_311,Slice,4,1,1,True
170,crop_or_resize,78564,279,safe_name_312,Mul,2,1,1,False
170,crop_or_resize,78564,280,safe_name_313,Concat,2,1,1,False
170,crop_or_resize,78564,281,safe_name_314,Concat,2,1,1,False
170,crop_or_resize,78564,282,safe_name_315,Slice,4,1,1,True
170,crop_or_resize,78564,283,safe_name_316,Mul,2,1,1,False
170,crop_or_resize,78564,284,safe_name_317,Concat,2,1,1,False
170,crop_or_resize,78564,285,safe_name_318,Concat,2,1,1,False
170,crop_or_resize,78564,286,safe_name_319,Slice,4,1,1,True
170,crop_or_resize,78564,287,safe_name_320,Mul,2,1,1,False
170,crop_or_resize,78564,288,safe_name_321,Sum,9,1,1,False
170,crop_or_resize,78564,289,safe_name_322,Mul,2,1,1,False
170,crop_or_resize,78564,290,safe_name_323,Sub,2,1,1,False
170,crop_or_resize,78564,291,safe_name_324,Mul,2,1,1,False
170,crop_or_resize,78564,292,safe_name_325,Less,2,1,1,False
170,crop_or_resize,78564,293,safe_name_326,Where,3,1,1,True
170,crop_or_resize,78564,294,safe_name_327,Where,3,1,1,True
170,crop_or_resize,78564,295,safe_name_328,Where,3,1,1,True
170,crop_or_resize,78564,296,safe_name_329,Where,3,1,1,True
170,crop_or_resize,78564,297,safe_name_330,Where,3,1,1,True
170,crop_or_resize,78564,298,safe_name_331,Where,3,1,1,True
170,crop_or_resize,78564,299,safe_name_332,Where,3,1,1,True
170,crop_or_resize,78564,300,safe_name_333,Where,3,1,1,True
170,crop_or_resize,78564,301,safe_name_334,Where,3,1,1,True
170,crop_or_resize,78564,302,safe_name_335,Less,2,1,1,False
170,crop_or_resize,78564,303,safe_name_336,Cast,1,1,1,False
170,crop_or_resize,78564,304,safe_name_337,Mul,2,1,1,False
170,crop_or_resize,78564,305,safe_name_338,Mul,2,1,1,False
170,crop_or_resize,78564,306,safe_name_339,Add,2,1,1,False
170,crop_or_resize,78564,307,safe_name_340,Add,2,1,1,False
170,crop_or_resize,78564,308,safe_name_341,Concat,2,1,1,False
170,crop_or_resize,78564,309,safe_name_342,Concat,2,1,1,False
170,crop_or_resize,78564,310,safe_name_343,Slice,4,1,1,True
170,crop_or_resize,78564,311,safe_name_344,Mul,2,1,1,False
170,crop_or_resize,78564,312,safe_name_345,Add,2,1,1,False
170,crop_or_resize,78564,313,safe_name_346,Add,2,1,1,False
170,crop_or_resize,78564,314,safe_name_347,Concat,2,1,1,False
170,crop_or_resize,78564,315,safe_name_348,Concat,2,1,1,False
170,crop_or_resize,78564,316,safe_name_349,Slice,4,1,1,True
170,crop_or_resize,78564,317,safe_name_350,Mul,2,1,1,False
170,crop_or_resize,78564,318,safe_name_351,Add,2,1,1,False
170,crop_or_resize,78564,319,safe_name_352,Add,2,1,1,False
170,crop_or_resize,78564,320,safe_name_353,Concat,2,1,1,False
170,crop_or_resize,78564,321,safe_name_354,Concat,2,1,1,False
170,crop_or_resize,78564,322,safe_name_355,Slice,4,1,1,True
170,crop_or_resize,78564,323,safe_name_356,Mul,2,1,1,False
170,crop_or_resize,78564,324,safe_name_357,Add,2,1,1,False
170,crop_or_resize,78564,325,safe_name_358,Add,2,1,1,False
170,crop_or_resize,78564,326,safe_name_359,Concat,2,1,1,False
170,crop_or_resize,78564,327,safe_name_360,Concat,2,1,1,False
170,crop_or_resize,78564,328,safe_name_361,Slice,4,1,1,True
170,crop_or_resize,78564,329,safe_name_362,Mul,2,1,1,False
170,crop_or_resize,78564,330,safe_name_363,Concat,2,1,1,False
170,crop_or_resize,78564,331,safe_name_364,Concat,2,1,1,False
170,crop_or_resize,78564,332,safe_name_365,Slice,4,1,1,True
170,crop_or_resize,78564,333,safe_name_366,Mul,2,1,1,False
170,crop_or_resize,78564,334,safe_name_367,Concat,2,1,1,False
170,crop_or_resize,78564,335,safe_name_368,Concat,2,1,1,False
170,crop_or_resize,78564,336,safe_name_369,Slice,4,1,1,True
170,crop_or_resize,78564,337,safe_name_370,Mul,2,1,1,False
170,crop_or_resize,78564,338,safe_name_371,Add,2,1,1,False
170,crop_or_resize,78564,339,safe_name_372,Add,2,1,1,False
170,crop_or_resize,78564,340,safe_name_373,Concat,2,1,1,False
170,crop_or_resize,78564,341,safe_name_374,Concat,2,1,1,False
170,crop_or_resize,78564,342,safe_name_375,Slice,4,1,1,True
170,crop_or_resize,78564,343,safe_name_376,Mul,2,1,1,False
170,crop_or_resize,78564,344,safe_name_377,Concat,2,1,1,False
170,crop_or_resize,78564,345,safe_name_378,Concat,2,1,1,False
170,crop_or_resize,78564,346,safe_name_379,Slice,4,1,1,True
170,crop_or_resize,78564,347,safe_name_380,Mul,2,1,1,False
170,crop_or_resize,78564,348,safe_name_381,Concat,2,1,1,False
170,crop_or_resize,78564,349,safe_name_382,Concat,2,1,1,False
170,crop_or_resize,78564,350,safe_name_383,Slice,4,1,1,True
170,crop_or_resize,78564,351,safe_name_384,Mul,2,1,1,False
170,crop_or_resize,78564,352,safe_name_385,Sum,9,1,1,False
170,crop_or_resize,78564,353,safe_name_386,Mul,2,1,1,False
170,crop_or_resize,78564,354,safe_name_387,Sub,2,1,1,False
170,crop_or_resize,78564,355,safe_name_388,Mul,2,1,1,False
170,crop_or_resize,78564,356,safe_name_389,Less,2,1,1,False
170,crop_or_resize,78564,357,safe_name_390,Where,3,1,1,True
170,crop_or_resize,78564,358,safe_name_391,Where,3,1,1,True
170,crop_or_resize,78564,359,safe_name_392,Where,3,1,1,True
170,crop_or_resize,78564,360,safe_name_393,Where,3,1,1,True
170,crop_or_resize,78564,361,safe_name_394,Where,3,1,1,True
170,crop_or_resize,78564,362,safe_name_395,Where,3,1,1,True
170,crop_or_resize,78564,363,safe_name_396,Where,3,1,1,True
170,crop_or_resize,78564,364,safe_name_397,Where,3,1,1,True
170,crop_or_resize,78564,365,safe_name_398,Where,3,1,1,True
170,crop_or_resize,78564,366,safe_name_399,Sum,3,1,1,False
170,crop_or_resize,78564,367,safe_name_400,Greater,2,1,1,False
170,crop_or_resize,78564,368,safe_name_401,Cast,1,1,1,False
170,crop_or_resize,78564,369,safe_name_402,Sum,3,1,1,False
170,crop_or_resize,78564,370,safe_name_403,Greater,2,1,1,False
170,crop_or_resize,78564,371,safe_name_404,Cast,1,1,1,False
170,crop_or_resize,78564,372,safe_name_405,Sum,3,1,1,False
170,crop_or_resize,78564,373,safe_name_406,Greater,2,1,1,False
170,crop_or_resize,78564,374,safe_name_407,Cast,1,1,1,False
170,crop_or_resize,78564,375,safe_name_408,Sum,3,1,1,False
170,crop_or_resize,78564,376,safe_name_409,Greater,2,1,1,False
170,crop_or_resize,78564,377,safe_name_410,Cast,1,1,1,False
170,crop_or_resize,78564,378,safe_name_411,Sum,3,1,1,False
170,crop_or_resize,78564,379,safe_name_412,Greater,2,1,1,False
170,crop_or_resize,78564,380,safe_name_413,Cast,1,1,1,False
170,crop_or_resize,78564,381,safe_name_414,Sum,3,1,1,False
170,crop_or_resize,78564,382,safe_name_415,Greater,2,1,1,False
170,crop_or_resize,78564,383,safe_name_416,Cast,1,1,1,False
170,crop_or_resize,78564,384,safe_name_417,Sum,3,1,1,False
170,crop_or_resize,78564,385,safe_name_418,Greater,2,1,1,False
170,crop_or_resize,78564,386,safe_name_419,Cast,1,1,1,False
170,crop_or_resize,78564,387,safe_name_420,Sum,3,1,1,False
170,crop_or_resize,78564,388,safe_name_421,Greater,2,1,1,False
170,crop_or_resize,78564,389,safe_name_422,Cast,1,1,1,False
170,crop_or_resize,78564,390,safe_name_423,Sum,3,1,1,False
170,crop_or_resize,78564,391,safe_name_424,Greater,2,1,1,False
170,crop_or_resize,78564,392,safe_name_425,Cast,1,1,1,False
170,crop_or_resize,78564,393,safe_name_426,Where,3,1,1,True
170,crop_or_resize,78564,394,safe_name_427,Mul,2,1,1,False
170,crop_or_resize,78564,395,safe_name_428,Mul,2,1,1,False
170,crop_or_resize,78564,396,safe_name_429,Mul,2,1,1,False
170,crop_or_resize,78564,397,safe_name_430,Add,2,1,1,False
170,crop_or_resize,78564,398,safe_name_431,Add,2,1,1,False
170,crop_or_resize,78564,399,safe_name_432,Concat,2,1,1,False
170,crop_or_resize,78564,400,safe_name_433,Concat,2,1,1,False
170,crop_or_resize,78564,401,safe_name_434,Slice,4,1,1,True
170,crop_or_resize,78564,402,safe_name_435,Mul,2,1,1,False
170,crop_or_resize,78564,403,safe_name_436,Mul,2,1,1,False
170,crop_or_resize,78564,404,safe_name_437,Mul,2,1,1,False
170,crop_or_resize,78564,405,safe_name_438,Mul,2,1,1,False
170,crop_or_resize,78564,406,safe_name_439,Concat,2,1,1,False
170,crop_or_resize,78564,407,safe_name_440,Concat,2,1,1,False
170,crop_or_resize,78564,408,safe_name_441,Slice,4,1,1,True
170,crop_or_resize,78564,409,safe_name_442,Mul,2,1,1,False
170,crop_or_resize,78564,410,safe_name_443,Mul,2,1,1,False
170,crop_or_resize,78564,411,safe_name_444,Mul,2,1,1,False
170,crop_or_resize,78564,412,safe_name_445,Mul,2,1,1,False
170,crop_or_resize,78564,413,safe_name_446,Concat,2,1,1,False
170,crop_or_resize,78564,414,safe_name_447,Concat,2,1,1,False
170,crop_or_resize,78564,415,safe_name_448,Slice,4,1,1,True
170,crop_or_resize,78564,416,safe_name_449,Mul,2,1,1,False
170,crop_or_resize,78564,417,safe_name_450,Add,2,1,1,False
170,crop_or_resize,78564,418,safe_name_451,Add,2,1,1,False
170,crop_or_resize,78564,419,safe_name_452,Concat,2,1,1,False
170,crop_or_resize,78564,420,safe_name_453,Concat,2,1,1,False
170,crop_or_resize,78564,421,safe_name_454,Slice,4,1,1,True
170,crop_or_resize,78564,422,safe_name_455,Mul,2,1,1,False
170,crop_or_resize,78564,423,safe_name_456,Concat,2,1,1,False
170,crop_or_resize,78564,424,safe_name_457,Concat,2,1,1,False
170,crop_or_resize,78564,425,safe_name_458,Slice,4,1,1,True
170,crop_or_resize,78564,426,safe_name_459,Mul,2,1,1,False
170,crop_or_resize,78564,427,safe_name_460,Concat,2,1,1,False
170,crop_or_resize,78564,428,safe_name_461,Concat,2,1,1,False
170,crop_or_resize,78564,429,safe_name_462,Slice,4,1,1,True
170,crop_or_resize,78564,430,safe_name_463,Mul,2,1,1,False
170,crop_or_resize,78564,431,safe_name_464,Concat,2,1,1,False
170,crop_or_resize,78564,432,safe_name_465,Concat,2,1,1,False
170,crop_or_resize,78564,433,safe_name_466,Slice,4,1,1,True
170,crop_or_resize,78564,434,safe_name_467,Mul,2,1,1,False
170,crop_or_resize,78564,435,safe_name_468,Sum,16,1,1,False
170,crop_or_resize,78564,436,safe_name_469,Mul,2,1,1,False
170,crop_or_resize,78564,437,safe_name_470,Sub,2,1,1,False
170,crop_or_resize,78564,438,safe_name_471,Sub,2,1,1,False
170,crop_or_resize,78564,439,safe_name_472,Mul,2,1,1,False
170,crop_or_resize,78564,440,safe_name_473,Less,2,1,1,False
170,crop_or_resize,78564,441,safe_name_474,Where,3,1,1,True
170,crop_or_resize,78564,442,safe_name_475,Where,3,1,1,True
170,crop_or_resize,78564,443,safe_name_476,Where,3,1,1,True
170,crop_or_resize,78564,444,safe_name_477,Where,3,1,1,True
170,crop_or_resize,78564,445,safe_name_478,Where,3,1,1,True
170,crop_or_resize,78564,446,safe_name_479,Where,3,1,1,True
170,crop_or_resize,78564,447,safe_name_480,Where,3,1,1,True
170,crop_or_resize,78564,448,safe_name_481,Where,3,1,1,True
170,crop_or_resize,78564,449,safe_name_482,Where,3,1,1,True
170,crop_or_resize,78564,450,safe_name_483,Where,3,1,1,True
170,crop_or_resize,78564,451,safe_name_484,Where,3,1,1,True
170,crop_or_resize,78564,452,safe_name_485,Where,3,1,1,True
170,crop_or_resize,78564,453,safe_name_486,Where,3,1,1,True
170,crop_or_resize,78564,454,safe_name_487,Where,3,1,1,True
170,crop_or_resize,78564,455,safe_name_488,Where,3,1,1,True
170,crop_or_resize,78564,456,safe_name_489,Where,3,1,1,True
170,crop_or_resize,78564,457,safe_name_490,Where,3,1,1,True
170,crop_or_resize,78564,458,safe_name_491,Mul,2,1,1,False
170,crop_or_resize,78564,459,safe_name_492,Mul,2,1,1,False
170,crop_or_resize,78564,460,safe_name_493,Mul,2,1,1,False
170,crop_or_resize,78564,461,safe_name_494,Add,2,1,1,False
170,crop_or_resize,78564,462,safe_name_495,Add,2,1,1,False
170,crop_or_resize,78564,463,safe_name_496,Concat,2,1,1,False
170,crop_or_resize,78564,464,safe_name_497,Concat,2,1,1,False
170,crop_or_resize,78564,465,safe_name_498,Slice,4,1,1,True
170,crop_or_resize,78564,466,safe_name_499,Mul,2,1,1,False
170,crop_or_resize,78564,467,safe_name_500,Mul,2,1,1,False
170,crop_or_resize,78564,468,safe_name_501,Mul,2,1,1,False
170,crop_or_resize,78564,469,safe_name_502,Mul,2,1,1,False
170,crop_or_resize,78564,470,safe_name_503,Concat,2,1,1,False
170,crop_or_resize,78564,471,safe_name_504,Concat,2,1,1,False
170,crop_or_resize,78564,472,safe_name_505,Slice,4,1,1,True
170,crop_or_resize,78564,473,safe_name_506,Mul,2,1,1,False
170,crop_or_resize,78564,474,safe_name_507,Mul,2,1,1,False
170,crop_or_resize,78564,475,safe_name_508,Mul,2,1,1,False
170,crop_or_resize,78564,476,safe_name_509,Mul,2,1,1,False
170,crop_or_resize,78564,477,safe_name_510,Concat,2,1,1,False
170,crop_or_resize,78564,478,safe_name_511,Concat,2,1,1,False
170,crop_or_resize,78564,479,safe_name_512,Slice,4,1,1,True
170,crop_or_resize,78564,480,safe_name_513,Mul,2,1,1,False
170,crop_or_resize,78564,481,safe_name_514,Add,2,1,1,False
170,crop_or_resize,78564,482,safe_name_515,Add,2,1,1,False
170,crop_or_resize,78564,483,safe_name_516,Concat,2,1,1,False
170,crop_or_resize,78564,484,safe_name_517,Concat,2,1,1,False
170,crop_or_resize,78564,485,safe_name_518,Slice,4,1,1,True
170,crop_or_resize,78564,486,safe_name_519,Mul,2,1,1,False
170,crop_or_resize,78564,487,safe_name_520,Concat,2,1,1,False
170,crop_or_resize,78564,488,safe_name_521,Concat,2,1,1,False
170,crop_or_resize,78564,489,safe_name_522,Slice,4,1,1,True
170,crop_or_resize,78564,490,safe_name_523,Mul,2,1,1,False
170,crop_or_resize,78564,491,safe_name_524,Concat,2,1,1,False
170,crop_or_resize,78564,492,safe_name_525,Concat,2,1,1,False
170,crop_or_resize,78564,493,safe_name_526,Slice,4,1,1,True
170,crop_or_resize,78564,494,safe_name_527,Mul,2,1,1,False
170,crop_or_resize,78564,495,safe_name_528,Concat,2,1,1,False
170,crop_or_resize,78564,496,safe_name_529,Concat,2,1,1,False
170,crop_or_resize,78564,497,safe_name_530,Slice,4,1,1,True
170,crop_or_resize,78564,498,safe_name_531,Mul,2,1,1,False
170,crop_or_resize,78564,499,safe_name_532,Sum,16,1,1,False
170,crop_or_resize,78564,500,safe_name_533,Mul,2,1,1,False
170,crop_or_resize,78564,501,safe_name_534,Sub,2,1,1,False
170,crop_or_resize,78564,502,safe_name_535,Mul,2,1,1,False
170,crop_or_resize,78564,503,safe_name_536,Less,2,1,1,False
170,crop_or_resize,78564,504,safe_name_537,Where,3,1,1,True
170,crop_or_resize,78564,505,safe_name_538,Where,3,1,1,True
170,crop_or_resize,78564,506,safe_name_539,Where,3,1,1,True
170,crop_or_resize,78564,507,safe_name_540,Where,3,1,1,True
170,crop_or_resize,78564,508,safe_name_541,Where,3,1,1,True
170,crop_or_resize,78564,509,safe_name_542,Where,3,1,1,True
170,crop_or_resize,78564,510,safe_name_543,Where,3,1,1,True
170,crop_or_resize,78564,511,safe_name_544,Where,3,1,1,True
170,crop_or_resize,78564,512,safe_name_545,Where,3,1,1,True
170,crop_or_resize,78564,513,safe_name_546,Where,3,1,1,True
170,crop_or_resize,78564,514,safe_name_547,Where,3,1,1,True
170,crop_or_resize,78564,515,safe_name_548,Where,3,1,1,True
170,crop_or_resize,78564,516,safe_name_549,Where,3,1,1,True
170,crop_or_resize,78564,517,safe_name_550,Where,3,1,1,True
170,crop_or_resize,78564,518,safe_name_551,Where,3,1,1,True
170,crop_or_resize,78564,519,safe_name_552,Where,3,1,1,True
170,crop_or_resize,78564,520,safe_name_553,Sum,2,1,1,False
170,crop_or_resize,78564,521,safe_name_554,Greater,2,1,1,False
170,crop_or_resize,78564,522,safe_name_555,Cast,1,1,1,False
170,crop_or_resize,78564,523,safe_name_556,Sum,2,1,1,False
170,crop_or_resize,78564,524,safe_name_557,Greater,2,1,1,False
170,crop_or_resize,78564,525,safe_name_558,Cast,1,1,1,False
170,crop_or_resize,78564,526,safe_name_559,Sum,2,1,1,False
170,crop_or_resize,78564,527,safe_name_560,Greater,2,1,1,False
170,crop_or_resize,78564,528,safe_name_561,Cast,1,1,1,False
170,crop_or_resize,78564,529,safe_name_562,Sum,2,1,1,False
170,crop_or_resize,78564,530,safe_name_563,Greater,2,1,1,False
170,crop_or_resize,78564,531,safe_name_564,Cast,1,1,1,False
170,crop_or_resize,78564,532,safe_name_565,Sum,2,1,1,False
170,crop_or_resize,78564,533,safe_name_566,Greater,2,1,1,False
170,crop_or_resize,78564,534,safe_name_567,Cast,1,1,1,False
170,crop_or_resize,78564,535,safe_name_568,Sum,2,1,1,False
170,crop_or_resize,78564,536,safe_name_569,Greater,2,1,1,False
170,crop_or_resize,78564,537,safe_name_570,Cast,1,1,1,False
170,crop_or_resize,78564,538,safe_name_571,Sum,2,1,1,False
170,crop_or_resize,78564,539,safe_name_572,Greater,2,1,1,False
170,crop_or_resize,78564,540,safe_name_573,Cast,1,1,1,False
170,crop_or_resize,78564,541,safe_name_574,Sum,2,1,1,False
170,crop_or_resize,78564,542,safe_name_575,Greater,2,1,1,False
170,crop_or_resize,78564,543,safe_name_576,Cast,1,1,1,False
170,crop_or_resize,78564,544,safe_name_577,Sum,2,1,1,False
170,crop_or_resize,78564,545,safe_name_578,Greater,2,1,1,False
170,crop_or_resize,78564,546,safe_name_579,Cast,1,1,1,False
170,crop_or_resize,78564,547,safe_name_580,Sum,2,1,1,False
170,crop_or_resize,78564,548,safe_name_581,Greater,2,1,1,False
170,crop_or_resize,78564,549,safe_name_582,Cast,1,1,1,False
170,crop_or_resize,78564,550,safe_name_583,Sum,2,1,1,False
170,crop_or_resize,78564,551,safe_name_584,Greater,2,1,1,False
170,crop_or_resize,78564,552,safe_name_585,Cast,1,1,1,False
170,crop_or_resize,78564,553,safe_name_586,Sum,2,1,1,False
170,crop_or_resize,78564,554,safe_name_587,Greater,2,1,1,False
170,crop_or_resize,78564,555,safe_name_588,Cast,1,1,1,False
170,crop_or_resize,78564,556,safe_name_589,Sum,2,1,1,False
170,crop_or_resize,78564,557,safe_name_590,Greater,2,1,1,False
170,crop_or_resize,78564,558,safe_name_591,Cast,1,1,1,False
170,crop_or_resize,78564,559,safe_name_592,Sum,2,1,1,False
170,crop_or_resize,78564,560,safe_name_593,Greater,2,1,1,False
170,crop_or_resize,78564,561,safe_name_594,Cast,1,1,1,False
170,crop_or_resize,78564,562,safe_name_595,Sum,2,1,1,False
170,crop_or_resize,78564,563,safe_name_596,Greater,2,1,1,False
170,crop_or_resize,78564,564,safe_name_597,Cast,1,1,1,False
170,crop_or_resize,78564,565,safe_name_598,Sum,2,1,1,False
170,crop_or_resize,78564,566,safe_name_599,Greater,2,1,1,False
170,crop_or_resize,78564,567,safe_name_600,Cast,1,1,1,False
170,crop_or_resize,78564,568,safe_name_601,Sub,2,1,1,False
170,crop_or_resize,78564,569,safe_name_602,Mul,2,1,1,False
170,crop_or_resize,78564,570,safe_name_603,Where,3,1,1,True
170,crop_or_resize,78564,571,safe_name_604,Sub,2,1,1,False
170,crop_or_resize,78564,572,safe_name_605,Mul,2,1,1,False
170,crop_or_resize,78564,573,safe_name_606,And,2,1,1,False
170,crop_or_resize,78564,574,safe_name_607,Where,3,1,1,True
170,crop_or_resize,78564,575,safe_name_608,Sum,4,1,1,False
170,crop_or_resize,78564,576,safe_name_609,Sub,2,1,1,False
170,crop_or_resize,78564,577,safe_name_610,Mul,2,1,1,False
170,crop_or_resize,78564,578,safe_name_611,Where,3,1,1,True
170,crop_or_resize,78564,579,safe_name_612,Sub,2,1,1,False
170,crop_or_resize,78564,580,safe_name_613,Mul,2,1,1,False
170,crop_or_resize,78564,581,safe_name_614,And,2,1,1,False
170,crop_or_resize,78564,582,safe_name_615,Where,3,1,1,True
170,crop_or_resize,78564,583,safe_name_616,Sum,4,1,1,False
170,crop_or_resize,78564,584,safe_name_617,Sub,2,1,1,False
170,crop_or_resize,78564,585,safe_name_618,Mul,2,1,1,False
170,crop_or_resize,78564,586,safe_name_619,Where,3,1,1,True
170,crop_or_resize,78564,587,safe_name_620,Sub,2,1,1,False
170,crop_or_resize,78564,588,safe_name_621,Mul,2,1,1,False
170,crop_or_resize,78564,589,safe_name_622,And,2,1,1,False
170,crop_or_resize,78564,590,safe_name_623,Where,3,1,1,True
170,crop_or_resize,78564,591,safe_name_624,Sum,4,1,1,False
170,crop_or_resize,78564,592,safe_name_625,Sub,2,1,1,False
170,crop_or_resize,78564,593,safe_name_626,Mul,2,1,1,False
170,crop_or_resize,78564,594,safe_name_627,And,2,1,1,False
170,crop_or_resize,78564,595,safe_name_628,Where,3,1,1,True
170,crop_or_resize,78564,596,safe_name_629,Sum,2,1,1,False
170,crop_or_resize,78564,597,safe_name_630,Sub,2,1,1,False
170,crop_or_resize,78564,598,safe_name_631,Mul,2,1,1,False
170,crop_or_resize,78564,599,safe_name_632,Where,3,1,1,True
170,crop_or_resize,78564,600,safe_name_633,Sub,2,1,1,False
170,crop_or_resize,78564,601,safe_name_634,Mul,2,1,1,False
170,crop_or_resize,78564,602,safe_name_635,And,2,1,1,False
170,crop_or_resize,78564,603,safe_name_636,Where,3,1,1,True
170,crop_or_resize,78564,604,safe_name_637,Sum,4,1,1,False
170,crop_or_resize,78564,605,safe_name_638,Sub,2,1,1,False
170,crop_or_resize,78564,606,safe_name_639,Mul,2,1,1,False
170,crop_or_resize,78564,607,safe_name_640,Where,3,1,1,True
170,crop_or_resize,78564,608,safe_name_641,Sub,2,1,1,False
170,crop_or_resize,78564,609,safe_name_642,Mul,2,1,1,False
170,crop_or_resize,78564,610,safe_name_643,And,2,1,1,False
170,crop_or_resize,78564,611,safe_name_644,Where,3,1,1,True
170,crop_or_resize,78564,612,safe_name_645,Sum,4,1,1,False
170,crop_or_resize,78564,613,safe_name_646,Sub,2,1,1,False
170,crop_or_resize,78564,614,safe_name_647,Mul,2,1,1,False
170,crop_or_resize,78564,615,safe_name_648,Where,3,1,1,True
170,crop_or_resize,78564,616,safe_name_649,Sub,2,1,1,False
170,crop_or_resize,78564,617,safe_name_650,Mul,2,1,1,False
170,crop_or_resize,78564,618,safe_name_651,And,2,1,1,False
170,crop_or_resize,78564,619,safe_name_652,Where,3,1,1,True
170,crop_or_resize,78564,620,safe_name_653,Sum,4,1,1,False
170,crop_or_resize,78564,621,safe_name_654,Sub,2,1,1,False
170,crop_or_resize,78564,622,safe_name_655,Mul,2,1,1,False
170,crop_or_resize,78564,623,safe_name_656,And,2,1,1,False
170,crop_or_resize,78564,624,safe_name_657,Where,3,1,1,True
170,crop_or_resize,78564,625,safe_name_658,Sum,2,1,1,False
170,crop_or_resize,78564,626,safe_name_659,Sub,2,1,1,False
170,crop_or_resize,78564,627,safe_name_660,Mul,2,1,1,False
170,crop_or_resize,78564,628,safe_name_661,Where,3,1,1,True
170,crop_or_resize,78564,629,safe_name_662,Sub,2,1,1,False
170,crop_or_resize,78564,630,safe_name_663,Mul,2,1,1,False
170,crop_or_resize,78564,631,safe_name_664,And,2,1,1,False
170,crop_or_resize,78564,632,safe_name_665,Where,3,1,1,True
170,crop_or_resize,78564,633,safe_name_666,Sum,4,1,1,False
170,crop_or_resize,78564,634,safe_name_667,Sub,2,1,1,False
170,crop_or_resize,78564,635,safe_name_668,Mul,2,1,1,False
170,crop_or_resize,78564,636,safe_name_669,Where,3,1,1,True
170,crop_or_resize,78564,637,safe_name_670,Sub,2,1,1,False
170,crop_or_resize,78564,638,safe_name_671,Mul,2,1,1,False
170,crop_or_resize,78564,639,safe_name_672,And,2,1,1,False
170,crop_or_resize,78564,640,safe_name_673,Where,3,1,1,True
170,crop_or_resize,78564,641,safe_name_674,Sum,4,1,1,False
170,crop_or_resize,78564,642,safe_name_675,Sub,2,1,1,False
170,crop_or_resize,78564,643,safe_name_676,Mul,2,1,1,False
170,crop_or_resize,78564,644,safe_name_677,Where,3,1,1,True
170,crop_or_resize,78564,645,safe_name_678,Sub,2,1,1,False
170,crop_or_resize,78564,646,safe_name_679,Mul,2,1,1,False
170,crop_or_resize,78564,647,safe_name_680,And,2,1,1,False
170,crop_or_resize,78564,648,safe_name_681,Where,3,1,1,True
170,crop_or_resize,78564,649,safe_name_682,Sum,4,1,1,False
170,crop_or_resize,78564,650,safe_name_683,Sub,2,1,1,False
170,crop_or_resize,78564,651,safe_name_684,Mul,2,1,1,False
170,crop_or_resize,78564,652,safe_name_685,And,2,1,1,False
170,crop_or_resize,78564,653,safe_name_686,Where,3,1,1,True
170,crop_or_resize,78564,654,safe_name_687,Sum,2,1,1,False
170,crop_or_resize,78564,655,safe_name_688,Sub,2,1,1,False
170,crop_or_resize,78564,656,safe_name_689,Mul,2,1,1,False
170,crop_or_resize,78564,657,safe_name_690,And,2,1,1,False
170,crop_or_resize,78564,658,safe_name_691,Where,3,1,1,True
170,crop_or_resize,78564,659,safe_name_692,Sum,2,1,1,False
170,crop_or_resize,78564,660,safe_name_693,Sub,2,1,1,False
170,crop_or_resize,78564,661,safe_name_694,Mul,2,1,1,False
170,crop_or_resize,78564,662,safe_name_695,And,2,1,1,False
170,crop_or_resize,78564,663,safe_name_696,Where,3,1,1,True
170,crop_or_resize,78564,664,safe_name_697,Sum,2,1,1,False
170,crop_or_resize,78564,665,safe_name_698,Sub,2,1,1,False
170,crop_or_resize,78564,666,safe_name_699,Mul,2,1,1,False
170,crop_or_resize,78564,667,safe_name_700,And,2,1,1,False
170,crop_or_resize,78564,668,safe_name_701,Where,3,1,1,True
170,crop_or_resize,78564,669,safe_name_702,Sum,2,1,1,False
170,crop_or_resize,78564,670,safe_name_703,Sub,2,1,1,False
170,crop_or_resize,78564,671,safe_name_704,Mul,2,1,1,False
170,crop_or_resize,78564,672,safe_name_705,And,2,1,1,False
170,crop_or_resize,78564,673,safe_name_706,Where,3,1,1,True
170,crop_or_resize,78564,674,safe_name_707,Sum,2,1,1,False
170,crop_or_resize,78564,675,safe_name_708,Concat,4,1,1,False
170,crop_or_resize,78564,676,safe_name_709,Concat,4,1,1,False
170,crop_or_resize,78564,677,safe_name_710,Concat,4,1,1,False
170,crop_or_resize,78564,678,safe_name_711,Concat,4,1,1,False
170,crop_or_resize,78564,679,safe_name_712,Concat,4,1,1,False
170,crop_or_resize,78564,680,output,Pad,3,1,1,False
284,sparse_edit_or_object_completion,78555,0,safe_name_7,Reshape,2,1,1,False
284,sparse_edit_or_object_completion,78555,1,safe_name_8,Gather,2,1,1,True
284,sparse_edit_or_object_completion,78555,2,safe_name_9,Sub,2,1,1,False
284,sparse_edit_or_object_completion,78555,3,safe_name_10,Mul,2,1,1,False
284,sparse_edit_or_object_completion,78555,4,safe_name_11,ReduceSum,1,1,1,False
284,sparse_edit_or_object_completion,78555,5,safe_name_12,Less,2,1,1,False
284,sparse_edit_or_object_completion,78555,6,safe_name_13,Cast,1,1,1,False
284,sparse_edit_or_object_completion,78555,7,safe_name_14,Unsqueeze,1,1,1,False
284,sparse_edit_or_object_completion,78555,8,safe_name_15,MatMul,2,1,1,True
284,sparse_edit_or_object_completion,78555,9,safe_name_16,Cast,1,1,1,False
284,sparse_edit_or_object_completion,78555,10,safe_name_17,MatMul,2,1,1,True
284,sparse_edit_or_object_completion,78555,11,safe_name_18,ScatterElements,3,1,1,True
284,sparse_edit_or_object_completion,78555,12,output,Reshape,2,1,1,False
364,sparse_edit_or_object_completion,77859,0,safe_name_23,Slice,4,1,1,True
364,sparse_edit_or_object_completion,77859,1,safe_name_24,Greater,2,1,1,False
364,sparse_edit_or_object_completion,77859,2,safe_name_25,Slice,4,1,1,True
364,sparse_edit_or_object_completion,77859,3,safe_name_26,Greater,2,1,1,False
364,sparse_edit_or_object_completion,77859,4,safe_name_27,Pad,3,1,1,False
364,sparse_edit_or_object_completion,77859,5,safe_name_28,Slice,4,1,1,True
364,sparse_edit_or_object_completion,77859,6,safe_name_29,Pad,3,1,1,False
364,sparse_edit_or_object_completion,77859,7,safe_name_30,Slice,4,1,1,True
364,sparse_edit_or_object_completion,77859,8,safe_name_31,Pad,3,1,1,False
364,sparse_edit_or_object_completion,77859,9,safe_name_32,Slice,4,1,1,True
364,sparse_edit_or_object_completion,77859,10,safe_name_33,Pad,3,1,1,False
364,sparse_edit_or_object_completion,77859,11,safe_name_34,Slice,4,1,1,True
364,sparse_edit_or_object_completion,77859,12,safe_name_35,Sum,2,1,1,False
364,sparse_edit_or_object_completion,77859,13,safe_name_36,Sum,2,1,1,False
364,sparse_edit_or_object_completion,77859,14,safe_name_37,Sum,2,1,1,False
364,sparse_edit_or_object_completion,77859,15,safe_name_38,Equal,2,1,1,False
364,sparse_edit_or_object_completion,77859,16,safe_name_39,And,2,1,1,False
364,sparse_edit_or_object_completion,77859,17,safe_name_40,Cast,1,1,1,False
364,sparse_edit_or_object_completion,77859,18,safe_name_41,Equal,2,1,1,False
364,sparse_edit_or_object_completion,77859,19,safe_name_42,Equal,2,1,1,False
364,sparse_edit_or_object_completion,77859,20,safe_name_43,And,2,1,1,False
364,sparse_edit_or_object_completion,77859,21,safe_name_44,And,2,1,1,False
364,sparse_edit_or_object_completion,77859,22,safe_name_45,Cast,1,1,1,False
364,sparse_edit_or_object_completion,77859,23,safe_name_46,Where,3,1,1,True
364,sparse_edit_or_object_completion,77859,24,safe_name_47,MaxPool,1,1,1,True
364,sparse_edit_or_object_completion,77859,25,safe_name_48,Where,3,1,1,True
364,sparse_edit_or_object_completion,77859,26,safe_name_49,MaxPool,1,1,1,True
364,sparse_edit_or_object_completion,77859,27,safe_name_50,Where,3,1,1,True
364,sparse_edit_or_object_completion,77859,28,safe_name_51,MaxPool,1,1,1,True
364,sparse_edit_or_object_completion,77859,29,safe_name_52,Where,3,1,1,True
364,sparse_edit_or_object_completion,77859,30,safe_name_53,MaxPool,1,1,1,True
364,sparse_edit_or_object_completion,77859,31,safe_name_54,Where,3,1,1,True
364,sparse_edit_or_object_completion,77859,32,safe_name_55,MaxPool,1,1,1,True
364,sparse_edit_or_object_completion,77859,33,safe_name_56,Where,3,1,1,True
364,sparse_edit_or_object_completion,77859,34,safe_name_57,MaxPool,1,1,1,True
364,sparse_edit_or_object_completion,77859,35,safe_name_58,Where,3,1,1,True
364,sparse_edit_or_object_completion,77859,36,safe_name_59,MaxPool,1,1,1,True
364,sparse_edit_or_object_completion,77859,37,safe_name_60,Where,3,1,1,True
364,sparse_edit_or_object_completion,77859,38,safe_name_61,MaxPool,1,1,1,True
364,sparse_edit_or_object_completion,77859,39,safe_name_62,Where,3,1,1,True
364,sparse_edit_or_object_completion,77859,40,safe_name_63,MaxPool,1,1,1,True
364,sparse_edit_or_object_completion,77859,41,safe_name_64,Where,3,1,1,True
364,sparse_edit_or_object_completion,77859,42,safe_name_65,MaxPool,1,1,1,True
364,sparse_edit_or_object_completion,77859,43,safe_name_66,Where,3,1,1,True
364,sparse_edit_or_object_completion,77859,44,safe_name_67,Neg,1,1,1,False
364,sparse_edit_or_object_completion,77859,45,safe_name_68,Cast,1,1,1,False
364,sparse_edit_or_object_completion,77859,46,safe_name_69,Where,3,1,1,True
364,sparse_edit_or_object_completion,77859,47,safe_name_70,Unsqueeze,2,1,1,False
364,sparse_edit_or_object_completion,77859,48,safe_name_71,ConstantOfShape,1,1,1,False
364,sparse_edit_or_object_completion,77859,49,safe_name_72,ScatterND,3,1,1,True
364,sparse_edit_or_object_completion,77859,50,safe_name_73,ScatterND,3,1,1,True
364,sparse_edit_or_object_completion,77859,51,safe_name_74,Gather,2,1,1,True
364,sparse_edit_or_object_completion,77859,52,safe_name_75,Gather,2,1,1,True
364,sparse_edit_or_object_completion,77859,53,safe_name_76,Greater,2,1,1,False
364,sparse_edit_or_object_completion,77859,54,safe_name_77,And,2,1,1,False
364,sparse_edit_or_object_completion,77859,55,safe_name_78,Greater,2,1,1,False
364,sparse_edit_or_object_completion,77859,56,safe_name_79,Not,1,1,1,False
364,sparse_edit_or_object_completion,77859,57,safe_name_80,And,2,1,1,False
364,sparse_edit_or_object_completion,77859,58,safe_name_81,And,2,1,1,False
364,sparse_edit_or_object_completion,77859,59,safe_name_82,Not,1,1,1,False
364,sparse_edit_or_object_completion,77859,60,safe_name_83,And,2,1,1,False
364,sparse_edit_or_object_completion,77859,61,safe_name_84,Concat,10,1,1,False
364,sparse_edit_or_object_completion,77859,62,output,Pad,2,1,1,False
300,crop_or_resize,77546,0,safe_name_14,Cast,1,1,1,False
300,crop_or_resize,77546,1,safe_name_15,ReduceSum,1,1,1,False
300,crop_or_resize,77546,2,safe_name_16,Reshape,2,1,1,False
300,crop_or_resize,77546,3,safe_name_17,Sub,2,1,1,False
300,crop_or_resize,77546,4,safe_name_18,ArgMax,1,1,1,False
300,crop_or_resize,77546,5,safe_name_19,Gather,2,1,1,True
300,crop_or_resize,77546,6,safe_name_20,ReduceMax,1,1,1,False
300,crop_or_resize,77546,7,safe_name_21,Reshape,2,1,1,False
300,crop_or_resize,77546,8,safe_name_22,ReduceMax,1,1,1,False
300,crop_or_resize,77546,9,safe_name_23,Reshape,2,1,1,False
300,crop_or_resize,77546,10,safe_name_24,ArgMax,1,1,1,False
300,crop_or_resize,77546,11,safe_name_25,ArgMax,1,1,1,False
300,crop_or_resize,77546,12,safe_name_26,Gather,2,1,1,True
300,crop_or_resize,77546,13,safe_name_27,ArgMax,1,1,1,False
300,crop_or_resize,77546,14,safe_name_28,Sub,2,1,1,False
300,crop_or_resize,77546,15,safe_name_29,Gather,2,1,1,True
300,crop_or_resize,77546,16,safe_name_30,ArgMax,1,1,1,False
300,crop_or_resize,77546,17,safe_name_31,Sub,2,1,1,False
300,crop_or_resize,77546,18,safe_name_32,Add,2,1,1,False
300,crop_or_resize,77546,19,safe_name_33,Less,2,1,1,False
300,crop_or_resize,77546,20,safe_name_34,Where,3,1,1,True
300,crop_or_resize,77546,21,safe_name_35,Add,2,1,1,False
300,crop_or_resize,77546,22,safe_name_36,Less,2,1,1,False
300,crop_or_resize,77546,23,safe_name_37,Where,3,1,1,True
300,crop_or_resize,77546,24,safe_name_38,Gather,2,1,1,True
300,crop_or_resize,77546,25,safe_name_39,Gather,2,1,1,True
300,crop_or_resize,77546,26,safe_name_40,Sub,2,1,1,False
300,crop_or_resize,77546,27,safe_name_41,Sub,2,1,1,False
300,crop_or_resize,77546,28,safe_name_42,Add,2,1,1,False
300,crop_or_resize,77546,29,safe_name_43,Less,2,1,1,False
300,crop_or_resize,77546,30,safe_name_44,Add,2,1,1,False
300,crop_or_resize,77546,31,safe_name_45,Less,2,1,1,False
300,crop_or_resize,77546,32,safe_name_46,Reshape,2,1,1,False
300,crop_or_resize,77546,33,safe_name_47,Cast,1,1,0,False
300,crop_or_resize,77546,34,safe_name_48,Reshape,2,1,1,False
300,crop_or_resize,77546,35,safe_name_49,Cast,1,1,0,False
300,crop_or_resize,77546,36,safe_name_50,Mul,2,1,1,False
300,crop_or_resize,77546,37,safe_name_51,Equal,2,1,1,False
300,crop_or_resize,77546,38,safe_name_52,Cast,1,1,0,False
300,crop_or_resize,77546,39,safe_name_53,Add,2,1,1,False
300,crop_or_resize,77546,40,safe_name_54,Reshape,2,1,1,False
300,crop_or_resize,77546,41,safe_name_55,Mul,2,1,1,False
300,crop_or_resize,77546,42,output,Mul,2,1,1,False
64,sparse_edit_or_object_completion,77502,0,safe_name_7,Reshape,2,1,1,False
64,sparse_edit_or_object_completion,77502,1,safe_name_8,Gather,2,1,1,True
64,sparse_edit_or_object_completion,77502,2,safe_name_9,Sub,2,1,1,False
64,sparse_edit_or_object_completion,77502,3,safe_name_10,Mul,2,1,1,False
64,sparse_edit_or_object_completion,77502,4,safe_name_11,ReduceSum,1,1,1,False
64,sparse_edit_or_object_completion,77502,5,safe_name_12,Less,2,1,1,False
64,sparse_edit_or_object_completion,77502,6,safe_name_13,Cast,1,1,1,False
64,sparse_edit_or_object_completion,77502,7,safe_name_14,Unsqueeze,1,1,1,False
64,sparse_edit_or_object_completion,77502,8,safe_name_15,MatMul,2,1,1,True
64,sparse_edit_or_object_completion,77502,9,safe_name_16,Cast,1,1,1,False
64,sparse_edit_or_object_completion,77502,10,safe_name_17,MatMul,2,1,1,True
64,sparse_edit_or_object_completion,77502,11,safe_name_18,ScatterElements,3,1,1,True
64,sparse_edit_or_object_completion,77502,12,output,Reshape,2,1,1,False
370,sparse_edit_or_object_completion,77380,0,safe_name_7,Reshape,2,1,1,False
370,sparse_edit_or_object_completion,77380,1,safe_name_8,Gather,2,1,1,True
370,sparse_edit_or_object_completion,77380,2,safe_name_9,Sub,2,1,1,False
370,sparse_edit_or_object_completion,77380,3,safe_name_10,Mul,2,1,1,False
370,sparse_edit_or_object_completion,77380,4,safe_name_11,ReduceSum,1,1,1,False
370,sparse_edit_or_object_completion,77380,5,safe_name_12,Less,2,1,1,False
370,sparse_edit_or_object_completion,77380,6,safe_name_13,Cast,1,1,1,False
370,sparse_edit_or_object_completion,77380,7,safe_name_14,Unsqueeze,1,1,1,False
370,sparse_edit_or_object_completion,77380,8,safe_name_15,MatMul,2,1,1,True
370,sparse_edit_or_object_completion,77380,9,safe_name_16,Cast,1,1,1,False
370,sparse_edit_or_object_completion,77380,10,safe_name_17,MatMul,2,1,1,True
370,sparse_edit_or_object_completion,77380,11,safe_name_18,ScatterElements,3,1,1,True
370,sparse_edit_or_object_completion,77380,12,output,Reshape,2,1,1,False
208,sparse_edit_or_object_completion,76717,0,safe_name_7,Reshape,2,1,1,False
208,sparse_edit_or_object_completion,76717,1,safe_name_8,Gather,2,1,1,True
208,sparse_edit_or_object_completion,76717,2,safe_name_9,Sub,2,1,1,False
208,sparse_edit_or_object_completion,76717,3,safe_name_10,Mul,2,1,1,False
208,sparse_edit_or_object_completion,76717,4,safe_name_11,ReduceSum,1,1,1,False
208,sparse_edit_or_object_completion,76717,5,safe_name_12,Less,2,1,1,False
208,sparse_edit_or_object_completion,76717,6,safe_name_13,Cast,1,1,1,False
208,sparse_edit_or_object_completion,76717,7,safe_name_14,Unsqueeze,1,1,1,False
208,sparse_edit_or_object_completion,76717,8,safe_name_15,MatMul,2,1,1,True
208,sparse_edit_or_object_completion,76717,9,safe_name_16,Cast,1,1,1,False
208,sparse_edit_or_object_completion,76717,10,safe_name_17,MatMul,2,1,1,True
208,sparse_edit_or_object_completion,76717,11,safe_name_18,ScatterElements,3,1,1,True
208,sparse_edit_or_object_completion,76717,12,output,Reshape,2,1,1,False
251,sparse_edit_or_object_completion,76717,0,safe_name_7,Reshape,2,1,1,False
251,sparse_edit_or_object_completion,76717,1,safe_name_8,Gather,2,1,1,True
251,sparse_edit_or_object_completion,76717,2,safe_name_9,Sub,2,1,1,False
251,sparse_edit_or_object_completion,76717,3,safe_name_10,Mul,2,1,1,False
251,sparse_edit_or_object_completion,76717,4,safe_name_11,ReduceSum,1,1,1,False
251,sparse_edit_or_object_completion,76717,5,safe_name_12,Less,2,1,1,False
251,sparse_edit_or_object_completion,76717,6,safe_name_13,Cast,1,1,1,False
251,sparse_edit_or_object_completion,76717,7,safe_name_14,Unsqueeze,1,1,1,False
251,sparse_edit_or_object_completion,76717,8,safe_name_15,MatMul,2,1,1,True
251,sparse_edit_or_object_completion,76717,9,safe_name_16,Cast,1,1,1,False
251,sparse_edit_or_object_completion,76717,10,safe_name_17,MatMul,2,1,1,True
251,sparse_edit_or_object_completion,76717,11,safe_name_18,ScatterElements,3,1,1,True
251,sparse_edit_or_object_completion,76717,12,output,Reshape,2,1,1,False
25,sparse_edit_or_object_completion,76682,0,safe_name_7,Reshape,2,1,1,False
25,sparse_edit_or_object_completion,76682,1,safe_name_8,Gather,2,1,1,True
25,sparse_edit_or_object_completion,76682,2,safe_name_9,Sub,2,1,1,False
25,sparse_edit_or_object_completion,76682,3,safe_name_10,Mul,2,1,1,False
25,sparse_edit_or_object_completion,76682,4,safe_name_11,ReduceSum,1,1,1,False
25,sparse_edit_or_object_completion,76682,5,safe_name_12,Less,2,1,1,False
25,sparse_edit_or_object_completion,76682,6,safe_name_13,Cast,1,1,1,False
25,sparse_edit_or_object_completion,76682,7,safe_name_14,Unsqueeze,1,1,1,False
25,sparse_edit_or_object_completion,76682,8,safe_name_15,MatMul,2,1,1,True
25,sparse_edit_or_object_completion,76682,9,safe_name_16,Cast,1,1,1,False
25,sparse_edit_or_object_completion,76682,10,safe_name_17,MatMul,2,1,1,True
25,sparse_edit_or_object_completion,76682,11,safe_name_18,ScatterElements,3,1,1,True
25,sparse_edit_or_object_completion,76682,12,output,Reshape,2,1,1,False
77,sparse_edit_or_object_completion,76589,0,safe_name_7,Reshape,2,1,1,False
77,sparse_edit_or_object_completion,76589,1,safe_name_8,Gather,2,1,1,True
77,sparse_edit_or_object_completion,76589,2,safe_name_9,Sub,2,1,1,False
77,sparse_edit_or_object_completion,76589,3,safe_name_10,Mul,2,1,1,False
77,sparse_edit_or_object_completion,76589,4,safe_name_11,ReduceSum,1,1,1,False
77,sparse_edit_or_object_completion,76589,5,safe_name_12,Less,2,1,1,False
77,sparse_edit_or_object_completion,76589,6,safe_name_13,Cast,1,1,1,False
77,sparse_edit_or_object_completion,76589,7,safe_name_14,Unsqueeze,1,1,1,False
77,sparse_edit_or_object_completion,76589,8,safe_name_15,MatMul,2,1,1,True
77,sparse_edit_or_object_completion,76589,9,safe_name_16,Cast,1,1,1,False
77,sparse_edit_or_object_completion,76589,10,safe_name_17,MatMul,2,1,1,True
77,sparse_edit_or_object_completion,76589,11,safe_name_18,ScatterElements,3,1,1,True
77,sparse_edit_or_object_completion,76589,12,output,Reshape,2,1,1,False
71,sparse_edit_or_object_completion,76482,0,safe_name_7,Reshape,2,1,1,False
71,sparse_edit_or_object_completion,76482,1,safe_name_8,Gather,2,1,1,True
71,sparse_edit_or_object_completion,76482,2,safe_name_9,Sub,2,1,1,False
71,sparse_edit_or_object_completion,76482,3,safe_name_10,Mul,2,1,1,False
71,sparse_edit_or_object_completion,76482,4,safe_name_11,ReduceSum,1,1,1,False
71,sparse_edit_or_object_completion,76482,5,safe_name_12,Less,2,1,1,False
71,sparse_edit_or_object_completion,76482,6,safe_name_13,Cast,1,1,1,False
71,sparse_edit_or_object_completion,76482,7,safe_name_14,Unsqueeze,1,1,1,False
71,sparse_edit_or_object_completion,76482,8,safe_name_15,MatMul,2,1,1,True
71,sparse_edit_or_object_completion,76482,9,safe_name_16,Cast,1,1,1,False
71,sparse_edit_or_object_completion,76482,10,safe_name_17,MatMul,2,1,1,True
71,sparse_edit_or_object_completion,76482,11,safe_name_18,ScatterElements,3,1,1,True
71,sparse_edit_or_object_completion,76482,12,output,Reshape,2,1,1,False
173,sparse_edit_or_object_completion,76356,0,safe_name_7,Reshape,2,1,1,False
173,sparse_edit_or_object_completion,76356,1,safe_name_8,Gather,2,1,1,True
173,sparse_edit_or_object_completion,76356,2,safe_name_9,Sub,2,1,1,False
173,sparse_edit_or_object_completion,76356,3,safe_name_10,Mul,2,1,1,False
173,sparse_edit_or_object_completion,76356,4,safe_name_11,ReduceSum,1,1,1,False
173,sparse_edit_or_object_completion,76356,5,safe_name_12,Less,2,1,1,False
173,sparse_edit_or_object_completion,76356,6,safe_name_13,Cast,1,1,1,False
173,sparse_edit_or_object_completion,76356,7,safe_name_14,Unsqueeze,1,1,1,False
173,sparse_edit_or_object_completion,76356,8,safe_name_15,MatMul,2,1,1,True
173,sparse_edit_or_object_completion,76356,9,safe_name_16,Cast,1,1,1,False
173,sparse_edit_or_object_completion,76356,10,safe_name_17,MatMul,2,1,1,True
173,sparse_edit_or_object_completion,76356,11,safe_name_18,ScatterElements,3,1,1,True
173,sparse_edit_or_object_completion,76356,12,output,Reshape,2,1,1,False
20,sparse_edit_or_object_completion,75134,0,safe_name_7,Reshape,2,1,1,False
20,sparse_edit_or_object_completion,75134,1,safe_name_8,Gather,2,1,1,True
20,sparse_edit_or_object_completion,75134,2,safe_name_9,Sub,2,1,1,False
20,sparse_edit_or_object_completion,75134,3,safe_name_10,Mul,2,1,1,False
20,sparse_edit_or_object_completion,75134,4,safe_name_11,ReduceSum,1,1,1,False
20,sparse_edit_or_object_completion,75134,5,safe_name_12,Less,2,1,1,False
20,sparse_edit_or_object_completion,75134,6,safe_name_13,Cast,1,1,1,False
20,sparse_edit_or_object_completion,75134,7,safe_name_14,Unsqueeze,1,1,1,False
20,sparse_edit_or_object_completion,75134,8,safe_name_15,MatMul,2,1,1,True
20,sparse_edit_or_object_completion,75134,9,safe_name_16,Cast,1,1,1,False
20,sparse_edit_or_object_completion,75134,10,safe_name_17,MatMul,2,1,1,True
20,sparse_edit_or_object_completion,75134,11,safe_name_18,ScatterElements,3,1,1,True
20,sparse_edit_or_object_completion,75134,12,output,Reshape,2,1,1,False
126,sparse_edit_or_object_completion,74727,0,safe_name_7,Reshape,2,1,1,False
126,sparse_edit_or_object_completion,74727,1,safe_name_8,Gather,2,1,1,True
126,sparse_edit_or_object_completion,74727,2,safe_name_9,Sub,2,1,1,False
126,sparse_edit_or_object_completion,74727,3,safe_name_10,Mul,2,1,1,False
126,sparse_edit_or_object_completion,74727,4,safe_name_11,ReduceSum,1,1,1,False
126,sparse_edit_or_object_completion,74727,5,safe_name_12,Less,2,1,1,False
126,sparse_edit_or_object_completion,74727,6,safe_name_13,Cast,1,1,1,False
126,sparse_edit_or_object_completion,74727,7,safe_name_14,Unsqueeze,1,1,1,False
126,sparse_edit_or_object_completion,74727,8,safe_name_15,MatMul,2,1,1,True
126,sparse_edit_or_object_completion,74727,9,safe_name_16,Cast,1,1,1,False
126,sparse_edit_or_object_completion,74727,10,safe_name_17,MatMul,2,1,1,True
126,sparse_edit_or_object_completion,74727,11,safe_name_18,ScatterElements,3,1,1,True
126,sparse_edit_or_object_completion,74727,12,output,Reshape,2,1,1,False
384,crop_or_resize,74722,0,safe_name_13,Cast,1,1,1,False
384,crop_or_resize,74722,1,safe_name_14,Slice,4,1,1,True
384,crop_or_resize,74722,2,safe_name_15,Cast,1,1,0,False
384,crop_or_resize,74722,3,safe_name_16,ReduceMax,1,1,1,False
384,crop_or_resize,74722,4,safe_name_17,ReduceMax,1,1,1,False
384,crop_or_resize,74722,5,safe_name_18,Reshape,2,1,1,False
384,crop_or_resize,74722,6,safe_name_19,ReduceMax,1,1,1,False
384,crop_or_resize,74722,7,safe_name_20,Reshape,2,1,1,False
384,crop_or_resize,74722,8,safe_name_21,ArgMax,1,1,1,False
384,crop_or_resize,74722,9,safe_name_22,ArgMax,1,1,1,False
384,crop_or_resize,74722,10,safe_name_23,Gather,2,1,1,True
384,crop_or_resize,74722,11,safe_name_24,ArgMax,1,1,1,False
384,crop_or_resize,74722,12,safe_name_25,Sub,2,1,1,False
384,crop_or_resize,74722,13,safe_name_26,Gather,2,1,1,True
384,crop_or_resize,74722,14,safe_name_27,ArgMax,1,1,1,False
384,crop_or_resize,74722,15,safe_name_28,Sub,2,1,1,False
384,crop_or_resize,74722,16,safe_name_29,Add,2,1,1,False
384,crop_or_resize,74722,17,safe_name_30,Less,2,1,1,False
384,crop_or_resize,74722,18,safe_name_31,Where,3,1,1,True
384,crop_or_resize,74722,19,safe_name_32,Add,2,1,1,False
384,crop_or_resize,74722,20,safe_name_33,Less,2,1,1,False
384,crop_or_resize,74722,21,safe_name_34,Where,3,1,1,True
384,crop_or_resize,74722,22,safe_name_35,Gather,2,1,1,True
384,crop_or_resize,74722,23,safe_name_36,Gather,2,1,1,True
384,crop_or_resize,74722,24,safe_name_37,Sub,2,1,1,False
384,crop_or_resize,74722,25,safe_name_38,Sub,2,1,1,False
384,crop_or_resize,74722,26,safe_name_39,Add,2,1,1,False
384,crop_or_resize,74722,27,safe_name_40,Add,2,1,1,False
384,crop_or_resize,74722,28,safe_name_41,Mul,2,1,1,False
384,crop_or_resize,74722,29,safe_name_42,Mul,2,1,1,False
384,crop_or_resize,74722,30,safe_name_43,Less,2,1,1,False
384,crop_or_resize,74722,31,safe_name_44,Less,2,1,1,False
384,crop_or_resize,74722,32,safe_name_45,Reshape,2,1,1,False
384,crop_or_resize,74722,33,safe_name_46,Cast,1,1,0,False
384,crop_or_resize,74722,34,safe_name_47,Reshape,2,1,1,False
384,crop_or_resize,74722,35,safe_name_48,Cast,1,1,0,False
384,crop_or_resize,74722,36,safe_name_49,Mul,2,1,1,False
384,crop_or_resize,74722,37,safe_name_50,Cast,1,1,0,False
384,crop_or_resize,74722,38,output,Mul,2,1,1,False
255,same_shape_global_transform,74403,0,safe_name_30,Gather,2,1,1,True
255,same_shape_global_transform,74403,1,safe_name_31,ReduceSum,1,1,1,False
255,same_shape_global_transform,74403,2,safe_name_32,Flatten,1,1,1,False
255,same_shape_global_transform,74403,3,safe_name_33,MatMul,2,1,1,True
255,same_shape_global_transform,74403,4,safe_name_34,Unsqueeze,1,1,1,False
255,same_shape_global_transform,74403,5,safe_name_35,Sub,2,1,1,False
255,same_shape_global_transform,74403,6,safe_name_36,Mul,2,1,1,False
255,same_shape_global_transform,74403,7,safe_name_37,ReduceSum,1,1,1,False
255,same_shape_global_transform,74403,8,safe_name_38,Less,2,1,1,False
255,same_shape_global_transform,74403,9,safe_name_39,Cast,1,1,1,False
255,same_shape_global_transform,74403,10,safe_name_40,MatMul,2,1,1,True
255,same_shape_global_transform,74403,11,safe_name_41,Gather,2,1,1,True
255,same_shape_global_transform,74403,12,safe_name_42,Gather,2,1,1,True
255,same_shape_global_transform,74403,13,safe_name_43,Reshape,2,1,1,False
255,same_shape_global_transform,74403,14,safe_name_44,Gather,2,1,1,True
255,same_shape_global_transform,74403,15,safe_name_45,Reshape,2,1,1,False
255,same_shape_global_transform,74403,16,safe_name_46,Gather,2,1,1,True
255,same_shape_global_transform,74403,17,safe_name_47,Reshape,2,1,1,False
255,same_shape_global_transform,74403,18,safe_name_48,Gather,2,1,1,True
255,same_shape_global_transform,74403,19,safe_name_49,Reshape,2,1,1,False
255,same_shape_global_transform,74403,20,safe_name_50,Gather,2,1,1,True
255,same_shape_global_transform,74403,21,safe_name_51,Reshape,2,1,1,False
255,same_shape_global_transform,74403,22,safe_name_52,Gather,2,1,1,True
255,same_shape_global_transform,74403,23,safe_name_53,Reshape,2,1,1,False
255,same_shape_global_transform,74403,24,safe_name_54,Gather,2,1,1,True
255,same_shape_global_transform,74403,25,safe_name_55,Reshape,2,1,1,False
255,same_shape_global_transform,74403,26,safe_name_56,Gather,2,1,1,True
255,same_shape_global_transform,74403,27,safe_name_57,Reshape,2,1,1,False
255,same_shape_global_transform,74403,28,safe_name_58,Gather,2,1,1,True
255,same_shape_global_transform,74403,29,safe_name_59,Reshape,2,1,1,False
255,same_shape_global_transform,74403,30,safe_name_60,Gather,2,1,1,True
255,same_shape_global_transform,74403,31,safe_name_61,Reshape,2,1,1,False
255,same_shape_global_transform,74403,32,safe_name_62,Gather,2,1,1,True
255,same_shape_global_transform,74403,33,safe_name_63,Reshape,2,1,1,False
255,same_shape_global_transform,74403,34,safe_name_64,Gather,2,1,1,True
255,same_shape_global_transform,74403,35,safe_name_65,Reshape,2,1,1,False
255,same_shape_global_transform,74403,36,safe_name_66,Gather,2,1,1,True
255,same_shape_global_transform,74403,37,safe_name_67,Reshape,2,1,1,False
255,same_shape_global_transform,74403,38,safe_name_68,Gather,2,1,1,True
255,same_shape_global_transform,74403,39,safe_name_69,Reshape,2,1,1,False
255,same_shape_global_transform,74403,40,safe_name_70,Gather,2,1,1,True
255,same_shape_global_transform,74403,41,safe_name_71,Reshape,2,1,1,False
255,same_shape_global_transform,74403,42,safe_name_72,Gather,2,1,1,True
255,same_shape_global_transform,74403,43,safe_name_73,Reshape,2,1,1,False
255,same_shape_global_transform,74403,44,safe_name_74,Gather,2,1,1,True
255,same_shape_global_transform,74403,45,safe_name_75,Reshape,2,1,1,False
255,same_shape_global_transform,74403,46,safe_name_76,Gather,2,1,1,True
255,same_shape_global_transform,74403,47,safe_name_77,Reshape,2,1,1,False
255,same_shape_global_transform,74403,48,safe_name_78,Gather,2,1,1,True
255,same_shape_global_transform,74403,49,safe_name_79,Reshape,2,1,1,False
255,same_shape_global_transform,74403,50,safe_name_80,Gather,2,1,1,True
255,same_shape_global_transform,74403,51,safe_name_81,Reshape,2,1,1,False
255,same_shape_global_transform,74403,52,safe_name_82,Sub,2,1,1,False
255,same_shape_global_transform,74403,53,safe_name_83,Add,2,1,1,False
255,same_shape_global_transform,74403,54,safe_name_84,Sub,2,1,1,False
255,same_shape_global_transform,74403,55,safe_name_85,Add,2,1,1,False
255,same_shape_global_transform,74403,56,safe_name_86,Less,2,1,1,False
255,same_shape_global_transform,74403,57,safe_name_87,Less,2,1,1,False
255,same_shape_global_transform,74403,58,safe_name_88,Less,2,1,1,False
255,same_shape_global_transform,74403,59,safe_name_89,Less,2,1,1,False
255,same_shape_global_transform,74403,60,safe_name_90,And,2,1,1,False
255,same_shape_global_transform,74403,61,safe_name_91,And,2,1,1,False
255,same_shape_global_transform,74403,62,safe_name_92,And,2,1,1,False
255,same_shape_global_transform,74403,63,safe_name_93,Sub,2,1,1,False
255,same_shape_global_transform,74403,64,safe_name_94,Add,2,1,1,False
255,same_shape_global_transform,74403,65,safe_name_95,Sub,2,1,1,False
255,same_shape_global_transform,74403,66,safe_name_96,Add,2,1,1,False
255,same_shape_global_transform,74403,67,safe_name_97,Less,2,1,1,False
255,same_shape_global_transform,74403,68,safe_name_98,Less,2,1,1,False
255,same_shape_global_transform,74403,69,safe_name_99,Less,2,1,1,False
255,same_shape_global_transform,74403,70,safe_name_100,Less,2,1,1,False
255,same_shape_global_transform,74403,71,safe_name_101,And,2,1,1,False
255,same_shape_global_transform,74403,72,safe_name_102,And,2,1,1,False
255,same_shape_global_transform,74403,73,safe_name_103,And,2,1,1,False
255,same_shape_global_transform,74403,74,safe_name_104,Sub,2,1,1,False
255,same_shape_global_transform,74403,75,safe_name_105,Add,2,1,1,False
255,same_shape_global_transform,74403,76,safe_name_106,Sub,2,1,1,False
255,same_shape_global_transform,74403,77,safe_name_107,Add,2,1,1,False
255,same_shape_global_transform,74403,78,safe_name_108,Less,2,1,1,False
255,same_shape_global_transform,74403,79,safe_name_109,Less,2,1,1,False
255,same_shape_global_transform,74403,80,safe_name_110,Less,2,1,1,False
255,same_shape_global_transform,74403,81,safe_name_111,Less,2,1,1,False
255,same_shape_global_transform,74403,82,safe_name_112,And,2,1,1,False
255,same_shape_global_transform,74403,83,safe_name_113,And,2,1,1,False
255,same_shape_global_transform,74403,84,safe_name_114,And,2,1,1,False
255,same_shape_global_transform,74403,85,safe_name_115,Sub,2,1,1,False
255,same_shape_global_transform,74403,86,safe_name_116,Add,2,1,1,False
255,same_shape_global_transform,74403,87,safe_name_117,Sub,2,1,1,False
255,same_shape_global_transform,74403,88,safe_name_118,Add,2,1,1,False
255,same_shape_global_transform,74403,89,safe_name_119,Less,2,1,1,False
255,same_shape_global_transform,74403,90,safe_name_120,Less,2,1,1,False
255,same_shape_global_transform,74403,91,safe_name_121,Less,2,1,1,False
255,same_shape_global_transform,74403,92,safe_name_122,Less,2,1,1,False
255,same_shape_global_transform,74403,93,safe_name_123,And,2,1,1,False
255,same_shape_global_transform,74403,94,safe_name_124,And,2,1,1,False
255,same_shape_global_transform,74403,95,safe_name_125,And,2,1,1,False
255,same_shape_global_transform,74403,96,safe_name_126,Sub,2,1,1,False
255,same_shape_global_transform,74403,97,safe_name_127,Add,2,1,1,False
255,same_shape_global_transform,74403,98,safe_name_128,Sub,2,1,1,False
255,same_shape_global_transform,74403,99,safe_name_129,Add,2,1,1,False
255,same_shape_global_transform,74403,100,safe_name_130,Less,2,1,1,False
255,same_shape_global_transform,74403,101,safe_name_131,Less,2,1,1,False
255,same_shape_global_transform,74403,102,safe_name_132,Less,2,1,1,False
255,same_shape_global_transform,74403,103,safe_name_133,Less,2,1,1,False
255,same_shape_global_transform,74403,104,safe_name_134,And,2,1,1,False
255,same_shape_global_transform,74403,105,safe_name_135,And,2,1,1,False
255,same_shape_global_transform,74403,106,safe_name_136,And,2,1,1,False
255,same_shape_global_transform,74403,107,safe_name_137,Or,2,1,1,False
255,same_shape_global_transform,74403,108,safe_name_138,Or,2,1,1,False
255,same_shape_global_transform,74403,109,safe_name_139,Or,2,1,1,False
255,same_shape_global_transform,74403,110,safe_name_140,Or,2,1,1,False
255,same_shape_global_transform,74403,111,safe_name_141,Cast,1,1,1,False
255,same_shape_global_transform,74403,112,safe_name_142,And,2,1,1,False
255,same_shape_global_transform,74403,113,safe_name_143,Cast,1,1,1,False
255,same_shape_global_transform,74403,114,output,Where,3,1,1,True
191,sparse_edit_or_object_completion,73993,0,safe_name_18,Gather,2,1,1,True
191,sparse_edit_or_object_completion,73993,1,safe_name_19,Flatten,1,1,1,False
191,sparse_edit_or_object_completion,73993,2,safe_name_20,MatMul,2,1,1,True
191,sparse_edit_or_object_completion,73993,3,safe_name_21,Cast,1,1,1,False
191,sparse_edit_or_object_completion,73993,4,safe_name_22,Unsqueeze,1,1,1,False
191,sparse_edit_or_object_completion,73993,5,safe_name_23,Equal,2,1,1,False
191,sparse_edit_or_object_completion,73993,6,safe_name_24,Reshape,2,1,1,False
191,sparse_edit_or_object_completion,73993,7,safe_name_25,Cast,1,1,1,False
191,sparse_edit_or_object_completion,73993,8,safe_name_26,ArgMax,1,1,1,False
191,sparse_edit_or_object_completion,73993,9,safe_name_27,Unsqueeze,1,1,1,False
191,sparse_edit_or_object_completion,73993,10,safe_name_28,Gather,2,1,1,True
191,sparse_edit_or_object_completion,73993,11,safe_name_29,ScatterElements,3,1,1,True
191,sparse_edit_or_object_completion,73993,12,safe_name_30,Equal,2,1,1,False
191,sparse_edit_or_object_completion,73993,13,safe_name_31,Cast,1,1,1,False
191,sparse_edit_or_object_completion,73993,14,safe_name_32,Cast,1,1,1,False
191,sparse_edit_or_object_completion,73993,15,safe_name_33,ArgMax,1,1,1,False
191,sparse_edit_or_object_completion,73993,16,safe_name_34,ReduceMax,1,1,1,False
191,sparse_edit_or_object_completion,73993,17,safe_name_35,Gather,2,1,1,True
191,sparse_edit_or_object_completion,73993,18,safe_name_36,Mul,2,1,1,False
191,sparse_edit_or_object_completion,73993,19,safe_name_37,ScatterElements,3,1,1,True
191,sparse_edit_or_object_completion,73993,20,safe_name_38,Equal,2,1,1,False
191,sparse_edit_or_object_completion,73993,21,safe_name_39,Cast,1,1,1,False
191,sparse_edit_or_object_completion,73993,22,safe_name_40,Cast,1,1,1,False
191,sparse_edit_or_object_completion,73993,23,safe_name_41,ArgMax,1,1,1,False
191,sparse_edit_or_object_completion,73993,24,safe_name_42,ReduceMax,1,1,1,False
191,sparse_edit_or_object_completion,73993,25,safe_name_43,Gather,2,1,1,True
191,sparse_edit_or_object_completion,73993,26,safe_name_44,Mul,2,1,1,False
191,sparse_edit_or_object_completion,73993,27,safe_name_45,ScatterElements,3,1,1,True
191,sparse_edit_or_object_completion,73993,28,safe_name_46,Sum,3,1,1,False
191,sparse_edit_or_object_completion,73993,29,safe_name_47,Reshape,2,1,1,False
191,sparse_edit_or_object_completion,73993,30,safe_name_48,Gather,2,1,1,True
191,sparse_edit_or_object_completion,73993,31,safe_name_49,Gather,2,1,1,True
191,sparse_edit_or_object_completion,73993,32,safe_name_50,Gather,2,1,1,True
191,sparse_edit_or_object_completion,73993,33,safe_name_51,Sub,2,1,1,False
191,sparse_edit_or_object_completion,73993,34,safe_name_52,Add,2,1,1,False
191,sparse_edit_or_object_completion,73993,35,output,Concat,10,1,1,False
107,crop_or_resize,73131,0,safe_name_30,Gather,2,1,1,True
107,crop_or_resize,73131,1,safe_name_31,Cast,1,1,1,False
107,crop_or_resize,73131,2,safe_name_32,Gather,2,1,1,True
107,crop_or_resize,73131,3,safe_name_33,Gather,2,1,1,True
107,crop_or_resize,73131,4,safe_name_34,ReduceMax,1,1,1,False
107,crop_or_resize,73131,5,safe_name_35,ReduceSum,1,1,1,False
107,crop_or_resize,73131,6,safe_name_36,ReduceSum,1,1,1,False
107,crop_or_resize,73131,7,safe_name_37,Pad,1,1,1,False
107,crop_or_resize,73131,8,safe_name_38,Gather,2,1,1,True
107,crop_or_resize,73131,9,safe_name_39,Gather,2,1,1,True
107,crop_or_resize,73131,10,safe_name_40,Gather,2,1,1,True
107,crop_or_resize,73131,11,safe_name_41,Gather,2,1,1,True
107,crop_or_resize,73131,12,safe_name_42,Less,2,1,1,False
107,crop_or_resize,73131,13,safe_name_43,Less,2,1,1,False
107,crop_or_resize,73131,14,safe_name_44,Where,3,1,1,True
107,crop_or_resize,73131,15,safe_name_45,Where,3,1,1,True
107,crop_or_resize,73131,16,safe_name_46,Sub,2,1,1,False
107,crop_or_resize,73131,17,safe_name_47,Mul,2,1,1,False
107,crop_or_resize,73131,18,safe_name_48,Less,2,1,1,False
107,crop_or_resize,73131,19,safe_name_49,Squeeze,1,1,1,False
107,crop_or_resize,73131,20,safe_name_50,Where,3,1,1,True
107,crop_or_resize,73131,21,safe_name_51,Where,3,1,1,True
107,crop_or_resize,73131,22,safe_name_52,Where,3,1,1,True
107,crop_or_resize,73131,23,safe_name_53,Sub,2,1,1,False
107,crop_or_resize,73131,24,safe_name_54,Mul,2,1,1,False
107,crop_or_resize,73131,25,safe_name_55,Less,2,1,1,False
107,crop_or_resize,73131,26,safe_name_56,Squeeze,1,1,1,False
107,crop_or_resize,73131,27,safe_name_57,Where,3,1,1,True
107,crop_or_resize,73131,28,safe_name_58,Where,3,1,1,True
107,crop_or_resize,73131,29,safe_name_59,Where,3,1,1,True
107,crop_or_resize,73131,30,safe_name_60,Sub,2,1,1,False
107,crop_or_resize,73131,31,safe_name_61,Mul,2,1,1,False
107,crop_or_resize,73131,32,safe_name_62,Less,2,1,1,False
107,crop_or_resize,73131,33,safe_name_63,Squeeze,1,1,1,False
107,crop_or_resize,73131,34,safe_name_64,Where,3,1,1,True
107,crop_or_resize,73131,35,safe_name_65,Where,3,1,1,True
107,crop_or_resize,73131,36,safe_name_66,Where,3,1,1,True
107,crop_or_resize,73131,37,safe_name_67,Sub,2,1,1,False
107,crop_or_resize,73131,38,safe_name_68,Mul,2,1,1,False
107,crop_or_resize,73131,39,safe_name_69,Less,2,1,1,False
107,crop_or_resize,73131,40,safe_name_70,Squeeze,1,1,1,False
107,crop_or_resize,73131,41,safe_name_71,Where,3,1,1,True
107,crop_or_resize,73131,42,safe_name_72,Where,3,1,1,True
107,crop_or_resize,73131,43,safe_name_73,Where,3,1,1,True
107,crop_or_resize,73131,44,safe_name_74,Gather,2,1,1,True
107,crop_or_resize,73131,45,safe_name_75,Gather,2,1,1,True
107,crop_or_resize,73131,46,safe_name_76,Where,3,1,1,True
107,crop_or_resize,73131,47,safe_name_77,Where,3,1,1,True
107,crop_or_resize,73131,48,safe_name_78,Where,3,1,1,True
107,crop_or_resize,73131,49,safe_name_79,Where,3,1,1,True
107,crop_or_resize,73131,50,safe_name_80,Less,2,1,1,False
107,crop_or_resize,73131,51,output,Where,3,1,1,True
88,crop_or_resize,72766,0,safe_name_20,Cast,1,1,1,False
88,crop_or_resize,72766,1,safe_name_21,ReduceSum,2,1,1,False
88,crop_or_resize,72766,2,safe_name_22,Equal,2,1,1,False
88,crop_or_resize,72766,3,safe_name_23,Cast,1,1,0,False
88,crop_or_resize,72766,4,safe_name_24,Mul,2,1,1,False
88,crop_or_resize,72766,5,safe_name_25,ReduceMax,1,1,1,False
88,crop_or_resize,72766,6,safe_name_26,ReduceMax,1,1,1,False
88,crop_or_resize,72766,7,safe_name_27,Greater,2,1,1,False
88,crop_or_resize,72766,8,safe_name_28,ReduceMax,1,1,1,False
88,crop_or_resize,72766,9,safe_name_29,Greater,2,1,1,False
88,crop_or_resize,72766,10,safe_name_30,Where,3,1,1,True
88,crop_or_resize,72766,11,safe_name_31,Where,3,1,1,True
88,crop_or_resize,72766,12,safe_name_32,Where,3,1,1,True
88,crop_or_resize,72766,13,safe_name_33,Where,3,1,1,True
88,crop_or_resize,72766,14,safe_name_34,ReduceMin,1,1,1,False
88,crop_or_resize,72766,15,safe_name_35,ReduceMax,1,1,1,False
88,crop_or_resize,72766,16,safe_name_36,ReduceMin,1,1,1,False
88,crop_or_resize,72766,17,safe_name_37,ReduceMax,1,1,1,False
88,crop_or_resize,72766,18,safe_name_38,Add,2,1,1,False
88,crop_or_resize,72766,19,safe_name_39,Add,2,1,1,False
88,crop_or_resize,72766,20,safe_name_40,Sub,2,1,1,False
88,crop_or_resize,72766,21,safe_name_41,Sub,2,1,1,False
88,crop_or_resize,72766,22,safe_name_42,Sub,2,1,1,False
88,crop_or_resize,72766,23,safe_name_43,Sub,2,1,1,False
88,crop_or_resize,72766,24,safe_name_44,Sub,2,1,1,False
88,crop_or_resize,72766,25,safe_name_45,Sub,2,1,1,False
88,crop_or_resize,72766,26,safe_name_46,LessOrEqual,2,1,1,False
88,crop_or_resize,72766,27,safe_name_47,LessOrEqual,2,1,1,False
88,crop_or_resize,72766,28,safe_name_48,And,2,1,1,False
88,crop_or_resize,72766,29,safe_name_49,Reshape,2,1,1,False
88,crop_or_resize,72766,30,safe_name_50,Add,2,1,1,False
88,crop_or_resize,72766,31,safe_name_51,Add,2,1,1,False
88,crop_or_resize,72766,32,safe_name_52,Mul,2,1,1,False
88,crop_or_resize,72766,33,safe_name_53,Add,2,1,1,False
88,crop_or_resize,72766,34,safe_name_54,Where,3,1,1,True
88,crop_or_resize,72766,35,safe_name_55,Reshape,2,1,1,False
88,crop_or_resize,72766,36,safe_name_56,Gather,2,1,1,True
88,crop_or_resize,72766,37,safe_name_57,Reshape,2,1,1,False
88,crop_or_resize,72766,38,safe_name_58,Slice,4,1,1,True
88,crop_or_resize,72766,39,safe_name_59,ReduceMax,1,1,1,False
88,crop_or_resize,72766,40,safe_name_60,Cast,1,1,1,False
88,crop_or_resize,72766,41,safe_name_61,Reshape,2,1,1,False
88,crop_or_resize,72766,42,safe_name_62,Mul,2,1,1,False
88,crop_or_resize,72766,43,safe_name_63,Mul,2,1,1,False
88,crop_or_resize,72766,44,safe_name_64,Sub,2,1,1,False
88,crop_or_resize,72766,45,safe_name_65,Mul,2,1,1,False
88,crop_or_resize,72766,46,safe_name_66,Add,2,1,1,False
88,crop_or_resize,72766,47,output,Pad,3,1,1,False
379,sparse_edit_or_object_completion,72499,0,safe_name_29,Slice,5,1,1,True
379,sparse_edit_or_object_completion,72499,1,safe_name_30,Cast,1,1,1,False
379,sparse_edit_or_object_completion,72499,2,safe_name_31,Slice,5,1,1,True
379,sparse_edit_or_object_completion,72499,3,safe_name_32,Slice,5,1,1,True
379,sparse_edit_or_object_completion,72499,4,safe_name_33,ReduceSum,1,1,1,False
379,sparse_edit_or_object_completion,72499,5,safe_name_34,ReduceMax,1,1,1,False
379,sparse_edit_or_object_completion,72499,6,safe_name_35,ReduceMax,1,1,1,False
379,sparse_edit_or_object_completion,72499,7,safe_name_36,ReduceSum,1,1,1,False
379,sparse_edit_or_object_completion,72499,8,safe_name_37,ReduceSum,1,1,1,False
379,sparse_edit_or_object_completion,72499,9,safe_name_38,ReduceSum,1,1,1,False
379,sparse_edit_or_object_completion,72499,10,safe_name_39,ReduceSum,1,1,1,False
379,sparse_edit_or_object_completion,72499,11,safe_name_40,Sub,2,1,1,False
379,sparse_edit_or_object_completion,72499,12,safe_name_41,Sub,2,1,1,False
379,sparse_edit_or_object_completion,72499,13,safe_name_42,Add,2,1,1,False
379,sparse_edit_or_object_completion,72499,14,safe_name_43,Add,2,1,1,False
379,sparse_edit_or_object_completion,72499,15,safe_name_44,Greater,2,1,1,False
379,sparse_edit_or_object_completion,72499,16,safe_name_45,Greater,2,1,1,False
379,sparse_edit_or_object_completion,72499,17,safe_name_46,Cast,1,1,0,False
379,sparse_edit_or_object_completion,72499,18,safe_name_47,Sub,2,1,1,False
379,sparse_edit_or_object_completion,72499,19,safe_name_48,MaxPool,1,1,1,True
379,sparse_edit_or_object_completion,72499,20,safe_name_49,Greater,2,1,1,False
379,sparse_edit_or_object_completion,72499,21,safe_name_50,MaxPool,1,1,1,True
379,sparse_edit_or_object_completion,72499,22,safe_name_51,Greater,2,1,1,False
379,sparse_edit_or_object_completion,72499,23,safe_name_52,Where,3,1,1,True
379,sparse_edit_or_object_completion,72499,24,safe_name_53,Where,3,1,1,True
379,sparse_edit_or_object_completion,72499,25,safe_name_54,MaxPool,1,1,1,True
379,sparse_edit_or_object_completion,72499,26,safe_name_55,Where,3,1,1,True
379,sparse_edit_or_object_completion,72499,27,safe_name_56,MaxPool,1,1,1,True
379,sparse_edit_or_object_completion,72499,28,safe_name_57,Sub,2,1,1,False
379,sparse_edit_or_object_completion,72499,29,safe_name_58,Greater,2,1,1,False
379,sparse_edit_or_object_completion,72499,30,safe_name_59,Where,3,1,1,True
379,sparse_edit_or_object_completion,72499,31,safe_name_60,MaxPool,1,1,1,True
379,sparse_edit_or_object_completion,72499,32,safe_name_61,Where,3,1,1,True
379,sparse_edit_or_object_completion,72499,33,safe_name_62,MaxPool,1,1,1,True
379,sparse_edit_or_object_completion,72499,34,safe_name_63,Sub,2,1,1,False
379,sparse_edit_or_object_completion,72499,35,safe_name_64,Greater,2,1,1,False
379,sparse_edit_or_object_completion,72499,36,safe_name_65,Where,3,1,1,True
379,sparse_edit_or_object_completion,72499,37,safe_name_66,Conv,2,1,1,True
379,sparse_edit_or_object_completion,72499,38,safe_name_67,Conv,2,1,1,True
379,sparse_edit_or_object_completion,72499,39,safe_name_68,Where,3,1,1,True
379,sparse_edit_or_object_completion,72499,40,safe_name_69,Where,3,1,1,True
379,sparse_edit_or_object_completion,72499,41,safe_name_70,Sum,2,1,1,False
379,sparse_edit_or_object_completion,72499,42,safe_name_71,Greater,2,1,1,False
379,sparse_edit_or_object_completion,72499,43,safe_name_72,Cast,1,1,0,False
379,sparse_edit_or_object_completion,72499,44,safe_name_73,Sum,3,1,1,False
379,sparse_edit_or_object_completion,72499,45,safe_name_74,Conv,2,1,1,True
379,sparse_edit_or_object_completion,72499,46,safe_name_75,Greater,2,1,1,False
379,sparse_edit_or_object_completion,72499,47,safe_name_76,Cast,1,1,0,False
379,sparse_edit_or_object_completion,72499,48,safe_name_77,Greater,2,1,1,False
379,sparse_edit_or_object_completion,72499,49,safe_name_78,Cast,1,1,0,False
379,sparse_edit_or_object_completion,72499,50,safe_name_79,Sum,2,1,1,False
379,sparse_edit_or_object_completion,72499,51,safe_name_80,Greater,2,1,1,False
379,sparse_edit_or_object_completion,72499,52,safe_name_81,Sub,2,1,1,False
379,sparse_edit_or_object_completion,72499,53,safe_name_82,Where,3,1,1,True
379,sparse_edit_or_object_completion,72499,54,safe_name_83,Sum,2,1,1,False
379,sparse_edit_or_object_completion,72499,55,safe_name_84,Greater,2,1,1,False
379,sparse_edit_or_object_completion,72499,56,safe_name_85,Sub,2,1,1,False
379,sparse_edit_or_object_completion,72499,57,safe_name_86,Where,3,1,1,True
379,sparse_edit_or_object_completion,72499,58,safe_name_87,Where,3,1,1,True
379,sparse_edit_or_object_completion,72499,59,safe_name_88,ReduceSum,1,1,1,False
379,sparse_edit_or_object_completion,72499,60,safe_name_89,Greater,2,1,1,False
379,sparse_edit_or_object_completion,72499,61,safe_name_90,Where,3,1,1,True
379,sparse_edit_or_object_completion,72499,62,safe_name_91,ReduceSum,1,1,1,False
379,sparse_edit_or_object_completion,72499,63,safe_name_92,Greater,2,1,1,False
379,sparse_edit_or_object_completion,72499,64,safe_name_93,Where,3,1,1,True
379,sparse_edit_or_object_completion,72499,65,safe_name_94,ReduceSum,1,1,1,False
379,sparse_edit_or_object_completion,72499,66,safe_name_95,Greater,2,1,1,False
379,sparse_edit_or_object_completion,72499,67,safe_name_96,Where,3,1,1,True
379,sparse_edit_or_object_completion,72499,68,safe_name_97,ReduceSum,1,1,1,False
379,sparse_edit_or_object_completion,72499,69,safe_name_98,Greater,2,1,1,False
379,sparse_edit_or_object_completion,72499,70,safe_name_99,Sub,2,1,1,False
379,sparse_edit_or_object_completion,72499,71,safe_name_100,Mul,2,1,1,False
379,sparse_edit_or_object_completion,72499,72,safe_name_101,Less,2,1,1,False
379,sparse_edit_or_object_completion,72499,73,safe_name_102,Sub,2,1,1,False
379,sparse_edit_or_object_completion,72499,74,safe_name_103,Mul,2,1,1,False
379,sparse_edit_or_object_completion,72499,75,safe_name_104,Less,2,1,1,False
379,sparse_edit_or_object_completion,72499,76,safe_name_105,Sub,2,1,1,False
379,sparse_edit_or_object_completion,72499,77,safe_name_106,Mul,2,1,1,False
379,sparse_edit_or_object_completion,72499,78,safe_name_107,Less,2,1,1,False
379,sparse_edit_or_object_completion,72499,79,safe_name_108,Sub,2,1,1,False
379,sparse_edit_or_object_completion,72499,80,safe_name_109,Mul,2,1,1,False
379,sparse_edit_or_object_completion,72499,81,safe_name_110,Less,2,1,1,False
379,sparse_edit_or_object_completion,72499,82,safe_name_111,And,2,1,1,False
379,sparse_edit_or_object_completion,72499,83,safe_name_112,And,2,1,1,False
379,sparse_edit_or_object_completion,72499,84,safe_name_113,And,2,1,1,False
379,sparse_edit_or_object_completion,72499,85,safe_name_114,Cast,1,1,0,False
379,sparse_edit_or_object_completion,72499,86,safe_name_115,And,2,1,1,False
379,sparse_edit_or_object_completion,72499,87,safe_name_116,And,2,1,1,False
379,sparse_edit_or_object_completion,72499,88,safe_name_117,And,2,1,1,False
379,sparse_edit_or_object_completion,72499,89,safe_name_118,Cast,1,1,0,False
379,sparse_edit_or_object_completion,72499,90,safe_name_119,Add,2,1,1,False
379,sparse_edit_or_object_completion,72499,91,safe_name_120,Greater,2,1,1,False
379,sparse_edit_or_object_completion,72499,92,safe_name_121,Where,3,1,1,True
379,sparse_edit_or_object_completion,72499,93,safe_name_122,Where,3,1,1,True
379,sparse_edit_or_object_completion,72499,94,safe_name_123,Mul,2,1,1,False
379,sparse_edit_or_object_completion,72499,95,safe_name_124,Mul,2,1,1,False
379,sparse_edit_or_object_completion,72499,96,safe_name_125,Mul,2,1,1,False
379,sparse_edit_or_object_completion,72499,97,safe_name_126,Mul,2,1,1,False
379,sparse_edit_or_object_completion,72499,98,safe_name_127,Sum,3,1,1,False
379,sparse_edit_or_object_completion,72499,99,safe_name_128,Sum,3,1,1,False
379,sparse_edit_or_object_completion,72499,100,safe_name_129,Sub,2,1,1,False
379,sparse_edit_or_object_completion,72499,101,safe_name_130,Sub,2,1,1,False
379,sparse_edit_or_object_completion,72499,102,safe_name_131,Mul,2,1,1,False
379,sparse_edit_or_object_completion,72499,103,safe_name_132,Mul,2,1,1,False
379,sparse_edit_or_object_completion,72499,104,safe_name_133,Mul,2,1,1,False
379,sparse_edit_or_object_completion,72499,105,safe_name_134,Concat,10,1,1,False
379,sparse_edit_or_object_completion,72499,106,output,Pad,3,1,1,False
137,same_shape_global_transform,72472,0,safe_name_9,ReduceSum,1,1,1,False
137,same_shape_global_transform,72472,1,safe_name_10,Cast,1,1,1,False
137,same_shape_global_transform,72472,2,safe_name_11,Slice,4,1,1,True
137,same_shape_global_transform,72472,3,safe_name_12,Cast,1,1,0,False
137,same_shape_global_transform,72472,4,safe_name_13,Sub,2,1,1,False
137,same_shape_global_transform,72472,5,safe_name_14,ReduceSum,1,1,1,False
137,same_shape_global_transform,72472,6,safe_name_15,Cast,1,1,1,False
137,same_shape_global_transform,72472,7,safe_name_16,Cast,1,1,1,False
137,same_shape_global_transform,72472,8,safe_name_17,Equal,2,1,1,False
137,same_shape_global_transform,72472,9,safe_name_18,Mul,2,1,1,False
137,same_shape_global_transform,72472,10,safe_name_19,ReduceSum,1,1,1,False
137,same_shape_global_transform,72472,11,safe_name_20,Div,2,1,1,False
137,same_shape_global_transform,72472,12,safe_name_21,Mul,2,1,1,False
137,same_shape_global_transform,72472,13,safe_name_22,ReduceSum,1,1,1,False
137,same_shape_global_transform,72472,14,safe_name_23,Div,2,1,1,False
137,same_shape_global_transform,72472,15,safe_name_24,Sub,2,1,1,False
137,same_shape_global_transform,72472,16,safe_name_25,Abs,1,1,1,False
137,same_shape_global_transform,72472,17,safe_name_26,Sub,2,1,1,False
137,same_shape_global_transform,72472,18,safe_name_27,Abs,1,1,1,False
137,same_shape_global_transform,72472,19,safe_name_28,Mul,2,1,1,False
137,same_shape_global_transform,72472,20,safe_name_29,ReduceSum,1,1,1,False
137,same_shape_global_transform,72472,21,safe_name_30,Cast,1,1,1,False
137,same_shape_global_transform,72472,22,safe_name_31,Div,2,1,1,False
137,same_shape_global_transform,72472,23,safe_name_32,Max,2,1,1,False
137,same_shape_global_transform,72472,24,safe_name_33,Cast,1,1,1,False
137,same_shape_global_transform,72472,25,safe_name_34,Div,2,1,1,False
137,same_shape_global_transform,72472,26,safe_name_35,Mul,2,1,1,False
137,same_shape_global_transform,72472,27,safe_name_36,Sub,2,1,1,False
137,same_shape_global_transform,72472,28,safe_name_37,Equal,2,1,1,False
137,same_shape_global_transform,72472,29,safe_name_38,Cast,1,1,1,False
137,same_shape_global_transform,72472,30,safe_name_39,And,2,1,1,False
137,same_shape_global_transform,72472,31,safe_name_40,Not,1,1,1,False
137,same_shape_global_transform,72472,32,safe_name_41,And,2,1,1,False
137,same_shape_global_transform,72472,33,safe_name_42,And,2,1,1,False
137,same_shape_global_transform,72472,34,safe_name_43,Concat,10,1,1,False
137,same_shape_global_transform,72472,35,output,Or,2,1,1,False
340,sparse_edit_or_object_completion,70342,0,safe_name_25,Cast,1,1,0,False
340,sparse_edit_or_object_completion,70342,1,safe_name_26,Cast,1,1,1,False
340,sparse_edit_or_object_completion,70342,2,safe_name_27,Slice,4,1,1,True
340,sparse_edit_or_object_completion,70342,3,safe_name_28,Slice,5,1,1,True
340,sparse_edit_or_object_completion,70342,4,safe_name_29,Cast,1,1,0,False
340,sparse_edit_or_object_completion,70342,5,safe_name_30,ReduceSum,1,1,1,False
340,sparse_edit_or_object_completion,70342,6,safe_name_31,ReduceSum,1,1,1,False
340,sparse_edit_or_object_completion,70342,7,safe_name_32,Greater,2,1,1,False
340,sparse_edit_or_object_completion,70342,8,safe_name_33,Cast,1,1,0,False
340,sparse_edit_or_object_completion,70342,9,safe_name_34,Greater,2,1,1,False
340,sparse_edit_or_object_completion,70342,10,safe_name_35,Cast,1,1,0,False
340,sparse_edit_or_object_completion,70342,11,safe_name_36,And,2,1,1,False
340,sparse_edit_or_object_completion,70342,12,safe_name_37,Cast,1,1,0,False
340,sparse_edit_or_object_completion,70342,13,safe_name_38,ReduceSum,1,1,1,False
340,sparse_edit_or_object_completion,70342,14,safe_name_39,ReduceSum,1,1,1,False
340,sparse_edit_or_object_completion,70342,15,safe_name_40,Sub,2,1,1,False
340,sparse_edit_or_object_completion,70342,16,safe_name_41,Sub,2,1,1,False
340,sparse_edit_or_object_completion,70342,17,safe_name_42,Sub,2,1,1,False
340,sparse_edit_or_object_completion,70342,18,safe_name_43,Sub,2,1,1,False
340,sparse_edit_or_object_completion,70342,19,safe_name_44,Equal,2,1,1,False
340,sparse_edit_or_object_completion,70342,20,safe_name_45,Cast,1,1,0,False
340,sparse_edit_or_object_completion,70342,21,safe_name_46,Equal,2,1,1,False
340,sparse_edit_or_object_completion,70342,22,safe_name_47,Equal,2,1,1,False
340,sparse_edit_or_object_completion,70342,23,safe_name_48,Cast,1,1,0,False
340,sparse_edit_or_object_completion,70342,24,safe_name_49,Equal,2,1,1,False
340,sparse_edit_or_object_completion,70342,25,safe_name_50,Sum,2,1,1,False
340,sparse_edit_or_object_completion,70342,26,safe_name_51,Sum,2,1,1,False
340,sparse_edit_or_object_completion,70342,27,safe_name_52,Sub,2,1,1,False
340,sparse_edit_or_object_completion,70342,28,safe_name_53,Sub,2,1,1,False
340,sparse_edit_or_object_completion,70342,29,safe_name_54,Mul,2,1,1,False
340,sparse_edit_or_object_completion,70342,30,safe_name_55,Sub,2,1,1,False
340,sparse_edit_or_object_completion,70342,31,safe_name_56,ArgMax,1,1,1,False
340,sparse_edit_or_object_completion,70342,32,safe_name_57,Cast,1,1,1,False
340,sparse_edit_or_object_completion,70342,33,safe_name_58,Slice,4,1,1,True
340,sparse_edit_or_object_completion,70342,34,safe_name_59,Where,3,1,1,True
340,sparse_edit_or_object_completion,70342,35,safe_name_60,Mul,2,1,1,False
340,sparse_edit_or_object_completion,70342,36,safe_name_61,ReduceMax,1,1,1,False
340,sparse_edit_or_object_completion,70342,37,safe_name_62,Slice,4,1,1,True
340,sparse_edit_or_object_completion,70342,38,safe_name_63,Where,3,1,1,True
340,sparse_edit_or_object_completion,70342,39,safe_name_64,Mul,2,1,1,False
340,sparse_edit_or_object_completion,70342,40,safe_name_65,ReduceMax,1,1,1,False
340,sparse_edit_or_object_completion,70342,41,safe_name_66,Equal,2,1,1,False
340,sparse_edit_or_object_completion,70342,42,safe_name_67,Where,3,1,1,True
340,sparse_edit_or_object_completion,70342,43,safe_name_68,ReduceSum,1,1,1,False
340,sparse_edit_or_object_completion,70342,44,safe_name_69,Greater,2,1,1,False
340,sparse_edit_or_object_completion,70342,45,safe_name_70,Where,3,1,1,True
340,sparse_edit_or_object_completion,70342,46,safe_name_71,Mul,2,1,1,False
340,sparse_edit_or_object_completion,70342,47,safe_name_72,Equal,2,1,1,False
340,sparse_edit_or_object_completion,70342,48,safe_name_73,Where,3,1,1,True
340,sparse_edit_or_object_completion,70342,49,safe_name_74,ReduceSum,1,1,1,False
340,sparse_edit_or_object_completion,70342,50,safe_name_75,Greater,2,1,1,False
340,sparse_edit_or_object_completion,70342,51,safe_name_76,And,2,1,1,False
340,sparse_edit_or_object_completion,70342,52,safe_name_77,Where,3,1,1,True
340,sparse_edit_or_object_completion,70342,53,safe_name_78,Equal,2,1,1,False
340,sparse_edit_or_object_completion,70342,54,safe_name_79,Where,3,1,1,True
340,sparse_edit_or_object_completion,70342,55,safe_name_80,ReduceSum,1,1,1,False
340,sparse_edit_or_object_completion,70342,56,safe_name_81,Greater,2,1,1,False
340,sparse_edit_or_object_completion,70342,57,safe_name_82,Where,3,1,1,True
340,sparse_edit_or_object_completion,70342,58,safe_name_83,Mul,2,1,1,False
340,sparse_edit_or_object_completion,70342,59,safe_name_84,Equal,2,1,1,False
340,sparse_edit_or_object_completion,70342,60,safe_name_85,Where,3,1,1,True
340,sparse_edit_or_object_completion,70342,61,safe_name_86,ReduceSum,1,1,1,False
340,sparse_edit_or_object_completion,70342,62,safe_name_87,Greater,2,1,1,False
340,sparse_edit_or_object_completion,70342,63,safe_name_88,And,2,1,1,False
340,sparse_edit_or_object_completion,70342,64,safe_name_89,Where,3,1,1,True
340,sparse_edit_or_object_completion,70342,65,safe_name_90,Mul,2,1,1,False
340,sparse_edit_or_object_completion,70342,66,safe_name_91,Where,3,1,1,True
340,sparse_edit_or_object_completion,70342,67,safe_name_92,Sum,6,1,1,False
340,sparse_edit_or_object_completion,70342,68,safe_name_93,Cast,1,1,1,False
340,sparse_edit_or_object_completion,70342,69,safe_name_94,Squeeze,1,1,1,False
340,sparse_edit_or_object_completion,70342,70,safe_name_95,OneHot,3,1,1,False
340,sparse_edit_or_object_completion,70342,71,output,Pad,3,1,1,False
145,same_shape_global_transform,69757,0,safe_name_34,Gather,2,1,1,True
145,same_shape_global_transform,69757,1,safe_name_35,Cast,1,1,1,False
145,same_shape_global_transform,69757,2,safe_name_36,Gather,2,1,1,True
145,same_shape_global_transform,69757,3,safe_name_37,Cast,1,1,1,False
145,same_shape_global_transform,69757,4,safe_name_38,Gather,2,1,1,True
145,same_shape_global_transform,69757,5,safe_name_39,Gather,2,1,1,True
145,same_shape_global_transform,69757,6,safe_name_40,Sum,2,1,1,False
145,same_shape_global_transform,69757,7,safe_name_41,Mul,2,1,1,False
145,same_shape_global_transform,69757,8,safe_name_42,Gather,2,1,1,True
145,same_shape_global_transform,69757,9,safe_name_43,Sum,2,1,1,False
145,same_shape_global_transform,69757,10,safe_name_44,Mul,2,1,1,False
145,same_shape_global_transform,69757,11,safe_name_45,Gather,2,1,1,True
145,same_shape_global_transform,69757,12,safe_name_46,Sum,2,1,1,False
145,same_shape_global_transform,69757,13,safe_name_47,Mul,2,1,1,False
145,same_shape_global_transform,69757,14,safe_name_48,Gather,2,1,1,True
145,same_shape_global_transform,69757,15,safe_name_49,Sum,2,1,1,False
145,same_shape_global_transform,69757,16,safe_name_50,Mul,2,1,1,False
145,same_shape_global_transform,69757,17,safe_name_51,Gather,2,1,1,True
145,same_shape_global_transform,69757,18,safe_name_52,Sum,2,1,1,False
145,same_shape_global_transform,69757,19,safe_name_53,Mul,2,1,1,False
145,same_shape_global_transform,69757,20,safe_name_54,Gather,2,1,1,True
145,same_shape_global_transform,69757,21,safe_name_55,Sum,2,1,1,False
145,same_shape_global_transform,69757,22,safe_name_56,Mul,2,1,1,False
145,same_shape_global_transform,69757,23,safe_name_57,Gather,2,1,1,True
145,same_shape_global_transform,69757,24,safe_name_58,Sum,2,1,1,False
145,same_shape_global_transform,69757,25,safe_name_59,Mul,2,1,1,False
145,same_shape_global_transform,69757,26,safe_name_60,Gather,2,1,1,True
145,same_shape_global_transform,69757,27,safe_name_61,Sum,2,1,1,False
145,same_shape_global_transform,69757,28,safe_name_62,Mul,2,1,1,False
145,same_shape_global_transform,69757,29,safe_name_63,Gather,2,1,1,True
145,same_shape_global_transform,69757,30,safe_name_64,Sum,2,1,1,False
145,same_shape_global_transform,69757,31,safe_name_65,Mul,2,1,1,False
145,same_shape_global_transform,69757,32,safe_name_66,Gather,2,1,1,True
145,same_shape_global_transform,69757,33,safe_name_67,Sum,2,1,1,False
145,same_shape_global_transform,69757,34,safe_name_68,Mul,2,1,1,False
145,same_shape_global_transform,69757,35,safe_name_69,Gather,2,1,1,True
145,same_shape_global_transform,69757,36,safe_name_70,Sum,2,1,1,False
145,same_shape_global_transform,69757,37,safe_name_71,Mul,2,1,1,False
145,same_shape_global_transform,69757,38,safe_name_72,Gather,2,1,1,True
145,same_shape_global_transform,69757,39,safe_name_73,Sum,2,1,1,False
145,same_shape_global_transform,69757,40,safe_name_74,Mul,2,1,1,False
145,same_shape_global_transform,69757,41,safe_name_75,Gather,2,1,1,True
145,same_shape_global_transform,69757,42,safe_name_76,Sum,2,1,1,False
145,same_shape_global_transform,69757,43,safe_name_77,Mul,2,1,1,False
145,same_shape_global_transform,69757,44,safe_name_78,Gather,2,1,1,True
145,same_shape_global_transform,69757,45,safe_name_79,Sum,2,1,1,False
145,same_shape_global_transform,69757,46,safe_name_80,Mul,2,1,1,False
145,same_shape_global_transform,69757,47,safe_name_81,Gather,2,1,1,True
145,same_shape_global_transform,69757,48,safe_name_82,Sum,2,1,1,False
145,same_shape_global_transform,69757,49,safe_name_83,Mul,2,1,1,False
145,same_shape_global_transform,69757,50,safe_name_84,Gather,2,1,1,True
145,same_shape_global_transform,69757,51,safe_name_85,Sum,2,1,1,False
145,same_shape_global_transform,69757,52,safe_name_86,Mul,2,1,1,False
145,same_shape_global_transform,69757,53,safe_name_87,Gather,2,1,1,True
145,same_shape_global_transform,69757,54,safe_name_88,Sum,2,1,1,False
145,same_shape_global_transform,69757,55,safe_name_89,Mul,2,1,1,False
145,same_shape_global_transform,69757,56,safe_name_90,Gather,2,1,1,True
145,same_shape_global_transform,69757,57,safe_name_91,Sum,2,1,1,False
145,same_shape_global_transform,69757,58,safe_name_92,Mul,2,1,1,False
145,same_shape_global_transform,69757,59,safe_name_93,Gather,2,1,1,True
145,same_shape_global_transform,69757,60,safe_name_94,Sum,2,1,1,False
145,same_shape_global_transform,69757,61,safe_name_95,Mul,2,1,1,False
145,same_shape_global_transform,69757,62,safe_name_96,Gather,2,1,1,True
145,same_shape_global_transform,69757,63,safe_name_97,Sum,2,1,1,False
145,same_shape_global_transform,69757,64,safe_name_98,Mul,2,1,1,False
145,same_shape_global_transform,69757,65,safe_name_99,Gather,2,1,1,True
145,same_shape_global_transform,69757,66,safe_name_100,Sum,2,1,1,False
145,same_shape_global_transform,69757,67,safe_name_101,Mul,2,1,1,False
145,same_shape_global_transform,69757,68,safe_name_102,Gather,2,1,1,True
145,same_shape_global_transform,69757,69,safe_name_103,Sum,2,1,1,False
145,same_shape_global_transform,69757,70,safe_name_104,Mul,2,1,1,False
145,same_shape_global_transform,69757,71,safe_name_105,Gather,2,1,1,True
145,same_shape_global_transform,69757,72,safe_name_106,Sum,2,1,1,False
145,same_shape_global_transform,69757,73,safe_name_107,Mul,2,1,1,False
145,same_shape_global_transform,69757,74,safe_name_108,Gather,2,1,1,True
145,same_shape_global_transform,69757,75,safe_name_109,Sum,2,1,1,False
145,same_shape_global_transform,69757,76,safe_name_110,Mul,2,1,1,False
145,same_shape_global_transform,69757,77,safe_name_111,Gather,2,1,1,True
145,same_shape_global_transform,69757,78,safe_name_112,Sum,2,1,1,False
145,same_shape_global_transform,69757,79,safe_name_113,Mul,2,1,1,False
145,same_shape_global_transform,69757,80,safe_name_114,Gather,2,1,1,True
145,same_shape_global_transform,69757,81,safe_name_115,Sum,2,1,1,False
145,same_shape_global_transform,69757,82,safe_name_116,Mul,2,1,1,False
145,same_shape_global_transform,69757,83,safe_name_117,Gather,2,1,1,True
145,same_shape_global_transform,69757,84,safe_name_118,Sum,2,1,1,False
145,same_shape_global_transform,69757,85,safe_name_119,Mul,2,1,1,False
145,same_shape_global_transform,69757,86,safe_name_120,Gather,2,1,1,True
145,same_shape_global_transform,69757,87,safe_name_121,Sum,2,1,1,False
145,same_shape_global_transform,69757,88,safe_name_122,Mul,2,1,1,False
145,same_shape_global_transform,69757,89,safe_name_123,Gather,2,1,1,True
145,same_shape_global_transform,69757,90,safe_name_124,Sum,2,1,1,False
145,same_shape_global_transform,69757,91,safe_name_125,Mul,2,1,1,False
145,same_shape_global_transform,69757,92,safe_name_126,Concat,30,1,1,False
145,same_shape_global_transform,69757,93,safe_name_127,Sum,2,1,1,False
145,same_shape_global_transform,69757,94,safe_name_128,Mul,2,1,1,False
145,same_shape_global_transform,69757,95,safe_name_129,Sum,2,1,1,False
145,same_shape_global_transform,69757,96,safe_name_130,Mul,2,1,1,False
145,same_shape_global_transform,69757,97,safe_name_131,Sum,2,1,1,False
145,same_shape_global_transform,69757,98,safe_name_132,Mul,2,1,1,False
145,same_shape_global_transform,69757,99,safe_name_133,Sum,2,1,1,False
145,same_shape_global_transform,69757,100,safe_name_134,Mul,2,1,1,False
145,same_shape_global_transform,69757,101,safe_name_135,Sum,2,1,1,False
145,same_shape_global_transform,69757,102,safe_name_136,Mul,2,1,1,False
145,same_shape_global_transform,69757,103,safe_name_137,Sum,2,1,1,False
145,same_shape_global_transform,69757,104,safe_name_138,Mul,2,1,1,False
145,same_shape_global_transform,69757,105,safe_name_139,Sum,2,1,1,False
145,same_shape_global_transform,69757,106,safe_name_140,Mul,2,1,1,False
145,same_shape_global_transform,69757,107,safe_name_141,Sum,2,1,1,False
145,same_shape_global_transform,69757,108,safe_name_142,Mul,2,1,1,False
145,same_shape_global_transform,69757,109,safe_name_143,Sum,2,1,1,False
145,same_shape_global_transform,69757,110,safe_name_144,Mul,2,1,1,False
145,same_shape_global_transform,69757,111,safe_name_145,Sum,2,1,1,False
145,same_shape_global_transform,69757,112,safe_name_146,Mul,2,1,1,False
145,same_shape_global_transform,69757,113,safe_name_147,Sum,2,1,1,False
145,same_shape_global_transform,69757,114,safe_name_148,Mul,2,1,1,False
145,same_shape_global_transform,69757,115,safe_name_149,Sum,2,1,1,False
145,same_shape_global_transform,69757,116,safe_name_150,Mul,2,1,1,False
145,same_shape_global_transform,69757,117,safe_name_151,Sum,2,1,1,False
145,same_shape_global_transform,69757,118,safe_name_152,Mul,2,1,1,False
145,same_shape_global_transform,69757,119,safe_name_153,Sum,2,1,1,False
145,same_shape_global_transform,69757,120,safe_name_154,Mul,2,1,1,False
145,same_shape_global_transform,69757,121,safe_name_155,Sum,2,1,1,False
145,same_shape_global_transform,69757,122,safe_name_156,Mul,2,1,1,False
145,same_shape_global_transform,69757,123,safe_name_157,Sum,2,1,1,False
145,same_shape_global_transform,69757,124,safe_name_158,Mul,2,1,1,False
145,same_shape_global_transform,69757,125,safe_name_159,Sum,2,1,1,False
145,same_shape_global_transform,69757,126,safe_name_160,Mul,2,1,1,False
145,same_shape_global_transform,69757,127,safe_name_161,Sum,2,1,1,False
145,same_shape_global_transform,69757,128,safe_name_162,Mul,2,1,1,False
145,same_shape_global_transform,69757,129,safe_name_163,Sum,2,1,1,False
145,same_shape_global_transform,69757,130,safe_name_164,Mul,2,1,1,False
145,same_shape_global_transform,69757,131,safe_name_165,Sum,2,1,1,False
145,same_shape_global_transform,69757,132,safe_name_166,Mul,2,1,1,False
145,same_shape_global_transform,69757,133,safe_name_167,Sum,2,1,1,False
145,same_shape_global_transform,69757,134,safe_name_168,Mul,2,1,1,False
145,same_shape_global_transform,69757,135,safe_name_169,Sum,2,1,1,False
145,same_shape_global_transform,69757,136,safe_name_170,Mul,2,1,1,False
145,same_shape_global_transform,69757,137,safe_name_171,Sum,2,1,1,False
145,same_shape_global_transform,69757,138,safe_name_172,Mul,2,1,1,False
145,same_shape_global_transform,69757,139,safe_name_173,Sum,2,1,1,False
145,same_shape_global_transform,69757,140,safe_name_174,Mul,2,1,1,False
145,same_shape_global_transform,69757,141,safe_name_175,Sum,2,1,1,False
145,same_shape_global_transform,69757,142,safe_name_176,Mul,2,1,1,False
145,same_shape_global_transform,69757,143,safe_name_177,Sum,2,1,1,False
145,same_shape_global_transform,69757,144,safe_name_178,Mul,2,1,1,False
145,same_shape_global_transform,69757,145,safe_name_179,Sum,2,1,1,False
145,same_shape_global_transform,69757,146,safe_name_180,Mul,2,1,1,False
145,same_shape_global_transform,69757,147,safe_name_181,Sum,2,1,1,False
145,same_shape_global_transform,69757,148,safe_name_182,Mul,2,1,1,False
145,same_shape_global_transform,69757,149,safe_name_183,Sum,2,1,1,False
145,same_shape_global_transform,69757,150,safe_name_184,Mul,2,1,1,False
145,same_shape_global_transform,69757,151,safe_name_185,Concat,30,1,1,False
145,same_shape_global_transform,69757,152,safe_name_186,Gather,2,1,1,True
145,same_shape_global_transform,69757,153,safe_name_187,Gather,2,1,1,True
145,same_shape_global_transform,69757,154,safe_name_188,Sum,2,1,1,False
145,same_shape_global_transform,69757,155,safe_name_189,Mul,2,1,1,False
145,same_shape_global_transform,69757,156,safe_name_190,Gather,2,1,1,True
145,same_shape_global_transform,69757,157,safe_name_191,Sum,2,1,1,False
145,same_shape_global_transform,69757,158,safe_name_192,Mul,2,1,1,False
145,same_shape_global_transform,69757,159,safe_name_193,Gather,2,1,1,True
145,same_shape_global_transform,69757,160,safe_name_194,Sum,2,1,1,False
145,same_shape_global_transform,69757,161,safe_name_195,Mul,2,1,1,False
145,same_shape_global_transform,69757,162,safe_name_196,Gather,2,1,1,True
145,same_shape_global_transform,69757,163,safe_name_197,Sum,2,1,1,False
145,same_shape_global_transform,69757,164,safe_name_198,Mul,2,1,1,False
145,same_shape_global_transform,69757,165,safe_name_199,Gather,2,1,1,True
145,same_shape_global_transform,69757,166,safe_name_200,Sum,2,1,1,False
145,same_shape_global_transform,69757,167,safe_name_201,Mul,2,1,1,False
145,same_shape_global_transform,69757,168,safe_name_202,Gather,2,1,1,True
145,same_shape_global_transform,69757,169,safe_name_203,Sum,2,1,1,False
145,same_shape_global_transform,69757,170,safe_name_204,Mul,2,1,1,False
145,same_shape_global_transform,69757,171,safe_name_205,Gather,2,1,1,True
145,same_shape_global_transform,69757,172,safe_name_206,Sum,2,1,1,False
145,same_shape_global_transform,69757,173,safe_name_207,Mul,2,1,1,False
145,same_shape_global_transform,69757,174,safe_name_208,Gather,2,1,1,True
145,same_shape_global_transform,69757,175,safe_name_209,Sum,2,1,1,False
145,same_shape_global_transform,69757,176,safe_name_210,Mul,2,1,1,False
145,same_shape_global_transform,69757,177,safe_name_211,Gather,2,1,1,True
145,same_shape_global_transform,69757,178,safe_name_212,Sum,2,1,1,False
145,same_shape_global_transform,69757,179,safe_name_213,Mul,2,1,1,False
145,same_shape_global_transform,69757,180,safe_name_214,Gather,2,1,1,True
145,same_shape_global_transform,69757,181,safe_name_215,Sum,2,1,1,False
145,same_shape_global_transform,69757,182,safe_name_216,Mul,2,1,1,False
145,same_shape_global_transform,69757,183,safe_name_217,Gather,2,1,1,True
145,same_shape_global_transform,69757,184,safe_name_218,Sum,2,1,1,False
145,same_shape_global_transform,69757,185,safe_name_219,Mul,2,1,1,False
145,same_shape_global_transform,69757,186,safe_name_220,Gather,2,1,1,True
145,same_shape_global_transform,69757,187,safe_name_221,Sum,2,1,1,False
145,same_shape_global_transform,69757,188,safe_name_222,Mul,2,1,1,False
145,same_shape_global_transform,69757,189,safe_name_223,Gather,2,1,1,True
145,same_shape_global_transform,69757,190,safe_name_224,Sum,2,1,1,False
145,same_shape_global_transform,69757,191,safe_name_225,Mul,2,1,1,False
145,same_shape_global_transform,69757,192,safe_name_226,Gather,2,1,1,True
145,same_shape_global_transform,69757,193,safe_name_227,Sum,2,1,1,False
145,same_shape_global_transform,69757,194,safe_name_228,Mul,2,1,1,False
145,same_shape_global_transform,69757,195,safe_name_229,Gather,2,1,1,True
145,same_shape_global_transform,69757,196,safe_name_230,Sum,2,1,1,False
145,same_shape_global_transform,69757,197,safe_name_231,Mul,2,1,1,False
145,same_shape_global_transform,69757,198,safe_name_232,Gather,2,1,1,True
145,same_shape_global_transform,69757,199,safe_name_233,Sum,2,1,1,False
145,same_shape_global_transform,69757,200,safe_name_234,Mul,2,1,1,False
145,same_shape_global_transform,69757,201,safe_name_235,Gather,2,1,1,True
145,same_shape_global_transform,69757,202,safe_name_236,Sum,2,1,1,False
145,same_shape_global_transform,69757,203,safe_name_237,Mul,2,1,1,False
145,same_shape_global_transform,69757,204,safe_name_238,Gather,2,1,1,True
145,same_shape_global_transform,69757,205,safe_name_239,Sum,2,1,1,False
145,same_shape_global_transform,69757,206,safe_name_240,Mul,2,1,1,False
145,same_shape_global_transform,69757,207,safe_name_241,Gather,2,1,1,True
145,same_shape_global_transform,69757,208,safe_name_242,Sum,2,1,1,False
145,same_shape_global_transform,69757,209,safe_name_243,Mul,2,1,1,False
145,same_shape_global_transform,69757,210,safe_name_244,Gather,2,1,1,True
145,same_shape_global_transform,69757,211,safe_name_245,Sum,2,1,1,False
145,same_shape_global_transform,69757,212,safe_name_246,Mul,2,1,1,False
145,same_shape_global_transform,69757,213,safe_name_247,Gather,2,1,1,True
145,same_shape_global_transform,69757,214,safe_name_248,Sum,2,1,1,False
145,same_shape_global_transform,69757,215,safe_name_249,Mul,2,1,1,False
145,same_shape_global_transform,69757,216,safe_name_250,Gather,2,1,1,True
145,same_shape_global_transform,69757,217,safe_name_251,Sum,2,1,1,False
145,same_shape_global_transform,69757,218,safe_name_252,Mul,2,1,1,False
145,same_shape_global_transform,69757,219,safe_name_253,Gather,2,1,1,True
145,same_shape_global_transform,69757,220,safe_name_254,Sum,2,1,1,False
145,same_shape_global_transform,69757,221,safe_name_255,Mul,2,1,1,False
145,same_shape_global_transform,69757,222,safe_name_256,Gather,2,1,1,True
145,same_shape_global_transform,69757,223,safe_name_257,Sum,2,1,1,False
145,same_shape_global_transform,69757,224,safe_name_258,Mul,2,1,1,False
145,same_shape_global_transform,69757,225,safe_name_259,Gather,2,1,1,True
145,same_shape_global_transform,69757,226,safe_name_260,Sum,2,1,1,False
145,same_shape_global_transform,69757,227,safe_name_261,Mul,2,1,1,False
145,same_shape_global_transform,69757,228,safe_name_262,Gather,2,1,1,True
145,same_shape_global_transform,69757,229,safe_name_263,Sum,2,1,1,False
145,same_shape_global_transform,69757,230,safe_name_264,Mul,2,1,1,False
145,same_shape_global_transform,69757,231,safe_name_265,Gather,2,1,1,True
145,same_shape_global_transform,69757,232,safe_name_266,Sum,2,1,1,False
145,same_shape_global_transform,69757,233,safe_name_267,Mul,2,1,1,False
145,same_shape_global_transform,69757,234,safe_name_268,Gather,2,1,1,True
145,same_shape_global_transform,69757,235,safe_name_269,Sum,2,1,1,False
145,same_shape_global_transform,69757,236,safe_name_270,Mul,2,1,1,False
145,same_shape_global_transform,69757,237,safe_name_271,Gather,2,1,1,True
145,same_shape_global_transform,69757,238,safe_name_272,Sum,2,1,1,False
145,same_shape_global_transform,69757,239,safe_name_273,Mul,2,1,1,False
145,same_shape_global_transform,69757,240,safe_name_274,Concat,30,1,1,False
145,same_shape_global_transform,69757,241,safe_name_275,Sum,2,1,1,False
145,same_shape_global_transform,69757,242,safe_name_276,Mul,2,1,1,False
145,same_shape_global_transform,69757,243,safe_name_277,Sum,2,1,1,False
145,same_shape_global_transform,69757,244,safe_name_278,Mul,2,1,1,False
145,same_shape_global_transform,69757,245,safe_name_279,Sum,2,1,1,False
145,same_shape_global_transform,69757,246,safe_name_280,Mul,2,1,1,False
145,same_shape_global_transform,69757,247,safe_name_281,Sum,2,1,1,False
145,same_shape_global_transform,69757,248,safe_name_282,Mul,2,1,1,False
145,same_shape_global_transform,69757,249,safe_name_283,Sum,2,1,1,False
145,same_shape_global_transform,69757,250,safe_name_284,Mul,2,1,1,False
145,same_shape_global_transform,69757,251,safe_name_285,Sum,2,1,1,False
145,same_shape_global_transform,69757,252,safe_name_286,Mul,2,1,1,False
145,same_shape_global_transform,69757,253,safe_name_287,Sum,2,1,1,False
145,same_shape_global_transform,69757,254,safe_name_288,Mul,2,1,1,False
145,same_shape_global_transform,69757,255,safe_name_289,Sum,2,1,1,False
145,same_shape_global_transform,69757,256,safe_name_290,Mul,2,1,1,False
145,same_shape_global_transform,69757,257,safe_name_291,Sum,2,1,1,False
145,same_shape_global_transform,69757,258,safe_name_292,Mul,2,1,1,False
145,same_shape_global_transform,69757,259,safe_name_293,Sum,2,1,1,False
145,same_shape_global_transform,69757,260,safe_name_294,Mul,2,1,1,False
145,same_shape_global_transform,69757,261,safe_name_295,Sum,2,1,1,False
145,same_shape_global_transform,69757,262,safe_name_296,Mul,2,1,1,False
145,same_shape_global_transform,69757,263,safe_name_297,Sum,2,1,1,False
145,same_shape_global_transform,69757,264,safe_name_298,Mul,2,1,1,False
145,same_shape_global_transform,69757,265,safe_name_299,Sum,2,1,1,False
145,same_shape_global_transform,69757,266,safe_name_300,Mul,2,1,1,False
145,same_shape_global_transform,69757,267,safe_name_301,Sum,2,1,1,False
145,same_shape_global_transform,69757,268,safe_name_302,Mul,2,1,1,False
145,same_shape_global_transform,69757,269,safe_name_303,Sum,2,1,1,False
145,same_shape_global_transform,69757,270,safe_name_304,Mul,2,1,1,False
145,same_shape_global_transform,69757,271,safe_name_305,Sum,2,1,1,False
145,same_shape_global_transform,69757,272,safe_name_306,Mul,2,1,1,False
145,same_shape_global_transform,69757,273,safe_name_307,Sum,2,1,1,False
145,same_shape_global_transform,69757,274,safe_name_308,Mul,2,1,1,False
145,same_shape_global_transform,69757,275,safe_name_309,Sum,2,1,1,False
145,same_shape_global_transform,69757,276,safe_name_310,Mul,2,1,1,False
145,same_shape_global_transform,69757,277,safe_name_311,Sum,2,1,1,False
145,same_shape_global_transform,69757,278,safe_name_312,Mul,2,1,1,False
145,same_shape_global_transform,69757,279,safe_name_313,Sum,2,1,1,False
145,same_shape_global_transform,69757,280,safe_name_314,Mul,2,1,1,False
145,same_shape_global_transform,69757,281,safe_name_315,Sum,2,1,1,False
145,same_shape_global_transform,69757,282,safe_name_316,Mul,2,1,1,False
145,same_shape_global_transform,69757,283,safe_name_317,Sum,2,1,1,False
145,same_shape_global_transform,69757,284,safe_name_318,Mul,2,1,1,False
145,same_shape_global_transform,69757,285,safe_name_319,Sum,2,1,1,False
145,same_shape_global_transform,69757,286,safe_name_320,Mul,2,1,1,False
145,same_shape_global_transform,69757,287,safe_name_321,Sum,2,1,1,False
145,same_shape_global_transform,69757,288,safe_name_322,Mul,2,1,1,False
145,same_shape_global_transform,69757,289,safe_name_323,Sum,2,1,1,False
145,same_shape_global_transform,69757,290,safe_name_324,Mul,2,1,1,False
145,same_shape_global_transform,69757,291,safe_name_325,Sum,2,1,1,False
145,same_shape_global_transform,69757,292,safe_name_326,Mul,2,1,1,False
145,same_shape_global_transform,69757,293,safe_name_327,Sum,2,1,1,False
145,same_shape_global_transform,69757,294,safe_name_328,Mul,2,1,1,False
145,same_shape_global_transform,69757,295,safe_name_329,Sum,2,1,1,False
145,same_shape_global_transform,69757,296,safe_name_330,Mul,2,1,1,False
145,same_shape_global_transform,69757,297,safe_name_331,Sum,2,1,1,False
145,same_shape_global_transform,69757,298,safe_name_332,Mul,2,1,1,False
145,same_shape_global_transform,69757,299,safe_name_333,Concat,30,1,1,False
145,same_shape_global_transform,69757,300,safe_name_334,Sum,2,1,1,False
145,same_shape_global_transform,69757,301,safe_name_335,Sub,2,1,1,False
145,same_shape_global_transform,69757,302,safe_name_336,Sum,2,1,1,False
145,same_shape_global_transform,69757,303,safe_name_337,Sub,2,1,1,False
145,same_shape_global_transform,69757,304,safe_name_338,Mul,2,1,1,False
145,same_shape_global_transform,69757,305,safe_name_339,Sub,2,1,1,False
145,same_shape_global_transform,69757,306,safe_name_340,Mul,2,1,1,False
145,same_shape_global_transform,69757,307,safe_name_341,Sum,2,1,1,False
145,same_shape_global_transform,69757,308,safe_name_342,ReduceMax,1,1,1,False
145,same_shape_global_transform,69757,309,safe_name_343,ReduceMin,1,1,1,False
145,same_shape_global_transform,69757,310,safe_name_344,Equal,2,1,1,False
145,same_shape_global_transform,69757,311,safe_name_345,Equal,2,1,1,False
145,same_shape_global_transform,69757,312,safe_name_346,And,2,1,1,False
145,same_shape_global_transform,69757,313,safe_name_347,Where,3,1,1,True
145,same_shape_global_transform,69757,314,safe_name_348,Not,1,1,1,False
145,same_shape_global_transform,69757,315,safe_name_349,And,2,1,1,False
145,same_shape_global_transform,69757,316,safe_name_350,Cast,1,1,0,False
145,same_shape_global_transform,69757,317,safe_name_351,Mul,2,1,1,False
145,same_shape_global_transform,69757,318,safe_name_352,Not,1,1,1,False
145,same_shape_global_transform,69757,319,safe_name_353,And,2,1,1,False
145,same_shape_global_transform,69757,320,safe_name_354,Cast,1,1,0,False
145,same_shape_global_transform,69757,321,safe_name_355,Mul,2,1,1,False
145,same_shape_global_transform,69757,322,safe_name_356,Sum,3,1,1,False
145,same_shape_global_transform,69757,323,safe_name_357,Sub,2,1,1,False
145,same_shape_global_transform,69757,324,output,Concat,10,1,1,False
51,sparse_edit_or_object_completion,68437,0,safe_name_12,Cast,1,1,1,False
51,sparse_edit_or_object_completion,68437,1,safe_name_13,ReduceMax,1,1,1,False
51,sparse_edit_or_object_completion,68437,2,safe_name_14,Slice,4,1,1,True
51,sparse_edit_or_object_completion,68437,3,safe_name_15,Slice,4,1,1,True
51,sparse_edit_or_object_completion,68437,4,safe_name_16,ReduceMax,1,1,1,False
51,sparse_edit_or_object_completion,68437,5,safe_name_17,ReduceMax,1,1,1,False
51,sparse_edit_or_object_completion,68437,6,safe_name_18,ReduceMax,1,1,1,False
51,sparse_edit_or_object_completion,68437,7,safe_name_19,ArgMax,1,1,1,False
51,sparse_edit_or_object_completion,68437,8,safe_name_20,ArgMax,1,1,1,False
51,sparse_edit_or_object_completion,68437,9,safe_name_21,Slice,5,1,1,True
51,sparse_edit_or_object_completion,68437,10,safe_name_22,Slice,5,1,1,True
51,sparse_edit_or_object_completion,68437,11,safe_name_23,ArgMax,1,1,1,False
51,sparse_edit_or_object_completion,68437,12,safe_name_24,ArgMax,1,1,1,False
51,sparse_edit_or_object_completion,68437,13,safe_name_25,Sub,2,1,1,False
51,sparse_edit_or_object_completion,68437,14,safe_name_26,Sub,2,1,1,False
51,sparse_edit_or_object_completion,68437,15,safe_name_27,Unsqueeze,1,1,1,False
51,sparse_edit_or_object_completion,68437,16,safe_name_28,Unsqueeze,1,1,1,False
51,sparse_edit_or_object_completion,68437,17,safe_name_29,Unsqueeze,1,1,1,False
51,sparse_edit_or_object_completion,68437,18,safe_name_30,Unsqueeze,1,1,1,False
51,sparse_edit_or_object_completion,68437,19,safe_name_31,ReduceSum,1,1,1,False
51,sparse_edit_or_object_completion,68437,20,safe_name_32,Equal,2,1,1,False
51,sparse_edit_or_object_completion,68437,21,safe_name_33,Cast,1,1,1,False
51,sparse_edit_or_object_completion,68437,22,safe_name_34,Unsqueeze,1,1,1,False
51,sparse_edit_or_object_completion,68437,23,safe_name_35,Mul,2,1,1,False
51,sparse_edit_or_object_completion,68437,24,safe_name_36,ReduceMax,1,1,1,False
51,sparse_edit_or_object_completion,68437,25,safe_name_37,ReduceMax,1,1,1,False
51,sparse_edit_or_object_completion,68437,26,safe_name_38,ReduceMax,1,1,1,False
51,sparse_edit_or_object_completion,68437,27,safe_name_39,ArgMax,1,1,1,False
51,sparse_edit_or_object_completion,68437,28,safe_name_40,ArgMax,1,1,1,False
51,sparse_edit_or_object_completion,68437,29,safe_name_41,Unsqueeze,1,1,1,False
51,sparse_edit_or_object_completion,68437,30,safe_name_42,Unsqueeze,1,1,1,False
51,sparse_edit_or_object_completion,68437,31,safe_name_43,Equal,2,1,1,False
51,sparse_edit_or_object_completion,68437,32,safe_name_44,Equal,2,1,1,False
51,sparse_edit_or_object_completion,68437,33,safe_name_45,Equal,2,1,1,False
51,sparse_edit_or_object_completion,68437,34,safe_name_46,Equal,2,1,1,False
51,sparse_edit_or_object_completion,68437,35,safe_name_47,Equal,2,1,1,False
51,sparse_edit_or_object_completion,68437,36,safe_name_48,Equal,2,1,1,False
51,sparse_edit_or_object_completion,68437,37,safe_name_49,Greater,2,1,1,False
51,sparse_edit_or_object_completion,68437,38,safe_name_50,Less,2,1,1,False
51,sparse_edit_or_object_completion,68437,39,safe_name_51,Greater,2,1,1,False
51,sparse_edit_or_object_completion,68437,40,safe_name_52,Less,2,1,1,False
51,sparse_edit_or_object_completion,68437,41,safe_name_53,And,2,1,1,False
51,sparse_edit_or_object_completion,68437,42,safe_name_54,And,2,1,1,False
51,sparse_edit_or_object_completion,68437,43,safe_name_55,And,2,1,1,False
51,sparse_edit_or_object_completion,68437,44,safe_name_56,And,2,1,1,False
51,sparse_edit_or_object_completion,68437,45,safe_name_57,And,2,1,1,False
51,sparse_edit_or_object_completion,68437,46,safe_name_58,And,2,1,1,False
51,sparse_edit_or_object_completion,68437,47,safe_name_59,And,2,1,1,False
51,sparse_edit_or_object_completion,68437,48,safe_name_60,And,2,1,1,False
51,sparse_edit_or_object_completion,68437,49,safe_name_61,Or,2,1,1,False
51,sparse_edit_or_object_completion,68437,50,safe_name_62,Or,2,1,1,False
51,sparse_edit_or_object_completion,68437,51,safe_name_63,Or,2,1,1,False
51,sparse_edit_or_object_completion,68437,52,safe_name_64,Greater,2,1,1,False
51,sparse_edit_or_object_completion,68437,53,safe_name_65,Greater,2,1,1,False
51,sparse_edit_or_object_completion,68437,54,safe_name_66,And,2,1,1,False
51,sparse_edit_or_object_completion,68437,55,safe_name_67,And,2,1,1,False
51,sparse_edit_or_object_completion,68437,56,safe_name_68,Concat,2,1,1,False
51,sparse_edit_or_object_completion,68437,57,output,Where,3,1,1,True
328,sparse_edit_or_object_completion,68053,0,safe_name_20,Conv,2,1,1,True
328,sparse_edit_or_object_completion,68053,1,safe_name_21,Conv,2,1,1,True
328,sparse_edit_or_object_completion,68053,2,safe_name_22,ReduceMax,1,1,1,False
328,sparse_edit_or_object_completion,68053,3,safe_name_23,ReduceSum,2,1,1,False
328,sparse_edit_or_object_completion,68053,4,safe_name_24,Sub,2,1,1,False
328,sparse_edit_or_object_completion,68053,5,safe_name_25,Cast,1,1,0,False
328,sparse_edit_or_object_completion,68053,6,safe_name_26,Cast,1,1,1,False
328,sparse_edit_or_object_completion,68053,7,safe_name_27,Cast,1,1,1,False
328,sparse_edit_or_object_completion,68053,8,safe_name_28,Reshape,2,1,1,False
328,sparse_edit_or_object_completion,68053,9,safe_name_29,Mod,2,1,1,False
328,sparse_edit_or_object_completion,68053,10,safe_name_30,Equal,2,1,1,False
328,sparse_edit_or_object_completion,68053,11,safe_name_31,Equal,2,1,1,False
328,sparse_edit_or_object_completion,68053,12,safe_name_32,Equal,2,1,1,False
328,sparse_edit_or_object_completion,68053,13,safe_name_33,Cast,1,1,0,False
328,sparse_edit_or_object_completion,68053,14,safe_name_34,Cast,1,1,0,False
328,sparse_edit_or_object_completion,68053,15,safe_name_35,LessOrEqual,2,1,0,False
328,sparse_edit_or_object_completion,68053,16,safe_name_36,LessOrEqual,2,1,0,False
328,sparse_edit_or_object_completion,68053,17,safe_name_37,And,2,1,1,False
328,sparse_edit_or_object_completion,68053,18,safe_name_38,Concat,4,1,1,False
328,sparse_edit_or_object_completion,68053,19,safe_name_39,Concat,4,1,1,False
328,sparse_edit_or_object_completion,68053,20,safe_name_40,Concat,4,1,1,False
328,sparse_edit_or_object_completion,68053,21,safe_name_41,Unsqueeze,2,1,1,False
328,sparse_edit_or_object_completion,68053,22,safe_name_42,Unsqueeze,2,1,1,False
328,sparse_edit_or_object_completion,68053,23,safe_name_43,Unsqueeze,2,1,1,False
328,sparse_edit_or_object_completion,68053,24,safe_name_44,GatherND,2,1,1,False
328,sparse_edit_or_object_completion,68053,25,safe_name_45,Cast,1,1,0,False
328,sparse_edit_or_object_completion,68053,26,safe_name_46,Greater,2,1,1,False
328,sparse_edit_or_object_completion,68053,27,safe_name_47,GatherND,2,1,1,False
328,sparse_edit_or_object_completion,68053,28,safe_name_48,Cast,1,1,0,False
328,sparse_edit_or_object_completion,68053,29,safe_name_49,Greater,2,1,1,False
328,sparse_edit_or_object_completion,68053,30,safe_name_50,GatherND,2,1,1,False
328,sparse_edit_or_object_completion,68053,31,safe_name_51,Cast,1,1,0,False
328,sparse_edit_or_object_completion,68053,32,safe_name_52,Greater,2,1,1,False
328,sparse_edit_or_object_completion,68053,33,safe_name_53,GatherND,2,1,1,False
328,sparse_edit_or_object_completion,68053,34,safe_name_54,Cast,1,1,0,False
328,sparse_edit_or_object_completion,68053,35,safe_name_55,Greater,2,1,1,False
328,sparse_edit_or_object_completion,68053,36,safe_name_56,Sub,2,1,1,False
328,sparse_edit_or_object_completion,68053,37,safe_name_57,Sub,2,1,1,False
328,sparse_edit_or_object_completion,68053,38,safe_name_58,GreaterOrEqual,2,1,0,False
328,sparse_edit_or_object_completion,68053,39,safe_name_59,Where,3,1,1,True
328,sparse_edit_or_object_completion,68053,40,safe_name_60,Greater,2,1,1,False
328,sparse_edit_or_object_completion,68053,41,safe_name_61,GreaterOrEqual,2,1,0,False
328,sparse_edit_or_object_completion,68053,42,safe_name_62,Where,3,1,1,True
328,sparse_edit_or_object_completion,68053,43,safe_name_63,Greater,2,1,1,False
328,sparse_edit_or_object_completion,68053,44,safe_name_64,GreaterOrEqual,2,1,0,False
328,sparse_edit_or_object_completion,68053,45,safe_name_65,Where,3,1,1,True
328,sparse_edit_or_object_completion,68053,46,safe_name_66,Greater,2,1,1,False
328,sparse_edit_or_object_completion,68053,47,safe_name_67,Add,2,1,1,False
328,sparse_edit_or_object_completion,68053,48,safe_name_68,Add,2,1,1,False
328,sparse_edit_or_object_completion,68053,49,safe_name_69,Add,2,1,1,False
328,sparse_edit_or_object_completion,68053,50,safe_name_70,Less,2,1,1,False
328,sparse_edit_or_object_completion,68053,51,safe_name_71,Greater,2,1,1,False
328,sparse_edit_or_object_completion,68053,52,safe_name_72,Less,2,1,1,False
328,sparse_edit_or_object_completion,68053,53,safe_name_73,Greater,2,1,1,False
328,sparse_edit_or_object_completion,68053,54,safe_name_74,Less,2,1,1,False
328,sparse_edit_or_object_completion,68053,55,safe_name_75,Greater,2,1,1,False
328,sparse_edit_or_object_completion,68053,56,safe_name_76,Less,2,1,1,False
328,sparse_edit_or_object_completion,68053,57,safe_name_77,Less,2,1,1,False
328,sparse_edit_or_object_completion,68053,58,safe_name_78,Not,1,1,1,False
328,sparse_edit_or_object_completion,68053,59,safe_name_79,Not,1,1,1,False
328,sparse_edit_or_object_completion,68053,60,safe_name_80,Not,1,1,1,False
328,sparse_edit_or_object_completion,68053,61,safe_name_81,Not,1,1,1,False
328,sparse_edit_or_object_completion,68053,62,safe_name_82,Or,2,1,1,False
328,sparse_edit_or_object_completion,68053,63,safe_name_83,Or,2,1,1,False
328,sparse_edit_or_object_completion,68053,64,safe_name_84,Or,2,1,1,False
328,sparse_edit_or_object_completion,68053,65,safe_name_85,And,2,1,1,False
328,sparse_edit_or_object_completion,68053,66,safe_name_86,And,2,1,1,False
328,sparse_edit_or_object_completion,68053,67,safe_name_87,And,2,1,1,False
328,sparse_edit_or_object_completion,68053,68,safe_name_88,And,2,1,1,False
328,sparse_edit_or_object_completion,68053,69,safe_name_89,And,2,1,1,False
328,sparse_edit_or_object_completion,68053,70,safe_name_90,Where,3,1,1,True
328,sparse_edit_or_object_completion,68053,71,safe_name_91,Or,2,1,1,False
328,sparse_edit_or_object_completion,68053,72,safe_name_92,Or,2,1,1,False
328,sparse_edit_or_object_completion,68053,73,safe_name_93,Or,2,1,1,False
328,sparse_edit_or_object_completion,68053,74,safe_name_94,And,2,1,1,False
328,sparse_edit_or_object_completion,68053,75,safe_name_95,And,2,1,1,False
328,sparse_edit_or_object_completion,68053,76,safe_name_96,And,2,1,1,False
328,sparse_edit_or_object_completion,68053,77,safe_name_97,And,2,1,1,False
328,sparse_edit_or_object_completion,68053,78,safe_name_98,And,2,1,1,False
328,sparse_edit_or_object_completion,68053,79,safe_name_99,Where,3,1,1,True
328,sparse_edit_or_object_completion,68053,80,safe_name_100,Or,2,1,1,False
328,sparse_edit_or_object_completion,68053,81,safe_name_101,Or,2,1,1,False
328,sparse_edit_or_object_completion,68053,82,safe_name_102,Or,2,1,1,False
328,sparse_edit_or_object_completion,68053,83,safe_name_103,And,2,1,1,False
328,sparse_edit_or_object_completion,68053,84,safe_name_104,And,2,1,1,False
328,sparse_edit_or_object_completion,68053,85,safe_name_105,And,2,1,1,False
328,sparse_edit_or_object_completion,68053,86,safe_name_106,And,2,1,1,False
328,sparse_edit_or_object_completion,68053,87,safe_name_107,And,2,1,1,False
328,sparse_edit_or_object_completion,68053,88,safe_name_108,Where,3,1,1,True
328,sparse_edit_or_object_completion,68053,89,safe_name_109,Or,2,1,1,False
328,sparse_edit_or_object_completion,68053,90,safe_name_110,Or,2,1,1,False
328,sparse_edit_or_object_completion,68053,91,safe_name_111,Or,2,1,1,False
328,sparse_edit_or_object_completion,68053,92,safe_name_112,And,2,1,1,False
328,sparse_edit_or_object_completion,68053,93,safe_name_113,And,2,1,1,False
328,sparse_edit_or_object_completion,68053,94,safe_name_114,And,2,1,1,False
328,sparse_edit_or_object_completion,68053,95,safe_name_115,And,2,1,1,False
328,sparse_edit_or_object_completion,68053,96,safe_name_116,And,2,1,1,False
328,sparse_edit_or_object_completion,68053,97,safe_name_117,Where,3,1,1,True
328,sparse_edit_or_object_completion,68053,98,safe_name_118,Max,4,1,1,False
328,sparse_edit_or_object_completion,68053,99,safe_name_119,Where,3,1,1,True
328,sparse_edit_or_object_completion,68053,100,safe_name_120,Equal,2,1,1,False
328,sparse_edit_or_object_completion,68053,101,output,Cast,1,1,1,False
243,sparse_edit_or_object_completion,67878,0,safe_name_17,ReduceSum,1,1,1,False
243,sparse_edit_or_object_completion,67878,1,safe_name_18,MatMul,2,1,1,True
243,sparse_edit_or_object_completion,67878,2,safe_name_19,Cast,1,1,1,False
243,sparse_edit_or_object_completion,67878,3,safe_name_20,Unsqueeze,1,1,1,False
243,sparse_edit_or_object_completion,67878,4,safe_name_21,Equal,2,1,1,False
243,sparse_edit_or_object_completion,67878,5,safe_name_22,Reshape,2,1,1,False
243,sparse_edit_or_object_completion,67878,6,safe_name_23,Cast,1,1,1,False
243,sparse_edit_or_object_completion,67878,7,safe_name_24,ArgMax,1,1,1,False
243,sparse_edit_or_object_completion,67878,8,safe_name_25,Gather,2,1,1,True
243,sparse_edit_or_object_completion,67878,9,safe_name_26,Cast,1,1,1,False
243,sparse_edit_or_object_completion,67878,10,safe_name_27,Gather,2,1,1,True
243,sparse_edit_or_object_completion,67878,11,safe_name_28,Div,2,1,1,False
243,sparse_edit_or_object_completion,67878,12,safe_name_29,Floor,1,1,1,False
243,sparse_edit_or_object_completion,67878,13,safe_name_30,Div,2,1,1,False
243,sparse_edit_or_object_completion,67878,14,safe_name_31,Floor,1,1,1,False
243,sparse_edit_or_object_completion,67878,15,safe_name_32,Mul,2,1,1,False
243,sparse_edit_or_object_completion,67878,16,safe_name_33,Sub,2,1,1,False
243,sparse_edit_or_object_completion,67878,17,safe_name_34,Reshape,2,1,1,False
243,sparse_edit_or_object_completion,67878,18,safe_name_35,Slice,4,1,1,True
243,sparse_edit_or_object_completion,67878,19,safe_name_36,Gather,2,1,1,True
243,sparse_edit_or_object_completion,67878,20,safe_name_37,Gather,2,1,1,True
243,sparse_edit_or_object_completion,67878,21,safe_name_38,Gather,2,1,1,True
243,sparse_edit_or_object_completion,67878,22,safe_name_39,Sub,2,1,1,False
243,sparse_edit_or_object_completion,67878,23,safe_name_40,Mul,2,1,1,False
243,sparse_edit_or_object_completion,67878,24,safe_name_41,Add,2,1,1,False
243,sparse_edit_or_object_completion,67878,25,safe_name_42,Concat,3,1,1,False
243,sparse_edit_or_object_completion,67878,26,output,Pad,3,1,1,False
165,sparse_edit_or_object_completion,67524,0,safe_name_15,Cast,1,1,1,False
165,sparse_edit_or_object_completion,67524,1,safe_name_16,Conv,2,1,1,True
165,sparse_edit_or_object_completion,67524,2,safe_name_17,Slice,4,1,1,True
165,sparse_edit_or_object_completion,67524,3,safe_name_18,Conv,2,1,1,True
165,sparse_edit_or_object_completion,67524,4,safe_name_19,Greater,2,1,1,False
165,sparse_edit_or_object_completion,67524,5,safe_name_20,Reshape,2,1,1,False
165,sparse_edit_or_object_completion,67524,6,safe_name_21,Reshape,2,1,1,False
165,sparse_edit_or_object_completion,67524,7,safe_name_22,Cast,1,1,0,False
165,sparse_edit_or_object_completion,67524,8,safe_name_23,MatMul,2,1,1,True
165,sparse_edit_or_object_completion,67524,9,safe_name_24,Reshape,2,1,1,False
165,sparse_edit_or_object_completion,67524,10,safe_name_25,ReduceMax,1,1,1,False
165,sparse_edit_or_object_completion,67524,11,safe_name_26,Sub,2,1,1,False
165,sparse_edit_or_object_completion,67524,12,safe_name_27,Sub,2,1,1,False
165,sparse_edit_or_object_completion,67524,13,safe_name_28,Slice,4,1,1,True
165,sparse_edit_or_object_completion,67524,14,safe_name_29,Cast,1,1,0,False
165,sparse_edit_or_object_completion,67524,15,safe_name_30,Conv,2,1,1,True
165,sparse_edit_or_object_completion,67524,16,safe_name_31,MaxPool,1,1,1,True
165,sparse_edit_or_object_completion,67524,17,safe_name_32,Mul,2,1,1,False
165,sparse_edit_or_object_completion,67524,18,safe_name_33,ReduceMax,1,1,1,False
165,sparse_edit_or_object_completion,67524,19,safe_name_34,Mul,2,1,1,False
165,sparse_edit_or_object_completion,67524,20,safe_name_35,Mul,2,1,1,False
165,sparse_edit_or_object_completion,67524,21,safe_name_36,Greater,2,1,1,False
165,sparse_edit_or_object_completion,67524,22,safe_name_37,Cast,1,1,1,False
165,sparse_edit_or_object_completion,67524,23,safe_name_38,Cast,1,1,1,False
165,sparse_edit_or_object_completion,67524,24,output,Where,3,1,1,True
209,crop_or_resize,67337,0,safe_name_12,GatherND,2,1,1,False
209,crop_or_resize,67337,1,safe_name_13,ArgMax,1,1,1,False
209,crop_or_resize,67337,2,safe_name_14,Cast,1,1,1,False
209,crop_or_resize,67337,3,safe_name_15,Unsqueeze,1,1,1,False
209,crop_or_resize,67337,4,safe_name_16,MatMul,2,1,1,True
209,crop_or_resize,67337,5,safe_name_17,Equal,2,1,1,False
209,crop_or_resize,67337,6,safe_name_18,Cast,1,1,1,False
209,crop_or_resize,67337,7,safe_name_19,ArgMax,1,1,1,False
209,crop_or_resize,67337,8,safe_name_20,Gather,2,1,1,True
209,crop_or_resize,67337,9,safe_name_21,Mul,2,1,1,False
209,crop_or_resize,67337,10,safe_name_22,Add,2,1,1,False
209,crop_or_resize,67337,11,safe_name_23,Gather,2,1,1,True
209,crop_or_resize,67337,12,safe_name_24,Add,2,1,1,False
209,crop_or_resize,67337,13,safe_name_25,Less,2,1,1,False
209,crop_or_resize,67337,14,safe_name_26,Gather,2,1,1,True
209,crop_or_resize,67337,15,safe_name_27,Less,2,1,1,False
209,crop_or_resize,67337,16,safe_name_28,And,2,1,1,False
209,crop_or_resize,67337,17,safe_name_29,Where,3,1,1,True
209,crop_or_resize,67337,18,safe_name_30,Gather,2,1,1,True
209,crop_or_resize,67337,19,safe_name_31,Reshape,2,1,1,False
209,crop_or_resize,67337,20,output,Equal,2,1,1,False
11,sparse_edit_or_object_completion,66247,0,safe_name_22,Cast,1,1,1,False
11,sparse_edit_or_object_completion,66247,1,safe_name_23,Slice,4,1,1,True
11,sparse_edit_or_object_completion,66247,2,safe_name_24,Slice,4,1,1,True
11,sparse_edit_or_object_completion,66247,3,safe_name_25,Slice,4,1,1,True
11,sparse_edit_or_object_completion,66247,4,safe_name_26,Slice,4,1,1,True
11,sparse_edit_or_object_completion,66247,5,safe_name_27,Slice,4,1,1,True
11,sparse_edit_or_object_completion,66247,6,safe_name_28,Slice,4,1,1,True
11,sparse_edit_or_object_completion,66247,7,safe_name_29,Conv,2,1,1,True
11,sparse_edit_or_object_completion,66247,8,safe_name_30,Conv,2,1,1,True
11,sparse_edit_or_object_completion,66247,9,safe_name_31,Slice,4,1,1,True
11,sparse_edit_or_object_completion,66247,10,safe_name_32,Slice,4,1,1,True
11,sparse_edit_or_object_completion,66247,11,safe_name_33,Slice,4,1,1,True
11,sparse_edit_or_object_completion,66247,12,safe_name_34,Slice,4,1,1,True
11,sparse_edit_or_object_completion,66247,13,safe_name_35,Conv,2,1,1,True
11,sparse_edit_or_object_completion,66247,14,safe_name_36,Conv,2,1,1,True
11,sparse_edit_or_object_completion,66247,15,safe_name_37,Conv,2,1,1,True
11,sparse_edit_or_object_completion,66247,16,safe_name_38,Conv,2,1,1,True
11,sparse_edit_or_object_completion,66247,17,safe_name_39,Sub,2,1,1,False
11,sparse_edit_or_object_completion,66247,18,safe_name_40,Conv,2,1,1,True
11,sparse_edit_or_object_completion,66247,19,safe_name_41,Conv,2,1,1,True
11,sparse_edit_or_object_completion,66247,20,safe_name_42,Conv,2,1,1,True
11,sparse_edit_or_object_completion,66247,21,safe_name_43,Conv,2,1,1,True
11,sparse_edit_or_object_completion,66247,22,safe_name_44,Relu,1,1,1,False
11,sparse_edit_or_object_completion,66247,23,safe_name_45,Mul,2,1,1,False
11,sparse_edit_or_object_completion,66247,24,safe_name_46,Mul,2,1,1,False
11,sparse_edit_or_object_completion,66247,25,safe_name_47,Mul,2,1,1,False
11,sparse_edit_or_object_completion,66247,26,safe_name_48,Mul,2,1,1,False
11,sparse_edit_or_object_completion,66247,27,safe_name_49,Mul,2,1,1,False
11,sparse_edit_or_object_completion,66247,28,safe_name_50,Mul,2,1,1,False
11,sparse_edit_or_object_completion,66247,29,safe_name_51,Mul,2,1,1,False
11,sparse_edit_or_object_completion,66247,30,safe_name_52,Mul,2,1,1,False
11,sparse_edit_or_object_completion,66247,31,safe_name_53,Mul,2,1,1,False
11,sparse_edit_or_object_completion,66247,32,safe_name_54,ReduceMax,1,1,1,False
11,sparse_edit_or_object_completion,66247,33,safe_name_55,ReduceMax,1,1,1,False
11,sparse_edit_or_object_completion,66247,34,safe_name_56,ReduceMax,1,1,1,False
11,sparse_edit_or_object_completion,66247,35,safe_name_57,ReduceMax,1,1,1,False
11,sparse_edit_or_object_completion,66247,36,safe_name_58,ReduceMax,1,1,1,False
11,sparse_edit_or_object_completion,66247,37,safe_name_59,ReduceMax,1,1,1,False
11,sparse_edit_or_object_completion,66247,38,safe_name_60,ReduceMax,1,1,1,False
11,sparse_edit_or_object_completion,66247,39,safe_name_61,ReduceMax,1,1,1,False
11,sparse_edit_or_object_completion,66247,40,safe_name_62,ReduceMax,1,1,1,False
11,sparse_edit_or_object_completion,66247,41,safe_name_63,Mul,2,1,1,False
11,sparse_edit_or_object_completion,66247,42,safe_name_64,Mul,2,1,1,False
11,sparse_edit_or_object_completion,66247,43,safe_name_65,Mul,2,1,1,False
11,sparse_edit_or_object_completion,66247,44,safe_name_66,Mul,2,1,1,False
11,sparse_edit_or_object_completion,66247,45,safe_name_67,Mul,2,1,1,False
11,sparse_edit_or_object_completion,66247,46,safe_name_68,Mul,2,1,1,False
11,sparse_edit_or_object_completion,66247,47,safe_name_69,Mul,2,1,1,False
11,sparse_edit_or_object_completion,66247,48,safe_name_70,Mul,2,1,1,False
11,sparse_edit_or_object_completion,66247,49,safe_name_71,Mul,2,1,1,False
11,sparse_edit_or_object_completion,66247,50,safe_name_72,Sum,10,1,1,False
11,sparse_edit_or_object_completion,66247,51,output,Pad,1,1,1,False
70,sparse_edit_or_object_completion,66138,0,safe_name_16,Cast,1,1,1,False
70,sparse_edit_or_object_completion,66138,1,safe_name_17,Slice,4,1,1,True
70,sparse_edit_or_object_completion,66138,2,safe_name_18,Slice,4,1,1,True
70,sparse_edit_or_object_completion,66138,3,safe_name_19,ReduceMax,1,1,1,False
70,sparse_edit_or_object_completion,66138,4,safe_name_20,ReduceMax,1,1,1,False
70,sparse_edit_or_object_completion,66138,5,safe_name_21,Conv,2,1,1,True
70,sparse_edit_or_object_completion,66138,6,safe_name_22,Greater,2,1,1,False
70,sparse_edit_or_object_completion,66138,7,safe_name_23,Cast,1,1,0,False
70,sparse_edit_or_object_completion,66138,8,safe_name_24,Conv,2,1,1,True
70,sparse_edit_or_object_completion,66138,9,safe_name_25,Greater,2,1,1,False
70,sparse_edit_or_object_completion,66138,10,safe_name_26,Cast,1,1,0,False
70,sparse_edit_or_object_completion,66138,11,safe_name_27,Conv,2,1,1,True
70,sparse_edit_or_object_completion,66138,12,safe_name_28,Greater,2,1,1,False
70,sparse_edit_or_object_completion,66138,13,safe_name_29,Cast,1,1,0,False
70,sparse_edit_or_object_completion,66138,14,safe_name_30,Conv,2,1,1,True
70,sparse_edit_or_object_completion,66138,15,safe_name_31,Greater,2,1,1,False
70,sparse_edit_or_object_completion,66138,16,safe_name_32,Cast,1,1,0,False
70,sparse_edit_or_object_completion,66138,17,safe_name_33,Conv,2,1,1,True
70,sparse_edit_or_object_completion,66138,18,safe_name_34,Greater,2,1,1,False
70,sparse_edit_or_object_completion,66138,19,safe_name_35,Conv,2,1,1,True
70,sparse_edit_or_object_completion,66138,20,safe_name_36,Greater,2,1,1,False
70,sparse_edit_or_object_completion,66138,21,safe_name_37,Cast,1,1,0,False
70,sparse_edit_or_object_completion,66138,22,safe_name_38,Conv,2,1,1,True
70,sparse_edit_or_object_completion,66138,23,safe_name_39,Greater,2,1,1,False
70,sparse_edit_or_object_completion,66138,24,safe_name_40,Cast,1,1,0,False
70,sparse_edit_or_object_completion,66138,25,safe_name_41,Conv,2,1,1,True
70,sparse_edit_or_object_completion,66138,26,safe_name_42,Greater,2,1,1,False
70,sparse_edit_or_object_completion,66138,27,safe_name_43,Cast,1,1,0,False
70,sparse_edit_or_object_completion,66138,28,safe_name_44,Conv,2,1,1,True
70,sparse_edit_or_object_completion,66138,29,safe_name_45,Greater,2,1,1,False
70,sparse_edit_or_object_completion,66138,30,safe_name_46,Cast,1,1,0,False
70,sparse_edit_or_object_completion,66138,31,safe_name_47,Conv,2,1,1,True
70,sparse_edit_or_object_completion,66138,32,safe_name_48,Greater,2,1,1,False
70,sparse_edit_or_object_completion,66138,33,safe_name_49,And,2,1,1,False
70,sparse_edit_or_object_completion,66138,34,safe_name_50,Cast,1,1,0,False
70,sparse_edit_or_object_completion,66138,35,safe_name_51,Conv,2,1,1,True
70,sparse_edit_or_object_completion,66138,36,safe_name_52,Greater,2,1,1,False
70,sparse_edit_or_object_completion,66138,37,safe_name_53,Cast,1,1,0,False
70,sparse_edit_or_object_completion,66138,38,safe_name_54,Conv,2,1,1,True
70,sparse_edit_or_object_completion,66138,39,safe_name_55,Greater,2,1,1,False
70,sparse_edit_or_object_completion,66138,40,safe_name_56,Cast,1,1,0,False
70,sparse_edit_or_object_completion,66138,41,safe_name_57,Conv,2,1,1,True
70,sparse_edit_or_object_completion,66138,42,safe_name_58,Greater,2,1,1,False
70,sparse_edit_or_object_completion,66138,43,safe_name_59,Cast,1,1,0,False
70,sparse_edit_or_object_completion,66138,44,safe_name_60,Conv,2,1,1,True
70,sparse_edit_or_object_completion,66138,45,safe_name_61,Greater,2,1,1,False
70,sparse_edit_or_object_completion,66138,46,safe_name_62,Cast,1,1,0,False
70,sparse_edit_or_object_completion,66138,47,safe_name_63,Conv,2,1,1,True
70,sparse_edit_or_object_completion,66138,48,safe_name_64,Greater,2,1,1,False
70,sparse_edit_or_object_completion,66138,49,safe_name_65,Conv,2,1,1,True
70,sparse_edit_or_object_completion,66138,50,safe_name_66,Greater,2,1,1,False
70,sparse_edit_or_object_completion,66138,51,safe_name_67,Cast,1,1,0,False
70,sparse_edit_or_object_completion,66138,52,safe_name_68,Conv,2,1,1,True
70,sparse_edit_or_object_completion,66138,53,safe_name_69,Greater,2,1,1,False
70,sparse_edit_or_object_completion,66138,54,safe_name_70,Cast,1,1,0,False
70,sparse_edit_or_object_completion,66138,55,safe_name_71,Conv,2,1,1,True
70,sparse_edit_or_object_completion,66138,56,safe_name_72,Greater,2,1,1,False
70,sparse_edit_or_object_completion,66138,57,safe_name_73,Cast,1,1,0,False
70,sparse_edit_or_object_completion,66138,58,safe_name_74,Conv,2,1,1,True
70,sparse_edit_or_object_completion,66138,59,safe_name_75,Greater,2,1,1,False
70,sparse_edit_or_object_completion,66138,60,safe_name_76,Cast,1,1,0,False
70,sparse_edit_or_object_completion,66138,61,safe_name_77,Conv,2,1,1,True
70,sparse_edit_or_object_completion,66138,62,safe_name_78,Greater,2,1,1,False
70,sparse_edit_or_object_completion,66138,63,safe_name_79,And,2,1,1,False
70,sparse_edit_or_object_completion,66138,64,safe_name_80,Cast,1,1,0,False
70,sparse_edit_or_object_completion,66138,65,safe_name_81,Mul,2,1,1,False
70,sparse_edit_or_object_completion,66138,66,safe_name_82,Mul,2,1,1,False
70,sparse_edit_or_object_completion,66138,67,safe_name_83,Mul,2,1,1,False
70,sparse_edit_or_object_completion,66138,68,safe_name_84,Pad,1,1,1,False
70,sparse_edit_or_object_completion,66138,69,safe_name_85,Pad,1,1,1,False
70,sparse_edit_or_object_completion,66138,70,output,Sum,3,1,1,False
101,sparse_edit_or_object_completion,65875,0,safe_name_16,Slice,5,1,1,True
101,sparse_edit_or_object_completion,65875,1,safe_name_17,Slice,5,1,1,True
101,sparse_edit_or_object_completion,65875,2,safe_name_18,Slice,5,1,1,True
101,sparse_edit_or_object_completion,65875,3,safe_name_19,Concat,2,1,1,False
101,sparse_edit_or_object_completion,65875,4,safe_name_20,Flatten,1,1,1,False
101,sparse_edit_or_object_completion,65875,5,safe_name_21,MatMul,2,1,1,True
101,sparse_edit_or_object_completion,65875,6,safe_name_22,Cast,1,1,1,False
101,sparse_edit_or_object_completion,65875,7,safe_name_23,Unsqueeze,1,1,1,False
101,sparse_edit_or_object_completion,65875,8,safe_name_24,Equal,2,1,1,False
101,sparse_edit_or_object_completion,65875,9,safe_name_25,Reshape,2,1,1,False
101,sparse_edit_or_object_completion,65875,10,safe_name_26,Cast,1,1,1,False
101,sparse_edit_or_object_completion,65875,11,safe_name_27,ArgMax,1,1,1,False
101,sparse_edit_or_object_completion,65875,12,safe_name_28,Gather,2,1,1,True
101,sparse_edit_or_object_completion,65875,13,safe_name_29,Cast,1,1,1,False
101,sparse_edit_or_object_completion,65875,14,safe_name_30,ScatterElements,3,1,1,True
101,sparse_edit_or_object_completion,65875,15,safe_name_31,Unsqueeze,1,1,1,False
101,sparse_edit_or_object_completion,65875,16,safe_name_32,Equal,2,1,1,False
101,sparse_edit_or_object_completion,65875,17,safe_name_33,Cast,1,1,1,False
101,sparse_edit_or_object_completion,65875,18,safe_name_34,Cast,1,1,1,False
101,sparse_edit_or_object_completion,65875,19,safe_name_35,ArgMax,1,1,1,False
101,sparse_edit_or_object_completion,65875,20,safe_name_36,ReduceMax,1,1,1,False
101,sparse_edit_or_object_completion,65875,21,safe_name_37,Gather,2,1,1,True
101,sparse_edit_or_object_completion,65875,22,safe_name_38,Cast,1,1,1,False
101,sparse_edit_or_object_completion,65875,23,safe_name_39,Mul,2,1,1,False
101,sparse_edit_or_object_completion,65875,24,safe_name_40,ScatterElements,3,1,1,True
101,sparse_edit_or_object_completion,65875,25,safe_name_41,Add,2,1,1,False
101,sparse_edit_or_object_completion,65875,26,safe_name_42,Reshape,2,1,1,False
101,sparse_edit_or_object_completion,65875,27,safe_name_43,Sub,2,1,1,False
101,sparse_edit_or_object_completion,65875,28,safe_name_44,Mul,2,1,1,False
101,sparse_edit_or_object_completion,65875,29,safe_name_45,Add,2,1,1,False
101,sparse_edit_or_object_completion,65875,30,output,Concat,10,1,1,False
301,sparse_edit_or_object_completion,64988,0,safe_name_11,ReduceSum,1,1,1,False
301,sparse_edit_or_object_completion,64988,1,safe_name_12,Greater,2,1,1,False
301,sparse_edit_or_object_completion,64988,2,safe_name_13,Cast,1,1,0,False
301,sparse_edit_or_object_completion,64988,3,safe_name_14,ReduceMax,1,1,1,False
301,sparse_edit_or_object_completion,64988,4,safe_name_15,ReduceMax,1,1,1,False
301,sparse_edit_or_object_completion,64988,5,safe_name_16,ReduceSum,1,1,1,False
301,sparse_edit_or_object_completion,64988,6,safe_name_17,ReduceSum,1,1,1,False
301,sparse_edit_or_object_completion,64988,7,safe_name_18,Cast,1,1,1,False
301,sparse_edit_or_object_completion,64988,8,safe_name_19,Cast,1,1,1,False
301,sparse_edit_or_object_completion,64988,9,safe_name_20,Conv,2,1,1,True
301,sparse_edit_or_object_completion,64988,10,safe_name_21,ReduceMax,1,1,1,False
301,sparse_edit_or_object_completion,64988,11,safe_name_22,Cast,1,1,1,False
301,sparse_edit_or_object_completion,64988,12,safe_name_23,Greater,2,1,1,False
301,sparse_edit_or_object_completion,64988,13,safe_name_24,Cast,1,1,0,False
301,sparse_edit_or_object_completion,64988,14,safe_name_25,ReduceSum,1,1,1,False
301,sparse_edit_or_object_completion,64988,15,safe_name_26,Cast,1,1,1,False
301,sparse_edit_or_object_completion,64988,16,safe_name_27,Less,2,1,1,False
301,sparse_edit_or_object_completion,64988,17,safe_name_28,Not,1,1,1,False
301,sparse_edit_or_object_completion,64988,18,safe_name_29,Cast,1,1,1,False
301,sparse_edit_or_object_completion,64988,19,safe_name_30,Mul,2,1,1,False
301,sparse_edit_or_object_completion,64988,20,safe_name_31,Add,2,1,1,False
301,sparse_edit_or_object_completion,64988,21,safe_name_32,Mul,2,1,1,False
301,sparse_edit_or_object_completion,64988,22,safe_name_33,Add,2,1,1,False
301,sparse_edit_or_object_completion,64988,23,safe_name_34,Cast,1,1,0,False
301,sparse_edit_or_object_completion,64988,24,safe_name_35,Neg,1,1,1,False
301,sparse_edit_or_object_completion,64988,25,safe_name_36,TopK,2,2,1,False
301,sparse_edit_or_object_completion,64988,26,safe_name_38,Squeeze,1,1,1,False
301,sparse_edit_or_object_completion,64988,27,safe_name_39,Gather,2,1,1,True
301,sparse_edit_or_object_completion,64988,28,safe_name_40,Gather,2,1,1,True
301,sparse_edit_or_object_completion,64988,29,safe_name_41,Greater,2,1,1,False
301,sparse_edit_or_object_completion,64988,30,safe_name_42,Unsqueeze,1,1,1,False
301,sparse_edit_or_object_completion,64988,31,safe_name_43,Unsqueeze,1,1,1,False
301,sparse_edit_or_object_completion,64988,32,safe_name_44,Sub,2,1,1,False
301,sparse_edit_or_object_completion,64988,33,safe_name_45,Unsqueeze,1,1,1,False
301,sparse_edit_or_object_completion,64988,34,safe_name_46,Less,2,1,1,False
301,sparse_edit_or_object_completion,64988,35,safe_name_47,Less,2,1,1,False
301,sparse_edit_or_object_completion,64988,36,safe_name_48,Less,2,1,1,False
301,sparse_edit_or_object_completion,64988,37,safe_name_49,Not,1,1,1,False
301,sparse_edit_or_object_completion,64988,38,safe_name_50,And,2,1,1,False
301,sparse_edit_or_object_completion,64988,39,safe_name_51,And,2,1,1,False
301,sparse_edit_or_object_completion,64988,40,safe_name_52,And,2,1,1,False
301,sparse_edit_or_object_completion,64988,41,safe_name_53,Cast,1,1,1,False
301,sparse_edit_or_object_completion,64988,42,safe_name_54,Where,3,1,1,True
301,sparse_edit_or_object_completion,64988,43,safe_name_55,Cast,1,1,1,False
301,sparse_edit_or_object_completion,64988,44,safe_name_56,Squeeze,1,1,1,False
301,sparse_edit_or_object_completion,64988,45,safe_name_57,OneHot,3,1,1,False
301,sparse_edit_or_object_completion,64988,46,safe_name_58,Greater,2,1,1,False
301,sparse_edit_or_object_completion,64988,47,output,Where,3,1,1,True
161,sparse_edit_or_object_completion,64647,0,safe_name_11,Cast,1,1,1,False
161,sparse_edit_or_object_completion,64647,1,safe_name_12,ReduceMax,1,1,1,False
161,sparse_edit_or_object_completion,64647,2,safe_name_13,Greater,2,1,1,False
161,sparse_edit_or_object_completion,64647,3,safe_name_14,ReduceMax,1,1,1,False
161,sparse_edit_or_object_completion,64647,4,safe_name_15,ReduceMax,1,1,1,False
161,sparse_edit_or_object_completion,64647,5,safe_name_16,ArgMax,1,1,1,False
161,sparse_edit_or_object_completion,64647,6,safe_name_17,ArgMax,1,1,1,False
161,sparse_edit_or_object_completion,64647,7,safe_name_18,Cast,1,1,1,False
161,sparse_edit_or_object_completion,64647,8,safe_name_19,Cast,1,1,1,False
161,sparse_edit_or_object_completion,64647,9,safe_name_20,Expand,2,1,1,False
161,sparse_edit_or_object_completion,64647,10,safe_name_21,Expand,2,1,1,False
161,sparse_edit_or_object_completion,64647,11,safe_name_22,Slice,4,1,1,True
161,sparse_edit_or_object_completion,64647,12,safe_name_23,ReduceSum,2,1,1,False
161,sparse_edit_or_object_completion,64647,13,safe_name_24,Equal,2,1,1,False
161,sparse_edit_or_object_completion,64647,14,safe_name_25,Slice,4,1,1,True
161,sparse_edit_or_object_completion,64647,15,safe_name_26,Slice,4,1,1,True
161,sparse_edit_or_object_completion,64647,16,safe_name_27,GatherElements,2,1,1,False
161,sparse_edit_or_object_completion,64647,17,safe_name_28,GatherElements,2,1,1,False
161,sparse_edit_or_object_completion,64647,18,safe_name_29,Greater,2,1,1,False
161,sparse_edit_or_object_completion,64647,19,safe_name_30,Greater,2,1,1,False
161,sparse_edit_or_object_completion,64647,20,safe_name_31,Greater,2,1,1,False
161,sparse_edit_or_object_completion,64647,21,safe_name_32,Greater,2,1,1,False
161,sparse_edit_or_object_completion,64647,22,safe_name_33,And,2,1,1,False
161,sparse_edit_or_object_completion,64647,23,safe_name_34,And,2,1,1,False
161,sparse_edit_or_object_completion,64647,24,safe_name_35,And,2,1,1,False
161,sparse_edit_or_object_completion,64647,25,safe_name_36,And,2,1,1,False
161,sparse_edit_or_object_completion,64647,26,safe_name_37,Cast,1,1,0,False
161,sparse_edit_or_object_completion,64647,27,safe_name_38,Cast,1,1,0,False
161,sparse_edit_or_object_completion,64647,28,safe_name_39,ReduceMax,1,1,1,False
161,sparse_edit_or_object_completion,64647,29,safe_name_40,ReduceMax,1,1,1,False
161,sparse_edit_or_object_completion,64647,30,safe_name_41,Greater,2,1,1,False
161,sparse_edit_or_object_completion,64647,31,safe_name_42,Greater,2,1,1,False
161,sparse_edit_or_object_completion,64647,32,safe_name_43,Or,2,1,1,False
161,sparse_edit_or_object_completion,64647,33,safe_name_44,And,2,1,1,False
161,sparse_edit_or_object_completion,64647,34,safe_name_45,Or,2,1,1,False
161,sparse_edit_or_object_completion,64647,35,safe_name_46,And,2,1,1,False
161,sparse_edit_or_object_completion,64647,36,safe_name_47,Not,1,1,1,False
161,sparse_edit_or_object_completion,64647,37,safe_name_48,And,2,1,1,False
161,sparse_edit_or_object_completion,64647,38,output,Concat,2,1,1,False
306,sparse_edit_or_object_completion,64444,0,safe_name_33,Greater,2,1,1,False
306,sparse_edit_or_object_completion,64444,1,safe_name_34,Slice,4,1,1,True
306,sparse_edit_or_object_completion,64444,2,safe_name_35,Slice,4,1,1,True
306,sparse_edit_or_object_completion,64444,3,safe_name_36,Slice,4,1,1,True
306,sparse_edit_or_object_completion,64444,4,safe_name_37,Slice,4,1,1,True
306,sparse_edit_or_object_completion,64444,5,safe_name_38,Slice,4,1,1,True
306,sparse_edit_or_object_completion,64444,6,safe_name_39,Slice,4,1,1,True
306,sparse_edit_or_object_completion,64444,7,safe_name_40,Slice,4,1,1,True
306,sparse_edit_or_object_completion,64444,8,safe_name_41,Or,2,1,1,False
306,sparse_edit_or_object_completion,64444,9,safe_name_42,Or,2,1,1,False
306,sparse_edit_or_object_completion,64444,10,safe_name_43,Or,2,1,1,False
306,sparse_edit_or_object_completion,64444,11,safe_name_44,Or,2,1,1,False
306,sparse_edit_or_object_completion,64444,12,safe_name_45,Or,2,1,1,False
306,sparse_edit_or_object_completion,64444,13,safe_name_46,Tile,2,1,1,True
306,sparse_edit_or_object_completion,64444,14,safe_name_47,Slice,4,1,1,True
306,sparse_edit_or_object_completion,64444,15,safe_name_48,Slice,4,1,1,True
306,sparse_edit_or_object_completion,64444,16,safe_name_49,Slice,4,1,1,True
306,sparse_edit_or_object_completion,64444,17,safe_name_50,Slice,4,1,1,True
306,sparse_edit_or_object_completion,64444,18,safe_name_51,Slice,4,1,1,True
306,sparse_edit_or_object_completion,64444,19,safe_name_52,Concat,5,1,1,False
306,sparse_edit_or_object_completion,64444,20,safe_name_53,Pad,3,1,1,False
306,sparse_edit_or_object_completion,64444,21,safe_name_54,Slice,4,1,1,True
306,sparse_edit_or_object_completion,64444,22,safe_name_55,Concat,3,1,1,False
306,sparse_edit_or_object_completion,64444,23,safe_name_56,Slice,4,1,1,True
306,sparse_edit_or_object_completion,64444,24,safe_name_57,Tile,2,1,1,True
306,sparse_edit_or_object_completion,64444,25,safe_name_58,And,2,1,1,False
306,sparse_edit_or_object_completion,64444,26,safe_name_59,Cast,1,1,0,False
306,sparse_edit_or_object_completion,64444,27,safe_name_60,ReduceSum,2,1,1,False
306,sparse_edit_or_object_completion,64444,28,safe_name_61,Greater,2,1,1,False
306,sparse_edit_or_object_completion,64444,29,safe_name_62,Not,1,1,1,False
306,sparse_edit_or_object_completion,64444,30,safe_name_63,And,2,1,1,False
306,sparse_edit_or_object_completion,64444,31,safe_name_64,Concat,2,1,1,False
306,sparse_edit_or_object_completion,64444,32,output,Pad,3,1,1,False
238,crop_or_resize,64372,0,safe_name_40,Cast,1,1,1,False
238,crop_or_resize,64372,1,safe_name_41,Gather,2,1,1,True
238,crop_or_resize,64372,2,safe_name_42,ReduceSum,1,1,1,False
238,crop_or_resize,64372,3,safe_name_43,Gather,2,1,1,True
238,crop_or_resize,64372,4,safe_name_44,ReduceMax,1,1,1,False
238,crop_or_resize,64372,5,safe_name_45,ReduceMax,1,1,1,False
238,crop_or_resize,64372,6,safe_name_46,ArgMax,1,1,1,False
238,crop_or_resize,64372,7,safe_name_47,ArgMax,1,1,1,False
238,crop_or_resize,64372,8,safe_name_48,Add,2,1,1,False
238,crop_or_resize,64372,9,safe_name_49,Add,2,1,1,False
238,crop_or_resize,64372,10,safe_name_50,Gather,2,1,1,True
238,crop_or_resize,64372,11,safe_name_51,Gather,2,1,1,True
238,crop_or_resize,64372,12,safe_name_52,Gather,2,1,1,True
238,crop_or_resize,64372,13,safe_name_53,Gather,2,1,1,True
238,crop_or_resize,64372,14,safe_name_54,ReduceMax,1,1,1,False
238,crop_or_resize,64372,15,safe_name_55,ReduceSum,1,1,1,False
238,crop_or_resize,64372,16,safe_name_56,ReduceMax,1,1,1,False
238,crop_or_resize,64372,17,safe_name_57,ReduceMax,1,1,1,False
238,crop_or_resize,64372,18,safe_name_58,ArgMax,1,1,1,False
238,crop_or_resize,64372,19,safe_name_59,ArgMax,1,1,1,False
238,crop_or_resize,64372,20,safe_name_60,Add,2,1,1,False
238,crop_or_resize,64372,21,safe_name_61,Add,2,1,1,False
238,crop_or_resize,64372,22,safe_name_62,Gather,2,1,1,True
238,crop_or_resize,64372,23,safe_name_63,Gather,2,1,1,True
238,crop_or_resize,64372,24,safe_name_64,Pad,1,1,1,False
238,crop_or_resize,64372,25,safe_name_65,Greater,2,1,1,False
238,crop_or_resize,64372,26,safe_name_66,Less,2,1,1,False
238,crop_or_resize,64372,27,safe_name_67,And,2,1,1,False
238,crop_or_resize,64372,28,safe_name_68,Where,3,1,1,True
238,crop_or_resize,64372,29,safe_name_69,Greater,2,1,1,False
238,crop_or_resize,64372,30,safe_name_70,Less,2,1,1,False
238,crop_or_resize,64372,31,safe_name_71,And,2,1,1,False
238,crop_or_resize,64372,32,safe_name_72,Where,3,1,1,True
238,crop_or_resize,64372,33,safe_name_73,Greater,2,1,1,False
238,crop_or_resize,64372,34,safe_name_74,Less,2,1,1,False
238,crop_or_resize,64372,35,safe_name_75,And,2,1,1,False
238,crop_or_resize,64372,36,safe_name_76,Cast,1,1,0,False
238,crop_or_resize,64372,37,safe_name_77,Sum,3,1,1,False
238,crop_or_resize,64372,38,safe_name_78,Where,3,1,1,True
238,crop_or_resize,64372,39,safe_name_79,Where,3,1,1,True
238,crop_or_resize,64372,40,safe_name_80,Where,3,1,1,True
238,crop_or_resize,64372,41,safe_name_81,Sum,3,1,1,False
238,crop_or_resize,64372,42,safe_name_82,Where,3,1,1,True
238,crop_or_resize,64372,43,safe_name_83,Where,3,1,1,True
238,crop_or_resize,64372,44,safe_name_84,Where,3,1,1,True
238,crop_or_resize,64372,45,safe_name_85,Sum,3,1,1,False
238,crop_or_resize,64372,46,safe_name_86,Where,3,1,1,True
238,crop_or_resize,64372,47,safe_name_87,Where,3,1,1,True
238,crop_or_resize,64372,48,safe_name_88,Where,3,1,1,True
238,crop_or_resize,64372,49,safe_name_89,Sum,3,1,1,False
238,crop_or_resize,64372,50,safe_name_90,Where,3,1,1,True
238,crop_or_resize,64372,51,safe_name_91,Where,3,1,1,True
238,crop_or_resize,64372,52,safe_name_92,Where,3,1,1,True
238,crop_or_resize,64372,53,safe_name_93,Sum,3,1,1,False
238,crop_or_resize,64372,54,safe_name_94,Where,3,1,1,True
238,crop_or_resize,64372,55,safe_name_95,Where,3,1,1,True
238,crop_or_resize,64372,56,safe_name_96,Where,3,1,1,True
238,crop_or_resize,64372,57,safe_name_97,Sum,3,1,1,False
238,crop_or_resize,64372,58,safe_name_98,Where,3,1,1,True
238,crop_or_resize,64372,59,safe_name_99,Where,3,1,1,True
238,crop_or_resize,64372,60,safe_name_100,Where,3,1,1,True
238,crop_or_resize,64372,61,safe_name_101,Sum,3,1,1,False
238,crop_or_resize,64372,62,safe_name_102,Where,3,1,1,True
238,crop_or_resize,64372,63,safe_name_103,Where,3,1,1,True
238,crop_or_resize,64372,64,safe_name_104,Where,3,1,1,True
238,crop_or_resize,64372,65,safe_name_105,Sum,3,1,1,False
238,crop_or_resize,64372,66,safe_name_106,Where,3,1,1,True
238,crop_or_resize,64372,67,safe_name_107,Where,3,1,1,True
238,crop_or_resize,64372,68,safe_name_108,Where,3,1,1,True
238,crop_or_resize,64372,69,safe_name_109,Sum,3,1,1,False
238,crop_or_resize,64372,70,safe_name_110,Where,3,1,1,True
238,crop_or_resize,64372,71,safe_name_111,Where,3,1,1,True
238,crop_or_resize,64372,72,safe_name_112,Where,3,1,1,True
238,crop_or_resize,64372,73,safe_name_113,Sum,3,1,1,False
238,crop_or_resize,64372,74,safe_name_114,Mul,2,1,1,False
238,crop_or_resize,64372,75,safe_name_115,ReduceMax,1,1,1,False
238,crop_or_resize,64372,76,safe_name_116,Mul,2,1,1,False
238,crop_or_resize,64372,77,safe_name_117,Mul,2,1,1,False
238,crop_or_resize,64372,78,safe_name_118,Mul,2,1,1,False
238,crop_or_resize,64372,79,safe_name_119,Mul,2,1,1,False
238,crop_or_resize,64372,80,safe_name_120,ReduceMax,1,1,1,False
238,crop_or_resize,64372,81,safe_name_121,Mul,2,1,1,False
238,crop_or_resize,64372,82,safe_name_122,Mul,2,1,1,False
238,crop_or_resize,64372,83,safe_name_123,Mul,2,1,1,False
238,crop_or_resize,64372,84,safe_name_124,Mul,2,1,1,False
238,crop_or_resize,64372,85,safe_name_125,ReduceMax,1,1,1,False
238,crop_or_resize,64372,86,safe_name_126,Mul,2,1,1,False
238,crop_or_resize,64372,87,safe_name_127,Mul,2,1,1,False
238,crop_or_resize,64372,88,safe_name_128,Mul,2,1,1,False
238,crop_or_resize,64372,89,safe_name_129,Mul,2,1,1,False
238,crop_or_resize,64372,90,safe_name_130,ReduceMax,1,1,1,False
238,crop_or_resize,64372,91,safe_name_131,Mul,2,1,1,False
238,crop_or_resize,64372,92,safe_name_132,Mul,2,1,1,False
238,crop_or_resize,64372,93,safe_name_133,Mul,2,1,1,False
238,crop_or_resize,64372,94,safe_name_134,Mul,2,1,1,False
238,crop_or_resize,64372,95,safe_name_135,Mul,2,1,1,False
238,crop_or_resize,64372,96,safe_name_136,Sum,9,1,1,False
238,crop_or_resize,64372,97,safe_name_137,ReduceSum,1,1,1,False
238,crop_or_resize,64372,98,safe_name_138,Sub,2,1,1,False
238,crop_or_resize,64372,99,safe_name_139,Mul,2,1,1,False
238,crop_or_resize,64372,100,safe_name_140,Sum,10,1,1,False
238,crop_or_resize,64372,101,output,Pad,1,1,1,False
37,sparse_edit_or_object_completion,63726,0,safe_name_13,Cast,1,1,1,False
37,sparse_edit_or_object_completion,63726,1,safe_name_14,Slice,4,1,1,True
37,sparse_edit_or_object_completion,63726,2,safe_name_15,Slice,5,1,1,True
37,sparse_edit_or_object_completion,63726,3,safe_name_16,Conv,3,1,1,True
37,sparse_edit_or_object_completion,63726,4,safe_name_17,Conv,3,1,1,True
37,sparse_edit_or_object_completion,63726,5,safe_name_18,Conv,3,1,1,True
37,sparse_edit_or_object_completion,63726,6,safe_name_19,Relu,1,1,1,False
37,sparse_edit_or_object_completion,63726,7,safe_name_20,Relu,1,1,1,False
37,sparse_edit_or_object_completion,63726,8,safe_name_21,Relu,1,1,1,False
37,sparse_edit_or_object_completion,63726,9,safe_name_22,Mul,2,1,1,False
37,sparse_edit_or_object_completion,63726,10,safe_name_23,Mul,2,1,1,False
37,sparse_edit_or_object_completion,63726,11,safe_name_24,Conv,3,1,1,True
37,sparse_edit_or_object_completion,63726,12,safe_name_25,Conv,3,1,1,True
37,sparse_edit_or_object_completion,63726,13,safe_name_26,Conv,3,1,1,True
37,sparse_edit_or_object_completion,63726,14,safe_name_27,Relu,1,1,1,False
37,sparse_edit_or_object_completion,63726,15,safe_name_28,Relu,1,1,1,False
37,sparse_edit_or_object_completion,63726,16,safe_name_29,Relu,1,1,1,False
37,sparse_edit_or_object_completion,63726,17,safe_name_30,Mul,2,1,1,False
37,sparse_edit_or_object_completion,63726,18,safe_name_31,Mul,2,1,1,False
37,sparse_edit_or_object_completion,63726,19,safe_name_32,Sum,2,1,1,False
37,sparse_edit_or_object_completion,63726,20,safe_name_33,ReduceMax,1,1,1,False
37,sparse_edit_or_object_completion,63726,21,safe_name_34,Sub,2,1,1,False
37,sparse_edit_or_object_completion,63726,22,safe_name_35,Relu,1,1,1,False
37,sparse_edit_or_object_completion,63726,23,safe_name_36,ReduceSum,1,1,1,False
37,sparse_edit_or_object_completion,63726,24,safe_name_37,Mul,2,1,1,False
37,sparse_edit_or_object_completion,63726,25,safe_name_38,Concat,2,1,1,False
37,sparse_edit_or_object_completion,63726,26,output,Pad,1,1,1,False
387,sparse_edit_or_object_completion,63558,0,safe_name_25,Slice,5,1,1,True
387,sparse_edit_or_object_completion,63558,1,safe_name_26,ReduceSum,2,1,1,False
387,sparse_edit_or_object_completion,63558,2,safe_name_27,Cast,1,1,0,False
387,sparse_edit_or_object_completion,63558,3,safe_name_28,Slice,4,1,1,True
387,sparse_edit_or_object_completion,63558,4,safe_name_29,Cast,1,1,0,False
387,sparse_edit_or_object_completion,63558,5,safe_name_30,Sub,2,1,1,False
387,sparse_edit_or_object_completion,63558,6,safe_name_31,ReduceMax,1,1,1,False
387,sparse_edit_or_object_completion,63558,7,safe_name_32,ReduceMax,1,1,1,False
387,sparse_edit_or_object_completion,63558,8,safe_name_33,Greater,2,1,1,False
387,sparse_edit_or_object_completion,63558,9,safe_name_34,Greater,2,1,1,False
387,sparse_edit_or_object_completion,63558,10,safe_name_35,Where,3,1,1,True
387,sparse_edit_or_object_completion,63558,11,safe_name_36,Where,3,1,1,True
387,sparse_edit_or_object_completion,63558,12,safe_name_37,Where,3,1,1,True
387,sparse_edit_or_object_completion,63558,13,safe_name_38,Where,3,1,1,True
387,sparse_edit_or_object_completion,63558,14,safe_name_39,ReduceMin,1,1,1,False
387,sparse_edit_or_object_completion,63558,15,safe_name_40,ReduceMax,1,1,1,False
387,sparse_edit_or_object_completion,63558,16,safe_name_41,ReduceMin,1,1,1,False
387,sparse_edit_or_object_completion,63558,17,safe_name_42,ReduceMax,1,1,1,False
387,sparse_edit_or_object_completion,63558,18,safe_name_43,Cast,1,1,1,False
387,sparse_edit_or_object_completion,63558,19,safe_name_44,ArgMax,1,1,1,False
387,sparse_edit_or_object_completion,63558,20,safe_name_45,Cast,1,1,0,False
387,sparse_edit_or_object_completion,63558,21,safe_name_46,Equal,2,1,1,False
387,sparse_edit_or_object_completion,63558,22,safe_name_47,Equal,2,1,1,False
387,sparse_edit_or_object_completion,63558,23,safe_name_48,Equal,2,1,1,False
387,sparse_edit_or_object_completion,63558,24,safe_name_49,Equal,2,1,1,False
387,sparse_edit_or_object_completion,63558,25,safe_name_50,Where,3,1,1,True
387,sparse_edit_or_object_completion,63558,26,safe_name_51,Where,3,1,1,True
387,sparse_edit_or_object_completion,63558,27,safe_name_52,ReduceSum,2,1,1,False
387,sparse_edit_or_object_completion,63558,28,safe_name_53,Where,3,1,1,True
387,sparse_edit_or_object_completion,63558,29,safe_name_54,ReduceSum,2,1,1,False
387,sparse_edit_or_object_completion,63558,30,safe_name_55,Equal,2,1,1,False
387,sparse_edit_or_object_completion,63558,31,safe_name_56,Greater,2,1,1,False
387,sparse_edit_or_object_completion,63558,32,safe_name_57,And,2,1,1,False
387,sparse_edit_or_object_completion,63558,33,safe_name_58,Equal,2,1,1,False
387,sparse_edit_or_object_completion,63558,34,safe_name_59,And,2,1,1,False
387,sparse_edit_or_object_completion,63558,35,safe_name_60,Where,3,1,1,True
387,sparse_edit_or_object_completion,63558,36,safe_name_61,Where,3,1,1,True
387,sparse_edit_or_object_completion,63558,37,safe_name_62,MaxPool,1,1,1,True
387,sparse_edit_or_object_completion,63558,38,safe_name_63,MaxPool,1,1,1,True
387,sparse_edit_or_object_completion,63558,39,safe_name_64,Sub,2,1,1,False
387,sparse_edit_or_object_completion,63558,40,safe_name_65,Sub,2,1,1,False
387,sparse_edit_or_object_completion,63558,41,safe_name_66,Add,2,1,1,False
387,sparse_edit_or_object_completion,63558,42,safe_name_67,Add,2,1,1,False
387,sparse_edit_or_object_completion,63558,43,safe_name_68,Add,2,1,1,False
387,sparse_edit_or_object_completion,63558,44,safe_name_69,Sub,2,1,1,False
387,sparse_edit_or_object_completion,63558,45,safe_name_70,Tile,2,1,1,True
387,sparse_edit_or_object_completion,63558,46,safe_name_71,Tile,2,1,1,True
387,sparse_edit_or_object_completion,63558,47,safe_name_72,Sub,2,1,1,False
387,sparse_edit_or_object_completion,63558,48,safe_name_73,Sub,2,1,1,False
387,sparse_edit_or_object_completion,63558,49,safe_name_74,Min,2,1,1,False
387,sparse_edit_or_object_completion,63558,50,safe_name_75,Equal,2,1,1,False
387,sparse_edit_or_object_completion,63558,51,safe_name_76,Equal,2,1,1,False
387,sparse_edit_or_object_completion,63558,52,safe_name_77,Or,2,1,1,False
387,sparse_edit_or_object_completion,63558,53,safe_name_78,Or,2,1,1,False
387,sparse_edit_or_object_completion,63558,54,safe_name_79,Where,3,1,1,True
387,sparse_edit_or_object_completion,63558,55,safe_name_80,Where,3,1,1,True
387,sparse_edit_or_object_completion,63558,56,safe_name_81,Where,3,1,1,True
387,sparse_edit_or_object_completion,63558,57,safe_name_82,Add,2,1,1,False
387,sparse_edit_or_object_completion,63558,58,safe_name_83,Sub,2,1,1,False
387,sparse_edit_or_object_completion,63558,59,safe_name_84,Tile,2,1,1,True
387,sparse_edit_or_object_completion,63558,60,safe_name_85,Tile,2,1,1,True
387,sparse_edit_or_object_completion,63558,61,safe_name_86,Sub,2,1,1,False
387,sparse_edit_or_object_completion,63558,62,safe_name_87,Sub,2,1,1,False
387,sparse_edit_or_object_completion,63558,63,safe_name_88,Min,2,1,1,False
387,sparse_edit_or_object_completion,63558,64,safe_name_89,Equal,2,1,1,False
387,sparse_edit_or_object_completion,63558,65,safe_name_90,Equal,2,1,1,False
387,sparse_edit_or_object_completion,63558,66,safe_name_91,Or,2,1,1,False
387,sparse_edit_or_object_completion,63558,67,safe_name_92,Or,2,1,1,False
387,sparse_edit_or_object_completion,63558,68,safe_name_93,Where,3,1,1,True
387,sparse_edit_or_object_completion,63558,69,safe_name_94,Where,3,1,1,True
387,sparse_edit_or_object_completion,63558,70,safe_name_95,Where,3,1,1,True
387,sparse_edit_or_object_completion,63558,71,safe_name_96,Add,2,1,1,False
387,sparse_edit_or_object_completion,63558,72,safe_name_97,Sum,3,1,1,False
387,sparse_edit_or_object_completion,63558,73,safe_name_98,Greater,2,1,1,False
387,sparse_edit_or_object_completion,63558,74,safe_name_99,Not,1,1,1,False
387,sparse_edit_or_object_completion,63558,75,safe_name_100,Greater,2,1,1,False
387,sparse_edit_or_object_completion,63558,76,safe_name_101,And,2,1,1,False
387,sparse_edit_or_object_completion,63558,77,safe_name_102,Where,3,1,1,True
387,sparse_edit_or_object_completion,63558,78,safe_name_103,Equal,2,1,1,False
387,sparse_edit_or_object_completion,63558,79,safe_name_104,Equal,2,1,1,False
387,sparse_edit_or_object_completion,63558,80,safe_name_105,Where,3,1,1,True
387,sparse_edit_or_object_completion,63558,81,safe_name_106,Where,3,1,1,True
387,sparse_edit_or_object_completion,63558,82,safe_name_107,Add,2,1,1,False
387,sparse_edit_or_object_completion,63558,83,safe_name_108,Equal,2,1,1,False
387,sparse_edit_or_object_completion,63558,84,safe_name_109,Equal,2,1,1,False
387,sparse_edit_or_object_completion,63558,85,safe_name_110,Where,3,1,1,True
387,sparse_edit_or_object_completion,63558,86,safe_name_111,Where,3,1,1,True
387,sparse_edit_or_object_completion,63558,87,safe_name_112,Add,2,1,1,False
387,sparse_edit_or_object_completion,63558,88,safe_name_113,Equal,2,1,1,False
387,sparse_edit_or_object_completion,63558,89,safe_name_114,Equal,2,1,1,False
387,sparse_edit_or_object_completion,63558,90,safe_name_115,Where,3,1,1,True
387,sparse_edit_or_object_completion,63558,91,safe_name_116,Where,3,1,1,True
387,sparse_edit_or_object_completion,63558,92,safe_name_117,Add,2,1,1,False
387,sparse_edit_or_object_completion,63558,93,safe_name_118,Equal,2,1,1,False
387,sparse_edit_or_object_completion,63558,94,safe_name_119,Equal,2,1,1,False
387,sparse_edit_or_object_completion,63558,95,safe_name_120,Where,3,1,1,True
387,sparse_edit_or_object_completion,63558,96,safe_name_121,Where,3,1,1,True
387,sparse_edit_or_object_completion,63558,97,safe_name_122,Add,2,1,1,False
387,sparse_edit_or_object_completion,63558,98,safe_name_123,Equal,2,1,1,False
387,sparse_edit_or_object_completion,63558,99,safe_name_124,Equal,2,1,1,False
387,sparse_edit_or_object_completion,63558,100,safe_name_125,Where,3,1,1,True
387,sparse_edit_or_object_completion,63558,101,safe_name_126,Where,3,1,1,True
387,sparse_edit_or_object_completion,63558,102,safe_name_127,Sum,3,1,1,False
387,sparse_edit_or_object_completion,63558,103,safe_name_128,Equal,2,1,1,False
387,sparse_edit_or_object_completion,63558,104,safe_name_129,Equal,2,1,1,False
387,sparse_edit_or_object_completion,63558,105,safe_name_130,Where,3,1,1,True
387,sparse_edit_or_object_completion,63558,106,safe_name_131,Where,3,1,1,True
387,sparse_edit_or_object_completion,63558,107,safe_name_132,Add,2,1,1,False
387,sparse_edit_or_object_completion,63558,108,safe_name_133,Equal,2,1,1,False
387,sparse_edit_or_object_completion,63558,109,safe_name_134,Equal,2,1,1,False
387,sparse_edit_or_object_completion,63558,110,safe_name_135,Where,3,1,1,True
387,sparse_edit_or_object_completion,63558,111,safe_name_136,Where,3,1,1,True
387,sparse_edit_or_object_completion,63558,112,safe_name_137,Add,2,1,1,False
387,sparse_edit_or_object_completion,63558,113,safe_name_138,Equal,2,1,1,False
387,sparse_edit_or_object_completion,63558,114,safe_name_139,Equal,2,1,1,False
387,sparse_edit_or_object_completion,63558,115,safe_name_140,Where,3,1,1,True
387,sparse_edit_or_object_completion,63558,116,safe_name_141,Where,3,1,1,True
387,sparse_edit_or_object_completion,63558,117,safe_name_142,Add,2,1,1,False
387,sparse_edit_or_object_completion,63558,118,safe_name_143,Equal,2,1,1,False
387,sparse_edit_or_object_completion,63558,119,safe_name_144,Equal,2,1,1,False
387,sparse_edit_or_object_completion,63558,120,safe_name_145,Where,3,1,1,True
387,sparse_edit_or_object_completion,63558,121,safe_name_146,Where,3,1,1,True
387,sparse_edit_or_object_completion,63558,122,safe_name_147,Add,2,1,1,False
387,sparse_edit_or_object_completion,63558,123,safe_name_148,Concat,10,1,1,False
387,sparse_edit_or_object_completion,63558,124,output,Pad,3,1,1,False
233,crop_or_resize,63540,0,safe_name_16,ReduceSum,1,1,1,False
233,crop_or_resize,63540,1,safe_name_17,MatMul,2,1,1,True
233,crop_or_resize,63540,2,safe_name_18,Cast,1,1,1,False
233,crop_or_resize,63540,3,safe_name_19,Unsqueeze,1,1,1,False
233,crop_or_resize,63540,4,safe_name_20,Equal,2,1,1,False
233,crop_or_resize,63540,5,safe_name_21,Reshape,2,1,1,False
233,crop_or_resize,63540,6,safe_name_22,Cast,1,1,1,False
233,crop_or_resize,63540,7,safe_name_23,ArgMax,1,1,1,False
233,crop_or_resize,63540,8,safe_name_24,Gather,2,1,1,True
233,crop_or_resize,63540,9,safe_name_25,Cast,1,1,1,False
233,crop_or_resize,63540,10,safe_name_26,Gather,2,1,1,True
233,crop_or_resize,63540,11,safe_name_27,Less,2,1,1,False
233,crop_or_resize,63540,12,safe_name_28,Gather,2,1,1,True
233,crop_or_resize,63540,13,safe_name_29,Less,2,1,1,False
233,crop_or_resize,63540,14,safe_name_30,And,2,1,1,False
233,crop_or_resize,63540,15,safe_name_31,Where,3,1,1,True
233,crop_or_resize,63540,16,safe_name_32,Gather,2,1,1,True
233,crop_or_resize,63540,17,safe_name_33,Cast,1,1,1,False
233,crop_or_resize,63540,18,safe_name_34,ScatterElements,3,1,1,True
233,crop_or_resize,63540,19,safe_name_35,Reshape,2,1,1,False
233,crop_or_resize,63540,20,safe_name_36,Sub,2,1,1,False
233,crop_or_resize,63540,21,safe_name_37,Mul,2,1,1,False
233,crop_or_resize,63540,22,safe_name_38,Less,2,1,1,False
233,crop_or_resize,63540,23,safe_name_39,Cast,1,1,1,False
233,crop_or_resize,63540,24,output,Pad,3,1,1,False
90,sparse_edit_or_object_completion,63354,0,safe_name_41,Cast,1,1,1,False
90,sparse_edit_or_object_completion,63354,1,safe_name_42,Gather,2,1,1,True
90,sparse_edit_or_object_completion,63354,2,safe_name_43,Slice,4,1,1,True
90,sparse_edit_or_object_completion,63354,3,safe_name_44,Conv,3,1,1,True
90,sparse_edit_or_object_completion,63354,4,safe_name_45,Relu,1,1,1,False
90,sparse_edit_or_object_completion,63354,5,safe_name_46,Conv,3,1,1,True
90,sparse_edit_or_object_completion,63354,6,safe_name_47,Relu,1,1,1,False
90,sparse_edit_or_object_completion,63354,7,safe_name_48,ReduceMax,1,1,1,False
90,sparse_edit_or_object_completion,63354,8,safe_name_49,Mul,2,1,1,False
90,sparse_edit_or_object_completion,63354,9,safe_name_50,Conv,3,1,1,True
90,sparse_edit_or_object_completion,63354,10,safe_name_51,Relu,1,1,1,False
90,sparse_edit_or_object_completion,63354,11,safe_name_52,ReduceMax,1,1,1,False
90,sparse_edit_or_object_completion,63354,12,safe_name_53,Mul,2,1,1,False
90,sparse_edit_or_object_completion,63354,13,safe_name_54,Conv,3,1,1,True
90,sparse_edit_or_object_completion,63354,14,safe_name_55,Relu,1,1,1,False
90,sparse_edit_or_object_completion,63354,15,safe_name_56,ReduceMax,1,1,1,False
90,sparse_edit_or_object_completion,63354,16,safe_name_57,Mul,2,1,1,False
90,sparse_edit_or_object_completion,63354,17,safe_name_58,Conv,3,1,1,True
90,sparse_edit_or_object_completion,63354,18,safe_name_59,Relu,1,1,1,False
90,sparse_edit_or_object_completion,63354,19,safe_name_60,ReduceMax,1,1,1,False
90,sparse_edit_or_object_completion,63354,20,safe_name_61,Mul,2,1,1,False
90,sparse_edit_or_object_completion,63354,21,safe_name_62,Conv,3,1,1,True
90,sparse_edit_or_object_completion,63354,22,safe_name_63,Relu,1,1,1,False
90,sparse_edit_or_object_completion,63354,23,safe_name_64,ReduceMax,1,1,1,False
90,sparse_edit_or_object_completion,63354,24,safe_name_65,Mul,2,1,1,False
90,sparse_edit_or_object_completion,63354,25,safe_name_66,Conv,3,1,1,True
90,sparse_edit_or_object_completion,63354,26,safe_name_67,Relu,1,1,1,False
90,sparse_edit_or_object_completion,63354,27,safe_name_68,ReduceMax,1,1,1,False
90,sparse_edit_or_object_completion,63354,28,safe_name_69,Mul,2,1,1,False
90,sparse_edit_or_object_completion,63354,29,safe_name_70,Conv,3,1,1,True
90,sparse_edit_or_object_completion,63354,30,safe_name_71,Relu,1,1,1,False
90,sparse_edit_or_object_completion,63354,31,safe_name_72,ReduceMax,1,1,1,False
90,sparse_edit_or_object_completion,63354,32,safe_name_73,Mul,2,1,1,False
90,sparse_edit_or_object_completion,63354,33,safe_name_74,Conv,3,1,1,True
90,sparse_edit_or_object_completion,63354,34,safe_name_75,Relu,1,1,1,False
90,sparse_edit_or_object_completion,63354,35,safe_name_76,Conv,3,1,1,True
90,sparse_edit_or_object_completion,63354,36,safe_name_77,Relu,1,1,1,False
90,sparse_edit_or_object_completion,63354,37,safe_name_78,ReduceMax,1,1,1,False
90,sparse_edit_or_object_completion,63354,38,safe_name_79,Mul,2,1,1,False
90,sparse_edit_or_object_completion,63354,39,safe_name_80,Conv,3,1,1,True
90,sparse_edit_or_object_completion,63354,40,safe_name_81,Relu,1,1,1,False
90,sparse_edit_or_object_completion,63354,41,safe_name_82,ReduceMax,1,1,1,False
90,sparse_edit_or_object_completion,63354,42,safe_name_83,Mul,2,1,1,False
90,sparse_edit_or_object_completion,63354,43,safe_name_84,Conv,3,1,1,True
90,sparse_edit_or_object_completion,63354,44,safe_name_85,Relu,1,1,1,False
90,sparse_edit_or_object_completion,63354,45,safe_name_86,ReduceMax,1,1,1,False
90,sparse_edit_or_object_completion,63354,46,safe_name_87,Mul,2,1,1,False
90,sparse_edit_or_object_completion,63354,47,safe_name_88,Conv,3,1,1,True
90,sparse_edit_or_object_completion,63354,48,safe_name_89,Relu,1,1,1,False
90,sparse_edit_or_object_completion,63354,49,safe_name_90,ReduceMax,1,1,1,False
90,sparse_edit_or_object_completion,63354,50,safe_name_91,Mul,2,1,1,False
90,sparse_edit_or_object_completion,63354,51,safe_name_92,Conv,3,1,1,True
90,sparse_edit_or_object_completion,63354,52,safe_name_93,Relu,1,1,1,False
90,sparse_edit_or_object_completion,63354,53,safe_name_94,ReduceMax,1,1,1,False
90,sparse_edit_or_object_completion,63354,54,safe_name_95,Mul,2,1,1,False
90,sparse_edit_or_object_completion,63354,55,safe_name_96,Conv,3,1,1,True
90,sparse_edit_or_object_completion,63354,56,safe_name_97,Relu,1,1,1,False
90,sparse_edit_or_object_completion,63354,57,safe_name_98,ReduceMax,1,1,1,False
90,sparse_edit_or_object_completion,63354,58,safe_name_99,Mul,2,1,1,False
90,sparse_edit_or_object_completion,63354,59,safe_name_100,Conv,3,1,1,True
90,sparse_edit_or_object_completion,63354,60,safe_name_101,Relu,1,1,1,False
90,sparse_edit_or_object_completion,63354,61,safe_name_102,Conv,3,1,1,True
90,sparse_edit_or_object_completion,63354,62,safe_name_103,Relu,1,1,1,False
90,sparse_edit_or_object_completion,63354,63,safe_name_104,ReduceMax,1,1,1,False
90,sparse_edit_or_object_completion,63354,64,safe_name_105,Mul,2,1,1,False
90,sparse_edit_or_object_completion,63354,65,safe_name_106,Conv,3,1,1,True
90,sparse_edit_or_object_completion,63354,66,safe_name_107,Relu,1,1,1,False
90,sparse_edit_or_object_completion,63354,67,safe_name_108,ReduceMax,1,1,1,False
90,sparse_edit_or_object_completion,63354,68,safe_name_109,Mul,2,1,1,False
90,sparse_edit_or_object_completion,63354,69,safe_name_110,Conv,3,1,1,True
90,sparse_edit_or_object_completion,63354,70,safe_name_111,Relu,1,1,1,False
90,sparse_edit_or_object_completion,63354,71,safe_name_112,ReduceMax,1,1,1,False
90,sparse_edit_or_object_completion,63354,72,safe_name_113,Mul,2,1,1,False
90,sparse_edit_or_object_completion,63354,73,safe_name_114,Conv,3,1,1,True
90,sparse_edit_or_object_completion,63354,74,safe_name_115,Relu,1,1,1,False
90,sparse_edit_or_object_completion,63354,75,safe_name_116,ReduceMax,1,1,1,False
90,sparse_edit_or_object_completion,63354,76,safe_name_117,Mul,2,1,1,False
90,sparse_edit_or_object_completion,63354,77,safe_name_118,Conv,3,1,1,True
90,sparse_edit_or_object_completion,63354,78,safe_name_119,Relu,1,1,1,False
90,sparse_edit_or_object_completion,63354,79,safe_name_120,ReduceMax,1,1,1,False
90,sparse_edit_or_object_completion,63354,80,safe_name_121,Mul,2,1,1,False
90,sparse_edit_or_object_completion,63354,81,safe_name_122,Conv,3,1,1,True
90,sparse_edit_or_object_completion,63354,82,safe_name_123,Relu,1,1,1,False
90,sparse_edit_or_object_completion,63354,83,safe_name_124,ReduceMax,1,1,1,False
90,sparse_edit_or_object_completion,63354,84,safe_name_125,Mul,2,1,1,False
90,sparse_edit_or_object_completion,63354,85,safe_name_126,Conv,3,1,1,True
90,sparse_edit_or_object_completion,63354,86,safe_name_127,Relu,1,1,1,False
90,sparse_edit_or_object_completion,63354,87,safe_name_128,Conv,3,1,1,True
90,sparse_edit_or_object_completion,63354,88,safe_name_129,Relu,1,1,1,False
90,sparse_edit_or_object_completion,63354,89,safe_name_130,ReduceMax,1,1,1,False
90,sparse_edit_or_object_completion,63354,90,safe_name_131,Mul,2,1,1,False
90,sparse_edit_or_object_completion,63354,91,safe_name_132,Conv,3,1,1,True
90,sparse_edit_or_object_completion,63354,92,safe_name_133,Relu,1,1,1,False
90,sparse_edit_or_object_completion,63354,93,safe_name_134,ReduceMax,1,1,1,False
90,sparse_edit_or_object_completion,63354,94,safe_name_135,Mul,2,1,1,False
90,sparse_edit_or_object_completion,63354,95,safe_name_136,Conv,3,1,1,True
90,sparse_edit_or_object_completion,63354,96,safe_name_137,Relu,1,1,1,False
90,sparse_edit_or_object_completion,63354,97,safe_name_138,ReduceMax,1,1,1,False
90,sparse_edit_or_object_completion,63354,98,safe_name_139,Mul,2,1,1,False
90,sparse_edit_or_object_completion,63354,99,safe_name_140,Conv,3,1,1,True
90,sparse_edit_or_object_completion,63354,100,safe_name_141,Relu,1,1,1,False
90,sparse_edit_or_object_completion,63354,101,safe_name_142,ReduceMax,1,1,1,False
90,sparse_edit_or_object_completion,63354,102,safe_name_143,Mul,2,1,1,False
90,sparse_edit_or_object_completion,63354,103,safe_name_144,Max,23,1,1,False
90,sparse_edit_or_object_completion,63354,104,safe_name_145,Sub,2,1,1,False
90,sparse_edit_or_object_completion,63354,105,safe_name_146,Sum,2,1,1,False
90,sparse_edit_or_object_completion,63354,106,safe_name_147,Relu,1,1,1,False
90,sparse_edit_or_object_completion,63354,107,safe_name_148,Mul,2,1,1,False
90,sparse_edit_or_object_completion,63354,108,safe_name_149,ConvTranspose,2,1,1,False
90,sparse_edit_or_object_completion,63354,109,safe_name_150,ConvTranspose,2,1,1,False
90,sparse_edit_or_object_completion,63354,110,safe_name_151,Sub,2,1,1,False
90,sparse_edit_or_object_completion,63354,111,safe_name_152,Sum,2,1,1,False
90,sparse_edit_or_object_completion,63354,112,safe_name_153,Relu,1,1,1,False
90,sparse_edit_or_object_completion,63354,113,safe_name_154,Mul,2,1,1,False
90,sparse_edit_or_object_completion,63354,114,safe_name_155,ConvTranspose,2,1,1,False
90,sparse_edit_or_object_completion,63354,115,safe_name_156,ConvTranspose,2,1,1,False
90,sparse_edit_or_object_completion,63354,116,safe_name_157,Sub,2,1,1,False
90,sparse_edit_or_object_completion,63354,117,safe_name_158,Sum,2,1,1,False
90,sparse_edit_or_object_completion,63354,118,safe_name_159,Relu,1,1,1,False
90,sparse_edit_or_object_completion,63354,119,safe_name_160,Mul,2,1,1,False
90,sparse_edit_or_object_completion,63354,120,safe_name_161,ConvTranspose,2,1,1,False
90,sparse_edit_or_object_completion,63354,121,safe_name_162,ConvTranspose,2,1,1,False
90,sparse_edit_or_object_completion,63354,122,safe_name_163,Sub,2,1,1,False
90,sparse_edit_or_object_completion,63354,123,safe_name_164,Sum,2,1,1,False
90,sparse_edit_or_object_completion,63354,124,safe_name_165,Relu,1,1,1,False
90,sparse_edit_or_object_completion,63354,125,safe_name_166,Mul,2,1,1,False
90,sparse_edit_or_object_completion,63354,126,safe_name_167,ConvTranspose,2,1,1,False
90,sparse_edit_or_object_completion,63354,127,safe_name_168,ConvTranspose,2,1,1,False
90,sparse_edit_or_object_completion,63354,128,safe_name_169,Sub,2,1,1,False
90,sparse_edit_or_object_completion,63354,129,safe_name_170,Sum,2,1,1,False
90,sparse_edit_or_object_completion,63354,130,safe_name_171,Relu,1,1,1,False
90,sparse_edit_or_object_completion,63354,131,safe_name_172,Mul,2,1,1,False
90,sparse_edit_or_object_completion,63354,132,safe_name_173,ConvTranspose,2,1,1,False
90,sparse_edit_or_object_completion,63354,133,safe_name_174,ConvTranspose,2,1,1,False
90,sparse_edit_or_object_completion,63354,134,safe_name_175,Sub,2,1,1,False
90,sparse_edit_or_object_completion,63354,135,safe_name_176,Sum,2,1,1,False
90,sparse_edit_or_object_completion,63354,136,safe_name_177,Relu,1,1,1,False
90,sparse_edit_or_object_completion,63354,137,safe_name_178,Mul,2,1,1,False
90,sparse_edit_or_object_completion,63354,138,safe_name_179,ConvTranspose,2,1,1,False
90,sparse_edit_or_object_completion,63354,139,safe_name_180,ConvTranspose,2,1,1,False
90,sparse_edit_or_object_completion,63354,140,safe_name_181,Sub,2,1,1,False
90,sparse_edit_or_object_completion,63354,141,safe_name_182,Sum,2,1,1,False
90,sparse_edit_or_object_completion,63354,142,safe_name_183,Relu,1,1,1,False
90,sparse_edit_or_object_completion,63354,143,safe_name_184,Mul,2,1,1,False
90,sparse_edit_or_object_completion,63354,144,safe_name_185,ConvTranspose,2,1,1,False
90,sparse_edit_or_object_completion,63354,145,safe_name_186,ConvTranspose,2,1,1,False
90,sparse_edit_or_object_completion,63354,146,safe_name_187,Sub,2,1,1,False
90,sparse_edit_or_object_completion,63354,147,safe_name_188,Sum,2,1,1,False
90,sparse_edit_or_object_completion,63354,148,safe_name_189,Relu,1,1,1,False
90,sparse_edit_or_object_completion,63354,149,safe_name_190,Mul,2,1,1,False
90,sparse_edit_or_object_completion,63354,150,safe_name_191,ConvTranspose,2,1,1,False
90,sparse_edit_or_object_completion,63354,151,safe_name_192,ConvTranspose,2,1,1,False
90,sparse_edit_or_object_completion,63354,152,safe_name_193,Sub,2,1,1,False
90,sparse_edit_or_object_completion,63354,153,safe_name_194,Sum,2,1,1,False
90,sparse_edit_or_object_completion,63354,154,safe_name_195,Relu,1,1,1,False
90,sparse_edit_or_object_completion,63354,155,safe_name_196,Mul,2,1,1,False
90,sparse_edit_or_object_completion,63354,156,safe_name_197,ConvTranspose,2,1,1,False
90,sparse_edit_or_object_completion,63354,157,safe_name_198,ConvTranspose,2,1,1,False
90,sparse_edit_or_object_completion,63354,158,safe_name_199,Sub,2,1,1,False
90,sparse_edit_or_object_completion,63354,159,safe_name_200,Sum,2,1,1,False
90,sparse_edit_or_object_completion,63354,160,safe_name_201,Relu,1,1,1,False
90,sparse_edit_or_object_completion,63354,161,safe_name_202,Mul,2,1,1,False
90,sparse_edit_or_object_completion,63354,162,safe_name_203,ConvTranspose,2,1,1,False
90,sparse_edit_or_object_completion,63354,163,safe_name_204,ConvTranspose,2,1,1,False
90,sparse_edit_or_object_completion,63354,164,safe_name_205,Sub,2,1,1,False
90,sparse_edit_or_object_completion,63354,165,safe_name_206,Sum,2,1,1,False
90,sparse_edit_or_object_completion,63354,166,safe_name_207,Relu,1,1,1,False
90,sparse_edit_or_object_completion,63354,167,safe_name_208,Mul,2,1,1,False
90,sparse_edit_or_object_completion,63354,168,safe_name_209,ConvTranspose,2,1,1,False
90,sparse_edit_or_object_completion,63354,169,safe_name_210,ConvTranspose,2,1,1,False
90,sparse_edit_or_object_completion,63354,170,safe_name_211,Sub,2,1,1,False
90,sparse_edit_or_object_completion,63354,171,safe_name_212,Sum,2,1,1,False
90,sparse_edit_or_object_completion,63354,172,safe_name_213,Relu,1,1,1,False
90,sparse_edit_or_object_completion,63354,173,safe_name_214,Mul,2,1,1,False
90,sparse_edit_or_object_completion,63354,174,safe_name_215,ConvTranspose,2,1,1,False
90,sparse_edit_or_object_completion,63354,175,safe_name_216,ConvTranspose,2,1,1,False
90,sparse_edit_or_object_completion,63354,176,safe_name_217,Sub,2,1,1,False
90,sparse_edit_or_object_completion,63354,177,safe_name_218,Sum,2,1,1,False
90,sparse_edit_or_object_completion,63354,178,safe_name_219,Relu,1,1,1,False
90,sparse_edit_or_object_completion,63354,179,safe_name_220,Mul,2,1,1,False
90,sparse_edit_or_object_completion,63354,180,safe_name_221,ConvTranspose,2,1,1,False
90,sparse_edit_or_object_completion,63354,181,safe_name_222,ConvTranspose,2,1,1,False
90,sparse_edit_or_object_completion,63354,182,safe_name_223,Sub,2,1,1,False
90,sparse_edit_or_object_completion,63354,183,safe_name_224,Sum,2,1,1,False
90,sparse_edit_or_object_completion,63354,184,safe_name_225,Relu,1,1,1,False
90,sparse_edit_or_object_completion,63354,185,safe_name_226,Mul,2,1,1,False
90,sparse_edit_or_object_completion,63354,186,safe_name_227,ConvTranspose,2,1,1,False
90,sparse_edit_or_object_completion,63354,187,safe_name_228,ConvTranspose,2,1,1,False
90,sparse_edit_or_object_completion,63354,188,safe_name_229,Sub,2,1,1,False
90,sparse_edit_or_object_completion,63354,189,safe_name_230,Sum,2,1,1,False
90,sparse_edit_or_object_completion,63354,190,safe_name_231,Relu,1,1,1,False
90,sparse_edit_or_object_completion,63354,191,safe_name_232,Mul,2,1,1,False
90,sparse_edit_or_object_completion,63354,192,safe_name_233,ConvTranspose,2,1,1,False
90,sparse_edit_or_object_completion,63354,193,safe_name_234,ConvTranspose,2,1,1,False
90,sparse_edit_or_object_completion,63354,194,safe_name_235,Sub,2,1,1,False
90,sparse_edit_or_object_completion,63354,195,safe_name_236,Sum,2,1,1,False
90,sparse_edit_or_object_completion,63354,196,safe_name_237,Relu,1,1,1,False
90,sparse_edit_or_object_completion,63354,197,safe_name_238,Mul,2,1,1,False
90,sparse_edit_or_object_completion,63354,198,safe_name_239,ConvTranspose,2,1,1,False
90,sparse_edit_or_object_completion,63354,199,safe_name_240,ConvTranspose,2,1,1,False
90,sparse_edit_or_object_completion,63354,200,safe_name_241,Sub,2,1,1,False
90,sparse_edit_or_object_completion,63354,201,safe_name_242,Sum,2,1,1,False
90,sparse_edit_or_object_completion,63354,202,safe_name_243,Relu,1,1,1,False
90,sparse_edit_or_object_completion,63354,203,safe_name_244,Mul,2,1,1,False
90,sparse_edit_or_object_completion,63354,204,safe_name_245,ConvTranspose,2,1,1,False
90,sparse_edit_or_object_completion,63354,205,safe_name_246,ConvTranspose,2,1,1,False
90,sparse_edit_or_object_completion,63354,206,safe_name_247,Sub,2,1,1,False
90,sparse_edit_or_object_completion,63354,207,safe_name_248,Sum,2,1,1,False
90,sparse_edit_or_object_completion,63354,208,safe_name_249,Relu,1,1,1,False
90,sparse_edit_or_object_completion,63354,209,safe_name_250,Mul,2,1,1,False
90,sparse_edit_or_object_completion,63354,210,safe_name_251,ConvTranspose,2,1,1,False
90,sparse_edit_or_object_completion,63354,211,safe_name_252,ConvTranspose,2,1,1,False
90,sparse_edit_or_object_completion,63354,212,safe_name_253,Sub,2,1,1,False
90,sparse_edit_or_object_completion,63354,213,safe_name_254,Sum,2,1,1,False
90,sparse_edit_or_object_completion,63354,214,safe_name_255,Relu,1,1,1,False
90,sparse_edit_or_object_completion,63354,215,safe_name_256,Mul,2,1,1,False
90,sparse_edit_or_object_completion,63354,216,safe_name_257,ConvTranspose,2,1,1,False
90,sparse_edit_or_object_completion,63354,217,safe_name_258,ConvTranspose,2,1,1,False
90,sparse_edit_or_object_completion,63354,218,safe_name_259,Sub,2,1,1,False
90,sparse_edit_or_object_completion,63354,219,safe_name_260,Sum,2,1,1,False
90,sparse_edit_or_object_completion,63354,220,safe_name_261,Relu,1,1,1,False
90,sparse_edit_or_object_completion,63354,221,safe_name_262,Mul,2,1,1,False
90,sparse_edit_or_object_completion,63354,222,safe_name_263,ConvTranspose,2,1,1,False
90,sparse_edit_or_object_completion,63354,223,safe_name_264,ConvTranspose,2,1,1,False
90,sparse_edit_or_object_completion,63354,224,safe_name_265,Sub,2,1,1,False
90,sparse_edit_or_object_completion,63354,225,safe_name_266,Sum,2,1,1,False
90,sparse_edit_or_object_completion,63354,226,safe_name_267,Relu,1,1,1,False
90,sparse_edit_or_object_completion,63354,227,safe_name_268,Mul,2,1,1,False
90,sparse_edit_or_object_completion,63354,228,safe_name_269,ConvTranspose,2,1,1,False
90,sparse_edit_or_object_completion,63354,229,safe_name_270,ConvTranspose,2,1,1,False
90,sparse_edit_or_object_completion,63354,230,safe_name_271,Sub,2,1,1,False
90,sparse_edit_or_object_completion,63354,231,safe_name_272,Sum,2,1,1,False
90,sparse_edit_or_object_completion,63354,232,safe_name_273,Relu,1,1,1,False
90,sparse_edit_or_object_completion,63354,233,safe_name_274,Mul,2,1,1,False
90,sparse_edit_or_object_completion,63354,234,safe_name_275,ConvTranspose,2,1,1,False
90,sparse_edit_or_object_completion,63354,235,safe_name_276,ConvTranspose,2,1,1,False
90,sparse_edit_or_object_completion,63354,236,safe_name_277,Sub,2,1,1,False
90,sparse_edit_or_object_completion,63354,237,safe_name_278,Sum,2,1,1,False
90,sparse_edit_or_object_completion,63354,238,safe_name_279,Relu,1,1,1,False
90,sparse_edit_or_object_completion,63354,239,safe_name_280,Mul,2,1,1,False
90,sparse_edit_or_object_completion,63354,240,safe_name_281,ConvTranspose,2,1,1,False
90,sparse_edit_or_object_completion,63354,241,safe_name_282,ConvTranspose,2,1,1,False
90,sparse_edit_or_object_completion,63354,242,safe_name_283,Sum,23,1,1,False
90,sparse_edit_or_object_completion,63354,243,safe_name_284,Conv,2,1,1,True
90,sparse_edit_or_object_completion,63354,244,safe_name_285,Pad,3,1,1,False
90,sparse_edit_or_object_completion,63354,245,output,Sum,2,1,1,False
162,sparse_edit_or_object_completion,63291,0,safe_name_11,Cast,1,1,0,False
162,sparse_edit_or_object_completion,63291,1,safe_name_12,Conv,2,1,1,True
162,sparse_edit_or_object_completion,63291,2,safe_name_13,Conv,2,1,1,True
162,sparse_edit_or_object_completion,63291,3,safe_name_14,Greater,2,1,1,False
162,sparse_edit_or_object_completion,63291,4,safe_name_15,Cast,1,1,0,False
162,sparse_edit_or_object_completion,63291,5,safe_name_16,Conv,2,1,1,True
162,sparse_edit_or_object_completion,63291,6,safe_name_17,Conv,2,1,1,True
162,sparse_edit_or_object_completion,63291,7,safe_name_18,Pad,1,1,1,False
162,sparse_edit_or_object_completion,63291,8,safe_name_19,Slice,4,1,1,True
162,sparse_edit_or_object_completion,63291,9,safe_name_20,Sub,2,1,1,False
162,sparse_edit_or_object_completion,63291,10,safe_name_21,Sub,2,1,1,False
162,sparse_edit_or_object_completion,63291,11,safe_name_22,Sub,2,1,1,False
162,sparse_edit_or_object_completion,63291,12,safe_name_23,Where,3,1,1,True
162,sparse_edit_or_object_completion,63291,13,safe_name_24,Mul,2,1,1,False
162,sparse_edit_or_object_completion,63291,14,safe_name_25,Mul,2,1,1,False
162,sparse_edit_or_object_completion,63291,15,safe_name_26,Conv,2,1,1,True
162,sparse_edit_or_object_completion,63291,16,safe_name_27,Greater,2,1,1,False
162,sparse_edit_or_object_completion,63291,17,safe_name_28,Where,3,1,1,True
162,sparse_edit_or_object_completion,63291,18,output,Sum,2,1,1,False
377,crop_or_resize,61924,0,safe_name_13,Conv,2,1,1,True
377,crop_or_resize,61924,1,safe_name_14,ReduceMax,1,1,1,False
377,crop_or_resize,61924,2,safe_name_15,ReduceMax,1,1,1,False
377,crop_or_resize,61924,3,safe_name_16,Greater,2,1,1,False
377,crop_or_resize,61924,4,safe_name_17,Greater,2,1,1,False
377,crop_or_resize,61924,5,safe_name_18,Where,3,1,1,True
377,crop_or_resize,61924,6,safe_name_19,Where,3,1,1,True
377,crop_or_resize,61924,7,safe_name_20,Where,3,1,1,True
377,crop_or_resize,61924,8,safe_name_21,Where,3,1,1,True
377,crop_or_resize,61924,9,safe_name_22,ReduceMin,1,1,1,False
377,crop_or_resize,61924,10,safe_name_23,ReduceMax,1,1,1,False
377,crop_or_resize,61924,11,safe_name_24,ReduceMin,1,1,1,False
377,crop_or_resize,61924,12,safe_name_25,ReduceMax,1,1,1,False
377,crop_or_resize,61924,13,safe_name_26,Min,2,1,1,False
377,crop_or_resize,61924,14,safe_name_27,Min,2,1,1,False
377,crop_or_resize,61924,15,safe_name_28,Cast,1,1,1,False
377,crop_or_resize,61924,16,safe_name_29,Cast,1,1,1,False
377,crop_or_resize,61924,17,safe_name_30,Reshape,2,1,1,False
377,crop_or_resize,61924,18,safe_name_31,Reshape,2,1,1,False
377,crop_or_resize,61924,19,safe_name_32,Concat,4,1,1,False
377,crop_or_resize,61924,20,safe_name_33,Reshape,2,1,1,False
377,crop_or_resize,61924,21,safe_name_34,GatherND,2,1,1,False
377,crop_or_resize,61924,22,safe_name_35,Reshape,2,1,1,False
377,crop_or_resize,61924,23,safe_name_36,Less,2,1,1,False
377,crop_or_resize,61924,24,safe_name_37,Not,1,1,1,False
377,crop_or_resize,61924,25,safe_name_38,Less,2,1,1,False
377,crop_or_resize,61924,26,safe_name_39,Not,1,1,1,False
377,crop_or_resize,61924,27,safe_name_40,And,2,1,1,False
377,crop_or_resize,61924,28,safe_name_41,Less,2,1,1,False
377,crop_or_resize,61924,29,safe_name_42,Not,1,1,1,False
377,crop_or_resize,61924,30,safe_name_43,Less,2,1,1,False
377,crop_or_resize,61924,31,safe_name_44,Not,1,1,1,False
377,crop_or_resize,61924,32,safe_name_45,And,2,1,1,False
377,crop_or_resize,61924,33,safe_name_46,And,2,1,1,False
377,crop_or_resize,61924,34,safe_name_47,Equal,2,1,1,False
377,crop_or_resize,61924,35,safe_name_48,Not,1,1,1,False
377,crop_or_resize,61924,36,safe_name_49,And,2,1,1,False
377,crop_or_resize,61924,37,safe_name_50,Cast,1,1,1,False
377,crop_or_resize,61924,38,safe_name_51,ReduceMax,1,1,1,False
377,crop_or_resize,61924,39,safe_name_52,ReduceMax,1,1,1,False
377,crop_or_resize,61924,40,safe_name_53,Cast,1,1,1,False
377,crop_or_resize,61924,41,safe_name_54,Cast,1,1,1,False
377,crop_or_resize,61924,42,safe_name_55,Where,3,1,1,True
377,crop_or_resize,61924,43,safe_name_56,Where,3,1,1,True
377,crop_or_resize,61924,44,safe_name_57,Where,3,1,1,True
377,crop_or_resize,61924,45,safe_name_58,Where,3,1,1,True
377,crop_or_resize,61924,46,safe_name_59,ReduceMin,1,1,1,False
377,crop_or_resize,61924,47,safe_name_60,ReduceMax,1,1,1,False
377,crop_or_resize,61924,48,safe_name_61,ReduceMin,1,1,1,False
377,crop_or_resize,61924,49,safe_name_62,ReduceMax,1,1,1,False
377,crop_or_resize,61924,50,safe_name_63,Less,2,1,1,False
377,crop_or_resize,61924,51,safe_name_64,Min,2,1,1,False
377,crop_or_resize,61924,52,safe_name_65,Min,2,1,1,False
377,crop_or_resize,61924,53,safe_name_66,Cast,1,1,1,False
377,crop_or_resize,61924,54,safe_name_67,Cast,1,1,1,False
377,crop_or_resize,61924,55,safe_name_68,Reshape,2,1,1,False
377,crop_or_resize,61924,56,safe_name_69,Reshape,2,1,1,False
377,crop_or_resize,61924,57,safe_name_70,Concat,4,1,1,False
377,crop_or_resize,61924,58,safe_name_71,Reshape,2,1,1,False
377,crop_or_resize,61924,59,safe_name_72,GatherND,2,1,1,False
377,crop_or_resize,61924,60,safe_name_73,Reshape,2,1,1,False
377,crop_or_resize,61924,61,safe_name_74,Less,2,1,1,False
377,crop_or_resize,61924,62,safe_name_75,Not,1,1,1,False
377,crop_or_resize,61924,63,safe_name_76,Less,2,1,1,False
377,crop_or_resize,61924,64,safe_name_77,Not,1,1,1,False
377,crop_or_resize,61924,65,safe_name_78,And,2,1,1,False
377,crop_or_resize,61924,66,safe_name_79,Less,2,1,1,False
377,crop_or_resize,61924,67,safe_name_80,Not,1,1,1,False
377,crop_or_resize,61924,68,safe_name_81,Less,2,1,1,False
377,crop_or_resize,61924,69,safe_name_82,Not,1,1,1,False
377,crop_or_resize,61924,70,safe_name_83,And,2,1,1,False
377,crop_or_resize,61924,71,safe_name_84,And,2,1,1,False
377,crop_or_resize,61924,72,safe_name_85,Equal,2,1,1,False
377,crop_or_resize,61924,73,safe_name_86,Not,1,1,1,False
377,crop_or_resize,61924,74,safe_name_87,And,2,1,1,False
377,crop_or_resize,61924,75,safe_name_88,Cast,1,1,1,False
377,crop_or_resize,61924,76,safe_name_89,ReduceMax,1,1,1,False
377,crop_or_resize,61924,77,safe_name_90,ReduceMax,1,1,1,False
377,crop_or_resize,61924,78,safe_name_91,Cast,1,1,1,False
377,crop_or_resize,61924,79,safe_name_92,Cast,1,1,1,False
377,crop_or_resize,61924,80,safe_name_93,Where,3,1,1,True
377,crop_or_resize,61924,81,safe_name_94,Where,3,1,1,True
377,crop_or_resize,61924,82,safe_name_95,Where,3,1,1,True
377,crop_or_resize,61924,83,safe_name_96,Where,3,1,1,True
377,crop_or_resize,61924,84,safe_name_97,ReduceMin,1,1,1,False
377,crop_or_resize,61924,85,safe_name_98,ReduceMax,1,1,1,False
377,crop_or_resize,61924,86,safe_name_99,ReduceMin,1,1,1,False
377,crop_or_resize,61924,87,safe_name_100,ReduceMax,1,1,1,False
377,crop_or_resize,61924,88,safe_name_101,Less,2,1,1,False
377,crop_or_resize,61924,89,safe_name_102,Min,2,1,1,False
377,crop_or_resize,61924,90,safe_name_103,Min,2,1,1,False
377,crop_or_resize,61924,91,safe_name_104,Cast,1,1,1,False
377,crop_or_resize,61924,92,safe_name_105,Cast,1,1,1,False
377,crop_or_resize,61924,93,safe_name_106,Reshape,2,1,1,False
377,crop_or_resize,61924,94,safe_name_107,Reshape,2,1,1,False
377,crop_or_resize,61924,95,safe_name_108,Concat,4,1,1,False
377,crop_or_resize,61924,96,safe_name_109,Reshape,2,1,1,False
377,crop_or_resize,61924,97,safe_name_110,GatherND,2,1,1,False
377,crop_or_resize,61924,98,safe_name_111,Reshape,2,1,1,False
377,crop_or_resize,61924,99,safe_name_112,Less,2,1,1,False
377,crop_or_resize,61924,100,safe_name_113,Not,1,1,1,False
377,crop_or_resize,61924,101,safe_name_114,Less,2,1,1,False
377,crop_or_resize,61924,102,safe_name_115,Not,1,1,1,False
377,crop_or_resize,61924,103,safe_name_116,And,2,1,1,False
377,crop_or_resize,61924,104,safe_name_117,Less,2,1,1,False
377,crop_or_resize,61924,105,safe_name_118,Not,1,1,1,False
377,crop_or_resize,61924,106,safe_name_119,Less,2,1,1,False
377,crop_or_resize,61924,107,safe_name_120,Not,1,1,1,False
377,crop_or_resize,61924,108,safe_name_121,And,2,1,1,False
377,crop_or_resize,61924,109,safe_name_122,And,2,1,1,False
377,crop_or_resize,61924,110,safe_name_123,Equal,2,1,1,False
377,crop_or_resize,61924,111,safe_name_124,Not,1,1,1,False
377,crop_or_resize,61924,112,safe_name_125,And,2,1,1,False
377,crop_or_resize,61924,113,safe_name_126,Cast,1,1,1,False
377,crop_or_resize,61924,114,safe_name_127,ReduceMax,1,1,1,False
377,crop_or_resize,61924,115,safe_name_128,ReduceMax,1,1,1,False
377,crop_or_resize,61924,116,safe_name_129,Cast,1,1,1,False
377,crop_or_resize,61924,117,safe_name_130,Cast,1,1,1,False
377,crop_or_resize,61924,118,safe_name_131,Where,3,1,1,True
377,crop_or_resize,61924,119,safe_name_132,Where,3,1,1,True
377,crop_or_resize,61924,120,safe_name_133,Where,3,1,1,True
377,crop_or_resize,61924,121,safe_name_134,Where,3,1,1,True
377,crop_or_resize,61924,122,safe_name_135,ReduceMin,1,1,1,False
377,crop_or_resize,61924,123,safe_name_136,ReduceMax,1,1,1,False
377,crop_or_resize,61924,124,safe_name_137,ReduceMin,1,1,1,False
377,crop_or_resize,61924,125,safe_name_138,ReduceMax,1,1,1,False
377,crop_or_resize,61924,126,safe_name_139,Less,2,1,1,False
377,crop_or_resize,61924,127,safe_name_140,Min,2,1,1,False
377,crop_or_resize,61924,128,safe_name_141,Min,2,1,1,False
377,crop_or_resize,61924,129,safe_name_142,Cast,1,1,1,False
377,crop_or_resize,61924,130,safe_name_143,Cast,1,1,1,False
377,crop_or_resize,61924,131,safe_name_144,Reshape,2,1,1,False
377,crop_or_resize,61924,132,safe_name_145,Reshape,2,1,1,False
377,crop_or_resize,61924,133,safe_name_146,Concat,4,1,1,False
377,crop_or_resize,61924,134,safe_name_147,Reshape,2,1,1,False
377,crop_or_resize,61924,135,safe_name_148,GatherND,2,1,1,False
377,crop_or_resize,61924,136,safe_name_149,Reshape,2,1,1,False
377,crop_or_resize,61924,137,safe_name_150,Less,2,1,1,False
377,crop_or_resize,61924,138,safe_name_151,Not,1,1,1,False
377,crop_or_resize,61924,139,safe_name_152,Less,2,1,1,False
377,crop_or_resize,61924,140,safe_name_153,Not,1,1,1,False
377,crop_or_resize,61924,141,safe_name_154,And,2,1,1,False
377,crop_or_resize,61924,142,safe_name_155,Less,2,1,1,False
377,crop_or_resize,61924,143,safe_name_156,Not,1,1,1,False
377,crop_or_resize,61924,144,safe_name_157,Less,2,1,1,False
377,crop_or_resize,61924,145,safe_name_158,Not,1,1,1,False
377,crop_or_resize,61924,146,safe_name_159,And,2,1,1,False
377,crop_or_resize,61924,147,safe_name_160,And,2,1,1,False
377,crop_or_resize,61924,148,safe_name_161,Equal,2,1,1,False
377,crop_or_resize,61924,149,safe_name_162,Not,1,1,1,False
377,crop_or_resize,61924,150,safe_name_163,And,2,1,1,False
377,crop_or_resize,61924,151,safe_name_164,Cast,1,1,1,False
377,crop_or_resize,61924,152,safe_name_165,ReduceMax,1,1,1,False
377,crop_or_resize,61924,153,safe_name_166,ReduceMax,1,1,1,False
377,crop_or_resize,61924,154,safe_name_167,Cast,1,1,1,False
377,crop_or_resize,61924,155,safe_name_168,Cast,1,1,1,False
377,crop_or_resize,61924,156,safe_name_169,Where,3,1,1,True
377,crop_or_resize,61924,157,safe_name_170,Where,3,1,1,True
377,crop_or_resize,61924,158,safe_name_171,ReduceMin,1,1,1,False
377,crop_or_resize,61924,159,safe_name_172,ReduceMin,1,1,1,False
377,crop_or_resize,61924,160,safe_name_173,Less,2,1,1,False
377,crop_or_resize,61924,161,safe_name_174,Min,2,1,1,False
377,crop_or_resize,61924,162,safe_name_175,Min,2,1,1,False
377,crop_or_resize,61924,163,safe_name_176,Cast,1,1,1,False
377,crop_or_resize,61924,164,safe_name_177,Cast,1,1,1,False
377,crop_or_resize,61924,165,safe_name_178,Reshape,2,1,1,False
377,crop_or_resize,61924,166,safe_name_179,Reshape,2,1,1,False
377,crop_or_resize,61924,167,safe_name_180,Concat,4,1,1,False
377,crop_or_resize,61924,168,safe_name_181,Reshape,2,1,1,False
377,crop_or_resize,61924,169,safe_name_182,GatherND,2,1,1,False
377,crop_or_resize,61924,170,safe_name_183,Cast,1,1,1,False
377,crop_or_resize,61924,171,safe_name_184,Cast,1,1,1,False
377,crop_or_resize,61924,172,safe_name_185,Cast,1,1,1,False
377,crop_or_resize,61924,173,safe_name_186,Cast,1,1,1,False
377,crop_or_resize,61924,174,safe_name_187,Sum,5,1,1,False
377,crop_or_resize,61924,175,safe_name_188,Add,2,1,1,False
377,crop_or_resize,61924,176,safe_name_189,Sub,2,1,1,False
377,crop_or_resize,61924,177,safe_name_190,Sub,2,1,1,False
377,crop_or_resize,61924,178,safe_name_191,Less,2,1,1,False
377,crop_or_resize,61924,179,safe_name_192,Less,2,1,1,False
377,crop_or_resize,61924,180,safe_name_193,And,2,1,1,False
377,crop_or_resize,61924,181,safe_name_194,Sub,2,1,1,False
377,crop_or_resize,61924,182,safe_name_195,Sub,2,1,1,False
377,crop_or_resize,61924,183,safe_name_196,Min,2,1,1,False
377,crop_or_resize,61924,184,safe_name_197,Min,2,1,1,False
377,crop_or_resize,61924,185,safe_name_198,Min,2,1,1,False
377,crop_or_resize,61924,186,safe_name_199,Reshape,2,1,1,False
377,crop_or_resize,61924,187,safe_name_200,Reshape,2,1,1,False
377,crop_or_resize,61924,188,safe_name_201,Reshape,2,1,1,False
377,crop_or_resize,61924,189,safe_name_202,Reshape,2,1,1,False
377,crop_or_resize,61924,190,safe_name_203,Concat,5,1,1,False
377,crop_or_resize,61924,191,safe_name_204,Where,3,1,1,True
377,crop_or_resize,61924,192,safe_name_205,Cast,1,1,1,False
377,crop_or_resize,61924,193,safe_name_206,Gather,2,1,1,True
377,crop_or_resize,61924,194,safe_name_207,Where,3,1,1,True
377,crop_or_resize,61924,195,safe_name_208,Equal,2,1,1,False
377,crop_or_resize,61924,196,output,Cast,1,1,1,False
206,sparse_edit_or_object_completion,61387,0,safe_name_15,ArgMax,1,1,1,False
206,sparse_edit_or_object_completion,61387,1,safe_name_16,Cast,1,1,0,False
206,sparse_edit_or_object_completion,61387,2,safe_name_17,ReduceSum,2,1,1,False
206,sparse_edit_or_object_completion,61387,3,safe_name_18,Greater,2,1,1,False
206,sparse_edit_or_object_completion,61387,4,safe_name_19,Equal,2,1,1,False
206,sparse_edit_or_object_completion,61387,5,safe_name_20,Equal,2,1,1,False
206,sparse_edit_or_object_completion,61387,6,safe_name_21,Not,1,1,1,False
206,sparse_edit_or_object_completion,61387,7,safe_name_22,Not,1,1,1,False
206,sparse_edit_or_object_completion,61387,8,safe_name_23,And,2,1,1,False
206,sparse_edit_or_object_completion,61387,9,safe_name_24,Where,3,1,1,True
206,sparse_edit_or_object_completion,61387,10,safe_name_25,Where,3,1,1,True
206,sparse_edit_or_object_completion,61387,11,safe_name_26,ReduceMin,1,1,1,False
206,sparse_edit_or_object_completion,61387,12,safe_name_27,ReduceMin,1,1,1,False
206,sparse_edit_or_object_completion,61387,13,safe_name_28,Where,3,1,1,True
206,sparse_edit_or_object_completion,61387,14,safe_name_29,Where,3,1,1,True
206,sparse_edit_or_object_completion,61387,15,safe_name_30,ReduceMax,1,1,1,False
206,sparse_edit_or_object_completion,61387,16,safe_name_31,ReduceMax,1,1,1,False
206,sparse_edit_or_object_completion,61387,17,safe_name_32,Add,2,1,1,False
206,sparse_edit_or_object_completion,61387,18,safe_name_33,Add,2,1,1,False
206,sparse_edit_or_object_completion,61387,19,safe_name_34,Sub,2,1,1,False
206,sparse_edit_or_object_completion,61387,20,safe_name_35,Sub,2,1,1,False
206,sparse_edit_or_object_completion,61387,21,safe_name_36,Cast,1,1,1,False
206,sparse_edit_or_object_completion,61387,22,safe_name_37,Cast,1,1,1,False
206,sparse_edit_or_object_completion,61387,23,safe_name_38,Reshape,2,1,1,False
206,sparse_edit_or_object_completion,61387,24,safe_name_39,Reshape,2,1,1,False
206,sparse_edit_or_object_completion,61387,25,safe_name_40,Sub,2,1,1,False
206,sparse_edit_or_object_completion,61387,26,safe_name_41,Sub,2,1,1,False
206,sparse_edit_or_object_completion,61387,27,safe_name_42,Concat,2,1,1,False
206,sparse_edit_or_object_completion,61387,28,safe_name_43,Add,2,1,1,False
206,sparse_edit_or_object_completion,61387,29,safe_name_44,Where,3,1,1,True
206,sparse_edit_or_object_completion,61387,30,safe_name_45,Pad,3,1,1,False
206,sparse_edit_or_object_completion,61387,31,safe_name_46,Slice,4,1,1,True
206,sparse_edit_or_object_completion,61387,32,safe_name_47,Greater,2,1,1,False
206,sparse_edit_or_object_completion,61387,33,safe_name_48,Where,3,1,1,True
206,sparse_edit_or_object_completion,61387,34,safe_name_49,Where,3,1,1,True
206,sparse_edit_or_object_completion,61387,35,safe_name_50,Or,2,1,1,False
206,sparse_edit_or_object_completion,61387,36,safe_name_51,Where,3,1,1,True
206,sparse_edit_or_object_completion,61387,37,safe_name_52,Equal,2,1,1,False
206,sparse_edit_or_object_completion,61387,38,output,Cast,1,1,1,False
177,crop_or_resize,61194,0,safe_name_16,Cast,1,1,1,False
177,crop_or_resize,61194,1,safe_name_17,Slice,4,1,1,True
177,crop_or_resize,61194,2,safe_name_18,ReduceMax,1,1,1,False
177,crop_or_resize,61194,3,safe_name_19,ReduceMax,1,1,1,False
177,crop_or_resize,61194,4,safe_name_20,Greater,2,1,1,False
177,crop_or_resize,61194,5,safe_name_21,ReduceMax,1,1,1,False
177,crop_or_resize,61194,6,safe_name_22,Greater,2,1,1,False
177,crop_or_resize,61194,7,safe_name_23,Where,3,1,1,True
177,crop_or_resize,61194,8,safe_name_24,Where,3,1,1,True
177,crop_or_resize,61194,9,safe_name_25,Where,3,1,1,True
177,crop_or_resize,61194,10,safe_name_26,Where,3,1,1,True
177,crop_or_resize,61194,11,safe_name_27,ReduceMin,1,1,1,False
177,crop_or_resize,61194,12,safe_name_28,ReduceMax,1,1,1,False
177,crop_or_resize,61194,13,safe_name_29,ReduceMin,1,1,1,False
177,crop_or_resize,61194,14,safe_name_30,ReduceMax,1,1,1,False
177,crop_or_resize,61194,15,safe_name_31,Sub,2,1,1,False
177,crop_or_resize,61194,16,safe_name_32,Sub,2,1,1,False
177,crop_or_resize,61194,17,safe_name_33,Sub,2,1,1,False
177,crop_or_resize,61194,18,safe_name_34,Add,2,1,1,False
177,crop_or_resize,61194,19,safe_name_35,Mul,2,1,1,False
177,crop_or_resize,61194,20,safe_name_36,Add,2,1,1,False
177,crop_or_resize,61194,21,safe_name_37,LessOrEqual,2,1,1,False
177,crop_or_resize,61194,22,safe_name_38,LessOrEqual,2,1,1,False
177,crop_or_resize,61194,23,safe_name_39,And,2,1,1,False
177,crop_or_resize,61194,24,safe_name_40,Where,3,1,1,True
177,crop_or_resize,61194,25,safe_name_41,Reshape,2,1,1,False
177,crop_or_resize,61194,26,safe_name_42,Reshape,2,1,1,False
177,crop_or_resize,61194,27,safe_name_43,Gather,2,1,1,True
177,crop_or_resize,61194,28,safe_name_44,Reshape,2,1,1,False
177,crop_or_resize,61194,29,safe_name_45,Cast,1,1,1,False
177,crop_or_resize,61194,30,safe_name_46,Reshape,2,1,1,False
177,crop_or_resize,61194,31,safe_name_47,Mul,2,1,1,False
177,crop_or_resize,61194,32,output,Pad,3,1,1,False
118,sparse_edit_or_object_completion,60026,0,safe_name_10,GatherND,2,1,1,False
118,sparse_edit_or_object_completion,60026,1,safe_name_11,Reshape,2,1,1,False
118,sparse_edit_or_object_completion,60026,2,safe_name_12,Cast,1,1,1,False
118,sparse_edit_or_object_completion,60026,3,safe_name_13,Unsqueeze,1,1,1,False
118,sparse_edit_or_object_completion,60026,4,safe_name_14,Equal,2,1,1,False
118,sparse_edit_or_object_completion,60026,5,safe_name_15,Cast,1,1,1,False
118,sparse_edit_or_object_completion,60026,6,safe_name_16,ReduceMin,1,1,1,False
118,sparse_edit_or_object_completion,60026,7,safe_name_17,Equal,2,1,1,False
118,sparse_edit_or_object_completion,60026,8,safe_name_18,Where,3,1,1,True
118,sparse_edit_or_object_completion,60026,9,safe_name_19,ReduceSum,1,1,1,False
118,sparse_edit_or_object_completion,60026,10,safe_name_20,Cast,1,1,1,False
118,sparse_edit_or_object_completion,60026,11,safe_name_21,Gather,2,1,1,True
118,sparse_edit_or_object_completion,60026,12,safe_name_22,Unsqueeze,1,1,1,False
118,sparse_edit_or_object_completion,60026,13,safe_name_23,Equal,2,1,1,False
118,sparse_edit_or_object_completion,60026,14,safe_name_24,Cast,1,1,1,False
118,sparse_edit_or_object_completion,60026,15,safe_name_25,ReduceMax,1,1,1,False
118,sparse_edit_or_object_completion,60026,16,safe_name_26,Equal,2,1,1,False
118,sparse_edit_or_object_completion,60026,17,safe_name_27,Reshape,2,1,1,False
118,sparse_edit_or_object_completion,60026,18,output,Where,3,1,1,True
185,crop_or_resize,59584,0,safe_name_19,ArgMax,1,1,1,False
185,crop_or_resize,59584,1,safe_name_20,Squeeze,2,1,1,False
185,crop_or_resize,59584,2,safe_name_21,Equal,2,1,1,False
185,crop_or_resize,59584,3,safe_name_22,Cast,1,1,0,False
185,crop_or_resize,59584,4,safe_name_23,ReduceSum,2,1,1,False
185,crop_or_resize,59584,5,safe_name_24,Unsqueeze,2,1,1,False
185,crop_or_resize,59584,6,safe_name_25,Equal,2,1,1,False
185,crop_or_resize,59584,7,safe_name_26,Cast,1,1,0,False
185,crop_or_resize,59584,8,safe_name_27,ReduceSum,2,1,1,False
185,crop_or_resize,59584,9,safe_name_28,Unsqueeze,2,1,1,False
185,crop_or_resize,59584,10,safe_name_29,Equal,2,1,1,False
185,crop_or_resize,59584,11,safe_name_30,Cast,1,1,0,False
185,crop_or_resize,59584,12,safe_name_31,ReduceSum,2,1,1,False
185,crop_or_resize,59584,13,safe_name_32,Unsqueeze,2,1,1,False
185,crop_or_resize,59584,14,safe_name_33,Equal,2,1,1,False
185,crop_or_resize,59584,15,safe_name_34,Cast,1,1,0,False
185,crop_or_resize,59584,16,safe_name_35,ReduceSum,2,1,1,False
185,crop_or_resize,59584,17,safe_name_36,Unsqueeze,2,1,1,False
185,crop_or_resize,59584,18,safe_name_37,Equal,2,1,1,False
185,crop_or_resize,59584,19,safe_name_38,Cast,1,1,0,False
185,crop_or_resize,59584,20,safe_name_39,ReduceSum,2,1,1,False
185,crop_or_resize,59584,21,safe_name_40,Unsqueeze,2,1,1,False
185,crop_or_resize,59584,22,safe_name_41,Equal,2,1,1,False
185,crop_or_resize,59584,23,safe_name_42,Cast,1,1,0,False
185,crop_or_resize,59584,24,safe_name_43,ReduceSum,2,1,1,False
185,crop_or_resize,59584,25,safe_name_44,Unsqueeze,2,1,1,False
185,crop_or_resize,59584,26,safe_name_45,Equal,2,1,1,False
185,crop_or_resize,59584,27,safe_name_46,Cast,1,1,0,False
185,crop_or_resize,59584,28,safe_name_47,ReduceSum,2,1,1,False
185,crop_or_resize,59584,29,safe_name_48,Unsqueeze,2,1,1,False
185,crop_or_resize,59584,30,safe_name_49,Equal,2,1,1,False
185,crop_or_resize,59584,31,safe_name_50,Cast,1,1,0,False
185,crop_or_resize,59584,32,safe_name_51,ReduceSum,2,1,1,False
185,crop_or_resize,59584,33,safe_name_52,Unsqueeze,2,1,1,False
185,crop_or_resize,59584,34,safe_name_53,Equal,2,1,1,False
185,crop_or_resize,59584,35,safe_name_54,Cast,1,1,0,False
185,crop_or_resize,59584,36,safe_name_55,ReduceSum,2,1,1,False
185,crop_or_resize,59584,37,safe_name_56,Unsqueeze,2,1,1,False
185,crop_or_resize,59584,38,safe_name_57,Concat,9,1,1,False
185,crop_or_resize,59584,39,safe_name_58,ArgMax,1,1,1,False
185,crop_or_resize,59584,40,safe_name_59,Gather,2,1,1,True
185,crop_or_resize,59584,41,safe_name_60,Equal,2,1,1,False
185,crop_or_resize,59584,42,safe_name_61,Not,1,1,1,False
185,crop_or_resize,59584,43,safe_name_62,Equal,2,1,1,False
185,crop_or_resize,59584,44,safe_name_63,Not,1,1,1,False
185,crop_or_resize,59584,45,safe_name_64,And,2,1,1,False
185,crop_or_resize,59584,46,safe_name_65,Cast,1,1,1,False
185,crop_or_resize,59584,47,safe_name_66,ReduceSum,2,1,1,False
185,crop_or_resize,59584,48,safe_name_67,ReduceSum,2,1,1,False
185,crop_or_resize,59584,49,safe_name_68,Greater,2,1,1,False
185,crop_or_resize,59584,50,safe_name_69,Greater,2,1,1,False
185,crop_or_resize,59584,51,safe_name_70,Cast,1,1,1,False
185,crop_or_resize,59584,52,safe_name_71,CumSum,2,1,1,False
185,crop_or_resize,59584,53,safe_name_72,Cast,1,1,1,False
185,crop_or_resize,59584,54,safe_name_73,CumSum,2,1,1,False
185,crop_or_resize,59584,55,safe_name_74,Equal,2,1,1,False
185,crop_or_resize,59584,56,safe_name_75,And,2,1,1,False
185,crop_or_resize,59584,57,safe_name_76,Cast,1,1,1,False
185,crop_or_resize,59584,58,safe_name_77,Mul,2,1,1,False
185,crop_or_resize,59584,59,safe_name_78,ReduceSum,2,1,1,False
185,crop_or_resize,59584,60,safe_name_79,Equal,2,1,1,False
185,crop_or_resize,59584,61,safe_name_80,And,2,1,1,False
185,crop_or_resize,59584,62,safe_name_81,Cast,1,1,1,False
185,crop_or_resize,59584,63,safe_name_82,Mul,2,1,1,False
185,crop_or_resize,59584,64,safe_name_83,ReduceSum,2,1,1,False
185,crop_or_resize,59584,65,safe_name_84,Equal,2,1,1,False
185,crop_or_resize,59584,66,safe_name_85,And,2,1,1,False
185,crop_or_resize,59584,67,safe_name_86,Cast,1,1,1,False
185,crop_or_resize,59584,68,safe_name_87,Mul,2,1,1,False
185,crop_or_resize,59584,69,safe_name_88,ReduceSum,2,1,1,False
185,crop_or_resize,59584,70,safe_name_89,Equal,2,1,1,False
185,crop_or_resize,59584,71,safe_name_90,And,2,1,1,False
185,crop_or_resize,59584,72,safe_name_91,Cast,1,1,1,False
185,crop_or_resize,59584,73,safe_name_92,Mul,2,1,1,False
185,crop_or_resize,59584,74,safe_name_93,ReduceSum,2,1,1,False
185,crop_or_resize,59584,75,safe_name_94,Equal,2,1,1,False
185,crop_or_resize,59584,76,safe_name_95,And,2,1,1,False
185,crop_or_resize,59584,77,safe_name_96,Cast,1,1,1,False
185,crop_or_resize,59584,78,safe_name_97,Mul,2,1,1,False
185,crop_or_resize,59584,79,safe_name_98,ReduceSum,2,1,1,False
185,crop_or_resize,59584,80,safe_name_99,Equal,2,1,1,False
185,crop_or_resize,59584,81,safe_name_100,And,2,1,1,False
185,crop_or_resize,59584,82,safe_name_101,Cast,1,1,1,False
185,crop_or_resize,59584,83,safe_name_102,Mul,2,1,1,False
185,crop_or_resize,59584,84,safe_name_103,ReduceSum,2,1,1,False
185,crop_or_resize,59584,85,safe_name_104,Equal,2,1,1,False
185,crop_or_resize,59584,86,safe_name_105,And,2,1,1,False
185,crop_or_resize,59584,87,safe_name_106,Cast,1,1,1,False
185,crop_or_resize,59584,88,safe_name_107,Mul,2,1,1,False
185,crop_or_resize,59584,89,safe_name_108,ReduceSum,2,1,1,False
185,crop_or_resize,59584,90,safe_name_109,Equal,2,1,1,False
185,crop_or_resize,59584,91,safe_name_110,And,2,1,1,False
185,crop_or_resize,59584,92,safe_name_111,Cast,1,1,1,False
185,crop_or_resize,59584,93,safe_name_112,Mul,2,1,1,False
185,crop_or_resize,59584,94,safe_name_113,ReduceSum,2,1,1,False
185,crop_or_resize,59584,95,safe_name_114,Concat,4,1,1,False
185,crop_or_resize,59584,96,safe_name_115,Concat,4,1,1,False
185,crop_or_resize,59584,97,safe_name_116,Gather,2,1,1,True
185,crop_or_resize,59584,98,safe_name_117,Gather,2,1,1,True
185,crop_or_resize,59584,99,safe_name_118,Gather,2,1,1,True
185,crop_or_resize,59584,100,safe_name_119,Gather,2,1,1,True
185,crop_or_resize,59584,101,safe_name_120,Gather,2,1,1,True
185,crop_or_resize,59584,102,safe_name_121,Gather,2,1,1,True
185,crop_or_resize,59584,103,safe_name_122,Gather,2,1,1,True
185,crop_or_resize,59584,104,safe_name_123,Gather,2,1,1,True
185,crop_or_resize,59584,105,safe_name_124,Equal,2,1,1,False
185,crop_or_resize,59584,106,safe_name_125,Equal,2,1,1,False
185,crop_or_resize,59584,107,safe_name_126,And,2,1,1,False
185,crop_or_resize,59584,108,safe_name_127,Equal,2,1,1,False
185,crop_or_resize,59584,109,safe_name_128,And,2,1,1,False
185,crop_or_resize,59584,110,safe_name_129,Equal,2,1,1,False
185,crop_or_resize,59584,111,safe_name_130,Not,1,1,1,False
185,crop_or_resize,59584,112,safe_name_131,Equal,2,1,1,False
185,crop_or_resize,59584,113,safe_name_132,Not,1,1,1,False
185,crop_or_resize,59584,114,safe_name_133,And,2,1,1,False
185,crop_or_resize,59584,115,safe_name_134,And,2,1,1,False
185,crop_or_resize,59584,116,safe_name_135,Where,3,1,1,True
185,crop_or_resize,59584,117,safe_name_136,Gather,2,1,1,True
185,crop_or_resize,59584,118,safe_name_137,Gather,2,1,1,True
185,crop_or_resize,59584,119,safe_name_138,Equal,2,1,1,False
185,crop_or_resize,59584,120,safe_name_139,Equal,2,1,1,False
185,crop_or_resize,59584,121,safe_name_140,And,2,1,1,False
185,crop_or_resize,59584,122,safe_name_141,Equal,2,1,1,False
185,crop_or_resize,59584,123,safe_name_142,And,2,1,1,False
185,crop_or_resize,59584,124,safe_name_143,Equal,2,1,1,False
185,crop_or_resize,59584,125,safe_name_144,Not,1,1,1,False
185,crop_or_resize,59584,126,safe_name_145,Equal,2,1,1,False
185,crop_or_resize,59584,127,safe_name_146,Not,1,1,1,False
185,crop_or_resize,59584,128,safe_name_147,And,2,1,1,False
185,crop_or_resize,59584,129,safe_name_148,And,2,1,1,False
185,crop_or_resize,59584,130,safe_name_149,Where,3,1,1,True
185,crop_or_resize,59584,131,safe_name_150,Gather,2,1,1,True
185,crop_or_resize,59584,132,safe_name_151,Gather,2,1,1,True
185,crop_or_resize,59584,133,safe_name_152,Equal,2,1,1,False
185,crop_or_resize,59584,134,safe_name_153,Equal,2,1,1,False
185,crop_or_resize,59584,135,safe_name_154,And,2,1,1,False
185,crop_or_resize,59584,136,safe_name_155,Equal,2,1,1,False
185,crop_or_resize,59584,137,safe_name_156,And,2,1,1,False
185,crop_or_resize,59584,138,safe_name_157,Equal,2,1,1,False
185,crop_or_resize,59584,139,safe_name_158,Not,1,1,1,False
185,crop_or_resize,59584,140,safe_name_159,Equal,2,1,1,False
185,crop_or_resize,59584,141,safe_name_160,Not,1,1,1,False
185,crop_or_resize,59584,142,safe_name_161,And,2,1,1,False
185,crop_or_resize,59584,143,safe_name_162,And,2,1,1,False
185,crop_or_resize,59584,144,safe_name_163,Where,3,1,1,True
185,crop_or_resize,59584,145,safe_name_164,Gather,2,1,1,True
185,crop_or_resize,59584,146,safe_name_165,Gather,2,1,1,True
185,crop_or_resize,59584,147,safe_name_166,Gather,2,1,1,True
185,crop_or_resize,59584,148,safe_name_167,Equal,2,1,1,False
185,crop_or_resize,59584,149,safe_name_168,Equal,2,1,1,False
185,crop_or_resize,59584,150,safe_name_169,And,2,1,1,False
185,crop_or_resize,59584,151,safe_name_170,Equal,2,1,1,False
185,crop_or_resize,59584,152,safe_name_171,And,2,1,1,False
185,crop_or_resize,59584,153,safe_name_172,Equal,2,1,1,False
185,crop_or_resize,59584,154,safe_name_173,Not,1,1,1,False
185,crop_or_resize,59584,155,safe_name_174,Equal,2,1,1,False
185,crop_or_resize,59584,156,safe_name_175,Not,1,1,1,False
185,crop_or_resize,59584,157,safe_name_176,And,2,1,1,False
185,crop_or_resize,59584,158,safe_name_177,And,2,1,1,False
185,crop_or_resize,59584,159,safe_name_178,Where,3,1,1,True
185,crop_or_resize,59584,160,safe_name_179,Gather,2,1,1,True
185,crop_or_resize,59584,161,safe_name_180,Equal,2,1,1,False
185,crop_or_resize,59584,162,safe_name_181,Equal,2,1,1,False
185,crop_or_resize,59584,163,safe_name_182,And,2,1,1,False
185,crop_or_resize,59584,164,safe_name_183,Equal,2,1,1,False
185,crop_or_resize,59584,165,safe_name_184,And,2,1,1,False
185,crop_or_resize,59584,166,safe_name_185,Equal,2,1,1,False
185,crop_or_resize,59584,167,safe_name_186,Not,1,1,1,False
185,crop_or_resize,59584,168,safe_name_187,Equal,2,1,1,False
185,crop_or_resize,59584,169,safe_name_188,Not,1,1,1,False
185,crop_or_resize,59584,170,safe_name_189,And,2,1,1,False
185,crop_or_resize,59584,171,safe_name_190,And,2,1,1,False
185,crop_or_resize,59584,172,safe_name_191,Where,3,1,1,True
185,crop_or_resize,59584,173,safe_name_192,Gather,2,1,1,True
185,crop_or_resize,59584,174,safe_name_193,Equal,2,1,1,False
185,crop_or_resize,59584,175,safe_name_194,Equal,2,1,1,False
185,crop_or_resize,59584,176,safe_name_195,And,2,1,1,False
185,crop_or_resize,59584,177,safe_name_196,Equal,2,1,1,False
185,crop_or_resize,59584,178,safe_name_197,And,2,1,1,False
185,crop_or_resize,59584,179,safe_name_198,Equal,2,1,1,False
185,crop_or_resize,59584,180,safe_name_199,Not,1,1,1,False
185,crop_or_resize,59584,181,safe_name_200,Equal,2,1,1,False
185,crop_or_resize,59584,182,safe_name_201,Not,1,1,1,False
185,crop_or_resize,59584,183,safe_name_202,And,2,1,1,False
185,crop_or_resize,59584,184,safe_name_203,And,2,1,1,False
185,crop_or_resize,59584,185,safe_name_204,Where,3,1,1,True
185,crop_or_resize,59584,186,safe_name_205,Gather,2,1,1,True
185,crop_or_resize,59584,187,safe_name_206,Gather,2,1,1,True
185,crop_or_resize,59584,188,safe_name_207,Gather,2,1,1,True
185,crop_or_resize,59584,189,safe_name_208,Equal,2,1,1,False
185,crop_or_resize,59584,190,safe_name_209,Equal,2,1,1,False
185,crop_or_resize,59584,191,safe_name_210,And,2,1,1,False
185,crop_or_resize,59584,192,safe_name_211,Equal,2,1,1,False
185,crop_or_resize,59584,193,safe_name_212,And,2,1,1,False
185,crop_or_resize,59584,194,safe_name_213,Equal,2,1,1,False
185,crop_or_resize,59584,195,safe_name_214,Not,1,1,1,False
185,crop_or_resize,59584,196,safe_name_215,Equal,2,1,1,False
185,crop_or_resize,59584,197,safe_name_216,Not,1,1,1,False
185,crop_or_resize,59584,198,safe_name_217,And,2,1,1,False
185,crop_or_resize,59584,199,safe_name_218,And,2,1,1,False
185,crop_or_resize,59584,200,safe_name_219,Where,3,1,1,True
185,crop_or_resize,59584,201,safe_name_220,Gather,2,1,1,True
185,crop_or_resize,59584,202,safe_name_221,Equal,2,1,1,False
185,crop_or_resize,59584,203,safe_name_222,Equal,2,1,1,False
185,crop_or_resize,59584,204,safe_name_223,And,2,1,1,False
185,crop_or_resize,59584,205,safe_name_224,Equal,2,1,1,False
185,crop_or_resize,59584,206,safe_name_225,And,2,1,1,False
185,crop_or_resize,59584,207,safe_name_226,Equal,2,1,1,False
185,crop_or_resize,59584,208,safe_name_227,Not,1,1,1,False
185,crop_or_resize,59584,209,safe_name_228,Equal,2,1,1,False
185,crop_or_resize,59584,210,safe_name_229,Not,1,1,1,False
185,crop_or_resize,59584,211,safe_name_230,And,2,1,1,False
185,crop_or_resize,59584,212,safe_name_231,And,2,1,1,False
185,crop_or_resize,59584,213,safe_name_232,Where,3,1,1,True
185,crop_or_resize,59584,214,safe_name_233,Gather,2,1,1,True
185,crop_or_resize,59584,215,safe_name_234,Equal,2,1,1,False
185,crop_or_resize,59584,216,safe_name_235,Equal,2,1,1,False
185,crop_or_resize,59584,217,safe_name_236,And,2,1,1,False
185,crop_or_resize,59584,218,safe_name_237,Equal,2,1,1,False
185,crop_or_resize,59584,219,safe_name_238,And,2,1,1,False
185,crop_or_resize,59584,220,safe_name_239,Equal,2,1,1,False
185,crop_or_resize,59584,221,safe_name_240,Not,1,1,1,False
185,crop_or_resize,59584,222,safe_name_241,Equal,2,1,1,False
185,crop_or_resize,59584,223,safe_name_242,Not,1,1,1,False
185,crop_or_resize,59584,224,safe_name_243,And,2,1,1,False
185,crop_or_resize,59584,225,safe_name_244,And,2,1,1,False
185,crop_or_resize,59584,226,safe_name_245,Where,3,1,1,True
185,crop_or_resize,59584,227,safe_name_246,Unsqueeze,2,1,1,False
185,crop_or_resize,59584,228,safe_name_247,Unsqueeze,2,1,1,False
185,crop_or_resize,59584,229,safe_name_248,Unsqueeze,2,1,1,False
185,crop_or_resize,59584,230,safe_name_249,Unsqueeze,2,1,1,False
185,crop_or_resize,59584,231,safe_name_250,Unsqueeze,2,1,1,False
185,crop_or_resize,59584,232,safe_name_251,Unsqueeze,2,1,1,False
185,crop_or_resize,59584,233,safe_name_252,Unsqueeze,2,1,1,False
185,crop_or_resize,59584,234,safe_name_253,Unsqueeze,2,1,1,False
185,crop_or_resize,59584,235,safe_name_254,Unsqueeze,2,1,1,False
185,crop_or_resize,59584,236,safe_name_255,Concat,9,1,1,False
185,crop_or_resize,59584,237,safe_name_256,OneHot,3,1,1,False
185,crop_or_resize,59584,238,safe_name_257,Reshape,2,1,1,False
185,crop_or_resize,59584,239,safe_name_258,Transpose,1,1,1,False
185,crop_or_resize,59584,240,safe_name_259,Unsqueeze,2,1,1,False
185,crop_or_resize,59584,241,output,Pad,2,1,1,False
112,sparse_edit_or_object_completion,59270,0,safe_name_18,Cast,1,1,1,False
112,sparse_edit_or_object_completion,59270,1,safe_name_19,Slice,4,1,1,True
112,sparse_edit_or_object_completion,59270,2,safe_name_20,Slice,4,1,1,True
112,sparse_edit_or_object_completion,59270,3,safe_name_21,ReduceMax,1,1,1,False
112,sparse_edit_or_object_completion,59270,4,safe_name_22,ReduceMax,1,1,1,False
112,sparse_edit_or_object_completion,59270,5,safe_name_23,Mul,2,1,1,False
112,sparse_edit_or_object_completion,59270,6,safe_name_24,ReduceSum,1,1,1,False
112,sparse_edit_or_object_completion,59270,7,safe_name_25,Mul,2,1,1,False
112,sparse_edit_or_object_completion,59270,8,safe_name_26,ReduceSum,1,1,1,False
112,sparse_edit_or_object_completion,59270,9,safe_name_27,Sub,2,1,1,False
112,sparse_edit_or_object_completion,59270,10,safe_name_28,Sub,2,1,1,False
112,sparse_edit_or_object_completion,59270,11,safe_name_29,Less,2,1,1,False
112,sparse_edit_or_object_completion,59270,12,safe_name_30,Less,2,1,1,False
112,sparse_edit_or_object_completion,59270,13,safe_name_31,Cast,1,1,0,False
112,sparse_edit_or_object_completion,59270,14,safe_name_32,Sub,2,1,1,False
112,sparse_edit_or_object_completion,59270,15,safe_name_33,Where,3,1,1,True
112,sparse_edit_or_object_completion,59270,16,safe_name_34,Less,2,1,1,False
112,sparse_edit_or_object_completion,59270,17,safe_name_35,Less,2,1,1,False
112,sparse_edit_or_object_completion,59270,18,safe_name_36,Cast,1,1,0,False
112,sparse_edit_or_object_completion,59270,19,safe_name_37,Sub,2,1,1,False
112,sparse_edit_or_object_completion,59270,20,safe_name_38,Where,3,1,1,True
112,sparse_edit_or_object_completion,59270,21,safe_name_39,Max,2,1,1,False
112,sparse_edit_or_object_completion,59270,22,safe_name_40,Min,2,1,1,False
112,sparse_edit_or_object_completion,59270,23,safe_name_41,Max,2,1,1,False
112,sparse_edit_or_object_completion,59270,24,safe_name_42,Min,2,1,1,False
112,sparse_edit_or_object_completion,59270,25,safe_name_43,Cast,1,1,1,False
112,sparse_edit_or_object_completion,59270,26,safe_name_44,Cast,1,1,1,False
112,sparse_edit_or_object_completion,59270,27,safe_name_45,Reshape,2,1,1,False
112,sparse_edit_or_object_completion,59270,28,safe_name_46,Reshape,2,1,1,False
112,sparse_edit_or_object_completion,59270,29,safe_name_47,Gather,2,1,1,True
112,sparse_edit_or_object_completion,59270,30,safe_name_48,Gather,2,1,1,True
112,sparse_edit_or_object_completion,59270,31,safe_name_49,Gather,2,1,1,True
112,sparse_edit_or_object_completion,59270,32,safe_name_50,Mul,2,1,1,False
112,sparse_edit_or_object_completion,59270,33,safe_name_51,Mul,2,1,1,False
112,sparse_edit_or_object_completion,59270,34,safe_name_52,Mul,2,1,1,False
112,sparse_edit_or_object_completion,59270,35,safe_name_53,Mul,2,1,1,False
112,sparse_edit_or_object_completion,59270,36,safe_name_54,Max,4,1,1,False
112,sparse_edit_or_object_completion,59270,37,safe_name_55,Sub,2,1,1,False
112,sparse_edit_or_object_completion,59270,38,safe_name_56,Slice,4,1,1,True
112,sparse_edit_or_object_completion,59270,39,safe_name_57,Slice,4,1,1,True
112,sparse_edit_or_object_completion,59270,40,safe_name_58,Sum,2,1,1,False
112,sparse_edit_or_object_completion,59270,41,safe_name_59,Sub,2,1,1,False
112,sparse_edit_or_object_completion,59270,42,safe_name_60,Slice,4,1,1,True
112,sparse_edit_or_object_completion,59270,43,output,Concat,4,1,1,False
330,sparse_edit_or_object_completion,59024,0,safe_name_12,Slice,4,1,1,True
330,sparse_edit_or_object_completion,59024,1,safe_name_13,Slice,4,1,1,True
330,sparse_edit_or_object_completion,59024,2,safe_name_14,Greater,2,1,1,False
330,sparse_edit_or_object_completion,59024,3,safe_name_15,Where,3,1,1,True
330,sparse_edit_or_object_completion,59024,4,safe_name_16,MaxPool,1,1,1,True
330,sparse_edit_or_object_completion,59024,5,safe_name_17,Where,3,1,1,True
330,sparse_edit_or_object_completion,59024,6,safe_name_18,MaxPool,1,1,1,True
330,sparse_edit_or_object_completion,59024,7,safe_name_19,Where,3,1,1,True
330,sparse_edit_or_object_completion,59024,8,safe_name_20,MaxPool,1,1,1,True
330,sparse_edit_or_object_completion,59024,9,safe_name_21,Where,3,1,1,True
330,sparse_edit_or_object_completion,59024,10,safe_name_22,MaxPool,1,1,1,True
330,sparse_edit_or_object_completion,59024,11,safe_name_23,Where,3,1,1,True
330,sparse_edit_or_object_completion,59024,12,safe_name_24,Neg,1,1,1,False
330,sparse_edit_or_object_completion,59024,13,safe_name_25,Cast,1,1,1,False
330,sparse_edit_or_object_completion,59024,14,safe_name_26,Unsqueeze,2,1,1,False
330,sparse_edit_or_object_completion,59024,15,safe_name_27,ScatterND,3,1,1,True
330,sparse_edit_or_object_completion,59024,16,safe_name_28,Gather,2,1,1,True
330,sparse_edit_or_object_completion,59024,17,safe_name_29,Equal,2,1,1,False
330,sparse_edit_or_object_completion,59024,18,safe_name_30,Where,3,1,1,True
330,sparse_edit_or_object_completion,59024,19,safe_name_31,Where,3,1,1,True
330,sparse_edit_or_object_completion,59024,20,output,Concat,10,1,1,False
365,crop_or_resize,58814,0,safe_name_12,Cast,1,1,1,False
365,crop_or_resize,58814,1,safe_name_13,Gather,2,1,1,True
365,crop_or_resize,58814,2,safe_name_14,Gather,2,1,1,True
365,crop_or_resize,58814,3,safe_name_15,Gather,2,1,1,True
365,crop_or_resize,58814,4,safe_name_16,Gather,2,1,1,True
365,crop_or_resize,58814,5,safe_name_17,Gather,2,1,1,True
365,crop_or_resize,58814,6,safe_name_18,Gather,2,1,1,True
365,crop_or_resize,58814,7,safe_name_19,Gather,2,1,1,True
365,crop_or_resize,58814,8,safe_name_20,Gather,2,1,1,True
365,crop_or_resize,58814,9,safe_name_21,Gather,2,1,1,True
365,crop_or_resize,58814,10,safe_name_22,Cast,1,1,0,False
365,crop_or_resize,58814,11,safe_name_23,Cast,1,1,0,False
365,crop_or_resize,58814,12,safe_name_24,Cast,1,1,0,False
365,crop_or_resize,58814,13,safe_name_25,Sum,3,1,1,False
365,crop_or_resize,58814,14,safe_name_26,ReduceMax,1,1,1,False
365,crop_or_resize,58814,15,safe_name_27,Squeeze,1,1,1,False
365,crop_or_resize,58814,16,safe_name_28,Greater,2,1,1,False
365,crop_or_resize,58814,17,safe_name_29,Cast,1,1,1,False
365,crop_or_resize,58814,18,safe_name_30,ArgMax,1,1,1,False
365,crop_or_resize,58814,19,safe_name_31,Gather,2,1,1,True
365,crop_or_resize,58814,20,safe_name_32,ReduceMax,1,1,1,False
365,crop_or_resize,58814,21,safe_name_33,Squeeze,1,1,1,False
365,crop_or_resize,58814,22,safe_name_34,ArgMax,1,1,1,False
365,crop_or_resize,58814,23,safe_name_35,Gather,2,1,1,True
365,crop_or_resize,58814,24,safe_name_36,ReduceMax,1,1,1,False
365,crop_or_resize,58814,25,safe_name_37,Squeeze,1,1,1,False
365,crop_or_resize,58814,26,safe_name_38,Pad,3,1,1,False
365,crop_or_resize,58814,27,safe_name_39,Add,2,1,1,False
365,crop_or_resize,58814,28,safe_name_40,Gather,2,1,1,True
365,crop_or_resize,58814,29,safe_name_41,Less,2,1,1,False
365,crop_or_resize,58814,30,safe_name_42,Cast,1,1,1,False
365,crop_or_resize,58814,31,safe_name_43,CumSum,2,1,1,False
365,crop_or_resize,58814,32,safe_name_44,Cast,1,1,0,False
365,crop_or_resize,58814,33,safe_name_45,Less,2,1,1,False
365,crop_or_resize,58814,34,safe_name_46,Cast,1,1,0,False
365,crop_or_resize,58814,35,safe_name_47,ReduceSum,1,1,1,False
365,crop_or_resize,58814,36,safe_name_48,Cast,1,1,1,False
365,crop_or_resize,58814,37,safe_name_49,Pad,3,1,1,False
365,crop_or_resize,58814,38,safe_name_50,Add,2,1,1,False
365,crop_or_resize,58814,39,safe_name_51,Gather,2,1,1,True
365,crop_or_resize,58814,40,safe_name_52,Less,2,1,1,False
365,crop_or_resize,58814,41,safe_name_53,Cast,1,1,1,False
365,crop_or_resize,58814,42,safe_name_54,CumSum,2,1,1,False
365,crop_or_resize,58814,43,safe_name_55,Cast,1,1,0,False
365,crop_or_resize,58814,44,safe_name_56,Less,2,1,1,False
365,crop_or_resize,58814,45,safe_name_57,Cast,1,1,0,False
365,crop_or_resize,58814,46,safe_name_58,ReduceSum,1,1,1,False
365,crop_or_resize,58814,47,safe_name_59,Cast,1,1,1,False
365,crop_or_resize,58814,48,safe_name_60,Unsqueeze,1,1,1,False
365,crop_or_resize,58814,49,safe_name_61,Unsqueeze,1,1,1,False
365,crop_or_resize,58814,50,safe_name_62,Add,2,1,1,False
365,crop_or_resize,58814,51,safe_name_63,Less,2,1,1,False
365,crop_or_resize,58814,52,safe_name_64,Not,1,1,1,False
365,crop_or_resize,58814,53,safe_name_65,Less,2,1,1,False
365,crop_or_resize,58814,54,safe_name_66,And,2,1,1,False
365,crop_or_resize,58814,55,safe_name_67,Cast,1,1,0,False
365,crop_or_resize,58814,56,safe_name_68,Unsqueeze,1,1,1,False
365,crop_or_resize,58814,57,safe_name_69,Unsqueeze,1,1,1,False
365,crop_or_resize,58814,58,safe_name_70,Add,2,1,1,False
365,crop_or_resize,58814,59,safe_name_71,Less,2,1,1,False
365,crop_or_resize,58814,60,safe_name_72,Not,1,1,1,False
365,crop_or_resize,58814,61,safe_name_73,Less,2,1,1,False
365,crop_or_resize,58814,62,safe_name_74,And,2,1,1,False
365,crop_or_resize,58814,63,safe_name_75,Cast,1,1,0,False
365,crop_or_resize,58814,64,safe_name_76,Mul,2,1,1,False
365,crop_or_resize,58814,65,safe_name_77,Mul,2,1,1,False
365,crop_or_resize,58814,66,safe_name_78,ReduceSum,1,1,1,False
365,crop_or_resize,58814,67,safe_name_79,Sub,2,1,1,False
365,crop_or_resize,58814,68,safe_name_80,ReduceMax,1,1,1,False
365,crop_or_resize,58814,69,safe_name_81,Squeeze,1,1,1,False
365,crop_or_resize,58814,70,safe_name_82,Greater,2,1,1,False
365,crop_or_resize,58814,71,safe_name_83,Cast,1,1,1,False
365,crop_or_resize,58814,72,safe_name_84,ArgMax,1,1,1,False
365,crop_or_resize,58814,73,safe_name_85,Gather,2,1,1,True
365,crop_or_resize,58814,74,safe_name_86,ReduceMax,1,1,1,False
365,crop_or_resize,58814,75,safe_name_87,Squeeze,1,1,1,False
365,crop_or_resize,58814,76,safe_name_88,ArgMax,1,1,1,False
365,crop_or_resize,58814,77,safe_name_89,Gather,2,1,1,True
365,crop_or_resize,58814,78,safe_name_90,ReduceMax,1,1,1,False
365,crop_or_resize,58814,79,safe_name_91,Squeeze,1,1,1,False
365,crop_or_resize,58814,80,safe_name_92,Pad,3,1,1,False
365,crop_or_resize,58814,81,safe_name_93,Add,2,1,1,False
365,crop_or_resize,58814,82,safe_name_94,Gather,2,1,1,True
365,crop_or_resize,58814,83,safe_name_95,Less,2,1,1,False
365,crop_or_resize,58814,84,safe_name_96,Cast,1,1,1,False
365,crop_or_resize,58814,85,safe_name_97,CumSum,2,1,1,False
365,crop_or_resize,58814,86,safe_name_98,Cast,1,1,0,False
365,crop_or_resize,58814,87,safe_name_99,Less,2,1,1,False
365,crop_or_resize,58814,88,safe_name_100,Cast,1,1,0,False
365,crop_or_resize,58814,89,safe_name_101,ReduceSum,1,1,1,False
365,crop_or_resize,58814,90,safe_name_102,Cast,1,1,1,False
365,crop_or_resize,58814,91,safe_name_103,Pad,3,1,1,False
365,crop_or_resize,58814,92,safe_name_104,Add,2,1,1,False
365,crop_or_resize,58814,93,safe_name_105,Gather,2,1,1,True
365,crop_or_resize,58814,94,safe_name_106,Less,2,1,1,False
365,crop_or_resize,58814,95,safe_name_107,Cast,1,1,1,False
365,crop_or_resize,58814,96,safe_name_108,CumSum,2,1,1,False
365,crop_or_resize,58814,97,safe_name_109,Cast,1,1,0,False
365,crop_or_resize,58814,98,safe_name_110,Less,2,1,1,False
365,crop_or_resize,58814,99,safe_name_111,Cast,1,1,0,False
365,crop_or_resize,58814,100,safe_name_112,ReduceSum,1,1,1,False
365,crop_or_resize,58814,101,safe_name_113,Cast,1,1,1,False
365,crop_or_resize,58814,102,safe_name_114,Unsqueeze,1,1,1,False
365,crop_or_resize,58814,103,safe_name_115,Unsqueeze,1,1,1,False
365,crop_or_resize,58814,104,safe_name_116,Add,2,1,1,False
365,crop_or_resize,58814,105,safe_name_117,Less,2,1,1,False
365,crop_or_resize,58814,106,safe_name_118,Not,1,1,1,False
365,crop_or_resize,58814,107,safe_name_119,Less,2,1,1,False
365,crop_or_resize,58814,108,safe_name_120,And,2,1,1,False
365,crop_or_resize,58814,109,safe_name_121,Cast,1,1,0,False
365,crop_or_resize,58814,110,safe_name_122,Unsqueeze,1,1,1,False
365,crop_or_resize,58814,111,safe_name_123,Unsqueeze,1,1,1,False
365,crop_or_resize,58814,112,safe_name_124,Add,2,1,1,False
365,crop_or_resize,58814,113,safe_name_125,Less,2,1,1,False
365,crop_or_resize,58814,114,safe_name_126,Not,1,1,1,False
365,crop_or_resize,58814,115,safe_name_127,Less,2,1,1,False
365,crop_or_resize,58814,116,safe_name_128,And,2,1,1,False
365,crop_or_resize,58814,117,safe_name_129,Cast,1,1,0,False
365,crop_or_resize,58814,118,safe_name_130,Mul,2,1,1,False
365,crop_or_resize,58814,119,safe_name_131,Mul,2,1,1,False
365,crop_or_resize,58814,120,safe_name_132,ReduceSum,1,1,1,False
365,crop_or_resize,58814,121,safe_name_133,Sub,2,1,1,False
365,crop_or_resize,58814,122,safe_name_134,ReduceMax,1,1,1,False
365,crop_or_resize,58814,123,safe_name_135,Squeeze,1,1,1,False
365,crop_or_resize,58814,124,safe_name_136,Greater,2,1,1,False
365,crop_or_resize,58814,125,safe_name_137,Cast,1,1,1,False
365,crop_or_resize,58814,126,safe_name_138,ArgMax,1,1,1,False
365,crop_or_resize,58814,127,safe_name_139,Gather,2,1,1,True
365,crop_or_resize,58814,128,safe_name_140,ReduceMax,1,1,1,False
365,crop_or_resize,58814,129,safe_name_141,Squeeze,1,1,1,False
365,crop_or_resize,58814,130,safe_name_142,ArgMax,1,1,1,False
365,crop_or_resize,58814,131,safe_name_143,Gather,2,1,1,True
365,crop_or_resize,58814,132,safe_name_144,ReduceMax,1,1,1,False
365,crop_or_resize,58814,133,safe_name_145,Squeeze,1,1,1,False
365,crop_or_resize,58814,134,safe_name_146,Pad,3,1,1,False
365,crop_or_resize,58814,135,safe_name_147,Add,2,1,1,False
365,crop_or_resize,58814,136,safe_name_148,Gather,2,1,1,True
365,crop_or_resize,58814,137,safe_name_149,Less,2,1,1,False
365,crop_or_resize,58814,138,safe_name_150,Cast,1,1,1,False
365,crop_or_resize,58814,139,safe_name_151,CumSum,2,1,1,False
365,crop_or_resize,58814,140,safe_name_152,Cast,1,1,0,False
365,crop_or_resize,58814,141,safe_name_153,Less,2,1,1,False
365,crop_or_resize,58814,142,safe_name_154,Cast,1,1,0,False
365,crop_or_resize,58814,143,safe_name_155,ReduceSum,1,1,1,False
365,crop_or_resize,58814,144,safe_name_156,Cast,1,1,1,False
365,crop_or_resize,58814,145,safe_name_157,Pad,3,1,1,False
365,crop_or_resize,58814,146,safe_name_158,Add,2,1,1,False
365,crop_or_resize,58814,147,safe_name_159,Gather,2,1,1,True
365,crop_or_resize,58814,148,safe_name_160,Less,2,1,1,False
365,crop_or_resize,58814,149,safe_name_161,Cast,1,1,1,False
365,crop_or_resize,58814,150,safe_name_162,CumSum,2,1,1,False
365,crop_or_resize,58814,151,safe_name_163,Cast,1,1,0,False
365,crop_or_resize,58814,152,safe_name_164,Less,2,1,1,False
365,crop_or_resize,58814,153,safe_name_165,Cast,1,1,0,False
365,crop_or_resize,58814,154,safe_name_166,ReduceSum,1,1,1,False
365,crop_or_resize,58814,155,safe_name_167,Cast,1,1,1,False
365,crop_or_resize,58814,156,safe_name_168,Unsqueeze,1,1,1,False
365,crop_or_resize,58814,157,safe_name_169,Unsqueeze,1,1,1,False
365,crop_or_resize,58814,158,safe_name_170,Add,2,1,1,False
365,crop_or_resize,58814,159,safe_name_171,Less,2,1,1,False
365,crop_or_resize,58814,160,safe_name_172,Not,1,1,1,False
365,crop_or_resize,58814,161,safe_name_173,Less,2,1,1,False
365,crop_or_resize,58814,162,safe_name_174,And,2,1,1,False
365,crop_or_resize,58814,163,safe_name_175,Cast,1,1,0,False
365,crop_or_resize,58814,164,safe_name_176,Unsqueeze,1,1,1,False
365,crop_or_resize,58814,165,safe_name_177,Unsqueeze,1,1,1,False
365,crop_or_resize,58814,166,safe_name_178,Add,2,1,1,False
365,crop_or_resize,58814,167,safe_name_179,Less,2,1,1,False
365,crop_or_resize,58814,168,safe_name_180,Not,1,1,1,False
365,crop_or_resize,58814,169,safe_name_181,Less,2,1,1,False
365,crop_or_resize,58814,170,safe_name_182,And,2,1,1,False
365,crop_or_resize,58814,171,safe_name_183,Cast,1,1,0,False
365,crop_or_resize,58814,172,safe_name_184,Mul,2,1,1,False
365,crop_or_resize,58814,173,safe_name_185,Mul,2,1,1,False
365,crop_or_resize,58814,174,safe_name_186,ReduceSum,1,1,1,False
365,crop_or_resize,58814,175,safe_name_187,Concat,3,1,1,False
365,crop_or_resize,58814,176,safe_name_188,ReduceMax,1,1,1,False
365,crop_or_resize,58814,177,safe_name_189,Sub,2,1,1,False
365,crop_or_resize,58814,178,safe_name_190,Greater,2,1,1,False
365,crop_or_resize,58814,179,safe_name_191,Cast,1,1,1,False
365,crop_or_resize,58814,180,safe_name_192,Split,1,3,1,False
365,crop_or_resize,58814,181,safe_name_195,Mul,2,1,1,False
365,crop_or_resize,58814,182,safe_name_196,Mul,2,1,1,False
365,crop_or_resize,58814,183,safe_name_197,Mul,2,1,1,False
365,crop_or_resize,58814,184,safe_name_198,Sum,3,1,1,False
365,crop_or_resize,58814,185,safe_name_199,ReduceMax,1,1,1,False
365,crop_or_resize,58814,186,safe_name_200,Squeeze,1,1,1,False
365,crop_or_resize,58814,187,safe_name_201,Greater,2,1,1,False
365,crop_or_resize,58814,188,safe_name_202,Cast,1,1,0,False
365,crop_or_resize,58814,189,safe_name_203,ArgMax,1,1,1,False
365,crop_or_resize,58814,190,safe_name_204,Pad,3,1,1,False
365,crop_or_resize,58814,191,safe_name_205,Add,2,1,1,False
365,crop_or_resize,58814,192,safe_name_206,Gather,2,1,1,True
365,crop_or_resize,58814,193,safe_name_207,Less,2,1,1,False
365,crop_or_resize,58814,194,safe_name_208,Cast,1,1,1,False
365,crop_or_resize,58814,195,safe_name_209,CumSum,2,1,1,False
365,crop_or_resize,58814,196,safe_name_210,Cast,1,1,0,False
365,crop_or_resize,58814,197,safe_name_211,Less,2,1,1,False
365,crop_or_resize,58814,198,safe_name_212,Cast,1,1,0,False
365,crop_or_resize,58814,199,safe_name_213,ReduceSum,1,1,1,False
365,crop_or_resize,58814,200,safe_name_214,Cast,1,1,1,False
365,crop_or_resize,58814,201,safe_name_215,ReduceMax,1,1,1,False
365,crop_or_resize,58814,202,safe_name_216,Squeeze,1,1,1,False
365,crop_or_resize,58814,203,safe_name_217,Greater,2,1,1,False
365,crop_or_resize,58814,204,safe_name_218,Cast,1,1,0,False
365,crop_or_resize,58814,205,safe_name_219,ArgMax,1,1,1,False
365,crop_or_resize,58814,206,safe_name_220,Pad,3,1,1,False
365,crop_or_resize,58814,207,safe_name_221,Add,2,1,1,False
365,crop_or_resize,58814,208,safe_name_222,Gather,2,1,1,True
365,crop_or_resize,58814,209,safe_name_223,Less,2,1,1,False
365,crop_or_resize,58814,210,safe_name_224,Cast,1,1,1,False
365,crop_or_resize,58814,211,safe_name_225,CumSum,2,1,1,False
365,crop_or_resize,58814,212,safe_name_226,Cast,1,1,0,False
365,crop_or_resize,58814,213,safe_name_227,Less,2,1,1,False
365,crop_or_resize,58814,214,safe_name_228,Cast,1,1,0,False
365,crop_or_resize,58814,215,safe_name_229,ReduceSum,1,1,1,False
365,crop_or_resize,58814,216,safe_name_230,Cast,1,1,1,False
365,crop_or_resize,58814,217,safe_name_231,Add,2,1,1,False
365,crop_or_resize,58814,218,safe_name_232,Add,2,1,1,False
365,crop_or_resize,58814,219,safe_name_233,Less,2,1,1,False
365,crop_or_resize,58814,220,safe_name_234,Less,2,1,1,False
365,crop_or_resize,58814,221,safe_name_235,Unsqueeze,1,1,1,False
365,crop_or_resize,58814,222,safe_name_236,Cast,1,1,0,False
365,crop_or_resize,58814,223,safe_name_237,Unsqueeze,1,1,1,False
365,crop_or_resize,58814,224,safe_name_238,Cast,1,1,0,False
365,crop_or_resize,58814,225,safe_name_239,Mul,2,1,1,False
365,crop_or_resize,58814,226,safe_name_240,Greater,2,1,1,False
365,crop_or_resize,58814,227,safe_name_241,Where,3,1,1,True
365,crop_or_resize,58814,228,safe_name_242,Gather,2,1,1,True
365,crop_or_resize,58814,229,safe_name_243,Greater,2,1,1,False
365,crop_or_resize,58814,230,safe_name_244,Where,3,1,1,True
365,crop_or_resize,58814,231,safe_name_245,Gather,2,1,1,True
365,crop_or_resize,58814,232,safe_name_246,Cast,1,1,0,False
365,crop_or_resize,58814,233,output,Mul,2,1,1,False
222,crop_or_resize,58035,0,safe_name_11,Slice,5,1,1,True
222,crop_or_resize,58035,1,safe_name_12,Cast,1,1,0,False
222,crop_or_resize,58035,2,safe_name_13,Conv,2,1,1,True
222,crop_or_resize,58035,3,safe_name_14,Greater,2,1,1,False
222,crop_or_resize,58035,4,safe_name_15,Cast,1,1,0,False
222,crop_or_resize,58035,5,safe_name_16,ReduceSum,1,1,1,False
222,crop_or_resize,58035,6,safe_name_17,Mul,2,1,1,False
222,crop_or_resize,58035,7,safe_name_18,ReduceMax,1,1,1,False
222,crop_or_resize,58035,8,safe_name_19,Sum,2,1,1,False
222,crop_or_resize,58035,9,safe_name_20,Greater,2,1,1,False
222,crop_or_resize,58035,10,safe_name_21,Cast,1,1,0,False
222,crop_or_resize,58035,11,safe_name_22,Mul,2,1,1,False
222,crop_or_resize,58035,12,safe_name_23,Conv,2,1,1,True
222,crop_or_resize,58035,13,safe_name_24,Greater,2,1,1,False
222,crop_or_resize,58035,14,safe_name_25,Where,3,1,1,True
222,crop_or_resize,58035,15,safe_name_26,ReduceSum,1,1,1,False
222,crop_or_resize,58035,16,safe_name_27,ReduceSum,1,1,1,False
222,crop_or_resize,58035,17,safe_name_28,Sub,2,1,1,False
222,crop_or_resize,58035,18,safe_name_29,Mul,2,1,1,False
222,crop_or_resize,58035,19,safe_name_30,Sum,2,1,1,False
222,crop_or_resize,58035,20,output,Pad,3,1,1,False
221,crop_or_resize,55869,0,safe_name_26,Slice,5,1,1,True
221,crop_or_resize,55869,1,safe_name_27,Cast,1,1,0,False
221,crop_or_resize,55869,2,safe_name_28,Slice,5,1,1,True
221,crop_or_resize,55869,3,safe_name_29,Cast,1,1,0,False
221,crop_or_resize,55869,4,safe_name_30,ReduceSum,1,1,1,False
221,crop_or_resize,55869,5,safe_name_31,Cast,1,1,1,False
221,crop_or_resize,55869,6,safe_name_32,Equal,2,1,1,False
221,crop_or_resize,55869,7,safe_name_33,Where,3,1,1,True
221,crop_or_resize,55869,8,safe_name_34,Equal,2,1,1,False
221,crop_or_resize,55869,9,safe_name_35,Where,3,1,1,True
221,crop_or_resize,55869,10,safe_name_36,Equal,2,1,1,False
221,crop_or_resize,55869,11,safe_name_37,Where,3,1,1,True
221,crop_or_resize,55869,12,safe_name_38,Equal,2,1,1,False
221,crop_or_resize,55869,13,safe_name_39,Where,3,1,1,True
221,crop_or_resize,55869,14,safe_name_40,Equal,2,1,1,False
221,crop_or_resize,55869,15,safe_name_41,Where,3,1,1,True
221,crop_or_resize,55869,16,safe_name_42,Sum,5,1,1,False
221,crop_or_resize,55869,17,safe_name_43,ConvTranspose,2,1,1,False
221,crop_or_resize,55869,18,safe_name_44,Where,3,1,1,True
221,crop_or_resize,55869,19,safe_name_45,Where,3,1,1,True
221,crop_or_resize,55869,20,safe_name_46,Where,3,1,1,True
221,crop_or_resize,55869,21,safe_name_47,Where,3,1,1,True
221,crop_or_resize,55869,22,safe_name_48,Where,3,1,1,True
221,crop_or_resize,55869,23,safe_name_49,Sum,5,1,1,False
221,crop_or_resize,55869,24,safe_name_50,Slice,5,1,1,True
221,crop_or_resize,55869,25,safe_name_51,ReduceSum,1,1,1,False
221,crop_or_resize,55869,26,safe_name_52,Sub,2,1,1,False
221,crop_or_resize,55869,27,output,Concat,2,1,1,False
97,sparse_edit_or_object_completion,55812,0,safe_name_1,ReduceSum,1,1,1,False
97,sparse_edit_or_object_completion,55812,1,safe_name_2,Cast,1,1,0,False
97,sparse_edit_or_object_completion,55812,2,safe_name_3,Slice,1,1,1,True
97,sparse_edit_or_object_completion,55812,3,safe_name_4,Cast,1,1,0,False
97,sparse_edit_or_object_completion,55812,4,safe_name_5,Sub,2,1,1,False
97,sparse_edit_or_object_completion,55812,5,safe_name_6,Conv,2,1,1,True
97,sparse_edit_or_object_completion,55812,6,safe_name_7,Constant,0,1,0,False
97,sparse_edit_or_object_completion,55812,7,safe_name_8,Greater,2,1,1,False
97,sparse_edit_or_object_completion,55812,8,safe_name_9,Greater,2,1,1,False
97,sparse_edit_or_object_completion,55812,9,safe_name_10,Cast,1,1,1,False
97,sparse_edit_or_object_completion,55812,10,safe_name_11,Sub,2,1,1,False
97,sparse_edit_or_object_completion,55812,11,safe_name_12,Concat,10,1,1,False
97,sparse_edit_or_object_completion,55812,12,safe_name_13,Cast,1,1,0,False
97,sparse_edit_or_object_completion,55812,13,output,Where,3,1,1,True
33,sparse_edit_or_object_completion,55161,0,safe_name_6,Cast,1,1,0,False
33,sparse_edit_or_object_completion,55161,1,safe_name_7,Mul,2,1,1,False
33,sparse_edit_or_object_completion,55161,2,safe_name_8,ReduceSum,1,1,1,False
33,sparse_edit_or_object_completion,55161,3,safe_name_9,Gather,2,1,1,True
33,sparse_edit_or_object_completion,55161,4,safe_name_10,Gather,2,1,1,True
33,sparse_edit_or_object_completion,55161,5,safe_name_11,Pad,1,1,1,False
33,sparse_edit_or_object_completion,55161,6,safe_name_12,Gather,2,1,1,True
33,sparse_edit_or_object_completion,55161,7,safe_name_13,Gather,2,1,1,True
33,sparse_edit_or_object_completion,55161,8,safe_name_14,Sub,2,1,1,False
33,sparse_edit_or_object_completion,55161,9,safe_name_15,Mul,2,1,1,False
33,sparse_edit_or_object_completion,55161,10,safe_name_16,Gather,2,1,1,True
33,sparse_edit_or_object_completion,55161,11,safe_name_17,ReduceMax,1,1,1,False
33,sparse_edit_or_object_completion,55161,12,safe_name_18,Greater,2,1,1,False
33,sparse_edit_or_object_completion,55161,13,safe_name_19,Cast,1,1,1,False
33,sparse_edit_or_object_completion,55161,14,safe_name_20,Cast,1,1,1,False
33,sparse_edit_or_object_completion,55161,15,output,Where,3,1,1,True
4,sparse_edit_or_object_completion,55020,0,safe_name_4,Cast,1,1,0,False
4,sparse_edit_or_object_completion,55020,1,safe_name_5,Conv,3,1,1,True
4,sparse_edit_or_object_completion,55020,2,safe_name_6,Relu,1,1,1,False
4,sparse_edit_or_object_completion,55020,3,output,Conv,3,1,1,True
363,sparse_edit_or_object_completion,54241,0,safe_name_18,Slice,5,1,1,True
363,sparse_edit_or_object_completion,54241,1,safe_name_19,Slice,5,1,1,True
363,sparse_edit_or_object_completion,54241,2,safe_name_20,Slice,5,1,1,True
363,sparse_edit_or_object_completion,54241,3,safe_name_21,Concat,2,1,1,False
363,sparse_edit_or_object_completion,54241,4,safe_name_22,Flatten,1,1,1,False
363,sparse_edit_or_object_completion,54241,5,safe_name_23,MatMul,2,1,1,True
363,sparse_edit_or_object_completion,54241,6,safe_name_24,Unsqueeze,1,1,1,False
363,sparse_edit_or_object_completion,54241,7,safe_name_25,Sub,2,1,1,False
363,sparse_edit_or_object_completion,54241,8,safe_name_26,Mul,2,1,1,False
363,sparse_edit_or_object_completion,54241,9,safe_name_27,ReduceSum,1,1,1,False
363,sparse_edit_or_object_completion,54241,10,safe_name_28,Less,2,1,1,False
363,sparse_edit_or_object_completion,54241,11,safe_name_29,Cast,1,1,1,False
363,sparse_edit_or_object_completion,54241,12,safe_name_30,MatMul,2,1,1,True
363,sparse_edit_or_object_completion,54241,13,safe_name_31,Reshape,2,1,1,False
363,sparse_edit_or_object_completion,54241,14,safe_name_32,Div,2,1,1,False
363,sparse_edit_or_object_completion,54241,15,safe_name_33,Floor,1,1,1,False
363,sparse_edit_or_object_completion,54241,16,safe_name_34,Div,2,1,1,False
363,sparse_edit_or_object_completion,54241,17,safe_name_35,Floor,1,1,1,False
363,sparse_edit_or_object_completion,54241,18,safe_name_36,Mul,2,1,1,False
363,sparse_edit_or_object_completion,54241,19,safe_name_37,Sub,2,1,1,False
363,sparse_edit_or_object_completion,54241,20,safe_name_38,Concat,2,1,1,False
363,sparse_edit_or_object_completion,54241,21,safe_name_39,Concat,2,1,1,False
363,sparse_edit_or_object_completion,54241,22,safe_name_40,Sub,2,1,1,False
363,sparse_edit_or_object_completion,54241,23,safe_name_41,Mul,2,1,1,False
363,sparse_edit_or_object_completion,54241,24,safe_name_42,Add,2,1,1,False
363,sparse_edit_or_object_completion,54241,25,output,Concat,10,1,1,False
193,sparse_edit_or_object_completion,53661,0,safe_name_12,Slice,5,1,1,True
193,sparse_edit_or_object_completion,53661,1,safe_name_13,Cast,1,1,0,False
193,sparse_edit_or_object_completion,53661,2,safe_name_14,Conv,2,1,1,True
193,sparse_edit_or_object_completion,53661,3,safe_name_15,Conv,2,1,1,True
193,sparse_edit_or_object_completion,53661,4,safe_name_16,Greater,2,1,1,False
193,sparse_edit_or_object_completion,53661,5,safe_name_17,Cast,1,1,0,False
193,sparse_edit_or_object_completion,53661,6,safe_name_18,Conv,2,1,1,True
193,sparse_edit_or_object_completion,53661,7,safe_name_19,Greater,2,1,1,False
193,sparse_edit_or_object_completion,53661,8,safe_name_20,Conv,2,1,1,True
193,sparse_edit_or_object_completion,53661,9,safe_name_21,Where,3,1,1,True
193,sparse_edit_or_object_completion,53661,10,safe_name_22,Mul,2,1,1,False
193,sparse_edit_or_object_completion,53661,11,safe_name_23,Where,3,1,1,True
193,sparse_edit_or_object_completion,53661,12,safe_name_24,Sum,2,1,1,False
193,sparse_edit_or_object_completion,53661,13,output,Pad,3,1,1,False
174,crop_or_resize,52019,0,safe_name_24,Slice,4,1,1,True
174,crop_or_resize,52019,1,safe_name_25,Gather,2,1,1,True
174,crop_or_resize,52019,2,safe_name_26,Split,1,9,1,False
174,crop_or_resize,52019,3,safe_name_35,ReduceMax,1,1,1,False
174,crop_or_resize,52019,4,safe_name_36,Greater,2,1,1,False
174,crop_or_resize,52019,5,safe_name_37,Reshape,2,1,1,False
174,crop_or_resize,52019,6,safe_name_38,Unsqueeze,1,1,1,False
174,crop_or_resize,52019,7,safe_name_39,Cast,1,1,1,False
174,crop_or_resize,52019,8,safe_name_40,ArgMax,1,1,1,False
174,crop_or_resize,52019,9,safe_name_41,Squeeze,1,1,1,False
174,crop_or_resize,52019,10,safe_name_42,Add,2,1,1,False
174,crop_or_resize,52019,11,safe_name_43,Gather,2,1,1,True
174,crop_or_resize,52019,12,safe_name_44,ArgMax,1,1,1,False
174,crop_or_resize,52019,13,safe_name_45,Sub,2,1,1,False
174,crop_or_resize,52019,14,safe_name_46,Sub,2,1,1,False
174,crop_or_resize,52019,15,safe_name_47,Squeeze,1,1,1,False
174,crop_or_resize,52019,16,safe_name_48,Less,2,1,1,False
174,crop_or_resize,52019,17,safe_name_49,Unsqueeze,1,1,1,False
174,crop_or_resize,52019,18,safe_name_50,Cast,1,1,1,False
174,crop_or_resize,52019,19,safe_name_51,ReduceMax,1,1,1,False
174,crop_or_resize,52019,20,safe_name_52,Greater,2,1,1,False
174,crop_or_resize,52019,21,safe_name_53,Reshape,2,1,1,False
174,crop_or_resize,52019,22,safe_name_54,Unsqueeze,1,1,1,False
174,crop_or_resize,52019,23,safe_name_55,Cast,1,1,1,False
174,crop_or_resize,52019,24,safe_name_56,ArgMax,1,1,1,False
174,crop_or_resize,52019,25,safe_name_57,Squeeze,1,1,1,False
174,crop_or_resize,52019,26,safe_name_58,Add,2,1,1,False
174,crop_or_resize,52019,27,safe_name_59,Gather,2,1,1,True
174,crop_or_resize,52019,28,safe_name_60,ArgMax,1,1,1,False
174,crop_or_resize,52019,29,safe_name_61,Sub,2,1,1,False
174,crop_or_resize,52019,30,safe_name_62,Sub,2,1,1,False
174,crop_or_resize,52019,31,safe_name_63,Squeeze,1,1,1,False
174,crop_or_resize,52019,32,safe_name_64,Less,2,1,1,False
174,crop_or_resize,52019,33,safe_name_65,Unsqueeze,1,1,1,False
174,crop_or_resize,52019,34,safe_name_66,Cast,1,1,1,False
174,crop_or_resize,52019,35,safe_name_67,Mul,2,1,1,False
174,crop_or_resize,52019,36,safe_name_68,Greater,2,1,1,False
174,crop_or_resize,52019,37,safe_name_69,Where,3,1,1,True
174,crop_or_resize,52019,38,safe_name_70,Gather,2,1,1,True
174,crop_or_resize,52019,39,safe_name_71,Greater,2,1,1,False
174,crop_or_resize,52019,40,safe_name_72,Where,3,1,1,True
174,crop_or_resize,52019,41,safe_name_73,Gather,2,1,1,True
174,crop_or_resize,52019,42,safe_name_74,Mul,2,1,1,False
174,crop_or_resize,52019,43,safe_name_75,Gather,2,1,1,True
174,crop_or_resize,52019,44,safe_name_76,Less,2,1,1,False
174,crop_or_resize,52019,45,safe_name_77,Unsqueeze,1,1,1,False
174,crop_or_resize,52019,46,safe_name_78,Equal,2,1,1,False
174,crop_or_resize,52019,47,safe_name_79,Equal,2,1,1,False
174,crop_or_resize,52019,48,safe_name_80,Gather,2,1,1,True
174,crop_or_resize,52019,49,safe_name_81,Gather,2,1,1,True
174,crop_or_resize,52019,50,safe_name_82,Sub,2,1,1,False
174,crop_or_resize,52019,51,safe_name_83,Mul,2,1,1,False
174,crop_or_resize,52019,52,safe_name_84,Where,3,1,1,True
174,crop_or_resize,52019,53,safe_name_85,ReduceSum,1,1,1,False
174,crop_or_resize,52019,54,safe_name_86,Less,2,1,1,False
174,crop_or_resize,52019,55,safe_name_87,And,2,1,1,False
174,crop_or_resize,52019,56,safe_name_88,Equal,2,1,1,False
174,crop_or_resize,52019,57,safe_name_89,Gather,2,1,1,True
174,crop_or_resize,52019,58,safe_name_90,Sub,2,1,1,False
174,crop_or_resize,52019,59,safe_name_91,Mul,2,1,1,False
174,crop_or_resize,52019,60,safe_name_92,Where,3,1,1,True
174,crop_or_resize,52019,61,safe_name_93,ReduceSum,1,1,1,False
174,crop_or_resize,52019,62,safe_name_94,Less,2,1,1,False
174,crop_or_resize,52019,63,safe_name_95,And,2,1,1,False
174,crop_or_resize,52019,64,safe_name_96,Equal,2,1,1,False
174,crop_or_resize,52019,65,safe_name_97,Gather,2,1,1,True
174,crop_or_resize,52019,66,safe_name_98,Gather,2,1,1,True
174,crop_or_resize,52019,67,safe_name_99,Sub,2,1,1,False
174,crop_or_resize,52019,68,safe_name_100,Mul,2,1,1,False
174,crop_or_resize,52019,69,safe_name_101,Where,3,1,1,True
174,crop_or_resize,52019,70,safe_name_102,ReduceSum,1,1,1,False
174,crop_or_resize,52019,71,safe_name_103,Less,2,1,1,False
174,crop_or_resize,52019,72,safe_name_104,And,2,1,1,False
174,crop_or_resize,52019,73,safe_name_105,Equal,2,1,1,False
174,crop_or_resize,52019,74,safe_name_106,Gather,2,1,1,True
174,crop_or_resize,52019,75,safe_name_107,Sub,2,1,1,False
174,crop_or_resize,52019,76,safe_name_108,Mul,2,1,1,False
174,crop_or_resize,52019,77,safe_name_109,Where,3,1,1,True
174,crop_or_resize,52019,78,safe_name_110,ReduceSum,1,1,1,False
174,crop_or_resize,52019,79,safe_name_111,Less,2,1,1,False
174,crop_or_resize,52019,80,safe_name_112,And,2,1,1,False
174,crop_or_resize,52019,81,safe_name_113,Or,2,1,1,False
174,crop_or_resize,52019,82,safe_name_114,Or,2,1,1,False
174,crop_or_resize,52019,83,safe_name_115,Or,2,1,1,False
174,crop_or_resize,52019,84,safe_name_116,Or,2,1,1,False
174,crop_or_resize,52019,85,safe_name_117,Unsqueeze,1,1,1,False
174,crop_or_resize,52019,86,safe_name_118,Cast,1,1,1,False
174,crop_or_resize,52019,87,safe_name_119,ReduceMax,1,1,1,False
174,crop_or_resize,52019,88,safe_name_120,Greater,2,1,1,False
174,crop_or_resize,52019,89,safe_name_121,Reshape,2,1,1,False
174,crop_or_resize,52019,90,safe_name_122,Unsqueeze,1,1,1,False
174,crop_or_resize,52019,91,safe_name_123,Cast,1,1,1,False
174,crop_or_resize,52019,92,safe_name_124,ArgMax,1,1,1,False
174,crop_or_resize,52019,93,safe_name_125,Squeeze,1,1,1,False
174,crop_or_resize,52019,94,safe_name_126,Add,2,1,1,False
174,crop_or_resize,52019,95,safe_name_127,Gather,2,1,1,True
174,crop_or_resize,52019,96,safe_name_128,ArgMax,1,1,1,False
174,crop_or_resize,52019,97,safe_name_129,Sub,2,1,1,False
174,crop_or_resize,52019,98,safe_name_130,Sub,2,1,1,False
174,crop_or_resize,52019,99,safe_name_131,Squeeze,1,1,1,False
174,crop_or_resize,52019,100,safe_name_132,Less,2,1,1,False
174,crop_or_resize,52019,101,safe_name_133,Unsqueeze,1,1,1,False
174,crop_or_resize,52019,102,safe_name_134,Cast,1,1,1,False
174,crop_or_resize,52019,103,safe_name_135,ReduceMax,1,1,1,False
174,crop_or_resize,52019,104,safe_name_136,Greater,2,1,1,False
174,crop_or_resize,52019,105,safe_name_137,Reshape,2,1,1,False
174,crop_or_resize,52019,106,safe_name_138,Unsqueeze,1,1,1,False
174,crop_or_resize,52019,107,safe_name_139,Cast,1,1,1,False
174,crop_or_resize,52019,108,safe_name_140,ArgMax,1,1,1,False
174,crop_or_resize,52019,109,safe_name_141,Squeeze,1,1,1,False
174,crop_or_resize,52019,110,safe_name_142,Add,2,1,1,False
174,crop_or_resize,52019,111,safe_name_143,Gather,2,1,1,True
174,crop_or_resize,52019,112,safe_name_144,ArgMax,1,1,1,False
174,crop_or_resize,52019,113,safe_name_145,Sub,2,1,1,False
174,crop_or_resize,52019,114,safe_name_146,Sub,2,1,1,False
174,crop_or_resize,52019,115,safe_name_147,Squeeze,1,1,1,False
174,crop_or_resize,52019,116,safe_name_148,Less,2,1,1,False
174,crop_or_resize,52019,117,safe_name_149,Unsqueeze,1,1,1,False
174,crop_or_resize,52019,118,safe_name_150,Cast,1,1,1,False
174,crop_or_resize,52019,119,safe_name_151,Mul,2,1,1,False
174,crop_or_resize,52019,120,safe_name_152,Greater,2,1,1,False
174,crop_or_resize,52019,121,safe_name_153,Where,3,1,1,True
174,crop_or_resize,52019,122,safe_name_154,Gather,2,1,1,True
174,crop_or_resize,52019,123,safe_name_155,Greater,2,1,1,False
174,crop_or_resize,52019,124,safe_name_156,Where,3,1,1,True
174,crop_or_resize,52019,125,safe_name_157,Gather,2,1,1,True
174,crop_or_resize,52019,126,safe_name_158,Mul,2,1,1,False
174,crop_or_resize,52019,127,safe_name_159,Gather,2,1,1,True
174,crop_or_resize,52019,128,safe_name_160,Less,2,1,1,False
174,crop_or_resize,52019,129,safe_name_161,Unsqueeze,1,1,1,False
174,crop_or_resize,52019,130,safe_name_162,Equal,2,1,1,False
174,crop_or_resize,52019,131,safe_name_163,Equal,2,1,1,False
174,crop_or_resize,52019,132,safe_name_164,Gather,2,1,1,True
174,crop_or_resize,52019,133,safe_name_165,Gather,2,1,1,True
174,crop_or_resize,52019,134,safe_name_166,Sub,2,1,1,False
174,crop_or_resize,52019,135,safe_name_167,Mul,2,1,1,False
174,crop_or_resize,52019,136,safe_name_168,Where,3,1,1,True
174,crop_or_resize,52019,137,safe_name_169,ReduceSum,1,1,1,False
174,crop_or_resize,52019,138,safe_name_170,Less,2,1,1,False
174,crop_or_resize,52019,139,safe_name_171,And,2,1,1,False
174,crop_or_resize,52019,140,safe_name_172,Equal,2,1,1,False
174,crop_or_resize,52019,141,safe_name_173,Gather,2,1,1,True
174,crop_or_resize,52019,142,safe_name_174,Sub,2,1,1,False
174,crop_or_resize,52019,143,safe_name_175,Mul,2,1,1,False
174,crop_or_resize,52019,144,safe_name_176,Where,3,1,1,True
174,crop_or_resize,52019,145,safe_name_177,ReduceSum,1,1,1,False
174,crop_or_resize,52019,146,safe_name_178,Less,2,1,1,False
174,crop_or_resize,52019,147,safe_name_179,And,2,1,1,False
174,crop_or_resize,52019,148,safe_name_180,Equal,2,1,1,False
174,crop_or_resize,52019,149,safe_name_181,Gather,2,1,1,True
174,crop_or_resize,52019,150,safe_name_182,Gather,2,1,1,True
174,crop_or_resize,52019,151,safe_name_183,Sub,2,1,1,False
174,crop_or_resize,52019,152,safe_name_184,Mul,2,1,1,False
174,crop_or_resize,52019,153,safe_name_185,Where,3,1,1,True
174,crop_or_resize,52019,154,safe_name_186,ReduceSum,1,1,1,False
174,crop_or_resize,52019,155,safe_name_187,Less,2,1,1,False
174,crop_or_resize,52019,156,safe_name_188,And,2,1,1,False
174,crop_or_resize,52019,157,safe_name_189,Equal,2,1,1,False
174,crop_or_resize,52019,158,safe_name_190,Gather,2,1,1,True
174,crop_or_resize,52019,159,safe_name_191,Sub,2,1,1,False
174,crop_or_resize,52019,160,safe_name_192,Mul,2,1,1,False
174,crop_or_resize,52019,161,safe_name_193,Where,3,1,1,True
174,crop_or_resize,52019,162,safe_name_194,ReduceSum,1,1,1,False
174,crop_or_resize,52019,163,safe_name_195,Less,2,1,1,False
174,crop_or_resize,52019,164,safe_name_196,And,2,1,1,False
174,crop_or_resize,52019,165,safe_name_197,Or,2,1,1,False
174,crop_or_resize,52019,166,safe_name_198,Or,2,1,1,False
174,crop_or_resize,52019,167,safe_name_199,Or,2,1,1,False
174,crop_or_resize,52019,168,safe_name_200,Or,2,1,1,False
174,crop_or_resize,52019,169,safe_name_201,Unsqueeze,1,1,1,False
174,crop_or_resize,52019,170,safe_name_202,Cast,1,1,1,False
174,crop_or_resize,52019,171,safe_name_203,ReduceMax,1,1,1,False
174,crop_or_resize,52019,172,safe_name_204,Greater,2,1,1,False
174,crop_or_resize,52019,173,safe_name_205,Reshape,2,1,1,False
174,crop_or_resize,52019,174,safe_name_206,Unsqueeze,1,1,1,False
174,crop_or_resize,52019,175,safe_name_207,Cast,1,1,1,False
174,crop_or_resize,52019,176,safe_name_208,ArgMax,1,1,1,False
174,crop_or_resize,52019,177,safe_name_209,Squeeze,1,1,1,False
174,crop_or_resize,52019,178,safe_name_210,Add,2,1,1,False
174,crop_or_resize,52019,179,safe_name_211,Gather,2,1,1,True
174,crop_or_resize,52019,180,safe_name_212,ArgMax,1,1,1,False
174,crop_or_resize,52019,181,safe_name_213,Sub,2,1,1,False
174,crop_or_resize,52019,182,safe_name_214,Sub,2,1,1,False
174,crop_or_resize,52019,183,safe_name_215,Squeeze,1,1,1,False
174,crop_or_resize,52019,184,safe_name_216,Less,2,1,1,False
174,crop_or_resize,52019,185,safe_name_217,Unsqueeze,1,1,1,False
174,crop_or_resize,52019,186,safe_name_218,Cast,1,1,1,False
174,crop_or_resize,52019,187,safe_name_219,ReduceMax,1,1,1,False
174,crop_or_resize,52019,188,safe_name_220,Greater,2,1,1,False
174,crop_or_resize,52019,189,safe_name_221,Reshape,2,1,1,False
174,crop_or_resize,52019,190,safe_name_222,Unsqueeze,1,1,1,False
174,crop_or_resize,52019,191,safe_name_223,Cast,1,1,1,False
174,crop_or_resize,52019,192,safe_name_224,ArgMax,1,1,1,False
174,crop_or_resize,52019,193,safe_name_225,Squeeze,1,1,1,False
174,crop_or_resize,52019,194,safe_name_226,Add,2,1,1,False
174,crop_or_resize,52019,195,safe_name_227,Gather,2,1,1,True
174,crop_or_resize,52019,196,safe_name_228,ArgMax,1,1,1,False
174,crop_or_resize,52019,197,safe_name_229,Sub,2,1,1,False
174,crop_or_resize,52019,198,safe_name_230,Sub,2,1,1,False
174,crop_or_resize,52019,199,safe_name_231,Squeeze,1,1,1,False
174,crop_or_resize,52019,200,safe_name_232,Less,2,1,1,False
174,crop_or_resize,52019,201,safe_name_233,Unsqueeze,1,1,1,False
174,crop_or_resize,52019,202,safe_name_234,Cast,1,1,1,False
174,crop_or_resize,52019,203,safe_name_235,Mul,2,1,1,False
174,crop_or_resize,52019,204,safe_name_236,Greater,2,1,1,False
174,crop_or_resize,52019,205,safe_name_237,Where,3,1,1,True
174,crop_or_resize,52019,206,safe_name_238,Gather,2,1,1,True
174,crop_or_resize,52019,207,safe_name_239,Greater,2,1,1,False
174,crop_or_resize,52019,208,safe_name_240,Where,3,1,1,True
174,crop_or_resize,52019,209,safe_name_241,Gather,2,1,1,True
174,crop_or_resize,52019,210,safe_name_242,Mul,2,1,1,False
174,crop_or_resize,52019,211,safe_name_243,Gather,2,1,1,True
174,crop_or_resize,52019,212,safe_name_244,Less,2,1,1,False
174,crop_or_resize,52019,213,safe_name_245,Unsqueeze,1,1,1,False
174,crop_or_resize,52019,214,safe_name_246,Equal,2,1,1,False
174,crop_or_resize,52019,215,safe_name_247,Equal,2,1,1,False
174,crop_or_resize,52019,216,safe_name_248,Gather,2,1,1,True
174,crop_or_resize,52019,217,safe_name_249,Gather,2,1,1,True
174,crop_or_resize,52019,218,safe_name_250,Sub,2,1,1,False
174,crop_or_resize,52019,219,safe_name_251,Mul,2,1,1,False
174,crop_or_resize,52019,220,safe_name_252,Where,3,1,1,True
174,crop_or_resize,52019,221,safe_name_253,ReduceSum,1,1,1,False
174,crop_or_resize,52019,222,safe_name_254,Less,2,1,1,False
174,crop_or_resize,52019,223,safe_name_255,And,2,1,1,False
174,crop_or_resize,52019,224,safe_name_256,Equal,2,1,1,False
174,crop_or_resize,52019,225,safe_name_257,Gather,2,1,1,True
174,crop_or_resize,52019,226,safe_name_258,Sub,2,1,1,False
174,crop_or_resize,52019,227,safe_name_259,Mul,2,1,1,False
174,crop_or_resize,52019,228,safe_name_260,Where,3,1,1,True
174,crop_or_resize,52019,229,safe_name_261,ReduceSum,1,1,1,False
174,crop_or_resize,52019,230,safe_name_262,Less,2,1,1,False
174,crop_or_resize,52019,231,safe_name_263,And,2,1,1,False
174,crop_or_resize,52019,232,safe_name_264,Equal,2,1,1,False
174,crop_or_resize,52019,233,safe_name_265,Gather,2,1,1,True
174,crop_or_resize,52019,234,safe_name_266,Gather,2,1,1,True
174,crop_or_resize,52019,235,safe_name_267,Sub,2,1,1,False
174,crop_or_resize,52019,236,safe_name_268,Mul,2,1,1,False
174,crop_or_resize,52019,237,safe_name_269,Where,3,1,1,True
174,crop_or_resize,52019,238,safe_name_270,ReduceSum,1,1,1,False
174,crop_or_resize,52019,239,safe_name_271,Less,2,1,1,False
174,crop_or_resize,52019,240,safe_name_272,And,2,1,1,False
174,crop_or_resize,52019,241,safe_name_273,Equal,2,1,1,False
174,crop_or_resize,52019,242,safe_name_274,Gather,2,1,1,True
174,crop_or_resize,52019,243,safe_name_275,Sub,2,1,1,False
174,crop_or_resize,52019,244,safe_name_276,Mul,2,1,1,False
174,crop_or_resize,52019,245,safe_name_277,Where,3,1,1,True
174,crop_or_resize,52019,246,safe_name_278,ReduceSum,1,1,1,False
174,crop_or_resize,52019,247,safe_name_279,Less,2,1,1,False
174,crop_or_resize,52019,248,safe_name_280,And,2,1,1,False
174,crop_or_resize,52019,249,safe_name_281,Or,2,1,1,False
174,crop_or_resize,52019,250,safe_name_282,Or,2,1,1,False
174,crop_or_resize,52019,251,safe_name_283,Or,2,1,1,False
174,crop_or_resize,52019,252,safe_name_284,Or,2,1,1,False
174,crop_or_resize,52019,253,safe_name_285,Unsqueeze,1,1,1,False
174,crop_or_resize,52019,254,safe_name_286,Cast,1,1,1,False
174,crop_or_resize,52019,255,safe_name_287,ReduceMax,1,1,1,False
174,crop_or_resize,52019,256,safe_name_288,Greater,2,1,1,False
174,crop_or_resize,52019,257,safe_name_289,Reshape,2,1,1,False
174,crop_or_resize,52019,258,safe_name_290,Unsqueeze,1,1,1,False
174,crop_or_resize,52019,259,safe_name_291,Cast,1,1,1,False
174,crop_or_resize,52019,260,safe_name_292,ArgMax,1,1,1,False
174,crop_or_resize,52019,261,safe_name_293,Squeeze,1,1,1,False
174,crop_or_resize,52019,262,safe_name_294,Add,2,1,1,False
174,crop_or_resize,52019,263,safe_name_295,Gather,2,1,1,True
174,crop_or_resize,52019,264,safe_name_296,ArgMax,1,1,1,False
174,crop_or_resize,52019,265,safe_name_297,Sub,2,1,1,False
174,crop_or_resize,52019,266,safe_name_298,Sub,2,1,1,False
174,crop_or_resize,52019,267,safe_name_299,Squeeze,1,1,1,False
174,crop_or_resize,52019,268,safe_name_300,Less,2,1,1,False
174,crop_or_resize,52019,269,safe_name_301,Unsqueeze,1,1,1,False
174,crop_or_resize,52019,270,safe_name_302,Cast,1,1,1,False
174,crop_or_resize,52019,271,safe_name_303,ReduceMax,1,1,1,False
174,crop_or_resize,52019,272,safe_name_304,Greater,2,1,1,False
174,crop_or_resize,52019,273,safe_name_305,Reshape,2,1,1,False
174,crop_or_resize,52019,274,safe_name_306,Unsqueeze,1,1,1,False
174,crop_or_resize,52019,275,safe_name_307,Cast,1,1,1,False
174,crop_or_resize,52019,276,safe_name_308,ArgMax,1,1,1,False
174,crop_or_resize,52019,277,safe_name_309,Squeeze,1,1,1,False
174,crop_or_resize,52019,278,safe_name_310,Add,2,1,1,False
174,crop_or_resize,52019,279,safe_name_311,Gather,2,1,1,True
174,crop_or_resize,52019,280,safe_name_312,ArgMax,1,1,1,False
174,crop_or_resize,52019,281,safe_name_313,Sub,2,1,1,False
174,crop_or_resize,52019,282,safe_name_314,Sub,2,1,1,False
174,crop_or_resize,52019,283,safe_name_315,Squeeze,1,1,1,False
174,crop_or_resize,52019,284,safe_name_316,Less,2,1,1,False
174,crop_or_resize,52019,285,safe_name_317,Unsqueeze,1,1,1,False
174,crop_or_resize,52019,286,safe_name_318,Cast,1,1,1,False
174,crop_or_resize,52019,287,safe_name_319,Mul,2,1,1,False
174,crop_or_resize,52019,288,safe_name_320,Greater,2,1,1,False
174,crop_or_resize,52019,289,safe_name_321,Where,3,1,1,True
174,crop_or_resize,52019,290,safe_name_322,Gather,2,1,1,True
174,crop_or_resize,52019,291,safe_name_323,Greater,2,1,1,False
174,crop_or_resize,52019,292,safe_name_324,Where,3,1,1,True
174,crop_or_resize,52019,293,safe_name_325,Gather,2,1,1,True
174,crop_or_resize,52019,294,safe_name_326,Mul,2,1,1,False
174,crop_or_resize,52019,295,safe_name_327,Gather,2,1,1,True
174,crop_or_resize,52019,296,safe_name_328,Less,2,1,1,False
174,crop_or_resize,52019,297,safe_name_329,Unsqueeze,1,1,1,False
174,crop_or_resize,52019,298,safe_name_330,Equal,2,1,1,False
174,crop_or_resize,52019,299,safe_name_331,Equal,2,1,1,False
174,crop_or_resize,52019,300,safe_name_332,Gather,2,1,1,True
174,crop_or_resize,52019,301,safe_name_333,Gather,2,1,1,True
174,crop_or_resize,52019,302,safe_name_334,Sub,2,1,1,False
174,crop_or_resize,52019,303,safe_name_335,Mul,2,1,1,False
174,crop_or_resize,52019,304,safe_name_336,Where,3,1,1,True
174,crop_or_resize,52019,305,safe_name_337,ReduceSum,1,1,1,False
174,crop_or_resize,52019,306,safe_name_338,Less,2,1,1,False
174,crop_or_resize,52019,307,safe_name_339,And,2,1,1,False
174,crop_or_resize,52019,308,safe_name_340,Equal,2,1,1,False
174,crop_or_resize,52019,309,safe_name_341,Gather,2,1,1,True
174,crop_or_resize,52019,310,safe_name_342,Sub,2,1,1,False
174,crop_or_resize,52019,311,safe_name_343,Mul,2,1,1,False
174,crop_or_resize,52019,312,safe_name_344,Where,3,1,1,True
174,crop_or_resize,52019,313,safe_name_345,ReduceSum,1,1,1,False
174,crop_or_resize,52019,314,safe_name_346,Less,2,1,1,False
174,crop_or_resize,52019,315,safe_name_347,And,2,1,1,False
174,crop_or_resize,52019,316,safe_name_348,Equal,2,1,1,False
174,crop_or_resize,52019,317,safe_name_349,Gather,2,1,1,True
174,crop_or_resize,52019,318,safe_name_350,Gather,2,1,1,True
174,crop_or_resize,52019,319,safe_name_351,Sub,2,1,1,False
174,crop_or_resize,52019,320,safe_name_352,Mul,2,1,1,False
174,crop_or_resize,52019,321,safe_name_353,Where,3,1,1,True
174,crop_or_resize,52019,322,safe_name_354,ReduceSum,1,1,1,False
174,crop_or_resize,52019,323,safe_name_355,Less,2,1,1,False
174,crop_or_resize,52019,324,safe_name_356,And,2,1,1,False
174,crop_or_resize,52019,325,safe_name_357,Equal,2,1,1,False
174,crop_or_resize,52019,326,safe_name_358,Gather,2,1,1,True
174,crop_or_resize,52019,327,safe_name_359,Sub,2,1,1,False
174,crop_or_resize,52019,328,safe_name_360,Mul,2,1,1,False
174,crop_or_resize,52019,329,safe_name_361,Where,3,1,1,True
174,crop_or_resize,52019,330,safe_name_362,ReduceSum,1,1,1,False
174,crop_or_resize,52019,331,safe_name_363,Less,2,1,1,False
174,crop_or_resize,52019,332,safe_name_364,And,2,1,1,False
174,crop_or_resize,52019,333,safe_name_365,Or,2,1,1,False
174,crop_or_resize,52019,334,safe_name_366,Or,2,1,1,False
174,crop_or_resize,52019,335,safe_name_367,Or,2,1,1,False
174,crop_or_resize,52019,336,safe_name_368,Or,2,1,1,False
174,crop_or_resize,52019,337,safe_name_369,Unsqueeze,1,1,1,False
174,crop_or_resize,52019,338,safe_name_370,Cast,1,1,1,False
174,crop_or_resize,52019,339,safe_name_371,ReduceMax,1,1,1,False
174,crop_or_resize,52019,340,safe_name_372,Greater,2,1,1,False
174,crop_or_resize,52019,341,safe_name_373,Reshape,2,1,1,False
174,crop_or_resize,52019,342,safe_name_374,Unsqueeze,1,1,1,False
174,crop_or_resize,52019,343,safe_name_375,Cast,1,1,1,False
174,crop_or_resize,52019,344,safe_name_376,ArgMax,1,1,1,False
174,crop_or_resize,52019,345,safe_name_377,Squeeze,1,1,1,False
174,crop_or_resize,52019,346,safe_name_378,Add,2,1,1,False
174,crop_or_resize,52019,347,safe_name_379,Gather,2,1,1,True
174,crop_or_resize,52019,348,safe_name_380,ArgMax,1,1,1,False
174,crop_or_resize,52019,349,safe_name_381,Sub,2,1,1,False
174,crop_or_resize,52019,350,safe_name_382,Sub,2,1,1,False
174,crop_or_resize,52019,351,safe_name_383,Squeeze,1,1,1,False
174,crop_or_resize,52019,352,safe_name_384,Less,2,1,1,False
174,crop_or_resize,52019,353,safe_name_385,Unsqueeze,1,1,1,False
174,crop_or_resize,52019,354,safe_name_386,Cast,1,1,1,False
174,crop_or_resize,52019,355,safe_name_387,ReduceMax,1,1,1,False
174,crop_or_resize,52019,356,safe_name_388,Greater,2,1,1,False
174,crop_or_resize,52019,357,safe_name_389,Reshape,2,1,1,False
174,crop_or_resize,52019,358,safe_name_390,Unsqueeze,1,1,1,False
174,crop_or_resize,52019,359,safe_name_391,Cast,1,1,1,False
174,crop_or_resize,52019,360,safe_name_392,ArgMax,1,1,1,False
174,crop_or_resize,52019,361,safe_name_393,Squeeze,1,1,1,False
174,crop_or_resize,52019,362,safe_name_394,Add,2,1,1,False
174,crop_or_resize,52019,363,safe_name_395,Gather,2,1,1,True
174,crop_or_resize,52019,364,safe_name_396,ArgMax,1,1,1,False
174,crop_or_resize,52019,365,safe_name_397,Sub,2,1,1,False
174,crop_or_resize,52019,366,safe_name_398,Sub,2,1,1,False
174,crop_or_resize,52019,367,safe_name_399,Squeeze,1,1,1,False
174,crop_or_resize,52019,368,safe_name_400,Less,2,1,1,False
174,crop_or_resize,52019,369,safe_name_401,Unsqueeze,1,1,1,False
174,crop_or_resize,52019,370,safe_name_402,Cast,1,1,1,False
174,crop_or_resize,52019,371,safe_name_403,Mul,2,1,1,False
174,crop_or_resize,52019,372,safe_name_404,Greater,2,1,1,False
174,crop_or_resize,52019,373,safe_name_405,Where,3,1,1,True
174,crop_or_resize,52019,374,safe_name_406,Gather,2,1,1,True
174,crop_or_resize,52019,375,safe_name_407,Greater,2,1,1,False
174,crop_or_resize,52019,376,safe_name_408,Where,3,1,1,True
174,crop_or_resize,52019,377,safe_name_409,Gather,2,1,1,True
174,crop_or_resize,52019,378,safe_name_410,Mul,2,1,1,False
174,crop_or_resize,52019,379,safe_name_411,Gather,2,1,1,True
174,crop_or_resize,52019,380,safe_name_412,Less,2,1,1,False
174,crop_or_resize,52019,381,safe_name_413,Unsqueeze,1,1,1,False
174,crop_or_resize,52019,382,safe_name_414,Equal,2,1,1,False
174,crop_or_resize,52019,383,safe_name_415,Equal,2,1,1,False
174,crop_or_resize,52019,384,safe_name_416,Gather,2,1,1,True
174,crop_or_resize,52019,385,safe_name_417,Gather,2,1,1,True
174,crop_or_resize,52019,386,safe_name_418,Sub,2,1,1,False
174,crop_or_resize,52019,387,safe_name_419,Mul,2,1,1,False
174,crop_or_resize,52019,388,safe_name_420,Where,3,1,1,True
174,crop_or_resize,52019,389,safe_name_421,ReduceSum,1,1,1,False
174,crop_or_resize,52019,390,safe_name_422,Less,2,1,1,False
174,crop_or_resize,52019,391,safe_name_423,And,2,1,1,False
174,crop_or_resize,52019,392,safe_name_424,Equal,2,1,1,False
174,crop_or_resize,52019,393,safe_name_425,Gather,2,1,1,True
174,crop_or_resize,52019,394,safe_name_426,Sub,2,1,1,False
174,crop_or_resize,52019,395,safe_name_427,Mul,2,1,1,False
174,crop_or_resize,52019,396,safe_name_428,Where,3,1,1,True
174,crop_or_resize,52019,397,safe_name_429,ReduceSum,1,1,1,False
174,crop_or_resize,52019,398,safe_name_430,Less,2,1,1,False
174,crop_or_resize,52019,399,safe_name_431,And,2,1,1,False
174,crop_or_resize,52019,400,safe_name_432,Equal,2,1,1,False
174,crop_or_resize,52019,401,safe_name_433,Gather,2,1,1,True
174,crop_or_resize,52019,402,safe_name_434,Gather,2,1,1,True
174,crop_or_resize,52019,403,safe_name_435,Sub,2,1,1,False
174,crop_or_resize,52019,404,safe_name_436,Mul,2,1,1,False
174,crop_or_resize,52019,405,safe_name_437,Where,3,1,1,True
174,crop_or_resize,52019,406,safe_name_438,ReduceSum,1,1,1,False
174,crop_or_resize,52019,407,safe_name_439,Less,2,1,1,False
174,crop_or_resize,52019,408,safe_name_440,And,2,1,1,False
174,crop_or_resize,52019,409,safe_name_441,Equal,2,1,1,False
174,crop_or_resize,52019,410,safe_name_442,Gather,2,1,1,True
174,crop_or_resize,52019,411,safe_name_443,Sub,2,1,1,False
174,crop_or_resize,52019,412,safe_name_444,Mul,2,1,1,False
174,crop_or_resize,52019,413,safe_name_445,Where,3,1,1,True
174,crop_or_resize,52019,414,safe_name_446,ReduceSum,1,1,1,False
174,crop_or_resize,52019,415,safe_name_447,Less,2,1,1,False
174,crop_or_resize,52019,416,safe_name_448,And,2,1,1,False
174,crop_or_resize,52019,417,safe_name_449,Or,2,1,1,False
174,crop_or_resize,52019,418,safe_name_450,Or,2,1,1,False
174,crop_or_resize,52019,419,safe_name_451,Or,2,1,1,False
174,crop_or_resize,52019,420,safe_name_452,Or,2,1,1,False
174,crop_or_resize,52019,421,safe_name_453,Unsqueeze,1,1,1,False
174,crop_or_resize,52019,422,safe_name_454,Cast,1,1,1,False
174,crop_or_resize,52019,423,safe_name_455,ReduceMax,1,1,1,False
174,crop_or_resize,52019,424,safe_name_456,Greater,2,1,1,False
174,crop_or_resize,52019,425,safe_name_457,Reshape,2,1,1,False
174,crop_or_resize,52019,426,safe_name_458,Unsqueeze,1,1,1,False
174,crop_or_resize,52019,427,safe_name_459,Cast,1,1,1,False
174,crop_or_resize,52019,428,safe_name_460,ArgMax,1,1,1,False
174,crop_or_resize,52019,429,safe_name_461,Squeeze,1,1,1,False
174,crop_or_resize,52019,430,safe_name_462,Add,2,1,1,False
174,crop_or_resize,52019,431,safe_name_463,Gather,2,1,1,True
174,crop_or_resize,52019,432,safe_name_464,ArgMax,1,1,1,False
174,crop_or_resize,52019,433,safe_name_465,Sub,2,1,1,False
174,crop_or_resize,52019,434,safe_name_466,Sub,2,1,1,False
174,crop_or_resize,52019,435,safe_name_467,Squeeze,1,1,1,False
174,crop_or_resize,52019,436,safe_name_468,Less,2,1,1,False
174,crop_or_resize,52019,437,safe_name_469,Unsqueeze,1,1,1,False
174,crop_or_resize,52019,438,safe_name_470,Cast,1,1,1,False
174,crop_or_resize,52019,439,safe_name_471,ReduceMax,1,1,1,False
174,crop_or_resize,52019,440,safe_name_472,Greater,2,1,1,False
174,crop_or_resize,52019,441,safe_name_473,Reshape,2,1,1,False
174,crop_or_resize,52019,442,safe_name_474,Unsqueeze,1,1,1,False
174,crop_or_resize,52019,443,safe_name_475,Cast,1,1,1,False
174,crop_or_resize,52019,444,safe_name_476,ArgMax,1,1,1,False
174,crop_or_resize,52019,445,safe_name_477,Squeeze,1,1,1,False
174,crop_or_resize,52019,446,safe_name_478,Add,2,1,1,False
174,crop_or_resize,52019,447,safe_name_479,Gather,2,1,1,True
174,crop_or_resize,52019,448,safe_name_480,ArgMax,1,1,1,False
174,crop_or_resize,52019,449,safe_name_481,Sub,2,1,1,False
174,crop_or_resize,52019,450,safe_name_482,Sub,2,1,1,False
174,crop_or_resize,52019,451,safe_name_483,Squeeze,1,1,1,False
174,crop_or_resize,52019,452,safe_name_484,Less,2,1,1,False
174,crop_or_resize,52019,453,safe_name_485,Unsqueeze,1,1,1,False
174,crop_or_resize,52019,454,safe_name_486,Cast,1,1,1,False
174,crop_or_resize,52019,455,safe_name_487,Mul,2,1,1,False
174,crop_or_resize,52019,456,safe_name_488,Greater,2,1,1,False
174,crop_or_resize,52019,457,safe_name_489,Where,3,1,1,True
174,crop_or_resize,52019,458,safe_name_490,Gather,2,1,1,True
174,crop_or_resize,52019,459,safe_name_491,Greater,2,1,1,False
174,crop_or_resize,52019,460,safe_name_492,Where,3,1,1,True
174,crop_or_resize,52019,461,safe_name_493,Gather,2,1,1,True
174,crop_or_resize,52019,462,safe_name_494,Mul,2,1,1,False
174,crop_or_resize,52019,463,safe_name_495,Gather,2,1,1,True
174,crop_or_resize,52019,464,safe_name_496,Less,2,1,1,False
174,crop_or_resize,52019,465,safe_name_497,Unsqueeze,1,1,1,False
174,crop_or_resize,52019,466,safe_name_498,Equal,2,1,1,False
174,crop_or_resize,52019,467,safe_name_499,Equal,2,1,1,False
174,crop_or_resize,52019,468,safe_name_500,Gather,2,1,1,True
174,crop_or_resize,52019,469,safe_name_501,Gather,2,1,1,True
174,crop_or_resize,52019,470,safe_name_502,Sub,2,1,1,False
174,crop_or_resize,52019,471,safe_name_503,Mul,2,1,1,False
174,crop_or_resize,52019,472,safe_name_504,Where,3,1,1,True
174,crop_or_resize,52019,473,safe_name_505,ReduceSum,1,1,1,False
174,crop_or_resize,52019,474,safe_name_506,Less,2,1,1,False
174,crop_or_resize,52019,475,safe_name_507,And,2,1,1,False
174,crop_or_resize,52019,476,safe_name_508,Equal,2,1,1,False
174,crop_or_resize,52019,477,safe_name_509,Gather,2,1,1,True
174,crop_or_resize,52019,478,safe_name_510,Sub,2,1,1,False
174,crop_or_resize,52019,479,safe_name_511,Mul,2,1,1,False
174,crop_or_resize,52019,480,safe_name_512,Where,3,1,1,True
174,crop_or_resize,52019,481,safe_name_513,ReduceSum,1,1,1,False
174,crop_or_resize,52019,482,safe_name_514,Less,2,1,1,False
174,crop_or_resize,52019,483,safe_name_515,And,2,1,1,False
174,crop_or_resize,52019,484,safe_name_516,Equal,2,1,1,False
174,crop_or_resize,52019,485,safe_name_517,Gather,2,1,1,True
174,crop_or_resize,52019,486,safe_name_518,Gather,2,1,1,True
174,crop_or_resize,52019,487,safe_name_519,Sub,2,1,1,False
174,crop_or_resize,52019,488,safe_name_520,Mul,2,1,1,False
174,crop_or_resize,52019,489,safe_name_521,Where,3,1,1,True
174,crop_or_resize,52019,490,safe_name_522,ReduceSum,1,1,1,False
174,crop_or_resize,52019,491,safe_name_523,Less,2,1,1,False
174,crop_or_resize,52019,492,safe_name_524,And,2,1,1,False
174,crop_or_resize,52019,493,safe_name_525,Equal,2,1,1,False
174,crop_or_resize,52019,494,safe_name_526,Gather,2,1,1,True
174,crop_or_resize,52019,495,safe_name_527,Sub,2,1,1,False
174,crop_or_resize,52019,496,safe_name_528,Mul,2,1,1,False
174,crop_or_resize,52019,497,safe_name_529,Where,3,1,1,True
174,crop_or_resize,52019,498,safe_name_530,ReduceSum,1,1,1,False
174,crop_or_resize,52019,499,safe_name_531,Less,2,1,1,False
174,crop_or_resize,52019,500,safe_name_532,And,2,1,1,False
174,crop_or_resize,52019,501,safe_name_533,Or,2,1,1,False
174,crop_or_resize,52019,502,safe_name_534,Or,2,1,1,False
174,crop_or_resize,52019,503,safe_name_535,Or,2,1,1,False
174,crop_or_resize,52019,504,safe_name_536,Or,2,1,1,False
174,crop_or_resize,52019,505,safe_name_537,Unsqueeze,1,1,1,False
174,crop_or_resize,52019,506,safe_name_538,Cast,1,1,1,False
174,crop_or_resize,52019,507,safe_name_539,ReduceMax,1,1,1,False
174,crop_or_resize,52019,508,safe_name_540,Greater,2,1,1,False
174,crop_or_resize,52019,509,safe_name_541,Reshape,2,1,1,False
174,crop_or_resize,52019,510,safe_name_542,Unsqueeze,1,1,1,False
174,crop_or_resize,52019,511,safe_name_543,Cast,1,1,1,False
174,crop_or_resize,52019,512,safe_name_544,ArgMax,1,1,1,False
174,crop_or_resize,52019,513,safe_name_545,Squeeze,1,1,1,False
174,crop_or_resize,52019,514,safe_name_546,Add,2,1,1,False
174,crop_or_resize,52019,515,safe_name_547,Gather,2,1,1,True
174,crop_or_resize,52019,516,safe_name_548,ArgMax,1,1,1,False
174,crop_or_resize,52019,517,safe_name_549,Sub,2,1,1,False
174,crop_or_resize,52019,518,safe_name_550,Sub,2,1,1,False
174,crop_or_resize,52019,519,safe_name_551,Squeeze,1,1,1,False
174,crop_or_resize,52019,520,safe_name_552,Less,2,1,1,False
174,crop_or_resize,52019,521,safe_name_553,Unsqueeze,1,1,1,False
174,crop_or_resize,52019,522,safe_name_554,Cast,1,1,1,False
174,crop_or_resize,52019,523,safe_name_555,ReduceMax,1,1,1,False
174,crop_or_resize,52019,524,safe_name_556,Greater,2,1,1,False
174,crop_or_resize,52019,525,safe_name_557,Reshape,2,1,1,False
174,crop_or_resize,52019,526,safe_name_558,Unsqueeze,1,1,1,False
174,crop_or_resize,52019,527,safe_name_559,Cast,1,1,1,False
174,crop_or_resize,52019,528,safe_name_560,ArgMax,1,1,1,False
174,crop_or_resize,52019,529,safe_name_561,Squeeze,1,1,1,False
174,crop_or_resize,52019,530,safe_name_562,Add,2,1,1,False
174,crop_or_resize,52019,531,safe_name_563,Gather,2,1,1,True
174,crop_or_resize,52019,532,safe_name_564,ArgMax,1,1,1,False
174,crop_or_resize,52019,533,safe_name_565,Sub,2,1,1,False
174,crop_or_resize,52019,534,safe_name_566,Sub,2,1,1,False
174,crop_or_resize,52019,535,safe_name_567,Squeeze,1,1,1,False
174,crop_or_resize,52019,536,safe_name_568,Less,2,1,1,False
174,crop_or_resize,52019,537,safe_name_569,Unsqueeze,1,1,1,False
174,crop_or_resize,52019,538,safe_name_570,Cast,1,1,1,False
174,crop_or_resize,52019,539,safe_name_571,Mul,2,1,1,False
174,crop_or_resize,52019,540,safe_name_572,Greater,2,1,1,False
174,crop_or_resize,52019,541,safe_name_573,Where,3,1,1,True
174,crop_or_resize,52019,542,safe_name_574,Gather,2,1,1,True
174,crop_or_resize,52019,543,safe_name_575,Greater,2,1,1,False
174,crop_or_resize,52019,544,safe_name_576,Where,3,1,1,True
174,crop_or_resize,52019,545,safe_name_577,Gather,2,1,1,True
174,crop_or_resize,52019,546,safe_name_578,Mul,2,1,1,False
174,crop_or_resize,52019,547,safe_name_579,Gather,2,1,1,True
174,crop_or_resize,52019,548,safe_name_580,Less,2,1,1,False
174,crop_or_resize,52019,549,safe_name_581,Unsqueeze,1,1,1,False
174,crop_or_resize,52019,550,safe_name_582,Equal,2,1,1,False
174,crop_or_resize,52019,551,safe_name_583,Equal,2,1,1,False
174,crop_or_resize,52019,552,safe_name_584,Gather,2,1,1,True
174,crop_or_resize,52019,553,safe_name_585,Gather,2,1,1,True
174,crop_or_resize,52019,554,safe_name_586,Sub,2,1,1,False
174,crop_or_resize,52019,555,safe_name_587,Mul,2,1,1,False
174,crop_or_resize,52019,556,safe_name_588,Where,3,1,1,True
174,crop_or_resize,52019,557,safe_name_589,ReduceSum,1,1,1,False
174,crop_or_resize,52019,558,safe_name_590,Less,2,1,1,False
174,crop_or_resize,52019,559,safe_name_591,And,2,1,1,False
174,crop_or_resize,52019,560,safe_name_592,Equal,2,1,1,False
174,crop_or_resize,52019,561,safe_name_593,Gather,2,1,1,True
174,crop_or_resize,52019,562,safe_name_594,Sub,2,1,1,False
174,crop_or_resize,52019,563,safe_name_595,Mul,2,1,1,False
174,crop_or_resize,52019,564,safe_name_596,Where,3,1,1,True
174,crop_or_resize,52019,565,safe_name_597,ReduceSum,1,1,1,False
174,crop_or_resize,52019,566,safe_name_598,Less,2,1,1,False
174,crop_or_resize,52019,567,safe_name_599,And,2,1,1,False
174,crop_or_resize,52019,568,safe_name_600,Equal,2,1,1,False
174,crop_or_resize,52019,569,safe_name_601,Gather,2,1,1,True
174,crop_or_resize,52019,570,safe_name_602,Gather,2,1,1,True
174,crop_or_resize,52019,571,safe_name_603,Sub,2,1,1,False
174,crop_or_resize,52019,572,safe_name_604,Mul,2,1,1,False
174,crop_or_resize,52019,573,safe_name_605,Where,3,1,1,True
174,crop_or_resize,52019,574,safe_name_606,ReduceSum,1,1,1,False
174,crop_or_resize,52019,575,safe_name_607,Less,2,1,1,False
174,crop_or_resize,52019,576,safe_name_608,And,2,1,1,False
174,crop_or_resize,52019,577,safe_name_609,Equal,2,1,1,False
174,crop_or_resize,52019,578,safe_name_610,Gather,2,1,1,True
174,crop_or_resize,52019,579,safe_name_611,Sub,2,1,1,False
174,crop_or_resize,52019,580,safe_name_612,Mul,2,1,1,False
174,crop_or_resize,52019,581,safe_name_613,Where,3,1,1,True
174,crop_or_resize,52019,582,safe_name_614,ReduceSum,1,1,1,False
174,crop_or_resize,52019,583,safe_name_615,Less,2,1,1,False
174,crop_or_resize,52019,584,safe_name_616,And,2,1,1,False
174,crop_or_resize,52019,585,safe_name_617,Or,2,1,1,False
174,crop_or_resize,52019,586,safe_name_618,Or,2,1,1,False
174,crop_or_resize,52019,587,safe_name_619,Or,2,1,1,False
174,crop_or_resize,52019,588,safe_name_620,Or,2,1,1,False
174,crop_or_resize,52019,589,safe_name_621,Unsqueeze,1,1,1,False
174,crop_or_resize,52019,590,safe_name_622,Cast,1,1,1,False
174,crop_or_resize,52019,591,safe_name_623,ReduceMax,1,1,1,False
174,crop_or_resize,52019,592,safe_name_624,Greater,2,1,1,False
174,crop_or_resize,52019,593,safe_name_625,Reshape,2,1,1,False
174,crop_or_resize,52019,594,safe_name_626,Unsqueeze,1,1,1,False
174,crop_or_resize,52019,595,safe_name_627,Cast,1,1,1,False
174,crop_or_resize,52019,596,safe_name_628,ArgMax,1,1,1,False
174,crop_or_resize,52019,597,safe_name_629,Squeeze,1,1,1,False
174,crop_or_resize,52019,598,safe_name_630,Add,2,1,1,False
174,crop_or_resize,52019,599,safe_name_631,Gather,2,1,1,True
174,crop_or_resize,52019,600,safe_name_632,ArgMax,1,1,1,False
174,crop_or_resize,52019,601,safe_name_633,Sub,2,1,1,False
174,crop_or_resize,52019,602,safe_name_634,Sub,2,1,1,False
174,crop_or_resize,52019,603,safe_name_635,Squeeze,1,1,1,False
174,crop_or_resize,52019,604,safe_name_636,Less,2,1,1,False
174,crop_or_resize,52019,605,safe_name_637,Unsqueeze,1,1,1,False
174,crop_or_resize,52019,606,safe_name_638,Cast,1,1,1,False
174,crop_or_resize,52019,607,safe_name_639,ReduceMax,1,1,1,False
174,crop_or_resize,52019,608,safe_name_640,Greater,2,1,1,False
174,crop_or_resize,52019,609,safe_name_641,Reshape,2,1,1,False
174,crop_or_resize,52019,610,safe_name_642,Unsqueeze,1,1,1,False
174,crop_or_resize,52019,611,safe_name_643,Cast,1,1,1,False
174,crop_or_resize,52019,612,safe_name_644,ArgMax,1,1,1,False
174,crop_or_resize,52019,613,safe_name_645,Squeeze,1,1,1,False
174,crop_or_resize,52019,614,safe_name_646,Add,2,1,1,False
174,crop_or_resize,52019,615,safe_name_647,Gather,2,1,1,True
174,crop_or_resize,52019,616,safe_name_648,ArgMax,1,1,1,False
174,crop_or_resize,52019,617,safe_name_649,Sub,2,1,1,False
174,crop_or_resize,52019,618,safe_name_650,Sub,2,1,1,False
174,crop_or_resize,52019,619,safe_name_651,Squeeze,1,1,1,False
174,crop_or_resize,52019,620,safe_name_652,Less,2,1,1,False
174,crop_or_resize,52019,621,safe_name_653,Unsqueeze,1,1,1,False
174,crop_or_resize,52019,622,safe_name_654,Cast,1,1,1,False
174,crop_or_resize,52019,623,safe_name_655,Mul,2,1,1,False
174,crop_or_resize,52019,624,safe_name_656,Greater,2,1,1,False
174,crop_or_resize,52019,625,safe_name_657,Where,3,1,1,True
174,crop_or_resize,52019,626,safe_name_658,Gather,2,1,1,True
174,crop_or_resize,52019,627,safe_name_659,Greater,2,1,1,False
174,crop_or_resize,52019,628,safe_name_660,Where,3,1,1,True
174,crop_or_resize,52019,629,safe_name_661,Gather,2,1,1,True
174,crop_or_resize,52019,630,safe_name_662,Mul,2,1,1,False
174,crop_or_resize,52019,631,safe_name_663,Gather,2,1,1,True
174,crop_or_resize,52019,632,safe_name_664,Less,2,1,1,False
174,crop_or_resize,52019,633,safe_name_665,Unsqueeze,1,1,1,False
174,crop_or_resize,52019,634,safe_name_666,Equal,2,1,1,False
174,crop_or_resize,52019,635,safe_name_667,Equal,2,1,1,False
174,crop_or_resize,52019,636,safe_name_668,Gather,2,1,1,True
174,crop_or_resize,52019,637,safe_name_669,Gather,2,1,1,True
174,crop_or_resize,52019,638,safe_name_670,Sub,2,1,1,False
174,crop_or_resize,52019,639,safe_name_671,Mul,2,1,1,False
174,crop_or_resize,52019,640,safe_name_672,Where,3,1,1,True
174,crop_or_resize,52019,641,safe_name_673,ReduceSum,1,1,1,False
174,crop_or_resize,52019,642,safe_name_674,Less,2,1,1,False
174,crop_or_resize,52019,643,safe_name_675,And,2,1,1,False
174,crop_or_resize,52019,644,safe_name_676,Equal,2,1,1,False
174,crop_or_resize,52019,645,safe_name_677,Gather,2,1,1,True
174,crop_or_resize,52019,646,safe_name_678,Sub,2,1,1,False
174,crop_or_resize,52019,647,safe_name_679,Mul,2,1,1,False
174,crop_or_resize,52019,648,safe_name_680,Where,3,1,1,True
174,crop_or_resize,52019,649,safe_name_681,ReduceSum,1,1,1,False
174,crop_or_resize,52019,650,safe_name_682,Less,2,1,1,False
174,crop_or_resize,52019,651,safe_name_683,And,2,1,1,False
174,crop_or_resize,52019,652,safe_name_684,Equal,2,1,1,False
174,crop_or_resize,52019,653,safe_name_685,Gather,2,1,1,True
174,crop_or_resize,52019,654,safe_name_686,Gather,2,1,1,True
174,crop_or_resize,52019,655,safe_name_687,Sub,2,1,1,False
174,crop_or_resize,52019,656,safe_name_688,Mul,2,1,1,False
174,crop_or_resize,52019,657,safe_name_689,Where,3,1,1,True
174,crop_or_resize,52019,658,safe_name_690,ReduceSum,1,1,1,False
174,crop_or_resize,52019,659,safe_name_691,Less,2,1,1,False
174,crop_or_resize,52019,660,safe_name_692,And,2,1,1,False
174,crop_or_resize,52019,661,safe_name_693,Equal,2,1,1,False
174,crop_or_resize,52019,662,safe_name_694,Gather,2,1,1,True
174,crop_or_resize,52019,663,safe_name_695,Sub,2,1,1,False
174,crop_or_resize,52019,664,safe_name_696,Mul,2,1,1,False
174,crop_or_resize,52019,665,safe_name_697,Where,3,1,1,True
174,crop_or_resize,52019,666,safe_name_698,ReduceSum,1,1,1,False
174,crop_or_resize,52019,667,safe_name_699,Less,2,1,1,False
174,crop_or_resize,52019,668,safe_name_700,And,2,1,1,False
174,crop_or_resize,52019,669,safe_name_701,Or,2,1,1,False
174,crop_or_resize,52019,670,safe_name_702,Or,2,1,1,False
174,crop_or_resize,52019,671,safe_name_703,Or,2,1,1,False
174,crop_or_resize,52019,672,safe_name_704,Or,2,1,1,False
174,crop_or_resize,52019,673,safe_name_705,Unsqueeze,1,1,1,False
174,crop_or_resize,52019,674,safe_name_706,Cast,1,1,1,False
174,crop_or_resize,52019,675,safe_name_707,ReduceMax,1,1,1,False
174,crop_or_resize,52019,676,safe_name_708,Greater,2,1,1,False
174,crop_or_resize,52019,677,safe_name_709,Reshape,2,1,1,False
174,crop_or_resize,52019,678,safe_name_710,Unsqueeze,1,1,1,False
174,crop_or_resize,52019,679,safe_name_711,Cast,1,1,1,False
174,crop_or_resize,52019,680,safe_name_712,ArgMax,1,1,1,False
174,crop_or_resize,52019,681,safe_name_713,Squeeze,1,1,1,False
174,crop_or_resize,52019,682,safe_name_714,Add,2,1,1,False
174,crop_or_resize,52019,683,safe_name_715,Gather,2,1,1,True
174,crop_or_resize,52019,684,safe_name_716,ArgMax,1,1,1,False
174,crop_or_resize,52019,685,safe_name_717,Sub,2,1,1,False
174,crop_or_resize,52019,686,safe_name_718,Sub,2,1,1,False
174,crop_or_resize,52019,687,safe_name_719,Squeeze,1,1,1,False
174,crop_or_resize,52019,688,safe_name_720,Less,2,1,1,False
174,crop_or_resize,52019,689,safe_name_721,Unsqueeze,1,1,1,False
174,crop_or_resize,52019,690,safe_name_722,Cast,1,1,1,False
174,crop_or_resize,52019,691,safe_name_723,ReduceMax,1,1,1,False
174,crop_or_resize,52019,692,safe_name_724,Greater,2,1,1,False
174,crop_or_resize,52019,693,safe_name_725,Reshape,2,1,1,False
174,crop_or_resize,52019,694,safe_name_726,Unsqueeze,1,1,1,False
174,crop_or_resize,52019,695,safe_name_727,Cast,1,1,1,False
174,crop_or_resize,52019,696,safe_name_728,ArgMax,1,1,1,False
174,crop_or_resize,52019,697,safe_name_729,Squeeze,1,1,1,False
174,crop_or_resize,52019,698,safe_name_730,Add,2,1,1,False
174,crop_or_resize,52019,699,safe_name_731,Gather,2,1,1,True
174,crop_or_resize,52019,700,safe_name_732,ArgMax,1,1,1,False
174,crop_or_resize,52019,701,safe_name_733,Sub,2,1,1,False
174,crop_or_resize,52019,702,safe_name_734,Sub,2,1,1,False
174,crop_or_resize,52019,703,safe_name_735,Squeeze,1,1,1,False
174,crop_or_resize,52019,704,safe_name_736,Less,2,1,1,False
174,crop_or_resize,52019,705,safe_name_737,Unsqueeze,1,1,1,False
174,crop_or_resize,52019,706,safe_name_738,Cast,1,1,1,False
174,crop_or_resize,52019,707,safe_name_739,Mul,2,1,1,False
174,crop_or_resize,52019,708,safe_name_740,Greater,2,1,1,False
174,crop_or_resize,52019,709,safe_name_741,Where,3,1,1,True
174,crop_or_resize,52019,710,safe_name_742,Gather,2,1,1,True
174,crop_or_resize,52019,711,safe_name_743,Greater,2,1,1,False
174,crop_or_resize,52019,712,safe_name_744,Where,3,1,1,True
174,crop_or_resize,52019,713,safe_name_745,Gather,2,1,1,True
174,crop_or_resize,52019,714,safe_name_746,Mul,2,1,1,False
174,crop_or_resize,52019,715,safe_name_747,Gather,2,1,1,True
174,crop_or_resize,52019,716,safe_name_748,Less,2,1,1,False
174,crop_or_resize,52019,717,safe_name_749,Unsqueeze,1,1,1,False
174,crop_or_resize,52019,718,safe_name_750,Equal,2,1,1,False
174,crop_or_resize,52019,719,safe_name_751,Equal,2,1,1,False
174,crop_or_resize,52019,720,safe_name_752,Gather,2,1,1,True
174,crop_or_resize,52019,721,safe_name_753,Gather,2,1,1,True
174,crop_or_resize,52019,722,safe_name_754,Sub,2,1,1,False
174,crop_or_resize,52019,723,safe_name_755,Mul,2,1,1,False
174,crop_or_resize,52019,724,safe_name_756,Where,3,1,1,True
174,crop_or_resize,52019,725,safe_name_757,ReduceSum,1,1,1,False
174,crop_or_resize,52019,726,safe_name_758,Less,2,1,1,False
174,crop_or_resize,52019,727,safe_name_759,And,2,1,1,False
174,crop_or_resize,52019,728,safe_name_760,Equal,2,1,1,False
174,crop_or_resize,52019,729,safe_name_761,Gather,2,1,1,True
174,crop_or_resize,52019,730,safe_name_762,Sub,2,1,1,False
174,crop_or_resize,52019,731,safe_name_763,Mul,2,1,1,False
174,crop_or_resize,52019,732,safe_name_764,Where,3,1,1,True
174,crop_or_resize,52019,733,safe_name_765,ReduceSum,1,1,1,False
174,crop_or_resize,52019,734,safe_name_766,Less,2,1,1,False
174,crop_or_resize,52019,735,safe_name_767,And,2,1,1,False
174,crop_or_resize,52019,736,safe_name_768,Equal,2,1,1,False
174,crop_or_resize,52019,737,safe_name_769,Gather,2,1,1,True
174,crop_or_resize,52019,738,safe_name_770,Gather,2,1,1,True
174,crop_or_resize,52019,739,safe_name_771,Sub,2,1,1,False
174,crop_or_resize,52019,740,safe_name_772,Mul,2,1,1,False
174,crop_or_resize,52019,741,safe_name_773,Where,3,1,1,True
174,crop_or_resize,52019,742,safe_name_774,ReduceSum,1,1,1,False
174,crop_or_resize,52019,743,safe_name_775,Less,2,1,1,False
174,crop_or_resize,52019,744,safe_name_776,And,2,1,1,False
174,crop_or_resize,52019,745,safe_name_777,Equal,2,1,1,False
174,crop_or_resize,52019,746,safe_name_778,Gather,2,1,1,True
174,crop_or_resize,52019,747,safe_name_779,Sub,2,1,1,False
174,crop_or_resize,52019,748,safe_name_780,Mul,2,1,1,False
174,crop_or_resize,52019,749,safe_name_781,Where,3,1,1,True
174,crop_or_resize,52019,750,safe_name_782,ReduceSum,1,1,1,False
174,crop_or_resize,52019,751,safe_name_783,Less,2,1,1,False
174,crop_or_resize,52019,752,safe_name_784,And,2,1,1,False
174,crop_or_resize,52019,753,safe_name_785,Or,2,1,1,False
174,crop_or_resize,52019,754,safe_name_786,Or,2,1,1,False
174,crop_or_resize,52019,755,safe_name_787,Or,2,1,1,False
174,crop_or_resize,52019,756,safe_name_788,Or,2,1,1,False
174,crop_or_resize,52019,757,safe_name_789,Unsqueeze,1,1,1,False
174,crop_or_resize,52019,758,safe_name_790,Cast,1,1,1,False
174,crop_or_resize,52019,759,safe_name_791,Concat,9,1,1,False
174,crop_or_resize,52019,760,safe_name_792,Add,2,1,1,False
174,crop_or_resize,52019,761,safe_name_793,ReduceMax,1,1,1,False
174,crop_or_resize,52019,762,safe_name_794,Sub,2,1,1,False
174,crop_or_resize,52019,763,safe_name_795,Mul,2,1,1,False
174,crop_or_resize,52019,764,safe_name_796,Less,2,1,1,False
174,crop_or_resize,52019,765,safe_name_797,Cast,1,1,1,False
174,crop_or_resize,52019,766,safe_name_798,Split,1,9,1,False
174,crop_or_resize,52019,767,safe_name_807,Mul,2,1,1,False
174,crop_or_resize,52019,768,safe_name_808,Mul,2,1,1,False
174,crop_or_resize,52019,769,safe_name_809,Mul,2,1,1,False
174,crop_or_resize,52019,770,safe_name_810,Mul,2,1,1,False
174,crop_or_resize,52019,771,safe_name_811,Mul,2,1,1,False
174,crop_or_resize,52019,772,safe_name_812,Mul,2,1,1,False
174,crop_or_resize,52019,773,safe_name_813,Mul,2,1,1,False
174,crop_or_resize,52019,774,safe_name_814,Mul,2,1,1,False
174,crop_or_resize,52019,775,safe_name_815,Mul,2,1,1,False
174,crop_or_resize,52019,776,safe_name_816,Mul,2,1,1,False
174,crop_or_resize,52019,777,safe_name_817,Mul,2,1,1,False
174,crop_or_resize,52019,778,safe_name_818,Mul,2,1,1,False
174,crop_or_resize,52019,779,safe_name_819,Mul,2,1,1,False
174,crop_or_resize,52019,780,safe_name_820,Mul,2,1,1,False
174,crop_or_resize,52019,781,safe_name_821,Mul,2,1,1,False
174,crop_or_resize,52019,782,safe_name_822,Mul,2,1,1,False
174,crop_or_resize,52019,783,safe_name_823,Mul,2,1,1,False
174,crop_or_resize,52019,784,safe_name_824,Mul,2,1,1,False
174,crop_or_resize,52019,785,safe_name_825,Sum,9,1,1,False
174,crop_or_resize,52019,786,safe_name_826,Sum,9,1,1,False
174,crop_or_resize,52019,787,safe_name_827,Sub,2,1,1,False
174,crop_or_resize,52019,788,safe_name_828,Concat,10,1,1,False
174,crop_or_resize,52019,789,output,Pad,1,1,1,False
192,sparse_edit_or_object_completion,51968,0,safe_name_10,ReduceSum,2,1,1,False
192,sparse_edit_or_object_completion,51968,1,safe_name_11,Conv,2,1,1,True
192,sparse_edit_or_object_completion,51968,2,safe_name_12,Greater,2,1,1,False
192,sparse_edit_or_object_completion,51968,3,safe_name_13,Cast,1,1,0,False
192,sparse_edit_or_object_completion,51968,4,safe_name_14,ConvTranspose,2,1,1,False
192,sparse_edit_or_object_completion,51968,5,safe_name_15,Greater,2,1,1,False
192,sparse_edit_or_object_completion,51968,6,safe_name_16,Cast,1,1,0,False
192,sparse_edit_or_object_completion,51968,7,safe_name_17,ReduceSum,2,1,1,False
192,sparse_edit_or_object_completion,51968,8,safe_name_18,Slice,4,1,1,True
192,sparse_edit_or_object_completion,51968,9,safe_name_19,ArgMax,1,1,1,False
192,sparse_edit_or_object_completion,51968,10,safe_name_20,Equal,2,1,1,False
192,sparse_edit_or_object_completion,51968,11,safe_name_21,Cast,1,1,0,False
192,sparse_edit_or_object_completion,51968,12,safe_name_22,Cast,1,1,0,False
192,sparse_edit_or_object_completion,51968,13,safe_name_23,Sub,2,1,1,False
192,sparse_edit_or_object_completion,51968,14,safe_name_24,Mul,2,1,1,False
192,sparse_edit_or_object_completion,51968,15,safe_name_25,Concat,2,1,1,False
192,sparse_edit_or_object_completion,51968,16,output,Cast,1,1,1,False
