idx,split,r,c,in_color,out_color,is_zero,dr,dc,h,w,row_from_bottom,col_from_right,row_parity,col_parity,rank,u,d,l,rr,ud_pair,lr_pair,nbr4
0,train,3,6,1,0,1,1,3,9,7,7,3,1,1,1,0,1,0,1,0:1,0:1,0:1:0:1
0,train,3,7,1,6,0,1,4,9,7,7,2,1,0,1,6,1,1,1,6:1,1:1,6:1:1:1
0,train,3,8,1,6,0,1,5,9,7,7,1,1,1,1,6,1,1,1,6:1,1:1,6:1:1:1
0,train,3,9,1,0,1,1,6,9,7,7,0,1,0,1,0,1,1,0,0:1,1:0,0:1:1:0
0,train,4,6,1,6,0,2,3,9,7,6,3,0,1,1,1,1,6,1,1:1,6:1,1:1:6:1
0,train,4,7,1,6,0,2,4,9,7,6,2,0,0,1,1,1,1,1,1:1,1:1,1:1:1:1
0,train,4,8,1,0,1,2,5,9,7,6,1,0,1,1,1,1,1,1,1:1,1:1,1:1:1:1
0,train,4,9,1,0,1,2,6,9,7,6,0,0,0,1,1,1,1,0,1:1,1:0,1:1:1:0
0,train,5,6,1,6,0,3,3,9,7,5,3,1,1,1,1,6,6,1,1:6,6:1,1:6:6:1
0,train,5,7,1,0,1,3,4,9,7,5,2,1,0,1,1,0,1,1,1:0,1:1,1:0:1:1
0,train,5,8,1,0,1,3,5,9,7,5,1,1,1,1,1,0,1,1,1:0,1:1,1:0:1:1
0,train,5,9,1,0,1,3,6,9,7,5,0,1,0,1,1,0,1,0,1:0,1:0,1:0:1:0
1,train,4,0,3,0,1,1,0,8,9,6,8,1,0,1,0,3,-1,3,0:3,-1:3,0:3:-1:3
1,train,4,1,3,0,1,1,1,8,9,6,7,1,1,1,0,3,3,3,0:3,3:3,0:3:3:3
1,train,4,2,3,2,0,1,2,8,9,6,6,1,0,1,0,3,3,3,0:3,3:3,0:3:3:3
1,train,4,3,3,2,0,1,3,8,9,6,5,1,1,1,2,3,3,2,2:3,3:2,2:3:3:2
1,train,5,0,3,0,1,2,0,8,9,5,8,0,0,1,3,3,-1,3,3:3,-1:3,3:3:-1:3
1,train,5,1,3,2,0,2,1,8,9,5,7,0,1,1,3,3,3,3,3:3,3:3,3:3:3:3
1,train,5,2,3,2,0,2,2,8,9,5,6,0,0,1,3,3,3,3,3:3,3:3,3:3:3:3
1,train,5,3,3,2,0,2,3,8,9,5,5,0,1,1,3,3,3,2,3:3,3:2,3:3:3:2
1,train,6,0,3,0,1,3,0,8,9,4,8,1,0,1,3,3,-1,3,3:3,-1:3,3:3:-1:3
1,train,6,1,3,0,1,3,1,8,9,4,7,1,1,1,3,3,3,3,3:3,3:3,3:3:3:3
1,train,6,2,3,2,0,3,2,8,9,4,6,1,0,1,3,3,3,3,3:3,3:3,3:3:3:3
1,train,6,3,3,0,1,3,3,8,9,4,5,1,1,1,3,3,3,2,3:3,3:2,3:3:3:2
1,train,7,0,3,0,1,4,0,8,9,3,8,0,0,1,3,0,-1,3,3:0,-1:3,3:0:-1:3
1,train,7,1,3,0,1,4,1,8,9,3,7,0,1,1,3,0,3,3,3:0,3:3,3:0:3:3
1,train,7,2,3,2,0,4,2,8,9,3,6,0,0,1,3,2,3,3,3:2,3:3,3:2:3:3
1,train,7,3,3,0,1,4,3,8,9,3,5,0,1,1,3,2,3,0,3:2,3:0,3:2:3:0
2,test,6,4,8,0,1,1,0,8,10,6,9,1,0,1,0,8,0,8,0:8,0:8,0:8:0:8
2,test,6,5,8,0,1,1,1,8,10,6,8,1,1,1,0,8,8,8,0:8,8:8,0:8:8:8
2,test,6,6,8,5,0,1,2,8,10,6,7,1,0,1,0,8,8,8,0:8,8:8,0:8:8:8
2,test,6,7,8,0,1,1,3,8,10,6,6,1,1,1,5,8,8,5,5:8,8:5,5:8:8:5
2,test,7,4,8,0,1,2,0,8,10,5,9,0,0,1,8,8,0,8,8:8,0:8,8:8:0:8
2,test,7,5,8,5,0,2,1,8,10,5,8,0,1,1,8,8,8,8,8:8,8:8,8:8:8:8
2,test,7,6,8,5,0,2,2,8,10,5,7,0,0,1,8,8,8,8,8:8,8:8,8:8:8:8
2,test,7,7,8,0,1,2,3,8,10,5,6,0,1,1,8,8,8,0,8:8,8:0,8:8:8:0
2,test,8,4,8,0,1,3,0,8,10,4,9,1,0,1,8,8,0,8,8:8,0:8,8:8:0:8
2,test,8,5,8,5,0,3,1,8,10,4,8,1,1,1,8,8,8,8,8:8,8:8,8:8:8:8
2,test,8,6,8,5,0,3,2,8,10,4,7,1,0,1,8,8,8,8,8:8,8:8,8:8:8:8
2,test,8,7,8,5,0,3,3,8,10,4,6,1,1,1,8,8,8,5,8:8,8:5,8:8:8:5
2,test,9,4,8,0,1,4,0,8,10,3,9,0,0,1,8,8,0,8,8:8,0:8,8:8:0:8
2,test,9,5,8,0,1,4,1,8,10,3,8,0,1,1,8,8,8,8,8:8,8:8,8:8:8:8
2,test,9,6,8,0,1,4,2,8,10,3,7,0,0,1,8,8,8,8,8:8,8:8,8:8:8:8
2,test,9,7,8,0,1,4,3,8,10,3,6,0,1,1,8,8,8,0,8:8,8:0,8:8:8:0
2,test,10,4,8,0,1,5,0,8,10,2,9,1,0,1,8,0,0,8,8:0,0:8,8:0:0:8
2,test,10,5,8,5,0,5,1,8,10,2,8,1,1,1,8,0,8,8,8:0,8:8,8:0:8:8
2,test,10,6,8,5,0,5,2,8,10,2,7,1,0,1,8,5,8,8,8:5,8:8,8:5:8:8
2,test,10,7,8,5,0,5,3,8,10,2,6,1,1,1,8,5,8,5,8:5,8:5,8:5:8:5
3,arc-gen,3,7,1,7,0,1,5,5,9,3,3,1,1,1,7,1,7,1,7:1,7:1,7:1:7:1
3,arc-gen,3,8,1,7,0,1,6,5,9,3,2,1,0,1,0,1,1,1,0:1,1:1,0:1:1:1
3,arc-gen,3,9,1,7,0,1,7,5,9,3,1,1,1,1,0,1,1,1,0:1,1:1,0:1:1:1
3,arc-gen,3,10,1,0,1,1,8,5,9,3,0,1,0,1,0,1,1,0,0:1,1:0,0:1:1:0
3,arc-gen,4,7,1,7,0,2,5,5,9,2,3,0,1,1,1,1,0,1,1:1,0:1,1:1:0:1
3,arc-gen,4,8,1,7,0,2,6,5,9,2,2,0,0,1,1,1,1,1,1:1,1:1,1:1:1:1
3,arc-gen,4,9,1,0,1,2,7,5,9,2,1,0,1,1,1,1,1,1,1:1,1:1,1:1:1:1
3,arc-gen,4,10,1,0,1,2,8,5,9,2,0,0,0,1,1,1,1,0,1:1,1:0,1:1:1:0
3,arc-gen,5,7,1,0,1,3,5,5,9,1,3,1,1,1,1,0,0,1,1:0,0:1,1:0:0:1
3,arc-gen,5,8,1,7,0,3,6,5,9,1,2,1,0,1,1,7,1,1,1:7,1:1,1:7:1:1
3,arc-gen,5,9,1,0,1,3,7,5,9,1,1,1,1,1,1,0,1,1,1:0,1:1,1:0:1:1
3,arc-gen,5,10,1,0,1,3,8,5,9,1,0,1,0,1,1,0,1,0,1:0,1:0,1:0:1:0
4,arc-gen,3,1,4,0,1,1,0,6,9,4,8,1,0,0,0,4,0,4,0:4,0:4,0:4:0:4
4,arc-gen,3,2,4,0,1,1,1,6,9,4,7,1,1,0,0,4,4,4,0:4,4:4,0:4:4:4
4,arc-gen,3,3,4,6,0,1,2,6,9,4,6,1,0,0,6,4,4,4,6:4,4:4,6:4:4:4
4,arc-gen,3,4,4,6,0,1,3,6,9,4,5,1,1,0,6,4,4,6,6:4,4:6,6:4:4:6
4,arc-gen,4,1,4,0,1,2,0,6,9,3,8,0,0,0,4,4,0,4,4:4,0:4,4:4:0:4
4,arc-gen,4,2,4,0,1,2,1,6,9,3,7,0,1,0,4,4,4,4,4:4,4:4,4:4:4:4
4,arc-gen,4,3,4,6,0,2,2,6,9,3,6,0,0,0,4,4,4,4,4:4,4:4,4:4:4:4
4,arc-gen,4,4,4,0,1,2,3,6,9,3,5,0,1,0,4,4,4,0,4:4,4:0,4:4:4:0
4,arc-gen,5,1,4,0,1,3,0,6,9,2,8,1,0,0,4,4,0,4,4:4,0:4,4:4:0:4
4,arc-gen,5,2,4,0,1,3,1,6,9,2,7,1,1,0,4,4,4,4,4:4,4:4,4:4:4:4
4,arc-gen,5,3,4,0,1,3,2,6,9,2,6,1,0,0,4,4,4,4,4:4,4:4,4:4:4:4
4,arc-gen,5,4,4,0,1,3,3,6,9,2,5,1,1,0,4,4,4,0,4:4,4:0,4:4:4:0
4,arc-gen,6,1,4,0,1,4,0,6,9,1,8,0,0,0,4,4,0,4,4:4,0:4,4:4:0:4
4,arc-gen,6,2,4,0,1,4,1,6,9,1,7,0,1,0,4,4,4,4,4:4,4:4,4:4:4:4
4,arc-gen,6,3,4,0,1,4,2,6,9,1,6,0,0,0,4,4,4,4,4:4,4:4,4:4:4:4
4,arc-gen,6,4,4,0,1,4,3,6,9,1,5,0,1,0,4,4,4,0,4:4,4:0,4:4:4:0
4,arc-gen,7,1,4,0,1,5,0,6,9,0,8,1,0,0,4,0,0,4,4:0,0:4,4:0:0:4
4,arc-gen,7,2,4,0,1,5,1,6,9,0,7,1,1,0,4,0,4,4,4:0,4:4,4:0:4:4
4,arc-gen,7,3,4,0,1,5,2,6,9,0,6,1,0,0,4,0,4,4,4:0,4:4,4:0:4:4
4,arc-gen,7,4,4,0,1,5,3,6,9,0,5,1,1,0,4,0,4,0,4:0,4:0,4:0:4:0
5,arc-gen,5,9,5,2,0,1,5,5,9,3,3,1,1,1,2,5,2,5,2:5,2:5,2:5:2:5
5,arc-gen,5,10,5,2,0,1,6,5,9,3,2,1,0,1,2,5,5,5,2:5,5:5,2:5:5:5
5,arc-gen,5,11,5,0,1,1,7,5,9,3,1,1,1,1,2,5,5,5,2:5,5:5,2:5:5:5
5,arc-gen,5,12,5,0,1,1,8,5,9,3,0,1,0,1,0,5,5,0,0:5,5:0,0:5:5:0
5,arc-gen,6,9,5,0,1,2,5,5,9,2,3,0,1,1,5,5,0,5,5:5,0:5,5:5:0:5
5,arc-gen,6,10,5,2,0,2,6,5,9,2,2,0,0,1,5,5,5,5,5:5,5:5,5:5:5:5
5,arc-gen,6,11,5,2,0,2,7,5,9,2,1,0,1,1,5,5,5,5,5:5,5:5,5:5:5:5
5,arc-gen,6,12,5,0,1,2,8,5,9,2,0,0,0,1,5,5,5,0,5:5,5:0,5:5:5:0
5,arc-gen,7,9,5,0,1,3,5,5,9,1,3,1,1,1,5,5,0,5,5:5,0:5,5:5:0:5
5,arc-gen,7,10,5,2,0,3,6,5,9,1,2,1,0,1,5,5,5,5,5:5,5:5,5:5:5:5
5,arc-gen,7,11,5,2,0,3,7,5,9,1,1,1,1,1,5,5,5,5,5:5,5:5,5:5:5:5
5,arc-gen,7,12,5,0,1,3,8,5,9,1,0,1,0,1,5,5,5,0,5:5,5:0,5:5:5:0
5,arc-gen,8,9,5,0,1,4,5,5,9,0,3,0,1,1,5,0,0,5,5:0,0:5,5:0:0:5
5,arc-gen,8,10,5,0,1,4,6,5,9,0,2,0,0,1,5,0,5,5,5:0,5:5,5:0:5:5
5,arc-gen,8,11,5,0,1,4,7,5,9,0,1,0,1,1,5,0,5,5,5:0,5:5,5:0:5:5
5,arc-gen,8,12,5,0,1,4,8,5,9,0,0,0,0,1,5,0,5,0,5:0,5:0,5:0:5:0
6,arc-gen,6,8,3,8,0,2,5,6,9,3,3,0,1,1,8,3,8,3,8:3,8:3,8:3:8:3
6,arc-gen,6,9,3,8,0,2,6,6,9,3,2,0,0,1,8,3,3,3,8:3,3:3,8:3:3:3
6,arc-gen,6,10,3,8,0,2,7,6,9,3,1,0,1,1,8,3,3,3,8:3,3:3,8:3:3:3
6,arc-gen,6,11,3,0,1,2,8,6,9,3,0,0,0,1,0,3,3,0,0:3,3:0,0:3:3:0
6,arc-gen,7,8,3,8,0,3,5,6,9,2,3,1,1,1,3,3,8,3,3:3,8:3,3:3:8:3
6,arc-gen,7,9,3,8,0,3,6,6,9,2,2,1,0,1,3,3,3,3,3:3,3:3,3:3:3:3
6,arc-gen,7,10,3,8,0,3,7,6,9,2,1,1,1,1,3,3,3,3,3:3,3:3,3:3:3:3
6,arc-gen,7,11,3,0,1,3,8,6,9,2,0,1,0,1,3,3,3,0,3:3,3:0,3:3:3:0
6,arc-gen,8,8,3,8,0,4,5,6,9,1,3,0,1,1,3,0,8,3,3:0,8:3,3:0:8:3
6,arc-gen,8,9,3,0,1,4,6,6,9,1,2,0,0,1,3,0,3,3,3:0,3:3,3:0:3:3
6,arc-gen,8,10,3,8,0,4,7,6,9,1,1,0,1,1,3,0,3,3,3:0,3:3,3:0:3:3
6,arc-gen,8,11,3,0,1,4,8,6,9,1,0,0,0,1,3,0,3,0,3:0,3:0,3:0:3:0
7,arc-gen,3,11,7,2,0,1,4,7,8,5,3,1,0,1,2,7,2,7,2:7,2:7,2:7:2:7
7,arc-gen,3,12,7,0,1,1,5,7,8,5,2,1,1,1,2,7,7,7,2:7,7:7,2:7:7:7
7,arc-gen,3,13,7,0,1,1,6,7,8,5,1,1,0,1,2,7,7,7,2:7,7:7,2:7:7:7
7,arc-gen,3,14,7,0,1,1,7,7,8,5,0,1,1,1,0,7,7,0,0:7,7:0,0:7:7:0
7,arc-gen,4,11,7,2,0,2,4,7,8,4,3,0,0,1,7,7,2,7,7:7,2:7,7:7:2:7
7,arc-gen,4,12,7,2,0,2,5,7,8,4,2,0,1,1,7,7,7,7,7:7,7:7,7:7:7:7
7,arc-gen,4,13,7,2,0,2,6,7,8,4,1,0,0,1,7,7,7,7,7:7,7:7,7:7:7:7
7,arc-gen,4,14,7,0,1,2,7,7,8,4,0,0,1,1,7,7,7,0,7:7,7:0,7:7:7:0
7,arc-gen,5,11,7,2,0,3,4,7,8,3,3,1,0,1,7,7,2,7,7:7,2:7,7:7:2:7
7,arc-gen,5,12,7,2,0,3,5,7,8,3,2,1,1,1,7,7,7,7,7:7,7:7,7:7:7:7
7,arc-gen,5,13,7,2,0,3,6,7,8,3,1,1,0,1,7,7,7,7,7:7,7:7,7:7:7:7
7,arc-gen,5,14,7,0,1,3,7,7,8,3,0,1,1,1,7,7,7,0,7:7,7:0,7:7:7:0
7,arc-gen,6,11,7,2,0,4,4,7,8,2,3,0,0,1,7,7,2,7,7:7,2:7,7:7:2:7
7,arc-gen,6,12,7,2,0,4,5,7,8,2,2,0,1,1,7,7,7,7,7:7,7:7,7:7:7:7
7,arc-gen,6,13,7,2,0,4,6,7,8,2,1,0,0,1,7,7,7,7,7:7,7:7,7:7:7:7
7,arc-gen,6,14,7,0,1,4,7,7,8,2,0,0,1,1,7,7,7,0,7:7,7:0,7:7:7:0
7,arc-gen,7,11,7,2,0,5,4,7,8,1,3,1,0,1,7,0,2,7,7:0,2:7,7:0:2:7
7,arc-gen,7,12,7,2,0,5,5,7,8,1,2,1,1,1,7,2,7,7,7:2,7:7,7:2:7:7
7,arc-gen,7,13,7,0,1,5,6,7,8,1,1,1,0,1,7,2,7,7,7:2,7:7,7:2:7:7
7,arc-gen,7,14,7,0,1,5,7,7,8,1,0,1,1,1,7,0,7,0,7:0,7:0,7:0:7:0
8,arc-gen,6,5,5,0,1,2,0,6,8,3,7,0,0,1,7,5,0,5,7:5,0:5,7:5:0:5
8,arc-gen,6,6,5,0,1,2,1,6,8,3,6,0,1,1,7,5,5,5,7:5,5:5,7:5:5:5
8,arc-gen,6,7,5,7,0,2,2,6,8,3,5,0,0,1,7,5,5,5,7:5,5:5,7:5:5:5
8,arc-gen,6,8,5,7,0,2,3,6,8,3,4,0,1,1,7,5,5,7,7:5,5:7,7:5:5:7
8,arc-gen,7,5,5,0,1,3,0,6,8,2,7,1,0,1,5,5,0,5,5:5,0:5,5:5:0:5
8,arc-gen,7,6,5,0,1,3,1,6,8,2,6,1,1,1,5,5,5,5,5:5,5:5,5:5:5:5
8,arc-gen,7,7,5,0,1,3,2,6,8,2,5,1,0,1,5,5,5,5,5:5,5:5,5:5:5:5
8,arc-gen,7,8,5,7,0,3,3,6,8,2,4,1,1,1,5,5,5,7,5:5,5:7,5:5:5:7
8,arc-gen,8,5,5,0,1,4,0,6,8,1,7,0,0,1,5,7,0,5,5:7,0:5,5:7:0:5
8,arc-gen,8,6,5,7,0,4,1,6,8,1,6,0,1,1,5,7,5,5,5:7,5:5,5:7:5:5
8,arc-gen,8,7,5,7,0,4,2,6,8,1,5,0,0,1,5,0,5,5,5:0,5:5,5:0:5:5
8,arc-gen,8,8,5,7,0,4,3,6,8,1,4,0,1,1,5,7,5,7,5:7,5:7,5:7:5:7
9,arc-gen,3,2,9,0,1,1,0,5,9,3,8,1,0,1,0,9,0,9,0:9,0:9,0:9:0:9
9,arc-gen,3,3,9,0,1,1,1,5,9,3,7,1,1,1,0,9,9,9,0:9,9:9,0:9:9:9
9,arc-gen,3,4,9,7,0,1,2,5,9,3,6,1,0,1,0,9,9,9,0:9,9:9,0:9:9:9
9,arc-gen,3,5,9,7,0,1,3,5,9,3,5,1,1,1,7,9,9,7,7:9,9:7,7:9:9:7
9,arc-gen,4,2,9,0,1,2,0,5,9,2,8,0,0,1,9,9,0,9,9:9,0:9,9:9:0:9
9,arc-gen,4,3,9,0,1,2,1,5,9,2,7,0,1,1,9,9,9,9,9:9,9:9,9:9:9:9
9,arc-gen,4,4,9,7,0,2,2,5,9,2,6,0,0,1,9,9,9,9,9:9,9:9,9:9:9:9
9,arc-gen,4,5,9,7,0,2,3,5,9,2,5,0,1,1,9,9,9,0,9:9,9:0,9:9:9:0
9,arc-gen,5,2,9,0,1,3,0,5,9,1,8,1,0,1,9,0,0,9,9:0,0:9,9:0:0:9
9,arc-gen,5,3,9,0,1,3,1,5,9,1,7,1,1,1,9,0,9,9,9:0,9:9,9:0:9:9
9,arc-gen,5,4,9,7,0,3,2,5,9,1,6,1,0,1,9,7,9,9,9:7,9:9,9:7:9:9
9,arc-gen,5,5,9,7,0,3,3,5,9,1,5,1,1,1,9,7,9,7,9:7,9:7,9:7:9:7
10,arc-gen,5,11,3,0,1,2,5,8,9,5,3,0,1,1,1,3,1,3,1:3,1:3,1:3:1:3
10,arc-gen,5,12,3,0,1,2,6,8,9,5,2,0,0,1,1,3,3,3,1:3,3:3,1:3:3:3
10,arc-gen,5,13,3,0,1,2,7,8,9,5,1,0,1,1,0,3,3,3,0:3,3:3,0:3:3:3
10,arc-gen,5,14,3,0,1,2,8,8,9,5,0,0,0,1,0,3,3,0,0:3,3:0,0:3:3:0
10,arc-gen,6,11,3,1,0,3,5,8,9,4,3,1,1,1,3,3,1,3,3:3,1:3,3:3:1:3
10,arc-gen,6,12,3,1,0,3,6,8,9,4,2,1,0,1,3,3,3,3,3:3,3:3,3:3:3:3
10,arc-gen,6,13,3,0,1,3,7,8,9,4,1,1,1,1,3,3,3,3,3:3,3:3,3:3:3:3
10,arc-gen,6,14,3,0,1,3,8,8,9,4,0,1,0,1,3,3,3,0,3:3,3:0,3:3:3:0
10,arc-gen,7,11,3,1,0,4,5,8,9,3,3,0,1,1,3,3,0,3,3:3,0:3,3:3:0:3
10,arc-gen,7,12,3,0,1,4,6,8,9,3,2,0,0,1,3,3,3,3,3:3,3:3,3:3:3:3
10,arc-gen,7,13,3,0,1,4,7,8,9,3,1,0,1,1,3,3,3,3,3:3,3:3,3:3:3:3
10,arc-gen,7,14,3,0,1,4,8,8,9,3,0,0,0,1,3,3,3,0,3:3,3:0,3:3:3:0
10,arc-gen,8,11,3,1,0,5,5,8,9,2,3,1,1,1,3,1,1,3,3:1,1:3,3:1:1:3
10,arc-gen,8,12,3,1,0,5,6,8,9,2,2,1,0,1,3,1,3,3,3:1,3:3,3:1:3:3
10,arc-gen,8,13,3,0,1,5,7,8,9,2,1,1,1,1,3,0,3,3,3:0,3:3,3:0:3:3
10,arc-gen,8,14,3,0,1,5,8,8,9,2,0,1,0,1,3,0,3,0,3:0,3:0,3:0:3:0
11,arc-gen,5,7,4,1,0,1,4,5,8,3,3,1,0,0,1,4,1,4,1:4,1:4,1:4:1:4
11,arc-gen,5,8,4,1,0,1,5,5,8,3,2,1,1,0,1,4,4,4,1:4,4:4,1:4:4:4
11,arc-gen,5,9,4,1,0,1,6,5,8,3,1,1,0,0,1,4,4,4,1:4,4:4,1:4:4:4
11,arc-gen,5,10,4,0,1,1,7,5,8,3,0,1,1,0,1,4,4,0,1:4,4:0,1:4:4:0
11,arc-gen,6,7,4,1,0,2,4,5,8,2,3,0,0,0,4,4,1,4,4:4,1:4,4:4:1:4
11,arc-gen,6,8,4,1,0,2,5,5,8,2,2,0,1,0,4,4,4,4,4:4,4:4,4:4:4:4
11,arc-gen,6,9,4,0,1,2,6,5,8,2,1,0,0,0,4,4,4,4,4:4,4:4,4:4:4:4
11,arc-gen,6,10,4,0,1,2,7,5,8,2,0,0,1,0,4,4,4,0,4:4,4:0,4:4:4:0
11,arc-gen,7,7,4,0,1,3,4,5,8,1,3,1,0,0,4,4,0,4,4:4,0:4,4:4:0:4
11,arc-gen,7,8,4,1,0,3,5,5,8,1,2,1,1,0,4,4,4,4,4:4,4:4,4:4:4:4
11,arc-gen,7,9,4,0,1,3,6,5,8,1,1,1,0,0,4,4,4,4,4:4,4:4,4:4:4:4
11,arc-gen,7,10,4,0,1,3,7,5,8,1,0,1,1,0,4,4,4,0,4:4,4:0,4:4:4:0
11,arc-gen,8,7,4,0,1,4,4,5,8,0,3,0,0,0,4,0,0,4,4:0,0:4,4:0:0:4
11,arc-gen,8,8,4,0,1,4,5,5,8,0,2,0,1,0,4,0,4,4,4:0,4:4,4:0:4:4
11,arc-gen,8,9,4,0,1,4,6,5,8,0,1,0,0,0,4,0,4,4,4:0,4:4,4:0:4:4
11,arc-gen,8,10,4,0,1,4,7,5,8,0,0,0,1,0,4,0,4,0,4:0,4:0,4:0:4:0
12,arc-gen,5,4,7,0,1,2,0,8,9,5,8,0,0,1,0,7,0,7,0:7,0:7,0:7:0:7
12,arc-gen,5,5,7,0,1,2,1,8,9,5,7,0,1,1,0,7,7,7,0:7,7:7,0:7:7:7
12,arc-gen,5,6,7,8,0,2,2,8,9,5,6,0,0,1,0,7,7,7,0:7,7:7,0:7:7:7
12,arc-gen,5,7,7,8,0,2,3,8,9,5,5,0,1,1,8,7,7,8,8:7,7:8,8:7:7:8
12,arc-gen,6,4,7,0,1,3,0,8,9,4,8,1,0,1,7,7,0,7,7:7,0:7,7:7:0:7
12,arc-gen,6,5,7,0,1,3,1,8,9,4,7,1,1,1,7,7,7,7,7:7,7:7,7:7:7:7
12,arc-gen,6,6,7,8,0,3,2,8,9,4,6,1,0,1,7,7,7,7,7:7,7:7,7:7:7:7
12,arc-gen,6,7,7,8,0,3,3,8,9,4,5,1,1,1,7,7,7,8,7:7,7:8,7:7:7:8
12,arc-gen,7,4,7,0,1,4,0,8,9,3,8,0,0,1,7,0,0,7,7:0,0:7,7:0:0:7
12,arc-gen,7,5,7,0,1,4,1,8,9,3,7,0,1,1,7,0,7,7,7:0,7:7,7:0:7:7
12,arc-gen,7,6,7,0,1,4,2,8,9,3,6,0,0,1,7,0,7,7,7:0,7:7,7:0:7:7
12,arc-gen,7,7,7,0,1,4,3,8,9,3,5,0,1,1,7,0,7,8,7:0,7:8,7:0:7:8
13,arc-gen,3,1,3,0,1,1,0,4,8,2,7,1,0,1,0,3,0,3,0:3,0:3,0:3:0:3
13,arc-gen,3,2,3,0,1,1,1,4,8,2,6,1,1,1,0,3,3,3,0:3,3:3,0:3:3:3
13,arc-gen,3,3,3,0,1,1,2,4,8,2,5,1,0,1,0,3,3,3,0:3,3:3,0:3:3:3
13,arc-gen,3,4,3,0,1,1,3,4,8,2,4,1,1,1,4,3,3,4,4:3,3:4,4:3:3:4
13,arc-gen,4,1,3,0,1,2,0,4,8,1,7,0,0,1,3,3,0,3,3:3,0:3,3:3:0:3
13,arc-gen,4,2,3,0,1,2,1,4,8,1,6,0,1,1,3,3,3,3,3:3,3:3,3:3:3:3
13,arc-gen,4,3,3,0,1,2,2,4,8,1,5,0,0,1,3,3,3,3,3:3,3:3,3:3:3:3
13,arc-gen,4,4,3,4,0,2,3,4,8,1,4,0,1,1,3,3,3,4,3:3,3:4,3:3:3:4
13,arc-gen,5,1,3,0,1,3,0,4,8,0,7,1,0,1,3,0,0,3,3:0,0:3,3:0:0:3
13,arc-gen,5,2,3,0,1,3,1,4,8,0,6,1,1,1,3,0,3,3,3:0,3:3,3:0:3:3
13,arc-gen,5,3,3,0,1,3,2,4,8,0,5,1,0,1,3,0,3,3,3:0,3:3,3:0:3:3
13,arc-gen,5,4,3,0,1,3,3,4,8,0,4,1,1,1,3,0,3,0,3:0,3:0,3:0:3:0
14,arc-gen,5,1,3,0,1,2,0,7,9,4,8,0,0,1,0,3,0,3,0:3,0:3,0:3:0:3
14,arc-gen,5,2,3,0,1,2,1,7,9,4,7,0,1,1,0,3,3,3,0:3,3:3,0:3:3:3
14,arc-gen,5,3,3,7,0,2,2,7,9,4,6,0,0,1,7,3,3,3,7:3,3:3,7:3:3:3
14,arc-gen,5,4,3,7,0,2,3,7,9,4,5,0,1,1,0,3,3,7,0:3,3:7,0:3:3:7
14,arc-gen,6,1,3,0,1,3,0,7,9,3,8,1,0,1,3,3,0,3,3:3,0:3,3:3:0:3
14,arc-gen,6,2,3,0,1,3,1,7,9,3,7,1,1,1,3,3,3,3,3:3,3:3,3:3:3:3
14,arc-gen,6,3,3,0,1,3,2,7,9,3,6,1,0,1,3,3,3,3,3:3,3:3,3:3:3:3
14,arc-gen,6,4,3,7,0,3,3,7,9,3,5,1,1,1,3,3,3,7,3:3,3:7,3:3:3:7
14,arc-gen,7,1,3,0,1,4,0,7,9,2,8,0,0,1,3,3,0,3,3:3,0:3,3:3:0:3
14,arc-gen,7,2,3,0,1,4,1,7,9,2,7,0,1,1,3,3,3,3,3:3,3:3,3:3:3:3
14,arc-gen,7,3,3,0,1,4,2,7,9,2,6,0,0,1,3,3,3,3,3:3,3:3,3:3:3:3
14,arc-gen,7,4,3,7,0,4,3,7,9,2,5,0,1,1,3,3,3,0,3:3,3:0,3:3:3:0
14,arc-gen,8,1,3,0,1,5,0,7,9,1,8,1,0,1,3,3,0,3,3:3,0:3,3:3:0:3
14,arc-gen,8,2,3,0,1,5,1,7,9,1,7,1,1,1,3,3,3,3,3:3,3:3,3:3:3:3
14,arc-gen,8,3,3,0,1,5,2,7,9,1,6,1,0,1,3,3,3,3,3:3,3:3,3:3:3:3
14,arc-gen,8,4,3,0,1,5,3,7,9,1,5,1,1,1,3,3,3,0,3:3,3:0,3:3:3:0
14,arc-gen,9,1,3,0,1,6,0,7,9,0,8,0,0,1,3,0,0,3,3:0,0:3,3:0:0:3
14,arc-gen,9,2,3,0,1,6,1,7,9,0,7,0,1,1,3,0,3,3,3:0,3:3,3:0:3:3
14,arc-gen,9,3,3,0,1,6,2,7,9,0,6,0,0,1,3,0,3,3,3:0,3:3,3:0:3:3
14,arc-gen,9,4,3,0,1,6,3,7,9,0,5,0,1,1,3,0,3,0,3:0,3:0,3:0:3:0
15,arc-gen,6,1,9,0,1,1,0,5,8,3,7,1,0,0,0,9,0,9,0:9,0:9,0:9:0:9
15,arc-gen,6,2,9,8,0,1,1,5,8,3,6,1,1,0,8,9,9,9,8:9,9:9,8:9:9:9
15,arc-gen,6,3,9,8,0,1,2,5,8,3,5,1,0,0,8,9,9,9,8:9,9:9,8:9:9:9
15,arc-gen,6,4,9,8,0,1,3,5,8,3,4,1,1,0,8,9,9,8,8:9,9:8,8:9:9:8
15,arc-gen,7,1,9,0,1,2,0,5,8,2,7,0,0,0,9,9,0,9,9:9,0:9,9:9:0:9
15,arc-gen,7,2,9,0,1,2,1,5,8,2,6,0,1,0,9,9,9,9,9:9,9:9,9:9:9:9
15,arc-gen,7,3,9,0,1,2,2,5,8,2,5,0,0,0,9,9,9,9,9:9,9:9,9:9:9:9
15,arc-gen,7,4,9,8,0,2,3,5,8,2,4,0,1,0,9,9,9,8,9:9,9:8,9:9:9:8
15,arc-gen,8,1,9,0,1,3,0,5,8,1,7,1,0,0,9,9,0,9,9:9,0:9,9:9:0:9
15,arc-gen,8,2,9,0,1,3,1,5,8,1,6,1,1,0,9,9,9,9,9:9,9:9,9:9:9:9
15,arc-gen,8,3,9,0,1,3,2,5,8,1,5,1,0,0,9,9,9,9,9:9,9:9,9:9:9:9
15,arc-gen,8,4,9,0,1,3,3,5,8,1,4,1,1,0,9,9,9,0,9:9,9:0,9:9:9:0
15,arc-gen,9,1,9,0,1,4,0,5,8,0,7,0,0,0,9,0,0,9,9:0,0:9,9:0:0:9
15,arc-gen,9,2,9,0,1,4,1,5,8,0,6,0,1,0,9,0,9,9,9:0,9:9,9:0:9:9
15,arc-gen,9,3,9,0,1,4,2,5,8,0,5,0,0,0,9,0,9,9,9:0,9:9,9:0:9:9
15,arc-gen,9,4,9,0,1,4,3,5,8,0,4,0,1,0,9,0,9,0,9:0,9:0,9:0:9:0
16,arc-gen,5,9,8,6,0,2,5,7,9,4,3,0,1,1,6,8,6,8,6:8,6:8,6:8:6:8
16,arc-gen,5,10,8,6,0,2,6,7,9,4,2,0,0,1,6,8,8,8,6:8,8:8,6:8:8:8
16,arc-gen,5,11,8,6,0,2,7,7,9,4,1,0,1,1,6,8,8,8,6:8,8:8,6:8:8:8
16,arc-gen,5,12,8,0,1,2,8,7,9,4,0,0,0,1,0,8,8,0,0:8,8:0,0:8:8:0
16,arc-gen,6,9,8,6,0,3,5,7,9,3,3,1,1,1,8,8,6,8,8:8,6:8,8:8:6:8
16,arc-gen,6,10,8,6,0,3,6,7,9,3,2,1,0,1,8,8,8,8,8:8,8:8,8:8:8:8
16,arc-gen,6,11,8,6,0,3,7,7,9,3,1,1,1,1,8,8,8,8,8:8,8:8,8:8:8:8
16,arc-gen,6,12,8,0,1,3,8,7,9,3,0,1,0,1,8,8,8,0,8:8,8:0,8:8:8:0
16,arc-gen,7,9,8,0,1,4,5,7,9,2,3,0,1,1,8,8,0,8,8:8,0:8,8:8:0:8
16,arc-gen,7,10,8,6,0,4,6,7,9,2,2,0,0,1,8,8,8,8,8:8,8:8,8:8:8:8
16,arc-gen,7,11,8,6,0,4,7,7,9,2,1,0,1,1,8,8,8,8,8:8,8:8,8:8:8:8
16,arc-gen,7,12,8,0,1,4,8,7,9,2,0,0,0,1,8,8,8,0,8:8,8:0,8:8:8:0
16,arc-gen,8,9,8,0,1,5,5,7,9,1,3,1,1,1,8,8,0,8,8:8,0:8,8:8:0:8
16,arc-gen,8,10,8,6,0,5,6,7,9,1,2,1,0,1,8,8,8,8,8:8,8:8,8:8:8:8
16,arc-gen,8,11,8,6,0,5,7,7,9,1,1,1,1,1,8,8,8,8,8:8,8:8,8:8:8:8
16,arc-gen,8,12,8,0,1,5,8,7,9,1,0,1,0,1,8,8,8,0,8:8,8:0,8:8:8:0
16,arc-gen,9,9,8,0,1,6,5,7,9,0,3,0,1,1,8,0,0,8,8:0,0:8,8:0:0:8
16,arc-gen,9,10,8,0,1,6,6,7,9,0,2,0,0,1,8,0,8,8,8:0,8:8,8:0:8:8
16,arc-gen,9,11,8,6,0,6,7,7,9,0,1,0,1,1,8,0,8,8,8:0,8:8,8:0:8:8
16,arc-gen,9,12,8,0,1,6,8,7,9,0,0,0,0,1,8,0,8,0,8:0,8:0,8:0:8:0
17,arc-gen,4,10,9,1,0,2,5,6,9,3,3,0,1,1,1,9,1,9,1:9,1:9,1:9:1:9
17,arc-gen,4,11,9,1,0,2,6,6,9,3,2,0,0,1,1,9,9,9,1:9,9:9,1:9:9:9
17,arc-gen,4,12,9,0,1,2,7,6,9,3,1,0,1,1,0,9,9,9,0:9,9:9,0:9:9:9
17,arc-gen,4,13,9,0,1,2,8,6,9,3,0,0,0,1,0,9,9,0,0:9,9:0,0:9:9:0
17,arc-gen,5,10,9,0,1,3,5,6,9,2,3,1,1,1,9,9,1,9,9:9,1:9,9:9:1:9
17,arc-gen,5,11,9,1,0,3,6,6,9,2,2,1,0,1,9,9,9,9,9:9,9:9,9:9:9:9
17,arc-gen,5,12,9,0,1,3,7,6,9,2,1,1,1,1,9,9,9,9,9:9,9:9,9:9:9:9
17,arc-gen,5,13,9,0,1,3,8,6,9,2,0,1,0,1,9,9,9,0,9:9,9:0,9:9:9:0
17,arc-gen,6,10,9,0,1,4,5,6,9,1,3,0,1,1,9,1,1,9,9:1,1:9,9:1:1:9
17,arc-gen,6,11,9,1,0,4,6,6,9,1,2,0,0,1,9,1,9,9,9:1,9:9,9:1:9:9
17,arc-gen,6,12,9,0,1,4,7,6,9,1,1,0,1,1,9,0,9,9,9:0,9:9,9:0:9:9
17,arc-gen,6,13,9,0,1,4,8,6,9,1,0,0,0,1,9,0,9,0,9:0,9:0,9:0:9:0
18,arc-gen,4,1,5,0,1,2,0,7,9,4,8,0,0,0,0,5,0,5,0:5,0:5,0:5:0:5
18,arc-gen,4,2,5,0,1,2,1,7,9,4,7,0,1,0,0,5,5,5,0:5,5:5,0:5:5:5
18,arc-gen,4,3,5,0,1,2,2,7,9,4,6,0,0,0,0,5,5,5,0:5,5:5,0:5:5:5
18,arc-gen,4,4,5,8,0,2,3,7,9,4,5,0,1,0,8,5,5,8,8:5,5:8,8:5:5:8
18,arc-gen,5,1,5,0,1,3,0,7,9,3,8,1,0,0,5,5,0,5,5:5,0:5,5:5:0:5
18,arc-gen,5,2,5,0,1,3,1,7,9,3,7,1,1,0,5,5,5,5,5:5,5:5,5:5:5:5
18,arc-gen,5,3,5,0,1,3,2,7,9,3,6,1,0,0,5,5,5,5,5:5,5:5,5:5:5:5
18,arc-gen,5,4,5,8,0,3,3,7,9,3,5,1,1,0,5,5,5,0,5:5,5:0,5:5:5:0
18,arc-gen,6,1,5,0,1,4,0,7,9,2,8,0,0,0,5,5,0,5,5:5,0:5,5:5:0:5
18,arc-gen,6,2,5,0,1,4,1,7,9,2,7,0,1,0,5,5,5,5,5:5,5:5,5:5:5:5
18,arc-gen,6,3,5,0,1,4,2,7,9,2,6,0,0,0,5,5,5,5,5:5,5:5,5:5:5:5
18,arc-gen,6,4,5,0,1,4,3,7,9,2,5,0,1,0,5,5,5,0,5:5,5:0,5:5:5:0
18,arc-gen,7,1,5,0,1,5,0,7,9,1,8,1,0,0,5,5,0,5,5:5,0:5,5:5:0:5
18,arc-gen,7,2,5,0,1,5,1,7,9,1,7,1,1,0,5,5,5,5,5:5,5:5,5:5:5:5
18,arc-gen,7,3,5,0,1,5,2,7,9,1,6,1,0,0,5,5,5,5,5:5,5:5,5:5:5:5
18,arc-gen,7,4,5,0,1,5,3,7,9,1,5,1,1,0,5,5,5,0,5:5,5:0,5:5:5:0
18,arc-gen,8,1,5,0,1,6,0,7,9,0,8,0,0,0,5,0,0,5,5:0,0:5,5:0:0:5
18,arc-gen,8,2,5,0,1,6,1,7,9,0,7,0,1,0,5,0,5,5,5:0,5:5,5:0:5:5
18,arc-gen,8,3,5,0,1,6,2,7,9,0,6,0,0,0,5,0,5,5,5:0,5:5,5:0:5:5
18,arc-gen,8,4,5,0,1,6,3,7,9,0,5,0,1,0,5,0,5,0,5:0,5:0,5:0:5:0
19,arc-gen,7,9,5,0,1,2,4,6,8,3,3,0,0,1,1,5,1,5,1:5,1:5,1:5:1:5
19,arc-gen,7,10,5,1,0,2,5,6,8,3,2,0,1,1,1,5,5,5,1:5,5:5,1:5:5:5
19,arc-gen,7,11,5,1,0,2,6,6,8,3,1,0,0,1,1,5,5,5,1:5,5:5,1:5:5:5
19,arc-gen,7,12,5,0,1,2,7,6,8,3,0,0,1,1,0,5,5,0,0:5,5:0,0:5:5:0
19,arc-gen,8,9,5,1,0,3,4,6,8,2,3,1,0,1,5,5,1,5,5:5,1:5,5:5:1:5
19,arc-gen,8,10,5,1,0,3,5,6,8,2,2,1,1,1,5,5,5,5,5:5,5:5,5:5:5:5
19,arc-gen,8,11,5,1,0,3,6,6,8,2,1,1,0,1,5,5,5,5,5:5,5:5,5:5:5:5
19,arc-gen,8,12,5,0,1,3,7,6,8,2,0,1,1,1,5,5,5,0,5:5,5:0,5:5:5:0
19,arc-gen,9,9,5,1,0,4,4,6,8,1,3,0,0,1,5,5,1,5,5:5,1:5,5:5:1:5
19,arc-gen,9,10,5,0,1,4,5,6,8,1,2,0,1,1,5,5,5,5,5:5,5:5,5:5:5:5
19,arc-gen,9,11,5,1,0,4,6,6,8,1,1,0,0,1,5,5,5,5,5:5,5:5,5:5:5:5
19,arc-gen,9,12,5,0,1,4,7,6,8,1,0,0,1,1,5,5,5,0,5:5,5:0,5:5:5:0
19,arc-gen,10,9,5,0,1,5,4,6,8,0,3,1,0,1,5,0,0,5,5:0,0:5,5:0:0:5
19,arc-gen,10,10,5,0,1,5,5,6,8,0,2,1,1,1,5,0,5,5,5:0,5:5,5:0:5:5
19,arc-gen,10,11,5,0,1,5,6,6,8,0,1,1,0,1,5,0,5,5,5:0,5:5,5:0:5:5
19,arc-gen,10,12,5,0,1,5,7,6,8,0,0,1,1,1,5,0,5,0,5:0,5:0,5:0:5:0
20,arc-gen,6,9,2,6,0,1,5,7,9,5,3,1,1,1,6,2,6,2,6:2,6:2,6:2:6:2
20,arc-gen,6,10,2,6,0,1,6,7,9,5,2,1,0,1,6,2,2,2,6:2,2:2,6:2:2:2
20,arc-gen,6,11,2,6,0,1,7,7,9,5,1,1,1,1,6,2,2,2,6:2,2:2,6:2:2:2
20,arc-gen,6,12,2,0,1,1,8,7,9,5,0,1,0,1,0,2,2,0,0:2,2:0,0:2:2:0
20,arc-gen,7,9,2,6,0,2,5,7,9,4,3,0,1,1,2,2,6,2,2:2,6:2,2:2:6:2
20,arc-gen,7,10,2,6,0,2,6,7,9,4,2,0,0,1,2,2,2,2,2:2,2:2,2:2:2:2
20,arc-gen,7,11,2,6,0,2,7,7,9,4,1,0,1,1,2,2,2,2,2:2,2:2,2:2:2:2
20,arc-gen,7,12,2,0,1,2,8,7,9,4,0,0,0,1,2,2,2,0,2:2,2:0,2:2:2:0
20,arc-gen,8,9,2,6,0,3,5,7,9,3,3,1,1,1,2,2,6,2,2:2,6:2,2:2:6:2
20,arc-gen,8,10,2,6,0,3,6,7,9,3,2,1,0,1,2,2,2,2,2:2,2:2,2:2:2:2
20,arc-gen,8,11,2,0,1,3,7,7,9,3,1,1,1,1,2,2,2,2,2:2,2:2,2:2:2:2
20,arc-gen,8,12,2,0,1,3,8,7,9,3,0,1,0,1,2,2,2,0,2:2,2:0,2:2:2:0
20,arc-gen,9,9,2,6,0,4,5,7,9,2,3,0,1,1,2,6,6,2,2:6,6:2,2:6:6:2
20,arc-gen,9,10,2,6,0,4,6,7,9,2,2,0,0,1,2,0,2,2,2:0,2:2,2:0:2:2
20,arc-gen,9,11,2,6,0,4,7,7,9,2,1,0,1,1,2,0,2,2,2:0,2:2,2:0:2:2
20,arc-gen,9,12,2,0,1,4,8,7,9,2,0,0,0,1,2,0,2,0,2:0,2:0,2:0:2:0
21,arc-gen,4,1,9,0,1,1,0,5,9,3,8,1,0,0,0,9,0,9,0:9,0:9,0:9:0:9
21,arc-gen,4,2,9,0,1,1,1,5,9,3,7,1,1,0,0,9,9,9,0:9,9:9,0:9:9:9
21,arc-gen,4,3,9,8,0,1,2,5,9,3,6,1,0,0,0,9,9,9,0:9,9:9,0:9:9:9
21,arc-gen,4,4,9,8,0,1,3,5,9,3,5,1,1,0,8,9,9,8,8:9,9:8,8:9:9:8
21,arc-gen,5,1,9,0,1,2,0,5,9,2,8,0,0,0,9,9,0,9,9:9,0:9,9:9:0:9
21,arc-gen,5,2,9,8,0,2,1,5,9,2,7,0,1,0,9,9,9,9,9:9,9:9,9:9:9:9
21,arc-gen,5,3,9,8,0,2,2,5,9,2,6,0,0,0,9,9,9,9,9:9,9:9,9:9:9:9
21,arc-gen,5,4,9,8,0,2,3,5,9,2,5,0,1,0,9,9,9,0,9:9,9:0,9:9:9:0
21,arc-gen,6,1,9,0,1,3,0,5,9,1,8,1,0,0,9,9,0,9,9:9,0:9,9:9:0:9
21,arc-gen,6,2,9,0,1,3,1,5,9,1,7,1,1,0,9,9,9,9,9:9,9:9,9:9:9:9
21,arc-gen,6,3,9,0,1,3,2,5,9,1,6,1,0,0,9,9,9,9,9:9,9:9,9:9:9:9
21,arc-gen,6,4,9,8,0,3,3,5,9,1,5,1,1,0,9,9,9,0,9:9,9:0,9:9:9:0
21,arc-gen,7,1,9,0,1,4,0,5,9,0,8,0,0,0,9,0,0,9,9:0,0:9,9:0:0:9
21,arc-gen,7,2,9,0,1,4,1,5,9,0,7,0,1,0,9,0,9,9,9:0,9:9,9:0:9:9
21,arc-gen,7,3,9,0,1,4,2,5,9,0,6,0,0,0,9,0,9,9,9:0,9:9,9:0:9:9
21,arc-gen,7,4,9,8,0,4,3,5,9,0,5,0,1,0,9,0,9,8,9:0,9:8,9:0:9:8
22,arc-gen,4,1,7,0,1,2,0,7,8,4,7,0,0,1,0,7,0,7,0:7,0:7,0:7:0:7
22,arc-gen,4,2,7,0,1,2,1,7,8,4,6,0,1,1,0,7,7,7,0:7,7:7,0:7:7:7
22,arc-gen,4,3,7,4,0,2,2,7,8,4,5,0,0,1,4,7,7,7,4:7,7:7,4:7:7:7
22,arc-gen,4,4,7,0,1,2,3,7,8,4,4,0,1,1,4,7,7,4,4:7,7:4,4:7:7:4
22,arc-gen,5,1,7,0,1,3,0,7,8,3,7,1,0,1,7,7,0,7,7:7,0:7,7:7:0:7
22,arc-gen,5,2,7,0,1,3,1,7,8,3,6,1,1,1,7,7,7,7,7:7,7:7,7:7:7:7
22,arc-gen,5,3,7,0,1,3,2,7,8,3,5,1,0,1,7,7,7,7,7:7,7:7,7:7:7:7
22,arc-gen,5,4,7,0,1,3,3,7,8,3,4,1,1,1,7,7,7,4,7:7,7:4,7:7:7:4
22,arc-gen,6,1,7,0,1,4,0,7,8,2,7,0,0,1,7,7,0,7,7:7,0:7,7:7:0:7
22,arc-gen,6,2,7,0,1,4,1,7,8,2,6,0,1,1,7,7,7,7,7:7,7:7,7:7:7:7
22,arc-gen,6,3,7,0,1,4,2,7,8,2,5,0,0,1,7,7,7,7,7:7,7:7,7:7:7:7
22,arc-gen,6,4,7,4,0,4,3,7,8,2,4,0,1,1,7,7,7,4,7:7,7:4,7:7:7:4
22,arc-gen,7,1,7,0,1,5,0,7,8,1,7,1,0,1,7,7,0,7,7:7,0:7,7:7:0:7
22,arc-gen,7,2,7,0,1,5,1,7,8,1,6,1,1,1,7,7,7,7,7:7,7:7,7:7:7:7
22,arc-gen,7,3,7,0,1,5,2,7,8,1,5,1,0,1,7,7,7,7,7:7,7:7,7:7:7:7
22,arc-gen,7,4,7,0,1,5,3,7,8,1,4,1,1,1,7,7,7,4,7:7,7:4,7:7:7:4
22,arc-gen,8,1,7,0,1,6,0,7,8,0,7,0,0,1,7,0,0,7,7:0,0:7,7:0:0:7
22,arc-gen,8,2,7,0,1,6,1,7,8,0,6,0,1,1,7,0,7,7,7:0,7:7,7:0:7:7
22,arc-gen,8,3,7,0,1,6,2,7,8,0,5,0,0,1,7,0,7,7,7:0,7:7,7:0:7:7
22,arc-gen,8,4,7,0,1,6,3,7,8,0,4,0,1,1,7,0,7,4,7:0,7:4,7:0:7:4
23,arc-gen,6,6,2,4,0,1,4,6,8,4,3,1,0,1,4,2,4,2,4:2,4:2,4:2:4:2
23,arc-gen,6,7,2,4,0,1,5,6,8,4,2,1,1,1,4,2,2,2,4:2,2:2,4:2:2:2
23,arc-gen,6,8,2,4,0,1,6,6,8,4,1,1,0,1,4,2,2,2,4:2,2:2,4:2:2:2
23,arc-gen,6,9,2,4,0,1,7,6,8,4,0,1,1,1,4,2,2,0,4:2,2:0,4:2:2:0
23,arc-gen,7,6,2,4,0,2,4,6,8,3,3,0,0,1,2,2,4,2,2:2,4:2,2:2:4:2
23,arc-gen,7,7,2,4,0,2,5,6,8,3,2,0,1,1,2,2,2,2,2:2,2:2,2:2:2:2
23,arc-gen,7,8,2,4,0,2,6,6,8,3,1,0,0,1,2,2,2,2,2:2,2:2,2:2:2:2
23,arc-gen,7,9,2,4,0,2,7,6,8,3,0,0,1,1,2,2,2,0,2:2,2:0,2:2:2:0
23,arc-gen,8,6,2,4,0,3,4,6,8,2,3,1,0,1,2,4,4,2,2:4,4:2,2:4:4:2
23,arc-gen,8,7,2,4,0,3,5,6,8,2,2,1,1,1,2,4,2,2,2:4,2:2,2:4:2:2
23,arc-gen,8,8,2,0,1,3,6,6,8,2,1,1,0,1,2,4,2,2,2:4,2:2,2:4:2:2
23,arc-gen,8,9,2,0,1,3,7,6,8,2,0,1,1,1,2,4,2,0,2:4,2:0,2:4:2:0
24,arc-gen,6,9,7,9,0,2,4,6,8,3,3,0,0,1,9,7,9,7,9:7,9:7,9:7:9:7
24,arc-gen,6,10,7,9,0,2,5,6,8,3,2,0,1,1,9,7,7,7,9:7,7:7,9:7:7:7
24,arc-gen,6,11,7,9,0,2,6,6,8,3,1,0,0,1,9,7,7,7,9:7,7:7,9:7:7:7
24,arc-gen,6,12,7,9,0,2,7,6,8,3,0,0,1,1,9,7,7,0,9:7,7:0,9:7:7:0
24,arc-gen,7,9,7,9,0,3,4,6,8,2,3,1,0,1,7,7,9,7,7:7,9:7,7:7:9:7
24,arc-gen,7,10,7,0,1,3,5,6,8,2,2,1,1,1,7,7,7,7,7:7,7:7,7:7:7:7
24,arc-gen,7,11,7,9,0,3,6,6,8,2,1,1,0,1,7,7,7,7,7:7,7:7,7:7:7:7
24,arc-gen,7,12,7,0,1,3,7,6,8,2,0,1,1,1,7,7,7,0,7:7,7:0,7:7:7:0
24,arc-gen,8,9,7,9,0,4,4,6,8,1,3,0,0,1,7,7,9,7,7:7,9:7,7:7:9:7
24,arc-gen,8,10,7,0,1,4,5,6,8,1,2,0,1,1,7,7,7,7,7:7,7:7,7:7:7:7
24,arc-gen,8,11,7,0,1,4,6,6,8,1,1,0,0,1,7,7,7,7,7:7,7:7,7:7:7:7
24,arc-gen,8,12,7,0,1,4,7,6,8,1,0,0,1,1,7,7,7,0,7:7,7:0,7:7:7:0
24,arc-gen,9,9,7,0,1,5,4,6,8,0,3,1,0,1,7,0,0,7,7:0,0:7,7:0:0:7
24,arc-gen,9,10,7,0,1,5,5,6,8,0,2,1,1,1,7,0,7,7,7:0,7:7,7:0:7:7
24,arc-gen,9,11,7,0,1,5,6,6,8,0,1,1,0,1,7,0,7,7,7:0,7:7,7:0:7:7
24,arc-gen,9,12,7,0,1,5,7,6,8,0,0,1,1,1,7,0,7,0,7:0,7:0,7:0:7:0
25,arc-gen,6,3,4,8,0,1,0,5,8,3,7,1,0,1,8,4,0,4,8:4,0:4,8:4:0:4
25,arc-gen,6,4,4,8,0,1,1,5,8,3,6,1,1,1,8,4,4,4,8:4,4:4,8:4:4:4
25,arc-gen,6,5,4,8,0,1,2,5,8,3,5,1,0,1,8,4,4,4,8:4,4:4,8:4:4:4
25,arc-gen,6,6,4,8,0,1,3,5,8,3,4,1,1,1,8,4,4,8,8:4,4:8,8:4:4:8
25,arc-gen,7,3,4,0,1,2,0,5,8,2,7,0,0,1,4,4,0,4,4:4,0:4,4:4:0:4
25,arc-gen,7,4,4,8,0,2,1,5,8,2,6,0,1,1,4,4,4,4,4:4,4:4,4:4:4:4
25,arc-gen,7,5,4,8,0,2,2,5,8,2,5,0,0,1,4,4,4,4,4:4,4:4,4:4:4:4
25,arc-gen,7,6,4,8,0,2,3,5,8,2,4,0,1,1,4,4,4,8,4:4,4:8,4:4:4:8
25,arc-gen,8,3,4,8,0,3,0,5,8,1,7,1,0,1,4,8,0,4,4:8,0:4,4:8:0:4
25,arc-gen,8,4,4,8,0,3,1,5,8,1,6,1,1,1,4,8,4,4,4:8,4:4,4:8:4:4
25,arc-gen,8,5,4,0,1,3,2,5,8,1,5,1,0,1,4,8,4,4,4:8,4:4,4:8:4:4
25,arc-gen,8,6,4,8,0,3,3,5,8,1,4,1,1,1,4,0,4,8,4:0,4:8,4:0:4:8
26,arc-gen,4,3,7,0,1,2,0,7,9,4,8,0,0,1,0,7,0,7,0:7,0:7,0:7:0:7
26,arc-gen,4,4,7,0,1,2,1,7,9,4,7,0,1,1,0,7,7,7,0:7,7:7,0:7:7:7
26,arc-gen,4,5,7,4,0,2,2,7,9,4,6,0,0,1,4,7,7,7,4:7,7:7,4:7:7:7
26,arc-gen,4,6,7,4,0,2,3,7,9,4,5,0,1,1,4,7,7,4,4:7,7:4,4:7:7:4
26,arc-gen,5,3,7,0,1,3,0,7,9,3,8,1,0,1,7,7,0,7,7:7,0:7,7:7:0:7
26,arc-gen,5,4,7,0,1,3,1,7,9,3,7,1,1,1,7,7,7,7,7:7,7:7,7:7:7:7
26,arc-gen,5,5,7,4,0,3,2,7,9,3,6,1,0,1,7,7,7,7,7:7,7:7,7:7:7:7
26,arc-gen,5,6,7,4,0,3,3,7,9,3,5,1,1,1,7,7,7,4,7:7,7:4,7:7:7:4
26,arc-gen,6,3,7,0,1,4,0,7,9,2,8,0,0,1,7,0,0,7,7:0,0:7,7:0:0:7
26,arc-gen,6,4,7,0,1,4,1,7,9,2,7,0,1,1,7,0,7,7,7:0,7:7,7:0:7:7
26,arc-gen,6,5,7,4,0,4,2,7,9,2,6,0,0,1,7,4,7,7,7:4,7:7,7:4:7:7
26,arc-gen,6,6,7,4,0,4,3,7,9,2,5,0,1,1,7,4,7,4,7:4,7:4,7:4:7:4
27,arc-gen,6,9,4,5,0,2,5,8,9,5,3,0,1,1,5,4,5,4,5:4,5:4,5:4:5:4
27,arc-gen,6,10,4,0,1,2,6,8,9,5,2,0,0,1,5,4,4,4,5:4,4:4,5:4:4:4
27,arc-gen,6,11,4,0,1,2,7,8,9,5,1,0,1,1,5,4,4,4,5:4,4:4,5:4:4:4
27,arc-gen,6,12,4,0,1,2,8,8,9,5,0,0,0,1,0,4,4,0,0:4,4:0,0:4:4:0
27,arc-gen,7,9,4,5,0,3,5,8,9,4,3,1,1,1,4,4,5,4,4:4,5:4,4:4:5:4
27,arc-gen,7,10,4,5,0,3,6,8,9,4,2,1,0,1,4,4,4,4,4:4,4:4,4:4:4:4
27,arc-gen,7,11,4,0,1,3,7,8,9,4,1,1,1,1,4,4,4,4,4:4,4:4,4:4:4:4
27,arc-gen,7,12,4,0,1,3,8,8,9,4,0,1,0,1,4,4,4,0,4:4,4:0,4:4:4:0
27,arc-gen,8,9,4,5,0,4,5,8,9,3,3,0,1,1,4,4,5,4,4:4,5:4,4:4:5:4
27,arc-gen,8,10,4,5,0,4,6,8,9,3,2,0,0,1,4,4,4,4,4:4,4:4,4:4:4:4
27,arc-gen,8,11,4,0,1,4,7,8,9,3,1,0,1,1,4,4,4,4,4:4,4:4,4:4:4:4
27,arc-gen,8,12,4,0,1,4,8,8,9,3,0,0,0,1,4,4,4,0,4:4,4:0,4:4:4:0
27,arc-gen,9,9,4,0,1,5,5,8,9,2,3,1,1,1,4,0,5,4,4:0,5:4,4:0:5:4
27,arc-gen,9,10,4,0,1,5,6,8,9,2,2,1,0,1,4,0,4,4,4:0,4:4,4:0:4:4
27,arc-gen,9,11,4,0,1,5,7,8,9,2,1,1,1,1,4,0,4,4,4:0,4:4,4:0:4:4
27,arc-gen,9,12,4,0,1,5,8,8,9,2,0,1,0,1,4,0,4,0,4:0,4:0,4:0:4:0
28,arc-gen,7,2,8,0,1,2,0,6,9,3,8,0,0,1,0,8,0,8,0:8,0:8,0:8:0:8
28,arc-gen,7,3,8,0,1,2,1,6,9,3,7,0,1,1,0,8,8,8,0:8,8:8,0:8:8:8
28,arc-gen,7,4,8,0,1,2,2,6,9,3,6,0,0,1,7,8,8,8,7:8,8:8,7:8:8:8
28,arc-gen,7,5,8,7,0,2,3,6,9,3,5,0,1,1,7,8,8,7,7:8,8:7,7:8:8:7
28,arc-gen,8,2,8,0,1,3,0,6,9,2,8,1,0,1,8,8,0,8,8:8,0:8,8:8:0:8
28,arc-gen,8,3,8,0,1,3,1,6,9,2,7,1,1,1,8,8,8,8,8:8,8:8,8:8:8:8
28,arc-gen,8,4,8,7,0,3,2,6,9,2,6,1,0,1,8,8,8,8,8:8,8:8,8:8:8:8
28,arc-gen,8,5,8,7,0,3,3,6,9,2,5,1,1,1,8,8,8,0,8:8,8:0,8:8:8:0
28,arc-gen,9,2,8,0,1,4,0,6,9,1,8,0,0,1,8,8,0,8,8:8,0:8,8:8:0:8
28,arc-gen,9,3,8,0,1,4,1,6,9,1,7,0,1,1,8,8,8,8,8:8,8:8,8:8:8:8
28,arc-gen,9,4,8,7,0,4,2,6,9,1,6,0,0,1,8,8,8,8,8:8,8:8,8:8:8:8
28,arc-gen,9,5,8,0,1,4,3,6,9,1,5,0,1,1,8,8,8,0,8:8,8:0,8:8:8:0
28,arc-gen,10,2,8,0,1,5,0,6,9,0,8,1,0,1,8,0,0,8,8:0,0:8,8:0:0:8
28,arc-gen,10,3,8,0,1,5,1,6,9,0,7,1,1,1,8,0,8,8,8:0,8:8,8:0:8:8
28,arc-gen,10,4,8,0,1,5,2,6,9,0,6,1,0,1,8,0,8,8,8:0,8:8,8:0:8:8
28,arc-gen,10,5,8,0,1,5,3,6,9,0,5,1,1,1,8,0,8,0,8:0,8:0,8:0:8:0
29,arc-gen,5,4,9,0,1,2,0,7,8,4,7,0,0,1,0,9,0,9,0:9,0:9,0:9:0:9
29,arc-gen,5,5,9,1,0,2,1,7,8,4,6,0,1,1,0,9,9,9,0:9,9:9,0:9:9:9
29,arc-gen,5,6,9,1,0,2,2,7,8,4,5,0,0,1,1,9,9,9,1:9,9:9,1:9:9:9
29,arc-gen,5,7,9,1,0,2,3,7,8,4,4,0,1,1,1,9,9,1,1:9,9:1,1:9:9:1
29,arc-gen,6,4,9,0,1,3,0,7,8,3,7,1,0,1,9,9,0,9,9:9,0:9,9:9:0:9
29,arc-gen,6,5,9,1,0,3,1,7,8,3,6,1,1,1,9,9,9,9,9:9,9:9,9:9:9:9
29,arc-gen,6,6,9,0,1,3,2,7,8,3,5,1,0,1,9,9,9,9,9:9,9:9,9:9:9:9
29,arc-gen,6,7,9,1,0,3,3,7,8,3,4,1,1,1,9,9,9,1,9:9,9:1,9:9:9:1
29,arc-gen,7,4,9,0,1,4,0,7,8,2,7,0,0,1,9,0,0,9,9:0,0:9,9:0:0:9
29,arc-gen,7,5,9,1,0,4,1,7,8,2,6,0,1,1,9,0,9,9,9:0,9:9,9:0:9:9
29,arc-gen,7,6,9,1,0,4,2,7,8,2,5,0,0,1,9,1,9,9,9:1,9:9,9:1:9:9
29,arc-gen,7,7,9,0,1,4,3,7,8,2,4,0,1,1,9,0,9,1,9:0,9:1,9:0:9:1
30,arc-gen,5,5,5,1,0,1,0,6,8,4,7,1,0,1,0,5,0,5,0:5,0:5,0:5:0:5
30,arc-gen,5,6,5,0,1,1,1,6,8,4,6,1,1,1,1,5,5,5,1:5,5:5,1:5:5:5
30,arc-gen,5,7,5,1,0,1,2,6,8,4,5,1,0,1,1,5,5,5,1:5,5:5,1:5:5:5
30,arc-gen,5,8,5,1,0,1,3,6,8,4,4,1,1,1,1,5,5,1,1:5,5:1,1:5:5:1
30,arc-gen,6,5,5,1,0,2,0,6,8,3,7,0,0,1,5,5,0,5,5:5,0:5,5:5:0:5
30,arc-gen,6,6,5,1,0,2,1,6,8,3,6,0,1,1,5,5,5,5,5:5,5:5,5:5:5:5
30,arc-gen,6,7,5,1,0,2,2,6,8,3,5,0,0,1,5,5,5,5,5:5,5:5,5:5:5:5
30,arc-gen,6,8,5,1,0,2,3,6,8,3,4,0,1,1,5,5,5,1,5:5,5:1,5:5:5:1
30,arc-gen,7,5,5,1,0,3,0,6,8,2,7,1,0,1,5,1,0,5,5:1,0:5,5:1:0:5
30,arc-gen,7,6,5,1,0,3,1,6,8,2,6,1,1,1,5,1,5,5,5:1,5:5,5:1:5:5
30,arc-gen,7,7,5,1,0,3,2,6,8,2,5,1,0,1,5,1,5,5,5:1,5:5,5:1:5:5
30,arc-gen,7,8,5,0,1,3,3,6,8,2,4,1,1,1,5,0,5,0,5:0,5:0,5:0:5:0
31,arc-gen,5,5,3,1,0,2,0,6,8,3,7,0,0,1,1,3,0,3,1:3,0:3,1:3:0:3
31,arc-gen,5,6,3,1,0,2,1,6,8,3,6,0,1,1,1,3,3,3,1:3,3:3,1:3:3:3
31,arc-gen,5,7,3,1,0,2,2,6,8,3,5,0,0,1,1,3,3,3,1:3,3:3,1:3:3:3
31,arc-gen,5,8,3,0,1,2,3,6,8,3,4,0,1,1,1,3,3,0,1:3,3:0,1:3:3:0
31,arc-gen,6,5,3,1,0,3,0,6,8,2,7,1,0,1,3,3,0,3,3:3,0:3,3:3:0:3
31,arc-gen,6,6,3,1,0,3,1,6,8,2,6,1,1,1,3,3,3,3,3:3,3:3,3:3:3:3
31,arc-gen,6,7,3,1,0,3,2,6,8,2,5,1,0,1,3,3,3,3,3:3,3:3,3:3:3:3
31,arc-gen,6,8,3,0,1,3,3,6,8,2,4,1,1,1,3,3,3,0,3:3,3:0,3:3:3:0
31,arc-gen,7,5,3,0,1,4,0,6,8,1,7,0,0,1,3,3,0,3,3:3,0:3,3:3:0:3
31,arc-gen,7,6,3,0,1,4,1,6,8,1,6,0,1,1,3,3,3,3,3:3,3:3,3:3:3:3
31,arc-gen,7,7,3,0,1,4,2,6,8,1,5,0,0,1,3,3,3,3,3:3,3:3,3:3:3:3
31,arc-gen,7,8,3,0,1,4,3,6,8,1,4,0,1,1,3,3,3,0,3:3,3:0,3:3:3:0
31,arc-gen,8,5,3,0,1,5,0,6,8,0,7,1,0,1,3,0,0,3,3:0,0:3,3:0:0:3
31,arc-gen,8,6,3,0,1,5,1,6,8,0,6,1,1,1,3,0,3,3,3:0,3:3,3:0:3:3
31,arc-gen,8,7,3,0,1,5,2,6,8,0,5,1,0,1,3,0,3,3,3:0,3:3,3:0:3:3
31,arc-gen,8,8,3,0,1,5,3,6,8,0,4,1,1,1,3,0,3,0,3:0,3:0,3:0:3:0
32,arc-gen,3,3,6,0,1,1,0,5,9,3,8,1,0,1,0,6,0,6,0:6,0:6,0:6:0:6
32,arc-gen,3,4,6,0,1,1,1,5,9,3,7,1,1,1,0,6,6,6,0:6,6:6,0:6:6:6
32,arc-gen,3,5,6,0,1,1,2,5,9,3,6,1,0,1,3,6,6,6,3:6,6:6,3:6:6:6
32,arc-gen,3,6,6,3,0,1,3,5,9,3,5,1,1,1,3,6,6,3,3:6,6:3,3:6:6:3
32,arc-gen,4,3,6,0,1,2,0,5,9,2,8,0,0,1,6,6,0,6,6:6,0:6,6:6:0:6
32,arc-gen,4,4,6,0,1,2,1,5,9,2,7,0,1,1,6,6,6,6,6:6,6:6,6:6:6:6
32,arc-gen,4,5,6,0,1,2,2,5,9,2,6,0,0,1,6,6,6,6,6:6,6:6,6:6:6:6
32,arc-gen,4,6,6,0,1,2,3,5,9,2,5,0,1,1,6,6,6,3,6:6,6:3,6:6:6:3
32,arc-gen,5,3,6,0,1,3,0,5,9,1,8,1,0,1,6,0,0,6,6:0,0:6,6:0:0:6
32,arc-gen,5,4,6,0,1,3,1,5,9,1,7,1,1,1,6,0,6,6,6:0,6:6,6:0:6:6
32,arc-gen,5,5,6,0,1,3,2,5,9,1,6,1,0,1,6,3,6,6,6:3,6:6,6:3:6:6
32,arc-gen,5,6,6,3,0,3,3,5,9,1,5,1,1,1,6,3,6,3,6:3,6:3,6:3:6:3
33,arc-gen,4,9,8,4,0,1,4,8,8,6,3,1,0,1,4,8,4,8,4:8,4:8,4:8:4:8
33,arc-gen,4,10,8,4,0,1,5,8,8,6,2,1,1,1,4,8,8,8,4:8,8:8,4:8:8:8
33,arc-gen,4,11,8,4,0,1,6,8,8,6,1,1,0,1,4,8,8,8,4:8,8:8,4:8:8:8
33,arc-gen,4,12,8,0,1,1,7,8,8,6,0,1,1,1,0,8,8,0,0:8,8:0,0:8:8:0
33,arc-gen,5,9,8,4,0,2,4,8,8,5,3,0,0,1,8,8,4,8,8:8,4:8,8:8:4:8
33,arc-gen,5,10,8,0,1,2,5,8,8,5,2,0,1,1,8,8,8,8,8:8,8:8,8:8:8:8
33,arc-gen,5,11,8,4,0,2,6,8,8,5,1,0,0,1,8,8,8,8,8:8,8:8,8:8:8:8
33,arc-gen,5,12,8,0,1,2,7,8,8,5,0,0,1,1,8,8,8,0,8:8,8:0,8:8:8:0
33,arc-gen,6,9,8,4,0,3,4,8,8,4,3,1,0,1,8,8,4,8,8:8,4:8,8:8:4:8
33,arc-gen,6,10,8,4,0,3,5,8,8,4,2,1,1,1,8,8,8,8,8:8,8:8,8:8:8:8
33,arc-gen,6,11,8,4,0,3,6,8,8,4,1,1,0,1,8,8,8,8,8:8,8:8,8:8:8:8
33,arc-gen,6,12,8,0,1,3,7,8,8,4,0,1,1,1,8,8,8,0,8:8,8:0,8:8:8:0
33,arc-gen,7,9,8,4,0,4,4,8,8,3,3,0,0,1,8,8,4,8,8:8,4:8,8:8:4:8
33,arc-gen,7,10,8,4,0,4,5,8,8,3,2,0,1,1,8,8,8,8,8:8,8:8,8:8:8:8
33,arc-gen,7,11,8,4,0,4,6,8,8,3,1,0,0,1,8,8,8,8,8:8,8:8,8:8:8:8
33,arc-gen,7,12,8,0,1,4,7,8,8,3,0,0,1,1,8,8,8,0,8:8,8:0,8:8:8:0
33,arc-gen,8,9,8,4,0,5,4,8,8,2,3,1,0,1,8,4,4,8,8:4,4:8,8:4:4:8
33,arc-gen,8,10,8,0,1,5,5,8,8,2,2,1,1,1,8,0,8,8,8:0,8:8,8:0:8:8
33,arc-gen,8,11,8,0,1,5,6,8,8,2,1,1,0,1,8,0,8,8,8:0,8:8,8:0:8:8
33,arc-gen,8,12,8,0,1,5,7,8,8,2,0,1,1,1,8,0,8,0,8:0,8:0,8:0:8:0
34,arc-gen,7,3,6,0,1,2,0,7,9,4,8,0,0,1,0,6,0,6,0:6,0:6,0:6:0:6
34,arc-gen,7,4,6,5,0,2,1,7,9,4,7,0,1,1,5,6,6,6,5:6,6:6,5:6:6:6
34,arc-gen,7,5,6,5,0,2,2,7,9,4,6,0,0,1,5,6,6,6,5:6,6:6,5:6:6:6
34,arc-gen,7,6,6,5,0,2,3,7,9,4,5,0,1,1,5,6,6,5,5:6,6:5,5:6:6:5
34,arc-gen,8,3,6,0,1,3,0,7,9,3,8,1,0,1,6,6,0,6,6:6,0:6,6:6:0:6
34,arc-gen,8,4,6,5,0,3,1,7,9,3,7,1,1,1,6,6,6,6,6:6,6:6,6:6:6:6
34,arc-gen,8,5,6,5,0,3,2,7,9,3,6,1,0,1,6,6,6,6,6:6,6:6,6:6:6:6
34,arc-gen,8,6,6,5,0,3,3,7,9,3,5,1,1,1,6,6,6,5,6:6,6:5,6:6:6:5
34,arc-gen,9,3,6,0,1,4,0,7,9,2,8,0,0,1,6,6,0,6,6:6,0:6,6:6:0:6
34,arc-gen,9,4,6,5,0,4,1,7,9,2,7,0,1,1,6,6,6,6,6:6,6:6,6:6:6:6
34,arc-gen,9,5,6,5,0,4,2,7,9,2,6,0,0,1,6,6,6,6,6:6,6:6,6:6:6:6
34,arc-gen,9,6,6,5,0,4,3,7,9,2,5,0,1,1,6,6,6,0,6:6,6:0,6:6:6:0
34,arc-gen,10,3,6,0,1,5,0,7,9,1,8,1,0,1,6,0,0,6,6:0,0:6,6:0:0:6
34,arc-gen,10,4,6,0,1,5,1,7,9,1,7,1,1,1,6,0,6,6,6:0,6:6,6:0:6:6
34,arc-gen,10,5,6,0,1,5,2,7,9,1,6,1,0,1,6,0,6,6,6:0,6:6,6:0:6:6
34,arc-gen,10,6,6,5,0,5,3,7,9,1,5,1,1,1,6,5,6,5,6:5,6:5,6:5:6:5
35,arc-gen,4,5,7,2,0,1,0,7,8,5,7,1,0,1,2,7,0,7,2:7,0:7,2:7:0:7
35,arc-gen,4,6,7,2,0,1,1,7,8,5,6,1,1,1,2,7,7,7,2:7,7:7,2:7:7:7
35,arc-gen,4,7,7,2,0,1,2,7,8,5,5,1,0,1,2,7,7,7,2:7,7:7,2:7:7:7
35,arc-gen,4,8,7,2,0,1,3,7,8,5,4,1,1,1,2,7,7,2,2:7,7:2,2:7:7:2
35,arc-gen,5,5,7,2,0,2,0,7,8,4,7,0,0,1,7,7,0,7,7:7,0:7,7:7:0:7
35,arc-gen,5,6,7,2,0,2,1,7,8,4,6,0,1,1,7,7,7,7,7:7,7:7,7:7:7:7
35,arc-gen,5,7,7,2,0,2,2,7,8,4,5,0,0,1,7,7,7,7,7:7,7:7,7:7:7:7
35,arc-gen,5,8,7,2,0,2,3,7,8,4,4,0,1,1,7,7,7,2,7:7,7:2,7:7:7:2
35,arc-gen,6,5,7,2,0,3,0,7,8,3,7,1,0,1,7,7,0,7,7:7,0:7,7:7:0:7
35,arc-gen,6,6,7,2,0,3,1,7,8,3,6,1,1,1,7,7,7,7,7:7,7:7,7:7:7:7
35,arc-gen,6,7,7,2,0,3,2,7,8,3,5,1,0,1,7,7,7,7,7:7,7:7,7:7:7:7
35,arc-gen,6,8,7,2,0,3,3,7,8,3,4,1,1,1,7,7,7,2,7:7,7:2,7:7:7:2
35,arc-gen,7,5,7,2,0,4,0,7,8,2,7,0,0,1,7,0,0,7,7:0,0:7,7:0:0:7
35,arc-gen,7,6,7,2,0,4,1,7,8,2,6,0,1,1,7,0,7,7,7:0,7:7,7:0:7:7
35,arc-gen,7,7,7,0,1,4,2,7,8,2,5,0,0,1,7,0,7,7,7:0,7:7,7:0:7:7
35,arc-gen,7,8,7,2,0,4,3,7,8,2,4,0,1,1,7,2,7,2,7:2,7:2,7:2:7:2
36,arc-gen,5,2,9,0,1,1,0,8,9,6,8,1,0,1,0,9,0,9,0:9,0:9,0:9:0:9
36,arc-gen,5,3,9,0,1,1,1,8,9,6,7,1,1,1,0,9,9,9,0:9,9:9,0:9:9:9
36,arc-gen,5,4,9,0,1,1,2,8,9,6,6,1,0,1,0,9,9,9,0:9,9:9,0:9:9:9
36,arc-gen,5,5,9,0,1,1,3,8,9,6,5,1,1,1,1,9,9,1,1:9,9:1,1:9:9:1
36,arc-gen,6,2,9,0,1,2,0,8,9,5,8,0,0,1,9,9,0,9,9:9,0:9,9:9:0:9
36,arc-gen,6,3,9,0,1,2,1,8,9,5,7,0,1,1,9,9,9,9,9:9,9:9,9:9:9:9
36,arc-gen,6,4,9,0,1,2,2,8,9,5,6,0,0,1,9,9,9,9,9:9,9:9,9:9:9:9
36,arc-gen,6,5,9,0,1,2,3,8,9,5,5,0,1,1,9,9,9,0,9:9,9:0,9:9:9:0
36,arc-gen,7,2,9,0,1,3,0,8,9,4,8,1,0,1,9,9,0,9,9:9,0:9,9:9:0:9
36,arc-gen,7,3,9,0,1,3,1,8,9,4,7,1,1,1,9,9,9,9,9:9,9:9,9:9:9:9
36,arc-gen,7,4,9,0,1,3,2,8,9,4,6,1,0,1,9,9,9,9,9:9,9:9,9:9:9:9
36,arc-gen,7,5,9,0,1,3,3,8,9,4,5,1,1,1,9,9,9,0,9:9,9:0,9:9:9:0
36,arc-gen,8,2,9,0,1,4,0,8,9,3,8,0,0,1,9,9,0,9,9:9,0:9,9:9:0:9
36,arc-gen,8,3,9,0,1,4,1,8,9,3,7,0,1,1,9,9,9,9,9:9,9:9,9:9:9:9
36,arc-gen,8,4,9,0,1,4,2,8,9,3,6,0,0,1,9,9,9,9,9:9,9:9,9:9:9:9
36,arc-gen,8,5,9,0,1,4,3,8,9,3,5,0,1,1,9,9,9,1,9:9,9:1,9:9:9:1
36,arc-gen,9,2,9,0,1,5,0,8,9,2,8,1,0,1,9,0,0,9,9:0,0:9,9:0:0:9
36,arc-gen,9,3,9,0,1,5,1,8,9,2,7,1,1,1,9,0,9,9,9:0,9:9,9:0:9:9
36,arc-gen,9,4,9,0,1,5,2,8,9,2,6,1,0,1,9,1,9,9,9:1,9:9,9:1:9:9
36,arc-gen,9,5,9,0,1,5,3,8,9,2,5,1,1,1,9,1,9,1,9:1,9:1,9:1:9:1
37,arc-gen,6,8,5,7,0,2,5,5,9,2,3,0,1,1,7,5,7,5,7:5,7:5,7:5:7:5
37,arc-gen,6,9,5,7,0,2,6,5,9,2,2,0,0,1,7,5,5,5,7:5,5:5,7:5:5:5
37,arc-gen,6,10,5,7,0,2,7,5,9,2,1,0,1,1,7,5,5,5,7:5,5:5,7:5:5:5
37,arc-gen,6,11,5,0,1,2,8,5,9,2,0,0,0,1,0,5,5,0,0:5,5:0,0:5:5:0
37,arc-gen,7,8,5,7,0,3,5,5,9,1,3,1,1,1,5,5,7,5,5:5,7:5,5:5:7:5
37,arc-gen,7,9,5,7,0,3,6,5,9,1,2,1,0,1,5,5,5,5,5:5,5:5,5:5:5:5
37,arc-gen,7,10,5,7,0,3,7,5,9,1,1,1,1,1,5,5,5,5,5:5,5:5,5:5:5:5
37,arc-gen,7,11,5,0,1,3,8,5,9,1,0,1,0,1,5,5,5,0,5:5,5:0,5:5:5:0
37,arc-gen,8,8,5,7,0,4,5,5,9,0,3,0,1,1,5,0,0,5,5:0,0:5,5:0:0:5
37,arc-gen,8,9,5,7,0,4,6,5,9,0,2,0,0,1,5,0,5,5,5:0,5:5,5:0:5:5
37,arc-gen,8,10,5,7,0,4,7,5,9,0,1,0,1,1,5,0,5,5,5:0,5:5,5:0:5:5
37,arc-gen,8,11,5,0,1,4,8,5,9,0,0,0,0,1,5,0,5,0,5:0,5:0,5:0:5:0
38,arc-gen,6,10,2,5,0,2,4,6,8,3,3,0,0,1,5,2,5,2,5:2,5:2,5:2:5:2
38,arc-gen,6,11,2,5,0,2,5,6,8,3,2,0,1,1,5,2,2,2,5:2,2:2,5:2:2:2
38,arc-gen,6,12,2,0,1,2,6,6,8,3,1,0,0,1,5,2,2,2,5:2,2:2,5:2:2:2
38,arc-gen,6,13,2,0,1,2,7,6,8,3,0,0,1,1,0,2,2,0,0:2,2:0,0:2:2:0
38,arc-gen,7,10,2,5,0,3,4,6,8,2,3,1,0,1,2,2,5,2,2:2,5:2,2:2:5:2
38,arc-gen,7,11,2,5,0,3,5,6,8,2,2,1,1,1,2,2,2,2,2:2,2:2,2:2:2:2
38,arc-gen,7,12,2,5,0,3,6,6,8,2,1,1,0,1,2,2,2,2,2:2,2:2,2:2:2:2
38,arc-gen,7,13,2,0,1,3,7,6,8,2,0,1,1,1,2,2,2,0,2:2,2:0,2:2:2:0
38,arc-gen,8,10,2,0,1,4,4,6,8,1,3,0,0,1,2,0,5,2,2:0,5:2,2:0:5:2
38,arc-gen,8,11,2,5,0,4,5,6,8,1,2,0,1,1,2,0,2,2,2:0,2:2,2:0:2:2
38,arc-gen,8,12,2,0,1,4,6,6,8,1,1,0,0,1,2,0,2,2,2:0,2:2,2:0:2:2
38,arc-gen,8,13,2,0,1,4,7,6,8,1,0,0,1,1,2,0,2,0,2:0,2:0,2:0:2:0
39,arc-gen,4,5,6,0,1,2,0,6,9,3,8,0,0,1,0,6,0,6,0:6,0:6,0:6:0:6
39,arc-gen,4,6,6,0,1,2,1,6,9,3,7,0,1,1,0,6,6,6,0:6,6:6,0:6:6:6
39,arc-gen,4,7,6,8,0,2,2,6,9,3,6,0,0,1,8,6,6,6,8:6,6:6,8:6:6:6
39,arc-gen,4,8,6,8,0,2,3,6,9,3,5,0,1,1,8,6,6,0,8:6,6:0,8:6:6:0
39,arc-gen,5,5,6,0,1,3,0,6,9,2,8,1,0,1,6,6,0,6,6:6,0:6,6:6:0:6
39,arc-gen,5,6,6,0,1,3,1,6,9,2,7,1,1,1,6,6,6,6,6:6,6:6,6:6:6:6
39,arc-gen,5,7,6,0,1,3,2,6,9,2,6,1,0,1,6,6,6,6,6:6,6:6,6:6:6:6
39,arc-gen,5,8,6,8,0,3,3,6,9,2,5,1,1,1,6,6,6,8,6:6,6:8,6:6:6:8
39,arc-gen,6,5,6,0,1,4,0,6,9,1,8,0,0,1,6,6,0,6,6:6,0:6,6:6:0:6
39,arc-gen,6,6,6,0,1,4,1,6,9,1,7,0,1,1,6,6,6,6,6:6,6:6,6:6:6:6
39,arc-gen,6,7,6,0,1,4,2,6,9,1,6,0,0,1,6,6,6,6,6:6,6:6,6:6:6:6
39,arc-gen,6,8,6,0,1,4,3,6,9,1,5,0,1,1,6,6,6,8,6:6,6:8,6:6:6:8
39,arc-gen,7,5,6,0,1,5,0,6,9,0,8,1,0,1,6,0,0,6,6:0,0:6,6:0:0:6
39,arc-gen,7,6,6,0,1,5,1,6,9,0,7,1,1,1,6,0,6,6,6:0,6:6,6:0:6:6
39,arc-gen,7,7,6,0,1,5,2,6,9,0,6,1,0,1,6,0,6,6,6:0,6:6,6:0:6:6
39,arc-gen,7,8,6,0,1,5,3,6,9,0,5,1,1,1,6,0,6,0,6:0,6:0,6:0:6:0
40,arc-gen,5,12,2,8,0,1,5,6,9,4,3,1,1,1,8,2,8,2,8:2,8:2,8:2:8:2
40,arc-gen,5,13,2,8,0,1,6,6,9,4,2,1,0,1,8,2,2,2,8:2,2:2,8:2:2:2
40,arc-gen,5,14,2,0,1,1,7,6,9,4,1,1,1,1,0,2,2,2,0:2,2:2,0:2:2:2
40,arc-gen,5,15,2,0,1,1,8,6,9,4,0,1,0,1,0,2,2,-1,0:2,2:-1,0:2:2:-1
40,arc-gen,6,12,2,0,1,2,5,6,9,3,3,0,1,1,2,2,8,2,2:2,8:2,2:2:8:2
40,arc-gen,6,13,2,8,0,2,6,6,9,3,2,0,0,1,2,2,2,2,2:2,2:2,2:2:2:2
40,arc-gen,6,14,2,0,1,2,7,6,9,3,1,0,1,1,2,2,2,2,2:2,2:2,2:2:2:2
40,arc-gen,6,15,2,0,1,2,8,6,9,3,0,0,0,1,2,2,2,-1,2:2,2:-1,2:2:2:-1
40,arc-gen,7,12,2,8,0,3,5,6,9,2,3,1,1,1,2,2,8,2,2:2,8:2,2:2:8:2
40,arc-gen,7,13,2,0,1,3,6,6,9,2,2,1,0,1,2,2,2,2,2:2,2:2,2:2:2:2
40,arc-gen,7,14,2,0,1,3,7,6,9,2,1,1,1,1,2,2,2,2,2:2,2:2,2:2:2:2
40,arc-gen,7,15,2,0,1,3,8,6,9,2,0,1,0,1,2,2,2,-1,2:2,2:-1,2:2:2:-1
40,arc-gen,8,12,2,0,1,4,5,6,9,1,3,0,1,1,2,2,8,2,2:2,8:2,2:2:8:2
40,arc-gen,8,13,2,0,1,4,6,6,9,1,2,0,0,1,2,2,2,2,2:2,2:2,2:2:2:2
40,arc-gen,8,14,2,0,1,4,7,6,9,1,1,0,1,1,2,2,2,2,2:2,2:2,2:2:2:2
40,arc-gen,8,15,2,0,1,4,8,6,9,1,0,0,0,1,2,2,2,-1,2:2,2:-1,2:2:2:-1
40,arc-gen,9,12,2,0,1,5,5,6,9,0,3,1,1,1,2,0,0,2,2:0,0:2,2:0:0:2
40,arc-gen,9,13,2,0,1,5,6,6,9,0,2,1,0,1,2,0,2,2,2:0,2:2,2:0:2:2
40,arc-gen,9,14,2,0,1,5,7,6,9,0,1,1,1,1,2,0,2,2,2:0,2:2,2:0:2:2
40,arc-gen,9,15,2,0,1,5,8,6,9,0,0,1,0,1,2,0,2,-1,2:0,2:-1,2:0:2:-1
41,arc-gen,5,8,1,8,0,1,4,7,8,5,3,1,0,0,8,1,8,1,8:1,8:1,8:1:8:1
41,arc-gen,5,9,1,8,0,1,5,7,8,5,2,1,1,0,8,1,1,1,8:1,1:1,8:1:1:1
41,arc-gen,5,10,1,8,0,1,6,7,8,5,1,1,0,0,8,1,1,1,8:1,1:1,8:1:1:1
41,arc-gen,5,11,1,0,1,1,7,7,8,5,0,1,1,0,0,1,1,0,0:1,1:0,0:1:1:0
41,arc-gen,6,8,1,8,0,2,4,7,8,4,3,0,0,0,1,1,8,1,1:1,8:1,1:1:8:1
41,arc-gen,6,9,1,0,1,2,5,7,8,4,2,0,1,0,1,1,1,1,1:1,1:1,1:1:1:1
41,arc-gen,6,10,1,0,1,2,6,7,8,4,1,0,0,0,1,1,1,1,1:1,1:1,1:1:1:1
41,arc-gen,6,11,1,0,1,2,7,7,8,4,0,0,1,0,1,1,1,0,1:1,1:0,1:1:1:0
41,arc-gen,7,8,1,8,0,3,4,7,8,3,3,1,0,0,1,1,0,1,1:1,0:1,1:1:0:1
41,arc-gen,7,9,1,0,1,3,5,7,8,3,2,1,1,0,1,1,1,1,1:1,1:1,1:1:1:1
41,arc-gen,7,10,1,0,1,3,6,7,8,3,1,1,0,0,1,1,1,1,1:1,1:1,1:1:1:1
41,arc-gen,7,11,1,0,1,3,7,7,8,3,0,1,1,0,1,1,1,0,1:1,1:0,1:1:1:0
41,arc-gen,8,8,1,8,0,4,4,7,8,2,3,0,0,0,1,1,0,1,1:1,0:1,1:1:0:1
41,arc-gen,8,9,1,0,1,4,5,7,8,2,2,0,1,0,1,1,1,1,1:1,1:1,1:1:1:1
41,arc-gen,8,10,1,0,1,4,6,7,8,2,1,0,0,0,1,1,1,1,1:1,1:1,1:1:1:1
41,arc-gen,8,11,1,0,1,4,7,7,8,2,0,0,1,0,1,1,1,0,1:1,1:0,1:1:1:0
41,arc-gen,9,8,1,8,0,5,4,7,8,1,3,1,0,0,1,0,8,1,1:0,8:1,1:0:8:1
41,arc-gen,9,9,1,8,0,5,5,7,8,1,2,1,1,0,1,0,1,1,1:0,1:1,1:0:1:1
41,arc-gen,9,10,1,0,1,5,6,7,8,1,1,1,0,0,1,0,1,1,1:0,1:1,1:0:1:1
41,arc-gen,9,11,1,0,1,5,7,7,8,1,0,1,1,0,1,0,1,0,1:0,1:0,1:0:1:0
42,arc-gen,6,3,3,0,1,1,0,5,9,3,8,1,0,0,0,3,0,3,0:3,0:3,0:3:0:3
42,arc-gen,6,4,3,0,1,1,1,5,9,3,7,1,1,0,0,3,3,3,0:3,3:3,0:3:3:3
42,arc-gen,6,5,3,4,0,1,2,5,9,3,6,1,0,0,0,3,3,3,0:3,3:3,0:3:3:3
42,arc-gen,6,6,3,4,0,1,3,5,9,3,5,1,1,0,4,3,3,4,4:3,3:4,4:3:3:4
42,arc-gen,7,3,3,0,1,2,0,5,9,2,8,0,0,0,3,3,0,3,3:3,0:3,3:3:0:3
42,arc-gen,7,4,3,0,1,2,1,5,9,2,7,0,1,0,3,3,3,3,3:3,3:3,3:3:3:3
42,arc-gen,7,5,3,4,0,2,2,5,9,2,6,0,0,0,3,3,3,3,3:3,3:3,3:3:3:3
42,arc-gen,7,6,3,0,1,2,3,5,9,2,5,0,1,0,3,3,3,4,3:3,3:4,3:3:3:4
42,arc-gen,8,3,3,0,1,3,0,5,9,1,8,1,0,0,3,3,0,3,3:3,0:3,3:3:0:3
42,arc-gen,8,4,3,0,1,3,1,5,9,1,7,1,1,0,3,3,3,3,3:3,3:3,3:3:3:3
42,arc-gen,8,5,3,0,1,3,2,5,9,1,6,1,0,0,3,3,3,3,3:3,3:3,3:3:3:3
42,arc-gen,8,6,3,0,1,3,3,5,9,1,5,1,1,0,3,3,3,4,3:3,3:4,3:3:3:4
42,arc-gen,9,3,3,0,1,4,0,5,9,0,8,0,0,0,3,0,0,3,3:0,0:3,3:0:0:3
42,arc-gen,9,4,3,0,1,4,1,5,9,0,7,0,1,0,3,0,3,3,3:0,3:3,3:0:3:3
42,arc-gen,9,5,3,0,1,4,2,5,9,0,6,0,0,0,3,0,3,3,3:0,3:3,3:0:3:3
42,arc-gen,9,6,3,0,1,4,3,5,9,0,5,0,1,0,3,0,3,0,3:0,3:0,3:0:3:0
43,arc-gen,6,9,1,2,0,1,5,6,9,4,3,1,1,0,2,1,2,1,2:1,2:1,2:1:2:1
43,arc-gen,6,10,1,2,0,1,6,6,9,4,2,1,0,0,0,1,1,1,0:1,1:1,0:1:1:1
43,arc-gen,6,11,1,0,1,1,7,6,9,4,1,1,1,0,0,1,1,1,0:1,1:1,0:1:1:1
43,arc-gen,6,12,1,0,1,1,8,6,9,4,0,1,0,0,0,1,1,0,0:1,1:0,0:1:1:0
43,arc-gen,7,9,1,0,1,2,5,6,9,3,3,0,1,0,1,1,2,1,1:1,2:1,1:1:2:1
43,arc-gen,7,10,1,2,0,2,6,6,9,3,2,0,0,0,1,1,1,1,1:1,1:1,1:1:1:1
43,arc-gen,7,11,1,0,1,2,7,6,9,3,1,0,1,0,1,1,1,1,1:1,1:1,1:1:1:1
43,arc-gen,7,12,1,0,1,2,8,6,9,3,0,0,0,0,1,1,1,0,1:1,1:0,1:1:1:0
43,arc-gen,8,9,1,0,1,3,5,6,9,2,3,1,1,0,1,1,2,1,1:1,2:1,1:1:2:1
43,arc-gen,8,10,1,0,1,3,6,6,9,2,2,1,0,0,1,1,1,1,1:1,1:1,1:1:1:1
43,arc-gen,8,11,1,0,1,3,7,6,9,2,1,1,1,0,1,1,1,1,1:1,1:1,1:1:1:1
43,arc-gen,8,12,1,0,1,3,8,6,9,2,0,1,0,0,1,1,1,0,1:1,1:0,1:1:1:0
43,arc-gen,9,9,1,0,1,4,5,6,9,1,3,0,1,0,1,1,0,1,1:1,0:1,1:1:0:1
43,arc-gen,9,10,1,0,1,4,6,6,9,1,2,0,0,0,1,1,1,1,1:1,1:1,1:1:1:1
43,arc-gen,9,11,1,0,1,4,7,6,9,1,1,0,1,0,1,1,1,1,1:1,1:1,1:1:1:1
43,arc-gen,9,12,1,0,1,4,8,6,9,1,0,0,0,0,1,1,1,0,1:1,1:0,1:1:1:0
43,arc-gen,10,9,1,0,1,5,5,6,9,0,3,1,1,0,1,0,0,1,1:0,0:1,1:0:0:1
43,arc-gen,10,10,1,0,1,5,6,6,9,0,2,1,0,0,1,0,1,1,1:0,1:1,1:0:1:1
43,arc-gen,10,11,1,0,1,5,7,6,9,0,1,1,1,0,1,0,1,1,1:0,1:1,1:0:1:1
43,arc-gen,10,12,1,0,1,5,8,6,9,0,0,1,0,0,1,0,1,0,1:0,1:0,1:0:1:0
44,arc-gen,5,8,6,0,1,2,5,5,9,2,3,0,1,1,1,6,1,6,1:6,1:6,1:6:1:6
44,arc-gen,5,9,6,0,1,2,6,5,9,2,2,0,0,1,0,6,6,6,0:6,6:6,0:6:6:6
44,arc-gen,5,10,6,0,1,2,7,5,9,2,1,0,1,1,0,6,6,6,0:6,6:6,0:6:6:6
44,arc-gen,5,11,6,0,1,2,8,5,9,2,0,0,0,1,0,6,6,0,0:6,6:0,0:6:6:0
44,arc-gen,6,8,6,0,1,3,5,5,9,1,3,1,1,1,6,6,1,6,6:6,1:6,6:6:1:6
44,arc-gen,6,9,6,0,1,3,6,5,9,1,2,1,0,1,6,6,6,6,6:6,6:6,6:6:6:6
44,arc-gen,6,10,6,0,1,3,7,5,9,1,1,1,1,1,6,6,6,6,6:6,6:6,6:6:6:6
44,arc-gen,6,11,6,0,1,3,8,5,9,1,0,1,0,1,6,6,6,0,6:6,6:0,6:6:6:0
44,arc-gen,7,8,6,0,1,4,5,5,9,0,3,0,1,1,6,0,0,6,6:0,0:6,6:0:0:6
44,arc-gen,7,9,6,0,1,4,6,5,9,0,2,0,0,1,6,0,6,6,6:0,6:6,6:0:6:6
44,arc-gen,7,10,6,0,1,4,7,5,9,0,1,0,1,1,6,0,6,6,6:0,6:6,6:0:6:6
44,arc-gen,7,11,6,0,1,4,8,5,9,0,0,0,0,1,6,0,6,0,6:0,6:0,6:0:6:0
45,arc-gen,5,9,8,7,0,2,4,7,8,4,3,0,0,1,7,8,7,8,7:8,7:8,7:8:7:8
45,arc-gen,5,10,8,7,0,2,5,7,8,4,2,0,1,1,7,8,8,8,7:8,8:8,7:8:8:8
45,arc-gen,5,11,8,0,1,2,6,7,8,4,1,0,0,1,7,8,8,8,7:8,8:8,7:8:8:8
45,arc-gen,5,12,8,0,1,2,7,7,8,4,0,0,1,1,0,8,8,0,0:8,8:0,0:8:8:0
45,arc-gen,6,9,8,7,0,3,4,7,8,3,3,1,0,1,8,8,7,8,8:8,7:8,8:8:7:8
45,arc-gen,6,10,8,7,0,3,5,7,8,3,2,1,1,1,8,8,8,8,8:8,8:8,8:8:8:8
45,arc-gen,6,11,8,0,1,3,6,7,8,3,1,1,0,1,8,8,8,8,8:8,8:8,8:8:8:8
45,arc-gen,6,12,8,0,1,3,7,7,8,3,0,1,1,1,8,8,8,0,8:8,8:0,8:8:8:0
45,arc-gen,7,9,8,7,0,4,4,7,8,2,3,0,0,1,8,7,7,8,8:7,7:8,8:7:7:8
45,arc-gen,7,10,8,0,1,4,5,7,8,2,2,0,1,1,8,0,8,8,8:0,8:8,8:0:8:8
45,arc-gen,7,11,8,0,1,4,6,7,8,2,1,0,0,1,8,0,8,8,8:0,8:8,8:0:8:8
45,arc-gen,7,12,8,0,1,4,7,7,8,2,0,0,1,1,8,0,8,0,8:0,8:0,8:0:8:0
46,arc-gen,5,10,2,5,0,1,5,7,9,5,3,1,1,1,5,2,5,2,5:2,5:2,5:2:5:2
46,arc-gen,5,11,2,5,0,1,6,7,9,5,2,1,0,1,5,2,2,2,5:2,2:2,5:2:2:2
46,arc-gen,5,12,2,5,0,1,7,7,9,5,1,1,1,1,5,2,2,2,5:2,2:2,5:2:2:2
46,arc-gen,5,13,2,0,1,1,8,7,9,5,0,1,0,1,0,2,2,0,0:2,2:0,0:2:2:0
46,arc-gen,6,10,2,5,0,2,5,7,9,4,3,0,1,1,2,2,5,2,2:2,5:2,2:2:5:2
46,arc-gen,6,11,2,5,0,2,6,7,9,4,2,0,0,1,2,2,2,2,2:2,2:2,2:2:2:2
46,arc-gen,6,12,2,0,1,2,7,7,9,4,1,0,1,1,2,2,2,2,2:2,2:2,2:2:2:2
46,arc-gen,6,13,2,0,1,2,8,7,9,4,0,0,0,1,2,2,2,0,2:2,2:0,2:2:2:0
46,arc-gen,7,10,2,5,0,3,5,7,9,3,3,1,1,1,2,2,5,2,2:2,5:2,2:2:5:2
46,arc-gen,7,11,2,5,0,3,6,7,9,3,2,1,0,1,2,2,2,2,2:2,2:2,2:2:2:2
46,arc-gen,7,12,2,5,0,3,7,7,9,3,1,1,1,1,2,2,2,2,2:2,2:2,2:2:2:2
46,arc-gen,7,13,2,0,1,3,8,7,9,3,0,1,0,1,2,2,2,0,2:2,2:0,2:2:2:0
46,arc-gen,8,10,2,0,1,4,5,7,9,2,3,0,1,1,2,0,5,2,2:0,5:2,2:0:5:2
46,arc-gen,8,11,2,5,0,4,6,7,9,2,2,0,0,1,2,0,2,2,2:0,2:2,2:0:2:2
46,arc-gen,8,12,2,5,0,4,7,7,9,2,1,0,1,1,2,5,2,2,2:5,2:2,2:5:2:2
46,arc-gen,8,13,2,0,1,4,8,7,9,2,0,0,0,1,2,0,2,0,2:0,2:0,2:0:2:0
47,arc-gen,5,3,5,0,1,2,0,7,6,4,5,0,0,0,0,5,0,5,0:5,0:5,0:5:0:5
47,arc-gen,5,4,5,0,1,2,1,7,6,4,4,0,1,0,0,5,5,5,0:5,5:5,0:5:5:5
47,arc-gen,5,5,5,6,0,2,2,7,6,4,3,0,0,0,6,5,5,5,6:5,5:5,6:5:5:5
47,arc-gen,5,6,5,6,0,2,3,7,6,4,2,0,1,0,6,5,5,6,6:5,5:6,6:5:5:6
47,arc-gen,6,3,5,0,1,3,0,7,6,3,5,1,0,0,5,5,0,5,5:5,0:5,5:5:0:5
47,arc-gen,6,4,5,0,1,3,1,7,6,3,4,1,1,0,5,5,5,5,5:5,5:5,5:5:5:5
47,arc-gen,6,5,5,6,0,3,2,7,6,3,3,1,0,0,5,5,5,5,5:5,5:5,5:5:5:5
47,arc-gen,6,6,5,6,0,3,3,7,6,3,2,1,1,0,5,5,5,6,5:5,5:6,5:5:5:6
47,arc-gen,7,3,5,0,1,4,0,7,6,2,5,0,0,0,5,5,0,5,5:5,0:5,5:5:0:5
47,arc-gen,7,4,5,0,1,4,1,7,6,2,4,0,1,0,5,5,5,5,5:5,5:5,5:5:5:5
47,arc-gen,7,5,5,0,1,4,2,7,6,2,3,0,0,0,5,5,5,5,5:5,5:5,5:5:5:5
47,arc-gen,7,6,5,0,1,4,3,7,6,2,2,0,1,0,5,5,5,0,5:5,5:0,5:5:5:0
47,arc-gen,8,3,5,0,1,5,0,7,6,1,5,1,0,0,5,5,0,5,5:5,0:5,5:5:0:5
47,arc-gen,8,4,5,0,1,5,1,7,6,1,4,1,1,0,5,5,5,5,5:5,5:5,5:5:5:5
47,arc-gen,8,5,5,0,1,5,2,7,6,1,3,1,0,0,5,5,5,5,5:5,5:5,5:5:5:5
47,arc-gen,8,6,5,0,1,5,3,7,6,1,2,1,1,0,5,5,5,0,5:5,5:0,5:5:5:0
47,arc-gen,9,3,5,0,1,6,0,7,6,0,5,0,0,0,5,0,0,5,5:0,0:5,5:0:0:5
47,arc-gen,9,4,5,0,1,6,1,7,6,0,4,0,1,0,5,0,5,5,5:0,5:5,5:0:5:5
47,arc-gen,9,5,5,0,1,6,2,7,6,0,3,0,0,0,5,0,5,5,5:0,5:5,5:0:5:5
47,arc-gen,9,6,5,0,1,6,3,7,6,0,2,0,1,0,5,0,5,0,5:0,5:0,5:0:5:0
48,arc-gen,7,5,2,0,1,2,0,7,9,4,8,0,0,1,0,2,0,2,0:2,0:2,0:2:0:2
48,arc-gen,7,6,2,7,0,2,1,7,9,4,7,0,1,1,0,2,2,2,0:2,2:2,0:2:2:2
48,arc-gen,7,7,2,7,0,2,2,7,9,4,6,0,0,1,7,2,2,2,7:2,2:2,7:2:2:2
48,arc-gen,7,8,2,7,0,2,3,7,9,4,5,0,1,1,0,2,2,7,0:2,2:7,0:2:2:7
48,arc-gen,8,5,2,0,1,3,0,7,9,3,8,1,0,1,2,2,0,2,2:2,0:2,2:2:0:2
48,arc-gen,8,6,2,7,0,3,1,7,9,3,7,1,1,1,2,2,2,2,2:2,2:2,2:2:2:2
48,arc-gen,8,7,2,7,0,3,2,7,9,3,6,1,0,1,2,2,2,2,2:2,2:2,2:2:2:2
48,arc-gen,8,8,2,7,0,3,3,7,9,3,5,1,1,1,2,2,2,7,2:2,2:7,2:2:2:7
48,arc-gen,9,5,2,0,1,4,0,7,9,2,8,0,0,1,2,2,0,2,2:2,0:2,2:2:0:2
48,arc-gen,9,6,2,7,0,4,1,7,9,2,7,0,1,1,2,2,2,2,2:2,2:2,2:2:2:2
48,arc-gen,9,7,2,7,0,4,2,7,9,2,6,0,0,1,2,2,2,2,2:2,2:2,2:2:2:2
48,arc-gen,9,8,2,7,0,4,3,7,9,2,5,0,1,1,2,2,2,0,2:2,2:0,2:2:2:0
48,arc-gen,10,5,2,0,1,5,0,7,9,1,8,1,0,1,2,2,0,2,2:2,0:2,2:2:0:2
48,arc-gen,10,6,2,0,1,5,1,7,9,1,7,1,1,1,2,2,2,2,2:2,2:2,2:2:2:2
48,arc-gen,10,7,2,7,0,5,2,7,9,1,6,1,0,1,2,2,2,2,2:2,2:2,2:2:2:2
48,arc-gen,10,8,2,7,0,5,3,7,9,1,5,1,1,1,2,2,2,0,2:2,2:0,2:2:2:0
48,arc-gen,11,5,2,0,1,6,0,7,9,0,8,0,0,1,2,0,0,2,2:0,0:2,2:0:0:2
48,arc-gen,11,6,2,0,1,6,1,7,9,0,7,0,1,1,2,0,2,2,2:0,2:2,2:0:2:2
48,arc-gen,11,7,2,7,0,6,2,7,9,0,6,0,0,1,2,0,2,2,2:0,2:2,2:0:2:2
48,arc-gen,11,8,2,0,1,6,3,7,9,0,5,0,1,1,2,0,2,0,2:0,2:0,2:0:2:0
49,arc-gen,6,2,9,0,1,2,0,5,9,2,8,0,0,1,0,9,0,9,0:9,0:9,0:9:0:9
49,arc-gen,6,3,9,0,1,2,1,5,9,2,7,0,1,1,0,9,9,9,0:9,9:9,0:9:9:9
49,arc-gen,6,4,9,6,0,2,2,5,9,2,6,0,0,1,6,9,9,9,6:9,9:9,6:9:9:9
49,arc-gen,6,5,9,0,1,2,3,5,9,2,5,0,1,1,6,9,9,6,6:9,9:6,6:9:9:6
49,arc-gen,7,2,9,0,1,3,0,5,9,1,8,1,0,1,9,9,0,9,9:9,0:9,9:9:0:9
49,arc-gen,7,3,9,0,1,3,1,5,9,1,7,1,1,1,9,9,9,9,9:9,9:9,9:9:9:9
49,arc-gen,7,4,9,0,1,3,2,5,9,1,6,1,0,1,9,9,9,9,9:9,9:9,9:9:9:9
49,arc-gen,7,5,9,6,0,3,3,5,9,1,5,1,1,1,9,9,9,6,9:9,9:6,9:9:9:6
49,arc-gen,8,2,9,0,1,4,0,5,9,0,8,0,0,1,9,0,0,9,9:0,0:9,9:0:0:9
49,arc-gen,8,3,9,0,1,4,1,5,9,0,7,0,1,1,9,0,9,9,9:0,9:9,9:0:9:9
49,arc-gen,8,4,9,0,1,4,2,5,9,0,6,0,0,1,9,0,9,9,9:0,9:9,9:0:9:9
49,arc-gen,8,5,9,0,1,4,3,5,9,0,5,0,1,1,9,0,9,6,9:0,9:6,9:0:9:6
50,arc-gen,5,7,2,0,1,2,4,7,8,4,3,0,0,1,7,2,7,2,7:2,7:2,7:2:7:2
50,arc-gen,5,8,2,7,0,2,5,7,8,4,2,0,1,1,7,2,2,2,7:2,2:2,7:2:2:2
50,arc-gen,5,9,2,7,0,2,6,7,8,4,1,0,0,1,7,2,2,2,7:2,2:2,7:2:2:2
50,arc-gen,5,10,2,0,1,2,7,7,8,4,0,0,1,1,0,2,2,0,0:2,2:0,0:2:2:0
50,arc-gen,6,7,2,0,1,3,4,7,8,3,3,1,0,1,2,2,0,2,2:2,0:2,2:2:0:2
50,arc-gen,6,8,2,7,0,3,5,7,8,3,2,1,1,1,2,2,2,2,2:2,2:2,2:2:2:2
50,arc-gen,6,9,2,7,0,3,6,7,8,3,1,1,0,1,2,2,2,2,2:2,2:2,2:2:2:2
50,arc-gen,6,10,2,0,1,3,7,7,8,3,0,1,1,1,2,2,2,0,2:2,2:0,2:2:2:0
50,arc-gen,7,7,2,7,0,4,4,7,8,2,3,0,0,1,2,2,0,2,2:2,0:2,2:2:0:2
50,arc-gen,7,8,2,7,0,4,5,7,8,2,2,0,1,1,2,2,2,2,2:2,2:2,2:2:2:2
50,arc-gen,7,9,2,0,1,4,6,7,8,2,1,0,0,1,2,2,2,2,2:2,2:2,2:2:2:2
50,arc-gen,7,10,2,0,1,4,7,7,8,2,0,0,1,1,2,2,2,0,2:2,2:0,2:2:2:0
50,arc-gen,8,7,2,0,1,5,4,7,8,1,3,1,0,1,2,2,0,2,2:2,0:2,2:2:0:2
50,arc-gen,8,8,2,7,0,5,5,7,8,1,2,1,1,1,2,2,2,2,2:2,2:2,2:2:2:2
50,arc-gen,8,9,2,0,1,5,6,7,8,1,1,1,0,1,2,2,2,2,2:2,2:2,2:2:2:2
50,arc-gen,8,10,2,0,1,5,7,7,8,1,0,1,1,1,2,2,2,0,2:2,2:0,2:2:2:0
50,arc-gen,9,7,2,0,1,6,4,7,8,0,3,0,0,1,2,0,0,2,2:0,0:2,2:0:0:2
50,arc-gen,9,8,2,0,1,6,5,7,8,0,2,0,1,1,2,0,2,2,2:0,2:2,2:0:2:2
50,arc-gen,9,9,2,0,1,6,6,7,8,0,1,0,0,1,2,0,2,2,2:0,2:2,2:0:2:2
50,arc-gen,9,10,2,0,1,6,7,7,8,0,0,0,1,1,2,0,2,0,2:0,2:0,2:0:2:0
51,arc-gen,7,11,7,5,0,2,5,6,9,3,3,0,1,1,5,7,0,7,5:7,0:7,5:7:0:7
51,arc-gen,7,12,7,0,1,2,6,6,9,3,2,0,0,1,5,7,7,7,5:7,7:7,5:7:7:7
51,arc-gen,7,13,7,5,0,2,7,6,9,3,1,0,1,1,5,7,7,7,5:7,7:7,5:7:7:7
51,arc-gen,7,14,7,0,1,2,8,6,9,3,0,0,0,1,0,7,7,0,0:7,7:0,0:7:7:0
51,arc-gen,8,11,7,5,0,3,5,6,9,2,3,1,1,1,7,7,5,7,7:7,5:7,7:7:5:7
51,arc-gen,8,12,7,5,0,3,6,6,9,2,2,1,0,1,7,7,7,7,7:7,7:7,7:7:7:7
51,arc-gen,8,13,7,5,0,3,7,6,9,2,1,1,1,1,7,7,7,7,7:7,7:7,7:7:7:7
51,arc-gen,8,14,7,0,1,3,8,6,9,2,0,1,0,1,7,7,7,0,7:7,7:0,7:7:7:0
51,arc-gen,9,11,7,5,0,4,5,6,9,1,3,0,1,1,7,0,5,7,7:0,5:7,7:0:5:7
51,arc-gen,9,12,7,5,0,4,6,6,9,1,2,0,0,1,7,5,7,7,7:5,7:7,7:5:7:7
51,arc-gen,9,13,7,0,1,4,7,6,9,1,1,0,1,1,7,0,7,7,7:0,7:7,7:0:7:7
51,arc-gen,9,14,7,0,1,4,8,6,9,1,0,0,0,1,7,0,7,0,7:0,7:0,7:0:7:0
52,arc-gen,5,11,3,6,0,1,5,6,9,4,3,1,1,0,6,3,6,3,6:3,6:3,6:3:6:3
52,arc-gen,5,12,3,6,0,1,6,6,9,4,2,1,0,0,6,3,3,3,6:3,3:3,6:3:3:3
52,arc-gen,5,13,3,6,0,1,7,6,9,4,1,1,1,0,6,3,3,3,6:3,3:3,6:3:3:3
52,arc-gen,5,14,3,0,1,1,8,6,9,4,0,1,0,0,0,3,3,0,0:3,3:0,0:3:3:0
52,arc-gen,6,11,3,0,1,2,5,6,9,3,3,0,1,0,3,3,0,3,3:3,0:3,3:3:0:3
52,arc-gen,6,12,3,0,1,2,6,6,9,3,2,0,0,0,3,3,3,3,3:3,3:3,3:3:3:3
52,arc-gen,6,13,3,6,0,2,7,6,9,3,1,0,1,0,3,3,3,3,3:3,3:3,3:3:3:3
52,arc-gen,6,14,3,0,1,2,8,6,9,3,0,0,0,0,3,3,3,0,3:3,3:0,3:3:3:0
52,arc-gen,7,11,3,0,1,3,5,6,9,2,3,1,1,0,3,3,0,3,3:3,0:3,3:3:0:3
52,arc-gen,7,12,3,6,0,3,6,6,9,2,2,1,0,0,3,3,3,3,3:3,3:3,3:3:3:3
52,arc-gen,7,13,3,6,0,3,7,6,9,2,1,1,1,0,3,3,3,3,3:3,3:3,3:3:3:3
52,arc-gen,7,14,3,0,1,3,8,6,9,2,0,1,0,0,3,3,3,0,3:3,3:0,3:3:3:0
52,arc-gen,8,11,3,0,1,4,5,6,9,1,3,0,1,0,3,3,0,3,3:3,0:3,3:3:0:3
52,arc-gen,8,12,3,0,1,4,6,6,9,1,2,0,0,0,3,3,3,3,3:3,3:3,3:3:3:3
52,arc-gen,8,13,3,6,0,4,7,6,9,1,1,0,1,0,3,3,3,3,3:3,3:3,3:3:3:3
52,arc-gen,8,14,3,0,1,4,8,6,9,1,0,0,0,0,3,3,3,0,3:3,3:0,3:3:3:0
52,arc-gen,9,11,3,0,1,5,5,6,9,0,3,1,1,0,3,0,0,3,3:0,0:3,3:0:0:3
52,arc-gen,9,12,3,6,0,5,6,6,9,0,2,1,0,0,3,0,3,3,3:0,3:3,3:0:3:3
52,arc-gen,9,13,3,6,0,5,7,6,9,0,1,1,1,0,3,0,3,3,3:0,3:3,3:0:3:3
52,arc-gen,9,14,3,0,1,5,8,6,9,0,0,1,0,0,3,0,3,0,3:0,3:0,3:0:3:0
53,arc-gen,5,2,7,0,1,2,0,7,9,4,8,0,0,1,0,7,0,7,0:7,0:7,0:7:0:7
53,arc-gen,5,3,7,5,0,2,1,7,9,4,7,0,1,1,0,7,7,7,0:7,7:7,0:7:7:7
53,arc-gen,5,4,7,5,0,2,2,7,9,4,6,0,0,1,0,7,7,7,0:7,7:7,0:7:7:7
53,arc-gen,5,5,7,5,0,2,3,7,9,4,5,0,1,1,5,7,7,5,5:7,7:5,5:7:7:5
53,arc-gen,6,2,7,0,1,3,0,7,9,3,8,1,0,1,7,7,0,7,7:7,0:7,7:7:0:7
53,arc-gen,6,3,7,0,1,3,1,7,9,3,7,1,1,1,7,7,7,7,7:7,7:7,7:7:7:7
53,arc-gen,6,4,7,5,0,3,2,7,9,3,6,1,0,1,7,7,7,7,7:7,7:7,7:7:7:7
53,arc-gen,6,5,7,5,0,3,3,7,9,3,5,1,1,1,7,7,7,5,7:7,7:5,7:7:7:5
53,arc-gen,7,2,7,0,1,4,0,7,9,2,8,0,0,1,7,7,0,7,7:7,0:7,7:7:0:7
53,arc-gen,7,3,7,0,1,4,1,7,9,2,7,0,1,1,7,7,7,7,7:7,7:7,7:7:7:7
53,arc-gen,7,4,7,0,1,4,2,7,9,2,6,0,0,1,7,7,7,7,7:7,7:7,7:7:7:7
53,arc-gen,7,5,7,5,0,4,3,7,9,2,5,0,1,1,7,7,7,5,7:7,7:5,7:7:7:5
53,arc-gen,8,2,7,0,1,5,0,7,9,1,8,1,0,1,7,0,0,7,7:0,0:7,7:0:0:7
53,arc-gen,8,3,7,0,1,5,1,7,9,1,7,1,1,1,7,0,7,7,7:0,7:7,7:0:7:7
53,arc-gen,8,4,7,5,0,5,2,7,9,1,6,1,0,1,7,0,7,7,7:0,7:7,7:0:7:7
53,arc-gen,8,5,7,5,0,5,3,7,9,1,5,1,1,1,7,0,7,5,7:0,7:5,7:0:7:5
54,arc-gen,5,6,5,6,0,2,0,6,8,3,7,0,0,0,0,5,0,5,0:5,0:5,0:5:0:5
54,arc-gen,5,7,5,6,0,2,1,6,8,3,6,0,1,0,6,5,5,5,6:5,5:5,6:5:5:5
54,arc-gen,5,8,5,6,0,2,2,6,8,3,5,0,0,0,6,5,5,5,6:5,5:5,6:5:5:5
54,arc-gen,5,9,5,6,0,2,3,6,8,3,4,0,1,0,6,5,5,6,6:5,5:6,6:5:5:6
54,arc-gen,6,6,5,0,1,3,0,6,8,2,7,1,0,0,5,5,0,5,5:5,0:5,5:5:0:5
54,arc-gen,6,7,5,0,1,3,1,6,8,2,6,1,1,0,5,5,5,5,5:5,5:5,5:5:5:5
54,arc-gen,6,8,5,0,1,3,2,6,8,2,5,1,0,0,5,5,5,5,5:5,5:5,5:5:5:5
54,arc-gen,6,9,5,6,0,3,3,6,8,2,4,1,1,0,5,5,5,6,5:5,5:6,5:5:5:6
54,arc-gen,7,6,5,0,1,4,0,6,8,1,7,0,0,0,5,5,0,5,5:5,0:5,5:5:0:5
54,arc-gen,7,7,5,0,1,4,1,6,8,1,6,0,1,0,5,5,5,5,5:5,5:5,5:5:5:5
54,arc-gen,7,8,5,0,1,4,2,6,8,1,5,0,0,0,5,5,5,5,5:5,5:5,5:5:5:5
54,arc-gen,7,9,5,0,1,4,3,6,8,1,4,0,1,0,5,5,5,0,5:5,5:0,5:5:5:0
54,arc-gen,8,6,5,0,1,5,0,6,8,0,7,1,0,0,5,0,0,5,5:0,0:5,5:0:0:5
54,arc-gen,8,7,5,0,1,5,1,6,8,0,6,1,1,0,5,0,5,5,5:0,5:5,5:0:5:5
54,arc-gen,8,8,5,0,1,5,2,6,8,0,5,1,0,0,5,0,5,5,5:0,5:5,5:0:5:5
54,arc-gen,8,9,5,0,1,5,3,6,8,0,4,1,1,0,5,0,5,0,5:0,5:0,5:0:5:0
55,arc-gen,5,9,6,0,1,2,5,7,9,4,3,0,1,1,8,6,8,6,8:6,8:6,8:6:8:6
55,arc-gen,5,10,6,0,1,2,6,7,9,4,2,0,0,1,8,6,6,6,8:6,6:6,8:6:6:6
55,arc-gen,5,11,6,0,1,2,7,7,9,4,1,0,1,1,0,6,6,6,0:6,6:6,0:6:6:6
55,arc-gen,5,12,6,0,1,2,8,7,9,4,0,0,0,1,0,6,6,0,0:6,6:0,0:6:6:0
55,arc-gen,6,9,6,8,0,3,5,7,9,3,3,1,1,1,6,6,8,6,6:6,8:6,6:6:8:6
55,arc-gen,6,10,6,8,0,3,6,7,9,3,2,1,0,1,6,6,6,6,6:6,6:6,6:6:6:6
55,arc-gen,6,11,6,0,1,3,7,7,9,3,1,1,1,1,6,6,6,6,6:6,6:6,6:6:6:6
55,arc-gen,6,12,6,0,1,3,8,7,9,3,0,1,0,1,6,6,6,0,6:6,6:0,6:6:6:0
55,arc-gen,7,9,6,0,1,4,5,7,9,2,3,0,1,1,6,8,8,6,6:8,8:6,6:8:8:6
55,arc-gen,7,10,6,0,1,4,6,7,9,2,2,0,0,1,6,8,6,6,6:8,6:6,6:8:6:6
55,arc-gen,7,11,6,0,1,4,7,7,9,2,1,0,1,1,6,0,6,6,6:0,6:6,6:0:6:6
55,arc-gen,7,12,6,0,1,4,8,7,9,2,0,0,0,1,6,0,6,0,6:0,6:0,6:0:6:0
56,arc-gen,4,9,6,4,0,1,5,5,9,3,3,1,1,0,4,6,0,6,4:6,0:6,4:6:0:6
56,arc-gen,4,10,6,4,0,1,6,5,9,3,2,1,0,0,4,6,6,6,4:6,6:6,4:6:6:6
56,arc-gen,4,11,6,0,1,1,7,5,9,3,1,1,1,0,4,6,6,6,4:6,6:6,4:6:6:6
56,arc-gen,4,12,6,0,1,1,8,5,9,3,0,1,0,0,0,6,6,0,0:6,6:0,0:6:6:0
56,arc-gen,5,9,6,4,0,2,5,5,9,2,3,0,1,0,6,6,4,6,6:6,4:6,6:6:4:6
56,arc-gen,5,10,6,0,1,2,6,5,9,2,2,0,0,0,6,6,6,6,6:6,6:6,6:6:6:6
56,arc-gen,5,11,6,0,1,2,7,5,9,2,1,0,1,0,6,6,6,6,6:6,6:6,6:6:6:6
56,arc-gen,5,12,6,0,1,2,8,5,9,2,0,0,0,0,6,6,6,0,6:6,6:0,6:6:6:0
56,arc-gen,6,9,6,0,1,3,5,5,9,1,3,1,1,0,6,6,4,6,6:6,4:6,6:6:4:6
56,arc-gen,6,10,6,0,1,3,6,5,9,1,2,1,0,0,6,6,6,6,6:6,6:6,6:6:6:6
56,arc-gen,6,11,6,0,1,3,7,5,9,1,1,1,1,0,6,6,6,6,6:6,6:6,6:6:6:6
56,arc-gen,6,12,6,0,1,3,8,5,9,1,0,1,0,0,6,6,6,0,6:6,6:0,6:6:6:0
56,arc-gen,7,9,6,0,1,4,5,5,9,0,3,0,1,0,6,0,0,6,6:0,0:6,6:0:0:6
56,arc-gen,7,10,6,0,1,4,6,5,9,0,2,0,0,0,6,0,6,6,6:0,6:6,6:0:6:6
56,arc-gen,7,11,6,0,1,4,7,5,9,0,1,0,1,0,6,0,6,6,6:0,6:6,6:0:6:6
56,arc-gen,7,12,6,0,1,4,8,5,9,0,0,0,0,0,6,0,6,0,6:0,6:0,6:0:6:0
57,arc-gen,6,2,4,0,1,1,0,7,8,5,7,1,0,1,0,4,0,4,0:4,0:4,0:4:0:4
57,arc-gen,6,3,4,0,1,1,1,7,8,5,6,1,1,1,7,4,4,4,7:4,4:4,7:4:4:4
57,arc-gen,6,4,4,7,0,1,2,7,8,5,5,1,0,1,7,4,4,4,7:4,4:4,7:4:4:4
57,arc-gen,6,5,4,0,1,1,3,7,8,5,4,1,1,1,7,4,4,7,7:4,4:7,7:4:4:7
57,arc-gen,7,2,4,0,1,2,0,7,8,4,7,0,0,1,4,4,0,4,4:4,0:4,4:4:0:4
57,arc-gen,7,3,4,7,0,2,1,7,8,4,6,0,1,1,4,4,4,4,4:4,4:4,4:4:4:4
57,arc-gen,7,4,4,0,1,2,2,7,8,4,5,0,0,1,4,4,4,4,4:4,4:4,4:4:4:4
57,arc-gen,7,5,4,0,1,2,3,7,8,4,4,0,1,1,4,4,4,7,4:4,4:7,4:4:4:7
57,arc-gen,8,2,4,0,1,3,0,7,8,3,7,1,0,1,4,4,0,4,4:4,0:4,4:4:0:4
57,arc-gen,8,3,4,7,0,3,1,7,8,3,6,1,1,1,4,4,4,4,4:4,4:4,4:4:4:4
57,arc-gen,8,4,4,7,0,3,2,7,8,3,5,1,0,1,4,4,4,4,4:4,4:4,4:4:4:4
57,arc-gen,8,5,4,7,0,3,3,7,8,3,4,1,1,1,4,4,4,7,4:4,4:7,4:4:4:7
57,arc-gen,9,2,4,0,1,4,0,7,8,2,7,0,0,1,4,4,0,4,4:4,0:4,4:4:0:4
57,arc-gen,9,3,4,7,0,4,1,7,8,2,6,0,1,1,4,4,4,4,4:4,4:4,4:4:4:4
57,arc-gen,9,4,4,7,0,4,2,7,8,2,5,0,0,1,4,4,4,4,4:4,4:4,4:4:4:4
57,arc-gen,9,5,4,7,0,4,3,7,8,2,4,0,1,1,4,4,4,7,4:4,4:7,4:4:4:7
57,arc-gen,10,2,4,0,1,5,0,7,8,1,7,1,0,1,4,0,0,4,4:0,0:4,4:0:0:4
57,arc-gen,10,3,4,7,0,5,1,7,8,1,6,1,1,1,4,7,4,4,4:7,4:4,4:7:4:4
57,arc-gen,10,4,4,7,0,5,2,7,8,1,5,1,0,1,4,7,4,4,4:7,4:4,4:7:4:4
57,arc-gen,10,5,4,7,0,5,3,7,8,1,4,1,1,1,4,0,4,7,4:0,4:7,4:0:4:7
58,arc-gen,5,9,2,8,0,1,4,6,8,4,3,1,0,0,0,2,8,2,0:2,8:2,0:2:8:2
58,arc-gen,5,10,2,0,1,1,5,6,8,4,2,1,1,0,0,2,2,2,0:2,2:2,0:2:2:2
58,arc-gen,5,11,2,0,1,1,6,6,8,4,1,1,0,0,0,2,2,2,0:2,2:2,0:2:2:2
58,arc-gen,5,12,2,0,1,1,7,6,8,4,0,1,1,0,0,2,2,0,0:2,2:0,0:2:2:0
58,arc-gen,6,9,2,8,0,2,4,6,8,3,3,0,0,0,2,2,8,2,2:2,8:2,2:2:8:2
58,arc-gen,6,10,2,0,1,2,5,6,8,3,2,0,1,0,2,2,2,2,2:2,2:2,2:2:2:2
58,arc-gen,6,11,2,0,1,2,6,6,8,3,1,0,0,0,2,2,2,2,2:2,2:2,2:2:2:2
58,arc-gen,6,12,2,0,1,2,7,6,8,3,0,0,1,0,2,2,2,0,2:2,2:0,2:2:2:0
58,arc-gen,7,9,2,0,1,3,4,6,8,2,3,1,0,0,2,2,8,2,2:2,8:2,2:2:8:2
58,arc-gen,7,10,2,0,1,3,5,6,8,2,2,1,1,0,2,2,2,2,2:2,2:2,2:2:2:2
58,arc-gen,7,11,2,0,1,3,6,6,8,2,1,1,0,0,2,2,2,2,2:2,2:2,2:2:2:2
58,arc-gen,7,12,2,0,1,3,7,6,8,2,0,1,1,0,2,2,2,0,2:2,2:0,2:2:2:0
58,arc-gen,8,9,2,0,1,4,4,6,8,1,3,0,0,0,2,2,8,2,2:2,8:2,2:2:8:2
58,arc-gen,8,10,2,0,1,4,5,6,8,1,2,0,1,0,2,2,2,2,2:2,2:2,2:2:2:2
58,arc-gen,8,11,2,0,1,4,6,6,8,1,1,0,0,0,2,2,2,2,2:2,2:2,2:2:2:2
58,arc-gen,8,12,2,0,1,4,7,6,8,1,0,0,1,0,2,2,2,0,2:2,2:0,2:2:2:0
58,arc-gen,9,9,2,0,1,5,4,6,8,0,3,1,0,0,2,0,8,2,2:0,8:2,2:0:8:2
58,arc-gen,9,10,2,0,1,5,5,6,8,0,2,1,1,0,2,0,2,2,2:0,2:2,2:0:2:2
58,arc-gen,9,11,2,0,1,5,6,6,8,0,1,1,0,0,2,0,2,2,2:0,2:2,2:0:2:2
58,arc-gen,9,12,2,0,1,5,7,6,8,0,0,1,1,0,2,0,2,0,2:0,2:0,2:0:2:0
59,arc-gen,4,1,8,0,1,2,0,6,7,3,6,0,0,0,0,8,0,8,0:8,0:8,0:8:0:8
59,arc-gen,4,2,8,0,1,2,1,6,7,3,5,0,1,0,0,8,8,8,0:8,8:8,0:8:8:8
59,arc-gen,4,3,8,4,0,2,2,6,7,3,4,0,0,0,0,8,8,8,0:8,8:8,0:8:8:8
59,arc-gen,4,4,8,4,0,2,3,6,7,3,3,0,1,0,0,8,8,4,0:8,8:4,0:8:8:4
59,arc-gen,5,1,8,0,1,3,0,6,7,2,6,1,0,0,8,8,0,8,8:8,0:8,8:8:0:8
59,arc-gen,5,2,8,0,1,3,1,6,7,2,5,1,1,0,8,8,8,8,8:8,8:8,8:8:8:8
59,arc-gen,5,3,8,0,1,3,2,6,7,2,4,1,0,0,8,8,8,8,8:8,8:8,8:8:8:8
59,arc-gen,5,4,8,0,1,3,3,6,7,2,3,1,1,0,8,8,8,4,8:8,8:4,8:8:8:4
59,arc-gen,6,1,8,0,1,4,0,6,7,1,6,0,0,0,8,8,0,8,8:8,0:8,8:8:0:8
59,arc-gen,6,2,8,0,1,4,1,6,7,1,5,0,1,0,8,8,8,8,8:8,8:8,8:8:8:8
59,arc-gen,6,3,8,0,1,4,2,6,7,1,4,0,0,0,8,8,8,8,8:8,8:8,8:8:8:8
59,arc-gen,6,4,8,0,1,4,3,6,7,1,3,0,1,0,8,8,8,4,8:8,8:4,8:8:8:4
59,arc-gen,7,1,8,0,1,5,0,6,7,0,6,1,0,0,8,0,0,8,8:0,0:8,8:0:0:8
59,arc-gen,7,2,8,0,1,5,1,6,7,0,5,1,1,0,8,0,8,8,8:0,8:8,8:0:8:8
59,arc-gen,7,3,8,0,1,5,2,6,7,0,4,1,0,0,8,0,8,8,8:0,8:8,8:0:8:8
59,arc-gen,7,4,8,0,1,5,3,6,7,0,3,1,1,0,8,0,8,0,8:0,8:0,8:0:8:0
60,arc-gen,5,2,8,0,1,2,0,8,9,5,8,0,0,1,0,8,0,8,0:8,0:8,0:8:0:8
60,arc-gen,5,3,8,9,0,2,1,8,9,5,7,0,1,1,9,8,8,8,9:8,8:8,9:8:8:8
60,arc-gen,5,4,8,0,1,2,2,8,9,5,6,0,0,1,9,8,8,8,9:8,8:8,9:8:8:8
60,arc-gen,5,5,8,9,0,2,3,8,9,5,5,0,1,1,9,8,8,9,9:8,8:9,9:8:8:9
60,arc-gen,6,2,8,0,1,3,0,8,9,4,8,1,0,1,8,8,0,8,8:8,0:8,8:8:0:8
60,arc-gen,6,3,8,9,0,3,1,8,9,4,7,1,1,1,8,8,8,8,8:8,8:8,8:8:8:8
60,arc-gen,6,4,8,9,0,3,2,8,9,4,6,1,0,1,8,8,8,8,8:8,8:8,8:8:8:8
60,arc-gen,6,5,8,9,0,3,3,8,9,4,5,1,1,1,8,8,8,9,8:8,8:9,8:8:8:9
60,arc-gen,7,2,8,0,1,4,0,8,9,3,8,0,0,1,8,0,0,8,8:0,0:8,8:0:0:8
60,arc-gen,7,3,8,9,0,4,1,8,9,3,7,0,1,1,8,0,8,8,8:0,8:8,8:0:8:8
60,arc-gen,7,4,8,0,1,4,2,8,9,3,6,0,0,1,8,0,8,8,8:0,8:8,8:0:8:8
60,arc-gen,7,5,8,9,0,4,3,8,9,3,5,0,1,1,8,9,8,9,8:9,8:9,8:9:8:9
61,arc-gen,5,10,8,5,0,1,4,4,8,2,3,1,0,1,5,8,5,8,5:8,5:8,5:8:5:8
61,arc-gen,5,11,8,5,0,1,5,4,8,2,2,1,1,1,5,8,8,8,5:8,8:8,5:8:8:8
61,arc-gen,5,12,8,5,0,1,6,4,8,2,1,1,0,1,5,8,8,8,5:8,8:8,5:8:8:8
61,arc-gen,5,13,8,0,1,1,7,4,8,2,0,1,1,1,0,8,8,0,0:8,8:0,0:8:8:0
61,arc-gen,6,10,8,5,0,2,4,4,8,1,3,0,0,1,8,8,5,8,8:8,5:8,8:8:5:8
61,arc-gen,6,11,8,0,1,2,5,4,8,1,2,0,1,1,8,8,8,8,8:8,8:8,8:8:8:8
61,arc-gen,6,12,8,0,1,2,6,4,8,1,1,0,0,1,8,8,8,8,8:8,8:8,8:8:8:8
61,arc-gen,6,13,8,0,1,2,7,4,8,1,0,0,1,1,8,8,8,0,8:8,8:0,8:8:8:0
61,arc-gen,7,10,8,0,1,3,4,4,8,0,3,1,0,1,8,0,0,8,8:0,0:8,8:0:0:8
61,arc-gen,7,11,8,0,1,3,5,4,8,0,2,1,1,1,8,0,8,8,8:0,8:8,8:0:8:8
61,arc-gen,7,12,8,0,1,3,6,4,8,0,1,1,0,1,8,0,8,8,8:0,8:8,8:0:8:8
61,arc-gen,7,13,8,0,1,3,7,4,8,0,0,1,1,1,8,0,8,0,8:0,8:0,8:0:8:0
62,arc-gen,4,12,6,5,0,1,5,5,9,3,3,1,1,1,5,6,5,6,5:6,5:6,5:6:5:6
62,arc-gen,4,13,6,5,0,1,6,5,9,3,2,1,0,1,5,6,6,6,5:6,6:6,5:6:6:6
62,arc-gen,4,14,6,0,1,1,7,5,9,3,1,1,1,1,0,6,6,6,0:6,6:6,0:6:6:6
62,arc-gen,4,15,6,0,1,1,8,5,9,3,0,1,0,1,0,6,6,-1,0:6,6:-1,0:6:6:-1
62,arc-gen,5,12,6,5,0,2,5,5,9,2,3,0,1,1,6,6,5,6,6:6,5:6,6:6:5:6
62,arc-gen,5,13,6,5,0,2,6,5,9,2,2,0,0,1,6,6,6,6,6:6,6:6,6:6:6:6
62,arc-gen,5,14,6,0,1,2,7,5,9,2,1,0,1,1,6,6,6,6,6:6,6:6,6:6:6:6
62,arc-gen,5,15,6,0,1,2,8,5,9,2,0,0,0,1,6,6,6,-1,6:6,6:-1,6:6:6:-1
62,arc-gen,6,12,6,0,1,3,5,5,9,1,3,1,1,1,6,5,0,6,6:5,0:6,6:5:0:6
62,arc-gen,6,13,6,5,0,3,6,5,9,1,2,1,0,1,6,5,6,6,6:5,6:6,6:5:6:6
62,arc-gen,6,14,6,0,1,3,7,5,9,1,1,1,1,1,6,0,6,6,6:0,6:6,6:0:6:6
62,arc-gen,6,15,6,0,1,3,8,5,9,1,0,1,0,1,6,0,6,-1,6:0,6:-1,6:0:6:-1
63,arc-gen,6,9,5,9,0,1,4,5,8,3,3,1,0,0,9,5,9,5,9:5,9:5,9:5:9:5
63,arc-gen,6,10,5,9,0,1,5,5,8,3,2,1,1,0,9,5,5,5,9:5,5:5,9:5:5:5
63,arc-gen,6,11,5,0,1,1,6,5,8,3,1,1,0,0,0,5,5,5,0:5,5:5,0:5:5:5
63,arc-gen,6,12,5,0,1,1,7,5,8,3,0,1,1,0,0,5,5,0,0:5,5:0,0:5:5:0
63,arc-gen,7,9,5,9,0,2,4,5,8,2,3,0,0,0,5,5,9,5,5:5,9:5,5:5:9:5
63,arc-gen,7,10,5,9,0,2,5,5,8,2,2,0,1,0,5,5,5,5,5:5,5:5,5:5:5:5
63,arc-gen,7,11,5,0,1,2,6,5,8,2,1,0,0,0,5,5,5,5,5:5,5:5,5:5:5:5
63,arc-gen,7,12,5,0,1,2,7,5,8,2,0,0,1,0,5,5,5,0,5:5,5:0,5:5:5:0
63,arc-gen,8,9,5,0,1,3,4,5,8,1,3,1,0,0,5,5,0,5,5:5,0:5,5:5:0:5
63,arc-gen,8,10,5,9,0,3,5,5,8,1,2,1,1,0,5,5,5,5,5:5,5:5,5:5:5:5
63,arc-gen,8,11,5,9,0,3,6,5,8,1,1,1,0,0,5,5,5,5,5:5,5:5,5:5:5:5
63,arc-gen,8,12,5,0,1,3,7,5,8,1,0,1,1,0,5,5,5,0,5:5,5:0,5:5:5:0
63,arc-gen,9,9,5,0,1,4,4,5,8,0,3,0,0,0,5,0,0,5,5:0,0:5,5:0:0:5
63,arc-gen,9,10,5,9,0,4,5,5,8,0,2,0,1,0,5,0,5,5,5:0,5:5,5:0:5:5
63,arc-gen,9,11,5,0,1,4,6,5,8,0,1,0,0,0,5,0,5,5,5:0,5:5,5:0:5:5
63,arc-gen,9,12,5,0,1,4,7,5,8,0,0,0,1,0,5,0,5,0,5:0,5:0,5:0:5:0
64,arc-gen,7,8,5,8,0,2,4,8,8,5,3,0,0,1,8,5,8,5,8:5,8:5,8:5:8:5
64,arc-gen,7,9,5,8,0,2,5,8,8,5,2,0,1,1,8,5,5,5,8:5,5:5,8:5:5:5
64,arc-gen,7,10,5,8,0,2,6,8,8,5,1,0,0,1,8,5,5,5,8:5,5:5,8:5:5:5
64,arc-gen,7,11,5,8,0,2,7,8,8,5,0,0,1,1,8,5,5,0,8:5,5:0,8:5:5:0
64,arc-gen,8,8,5,8,0,3,4,8,8,4,3,1,0,1,5,5,8,5,5:5,8:5,5:5:8:5
64,arc-gen,8,9,5,8,0,3,5,8,8,4,2,1,1,1,5,5,5,5,5:5,5:5,5:5:5:5
64,arc-gen,8,10,5,8,0,3,6,8,8,4,1,1,0,1,5,5,5,5,5:5,5:5,5:5:5:5
64,arc-gen,8,11,5,0,1,3,7,8,8,4,0,1,1,1,5,5,5,0,5:5,5:0,5:5:5:0
64,arc-gen,9,8,5,8,0,4,4,8,8,3,3,0,0,1,5,5,8,5,5:5,8:5,5:5:8:5
64,arc-gen,9,9,5,8,0,4,5,8,8,3,2,0,1,1,5,5,5,5,5:5,5:5,5:5:5:5
64,arc-gen,9,10,5,8,0,4,6,8,8,3,1,0,0,1,5,5,5,5,5:5,5:5,5:5:5:5
64,arc-gen,9,11,5,8,0,4,7,8,8,3,0,0,1,1,5,5,5,0,5:5,5:0,5:5:5:0
64,arc-gen,10,8,5,0,1,5,4,8,8,2,3,1,0,1,5,5,0,5,5:5,0:5,5:5:0:5
64,arc-gen,10,9,5,8,0,5,5,8,8,2,2,1,1,1,5,5,5,5,5:5,5:5,5:5:5:5
64,arc-gen,10,10,5,8,0,5,6,8,8,2,1,1,0,1,5,5,5,5,5:5,5:5,5:5:5:5
64,arc-gen,10,11,5,0,1,5,7,8,8,2,0,1,1,1,5,5,5,0,5:5,5:0,5:5:5:0
64,arc-gen,11,8,5,0,1,6,4,8,8,1,3,0,0,1,5,0,0,5,5:0,0:5,5:0:0:5
64,arc-gen,11,9,5,8,0,6,5,8,8,1,2,0,1,1,5,8,5,5,5:8,5:5,5:8:5:5
64,arc-gen,11,10,5,0,1,6,6,8,8,1,1,0,0,1,5,0,5,5,5:0,5:5,5:0:5:5
64,arc-gen,11,11,5,0,1,6,7,8,8,1,0,0,1,1,5,0,5,0,5:0,5:0,5:0:5:0
65,arc-gen,5,3,4,0,1,2,0,6,8,3,7,0,0,1,3,4,0,4,3:4,0:4,3:4:0:4
65,arc-gen,5,4,4,3,0,2,1,6,8,3,6,0,1,1,3,4,4,4,3:4,4:4,3:4:4:4
65,arc-gen,5,5,4,3,0,2,2,6,8,3,5,0,0,1,3,4,4,4,3:4,4:4,3:4:4:4
65,arc-gen,5,6,4,3,0,2,3,6,8,3,4,0,1,1,3,4,4,3,3:4,4:3,3:4:4:3
65,arc-gen,6,3,4,0,1,3,0,6,8,2,7,1,0,1,4,4,0,4,4:4,0:4,4:4:0:4
65,arc-gen,6,4,4,3,0,3,1,6,8,2,6,1,1,1,4,4,4,4,4:4,4:4,4:4:4:4
65,arc-gen,6,5,4,3,0,3,2,6,8,2,5,1,0,1,4,4,4,4,4:4,4:4,4:4:4:4
65,arc-gen,6,6,4,3,0,3,3,6,8,2,4,1,1,1,4,4,4,3,4:4,4:3,4:4:4:3
65,arc-gen,7,3,4,3,0,4,0,6,8,1,7,0,0,1,4,3,0,4,4:3,0:4,4:3:0:4
65,arc-gen,7,4,4,3,0,4,1,6,8,1,6,0,1,1,4,3,4,4,4:3,4:4,4:3:4:4
65,arc-gen,7,5,4,3,0,4,2,6,8,1,5,0,0,1,4,0,4,4,4:0,4:4,4:0:4:4
65,arc-gen,7,6,4,3,0,4,3,6,8,1,4,0,1,1,4,0,4,3,4:0,4:3,4:0:4:3
66,arc-gen,7,9,1,9,0,2,5,5,9,2,3,0,1,1,9,1,9,1,9:1,9:1,9:1:9:1
66,arc-gen,7,10,1,9,0,2,6,5,9,2,2,0,0,1,9,1,1,1,9:1,1:1,9:1:1:1
66,arc-gen,7,11,1,9,0,2,7,5,9,2,1,0,1,1,9,1,1,1,9:1,1:1,9:1:1:1
66,arc-gen,7,12,1,0,1,2,8,5,9,2,0,0,0,1,0,1,1,0,0:1,1:0,0:1:1:0
66,arc-gen,8,9,1,9,0,3,5,5,9,1,3,1,1,1,1,1,0,1,1:1,0:1,1:1:0:1
66,arc-gen,8,10,1,9,0,3,6,5,9,1,2,1,0,1,1,1,1,1,1:1,1:1,1:1:1:1
66,arc-gen,8,11,1,9,0,3,7,5,9,1,1,1,1,1,1,1,1,1,1:1,1:1,1:1:1:1
66,arc-gen,8,12,1,0,1,3,8,5,9,1,0,1,0,1,1,1,1,0,1:1,1:0,1:1:1:0
66,arc-gen,9,9,1,9,0,4,5,5,9,0,3,0,1,1,1,0,0,1,1:0,0:1,1:0:0:1
66,arc-gen,9,10,1,0,1,4,6,5,9,0,2,0,0,1,1,0,1,1,1:0,1:1,1:0:1:1
66,arc-gen,9,11,1,0,1,4,7,5,9,0,1,0,1,1,1,0,1,1,1:0,1:1,1:0:1:1
66,arc-gen,9,12,1,0,1,4,8,5,9,0,0,0,0,1,1,0,1,0,1:0,1:0,1:0:1:0
67,arc-gen,5,4,3,0,1,1,0,7,9,5,8,1,0,1,0,3,0,3,0:3,0:3,0:3:0:3
67,arc-gen,5,5,3,0,1,1,1,7,9,5,7,1,1,1,0,3,3,3,0:3,3:3,0:3:3:3
67,arc-gen,5,6,3,7,0,1,2,7,9,5,6,1,0,1,7,3,3,3,7:3,3:3,7:3:3:3
67,arc-gen,5,7,3,7,0,1,3,7,9,5,5,1,1,1,7,3,3,7,7:3,3:7,7:3:3:7
67,arc-gen,6,4,3,0,1,2,0,7,9,4,8,0,0,1,3,3,0,3,3:3,0:3,3:3:0:3
67,arc-gen,6,5,3,0,1,2,1,7,9,4,7,0,1,1,3,3,3,3,3:3,3:3,3:3:3:3
67,arc-gen,6,6,3,0,1,2,2,7,9,4,6,0,0,1,3,3,3,3,3:3,3:3,3:3:3:3
67,arc-gen,6,7,3,0,1,2,3,7,9,4,5,0,1,1,3,3,3,7,3:3,3:7,3:3:3:7
67,arc-gen,7,4,3,0,1,3,0,7,9,3,8,1,0,1,3,3,0,3,3:3,0:3,3:3:0:3
67,arc-gen,7,5,3,0,1,3,1,7,9,3,7,1,1,1,3,3,3,3,3:3,3:3,3:3:3:3
67,arc-gen,7,6,3,0,1,3,2,7,9,3,6,1,0,1,3,3,3,3,3:3,3:3,3:3:3:3
67,arc-gen,7,7,3,0,1,3,3,7,9,3,5,1,1,1,3,3,3,0,3:3,3:0,3:3:3:0
67,arc-gen,8,4,3,0,1,4,0,7,9,2,8,0,0,1,3,0,0,3,3:0,0:3,3:0:0:3
67,arc-gen,8,5,3,0,1,4,1,7,9,2,7,0,1,1,3,0,3,3,3:0,3:3,3:0:3:3
67,arc-gen,8,6,3,0,1,4,2,7,9,2,6,0,0,1,3,0,3,3,3:0,3:3,3:0:3:3
67,arc-gen,8,7,3,7,0,4,3,7,9,2,5,0,1,1,3,0,3,7,3:0,3:7,3:0:3:7
68,arc-gen,4,6,2,5,0,2,4,8,8,5,3,0,0,1,5,2,5,2,5:2,5:2,5:2:5:2
68,arc-gen,4,7,2,5,0,2,5,8,8,5,2,0,1,1,5,2,2,2,5:2,2:2,5:2:2:2
68,arc-gen,4,8,2,5,0,2,6,8,8,5,1,0,0,1,5,2,2,2,5:2,2:2,5:2:2:2
68,arc-gen,4,9,2,0,1,2,7,8,8,5,0,0,1,1,0,2,2,0,0:2,2:0,0:2:2:0
68,arc-gen,5,6,2,5,0,3,4,8,8,4,3,1,0,1,2,2,5,2,2:2,5:2,2:2:5:2
68,arc-gen,5,7,2,5,0,3,5,8,8,4,2,1,1,1,2,2,2,2,2:2,2:2,2:2:2:2
68,arc-gen,5,8,2,5,0,3,6,8,8,4,1,1,0,1,2,2,2,2,2:2,2:2,2:2:2:2
68,arc-gen,5,9,2,5,0,3,7,8,8,4,0,1,1,1,2,2,2,0,2:2,2:0,2:2:2:0
68,arc-gen,6,6,2,0,1,4,4,8,8,3,3,0,0,1,2,2,0,2,2:2,0:2,2:2:0:2
68,arc-gen,6,7,2,5,0,4,5,8,8,3,2,0,1,1,2,2,2,2,2:2,2:2,2:2:2:2
68,arc-gen,6,8,2,5,0,4,6,8,8,3,1,0,0,1,2,2,2,2,2:2,2:2,2:2:2:2
68,arc-gen,6,9,2,5,0,4,7,8,8,3,0,0,1,1,2,2,2,0,2:2,2:0,2:2:2:0
68,arc-gen,7,6,2,5,0,5,4,8,8,2,3,1,0,1,2,0,5,2,2:0,5:2,2:0:5:2
68,arc-gen,7,7,2,5,0,5,5,8,8,2,2,1,1,1,2,5,2,2,2:5,2:2,2:5:2:2
68,arc-gen,7,8,2,0,1,5,6,8,8,2,1,1,0,1,2,0,2,2,2:0,2:2,2:0:2:2
68,arc-gen,7,9,2,5,0,5,7,8,8,2,0,1,1,1,2,0,2,0,2:0,2:0,2:0:2:0
69,arc-gen,4,0,4,0,1,2,0,7,9,4,8,0,0,1,0,4,-1,4,0:4,-1:4,0:4:-1:4
69,arc-gen,4,1,4,0,1,2,1,7,9,4,7,0,1,1,0,4,4,4,0:4,4:4,0:4:4:4
69,arc-gen,4,2,4,6,0,2,2,7,9,4,6,0,0,1,6,4,4,4,6:4,4:4,6:4:4:4
69,arc-gen,4,3,4,6,0,2,3,7,9,4,5,0,1,1,6,4,4,6,6:4,4:6,6:4:4:6
69,arc-gen,5,0,4,0,1,3,0,7,9,3,8,1,0,1,4,4,-1,4,4:4,-1:4,4:4:-1:4
69,arc-gen,5,1,4,0,1,3,1,7,9,3,7,1,1,1,4,4,4,4,4:4,4:4,4:4:4:4
69,arc-gen,5,2,4,6,0,3,2,7,9,3,6,1,0,1,4,4,4,4,4:4,4:4,4:4:4:4
69,arc-gen,5,3,4,6,0,3,3,7,9,3,5,1,1,1,4,4,4,6,4:4,4:6,4:4:4:6
69,arc-gen,6,0,4,0,1,4,0,7,9,2,8,0,0,1,4,4,-1,4,4:4,-1:4,4:4:-1:4
69,arc-gen,6,1,4,0,1,4,1,7,9,2,7,0,1,1,4,4,4,4,4:4,4:4,4:4:4:4
69,arc-gen,6,2,4,6,0,4,2,7,9,2,6,0,0,1,4,4,4,4,4:4,4:4,4:4:4:4
69,arc-gen,6,3,4,6,0,4,3,7,9,2,5,0,1,1,4,4,4,6,4:4,4:6,4:4:4:6
69,arc-gen,7,0,4,0,1,5,0,7,9,1,8,1,0,1,4,4,-1,4,4:4,-1:4,4:4:-1:4
69,arc-gen,7,1,4,0,1,5,1,7,9,1,7,1,1,1,4,4,4,4,4:4,4:4,4:4:4:4
69,arc-gen,7,2,4,6,0,5,2,7,9,1,6,1,0,1,4,4,4,4,4:4,4:4,4:4:4:4
69,arc-gen,7,3,4,0,1,5,3,7,9,1,5,1,1,1,4,4,4,0,4:4,4:0,4:4:4:0
69,arc-gen,8,0,4,0,1,6,0,7,9,0,8,0,0,1,4,0,-1,4,4:0,-1:4,4:0:-1:4
69,arc-gen,8,1,4,0,1,6,1,7,9,0,7,0,1,1,4,0,4,4,4:0,4:4,4:0:4:4
69,arc-gen,8,2,4,0,1,6,2,7,9,0,6,0,0,1,4,0,4,4,4:0,4:4,4:0:4:4
69,arc-gen,8,3,4,0,1,6,3,7,9,0,5,0,1,1,4,0,4,0,4:0,4:0,4:0:4:0
70,arc-gen,5,8,8,5,0,1,4,6,8,4,3,1,0,0,5,8,5,8,5:8,5:8,5:8:5:8
70,arc-gen,5,9,8,0,1,1,5,6,8,4,2,1,1,0,0,8,8,8,0:8,8:8,0:8:8:8
70,arc-gen,5,10,8,0,1,1,6,6,8,4,1,1,0,0,0,8,8,8,0:8,8:8,0:8:8:8
70,arc-gen,5,11,8,0,1,1,7,6,8,4,0,1,1,0,0,8,8,0,0:8,8:0,0:8:8:0
70,arc-gen,6,8,8,5,0,2,4,6,8,3,3,0,0,0,8,8,5,8,8:8,5:8,8:8:5:8
70,arc-gen,6,9,8,5,0,2,5,6,8,3,2,0,1,0,8,8,8,8,8:8,8:8,8:8:8:8
70,arc-gen,6,10,8,0,1,2,6,6,8,3,1,0,0,0,8,8,8,8,8:8,8:8,8:8:8:8
70,arc-gen,6,11,8,0,1,2,7,6,8,3,0,0,1,0,8,8,8,0,8:8,8:0,8:8:8:0
70,arc-gen,7,8,8,5,0,3,4,6,8,2,3,1,0,0,8,8,0,8,8:8,0:8,8:8:0:8
70,arc-gen,7,9,8,5,0,3,5,6,8,2,2,1,1,0,8,8,8,8,8:8,8:8,8:8:8:8
70,arc-gen,7,10,8,0,1,3,6,6,8,2,1,1,0,0,8,8,8,8,8:8,8:8,8:8:8:8
70,arc-gen,7,11,8,0,1,3,7,6,8,2,0,1,1,0,8,8,8,0,8:8,8:0,8:8:8:0
70,arc-gen,8,8,8,0,1,4,4,6,8,1,3,0,0,0,8,8,0,8,8:8,0:8,8:8:0:8
70,arc-gen,8,9,8,0,1,4,5,6,8,1,2,0,1,0,8,8,8,8,8:8,8:8,8:8:8:8
70,arc-gen,8,10,8,0,1,4,6,6,8,1,1,0,0,0,8,8,8,8,8:8,8:8,8:8:8:8
70,arc-gen,8,11,8,0,1,4,7,6,8,1,0,0,1,0,8,8,8,0,8:8,8:0,8:8:8:0
70,arc-gen,9,8,8,0,1,5,4,6,8,0,3,1,0,0,8,0,0,8,8:0,0:8,8:0:0:8
70,arc-gen,9,9,8,0,1,5,5,6,8,0,2,1,1,0,8,0,8,8,8:0,8:8,8:0:8:8
70,arc-gen,9,10,8,0,1,5,6,6,8,0,1,1,0,0,8,0,8,8,8:0,8:8,8:0:8:8
70,arc-gen,9,11,8,0,1,5,7,6,8,0,0,1,1,0,8,0,8,0,8:0,8:0,8:0:8:0
71,arc-gen,6,4,5,0,1,1,0,8,8,6,7,1,0,1,0,5,0,5,0:5,0:5,0:5:0:5
71,arc-gen,6,5,5,0,1,1,1,8,8,6,6,1,1,1,0,5,5,5,0:5,5:5,0:5:5:5
71,arc-gen,6,6,5,0,1,1,2,8,8,6,5,1,0,1,0,5,5,5,0:5,5:5,0:5:5:5
71,arc-gen,6,7,5,0,1,1,3,8,8,6,4,1,1,1,9,5,5,9,9:5,5:9,9:5:5:9
71,arc-gen,7,4,5,0,1,2,0,8,8,5,7,0,0,1,5,5,0,5,5:5,0:5,5:5:0:5
71,arc-gen,7,5,5,0,1,2,1,8,8,5,6,0,1,1,5,5,5,5,5:5,5:5,5:5:5:5
71,arc-gen,7,6,5,0,1,2,2,8,8,5,5,0,0,1,5,5,5,5,5:5,5:5,5:5:5:5
71,arc-gen,7,7,5,0,1,2,3,8,8,5,4,0,1,1,5,5,5,9,5:5,5:9,5:5:5:9
71,arc-gen,8,4,5,0,1,3,0,8,8,4,7,1,0,1,5,5,0,5,5:5,0:5,5:5:0:5
71,arc-gen,8,5,5,0,1,3,1,8,8,4,6,1,1,1,5,5,5,5,5:5,5:5,5:5:5:5
71,arc-gen,8,6,5,9,0,3,2,8,8,4,5,1,0,1,5,5,5,5,5:5,5:5,5:5:5:5
71,arc-gen,8,7,5,9,0,3,3,8,8,4,4,1,1,1,5,5,5,9,5:5,5:9,5:5:5:9
71,arc-gen,9,4,5,0,1,4,0,8,8,3,7,0,0,1,5,0,0,5,5:0,0:5,5:0:0:5
71,arc-gen,9,5,5,9,0,4,1,8,8,3,6,0,1,1,5,9,5,5,5:9,5:5,5:9:5:5
71,arc-gen,9,6,5,9,0,4,2,8,8,3,5,0,0,1,5,9,5,5,5:9,5:5,5:9:5:5
71,arc-gen,9,7,5,9,0,4,3,8,8,3,4,0,1,1,5,9,5,0,5:9,5:0,5:9:5:0
72,arc-gen,3,4,4,0,1,1,0,6,8,4,7,1,0,0,0,4,0,4,0:4,0:4,0:4:0:4
72,arc-gen,3,5,4,7,0,1,1,6,8,4,6,1,1,0,0,4,4,4,0:4,4:4,0:4:4:4
72,arc-gen,3,6,4,7,0,1,2,6,8,4,5,1,0,0,7,4,4,4,7:4,4:4,7:4:4:4
72,arc-gen,3,7,4,7,0,1,3,6,8,4,4,1,1,0,7,4,4,0,7:4,4:0,7:4:4:0
72,arc-gen,4,4,4,0,1,2,0,6,8,3,7,0,0,0,4,4,0,4,4:4,0:4,4:4:0:4
72,arc-gen,4,5,4,7,0,2,1,6,8,3,6,0,1,0,4,4,4,4,4:4,4:4,4:4:4:4
72,arc-gen,4,6,4,0,1,2,2,6,8,3,5,0,0,0,4,4,4,4,4:4,4:4,4:4:4:4
72,arc-gen,4,7,4,7,0,2,3,6,8,3,4,0,1,0,4,4,4,0,4:4,4:0,4:4:4:0
72,arc-gen,5,4,4,0,1,3,0,6,8,2,7,1,0,0,4,4,0,4,4:4,0:4,4:4:0:4
72,arc-gen,5,5,4,0,1,3,1,6,8,2,6,1,1,0,4,4,4,4,4:4,4:4,4:4:4:4
72,arc-gen,5,6,4,0,1,3,2,6,8,2,5,1,0,0,4,4,4,4,4:4,4:4,4:4:4:4
72,arc-gen,5,7,4,0,1,3,3,6,8,2,4,1,1,0,4,4,4,0,4:4,4:0,4:4:4:0
72,arc-gen,6,4,4,0,1,4,0,6,8,1,7,0,0,0,4,4,0,4,4:4,0:4,4:4:0:4
72,arc-gen,6,5,4,0,1,4,1,6,8,1,6,0,1,0,4,4,4,4,4:4,4:4,4:4:4:4
72,arc-gen,6,6,4,0,1,4,2,6,8,1,5,0,0,0,4,4,4,4,4:4,4:4,4:4:4:4
72,arc-gen,6,7,4,0,1,4,3,6,8,1,4,0,1,0,4,4,4,0,4:4,4:0,4:4:4:0
72,arc-gen,7,4,4,0,1,5,0,6,8,0,7,1,0,0,4,0,0,4,4:0,0:4,4:0:0:4
72,arc-gen,7,5,4,0,1,5,1,6,8,0,6,1,1,0,4,0,4,4,4:0,4:4,4:0:4:4
72,arc-gen,7,6,4,0,1,5,2,6,8,0,5,1,0,0,4,0,4,4,4:0,4:4,4:0:4:4
72,arc-gen,7,7,4,0,1,5,3,6,8,0,4,1,1,0,4,0,4,0,4:0,4:0,4:0:4:0
73,arc-gen,7,1,3,0,1,2,0,6,8,3,7,0,0,1,0,3,0,3,0:3,0:3,0:3:0:3
73,arc-gen,7,2,3,0,1,2,1,6,8,3,6,0,1,1,0,3,3,3,0:3,3:3,0:3:3:3
73,arc-gen,7,3,3,0,1,2,2,6,8,3,5,0,0,1,0,3,3,3,0:3,3:3,0:3:3:3
73,arc-gen,7,4,3,0,1,2,3,6,8,3,4,0,1,1,6,3,3,6,6:3,3:6,6:3:3:6
73,arc-gen,8,1,3,0,1,3,0,6,8,2,7,1,0,1,3,3,0,3,3:3,0:3,3:3:0:3
73,arc-gen,8,2,3,0,1,3,1,6,8,2,6,1,1,1,3,3,3,3,3:3,3:3,3:3:3:3
73,arc-gen,8,3,3,0,1,3,2,6,8,2,5,1,0,1,3,3,3,3,3:3,3:3,3:3:3:3
73,arc-gen,8,4,3,0,1,3,3,6,8,2,4,1,1,1,3,3,3,0,3:3,3:0,3:3:3:0
73,arc-gen,9,1,3,0,1,4,0,6,8,1,7,0,0,1,3,0,0,3,3:0,0:3,3:0:0:3
73,arc-gen,9,2,3,0,1,4,1,6,8,1,6,0,1,1,3,0,3,3,3:0,3:3,3:0:3:3
73,arc-gen,9,3,3,0,1,4,2,6,8,1,5,0,0,1,3,0,3,3,3:0,3:3,3:0:3:3
73,arc-gen,9,4,3,0,1,4,3,6,8,1,4,0,1,1,3,0,3,0,3:0,3:0,3:0:3:0
74,arc-gen,7,10,4,0,1,2,5,6,9,3,3,0,1,1,5,4,5,4,5:4,5:4,5:4:5:4
74,arc-gen,7,11,4,5,0,2,6,6,9,3,2,0,0,1,5,4,4,4,5:4,4:4,5:4:4:4
74,arc-gen,7,12,4,0,1,2,7,6,9,3,1,0,1,1,0,4,4,4,0:4,4:4,0:4:4:4
74,arc-gen,7,13,4,0,1,2,8,6,9,3,0,0,0,1,0,4,4,0,0:4,4:0,0:4:4:0
74,arc-gen,8,10,4,0,1,3,5,6,9,2,3,1,1,1,4,4,0,4,4:4,0:4,4:4:0:4
74,arc-gen,8,11,4,0,1,3,6,6,9,2,2,1,0,1,4,4,4,4,4:4,4:4,4:4:4:4
74,arc-gen,8,12,4,0,1,3,7,6,9,2,1,1,1,1,4,4,4,4,4:4,4:4,4:4:4:4
74,arc-gen,8,13,4,0,1,3,8,6,9,2,0,1,0,1,4,4,4,0,4:4,4:0,4:4:4:0
74,arc-gen,9,10,4,0,1,4,5,6,9,1,3,0,1,1,4,0,5,4,4:0,5:4,4:0:5:4
74,arc-gen,9,11,4,0,1,4,6,6,9,1,2,0,0,1,4,0,4,4,4:0,4:4,4:0:4:4
74,arc-gen,9,12,4,0,1,4,7,6,9,1,1,0,1,1,4,0,4,4,4:0,4:4,4:0:4:4
74,arc-gen,9,13,4,0,1,4,8,6,9,1,0,0,0,1,4,0,4,0,4:0,4:0,4:0:4:0
75,arc-gen,6,2,4,0,1,1,0,6,9,4,8,1,0,1,0,4,0,4,0:4,0:4,0:4:0:4
75,arc-gen,6,3,4,3,0,1,1,6,9,4,7,1,1,1,3,4,4,4,3:4,4:4,3:4:4:4
75,arc-gen,6,4,4,3,0,1,2,6,9,4,6,1,0,1,3,4,4,4,3:4,4:4,3:4:4:4
75,arc-gen,6,5,4,3,0,1,3,6,9,4,5,1,1,1,3,4,4,3,3:4,4:3,3:4:4:3
75,arc-gen,7,2,4,0,1,2,0,6,9,3,8,0,0,1,4,4,0,4,4:4,0:4,4:4:0:4
75,arc-gen,7,3,4,0,1,2,1,6,9,3,7,0,1,1,4,4,4,4,4:4,4:4,4:4:4:4
75,arc-gen,7,4,4,3,0,2,2,6,9,3,6,0,0,1,4,4,4,4,4:4,4:4,4:4:4:4
75,arc-gen,7,5,4,3,0,2,3,6,9,3,5,0,1,1,4,4,4,3,4:4,4:3,4:4:4:3
75,arc-gen,8,2,4,0,1,3,0,6,9,2,8,1,0,1,4,4,0,4,4:4,0:4,4:4:0:4
75,arc-gen,8,3,4,3,0,3,1,6,9,2,7,1,1,1,4,4,4,4,4:4,4:4,4:4:4:4
75,arc-gen,8,4,4,3,0,3,2,6,9,2,6,1,0,1,4,4,4,4,4:4,4:4,4:4:4:4
75,arc-gen,8,5,4,3,0,3,3,6,9,2,5,1,1,1,4,4,4,0,4:4,4:0,4:4:4:0
75,arc-gen,9,2,4,0,1,4,0,6,9,1,8,0,0,1,4,0,0,4,4:0,0:4,4:0:0:4
75,arc-gen,9,3,4,3,0,4,1,6,9,1,7,0,1,1,4,3,4,4,4:3,4:4,4:3:4:4
75,arc-gen,9,4,4,3,0,4,2,6,9,1,6,0,0,1,4,0,4,4,4:0,4:4,4:0:4:4
75,arc-gen,9,5,4,3,0,4,3,6,9,1,5,0,1,1,4,3,4,3,4:3,4:3,4:3:4:3
76,arc-gen,7,10,6,2,0,2,5,7,9,4,3,0,1,1,2,6,2,6,2:6,2:6,2:6:2:6
76,arc-gen,7,11,6,2,0,2,6,7,9,4,2,0,0,1,2,6,6,6,2:6,6:6,2:6:6:6
76,arc-gen,7,12,6,2,0,2,7,7,9,4,1,0,1,1,0,6,6,6,0:6,6:6,0:6:6:6
76,arc-gen,7,13,6,0,1,2,8,7,9,4,0,0,0,1,0,6,6,0,0:6,6:0,0:6:6:0
76,arc-gen,8,10,6,2,0,3,5,7,9,3,3,1,1,1,6,6,2,6,6:6,2:6,6:6:2:6
76,arc-gen,8,11,6,0,1,3,6,7,9,3,2,1,0,1,6,6,6,6,6:6,6:6,6:6:6:6
76,arc-gen,8,12,6,2,0,3,7,7,9,3,1,1,1,1,6,6,6,6,6:6,6:6,6:6:6:6
76,arc-gen,8,13,6,0,1,3,8,7,9,3,0,1,0,1,6,6,6,0,6:6,6:0,6:6:6:0
76,arc-gen,9,10,6,2,0,4,5,7,9,2,3,0,1,1,6,6,2,6,6:6,2:6,6:6:2:6
76,arc-gen,9,11,6,0,1,4,6,7,9,2,2,0,0,1,6,6,6,6,6:6,6:6,6:6:6:6
76,arc-gen,9,12,6,0,1,4,7,7,9,2,1,0,1,1,6,6,6,6,6:6,6:6,6:6:6:6
76,arc-gen,9,13,6,0,1,4,8,7,9,2,0,0,0,1,6,6,6,0,6:6,6:0,6:6:6:0
76,arc-gen,10,10,6,0,1,5,5,7,9,1,3,1,1,1,6,6,2,6,6:6,2:6,6:6:2:6
76,arc-gen,10,11,6,0,1,5,6,7,9,1,2,1,0,1,6,6,6,6,6:6,6:6,6:6:6:6
76,arc-gen,10,12,6,0,1,5,7,7,9,1,1,1,1,1,6,6,6,6,6:6,6:6,6:6:6:6
76,arc-gen,10,13,6,0,1,5,8,7,9,1,0,1,0,1,6,6,6,0,6:6,6:0,6:6:6:0
76,arc-gen,11,10,6,0,1,6,5,7,9,0,3,0,1,1,6,0,0,6,6:0,0:6,6:0:0:6
76,arc-gen,11,11,6,0,1,6,6,7,9,0,2,0,0,1,6,0,6,6,6:0,6:6,6:0:6:6
76,arc-gen,11,12,6,0,1,6,7,7,9,0,1,0,1,1,6,0,6,6,6:0,6:6,6:0:6:6
76,arc-gen,11,13,6,0,1,6,8,7,9,0,0,0,0,1,6,0,6,0,6:0,6:0,6:0:6:0
77,arc-gen,6,5,9,4,0,1,0,5,8,3,7,1,0,1,4,9,0,9,4:9,0:9,4:9:0:9
77,arc-gen,6,6,9,4,0,1,1,5,8,3,6,1,1,1,4,9,9,9,4:9,9:9,4:9:9:9
77,arc-gen,6,7,9,4,0,1,2,5,8,3,5,1,0,1,4,9,9,9,4:9,9:9,4:9:9:9
77,arc-gen,6,8,9,4,0,1,3,5,8,3,4,1,1,1,4,9,9,4,4:9,9:4,4:9:9:4
77,arc-gen,7,5,9,4,0,2,0,5,8,2,7,0,0,1,9,9,0,9,9:9,0:9,9:9:0:9
77,arc-gen,7,6,9,4,0,2,1,5,8,2,6,0,1,1,9,9,9,9,9:9,9:9,9:9:9:9
77,arc-gen,7,7,9,4,0,2,2,5,8,2,5,0,0,1,9,9,9,9,9:9,9:9,9:9:9:9
77,arc-gen,7,8,9,4,0,2,3,5,8,2,4,0,1,1,9,9,9,4,9:9,9:4,9:9:9:4
77,arc-gen,8,5,9,4,0,3,0,5,8,1,7,1,0,1,9,9,0,9,9:9,0:9,9:9:0:9
77,arc-gen,8,6,9,4,0,3,1,5,8,1,6,1,1,1,9,9,9,9,9:9,9:9,9:9:9:9
77,arc-gen,8,7,9,4,0,3,2,5,8,1,5,1,0,1,9,9,9,9,9:9,9:9,9:9:9:9
77,arc-gen,8,8,9,0,1,3,3,5,8,1,4,1,1,1,9,9,9,0,9:9,9:0,9:9:9:0
77,arc-gen,9,5,9,0,1,4,0,5,8,0,7,0,0,1,9,0,0,9,9:0,0:9,9:0:0:9
77,arc-gen,9,6,9,4,0,4,1,5,8,0,6,0,1,1,9,0,9,9,9:0,9:9,9:0:9:9
77,arc-gen,9,7,9,4,0,4,2,5,8,0,5,0,0,1,9,0,9,9,9:0,9:9,9:0:9:9
77,arc-gen,9,8,9,0,1,4,3,5,8,0,4,0,1,1,9,0,9,0,9:0,9:0,9:0:9:0
78,arc-gen,4,5,9,0,1,1,0,4,8,2,7,1,0,1,8,9,0,9,8:9,0:9,8:9:0:9
78,arc-gen,4,6,9,8,0,1,1,4,8,2,6,1,1,1,8,9,9,9,8:9,9:9,8:9:9:9
78,arc-gen,4,7,9,8,0,1,2,4,8,2,5,1,0,1,8,9,9,9,8:9,9:9,8:9:9:9
78,arc-gen,4,8,9,8,0,1,3,4,8,2,4,1,1,1,8,9,9,8,8:9,9:8,8:9:9:8
78,arc-gen,5,5,9,8,0,2,0,4,8,1,7,0,0,1,9,9,0,9,9:9,0:9,9:9:0:9
78,arc-gen,5,6,9,8,0,2,1,4,8,1,6,0,1,1,9,9,9,9,9:9,9:9,9:9:9:9
78,arc-gen,5,7,9,0,1,2,2,4,8,1,5,0,0,1,9,9,9,9,9:9,9:9,9:9:9:9
78,arc-gen,5,8,9,8,0,2,3,4,8,1,4,0,1,1,9,9,9,8,9:9,9:8,9:9:9:8
78,arc-gen,6,5,9,0,1,3,0,4,8,0,7,1,0,1,9,0,0,9,9:0,0:9,9:0:0:9
78,arc-gen,6,6,9,0,1,3,1,4,8,0,6,1,1,1,9,0,9,9,9:0,9:9,9:0:9:9
78,arc-gen,6,7,9,0,1,3,2,4,8,0,5,1,0,1,9,0,9,9,9:0,9:9,9:0:9:9
78,arc-gen,6,8,9,0,1,3,3,4,8,0,4,1,1,1,9,0,9,0,9:0,9:0,9:0:9:0
79,arc-gen,4,9,6,9,0,2,4,6,8,3,3,0,0,1,9,6,9,6,9:6,9:6,9:6:9:6
79,arc-gen,4,10,6,9,0,2,5,6,8,3,2,0,1,1,9,6,6,6,9:6,6:6,9:6:6:6
79,arc-gen,4,11,6,9,0,2,6,6,8,3,1,0,0,1,9,6,6,6,9:6,6:6,9:6:6:6
79,arc-gen,4,12,6,9,0,2,7,6,8,3,0,0,1,1,9,6,6,0,9:6,6:0,9:6:6:0
79,arc-gen,5,9,6,0,1,3,4,6,8,2,3,1,0,1,6,6,0,6,6:6,0:6,6:6:0:6
79,arc-gen,5,10,6,0,1,3,5,6,8,2,2,1,1,1,6,6,6,6,6:6,6:6,6:6:6:6
79,arc-gen,5,11,6,9,0,3,6,6,8,2,1,1,0,1,6,6,6,6,6:6,6:6,6:6:6:6
79,arc-gen,5,12,6,0,1,3,7,6,8,2,0,1,1,1,6,6,6,0,6:6,6:0,6:6:6:0
79,arc-gen,6,9,6,0,1,4,4,6,8,1,3,0,0,1,6,6,0,6,6:6,0:6,6:6:0:6
79,arc-gen,6,10,6,0,1,4,5,6,8,1,2,0,1,1,6,6,6,6,6:6,6:6,6:6:6:6
79,arc-gen,6,11,6,0,1,4,6,6,8,1,1,0,0,1,6,6,6,6,6:6,6:6,6:6:6:6
79,arc-gen,6,12,6,0,1,4,7,6,8,1,0,0,1,1,6,6,6,0,6:6,6:0,6:6:6:0
79,arc-gen,7,9,6,0,1,5,4,6,8,0,3,1,0,1,6,0,0,6,6:0,0:6,6:0:0:6
79,arc-gen,7,10,6,0,1,5,5,6,8,0,2,1,1,1,6,0,6,6,6:0,6:6,6:0:6:6
79,arc-gen,7,11,6,0,1,5,6,6,8,0,1,1,0,1,6,0,6,6,6:0,6:6,6:0:6:6
79,arc-gen,7,12,6,0,1,5,7,6,8,0,0,1,1,1,6,0,6,0,6:0,6:0,6:0:6:0
80,arc-gen,3,6,1,0,1,1,0,6,7,4,6,1,0,0,0,1,0,1,0:1,0:1,0:1:0:1
80,arc-gen,3,7,1,0,1,1,1,6,7,4,5,1,1,0,8,1,1,1,8:1,1:1,8:1:1:1
80,arc-gen,3,8,1,8,0,1,2,6,7,4,4,1,0,0,8,1,1,1,8:1,1:1,8:1:1:1
80,arc-gen,3,9,1,8,0,1,3,6,7,4,3,1,1,0,8,1,1,8,8:1,1:8,8:1:1:8
80,arc-gen,4,6,1,0,1,2,0,6,7,3,6,0,0,0,1,1,0,1,1:1,0:1,1:1:0:1
80,arc-gen,4,7,1,8,0,2,1,6,7,3,5,0,1,0,1,1,1,1,1:1,1:1,1:1:1:1
80,arc-gen,4,8,1,8,0,2,2,6,7,3,4,0,0,0,1,1,1,1,1:1,1:1,1:1:1:1
80,arc-gen,4,9,1,8,0,2,3,6,7,3,3,0,1,0,1,1,1,8,1:1,1:8,1:1:1:8
80,arc-gen,5,6,1,0,1,3,0,6,7,2,6,1,0,0,1,1,0,1,1:1,0:1,1:1:0:1
80,arc-gen,5,7,1,0,1,3,1,6,7,2,5,1,1,0,1,1,1,1,1:1,1:1,1:1:1:1
80,arc-gen,5,8,1,8,0,3,2,6,7,2,4,1,0,0,1,1,1,1,1:1,1:1,1:1:1:1
80,arc-gen,5,9,1,8,0,3,3,6,7,2,3,1,1,0,1,1,1,8,1:1,1:8,1:1:1:8
80,arc-gen,6,6,1,0,1,4,0,6,7,1,6,0,0,0,1,0,0,1,1:0,0:1,1:0:0:1
80,arc-gen,6,7,1,0,1,4,1,6,7,1,5,0,1,0,1,0,1,1,1:0,1:1,1:0:1:1
80,arc-gen,6,8,1,0,1,4,2,6,7,1,4,0,0,0,1,0,1,1,1:0,1:1,1:0:1:1
80,arc-gen,6,9,1,8,0,4,3,6,7,1,3,0,1,0,1,8,1,8,1:8,1:8,1:8:1:8
81,arc-gen,3,8,3,5,0,1,4,7,8,5,3,1,0,1,5,3,5,3,5:3,5:3,5:3:5:3
81,arc-gen,3,9,3,5,0,1,5,7,8,5,2,1,1,1,5,3,3,3,5:3,3:3,5:3:3:3
81,arc-gen,3,10,3,5,0,1,6,7,8,5,1,1,0,1,5,3,3,3,5:3,3:3,5:3:3:3
81,arc-gen,3,11,3,5,0,1,7,7,8,5,0,1,1,1,5,3,3,0,5:3,3:0,5:3:3:0
81,arc-gen,4,8,3,5,0,2,4,7,8,4,3,0,0,1,3,3,5,3,3:3,5:3,3:3:5:3
81,arc-gen,4,9,3,5,0,2,5,7,8,4,2,0,1,1,3,3,3,3,3:3,3:3,3:3:3:3
81,arc-gen,4,10,3,5,0,2,6,7,8,4,1,0,0,1,3,3,3,3,3:3,3:3,3:3:3:3
81,arc-gen,4,11,3,5,0,2,7,7,8,4,0,0,1,1,3,3,3,0,3:3,3:0,3:3:3:0
81,arc-gen,5,8,3,5,0,3,4,7,8,3,3,1,0,1,3,3,5,3,3:3,5:3,3:3:5:3
81,arc-gen,5,9,3,5,0,3,5,7,8,3,2,1,1,1,3,3,3,3,3:3,3:3,3:3:3:3
81,arc-gen,5,10,3,0,1,3,6,7,8,3,1,1,0,1,3,3,3,3,3:3,3:3,3:3:3:3
81,arc-gen,5,11,3,0,1,3,7,7,8,3,0,1,1,1,3,3,3,0,3:3,3:0,3:3:3:0
81,arc-gen,6,8,3,5,0,4,4,7,8,2,3,0,0,1,3,0,5,3,3:0,5:3,3:0:5:3
81,arc-gen,6,9,3,5,0,4,5,7,8,2,2,0,1,1,3,5,3,3,3:5,3:3,3:5:3:3
81,arc-gen,6,10,3,5,0,4,6,7,8,2,1,0,0,1,3,0,3,3,3:0,3:3,3:0:3:3
81,arc-gen,6,11,3,0,1,4,7,7,8,2,0,0,1,1,3,0,3,0,3:0,3:0,3:0:3:0
82,arc-gen,6,7,3,1,0,1,4,5,8,3,3,1,0,0,1,3,1,3,1:3,1:3,1:3:1:3
82,arc-gen,6,8,3,1,0,1,5,5,8,3,2,1,1,0,1,3,3,3,1:3,3:3,1:3:3:3
82,arc-gen,6,9,3,1,0,1,6,5,8,3,1,1,0,0,1,3,3,3,1:3,3:3,1:3:3:3
82,arc-gen,6,10,3,0,1,1,7,5,8,3,0,1,1,0,1,3,3,0,1:3,3:0,1:3:3:0
82,arc-gen,7,7,3,0,1,2,4,5,8,2,3,0,0,0,3,3,0,3,3:3,0:3,3:3:0:3
82,arc-gen,7,8,3,1,0,2,5,5,8,2,2,0,1,0,3,3,3,3,3:3,3:3,3:3:3:3
82,arc-gen,7,9,3,0,1,2,6,5,8,2,1,0,0,0,3,3,3,3,3:3,3:3,3:3:3:3
82,arc-gen,7,10,3,0,1,2,7,5,8,2,0,0,1,0,3,3,3,0,3:3,3:0,3:3:3:0
82,arc-gen,8,7,3,0,1,3,4,5,8,1,3,1,0,0,3,3,0,3,3:3,0:3,3:3:0:3
82,arc-gen,8,8,3,1,0,3,5,5,8,1,2,1,1,0,3,3,3,3,3:3,3:3,3:3:3:3
82,arc-gen,8,9,3,0,1,3,6,5,8,1,1,1,0,0,3,3,3,3,3:3,3:3,3:3:3:3
82,arc-gen,8,10,3,0,1,3,7,5,8,1,0,1,1,0,3,3,3,0,3:3,3:0,3:3:3:0
82,arc-gen,9,7,3,0,1,4,4,5,8,0,3,0,0,0,3,0,0,3,3:0,0:3,3:0:0:3
82,arc-gen,9,8,3,0,1,4,5,5,8,0,2,0,1,0,3,0,3,3,3:0,3:3,3:0:3:3
82,arc-gen,9,9,3,0,1,4,6,5,8,0,1,0,0,0,3,0,3,3,3:0,3:3,3:0:3:3
82,arc-gen,9,10,3,0,1,4,7,5,8,0,0,0,1,0,3,0,3,0,3:0,3:0,3:0:3:0
83,arc-gen,3,9,7,2,0,1,4,6,8,4,3,1,0,1,2,7,2,7,2:7,2:7,2:7:2:7
83,arc-gen,3,10,7,2,0,1,5,6,8,4,2,1,1,1,2,7,7,7,2:7,7:7,2:7:7:7
83,arc-gen,3,11,7,2,0,1,6,6,8,4,1,1,0,1,0,7,7,7,0:7,7:7,0:7:7:7
83,arc-gen,3,12,7,2,0,1,7,6,8,4,0,1,1,1,2,7,7,0,2:7,7:0,2:7:7:0
83,arc-gen,4,9,7,2,0,2,4,6,8,3,3,0,0,1,7,7,2,7,7:7,2:7,7:7:2:7
83,arc-gen,4,10,7,2,0,2,5,6,8,3,2,0,1,1,7,7,7,7,7:7,7:7,7:7:7:7
83,arc-gen,4,11,7,2,0,2,6,6,8,3,1,0,0,1,7,7,7,7,7:7,7:7,7:7:7:7
83,arc-gen,4,12,7,2,0,2,7,6,8,3,0,0,1,1,7,7,7,0,7:7,7:0,7:7:7:0
83,arc-gen,5,9,7,0,1,3,4,6,8,2,3,1,0,1,7,0,0,7,7:0,0:7,7:0:0:7
83,arc-gen,5,10,7,0,1,3,5,6,8,2,2,1,1,1,7,2,7,7,7:2,7:7,7:2:7:7
83,arc-gen,5,11,7,2,0,3,6,6,8,2,1,1,0,1,7,2,7,7,7:2,7:7,7:2:7:7
83,arc-gen,5,12,7,2,0,3,7,6,8,2,0,1,1,1,7,0,7,0,7:0,7:0,7:0:7:0
84,arc-gen,3,10,2,6,0,1,5,6,9,4,3,1,1,1,6,2,6,2,6:2,6:2,6:2:6:2
84,arc-gen,3,11,2,6,0,1,6,6,9,4,2,1,0,1,6,2,2,2,6:2,2:2,6:2:2:2
84,arc-gen,3,12,2,0,1,1,7,6,9,4,1,1,1,1,0,2,2,2,0:2,2:2,0:2:2:2
84,arc-gen,3,13,2,0,1,1,8,6,9,4,0,1,0,1,0,2,2,0,0:2,2:0,0:2:2:0
84,arc-gen,4,10,2,0,1,2,5,6,9,3,3,0,1,1,2,2,6,2,2:2,6:2,2:2:6:2
84,arc-gen,4,11,2,6,0,2,6,6,9,3,2,0,0,1,2,2,2,2,2:2,2:2,2:2:2:2
84,arc-gen,4,12,2,0,1,2,7,6,9,3,1,0,1,1,2,2,2,2,2:2,2:2,2:2:2:2
84,arc-gen,4,13,2,0,1,2,8,6,9,3,0,0,0,1,2,2,2,0,2:2,2:0,2:2:2:0
84,arc-gen,5,10,2,0,1,3,5,6,9,2,3,1,1,1,2,2,6,2,2:2,6:2,2:2:6:2
84,arc-gen,5,11,2,6,0,3,6,6,9,2,2,1,0,1,2,2,2,2,2:2,2:2,2:2:2:2
84,arc-gen,5,12,2,0,1,3,7,6,9,2,1,1,1,1,2,2,2,2,2:2,2:2,2:2:2:2
84,arc-gen,5,13,2,0,1,3,8,6,9,2,0,1,0,1,2,2,2,0,2:2,2:0,2:2:2:0
84,arc-gen,6,10,2,6,0,4,5,6,9,1,3,0,1,1,2,2,6,2,2:2,6:2,2:2:6:2
84,arc-gen,6,11,2,6,0,4,6,6,9,1,2,0,0,1,2,2,2,2,2:2,2:2,2:2:2:2
84,arc-gen,6,12,2,0,1,4,7,6,9,1,1,0,1,1,2,2,2,2,2:2,2:2,2:2:2:2
84,arc-gen,6,13,2,0,1,4,8,6,9,1,0,0,0,1,2,2,2,0,2:2,2:0,2:2:2:0
84,arc-gen,7,10,2,6,0,5,5,6,9,0,3,1,1,1,2,0,0,2,2:0,0:2,2:0:0:2
84,arc-gen,7,11,2,0,1,5,6,6,9,0,2,1,0,1,2,0,2,2,2:0,2:2,2:0:2:2
84,arc-gen,7,12,2,0,1,5,7,6,9,0,1,1,1,1,2,0,2,2,2:0,2:2,2:0:2:2
84,arc-gen,7,13,2,0,1,5,8,6,9,0,0,1,0,1,2,0,2,0,2:0,2:0,2:0:2:0
85,arc-gen,7,8,3,0,1,2,5,7,9,4,3,0,1,0,6,3,6,3,6:3,6:3,6:3:6:3
85,arc-gen,7,9,3,6,0,2,6,7,9,4,2,0,0,0,6,3,3,3,6:3,3:3,6:3:3:3
85,arc-gen,7,10,3,0,1,2,7,7,9,4,1,0,1,0,0,3,3,3,0:3,3:3,0:3:3:3
85,arc-gen,7,11,3,0,1,2,8,7,9,4,0,0,0,0,0,3,3,0,0:3,3:0,0:3:3:0
85,arc-gen,8,8,3,0,1,3,5,7,9,3,3,1,1,0,3,3,0,3,3:3,0:3,3:3:0:3
85,arc-gen,8,9,3,0,1,3,6,7,9,3,2,1,0,0,3,3,3,3,3:3,3:3,3:3:3:3
85,arc-gen,8,10,3,0,1,3,7,7,9,3,1,1,1,0,3,3,3,3,3:3,3:3,3:3:3:3
85,arc-gen,8,11,3,0,1,3,8,7,9,3,0,1,0,0,3,3,3,0,3:3,3:0,3:3:3:0
85,arc-gen,9,8,3,0,1,4,5,7,9,2,3,0,1,0,3,3,0,3,3:3,0:3,3:3:0:3
85,arc-gen,9,9,3,0,1,4,6,7,9,2,2,0,0,0,3,3,3,3,3:3,3:3,3:3:3:3
85,arc-gen,9,10,3,0,1,4,7,7,9,2,1,0,1,0,3,3,3,3,3:3,3:3,3:3:3:3
85,arc-gen,9,11,3,0,1,4,8,7,9,2,0,0,0,0,3,3,3,0,3:3,3:0,3:3:3:0
85,arc-gen,10,8,3,0,1,5,5,7,9,1,3,1,1,0,3,3,0,3,3:3,0:3,3:3:0:3
85,arc-gen,10,9,3,0,1,5,6,7,9,1,2,1,0,0,3,3,3,3,3:3,3:3,3:3:3:3
85,arc-gen,10,10,3,0,1,5,7,7,9,1,1,1,1,0,3,3,3,3,3:3,3:3,3:3:3:3
85,arc-gen,10,11,3,0,1,5,8,7,9,1,0,1,0,0,3,3,3,0,3:3,3:0,3:3:3:0
85,arc-gen,11,8,3,0,1,6,5,7,9,0,3,0,1,0,3,0,0,3,3:0,0:3,3:0:0:3
85,arc-gen,11,9,3,0,1,6,6,7,9,0,2,0,0,0,3,0,3,3,3:0,3:3,3:0:3:3
85,arc-gen,11,10,3,0,1,6,7,7,9,0,1,0,1,0,3,0,3,3,3:0,3:3,3:0:3:3
85,arc-gen,11,11,3,0,1,6,8,7,9,0,0,0,0,0,3,0,3,0,3:0,3:0,3:0:3:0
86,arc-gen,7,8,8,3,0,2,4,6,8,3,3,0,0,1,3,8,3,8,3:8,3:8,3:8:3:8
86,arc-gen,7,9,8,3,0,2,5,6,8,3,2,0,1,1,3,8,8,8,3:8,8:8,3:8:8:8
86,arc-gen,7,10,8,3,0,2,6,6,8,3,1,0,0,1,3,8,8,8,3:8,8:8,3:8:8:8
86,arc-gen,7,11,8,3,0,2,7,6,8,3,0,0,1,1,3,8,8,0,3:8,8:0,3:8:8:0
86,arc-gen,8,8,8,3,0,3,4,6,8,2,3,1,0,1,8,8,3,8,8:8,3:8,8:8:3:8
86,arc-gen,8,9,8,3,0,3,5,6,8,2,2,1,1,1,8,8,8,8,8:8,8:8,8:8:8:8
86,arc-gen,8,10,8,3,0,3,6,6,8,2,1,1,0,1,8,8,8,8,8:8,8:8,8:8:8:8
86,arc-gen,8,11,8,0,1,3,7,6,8,2,0,1,1,1,8,8,8,0,8:8,8:0,8:8:8:0
86,arc-gen,9,8,8,3,0,4,4,6,8,1,3,0,0,1,8,8,3,8,8:8,3:8,8:8:3:8
86,arc-gen,9,9,8,3,0,4,5,6,8,1,2,0,1,1,8,8,8,8,8:8,8:8,8:8:8:8
86,arc-gen,9,10,8,3,0,4,6,6,8,1,1,0,0,1,8,8,8,8,8:8,8:8,8:8:8:8
86,arc-gen,9,11,8,0,1,4,7,6,8,1,0,0,1,1,8,8,8,0,8:8,8:0,8:8:8:0
86,arc-gen,10,8,8,0,1,5,4,6,8,0,3,1,0,1,8,0,0,8,8:0,0:8,8:0:0:8
86,arc-gen,10,9,8,3,0,5,5,6,8,0,2,1,1,1,8,0,8,8,8:0,8:8,8:0:8:8
86,arc-gen,10,10,8,0,1,5,6,6,8,0,1,1,0,1,8,0,8,8,8:0,8:8,8:0:8:8
86,arc-gen,10,11,8,0,1,5,7,6,8,0,0,1,1,1,8,0,8,0,8:0,8:0,8:0:8:0
87,arc-gen,6,2,8,2,0,1,0,6,8,4,7,1,0,0,2,8,0,8,2:8,0:8,2:8:0:8
87,arc-gen,6,3,8,2,0,1,1,6,8,4,6,1,1,0,2,8,8,8,2:8,8:8,2:8:8:8
87,arc-gen,6,4,8,2,0,1,2,6,8,4,5,1,0,0,2,8,8,8,2:8,8:8,2:8:8:8
87,arc-gen,6,5,8,2,0,1,3,6,8,4,4,1,1,0,2,8,8,2,2:8,8:2,2:8:8:2
87,arc-gen,7,2,8,0,1,2,0,6,8,3,7,0,0,0,8,8,0,8,8:8,0:8,8:8:0:8
87,arc-gen,7,3,8,2,0,2,1,6,8,3,6,0,1,0,8,8,8,8,8:8,8:8,8:8:8:8
87,arc-gen,7,4,8,2,0,2,2,6,8,3,5,0,0,0,8,8,8,8,8:8,8:8,8:8:8:8
87,arc-gen,7,5,8,2,0,2,3,6,8,3,4,0,1,0,8,8,8,2,8:8,8:2,8:8:8:2
87,arc-gen,8,2,8,0,1,3,0,6,8,2,7,1,0,0,8,8,0,8,8:8,0:8,8:8:0:8
87,arc-gen,8,3,8,0,1,3,1,6,8,2,6,1,1,0,8,8,8,8,8:8,8:8,8:8:8:8
87,arc-gen,8,4,8,0,1,3,2,6,8,2,5,1,0,0,8,8,8,8,8:8,8:8,8:8:8:8
87,arc-gen,8,5,8,0,1,3,3,6,8,2,4,1,1,0,8,8,8,0,8:8,8:0,8:8:8:0
87,arc-gen,9,2,8,0,1,4,0,6,8,1,7,0,0,0,8,8,0,8,8:8,0:8,8:8:0:8
87,arc-gen,9,3,8,0,1,4,1,6,8,1,6,0,1,0,8,8,8,8,8:8,8:8,8:8:8:8
87,arc-gen,9,4,8,0,1,4,2,6,8,1,5,0,0,0,8,8,8,8,8:8,8:8,8:8:8:8
87,arc-gen,9,5,8,0,1,4,3,6,8,1,4,0,1,0,8,8,8,0,8:8,8:0,8:8:8:0
87,arc-gen,10,2,8,0,1,5,0,6,8,0,7,1,0,0,8,0,0,8,8:0,0:8,8:0:0:8
87,arc-gen,10,3,8,0,1,5,1,6,8,0,6,1,1,0,8,0,8,8,8:0,8:8,8:0:8:8
87,arc-gen,10,4,8,0,1,5,2,6,8,0,5,1,0,0,8,0,8,8,8:0,8:8,8:0:8:8
87,arc-gen,10,5,8,0,1,5,3,6,8,0,4,1,1,0,8,0,8,0,8:0,8:0,8:0:8:0
88,arc-gen,3,10,5,8,0,1,5,5,9,3,3,1,1,0,8,5,8,5,8:5,8:5,8:5:8:5
88,arc-gen,3,11,5,0,1,1,6,5,9,3,2,1,0,0,8,5,5,5,8:5,5:5,8:5:5:5
88,arc-gen,3,12,5,8,0,1,7,5,9,3,1,1,1,0,8,5,5,5,8:5,5:5,8:5:5:5
88,arc-gen,3,13,5,0,1,1,8,5,9,3,0,1,0,0,0,5,5,0,0:5,5:0,0:5:5:0
88,arc-gen,4,10,5,8,0,2,5,5,9,2,3,0,1,0,5,5,0,5,5:5,0:5,5:5:0:5
88,arc-gen,4,11,5,0,1,2,6,5,9,2,2,0,0,0,5,5,5,5,5:5,5:5,5:5:5:5
88,arc-gen,4,12,5,0,1,2,7,5,9,2,1,0,1,0,5,5,5,5,5:5,5:5,5:5:5:5
88,arc-gen,4,13,5,0,1,2,8,5,9,2,0,0,0,0,5,5,5,0,5:5,5:0,5:5:5:0
88,arc-gen,5,10,5,0,1,3,5,5,9,1,3,1,1,0,5,5,0,5,5:5,0:5,5:5:0:5
88,arc-gen,5,11,5,0,1,3,6,5,9,1,2,1,0,0,5,5,5,5,5:5,5:5,5:5:5:5
88,arc-gen,5,12,5,0,1,3,7,5,9,1,1,1,1,0,5,5,5,5,5:5,5:5,5:5:5:5
88,arc-gen,5,13,5,0,1,3,8,5,9,1,0,1,0,0,5,5,5,0,5:5,5:0,5:5:5:0
88,arc-gen,6,10,5,0,1,4,5,5,9,0,3,0,1,0,5,0,0,5,5:0,0:5,5:0:0:5
88,arc-gen,6,11,5,0,1,4,6,5,9,0,2,0,0,0,5,0,5,5,5:0,5:5,5:0:5:5
88,arc-gen,6,12,5,0,1,4,7,5,9,0,1,0,1,0,5,0,5,5,5:0,5:5,5:0:5:5
88,arc-gen,6,13,5,0,1,4,8,5,9,0,0,0,0,0,5,0,5,0,5:0,5:0,5:0:5:0
89,arc-gen,3,10,3,4,0,1,5,5,9,3,3,1,1,1,4,3,4,3,4:3,4:3,4:3:4:3
89,arc-gen,3,11,3,0,1,1,6,5,9,3,2,1,0,1,0,3,3,3,0:3,3:3,0:3:3:3
89,arc-gen,3,12,3,0,1,1,7,5,9,3,1,1,1,1,0,3,3,3,0:3,3:3,0:3:3:3
89,arc-gen,3,13,3,0,1,1,8,5,9,3,0,1,0,1,0,3,3,0,0:3,3:0,0:3:3:0
89,arc-gen,4,10,3,4,0,2,5,5,9,2,3,0,1,1,3,3,4,3,3:3,4:3,3:3:4:3
89,arc-gen,4,11,3,4,0,2,6,5,9,2,2,0,0,1,3,3,3,3,3:3,3:3,3:3:3:3
89,arc-gen,4,12,3,0,1,2,7,5,9,2,1,0,1,1,3,3,3,3,3:3,3:3,3:3:3:3
89,arc-gen,4,13,3,0,1,2,8,5,9,2,0,0,0,1,3,3,3,0,3:3,3:0,3:3:3:0
89,arc-gen,5,10,3,4,0,3,5,5,9,1,3,1,1,1,3,3,4,3,3:3,4:3,3:3:4:3
89,arc-gen,5,11,3,4,0,3,6,5,9,1,2,1,0,1,3,3,3,3,3:3,3:3,3:3:3:3
89,arc-gen,5,12,3,0,1,3,7,5,9,1,1,1,1,1,3,3,3,3,3:3,3:3,3:3:3:3
89,arc-gen,5,13,3,0,1,3,8,5,9,1,0,1,0,1,3,3,3,0,3:3,3:0,3:3:3:0
89,arc-gen,6,10,3,0,1,4,5,5,9,0,3,0,1,1,3,0,4,3,3:0,4:3,3:0:4:3
89,arc-gen,6,11,3,0,1,4,6,5,9,0,2,0,0,1,3,0,3,3,3:0,3:3,3:0:3:3
89,arc-gen,6,12,3,0,1,4,7,5,9,0,1,0,1,1,3,0,3,3,3:0,3:3,3:0:3:3
89,arc-gen,6,13,3,0,1,4,8,5,9,0,0,0,0,1,3,0,3,0,3:0,3:0,3:0:3:0
90,arc-gen,4,7,4,8,0,2,5,6,9,3,3,0,1,1,8,4,8,4,8:4,8:4,8:4:8:4
90,arc-gen,4,8,4,8,0,2,6,6,9,3,2,0,0,1,8,4,4,4,8:4,4:4,8:4:4:4
90,arc-gen,4,9,4,8,0,2,7,6,9,3,1,0,1,1,8,4,4,4,8:4,4:4,8:4:4:4
90,arc-gen,4,10,4,0,1,2,8,6,9,3,0,0,0,1,0,4,4,0,0:4,4:0,0:4:4:0
90,arc-gen,5,7,4,8,0,3,5,6,9,2,3,1,1,1,4,4,8,4,4:4,8:4,4:4:8:4
90,arc-gen,5,8,4,8,0,3,6,6,9,2,2,1,0,1,4,4,4,4,4:4,4:4,4:4:4:4
90,arc-gen,5,9,4,0,1,3,7,6,9,2,1,1,1,1,4,4,4,4,4:4,4:4,4:4:4:4
90,arc-gen,5,10,4,0,1,3,8,6,9,2,0,1,0,1,4,4,4,0,4:4,4:0,4:4:4:0
90,arc-gen,6,7,4,8,0,4,5,6,9,1,3,0,1,1,4,0,8,4,4:0,8:4,4:0:8:4
90,arc-gen,6,8,4,8,0,4,6,6,9,1,2,0,0,1,4,0,4,4,4:0,4:4,4:0:4:4
90,arc-gen,6,9,4,0,1,4,7,6,9,1,1,0,1,1,4,0,4,4,4:0,4:4,4:0:4:4
90,arc-gen,6,10,4,0,1,4,8,6,9,1,0,0,0,1,4,0,4,0,4:0,4:0,4:0:4:0
91,arc-gen,6,9,7,3,0,2,4,6,8,3,3,0,0,1,3,7,3,7,3:7,3:7,3:7:3:7
91,arc-gen,6,10,7,3,0,2,5,6,8,3,2,0,1,1,3,7,7,7,3:7,7:7,3:7:7:7
91,arc-gen,6,11,7,0,1,2,6,6,8,3,1,0,0,1,3,7,7,7,3:7,7:7,3:7:7:7
91,arc-gen,6,12,7,0,1,2,7,6,8,3,0,0,1,1,0,7,7,0,0:7,7:0,0:7:7:0
91,arc-gen,7,9,7,3,0,3,4,6,8,2,3,1,0,1,7,7,0,7,7:7,0:7,7:7:0:7
91,arc-gen,7,10,7,0,1,3,5,6,8,2,2,1,1,1,7,7,7,7,7:7,7:7,7:7:7:7
91,arc-gen,7,11,7,0,1,3,6,6,8,2,1,1,0,1,7,7,7,7,7:7,7:7,7:7:7:7
91,arc-gen,7,12,7,0,1,3,7,6,8,2,0,1,1,1,7,7,7,0,7:7,7:0,7:7:7:0
91,arc-gen,8,9,7,0,1,4,4,6,8,1,3,0,0,1,7,7,0,7,7:7,0:7,7:7:0:7
91,arc-gen,8,10,7,0,1,4,5,6,8,1,2,0,1,1,7,7,7,7,7:7,7:7,7:7:7:7
91,arc-gen,8,11,7,0,1,4,6,6,8,1,1,0,0,1,7,7,7,7,7:7,7:7,7:7:7:7
91,arc-gen,8,12,7,0,1,4,7,6,8,1,0,0,1,1,7,7,7,0,7:7,7:0,7:7:7:0
91,arc-gen,9,9,7,0,1,5,4,6,8,0,3,1,0,1,7,0,0,7,7:0,0:7,7:0:0:7
91,arc-gen,9,10,7,0,1,5,5,6,8,0,2,1,1,1,7,0,7,7,7:0,7:7,7:0:7:7
91,arc-gen,9,11,7,0,1,5,6,6,8,0,1,1,0,1,7,0,7,7,7:0,7:7,7:0:7:7
91,arc-gen,9,12,7,0,1,5,7,6,8,0,0,1,1,1,7,0,7,0,7:0,7:0,7:0:7:0
92,arc-gen,4,10,8,4,0,2,5,5,9,2,3,0,1,1,0,8,4,8,0:8,4:8,0:8:4:8
92,arc-gen,4,11,8,4,0,2,6,5,9,2,2,0,0,1,4,8,8,8,4:8,8:8,4:8:8:8
92,arc-gen,4,12,8,0,1,2,7,5,9,2,1,0,1,1,4,8,8,8,4:8,8:8,4:8:8:8
92,arc-gen,4,13,8,0,1,2,8,5,9,2,0,0,0,1,0,8,8,0,0:8,8:0,0:8:8:0
92,arc-gen,5,10,8,4,0,3,5,5,9,1,3,1,1,1,8,8,4,8,8:8,4:8,8:8:4:8
92,arc-gen,5,11,8,4,0,3,6,5,9,1,2,1,0,1,8,8,8,8,8:8,8:8,8:8:8:8
92,arc-gen,5,12,8,0,1,3,7,5,9,1,1,1,1,1,8,8,8,8,8:8,8:8,8:8:8:8
92,arc-gen,5,13,8,0,1,3,8,5,9,1,0,1,0,1,8,8,8,0,8:8,8:0,8:8:8:0
92,arc-gen,6,10,8,4,0,4,5,5,9,0,3,0,1,1,8,0,0,8,8:0,0:8,8:0:0:8
92,arc-gen,6,11,8,4,0,4,6,5,9,0,2,0,0,1,8,0,8,8,8:0,8:8,8:0:8:8
92,arc-gen,6,12,8,0,1,4,7,5,9,0,1,0,1,1,8,0,8,8,8:0,8:8,8:0:8:8
92,arc-gen,6,13,8,0,1,4,8,5,9,0,0,0,0,1,8,0,8,0,8:0,8:0,8:0:8:0
93,arc-gen,5,6,2,7,0,2,4,7,8,4,3,0,0,1,7,2,7,2,7:2,7:2,7:2:7:2
93,arc-gen,5,7,2,7,0,2,5,7,8,4,2,0,1,1,7,2,2,2,7:2,2:2,7:2:2:2
93,arc-gen,5,8,2,7,0,2,6,7,8,4,1,0,0,1,7,2,2,2,7:2,2:2,7:2:2:2
93,arc-gen,5,9,2,7,0,2,7,7,8,4,0,0,1,1,7,2,2,0,7:2,2:0,7:2:2:0
93,arc-gen,6,6,2,7,0,3,4,7,8,3,3,1,0,1,2,2,7,2,2:2,7:2,2:2:7:2
93,arc-gen,6,7,2,0,1,3,5,7,8,3,2,1,1,1,2,2,2,2,2:2,2:2,2:2:2:2
93,arc-gen,6,8,2,7,0,3,6,7,8,3,1,1,0,1,2,2,2,2,2:2,2:2,2:2:2:2
93,arc-gen,6,9,2,7,0,3,7,7,8,3,0,1,1,1,2,2,2,0,2:2,2:0,2:2:2:0
93,arc-gen,7,6,2,7,0,4,4,7,8,2,3,0,0,1,2,2,7,2,2:2,7:2,2:2:7:2
93,arc-gen,7,7,2,7,0,4,5,7,8,2,2,0,1,1,2,2,2,2,2:2,2:2,2:2:2:2
93,arc-gen,7,8,2,7,0,4,6,7,8,2,1,0,0,1,2,2,2,2,2:2,2:2,2:2:2:2
93,arc-gen,7,9,2,7,0,4,7,7,8,2,0,0,1,1,2,2,2,0,2:2,2:0,2:2:2:0
93,arc-gen,8,6,2,0,1,5,4,7,8,1,3,1,0,1,2,2,0,2,2:2,0:2,2:2:0:2
93,arc-gen,8,7,2,0,1,5,5,7,8,1,2,1,1,1,2,2,2,2,2:2,2:2,2:2:2:2
93,arc-gen,8,8,2,7,0,5,6,7,8,1,1,1,0,1,2,2,2,2,2:2,2:2,2:2:2:2
93,arc-gen,8,9,2,7,0,5,7,7,8,1,0,1,1,1,2,2,2,0,2:2,2:0,2:2:2:0
93,arc-gen,9,6,2,0,1,6,4,7,8,0,3,0,0,1,2,0,0,2,2:0,0:2,2:0:0:2
93,arc-gen,9,7,2,0,1,6,5,7,8,0,2,0,1,1,2,0,2,2,2:0,2:2,2:0:2:2
93,arc-gen,9,8,2,0,1,6,6,7,8,0,1,0,0,1,2,0,2,2,2:0,2:2,2:0:2:2
93,arc-gen,9,9,2,0,1,6,7,7,8,0,0,0,1,1,2,0,2,0,2:0,2:0,2:0:2:0
94,arc-gen,5,9,3,1,0,2,4,7,8,4,3,0,0,1,1,3,1,3,1:3,1:3,1:3:1:3
94,arc-gen,5,10,3,1,0,2,5,7,8,4,2,0,1,1,1,3,3,3,1:3,3:3,1:3:3:3
94,arc-gen,5,11,3,0,1,2,6,7,8,4,1,0,0,1,1,3,3,3,1:3,3:3,1:3:3:3
94,arc-gen,5,12,3,0,1,2,7,7,8,4,0,0,1,1,0,3,3,0,0:3,3:0,0:3:3:0
94,arc-gen,6,9,3,1,0,3,4,7,8,3,3,1,0,1,3,3,1,3,3:3,1:3,3:3:1:3
94,arc-gen,6,10,3,1,0,3,5,7,8,3,2,1,1,1,3,3,3,3,3:3,3:3,3:3:3:3
94,arc-gen,6,11,3,1,0,3,6,7,8,3,1,1,0,1,3,3,3,3,3:3,3:3,3:3:3:3
94,arc-gen,6,12,3,0,1,3,7,7,8,3,0,1,1,1,3,3,3,0,3:3,3:0,3:3:3:0
94,arc-gen,7,9,3,1,0,4,4,7,8,2,3,0,0,1,3,3,1,3,3:3,1:3,3:3:1:3
94,arc-gen,7,10,3,0,1,4,5,7,8,2,2,0,1,1,3,3,3,3,3:3,3:3,3:3:3:3
94,arc-gen,7,11,3,0,1,4,6,7,8,2,1,0,0,1,3,3,3,3,3:3,3:3,3:3:3:3
94,arc-gen,7,12,3,0,1,4,7,7,8,2,0,0,1,1,3,3,3,0,3:3,3:0,3:3:3:0
94,arc-gen,8,9,3,0,1,5,4,7,8,1,3,1,0,1,3,3,0,3,3:3,0:3,3:3:0:3
94,arc-gen,8,10,3,0,1,5,5,7,8,1,2,1,1,1,3,3,3,3,3:3,3:3,3:3:3:3
94,arc-gen,8,11,3,0,1,5,6,7,8,1,1,1,0,1,3,3,3,3,3:3,3:3,3:3:3:3
94,arc-gen,8,12,3,0,1,5,7,7,8,1,0,1,1,1,3,3,3,0,3:3,3:0,3:3:3:0
94,arc-gen,9,9,3,0,1,6,4,7,8,0,3,0,0,1,3,0,0,3,3:0,0:3,3:0:0:3
94,arc-gen,9,10,3,0,1,6,5,7,8,0,2,0,1,1,3,0,3,3,3:0,3:3,3:0:3:3
94,arc-gen,9,11,3,0,1,6,6,7,8,0,1,0,0,1,3,0,3,3,3:0,3:3,3:0:3:3
94,arc-gen,9,12,3,0,1,6,7,7,8,0,0,0,1,1,3,0,3,0,3:0,3:0,3:0:3:0
95,arc-gen,3,7,6,1,0,1,5,7,9,5,3,1,1,1,1,6,1,6,1:6,1:6,1:6:1:6
95,arc-gen,3,8,6,1,0,1,6,7,9,5,2,1,0,1,1,6,6,6,1:6,6:6,1:6:6:6
95,arc-gen,3,9,6,1,0,1,7,7,9,5,1,1,1,1,1,6,6,6,1:6,6:6,1:6:6:6
95,arc-gen,3,10,6,0,1,1,8,7,9,5,0,1,0,1,0,6,6,0,0:6,6:0,0:6:6:0
95,arc-gen,4,7,6,0,1,2,5,7,9,4,3,0,1,1,6,6,1,6,6:6,1:6,6:6:1:6
95,arc-gen,4,8,6,1,0,2,6,7,9,4,2,0,0,1,6,6,6,6,6:6,6:6,6:6:6:6
95,arc-gen,4,9,6,1,0,2,7,7,9,4,1,0,1,1,6,6,6,6,6:6,6:6,6:6:6:6
95,arc-gen,4,10,6,0,1,2,8,7,9,4,0,0,0,1,6,6,6,0,6:6,6:0,6:6:6:0
95,arc-gen,5,7,6,1,0,3,5,7,9,3,3,1,1,1,6,6,1,6,6:6,1:6,6:6:1:6
95,arc-gen,5,8,6,1,0,3,6,7,9,3,2,1,0,1,6,6,6,6,6:6,6:6,6:6:6:6
95,arc-gen,5,9,6,1,0,3,7,7,9,3,1,1,1,1,6,6,6,6,6:6,6:6,6:6:6:6
95,arc-gen,5,10,6,0,1,3,8,7,9,3,0,1,0,1,6,6,6,0,6:6,6:0,6:6:6:0
95,arc-gen,6,7,6,1,0,4,5,7,9,2,3,0,1,1,6,0,1,6,6:0,1:6,6:0:1:6
95,arc-gen,6,8,6,0,1,4,6,7,9,2,2,0,0,1,6,1,6,6,6:1,6:6,6:1:6:6
95,arc-gen,6,9,6,1,0,4,7,7,9,2,1,0,1,1,6,1,6,6,6:1,6:6,6:1:6:6
95,arc-gen,6,10,6,0,1,4,8,7,9,2,0,0,0,1,6,0,6,0,6:0,6:0,6:0:6:0
96,arc-gen,4,11,4,9,0,2,5,7,9,4,3,0,1,1,9,4,9,4,9:4,9:4,9:4:9:4
96,arc-gen,4,12,4,0,1,2,6,7,9,4,2,0,0,1,9,4,4,4,9:4,4:4,9:4:4:4
96,arc-gen,4,13,4,0,1,2,7,7,9,4,1,0,1,1,0,4,4,4,0:4,4:4,0:4:4:4
96,arc-gen,4,14,4,0,1,2,8,7,9,4,0,0,0,1,0,4,4,0,0:4,4:0,0:4:4:0
96,arc-gen,5,11,4,0,1,3,5,7,9,3,3,1,1,1,4,4,9,4,4:4,9:4,4:4:9:4
96,arc-gen,5,12,4,0,1,3,6,7,9,3,2,1,0,1,4,4,4,4,4:4,4:4,4:4:4:4
96,arc-gen,5,13,4,0,1,3,7,7,9,3,1,1,1,1,4,4,4,4,4:4,4:4,4:4:4:4
96,arc-gen,5,14,4,0,1,3,8,7,9,3,0,1,0,1,4,4,4,0,4:4,4:0,4:4:4:0
96,arc-gen,6,11,4,0,1,4,5,7,9,2,3,0,1,1,4,4,9,4,4:4,9:4,4:4:9:4
96,arc-gen,6,12,4,0,1,4,6,7,9,2,2,0,0,1,4,4,4,4,4:4,4:4,4:4:4:4
96,arc-gen,6,13,4,0,1,4,7,7,9,2,1,0,1,1,4,4,4,4,4:4,4:4,4:4:4:4
96,arc-gen,6,14,4,0,1,4,8,7,9,2,0,0,0,1,4,4,4,0,4:4,4:0,4:4:4:0
96,arc-gen,7,11,4,0,1,5,5,7,9,1,3,1,1,1,4,4,0,4,4:4,0:4,4:4:0:4
96,arc-gen,7,12,4,0,1,5,6,7,9,1,2,1,0,1,4,4,4,4,4:4,4:4,4:4:4:4
96,arc-gen,7,13,4,0,1,5,7,7,9,1,1,1,1,1,4,4,4,4,4:4,4:4,4:4:4:4
96,arc-gen,7,14,4,0,1,5,8,7,9,1,0,1,0,1,4,4,4,0,4:4,4:0,4:4:4:0
96,arc-gen,8,11,4,0,1,6,5,7,9,0,3,0,1,1,4,0,0,4,4:0,0:4,4:0:0:4
96,arc-gen,8,12,4,0,1,6,6,7,9,0,2,0,0,1,4,0,4,4,4:0,4:4,4:0:4:4
96,arc-gen,8,13,4,0,1,6,7,7,9,0,1,0,1,1,4,0,4,4,4:0,4:4,4:0:4:4
96,arc-gen,8,14,4,0,1,6,8,7,9,0,0,0,0,1,4,0,4,0,4:0,4:0,4:0:4:0
97,arc-gen,6,6,1,5,0,2,4,7,8,4,3,0,0,1,5,1,5,1,5:1,5:1,5:1:5:1
97,arc-gen,6,7,1,5,0,2,5,7,8,4,2,0,1,1,5,1,1,1,5:1,1:1,5:1:1:1
97,arc-gen,6,8,1,5,0,2,6,7,8,4,1,0,0,1,5,1,1,1,5:1,1:1,5:1:1:1
97,arc-gen,6,9,1,5,0,2,7,7,8,4,0,0,1,1,0,1,1,0,0:1,1:0,0:1:1:0
97,arc-gen,7,6,1,5,0,3,4,7,8,3,3,1,0,1,1,1,5,1,1:1,5:1,1:1:5:1
97,arc-gen,7,7,1,0,1,3,5,7,8,3,2,1,1,1,1,1,1,1,1:1,1:1,1:1:1:1
97,arc-gen,7,8,1,5,0,3,6,7,8,3,1,1,0,1,1,1,1,1,1:1,1:1,1:1:1:1
97,arc-gen,7,9,1,0,1,3,7,7,8,3,0,1,1,1,1,1,1,0,1:1,1:0,1:1:1:0
97,arc-gen,8,6,1,5,0,4,4,7,8,2,3,0,0,1,1,1,5,1,1:1,5:1,1:1:5:1
97,arc-gen,8,7,1,5,0,4,5,7,8,2,2,0,1,1,1,1,1,1,1:1,1:1,1:1:1:1
97,arc-gen,8,8,1,5,0,4,6,7,8,2,1,0,0,1,1,1,1,1,1:1,1:1,1:1:1:1
97,arc-gen,8,9,1,0,1,4,7,7,8,2,0,0,1,1,1,1,1,0,1:1,1:0,1:1:1:0
97,arc-gen,9,6,1,5,0,5,4,7,8,1,3,1,0,1,1,1,5,1,1:1,5:1,1:1:5:1
97,arc-gen,9,7,1,5,0,5,5,7,8,1,2,1,1,1,1,1,1,1,1:1,1:1,1:1:1:1
97,arc-gen,9,8,1,5,0,5,6,7,8,1,1,1,0,1,1,1,1,1,1:1,1:1,1:1:1:1
97,arc-gen,9,9,1,0,1,5,7,7,8,1,0,1,1,1,1,1,1,0,1:1,1:0,1:1:1:0
97,arc-gen,10,6,1,5,0,6,4,7,8,0,3,0,0,1,1,0,5,1,1:0,5:1,1:0:5:1
97,arc-gen,10,7,1,5,0,6,5,7,8,0,2,0,1,1,1,0,1,1,1:0,1:1,1:0:1:1
97,arc-gen,10,8,1,0,1,6,6,7,8,0,1,0,0,1,1,0,1,1,1:0,1:1,1:0:1:1
97,arc-gen,10,9,1,0,1,6,7,7,8,0,0,0,1,1,1,0,1,0,1:0,1:0,1:0:1:0
98,arc-gen,4,7,2,0,1,2,5,5,9,2,3,0,1,1,6,2,6,2,6:2,6:2,6:2:6:2
98,arc-gen,4,8,2,0,1,2,6,5,9,2,2,0,0,1,6,2,2,2,6:2,2:2,6:2:2:2
98,arc-gen,4,9,2,0,1,2,7,5,9,2,1,0,1,1,6,2,2,2,6:2,2:2,6:2:2:2
98,arc-gen,4,10,2,0,1,2,8,5,9,2,0,0,0,1,0,2,2,0,0:2,2:0,0:2:2:0
98,arc-gen,5,7,2,0,1,3,5,5,9,1,3,1,1,1,2,2,0,2,2:2,0:2,2:2:0:2
98,arc-gen,5,8,2,0,1,3,6,5,9,1,2,1,0,1,2,2,2,2,2:2,2:2,2:2:2:2
98,arc-gen,5,9,2,0,1,3,7,5,9,1,1,1,1,1,2,2,2,2,2:2,2:2,2:2:2:2
98,arc-gen,5,10,2,0,1,3,8,5,9,1,0,1,0,1,2,2,2,0,2:2,2:0,2:2:2:0
98,arc-gen,6,7,2,0,1,4,5,5,9,0,3,0,1,1,2,0,0,2,2:0,0:2,2:0:0:2
98,arc-gen,6,8,2,0,1,4,6,5,9,0,2,0,0,1,2,0,2,2,2:0,2:2,2:0:2:2
98,arc-gen,6,9,2,0,1,4,7,5,9,0,1,0,1,1,2,0,2,2,2:0,2:2,2:0:2:2
98,arc-gen,6,10,2,0,1,4,8,5,9,0,0,0,0,1,2,0,2,0,2:0,2:0,2:0:2:0
99,arc-gen,5,7,6,0,1,2,5,7,9,4,3,0,1,1,9,6,9,6,9:6,9:6,9:6:9:6
99,arc-gen,5,8,6,0,1,2,6,7,9,4,2,0,0,1,9,6,6,6,9:6,6:6,9:6:6:6
99,arc-gen,5,9,6,0,1,2,7,7,9,4,1,0,1,1,9,6,6,6,9:6,6:6,9:6:6:6
99,arc-gen,5,10,6,0,1,2,8,7,9,4,0,0,0,1,0,6,6,0,0:6,6:0,0:6:6:0
99,arc-gen,6,7,6,9,0,3,5,7,9,3,3,1,1,1,6,6,9,6,6:6,9:6,6:6:9:6
99,arc-gen,6,8,6,9,0,3,6,7,9,3,2,1,0,1,6,6,6,6,6:6,6:6,6:6:6:6
99,arc-gen,6,9,6,0,1,3,7,7,9,3,1,1,1,1,6,6,6,6,6:6,6:6,6:6:6:6
99,arc-gen,6,10,6,0,1,3,8,7,9,3,0,1,0,1,6,6,6,0,6:6,6:0,6:6:6:0
99,arc-gen,7,7,6,9,0,4,5,7,9,2,3,0,1,1,6,6,9,6,6:6,9:6,6:6:9:6
99,arc-gen,7,8,6,0,1,4,6,7,9,2,2,0,0,1,6,6,6,6,6:6,6:6,6:6:6:6
99,arc-gen,7,9,6,0,1,4,7,7,9,2,1,0,1,1,6,6,6,6,6:6,6:6,6:6:6:6
99,arc-gen,7,10,6,0,1,4,8,7,9,2,0,0,0,1,6,6,6,0,6:6,6:0,6:6:6:0
99,arc-gen,8,7,6,9,0,5,5,7,9,1,3,1,1,1,6,6,9,6,6:6,9:6,6:6:9:6
99,arc-gen,8,8,6,0,1,5,6,7,9,1,2,1,0,1,6,6,6,6,6:6,6:6,6:6:6:6
99,arc-gen,8,9,6,0,1,5,7,7,9,1,1,1,1,1,6,6,6,6,6:6,6:6,6:6:6:6
99,arc-gen,8,10,6,0,1,5,8,7,9,1,0,1,0,1,6,6,6,0,6:6,6:0,6:6:6:0
99,arc-gen,9,7,6,9,0,6,5,7,9,0,3,0,1,1,6,0,0,6,6:0,0:6,6:0:0:6
99,arc-gen,9,8,6,9,0,6,6,7,9,0,2,0,0,1,6,0,6,6,6:0,6:6,6:0:6:6
99,arc-gen,9,9,6,0,1,6,7,7,9,0,1,0,1,1,6,0,6,6,6:0,6:6,6:0:6:6
99,arc-gen,9,10,6,0,1,6,8,7,9,0,0,0,0,1,6,0,6,0,6:0,6:0,6:0:6:0
100,arc-gen,6,4,8,0,1,1,0,5,8,3,7,1,0,1,0,8,0,8,0:8,0:8,0:8:0:8
100,arc-gen,6,5,8,0,1,1,1,5,8,3,6,1,1,1,0,8,8,8,0:8,8:8,0:8:8:8
100,arc-gen,6,6,8,9,0,1,2,5,8,3,5,1,0,1,9,8,8,8,9:8,8:8,9:8:8:8
100,arc-gen,6,7,8,9,0,1,3,5,8,3,4,1,1,1,9,8,8,9,9:8,8:9,9:8:8:9
100,arc-gen,7,4,8,0,1,2,0,5,8,2,7,0,0,1,8,8,0,8,8:8,0:8,8:8:0:8
100,arc-gen,7,5,8,9,0,2,1,5,8,2,6,0,1,1,8,8,8,8,8:8,8:8,8:8:8:8
100,arc-gen,7,6,8,9,0,2,2,5,8,2,5,0,0,1,8,8,8,8,8:8,8:8,8:8:8:8
100,arc-gen,7,7,8,9,0,2,3,5,8,2,4,0,1,1,8,8,8,0,8:8,8:0,8:8:8:0
100,arc-gen,8,4,8,0,1,3,0,5,8,1,7,1,0,1,8,8,0,8,8:8,0:8,8:8:0:8
100,arc-gen,8,5,8,9,0,3,1,5,8,1,6,1,1,1,8,8,8,8,8:8,8:8,8:8:8:8
100,arc-gen,8,6,8,9,0,3,2,5,8,1,5,1,0,1,8,8,8,8,8:8,8:8,8:8:8:8
100,arc-gen,8,7,8,9,0,3,3,5,8,1,4,1,1,1,8,8,8,0,8:8,8:0,8:8:8:0
100,arc-gen,9,4,8,0,1,4,0,5,8,0,7,0,0,1,8,0,0,8,8:0,0:8,8:0:0:8
100,arc-gen,9,5,8,9,0,4,1,5,8,0,6,0,1,1,8,0,8,8,8:0,8:8,8:0:8:8
100,arc-gen,9,6,8,0,1,4,2,5,8,0,5,0,0,1,8,0,8,8,8:0,8:8,8:0:8:8
100,arc-gen,9,7,8,9,0,4,3,5,8,0,4,0,1,1,8,0,8,9,8:0,8:9,8:0:8:9
101,arc-gen,4,0,2,0,1,2,0,7,9,4,8,0,0,0,0,2,-1,2,0:2,-1:2,0:2:-1:2
101,arc-gen,4,1,2,0,1,2,1,7,9,4,7,0,1,0,0,2,2,2,0:2,2:2,0:2:2:2
101,arc-gen,4,2,2,0,1,2,2,7,9,4,6,0,0,0,0,2,2,2,0:2,2:2,0:2:2:2
101,arc-gen,4,3,2,0,1,2,3,7,9,4,5,0,1,0,7,2,2,7,7:2,2:7,7:2:2:7
101,arc-gen,5,0,2,0,1,3,0,7,9,3,8,1,0,0,2,2,-1,2,2:2,-1:2,2:2:-1:2
101,arc-gen,5,1,2,0,1,3,1,7,9,3,7,1,1,0,2,2,2,2,2:2,2:2,2:2:2:2
101,arc-gen,5,2,2,0,1,3,2,7,9,3,6,1,0,0,2,2,2,2,2:2,2:2,2:2:2:2
101,arc-gen,5,3,2,0,1,3,3,7,9,3,5,1,1,0,2,2,2,7,2:2,2:7,2:2:2:7
101,arc-gen,6,0,2,0,1,4,0,7,9,2,8,0,0,0,2,2,-1,2,2:2,-1:2,2:2:-1:2
101,arc-gen,6,1,2,0,1,4,1,7,9,2,7,0,1,0,2,2,2,2,2:2,2:2,2:2:2:2
101,arc-gen,6,2,2,0,1,4,2,7,9,2,6,0,0,0,2,2,2,2,2:2,2:2,2:2:2:2
101,arc-gen,6,3,2,0,1,4,3,7,9,2,5,0,1,0,2,2,2,0,2:2,2:0,2:2:2:0
101,arc-gen,7,0,2,0,1,5,0,7,9,1,8,1,0,0,2,2,-1,2,2:2,-1:2,2:2:-1:2
101,arc-gen,7,1,2,0,1,5,1,7,9,1,7,1,1,0,2,2,2,2,2:2,2:2,2:2:2:2
101,arc-gen,7,2,2,0,1,5,2,7,9,1,6,1,0,0,2,2,2,2,2:2,2:2,2:2:2:2
101,arc-gen,7,3,2,0,1,5,3,7,9,1,5,1,1,0,2,2,2,0,2:2,2:0,2:2:2:0
101,arc-gen,8,0,2,0,1,6,0,7,9,0,8,0,0,0,2,0,-1,2,2:0,-1:2,2:0:-1:2
101,arc-gen,8,1,2,0,1,6,1,7,9,0,7,0,1,0,2,0,2,2,2:0,2:2,2:0:2:2
101,arc-gen,8,2,2,0,1,6,2,7,9,0,6,0,0,0,2,0,2,2,2:0,2:2,2:0:2:2
101,arc-gen,8,3,2,0,1,6,3,7,9,0,5,0,1,0,2,0,2,0,2:0,2:0,2:0:2:0
102,arc-gen,4,10,8,6,0,1,5,6,9,4,3,1,1,0,6,8,6,8,6:8,6:8,6:8:6:8
102,arc-gen,4,11,8,6,0,1,6,6,9,4,2,1,0,0,6,8,8,8,6:8,8:8,6:8:8:8
102,arc-gen,4,12,8,0,1,1,7,6,9,4,1,1,1,0,0,8,8,8,0:8,8:8,0:8:8:8
102,arc-gen,4,13,8,0,1,1,8,6,9,4,0,1,0,0,0,8,8,0,0:8,8:0,0:8:8:0
102,arc-gen,5,10,8,6,0,2,5,6,9,3,3,0,1,0,8,8,6,8,8:8,6:8,8:8:6:8
102,arc-gen,5,11,8,6,0,2,6,6,9,3,2,0,0,0,8,8,8,8,8:8,8:8,8:8:8:8
102,arc-gen,5,12,8,0,1,2,7,6,9,3,1,0,1,0,8,8,8,8,8:8,8:8,8:8:8:8
102,arc-gen,5,13,8,0,1,2,8,6,9,3,0,0,0,0,8,8,8,0,8:8,8:0,8:8:8:0
102,arc-gen,6,10,8,0,1,3,5,6,9,2,3,1,1,0,8,8,0,8,8:8,0:8,8:8:0:8
102,arc-gen,6,11,8,0,1,3,6,6,9,2,2,1,0,0,8,8,8,8,8:8,8:8,8:8:8:8
102,arc-gen,6,12,8,0,1,3,7,6,9,2,1,1,1,0,8,8,8,8,8:8,8:8,8:8:8:8
102,arc-gen,6,13,8,0,1,3,8,6,9,2,0,1,0,0,8,8,8,0,8:8,8:0,8:8:8:0
102,arc-gen,7,10,8,0,1,4,5,6,9,1,3,0,1,0,8,8,0,8,8:8,0:8,8:8:0:8
102,arc-gen,7,11,8,0,1,4,6,6,9,1,2,0,0,0,8,8,8,8,8:8,8:8,8:8:8:8
102,arc-gen,7,12,8,0,1,4,7,6,9,1,1,0,1,0,8,8,8,8,8:8,8:8,8:8:8:8
102,arc-gen,7,13,8,0,1,4,8,6,9,1,0,0,0,0,8,8,8,0,8:8,8:0,8:8:8:0
102,arc-gen,8,10,8,0,1,5,5,6,9,0,3,1,1,0,8,0,0,8,8:0,0:8,8:0:0:8
102,arc-gen,8,11,8,0,1,5,6,6,9,0,2,1,0,0,8,0,8,8,8:0,8:8,8:0:8:8
102,arc-gen,8,12,8,0,1,5,7,6,9,0,1,1,1,0,8,0,8,8,8:0,8:8,8:0:8:8
102,arc-gen,8,13,8,0,1,5,8,6,9,0,0,1,0,0,8,0,8,0,8:0,8:0,8:0:8:0
103,arc-gen,5,8,9,6,0,2,5,6,9,3,3,0,1,1,6,9,6,9,6:9,6:9,6:9:6:9
103,arc-gen,5,9,9,0,1,2,6,6,9,3,2,0,0,1,6,9,9,9,6:9,9:9,6:9:9:9
103,arc-gen,5,10,9,0,1,2,7,6,9,3,1,0,1,1,0,9,9,9,0:9,9:9,0:9:9:9
103,arc-gen,5,11,9,0,1,2,8,6,9,3,0,0,0,1,0,9,9,0,0:9,9:0,0:9:9:0
103,arc-gen,6,8,9,0,1,3,5,6,9,2,3,1,1,1,9,9,0,9,9:9,0:9,9:9:0:9
103,arc-gen,6,9,9,0,1,3,6,6,9,2,2,1,0,1,9,9,9,9,9:9,9:9,9:9:9:9
103,arc-gen,6,10,9,0,1,3,7,6,9,2,1,1,1,1,9,9,9,9,9:9,9:9,9:9:9:9
103,arc-gen,6,11,9,0,1,3,8,6,9,2,0,1,0,1,9,9,9,0,9:9,9:0,9:9:9:0
103,arc-gen,7,8,9,0,1,4,5,6,9,1,3,0,1,1,9,9,0,9,9:9,0:9,9:9:0:9
103,arc-gen,7,9,9,0,1,4,6,6,9,1,2,0,0,1,9,9,9,9,9:9,9:9,9:9:9:9
103,arc-gen,7,10,9,0,1,4,7,6,9,1,1,0,1,1,9,9,9,9,9:9,9:9,9:9:9:9
103,arc-gen,7,11,9,0,1,4,8,6,9,1,0,0,0,1,9,9,9,0,9:9,9:0,9:9:9:0
103,arc-gen,8,8,9,0,1,5,5,6,9,0,3,1,1,1,9,0,0,9,9:0,0:9,9:0:0:9
103,arc-gen,8,9,9,0,1,5,6,6,9,0,2,1,0,1,9,0,9,9,9:0,9:9,9:0:9:9
103,arc-gen,8,10,9,0,1,5,7,6,9,0,1,1,1,1,9,0,9,9,9:0,9:9,9:0:9:9
103,arc-gen,8,11,9,0,1,5,8,6,9,0,0,1,0,1,9,0,9,0,9:0,9:0,9:0:9:0
104,arc-gen,5,11,7,2,0,1,4,5,8,3,3,1,0,1,2,7,2,7,2:7,2:7,2:7:2:7
104,arc-gen,5,12,7,2,0,1,5,5,8,3,2,1,1,1,0,7,7,7,0:7,7:7,0:7:7:7
104,arc-gen,5,13,7,2,0,1,6,5,8,3,1,1,0,1,2,7,7,7,2:7,7:7,2:7:7:7
104,arc-gen,5,14,7,0,1,1,7,5,8,3,0,1,1,1,0,7,7,0,0:7,7:0,0:7:7:0
104,arc-gen,6,11,7,2,0,2,4,5,8,2,3,0,0,1,7,7,0,7,7:7,0:7,7:7:0:7
104,arc-gen,6,12,7,2,0,2,5,5,8,2,2,0,1,1,7,7,7,7,7:7,7:7,7:7:7:7
104,arc-gen,6,13,7,2,0,2,6,5,8,2,1,0,0,1,7,7,7,7,7:7,7:7,7:7:7:7
104,arc-gen,6,14,7,0,1,2,7,5,8,2,0,0,1,1,7,7,7,0,7:7,7:0,7:7:7:0
104,arc-gen,7,11,7,2,0,3,4,5,8,1,3,1,0,1,7,0,2,7,7:0,2:7,7:0:2:7
104,arc-gen,7,12,7,2,0,3,5,5,8,1,2,1,1,1,7,2,7,7,7:2,7:7,7:2:7:7
104,arc-gen,7,13,7,2,0,3,6,5,8,1,1,1,0,1,7,0,7,7,7:0,7:7,7:0:7:7
104,arc-gen,7,14,7,0,1,3,7,5,8,1,0,1,1,1,7,0,7,0,7:0,7:0,7:0:7:0
105,arc-gen,6,9,8,7,0,2,4,7,8,4,3,0,0,1,7,8,7,8,7:8,7:8,7:8:7:8
105,arc-gen,6,10,8,7,0,2,5,7,8,4,2,0,1,1,7,8,8,8,7:8,8:8,7:8:8:8
105,arc-gen,6,11,8,0,1,2,6,7,8,4,1,0,0,1,7,8,8,8,7:8,8:8,7:8:8:8
105,arc-gen,6,12,8,0,1,2,7,7,8,4,0,0,1,1,0,8,8,0,0:8,8:0,0:8:8:0
105,arc-gen,7,9,8,7,0,3,4,7,8,3,3,1,0,1,8,8,7,8,8:8,7:8,8:8:7:8
105,arc-gen,7,10,8,7,0,3,5,7,8,3,2,1,1,1,8,8,8,8,8:8,8:8,8:8:8:8
105,arc-gen,7,11,8,7,0,3,6,7,8,3,1,1,0,1,8,8,8,8,8:8,8:8,8:8:8:8
105,arc-gen,7,12,8,0,1,3,7,7,8,3,0,1,1,1,8,8,8,0,8:8,8:0,8:8:8:0
105,arc-gen,8,9,8,7,0,4,4,7,8,2,3,0,0,1,8,8,7,8,8:8,7:8,8:8:7:8
105,arc-gen,8,10,8,7,0,4,5,7,8,2,2,0,1,1,8,8,8,8,8:8,8:8,8:8:8:8
105,arc-gen,8,11,8,7,0,4,6,7,8,2,1,0,0,1,8,8,8,8,8:8,8:8,8:8:8:8
105,arc-gen,8,12,8,0,1,4,7,7,8,2,0,0,1,1,8,8,8,0,8:8,8:0,8:8:8:0
105,arc-gen,9,9,8,7,0,5,4,7,8,1,3,1,0,1,8,8,7,8,8:8,7:8,8:8:7:8
105,arc-gen,9,10,8,0,1,5,5,7,8,1,2,1,1,1,8,8,8,8,8:8,8:8,8:8:8:8
105,arc-gen,9,11,8,0,1,5,6,7,8,1,1,1,0,1,8,8,8,8,8:8,8:8,8:8:8:8
105,arc-gen,9,12,8,0,1,5,7,7,8,1,0,1,1,1,8,8,8,0,8:8,8:0,8:8:8:0
105,arc-gen,10,9,8,0,1,6,4,7,8,0,3,0,0,1,8,0,0,8,8:0,0:8,8:0:0:8
105,arc-gen,10,10,8,0,1,6,5,7,8,0,2,0,1,1,8,0,8,8,8:0,8:8,8:0:8:8
105,arc-gen,10,11,8,0,1,6,6,7,8,0,1,0,0,1,8,0,8,8,8:0,8:8,8:0:8:8
105,arc-gen,10,12,8,0,1,6,7,7,8,0,0,0,1,1,8,0,8,0,8:0,8:0,8:0:8:0
106,arc-gen,6,4,6,0,1,1,0,7,8,5,7,1,0,1,0,6,0,6,0:6,0:6,0:6:0:6
106,arc-gen,6,5,6,9,0,1,1,7,8,5,6,1,1,1,9,6,6,6,9:6,6:6,9:6:6:6
106,arc-gen,6,6,6,9,0,1,2,7,8,5,5,1,0,1,9,6,6,6,9:6,6:6,9:6:6:6
106,arc-gen,6,7,6,9,0,1,3,7,8,5,4,1,1,1,9,6,6,9,9:6,6:9,9:6:6:9
106,arc-gen,7,4,6,0,1,2,0,7,8,4,7,0,0,1,6,6,0,6,6:6,0:6,6:6:0:6
106,arc-gen,7,5,6,9,0,2,1,7,8,4,6,0,1,1,6,6,6,6,6:6,6:6,6:6:6:6
106,arc-gen,7,6,6,9,0,2,2,7,8,4,5,0,0,1,6,6,6,6,6:6,6:6,6:6:6:6
106,arc-gen,7,7,6,9,0,2,3,7,8,4,4,0,1,1,6,6,6,9,6:6,6:9,6:6:6:9
106,arc-gen,8,4,6,0,1,3,0,7,8,3,7,1,0,1,6,0,0,6,6:0,0:6,6:0:0:6
106,arc-gen,8,5,6,9,0,3,1,7,8,3,6,1,1,1,6,0,6,6,6:0,6:6,6:0:6:6
106,arc-gen,8,6,6,9,0,3,2,7,8,3,5,1,0,1,6,0,6,6,6:0,6:6,6:0:6:6
106,arc-gen,8,7,6,9,0,3,3,7,8,3,4,1,1,1,6,9,6,9,6:9,6:9,6:9:6:9
107,arc-gen,7,6,5,7,0,2,4,5,8,2,3,0,0,1,7,5,7,5,7:5,7:5,7:5:7:5
107,arc-gen,7,7,5,7,0,2,5,5,8,2,2,0,1,1,7,5,5,5,7:5,5:5,7:5:5:5
107,arc-gen,7,8,5,0,1,2,6,5,8,2,1,0,0,1,7,5,5,5,7:5,5:5,7:5:5:5
107,arc-gen,7,9,5,0,1,2,7,5,8,2,0,0,1,1,0,5,5,0,0:5,5:0,0:5:5:0
107,arc-gen,8,6,5,0,1,3,4,5,8,1,3,1,0,1,5,5,0,5,5:5,0:5,5:5:0:5
107,arc-gen,8,7,5,0,1,3,5,5,8,1,2,1,1,1,5,5,5,5,5:5,5:5,5:5:5:5
107,arc-gen,8,8,5,0,1,3,6,5,8,1,1,1,0,1,5,5,5,5,5:5,5:5,5:5:5:5
107,arc-gen,8,9,5,0,1,3,7,5,8,1,0,1,1,1,5,5,5,0,5:5,5:0,5:5:5:0
107,arc-gen,9,6,5,0,1,4,4,5,8,0,3,0,0,1,5,0,0,5,5:0,0:5,5:0:0:5
107,arc-gen,9,7,5,0,1,4,5,5,8,0,2,0,1,1,5,0,5,5,5:0,5:5,5:0:5:5
107,arc-gen,9,8,5,0,1,4,6,5,8,0,1,0,0,1,5,0,5,5,5:0,5:5,5:0:5:5
107,arc-gen,9,9,5,0,1,4,7,5,8,0,0,0,1,1,5,0,5,0,5:0,5:0,5:0:5:0
108,arc-gen,5,11,8,5,0,2,4,7,8,4,3,0,0,1,5,8,5,8,5:8,5:8,5:8:5:8
108,arc-gen,5,12,8,0,1,2,5,7,8,4,2,0,1,1,5,8,8,8,5:8,8:8,5:8:8:8
108,arc-gen,5,13,8,0,1,2,6,7,8,4,1,0,0,1,5,8,8,8,5:8,8:8,5:8:8:8
108,arc-gen,5,14,8,0,1,2,7,7,8,4,0,0,1,1,0,8,8,0,0:8,8:0,0:8:8:0
108,arc-gen,6,11,8,5,0,3,4,7,8,3,3,1,0,1,8,8,5,8,8:8,5:8,8:8:5:8
108,arc-gen,6,12,8,5,0,3,5,7,8,3,2,1,1,1,8,8,8,8,8:8,8:8,8:8:8:8
108,arc-gen,6,13,8,5,0,3,6,7,8,3,1,1,0,1,8,8,8,8,8:8,8:8,8:8:8:8
108,arc-gen,6,14,8,0,1,3,7,7,8,3,0,1,1,1,8,8,8,0,8:8,8:0,8:8:8:0
108,arc-gen,7,11,8,0,1,4,4,7,8,2,3,0,0,1,8,8,5,8,8:8,5:8,8:8:5:8
108,arc-gen,7,12,8,5,0,4,5,7,8,2,2,0,1,1,8,8,8,8,8:8,8:8,8:8:8:8
108,arc-gen,7,13,8,5,0,4,6,7,8,2,1,0,0,1,8,8,8,8,8:8,8:8,8:8:8:8
108,arc-gen,7,14,8,0,1,4,7,7,8,2,0,0,1,1,8,8,8,0,8:8,8:0,8:8:8:0
108,arc-gen,8,11,8,5,0,5,4,7,8,1,3,1,0,1,8,0,5,8,8:0,5:8,8:0:5:8
108,arc-gen,8,12,8,5,0,5,5,7,8,1,2,1,1,1,8,0,8,8,8:0,8:8,8:0:8:8
108,arc-gen,8,13,8,5,0,5,6,7,8,1,1,1,0,1,8,0,8,8,8:0,8:8,8:0:8:8
108,arc-gen,8,14,8,0,1,5,7,7,8,1,0,1,1,1,8,0,8,0,8:0,8:0,8:0:8:0
109,arc-gen,5,4,2,0,1,2,0,5,7,2,6,0,0,0,0,2,0,2,0:2,0:2,0:2:0:2
109,arc-gen,5,5,2,0,1,2,1,5,7,2,5,0,1,0,0,2,2,2,0:2,2:2,0:2:2:2
109,arc-gen,5,6,2,3,0,2,2,5,7,2,4,0,0,0,0,2,2,2,0:2,2:2,0:2:2:2
109,arc-gen,5,7,2,3,0,2,3,5,7,2,3,0,1,0,0,2,2,3,0:2,2:3,0:2:2:3
109,arc-gen,6,4,2,0,1,3,0,5,7,1,6,1,0,0,2,2,0,2,2:2,0:2,2:2:0:2
109,arc-gen,6,5,2,0,1,3,1,5,7,1,5,1,1,0,2,2,2,2,2:2,2:2,2:2:2:2
109,arc-gen,6,6,2,0,1,3,2,5,7,1,4,1,0,0,2,2,2,2,2:2,2:2,2:2:2:2
109,arc-gen,6,7,2,3,0,3,3,5,7,1,3,1,1,0,2,2,2,3,2:2,2:3,2:2:2:3
109,arc-gen,7,4,2,0,1,4,0,5,7,0,6,0,0,0,2,0,0,2,2:0,0:2,2:0:0:2
109,arc-gen,7,5,2,0,1,4,1,5,7,0,5,0,1,0,2,0,2,2,2:0,2:2,2:0:2:2
109,arc-gen,7,6,2,0,1,4,2,5,7,0,4,0,0,0,2,0,2,2,2:0,2:2,2:0:2:2
109,arc-gen,7,7,2,0,1,4,3,5,7,0,3,0,1,0,2,0,2,3,2:0,2:3,2:0:2:3
110,arc-gen,7,7,8,0,1,2,5,5,9,2,3,0,1,1,3,8,3,8,3:8,3:8,3:8:3:8
110,arc-gen,7,8,8,3,0,2,6,5,9,2,2,0,0,1,3,8,8,8,3:8,8:8,3:8:8:8
110,arc-gen,7,9,8,3,0,2,7,5,9,2,1,0,1,1,0,8,8,8,0:8,8:8,0:8:8:8
110,arc-gen,7,10,8,0,1,2,8,5,9,2,0,0,0,1,0,8,8,0,0:8,8:0,0:8:8:0
110,arc-gen,8,7,8,0,1,3,5,5,9,1,3,1,1,1,8,8,3,8,8:8,3:8,8:8:3:8
110,arc-gen,8,8,8,0,1,3,6,5,9,1,2,1,0,1,8,8,8,8,8:8,8:8,8:8:8:8
110,arc-gen,8,9,8,3,0,3,7,5,9,1,1,1,1,1,8,8,8,8,8:8,8:8,8:8:8:8
110,arc-gen,8,10,8,0,1,3,8,5,9,1,0,1,0,1,8,8,8,0,8:8,8:0,8:8:8:0
110,arc-gen,9,7,8,0,1,4,5,5,9,0,3,0,1,1,8,0,3,8,8:0,3:8,8:0:3:8
110,arc-gen,9,8,8,0,1,4,6,5,9,0,2,0,0,1,8,0,8,8,8:0,8:8,8:0:8:8
110,arc-gen,9,9,8,0,1,4,7,5,9,0,1,0,1,1,8,0,8,8,8:0,8:8,8:0:8:8
110,arc-gen,9,10,8,0,1,4,8,5,9,0,0,0,0,1,8,0,8,0,8:0,8:0,8:0:8:0
111,arc-gen,3,3,1,0,1,1,0,5,8,3,7,1,0,1,0,1,0,1,0:1,0:1,0:1:0:1
111,arc-gen,3,4,1,8,0,1,1,5,8,3,6,1,1,1,8,1,1,1,8:1,1:1,8:1:1:1
111,arc-gen,3,5,1,8,0,1,2,5,8,3,5,1,0,1,8,1,1,1,8:1,1:1,8:1:1:1
111,arc-gen,3,6,1,8,0,1,3,5,8,3,4,1,1,1,8,1,1,8,8:1,1:8,8:1:1:8
111,arc-gen,4,3,1,0,1,2,0,5,8,2,7,0,0,1,1,1,0,1,1:1,0:1,1:1:0:1
111,arc-gen,4,4,1,8,0,2,1,5,8,2,6,0,1,1,1,1,1,1,1:1,1:1,1:1:1:1
111,arc-gen,4,5,1,0,1,2,2,5,8,2,5,0,0,1,1,1,1,1,1:1,1:1,1:1:1:1
111,arc-gen,4,6,1,8,0,2,3,5,8,2,4,0,1,1,1,1,1,8,1:1,1:8,1:1:1:8
111,arc-gen,5,3,1,0,1,3,0,5,8,1,7,1,0,1,1,0,0,1,1:0,0:1,1:0:0:1
111,arc-gen,5,4,1,8,0,3,1,5,8,1,6,1,1,1,1,0,1,1,1:0,1:1,1:0:1:1
111,arc-gen,5,5,1,8,0,3,2,5,8,1,5,1,0,1,1,8,1,1,1:8,1:1,1:8:1:1
111,arc-gen,5,6,1,8,0,3,3,5,8,1,4,1,1,1,1,8,1,8,1:8,1:8,1:8:1:8
112,arc-gen,6,0,7,0,1,2,0,7,9,4,8,0,0,1,0,7,-1,7,0:7,-1:7,0:7:-1:7
112,arc-gen,6,1,7,0,1,2,1,7,9,4,7,0,1,1,0,7,7,7,0:7,7:7,0:7:7:7
112,arc-gen,6,2,7,8,0,2,2,7,9,4,6,0,0,1,0,7,7,7,0:7,7:7,0:7:7:7
112,arc-gen,6,3,7,0,1,2,3,7,9,4,5,0,1,1,8,7,7,8,8:7,7:8,8:7:7:8
112,arc-gen,7,0,7,0,1,3,0,7,9,3,8,1,0,1,7,7,-1,7,7:7,-1:7,7:7:-1:7
112,arc-gen,7,1,7,0,1,3,1,7,9,3,7,1,1,1,7,7,7,7,7:7,7:7,7:7:7:7
112,arc-gen,7,2,7,8,0,3,2,7,9,3,6,1,0,1,7,7,7,7,7:7,7:7,7:7:7:7
112,arc-gen,7,3,7,8,0,3,3,7,9,3,5,1,1,1,7,7,7,8,7:7,7:8,7:7:7:8
112,arc-gen,8,0,7,0,1,4,0,7,9,2,8,0,0,1,7,7,-1,7,7:7,-1:7,7:7:-1:7
112,arc-gen,8,1,7,0,1,4,1,7,9,2,7,0,1,1,7,7,7,7,7:7,7:7,7:7:7:7
112,arc-gen,8,2,7,8,0,4,2,7,9,2,6,0,0,1,7,7,7,7,7:7,7:7,7:7:7:7
112,arc-gen,8,3,7,8,0,4,3,7,9,2,5,0,1,1,7,7,7,8,7:7,7:8,7:7:7:8
112,arc-gen,9,0,7,0,1,5,0,7,9,1,8,1,0,1,7,7,-1,7,7:7,-1:7,7:7:-1:7
112,arc-gen,9,1,7,0,1,5,1,7,9,1,7,1,1,1,7,7,7,7,7:7,7:7,7:7:7:7
112,arc-gen,9,2,7,0,1,5,2,7,9,1,6,1,0,1,7,7,7,7,7:7,7:7,7:7:7:7
112,arc-gen,9,3,7,8,0,5,3,7,9,1,5,1,1,1,7,7,7,8,7:7,7:8,7:7:7:8
112,arc-gen,10,0,7,0,1,6,0,7,9,0,8,0,0,1,7,0,-1,7,7:0,-1:7,7:0:-1:7
112,arc-gen,10,1,7,0,1,6,1,7,9,0,7,0,1,1,7,0,7,7,7:0,7:7,7:0:7:7
112,arc-gen,10,2,7,0,1,6,2,7,9,0,6,0,0,1,7,0,7,7,7:0,7:7,7:0:7:7
112,arc-gen,10,3,7,0,1,6,3,7,9,0,5,0,1,1,7,0,7,0,7:0,7:0,7:0:7:0
113,arc-gen,6,5,6,0,1,2,0,6,8,3,7,0,0,1,8,6,0,6,8:6,0:6,8:6:0:6
113,arc-gen,6,6,6,0,1,2,1,6,8,3,6,0,1,1,8,6,6,6,8:6,6:6,8:6:6:6
113,arc-gen,6,7,6,8,0,2,2,6,8,3,5,0,0,1,8,6,6,6,8:6,6:6,8:6:6:6
113,arc-gen,6,8,6,8,0,2,3,6,8,3,4,0,1,1,8,6,6,8,8:6,6:8,8:6:6:8
113,arc-gen,7,5,6,0,1,3,0,6,8,2,7,1,0,1,6,6,0,6,6:6,0:6,6:6:0:6
113,arc-gen,7,6,6,0,1,3,1,6,8,2,6,1,1,1,6,6,6,6,6:6,6:6,6:6:6:6
113,arc-gen,7,7,6,8,0,3,2,6,8,2,5,1,0,1,6,6,6,6,6:6,6:6,6:6:6:6
113,arc-gen,7,8,6,8,0,3,3,6,8,2,4,1,1,1,6,6,6,8,6:6,6:8,6:6:6:8
113,arc-gen,8,5,6,0,1,4,0,6,8,1,7,0,0,1,6,6,0,6,6:6,0:6,6:6:0:6
113,arc-gen,8,6,6,8,0,4,1,6,8,1,6,0,1,1,6,6,6,6,6:6,6:6,6:6:6:6
113,arc-gen,8,7,6,8,0,4,2,6,8,1,5,0,0,1,6,6,6,6,6:6,6:6,6:6:6:6
113,arc-gen,8,8,6,8,0,4,3,6,8,1,4,0,1,1,6,6,6,8,6:6,6:8,6:6:6:8
113,arc-gen,9,5,6,0,1,5,0,6,8,0,7,1,0,1,6,0,0,6,6:0,0:6,6:0:0:6
113,arc-gen,9,6,6,0,1,5,1,6,8,0,6,1,1,1,6,0,6,6,6:0,6:6,6:0:6:6
113,arc-gen,9,7,6,0,1,5,2,6,8,0,5,1,0,1,6,0,6,6,6:0,6:6,6:0:6:6
113,arc-gen,9,8,6,0,1,5,3,6,8,0,4,1,1,1,6,0,6,0,6:0,6:0,6:0:6:0
114,arc-gen,7,7,2,9,0,2,5,7,9,4,3,0,1,1,9,2,9,2,9:2,9:2,9:2:9:2
114,arc-gen,7,8,2,9,0,2,6,7,9,4,2,0,0,1,9,2,2,2,9:2,2:2,9:2:2:2
114,arc-gen,7,9,2,0,1,2,7,7,9,4,1,0,1,1,9,2,2,2,9:2,2:2,9:2:2:2
114,arc-gen,7,10,2,0,1,2,8,7,9,4,0,0,0,1,0,2,2,0,0:2,2:0,0:2:2:0
114,arc-gen,8,7,2,9,0,3,5,7,9,3,3,1,1,1,2,2,9,2,2:2,9:2,2:2:9:2
114,arc-gen,8,8,2,9,0,3,6,7,9,3,2,1,0,1,2,2,2,2,2:2,2:2,2:2:2:2
114,arc-gen,8,9,2,9,0,3,7,7,9,3,1,1,1,1,2,2,2,2,2:2,2:2,2:2:2:2
114,arc-gen,8,10,2,0,1,3,8,7,9,3,0,1,0,1,2,2,2,0,2:2,2:0,2:2:2:0
114,arc-gen,9,7,2,9,0,4,5,7,9,2,3,0,1,1,2,0,9,2,2:0,9:2,2:0:9:2
114,arc-gen,9,8,2,0,1,4,6,7,9,2,2,0,0,1,2,0,2,2,2:0,2:2,2:0:2:2
114,arc-gen,9,9,2,0,1,4,7,7,9,2,1,0,1,1,2,0,2,2,2:0,2:2,2:0:2:2
114,arc-gen,9,10,2,0,1,4,8,7,9,2,0,0,0,1,2,0,2,0,2:0,2:0,2:0:2:0
115,arc-gen,6,3,7,0,1,2,0,7,8,4,7,0,0,1,0,7,0,7,0:7,0:7,0:7:0:7
115,arc-gen,6,4,7,0,1,2,1,7,8,4,6,0,1,1,4,7,7,7,4:7,7:7,4:7:7:7
115,arc-gen,6,5,7,4,0,2,2,7,8,4,5,0,0,1,4,7,7,7,4:7,7:7,4:7:7:7
115,arc-gen,6,6,7,4,0,2,3,7,8,4,4,0,1,1,4,7,7,4,4:7,7:4,4:7:7:4
115,arc-gen,7,3,7,0,1,3,0,7,8,3,7,1,0,1,7,7,0,7,7:7,0:7,7:7:0:7
115,arc-gen,7,4,7,0,1,3,1,7,8,3,6,1,1,1,7,7,7,7,7:7,7:7,7:7:7:7
115,arc-gen,7,5,7,4,0,3,2,7,8,3,5,1,0,1,7,7,7,7,7:7,7:7,7:7:7:7
115,arc-gen,7,6,7,4,0,3,3,7,8,3,4,1,1,1,7,7,7,4,7:7,7:4,7:7:7:4
115,arc-gen,8,3,7,0,1,4,0,7,8,2,7,0,0,1,7,7,0,7,7:7,0:7,7:7:0:7
115,arc-gen,8,4,7,0,1,4,1,7,8,2,6,0,1,1,7,7,7,7,7:7,7:7,7:7:7:7
115,arc-gen,8,5,7,0,1,4,2,7,8,2,5,0,0,1,7,7,7,7,7:7,7:7,7:7:7:7
115,arc-gen,8,6,7,0,1,4,3,7,8,2,4,0,1,1,7,7,7,4,7:7,7:4,7:7:7:4
115,arc-gen,9,3,7,0,1,5,0,7,8,1,7,1,0,1,7,0,0,7,7:0,0:7,7:0:0:7
115,arc-gen,9,4,7,0,1,5,1,7,8,1,6,1,1,1,7,0,7,7,7:0,7:7,7:0:7:7
115,arc-gen,9,5,7,0,1,5,2,7,8,1,5,1,0,1,7,4,7,7,7:4,7:7,7:4:7:7
115,arc-gen,9,6,7,4,0,5,3,7,8,1,4,1,1,1,7,4,7,4,7:4,7:4,7:4:7:4
116,arc-gen,4,2,6,0,1,1,0,5,9,3,8,1,0,1,0,6,0,6,0:6,0:6,0:6:0:6
116,arc-gen,4,3,6,0,1,1,1,5,9,3,7,1,1,1,0,6,6,6,0:6,6:6,0:6:6:6
116,arc-gen,4,4,6,0,1,1,2,5,9,3,6,1,0,1,0,6,6,6,0:6,6:6,0:6:6:6
116,arc-gen,4,5,6,7,0,1,3,5,9,3,5,1,1,1,0,6,6,7,0:6,6:7,0:6:6:7
116,arc-gen,5,2,6,0,1,2,0,5,9,2,8,0,0,1,6,6,0,6,6:6,0:6,6:6:0:6
116,arc-gen,5,3,6,0,1,2,1,5,9,2,7,0,1,1,6,6,6,6,6:6,6:6,6:6:6:6
116,arc-gen,5,4,6,7,0,2,2,5,9,2,6,0,0,1,6,6,6,6,6:6,6:6,6:6:6:6
116,arc-gen,5,5,6,7,0,2,3,5,9,2,5,0,1,1,6,6,6,7,6:6,6:7,6:6:6:7
116,arc-gen,6,2,6,0,1,3,0,5,9,1,8,1,0,1,6,6,0,6,6:6,0:6,6:6:0:6
116,arc-gen,6,3,6,0,1,3,1,5,9,1,7,1,1,1,6,6,6,6,6:6,6:6,6:6:6:6
116,arc-gen,6,4,6,0,1,3,2,5,9,1,6,1,0,1,6,6,6,6,6:6,6:6,6:6:6:6
116,arc-gen,6,5,6,7,0,3,3,5,9,1,5,1,1,1,6,6,6,7,6:6,6:7,6:6:6:7
116,arc-gen,7,2,6,0,1,4,0,5,9,0,8,0,0,1,6,0,0,6,6:0,0:6,6:0:0:6
116,arc-gen,7,3,6,0,1,4,1,5,9,0,7,0,1,1,6,0,6,6,6:0,6:6,6:0:6:6
116,arc-gen,7,4,6,0,1,4,2,5,9,0,6,0,0,1,6,0,6,6,6:0,6:6,6:0:6:6
116,arc-gen,7,5,6,0,1,4,3,5,9,0,5,0,1,1,6,0,6,0,6:0,6:0,6:0:6:0
117,arc-gen,4,9,9,3,0,1,5,8,9,6,3,1,1,1,3,9,3,9,3:9,3:9,3:9:3:9
117,arc-gen,4,10,9,3,0,1,6,8,9,6,2,1,0,1,0,9,9,9,0:9,9:9,0:9:9:9
117,arc-gen,4,11,9,3,0,1,7,8,9,6,1,1,1,1,3,9,9,9,3:9,9:9,3:9:9:9
117,arc-gen,4,12,9,0,1,1,8,8,9,6,0,1,0,1,0,9,9,0,0:9,9:0,0:9:9:0
117,arc-gen,5,9,9,3,0,2,5,8,9,5,3,0,1,1,9,9,3,9,9:9,3:9,9:9:3:9
117,arc-gen,5,10,9,3,0,2,6,8,9,5,2,0,0,1,9,9,9,9,9:9,9:9,9:9:9:9
117,arc-gen,5,11,9,3,0,2,7,8,9,5,1,0,1,1,9,9,9,9,9:9,9:9,9:9:9:9
117,arc-gen,5,12,9,0,1,2,8,8,9,5,0,0,0,1,9,9,9,0,9:9,9:0,9:9:9:0
117,arc-gen,6,9,9,3,0,3,5,8,9,4,3,1,1,1,9,9,3,9,9:9,3:9,9:9:3:9
117,arc-gen,6,10,9,3,0,3,6,8,9,4,2,1,0,1,9,9,9,9,9:9,9:9,9:9:9:9
117,arc-gen,6,11,9,3,0,3,7,8,9,4,1,1,1,1,9,9,9,9,9:9,9:9,9:9:9:9
117,arc-gen,6,12,9,0,1,3,8,8,9,4,0,1,0,1,9,9,9,0,9:9,9:0,9:9:9:0
117,arc-gen,7,9,9,3,0,4,5,8,9,3,3,0,1,1,9,9,3,9,9:9,3:9,9:9:3:9
117,arc-gen,7,10,9,3,0,4,6,8,9,3,2,0,0,1,9,9,9,9,9:9,9:9,9:9:9:9
117,arc-gen,7,11,9,3,0,4,7,8,9,3,1,0,1,1,9,9,9,9,9:9,9:9,9:9:9:9
117,arc-gen,7,12,9,0,1,4,8,8,9,3,0,0,0,1,9,9,9,0,9:9,9:0,9:9:9:0
117,arc-gen,8,9,9,3,0,5,5,8,9,2,3,1,1,1,9,0,3,9,9:0,3:9,9:0:3:9
117,arc-gen,8,10,9,3,0,5,6,8,9,2,2,1,0,1,9,0,9,9,9:0,9:9,9:0:9:9
117,arc-gen,8,11,9,0,1,5,7,8,9,2,1,1,1,1,9,0,9,9,9:0,9:9,9:0:9:9
117,arc-gen,8,12,9,0,1,5,8,8,9,2,0,1,0,1,9,0,9,0,9:0,9:0,9:0:9:0
118,arc-gen,4,10,8,3,0,1,4,7,8,5,3,1,0,1,3,8,3,8,3:8,3:8,3:8:3:8
118,arc-gen,4,11,8,3,0,1,5,7,8,5,2,1,1,1,3,8,8,8,3:8,8:8,3:8:8:8
118,arc-gen,4,12,8,3,0,1,6,7,8,5,1,1,0,1,3,8,8,8,3:8,8:8,3:8:8:8
118,arc-gen,4,13,8,0,1,1,7,7,8,5,0,1,1,1,0,8,8,0,0:8,8:0,0:8:8:0
118,arc-gen,5,10,8,3,0,2,4,7,8,4,3,0,0,1,8,8,3,8,8:8,3:8,8:8:3:8
118,arc-gen,5,11,8,3,0,2,5,7,8,4,2,0,1,1,8,8,8,8,8:8,8:8,8:8:8:8
118,arc-gen,5,12,8,3,0,2,6,7,8,4,1,0,0,1,8,8,8,8,8:8,8:8,8:8:8:8
118,arc-gen,5,13,8,0,1,2,7,7,8,4,0,0,1,1,8,8,8,0,8:8,8:0,8:8:8:0
118,arc-gen,6,10,8,3,0,3,4,7,8,3,3,1,0,1,8,8,3,8,8:8,3:8,8:8:3:8
118,arc-gen,6,11,8,3,0,3,5,7,8,3,2,1,1,1,8,8,8,8,8:8,8:8,8:8:8:8
118,arc-gen,6,12,8,0,1,3,6,7,8,3,1,1,0,1,8,8,8,8,8:8,8:8,8:8:8:8
118,arc-gen,6,13,8,0,1,3,7,7,8,3,0,1,1,1,8,8,8,0,8:8,8:0,8:8:8:0
118,arc-gen,7,10,8,3,0,4,4,7,8,2,3,0,0,1,8,3,3,8,8:3,3:8,8:3:3:8
118,arc-gen,7,11,8,0,1,4,5,7,8,2,2,0,1,1,8,0,8,8,8:0,8:8,8:0:8:8
118,arc-gen,7,12,8,0,1,4,6,7,8,2,1,0,0,1,8,0,8,8,8:0,8:8,8:0:8:8
118,arc-gen,7,13,8,0,1,4,7,7,8,2,0,0,1,1,8,0,8,0,8:0,8:0,8:0:8:0
119,arc-gen,6,9,9,6,0,1,4,7,8,5,3,1,0,1,6,9,6,9,6:9,6:9,6:9:6:9
119,arc-gen,6,10,9,6,0,1,5,7,8,5,2,1,1,1,6,9,9,9,6:9,9:9,6:9:9:9
119,arc-gen,6,11,9,6,0,1,6,7,8,5,1,1,0,1,6,9,9,9,6:9,9:9,6:9:9:9
119,arc-gen,6,12,9,0,1,1,7,7,8,5,0,1,1,1,6,9,9,0,6:9,9:0,6:9:9:0
119,arc-gen,7,9,9,6,0,2,4,7,8,4,3,0,0,1,9,9,6,9,9:9,6:9,9:9:6:9
119,arc-gen,7,10,9,0,1,2,5,7,8,4,2,0,1,1,9,9,9,9,9:9,9:9,9:9:9:9
119,arc-gen,7,11,9,6,0,2,6,7,8,4,1,0,0,1,9,9,9,9,9:9,9:9,9:9:9:9
119,arc-gen,7,12,9,0,1,2,7,7,8,4,0,0,1,1,9,9,9,0,9:9,9:0,9:9:9:0
119,arc-gen,8,9,9,6,0,3,4,7,8,3,3,1,0,1,9,9,6,9,9:9,6:9,9:9:6:9
119,arc-gen,8,10,9,6,0,3,5,7,8,3,2,1,1,1,9,9,9,9,9:9,9:9,9:9:9:9
119,arc-gen,8,11,9,6,0,3,6,7,8,3,1,1,0,1,9,9,9,9,9:9,9:9,9:9:9:9
119,arc-gen,8,12,9,6,0,3,7,7,8,3,0,1,1,1,9,9,9,0,9:9,9:0,9:9:9:0
119,arc-gen,9,9,9,6,0,4,4,7,8,2,3,0,0,1,9,9,6,9,9:9,6:9,9:9:6:9
119,arc-gen,9,10,9,6,0,4,5,7,8,2,2,0,1,1,9,9,9,9,9:9,9:9,9:9:9:9
119,arc-gen,9,11,9,6,0,4,6,7,8,2,1,0,0,1,9,9,9,9,9:9,9:9,9:9:9:9
119,arc-gen,9,12,9,6,0,4,7,7,8,2,0,0,1,1,9,9,9,0,9:9,9:0,9:9:9:0
119,arc-gen,10,9,9,0,1,5,4,7,8,1,3,1,0,1,9,0,0,9,9:0,0:9,9:0:0:9
119,arc-gen,10,10,9,0,1,5,5,7,8,1,2,1,1,1,9,0,9,9,9:0,9:9,9:0:9:9
119,arc-gen,10,11,9,0,1,5,6,7,8,1,1,1,0,1,9,6,9,9,9:6,9:9,9:6:9:9
119,arc-gen,10,12,9,6,0,5,7,7,8,1,0,1,1,1,9,6,9,0,9:6,9:0,9:6:9:0
120,arc-gen,6,1,3,0,1,2,0,6,9,3,8,0,0,1,0,3,0,3,0:3,0:3,0:3:0:3
120,arc-gen,6,2,3,0,1,2,1,6,9,3,7,0,1,1,2,3,3,3,2:3,3:3,2:3:3:3
120,arc-gen,6,3,3,0,1,2,2,6,9,3,6,0,0,1,2,3,3,3,2:3,3:3,2:3:3:3
120,arc-gen,6,4,3,2,0,2,3,6,9,3,5,0,1,1,2,3,3,2,2:3,3:2,2:3:3:2
120,arc-gen,7,1,3,0,1,3,0,6,9,2,8,1,0,1,3,3,0,3,3:3,0:3,3:3:0:3
120,arc-gen,7,2,3,0,1,3,1,6,9,2,7,1,1,1,3,3,3,3,3:3,3:3,3:3:3:3
120,arc-gen,7,3,3,0,1,3,2,6,9,2,6,1,0,1,3,3,3,3,3:3,3:3,3:3:3:3
120,arc-gen,7,4,3,0,1,3,3,6,9,2,5,1,1,1,3,3,3,2,3:3,3:2,3:3:3:2
120,arc-gen,8,1,3,0,1,4,0,6,9,1,8,0,0,1,3,0,0,3,3:0,0:3,3:0:0:3
120,arc-gen,8,2,3,0,1,4,1,6,9,1,7,0,1,1,3,0,3,3,3:0,3:3,3:0:3:3
120,arc-gen,8,3,3,0,1,4,2,6,9,1,6,0,0,1,3,0,3,3,3:0,3:3,3:0:3:3
120,arc-gen,8,4,3,0,1,4,3,6,9,1,5,0,1,1,3,0,3,2,3:0,3:2,3:0:3:2
121,arc-gen,4,8,2,1,0,2,5,5,9,2,3,0,1,1,1,2,1,2,1:2,1:2,1:2:1:2
121,arc-gen,4,9,2,1,0,2,6,5,9,2,2,0,0,1,1,2,2,2,1:2,2:2,1:2:2:2
121,arc-gen,4,10,2,1,0,2,7,5,9,2,1,0,1,1,1,2,2,2,1:2,2:2,1:2:2:2
121,arc-gen,4,11,2,0,1,2,8,5,9,2,0,0,0,1,0,2,2,0,0:2,2:0,0:2:2:0
121,arc-gen,5,8,2,0,1,3,5,5,9,1,3,1,1,1,2,2,0,2,2:2,0:2,2:2:0:2
121,arc-gen,5,9,2,1,0,3,6,5,9,1,2,1,0,1,2,2,2,2,2:2,2:2,2:2:2:2
121,arc-gen,5,10,2,1,0,3,7,5,9,1,1,1,1,1,2,2,2,2,2:2,2:2,2:2:2:2
121,arc-gen,5,11,2,0,1,3,8,5,9,1,0,1,0,1,2,2,2,0,2:2,2:0,2:2:2:0
121,arc-gen,6,8,2,0,1,4,5,5,9,0,3,0,1,1,2,0,0,2,2:0,0:2,2:0:0:2
121,arc-gen,6,9,2,0,1,4,6,5,9,0,2,0,0,1,2,0,2,2,2:0,2:2,2:0:2:2
121,arc-gen,6,10,2,0,1,4,7,5,9,0,1,0,1,1,2,0,2,2,2:0,2:2,2:0:2:2
121,arc-gen,6,11,2,0,1,4,8,5,9,0,0,0,0,1,2,0,2,0,2:0,2:0,2:0:2:0
122,arc-gen,4,4,8,0,1,2,0,6,9,3,8,0,0,1,0,8,0,8,0:8,0:8,0:8:0:8
122,arc-gen,4,5,8,6,0,2,1,6,9,3,7,0,1,1,6,8,8,8,6:8,8:8,6:8:8:8
122,arc-gen,4,6,8,6,0,2,2,6,9,3,6,0,0,1,6,8,8,8,6:8,8:8,6:8:8:8
122,arc-gen,4,7,8,6,0,2,3,6,9,3,5,0,1,1,6,8,8,6,6:8,8:6,6:8:8:6
122,arc-gen,5,4,8,0,1,3,0,6,9,2,8,1,0,1,8,8,0,8,8:8,0:8,8:8:0:8
122,arc-gen,5,5,8,6,0,3,1,6,9,2,7,1,1,1,8,8,8,8,8:8,8:8,8:8:8:8
122,arc-gen,5,6,8,6,0,3,2,6,9,2,6,1,0,1,8,8,8,8,8:8,8:8,8:8:8:8
122,arc-gen,5,7,8,6,0,3,3,6,9,2,5,1,1,1,8,8,8,6,8:8,8:6,8:8:8:6
122,arc-gen,6,4,8,0,1,4,0,6,9,1,8,0,0,1,8,0,0,8,8:0,0:8,8:0:0:8
122,arc-gen,6,5,8,0,1,4,1,6,9,1,7,0,1,1,8,6,8,8,8:6,8:8,8:6:8:8
122,arc-gen,6,6,8,0,1,4,2,6,9,1,6,0,0,1,8,6,8,8,8:6,8:8,8:6:8:8
122,arc-gen,6,7,8,6,0,4,3,6,9,1,5,0,1,1,8,6,8,0,8:6,8:0,8:6:8:0
123,arc-gen,3,11,4,0,1,1,4,5,8,3,3,1,0,0,7,4,7,4,7:4,7:4,7:4:7:4
123,arc-gen,3,12,4,0,1,1,5,5,8,3,2,1,1,0,7,4,4,4,7:4,4:4,7:4:4:4
123,arc-gen,3,13,4,0,1,1,6,5,8,3,1,1,0,0,7,4,4,4,7:4,4:4,7:4:4:4
123,arc-gen,3,14,4,0,1,1,7,5,8,3,0,1,1,0,0,4,4,0,0:4,4:0,0:4:4:0
123,arc-gen,4,11,4,7,0,2,4,5,8,2,3,0,0,0,4,4,7,4,4:4,7:4,4:4:7:4
123,arc-gen,4,12,4,0,1,2,5,5,8,2,2,0,1,0,4,4,4,4,4:4,4:4,4:4:4:4
123,arc-gen,4,13,4,0,1,2,6,5,8,2,1,0,0,0,4,4,4,4,4:4,4:4,4:4:4:4
123,arc-gen,4,14,4,0,1,2,7,5,8,2,0,0,1,0,4,4,4,0,4:4,4:0,4:4:4:0
123,arc-gen,5,11,4,0,1,3,4,5,8,1,3,1,0,0,4,4,7,4,4:4,7:4,4:4:7:4
123,arc-gen,5,12,4,0,1,3,5,5,8,1,2,1,1,0,4,4,4,4,4:4,4:4,4:4:4:4
123,arc-gen,5,13,4,0,1,3,6,5,8,1,1,1,0,0,4,4,4,4,4:4,4:4,4:4:4:4
123,arc-gen,5,14,4,0,1,3,7,5,8,1,0,1,1,0,4,4,4,0,4:4,4:0,4:4:4:0
123,arc-gen,6,11,4,0,1,4,4,5,8,0,3,0,0,0,4,0,0,4,4:0,0:4,4:0:0:4
123,arc-gen,6,12,4,0,1,4,5,5,8,0,2,0,1,0,4,0,4,4,4:0,4:4,4:0:4:4
123,arc-gen,6,13,4,0,1,4,6,5,8,0,1,0,0,0,4,0,4,4,4:0,4:4,4:0:4:4
123,arc-gen,6,14,4,0,1,4,7,5,8,0,0,0,1,0,4,0,4,0,4:0,4:0,4:0:4:0
124,arc-gen,7,8,9,0,1,2,5,7,9,4,3,0,1,1,3,9,3,9,3:9,3:9,3:9:3:9
124,arc-gen,7,9,9,3,0,2,6,7,9,4,2,0,0,1,3,9,9,9,3:9,9:9,3:9:9:9
124,arc-gen,7,10,9,3,0,2,7,7,9,4,1,0,1,1,3,9,9,9,3:9,9:9,3:9:9:9
124,arc-gen,7,11,9,0,1,2,8,7,9,4,0,0,0,1,0,9,9,0,0:9,9:0,0:9:9:0
124,arc-gen,8,8,9,3,0,3,5,7,9,3,3,1,1,1,9,9,3,9,9:9,3:9,9:9:3:9
124,arc-gen,8,9,9,0,1,3,6,7,9,3,2,1,0,1,9,9,9,9,9:9,9:9,9:9:9:9
124,arc-gen,8,10,9,3,0,3,7,7,9,3,1,1,1,1,9,9,9,9,9:9,9:9,9:9:9:9
124,arc-gen,8,11,9,0,1,3,8,7,9,3,0,1,0,1,9,9,9,0,9:9,9:0,9:9:9:0
124,arc-gen,9,8,9,3,0,4,5,7,9,2,3,0,1,1,9,9,0,9,9:9,0:9,9:9:0:9
124,arc-gen,9,9,9,3,0,4,6,7,9,2,2,0,0,1,9,9,9,9,9:9,9:9,9:9:9:9
124,arc-gen,9,10,9,0,1,4,7,7,9,2,1,0,1,1,9,9,9,9,9:9,9:9,9:9:9:9
124,arc-gen,9,11,9,0,1,4,8,7,9,2,0,0,0,1,9,9,9,0,9:9,9:0,9:9:9:0
124,arc-gen,10,8,9,3,0,5,5,7,9,1,3,1,1,1,9,9,0,9,9:9,0:9,9:9:0:9
124,arc-gen,10,9,9,3,0,5,6,7,9,1,2,1,0,1,9,9,9,9,9:9,9:9,9:9:9:9
124,arc-gen,10,10,9,3,0,5,7,7,9,1,1,1,1,1,9,9,9,9,9:9,9:9,9:9:9:9
124,arc-gen,10,11,9,0,1,5,8,7,9,1,0,1,0,1,9,9,9,0,9:9,9:0,9:9:9:0
124,arc-gen,11,8,9,0,1,6,5,7,9,0,3,0,1,1,9,0,0,9,9:0,0:9,9:0:0:9
124,arc-gen,11,9,9,3,0,6,6,7,9,0,2,0,0,1,9,0,9,9,9:0,9:9,9:0:9:9
124,arc-gen,11,10,9,0,1,6,7,7,9,0,1,0,1,1,9,0,9,9,9:0,9:9,9:0:9:9
124,arc-gen,11,11,9,0,1,6,8,7,9,0,0,0,0,1,9,0,9,0,9:0,9:0,9:0:9:0
125,arc-gen,4,10,2,6,0,2,5,7,9,4,3,0,1,1,6,2,6,2,6:2,6:2,6:2:6:2
125,arc-gen,4,11,2,6,0,2,6,7,9,4,2,0,0,1,6,2,2,2,6:2,2:2,6:2:2:2
125,arc-gen,4,12,2,0,1,2,7,7,9,4,1,0,1,1,0,2,2,2,0:2,2:2,0:2:2:2
125,arc-gen,4,13,2,0,1,2,8,7,9,4,0,0,0,1,0,2,2,0,0:2,2:0,0:2:2:0
125,arc-gen,5,10,2,0,1,3,5,7,9,3,3,1,1,1,2,2,0,2,2:2,0:2,2:2:0:2
125,arc-gen,5,11,2,6,0,3,6,7,9,3,2,1,0,1,2,2,2,2,2:2,2:2,2:2:2:2
125,arc-gen,5,12,2,0,1,3,7,7,9,3,1,1,1,1,2,2,2,2,2:2,2:2,2:2:2:2
125,arc-gen,5,13,2,0,1,3,8,7,9,3,0,1,0,1,2,2,2,0,2:2,2:0,2:2:2:0
125,arc-gen,6,10,2,6,0,4,5,7,9,2,3,0,1,1,2,2,0,2,2:2,0:2,2:2:0:2
125,arc-gen,6,11,2,6,0,4,6,7,9,2,2,0,0,1,2,2,2,2,2:2,2:2,2:2:2:2
125,arc-gen,6,12,2,0,1,4,7,7,9,2,1,0,1,1,2,2,2,2,2:2,2:2,2:2:2:2
125,arc-gen,6,13,2,0,1,4,8,7,9,2,0,0,0,1,2,2,2,0,2:2,2:0,2:2:2:0
125,arc-gen,7,10,2,6,0,5,5,7,9,1,3,1,1,1,2,2,0,2,2:2,0:2,2:2:0:2
125,arc-gen,7,11,2,0,1,5,6,7,9,1,2,1,0,1,2,2,2,2,2:2,2:2,2:2:2:2
125,arc-gen,7,12,2,0,1,5,7,7,9,1,1,1,1,1,2,2,2,2,2:2,2:2,2:2:2:2
125,arc-gen,7,13,2,0,1,5,8,7,9,1,0,1,0,1,2,2,2,0,2:2,2:0,2:2:2:0
125,arc-gen,8,10,2,0,1,6,5,7,9,0,3,0,1,1,2,0,0,2,2:0,0:2,2:0:0:2
125,arc-gen,8,11,2,0,1,6,6,7,9,0,2,0,0,1,2,0,2,2,2:0,2:2,2:0:2:2
125,arc-gen,8,12,2,0,1,6,7,7,9,0,1,0,1,1,2,0,2,2,2:0,2:2,2:0:2:2
125,arc-gen,8,13,2,0,1,6,8,7,9,0,0,0,0,1,2,0,2,0,2:0,2:0,2:0:2:0
126,arc-gen,4,1,9,0,1,2,0,8,9,5,8,0,0,1,0,9,0,9,0:9,0:9,0:9:0:9
126,arc-gen,4,2,9,0,1,2,1,8,9,5,7,0,1,1,0,9,9,9,0:9,9:9,0:9:9:9
126,arc-gen,4,3,9,5,0,2,2,8,9,5,6,0,0,1,5,9,9,9,5:9,9:9,5:9:9:9
126,arc-gen,4,4,9,5,0,2,3,8,9,5,5,0,1,1,5,9,9,5,5:9,9:5,5:9:9:5
126,arc-gen,5,1,9,0,1,3,0,8,9,4,8,1,0,1,9,9,0,9,9:9,0:9,9:9:0:9
126,arc-gen,5,2,9,0,1,3,1,8,9,4,7,1,1,1,9,9,9,9,9:9,9:9,9:9:9:9
126,arc-gen,5,3,9,5,0,3,2,8,9,4,6,1,0,1,9,9,9,9,9:9,9:9,9:9:9:9
126,arc-gen,5,4,9,5,0,3,3,8,9,4,5,1,1,1,9,9,9,5,9:9,9:5,9:9:9:5
126,arc-gen,6,1,9,0,1,4,0,8,9,3,8,0,0,1,9,9,0,9,9:9,0:9,9:9:0:9
126,arc-gen,6,2,9,0,1,4,1,8,9,3,7,0,1,1,9,9,9,9,9:9,9:9,9:9:9:9
126,arc-gen,6,3,9,5,0,4,2,8,9,3,6,0,0,1,9,9,9,9,9:9,9:9,9:9:9:9
126,arc-gen,6,4,9,5,0,4,3,8,9,3,5,0,1,1,9,9,9,5,9:9,9:5,9:9:9:5
126,arc-gen,7,1,9,0,1,5,0,8,9,2,8,1,0,1,9,9,0,9,9:9,0:9,9:9:0:9
126,arc-gen,7,2,9,0,1,5,1,8,9,2,7,1,1,1,9,9,9,9,9:9,9:9,9:9:9:9
126,arc-gen,7,3,9,0,1,5,2,8,9,2,6,1,0,1,9,9,9,9,9:9,9:9,9:9:9:9
126,arc-gen,7,4,9,5,0,5,3,8,9,2,5,1,1,1,9,9,9,0,9:9,9:0,9:9:9:0
126,arc-gen,8,1,9,0,1,6,0,8,9,1,8,0,0,1,9,0,0,9,9:0,0:9,9:0:0:9
126,arc-gen,8,2,9,0,1,6,1,8,9,1,7,0,1,1,9,0,9,9,9:0,9:9,9:0:9:9
126,arc-gen,8,3,9,0,1,6,2,8,9,1,6,0,0,1,9,0,9,9,9:0,9:9,9:0:9:9
126,arc-gen,8,4,9,0,1,6,3,8,9,1,5,0,1,1,9,0,9,0,9:0,9:0,9:0:9:0
127,arc-gen,5,9,2,1,0,2,5,5,9,2,3,0,1,1,1,2,1,2,1:2,1:2,1:2:1:2
127,arc-gen,5,10,2,1,0,2,6,5,9,2,2,0,0,1,1,2,2,2,1:2,2:2,1:2:2:2
127,arc-gen,5,11,2,0,1,2,7,5,9,2,1,0,1,1,0,2,2,2,0:2,2:2,0:2:2:2
127,arc-gen,5,12,2,0,1,2,8,5,9,2,0,0,0,1,0,2,2,0,0:2,2:0,0:2:2:0
127,arc-gen,6,9,2,0,1,3,5,5,9,1,3,1,1,1,2,2,0,2,2:2,0:2,2:2:0:2
127,arc-gen,6,10,2,0,1,3,6,5,9,1,2,1,0,1,2,2,2,2,2:2,2:2,2:2:2:2
127,arc-gen,6,11,2,0,1,3,7,5,9,1,1,1,1,1,2,2,2,2,2:2,2:2,2:2:2:2
127,arc-gen,6,12,2,0,1,3,8,5,9,1,0,1,0,1,2,2,2,0,2:2,2:0,2:2:2:0
127,arc-gen,7,9,2,0,1,4,5,5,9,0,3,0,1,1,2,0,0,2,2:0,0:2,2:0:0:2
127,arc-gen,7,10,2,0,1,4,6,5,9,0,2,0,0,1,2,0,2,2,2:0,2:2,2:0:2:2
127,arc-gen,7,11,2,0,1,4,7,5,9,0,1,0,1,1,2,0,2,2,2:0,2:2,2:0:2:2
127,arc-gen,7,12,2,0,1,4,8,5,9,0,0,0,0,1,2,0,2,0,2:0,2:0,2:0:2:0
128,arc-gen,6,8,4,2,0,1,5,6,9,4,3,1,1,1,2,4,2,4,2:4,2:4,2:4:2:4
128,arc-gen,6,9,4,2,0,1,6,6,9,4,2,1,0,1,2,4,4,4,2:4,4:4,2:4:4:4
128,arc-gen,6,10,4,0,1,1,7,6,9,4,1,1,1,1,0,4,4,4,0:4,4:4,0:4:4:4
128,arc-gen,6,11,4,0,1,1,8,6,9,4,0,1,0,1,0,4,4,0,0:4,4:0,0:4:4:0
128,arc-gen,7,8,4,2,0,2,5,6,9,3,3,0,1,1,4,4,0,4,4:4,0:4,4:4:0:4
128,arc-gen,7,9,4,2,0,2,6,6,9,3,2,0,0,1,4,4,4,4,4:4,4:4,4:4:4:4
128,arc-gen,7,10,4,0,1,2,7,6,9,3,1,0,1,1,4,4,4,4,4:4,4:4,4:4:4:4
128,arc-gen,7,11,4,0,1,2,8,6,9,3,0,0,0,1,4,4,4,0,4:4,4:0,4:4:4:0
128,arc-gen,8,8,4,2,0,3,5,6,9,2,3,1,1,1,4,4,2,4,4:4,2:4,4:4:2:4
128,arc-gen,8,9,4,2,0,3,6,6,9,2,2,1,0,1,4,4,4,4,4:4,4:4,4:4:4:4
128,arc-gen,8,10,4,0,1,3,7,6,9,2,1,1,1,1,4,4,4,4,4:4,4:4,4:4:4:4
128,arc-gen,8,11,4,0,1,3,8,6,9,2,0,1,0,1,4,4,4,0,4:4,4:0,4:4:4:0
128,arc-gen,9,8,4,2,0,4,5,6,9,1,3,0,1,1,4,4,2,4,4:4,2:4,4:4:2:4
128,arc-gen,9,9,4,2,0,4,6,6,9,1,2,0,0,1,4,4,4,4,4:4,4:4,4:4:4:4
128,arc-gen,9,10,4,0,1,4,7,6,9,1,1,0,1,1,4,4,4,4,4:4,4:4,4:4:4:4
128,arc-gen,9,11,4,0,1,4,8,6,9,1,0,0,0,1,4,4,4,0,4:4,4:0,4:4:4:0
128,arc-gen,10,8,4,2,0,5,5,6,9,0,3,1,1,1,4,0,2,4,4:0,2:4,4:0:2:4
128,arc-gen,10,9,4,0,1,5,6,6,9,0,2,1,0,1,4,0,4,4,4:0,4:4,4:0:4:4
128,arc-gen,10,10,4,0,1,5,7,6,9,0,1,1,1,1,4,0,4,4,4:0,4:4,4:0:4:4
128,arc-gen,10,11,4,0,1,5,8,6,9,0,0,1,0,1,4,0,4,0,4:0,4:0,4:0:4:0
129,arc-gen,7,2,9,0,1,2,0,6,8,3,7,0,0,0,0,9,0,9,0:9,0:9,0:9:0:9
129,arc-gen,7,3,9,0,1,2,1,6,8,3,6,0,1,0,2,9,9,9,2:9,9:9,2:9:9:9
129,arc-gen,7,4,9,0,1,2,2,6,8,3,5,0,0,0,2,9,9,9,2:9,9:9,2:9:9:9
129,arc-gen,7,5,9,2,0,2,3,6,8,3,4,0,1,0,2,9,9,0,2:9,9:0,2:9:9:0
129,arc-gen,8,2,9,0,1,3,0,6,8,2,7,1,0,0,9,9,0,9,9:9,0:9,9:9:0:9
129,arc-gen,8,3,9,0,1,3,1,6,8,2,6,1,1,0,9,9,9,9,9:9,9:9,9:9:9:9
129,arc-gen,8,4,9,0,1,3,2,6,8,2,5,1,0,0,9,9,9,9,9:9,9:9,9:9:9:9
129,arc-gen,8,5,9,0,1,3,3,6,8,2,4,1,1,0,9,9,9,0,9:9,9:0,9:9:9:0
129,arc-gen,9,2,9,0,1,4,0,6,8,1,7,0,0,0,9,9,0,9,9:9,0:9,9:9:0:9
129,arc-gen,9,3,9,0,1,4,1,6,8,1,6,0,1,0,9,9,9,9,9:9,9:9,9:9:9:9
129,arc-gen,9,4,9,0,1,4,2,6,8,1,5,0,0,0,9,9,9,9,9:9,9:9,9:9:9:9
129,arc-gen,9,5,9,0,1,4,3,6,8,1,4,0,1,0,9,9,9,0,9:9,9:0,9:9:9:0
129,arc-gen,10,2,9,0,1,5,0,6,8,0,7,1,0,0,9,0,0,9,9:0,0:9,9:0:0:9
129,arc-gen,10,3,9,0,1,5,1,6,8,0,6,1,1,0,9,0,9,9,9:0,9:9,9:0:9:9
129,arc-gen,10,4,9,0,1,5,2,6,8,0,5,1,0,0,9,0,9,9,9:0,9:9,9:0:9:9
129,arc-gen,10,5,9,0,1,5,3,6,8,0,4,1,1,0,9,0,9,0,9:0,9:0,9:0:9:0
130,arc-gen,3,1,6,0,1,1,0,6,8,4,7,1,0,1,0,6,0,6,0:6,0:6,0:6:0:6
130,arc-gen,3,2,6,8,0,1,1,6,8,4,6,1,1,1,8,6,6,6,8:6,6:6,8:6:6:6
130,arc-gen,3,3,6,8,0,1,2,6,8,4,5,1,0,1,8,6,6,6,8:6,6:6,8:6:6:6
130,arc-gen,3,4,6,8,0,1,3,6,8,4,4,1,1,1,8,6,6,8,8:6,6:8,8:6:6:8
130,arc-gen,4,1,6,0,1,2,0,6,8,3,7,0,0,1,6,6,0,6,6:6,0:6,6:6:0:6
130,arc-gen,4,2,6,8,0,2,1,6,8,3,6,0,1,1,6,6,6,6,6:6,6:6,6:6:6:6
130,arc-gen,4,3,6,8,0,2,2,6,8,3,5,0,0,1,6,6,6,6,6:6,6:6,6:6:6:6
130,arc-gen,4,4,6,8,0,2,3,6,8,3,4,0,1,1,6,6,6,8,6:6,6:8,6:6:6:8
130,arc-gen,5,1,6,0,1,3,0,6,8,2,7,1,0,1,6,6,0,6,6:6,0:6,6:6:0:6
130,arc-gen,5,2,6,8,0,3,1,6,8,2,6,1,1,1,6,6,6,6,6:6,6:6,6:6:6:6
130,arc-gen,5,3,6,0,1,3,2,6,8,2,5,1,0,1,6,6,6,6,6:6,6:6,6:6:6:6
130,arc-gen,5,4,6,8,0,3,3,6,8,2,4,1,1,1,6,6,6,8,6:6,6:8,6:6:6:8
130,arc-gen,6,1,6,0,1,4,0,6,8,1,7,0,0,1,6,0,0,6,6:0,0:6,6:0:0:6
130,arc-gen,6,2,6,0,1,4,1,6,8,1,6,0,1,1,6,0,6,6,6:0,6:6,6:0:6:6
130,arc-gen,6,3,6,8,0,4,2,6,8,1,5,0,0,1,6,8,6,6,6:8,6:6,6:8:6:6
130,arc-gen,6,4,6,8,0,4,3,6,8,1,4,0,1,1,6,8,6,8,6:8,6:8,6:8:6:8
131,arc-gen,6,9,8,1,0,2,5,7,9,4,3,0,1,1,1,8,1,8,1:8,1:8,1:8:1:8
131,arc-gen,6,10,8,1,0,2,6,7,9,4,2,0,0,1,1,8,8,8,1:8,8:8,1:8:8:8
131,arc-gen,6,11,8,0,1,2,7,7,9,4,1,0,1,1,0,8,8,8,0:8,8:8,0:8:8:8
131,arc-gen,6,12,8,0,1,2,8,7,9,4,0,0,0,1,0,8,8,0,0:8,8:0,0:8:8:0
131,arc-gen,7,9,8,0,1,3,5,7,9,3,3,1,1,1,8,8,1,8,8:8,1:8,8:8:1:8
131,arc-gen,7,10,8,1,0,3,6,7,9,3,2,1,0,1,8,8,8,8,8:8,8:8,8:8:8:8
131,arc-gen,7,11,8,0,1,3,7,7,9,3,1,1,1,1,8,8,8,8,8:8,8:8,8:8:8:8
131,arc-gen,7,12,8,0,1,3,8,7,9,3,0,1,0,1,8,8,8,0,8:8,8:0,8:8:8:0
131,arc-gen,8,9,8,1,0,4,5,7,9,2,3,0,1,1,8,8,1,8,8:8,1:8,8:8:1:8
131,arc-gen,8,10,8,1,0,4,6,7,9,2,2,0,0,1,8,8,8,8,8:8,8:8,8:8:8:8
131,arc-gen,8,11,8,0,1,4,7,7,9,2,1,0,1,1,8,8,8,8,8:8,8:8,8:8:8:8
131,arc-gen,8,12,8,0,1,4,8,7,9,2,0,0,0,1,8,8,8,0,8:8,8:0,8:8:8:0
131,arc-gen,9,9,8,1,0,5,5,7,9,1,3,1,1,1,8,8,0,8,8:8,0:8,8:8:0:8
131,arc-gen,9,10,8,0,1,5,6,7,9,1,2,1,0,1,8,8,8,8,8:8,8:8,8:8:8:8
131,arc-gen,9,11,8,0,1,5,7,7,9,1,1,1,1,1,8,8,8,8,8:8,8:8,8:8:8:8
131,arc-gen,9,12,8,0,1,5,8,7,9,1,0,1,0,1,8,8,8,0,8:8,8:0,8:8:8:0
131,arc-gen,10,9,8,0,1,6,5,7,9,0,3,0,1,1,8,0,0,8,8:0,0:8,8:0:0:8
131,arc-gen,10,10,8,0,1,6,6,7,9,0,2,0,0,1,8,0,8,8,8:0,8:8,8:0:8:8
131,arc-gen,10,11,8,0,1,6,7,7,9,0,1,0,1,1,8,0,8,8,8:0,8:8,8:0:8:8
131,arc-gen,10,12,8,0,1,6,8,7,9,0,0,0,0,1,8,0,8,0,8:0,8:0,8:0:8:0
132,arc-gen,4,8,7,0,1,2,5,8,9,5,3,0,1,1,2,7,2,7,2:7,2:7,2:7:2:7
132,arc-gen,4,9,7,2,0,2,6,8,9,5,2,0,0,1,2,7,7,7,2:7,7:7,2:7:7:7
132,arc-gen,4,10,7,0,1,2,7,8,9,5,1,0,1,1,0,7,7,7,0:7,7:7,0:7:7:7
132,arc-gen,4,11,7,0,1,2,8,8,9,5,0,0,0,1,0,7,7,0,0:7,7:0,0:7:7:0
132,arc-gen,5,8,7,0,1,3,5,8,9,4,3,1,1,1,7,7,2,7,7:7,2:7,7:7:2:7
132,arc-gen,5,9,7,2,0,3,6,8,9,4,2,1,0,1,7,7,7,7,7:7,7:7,7:7:7:7
132,arc-gen,5,10,7,0,1,3,7,8,9,4,1,1,1,1,7,7,7,7,7:7,7:7,7:7:7:7
132,arc-gen,5,11,7,0,1,3,8,8,9,4,0,1,0,1,7,7,7,0,7:7,7:0,7:7:7:0
132,arc-gen,6,8,7,0,1,4,5,8,9,3,3,0,1,1,7,7,2,7,7:7,2:7,7:7:2:7
132,arc-gen,6,9,7,2,0,4,6,8,9,3,2,0,0,1,7,7,7,7,7:7,7:7,7:7:7:7
132,arc-gen,6,10,7,0,1,4,7,8,9,3,1,0,1,1,7,7,7,7,7:7,7:7,7:7:7:7
132,arc-gen,6,11,7,0,1,4,8,8,9,3,0,0,0,1,7,7,7,0,7:7,7:0,7:7:7:0
132,arc-gen,7,8,7,0,1,5,5,8,9,2,3,1,1,1,7,2,2,7,7:2,2:7,7:2:2:7
132,arc-gen,7,9,7,2,0,5,6,8,9,2,2,1,0,1,7,2,7,7,7:2,7:7,7:2:7:7
132,arc-gen,7,10,7,0,1,5,7,8,9,2,1,1,1,1,7,0,7,7,7:0,7:7,7:0:7:7
132,arc-gen,7,11,7,0,1,5,8,8,9,2,0,1,0,1,7,0,7,0,7:0,7:0,7:0:7:0
133,arc-gen,6,10,2,0,1,2,5,7,9,4,3,0,1,1,3,2,3,2,3:2,3:2,3:2:3:2
133,arc-gen,6,11,2,3,0,2,6,7,9,4,2,0,0,1,3,2,2,2,3:2,2:2,3:2:2:2
133,arc-gen,6,12,2,3,0,2,7,7,9,4,1,0,1,1,3,2,2,2,3:2,2:2,3:2:2:2
133,arc-gen,6,13,2,0,1,2,8,7,9,4,0,0,0,1,0,2,2,0,0:2,2:0,0:2:2:0
133,arc-gen,7,10,2,3,0,3,5,7,9,3,3,1,1,1,2,2,3,2,2:2,3:2,2:2:3:2
133,arc-gen,7,11,2,3,0,3,6,7,9,3,2,1,0,1,2,2,2,2,2:2,2:2,2:2:2:2
133,arc-gen,7,12,2,3,0,3,7,7,9,3,1,1,1,1,2,2,2,2,2:2,2:2,2:2:2:2
133,arc-gen,7,13,2,0,1,3,8,7,9,3,0,1,0,1,2,2,2,0,2:2,2:0,2:2:2:0
133,arc-gen,8,10,2,3,0,4,5,7,9,2,3,0,1,1,2,2,3,2,2:2,3:2,2:2:3:2
133,arc-gen,8,11,2,3,0,4,6,7,9,2,2,0,0,1,2,2,2,2,2:2,2:2,2:2:2:2
133,arc-gen,8,12,2,3,0,4,7,7,9,2,1,0,1,1,2,2,2,2,2:2,2:2,2:2:2:2
133,arc-gen,8,13,2,0,1,4,8,7,9,2,0,0,0,1,2,2,2,0,2:2,2:0,2:2:2:0
133,arc-gen,9,10,2,0,1,5,5,7,9,1,3,1,1,1,2,2,0,2,2:2,0:2,2:2:0:2
133,arc-gen,9,11,2,0,1,5,6,7,9,1,2,1,0,1,2,2,2,2,2:2,2:2,2:2:2:2
133,arc-gen,9,12,2,0,1,5,7,7,9,1,1,1,1,1,2,2,2,2,2:2,2:2,2:2:2:2
133,arc-gen,9,13,2,0,1,5,8,7,9,1,0,1,0,1,2,2,2,0,2:2,2:0,2:2:2:0
133,arc-gen,10,10,2,0,1,6,5,7,9,0,3,0,1,1,2,0,0,2,2:0,0:2,2:0:0:2
133,arc-gen,10,11,2,0,1,6,6,7,9,0,2,0,0,1,2,0,2,2,2:0,2:2,2:0:2:2
133,arc-gen,10,12,2,0,1,6,7,7,9,0,1,0,1,1,2,0,2,2,2:0,2:2,2:0:2:2
133,arc-gen,10,13,2,0,1,6,8,7,9,0,0,0,0,1,2,0,2,0,2:0,2:0,2:0:2:0
134,arc-gen,5,9,9,3,0,1,4,7,8,5,3,1,0,1,3,9,3,9,3:9,3:9,3:9:3:9
134,arc-gen,5,10,9,3,0,1,5,7,8,5,2,1,1,1,3,9,9,9,3:9,9:9,3:9:9:9
134,arc-gen,5,11,9,3,0,1,6,7,8,5,1,1,0,1,3,9,9,9,3:9,9:9,3:9:9:9
134,arc-gen,5,12,9,3,0,1,7,7,8,5,0,1,1,1,0,9,9,0,0:9,9:0,0:9:9:0
134,arc-gen,6,9,9,3,0,2,4,7,8,4,3,0,0,1,9,9,3,9,9:9,3:9,9:9:3:9
134,arc-gen,6,10,9,3,0,2,5,7,8,4,2,0,1,1,9,9,9,9,9:9,9:9,9:9:9:9
134,arc-gen,6,11,9,3,0,2,6,7,8,4,1,0,0,1,9,9,9,9,9:9,9:9,9:9:9:9
134,arc-gen,6,12,9,3,0,2,7,7,8,4,0,0,1,1,9,9,9,0,9:9,9:0,9:9:9:0
134,arc-gen,7,9,9,0,1,3,4,7,8,3,3,1,0,1,9,0,0,9,9:0,0:9,9:0:0:9
134,arc-gen,7,10,9,3,0,3,5,7,8,3,2,1,1,1,9,3,9,9,9:3,9:9,9:3:9:9
134,arc-gen,7,11,9,3,0,3,6,7,8,3,1,1,0,1,9,0,9,9,9:0,9:9,9:0:9:9
134,arc-gen,7,12,9,0,1,3,7,7,8,3,0,1,1,1,9,0,9,0,9:0,9:0,9:0:9:0
135,arc-gen,4,1,1,0,1,2,0,7,8,4,7,0,0,1,0,1,0,1,0:1,0:1,0:1:0:1
135,arc-gen,4,2,1,5,0,2,1,7,8,4,6,0,1,1,5,1,1,1,5:1,1:1,5:1:1:1
135,arc-gen,4,3,1,5,0,2,2,7,8,4,5,0,0,1,5,1,1,1,5:1,1:1,5:1:1:1
135,arc-gen,4,4,1,5,0,2,3,7,8,4,4,0,1,1,5,1,1,5,5:1,1:5,5:1:1:5
135,arc-gen,5,1,1,0,1,3,0,7,8,3,7,1,0,1,1,1,0,1,1:1,0:1,1:1:0:1
135,arc-gen,5,2,1,5,0,3,1,7,8,3,6,1,1,1,1,1,1,1,1:1,1:1,1:1:1:1
135,arc-gen,5,3,1,5,0,3,2,7,8,3,5,1,0,1,1,1,1,1,1:1,1:1,1:1:1:1
135,arc-gen,5,4,1,5,0,3,3,7,8,3,4,1,1,1,1,1,1,5,1:1,1:5,1:1:1:5
135,arc-gen,6,1,1,0,1,4,0,7,8,2,7,0,0,1,1,0,0,1,1:0,0:1,1:0:0:1
135,arc-gen,6,2,1,5,0,4,1,7,8,2,6,0,1,1,1,5,1,1,1:5,1:1,1:5:1:1
135,arc-gen,6,3,1,5,0,4,2,7,8,2,5,0,0,1,1,5,1,1,1:5,1:1,1:5:1:1
135,arc-gen,6,4,1,5,0,4,3,7,8,2,4,0,1,1,1,0,1,5,1:0,1:5,1:0:1:5
136,arc-gen,6,10,7,0,1,1,4,6,8,4,3,1,0,1,1,7,1,7,1:7,1:7,1:7:1:7
136,arc-gen,6,11,7,1,0,1,5,6,8,4,2,1,1,1,1,7,7,7,1:7,7:7,1:7:7:7
136,arc-gen,6,12,7,1,0,1,6,6,8,4,1,1,0,1,1,7,7,7,1:7,7:7,1:7:7:7
136,arc-gen,6,13,7,0,1,1,7,6,8,4,0,1,1,1,0,7,7,0,0:7,7:0,0:7:7:0
136,arc-gen,7,10,7,1,0,2,4,6,8,3,3,0,0,1,7,7,1,7,7:7,1:7,7:7:1:7
136,arc-gen,7,11,7,1,0,2,5,6,8,3,2,0,1,1,7,7,7,7,7:7,7:7,7:7:7:7
136,arc-gen,7,12,7,1,0,2,6,6,8,3,1,0,0,1,7,7,7,7,7:7,7:7,7:7:7:7
136,arc-gen,7,13,7,0,1,2,7,6,8,3,0,0,1,1,7,7,7,0,7:7,7:0,7:7:7:0
136,arc-gen,8,10,7,1,0,3,4,6,8,2,3,1,0,1,7,7,1,7,7:7,1:7,7:7:1:7
136,arc-gen,8,11,7,1,0,3,5,6,8,2,2,1,1,1,7,7,7,7,7:7,7:7,7:7:7:7
136,arc-gen,8,12,7,1,0,3,6,6,8,2,1,1,0,1,7,7,7,7,7:7,7:7,7:7:7:7
136,arc-gen,8,13,7,0,1,3,7,6,8,2,0,1,1,1,7,7,7,0,7:7,7:0,7:7:7:0
136,arc-gen,9,10,7,1,0,4,4,6,8,1,3,0,0,1,7,7,1,7,7:7,1:7,7:7:1:7
136,arc-gen,9,11,7,1,0,4,5,6,8,1,2,0,1,1,7,7,7,7,7:7,7:7,7:7:7:7
136,arc-gen,9,12,7,0,1,4,6,6,8,1,1,0,0,1,7,7,7,7,7:7,7:7,7:7:7:7
136,arc-gen,9,13,7,0,1,4,7,6,8,1,0,0,1,1,7,7,7,0,7:7,7:0,7:7:7:0
136,arc-gen,10,10,7,1,0,5,4,6,8,0,3,1,0,1,7,0,0,7,7:0,0:7,7:0:0:7
136,arc-gen,10,11,7,1,0,5,5,6,8,0,2,1,1,1,7,0,7,7,7:0,7:7,7:0:7:7
136,arc-gen,10,12,7,1,0,5,6,6,8,0,1,1,0,1,7,0,7,7,7:0,7:7,7:0:7:7
136,arc-gen,10,13,7,0,1,5,7,6,8,0,0,1,1,1,7,0,7,0,7:0,7:0,7:0:7:0
137,arc-gen,5,8,5,4,0,1,4,8,8,6,3,1,0,1,4,5,4,5,4:5,4:5,4:5:4:5
137,arc-gen,5,9,5,4,0,1,5,8,8,6,2,1,1,1,4,5,5,5,4:5,5:5,4:5:5:5
137,arc-gen,5,10,5,4,0,1,6,8,8,6,1,1,0,1,4,5,5,5,4:5,5:5,4:5:5:5
137,arc-gen,5,11,5,4,0,1,7,8,8,6,0,1,1,1,4,5,5,0,4:5,5:0,4:5:5:0
137,arc-gen,6,8,5,4,0,2,4,8,8,5,3,0,0,1,5,5,4,5,5:5,4:5,5:5:4:5
137,arc-gen,6,9,5,4,0,2,5,8,8,5,2,0,1,1,5,5,5,5,5:5,5:5,5:5:5:5
137,arc-gen,6,10,5,4,0,2,6,8,8,5,1,0,0,1,5,5,5,5,5:5,5:5,5:5:5:5
137,arc-gen,6,11,5,4,0,2,7,8,8,5,0,0,1,1,5,5,5,0,5:5,5:0,5:5:5:0
137,arc-gen,7,8,5,4,0,3,4,8,8,4,3,1,0,1,5,5,4,5,5:5,4:5,5:5:4:5
137,arc-gen,7,9,5,4,0,3,5,8,8,4,2,1,1,1,5,5,5,5,5:5,5:5,5:5:5:5
137,arc-gen,7,10,5,4,0,3,6,8,8,4,1,1,0,1,5,5,5,5,5:5,5:5,5:5:5:5
137,arc-gen,7,11,5,4,0,3,7,8,8,4,0,1,1,1,5,5,5,0,5:5,5:0,5:5:5:0
137,arc-gen,8,8,5,4,0,4,4,8,8,3,3,0,0,1,5,5,4,5,5:5,4:5,5:5:4:5
137,arc-gen,8,9,5,4,0,4,5,8,8,3,2,0,1,1,5,5,5,5,5:5,5:5,5:5:5:5
137,arc-gen,8,10,5,4,0,4,6,8,8,3,1,0,0,1,5,5,5,5,5:5,5:5,5:5:5:5
137,arc-gen,8,11,5,4,0,4,7,8,8,3,0,0,1,1,5,5,5,0,5:5,5:0,5:5:5:0
137,arc-gen,9,8,5,4,0,5,4,8,8,2,3,1,0,1,5,4,4,5,5:4,4:5,5:4:4:5
137,arc-gen,9,9,5,0,1,5,5,8,8,2,2,1,1,1,5,4,5,5,5:4,5:5,5:4:5:5
137,arc-gen,9,10,5,0,1,5,6,8,8,2,1,1,0,1,5,0,5,5,5:0,5:5,5:0:5:5
137,arc-gen,9,11,5,0,1,5,7,8,8,2,0,1,1,1,5,0,5,0,5:0,5:0,5:0:5:0
138,arc-gen,4,0,5,0,1,2,0,6,9,3,8,0,0,1,0,5,-1,5,0:5,-1:5,0:5:-1:5
138,arc-gen,4,1,5,0,1,2,1,6,9,3,7,0,1,1,0,5,5,5,0:5,5:5,0:5:5:5
138,arc-gen,4,2,5,6,0,2,2,6,9,3,6,0,0,1,6,5,5,5,6:5,5:5,6:5:5:5
138,arc-gen,4,3,5,6,0,2,3,6,9,3,5,0,1,1,6,5,5,6,6:5,5:6,6:5:5:6
138,arc-gen,5,0,5,0,1,3,0,6,9,2,8,1,0,1,5,5,-1,5,5:5,-1:5,5:5:-1:5
138,arc-gen,5,1,5,0,1,3,1,6,9,2,7,1,1,1,5,5,5,5,5:5,5:5,5:5:5:5
138,arc-gen,5,2,5,6,0,3,2,6,9,2,6,1,0,1,5,5,5,5,5:5,5:5,5:5:5:5
138,arc-gen,5,3,5,6,0,3,3,6,9,2,5,1,1,1,5,5,5,6,5:5,5:6,5:5:5:6
138,arc-gen,6,0,5,0,1,4,0,6,9,1,8,0,0,1,5,5,-1,5,5:5,-1:5,5:5:-1:5
138,arc-gen,6,1,5,0,1,4,1,6,9,1,7,0,1,1,5,5,5,5,5:5,5:5,5:5:5:5
138,arc-gen,6,2,5,6,0,4,2,6,9,1,6,0,0,1,5,5,5,5,5:5,5:5,5:5:5:5
138,arc-gen,6,3,5,0,1,4,3,6,9,1,5,0,1,1,5,5,5,6,5:5,5:6,5:5:5:6
138,arc-gen,7,0,5,0,1,5,0,6,9,0,8,1,0,1,5,0,-1,5,5:0,-1:5,5:0:-1:5
138,arc-gen,7,1,5,0,1,5,1,6,9,0,7,1,1,1,5,0,5,5,5:0,5:5,5:0:5:5
138,arc-gen,7,2,5,0,1,5,2,6,9,0,6,1,0,1,5,0,5,5,5:0,5:5,5:0:5:5
138,arc-gen,7,3,5,0,1,5,3,6,9,0,5,1,1,1,5,0,5,0,5:0,5:0,5:0:5:0
139,arc-gen,6,10,9,8,0,1,4,7,8,5,3,1,0,1,8,9,8,9,8:9,8:9,8:9:8:9
139,arc-gen,6,11,9,8,0,1,5,7,8,5,2,1,1,1,8,9,9,9,8:9,9:9,8:9:9:9
139,arc-gen,6,12,9,8,0,1,6,7,8,5,1,1,0,1,8,9,9,9,8:9,9:9,8:9:9:9
139,arc-gen,6,13,9,0,1,1,7,7,8,5,0,1,1,1,0,9,9,0,0:9,9:0,0:9:9:0
139,arc-gen,7,10,9,8,0,2,4,7,8,4,3,0,0,1,9,9,8,9,9:9,8:9,9:9:8:9
139,arc-gen,7,11,9,8,0,2,5,7,8,4,2,0,1,1,9,9,9,9,9:9,9:9,9:9:9:9
139,arc-gen,7,12,9,0,1,2,6,7,8,4,1,0,0,1,9,9,9,9,9:9,9:9,9:9:9:9
139,arc-gen,7,13,9,0,1,2,7,7,8,4,0,0,1,1,9,9,9,0,9:9,9:0,9:9:9:0
139,arc-gen,8,10,9,8,0,3,4,7,8,3,3,1,0,1,9,0,8,9,9:0,8:9,9:0:8:9
139,arc-gen,8,11,9,8,0,3,5,7,8,3,2,1,1,1,9,8,9,9,9:8,9:9,9:8:9:9
139,arc-gen,8,12,9,8,0,3,6,7,8,3,1,1,0,1,9,8,9,9,9:8,9:9,9:8:9:9
139,arc-gen,8,13,9,0,1,3,7,7,8,3,0,1,1,1,9,0,9,0,9:0,9:0,9:0:9:0
140,arc-gen,6,5,1,0,1,1,0,6,8,4,7,1,0,0,0,1,0,1,0:1,0:1,0:1:0:1
140,arc-gen,6,6,1,9,0,1,1,6,8,4,6,1,1,0,0,1,1,1,0:1,1:1,0:1:1:1
140,arc-gen,6,7,1,9,0,1,2,6,8,4,5,1,0,0,9,1,1,1,9:1,1:1,9:1:1:1
140,arc-gen,6,8,1,9,0,1,3,6,8,4,4,1,1,0,0,1,1,9,0:1,1:9,0:1:1:9
140,arc-gen,7,5,1,0,1,2,0,6,8,3,7,0,0,0,1,1,0,1,1:1,0:1,1:1:0:1
140,arc-gen,7,6,1,0,1,2,1,6,8,3,6,0,1,0,1,1,1,1,1:1,1:1,1:1:1:1
140,arc-gen,7,7,1,9,0,2,2,6,8,3,5,0,0,0,1,1,1,1,1:1,1:1,1:1:1:1
140,arc-gen,7,8,1,9,0,2,3,6,8,3,4,0,1,0,1,1,1,9,1:1,1:9,1:1:1:9
140,arc-gen,8,5,1,0,1,3,0,6,8,2,7,1,0,0,1,1,0,1,1:1,0:1,1:1:0:1
140,arc-gen,8,6,1,0,1,3,1,6,8,2,6,1,1,0,1,1,1,1,1:1,1:1,1:1:1:1
140,arc-gen,8,7,1,0,1,3,2,6,8,2,5,1,0,0,1,1,1,1,1:1,1:1,1:1:1:1
140,arc-gen,8,8,1,9,0,3,3,6,8,2,4,1,1,0,1,1,1,9,1:1,1:9,1:1:1:9
140,arc-gen,9,5,1,0,1,4,0,6,8,1,7,0,0,0,1,1,0,1,1:1,0:1,1:1:0:1
140,arc-gen,9,6,1,0,1,4,1,6,8,1,6,0,1,0,1,1,1,1,1:1,1:1,1:1:1:1
140,arc-gen,9,7,1,0,1,4,2,6,8,1,5,0,0,0,1,1,1,1,1:1,1:1,1:1:1:1
140,arc-gen,9,8,1,0,1,4,3,6,8,1,4,0,1,0,1,1,1,9,1:1,1:9,1:1:1:9
140,arc-gen,10,5,1,0,1,5,0,6,8,0,7,1,0,0,1,0,0,1,1:0,0:1,1:0:0:1
140,arc-gen,10,6,1,0,1,5,1,6,8,0,6,1,1,0,1,0,1,1,1:0,1:1,1:0:1:1
140,arc-gen,10,7,1,0,1,5,2,6,8,0,5,1,0,0,1,0,1,1,1:0,1:1,1:0:1:1
140,arc-gen,10,8,1,0,1,5,3,6,8,0,4,1,1,0,1,0,1,0,1:0,1:0,1:0:1:0
141,arc-gen,4,8,7,2,0,1,4,4,8,2,3,1,0,1,2,7,2,7,2:7,2:7,2:7:2:7
141,arc-gen,4,9,7,2,0,1,5,4,8,2,2,1,1,1,2,7,7,7,2:7,7:7,2:7:7:7
141,arc-gen,4,10,7,2,0,1,6,4,8,2,1,1,0,1,2,7,7,7,2:7,7:7,2:7:7:7
141,arc-gen,4,11,7,2,0,1,7,4,8,2,0,1,1,1,2,7,7,0,2:7,7:0,2:7:7:0
141,arc-gen,5,8,7,2,0,2,4,4,8,1,3,0,0,1,7,7,2,7,7:7,2:7,7:7:2:7
141,arc-gen,5,9,7,2,0,2,5,4,8,1,2,0,1,1,7,7,7,7,7:7,7:7,7:7:7:7
141,arc-gen,5,10,7,2,0,2,6,4,8,1,1,0,0,1,7,7,7,7,7:7,7:7,7:7:7:7
141,arc-gen,5,11,7,0,1,2,7,4,8,1,0,0,1,1,7,7,7,0,7:7,7:0,7:7:7:0
141,arc-gen,6,8,7,0,1,3,4,4,8,0,3,1,0,1,7,0,0,7,7:0,0:7,7:0:0:7
141,arc-gen,6,9,7,0,1,3,5,4,8,0,2,1,1,1,7,0,7,7,7:0,7:7,7:0:7:7
141,arc-gen,6,10,7,0,1,3,6,4,8,0,1,1,0,1,7,0,7,7,7:0,7:7,7:0:7:7
141,arc-gen,6,11,7,0,1,3,7,4,8,0,0,1,1,1,7,0,7,0,7:0,7:0,7:0:7:0
142,arc-gen,5,10,7,0,1,1,5,6,9,4,3,1,1,0,3,7,3,7,3:7,3:7,3:7:3:7
142,arc-gen,5,11,7,3,0,1,6,6,9,4,2,1,0,0,3,7,7,7,3:7,7:7,3:7:7:7
142,arc-gen,5,12,7,3,0,1,7,6,9,4,1,1,1,0,3,7,7,7,3:7,7:7,3:7:7:7
142,arc-gen,5,13,7,0,1,1,8,6,9,4,0,1,0,0,0,7,7,0,0:7,7:0,0:7:7:0
142,arc-gen,6,10,7,3,0,2,5,6,9,3,3,0,1,0,7,7,3,7,7:7,3:7,7:7:3:7
142,arc-gen,6,11,7,0,1,2,6,6,9,3,2,0,0,0,7,7,7,7,7:7,7:7,7:7:7:7
142,arc-gen,6,12,7,0,1,2,7,6,9,3,1,0,1,0,7,7,7,7,7:7,7:7,7:7:7:7
142,arc-gen,6,13,7,0,1,2,8,6,9,3,0,0,0,0,7,7,7,0,7:7,7:0,7:7:7:0
142,arc-gen,7,10,7,3,0,3,5,6,9,2,3,1,1,0,7,7,3,7,7:7,3:7,7:7:3:7
142,arc-gen,7,11,7,0,1,3,6,6,9,2,2,1,0,0,7,7,7,7,7:7,7:7,7:7:7:7
142,arc-gen,7,12,7,0,1,3,7,6,9,2,1,1,1,0,7,7,7,7,7:7,7:7,7:7:7:7
142,arc-gen,7,13,7,0,1,3,8,6,9,2,0,1,0,0,7,7,7,0,7:7,7:0,7:7:7:0
142,arc-gen,8,10,7,0,1,4,5,6,9,1,3,0,1,0,7,7,0,7,7:7,0:7,7:7:0:7
142,arc-gen,8,11,7,0,1,4,6,6,9,1,2,0,0,0,7,7,7,7,7:7,7:7,7:7:7:7
142,arc-gen,8,12,7,0,1,4,7,6,9,1,1,0,1,0,7,7,7,7,7:7,7:7,7:7:7:7
142,arc-gen,8,13,7,0,1,4,8,6,9,1,0,0,0,0,7,7,7,0,7:7,7:0,7:7:7:0
142,arc-gen,9,10,7,0,1,5,5,6,9,0,3,1,1,0,7,0,0,7,7:0,0:7,7:0:0:7
142,arc-gen,9,11,7,0,1,5,6,6,9,0,2,1,0,0,7,0,7,7,7:0,7:7,7:0:7:7
142,arc-gen,9,12,7,0,1,5,7,6,9,0,1,1,1,0,7,0,7,7,7:0,7:7,7:0:7:7
142,arc-gen,9,13,7,0,1,5,8,6,9,0,0,1,0,0,7,0,7,0,7:0,7:0,7:0:7:0
143,arc-gen,6,11,5,6,0,1,5,5,9,3,3,1,1,1,6,5,6,5,6:5,6:5,6:5:6:5
143,arc-gen,6,12,5,6,0,1,6,5,9,3,2,1,0,1,6,5,5,5,6:5,5:5,6:5:5:5
143,arc-gen,6,13,5,6,0,1,7,5,9,3,1,1,1,1,6,5,5,5,6:5,5:5,6:5:5:5
143,arc-gen,6,14,5,0,1,1,8,5,9,3,0,1,0,1,0,5,5,0,0:5,5:0,0:5:5:0
143,arc-gen,7,11,5,6,0,2,5,5,9,2,3,0,1,1,5,5,6,5,5:5,6:5,5:5:6:5
143,arc-gen,7,12,5,6,0,2,6,5,9,2,2,0,0,1,5,5,5,5,5:5,5:5,5:5:5:5
143,arc-gen,7,13,5,6,0,2,7,5,9,2,1,0,1,1,5,5,5,5,5:5,5:5,5:5:5:5
143,arc-gen,7,14,5,0,1,2,8,5,9,2,0,0,0,1,5,5,5,0,5:5,5:0,5:5:5:0
143,arc-gen,8,11,5,6,0,3,5,5,9,1,3,1,1,1,5,5,6,5,5:5,6:5,5:5:6:5
143,arc-gen,8,12,5,6,0,3,6,5,9,1,2,1,0,1,5,5,5,5,5:5,5:5,5:5:5:5
143,arc-gen,8,13,5,6,0,3,7,5,9,1,1,1,1,1,5,5,5,5,5:5,5:5,5:5:5:5
143,arc-gen,8,14,5,0,1,3,8,5,9,1,0,1,0,1,5,5,5,0,5:5,5:0,5:5:5:0
143,arc-gen,9,11,5,0,1,4,5,5,9,0,3,0,1,1,5,0,6,5,5:0,6:5,5:0:6:5
143,arc-gen,9,12,5,6,0,4,6,5,9,0,2,0,0,1,5,0,5,5,5:0,5:5,5:0:5:5
143,arc-gen,9,13,5,0,1,4,7,5,9,0,1,0,1,1,5,0,5,5,5:0,5:5,5:0:5:5
143,arc-gen,9,14,5,0,1,4,8,5,9,0,0,0,0,1,5,0,5,0,5:0,5:0,5:0:5:0
144,arc-gen,5,0,4,0,1,2,0,8,9,5,8,0,0,1,0,4,-1,4,0:4,-1:4,0:4:-1:4
144,arc-gen,5,1,4,0,1,2,1,8,9,5,7,0,1,1,0,4,4,4,0:4,4:4,0:4:4:4
144,arc-gen,5,2,4,0,1,2,2,8,9,5,6,0,0,1,3,4,4,4,3:4,4:4,3:4:4:4
144,arc-gen,5,3,4,3,0,2,3,8,9,5,5,0,1,1,3,4,4,3,3:4,4:3,3:4:4:3
144,arc-gen,6,0,4,0,1,3,0,8,9,4,8,1,0,1,4,4,-1,4,4:4,-1:4,4:4:-1:4
144,arc-gen,6,1,4,0,1,3,1,8,9,4,7,1,1,1,4,4,4,4,4:4,4:4,4:4:4:4
144,arc-gen,6,2,4,0,1,3,2,8,9,4,6,1,0,1,4,4,4,4,4:4,4:4,4:4:4:4
144,arc-gen,6,3,4,3,0,3,3,8,9,4,5,1,1,1,4,4,4,3,4:4,4:3,4:4:4:3
144,arc-gen,7,0,4,0,1,4,0,8,9,3,8,0,0,1,4,4,-1,4,4:4,-1:4,4:4:-1:4
144,arc-gen,7,1,4,0,1,4,1,8,9,3,7,0,1,1,4,4,4,4,4:4,4:4,4:4:4:4
144,arc-gen,7,2,4,3,0,4,2,8,9,3,6,0,0,1,4,4,4,4,4:4,4:4,4:4:4:4
144,arc-gen,7,3,4,3,0,4,3,8,9,3,5,0,1,1,4,4,4,3,4:4,4:3,4:4:4:3
144,arc-gen,8,0,4,0,1,5,0,8,9,2,8,1,0,1,4,0,-1,4,4:0,-1:4,4:0:-1:4
144,arc-gen,8,1,4,0,1,5,1,8,9,2,7,1,1,1,4,0,4,4,4:0,4:4,4:0:4:4
144,arc-gen,8,2,4,0,1,5,2,8,9,2,6,1,0,1,4,0,4,4,4:0,4:4,4:0:4:4
144,arc-gen,8,3,4,3,0,5,3,8,9,2,5,1,1,1,4,3,4,0,4:3,4:0,4:3:4:0
145,arc-gen,5,5,2,0,1,1,0,6,9,4,8,1,0,1,0,2,0,2,0:2,0:2,0:2:0:2
145,arc-gen,5,6,2,9,0,1,1,6,9,4,7,1,1,1,9,2,2,2,9:2,2:2,9:2:2:2
145,arc-gen,5,7,2,9,0,1,2,6,9,4,6,1,0,1,9,2,2,2,9:2,2:2,9:2:2:2
145,arc-gen,5,8,2,9,0,1,3,6,9,4,5,1,1,1,9,2,2,9,9:2,2:9,9:2:2:9
145,arc-gen,6,5,2,0,1,2,0,6,9,3,8,0,0,1,2,2,0,2,2:2,0:2,2:2:0:2
145,arc-gen,6,6,2,0,1,2,1,6,9,3,7,0,1,1,2,2,2,2,2:2,2:2,2:2:2:2
145,arc-gen,6,7,2,9,0,2,2,6,9,3,6,0,0,1,2,2,2,2,2:2,2:2,2:2:2:2
145,arc-gen,6,8,2,9,0,2,3,6,9,3,5,0,1,1,2,2,2,9,2:2,2:9,2:2:2:9
145,arc-gen,7,5,2,0,1,3,0,6,9,2,8,1,0,1,2,2,0,2,2:2,0:2,2:2:0:2
145,arc-gen,7,6,2,0,1,3,1,6,9,2,7,1,1,1,2,2,2,2,2:2,2:2,2:2:2:2
145,arc-gen,7,7,2,9,0,3,2,6,9,2,6,1,0,1,2,2,2,2,2:2,2:2,2:2:2:2
145,arc-gen,7,8,2,9,0,3,3,6,9,2,5,1,1,1,2,2,2,0,2:2,2:0,2:2:2:0
145,arc-gen,8,5,2,0,1,4,0,6,9,1,8,0,0,1,2,0,0,2,2:0,0:2,2:0:0:2
145,arc-gen,8,6,2,0,1,4,1,6,9,1,7,0,1,1,2,0,2,2,2:0,2:2,2:0:2:2
145,arc-gen,8,7,2,9,0,4,2,6,9,1,6,0,0,1,2,9,2,2,2:9,2:2,2:9:2:2
145,arc-gen,8,8,2,0,1,4,3,6,9,1,5,0,1,1,2,0,2,0,2:0,2:0,2:0:2:0
146,arc-gen,7,2,8,0,1,2,0,7,8,4,7,0,0,1,0,8,0,8,0:8,0:8,0:8:0:8
146,arc-gen,7,3,8,7,0,2,1,7,8,4,6,0,1,1,7,8,8,8,7:8,8:8,7:8:8:8
146,arc-gen,7,4,8,7,0,2,2,7,8,4,5,0,0,1,7,8,8,8,7:8,8:8,7:8:8:8
146,arc-gen,7,5,8,7,0,2,3,7,8,4,4,0,1,1,7,8,8,7,7:8,8:7,7:8:8:7
146,arc-gen,8,2,8,0,1,3,0,7,8,3,7,1,0,1,8,8,0,8,8:8,0:8,8:8:0:8
146,arc-gen,8,3,8,7,0,3,1,7,8,3,6,1,1,1,8,8,8,8,8:8,8:8,8:8:8:8
146,arc-gen,8,4,8,7,0,3,2,7,8,3,5,1,0,1,8,8,8,8,8:8,8:8,8:8:8:8
146,arc-gen,8,5,8,7,0,3,3,7,8,3,4,1,1,1,8,8,8,7,8:8,8:7,8:8:8:7
146,arc-gen,9,2,8,0,1,4,0,7,8,2,7,0,0,1,8,8,0,8,8:8,0:8,8:8:0:8
146,arc-gen,9,3,8,7,0,4,1,7,8,2,6,0,1,1,8,8,8,8,8:8,8:8,8:8:8:8
146,arc-gen,9,4,8,7,0,4,2,7,8,2,5,0,0,1,8,8,8,8,8:8,8:8,8:8:8:8
146,arc-gen,9,5,8,7,0,4,3,7,8,2,4,0,1,1,8,8,8,7,8:8,8:7,8:8:8:7
146,arc-gen,10,2,8,0,1,5,0,7,8,1,7,1,0,1,8,8,0,8,8:8,0:8,8:8:0:8
146,arc-gen,10,3,8,0,1,5,1,7,8,1,6,1,1,1,8,8,8,8,8:8,8:8,8:8:8:8
146,arc-gen,10,4,8,0,1,5,2,7,8,1,5,1,0,1,8,8,8,8,8:8,8:8,8:8:8:8
146,arc-gen,10,5,8,7,0,5,3,7,8,1,4,1,1,1,8,8,8,7,8:8,8:7,8:8:8:7
146,arc-gen,11,2,8,0,1,6,0,7,8,0,7,0,0,1,8,0,0,8,8:0,0:8,8:0:0:8
146,arc-gen,11,3,8,0,1,6,1,7,8,0,6,0,1,1,8,0,8,8,8:0,8:8,8:0:8:8
146,arc-gen,11,4,8,0,1,6,2,7,8,0,5,0,0,1,8,0,8,8,8:0,8:8,8:0:8:8
146,arc-gen,11,5,8,7,0,6,3,7,8,0,4,0,1,1,8,0,8,7,8:0,8:7,8:0:8:7
147,arc-gen,6,7,8,9,0,1,4,5,8,3,3,1,0,1,9,8,9,8,9:8,9:8,9:8:9:8
147,arc-gen,6,8,8,9,0,1,5,5,8,3,2,1,1,1,9,8,8,8,9:8,8:8,9:8:8:8
147,arc-gen,6,9,8,0,1,1,6,5,8,3,1,1,0,1,0,8,8,8,0:8,8:8,0:8:8:8
147,arc-gen,6,10,8,0,1,1,7,5,8,3,0,1,1,1,0,8,8,0,0:8,8:0,0:8:8:0
147,arc-gen,7,7,8,9,0,2,4,5,8,2,3,0,0,1,8,8,9,8,8:8,9:8,8:8:9:8
147,arc-gen,7,8,8,9,0,2,5,5,8,2,2,0,1,1,8,8,8,8,8:8,8:8,8:8:8:8
147,arc-gen,7,9,8,0,1,2,6,5,8,2,1,0,0,1,8,8,8,8,8:8,8:8,8:8:8:8
147,arc-gen,7,10,8,0,1,2,7,5,8,2,0,0,1,1,8,8,8,0,8:8,8:0,8:8:8:0
147,arc-gen,8,7,8,9,0,3,4,5,8,1,3,1,0,1,8,8,9,8,8:8,9:8,8:8:9:8
147,arc-gen,8,8,8,9,0,3,5,5,8,1,2,1,1,1,8,8,8,8,8:8,8:8,8:8:8:8
147,arc-gen,8,9,8,9,0,3,6,5,8,1,1,1,0,1,8,8,8,8,8:8,8:8,8:8:8:8
147,arc-gen,8,10,8,0,1,3,7,5,8,1,0,1,1,1,8,8,8,0,8:8,8:0,8:8:8:0
147,arc-gen,9,7,8,9,0,4,4,5,8,0,3,0,0,1,8,0,0,8,8:0,0:8,8:0:0:8
147,arc-gen,9,8,8,9,0,4,5,5,8,0,2,0,1,1,8,0,8,8,8:0,8:8,8:0:8:8
147,arc-gen,9,9,8,0,1,4,6,5,8,0,1,0,0,1,8,0,8,8,8:0,8:8,8:0:8:8
147,arc-gen,9,10,8,0,1,4,7,5,8,0,0,0,1,1,8,0,8,0,8:0,8:0,8:0:8:0
148,arc-gen,3,7,7,5,0,1,2,6,6,4,3,1,0,0,5,7,5,7,5:7,5:7,5:7:5:7
148,arc-gen,3,8,7,0,1,1,3,6,6,4,2,1,1,0,0,7,7,7,0:7,7:7,0:7:7:7
148,arc-gen,3,9,7,0,1,1,4,6,6,4,1,1,0,0,0,7,7,7,0:7,7:7,0:7:7:7
148,arc-gen,3,10,7,0,1,1,5,6,6,4,0,1,1,0,0,7,7,0,0:7,7:0,0:7:7:0
148,arc-gen,4,7,7,0,1,2,2,6,6,3,3,0,0,0,7,7,5,7,7:7,5:7,7:7:5:7
148,arc-gen,4,8,7,0,1,2,3,6,6,3,2,0,1,0,7,7,7,7,7:7,7:7,7:7:7:7
148,arc-gen,4,9,7,0,1,2,4,6,6,3,1,0,0,0,7,7,7,7,7:7,7:7,7:7:7:7
148,arc-gen,4,10,7,0,1,2,5,6,6,3,0,0,1,0,7,7,7,0,7:7,7:0,7:7:7:0
148,arc-gen,5,7,7,0,1,3,2,6,6,2,3,1,0,0,7,7,5,7,7:7,5:7,7:7:5:7
148,arc-gen,5,8,7,0,1,3,3,6,6,2,2,1,1,0,7,7,7,7,7:7,7:7,7:7:7:7
148,arc-gen,5,9,7,0,1,3,4,6,6,2,1,1,0,0,7,7,7,7,7:7,7:7,7:7:7:7
148,arc-gen,5,10,7,0,1,3,5,6,6,2,0,1,1,0,7,7,7,0,7:7,7:0,7:7:7:0
148,arc-gen,6,7,7,5,0,4,2,6,6,1,3,0,0,0,7,5,5,7,7:5,5:7,7:5:5:7
148,arc-gen,6,8,7,0,1,4,3,6,6,1,2,0,1,0,7,0,7,7,7:0,7:7,7:0:7:7
148,arc-gen,6,9,7,0,1,4,4,6,6,1,1,0,0,0,7,0,7,7,7:0,7:7,7:0:7:7
148,arc-gen,6,10,7,0,1,4,5,6,6,1,0,0,1,0,7,0,7,0,7:0,7:0,7:0:7:0
149,arc-gen,5,11,6,9,0,2,5,6,9,3,3,0,1,1,9,6,9,6,9:6,9:6,9:6:9:6
149,arc-gen,5,12,6,9,0,2,6,6,9,3,2,0,0,1,9,6,6,6,9:6,6:6,9:6:6:6
149,arc-gen,5,13,6,9,0,2,7,6,9,3,1,0,1,1,9,6,6,6,9:6,6:6,9:6:6:6
149,arc-gen,5,14,6,0,1,2,8,6,9,3,0,0,0,1,0,6,6,0,0:6,6:0,0:6:6:0
149,arc-gen,6,11,6,9,0,3,5,6,9,2,3,1,1,1,6,6,9,6,6:6,9:6,6:6:9:6
149,arc-gen,6,12,6,9,0,3,6,6,9,2,2,1,0,1,6,6,6,6,6:6,6:6,6:6:6:6
149,arc-gen,6,13,6,0,1,3,7,6,9,2,1,1,1,1,6,6,6,6,6:6,6:6,6:6:6:6
149,arc-gen,6,14,6,0,1,3,8,6,9,2,0,1,0,1,6,6,6,0,6:6,6:0,6:6:6:0
149,arc-gen,7,11,6,9,0,4,5,6,9,1,3,0,1,1,6,9,0,6,6:9,0:6,6:9:0:6
149,arc-gen,7,12,6,9,0,4,6,6,9,1,2,0,0,1,6,0,6,6,6:0,6:6,6:0:6:6
149,arc-gen,7,13,6,9,0,4,7,6,9,1,1,0,1,1,6,0,6,6,6:0,6:6,6:0:6:6
149,arc-gen,7,14,6,0,1,4,8,6,9,1,0,0,0,1,6,0,6,0,6:0,6:0,6:0:6:0
150,arc-gen,5,7,3,5,0,2,4,6,8,3,3,0,0,0,5,3,5,3,5:3,5:3,5:3:5:3
150,arc-gen,5,8,3,5,0,2,5,6,8,3,2,0,1,0,5,3,3,3,5:3,3:3,5:3:3:3
150,arc-gen,5,9,3,5,0,2,6,6,8,3,1,0,0,0,0,3,3,3,0:3,3:3,0:3:3:3
150,arc-gen,5,10,3,0,1,2,7,6,8,3,0,0,1,0,0,3,3,0,0:3,3:0,0:3:3:0
150,arc-gen,6,7,3,5,0,3,4,6,8,2,3,1,0,0,3,3,5,3,3:3,5:3,3:3:5:3
150,arc-gen,6,8,3,5,0,3,5,6,8,2,2,1,1,0,3,3,3,3,3:3,3:3,3:3:3:3
150,arc-gen,6,9,3,0,1,3,6,6,8,2,1,1,0,0,3,3,3,3,3:3,3:3,3:3:3:3
150,arc-gen,6,10,3,0,1,3,7,6,8,2,0,1,1,0,3,3,3,0,3:3,3:0,3:3:3:0
150,arc-gen,7,7,3,0,1,4,4,6,8,1,3,0,0,0,3,3,0,3,3:3,0:3,3:3:0:3
150,arc-gen,7,8,3,5,0,4,5,6,8,1,2,0,1,0,3,3,3,3,3:3,3:3,3:3:3:3
150,arc-gen,7,9,3,0,1,4,6,6,8,1,1,0,0,0,3,3,3,3,3:3,3:3,3:3:3:3
150,arc-gen,7,10,3,0,1,4,7,6,8,1,0,0,1,0,3,3,3,0,3:3,3:0,3:3:3:0
150,arc-gen,8,7,3,0,1,5,4,6,8,0,3,1,0,0,3,0,0,3,3:0,0:3,3:0:0:3
150,arc-gen,8,8,3,0,1,5,5,6,8,0,2,1,1,0,3,0,3,3,3:0,3:3,3:0:3:3
150,arc-gen,8,9,3,0,1,5,6,6,8,0,1,1,0,0,3,0,3,3,3:0,3:3,3:0:3:3
150,arc-gen,8,10,3,0,1,5,7,6,8,0,0,1,1,0,3,0,3,0,3:0,3:0,3:0:3:0
151,arc-gen,5,9,7,5,0,1,4,6,8,4,3,1,0,0,0,7,5,7,0:7,5:7,0:7:5:7
151,arc-gen,5,10,7,0,1,1,5,6,8,4,2,1,1,0,0,7,7,7,0:7,7:7,0:7:7:7
151,arc-gen,5,11,7,0,1,1,6,6,8,4,1,1,0,0,0,7,7,7,0:7,7:7,0:7:7:7
151,arc-gen,5,12,7,0,1,1,7,6,8,4,0,1,1,0,0,7,7,0,0:7,7:0,0:7:7:0
151,arc-gen,6,9,7,0,1,2,4,6,8,3,3,0,0,0,7,7,5,7,7:7,5:7,7:7:5:7
151,arc-gen,6,10,7,0,1,2,5,6,8,3,2,0,1,0,7,7,7,7,7:7,7:7,7:7:7:7
151,arc-gen,6,11,7,0,1,2,6,6,8,3,1,0,0,0,7,7,7,7,7:7,7:7,7:7:7:7
151,arc-gen,6,12,7,0,1,2,7,6,8,3,0,0,1,0,7,7,7,0,7:7,7:0,7:7:7:0
151,arc-gen,7,9,7,0,1,3,4,6,8,2,3,1,0,0,7,7,0,7,7:7,0:7,7:7:0:7
151,arc-gen,7,10,7,0,1,3,5,6,8,2,2,1,1,0,7,7,7,7,7:7,7:7,7:7:7:7
151,arc-gen,7,11,7,0,1,3,6,6,8,2,1,1,0,0,7,7,7,7,7:7,7:7,7:7:7:7
151,arc-gen,7,12,7,0,1,3,7,6,8,2,0,1,1,0,7,7,7,0,7:7,7:0,7:7:7:0
151,arc-gen,8,9,7,0,1,4,4,6,8,1,3,0,0,0,7,7,0,7,7:7,0:7,7:7:0:7
151,arc-gen,8,10,7,0,1,4,5,6,8,1,2,0,1,0,7,7,7,7,7:7,7:7,7:7:7:7
151,arc-gen,8,11,7,0,1,4,6,6,8,1,1,0,0,0,7,7,7,7,7:7,7:7,7:7:7:7
151,arc-gen,8,12,7,0,1,4,7,6,8,1,0,0,1,0,7,7,7,0,7:7,7:0,7:7:7:0
151,arc-gen,9,9,7,0,1,5,4,6,8,0,3,1,0,0,7,0,0,7,7:0,0:7,7:0:0:7
151,arc-gen,9,10,7,0,1,5,5,6,8,0,2,1,1,0,7,0,7,7,7:0,7:7,7:0:7:7
151,arc-gen,9,11,7,0,1,5,6,6,8,0,1,1,0,0,7,0,7,7,7:0,7:7,7:0:7:7
151,arc-gen,9,12,7,0,1,5,7,6,8,0,0,1,1,0,7,0,7,0,7:0,7:0,7:0:7:0
152,arc-gen,6,9,3,0,1,2,4,5,8,2,3,0,0,1,2,3,0,3,2:3,0:3,2:3:0:3
152,arc-gen,6,10,3,2,0,2,5,5,8,2,2,0,1,1,2,3,3,3,2:3,3:3,2:3:3:3
152,arc-gen,6,11,3,0,1,2,6,5,8,2,1,0,0,1,2,3,3,3,2:3,3:3,2:3:3:3
152,arc-gen,6,12,3,0,1,2,7,5,8,2,0,0,1,1,0,3,3,0,0:3,3:0,0:3:3:0
152,arc-gen,7,9,3,0,1,3,4,5,8,1,3,1,0,1,3,3,0,3,3:3,0:3,3:3:0:3
152,arc-gen,7,10,3,0,1,3,5,5,8,1,2,1,1,1,3,3,3,3,3:3,3:3,3:3:3:3
152,arc-gen,7,11,3,0,1,3,6,5,8,1,1,1,0,1,3,3,3,3,3:3,3:3,3:3:3:3
152,arc-gen,7,12,3,0,1,3,7,5,8,1,0,1,1,1,3,3,3,0,3:3,3:0,3:3:3:0
152,arc-gen,8,9,3,0,1,4,4,5,8,0,3,0,0,1,3,0,0,3,3:0,0:3,3:0:0:3
152,arc-gen,8,10,3,0,1,4,5,5,8,0,2,0,1,1,3,0,3,3,3:0,3:3,3:0:3:3
152,arc-gen,8,11,3,0,1,4,6,5,8,0,1,0,0,1,3,0,3,3,3:0,3:3,3:0:3:3
152,arc-gen,8,12,3,0,1,4,7,5,8,0,0,0,1,1,3,0,3,0,3:0,3:0,3:0:3:0
153,arc-gen,5,5,4,0,1,2,0,6,9,3,8,0,0,1,0,4,0,4,0:4,0:4,0:4:0:4
153,arc-gen,5,6,4,7,0,2,1,6,9,3,7,0,1,1,7,4,4,4,7:4,4:4,7:4:4:4
153,arc-gen,5,7,4,7,0,2,2,6,9,3,6,0,0,1,7,4,4,4,7:4,4:4,7:4:4:4
153,arc-gen,5,8,4,7,0,2,3,6,9,3,5,0,1,1,7,4,4,7,7:4,4:7,7:4:4:7
153,arc-gen,6,5,4,0,1,3,0,6,9,2,8,1,0,1,4,4,0,4,4:4,0:4,4:4:0:4
153,arc-gen,6,6,4,7,0,3,1,6,9,2,7,1,1,1,4,4,4,4,4:4,4:4,4:4:4:4
153,arc-gen,6,7,4,7,0,3,2,6,9,2,6,1,0,1,4,4,4,4,4:4,4:4,4:4:4:4
153,arc-gen,6,8,4,7,0,3,3,6,9,2,5,1,1,1,4,4,4,7,4:4,4:7,4:4:4:7
153,arc-gen,7,5,4,0,1,4,0,6,9,1,8,0,0,1,4,4,0,4,4:4,0:4,4:4:0:4
153,arc-gen,7,6,4,0,1,4,1,6,9,1,7,0,1,1,4,4,4,4,4:4,4:4,4:4:4:4
153,arc-gen,7,7,4,7,0,4,2,6,9,1,6,0,0,1,4,4,4,4,4:4,4:4,4:4:4:4
153,arc-gen,7,8,4,7,0,4,3,6,9,1,5,0,1,1,4,4,4,7,4:4,4:7,4:4:4:7
153,arc-gen,8,5,4,0,1,5,0,6,9,0,8,1,0,1,4,0,0,4,4:0,0:4,4:0:0:4
153,arc-gen,8,6,4,0,1,5,1,6,9,0,7,1,1,1,4,0,4,4,4:0,4:4,4:0:4:4
153,arc-gen,8,7,4,0,1,5,2,6,9,0,6,1,0,1,4,0,4,4,4:0,4:4,4:0:4:4
153,arc-gen,8,8,4,0,1,5,3,6,9,0,5,1,1,1,4,0,4,0,4:0,4:0,4:0:4:0
154,arc-gen,5,2,9,0,1,1,0,4,9,2,8,1,0,1,0,9,0,9,0:9,0:9,0:9:0:9
154,arc-gen,5,3,9,7,0,1,1,4,9,2,7,1,1,1,0,9,9,9,0:9,9:9,0:9:9:9
154,arc-gen,5,4,9,7,0,1,2,4,9,2,6,1,0,1,7,9,9,9,7:9,9:9,7:9:9:9
154,arc-gen,5,5,9,7,0,1,3,4,9,2,5,1,1,1,7,9,9,7,7:9,9:7,7:9:9:7
154,arc-gen,6,2,9,0,1,2,0,4,9,1,8,0,0,1,9,9,0,9,9:9,0:9,9:9:0:9
154,arc-gen,6,3,9,7,0,2,1,4,9,1,7,0,1,1,9,9,9,9,9:9,9:9,9:9:9:9
154,arc-gen,6,4,9,7,0,2,2,4,9,1,6,0,0,1,9,9,9,9,9:9,9:9,9:9:9:9
154,arc-gen,6,5,9,7,0,2,3,4,9,1,5,0,1,1,9,9,9,7,9:9,9:7,9:9:9:7
154,arc-gen,7,2,9,0,1,3,0,4,9,0,8,1,0,1,9,0,0,9,9:0,0:9,9:0:0:9
154,arc-gen,7,3,9,0,1,3,1,4,9,0,7,1,1,1,9,0,9,9,9:0,9:9,9:0:9:9
154,arc-gen,7,4,9,7,0,3,2,4,9,0,6,1,0,1,9,0,9,9,9:0,9:9,9:0:9:9
154,arc-gen,7,5,9,7,0,3,3,4,9,0,5,1,1,1,9,0,9,0,9:0,9:0,9:0:9:0
155,arc-gen,5,11,2,0,1,1,5,6,9,4,3,1,1,1,9,2,9,2,9:2,9:2,9:2:9:2
155,arc-gen,5,12,2,9,0,1,6,6,9,4,2,1,0,1,9,2,2,2,9:2,2:2,9:2:2:2
155,arc-gen,5,13,2,0,1,1,7,6,9,4,1,1,1,1,0,2,2,2,0:2,2:2,0:2:2:2
155,arc-gen,5,14,2,0,1,1,8,6,9,4,0,1,0,1,0,2,2,0,0:2,2:0,0:2:2:0
155,arc-gen,6,11,2,0,1,2,5,6,9,3,3,0,1,1,2,2,0,2,2:2,0:2,2:2:0:2
155,arc-gen,6,12,2,0,1,2,6,6,9,3,2,0,0,1,2,2,2,2,2:2,2:2,2:2:2:2
155,arc-gen,6,13,2,0,1,2,7,6,9,3,1,0,1,1,2,2,2,2,2:2,2:2,2:2:2:2
155,arc-gen,6,14,2,0,1,2,8,6,9,3,0,0,0,1,2,2,2,0,2:2,2:0,2:2:2:0
155,arc-gen,7,11,2,0,1,3,5,6,9,2,3,1,1,1,2,0,9,2,2:0,9:2,2:0:9:2
155,arc-gen,7,12,2,0,1,3,6,6,9,2,2,1,0,1,2,0,2,2,2:0,2:2,2:0:2:2
155,arc-gen,7,13,2,0,1,3,7,6,9,2,1,1,1,1,2,0,2,2,2:0,2:2,2:0:2:2
155,arc-gen,7,14,2,0,1,3,8,6,9,2,0,1,0,1,2,0,2,0,2:0,2:0,2:0:2:0
156,arc-gen,5,7,4,2,0,1,5,7,9,5,3,1,1,1,2,4,2,4,2:4,2:4,2:4:2:4
156,arc-gen,5,8,4,2,0,1,6,7,9,5,2,1,0,1,0,4,4,4,0:4,4:4,0:4:4:4
156,arc-gen,5,9,4,2,0,1,7,7,9,5,1,1,1,1,2,4,4,4,2:4,4:4,2:4:4:4
156,arc-gen,5,10,4,0,1,1,8,7,9,5,0,1,0,1,0,4,4,0,0:4,4:0,0:4:4:0
156,arc-gen,6,7,4,2,0,2,5,7,9,4,3,0,1,1,4,4,0,4,4:4,0:4,4:4:0:4
156,arc-gen,6,8,4,2,0,2,6,7,9,4,2,0,0,1,4,4,4,4,4:4,4:4,4:4:4:4
156,arc-gen,6,9,4,0,1,2,7,7,9,4,1,0,1,1,4,4,4,4,4:4,4:4,4:4:4:4
156,arc-gen,6,10,4,0,1,2,8,7,9,4,0,0,0,1,4,4,4,0,4:4,4:0,4:4:4:0
156,arc-gen,7,7,4,2,0,3,5,7,9,3,3,1,1,1,4,0,0,4,4:0,0:4,4:0:0:4
156,arc-gen,7,8,4,2,0,3,6,7,9,3,2,1,0,1,4,2,4,4,4:2,4:4,4:2:4:4
156,arc-gen,7,9,4,2,0,3,7,7,9,3,1,1,1,1,4,0,4,4,4:0,4:4,4:0:4:4
156,arc-gen,7,10,4,0,1,3,8,7,9,3,0,1,0,1,4,0,4,0,4:0,4:0,4:0:4:0
157,arc-gen,3,10,5,2,0,1,5,7,9,5,3,1,1,1,2,5,2,5,2:5,2:5,2:5:2:5
157,arc-gen,3,11,5,2,0,1,6,7,9,5,2,1,0,1,2,5,5,5,2:5,5:5,2:5:5:5
157,arc-gen,3,12,5,0,1,1,7,7,9,5,1,1,1,1,0,5,5,5,0:5,5:5,0:5:5:5
157,arc-gen,3,13,5,0,1,1,8,7,9,5,0,1,0,1,0,5,5,0,0:5,5:0,0:5:5:0
157,arc-gen,4,10,5,2,0,2,5,7,9,4,3,0,1,1,5,5,2,5,5:5,2:5,5:5:2:5
157,arc-gen,4,11,5,2,0,2,6,7,9,4,2,0,0,1,5,5,5,5,5:5,5:5,5:5:5:5
157,arc-gen,4,12,5,0,1,2,7,7,9,4,1,0,1,1,5,5,5,5,5:5,5:5,5:5:5:5
157,arc-gen,4,13,5,0,1,2,8,7,9,4,0,0,0,1,5,5,5,0,5:5,5:0,5:5:5:0
157,arc-gen,5,10,5,2,0,3,5,7,9,3,3,1,1,1,5,5,2,5,5:5,2:5,5:5:2:5
157,arc-gen,5,11,5,2,0,3,6,7,9,3,2,1,0,1,5,5,5,5,5:5,5:5,5:5:5:5
157,arc-gen,5,12,5,0,1,3,7,7,9,3,1,1,1,1,5,5,5,5,5:5,5:5,5:5:5:5
157,arc-gen,5,13,5,0,1,3,8,7,9,3,0,1,0,1,5,5,5,0,5:5,5:0,5:5:5:0
157,arc-gen,6,10,5,2,0,4,5,7,9,2,3,0,1,1,5,2,2,5,5:2,2:5,5:2:2:5
157,arc-gen,6,11,5,2,0,4,6,7,9,2,2,0,0,1,5,2,5,5,5:2,5:5,5:2:5:5
157,arc-gen,6,12,5,0,1,4,7,7,9,2,1,0,1,1,5,0,5,5,5:0,5:5,5:0:5:5
157,arc-gen,6,13,5,0,1,4,8,7,9,2,0,0,0,1,5,0,5,0,5:0,5:0,5:0:5:0
158,arc-gen,4,3,3,0,1,1,0,5,8,3,7,1,0,0,8,3,0,3,8:3,0:3,8:3:0:3
158,arc-gen,4,4,3,0,1,1,1,5,8,3,6,1,1,0,8,3,3,3,8:3,3:3,8:3:3:3
158,arc-gen,4,5,3,8,0,1,2,5,8,3,5,1,0,0,8,3,3,3,8:3,3:3,8:3:3:3
158,arc-gen,4,6,3,8,0,1,3,5,8,3,4,1,1,0,8,3,3,8,8:3,3:8,8:3:3:8
158,arc-gen,5,3,3,0,1,2,0,5,8,2,7,0,0,0,3,3,0,3,3:3,0:3,3:3:0:3
158,arc-gen,5,4,3,8,0,2,1,5,8,2,6,0,1,0,3,3,3,3,3:3,3:3,3:3:3:3
158,arc-gen,5,5,3,8,0,2,2,5,8,2,5,0,0,0,3,3,3,3,3:3,3:3,3:3:3:3
158,arc-gen,5,6,3,8,0,2,3,5,8,2,4,0,1,0,3,3,3,8,3:3,3:8,3:3:3:8
158,arc-gen,6,3,3,0,1,3,0,5,8,1,7,1,0,0,3,3,0,3,3:3,0:3,3:3:0:3
158,arc-gen,6,4,3,0,1,3,1,5,8,1,6,1,1,0,3,3,3,3,3:3,3:3,3:3:3:3
158,arc-gen,6,5,3,0,1,3,2,5,8,1,5,1,0,0,3,3,3,3,3:3,3:3,3:3:3:3
158,arc-gen,6,6,3,0,1,3,3,5,8,1,4,1,1,0,3,3,3,0,3:3,3:0,3:3:3:0
158,arc-gen,7,3,3,0,1,4,0,5,8,0,7,0,0,0,3,0,0,3,3:0,0:3,3:0:0:3
158,arc-gen,7,4,3,0,1,4,1,5,8,0,6,0,1,0,3,0,3,3,3:0,3:3,3:0:3:3
158,arc-gen,7,5,3,0,1,4,2,5,8,0,5,0,0,0,3,0,3,3,3:0,3:3,3:0:3:3
158,arc-gen,7,6,3,0,1,4,3,5,8,0,4,0,1,0,3,0,3,0,3:0,3:0,3:0:3:0
159,arc-gen,6,1,3,0,1,1,0,7,9,5,8,1,0,1,0,3,0,3,0:3,0:3,0:3:0:3
159,arc-gen,6,2,3,8,0,1,1,7,9,5,7,1,1,1,0,3,3,3,0:3,3:3,0:3:3:3
159,arc-gen,6,3,3,8,0,1,2,7,9,5,6,1,0,1,8,3,3,3,8:3,3:3,8:3:3:3
159,arc-gen,6,4,3,8,0,1,3,7,9,5,5,1,1,1,8,3,3,8,8:3,3:8,8:3:3:8
159,arc-gen,7,1,3,0,1,2,0,7,9,4,8,0,0,1,3,3,0,3,3:3,0:3,3:3:0:3
159,arc-gen,7,2,3,0,1,2,1,7,9,4,7,0,1,1,3,3,3,3,3:3,3:3,3:3:3:3
159,arc-gen,7,3,3,0,1,2,2,7,9,4,6,0,0,1,3,3,3,3,3:3,3:3,3:3:3:3
159,arc-gen,7,4,3,8,0,2,3,7,9,4,5,0,1,1,3,3,3,8,3:3,3:8,3:3:3:8
159,arc-gen,8,1,3,0,1,3,0,7,9,3,8,1,0,1,3,3,0,3,3:3,0:3,3:3:0:3
159,arc-gen,8,2,3,0,1,3,1,7,9,3,7,1,1,1,3,3,3,3,3:3,3:3,3:3:3:3
159,arc-gen,8,3,3,0,1,3,2,7,9,3,6,1,0,1,3,3,3,3,3:3,3:3,3:3:3:3
159,arc-gen,8,4,3,0,1,3,3,7,9,3,5,1,1,1,3,3,3,8,3:3,3:8,3:3:3:8
159,arc-gen,9,1,3,0,1,4,0,7,9,2,8,0,0,1,3,0,0,3,3:0,0:3,3:0:0:3
159,arc-gen,9,2,3,0,1,4,1,7,9,2,7,0,1,1,3,0,3,3,3:0,3:3,3:0:3:3
159,arc-gen,9,3,3,8,0,4,2,7,9,2,6,0,0,1,3,0,3,3,3:0,3:3,3:0:3:3
159,arc-gen,9,4,3,8,0,4,3,7,9,2,5,0,1,1,3,8,3,8,3:8,3:8,3:8:3:8
160,arc-gen,5,6,3,0,1,2,0,6,7,3,6,0,0,0,0,3,0,3,0:3,0:3,0:3:0:3
160,arc-gen,5,7,3,0,1,2,1,6,7,3,5,0,1,0,6,3,3,3,6:3,3:3,6:3:3:3
160,arc-gen,5,8,3,0,1,2,2,6,7,3,4,0,0,0,6,3,3,3,6:3,3:3,6:3:3:3
160,arc-gen,5,9,3,6,0,2,3,6,7,3,3,0,1,0,6,3,3,6,6:3,3:6,6:3:3:6
160,arc-gen,6,6,3,0,1,3,0,6,7,2,6,1,0,0,3,3,0,3,3:3,0:3,3:3:0:3
160,arc-gen,6,7,3,6,0,3,1,6,7,2,5,1,1,0,3,3,3,3,3:3,3:3,3:3:3:3
160,arc-gen,6,8,3,6,0,3,2,6,7,2,4,1,0,0,3,3,3,3,3:3,3:3,3:3:3:3
160,arc-gen,6,9,3,6,0,3,3,6,7,2,3,1,1,0,3,3,3,6,3:3,3:6,3:3:3:6
160,arc-gen,7,6,3,0,1,4,0,6,7,1,6,0,0,0,3,3,0,3,3:3,0:3,3:3:0:3
160,arc-gen,7,7,3,6,0,4,1,6,7,1,5,0,1,0,3,3,3,3,3:3,3:3,3:3:3:3
160,arc-gen,7,8,3,6,0,4,2,6,7,1,4,0,0,0,3,3,3,3,3:3,3:3,3:3:3:3
160,arc-gen,7,9,3,0,1,4,3,6,7,1,3,0,1,0,3,3,3,0,3:3,3:0,3:3:3:0
160,arc-gen,8,6,3,0,1,5,0,6,7,0,6,1,0,0,3,0,0,3,3:0,0:3,3:0:0:3
160,arc-gen,8,7,3,0,1,5,1,6,7,0,5,1,1,0,3,0,3,3,3:0,3:3,3:0:3:3
160,arc-gen,8,8,3,0,1,5,2,6,7,0,4,1,0,0,3,0,3,3,3:0,3:3,3:0:3:3
160,arc-gen,8,9,3,0,1,5,3,6,7,0,3,1,1,0,3,0,3,0,3:0,3:0,3:0:3:0
161,arc-gen,7,9,1,0,1,2,5,7,9,4,3,0,1,0,2,1,2,1,2:1,2:1,2:1:2:1
161,arc-gen,7,10,1,2,0,2,6,7,9,4,2,0,0,0,2,1,1,1,2:1,1:1,2:1:1:1
161,arc-gen,7,11,1,2,0,2,7,7,9,4,1,0,1,0,0,1,1,1,0:1,1:1,0:1:1:1
161,arc-gen,7,12,1,0,1,2,8,7,9,4,0,0,0,0,0,1,1,0,0:1,1:0,0:1:1:0
161,arc-gen,8,9,1,0,1,3,5,7,9,3,3,1,1,0,1,1,2,1,1:1,2:1,1:1:2:1
161,arc-gen,8,10,1,0,1,3,6,7,9,3,2,1,0,0,1,1,1,1,1:1,1:1,1:1:1:1
161,arc-gen,8,11,1,0,1,3,7,7,9,3,1,1,1,0,1,1,1,1,1:1,1:1,1:1:1:1
161,arc-gen,8,12,1,0,1,3,8,7,9,3,0,1,0,0,1,1,1,0,1:1,1:0,1:1:1:0
161,arc-gen,9,9,1,0,1,4,5,7,9,2,3,0,1,0,1,1,0,1,1:1,0:1,1:1:0:1
161,arc-gen,9,10,1,0,1,4,6,7,9,2,2,0,0,0,1,1,1,1,1:1,1:1,1:1:1:1
161,arc-gen,9,11,1,0,1,4,7,7,9,2,1,0,1,0,1,1,1,1,1:1,1:1,1:1:1:1
161,arc-gen,9,12,1,0,1,4,8,7,9,2,0,0,0,0,1,1,1,0,1:1,1:0,1:1:1:0
161,arc-gen,10,9,1,0,1,5,5,7,9,1,3,1,1,0,1,1,0,1,1:1,0:1,1:1:0:1
161,arc-gen,10,10,1,0,1,5,6,7,9,1,2,1,0,0,1,1,1,1,1:1,1:1,1:1:1:1
161,arc-gen,10,11,1,0,1,5,7,7,9,1,1,1,1,0,1,1,1,1,1:1,1:1,1:1:1:1
161,arc-gen,10,12,1,0,1,5,8,7,9,1,0,1,0,0,1,1,1,0,1:1,1:0,1:1:1:0
161,arc-gen,11,9,1,0,1,6,5,7,9,0,3,0,1,0,1,0,0,1,1:0,0:1,1:0:0:1
161,arc-gen,11,10,1,0,1,6,6,7,9,0,2,0,0,0,1,0,1,1,1:0,1:1,1:0:1:1
161,arc-gen,11,11,1,0,1,6,7,7,9,0,1,0,1,0,1,0,1,1,1:0,1:1,1:0:1:1
161,arc-gen,11,12,1,0,1,6,8,7,9,0,0,0,0,0,1,0,1,0,1:0,1:0,1:0:1:0
162,arc-gen,3,1,9,0,1,1,0,6,9,4,8,1,0,1,0,9,0,9,0:9,0:9,0:9:0:9
162,arc-gen,3,2,9,0,1,1,1,6,9,4,7,1,1,1,0,9,9,9,0:9,9:9,0:9:9:9
162,arc-gen,3,3,9,8,0,1,2,6,9,4,6,1,0,1,8,9,9,9,8:9,9:9,8:9:9:9
162,arc-gen,3,4,9,8,0,1,3,6,9,4,5,1,1,1,8,9,9,8,8:9,9:8,8:9:9:8
162,arc-gen,4,1,9,0,1,2,0,6,9,3,8,0,0,1,9,9,0,9,9:9,0:9,9:9:0:9
162,arc-gen,4,2,9,0,1,2,1,6,9,3,7,0,1,1,9,9,9,9,9:9,9:9,9:9:9:9
162,arc-gen,4,3,9,8,0,2,2,6,9,3,6,0,0,1,9,9,9,9,9:9,9:9,9:9:9:9
162,arc-gen,4,4,9,8,0,2,3,6,9,3,5,0,1,1,9,9,9,8,9:9,9:8,9:9:9:8
162,arc-gen,5,1,9,0,1,3,0,6,9,2,8,1,0,1,9,9,0,9,9:9,0:9,9:9:0:9
162,arc-gen,5,2,9,0,1,3,1,6,9,2,7,1,1,1,9,9,9,9,9:9,9:9,9:9:9:9
162,arc-gen,5,3,9,8,0,3,2,6,9,2,6,1,0,1,9,9,9,9,9:9,9:9,9:9:9:9
162,arc-gen,5,4,9,8,0,3,3,6,9,2,5,1,1,1,9,9,9,8,9:9,9:8,9:9:9:8
162,arc-gen,6,1,9,0,1,4,0,6,9,1,8,0,0,1,9,9,0,9,9:9,0:9,9:9:0:9
162,arc-gen,6,2,9,0,1,4,1,6,9,1,7,0,1,1,9,9,9,9,9:9,9:9,9:9:9:9
162,arc-gen,6,3,9,8,0,4,2,6,9,1,6,0,0,1,9,9,9,9,9:9,9:9,9:9:9:9
162,arc-gen,6,4,9,0,1,4,3,6,9,1,5,0,1,1,9,9,9,0,9:9,9:0,9:9:9:0
162,arc-gen,7,1,9,0,1,5,0,6,9,0,8,1,0,1,9,0,0,9,9:0,0:9,9:0:0:9
162,arc-gen,7,2,9,0,1,5,1,6,9,0,7,1,1,1,9,0,9,9,9:0,9:9,9:0:9:9
162,arc-gen,7,3,9,0,1,5,2,6,9,0,6,1,0,1,9,0,9,9,9:0,9:9,9:0:9:9
162,arc-gen,7,4,9,0,1,5,3,6,9,0,5,1,1,1,9,0,9,0,9:0,9:0,9:0:9:0
163,arc-gen,5,7,4,2,0,1,4,6,8,4,3,1,0,0,0,4,2,4,0:4,2:4,0:4:2:4
163,arc-gen,5,8,4,2,0,1,5,6,8,4,2,1,1,0,2,4,4,4,2:4,4:4,2:4:4:4
163,arc-gen,5,9,4,2,0,1,6,6,8,4,1,1,0,0,0,4,4,4,0:4,4:4,0:4:4:4
163,arc-gen,5,10,4,0,1,1,7,6,8,4,0,1,1,0,0,4,4,0,0:4,4:0,0:4:4:0
163,arc-gen,6,7,4,2,0,2,4,6,8,3,3,0,0,0,4,4,2,4,4:4,2:4,4:4:2:4
163,arc-gen,6,8,4,2,0,2,5,6,8,3,2,0,1,0,4,4,4,4,4:4,4:4,4:4:4:4
163,arc-gen,6,9,4,2,0,2,6,6,8,3,1,0,0,0,4,4,4,4,4:4,4:4,4:4:4:4
163,arc-gen,6,10,4,0,1,2,7,6,8,3,0,0,1,0,4,4,4,0,4:4,4:0,4:4:4:0
163,arc-gen,7,7,4,0,1,3,4,6,8,2,3,1,0,0,4,4,0,4,4:4,0:4,4:4:0:4
163,arc-gen,7,8,4,0,1,3,5,6,8,2,2,1,1,0,4,4,4,4,4:4,4:4,4:4:4:4
163,arc-gen,7,9,4,0,1,3,6,6,8,2,1,1,0,0,4,4,4,4,4:4,4:4,4:4:4:4
163,arc-gen,7,10,4,0,1,3,7,6,8,2,0,1,1,0,4,4,4,0,4:4,4:0,4:4:4:0
163,arc-gen,8,7,4,0,1,4,4,6,8,1,3,0,0,0,4,4,0,4,4:4,0:4,4:4:0:4
163,arc-gen,8,8,4,0,1,4,5,6,8,1,2,0,1,0,4,4,4,4,4:4,4:4,4:4:4:4
163,arc-gen,8,9,4,0,1,4,6,6,8,1,1,0,0,0,4,4,4,4,4:4,4:4,4:4:4:4
163,arc-gen,8,10,4,0,1,4,7,6,8,1,0,0,1,0,4,4,4,0,4:4,4:0,4:4:4:0
163,arc-gen,9,7,4,0,1,5,4,6,8,0,3,1,0,0,4,0,0,4,4:0,0:4,4:0:0:4
163,arc-gen,9,8,4,0,1,5,5,6,8,0,2,1,1,0,4,0,4,4,4:0,4:4,4:0:4:4
163,arc-gen,9,9,4,0,1,5,6,6,8,0,1,1,0,0,4,0,4,4,4:0,4:4,4:0:4:4
163,arc-gen,9,10,4,0,1,5,7,6,8,0,0,1,1,0,4,0,4,0,4:0,4:0,4:0:4:0
164,arc-gen,6,2,1,0,1,2,0,7,9,4,8,0,0,1,0,1,0,1,0:1,0:1,0:1:0:1
164,arc-gen,6,3,1,4,0,2,1,7,9,4,7,0,1,1,4,1,1,1,4:1,1:1,4:1:1:1
164,arc-gen,6,4,1,4,0,2,2,7,9,4,6,0,0,1,4,1,1,1,4:1,1:1,4:1:1:1
164,arc-gen,6,5,1,4,0,2,3,7,9,4,5,0,1,1,4,1,1,0,4:1,1:0,4:1:1:0
164,arc-gen,7,2,1,0,1,3,0,7,9,3,8,1,0,1,1,1,0,1,1:1,0:1,1:1:0:1
164,arc-gen,7,3,1,4,0,3,1,7,9,3,7,1,1,1,1,1,1,1,1:1,1:1,1:1:1:1
164,arc-gen,7,4,1,4,0,3,2,7,9,3,6,1,0,1,1,1,1,1,1:1,1:1,1:1:1:1
164,arc-gen,7,5,1,4,0,3,3,7,9,3,5,1,1,1,1,1,1,4,1:1,1:4,1:1:1:4
164,arc-gen,8,2,1,0,1,4,0,7,9,2,8,0,0,1,1,1,0,1,1:1,0:1,1:1:0:1
164,arc-gen,8,3,1,4,0,4,1,7,9,2,7,0,1,1,1,1,1,1,1:1,1:1,1:1:1:1
164,arc-gen,8,4,1,4,0,4,2,7,9,2,6,0,0,1,1,1,1,1,1:1,1:1,1:1:1:1
164,arc-gen,8,5,1,0,1,4,3,7,9,2,5,0,1,1,1,1,1,4,1:1,1:4,1:1:1:4
164,arc-gen,9,2,1,0,1,5,0,7,9,1,8,1,0,1,1,1,0,1,1:1,0:1,1:1:0:1
164,arc-gen,9,3,1,0,1,5,1,7,9,1,7,1,1,1,1,1,1,1,1:1,1:1,1:1:1:1
164,arc-gen,9,4,1,4,0,5,2,7,9,1,6,1,0,1,1,1,1,1,1:1,1:1,1:1:1:1
164,arc-gen,9,5,1,0,1,5,3,7,9,1,5,1,1,1,1,1,1,0,1:1,1:0,1:1:1:0
164,arc-gen,10,2,1,0,1,6,0,7,9,0,8,0,0,1,1,0,0,1,1:0,0:1,1:0:0:1
164,arc-gen,10,3,1,0,1,6,1,7,9,0,7,0,1,1,1,0,1,1,1:0,1:1,1:0:1:1
164,arc-gen,10,4,1,0,1,6,2,7,9,0,6,0,0,1,1,0,1,1,1:0,1:1,1:0:1:1
164,arc-gen,10,5,1,0,1,6,3,7,9,0,5,0,1,1,1,0,1,0,1:0,1:0,1:0:1:0
165,arc-gen,6,2,3,0,1,2,0,5,8,2,7,0,0,1,0,3,0,3,0:3,0:3,0:3:0:3
165,arc-gen,6,3,3,0,1,2,1,5,8,2,6,0,1,1,8,3,3,3,8:3,3:3,8:3:3:3
165,arc-gen,6,4,3,8,0,2,2,5,8,2,5,0,0,1,8,3,3,3,8:3,3:3,8:3:3:3
165,arc-gen,6,5,3,8,0,2,3,5,8,2,4,0,1,1,0,3,3,8,0:3,3:8,0:3:3:8
165,arc-gen,7,2,3,0,1,3,0,5,8,1,7,1,0,1,3,3,0,3,3:3,0:3,3:3:0:3
165,arc-gen,7,3,3,0,1,3,1,5,8,1,6,1,1,1,3,3,3,3,3:3,3:3,3:3:3:3
165,arc-gen,7,4,3,0,1,3,2,5,8,1,5,1,0,1,3,3,3,3,3:3,3:3,3:3:3:3
165,arc-gen,7,5,3,8,0,3,3,5,8,1,4,1,1,1,3,3,3,8,3:3,3:8,3:3:3:8
165,arc-gen,8,2,3,0,1,4,0,5,8,0,7,0,0,1,3,0,0,3,3:0,0:3,3:0:0:3
165,arc-gen,8,3,3,0,1,4,1,5,8,0,6,0,1,1,3,0,3,3,3:0,3:3,3:0:3:3
165,arc-gen,8,4,3,0,1,4,2,5,8,0,5,0,0,1,3,0,3,3,3:0,3:3,3:0:3:3
165,arc-gen,8,5,3,8,0,4,3,5,8,0,4,0,1,1,3,0,3,0,3:0,3:0,3:0:3:0
166,arc-gen,6,7,6,0,1,2,4,8,8,5,3,0,0,1,7,6,7,6,7:6,7:6,7:6:7:6
166,arc-gen,6,8,6,0,1,2,5,8,8,5,2,0,1,1,7,6,6,6,7:6,6:6,7:6:6:6
166,arc-gen,6,9,6,0,1,2,6,8,8,5,1,0,0,1,7,6,6,6,7:6,6:6,7:6:6:6
166,arc-gen,6,10,6,0,1,2,7,8,8,5,0,0,1,1,0,6,6,0,0:6,6:0,0:6:6:0
166,arc-gen,7,7,6,7,0,3,4,8,8,4,3,1,0,1,6,6,7,6,6:6,7:6,6:6:7:6
166,arc-gen,7,8,6,7,0,3,5,8,8,4,2,1,1,1,6,6,6,6,6:6,6:6,6:6:6:6
166,arc-gen,7,9,6,0,1,3,6,8,8,4,1,1,0,1,6,6,6,6,6:6,6:6,6:6:6:6
166,arc-gen,7,10,6,0,1,3,7,8,8,4,0,1,1,1,6,6,6,0,6:6,6:0,6:6:6:0
166,arc-gen,8,7,6,7,0,4,4,8,8,3,3,0,0,1,6,6,7,6,6:6,7:6,6:6:7:6
166,arc-gen,8,8,6,7,0,4,5,8,8,3,2,0,1,1,6,6,6,6,6:6,6:6,6:6:6:6
166,arc-gen,8,9,6,0,1,4,6,8,8,3,1,0,0,1,6,6,6,6,6:6,6:6,6:6:6:6
166,arc-gen,8,10,6,0,1,4,7,8,8,3,0,0,1,1,6,6,6,0,6:6,6:0,6:6:6:0
166,arc-gen,9,7,6,7,0,5,4,8,8,2,3,1,0,1,6,7,0,6,6:7,0:6,6:7:0:6
166,arc-gen,9,8,6,0,1,5,5,8,8,2,2,1,1,1,6,7,6,6,6:7,6:6,6:7:6:6
166,arc-gen,9,9,6,0,1,5,6,8,8,2,1,1,0,1,6,0,6,6,6:0,6:6,6:0:6:6
166,arc-gen,9,10,6,0,1,5,7,8,8,2,0,1,1,1,6,0,6,0,6:0,6:0,6:0:6:0
167,arc-gen,4,8,4,8,0,2,5,7,9,4,3,0,1,1,8,4,8,4,8:4,8:4,8:4:8:4
167,arc-gen,4,9,4,8,0,2,6,7,9,4,2,0,0,1,8,4,4,4,8:4,4:4,8:4:4:4
167,arc-gen,4,10,4,0,1,2,7,7,9,4,1,0,1,1,0,4,4,4,0:4,4:4,0:4:4:4
167,arc-gen,4,11,4,0,1,2,8,7,9,4,0,0,0,1,0,4,4,0,0:4,4:0,0:4:4:0
167,arc-gen,5,8,4,8,0,3,5,7,9,3,3,1,1,1,4,4,8,4,4:4,8:4,4:4:8:4
167,arc-gen,5,9,4,8,0,3,6,7,9,3,2,1,0,1,4,4,4,4,4:4,4:4,4:4:4:4
167,arc-gen,5,10,4,0,1,3,7,7,9,3,1,1,1,1,4,4,4,4,4:4,4:4,4:4:4:4
167,arc-gen,5,11,4,0,1,3,8,7,9,3,0,1,0,1,4,4,4,0,4:4,4:0,4:4:4:0
167,arc-gen,6,8,4,8,0,4,5,7,9,2,3,0,1,1,4,4,8,4,4:4,8:4,4:4:8:4
167,arc-gen,6,9,4,8,0,4,6,7,9,2,2,0,0,1,4,4,4,4,4:4,4:4,4:4:4:4
167,arc-gen,6,10,4,0,1,4,7,7,9,2,1,0,1,1,4,4,4,4,4:4,4:4,4:4:4:4
167,arc-gen,6,11,4,0,1,4,8,7,9,2,0,0,0,1,4,4,4,0,4:4,4:0,4:4:4:0
167,arc-gen,7,8,4,8,0,5,5,7,9,1,3,1,1,1,4,4,0,4,4:4,0:4,4:4:0:4
167,arc-gen,7,9,4,8,0,5,6,7,9,1,2,1,0,1,4,4,4,4,4:4,4:4,4:4:4:4
167,arc-gen,7,10,4,0,1,5,7,7,9,1,1,1,1,1,4,4,4,4,4:4,4:4,4:4:4:4
167,arc-gen,7,11,4,0,1,5,8,7,9,1,0,1,0,1,4,4,4,0,4:4,4:0,4:4:4:0
167,arc-gen,8,8,4,8,0,6,5,7,9,0,3,0,1,1,4,0,0,4,4:0,0:4,4:0:0:4
167,arc-gen,8,9,4,8,0,6,6,7,9,0,2,0,0,1,4,0,4,4,4:0,4:4,4:0:4:4
167,arc-gen,8,10,4,0,1,6,7,7,9,0,1,0,1,1,4,0,4,4,4:0,4:4,4:0:4:4
167,arc-gen,8,11,4,0,1,6,8,7,9,0,0,0,0,1,4,0,4,0,4:0,4:0,4:0:4:0
168,arc-gen,7,5,1,2,0,2,0,6,8,3,7,0,0,1,2,1,0,1,2:1,0:1,2:1:0:1
168,arc-gen,7,6,1,2,0,2,1,6,8,3,6,0,1,1,2,1,1,1,2:1,1:1,2:1:1:1
168,arc-gen,7,7,1,2,0,2,2,6,8,3,5,0,0,1,2,1,1,1,2:1,1:1,2:1:1:1
168,arc-gen,7,8,1,2,0,2,3,6,8,3,4,0,1,1,2,1,1,2,2:1,1:2,2:1:1:2
168,arc-gen,8,5,1,0,1,3,0,6,8,2,7,1,0,1,1,1,0,1,1:1,0:1,1:1:0:1
168,arc-gen,8,6,1,2,0,3,1,6,8,2,6,1,1,1,1,1,1,1,1:1,1:1,1:1:1:1
168,arc-gen,8,7,1,2,0,3,2,6,8,2,5,1,0,1,1,1,1,1,1:1,1:1,1:1:1:1
168,arc-gen,8,8,1,2,0,3,3,6,8,2,4,1,1,1,1,1,1,2,1:1,1:2,1:1:1:2
168,arc-gen,9,5,1,2,0,4,0,6,8,1,7,0,0,1,1,1,0,1,1:1,0:1,1:1:0:1
168,arc-gen,9,6,1,2,0,4,1,6,8,1,6,0,1,1,1,1,1,1,1:1,1:1,1:1:1:1
168,arc-gen,9,7,1,2,0,4,2,6,8,1,5,0,0,1,1,1,1,1,1:1,1:1,1:1:1:1
168,arc-gen,9,8,1,2,0,4,3,6,8,1,4,0,1,1,1,1,1,2,1:1,1:2,1:1:1:2
168,arc-gen,10,5,1,0,1,5,0,6,8,0,7,1,0,1,1,0,0,1,1:0,0:1,1:0:0:1
168,arc-gen,10,6,1,2,0,5,1,6,8,0,6,1,1,1,1,0,1,1,1:0,1:1,1:0:1:1
168,arc-gen,10,7,1,0,1,5,2,6,8,0,5,1,0,1,1,0,1,1,1:0,1:1,1:0:1:1
168,arc-gen,10,8,1,0,1,5,3,6,8,0,4,1,1,1,1,0,1,0,1:0,1:0,1:0:1:0
169,arc-gen,3,2,7,0,1,1,0,6,9,4,8,1,0,1,0,7,0,7,0:7,0:7,0:7:0:7
169,arc-gen,3,3,7,0,1,1,1,6,9,4,7,1,1,1,0,7,7,7,0:7,7:7,0:7:7:7
169,arc-gen,3,4,7,2,0,1,2,6,9,4,6,1,0,1,2,7,7,7,2:7,7:7,2:7:7:7
169,arc-gen,3,5,7,0,1,1,3,6,9,4,5,1,1,1,2,7,7,0,2:7,7:0,2:7:7:0
169,arc-gen,4,2,7,0,1,2,0,6,9,3,8,0,0,1,7,7,0,7,7:7,0:7,7:7:0:7
169,arc-gen,4,3,7,0,1,2,1,6,9,3,7,0,1,1,7,7,7,7,7:7,7:7,7:7:7:7
169,arc-gen,4,4,7,0,1,2,2,6,9,3,6,0,0,1,7,7,7,7,7:7,7:7,7:7:7:7
169,arc-gen,4,5,7,2,0,2,3,6,9,3,5,0,1,1,7,7,7,2,7:7,7:2,7:7:7:2
169,arc-gen,5,2,7,0,1,3,0,6,9,2,8,1,0,1,7,7,0,7,7:7,0:7,7:7:0:7
169,arc-gen,5,3,7,0,1,3,1,6,9,2,7,1,1,1,7,7,7,7,7:7,7:7,7:7:7:7
169,arc-gen,5,4,7,0,1,3,2,6,9,2,6,1,0,1,7,7,7,7,7:7,7:7,7:7:7:7
169,arc-gen,5,5,7,0,1,3,3,6,9,2,5,1,1,1,7,7,7,2,7:7,7:2,7:7:7:2
169,arc-gen,6,2,7,0,1,4,0,6,9,1,8,0,0,1,7,0,0,7,7:0,0:7,7:0:0:7
169,arc-gen,6,3,7,0,1,4,1,6,9,1,7,0,1,1,7,0,7,7,7:0,7:7,7:0:7:7
169,arc-gen,6,4,7,0,1,4,2,6,9,1,6,0,0,1,7,0,7,7,7:0,7:7,7:0:7:7
169,arc-gen,6,5,7,0,1,4,3,6,9,1,5,0,1,1,7,2,7,0,7:2,7:0,7:2:7:0
170,arc-gen,6,3,4,0,1,1,0,5,9,3,8,1,0,0,0,4,0,4,0:4,0:4,0:4:0:4
170,arc-gen,6,4,4,0,1,1,1,5,9,3,7,1,1,0,0,4,4,4,0:4,4:4,0:4:4:4
170,arc-gen,6,5,4,0,1,1,2,5,9,3,6,1,0,0,6,4,4,4,6:4,4:4,6:4:4:4
170,arc-gen,6,6,4,6,0,1,3,5,9,3,5,1,1,0,6,4,4,6,6:4,4:6,6:4:4:6
170,arc-gen,7,3,4,0,1,2,0,5,9,2,8,0,0,0,4,4,0,4,4:4,0:4,4:4:0:4
170,arc-gen,7,4,4,0,1,2,1,5,9,2,7,0,1,0,4,4,4,4,4:4,4:4,4:4:4:4
170,arc-gen,7,5,4,0,1,2,2,5,9,2,6,0,0,0,4,4,4,4,4:4,4:4,4:4:4:4
170,arc-gen,7,6,4,0,1,2,3,5,9,2,5,0,1,0,4,4,4,0,4:4,4:0,4:4:4:0
170,arc-gen,8,3,4,0,1,3,0,5,9,1,8,1,0,0,4,4,0,4,4:4,0:4,4:4:0:4
170,arc-gen,8,4,4,0,1,3,1,5,9,1,7,1,1,0,4,4,4,4,4:4,4:4,4:4:4:4
170,arc-gen,8,5,4,0,1,3,2,5,9,1,6,1,0,0,4,4,4,4,4:4,4:4,4:4:4:4
170,arc-gen,8,6,4,6,0,3,3,5,9,1,5,1,1,0,4,4,4,6,4:4,4:6,4:4:4:6
170,arc-gen,9,3,4,0,1,4,0,5,9,0,8,0,0,0,4,0,0,4,4:0,0:4,4:0:0:4
170,arc-gen,9,4,4,0,1,4,1,5,9,0,7,0,1,0,4,0,4,4,4:0,4:4,4:0:4:4
170,arc-gen,9,5,4,0,1,4,2,5,9,0,6,0,0,0,4,0,4,4,4:0,4:4,4:0:4:4
170,arc-gen,9,6,4,0,1,4,3,5,9,0,5,0,1,0,4,0,4,0,4:0,4:0,4:0:4:0
171,arc-gen,6,2,5,7,0,2,0,6,8,3,7,0,0,1,0,5,0,5,0:5,0:5,0:5:0:5
171,arc-gen,6,3,5,7,0,2,1,6,8,3,6,0,1,1,7,5,5,5,7:5,5:5,7:5:5:5
171,arc-gen,6,4,5,7,0,2,2,6,8,3,5,0,0,1,7,5,5,5,7:5,5:5,7:5:5:5
171,arc-gen,6,5,5,0,1,2,3,6,8,3,4,0,1,1,7,5,5,0,7:5,5:0,7:5:5:0
171,arc-gen,7,2,5,0,1,3,0,6,8,2,7,1,0,1,5,5,0,5,5:5,0:5,5:5:0:5
171,arc-gen,7,3,5,0,1,3,1,6,8,2,6,1,1,1,5,5,5,5,5:5,5:5,5:5:5:5
171,arc-gen,7,4,5,0,1,3,2,6,8,2,5,1,0,1,5,5,5,5,5:5,5:5,5:5:5:5
171,arc-gen,7,5,5,0,1,3,3,6,8,2,4,1,1,1,5,5,5,0,5:5,5:0,5:5:5:0
171,arc-gen,8,2,5,0,1,4,0,6,8,1,7,0,0,1,5,5,0,5,5:5,0:5,5:5:0:5
171,arc-gen,8,3,5,0,1,4,1,6,8,1,6,0,1,1,5,5,5,5,5:5,5:5,5:5:5:5
171,arc-gen,8,4,5,0,1,4,2,6,8,1,5,0,0,1,5,5,5,5,5:5,5:5,5:5:5:5
171,arc-gen,8,5,5,0,1,4,3,6,8,1,4,0,1,1,5,5,5,0,5:5,5:0,5:5:5:0
171,arc-gen,9,2,5,0,1,5,0,6,8,0,7,1,0,1,5,0,0,5,5:0,0:5,5:0:0:5
171,arc-gen,9,3,5,0,1,5,1,6,8,0,6,1,1,1,5,0,5,5,5:0,5:5,5:0:5:5
171,arc-gen,9,4,5,0,1,5,2,6,8,0,5,1,0,1,5,0,5,5,5:0,5:5,5:0:5:5
171,arc-gen,9,5,5,0,1,5,3,6,8,0,4,1,1,1,5,0,5,0,5:0,5:0,5:0:5:0
172,arc-gen,7,12,8,0,1,2,5,5,9,2,3,0,1,1,4,8,0,8,4:8,0:8,4:8:0:8
172,arc-gen,7,13,8,0,1,2,6,5,9,2,2,0,0,1,4,8,8,8,4:8,8:8,4:8:8:8
172,arc-gen,7,14,8,0,1,2,7,5,9,2,1,0,1,1,0,8,8,8,0:8,8:8,0:8:8:8
172,arc-gen,7,15,8,0,1,2,8,5,9,2,0,0,0,1,0,8,8,-1,0:8,8:-1,0:8:8:-1
172,arc-gen,8,12,8,0,1,3,5,5,9,1,3,1,1,1,8,8,0,8,8:8,0:8,8:8:0:8
172,arc-gen,8,13,8,0,1,3,6,5,9,1,2,1,0,1,8,8,8,8,8:8,8:8,8:8:8:8
172,arc-gen,8,14,8,0,1,3,7,5,9,1,1,1,1,1,8,8,8,8,8:8,8:8,8:8:8:8
172,arc-gen,8,15,8,0,1,3,8,5,9,1,0,1,0,1,8,8,8,-1,8:8,8:-1,8:8:8:-1
172,arc-gen,9,12,8,0,1,4,5,5,9,0,3,0,1,1,8,0,0,8,8:0,0:8,8:0:0:8
172,arc-gen,9,13,8,0,1,4,6,5,9,0,2,0,0,1,8,0,8,8,8:0,8:8,8:0:8:8
172,arc-gen,9,14,8,0,1,4,7,5,9,0,1,0,1,1,8,0,8,8,8:0,8:8,8:0:8:8
172,arc-gen,9,15,8,0,1,4,8,5,9,0,0,0,0,1,8,0,8,-1,8:0,8:-1,8:0:8:-1
173,arc-gen,5,0,2,0,1,2,0,7,9,4,8,0,0,1,0,2,-1,2,0:2,-1:2,0:2:-1:2
173,arc-gen,5,1,2,0,1,2,1,7,9,4,7,0,1,1,0,2,2,2,0:2,2:2,0:2:2:2
173,arc-gen,5,2,2,0,1,2,2,7,9,4,6,0,0,1,0,2,2,2,0:2,2:2,0:2:2:2
173,arc-gen,5,3,2,6,0,2,3,7,9,4,5,0,1,1,6,2,2,6,6:2,2:6,6:2:2:6
173,arc-gen,6,0,2,0,1,3,0,7,9,3,8,1,0,1,2,2,-1,2,2:2,-1:2,2:2:-1:2
173,arc-gen,6,1,2,0,1,3,1,7,9,3,7,1,1,1,2,2,2,2,2:2,2:2,2:2:2:2
173,arc-gen,6,2,2,6,0,3,2,7,9,3,6,1,0,1,2,2,2,2,2:2,2:2,2:2:2:2
173,arc-gen,6,3,2,6,0,3,3,7,9,3,5,1,1,1,2,2,2,6,2:2,2:6,2:2:2:6
173,arc-gen,7,0,2,0,1,4,0,7,9,2,8,0,0,1,2,2,-1,2,2:2,-1:2,2:2:-1:2
173,arc-gen,7,1,2,0,1,4,1,7,9,2,7,0,1,1,2,2,2,2,2:2,2:2,2:2:2:2
173,arc-gen,7,2,2,6,0,4,2,7,9,2,6,0,0,1,2,2,2,2,2:2,2:2,2:2:2:2
173,arc-gen,7,3,2,6,0,4,3,7,9,2,5,0,1,1,2,2,2,6,2:2,2:6,2:2:2:6
173,arc-gen,8,0,2,0,1,5,0,7,9,1,8,1,0,1,2,2,-1,2,2:2,-1:2,2:2:-1:2
173,arc-gen,8,1,2,0,1,5,1,7,9,1,7,1,1,1,2,2,2,2,2:2,2:2,2:2:2:2
173,arc-gen,8,2,2,6,0,5,2,7,9,1,6,1,0,1,2,2,2,2,2:2,2:2,2:2:2:2
173,arc-gen,8,3,2,6,0,5,3,7,9,1,5,1,1,1,2,2,2,6,2:2,2:6,2:2:2:6
173,arc-gen,9,0,2,0,1,6,0,7,9,0,8,0,0,1,2,0,-1,2,2:0,-1:2,2:0:-1:2
173,arc-gen,9,1,2,0,1,6,1,7,9,0,7,0,1,1,2,0,2,2,2:0,2:2,2:0:2:2
173,arc-gen,9,2,2,6,0,6,2,7,9,0,6,0,0,1,2,0,2,2,2:0,2:2,2:0:2:2
173,arc-gen,9,3,2,6,0,6,3,7,9,0,5,0,1,1,2,0,2,0,2:0,2:0,2:0:2:0
174,arc-gen,6,8,9,5,0,1,4,8,8,6,3,1,0,1,5,9,5,9,5:9,5:9,5:9:5:9
174,arc-gen,6,9,9,5,0,1,5,8,8,6,2,1,1,1,5,9,9,9,5:9,9:9,5:9:9:9
174,arc-gen,6,10,9,5,0,1,6,8,8,6,1,1,0,1,5,9,9,9,5:9,9:9,5:9:9:9
174,arc-gen,6,11,9,0,1,1,7,8,8,6,0,1,1,1,0,9,9,0,0:9,9:0,0:9:9:0
174,arc-gen,7,8,9,5,0,2,4,8,8,5,3,0,0,1,9,9,5,9,9:9,5:9,9:9:5:9
174,arc-gen,7,9,9,5,0,2,5,8,8,5,2,0,1,1,9,9,9,9,9:9,9:9,9:9:9:9
174,arc-gen,7,10,9,5,0,2,6,8,8,5,1,0,0,1,9,9,9,9,9:9,9:9,9:9:9:9
174,arc-gen,7,11,9,0,1,2,7,8,8,5,0,0,1,1,9,9,9,0,9:9,9:0,9:9:9:0
174,arc-gen,8,8,9,0,1,3,4,8,8,4,3,1,0,1,9,0,0,9,9:0,0:9,9:0:0:9
174,arc-gen,8,9,9,5,0,3,5,8,8,4,2,1,1,1,9,5,9,9,9:5,9:9,9:5:9:9
174,arc-gen,8,10,9,0,1,3,6,8,8,4,1,1,0,1,9,0,9,9,9:0,9:9,9:0:9:9
174,arc-gen,8,11,9,0,1,3,7,8,8,4,0,1,1,1,9,0,9,0,9:0,9:0,9:0:9:0
175,arc-gen,4,8,7,3,0,2,4,7,8,4,3,0,0,0,3,7,3,7,3:7,3:7,3:7:3:7
175,arc-gen,4,9,7,0,1,2,5,7,8,4,2,0,1,0,3,7,7,7,3:7,7:7,3:7:7:7
175,arc-gen,4,10,7,0,1,2,6,7,8,4,1,0,0,0,0,7,7,7,0:7,7:7,0:7:7:7
175,arc-gen,4,11,7,0,1,2,7,7,8,4,0,0,1,0,0,7,7,0,0:7,7:0,0:7:7:0
175,arc-gen,5,8,7,3,0,3,4,7,8,3,3,1,0,0,7,7,3,7,7:7,3:7,7:7:3:7
175,arc-gen,5,9,7,0,1,3,5,7,8,3,2,1,1,0,7,7,7,7,7:7,7:7,7:7:7:7
175,arc-gen,5,10,7,0,1,3,6,7,8,3,1,1,0,0,7,7,7,7,7:7,7:7,7:7:7:7
175,arc-gen,5,11,7,0,1,3,7,7,8,3,0,1,1,0,7,7,7,0,7:7,7:0,7:7:7:0
175,arc-gen,6,8,7,3,0,4,4,7,8,2,3,0,0,0,7,7,3,7,7:7,3:7,7:7:3:7
175,arc-gen,6,9,7,3,0,4,5,7,8,2,2,0,1,0,7,7,7,7,7:7,7:7,7:7:7:7
175,arc-gen,6,10,7,3,0,4,6,7,8,2,1,0,0,0,7,7,7,7,7:7,7:7,7:7:7:7
175,arc-gen,6,11,7,3,0,4,7,7,8,2,0,0,1,0,7,7,7,0,7:7,7:0,7:7:7:0
175,arc-gen,7,8,7,0,1,5,4,7,8,1,3,1,0,0,7,7,0,7,7:7,0:7,7:7:0:7
175,arc-gen,7,9,7,0,1,5,5,7,8,1,2,1,1,0,7,7,7,7,7:7,7:7,7:7:7:7
175,arc-gen,7,10,7,3,0,5,6,7,8,1,1,1,0,0,7,7,7,7,7:7,7:7,7:7:7:7
175,arc-gen,7,11,7,0,1,5,7,7,8,1,0,1,1,0,7,7,7,0,7:7,7:0,7:7:7:0
175,arc-gen,8,8,7,0,1,6,4,7,8,0,3,0,0,0,7,0,0,7,7:0,0:7,7:0:0:7
175,arc-gen,8,9,7,0,1,6,5,7,8,0,2,0,1,0,7,0,7,7,7:0,7:7,7:0:7:7
175,arc-gen,8,10,7,0,1,6,6,7,8,0,1,0,0,0,7,0,7,7,7:0,7:7,7:0:7:7
175,arc-gen,8,11,7,0,1,6,7,7,8,0,0,0,1,0,7,0,7,0,7:0,7:0,7:0:7:0
176,arc-gen,4,4,6,0,1,1,0,5,9,3,8,1,0,0,0,6,0,6,0:6,0:6,0:6:0:6
176,arc-gen,4,5,6,0,1,1,1,5,9,3,7,1,1,0,8,6,6,6,8:6,6:6,8:6:6:6
176,arc-gen,4,6,6,0,1,1,2,5,9,3,6,1,0,0,8,6,6,6,8:6,6:6,8:6:6:6
176,arc-gen,4,7,6,0,1,1,3,5,9,3,5,1,1,0,8,6,6,8,8:6,6:8,8:6:6:8
176,arc-gen,5,4,6,0,1,2,0,5,9,2,8,0,0,0,6,6,0,6,6:6,0:6,6:6:0:6
176,arc-gen,5,5,6,0,1,2,1,5,9,2,7,0,1,0,6,6,6,6,6:6,6:6,6:6:6:6
176,arc-gen,5,6,6,0,1,2,2,5,9,2,6,0,0,0,6,6,6,6,6:6,6:6,6:6:6:6
176,arc-gen,5,7,6,8,0,2,3,5,9,2,5,0,1,0,6,6,6,8,6:6,6:8,6:6:6:8
176,arc-gen,6,4,6,0,1,3,0,5,9,1,8,1,0,0,6,6,0,6,6:6,0:6,6:6:0:6
176,arc-gen,6,5,6,0,1,3,1,5,9,1,7,1,1,0,6,6,6,6,6:6,6:6,6:6:6:6
176,arc-gen,6,6,6,0,1,3,2,5,9,1,6,1,0,0,6,6,6,6,6:6,6:6,6:6:6:6
176,arc-gen,6,7,6,8,0,3,3,5,9,1,5,1,1,0,6,6,6,0,6:6,6:0,6:6:6:0
176,arc-gen,7,4,6,0,1,4,0,5,9,0,8,0,0,0,6,0,0,6,6:0,0:6,6:0:0:6
176,arc-gen,7,5,6,0,1,4,1,5,9,0,7,0,1,0,6,0,6,6,6:0,6:6,6:0:6:6
176,arc-gen,7,6,6,0,1,4,2,5,9,0,6,0,0,0,6,0,6,6,6:0,6:6,6:0:6:6
176,arc-gen,7,7,6,0,1,4,3,5,9,0,5,0,1,0,6,0,6,0,6:0,6:0,6:0:6:0
177,arc-gen,5,9,8,3,0,2,5,7,9,4,3,0,1,1,3,8,3,8,3:8,3:8,3:8:3:8
177,arc-gen,5,10,8,0,1,2,6,7,9,4,2,0,0,1,3,8,8,8,3:8,8:8,3:8:8:8
177,arc-gen,5,11,8,3,0,2,7,7,9,4,1,0,1,1,3,8,8,8,3:8,8:8,3:8:8:8
177,arc-gen,5,12,8,0,1,2,8,7,9,4,0,0,0,1,0,8,8,0,0:8,8:0,0:8:8:0
177,arc-gen,6,9,8,3,0,3,5,7,9,3,3,1,1,1,8,8,3,8,8:8,3:8,8:8:3:8
177,arc-gen,6,10,8,3,0,3,6,7,9,3,2,1,0,1,8,8,8,8,8:8,8:8,8:8:8:8
177,arc-gen,6,11,8,3,0,3,7,7,9,3,1,1,1,1,8,8,8,8,8:8,8:8,8:8:8:8
177,arc-gen,6,12,8,0,1,3,8,7,9,3,0,1,0,1,8,8,8,0,8:8,8:0,8:8:8:0
177,arc-gen,7,9,8,3,0,4,5,7,9,2,3,0,1,1,8,8,3,8,8:8,3:8,8:8:3:8
177,arc-gen,7,10,8,3,0,4,6,7,9,2,2,0,0,1,8,8,8,8,8:8,8:8,8:8:8:8
177,arc-gen,7,11,8,3,0,4,7,7,9,2,1,0,1,1,8,8,8,8,8:8,8:8,8:8:8:8
177,arc-gen,7,12,8,0,1,4,8,7,9,2,0,0,0,1,8,8,8,0,8:8,8:0,8:8:8:0
177,arc-gen,8,9,8,3,0,5,5,7,9,1,3,1,1,1,8,0,3,8,8:0,3:8,8:0:3:8
177,arc-gen,8,10,8,3,0,5,6,7,9,1,2,1,0,1,8,0,8,8,8:0,8:8,8:0:8:8
177,arc-gen,8,11,8,3,0,5,7,7,9,1,1,1,1,1,8,0,8,8,8:0,8:8,8:0:8:8
177,arc-gen,8,12,8,0,1,5,8,7,9,1,0,1,0,1,8,0,8,0,8:0,8:0,8:0:8:0
178,arc-gen,5,9,3,4,0,2,3,5,7,2,3,0,1,1,4,3,0,3,4:3,0:3,4:3:0:3
178,arc-gen,5,10,3,4,0,2,4,5,7,2,2,0,0,1,4,3,3,3,4:3,3:3,4:3:3:3
178,arc-gen,5,11,3,0,1,2,5,5,7,2,1,0,1,1,0,3,3,3,0:3,3:3,0:3:3:3
178,arc-gen,5,12,3,0,1,2,6,5,7,2,0,0,0,1,0,3,3,0,0:3,3:0,0:3:3:0
178,arc-gen,6,9,3,0,1,3,3,5,7,1,3,1,1,1,3,3,0,3,3:3,0:3,3:3:0:3
178,arc-gen,6,10,3,4,0,3,4,5,7,1,2,1,0,1,3,3,3,3,3:3,3:3,3:3:3:3
178,arc-gen,6,11,3,0,1,3,5,5,7,1,1,1,1,1,3,3,3,3,3:3,3:3,3:3:3:3
178,arc-gen,6,12,3,0,1,3,6,5,7,1,0,1,0,1,3,3,3,0,3:3,3:0,3:3:3:0
178,arc-gen,7,9,3,0,1,4,3,5,7,0,3,0,1,1,3,0,0,3,3:0,0:3,3:0:0:3
178,arc-gen,7,10,3,0,1,4,4,5,7,0,2,0,0,1,3,0,3,3,3:0,3:3,3:0:3:3
178,arc-gen,7,11,3,0,1,4,5,5,7,0,1,0,1,1,3,0,3,3,3:0,3:3,3:0:3:3
178,arc-gen,7,12,3,0,1,4,6,5,7,0,0,0,0,1,3,0,3,0,3:0,3:0,3:0:3:0
179,arc-gen,6,8,6,0,1,2,4,7,8,4,3,0,0,0,5,6,5,6,5:6,5:6,5:6:5:6
179,arc-gen,6,9,6,5,0,2,5,7,8,4,2,0,1,0,5,6,6,6,5:6,6:6,5:6:6:6
179,arc-gen,6,10,6,0,1,2,6,7,8,4,1,0,0,0,0,6,6,6,0:6,6:6,0:6:6:6
179,arc-gen,6,11,6,0,1,2,7,7,8,4,0,0,1,0,0,6,6,0,0:6,6:0,0:6:6:0
179,arc-gen,7,8,6,0,1,3,4,7,8,3,3,1,0,0,6,6,5,6,6:6,5:6,6:6:5:6
179,arc-gen,7,9,6,5,0,3,5,7,8,3,2,1,1,0,6,6,6,6,6:6,6:6,6:6:6:6
179,arc-gen,7,10,6,0,1,3,6,7,8,3,1,1,0,0,6,6,6,6,6:6,6:6,6:6:6:6
179,arc-gen,7,11,6,0,1,3,7,7,8,3,0,1,1,0,6,6,6,0,6:6,6:0,6:6:6:0
179,arc-gen,8,8,6,0,1,4,4,7,8,2,3,0,0,0,6,6,0,6,6:6,0:6,6:6:0:6
179,arc-gen,8,9,6,0,1,4,5,7,8,2,2,0,1,0,6,6,6,6,6:6,6:6,6:6:6:6
179,arc-gen,8,10,6,0,1,4,6,7,8,2,1,0,0,0,6,6,6,6,6:6,6:6,6:6:6:6
179,arc-gen,8,11,6,0,1,4,7,7,8,2,0,0,1,0,6,6,6,0,6:6,6:0,6:6:6:0
179,arc-gen,9,8,6,0,1,5,4,7,8,1,3,1,0,0,6,6,0,6,6:6,0:6,6:6:0:6
179,arc-gen,9,9,6,0,1,5,5,7,8,1,2,1,1,0,6,6,6,6,6:6,6:6,6:6:6:6
179,arc-gen,9,10,6,0,1,5,6,7,8,1,1,1,0,0,6,6,6,6,6:6,6:6,6:6:6:6
179,arc-gen,9,11,6,0,1,5,7,7,8,1,0,1,1,0,6,6,6,0,6:6,6:0,6:6:6:0
179,arc-gen,10,8,6,0,1,6,4,7,8,0,3,0,0,0,6,0,0,6,6:0,0:6,6:0:0:6
179,arc-gen,10,9,6,0,1,6,5,7,8,0,2,0,1,0,6,0,6,6,6:0,6:6,6:0:6:6
179,arc-gen,10,10,6,0,1,6,6,7,8,0,1,0,0,0,6,0,6,6,6:0,6:6,6:0:6:6
179,arc-gen,10,11,6,0,1,6,7,7,8,0,0,0,1,0,6,0,6,0,6:0,6:0,6:0:6:0
180,arc-gen,4,10,4,1,0,2,5,8,9,5,3,0,1,1,1,4,1,4,1:4,1:4,1:4:1:4
180,arc-gen,4,11,4,1,0,2,6,8,9,5,2,0,0,1,1,4,4,4,1:4,4:4,1:4:4:4
180,arc-gen,4,12,4,0,1,2,7,8,9,5,1,0,1,1,1,4,4,4,1:4,4:4,1:4:4:4
180,arc-gen,4,13,4,0,1,2,8,8,9,5,0,0,0,1,0,4,4,0,0:4,4:0,0:4:4:0
180,arc-gen,5,10,4,1,0,3,5,8,9,4,3,1,1,1,4,4,1,4,4:4,1:4,4:4:1:4
180,arc-gen,5,11,4,1,0,3,6,8,9,4,2,1,0,1,4,4,4,4,4:4,4:4,4:4:4:4
180,arc-gen,5,12,4,1,0,3,7,8,9,4,1,1,1,1,4,4,4,4,4:4,4:4,4:4:4:4
180,arc-gen,5,13,4,0,1,3,8,8,9,4,0,1,0,1,4,4,4,0,4:4,4:0,4:4:4:0
180,arc-gen,6,10,4,1,0,4,5,8,9,3,3,0,1,1,4,1,1,4,4:1,1:4,4:1:1:4
180,arc-gen,6,11,4,1,0,4,6,8,9,3,2,0,0,1,4,0,4,4,4:0,4:4,4:0:4:4
180,arc-gen,6,12,4,0,1,4,7,8,9,3,1,0,1,1,4,0,4,4,4:0,4:4,4:0:4:4
180,arc-gen,6,13,4,0,1,4,8,8,9,3,0,0,0,1,4,0,4,0,4:0,4:0,4:0:4:0
181,arc-gen,6,6,2,0,1,1,0,6,7,4,6,1,0,0,0,2,0,2,0:2,0:2,0:2:0:2
181,arc-gen,6,7,2,8,0,1,1,6,7,4,5,1,1,0,8,2,2,2,8:2,2:2,8:2:2:2
181,arc-gen,6,8,2,8,0,1,2,6,7,4,4,1,0,0,8,2,2,2,8:2,2:2,8:2:2:2
181,arc-gen,6,9,2,8,0,1,3,6,7,4,3,1,1,0,8,2,2,8,8:2,2:8,8:2:2:8
181,arc-gen,7,6,2,0,1,2,0,6,7,3,6,0,0,0,2,2,0,2,2:2,0:2,2:2:0:2
181,arc-gen,7,7,2,0,1,2,1,6,7,3,5,0,1,0,2,2,2,2,2:2,2:2,2:2:2:2
181,arc-gen,7,8,2,8,0,2,2,6,7,3,4,0,0,0,2,2,2,2,2:2,2:2,2:2:2:2
181,arc-gen,7,9,2,8,0,2,3,6,7,3,3,0,1,0,2,2,2,8,2:2,2:8,2:2:2:8
181,arc-gen,8,6,2,0,1,3,0,6,7,2,6,1,0,0,2,2,0,2,2:2,0:2,2:2:0:2
181,arc-gen,8,7,2,0,1,3,1,6,7,2,5,1,1,0,2,2,2,2,2:2,2:2,2:2:2:2
181,arc-gen,8,8,2,8,0,3,2,6,7,2,4,1,0,0,2,2,2,2,2:2,2:2,2:2:2:2
181,arc-gen,8,9,2,8,0,3,3,6,7,2,3,1,1,0,2,2,2,8,2:2,2:8,2:2:2:8
181,arc-gen,9,6,2,0,1,4,0,6,7,1,6,0,0,0,2,2,0,2,2:2,0:2,2:2:0:2
181,arc-gen,9,7,2,0,1,4,1,6,7,1,5,0,1,0,2,2,2,2,2:2,2:2,2:2:2:2
181,arc-gen,9,8,2,0,1,4,2,6,7,1,4,0,0,0,2,2,2,2,2:2,2:2,2:2:2:2
181,arc-gen,9,9,2,8,0,4,3,6,7,1,3,0,1,0,2,2,2,8,2:2,2:8,2:2:2:8
181,arc-gen,10,6,2,0,1,5,0,6,7,0,6,1,0,0,2,0,0,2,2:0,0:2,2:0:0:2
181,arc-gen,10,7,2,0,1,5,1,6,7,0,5,1,1,0,2,0,2,2,2:0,2:2,2:0:2:2
181,arc-gen,10,8,2,0,1,5,2,6,7,0,4,1,0,0,2,0,2,2,2:0,2:2,2:0:2:2
181,arc-gen,10,9,2,0,1,5,3,6,7,0,3,1,1,0,2,0,2,0,2:0,2:0,2:0:2:0
182,arc-gen,4,8,3,7,0,1,4,5,8,3,3,1,0,0,7,3,7,3,7:3,7:3,7:3:7:3
182,arc-gen,4,9,3,7,0,1,5,5,8,3,2,1,1,0,7,3,3,3,7:3,3:3,7:3:3:3
182,arc-gen,4,10,3,7,0,1,6,5,8,3,1,1,0,0,7,3,3,3,7:3,3:3,7:3:3:3
182,arc-gen,4,11,3,7,0,1,7,5,8,3,0,1,1,0,0,3,3,0,0:3,3:0,0:3:3:0
182,arc-gen,5,8,3,0,1,2,4,5,8,2,3,0,0,0,3,3,0,3,3:3,0:3,3:3:0:3
182,arc-gen,5,9,3,7,0,2,5,5,8,2,2,0,1,0,3,3,3,3,3:3,3:3,3:3:3:3
182,arc-gen,5,10,3,7,0,2,6,5,8,2,1,0,0,0,3,3,3,3,3:3,3:3,3:3:3:3
182,arc-gen,5,11,3,0,1,2,7,5,8,2,0,0,1,0,3,3,3,0,3:3,3:0,3:3:3:0
182,arc-gen,6,8,3,0,1,3,4,5,8,1,3,1,0,0,3,3,0,3,3:3,0:3,3:3:0:3
182,arc-gen,6,9,3,0,1,3,5,5,8,1,2,1,1,0,3,3,3,3,3:3,3:3,3:3:3:3
182,arc-gen,6,10,3,7,0,3,6,5,8,1,1,1,0,0,3,3,3,3,3:3,3:3,3:3:3:3
182,arc-gen,6,11,3,0,1,3,7,5,8,1,0,1,1,0,3,3,3,0,3:3,3:0,3:3:3:0
182,arc-gen,7,8,3,0,1,4,4,5,8,0,3,0,0,0,3,0,0,3,3:0,0:3,3:0:0:3
182,arc-gen,7,9,3,0,1,4,5,5,8,0,2,0,1,0,3,0,3,3,3:0,3:3,3:0:3:3
182,arc-gen,7,10,3,0,1,4,6,5,8,0,1,0,0,0,3,0,3,3,3:0,3:3,3:0:3:3
182,arc-gen,7,11,3,0,1,4,7,5,8,0,0,0,1,0,3,0,3,0,3:0,3:0,3:0:3:0
183,arc-gen,7,3,8,0,1,2,0,6,8,3,7,0,0,1,0,8,0,8,0:8,0:8,0:8:0:8
183,arc-gen,7,4,8,0,1,2,1,6,8,3,6,0,1,1,0,8,8,8,0:8,8:8,0:8:8:8
183,arc-gen,7,5,8,0,1,2,2,6,8,3,5,0,0,1,0,8,8,8,0:8,8:8,0:8:8:8
183,arc-gen,7,6,8,0,1,2,3,6,8,3,4,0,1,1,4,8,8,4,4:8,8:4,4:8:8:4
183,arc-gen,8,3,8,0,1,3,0,6,8,2,7,1,0,1,8,8,0,8,8:8,0:8,8:8:0:8
183,arc-gen,8,4,8,0,1,3,1,6,8,2,6,1,1,1,8,8,8,8,8:8,8:8,8:8:8:8
183,arc-gen,8,5,8,0,1,3,2,6,8,2,5,1,0,1,8,8,8,8,8:8,8:8,8:8:8:8
183,arc-gen,8,6,8,4,0,3,3,6,8,2,4,1,1,1,8,8,8,4,8:8,8:4,8:8:8:4
183,arc-gen,9,3,8,0,1,4,0,6,8,1,7,0,0,1,8,0,0,8,8:0,0:8,8:0:0:8
183,arc-gen,9,4,8,0,1,4,1,6,8,1,6,0,1,1,8,0,8,8,8:0,8:8,8:0:8:8
183,arc-gen,9,5,8,0,1,4,2,6,8,1,5,0,0,1,8,0,8,8,8:0,8:8,8:0:8:8
183,arc-gen,9,6,8,0,1,4,3,6,8,1,4,0,1,1,8,0,8,4,8:0,8:4,8:0:8:4
184,arc-gen,6,8,2,6,0,1,5,7,9,5,3,1,1,1,6,2,6,2,6:2,6:2,6:2:6:2
184,arc-gen,6,9,2,6,0,1,6,7,9,5,2,1,0,1,6,2,2,2,6:2,2:2,6:2:2:2
184,arc-gen,6,10,2,0,1,1,7,7,9,5,1,1,1,1,0,2,2,2,0:2,2:2,0:2:2:2
184,arc-gen,6,11,2,0,1,1,8,7,9,5,0,1,0,1,0,2,2,0,0:2,2:0,0:2:2:0
184,arc-gen,7,8,2,6,0,2,5,7,9,4,3,0,1,1,2,2,6,2,2:2,6:2,2:2:6:2
184,arc-gen,7,9,2,6,0,2,6,7,9,4,2,0,0,1,2,2,2,2,2:2,2:2,2:2:2:2
184,arc-gen,7,10,2,0,1,2,7,7,9,4,1,0,1,1,2,2,2,2,2:2,2:2,2:2:2:2
184,arc-gen,7,11,2,0,1,2,8,7,9,4,0,0,0,1,2,2,2,0,2:2,2:0,2:2:2:0
184,arc-gen,8,8,2,6,0,3,5,7,9,3,3,1,1,1,2,2,6,2,2:2,6:2,2:2:6:2
184,arc-gen,8,9,2,6,0,3,6,7,9,3,2,1,0,1,2,2,2,2,2:2,2:2,2:2:2:2
184,arc-gen,8,10,2,0,1,3,7,7,9,3,1,1,1,1,2,2,2,2,2:2,2:2,2:2:2:2
184,arc-gen,8,11,2,0,1,3,8,7,9,3,0,1,0,1,2,2,2,0,2:2,2:0,2:2:2:0
184,arc-gen,9,8,2,6,0,4,5,7,9,2,3,0,1,1,2,6,6,2,2:6,6:2,2:6:6:2
184,arc-gen,9,9,2,0,1,4,6,7,9,2,2,0,0,1,2,6,2,2,2:6,2:2,2:6:2:2
184,arc-gen,9,10,2,0,1,4,7,7,9,2,1,0,1,1,2,0,2,2,2:0,2:2,2:0:2:2
184,arc-gen,9,11,2,0,1,4,8,7,9,2,0,0,0,1,2,0,2,0,2:0,2:0,2:0:2:0
185,arc-gen,5,10,4,2,0,2,5,7,9,4,3,0,1,1,2,4,2,4,2:4,2:4,2:4:2:4
185,arc-gen,5,11,4,2,0,2,6,7,9,4,2,0,0,1,2,4,4,4,2:4,4:4,2:4:4:4
185,arc-gen,5,12,4,0,1,2,7,7,9,4,1,0,1,1,2,4,4,4,2:4,4:4,2:4:4:4
185,arc-gen,5,13,4,0,1,2,8,7,9,4,0,0,0,1,0,4,4,0,0:4,4:0,0:4:4:0
185,arc-gen,6,10,4,2,0,3,5,7,9,3,3,1,1,1,4,4,2,4,4:4,2:4,4:4:2:4
185,arc-gen,6,11,4,2,0,3,6,7,9,3,2,1,0,1,4,4,4,4,4:4,4:4,4:4:4:4
185,arc-gen,6,12,4,2,0,3,7,7,9,3,1,1,1,1,4,4,4,4,4:4,4:4,4:4:4:4
185,arc-gen,6,13,4,0,1,3,8,7,9,3,0,1,0,1,4,4,4,0,4:4,4:0,4:4:4:0
185,arc-gen,7,10,4,2,0,4,5,7,9,2,3,0,1,1,4,4,2,4,4:4,2:4,4:4:2:4
185,arc-gen,7,11,4,2,0,4,6,7,9,2,2,0,0,1,4,4,4,4,4:4,4:4,4:4:4:4
185,arc-gen,7,12,4,2,0,4,7,7,9,2,1,0,1,1,4,4,4,4,4:4,4:4,4:4:4:4
185,arc-gen,7,13,4,0,1,4,8,7,9,2,0,0,0,1,4,4,4,0,4:4,4:0,4:4:4:0
185,arc-gen,8,10,4,0,1,5,5,7,9,1,3,1,1,1,4,4,2,4,4:4,2:4,4:4:2:4
185,arc-gen,8,11,4,2,0,5,6,7,9,1,2,1,0,1,4,4,4,4,4:4,4:4,4:4:4:4
185,arc-gen,8,12,4,2,0,5,7,7,9,1,1,1,1,1,4,4,4,4,4:4,4:4,4:4:4:4
185,arc-gen,8,13,4,0,1,5,8,7,9,1,0,1,0,1,4,4,4,0,4:4,4:0,4:4:4:0
185,arc-gen,9,10,4,0,1,6,5,7,9,0,3,0,1,1,4,0,2,4,4:0,2:4,4:0:2:4
185,arc-gen,9,11,4,0,1,6,6,7,9,0,2,0,0,1,4,0,4,4,4:0,4:4,4:0:4:4
185,arc-gen,9,12,4,2,0,6,7,7,9,0,1,0,1,1,4,0,4,4,4:0,4:4,4:0:4:4
185,arc-gen,9,13,4,0,1,6,8,7,9,0,0,0,0,1,4,0,4,0,4:0,4:0,4:0:4:0
186,arc-gen,4,9,4,0,1,2,5,7,9,4,3,0,1,1,5,4,5,4,5:4,5:4,5:4:5:4
186,arc-gen,4,10,4,5,0,2,6,7,9,4,2,0,0,1,5,4,4,4,5:4,4:4,5:4:4:4
186,arc-gen,4,11,4,5,0,2,7,7,9,4,1,0,1,1,5,4,4,4,5:4,4:4,5:4:4:4
186,arc-gen,4,12,4,0,1,2,8,7,9,4,0,0,0,1,0,4,4,0,0:4,4:0,0:4:4:0
186,arc-gen,5,9,4,0,1,3,5,7,9,3,3,1,1,1,4,4,5,4,4:4,5:4,4:4:5:4
186,arc-gen,5,10,4,0,1,3,6,7,9,3,2,1,0,1,4,4,4,4,4:4,4:4,4:4:4:4
186,arc-gen,5,11,4,5,0,3,7,7,9,3,1,1,1,1,4,4,4,4,4:4,4:4,4:4:4:4
186,arc-gen,5,12,4,0,1,3,8,7,9,3,0,1,0,1,4,4,4,0,4:4,4:0,4:4:4:0
186,arc-gen,6,9,4,5,0,4,5,7,9,2,3,0,1,1,4,4,5,4,4:4,5:4,4:4:5:4
186,arc-gen,6,10,4,0,1,4,6,7,9,2,2,0,0,1,4,4,4,4,4:4,4:4,4:4:4:4
186,arc-gen,6,11,4,0,1,4,7,7,9,2,1,0,1,1,4,4,4,4,4:4,4:4,4:4:4:4
186,arc-gen,6,12,4,0,1,4,8,7,9,2,0,0,0,1,4,4,4,0,4:4,4:0,4:4:4:0
186,arc-gen,7,9,4,0,1,5,5,7,9,1,3,1,1,1,4,0,5,4,4:0,5:4,4:0:5:4
186,arc-gen,7,10,4,0,1,5,6,7,9,1,2,1,0,1,4,0,4,4,4:0,4:4,4:0:4:4
186,arc-gen,7,11,4,0,1,5,7,7,9,1,1,1,1,1,4,0,4,4,4:0,4:4,4:0:4:4
186,arc-gen,7,12,4,0,1,5,8,7,9,1,0,1,0,1,4,0,4,0,4:0,4:0,4:0:4:0
187,arc-gen,5,12,7,5,0,1,5,6,9,4,3,1,1,1,5,7,5,7,5:7,5:7,5:7:5:7
187,arc-gen,5,13,7,0,1,1,6,6,9,4,2,1,0,1,5,7,7,7,5:7,7:7,5:7:7:7
187,arc-gen,5,14,7,0,1,1,7,6,9,4,1,1,1,1,0,7,7,7,0:7,7:7,0:7:7:7
187,arc-gen,5,15,7,0,1,1,8,6,9,4,0,1,0,1,0,7,7,-1,0:7,7:-1,0:7:7:-1
187,arc-gen,6,12,7,5,0,2,5,6,9,3,3,0,1,1,7,7,5,7,7:7,5:7,7:7:5:7
187,arc-gen,6,13,7,5,0,2,6,6,9,3,2,0,0,1,7,7,7,7,7:7,7:7,7:7:7:7
187,arc-gen,6,14,7,0,1,2,7,6,9,3,1,0,1,1,7,7,7,7,7:7,7:7,7:7:7:7
187,arc-gen,6,15,7,0,1,2,8,6,9,3,0,0,0,1,7,7,7,-1,7:7,7:-1,7:7:7:-1
187,arc-gen,7,12,7,5,0,3,5,6,9,2,3,1,1,1,7,7,5,7,7:7,5:7,7:7:5:7
187,arc-gen,7,13,7,5,0,3,6,6,9,2,2,1,0,1,7,7,7,7,7:7,7:7,7:7:7:7
187,arc-gen,7,14,7,0,1,3,7,6,9,2,1,1,1,1,7,7,7,7,7:7,7:7,7:7:7:7
187,arc-gen,7,15,7,0,1,3,8,6,9,2,0,1,0,1,7,7,7,-1,7:7,7:-1,7:7:7:-1
187,arc-gen,8,12,7,5,0,4,5,6,9,1,3,0,1,1,7,7,0,7,7:7,0:7,7:7:0:7
187,arc-gen,8,13,7,0,1,4,6,6,9,1,2,0,0,1,7,7,7,7,7:7,7:7,7:7:7:7
187,arc-gen,8,14,7,0,1,4,7,6,9,1,1,0,1,1,7,7,7,7,7:7,7:7,7:7:7:7
187,arc-gen,8,15,7,0,1,4,8,6,9,1,0,0,0,1,7,7,7,-1,7:7,7:-1,7:7:7:-1
187,arc-gen,9,12,7,0,1,5,5,6,9,0,3,1,1,1,7,0,0,7,7:0,0:7,7:0:0:7
187,arc-gen,9,13,7,0,1,5,6,6,9,0,2,1,0,1,7,0,7,7,7:0,7:7,7:0:7:7
187,arc-gen,9,14,7,0,1,5,7,6,9,0,1,1,1,1,7,0,7,7,7:0,7:7,7:0:7:7
187,arc-gen,9,15,7,0,1,5,8,6,9,0,0,1,0,1,7,0,7,-1,7:0,7:-1,7:0:7:-1
188,arc-gen,4,10,7,5,0,1,5,6,9,4,3,1,1,1,5,7,5,7,5:7,5:7,5:7:5:7
188,arc-gen,4,11,7,5,0,1,6,6,9,4,2,1,0,1,0,7,7,7,0:7,7:7,0:7:7:7
188,arc-gen,4,12,7,0,1,1,7,6,9,4,1,1,1,1,0,7,7,7,0:7,7:7,0:7:7:7
188,arc-gen,4,13,7,0,1,1,8,6,9,4,0,1,0,1,0,7,7,0,0:7,7:0,0:7:7:0
188,arc-gen,5,10,7,5,0,2,5,6,9,3,3,0,1,1,7,7,0,7,7:7,0:7,7:7:0:7
188,arc-gen,5,11,7,0,1,2,6,6,9,3,2,0,0,1,7,7,7,7,7:7,7:7,7:7:7:7
188,arc-gen,5,12,7,0,1,2,7,6,9,3,1,0,1,1,7,7,7,7,7:7,7:7,7:7:7:7
188,arc-gen,5,13,7,0,1,2,8,6,9,3,0,0,0,1,7,7,7,0,7:7,7:0,7:7:7:0
188,arc-gen,6,10,7,5,0,3,5,6,9,2,3,1,1,1,7,5,5,7,7:5,5:7,7:5:5:7
188,arc-gen,6,11,7,0,1,3,6,6,9,2,2,1,0,1,7,5,7,7,7:5,7:7,7:5:7:7
188,arc-gen,6,12,7,0,1,3,7,6,9,2,1,1,1,1,7,0,7,7,7:0,7:7,7:0:7:7
188,arc-gen,6,13,7,0,1,3,8,6,9,2,0,1,0,1,7,0,7,0,7:0,7:0,7:0:7:0
189,arc-gen,5,3,8,9,0,2,0,7,8,4,7,0,0,1,9,8,0,8,9:8,0:8,9:8:0:8
189,arc-gen,5,4,8,9,0,2,1,7,8,4,6,0,1,1,9,8,8,8,9:8,8:8,9:8:8:8
189,arc-gen,5,5,8,9,0,2,2,7,8,4,5,0,0,1,0,8,8,8,0:8,8:8,0:8:8:8
189,arc-gen,5,6,8,9,0,2,3,7,8,4,4,0,1,1,9,8,8,9,9:8,8:9,9:8:8:9
189,arc-gen,6,3,8,9,0,3,0,7,8,3,7,1,0,1,8,8,0,8,8:8,0:8,8:8:0:8
189,arc-gen,6,4,8,9,0,3,1,7,8,3,6,1,1,1,8,8,8,8,8:8,8:8,8:8:8:8
189,arc-gen,6,5,8,9,0,3,2,7,8,3,5,1,0,1,8,8,8,8,8:8,8:8,8:8:8:8
189,arc-gen,6,6,8,9,0,3,3,7,8,3,4,1,1,1,8,8,8,9,8:8,8:9,8:8:8:9
189,arc-gen,7,3,8,0,1,4,0,7,8,2,7,0,0,1,8,8,0,8,8:8,0:8,8:8:0:8
189,arc-gen,7,4,8,9,0,4,1,7,8,2,6,0,1,1,8,8,8,8,8:8,8:8,8:8:8:8
189,arc-gen,7,5,8,0,1,4,2,7,8,2,5,0,0,1,8,8,8,8,8:8,8:8,8:8:8:8
189,arc-gen,7,6,8,9,0,4,3,7,8,2,4,0,1,1,8,8,8,9,8:8,8:9,8:8:8:9
189,arc-gen,8,3,8,0,1,5,0,7,8,1,7,1,0,1,8,8,0,8,8:8,0:8,8:8:0:8
189,arc-gen,8,4,8,9,0,5,1,7,8,1,6,1,1,1,8,8,8,8,8:8,8:8,8:8:8:8
189,arc-gen,8,5,8,0,1,5,2,7,8,1,5,1,0,1,8,8,8,8,8:8,8:8,8:8:8:8
189,arc-gen,8,6,8,0,1,5,3,7,8,1,4,1,1,1,8,8,8,0,8:8,8:0,8:8:8:0
189,arc-gen,9,3,8,0,1,6,0,7,8,0,7,0,0,1,8,0,0,8,8:0,0:8,8:0:0:8
189,arc-gen,9,4,8,0,1,6,1,7,8,0,6,0,1,1,8,0,8,8,8:0,8:8,8:0:8:8
189,arc-gen,9,5,8,0,1,6,2,7,8,0,5,0,0,1,8,0,8,8,8:0,8:8,8:0:8:8
189,arc-gen,9,6,8,0,1,6,3,7,8,0,4,0,1,1,8,0,8,0,8:0,8:0,8:0:8:0
190,arc-gen,4,3,8,0,1,2,0,6,9,3,8,0,0,1,0,8,0,8,0:8,0:8,0:8:0:8
190,arc-gen,4,4,8,0,1,2,1,6,9,3,7,0,1,1,0,8,8,8,0:8,8:8,0:8:8:8
190,arc-gen,4,5,8,4,0,2,2,6,9,3,6,0,0,1,4,8,8,8,4:8,8:8,4:8:8:8
190,arc-gen,4,6,8,4,0,2,3,6,9,3,5,0,1,1,0,8,8,4,0:8,8:4,0:8:8:4
190,arc-gen,5,3,8,0,1,3,0,6,9,2,8,1,0,1,8,8,0,8,8:8,0:8,8:8:0:8
190,arc-gen,5,4,8,0,1,3,1,6,9,2,7,1,1,1,8,8,8,8,8:8,8:8,8:8:8:8
190,arc-gen,5,5,8,0,1,3,2,6,9,2,6,1,0,1,8,8,8,8,8:8,8:8,8:8:8:8
190,arc-gen,5,6,8,4,0,3,3,6,9,2,5,1,1,1,8,8,8,4,8:8,8:4,8:8:8:4
190,arc-gen,6,3,8,0,1,4,0,6,9,1,8,0,0,1,8,8,0,8,8:8,0:8,8:8:0:8
190,arc-gen,6,4,8,0,1,4,1,6,9,1,7,0,1,1,8,8,8,8,8:8,8:8,8:8:8:8
190,arc-gen,6,5,8,0,1,4,2,6,9,1,6,0,0,1,8,8,8,8,8:8,8:8,8:8:8:8
190,arc-gen,6,6,8,4,0,4,3,6,9,1,5,0,1,1,8,8,8,4,8:8,8:4,8:8:8:4
190,arc-gen,7,3,8,0,1,5,0,6,9,0,8,1,0,1,8,0,0,8,8:0,0:8,8:0:0:8
190,arc-gen,7,4,8,0,1,5,1,6,9,0,7,1,1,1,8,0,8,8,8:0,8:8,8:0:8:8
190,arc-gen,7,5,8,0,1,5,2,6,9,0,6,1,0,1,8,0,8,8,8:0,8:8,8:0:8:8
190,arc-gen,7,6,8,0,1,5,3,6,9,0,5,1,1,1,8,0,8,0,8:0,8:0,8:0:8:0
191,arc-gen,3,2,8,4,0,1,0,6,8,4,7,1,0,0,0,8,0,8,0:8,0:8,0:8:0:8
191,arc-gen,3,3,8,4,0,1,1,6,8,4,6,1,1,0,4,8,8,8,4:8,8:8,4:8:8:8
191,arc-gen,3,4,8,4,0,1,2,6,8,4,5,1,0,0,4,8,8,8,4:8,8:8,4:8:8:8
191,arc-gen,3,5,8,0,1,1,3,6,8,4,4,1,1,0,4,8,8,0,4:8,8:0,4:8:8:0
191,arc-gen,4,2,8,4,0,2,0,6,8,3,7,0,0,0,8,8,0,8,8:8,0:8,8:8:0:8
191,arc-gen,4,3,8,4,0,2,1,6,8,3,6,0,1,0,8,8,8,8,8:8,8:8,8:8:8:8
191,arc-gen,4,4,8,4,0,2,2,6,8,3,5,0,0,0,8,8,8,8,8:8,8:8,8:8:8:8
191,arc-gen,4,5,8,0,1,2,3,6,8,3,4,0,1,0,8,8,8,0,8:8,8:0,8:8:8:0
191,arc-gen,5,2,8,4,0,3,0,6,8,2,7,1,0,0,8,8,0,8,8:8,0:8,8:8:0:8
191,arc-gen,5,3,8,0,1,3,1,6,8,2,6,1,1,0,8,8,8,8,8:8,8:8,8:8:8:8
191,arc-gen,5,4,8,0,1,3,2,6,8,2,5,1,0,0,8,8,8,8,8:8,8:8,8:8:8:8
191,arc-gen,5,5,8,0,1,3,3,6,8,2,4,1,1,0,8,8,8,0,8:8,8:0,8:8:8:0
191,arc-gen,6,2,8,0,1,4,0,6,8,1,7,0,0,0,8,8,0,8,8:8,0:8,8:8:0:8
191,arc-gen,6,3,8,0,1,4,1,6,8,1,6,0,1,0,8,8,8,8,8:8,8:8,8:8:8:8
191,arc-gen,6,4,8,0,1,4,2,6,8,1,5,0,0,0,8,8,8,8,8:8,8:8,8:8:8:8
191,arc-gen,6,5,8,0,1,4,3,6,8,1,4,0,1,0,8,8,8,0,8:8,8:0,8:8:8:0
191,arc-gen,7,2,8,0,1,5,0,6,8,0,7,1,0,0,8,0,0,8,8:0,0:8,8:0:0:8
191,arc-gen,7,3,8,0,1,5,1,6,8,0,6,1,1,0,8,0,8,8,8:0,8:8,8:0:8:8
191,arc-gen,7,4,8,0,1,5,2,6,8,0,5,1,0,0,8,0,8,8,8:0,8:8,8:0:8:8
191,arc-gen,7,5,8,0,1,5,3,6,8,0,4,1,1,0,8,0,8,0,8:0,8:0,8:0:8:0
192,arc-gen,6,1,3,0,1,2,0,7,9,4,8,0,0,0,0,3,0,3,0:3,0:3,0:3:0:3
192,arc-gen,6,2,3,0,1,2,1,7,9,4,7,0,1,0,0,3,3,3,0:3,3:3,0:3:3:3
192,arc-gen,6,3,3,0,1,2,2,7,9,4,6,0,0,0,0,3,3,3,0:3,3:3,0:3:3:3
192,arc-gen,6,4,3,6,0,2,3,7,9,4,5,0,1,0,6,3,3,6,6:3,3:6,6:3:3:6
192,arc-gen,7,1,3,0,1,3,0,7,9,3,8,1,0,0,3,3,0,3,3:3,0:3,3:3:0:3
192,arc-gen,7,2,3,0,1,3,1,7,9,3,7,1,1,0,3,3,3,3,3:3,3:3,3:3:3:3
192,arc-gen,7,3,3,0,1,3,2,7,9,3,6,1,0,0,3,3,3,3,3:3,3:3,3:3:3:3
192,arc-gen,7,4,3,0,1,3,3,7,9,3,5,1,1,0,3,3,3,6,3:3,3:6,3:3:3:6
192,arc-gen,8,1,3,0,1,4,0,7,9,2,8,0,0,0,3,3,0,3,3:3,0:3,3:3:0:3
192,arc-gen,8,2,3,0,1,4,1,7,9,2,7,0,1,0,3,3,3,3,3:3,3:3,3:3:3:3
192,arc-gen,8,3,3,0,1,4,2,7,9,2,6,0,0,0,3,3,3,3,3:3,3:3,3:3:3:3
192,arc-gen,8,4,3,0,1,4,3,7,9,2,5,0,1,0,3,3,3,6,3:3,3:6,3:3:3:6
192,arc-gen,9,1,3,0,1,5,0,7,9,1,8,1,0,0,3,3,0,3,3:3,0:3,3:3:0:3
192,arc-gen,9,2,3,0,1,5,1,7,9,1,7,1,1,0,3,3,3,3,3:3,3:3,3:3:3:3
192,arc-gen,9,3,3,0,1,5,2,7,9,1,6,1,0,0,3,3,3,3,3:3,3:3,3:3:3:3
192,arc-gen,9,4,3,0,1,5,3,7,9,1,5,1,1,0,3,3,3,0,3:3,3:0,3:3:3:0
192,arc-gen,10,1,3,0,1,6,0,7,9,0,8,0,0,0,3,0,0,3,3:0,0:3,3:0:0:3
192,arc-gen,10,2,3,0,1,6,1,7,9,0,7,0,1,0,3,0,3,3,3:0,3:3,3:0:3:3
192,arc-gen,10,3,3,0,1,6,2,7,9,0,6,0,0,0,3,0,3,3,3:0,3:3,3:0:3:3
192,arc-gen,10,4,3,0,1,6,3,7,9,0,5,0,1,0,3,0,3,0,3:0,3:0,3:0:3:0
193,arc-gen,5,10,7,5,0,1,4,8,8,6,3,1,0,1,5,7,5,7,5:7,5:7,5:7:5:7
193,arc-gen,5,11,7,5,0,1,5,8,8,6,2,1,1,1,5,7,7,7,5:7,7:7,5:7:7:7
193,arc-gen,5,12,7,5,0,1,6,8,8,6,1,1,0,1,5,7,7,7,5:7,7:7,5:7:7:7
193,arc-gen,5,13,7,5,0,1,7,8,8,6,0,1,1,1,5,7,7,0,5:7,7:0,5:7:7:0
193,arc-gen,6,10,7,5,0,2,4,8,8,5,3,0,0,1,7,7,5,7,7:7,5:7,7:7:5:7
193,arc-gen,6,11,7,5,0,2,5,8,8,5,2,0,1,1,7,7,7,7,7:7,7:7,7:7:7:7
193,arc-gen,6,12,7,5,0,2,6,8,8,5,1,0,0,1,7,7,7,7,7:7,7:7,7:7:7:7
193,arc-gen,6,13,7,5,0,2,7,8,8,5,0,0,1,1,7,7,7,0,7:7,7:0,7:7:7:0
193,arc-gen,7,10,7,5,0,3,4,8,8,4,3,1,0,1,7,7,5,7,7:7,5:7,7:7:5:7
193,arc-gen,7,11,7,5,0,3,5,8,8,4,2,1,1,1,7,7,7,7,7:7,7:7,7:7:7:7
193,arc-gen,7,12,7,5,0,3,6,8,8,4,1,1,0,1,7,7,7,7,7:7,7:7,7:7:7:7
193,arc-gen,7,13,7,0,1,3,7,8,8,4,0,1,1,1,7,7,7,0,7:7,7:0,7:7:7:0
193,arc-gen,8,10,7,5,0,4,4,8,8,3,3,0,0,1,7,7,5,7,7:7,5:7,7:7:5:7
193,arc-gen,8,11,7,0,1,4,5,8,8,3,2,0,1,1,7,7,7,7,7:7,7:7,7:7:7:7
193,arc-gen,8,12,7,0,1,4,6,8,8,3,1,0,0,1,7,7,7,7,7:7,7:7,7:7:7:7
193,arc-gen,8,13,7,0,1,4,7,8,8,3,0,0,1,1,7,7,7,0,7:7,7:0,7:7:7:0
193,arc-gen,9,10,7,5,0,5,4,8,8,2,3,1,0,1,7,5,5,7,7:5,5:7,7:5:5:7
193,arc-gen,9,11,7,5,0,5,5,8,8,2,2,1,1,1,7,5,7,7,7:5,7:7,7:5:7:7
193,arc-gen,9,12,7,5,0,5,6,8,8,2,1,1,0,1,7,5,7,7,7:5,7:7,7:5:7:7
193,arc-gen,9,13,7,0,1,5,7,8,8,2,0,1,1,1,7,0,7,0,7:0,7:0,7:0:7:0
194,arc-gen,3,10,2,7,0,1,4,7,8,5,3,1,0,1,7,2,7,2,7:2,7:2,7:2:7:2
194,arc-gen,3,11,2,7,0,1,5,7,8,5,2,1,1,1,7,2,2,2,7:2,2:2,7:2:2:2
194,arc-gen,3,12,2,7,0,1,6,7,8,5,1,1,0,1,7,2,2,2,7:2,2:2,7:2:2:2
194,arc-gen,3,13,2,7,0,1,7,7,8,5,0,1,1,1,7,2,2,0,7:2,2:0,7:2:2:0
194,arc-gen,4,10,2,7,0,2,4,7,8,4,3,0,0,1,2,2,7,2,2:2,7:2,2:2:7:2
194,arc-gen,4,11,2,7,0,2,5,7,8,4,2,0,1,1,2,2,2,2,2:2,2:2,2:2:2:2
194,arc-gen,4,12,2,0,1,2,6,7,8,4,1,0,0,1,2,2,2,2,2:2,2:2,2:2:2:2
194,arc-gen,4,13,2,7,0,2,7,7,8,4,0,0,1,1,2,2,2,0,2:2,2:0,2:2:2:0
194,arc-gen,5,10,2,7,0,3,4,7,8,3,3,1,0,1,2,2,7,2,2:2,7:2,2:2:7:2
194,arc-gen,5,11,2,7,0,3,5,7,8,3,2,1,1,1,2,2,2,2,2:2,2:2,2:2:2:2
194,arc-gen,5,12,2,7,0,3,6,7,8,3,1,1,0,1,2,2,2,2,2:2,2:2,2:2:2:2
194,arc-gen,5,13,2,7,0,3,7,7,8,3,0,1,1,1,2,2,2,0,2:2,2:0,2:2:2:0
194,arc-gen,6,10,2,7,0,4,4,7,8,2,3,0,0,1,2,2,7,2,2:2,7:2,2:2:7:2
194,arc-gen,6,11,2,7,0,4,5,7,8,2,2,0,1,1,2,2,2,2,2:2,2:2,2:2:2:2
194,arc-gen,6,12,2,7,0,4,6,7,8,2,1,0,0,1,2,2,2,2,2:2,2:2,2:2:2:2
194,arc-gen,6,13,2,7,0,4,7,7,8,2,0,0,1,1,2,2,2,0,2:2,2:0,2:2:2:0
194,arc-gen,7,10,2,0,1,5,4,7,8,1,3,1,0,1,2,0,0,2,2:0,0:2,2:0:0:2
194,arc-gen,7,11,2,7,0,5,5,7,8,1,2,1,1,1,2,0,2,2,2:0,2:2,2:0:2:2
194,arc-gen,7,12,2,0,1,5,6,7,8,1,1,1,0,1,2,7,2,2,2:7,2:2,2:7:2:2
194,arc-gen,7,13,2,7,0,5,7,7,8,1,0,1,1,1,2,7,2,0,2:7,2:0,2:7:2:0
195,arc-gen,6,11,2,1,0,2,5,5,9,2,3,0,1,1,1,2,1,2,1:2,1:2,1:2:1:2
195,arc-gen,6,12,2,1,0,2,6,5,9,2,2,0,0,1,1,2,2,2,1:2,2:2,1:2:2:2
195,arc-gen,6,13,2,1,0,2,7,5,9,2,1,0,1,1,1,2,2,2,1:2,2:2,1:2:2:2
195,arc-gen,6,14,2,0,1,2,8,5,9,2,0,0,0,1,0,2,2,0,0:2,2:0,0:2:2:0
195,arc-gen,7,11,2,1,0,3,5,5,9,1,3,1,1,1,2,2,0,2,2:2,0:2,2:2:0:2
195,arc-gen,7,12,2,1,0,3,6,5,9,1,2,1,0,1,2,2,2,2,2:2,2:2,2:2:2:2
195,arc-gen,7,13,2,0,1,3,7,5,9,1,1,1,1,1,2,2,2,2,2:2,2:2,2:2:2:2
195,arc-gen,7,14,2,0,1,3,8,5,9,1,0,1,0,1,2,2,2,0,2:2,2:0,2:2:2:0
195,arc-gen,8,11,2,0,1,4,5,5,9,0,3,0,1,1,2,0,0,2,2:0,0:2,2:0:0:2
195,arc-gen,8,12,2,0,1,4,6,5,9,0,2,0,0,1,2,0,2,2,2:0,2:2,2:0:2:2
195,arc-gen,8,13,2,0,1,4,7,5,9,0,1,0,1,1,2,0,2,2,2:0,2:2,2:0:2:2
195,arc-gen,8,14,2,0,1,4,8,5,9,0,0,0,0,1,2,0,2,0,2:0,2:0,2:0:2:0
196,arc-gen,5,8,6,5,0,1,5,6,9,4,3,1,1,1,5,6,5,6,5:6,5:6,5:6:5:6
196,arc-gen,5,9,6,5,0,1,6,6,9,4,2,1,0,1,5,6,6,6,5:6,6:6,5:6:6:6
196,arc-gen,5,10,6,5,0,1,7,6,9,4,1,1,1,1,5,6,6,6,5:6,6:6,5:6:6:6
196,arc-gen,5,11,6,0,1,1,8,6,9,4,0,1,0,1,0,6,6,0,0:6,6:0,0:6:6:0
196,arc-gen,6,8,6,5,0,2,5,6,9,3,3,0,1,1,6,6,5,6,6:6,5:6,6:6:5:6
196,arc-gen,6,9,6,5,0,2,6,6,9,3,2,0,0,1,6,6,6,6,6:6,6:6,6:6:6:6
196,arc-gen,6,10,6,5,0,2,7,6,9,3,1,0,1,1,6,6,6,6,6:6,6:6,6:6:6:6
196,arc-gen,6,11,6,0,1,2,8,6,9,3,0,0,0,1,6,6,6,0,6:6,6:0,6:6:6:0
196,arc-gen,7,8,6,5,0,3,5,6,9,2,3,1,1,1,6,5,5,6,6:5,5:6,6:5:5:6
196,arc-gen,7,9,6,0,1,3,6,6,9,2,2,1,0,1,6,0,6,6,6:0,6:6,6:0:6:6
196,arc-gen,7,10,6,0,1,3,7,6,9,2,1,1,1,1,6,0,6,6,6:0,6:6,6:0:6:6
196,arc-gen,7,11,6,0,1,3,8,6,9,2,0,1,0,1,6,0,6,0,6:0,6:0,6:0:6:0
197,arc-gen,7,5,7,0,1,2,0,7,9,4,8,0,0,1,0,7,0,7,0:7,0:7,0:7:0:7
197,arc-gen,7,6,7,4,0,2,1,7,9,4,7,0,1,1,4,7,7,7,4:7,7:7,4:7:7:7
197,arc-gen,7,7,7,4,0,2,2,7,9,4,6,0,0,1,4,7,7,7,4:7,7:7,4:7:7:7
197,arc-gen,7,8,7,0,1,2,3,7,9,4,5,0,1,1,4,7,7,4,4:7,7:4,4:7:7:4
197,arc-gen,8,5,7,0,1,3,0,7,9,3,8,1,0,1,7,7,0,7,7:7,0:7,7:7:0:7
197,arc-gen,8,6,7,4,0,3,1,7,9,3,7,1,1,1,7,7,7,7,7:7,7:7,7:7:7:7
197,arc-gen,8,7,7,0,1,3,2,7,9,3,6,1,0,1,7,7,7,7,7:7,7:7,7:7:7:7
197,arc-gen,8,8,7,0,1,3,3,7,9,3,5,1,1,1,7,7,7,4,7:7,7:4,7:7:7:4
197,arc-gen,9,5,7,0,1,4,0,7,9,2,8,0,0,1,7,7,0,7,7:7,0:7,7:7:0:7
197,arc-gen,9,6,7,4,0,4,1,7,9,2,7,0,1,1,7,7,7,7,7:7,7:7,7:7:7:7
197,arc-gen,9,7,7,0,1,4,2,7,9,2,6,0,0,1,7,7,7,7,7:7,7:7,7:7:7:7
197,arc-gen,9,8,7,0,1,4,3,7,9,2,5,0,1,1,7,7,7,0,7:7,7:0,7:7:7:0
197,arc-gen,10,5,7,0,1,5,0,7,9,1,8,1,0,1,7,7,0,7,7:7,0:7,7:7:0:7
197,arc-gen,10,6,7,0,1,5,1,7,9,1,7,1,1,1,7,7,7,7,7:7,7:7,7:7:7:7
197,arc-gen,10,7,7,0,1,5,2,7,9,1,6,1,0,1,7,7,7,7,7:7,7:7,7:7:7:7
197,arc-gen,10,8,7,0,1,5,3,7,9,1,5,1,1,1,7,7,7,0,7:7,7:0,7:7:7:0
197,arc-gen,11,5,7,0,1,6,0,7,9,0,8,0,0,1,7,0,0,7,7:0,0:7,7:0:0:7
197,arc-gen,11,6,7,0,1,6,1,7,9,0,7,0,1,1,7,0,7,7,7:0,7:7,7:0:7:7
197,arc-gen,11,7,7,0,1,6,2,7,9,0,6,0,0,1,7,0,7,7,7:0,7:7,7:0:7:7
197,arc-gen,11,8,7,0,1,6,3,7,9,0,5,0,1,1,7,0,7,0,7:0,7:0,7:0:7:0
198,arc-gen,5,2,9,0,1,1,0,5,9,3,8,1,0,1,0,9,0,9,0:9,0:9,0:9:0:9
198,arc-gen,5,3,9,0,1,1,1,5,9,3,7,1,1,1,0,9,9,9,0:9,9:9,0:9:9:9
198,arc-gen,5,4,9,0,1,1,2,5,9,3,6,1,0,1,0,9,9,9,0:9,9:9,0:9:9:9
198,arc-gen,5,5,9,0,1,1,3,5,9,3,5,1,1,1,0,9,9,5,0:9,9:5,0:9:9:5
198,arc-gen,6,2,9,0,1,2,0,5,9,2,8,0,0,1,9,9,0,9,9:9,0:9,9:9:0:9
198,arc-gen,6,3,9,0,1,2,1,5,9,2,7,0,1,1,9,9,9,9,9:9,9:9,9:9:9:9
198,arc-gen,6,4,9,0,1,2,2,5,9,2,6,0,0,1,9,9,9,9,9:9,9:9,9:9:9:9
198,arc-gen,6,5,9,5,0,2,3,5,9,2,5,0,1,1,9,9,9,5,9:9,9:5,9:9:9:5
198,arc-gen,7,2,9,0,1,3,0,5,9,1,8,1,0,1,9,9,0,9,9:9,0:9,9:9:0:9
198,arc-gen,7,3,9,0,1,3,1,5,9,1,7,1,1,1,9,9,9,9,9:9,9:9,9:9:9:9
198,arc-gen,7,4,9,5,0,3,2,5,9,1,6,1,0,1,9,9,9,9,9:9,9:9,9:9:9:9
198,arc-gen,7,5,9,5,0,3,3,5,9,1,5,1,1,1,9,9,9,0,9:9,9:0,9:9:9:0
198,arc-gen,8,2,9,0,1,4,0,5,9,0,8,0,0,1,9,0,0,9,9:0,0:9,9:0:0:9
198,arc-gen,8,3,9,0,1,4,1,5,9,0,7,0,1,1,9,0,9,9,9:0,9:9,9:0:9:9
198,arc-gen,8,4,9,5,0,4,2,5,9,0,6,0,0,1,9,0,9,9,9:0,9:9,9:0:9:9
198,arc-gen,8,5,9,5,0,4,3,5,9,0,5,0,1,1,9,0,9,5,9:0,9:5,9:0:9:5
199,arc-gen,7,8,8,3,0,2,4,6,8,3,3,0,0,1,0,8,3,8,0:8,3:8,0:8:3:8
199,arc-gen,7,9,8,3,0,2,5,6,8,3,2,0,1,1,3,8,8,8,3:8,8:8,3:8:8:8
199,arc-gen,7,10,8,3,0,2,6,6,8,3,1,0,0,1,3,8,8,8,3:8,8:8,3:8:8:8
199,arc-gen,7,11,8,0,1,2,7,6,8,3,0,0,1,1,3,8,8,0,3:8,8:0,3:8:8:0
199,arc-gen,8,8,8,0,1,3,4,6,8,2,3,1,0,1,8,8,0,8,8:8,0:8,8:8:0:8
199,arc-gen,8,9,8,3,0,3,5,6,8,2,2,1,1,1,8,8,8,8,8:8,8:8,8:8:8:8
199,arc-gen,8,10,8,0,1,3,6,6,8,2,1,1,0,1,8,8,8,8,8:8,8:8,8:8:8:8
199,arc-gen,8,11,8,0,1,3,7,6,8,2,0,1,1,1,8,8,8,0,8:8,8:0,8:8:8:0
199,arc-gen,9,8,8,0,1,4,4,6,8,1,3,0,0,1,8,8,0,8,8:8,0:8,8:8:0:8
199,arc-gen,9,9,8,0,1,4,5,6,8,1,2,0,1,1,8,8,8,8,8:8,8:8,8:8:8:8
199,arc-gen,9,10,8,0,1,4,6,6,8,1,1,0,0,1,8,8,8,8,8:8,8:8,8:8:8:8
199,arc-gen,9,11,8,0,1,4,7,6,8,1,0,0,1,1,8,8,8,0,8:8,8:0,8:8:8:0
199,arc-gen,10,8,8,0,1,5,4,6,8,0,3,1,0,1,8,0,0,8,8:0,0:8,8:0:0:8
199,arc-gen,10,9,8,0,1,5,5,6,8,0,2,1,1,1,8,0,8,8,8:0,8:8,8:0:8:8
199,arc-gen,10,10,8,0,1,5,6,6,8,0,1,1,0,1,8,0,8,8,8:0,8:8,8:0:8:8
199,arc-gen,10,11,8,0,1,5,7,6,8,0,0,1,1,1,8,0,8,0,8:0,8:0,8:0:8:0
200,arc-gen,4,5,7,0,1,1,0,6,8,4,7,1,0,1,0,7,0,7,0:7,0:7,0:7:0:7
200,arc-gen,4,6,7,6,0,1,1,6,8,4,6,1,1,1,6,7,7,7,6:7,7:7,6:7:7:7
200,arc-gen,4,7,7,6,0,1,2,6,8,4,5,1,0,1,6,7,7,7,6:7,7:7,6:7:7:7
200,arc-gen,4,8,7,6,0,1,3,6,8,4,4,1,1,1,6,7,7,6,6:7,7:6,6:7:7:6
200,arc-gen,5,5,7,0,1,2,0,6,8,3,7,0,0,1,7,7,0,7,7:7,0:7,7:7:0:7
200,arc-gen,5,6,7,6,0,2,1,6,8,3,6,0,1,1,7,7,7,7,7:7,7:7,7:7:7:7
200,arc-gen,5,7,7,6,0,2,2,6,8,3,5,0,0,1,7,7,7,7,7:7,7:7,7:7:7:7
200,arc-gen,5,8,7,0,1,2,3,6,8,3,4,0,1,1,7,7,7,6,7:7,7:6,7:7:7:6
200,arc-gen,6,5,7,0,1,3,0,6,8,2,7,1,0,1,7,0,0,7,7:0,0:7,7:0:0:7
200,arc-gen,6,6,7,6,0,3,1,6,8,2,6,1,1,1,7,6,7,7,7:6,7:7,7:6:7:7
200,arc-gen,6,7,7,6,0,3,2,6,8,2,5,1,0,1,7,6,7,7,7:6,7:7,7:6:7:7
200,arc-gen,6,8,7,0,1,3,3,6,8,2,4,1,1,1,7,0,7,0,7:0,7:0,7:0:7:0
201,arc-gen,4,11,8,2,0,1,5,5,9,3,3,1,1,1,2,8,2,8,2:8,2:8,2:8:2:8
201,arc-gen,4,12,8,2,0,1,6,5,9,3,2,1,0,1,2,8,8,8,2:8,8:8,2:8:8:8
201,arc-gen,4,13,8,0,1,1,7,5,9,3,1,1,1,1,0,8,8,8,0:8,8:8,0:8:8:8
201,arc-gen,4,14,8,0,1,1,8,5,9,3,0,1,0,1,0,8,8,0,0:8,8:0,0:8:8:0
201,arc-gen,5,11,8,2,0,2,5,5,9,2,3,0,1,1,8,8,2,8,8:8,2:8,8:8:2:8
201,arc-gen,5,12,8,2,0,2,6,5,9,2,2,0,0,1,8,8,8,8,8:8,8:8,8:8:8:8
201,arc-gen,5,13,8,0,1,2,7,5,9,2,1,0,1,1,8,8,8,8,8:8,8:8,8:8:8:8
201,arc-gen,5,14,8,0,1,2,8,5,9,2,0,0,0,1,8,8,8,0,8:8,8:0,8:8:8:0
201,arc-gen,6,11,8,2,0,3,5,5,9,1,3,1,1,1,8,8,2,8,8:8,2:8,8:8:2:8
201,arc-gen,6,12,8,2,0,3,6,5,9,1,2,1,0,1,8,8,8,8,8:8,8:8,8:8:8:8
201,arc-gen,6,13,8,0,1,3,7,5,9,1,1,1,1,1,8,8,8,8,8:8,8:8,8:8:8:8
201,arc-gen,6,14,8,0,1,3,8,5,9,1,0,1,0,1,8,8,8,0,8:8,8:0,8:8:8:0
201,arc-gen,7,11,8,0,1,4,5,5,9,0,3,0,1,1,8,0,0,8,8:0,0:8,8:0:0:8
201,arc-gen,7,12,8,0,1,4,6,5,9,0,2,0,0,1,8,0,8,8,8:0,8:8,8:0:8:8
201,arc-gen,7,13,8,0,1,4,7,5,9,0,1,0,1,1,8,0,8,8,8:0,8:8,8:0:8:8
201,arc-gen,7,14,8,0,1,4,8,5,9,0,0,0,0,1,8,0,8,0,8:0,8:0,8:0:8:0
202,arc-gen,5,2,7,0,1,2,0,8,8,5,7,0,0,1,0,7,0,7,0:7,0:7,0:7:0:7
202,arc-gen,5,3,7,8,0,2,1,8,8,5,6,0,1,1,8,7,7,7,8:7,7:7,8:7:7:7
202,arc-gen,5,4,7,8,0,2,2,8,8,5,5,0,0,1,8,7,7,7,8:7,7:7,8:7:7:7
202,arc-gen,5,5,7,8,0,2,3,8,8,5,4,0,1,1,8,7,7,8,8:7,7:8,8:7:7:8
202,arc-gen,6,2,7,0,1,3,0,8,8,4,7,1,0,1,7,7,0,7,7:7,0:7,7:7:0:7
202,arc-gen,6,3,7,8,0,3,1,8,8,4,6,1,1,1,7,7,7,7,7:7,7:7,7:7:7:7
202,arc-gen,6,4,7,8,0,3,2,8,8,4,5,1,0,1,7,7,7,7,7:7,7:7,7:7:7:7
202,arc-gen,6,5,7,8,0,3,3,8,8,4,4,1,1,1,7,7,7,8,7:7,7:8,7:7:7:8
202,arc-gen,7,2,7,0,1,4,0,8,8,3,7,0,0,1,7,7,0,7,7:7,0:7,7:7:0:7
202,arc-gen,7,3,7,8,0,4,1,8,8,3,6,0,1,1,7,7,7,7,7:7,7:7,7:7:7:7
202,arc-gen,7,4,7,8,0,4,2,8,8,3,5,0,0,1,7,7,7,7,7:7,7:7,7:7:7:7
202,arc-gen,7,5,7,0,1,4,3,8,8,3,4,0,1,1,7,7,7,0,7:7,7:0,7:7:7:0
202,arc-gen,8,2,7,0,1,5,0,8,8,2,7,1,0,1,7,7,0,7,7:7,0:7,7:7:0:7
202,arc-gen,8,3,7,8,0,5,1,8,8,2,6,1,1,1,7,7,7,7,7:7,7:7,7:7:7:7
202,arc-gen,8,4,7,8,0,5,2,8,8,2,5,1,0,1,7,7,7,7,7:7,7:7,7:7:7:7
202,arc-gen,8,5,7,0,1,5,3,8,8,2,4,1,1,1,7,7,7,0,7:7,7:0,7:7:7:0
202,arc-gen,9,2,7,0,1,6,0,8,8,1,7,0,0,1,7,0,0,7,7:0,0:7,7:0:0:7
202,arc-gen,9,3,7,8,0,6,1,8,8,1,6,0,1,1,7,8,7,7,7:8,7:7,7:8:7:7
202,arc-gen,9,4,7,8,0,6,2,8,8,1,5,0,0,1,7,0,7,7,7:0,7:7,7:0:7:7
202,arc-gen,9,5,7,0,1,6,3,8,8,1,4,0,1,1,7,0,7,0,7:0,7:0,7:0:7:0
203,arc-gen,6,9,8,0,1,2,5,7,9,4,3,0,1,0,6,8,0,8,6:8,0:8,6:8:0:8
203,arc-gen,6,10,8,6,0,2,6,7,9,4,2,0,0,0,6,8,8,8,6:8,8:8,6:8:8:8
203,arc-gen,6,11,8,0,1,2,7,7,9,4,1,0,1,0,0,8,8,8,0:8,8:8,0:8:8:8
203,arc-gen,6,12,8,0,1,2,8,7,9,4,0,0,0,0,0,8,8,0,0:8,8:0,0:8:8:0
203,arc-gen,7,9,8,0,1,3,5,7,9,3,3,1,1,0,8,8,0,8,8:8,0:8,8:8:0:8
203,arc-gen,7,10,8,6,0,3,6,7,9,3,2,1,0,0,8,8,8,8,8:8,8:8,8:8:8:8
203,arc-gen,7,11,8,0,1,3,7,7,9,3,1,1,1,0,8,8,8,8,8:8,8:8,8:8:8:8
203,arc-gen,7,12,8,0,1,3,8,7,9,3,0,1,0,0,8,8,8,0,8:8,8:0,8:8:8:0
203,arc-gen,8,9,8,0,1,4,5,7,9,2,3,0,1,0,8,8,0,8,8:8,0:8,8:8:0:8
203,arc-gen,8,10,8,0,1,4,6,7,9,2,2,0,0,0,8,8,8,8,8:8,8:8,8:8:8:8
203,arc-gen,8,11,8,0,1,4,7,7,9,2,1,0,1,0,8,8,8,8,8:8,8:8,8:8:8:8
203,arc-gen,8,12,8,0,1,4,8,7,9,2,0,0,0,0,8,8,8,0,8:8,8:0,8:8:8:0
203,arc-gen,9,9,8,0,1,5,5,7,9,1,3,1,1,0,8,8,6,8,8:8,6:8,8:8:6:8
203,arc-gen,9,10,8,0,1,5,6,7,9,1,2,1,0,0,8,8,8,8,8:8,8:8,8:8:8:8
203,arc-gen,9,11,8,0,1,5,7,7,9,1,1,1,1,0,8,8,8,8,8:8,8:8,8:8:8:8
203,arc-gen,9,12,8,0,1,5,8,7,9,1,0,1,0,0,8,8,8,0,8:8,8:0,8:8:8:0
203,arc-gen,10,9,8,0,1,6,5,7,9,0,3,0,1,0,8,0,0,8,8:0,0:8,8:0:0:8
203,arc-gen,10,10,8,0,1,6,6,7,9,0,2,0,0,0,8,0,8,8,8:0,8:8,8:0:8:8
203,arc-gen,10,11,8,0,1,6,7,7,9,0,1,0,1,0,8,0,8,8,8:0,8:8,8:0:8:8
203,arc-gen,10,12,8,0,1,6,8,7,9,0,0,0,0,0,8,0,8,0,8:0,8:0,8:0:8:0
204,arc-gen,4,2,5,0,1,1,0,6,9,4,8,1,0,0,0,5,0,5,0:5,0:5,0:5:0:5
204,arc-gen,4,3,5,0,1,1,1,6,9,4,7,1,1,0,0,5,5,5,0:5,5:5,0:5:5:5
204,arc-gen,4,4,5,0,1,1,2,6,9,4,6,1,0,0,0,5,5,5,0:5,5:5,0:5:5:5
204,arc-gen,4,5,5,2,0,1,3,6,9,4,5,1,1,0,0,5,5,2,0:5,5:2,0:5:5:2
204,arc-gen,5,2,5,0,1,2,0,6,9,3,8,0,0,0,5,5,0,5,5:5,0:5,5:5:0:5
204,arc-gen,5,3,5,0,1,2,1,6,9,3,7,0,1,0,5,5,5,5,5:5,5:5,5:5:5:5
204,arc-gen,5,4,5,2,0,2,2,6,9,3,6,0,0,0,5,5,5,5,5:5,5:5,5:5:5:5
204,arc-gen,5,5,5,2,0,2,3,6,9,3,5,0,1,0,5,5,5,0,5:5,5:0,5:5:5:0
204,arc-gen,6,2,5,0,1,3,0,6,9,2,8,1,0,0,5,5,0,5,5:5,0:5,5:5:0:5
204,arc-gen,6,3,5,0,1,3,1,6,9,2,7,1,1,0,5,5,5,5,5:5,5:5,5:5:5:5
204,arc-gen,6,4,5,0,1,3,2,6,9,2,6,1,0,0,5,5,5,5,5:5,5:5,5:5:5:5
204,arc-gen,6,5,5,0,1,3,3,6,9,2,5,1,1,0,5,5,5,0,5:5,5:0,5:5:5:0
204,arc-gen,7,2,5,0,1,4,0,6,9,1,8,0,0,0,5,5,0,5,5:5,0:5,5:5:0:5
204,arc-gen,7,3,5,0,1,4,1,6,9,1,7,0,1,0,5,5,5,5,5:5,5:5,5:5:5:5
204,arc-gen,7,4,5,0,1,4,2,6,9,1,6,0,0,0,5,5,5,5,5:5,5:5,5:5:5:5
204,arc-gen,7,5,5,0,1,4,3,6,9,1,5,0,1,0,5,5,5,0,5:5,5:0,5:5:5:0
204,arc-gen,8,2,5,0,1,5,0,6,9,0,8,1,0,0,5,0,0,5,5:0,0:5,5:0:0:5
204,arc-gen,8,3,5,0,1,5,1,6,9,0,7,1,1,0,5,0,5,5,5:0,5:5,5:0:5:5
204,arc-gen,8,4,5,0,1,5,2,6,9,0,6,1,0,0,5,0,5,5,5:0,5:5,5:0:5:5
204,arc-gen,8,5,5,0,1,5,3,6,9,0,5,1,1,0,5,0,5,0,5:0,5:0,5:0:5:0
205,arc-gen,3,4,5,0,1,1,0,6,8,4,7,1,0,0,0,5,0,5,0:5,0:5,0:5:0:5
205,arc-gen,3,5,5,0,1,1,1,6,8,4,6,1,1,0,0,5,5,5,0:5,5:5,0:5:5:5
205,arc-gen,3,6,5,9,0,1,2,6,8,4,5,1,0,0,9,5,5,5,9:5,5:5,9:5:5:5
205,arc-gen,3,7,5,0,1,1,3,6,8,4,4,1,1,0,9,5,5,0,9:5,5:0,9:5:5:0
205,arc-gen,4,4,5,0,1,2,0,6,8,3,7,0,0,0,5,5,0,5,5:5,0:5,5:5:0:5
205,arc-gen,4,5,5,0,1,2,1,6,8,3,6,0,1,0,5,5,5,5,5:5,5:5,5:5:5:5
205,arc-gen,4,6,5,9,0,2,2,6,8,3,5,0,0,0,5,5,5,5,5:5,5:5,5:5:5:5
205,arc-gen,4,7,5,9,0,2,3,6,8,3,4,0,1,0,5,5,5,0,5:5,5:0,5:5:5:0
205,arc-gen,5,4,5,0,1,3,0,6,8,2,7,1,0,0,5,5,0,5,5:5,0:5,5:5:0:5
205,arc-gen,5,5,5,0,1,3,1,6,8,2,6,1,1,0,5,5,5,5,5:5,5:5,5:5:5:5
205,arc-gen,5,6,5,0,1,3,2,6,8,2,5,1,0,0,5,5,5,5,5:5,5:5,5:5:5:5
205,arc-gen,5,7,5,9,0,3,3,6,8,2,4,1,1,0,5,5,5,9,5:5,5:9,5:5:5:9
205,arc-gen,6,4,5,0,1,4,0,6,8,1,7,0,0,0,5,5,0,5,5:5,0:5,5:5:0:5
205,arc-gen,6,5,5,0,1,4,1,6,8,1,6,0,1,0,5,5,5,5,5:5,5:5,5:5:5:5
205,arc-gen,6,6,5,0,1,4,2,6,8,1,5,0,0,0,5,5,5,5,5:5,5:5,5:5:5:5
205,arc-gen,6,7,5,9,0,4,3,6,8,1,4,0,1,0,5,5,5,0,5:5,5:0,5:5:5:0
205,arc-gen,7,4,5,0,1,5,0,6,8,0,7,1,0,0,5,0,0,5,5:0,0:5,5:0:0:5
205,arc-gen,7,5,5,0,1,5,1,6,8,0,6,1,1,0,5,0,5,5,5:0,5:5,5:0:5:5
205,arc-gen,7,6,5,0,1,5,2,6,8,0,5,1,0,0,5,0,5,5,5:0,5:5,5:0:5:5
205,arc-gen,7,7,5,0,1,5,3,6,8,0,4,1,1,0,5,0,5,0,5:0,5:0,5:0:5:0
206,arc-gen,6,2,2,1,0,1,0,8,8,6,7,1,0,1,1,2,0,2,1:2,0:2,1:2:0:2
206,arc-gen,6,3,2,1,0,1,1,8,8,6,6,1,1,1,1,2,2,2,1:2,2:2,1:2:2:2
206,arc-gen,6,4,2,1,0,1,2,8,8,6,5,1,0,1,1,2,2,2,1:2,2:2,1:2:2:2
206,arc-gen,6,5,2,1,0,1,3,8,8,6,4,1,1,1,1,2,2,1,1:2,2:1,1:2:2:1
206,arc-gen,7,2,2,1,0,2,0,8,8,5,7,0,0,1,2,2,0,2,2:2,0:2,2:2:0:2
206,arc-gen,7,3,2,1,0,2,1,8,8,5,6,0,1,1,2,2,2,2,2:2,2:2,2:2:2:2
206,arc-gen,7,4,2,1,0,2,2,8,8,5,5,0,0,1,2,2,2,2,2:2,2:2,2:2:2:2
206,arc-gen,7,5,2,1,0,2,3,8,8,5,4,0,1,1,2,2,2,1,2:2,2:1,2:2:2:1
206,arc-gen,8,2,2,1,0,3,0,8,8,4,7,1,0,1,2,2,0,2,2:2,0:2,2:2:0:2
206,arc-gen,8,3,2,1,0,3,1,8,8,4,6,1,1,1,2,2,2,2,2:2,2:2,2:2:2:2
206,arc-gen,8,4,2,0,1,3,2,8,8,4,5,1,0,1,2,2,2,2,2:2,2:2,2:2:2:2
206,arc-gen,8,5,2,0,1,3,3,8,8,4,4,1,1,1,2,2,2,0,2:2,2:0,2:2:2:0
206,arc-gen,9,2,2,1,0,4,0,8,8,3,7,0,0,1,2,2,0,2,2:2,0:2,2:2:0:2
206,arc-gen,9,3,2,1,0,4,1,8,8,3,6,0,1,1,2,2,2,2,2:2,2:2,2:2:2:2
206,arc-gen,9,4,2,1,0,4,2,8,8,3,5,0,0,1,2,2,2,2,2:2,2:2,2:2:2:2
206,arc-gen,9,5,2,0,1,4,3,8,8,3,4,0,1,1,2,2,2,0,2:2,2:0,2:2:2:0
206,arc-gen,10,2,2,1,0,5,0,8,8,2,7,1,0,1,2,1,0,2,2:1,0:2,2:1:0:2
206,arc-gen,10,3,2,1,0,5,1,8,8,2,6,1,1,1,2,1,2,2,2:1,2:2,2:1:2:2
206,arc-gen,10,4,2,1,0,5,2,8,8,2,5,1,0,1,2,1,2,2,2:1,2:2,2:1:2:2
206,arc-gen,10,5,2,0,1,5,3,8,8,2,4,1,1,1,2,0,2,0,2:0,2:0,2:0:2:0
207,arc-gen,3,6,3,1,0,1,4,4,8,2,3,1,0,1,1,3,1,3,1:3,1:3,1:3:1:3
207,arc-gen,3,7,3,0,1,1,5,4,8,2,2,1,1,1,1,3,3,3,1:3,3:3,1:3:3:3
207,arc-gen,3,8,3,1,0,1,6,4,8,2,1,1,0,1,1,3,3,3,1:3,3:3,1:3:3:3
207,arc-gen,3,9,3,1,0,1,7,4,8,2,0,1,1,1,1,3,3,0,1:3,3:0,1:3:3:0
207,arc-gen,4,6,3,0,1,2,4,4,8,1,3,0,0,1,3,3,0,3,3:3,0:3,3:3:0:3
207,arc-gen,4,7,3,1,0,2,5,4,8,1,2,0,1,1,3,3,3,3,3:3,3:3,3:3:3:3
207,arc-gen,4,8,3,1,0,2,6,4,8,1,1,0,0,1,3,3,3,3,3:3,3:3,3:3:3:3
207,arc-gen,4,9,3,1,0,2,7,4,8,1,0,0,1,1,3,3,3,0,3:3,3:0,3:3:3:0
207,arc-gen,5,6,3,0,1,3,4,4,8,0,3,1,0,1,3,0,0,3,3:0,0:3,3:0:0:3
207,arc-gen,5,7,3,0,1,3,5,4,8,0,2,1,1,1,3,0,3,3,3:0,3:3,3:0:3:3
207,arc-gen,5,8,3,0,1,3,6,4,8,0,1,1,0,1,3,0,3,3,3:0,3:3,3:0:3:3
207,arc-gen,5,9,3,0,1,3,7,4,8,0,0,1,1,1,3,0,3,0,3:0,3:0,3:0:3:0
208,arc-gen,5,3,6,0,1,2,0,6,9,3,8,0,0,1,0,6,0,6,0:6,0:6,0:6:0:6
208,arc-gen,5,4,6,0,1,2,1,6,9,3,7,0,1,1,0,6,6,6,0:6,6:6,0:6:6:6
208,arc-gen,5,5,6,2,0,2,2,6,9,3,6,0,0,1,2,6,6,6,2:6,6:6,2:6:6:6
208,arc-gen,5,6,6,0,1,2,3,6,9,3,5,0,1,1,2,6,6,2,2:6,6:2,2:6:6:2
208,arc-gen,6,3,6,0,1,3,0,6,9,2,8,1,0,1,6,6,0,6,6:6,0:6,6:6:0:6
208,arc-gen,6,4,6,0,1,3,1,6,9,2,7,1,1,1,6,6,6,6,6:6,6:6,6:6:6:6
208,arc-gen,6,5,6,0,1,3,2,6,9,2,6,1,0,1,6,6,6,6,6:6,6:6,6:6:6:6
208,arc-gen,6,6,6,2,0,3,3,6,9,2,5,1,1,1,6,6,6,2,6:6,6:2,6:6:6:2
208,arc-gen,7,3,6,0,1,4,0,6,9,1,8,0,0,1,6,6,0,6,6:6,0:6,6:6:0:6
208,arc-gen,7,4,6,0,1,4,1,6,9,1,7,0,1,1,6,6,6,6,6:6,6:6,6:6:6:6
208,arc-gen,7,5,6,0,1,4,2,6,9,1,6,0,0,1,6,6,6,6,6:6,6:6,6:6:6:6
208,arc-gen,7,6,6,2,0,4,3,6,9,1,5,0,1,1,6,6,6,2,6:6,6:2,6:6:6:2
208,arc-gen,8,3,6,0,1,5,0,6,9,0,8,1,0,1,6,0,0,6,6:0,0:6,6:0:0:6
208,arc-gen,8,4,6,0,1,5,1,6,9,0,7,1,1,1,6,0,6,6,6:0,6:6,6:0:6:6
208,arc-gen,8,5,6,0,1,5,2,6,9,0,6,1,0,1,6,0,6,6,6:0,6:6,6:0:6:6
208,arc-gen,8,6,6,0,1,5,3,6,9,0,5,1,1,1,6,0,6,2,6:0,6:2,6:0:6:2
209,arc-gen,6,1,6,0,1,2,0,5,8,2,7,0,0,1,0,6,0,6,0:6,0:6,0:6:0:6
209,arc-gen,6,2,6,8,0,2,1,5,8,2,6,0,1,1,8,6,6,6,8:6,6:6,8:6:6:6
209,arc-gen,6,3,6,8,0,2,2,5,8,2,5,0,0,1,8,6,6,6,8:6,6:6,8:6:6:6
209,arc-gen,6,4,6,8,0,2,3,5,8,2,4,0,1,1,8,6,6,8,8:6,6:8,8:6:6:8
209,arc-gen,7,1,6,0,1,3,0,5,8,1,7,1,0,1,6,6,0,6,6:6,0:6,6:6:0:6
209,arc-gen,7,2,6,0,1,3,1,5,8,1,6,1,1,1,6,6,6,6,6:6,6:6,6:6:6:6
209,arc-gen,7,3,6,0,1,3,2,5,8,1,5,1,0,1,6,6,6,6,6:6,6:6,6:6:6:6
209,arc-gen,7,4,6,0,1,3,3,5,8,1,4,1,1,1,6,6,6,8,6:6,6:8,6:6:6:8
209,arc-gen,8,1,6,0,1,4,0,5,8,0,7,0,0,1,6,0,0,6,6:0,0:6,6:0:0:6
209,arc-gen,8,2,6,0,1,4,1,5,8,0,6,0,1,1,6,0,6,6,6:0,6:6,6:0:6:6
209,arc-gen,8,3,6,0,1,4,2,5,8,0,5,0,0,1,6,0,6,6,6:0,6:6,6:0:6:6
209,arc-gen,8,4,6,0,1,4,3,5,8,0,4,0,1,1,6,0,6,0,6:0,6:0,6:0:6:0
210,arc-gen,4,2,8,0,1,2,0,6,7,3,6,0,0,0,0,8,0,8,0:8,0:8,0:8:0:8
210,arc-gen,4,3,8,6,0,2,1,6,7,3,5,0,1,0,0,8,8,8,0:8,8:8,0:8:8:8
210,arc-gen,4,4,8,6,0,2,2,6,7,3,4,0,0,0,0,8,8,8,0:8,8:8,0:8:8:8
210,arc-gen,4,5,8,6,0,2,3,6,7,3,3,0,1,0,6,8,8,6,6:8,8:6,6:8:8:6
210,arc-gen,5,2,8,0,1,3,0,6,7,2,6,1,0,0,8,8,0,8,8:8,0:8,8:8:0:8
210,arc-gen,5,3,8,0,1,3,1,6,7,2,5,1,1,0,8,8,8,8,8:8,8:8,8:8:8:8
210,arc-gen,5,4,8,6,0,3,2,6,7,2,4,1,0,0,8,8,8,8,8:8,8:8,8:8:8:8
210,arc-gen,5,5,8,6,0,3,3,6,7,2,3,1,1,0,8,8,8,6,8:8,8:6,8:8:8:6
210,arc-gen,6,2,8,0,1,4,0,6,7,1,6,0,0,0,8,8,0,8,8:8,0:8,8:8:0:8
210,arc-gen,6,3,8,0,1,4,1,6,7,1,5,0,1,0,8,8,8,8,8:8,8:8,8:8:8:8
210,arc-gen,6,4,8,0,1,4,2,6,7,1,4,0,0,0,8,8,8,8,8:8,8:8,8:8:8:8
210,arc-gen,6,5,8,0,1,4,3,6,7,1,3,0,1,0,8,8,8,0,8:8,8:0,8:8:8:0
210,arc-gen,7,2,8,0,1,5,0,6,7,0,6,1,0,0,8,0,0,8,8:0,0:8,8:0:0:8
210,arc-gen,7,3,8,0,1,5,1,6,7,0,5,1,1,0,8,0,8,8,8:0,8:8,8:0:8:8
210,arc-gen,7,4,8,0,1,5,2,6,7,0,4,1,0,0,8,0,8,8,8:0,8:8,8:0:8:8
210,arc-gen,7,5,8,0,1,5,3,6,7,0,3,1,1,0,8,0,8,0,8:0,8:0,8:0:8:0
211,arc-gen,7,9,9,6,0,2,5,5,9,2,3,0,1,1,6,9,6,9,6:9,6:9,6:9:6:9
211,arc-gen,7,10,9,0,1,2,6,5,9,2,2,0,0,1,6,9,9,9,6:9,9:9,6:9:9:9
211,arc-gen,7,11,9,0,1,2,7,5,9,2,1,0,1,1,0,9,9,9,0:9,9:9,0:9:9:9
211,arc-gen,7,12,9,0,1,2,8,5,9,2,0,0,0,1,0,9,9,0,0:9,9:0,0:9:9:0
211,arc-gen,8,9,9,6,0,3,5,5,9,1,3,1,1,1,9,9,6,9,9:9,6:9,9:9:6:9
211,arc-gen,8,10,9,0,1,3,6,5,9,1,2,1,0,1,9,9,9,9,9:9,9:9,9:9:9:9
211,arc-gen,8,11,9,0,1,3,7,5,9,1,1,1,1,1,9,9,9,9,9:9,9:9,9:9:9:9
211,arc-gen,8,12,9,0,1,3,8,5,9,1,0,1,0,1,9,9,9,0,9:9,9:0,9:9:9:0
211,arc-gen,9,9,9,6,0,4,5,5,9,0,3,0,1,1,9,0,0,9,9:0,0:9,9:0:0:9
211,arc-gen,9,10,9,0,1,4,6,5,9,0,2,0,0,1,9,0,9,9,9:0,9:9,9:0:9:9
211,arc-gen,9,11,9,0,1,4,7,5,9,0,1,0,1,1,9,0,9,9,9:0,9:9,9:0:9:9
211,arc-gen,9,12,9,0,1,4,8,5,9,0,0,0,0,1,9,0,9,0,9:0,9:0,9:0:9:0
212,arc-gen,6,8,2,9,0,1,4,7,8,5,3,1,0,1,9,2,9,2,9:2,9:2,9:2:9:2
212,arc-gen,6,9,2,9,0,1,5,7,8,5,2,1,1,1,0,2,2,2,0:2,2:2,0:2:2:2
212,arc-gen,6,10,2,9,0,1,6,7,8,5,1,1,0,1,0,2,2,2,0:2,2:2,0:2:2:2
212,arc-gen,6,11,2,0,1,1,7,7,8,5,0,1,1,1,0,2,2,0,0:2,2:0,0:2:2:0
212,arc-gen,7,8,2,9,0,2,4,7,8,4,3,0,0,1,2,2,9,2,2:2,9:2,2:2:9:2
212,arc-gen,7,9,2,9,0,2,5,7,8,4,2,0,1,1,2,2,2,2,2:2,2:2,2:2:2:2
212,arc-gen,7,10,2,9,0,2,6,7,8,4,1,0,0,1,2,2,2,2,2:2,2:2,2:2:2:2
212,arc-gen,7,11,2,0,1,2,7,7,8,4,0,0,1,1,2,2,2,0,2:2,2:0,2:2:2:0
212,arc-gen,8,8,2,0,1,3,4,7,8,3,3,1,0,1,2,2,0,2,2:2,0:2,2:2:0:2
212,arc-gen,8,9,2,9,0,3,5,7,8,3,2,1,1,1,2,2,2,2,2:2,2:2,2:2:2:2
212,arc-gen,8,10,2,9,0,3,6,7,8,3,1,1,0,1,2,2,2,2,2:2,2:2,2:2:2:2
212,arc-gen,8,11,2,0,1,3,7,7,8,3,0,1,1,1,2,2,2,0,2:2,2:0,2:2:2:0
212,arc-gen,9,8,2,0,1,4,4,7,8,2,3,0,0,1,2,0,0,2,2:0,0:2,2:0:0:2
212,arc-gen,9,9,2,0,1,4,5,7,8,2,2,0,1,1,2,9,2,2,2:9,2:2,2:9:2:2
212,arc-gen,9,10,2,9,0,4,6,7,8,2,1,0,0,1,2,9,2,2,2:9,2:2,2:9:2:2
212,arc-gen,9,11,2,0,1,4,7,7,8,2,0,0,1,1,2,0,2,0,2:0,2:0,2:0:2:0
213,arc-gen,4,10,9,6,0,2,4,6,8,3,3,0,0,1,6,9,6,9,6:9,6:9,6:9:6:9
213,arc-gen,4,11,9,6,0,2,5,6,8,3,2,0,1,1,6,9,9,9,6:9,9:9,6:9:9:9
213,arc-gen,4,12,9,6,0,2,6,6,8,3,1,0,0,1,6,9,9,9,6:9,9:9,6:9:9:9
213,arc-gen,4,13,9,0,1,2,7,6,8,3,0,0,1,1,6,9,9,0,6:9,9:0,6:9:9:0
213,arc-gen,5,10,9,6,0,3,4,6,8,2,3,1,0,1,9,9,6,9,9:9,6:9,9:9:6:9
213,arc-gen,5,11,9,6,0,3,5,6,8,2,2,1,1,1,9,9,9,9,9:9,9:9,9:9:9:9
213,arc-gen,5,12,9,6,0,3,6,6,8,2,1,1,0,1,9,9,9,9,9:9,9:9,9:9:9:9
213,arc-gen,5,13,9,0,1,3,7,6,8,2,0,1,1,1,9,9,9,0,9:9,9:0,9:9:9:0
213,arc-gen,6,10,9,6,0,4,4,6,8,1,3,0,0,1,9,9,6,9,9:9,6:9,9:9:6:9
213,arc-gen,6,11,9,0,1,4,5,6,8,1,2,0,1,1,9,9,9,9,9:9,9:9,9:9:9:9
213,arc-gen,6,12,9,6,0,4,6,6,8,1,1,0,0,1,9,9,9,9,9:9,9:9,9:9:9:9
213,arc-gen,6,13,9,0,1,4,7,6,8,1,0,0,1,1,9,9,9,0,9:9,9:0,9:9:9:0
213,arc-gen,7,10,9,0,1,5,4,6,8,0,3,1,0,1,9,0,0,9,9:0,0:9,9:0:0:9
213,arc-gen,7,11,9,0,1,5,5,6,8,0,2,1,1,1,9,0,9,9,9:0,9:9,9:0:9:9
213,arc-gen,7,12,9,6,0,5,6,6,8,0,1,1,0,1,9,0,9,9,9:0,9:9,9:0:9:9
213,arc-gen,7,13,9,0,1,5,7,6,8,0,0,1,1,1,9,0,9,0,9:0,9:0,9:0:9:0
214,arc-gen,5,8,2,1,0,1,4,8,8,6,3,1,0,1,1,2,1,2,1:2,1:2,1:2:1:2
214,arc-gen,5,9,2,1,0,1,5,8,8,6,2,1,1,1,1,2,2,2,1:2,2:2,1:2:2:2
214,arc-gen,5,10,2,1,0,1,6,8,8,6,1,1,0,1,1,2,2,2,1:2,2:2,1:2:2:2
214,arc-gen,5,11,2,1,0,1,7,8,8,6,0,1,1,1,1,2,2,0,1:2,2:0,1:2:2:0
214,arc-gen,6,8,2,1,0,2,4,8,8,5,3,0,0,1,2,2,1,2,2:2,1:2,2:2:1:2
214,arc-gen,6,9,2,1,0,2,5,8,8,5,2,0,1,1,2,2,2,2,2:2,2:2,2:2:2:2
214,arc-gen,6,10,2,1,0,2,6,8,8,5,1,0,0,1,2,2,2,2,2:2,2:2,2:2:2:2
214,arc-gen,6,11,2,1,0,2,7,8,8,5,0,0,1,1,2,2,2,0,2:2,2:0,2:2:2:0
214,arc-gen,7,8,2,1,0,3,4,8,8,4,3,1,0,1,2,2,1,2,2:2,1:2,2:2:1:2
214,arc-gen,7,9,2,1,0,3,5,8,8,4,2,1,1,1,2,2,2,2,2:2,2:2,2:2:2:2
214,arc-gen,7,10,2,1,0,3,6,8,8,4,1,1,0,1,2,2,2,2,2:2,2:2,2:2:2:2
214,arc-gen,7,11,2,0,1,3,7,8,8,4,0,1,1,1,2,2,2,0,2:2,2:0,2:2:2:0
214,arc-gen,8,8,2,1,0,4,4,8,8,3,3,0,0,1,2,1,1,2,2:1,1:2,2:1:1:2
214,arc-gen,8,9,2,0,1,4,5,8,8,3,2,0,1,1,2,1,2,2,2:1,2:2,2:1:2:2
214,arc-gen,8,10,2,1,0,4,6,8,8,3,1,0,0,1,2,1,2,2,2:1,2:2,2:1:2:2
214,arc-gen,8,11,2,1,0,4,7,8,8,3,0,0,1,1,2,0,2,0,2:0,2:0,2:0:2:0
215,arc-gen,5,12,4,5,0,1,5,8,9,6,3,1,1,1,5,4,5,4,5:4,5:4,5:4:5:4
215,arc-gen,5,13,4,5,0,1,6,8,9,6,2,1,0,1,5,4,4,4,5:4,4:4,5:4:4:4
215,arc-gen,5,14,4,0,1,1,7,8,9,6,1,1,1,1,0,4,4,4,0:4,4:4,0:4:4:4
215,arc-gen,5,15,4,0,1,1,8,8,9,6,0,1,0,1,0,4,4,-1,0:4,4:-1,0:4:4:-1
215,arc-gen,6,12,4,5,0,2,5,8,9,5,3,0,1,1,4,4,5,4,4:4,5:4,4:4:5:4
215,arc-gen,6,13,4,5,0,2,6,8,9,5,2,0,0,1,4,4,4,4,4:4,4:4,4:4:4:4
215,arc-gen,6,14,4,0,1,2,7,8,9,5,1,0,1,1,4,4,4,4,4:4,4:4,4:4:4:4
215,arc-gen,6,15,4,0,1,2,8,8,9,5,0,0,0,1,4,4,4,-1,4:4,4:-1,4:4:4:-1
215,arc-gen,7,12,4,5,0,3,5,8,9,4,3,1,1,1,4,4,0,4,4:4,0:4,4:4:0:4
215,arc-gen,7,13,4,5,0,3,6,8,9,4,2,1,0,1,4,4,4,4,4:4,4:4,4:4:4:4
215,arc-gen,7,14,4,0,1,3,7,8,9,4,1,1,1,1,4,4,4,4,4:4,4:4,4:4:4:4
215,arc-gen,7,15,4,0,1,3,8,8,9,4,0,1,0,1,4,4,4,-1,4:4,4:-1,4:4:4:-1
215,arc-gen,8,12,4,0,1,4,5,8,9,3,3,0,1,1,4,0,5,4,4:0,5:4,4:0:5:4
215,arc-gen,8,13,4,5,0,4,6,8,9,3,2,0,0,1,4,0,4,4,4:0,4:4,4:0:4:4
215,arc-gen,8,14,4,0,1,4,7,8,9,3,1,0,1,1,4,0,4,4,4:0,4:4,4:0:4:4
215,arc-gen,8,15,4,0,1,4,8,8,9,3,0,0,0,1,4,0,4,-1,4:0,4:-1,4:0:4:-1
216,arc-gen,6,11,9,4,0,1,5,8,9,6,3,1,1,1,4,9,4,9,4:9,4:9,4:9:4:9
216,arc-gen,6,12,9,4,0,1,6,8,9,6,2,1,0,1,0,9,9,9,0:9,9:9,0:9:9:9
216,arc-gen,6,13,9,0,1,1,7,8,9,6,1,1,1,1,0,9,9,9,0:9,9:9,0:9:9:9
216,arc-gen,6,14,9,0,1,1,8,8,9,6,0,1,0,1,0,9,9,0,0:9,9:0,0:9:9:0
216,arc-gen,7,11,9,4,0,2,5,8,9,5,3,0,1,1,9,9,4,9,9:9,4:9,9:9:4:9
216,arc-gen,7,12,9,4,0,2,6,8,9,5,2,0,0,1,9,9,9,9,9:9,9:9,9:9:9:9
216,arc-gen,7,13,9,0,1,2,7,8,9,5,1,0,1,1,9,9,9,9,9:9,9:9,9:9:9:9
216,arc-gen,7,14,9,0,1,2,8,8,9,5,0,0,0,1,9,9,9,0,9:9,9:0,9:9:9:0
216,arc-gen,8,11,9,4,0,3,5,8,9,4,3,1,1,1,9,4,4,9,9:4,4:9,9:4:4:9
216,arc-gen,8,12,9,0,1,3,6,8,9,4,2,1,0,1,9,4,9,9,9:4,9:9,9:4:9:9
216,arc-gen,8,13,9,0,1,3,7,8,9,4,1,1,1,1,9,0,9,9,9:0,9:9,9:0:9:9
216,arc-gen,8,14,9,0,1,3,8,8,9,4,0,1,0,1,9,0,9,0,9:0,9:0,9:0:9:0
217,arc-gen,5,7,7,8,0,2,3,6,7,3,3,0,1,0,8,7,8,7,8:7,8:7,8:7:8:7
217,arc-gen,5,8,7,8,0,2,4,6,7,3,2,0,0,0,8,7,7,7,8:7,7:7,8:7:7:7
217,arc-gen,5,9,7,8,0,2,5,6,7,3,1,0,1,0,0,7,7,7,0:7,7:7,0:7:7:7
217,arc-gen,5,10,7,0,1,2,6,6,7,3,0,0,0,0,0,7,7,0,0:7,7:0,0:7:7:0
217,arc-gen,6,7,7,8,0,3,3,6,7,2,3,1,1,0,7,7,8,7,7:7,8:7,7:7:8:7
217,arc-gen,6,8,7,0,1,3,4,6,7,2,2,1,0,0,7,7,7,7,7:7,7:7,7:7:7:7
217,arc-gen,6,9,7,8,0,3,5,6,7,2,1,1,1,0,7,7,7,7,7:7,7:7,7:7:7:7
217,arc-gen,6,10,7,0,1,3,6,6,7,2,0,1,0,0,7,7,7,0,7:7,7:0,7:7:7:0
217,arc-gen,7,7,7,0,1,4,3,6,7,1,3,0,1,0,7,7,0,7,7:7,0:7,7:7:0:7
217,arc-gen,7,8,7,0,1,4,4,6,7,1,2,0,0,0,7,7,7,7,7:7,7:7,7:7:7:7
217,arc-gen,7,9,7,0,1,4,5,6,7,1,1,0,1,0,7,7,7,7,7:7,7:7,7:7:7:7
217,arc-gen,7,10,7,0,1,4,6,6,7,1,0,0,0,0,7,7,7,0,7:7,7:0,7:7:7:0
217,arc-gen,8,7,7,0,1,5,3,6,7,0,3,1,1,0,7,0,0,7,7:0,0:7,7:0:0:7
217,arc-gen,8,8,7,0,1,5,4,6,7,0,2,1,0,0,7,0,7,7,7:0,7:7,7:0:7:7
217,arc-gen,8,9,7,0,1,5,5,6,7,0,1,1,1,0,7,0,7,7,7:0,7:7,7:0:7:7
217,arc-gen,8,10,7,0,1,5,6,6,7,0,0,1,0,0,7,0,7,0,7:0,7:0,7:0:7:0
218,arc-gen,5,3,5,0,1,2,0,6,8,3,7,0,0,1,0,5,0,5,0:5,0:5,0:5:0:5
218,arc-gen,5,4,5,0,1,2,1,6,8,3,6,0,1,1,6,5,5,5,6:5,5:5,6:5:5:5
218,arc-gen,5,5,5,6,0,2,2,6,8,3,5,0,0,1,6,5,5,5,6:5,5:5,6:5:5:5
218,arc-gen,5,6,5,0,1,2,3,6,8,3,4,0,1,1,6,5,5,6,6:5,5:6,6:5:5:6
218,arc-gen,6,3,5,0,1,3,0,6,8,2,7,1,0,1,5,5,0,5,5:5,0:5,5:5:0:5
218,arc-gen,6,4,5,6,0,3,1,6,8,2,6,1,1,1,5,5,5,5,5:5,5:5,5:5:5:5
218,arc-gen,6,5,5,6,0,3,2,6,8,2,5,1,0,1,5,5,5,5,5:5,5:5,5:5:5:5
218,arc-gen,6,6,5,0,1,3,3,6,8,2,4,1,1,1,5,5,5,6,5:5,5:6,5:5:5:6
218,arc-gen,7,3,5,0,1,4,0,6,8,1,7,0,0,1,5,5,0,5,5:5,0:5,5:5:0:5
218,arc-gen,7,4,5,0,1,4,1,6,8,1,6,0,1,1,5,5,5,5,5:5,5:5,5:5:5:5
218,arc-gen,7,5,5,0,1,4,2,6,8,1,5,0,0,1,5,5,5,5,5:5,5:5,5:5:5:5
218,arc-gen,7,6,5,0,1,4,3,6,8,1,4,0,1,1,5,5,5,0,5:5,5:0,5:5:5:0
218,arc-gen,8,3,5,0,1,5,0,6,8,0,7,1,0,1,5,0,0,5,5:0,0:5,5:0:0:5
218,arc-gen,8,4,5,0,1,5,1,6,8,0,6,1,1,1,5,0,5,5,5:0,5:5,5:0:5:5
218,arc-gen,8,5,5,0,1,5,2,6,8,0,5,1,0,1,5,0,5,5,5:0,5:5,5:0:5:5
218,arc-gen,8,6,5,0,1,5,3,6,8,0,4,1,1,1,5,0,5,0,5:0,5:0,5:0:5:0
219,arc-gen,6,7,2,1,0,2,3,7,7,4,3,0,1,0,1,2,1,2,1:2,1:2,1:2:1:2
219,arc-gen,6,8,2,0,1,2,4,7,7,4,2,0,0,0,1,2,2,2,1:2,2:2,1:2:2:2
219,arc-gen,6,9,2,0,1,2,5,7,7,4,1,0,1,0,0,2,2,2,0:2,2:2,0:2:2:2
219,arc-gen,6,10,2,0,1,2,6,7,7,4,0,0,0,0,0,2,2,0,0:2,2:0,0:2:2:0
219,arc-gen,7,7,2,0,1,3,3,7,7,3,3,1,1,0,2,2,1,2,2:2,1:2,2:2:1:2
219,arc-gen,7,8,2,0,1,3,4,7,7,3,2,1,0,0,2,2,2,2,2:2,2:2,2:2:2:2
219,arc-gen,7,9,2,0,1,3,5,7,7,3,1,1,1,0,2,2,2,2,2:2,2:2,2:2:2:2
219,arc-gen,7,10,2,0,1,3,6,7,7,3,0,1,0,0,2,2,2,0,2:2,2:0,2:2:2:0
219,arc-gen,8,7,2,0,1,4,3,7,7,2,3,0,1,0,2,2,0,2,2:2,0:2,2:2:0:2
219,arc-gen,8,8,2,0,1,4,4,7,7,2,2,0,0,0,2,2,2,2,2:2,2:2,2:2:2:2
219,arc-gen,8,9,2,0,1,4,5,7,7,2,1,0,1,0,2,2,2,2,2:2,2:2,2:2:2:2
219,arc-gen,8,10,2,0,1,4,6,7,7,2,0,0,0,0,2,2,2,0,2:2,2:0,2:2:2:0
219,arc-gen,9,7,2,0,1,5,3,7,7,1,3,1,1,0,2,2,0,2,2:2,0:2,2:2:0:2
219,arc-gen,9,8,2,0,1,5,4,7,7,1,2,1,0,0,2,2,2,2,2:2,2:2,2:2:2:2
219,arc-gen,9,9,2,0,1,5,5,7,7,1,1,1,1,0,2,2,2,2,2:2,2:2,2:2:2:2
219,arc-gen,9,10,2,0,1,5,6,7,7,1,0,1,0,0,2,2,2,0,2:2,2:0,2:2:2:0
219,arc-gen,10,7,2,0,1,6,3,7,7,0,3,0,1,0,2,0,0,2,2:0,0:2,2:0:0:2
219,arc-gen,10,8,2,0,1,6,4,7,7,0,2,0,0,0,2,0,2,2,2:0,2:2,2:0:2:2
219,arc-gen,10,9,2,0,1,6,5,7,7,0,1,0,1,0,2,0,2,2,2:0,2:2,2:0:2:2
219,arc-gen,10,10,2,0,1,6,6,7,7,0,0,0,0,0,2,0,2,0,2:0,2:0,2:0:2:0
220,arc-gen,5,3,1,0,1,1,0,4,9,2,8,1,0,1,0,1,0,1,0:1,0:1,0:1:0:1
220,arc-gen,5,4,1,0,1,1,1,4,9,2,7,1,1,1,0,1,1,1,0:1,1:1,0:1:1:1
220,arc-gen,5,5,1,0,1,1,2,4,9,2,6,1,0,1,0,1,1,1,0:1,1:1,0:1:1:1
220,arc-gen,5,6,1,0,1,1,3,4,9,2,5,1,1,1,3,1,1,3,3:1,1:3,3:1:1:3
220,arc-gen,6,3,1,0,1,2,0,4,9,1,8,0,0,1,1,1,0,1,1:1,0:1,1:1:0:1
220,arc-gen,6,4,1,0,1,2,1,4,9,1,7,0,1,1,1,1,1,1,1:1,1:1,1:1:1:1
220,arc-gen,6,5,1,3,0,2,2,4,9,1,6,0,0,1,1,1,1,1,1:1,1:1,1:1:1:1
220,arc-gen,6,6,1,3,0,2,3,4,9,1,5,0,1,1,1,1,1,3,1:1,1:3,1:1:1:3
220,arc-gen,7,3,1,0,1,3,0,4,9,0,8,1,0,1,1,0,0,1,1:0,0:1,1:0:0:1
220,arc-gen,7,4,1,0,1,3,1,4,9,0,7,1,1,1,1,0,1,1,1:0,1:1,1:0:1:1
220,arc-gen,7,5,1,0,1,3,2,4,9,0,6,1,0,1,1,0,1,1,1:0,1:1,1:0:1:1
220,arc-gen,7,6,1,0,1,3,3,4,9,0,5,1,1,1,1,0,1,3,1:0,1:3,1:0:1:3
221,arc-gen,6,4,5,0,1,2,0,7,8,4,7,0,0,1,0,5,0,5,0:5,0:5,0:5:0:5
221,arc-gen,6,5,5,0,1,2,1,7,8,4,6,0,1,1,0,5,5,5,0:5,5:5,0:5:5:5
221,arc-gen,6,6,5,0,1,2,2,7,8,4,5,0,0,1,0,5,5,5,0:5,5:5,0:5:5:5
221,arc-gen,6,7,5,3,0,2,3,7,8,4,4,0,1,1,3,5,5,0,3:5,5:0,3:5:5:0
221,arc-gen,7,4,5,0,1,3,0,7,8,3,7,1,0,1,5,5,0,5,5:5,0:5,5:5:0:5
221,arc-gen,7,5,5,0,1,3,1,7,8,3,6,1,1,1,5,5,5,5,5:5,5:5,5:5:5:5
221,arc-gen,7,6,5,0,1,3,2,7,8,3,5,1,0,1,5,5,5,5,5:5,5:5,5:5:5:5
221,arc-gen,7,7,5,3,0,3,3,7,8,3,4,1,1,1,5,5,5,3,5:5,5:3,5:5:5:3
221,arc-gen,8,4,5,0,1,4,0,7,8,2,7,0,0,1,5,5,0,5,5:5,0:5,5:5:0:5
221,arc-gen,8,5,5,0,1,4,1,7,8,2,6,0,1,1,5,5,5,5,5:5,5:5,5:5:5:5
221,arc-gen,8,6,5,0,1,4,2,7,8,2,5,0,0,1,5,5,5,5,5:5,5:5,5:5:5:5
221,arc-gen,8,7,5,3,0,4,3,7,8,2,4,0,1,1,5,5,5,3,5:5,5:3,5:5:5:3
221,arc-gen,9,4,5,0,1,5,0,7,8,1,7,1,0,1,5,0,0,5,5:0,0:5,5:0:0:5
221,arc-gen,9,5,5,0,1,5,1,7,8,1,6,1,1,1,5,0,5,5,5:0,5:5,5:0:5:5
221,arc-gen,9,6,5,0,1,5,2,7,8,1,5,1,0,1,5,0,5,5,5:0,5:5,5:0:5:5
221,arc-gen,9,7,5,3,0,5,3,7,8,1,4,1,1,1,5,3,5,3,5:3,5:3,5:3:5:3
222,arc-gen,5,8,9,7,0,1,5,6,9,4,3,1,1,1,7,9,7,9,7:9,7:9,7:9:7:9
222,arc-gen,5,9,9,0,1,1,6,6,9,4,2,1,0,1,7,9,9,9,7:9,9:9,7:9:9:9
222,arc-gen,5,10,9,0,1,1,7,6,9,4,1,1,1,1,0,9,9,9,0:9,9:9,0:9:9:9
222,arc-gen,5,11,9,0,1,1,8,6,9,4,0,1,0,1,0,9,9,0,0:9,9:0,0:9:9:0
222,arc-gen,6,8,9,7,0,2,5,6,9,3,3,0,1,1,9,9,7,9,9:9,7:9,9:9:7:9
222,arc-gen,6,9,9,7,0,2,6,6,9,3,2,0,0,1,9,9,9,9,9:9,9:9,9:9:9:9
222,arc-gen,6,10,9,0,1,2,7,6,9,3,1,0,1,1,9,9,9,9,9:9,9:9,9:9:9:9
222,arc-gen,6,11,9,0,1,2,8,6,9,3,0,0,0,1,9,9,9,0,9:9,9:0,9:9:9:0
222,arc-gen,7,8,9,7,0,3,5,6,9,2,3,1,1,1,9,9,7,9,9:9,7:9,9:9:7:9
222,arc-gen,7,9,9,7,0,3,6,6,9,2,2,1,0,1,9,9,9,9,9:9,9:9,9:9:9:9
222,arc-gen,7,10,9,0,1,3,7,6,9,2,1,1,1,1,9,9,9,9,9:9,9:9,9:9:9:9
222,arc-gen,7,11,9,0,1,3,8,6,9,2,0,1,0,1,9,9,9,0,9:9,9:0,9:9:9:0
222,arc-gen,8,8,9,0,1,4,5,6,9,1,3,0,1,1,9,9,7,9,9:9,7:9,9:9:7:9
222,arc-gen,8,9,9,7,0,4,6,6,9,1,2,0,0,1,9,9,9,9,9:9,9:9,9:9:9:9
222,arc-gen,8,10,9,0,1,4,7,6,9,1,1,0,1,1,9,9,9,9,9:9,9:9,9:9:9:9
222,arc-gen,8,11,9,0,1,4,8,6,9,1,0,0,0,1,9,9,9,0,9:9,9:0,9:9:9:0
222,arc-gen,9,8,9,0,1,5,5,6,9,0,3,1,1,1,9,0,0,9,9:0,0:9,9:0:0:9
222,arc-gen,9,9,9,0,1,5,6,6,9,0,2,1,0,1,9,0,9,9,9:0,9:9,9:0:9:9
222,arc-gen,9,10,9,0,1,5,7,6,9,0,1,1,1,1,9,0,9,9,9:0,9:9,9:0:9:9
222,arc-gen,9,11,9,0,1,5,8,6,9,0,0,1,0,1,9,0,9,0,9:0,9:0,9:0:9:0
223,arc-gen,4,2,5,0,1,1,0,8,9,6,8,1,0,1,0,5,0,5,0:5,0:5,0:5:0:5
223,arc-gen,4,3,5,0,1,1,1,8,9,6,7,1,1,1,0,5,5,5,0:5,5:5,0:5:5:5
223,arc-gen,4,4,5,7,0,1,2,8,9,6,6,1,0,1,7,5,5,5,7:5,5:5,7:5:5:5
223,arc-gen,4,5,5,7,0,1,3,8,9,6,5,1,1,1,7,5,5,7,7:5,5:7,7:5:5:7
223,arc-gen,5,2,5,0,1,2,0,8,9,5,8,0,0,1,5,5,0,5,5:5,0:5,5:5:0:5
223,arc-gen,5,3,5,0,1,2,1,8,9,5,7,0,1,1,5,5,5,5,5:5,5:5,5:5:5:5
223,arc-gen,5,4,5,0,1,2,2,8,9,5,6,0,0,1,5,5,5,5,5:5,5:5,5:5:5:5
223,arc-gen,5,5,5,7,0,2,3,8,9,5,5,0,1,1,5,5,5,7,5:5,5:7,5:5:5:7
223,arc-gen,6,2,5,0,1,3,0,8,9,4,8,1,0,1,5,5,0,5,5:5,0:5,5:5:0:5
223,arc-gen,6,3,5,0,1,3,1,8,9,4,7,1,1,1,5,5,5,5,5:5,5:5,5:5:5:5
223,arc-gen,6,4,5,7,0,3,2,8,9,4,6,1,0,1,5,5,5,5,5:5,5:5,5:5:5:5
223,arc-gen,6,5,5,7,0,3,3,8,9,4,5,1,1,1,5,5,5,7,5:5,5:7,5:5:5:7
223,arc-gen,7,2,5,0,1,4,0,8,9,3,8,0,0,1,5,5,0,5,5:5,0:5,5:5:0:5
223,arc-gen,7,3,5,0,1,4,1,8,9,3,7,0,1,1,5,5,5,5,5:5,5:5,5:5:5:5
223,arc-gen,7,4,5,7,0,4,2,8,9,3,6,0,0,1,5,5,5,5,5:5,5:5,5:5:5:5
223,arc-gen,7,5,5,7,0,4,3,8,9,3,5,0,1,1,5,5,5,7,5:5,5:7,5:5:5:7
223,arc-gen,8,2,5,0,1,5,0,8,9,2,8,1,0,1,5,0,0,5,5:0,0:5,5:0:0:5
223,arc-gen,8,3,5,0,1,5,1,8,9,2,7,1,1,1,5,0,5,5,5:0,5:5,5:0:5:5
223,arc-gen,8,4,5,0,1,5,2,8,9,2,6,1,0,1,5,0,5,5,5:0,5:5,5:0:5:5
223,arc-gen,8,5,5,0,1,5,3,8,9,2,5,1,1,1,5,0,5,7,5:0,5:7,5:0:5:7
224,arc-gen,4,8,7,1,0,1,4,5,8,3,3,1,0,1,1,7,0,7,1:7,0:7,1:7:0:7
224,arc-gen,4,9,7,1,0,1,5,5,8,3,2,1,1,1,1,7,7,7,1:7,7:7,1:7:7:7
224,arc-gen,4,10,7,0,1,1,6,5,8,3,1,1,0,1,1,7,7,7,1:7,7:7,1:7:7:7
224,arc-gen,4,11,7,0,1,1,7,5,8,3,0,1,1,1,0,7,7,0,0:7,7:0,0:7:7:0
224,arc-gen,5,8,7,1,0,2,4,5,8,2,3,0,0,1,7,7,0,7,7:7,0:7,7:7:0:7
224,arc-gen,5,9,7,0,1,2,5,5,8,2,2,0,1,1,7,7,7,7,7:7,7:7,7:7:7:7
224,arc-gen,5,10,7,0,1,2,6,5,8,2,1,0,0,1,7,7,7,7,7:7,7:7,7:7:7:7
224,arc-gen,5,11,7,0,1,2,7,5,8,2,0,0,1,1,7,7,7,0,7:7,7:0,7:7:7:0
224,arc-gen,6,8,7,1,0,3,4,5,8,1,3,1,0,1,7,1,0,7,7:1,0:7,7:1:0:7
224,arc-gen,6,9,7,0,1,3,5,5,8,1,2,1,1,1,7,0,7,7,7:0,7:7,7:0:7:7
224,arc-gen,6,10,7,0,1,3,6,5,8,1,1,1,0,1,7,0,7,7,7:0,7:7,7:0:7:7
224,arc-gen,6,11,7,0,1,3,7,5,8,1,0,1,1,1,7,0,7,0,7:0,7:0,7:0:7:0
225,arc-gen,6,11,4,3,0,2,5,7,9,4,3,0,1,1,3,4,3,4,3:4,3:4,3:4:3:4
225,arc-gen,6,12,4,0,1,2,6,7,9,4,2,0,0,1,0,4,4,4,0:4,4:4,0:4:4:4
225,arc-gen,6,13,4,0,1,2,7,7,9,4,1,0,1,1,0,4,4,4,0:4,4:4,0:4:4:4
225,arc-gen,6,14,4,0,1,2,8,7,9,4,0,0,0,1,0,4,4,0,0:4,4:0,0:4:4:0
225,arc-gen,7,11,4,3,0,3,5,7,9,3,3,1,1,1,4,4,3,4,4:4,3:4,4:4:3:4
225,arc-gen,7,12,4,0,1,3,6,7,9,3,2,1,0,1,4,4,4,4,4:4,4:4,4:4:4:4
225,arc-gen,7,13,4,0,1,3,7,7,9,3,1,1,1,1,4,4,4,4,4:4,4:4,4:4:4:4
225,arc-gen,7,14,4,0,1,3,8,7,9,3,0,1,0,1,4,4,4,0,4:4,4:0,4:4:4:0
225,arc-gen,8,11,4,3,0,4,5,7,9,2,3,0,1,1,4,4,3,4,4:4,3:4,4:4:3:4
225,arc-gen,8,12,4,0,1,4,6,7,9,2,2,0,0,1,4,4,4,4,4:4,4:4,4:4:4:4
225,arc-gen,8,13,4,0,1,4,7,7,9,2,1,0,1,1,4,4,4,4,4:4,4:4,4:4:4:4
225,arc-gen,8,14,4,0,1,4,8,7,9,2,0,0,0,1,4,4,4,0,4:4,4:0,4:4:4:0
225,arc-gen,9,11,4,0,1,5,5,7,9,1,3,1,1,1,4,4,0,4,4:4,0:4,4:4:0:4
225,arc-gen,9,12,4,0,1,5,6,7,9,1,2,1,0,1,4,4,4,4,4:4,4:4,4:4:4:4
225,arc-gen,9,13,4,0,1,5,7,7,9,1,1,1,1,1,4,4,4,4,4:4,4:4,4:4:4:4
225,arc-gen,9,14,4,0,1,5,8,7,9,1,0,1,0,1,4,4,4,0,4:4,4:0,4:4:4:0
225,arc-gen,10,11,4,0,1,6,5,7,9,0,3,0,1,1,4,0,0,4,4:0,0:4,4:0:0:4
225,arc-gen,10,12,4,0,1,6,6,7,9,0,2,0,0,1,4,0,4,4,4:0,4:4,4:0:4:4
225,arc-gen,10,13,4,0,1,6,7,7,9,0,1,0,1,1,4,0,4,4,4:0,4:4,4:0:4:4
225,arc-gen,10,14,4,0,1,6,8,7,9,0,0,0,0,1,4,0,4,0,4:0,4:0,4:0:4:0
226,arc-gen,7,8,9,2,0,2,4,7,8,4,3,0,0,1,2,9,2,9,2:9,2:9,2:9:2:9
226,arc-gen,7,9,9,2,0,2,5,7,8,4,2,0,1,1,2,9,9,9,2:9,9:9,2:9:9:9
226,arc-gen,7,10,9,2,0,2,6,7,8,4,1,0,0,1,2,9,9,9,2:9,9:9,2:9:9:9
226,arc-gen,7,11,9,0,1,2,7,7,8,4,0,0,1,1,0,9,9,0,0:9,9:0,0:9:9:0
226,arc-gen,8,8,9,2,0,3,4,7,8,3,3,1,0,1,9,9,2,9,9:9,2:9,9:9:2:9
226,arc-gen,8,9,9,2,0,3,5,7,8,3,2,1,1,1,9,9,9,9,9:9,9:9,9:9:9:9
226,arc-gen,8,10,9,0,1,3,6,7,8,3,1,1,0,1,9,9,9,9,9:9,9:9,9:9:9:9
226,arc-gen,8,11,9,0,1,3,7,7,8,3,0,1,1,1,9,9,9,0,9:9,9:0,9:9:9:0
226,arc-gen,9,8,9,2,0,4,4,7,8,2,3,0,0,1,9,9,0,9,9:9,0:9,9:9:0:9
226,arc-gen,9,9,9,2,0,4,5,7,8,2,2,0,1,1,9,9,9,9,9:9,9:9,9:9:9:9
226,arc-gen,9,10,9,0,1,4,6,7,8,2,1,0,0,1,9,9,9,9,9:9,9:9,9:9:9:9
226,arc-gen,9,11,9,0,1,4,7,7,8,2,0,0,1,1,9,9,9,0,9:9,9:0,9:9:9:0
226,arc-gen,10,8,9,2,0,5,4,7,8,1,3,1,0,1,9,9,2,9,9:9,2:9,9:9:2:9
226,arc-gen,10,9,9,2,0,5,5,7,8,1,2,1,1,1,9,9,9,9,9:9,9:9,9:9:9:9
226,arc-gen,10,10,9,0,1,5,6,7,8,1,1,1,0,1,9,9,9,9,9:9,9:9,9:9:9:9
226,arc-gen,10,11,9,0,1,5,7,7,8,1,0,1,1,1,9,9,9,0,9:9,9:0,9:9:9:0
226,arc-gen,11,8,9,2,0,6,4,7,8,0,3,0,0,1,9,0,0,9,9:0,0:9,9:0:0:9
226,arc-gen,11,9,9,2,0,6,5,7,8,0,2,0,1,1,9,0,9,9,9:0,9:9,9:0:9:9
226,arc-gen,11,10,9,2,0,6,6,7,8,0,1,0,0,1,9,0,9,9,9:0,9:9,9:0:9:9
226,arc-gen,11,11,9,0,1,6,7,7,8,0,0,0,1,1,9,0,9,0,9:0,9:0,9:0:9:0
227,arc-gen,4,2,6,9,0,2,0,5,8,2,7,0,0,1,0,6,0,6,0:6,0:6,0:6:0:6
227,arc-gen,4,3,6,9,0,2,1,5,8,2,6,0,1,1,0,6,6,6,0:6,6:6,0:6:6:6
227,arc-gen,4,4,6,9,0,2,2,5,8,2,5,0,0,1,9,6,6,6,9:6,6:6,9:6:6:6
227,arc-gen,4,5,6,9,0,2,3,5,8,2,4,0,1,1,9,6,6,9,9:6,6:9,9:6:6:9
227,arc-gen,5,2,6,9,0,3,0,5,8,1,7,1,0,1,6,6,0,6,6:6,0:6,6:6:0:6
227,arc-gen,5,3,6,9,0,3,1,5,8,1,6,1,1,1,6,6,6,6,6:6,6:6,6:6:6:6
227,arc-gen,5,4,6,9,0,3,2,5,8,1,5,1,0,1,6,6,6,6,6:6,6:6,6:6:6:6
227,arc-gen,5,5,6,9,0,3,3,5,8,1,4,1,1,1,6,6,6,9,6:6,6:9,6:6:6:9
227,arc-gen,6,2,6,9,0,4,0,5,8,0,7,0,0,1,6,0,0,6,6:0,0:6,6:0:0:6
227,arc-gen,6,3,6,0,1,4,1,5,8,0,6,0,1,1,6,0,6,6,6:0,6:6,6:0:6:6
227,arc-gen,6,4,6,0,1,4,2,5,8,0,5,0,0,1,6,0,6,6,6:0,6:6,6:0:6:6
227,arc-gen,6,5,6,0,1,4,3,5,8,0,4,0,1,1,6,0,6,0,6:0,6:0,6:0:6:0
228,arc-gen,4,2,9,0,1,1,0,4,7,2,6,1,0,0,0,9,0,9,0:9,0:9,0:9:0:9
228,arc-gen,4,3,9,0,1,1,1,4,7,2,5,1,1,0,7,9,9,9,7:9,9:9,7:9:9:9
228,arc-gen,4,4,9,7,0,1,2,4,7,2,4,1,0,0,7,9,9,9,7:9,9:9,7:9:9:9
228,arc-gen,4,5,9,7,0,1,3,4,7,2,3,1,1,0,7,9,9,7,7:9,9:7,7:9:9:7
228,arc-gen,5,2,9,0,1,2,0,4,7,1,6,0,0,0,9,9,0,9,9:9,0:9,9:9:0:9
228,arc-gen,5,3,9,0,1,2,1,4,7,1,5,0,1,0,9,9,9,9,9:9,9:9,9:9:9:9
228,arc-gen,5,4,9,0,1,2,2,4,7,1,4,0,0,0,9,9,9,9,9:9,9:9,9:9:9:9
228,arc-gen,5,5,9,7,0,2,3,4,7,1,3,0,1,0,9,9,9,7,9:9,9:7,9:9:9:7
228,arc-gen,6,2,9,0,1,3,0,4,7,0,6,1,0,0,9,0,0,9,9:0,0:9,9:0:0:9
228,arc-gen,6,3,9,0,1,3,1,4,7,0,5,1,1,0,9,0,9,9,9:0,9:9,9:0:9:9
228,arc-gen,6,4,9,7,0,3,2,4,7,0,4,1,0,0,9,0,9,9,9:0,9:9,9:0:9:9
228,arc-gen,6,5,9,7,0,3,3,4,7,0,3,1,1,0,9,0,9,7,9:0,9:7,9:0:9:7
229,arc-gen,5,1,6,0,1,2,0,5,9,2,8,0,0,1,0,6,0,6,0:6,0:6,0:6:0:6
229,arc-gen,5,2,6,0,1,2,1,5,9,2,7,0,1,1,0,6,6,6,0:6,6:6,0:6:6:6
229,arc-gen,5,3,6,4,0,2,2,5,9,2,6,0,0,1,4,6,6,6,4:6,6:6,4:6:6:6
229,arc-gen,5,4,6,0,1,2,3,5,9,2,5,0,1,1,4,6,6,4,4:6,6:4,4:6:6:4
229,arc-gen,6,1,6,0,1,3,0,5,9,1,8,1,0,1,6,6,0,6,6:6,0:6,6:6:0:6
229,arc-gen,6,2,6,0,1,3,1,5,9,1,7,1,1,1,6,6,6,6,6:6,6:6,6:6:6:6
229,arc-gen,6,3,6,0,1,3,2,5,9,1,6,1,0,1,6,6,6,6,6:6,6:6,6:6:6:6
229,arc-gen,6,4,6,0,1,3,3,5,9,1,5,1,1,1,6,6,6,0,6:6,6:0,6:6:6:0
229,arc-gen,7,1,6,0,1,4,0,5,9,0,8,0,0,1,6,0,0,6,6:0,0:6,6:0:0:6
229,arc-gen,7,2,6,0,1,4,1,5,9,0,7,0,1,1,6,0,6,6,6:0,6:6,6:0:6:6
229,arc-gen,7,3,6,0,1,4,2,5,9,0,6,0,0,1,6,0,6,6,6:0,6:6,6:0:6:6
229,arc-gen,7,4,6,0,1,4,3,5,9,0,5,0,1,1,6,0,6,0,6:0,6:0,6:0:6:0
230,arc-gen,7,9,8,0,1,2,4,6,8,3,3,0,0,0,7,8,7,8,7:8,7:8,7:8:7:8
230,arc-gen,7,10,8,7,0,2,5,6,8,3,2,0,1,0,7,8,8,8,7:8,8:8,7:8:8:8
230,arc-gen,7,11,8,0,1,2,6,6,8,3,1,0,0,0,0,8,8,8,0:8,8:8,0:8:8:8
230,arc-gen,7,12,8,0,1,2,7,6,8,3,0,0,1,0,0,8,8,0,0:8,8:0,0:8:8:0
230,arc-gen,8,9,8,0,1,3,4,6,8,2,3,1,0,0,8,8,0,8,8:8,0:8,8:8:0:8
230,arc-gen,8,10,8,0,1,3,5,6,8,2,2,1,1,0,8,8,8,8,8:8,8:8,8:8:8:8
230,arc-gen,8,11,8,0,1,3,6,6,8,2,1,1,0,0,8,8,8,8,8:8,8:8,8:8:8:8
230,arc-gen,8,12,8,0,1,3,7,6,8,2,0,1,1,0,8,8,8,0,8:8,8:0,8:8:8:0
230,arc-gen,9,9,8,0,1,4,4,6,8,1,3,0,0,0,8,8,0,8,8:8,0:8,8:8:0:8
230,arc-gen,9,10,8,0,1,4,5,6,8,1,2,0,1,0,8,8,8,8,8:8,8:8,8:8:8:8
230,arc-gen,9,11,8,0,1,4,6,6,8,1,1,0,0,0,8,8,8,8,8:8,8:8,8:8:8:8
230,arc-gen,9,12,8,0,1,4,7,6,8,1,0,0,1,0,8,8,8,0,8:8,8:0,8:8:8:0
230,arc-gen,10,9,8,0,1,5,4,6,8,0,3,1,0,0,8,0,0,8,8:0,0:8,8:0:0:8
230,arc-gen,10,10,8,0,1,5,5,6,8,0,2,1,1,0,8,0,8,8,8:0,8:8,8:0:8:8
230,arc-gen,10,11,8,0,1,5,6,6,8,0,1,1,0,0,8,0,8,8,8:0,8:8,8:0:8:8
230,arc-gen,10,12,8,0,1,5,7,6,8,0,0,1,1,0,8,0,8,0,8:0,8:0,8:0:8:0
231,arc-gen,4,9,7,4,0,2,5,5,9,2,3,0,1,1,0,7,4,7,0:7,4:7,0:7:4:7
231,arc-gen,4,10,7,0,1,2,6,5,9,2,2,0,0,1,4,7,7,7,4:7,7:7,4:7:7:7
231,arc-gen,4,11,7,0,1,2,7,5,9,2,1,0,1,1,0,7,7,7,0:7,7:7,0:7:7:7
231,arc-gen,4,12,7,0,1,2,8,5,9,2,0,0,0,1,0,7,7,0,0:7,7:0,0:7:7:0
231,arc-gen,5,9,7,4,0,3,5,5,9,1,3,1,1,1,7,7,0,7,7:7,0:7,7:7:0:7
231,arc-gen,5,10,7,4,0,3,6,5,9,1,2,1,0,1,7,7,7,7,7:7,7:7,7:7:7:7
231,arc-gen,5,11,7,0,1,3,7,5,9,1,1,1,1,1,7,7,7,7,7:7,7:7,7:7:7:7
231,arc-gen,5,12,7,0,1,3,8,5,9,1,0,1,0,1,7,7,7,0,7:7,7:0,7:7:7:0
231,arc-gen,6,9,7,0,1,4,5,5,9,0,3,0,1,1,7,0,0,7,7:0,0:7,7:0:0:7
231,arc-gen,6,10,7,0,1,4,6,5,9,0,2,0,0,1,7,0,7,7,7:0,7:7,7:0:7:7
231,arc-gen,6,11,7,0,1,4,7,5,9,0,1,0,1,1,7,0,7,7,7:0,7:7,7:0:7:7
231,arc-gen,6,12,7,0,1,4,8,5,9,0,0,0,0,1,7,0,7,0,7:0,7:0,7:0:7:0
232,arc-gen,5,2,2,0,1,1,0,7,7,5,6,1,0,0,0,2,0,2,0:2,0:2,0:2:0:2
232,arc-gen,5,3,2,0,1,1,1,7,7,5,5,1,1,0,0,2,2,2,0:2,2:2,0:2:2:2
232,arc-gen,5,4,2,0,1,1,2,7,7,5,4,1,0,0,0,2,2,2,0:2,2:2,0:2:2:2
232,arc-gen,5,5,2,4,0,1,3,7,7,5,3,1,1,0,0,2,2,4,0:2,2:4,0:2:2:4
232,arc-gen,6,2,2,0,1,2,0,7,7,4,6,0,0,0,2,2,0,2,2:2,0:2,2:2:0:2
232,arc-gen,6,3,2,0,1,2,1,7,7,4,5,0,1,0,2,2,2,2,2:2,2:2,2:2:2:2
232,arc-gen,6,4,2,4,0,2,2,7,7,4,4,0,0,0,2,2,2,2,2:2,2:2,2:2:2:2
232,arc-gen,6,5,2,4,0,2,3,7,7,4,3,0,1,0,2,2,2,4,2:2,2:4,2:2:2:4
232,arc-gen,7,2,2,0,1,3,0,7,7,3,6,1,0,0,2,0,0,2,2:0,0:2,2:0:0:2
232,arc-gen,7,3,2,0,1,3,1,7,7,3,5,1,1,0,2,0,2,2,2:0,2:2,2:0:2:2
232,arc-gen,7,4,2,0,1,3,2,7,7,3,4,1,0,0,2,0,2,2,2:0,2:2,2:0:2:2
232,arc-gen,7,5,2,4,0,3,3,7,7,3,3,1,1,0,2,0,2,4,2:0,2:4,2:0:2:4
233,arc-gen,6,6,2,0,1,1,0,6,8,4,7,1,0,0,3,2,0,2,3:2,0:2,3:2:0:2
233,arc-gen,6,7,2,3,0,1,1,6,8,4,6,1,1,0,3,2,2,2,3:2,2:2,3:2:2:2
233,arc-gen,6,8,2,3,0,1,2,6,8,4,5,1,0,0,3,2,2,2,3:2,2:2,3:2:2:2
233,arc-gen,6,9,2,3,0,1,3,6,8,4,4,1,1,0,3,2,2,3,3:2,2:3,3:2:2:3
233,arc-gen,7,6,2,0,1,2,0,6,8,3,7,0,0,0,2,2,0,2,2:2,0:2,2:2:0:2
233,arc-gen,7,7,2,3,0,2,1,6,8,3,6,0,1,0,2,2,2,2,2:2,2:2,2:2:2:2
233,arc-gen,7,8,2,3,0,2,2,6,8,3,5,0,0,0,2,2,2,2,2:2,2:2,2:2:2:2
233,arc-gen,7,9,2,3,0,2,3,6,8,3,4,0,1,0,2,2,2,3,2:2,2:3,2:2:2:3
233,arc-gen,8,6,2,3,0,3,0,6,8,2,7,1,0,0,2,2,0,2,2:2,0:2,2:2:0:2
233,arc-gen,8,7,2,3,0,3,1,6,8,2,6,1,1,0,2,2,2,2,2:2,2:2,2:2:2:2
233,arc-gen,8,8,2,3,0,3,2,6,8,2,5,1,0,0,2,2,2,2,2:2,2:2,2:2:2:2
233,arc-gen,8,9,2,3,0,3,3,6,8,2,4,1,1,0,2,2,2,3,2:2,2:3,2:2:2:3
233,arc-gen,9,6,2,3,0,4,0,6,8,1,7,0,0,0,2,2,0,2,2:2,0:2,2:2:0:2
233,arc-gen,9,7,2,0,1,4,1,6,8,1,6,0,1,0,2,2,2,2,2:2,2:2,2:2:2:2
233,arc-gen,9,8,2,3,0,4,2,6,8,1,5,0,0,0,2,2,2,2,2:2,2:2,2:2:2:2
233,arc-gen,9,9,2,0,1,4,3,6,8,1,4,0,1,0,2,2,2,0,2:2,2:0,2:2:2:0
233,arc-gen,10,6,2,0,1,5,0,6,8,0,7,1,0,0,2,0,0,2,2:0,0:2,2:0:0:2
233,arc-gen,10,7,2,0,1,5,1,6,8,0,6,1,1,0,2,0,2,2,2:0,2:2,2:0:2:2
233,arc-gen,10,8,2,0,1,5,2,6,8,0,5,1,0,0,2,0,2,2,2:0,2:2,2:0:2:2
233,arc-gen,10,9,2,0,1,5,3,6,8,0,4,1,1,0,2,0,2,0,2:0,2:0,2:0:2:0
234,arc-gen,4,9,1,3,0,2,4,6,8,3,3,0,0,1,3,1,3,1,3:1,3:1,3:1:3:1
234,arc-gen,4,10,1,3,0,2,5,6,8,3,2,0,1,1,3,1,1,1,3:1,1:1,3:1:1:1
234,arc-gen,4,11,1,0,1,2,6,6,8,3,1,0,0,1,3,1,1,1,3:1,1:1,3:1:1:1
234,arc-gen,4,12,1,0,1,2,7,6,8,3,0,0,1,1,3,1,1,0,3:1,1:0,3:1:1:0
234,arc-gen,5,9,1,3,0,3,4,6,8,2,3,1,0,1,1,1,3,1,1:1,3:1,1:1:3:1
234,arc-gen,5,10,1,3,0,3,5,6,8,2,2,1,1,1,1,1,1,1,1:1,1:1,1:1:1:1
234,arc-gen,5,11,1,3,0,3,6,6,8,2,1,1,0,1,1,1,1,1,1:1,1:1,1:1:1:1
234,arc-gen,5,12,1,3,0,3,7,6,8,2,0,1,1,1,1,1,1,0,1:1,1:0,1:1:1:0
234,arc-gen,6,9,1,3,0,4,4,6,8,1,3,0,0,1,1,1,3,1,1:1,3:1,1:1:3:1
234,arc-gen,6,10,1,3,0,4,5,6,8,1,2,0,1,1,1,1,1,1,1:1,1:1,1:1:1:1
234,arc-gen,6,11,1,3,0,4,6,6,8,1,1,0,0,1,1,1,1,1,1:1,1:1,1:1:1:1
234,arc-gen,6,12,1,0,1,4,7,6,8,1,0,0,1,1,1,1,1,0,1:1,1:0,1:1:1:0
234,arc-gen,7,9,1,0,1,5,4,6,8,0,3,1,0,1,1,0,0,1,1:0,0:1,1:0:0:1
234,arc-gen,7,10,1,0,1,5,5,6,8,0,2,1,1,1,1,0,1,1,1:0,1:1,1:0:1:1
234,arc-gen,7,11,1,0,1,5,6,6,8,0,1,1,0,1,1,0,1,1,1:0,1:1,1:0:1:1
234,arc-gen,7,12,1,0,1,5,7,6,8,0,0,1,1,1,1,0,1,0,1:0,1:0,1:0:1:0
235,arc-gen,6,0,6,0,1,2,0,6,9,3,8,0,0,1,0,6,-1,6,0:6,-1:6,0:6:-1:6
235,arc-gen,6,1,6,0,1,2,1,6,9,3,7,0,1,1,0,6,6,6,0:6,6:6,0:6:6:6
235,arc-gen,6,2,6,4,0,2,2,6,9,3,6,0,0,1,4,6,6,6,4:6,6:6,4:6:6:6
235,arc-gen,6,3,6,4,0,2,3,6,9,3,5,0,1,1,4,6,6,4,4:6,6:4,4:6:6:4
235,arc-gen,7,0,6,0,1,3,0,6,9,2,8,1,0,1,6,6,-1,6,6:6,-1:6,6:6:-1:6
235,arc-gen,7,1,6,0,1,3,1,6,9,2,7,1,1,1,6,6,6,6,6:6,6:6,6:6:6:6
235,arc-gen,7,2,6,0,1,3,2,6,9,2,6,1,0,1,6,6,6,6,6:6,6:6,6:6:6:6
235,arc-gen,7,3,6,4,0,3,3,6,9,2,5,1,1,1,6,6,6,4,6:6,6:4,6:6:6:4
235,arc-gen,8,0,6,0,1,4,0,6,9,1,8,0,0,1,6,6,-1,6,6:6,-1:6,6:6:-1:6
235,arc-gen,8,1,6,0,1,4,1,6,9,1,7,0,1,1,6,6,6,6,6:6,6:6,6:6:6:6
235,arc-gen,8,2,6,0,1,4,2,6,9,1,6,0,0,1,6,6,6,6,6:6,6:6,6:6:6:6
235,arc-gen,8,3,6,4,0,4,3,6,9,1,5,0,1,1,6,6,6,0,6:6,6:0,6:6:6:0
235,arc-gen,9,0,6,0,1,5,0,6,9,0,8,1,0,1,6,0,-1,6,6:0,-1:6,6:0:-1:6
235,arc-gen,9,1,6,0,1,5,1,6,9,0,7,1,1,1,6,0,6,6,6:0,6:6,6:0:6:6
235,arc-gen,9,2,6,0,1,5,2,6,9,0,6,1,0,1,6,0,6,6,6:0,6:6,6:0:6:6
235,arc-gen,9,3,6,4,0,5,3,6,9,0,5,1,1,1,6,0,6,0,6:0,6:0,6:0:6:0
236,arc-gen,4,8,6,4,0,1,4,5,8,3,3,1,0,0,4,6,4,6,4:6,4:6,4:6:4:6
236,arc-gen,4,9,6,4,0,1,5,5,8,3,2,1,1,0,4,6,6,6,4:6,6:6,4:6:6:6
236,arc-gen,4,10,6,0,1,1,6,5,8,3,1,1,0,0,4,6,6,6,4:6,6:6,4:6:6:6
236,arc-gen,4,11,6,4,0,1,7,5,8,3,0,1,1,0,4,6,6,0,4:6,6:0,4:6:6:0
236,arc-gen,5,8,6,0,1,2,4,5,8,2,3,0,0,0,6,6,0,6,6:6,0:6,6:6:0:6
236,arc-gen,5,9,6,4,0,2,5,5,8,2,2,0,1,0,6,6,6,6,6:6,6:6,6:6:6:6
236,arc-gen,5,10,6,0,1,2,6,5,8,2,1,0,0,0,6,6,6,6,6:6,6:6,6:6:6:6
236,arc-gen,5,11,6,0,1,2,7,5,8,2,0,0,1,0,6,6,6,0,6:6,6:0,6:6:6:0
236,arc-gen,6,8,6,0,1,3,4,5,8,1,3,1,0,0,6,6,0,6,6:6,0:6,6:6:0:6
236,arc-gen,6,9,6,4,0,3,5,5,8,1,2,1,1,0,6,6,6,6,6:6,6:6,6:6:6:6
236,arc-gen,6,10,6,0,1,3,6,5,8,1,1,1,0,0,6,6,6,6,6:6,6:6,6:6:6:6
236,arc-gen,6,11,6,0,1,3,7,5,8,1,0,1,1,0,6,6,6,0,6:6,6:0,6:6:6:0
236,arc-gen,7,8,6,0,1,4,4,5,8,0,3,0,0,0,6,0,0,6,6:0,0:6,6:0:0:6
236,arc-gen,7,9,6,0,1,4,5,5,8,0,2,0,1,0,6,0,6,6,6:0,6:6,6:0:6:6
236,arc-gen,7,10,6,0,1,4,6,5,8,0,1,0,0,0,6,0,6,6,6:0,6:6,6:0:6:6
236,arc-gen,7,11,6,0,1,4,7,5,8,0,0,0,1,0,6,0,6,0,6:0,6:0,6:0:6:0
237,arc-gen,4,12,1,4,0,2,4,5,8,2,3,0,0,1,4,1,4,1,4:1,4:1,4:1:4:1
237,arc-gen,4,13,1,0,1,2,5,5,8,2,2,0,1,1,0,1,1,1,0:1,1:1,0:1:1:1
237,arc-gen,4,14,1,0,1,2,6,5,8,2,1,0,0,1,0,1,1,1,0:1,1:1,0:1:1:1
237,arc-gen,4,15,1,0,1,2,7,5,8,2,0,0,1,1,0,1,1,-1,0:1,1:-1,0:1:1:-1
237,arc-gen,5,12,1,0,1,3,4,5,8,1,3,1,0,1,1,1,0,1,1:1,0:1,1:1:0:1
237,arc-gen,5,13,1,0,1,3,5,5,8,1,2,1,1,1,1,1,1,1,1:1,1:1,1:1:1:1
237,arc-gen,5,14,1,0,1,3,6,5,8,1,1,1,0,1,1,1,1,1,1:1,1:1,1:1:1:1
237,arc-gen,5,15,1,0,1,3,7,5,8,1,0,1,1,1,1,1,1,-1,1:1,1:-1,1:1:1:-1
237,arc-gen,6,12,1,0,1,4,4,5,8,0,3,0,0,1,1,0,0,1,1:0,0:1,1:0:0:1
237,arc-gen,6,13,1,0,1,4,5,5,8,0,2,0,1,1,1,0,1,1,1:0,1:1,1:0:1:1
237,arc-gen,6,14,1,0,1,4,6,5,8,0,1,0,0,1,1,0,1,1,1:0,1:1,1:0:1:1
237,arc-gen,6,15,1,0,1,4,7,5,8,0,0,0,1,1,1,0,1,-1,1:0,1:-1,1:0:1:-1
238,arc-gen,5,2,9,0,1,1,0,5,9,3,8,1,0,1,0,9,0,9,0:9,0:9,0:9:0:9
238,arc-gen,5,3,9,0,1,1,1,5,9,3,7,1,1,1,0,9,9,9,0:9,9:9,0:9:9:9
238,arc-gen,5,4,9,0,1,1,2,5,9,3,6,1,0,1,0,9,9,9,0:9,9:9,0:9:9:9
238,arc-gen,5,5,9,4,0,1,3,5,9,3,5,1,1,1,4,9,9,4,4:9,9:4,4:9:9:4
238,arc-gen,6,2,9,0,1,2,0,5,9,2,8,0,0,1,9,9,0,9,9:9,0:9,9:9:0:9
238,arc-gen,6,3,9,0,1,2,1,5,9,2,7,0,1,1,9,9,9,9,9:9,9:9,9:9:9:9
238,arc-gen,6,4,9,0,1,2,2,5,9,2,6,0,0,1,9,9,9,9,9:9,9:9,9:9:9:9
238,arc-gen,6,5,9,4,0,2,3,5,9,2,5,0,1,1,9,9,9,0,9:9,9:0,9:9:9:0
238,arc-gen,7,2,9,0,1,3,0,5,9,1,8,1,0,1,9,0,0,9,9:0,0:9,9:0:0:9
238,arc-gen,7,3,9,0,1,3,1,5,9,1,7,1,1,1,9,4,9,9,9:4,9:9,9:4:9:9
238,arc-gen,7,4,9,0,1,3,2,5,9,1,6,1,0,1,9,4,9,9,9:4,9:9,9:4:9:9
238,arc-gen,7,5,9,4,0,3,3,5,9,1,5,1,1,1,9,4,9,0,9:4,9:0,9:4:9:0
239,arc-gen,6,3,2,0,1,2,0,7,9,4,8,0,0,1,0,2,0,2,0:2,0:2,0:2:0:2
239,arc-gen,6,4,2,0,1,2,1,7,9,4,7,0,1,1,0,2,2,2,0:2,2:2,0:2:2:2
239,arc-gen,6,5,2,0,1,2,2,7,9,4,6,0,0,1,0,2,2,2,0:2,2:2,0:2:2:2
239,arc-gen,6,6,2,0,1,2,3,7,9,4,5,0,1,1,1,2,2,1,1:2,2:1,1:2:2:1
239,arc-gen,7,3,2,0,1,3,0,7,9,3,8,1,0,1,2,2,0,2,2:2,0:2,2:2:0:2
239,arc-gen,7,4,2,0,1,3,1,7,9,3,7,1,1,1,2,2,2,2,2:2,2:2,2:2:2:2
239,arc-gen,7,5,2,1,0,3,2,7,9,3,6,1,0,1,2,2,2,2,2:2,2:2,2:2:2:2
239,arc-gen,7,6,2,1,0,3,3,7,9,3,5,1,1,1,2,2,2,1,2:2,2:1,2:2:2:1
239,arc-gen,8,3,2,0,1,4,0,7,9,2,8,0,0,1,2,2,0,2,2:2,0:2,2:2:0:2
239,arc-gen,8,4,2,0,1,4,1,7,9,2,7,0,1,1,2,2,2,2,2:2,2:2,2:2:2:2
239,arc-gen,8,5,2,0,1,4,2,7,9,2,6,0,0,1,2,2,2,2,2:2,2:2,2:2:2:2
239,arc-gen,8,6,2,0,1,4,3,7,9,2,5,0,1,1,2,2,2,0,2:2,2:0,2:2:2:0
239,arc-gen,9,3,2,0,1,5,0,7,9,1,8,1,0,1,2,2,0,2,2:2,0:2,2:2:0:2
239,arc-gen,9,4,2,0,1,5,1,7,9,1,7,1,1,1,2,2,2,2,2:2,2:2,2:2:2:2
239,arc-gen,9,5,2,0,1,5,2,7,9,1,6,1,0,1,2,2,2,2,2:2,2:2,2:2:2:2
239,arc-gen,9,6,2,0,1,5,3,7,9,1,5,1,1,1,2,2,2,0,2:2,2:0,2:2:2:0
239,arc-gen,10,3,2,0,1,6,0,7,9,0,8,0,0,1,2,0,0,2,2:0,0:2,2:0:0:2
239,arc-gen,10,4,2,0,1,6,1,7,9,0,7,0,1,1,2,0,2,2,2:0,2:2,2:0:2:2
239,arc-gen,10,5,2,0,1,6,2,7,9,0,6,0,0,1,2,0,2,2,2:0,2:2,2:0:2:2
239,arc-gen,10,6,2,0,1,6,3,7,9,0,5,0,1,1,2,0,2,0,2:0,2:0,2:0:2:0
240,arc-gen,7,11,2,8,0,2,5,6,9,3,3,0,1,1,8,2,8,2,8:2,8:2,8:2:8:2
240,arc-gen,7,12,2,8,0,2,6,6,9,3,2,0,0,1,0,2,2,2,0:2,2:2,0:2:2:2
240,arc-gen,7,13,2,0,1,2,7,6,9,3,1,0,1,1,0,2,2,2,0:2,2:2,0:2:2:2
240,arc-gen,7,14,2,0,1,2,8,6,9,3,0,0,0,1,0,2,2,0,0:2,2:0,0:2:2:0
240,arc-gen,8,11,2,0,1,3,5,6,9,2,3,1,1,1,2,2,8,2,2:2,8:2,2:2:8:2
240,arc-gen,8,12,2,8,0,3,6,6,9,2,2,1,0,1,2,2,2,2,2:2,2:2,2:2:2:2
240,arc-gen,8,13,2,0,1,3,7,6,9,2,1,1,1,1,2,2,2,2,2:2,2:2,2:2:2:2
240,arc-gen,8,14,2,0,1,3,8,6,9,2,0,1,0,1,2,2,2,0,2:2,2:0,2:2:2:0
240,arc-gen,9,11,2,8,0,4,5,6,9,1,3,0,1,1,2,2,8,2,2:2,8:2,2:2:8:2
240,arc-gen,9,12,2,0,1,4,6,6,9,1,2,0,0,1,2,2,2,2,2:2,2:2,2:2:2:2
240,arc-gen,9,13,2,0,1,4,7,6,9,1,1,0,1,1,2,2,2,2,2:2,2:2,2:2:2:2
240,arc-gen,9,14,2,0,1,4,8,6,9,1,0,0,0,1,2,2,2,0,2:2,2:0,2:2:2:0
240,arc-gen,10,11,2,0,1,5,5,6,9,0,3,1,1,1,2,0,0,2,2:0,0:2,2:0:0:2
240,arc-gen,10,12,2,0,1,5,6,6,9,0,2,1,0,1,2,0,2,2,2:0,2:2,2:0:2:2
240,arc-gen,10,13,2,0,1,5,7,6,9,0,1,1,1,1,2,0,2,2,2:0,2:2,2:0:2:2
240,arc-gen,10,14,2,0,1,5,8,6,9,0,0,1,0,1,2,0,2,0,2:0,2:0,2:0:2:0
241,arc-gen,4,11,1,6,0,2,5,7,9,4,3,0,1,1,6,1,6,1,6:1,6:1,6:1:6:1
241,arc-gen,4,12,1,6,0,2,6,7,9,4,2,0,0,1,6,1,1,1,6:1,1:1,6:1:1:1
241,arc-gen,4,13,1,6,0,2,7,7,9,4,1,0,1,1,6,1,1,1,6:1,1:1,6:1:1:1
241,arc-gen,4,14,1,0,1,2,8,7,9,4,0,0,0,1,0,1,1,0,0:1,1:0,0:1:1:0
241,arc-gen,5,11,1,0,1,3,5,7,9,3,3,1,1,1,1,1,6,1,1:1,6:1,1:1:6:1
241,arc-gen,5,12,1,0,1,3,6,7,9,3,2,1,0,1,1,1,1,1,1:1,1:1,1:1:1:1
241,arc-gen,5,13,1,0,1,3,7,7,9,3,1,1,1,1,1,1,1,1,1:1,1:1,1:1:1:1
241,arc-gen,5,14,1,0,1,3,8,7,9,3,0,1,0,1,1,1,1,0,1:1,1:0,1:1:1:0
241,arc-gen,6,11,1,6,0,4,5,7,9,2,3,0,1,1,1,1,6,1,1:1,6:1,1:1:6:1
241,arc-gen,6,12,1,0,1,4,6,7,9,2,2,0,0,1,1,1,1,1,1:1,1:1,1:1:1:1
241,arc-gen,6,13,1,0,1,4,7,7,9,2,1,0,1,1,1,1,1,1,1:1,1:1,1:1:1:1
241,arc-gen,6,14,1,0,1,4,8,7,9,2,0,0,0,1,1,1,1,0,1:1,1:0,1:1:1:0
241,arc-gen,7,11,1,6,0,5,5,7,9,1,3,1,1,1,1,1,6,1,1:1,6:1,1:1:6:1
241,arc-gen,7,12,1,0,1,5,6,7,9,1,2,1,0,1,1,1,1,1,1:1,1:1,1:1:1:1
241,arc-gen,7,13,1,0,1,5,7,7,9,1,1,1,1,1,1,1,1,1,1:1,1:1,1:1:1:1
241,arc-gen,7,14,1,0,1,5,8,7,9,1,0,1,0,1,1,1,1,0,1:1,1:0,1:1:1:0
241,arc-gen,8,11,1,0,1,6,5,7,9,0,3,0,1,1,1,0,0,1,1:0,0:1,1:0:0:1
241,arc-gen,8,12,1,0,1,6,6,7,9,0,2,0,0,1,1,0,1,1,1:0,1:1,1:0:1:1
241,arc-gen,8,13,1,0,1,6,7,7,9,0,1,0,1,1,1,0,1,1,1:0,1:1,1:0:1:1
241,arc-gen,8,14,1,0,1,6,8,7,9,0,0,0,0,1,1,0,1,0,1:0,1:0,1:0:1:0
242,arc-gen,4,0,1,0,1,2,0,5,9,2,8,0,0,1,0,1,-1,1,0:1,-1:1,0:1:-1:1
242,arc-gen,4,1,1,0,1,2,1,5,9,2,7,0,1,1,0,1,1,1,0:1,1:1,0:1:1:1
242,arc-gen,4,2,1,4,0,2,2,5,9,2,6,0,0,1,4,1,1,1,4:1,1:1,4:1:1:1
242,arc-gen,4,3,1,4,0,2,3,5,9,2,5,0,1,1,4,1,1,4,4:1,1:4,4:1:1:4
242,arc-gen,5,0,1,0,1,3,0,5,9,1,8,1,0,1,1,1,-1,1,1:1,-1:1,1:1:-1:1
242,arc-gen,5,1,1,0,1,3,1,5,9,1,7,1,1,1,1,1,1,1,1:1,1:1,1:1:1:1
242,arc-gen,5,2,1,4,0,3,2,5,9,1,6,1,0,1,1,1,1,1,1:1,1:1,1:1:1:1
242,arc-gen,5,3,1,0,1,3,3,5,9,1,5,1,1,1,1,1,1,4,1:1,1:4,1:1:1:4
242,arc-gen,6,0,1,0,1,4,0,5,9,0,8,0,0,1,1,0,-1,1,1:0,-1:1,1:0:-1:1
242,arc-gen,6,1,1,0,1,4,1,5,9,0,7,0,1,1,1,0,1,1,1:0,1:1,1:0:1:1
242,arc-gen,6,2,1,0,1,4,2,5,9,0,6,0,0,1,1,0,1,1,1:0,1:1,1:0:1:1
242,arc-gen,6,3,1,0,1,4,3,5,9,0,5,0,1,1,1,0,1,4,1:0,1:4,1:0:1:4
243,arc-gen,5,8,9,1,0,2,4,8,8,5,3,0,0,1,1,9,1,9,1:9,1:9,1:9:1:9
243,arc-gen,5,9,9,1,0,2,5,8,8,5,2,0,1,1,1,9,9,9,1:9,9:9,1:9:9:9
243,arc-gen,5,10,9,1,0,2,6,8,8,5,1,0,0,1,1,9,9,9,1:9,9:9,1:9:9:9
243,arc-gen,5,11,9,1,0,2,7,8,8,5,0,0,1,1,1,9,9,0,1:9,9:0,1:9:9:0
243,arc-gen,6,8,9,1,0,3,4,8,8,4,3,1,0,1,9,9,1,9,9:9,1:9,9:9:1:9
243,arc-gen,6,9,9,1,0,3,5,8,8,4,2,1,1,1,9,9,9,9,9:9,9:9,9:9:9:9
243,arc-gen,6,10,9,1,0,3,6,8,8,4,1,1,0,1,9,9,9,9,9:9,9:9,9:9:9:9
243,arc-gen,6,11,9,1,0,3,7,8,8,4,0,1,1,1,9,9,9,0,9:9,9:0,9:9:9:0
243,arc-gen,7,8,9,0,1,4,4,8,8,3,3,0,0,1,9,9,0,9,9:9,0:9,9:9:0:9
243,arc-gen,7,9,9,1,0,4,5,8,8,3,2,0,1,1,9,9,9,9,9:9,9:9,9:9:9:9
243,arc-gen,7,10,9,0,1,4,6,8,8,3,1,0,0,1,9,9,9,9,9:9,9:9,9:9:9:9
243,arc-gen,7,11,9,0,1,4,7,8,8,3,0,0,1,1,9,9,9,0,9:9,9:0,9:9:9:0
243,arc-gen,8,8,9,1,0,5,4,8,8,2,3,1,0,1,9,9,1,9,9:9,1:9,9:9:1:9
243,arc-gen,8,9,9,1,0,5,5,8,8,2,2,1,1,1,9,9,9,9,9:9,9:9,9:9:9:9
243,arc-gen,8,10,9,0,1,5,6,8,8,2,1,1,0,1,9,9,9,9,9:9,9:9,9:9:9:9
243,arc-gen,8,11,9,0,1,5,7,8,8,2,0,1,1,1,9,9,9,0,9:9,9:0,9:9:9:0
243,arc-gen,9,8,9,1,0,6,4,8,8,1,3,0,0,1,9,1,1,9,9:1,1:9,9:1:1:9
243,arc-gen,9,9,9,0,1,6,5,8,8,1,2,0,1,1,9,0,9,9,9:0,9:9,9:0:9:9
243,arc-gen,9,10,9,0,1,6,6,8,8,1,1,0,0,1,9,0,9,9,9:0,9:9,9:0:9:9
243,arc-gen,9,11,9,0,1,6,7,8,8,1,0,0,1,1,9,0,9,0,9:0,9:0,9:0:9:0
244,arc-gen,6,10,2,4,0,2,5,6,9,3,3,0,1,1,4,2,4,2,4:2,4:2,4:2:4:2
244,arc-gen,6,11,2,4,0,2,6,6,9,3,2,0,0,1,4,2,2,2,4:2,2:2,4:2:2:2
244,arc-gen,6,12,2,0,1,2,7,6,9,3,1,0,1,1,0,2,2,2,0:2,2:2,0:2:2:2
244,arc-gen,6,13,2,0,1,2,8,6,9,3,0,0,0,1,0,2,2,0,0:2,2:0,0:2:2:0
244,arc-gen,7,10,2,4,0,3,5,6,9,2,3,1,1,1,2,2,0,2,2:2,0:2,2:2:0:2
244,arc-gen,7,11,2,4,0,3,6,6,9,2,2,1,0,1,2,2,2,2,2:2,2:2,2:2:2:2
244,arc-gen,7,12,2,0,1,3,7,6,9,2,1,1,1,1,2,2,2,2,2:2,2:2,2:2:2:2
244,arc-gen,7,13,2,0,1,3,8,6,9,2,0,1,0,1,2,2,2,0,2:2,2:0,2:2:2:0
244,arc-gen,8,10,2,4,0,4,5,6,9,1,3,0,1,1,2,2,4,2,2:2,4:2,2:2:4:2
244,arc-gen,8,11,2,0,1,4,6,6,9,1,2,0,0,1,2,2,2,2,2:2,2:2,2:2:2:2
244,arc-gen,8,12,2,0,1,4,7,6,9,1,1,0,1,1,2,2,2,2,2:2,2:2,2:2:2:2
244,arc-gen,8,13,2,0,1,4,8,6,9,1,0,0,0,1,2,2,2,0,2:2,2:0,2:2:2:0
244,arc-gen,9,10,2,0,1,5,5,6,9,0,3,1,1,1,2,0,0,2,2:0,0:2,2:0:0:2
244,arc-gen,9,11,2,0,1,5,6,6,9,0,2,1,0,1,2,0,2,2,2:0,2:2,2:0:2:2
244,arc-gen,9,12,2,0,1,5,7,6,9,0,1,1,1,1,2,0,2,2,2:0,2:2,2:0:2:2
244,arc-gen,9,13,2,0,1,5,8,6,9,0,0,1,0,1,2,0,2,0,2:0,2:0,2:0:2:0
245,arc-gen,4,6,6,0,1,2,0,7,8,4,7,0,0,0,7,6,0,6,7:6,0:6,7:6:0:6
245,arc-gen,4,7,6,0,1,2,1,7,8,4,6,0,1,0,0,6,6,6,0:6,6:6,0:6:6:6
245,arc-gen,4,8,6,7,0,2,2,7,8,4,5,0,0,0,0,6,6,6,0:6,6:6,0:6:6:6
245,arc-gen,4,9,6,7,0,2,3,7,8,4,4,0,1,0,7,6,6,7,7:6,6:7,7:6:6:7
245,arc-gen,5,6,6,0,1,3,0,7,8,3,7,1,0,0,6,6,0,6,6:6,0:6,6:6:0:6
245,arc-gen,5,7,6,0,1,3,1,7,8,3,6,1,1,0,6,6,6,6,6:6,6:6,6:6:6:6
245,arc-gen,5,8,6,0,1,3,2,7,8,3,5,1,0,0,6,6,6,6,6:6,6:6,6:6:6:6
245,arc-gen,5,9,6,0,1,3,3,7,8,3,4,1,1,0,6,6,6,0,6:6,6:0,6:6:6:0
245,arc-gen,6,6,6,0,1,4,0,7,8,2,7,0,0,0,6,6,0,6,6:6,0:6,6:6:0:6
245,arc-gen,6,7,6,0,1,4,1,7,8,2,6,0,1,0,6,6,6,6,6:6,6:6,6:6:6:6
245,arc-gen,6,8,6,0,1,4,2,7,8,2,5,0,0,0,6,6,6,6,6:6,6:6,6:6:6:6
245,arc-gen,6,9,6,0,1,4,3,7,8,2,4,0,1,0,6,6,6,0,6:6,6:0,6:6:6:0
245,arc-gen,7,6,6,0,1,5,0,7,8,1,7,1,0,0,6,6,0,6,6:6,0:6,6:6:0:6
245,arc-gen,7,7,6,0,1,5,1,7,8,1,6,1,1,0,6,6,6,6,6:6,6:6,6:6:6:6
245,arc-gen,7,8,6,0,1,5,2,7,8,1,5,1,0,0,6,6,6,6,6:6,6:6,6:6:6:6
245,arc-gen,7,9,6,0,1,5,3,7,8,1,4,1,1,0,6,6,6,0,6:6,6:0,6:6:6:0
245,arc-gen,8,6,6,0,1,6,0,7,8,0,7,0,0,0,6,0,0,6,6:0,0:6,6:0:0:6
245,arc-gen,8,7,6,0,1,6,1,7,8,0,6,0,1,0,6,0,6,6,6:0,6:6,6:0:6:6
245,arc-gen,8,8,6,0,1,6,2,7,8,0,5,0,0,0,6,0,6,6,6:0,6:6,6:0:6:6
245,arc-gen,8,9,6,0,1,6,3,7,8,0,4,0,1,0,6,0,6,0,6:0,6:0,6:0:6:0
246,arc-gen,5,8,5,3,0,1,4,7,8,5,3,1,0,1,3,5,3,5,3:5,3:5,3:5:3:5
246,arc-gen,5,9,5,0,1,1,5,7,8,5,2,1,1,1,3,5,5,5,3:5,5:5,3:5:5:5
246,arc-gen,5,10,5,0,1,1,6,7,8,5,1,1,0,1,0,5,5,5,0:5,5:5,0:5:5:5
246,arc-gen,5,11,5,0,1,1,7,7,8,5,0,1,1,1,0,5,5,0,0:5,5:0,0:5:5:0
246,arc-gen,6,8,5,3,0,2,4,7,8,4,3,0,0,1,5,5,3,5,5:5,3:5,5:5:3:5
246,arc-gen,6,9,5,3,0,2,5,7,8,4,2,0,1,1,5,5,5,5,5:5,5:5,5:5:5:5
246,arc-gen,6,10,5,3,0,2,6,7,8,4,1,0,0,1,5,5,5,5,5:5,5:5,5:5:5:5
246,arc-gen,6,11,5,0,1,2,7,7,8,4,0,0,1,1,5,5,5,0,5:5,5:0,5:5:5:0
246,arc-gen,7,8,5,3,0,3,4,7,8,3,3,1,0,1,5,0,3,5,5:0,3:5,5:0:3:5
246,arc-gen,7,9,5,3,0,3,5,7,8,3,2,1,1,1,5,3,5,5,5:3,5:5,5:3:5:5
246,arc-gen,7,10,5,3,0,3,6,7,8,3,1,1,0,1,5,3,5,5,5:3,5:5,5:3:5:5
246,arc-gen,7,11,5,0,1,3,7,7,8,3,0,1,1,1,5,0,5,0,5:0,5:0,5:0:5:0
247,arc-gen,5,0,7,0,1,2,0,8,9,5,8,0,0,1,0,7,-1,7,0:7,-1:7,0:7:-1:7
247,arc-gen,5,1,7,0,1,2,1,8,9,5,7,0,1,1,0,7,7,7,0:7,7:7,0:7:7:7
247,arc-gen,5,2,7,2,0,2,2,8,9,5,6,0,0,1,2,7,7,7,2:7,7:7,2:7:7:7
247,arc-gen,5,3,7,0,1,2,3,8,9,5,5,0,1,1,2,7,7,2,2:7,7:2,2:7:7:2
247,arc-gen,6,0,7,0,1,3,0,8,9,4,8,1,0,1,7,7,-1,7,7:7,-1:7,7:7:-1:7
247,arc-gen,6,1,7,0,1,3,1,8,9,4,7,1,1,1,7,7,7,7,7:7,7:7,7:7:7:7
247,arc-gen,6,2,7,2,0,3,2,8,9,4,6,1,0,1,7,7,7,7,7:7,7:7,7:7:7:7
247,arc-gen,6,3,7,0,1,3,3,8,9,4,5,1,1,1,7,7,7,2,7:7,7:2,7:7:7:2
247,arc-gen,7,0,7,0,1,4,0,8,9,3,8,0,0,1,7,7,-1,7,7:7,-1:7,7:7:-1:7
247,arc-gen,7,1,7,0,1,4,1,8,9,3,7,0,1,1,7,7,7,7,7:7,7:7,7:7:7:7
247,arc-gen,7,2,7,0,1,4,2,8,9,3,6,0,0,1,7,7,7,7,7:7,7:7,7:7:7:7
247,arc-gen,7,3,7,2,0,4,3,8,9,3,5,0,1,1,7,7,7,2,7:7,7:2,7:7:7:2
247,arc-gen,8,0,7,0,1,5,0,8,9,2,8,1,0,1,7,7,-1,7,7:7,-1:7,7:7:-1:7
247,arc-gen,8,1,7,0,1,5,1,8,9,2,7,1,1,1,7,7,7,7,7:7,7:7,7:7:7:7
247,arc-gen,8,2,7,0,1,5,2,8,9,2,6,1,0,1,7,7,7,7,7:7,7:7,7:7:7:7
247,arc-gen,8,3,7,0,1,5,3,8,9,2,5,1,1,1,7,7,7,0,7:7,7:0,7:7:7:0
247,arc-gen,9,0,7,0,1,6,0,8,9,1,8,0,0,1,7,0,-1,7,7:0,-1:7,7:0:-1:7
247,arc-gen,9,1,7,0,1,6,1,8,9,1,7,0,1,1,7,0,7,7,7:0,7:7,7:0:7:7
247,arc-gen,9,2,7,0,1,6,2,8,9,1,6,0,0,1,7,0,7,7,7:0,7:7,7:0:7:7
247,arc-gen,9,3,7,0,1,6,3,8,9,1,5,0,1,1,7,0,7,0,7:0,7:0,7:0:7:0
248,arc-gen,3,8,2,9,0,1,4,7,8,5,3,1,0,1,9,2,9,2,9:2,9:2,9:2:9:2
248,arc-gen,3,9,2,9,0,1,5,7,8,5,2,1,1,1,9,2,2,2,9:2,2:2,9:2:2:2
248,arc-gen,3,10,2,9,0,1,6,7,8,5,1,1,0,1,0,2,2,2,0:2,2:2,0:2:2:2
248,arc-gen,3,11,2,0,1,1,7,7,8,5,0,1,1,1,0,2,2,0,0:2,2:0,0:2:2:0
248,arc-gen,4,8,2,9,0,2,4,7,8,4,3,0,0,1,2,2,9,2,2:2,9:2,2:2:9:2
248,arc-gen,4,9,2,9,0,2,5,7,8,4,2,0,1,1,2,2,2,2,2:2,2:2,2:2:2:2
248,arc-gen,4,10,2,9,0,2,6,7,8,4,1,0,0,1,2,2,2,2,2:2,2:2,2:2:2:2
248,arc-gen,4,11,2,0,1,2,7,7,8,4,0,0,1,1,2,2,2,0,2:2,2:0,2:2:2:0
248,arc-gen,5,8,2,9,0,3,4,7,8,3,3,1,0,1,2,2,0,2,2:2,0:2,2:2:0:2
248,arc-gen,5,9,2,9,0,3,5,7,8,3,2,1,1,1,2,2,2,2,2:2,2:2,2:2:2:2
248,arc-gen,5,10,2,0,1,3,6,7,8,3,1,1,0,1,2,2,2,2,2:2,2:2,2:2:2:2
248,arc-gen,5,11,2,0,1,3,7,7,8,3,0,1,1,1,2,2,2,0,2:2,2:0,2:2:2:0
248,arc-gen,6,8,2,9,0,4,4,7,8,2,3,0,0,1,2,9,9,2,2:9,9:2,2:9:9:2
248,arc-gen,6,9,2,0,1,4,5,7,8,2,2,0,1,1,2,0,2,2,2:0,2:2,2:0:2:2
248,arc-gen,6,10,2,0,1,4,6,7,8,2,1,0,0,1,2,0,2,2,2:0,2:2,2:0:2:2
248,arc-gen,6,11,2,0,1,4,7,7,8,2,0,0,1,1,2,0,2,0,2:0,2:0,2:0:2:0
249,arc-gen,7,1,5,0,1,2,0,7,7,4,6,0,0,1,0,5,0,5,0:5,0:5,0:5:0:5
249,arc-gen,7,2,5,0,1,2,1,7,7,4,5,0,1,1,0,5,5,5,0:5,5:5,0:5:5:5
249,arc-gen,7,3,5,0,1,2,2,7,7,4,4,0,0,1,9,5,5,5,9:5,5:5,9:5:5:5
249,arc-gen,7,4,5,9,0,2,3,7,7,4,3,0,1,1,0,5,5,9,0:5,5:9,0:5:5:9
249,arc-gen,8,1,5,0,1,3,0,7,7,3,6,1,0,1,5,5,0,5,5:5,0:5,5:5:0:5
249,arc-gen,8,2,5,0,1,3,1,7,7,3,5,1,1,1,5,5,5,5,5:5,5:5,5:5:5:5
249,arc-gen,8,3,5,0,1,3,2,7,7,3,4,1,0,1,5,5,5,5,5:5,5:5,5:5:5:5
249,arc-gen,8,4,5,0,1,3,3,7,7,3,3,1,1,1,5,5,5,9,5:5,5:9,5:5:5:9
249,arc-gen,9,1,5,0,1,4,0,7,7,2,6,0,0,1,5,0,0,5,5:0,0:5,5:0:0:5
249,arc-gen,9,2,5,0,1,4,1,7,7,2,5,0,1,1,5,0,5,5,5:0,5:5,5:0:5:5
249,arc-gen,9,3,5,0,1,4,2,7,7,2,4,0,0,1,5,0,5,5,5:0,5:5,5:0:5:5
249,arc-gen,9,4,5,9,0,4,3,7,7,2,3,0,1,1,5,9,5,9,5:9,5:9,5:9:5:9
250,arc-gen,3,1,1,0,1,1,0,7,8,5,7,1,0,1,0,1,0,1,0:1,0:1,0:1:0:1
250,arc-gen,3,2,1,2,0,1,1,7,8,5,6,1,1,1,0,1,1,1,0:1,1:1,0:1:1:1
250,arc-gen,3,3,1,2,0,1,2,7,8,5,5,1,0,1,2,1,1,1,2:1,1:1,2:1:1:1
250,arc-gen,3,4,1,2,0,1,3,7,8,5,4,1,1,1,2,1,1,2,2:1,1:2,2:1:1:2
250,arc-gen,4,1,1,0,1,2,0,7,8,4,7,0,0,1,1,1,0,1,1:1,0:1,1:1:0:1
250,arc-gen,4,2,1,2,0,2,1,7,8,4,6,0,1,1,1,1,1,1,1:1,1:1,1:1:1:1
250,arc-gen,4,3,1,2,0,2,2,7,8,4,5,0,0,1,1,1,1,1,1:1,1:1,1:1:1:1
250,arc-gen,4,4,1,2,0,2,3,7,8,4,4,0,1,1,1,1,1,2,1:1,1:2,1:1:1:2
250,arc-gen,5,1,1,0,1,3,0,7,8,3,7,1,0,1,1,1,0,1,1:1,0:1,1:1:0:1
250,arc-gen,5,2,1,0,1,3,1,7,8,3,6,1,1,1,1,1,1,1,1:1,1:1,1:1:1:1
250,arc-gen,5,3,1,2,0,3,2,7,8,3,5,1,0,1,1,1,1,1,1:1,1:1,1:1:1:1
250,arc-gen,5,4,1,2,0,3,3,7,8,3,4,1,1,1,1,1,1,2,1:1,1:2,1:1:1:2
250,arc-gen,6,1,1,0,1,4,0,7,8,2,7,0,0,1,1,1,0,1,1:1,0:1,1:1:0:1
250,arc-gen,6,2,1,2,0,4,1,7,8,2,6,0,1,1,1,1,1,1,1:1,1:1,1:1:1:1
250,arc-gen,6,3,1,2,0,4,2,7,8,2,5,0,0,1,1,1,1,1,1:1,1:1,1:1:1:1
250,arc-gen,6,4,1,2,0,4,3,7,8,2,4,0,1,1,1,1,1,2,1:1,1:2,1:1:1:2
250,arc-gen,7,1,1,0,1,5,0,7,8,1,7,1,0,1,1,0,0,1,1:0,0:1,1:0:0:1
250,arc-gen,7,2,1,0,1,5,1,7,8,1,6,1,1,1,1,0,1,1,1:0,1:1,1:0:1:1
250,arc-gen,7,3,1,2,0,5,2,7,8,1,5,1,0,1,1,0,1,1,1:0,1:1,1:0:1:1
250,arc-gen,7,4,1,2,0,5,3,7,8,1,4,1,1,1,1,2,1,2,1:2,1:2,1:2:1:2
251,arc-gen,4,10,1,8,0,1,5,5,9,3,3,1,1,1,8,1,8,1,8:1,8:1,8:1:8:1
251,arc-gen,4,11,1,8,0,1,6,5,9,3,2,1,0,1,8,1,1,1,8:1,1:1,8:1:1:1
251,arc-gen,4,12,1,8,0,1,7,5,9,3,1,1,1,1,8,1,1,1,8:1,1:1,8:1:1:1
251,arc-gen,4,13,1,0,1,1,8,5,9,3,0,1,0,1,0,1,1,0,0:1,1:0,0:1:1:0
251,arc-gen,5,10,1,8,0,2,5,5,9,2,3,0,1,1,1,1,8,1,1:1,8:1,1:1:8:1
251,arc-gen,5,11,1,8,0,2,6,5,9,2,2,0,0,1,1,1,1,1,1:1,1:1,1:1:1:1
251,arc-gen,5,12,1,8,0,2,7,5,9,2,1,0,1,1,1,1,1,1,1:1,1:1,1:1:1:1
251,arc-gen,5,13,1,0,1,2,8,5,9,2,0,0,0,1,1,1,1,0,1:1,1:0,1:1:1:0
251,arc-gen,6,10,1,0,1,3,5,5,9,1,3,1,1,1,1,8,8,1,1:8,8:1,1:8:8:1
251,arc-gen,6,11,1,8,0,3,6,5,9,1,2,1,0,1,1,8,1,1,1:8,1:1,1:8:1:1
251,arc-gen,6,12,1,8,0,3,7,5,9,1,1,1,1,1,1,8,1,1,1:8,1:1,1:8:1:1
251,arc-gen,6,13,1,0,1,3,8,5,9,1,0,1,0,1,1,0,1,0,1:0,1:0,1:0:1:0
252,arc-gen,4,3,4,0,1,2,0,7,8,4,7,0,0,1,0,4,0,4,0:4,0:4,0:4:0:4
252,arc-gen,4,4,4,0,1,2,1,7,8,4,6,0,1,1,3,4,4,4,3:4,4:4,3:4:4:4
252,arc-gen,4,5,4,3,0,2,2,7,8,4,5,0,0,1,3,4,4,4,3:4,4:4,3:4:4:4
252,arc-gen,4,6,4,0,1,2,3,7,8,4,4,0,1,1,3,4,4,3,3:4,4:3,3:4:4:3
252,arc-gen,5,3,4,0,1,3,0,7,8,3,7,1,0,1,4,4,0,4,4:4,0:4,4:4:0:4
252,arc-gen,5,4,4,3,0,3,1,7,8,3,6,1,1,1,4,4,4,4,4:4,4:4,4:4:4:4
252,arc-gen,5,5,4,3,0,3,2,7,8,3,5,1,0,1,4,4,4,4,4:4,4:4,4:4:4:4
252,arc-gen,5,6,4,3,0,3,3,7,8,3,4,1,1,1,4,4,4,3,4:4,4:3,4:4:4:3
252,arc-gen,6,3,4,0,1,4,0,7,8,2,7,0,0,1,4,4,0,4,4:4,0:4,4:4:0:4
252,arc-gen,6,4,4,3,0,4,1,7,8,2,6,0,1,1,4,4,4,4,4:4,4:4,4:4:4:4
252,arc-gen,6,5,4,0,1,4,2,7,8,2,5,0,0,1,4,4,4,4,4:4,4:4,4:4:4:4
252,arc-gen,6,6,4,3,0,4,3,7,8,2,4,0,1,1,4,4,4,3,4:4,4:3,4:4:4:3
252,arc-gen,7,3,4,0,1,5,0,7,8,1,7,1,0,1,4,4,0,4,4:4,0:4,4:4:0:4
252,arc-gen,7,4,4,0,1,5,1,7,8,1,6,1,1,1,4,4,4,4,4:4,4:4,4:4:4:4
252,arc-gen,7,5,4,0,1,5,2,7,8,1,5,1,0,1,4,4,4,4,4:4,4:4,4:4:4:4
252,arc-gen,7,6,4,3,0,5,3,7,8,1,4,1,1,1,4,4,4,3,4:4,4:3,4:4:4:3
252,arc-gen,8,3,4,0,1,6,0,7,8,0,7,0,0,1,4,0,0,4,4:0,0:4,4:0:0:4
252,arc-gen,8,4,4,0,1,6,1,7,8,0,6,0,1,1,4,0,4,4,4:0,4:4,4:0:4:4
252,arc-gen,8,5,4,0,1,6,2,7,8,0,5,0,0,1,4,0,4,4,4:0,4:4,4:0:4:4
252,arc-gen,8,6,4,0,1,6,3,7,8,0,4,0,1,1,4,0,4,0,4:0,4:0,4:0:4:0
253,arc-gen,6,8,5,4,0,2,5,7,9,4,3,0,1,0,4,5,4,5,4:5,4:5,4:5:4:5
253,arc-gen,6,9,5,0,1,2,6,7,9,4,2,0,0,0,0,5,5,5,0:5,5:5,0:5:5:5
253,arc-gen,6,10,5,0,1,2,7,7,9,4,1,0,1,0,0,5,5,5,0:5,5:5,0:5:5:5
253,arc-gen,6,11,5,0,1,2,8,7,9,4,0,0,0,0,0,5,5,0,0:5,5:0,0:5:5:0
253,arc-gen,7,8,5,4,0,3,5,7,9,3,3,1,1,0,5,5,0,5,5:5,0:5,5:5:0:5
253,arc-gen,7,9,5,4,0,3,6,7,9,3,2,1,0,0,5,5,5,5,5:5,5:5,5:5:5:5
253,arc-gen,7,10,5,0,1,3,7,7,9,3,1,1,1,0,5,5,5,5,5:5,5:5,5:5:5:5
253,arc-gen,7,11,5,0,1,3,8,7,9,3,0,1,0,0,5,5,5,0,5:5,5:0,5:5:5:0
253,arc-gen,8,8,5,0,1,4,5,7,9,2,3,0,1,0,5,5,0,5,5:5,0:5,5:5:0:5
253,arc-gen,8,9,5,4,0,4,6,7,9,2,2,0,0,0,5,5,5,5,5:5,5:5,5:5:5:5
253,arc-gen,8,10,5,0,1,4,7,7,9,2,1,0,1,0,5,5,5,5,5:5,5:5,5:5:5:5
253,arc-gen,8,11,5,0,1,4,8,7,9,2,0,0,0,0,5,5,5,0,5:5,5:0,5:5:5:0
253,arc-gen,9,8,5,0,1,5,5,7,9,1,3,1,1,0,5,5,0,5,5:5,0:5,5:5:0:5
253,arc-gen,9,9,5,0,1,5,6,7,9,1,2,1,0,0,5,5,5,5,5:5,5:5,5:5:5:5
253,arc-gen,9,10,5,0,1,5,7,7,9,1,1,1,1,0,5,5,5,5,5:5,5:5,5:5:5:5
253,arc-gen,9,11,5,0,1,5,8,7,9,1,0,1,0,0,5,5,5,0,5:5,5:0,5:5:5:0
253,arc-gen,10,8,5,0,1,6,5,7,9,0,3,0,1,0,5,0,0,5,5:0,0:5,5:0:0:5
253,arc-gen,10,9,5,0,1,6,6,7,9,0,2,0,0,0,5,0,5,5,5:0,5:5,5:0:5:5
253,arc-gen,10,10,5,0,1,6,7,7,9,0,1,0,1,0,5,0,5,5,5:0,5:5,5:0:5:5
253,arc-gen,10,11,5,0,1,6,8,7,9,0,0,0,0,0,5,0,5,0,5:0,5:0,5:0:5:0
254,arc-gen,5,4,6,0,1,2,0,7,8,4,7,0,0,0,0,6,0,6,0:6,0:6,0:6:0:6
254,arc-gen,5,5,6,0,1,2,1,7,8,4,6,0,1,0,0,6,6,6,0:6,6:6,0:6:6:6
254,arc-gen,5,6,6,0,1,2,2,7,8,4,5,0,0,0,0,6,6,6,0:6,6:6,0:6:6:6
254,arc-gen,5,7,6,8,0,2,3,7,8,4,4,0,1,0,0,6,6,8,0:6,6:8,0:6:6:8
254,arc-gen,6,4,6,0,1,3,0,7,8,3,7,1,0,0,6,6,0,6,6:6,0:6,6:6:0:6
254,arc-gen,6,5,6,0,1,3,1,7,8,3,6,1,1,0,6,6,6,6,6:6,6:6,6:6:6:6
254,arc-gen,6,6,6,0,1,3,2,7,8,3,5,1,0,0,6,6,6,6,6:6,6:6,6:6:6:6
254,arc-gen,6,7,6,8,0,3,3,7,8,3,4,1,1,0,6,6,6,8,6:6,6:8,6:6:6:8
254,arc-gen,7,4,6,0,1,4,0,7,8,2,7,0,0,0,6,6,0,6,6:6,0:6,6:6:0:6
254,arc-gen,7,5,6,0,1,4,1,7,8,2,6,0,1,0,6,6,6,6,6:6,6:6,6:6:6:6
254,arc-gen,7,6,6,0,1,4,2,7,8,2,5,0,0,0,6,6,6,6,6:6,6:6,6:6:6:6
254,arc-gen,7,7,6,0,1,4,3,7,8,2,4,0,1,0,6,6,6,0,6:6,6:0,6:6:6:0
254,arc-gen,8,4,6,0,1,5,0,7,8,1,7,1,0,0,6,6,0,6,6:6,0:6,6:6:0:6
254,arc-gen,8,5,6,0,1,5,1,7,8,1,6,1,1,0,6,6,6,6,6:6,6:6,6:6:6:6
254,arc-gen,8,6,6,0,1,5,2,7,8,1,5,1,0,0,6,6,6,6,6:6,6:6,6:6:6:6
254,arc-gen,8,7,6,0,1,5,3,7,8,1,4,1,1,0,6,6,6,0,6:6,6:0,6:6:6:0
254,arc-gen,9,4,6,0,1,6,0,7,8,0,7,0,0,0,6,0,0,6,6:0,0:6,6:0:0:6
254,arc-gen,9,5,6,0,1,6,1,7,8,0,6,0,1,0,6,0,6,6,6:0,6:6,6:0:6:6
254,arc-gen,9,6,6,0,1,6,2,7,8,0,5,0,0,0,6,0,6,6,6:0,6:6,6:0:6:6
254,arc-gen,9,7,6,0,1,6,3,7,8,0,4,0,1,0,6,0,6,0,6:0,6:0,6:0:6:0
255,arc-gen,7,10,7,5,0,2,4,5,8,2,3,0,0,1,5,7,5,7,5:7,5:7,5:7:5:7
255,arc-gen,7,11,7,5,0,2,5,5,8,2,2,0,1,1,5,7,7,7,5:7,7:7,5:7:7:7
255,arc-gen,7,12,7,5,0,2,6,5,8,2,1,0,0,1,5,7,7,7,5:7,7:7,5:7:7:7
255,arc-gen,7,13,7,5,0,2,7,5,8,2,0,0,1,1,5,7,7,0,5:7,7:0,5:7:7:0
255,arc-gen,8,10,7,0,1,3,4,5,8,1,3,1,0,1,7,7,0,7,7:7,0:7,7:7:0:7
255,arc-gen,8,11,7,5,0,3,5,5,8,1,2,1,1,1,7,7,7,7,7:7,7:7,7:7:7:7
255,arc-gen,8,12,7,5,0,3,6,5,8,1,1,1,0,1,7,7,7,7,7:7,7:7,7:7:7:7
255,arc-gen,8,13,7,5,0,3,7,5,8,1,0,1,1,1,7,7,7,0,7:7,7:0,7:7:7:0
255,arc-gen,9,10,7,0,1,4,4,5,8,0,3,0,0,1,7,0,0,7,7:0,0:7,7:0:0:7
255,arc-gen,9,11,7,0,1,4,5,5,8,0,2,0,1,1,7,0,7,7,7:0,7:7,7:0:7:7
255,arc-gen,9,12,7,5,0,4,6,5,8,0,1,0,0,1,7,0,7,7,7:0,7:7,7:0:7:7
255,arc-gen,9,13,7,5,0,4,7,5,8,0,0,0,1,1,7,0,7,0,7:0,7:0,7:0:7:0
256,arc-gen,4,3,7,0,1,1,0,6,9,4,8,1,0,1,0,7,0,7,0:7,0:7,0:7:0:7
256,arc-gen,4,4,7,6,0,1,1,6,9,4,7,1,1,1,6,7,7,7,6:7,7:7,6:7:7:7
256,arc-gen,4,5,7,6,0,1,2,6,9,4,6,1,0,1,6,7,7,7,6:7,7:7,6:7:7:7
256,arc-gen,4,6,7,6,0,1,3,6,9,4,5,1,1,1,6,7,7,6,6:7,7:6,6:7:7:6
256,arc-gen,5,3,7,0,1,2,0,6,9,3,8,0,0,1,7,7,0,7,7:7,0:7,7:7:0:7
256,arc-gen,5,4,7,0,1,2,1,6,9,3,7,0,1,1,7,7,7,7,7:7,7:7,7:7:7:7
256,arc-gen,5,5,7,6,0,2,2,6,9,3,6,0,0,1,7,7,7,7,7:7,7:7,7:7:7:7
256,arc-gen,5,6,7,6,0,2,3,6,9,3,5,0,1,1,7,7,7,6,7:7,7:6,7:7:7:6
256,arc-gen,6,3,7,0,1,3,0,6,9,2,8,1,0,1,7,7,0,7,7:7,0:7,7:7:0:7
256,arc-gen,6,4,7,6,0,3,1,6,9,2,7,1,1,1,7,7,7,7,7:7,7:7,7:7:7:7
256,arc-gen,6,5,7,6,0,3,2,6,9,2,6,1,0,1,7,7,7,7,7:7,7:7,7:7:7:7
256,arc-gen,6,6,7,6,0,3,3,6,9,2,5,1,1,1,7,7,7,6,7:7,7:6,7:7:7:6
256,arc-gen,7,3,7,0,1,4,0,6,9,1,8,0,0,1,7,7,0,7,7:7,0:7,7:7:0:7
256,arc-gen,7,4,7,6,0,4,1,6,9,1,7,0,1,1,7,7,7,7,7:7,7:7,7:7:7:7
256,arc-gen,7,5,7,6,0,4,2,6,9,1,6,0,0,1,7,7,7,7,7:7,7:7,7:7:7:7
256,arc-gen,7,6,7,6,0,4,3,6,9,1,5,0,1,1,7,7,7,0,7:7,7:0,7:7:7:0
256,arc-gen,8,3,7,0,1,5,0,6,9,0,8,1,0,1,7,0,0,7,7:0,0:7,7:0:0:7
256,arc-gen,8,4,7,0,1,5,1,6,9,0,7,1,1,1,7,0,7,7,7:0,7:7,7:0:7:7
256,arc-gen,8,5,7,0,1,5,2,6,9,0,6,1,0,1,7,0,7,7,7:0,7:7,7:0:7:7
256,arc-gen,8,6,7,6,0,5,3,6,9,0,5,1,1,1,7,0,7,6,7:0,7:6,7:0:7:6
257,arc-gen,4,7,9,1,0,2,4,7,8,4,3,0,0,0,1,9,1,9,1:9,1:9,1:9:1:9
257,arc-gen,4,8,9,0,1,2,5,7,8,4,2,0,1,0,1,9,9,9,1:9,9:9,1:9:9:9
257,arc-gen,4,9,9,1,0,2,6,7,8,4,1,0,0,0,1,9,9,9,1:9,9:9,1:9:9:9
257,arc-gen,4,10,9,1,0,2,7,7,8,4,0,0,1,0,1,9,9,0,1:9,9:0,1:9:9:0
257,arc-gen,5,7,9,0,1,3,4,7,8,3,3,1,0,0,9,9,0,9,9:9,0:9,9:9:0:9
257,arc-gen,5,8,9,0,1,3,5,7,8,3,2,1,1,0,9,9,9,9,9:9,9:9,9:9:9:9
257,arc-gen,5,9,9,1,0,3,6,7,8,3,1,1,0,0,9,9,9,9,9:9,9:9,9:9:9:9
257,arc-gen,5,10,9,1,0,3,7,7,8,3,0,1,1,0,9,9,9,0,9:9,9:0,9:9:9:0
257,arc-gen,6,7,9,0,1,4,4,7,8,2,3,0,0,0,9,9,0,9,9:9,0:9,9:9:0:9
257,arc-gen,6,8,9,0,1,4,5,7,8,2,2,0,1,0,9,9,9,9,9:9,9:9,9:9:9:9
257,arc-gen,6,9,9,0,1,4,6,7,8,2,1,0,0,0,9,9,9,9,9:9,9:9,9:9:9:9
257,arc-gen,6,10,9,1,0,4,7,7,8,2,0,0,1,0,9,9,9,0,9:9,9:0,9:9:9:0
257,arc-gen,7,7,9,0,1,5,4,7,8,1,3,1,0,0,9,9,0,9,9:9,0:9,9:9:0:9
257,arc-gen,7,8,9,0,1,5,5,7,8,1,2,1,1,0,9,9,9,9,9:9,9:9,9:9:9:9
257,arc-gen,7,9,9,0,1,5,6,7,8,1,1,1,0,0,9,9,9,9,9:9,9:9,9:9:9:9
257,arc-gen,7,10,9,0,1,5,7,7,8,1,0,1,1,0,9,9,9,0,9:9,9:0,9:9:9:0
257,arc-gen,8,7,9,0,1,6,4,7,8,0,3,0,0,0,9,0,0,9,9:0,0:9,9:0:0:9
257,arc-gen,8,8,9,0,1,6,5,7,8,0,2,0,1,0,9,0,9,9,9:0,9:9,9:0:9:9
257,arc-gen,8,9,9,0,1,6,6,7,8,0,1,0,0,0,9,0,9,9,9:0,9:9,9:0:9:9
257,arc-gen,8,10,9,0,1,6,7,7,8,0,0,0,1,0,9,0,9,0,9:0,9:0,9:0:9:0
258,arc-gen,5,5,8,0,1,2,0,7,9,4,8,0,0,1,0,8,0,8,0:8,0:8,0:8:0:8
258,arc-gen,5,6,8,6,0,2,1,7,9,4,7,0,1,1,6,8,8,8,6:8,8:8,6:8:8:8
258,arc-gen,5,7,8,6,0,2,2,7,9,4,6,0,0,1,6,8,8,8,6:8,8:8,6:8:8:8
258,arc-gen,5,8,8,6,0,2,3,7,9,4,5,0,1,1,6,8,8,6,6:8,8:6,6:8:8:6
258,arc-gen,6,5,8,0,1,3,0,7,9,3,8,1,0,1,8,8,0,8,8:8,0:8,8:8:0:8
258,arc-gen,6,6,8,6,0,3,1,7,9,3,7,1,1,1,8,8,8,8,8:8,8:8,8:8:8:8
258,arc-gen,6,7,8,6,0,3,2,7,9,3,6,1,0,1,8,8,8,8,8:8,8:8,8:8:8:8
258,arc-gen,6,8,8,6,0,3,3,7,9,3,5,1,1,1,8,8,8,6,8:8,8:6,8:8:8:6
258,arc-gen,7,5,8,0,1,4,0,7,9,2,8,0,0,1,8,8,0,8,8:8,0:8,8:8:0:8
258,arc-gen,7,6,8,0,1,4,1,7,9,2,7,0,1,1,8,8,8,8,8:8,8:8,8:8:8:8
258,arc-gen,7,7,8,6,0,4,2,7,9,2,6,0,0,1,8,8,8,8,8:8,8:8,8:8:8:8
258,arc-gen,7,8,8,0,1,4,3,7,9,2,5,0,1,1,8,8,8,6,8:8,8:6,8:8:8:6
258,arc-gen,8,5,8,0,1,5,0,7,9,1,8,1,0,1,8,8,0,8,8:8,0:8,8:8:0:8
258,arc-gen,8,6,8,0,1,5,1,7,9,1,7,1,1,1,8,8,8,8,8:8,8:8,8:8:8:8
258,arc-gen,8,7,8,0,1,5,2,7,9,1,6,1,0,1,8,8,8,8,8:8,8:8,8:8:8:8
258,arc-gen,8,8,8,6,0,5,3,7,9,1,5,1,1,1,8,8,8,6,8:8,8:6,8:8:8:6
258,arc-gen,9,5,8,0,1,6,0,7,9,0,8,0,0,1,8,0,0,8,8:0,0:8,8:0:0:8
258,arc-gen,9,6,8,0,1,6,1,7,9,0,7,0,1,1,8,0,8,8,8:0,8:8,8:0:8:8
258,arc-gen,9,7,8,0,1,6,2,7,9,0,6,0,0,1,8,0,8,8,8:0,8:8,8:0:8:8
258,arc-gen,9,8,8,0,1,6,3,7,9,0,5,0,1,1,8,0,8,0,8:0,8:0,8:0:8:0
259,arc-gen,6,8,8,9,0,2,5,8,9,5,3,0,1,1,9,8,9,8,9:8,9:8,9:8:9:8
259,arc-gen,6,9,8,0,1,2,6,8,9,5,2,0,0,1,9,8,8,8,9:8,8:8,9:8:8:8
259,arc-gen,6,10,8,9,0,2,7,8,9,5,1,0,1,1,9,8,8,8,9:8,8:8,9:8:8:8
259,arc-gen,6,11,8,0,1,2,8,8,9,5,0,0,0,1,0,8,8,0,0:8,8:0,0:8:8:0
259,arc-gen,7,8,8,9,0,3,5,8,9,4,3,1,1,1,8,8,9,8,8:8,9:8,8:8:9:8
259,arc-gen,7,9,8,9,0,3,6,8,9,4,2,1,0,1,8,8,8,8,8:8,8:8,8:8:8:8
259,arc-gen,7,10,8,0,1,3,7,8,9,4,1,1,1,1,8,8,8,8,8:8,8:8,8:8:8:8
259,arc-gen,7,11,8,0,1,3,8,8,9,4,0,1,0,1,8,8,8,0,8:8,8:0,8:8:8:0
259,arc-gen,8,8,8,9,0,4,5,8,9,3,3,0,1,1,8,8,0,8,8:8,0:8,8:8:0:8
259,arc-gen,8,9,8,9,0,4,6,8,9,3,2,0,0,1,8,8,8,8,8:8,8:8,8:8:8:8
259,arc-gen,8,10,8,9,0,4,7,8,9,3,1,0,1,1,8,8,8,8,8:8,8:8,8:8:8:8
259,arc-gen,8,11,8,0,1,4,8,8,9,3,0,0,0,1,8,8,8,0,8:8,8:0,8:8:8:0
259,arc-gen,9,8,8,9,0,5,5,8,9,2,3,1,1,1,8,9,9,8,8:9,9:8,8:9:9:8
259,arc-gen,9,9,8,9,0,5,6,8,9,2,2,1,0,1,8,0,8,8,8:0,8:8,8:0:8:8
259,arc-gen,9,10,8,9,0,5,7,8,9,2,1,1,1,1,8,0,8,8,8:0,8:8,8:0:8:8
259,arc-gen,9,11,8,0,1,5,8,8,9,2,0,1,0,1,8,0,8,0,8:0,8:0,8:0:8:0
260,arc-gen,6,2,7,2,0,1,0,7,8,5,7,1,0,1,0,7,0,7,0:7,0:7,0:7:0:7
260,arc-gen,6,3,7,0,1,1,1,7,8,5,6,1,1,1,2,7,7,7,2:7,7:7,2:7:7:7
260,arc-gen,6,4,7,2,0,1,2,7,8,5,5,1,0,1,2,7,7,7,2:7,7:7,2:7:7:7
260,arc-gen,6,5,7,2,0,1,3,7,8,5,4,1,1,1,2,7,7,2,2:7,7:2,2:7:7:2
260,arc-gen,7,2,7,2,0,2,0,7,8,4,7,0,0,1,7,7,0,7,7:7,0:7,7:7:0:7
260,arc-gen,7,3,7,2,0,2,1,7,8,4,6,0,1,1,7,7,7,7,7:7,7:7,7:7:7:7
260,arc-gen,7,4,7,2,0,2,2,7,8,4,5,0,0,1,7,7,7,7,7:7,7:7,7:7:7:7
260,arc-gen,7,5,7,2,0,2,3,7,8,4,4,0,1,1,7,7,7,2,7:7,7:2,7:7:7:2
260,arc-gen,8,2,7,2,0,3,0,7,8,3,7,1,0,1,7,2,0,7,7:2,0:7,7:2:0:7
260,arc-gen,8,3,7,2,0,3,1,7,8,3,6,1,1,1,7,2,7,7,7:2,7:7,7:2:7:7
260,arc-gen,8,4,7,2,0,3,2,7,8,3,5,1,0,1,7,2,7,7,7:2,7:7,7:2:7:7
260,arc-gen,8,5,7,2,0,3,3,7,8,3,4,1,1,1,7,2,7,2,7:2,7:2,7:2:7:2
261,arc-gen,4,10,3,1,0,2,4,5,8,2,3,0,0,1,1,3,1,3,1:3,1:3,1:3:1:3
261,arc-gen,4,11,3,1,0,2,5,5,8,2,2,0,1,1,1,3,3,3,1:3,3:3,1:3:3:3
261,arc-gen,4,12,3,1,0,2,6,5,8,2,1,0,0,1,0,3,3,3,0:3,3:3,0:3:3:3
261,arc-gen,4,13,3,1,0,2,7,5,8,2,0,0,1,1,0,3,3,0,0:3,3:0,0:3:3:0
261,arc-gen,5,10,3,0,1,3,4,5,8,1,3,1,0,1,3,3,0,3,3:3,0:3,3:3:0:3
261,arc-gen,5,11,3,0,1,3,5,5,8,1,2,1,1,1,3,3,3,3,3:3,3:3,3:3:3:3
261,arc-gen,5,12,3,0,1,3,6,5,8,1,1,1,0,1,3,3,3,3,3:3,3:3,3:3:3:3
261,arc-gen,5,13,3,0,1,3,7,5,8,1,0,1,1,1,3,3,3,0,3:3,3:0,3:3:3:0
261,arc-gen,6,10,3,0,1,4,4,5,8,0,3,0,0,1,3,0,0,3,3:0,0:3,3:0:0:3
261,arc-gen,6,11,3,0,1,4,5,5,8,0,2,0,1,1,3,0,3,3,3:0,3:3,3:0:3:3
261,arc-gen,6,12,3,0,1,4,6,5,8,0,1,0,0,1,3,0,3,3,3:0,3:3,3:0:3:3
261,arc-gen,6,13,3,0,1,4,7,5,8,0,0,0,1,1,3,0,3,0,3:0,3:0,3:0:3:0
262,arc-gen,6,5,9,0,1,2,0,6,8,3,7,0,0,1,0,9,0,9,0:9,0:9,0:9:0:9
262,arc-gen,6,6,9,0,1,2,1,6,8,3,6,0,1,1,5,9,9,9,5:9,9:9,5:9:9:9
262,arc-gen,6,7,9,5,0,2,2,6,8,3,5,0,0,1,5,9,9,9,5:9,9:9,5:9:9:9
262,arc-gen,6,8,9,5,0,2,3,6,8,3,4,0,1,1,5,9,9,5,5:9,9:5,5:9:9:5
262,arc-gen,7,5,9,0,1,3,0,6,8,2,7,1,0,1,9,9,0,9,9:9,0:9,9:9:0:9
262,arc-gen,7,6,9,0,1,3,1,6,8,2,6,1,1,1,9,9,9,9,9:9,9:9,9:9:9:9
262,arc-gen,7,7,9,5,0,3,2,6,8,2,5,1,0,1,9,9,9,9,9:9,9:9,9:9:9:9
262,arc-gen,7,8,9,5,0,3,3,6,8,2,4,1,1,1,9,9,9,5,9:9,9:5,9:9:9:5
262,arc-gen,8,5,9,0,1,4,0,6,8,1,7,0,0,1,9,0,0,9,9:0,0:9,9:0:0:9
262,arc-gen,8,6,9,0,1,4,1,6,8,1,6,0,1,1,9,5,9,9,9:5,9:9,9:5:9:9
262,arc-gen,8,7,9,5,0,4,2,6,8,1,5,0,0,1,9,5,9,9,9:5,9:9,9:5:9:9
262,arc-gen,8,8,9,5,0,4,3,6,8,1,4,0,1,1,9,5,9,5,9:5,9:5,9:5:9:5
263,arc-gen,4,12,4,9,0,1,5,7,9,5,3,1,1,1,9,4,9,4,9:4,9:4,9:4:9:4
263,arc-gen,4,13,4,9,0,1,6,7,9,5,2,1,0,1,9,4,4,4,9:4,4:4,9:4:4:4
263,arc-gen,4,14,4,0,1,1,7,7,9,5,1,1,1,1,0,4,4,4,0:4,4:4,0:4:4:4
263,arc-gen,4,15,4,0,1,1,8,7,9,5,0,1,0,1,0,4,4,-1,0:4,4:-1,0:4:4:-1
263,arc-gen,5,12,4,9,0,2,5,7,9,4,3,0,1,1,4,4,9,4,4:4,9:4,4:4:9:4
263,arc-gen,5,13,4,9,0,2,6,7,9,4,2,0,0,1,4,4,4,4,4:4,4:4,4:4:4:4
263,arc-gen,5,14,4,0,1,2,7,7,9,4,1,0,1,1,4,4,4,4,4:4,4:4,4:4:4:4
263,arc-gen,5,15,4,0,1,2,8,7,9,4,0,0,0,1,4,4,4,-1,4:4,4:-1,4:4:4:-1
263,arc-gen,6,12,4,9,0,3,5,7,9,3,3,1,1,1,4,4,9,4,4:4,9:4,4:4:9:4
263,arc-gen,6,13,4,9,0,3,6,7,9,3,2,1,0,1,4,4,4,4,4:4,4:4,4:4:4:4
263,arc-gen,6,14,4,0,1,3,7,7,9,3,1,1,1,1,4,4,4,4,4:4,4:4,4:4:4:4
263,arc-gen,6,15,4,0,1,3,8,7,9,3,0,1,0,1,4,4,4,-1,4:4,4:-1,4:4:4:-1
263,arc-gen,7,12,4,0,1,4,5,7,9,2,3,0,1,1,4,4,9,4,4:4,9:4,4:4:9:4
263,arc-gen,7,13,4,9,0,4,6,7,9,2,2,0,0,1,4,4,4,4,4:4,4:4,4:4:4:4
263,arc-gen,7,14,4,0,1,4,7,7,9,2,1,0,1,1,4,4,4,4,4:4,4:4,4:4:4:4
263,arc-gen,7,15,4,0,1,4,8,7,9,2,0,0,0,1,4,4,4,-1,4:4,4:-1,4:4:4:-1
263,arc-gen,8,12,4,0,1,5,5,7,9,1,3,1,1,1,4,0,0,4,4:0,0:4,4:0:0:4
263,arc-gen,8,13,4,0,1,5,6,7,9,1,2,1,0,1,4,0,4,4,4:0,4:4,4:0:4:4
263,arc-gen,8,14,4,0,1,5,7,7,9,1,1,1,1,1,4,0,4,4,4:0,4:4,4:0:4:4
263,arc-gen,8,15,4,0,1,5,8,7,9,1,0,1,0,1,4,0,4,-1,4:0,4:-1,4:0:4:-1
264,arc-gen,6,6,2,3,0,1,4,5,8,3,3,1,0,1,3,2,3,2,3:2,3:2,3:2:3:2
264,arc-gen,6,7,2,3,0,1,5,5,8,3,2,1,1,1,3,2,2,2,3:2,2:2,3:2:2:2
264,arc-gen,6,8,2,3,0,1,6,5,8,3,1,1,0,1,3,2,2,2,3:2,2:2,3:2:2:2
264,arc-gen,6,9,2,3,0,1,7,5,8,3,0,1,1,1,0,2,2,0,0:2,2:0,0:2:2:0
264,arc-gen,7,6,2,3,0,2,4,5,8,2,3,0,0,1,2,2,3,2,2:2,3:2,2:2:3:2
264,arc-gen,7,7,2,0,1,2,5,5,8,2,2,0,1,1,2,2,2,2,2:2,2:2,2:2:2:2
264,arc-gen,7,8,2,3,0,2,6,5,8,2,1,0,0,1,2,2,2,2,2:2,2:2,2:2:2:2
264,arc-gen,7,9,2,3,0,2,7,5,8,2,0,0,1,1,2,2,2,0,2:2,2:0,2:2:2:0
264,arc-gen,8,6,2,3,0,3,4,5,8,1,3,1,0,1,2,3,3,2,2:3,3:2,2:3:3:2
264,arc-gen,8,7,2,3,0,3,5,5,8,1,2,1,1,1,2,3,2,2,2:3,2:2,2:3:2:2
264,arc-gen,8,8,2,3,0,3,6,5,8,1,1,1,0,1,2,0,2,2,2:0,2:2,2:0:2:2
264,arc-gen,8,9,2,0,1,3,7,5,8,1,0,1,1,1,2,0,2,0,2:0,2:0,2:0:2:0
