added_total,all_top_deltas,all_top_line_types,balanced_removed_added_colors,color_count_preserved_nonzero_colors,color_counts_preserved,color_motion,dominant_delta,dominant_line_type,idx,input_nonzero_bbox,nonzero_count_preserved,output_nonzero_bbox,recolor_total,removed_total,shape,split
4,"0,-2:1 0,-12:1 0,10:1 0,2:1",horizontal:4,2,2,False,"[{""added"": 0, ""added_bbox"": ""None"", ""color"": 2, ""input_count"": 1, ""output_count"": 0, ""pair_count"": 0, ""perfect_size_match"": false, ""removed"": 1, ""removed_bbox"": ""(10, 7, 10, 7)""}, {""added"": 2, ""added_bbox"": ""(3, 4, 11, 4)"", ""color"": 3, ""delta_counts"": {""0,-12"": 1, ""0,-2"": 1}, ""dominant_delta_share"": 0.5, ""dominant_line_share"": 1.0, ""input_count"": 20, ""line_counts"": {""horizontal"": 2}, ""mean_manhattan"": 7.0, ""output_count"": 20, ""pair_count"": 2, ""perfect_size_match"": true, ""removed"": 2, ""removed_bbox"": ""(3, 6, 11, 16)"", ""top_delta"": ""(0, -2):1 (0, -12):1"", ""top_line_type"": ""horizontal:2""}, {""added"": 2, ""added_bbox"": ""(3, 11, 7, 11)"", ""color"": 4, ""delta_counts"": {""0,10"": 1, ""0,2"": 1}, ""dominant_delta_share"": 0.5, ""dominant_line_share"": 1.0, ""input_count"": 20, ""line_counts"": {""horizontal"": 2}, ""mean_manhattan"": 6.0, ""output_count"": 20, ""pair_count"": 2, ""perfect_size_match"": true, ""removed"": 2, ""removed_bbox"": ""(3, 1, 7, 9)"", ""top_delta"": ""(0, 10):1 (0, 2):1"", ""top_line_type"": ""horizontal:2""}]","0,-2",horizontal,0,"(0, 1, 17, 16)",False,"(0, 3, 17, 12)",0,5,"(18, 19)",train
5,"4,0:1 -2,0:1 2,0:1 -3,0:1 -9,0:1",vertical:5,2,2,False,"[{""added"": 2, ""added_bbox"": ""(9, 2, 11, 10)"", ""color"": 1, ""delta_counts"": {""-2,0"": 1, ""4,0"": 1}, ""dominant_delta_share"": 0.5, ""dominant_line_share"": 1.0, ""input_count"": 16, ""line_counts"": {""vertical"": 2}, ""mean_manhattan"": 3.0, ""output_count"": 16, ""pair_count"": 2, ""perfect_size_match"": true, ""removed"": 2, ""removed_bbox"": ""(5, 2, 13, 10)"", ""top_delta"": ""(4, 0):1 (-2, 0):1"", ""top_line_type"": ""vertical:2""}, {""added"": 3, ""added_bbox"": ""(2, 3, 4, 10)"", ""color"": 2, ""delta_counts"": {""-3,0"": 1, ""-9,0"": 1, ""2,0"": 1}, ""dominant_delta_share"": 0.3333, ""dominant_line_share"": 1.0, ""input_count"": 17, ""line_counts"": {""vertical"": 3}, ""mean_manhattan"": 4.6667, ""output_count"": 17, ""pair_count"": 3, ""perfect_size_match"": true, ""removed"": 3, ""removed_bbox"": ""(0, 3, 13, 10)"", ""top_delta"": ""(2, 0):1 (-3, 0):1 (-9, 0):1"", ""top_line_type"": ""vertical:3""}, {""added"": 0, ""added_bbox"": ""None"", ""color"": 4, ""input_count"": 1, ""output_count"": 0, ""pair_count"": 0, ""perfect_size_match"": false, ""removed"": 1, ""removed_bbox"": ""(1, 9, 1, 9)""}]","4,0",vertical,1,"(0, 0, 13, 13)",False,"(2, 0, 11, 13)",0,6,"(15, 14)",train
3,"3,0:1 -2,0:1 -6,0:1",vertical:3,1,1,False,"[{""added"": 0, ""added_bbox"": ""None"", ""color"": 1, ""input_count"": 2, ""output_count"": 0, ""pair_count"": 0, ""perfect_size_match"": false, ""removed"": 2, ""removed_bbox"": ""(1, 3, 13, 12)""}, {""added"": 3, ""added_bbox"": ""(4, 3, 6, 11)"", ""color"": 8, ""delta_counts"": {""-2,0"": 1, ""-6,0"": 1, ""3,0"": 1}, ""dominant_delta_share"": 0.3333, ""dominant_line_share"": 1.0, ""input_count"": 19, ""line_counts"": {""vertical"": 3}, ""mean_manhattan"": 3.6667, ""output_count"": 19, ""pair_count"": 3, ""perfect_size_match"": true, ""removed"": 3, ""removed_bbox"": ""(1, 3, 12, 11)"", ""top_delta"": ""(3, 0):1 (-2, 0):1 (-6, 0):1"", ""top_line_type"": ""vertical:3""}]","3,0",vertical,2,"(1, 0, 13, 15)",False,"(4, 0, 6, 15)",0,5,"(15, 16)",train
7,"0,2:2 0,-11:1 0,-1:1 0,-10:1 0,13:1 0,-3:1",horizontal:7,3,3,False,"[{""added"": 2, ""added_bbox"": ""(2, 3, 10, 5)"", ""color"": 2, ""delta_counts"": {""0,-11"": 1, ""0,2"": 1}, ""dominant_delta_share"": 0.5, ""dominant_line_share"": 1.0, ""input_count"": 21, ""line_counts"": {""horizontal"": 2}, ""mean_manhattan"": 6.5, ""output_count"": 21, ""pair_count"": 2, ""perfect_size_match"": true, ""removed"": 2, ""removed_bbox"": ""(2, 1, 10, 16)"", ""top_delta"": ""(0, -11):1 (0, 2):1"", ""top_line_type"": ""horizontal:2""}, {""added"": 3, ""added_bbox"": ""(9, 10, 17, 12)"", ""color"": 3, ""delta_counts"": {""0,-1"": 1, ""0,-10"": 1, ""0,2"": 1}, ""dominant_delta_share"": 0.3333, ""dominant_line_share"": 1.0, ""input_count"": 22, ""line_counts"": {""horizontal"": 3}, ""mean_manhattan"": 4.3333, ""output_count"": 22, ""pair_count"": 3, ""perfect_size_match"": true, ""removed"": 3, ""removed_bbox"": ""(9, 8, 17, 22)"", ""top_delta"": ""(0, -1):1 (0, 2):1 (0, -10):1"", ""top_line_type"": ""horizontal:3""}, {""added"": 2, ""added_bbox"": ""(7, 19, 15, 21)"", ""color"": 4, ""delta_counts"": {""0,-3"": 1, ""0,13"": 1}, ""dominant_delta_share"": 0.5, ""dominant_line_share"": 1.0, ""input_count"": 21, ""line_counts"": {""horizontal"": 2}, ""mean_manhattan"": 8.0, ""output_count"": 21, ""pair_count"": 2, ""perfect_size_match"": true, ""removed"": 2, ""removed_bbox"": ""(7, 6, 15, 24)"", ""top_delta"": ""(0, 13):1 (0, -3):1"", ""top_line_type"": ""horizontal:2""}, {""added"": 0, ""added_bbox"": ""None"", ""color"": 8, ""input_count"": 4, ""output_count"": 0, ""pair_count"": 0, ""perfect_size_match"": false, ""removed"": 4, ""removed_bbox"": ""(4, 0, 15, 24)""}]","0,2",horizontal,3,"(0, 0, 18, 24)",False,"(0, 3, 18, 21)",0,11,"(19, 26)",test
2,"10,0:2",vertical:2,4,4,False,"[{""added"": 0, ""added_bbox"": ""None"", ""color"": 1, ""input_count"": 1, ""output_count"": 0, ""pair_count"": 0, ""perfect_size_match"": false, ""removed"": 1, ""removed_bbox"": ""(16, 10, 16, 10)""}, {""added"": 0, ""added_bbox"": ""None"", ""color"": 2, ""input_count"": 14, ""output_count"": 14, ""pair_count"": 0, ""perfect_size_match"": true, ""removed"": 0, ""removed_bbox"": ""None""}, {""added"": 0, ""added_bbox"": ""None"", ""color"": 4, ""input_count"": 14, ""output_count"": 14, ""pair_count"": 0, ""perfect_size_match"": true, ""removed"": 0, ""removed_bbox"": ""None""}, {""added"": 1, ""added_bbox"": ""(26, 6, 26, 6)"", ""color"": 7, ""delta_counts"": {""10,0"": 1}, ""dominant_delta_share"": 1.0, ""dominant_line_share"": 1.0, ""input_count"": 15, ""line_counts"": {""vertical"": 1}, ""mean_manhattan"": 10.0, ""output_count"": 15, ""pair_count"": 1, ""perfect_size_match"": true, ""removed"": 1, ""removed_bbox"": ""(16, 6, 16, 6)"", ""top_delta"": ""(10, 0):1"", ""top_line_type"": ""vertical:1""}, {""added"": 1, ""added_bbox"": ""(18, 8, 18, 8)"", ""color"": 9, ""delta_counts"": {""10,0"": 1}, ""dominant_delta_share"": 1.0, ""dominant_line_share"": 1.0, ""input_count"": 15, ""line_counts"": {""vertical"": 1}, ""mean_manhattan"": 10.0, ""output_count"": 15, ""pair_count"": 1, ""perfect_size_match"": true, ""removed"": 1, ""removed_bbox"": ""(8, 8, 8, 8)"", ""top_delta"": ""(10, 0):1"", ""top_line_type"": ""vertical:1""}]","10,0",vertical,4,"(6, 0, 27, 13)",False,"(6, 0, 27, 13)",0,3,"(29, 14)",arc-gen
1,"3,0:1",vertical:1,2,2,True,"[{""added"": 1, ""added_bbox"": ""(9, 0, 9, 0)"", ""color"": 8, ""delta_counts"": {""3,0"": 1}, ""dominant_delta_share"": 1.0, ""dominant_line_share"": 1.0, ""input_count"": 23, ""line_counts"": {""vertical"": 1}, ""mean_manhattan"": 3.0, ""output_count"": 23, ""pair_count"": 1, ""perfect_size_match"": true, ""removed"": 1, ""removed_bbox"": ""(6, 0, 6, 0)"", ""top_delta"": ""(3, 0):1"", ""top_line_type"": ""vertical:1""}, {""added"": 0, ""added_bbox"": ""None"", ""color"": 9, ""input_count"": 22, ""output_count"": 22, ""pair_count"": 0, ""perfect_size_match"": true, ""removed"": 0, ""removed_bbox"": ""None""}]","3,0",vertical,5,"(3, 0, 10, 21)",True,"(3, 0, 10, 21)",0,1,"(15, 22)",arc-gen
4,"7,0:1 2,0:1 1,0:1 -7,0:1",vertical:4,2,2,True,"[{""added"": 3, ""added_bbox"": ""(8, 3, 8, 22)"", ""color"": 3, ""delta_counts"": {""1,0"": 1, ""2,0"": 1, ""7,0"": 1}, ""dominant_delta_share"": 0.3333, ""dominant_line_share"": 1.0, ""input_count"": 29, ""line_counts"": {""vertical"": 3}, ""mean_manhattan"": 3.3333, ""output_count"": 29, ""pair_count"": 3, ""perfect_size_match"": true, ""removed"": 3, ""removed_bbox"": ""(1, 3, 7, 22)"", ""top_delta"": ""(7, 0):1 (2, 0):1 (1, 0):1"", ""top_line_type"": ""vertical:3""}, {""added"": 1, ""added_bbox"": ""(4, 21, 4, 21)"", ""color"": 7, ""delta_counts"": {""-7,0"": 1}, ""dominant_delta_share"": 1.0, ""dominant_line_share"": 1.0, ""input_count"": 27, ""line_counts"": {""vertical"": 1}, ""mean_manhattan"": 7.0, ""output_count"": 27, ""pair_count"": 1, ""perfect_size_match"": true, ""removed"": 1, ""removed_bbox"": ""(11, 21, 11, 21)"", ""top_delta"": ""(-7, 0):1"", ""top_line_type"": ""vertical:1""}]","7,0",vertical,6,"(1, 0, 11, 25)",True,"(3, 0, 9, 25)",0,4,"(15, 26)",arc-gen
8,"2,0:2 -12,0:2 17,0:1 10,0:1 9,0:1 -1,0:1",vertical:8,3,3,False,"[{""added"": 1, ""added_bbox"": ""(10, 0, 10, 0)"", ""color"": 1, ""delta_counts"": {""2,0"": 1}, ""dominant_delta_share"": 1.0, ""dominant_line_share"": 1.0, ""input_count"": 18, ""line_counts"": {""vertical"": 1}, ""mean_manhattan"": 2.0, ""output_count"": 18, ""pair_count"": 1, ""perfect_size_match"": true, ""removed"": 1, ""removed_bbox"": ""(8, 0, 8, 0)"", ""top_delta"": ""(2, 0):1"", ""top_line_type"": ""vertical:1""}, {""added"": 3, ""added_bbox"": ""(18, 6, 18, 15)"", ""color"": 2, ""delta_counts"": {""10,0"": 1, ""17,0"": 1, ""9,0"": 1}, ""dominant_delta_share"": 0.3333, ""dominant_line_share"": 1.0, ""input_count"": 20, ""line_counts"": {""vertical"": 3}, ""mean_manhattan"": 12.0, ""output_count"": 20, ""pair_count"": 3, ""perfect_size_match"": true, ""removed"": 3, ""removed_bbox"": ""(1, 6, 9, 15)"", ""top_delta"": ""(17, 0):1 (10, 0):1 (9, 0):1"", ""top_line_type"": ""vertical:3""}, {""added"": 4, ""added_bbox"": ""(2, 1, 4, 13)"", ""color"": 3, ""delta_counts"": {""-1,0"": 1, ""-12,0"": 2, ""2,0"": 1}, ""dominant_delta_share"": 0.5, ""dominant_line_share"": 1.0, ""input_count"": 21, ""line_counts"": {""vertical"": 4}, ""mean_manhattan"": 6.75, ""output_count"": 21, ""pair_count"": 4, ""perfect_size_match"": true, ""removed"": 4, ""removed_bbox"": ""(0, 1, 16, 13)"", ""top_delta"": ""(-12, 0):2 (2, 0):1 (-1, 0):1"", ""top_line_type"": ""vertical:4""}, {""added"": 0, ""added_bbox"": ""None"", ""color"": 9, ""input_count"": 3, ""output_count"": 0, ""pair_count"": 0, ""perfect_size_match"": false, ""removed"": 3, ""removed_bbox"": ""(5, 2, 21, 11)""}]","2,0",vertical,7,"(0, 0, 21, 16)",False,"(2, 0, 19, 16)",0,11,"(23, 17)",arc-gen
11,"0,-13:2 0,1:2 0,-8:1 0,-19:1 0,2:1 0,-9:1 0,3:1 0,-5:1",horizontal:11,3,3,True,"[{""added"": 5, ""added_bbox"": ""(1, 3, 24, 5)"", ""color"": 5, ""delta_counts"": {""0,-19"": 1, ""0,-8"": 1, ""0,-9"": 1, ""0,2"": 1, ""0,3"": 1}, ""dominant_delta_share"": 0.2, ""dominant_line_share"": 1.0, ""input_count"": 32, ""line_counts"": {""horizontal"": 5}, ""mean_manhattan"": 8.2, ""output_count"": 32, ""pair_count"": 5, ""perfect_size_match"": true, ""removed"": 5, ""removed_bbox"": ""(1, 0, 24, 24)"", ""top_delta"": ""(0, -8):1 (0, -19):1 (0, 2):1 (0, -9):1 (0, 3):1"", ""top_line_type"": ""horizontal:5""}, {""added"": 3, ""added_bbox"": ""(19, 12, 24, 12)"", ""color"": 6, ""delta_counts"": {""0,-13"": 2, ""0,-5"": 1}, ""dominant_delta_share"": 0.6667, ""dominant_line_share"": 1.0, ""input_count"": 30, ""line_counts"": {""horizontal"": 3}, ""mean_manhattan"": 10.3333, ""output_count"": 30, ""pair_count"": 3, ""perfect_size_match"": true, ""removed"": 3, ""removed_bbox"": ""(19, 17, 24, 25)"", ""top_delta"": ""(0, -13):2 (0, -5):1"", ""top_line_type"": ""horizontal:3""}, {""added"": 3, ""added_bbox"": ""(3, 19, 21, 19)"", ""color"": 8, ""delta_counts"": {""0,1"": 2, ""0,12"": 1}, ""dominant_delta_share"": 0.6667, ""dominant_line_share"": 1.0, ""input_count"": 30, ""line_counts"": {""horizontal"": 3}, ""mean_manhattan"": 4.6667, ""output_count"": 30, ""pair_count"": 3, ""perfect_size_match"": true, ""removed"": 3, ""removed_bbox"": ""(3, 7, 21, 18)"", ""top_delta"": ""(0, 1):2 (0, 12):1"", ""top_line_type"": ""horizontal:3""}]","0,-13",horizontal,8,"(0, 0, 26, 25)",True,"(0, 3, 26, 20)",0,11,"(27, 27)",arc-gen
3,"-7,0:1 -9,0:1 9,0:1",vertical:3,3,3,False,"[{""added"": 0, ""added_bbox"": ""None"", ""color"": 2, ""input_count"": 4, ""output_count"": 0, ""pair_count"": 0, ""perfect_size_match"": false, ""removed"": 4, ""removed_bbox"": ""(7, 9, 16, 23)""}, {""added"": 2, ""added_bbox"": ""(6, 7, 6, 13)"", ""color"": 7, ""delta_counts"": {""-7,0"": 1, ""-9,0"": 1}, ""dominant_delta_share"": 0.5, ""dominant_line_share"": 1.0, ""input_count"": 26, ""line_counts"": {""vertical"": 2}, ""mean_manhattan"": 8.0, ""output_count"": 26, ""pair_count"": 2, ""perfect_size_match"": true, ""removed"": 2, ""removed_bbox"": ""(13, 7, 15, 13)"", ""top_delta"": ""(-7, 0):1 (-9, 0):1"", ""top_line_type"": ""vertical:2""}, {""added"": 0, ""added_bbox"": ""None"", ""color"": 8, ""input_count"": 24, ""output_count"": 24, ""pair_count"": 0, ""perfect_size_match"": true, ""removed"": 0, ""removed_bbox"": ""None""}, {""added"": 1, ""added_bbox"": ""(10, 15, 10, 15)"", ""color"": 9, ""delta_counts"": {""9,0"": 1}, ""dominant_delta_share"": 1.0, ""dominant_line_share"": 1.0, ""input_count"": 25, ""line_counts"": {""vertical"": 1}, ""mean_manhattan"": 9.0, ""output_count"": 25, ""pair_count"": 1, ""perfect_size_match"": true, ""removed"": 1, ""removed_bbox"": ""(1, 15, 1, 15)"", ""top_delta"": ""(9, 0):1"", ""top_line_type"": ""vertical:1""}]","-7,0",vertical,9,"(1, 0, 20, 23)",False,"(5, 0, 20, 23)",0,7,"(21, 24)",arc-gen
0,,,2,2,False,"[{""added"": 0, ""added_bbox"": ""None"", ""color"": 2, ""input_count"": 2, ""output_count"": 0, ""pair_count"": 0, ""perfect_size_match"": false, ""removed"": 2, ""removed_bbox"": ""(1, 1, 10, 12)""}, {""added"": 0, ""added_bbox"": ""None"", ""color"": 4, ""input_count"": 22, ""output_count"": 22, ""pair_count"": 0, ""perfect_size_match"": true, ""removed"": 0, ""removed_bbox"": ""None""}, {""added"": 0, ""added_bbox"": ""None"", ""color"": 8, ""input_count"": 22, ""output_count"": 22, ""pair_count"": 0, ""perfect_size_match"": true, ""removed"": 0, ""removed_bbox"": ""None""}]",,,10,"(1, 0, 13, 21)",False,"(5, 0, 13, 21)",0,2,"(17, 22)",arc-gen
4,"1,0:2 11,0:1 -1,0:1",vertical:4,2,2,True,"[{""added"": 3, ""added_bbox"": ""(11, 12, 11, 28)"", ""color"": 3, ""delta_counts"": {""1,0"": 2, ""11,0"": 1}, ""dominant_delta_share"": 0.6667, ""dominant_line_share"": 1.0, ""input_count"": 33, ""line_counts"": {""vertical"": 3}, ""mean_manhattan"": 4.3333, ""output_count"": 33, ""pair_count"": 3, ""perfect_size_match"": true, ""removed"": 3, ""removed_bbox"": ""(0, 12, 10, 28)"", ""top_delta"": ""(1, 0):2 (11, 0):1"", ""top_line_type"": ""vertical:3""}, {""added"": 1, ""added_bbox"": ""(7, 13, 7, 13)"", ""color"": 4, ""delta_counts"": {""-1,0"": 1}, ""dominant_delta_share"": 1.0, ""dominant_line_share"": 1.0, ""input_count"": 31, ""line_counts"": {""vertical"": 1}, ""mean_manhattan"": 1.0, ""output_count"": 31, ""pair_count"": 1, ""perfect_size_match"": true, ""removed"": 1, ""removed_bbox"": ""(8, 13, 8, 13)"", ""top_delta"": ""(-1, 0):1"", ""top_line_type"": ""vertical:1""}]","1,0",vertical,11,"(0, 0, 12, 29)",True,"(6, 0, 12, 29)",0,4,"(13, 30)",arc-gen
4,"2,0:1 -1,0:1 -3,0:1 -10,0:1",vertical:4,3,3,False,"[{""added"": 1, ""added_bbox"": ""(18, 4, 18, 4)"", ""color"": 2, ""delta_counts"": {""2,0"": 1}, ""dominant_delta_share"": 1.0, ""dominant_line_share"": 1.0, ""input_count"": 17, ""line_counts"": {""vertical"": 1}, ""mean_manhattan"": 2.0, ""output_count"": 17, ""pair_count"": 1, ""perfect_size_match"": true, ""removed"": 1, ""removed_bbox"": ""(16, 4, 16, 4)"", ""top_delta"": ""(2, 0):1"", ""top_line_type"": ""vertical:1""}, {""added"": 0, ""added_bbox"": ""None"", ""color"": 4, ""input_count"": 2, ""output_count"": 0, ""pair_count"": 0, ""perfect_size_match"": false, ""removed"": 2, ""removed_bbox"": ""(0, 3, 9, 6)""}, {""added"": 1, ""added_bbox"": ""(4, 10, 4, 10)"", ""color"": 6, ""delta_counts"": {""-1,0"": 1}, ""dominant_delta_share"": 1.0, ""dominant_line_share"": 1.0, ""input_count"": 17, ""line_counts"": {""vertical"": 1}, ""mean_manhattan"": 1.0, ""output_count"": 17, ""pair_count"": 1, ""perfect_size_match"": true, ""removed"": 1, ""removed_bbox"": ""(5, 10, 5, 10)"", ""top_delta"": ""(-1, 0):1"", ""top_line_type"": ""vertical:1""}, {""added"": 2, ""added_bbox"": ""(13, 11, 13, 13)"", ""color"": 7, ""delta_counts"": {""-10,0"": 1, ""-3,0"": 1}, ""dominant_delta_share"": 0.5, ""dominant_line_share"": 1.0, ""input_count"": 18, ""line_counts"": {""vertical"": 2}, ""mean_manhattan"": 6.5, ""output_count"": 18, ""pair_count"": 2, ""perfect_size_match"": true, ""removed"": 2, ""removed_bbox"": ""(16, 11, 23, 13)"", ""top_delta"": ""(-3, 0):1 (-10, 0):1"", ""top_line_type"": ""vertical:2""}]","2,0",vertical,12,"(0, 0, 23, 15)",False,"(3, 0, 19, 15)",0,6,"(25, 16)",arc-gen
3,"9,0:1 7,0:1 3,0:1",vertical:3,2,2,False,"[{""added"": 3, ""added_bbox"": ""(10, 11, 10, 20)"", ""color"": 1, ""delta_counts"": {""3,0"": 1, ""7,0"": 1, ""9,0"": 1}, ""dominant_delta_share"": 0.3333, ""dominant_line_share"": 1.0, ""input_count"": 26, ""line_counts"": {""vertical"": 3}, ""mean_manhattan"": 6.3333, ""output_count"": 26, ""pair_count"": 3, ""perfect_size_match"": true, ""removed"": 3, ""removed_bbox"": ""(1, 11, 7, 20)"", ""top_delta"": ""(9, 0):1 (7, 0):1 (3, 0):1"", ""top_line_type"": ""vertical:3""}, {""added"": 0, ""added_bbox"": ""None"", ""color"": 2, ""input_count"": 2, ""output_count"": 0, ""pair_count"": 0, ""perfect_size_match"": false, ""removed"": 2, ""removed_bbox"": ""(3, 7, 9, 8)""}, {""added"": 0, ""added_bbox"": ""None"", ""color"": 5, ""input_count"": 23, ""output_count"": 23, ""pair_count"": 0, ""perfect_size_match"": true, ""removed"": 0, ""removed_bbox"": ""None""}]","9,0",vertical,13,"(1, 0, 11, 22)",False,"(5, 0, 11, 22)",0,5,"(14, 23)",arc-gen
0,,,3,3,False,"[{""added"": 0, ""added_bbox"": ""None"", ""color"": 2, ""input_count"": 17, ""output_count"": 17, ""pair_count"": 0, ""perfect_size_match"": true, ""removed"": 0, ""removed_bbox"": ""None""}, {""added"": 0, ""added_bbox"": ""None"", ""color"": 6, ""input_count"": 17, ""output_count"": 17, ""pair_count"": 0, ""perfect_size_match"": true, ""removed"": 0, ""removed_bbox"": ""None""}, {""added"": 0, ""added_bbox"": ""None"", ""color"": 7, ""input_count"": 17, ""output_count"": 17, ""pair_count"": 0, ""perfect_size_match"": true, ""removed"": 0, ""removed_bbox"": ""None""}, {""added"": 0, ""added_bbox"": ""None"", ""color"": 8, ""input_count"": 1, ""output_count"": 0, ""pair_count"": 0, ""perfect_size_match"": false, ""removed"": 1, ""removed_bbox"": ""(10, 16, 10, 16)""}]",,,14,"(0, 3, 16, 18)",False,"(0, 3, 16, 18)",0,1,"(17, 21)",arc-gen
2,"0,10:1 0,4:1",horizontal:2,2,2,False,"[{""added"": 1, ""added_bbox"": ""(11, 11, 11, 11)"", ""color"": 1, ""delta_counts"": {""0,10"": 1}, ""dominant_delta_share"": 1.0, ""dominant_line_share"": 1.0, ""input_count"": 31, ""line_counts"": {""horizontal"": 1}, ""mean_manhattan"": 10.0, ""output_count"": 31, ""pair_count"": 1, ""perfect_size_match"": true, ""removed"": 1, ""removed_bbox"": ""(11, 1, 11, 1)"", ""top_delta"": ""(0, 10):1"", ""top_line_type"": ""horizontal:1""}, {""added"": 0, ""added_bbox"": ""None"", ""color"": 4, ""input_count"": 3, ""output_count"": 0, ""pair_count"": 0, ""perfect_size_match"": false, ""removed"": 3, ""removed_bbox"": ""(4, 0, 16, 4)""}, {""added"": 1, ""added_bbox"": ""(27, 5, 27, 5)"", ""color"": 9, ""delta_counts"": {""0,4"": 1}, ""dominant_delta_share"": 1.0, ""dominant_line_share"": 1.0, ""input_count"": 31, ""line_counts"": {""horizontal"": 1}, ""mean_manhattan"": 4.0, ""output_count"": 31, ""pair_count"": 1, ""perfect_size_match"": true, ""removed"": 1, ""removed_bbox"": ""(27, 1, 27, 1)"", ""top_delta"": ""(0, 4):1"", ""top_line_type"": ""horizontal:1""}]","0,10",horizontal,15,"(0, 0, 29, 12)",False,"(0, 5, 29, 12)",0,5,"(30, 13)",arc-gen
9,"-9,0:4 3,0:1 -2,0:1 -5,0:1 -1,0:1 -11,0:1",vertical:9,2,2,False,"[{""added"": 3, ""added_bbox"": ""(10, 12, 12, 22)"", ""color"": 1, ""delta_counts"": {""-2,0"": 1, ""-5,0"": 1, ""3,0"": 1}, ""dominant_delta_share"": 0.3333, ""dominant_line_share"": 1.0, ""input_count"": 32, ""line_counts"": {""vertical"": 3}, ""mean_manhattan"": 3.3333, ""output_count"": 32, ""pair_count"": 3, ""perfect_size_match"": true, ""removed"": 3, ""removed_bbox"": ""(7, 12, 17, 22)"", ""top_delta"": ""(3, 0):1 (-2, 0):1 (-5, 0):1"", ""top_line_type"": ""vertical:3""}, {""added"": 6, ""added_bbox"": ""(4, 7, 4, 25)"", ""color"": 3, ""delta_counts"": {""-1,0"": 1, ""-11,0"": 1, ""-9,0"": 4}, ""dominant_delta_share"": 0.6667, ""dominant_line_share"": 1.0, ""input_count"": 35, ""line_counts"": {""vertical"": 6}, ""mean_manhattan"": 8.0, ""output_count"": 35, ""pair_count"": 6, ""perfect_size_match"": true, ""removed"": 6, ""removed_bbox"": ""(5, 7, 15, 25)"", ""top_delta"": ""(-9, 0):4 (-1, 0):1 (-11, 0):1"", ""top_line_type"": ""vertical:6""}, {""added"": 0, ""added_bbox"": ""None"", ""color"": 4, ""input_count"": 4, ""output_count"": 0, ""pair_count"": 0, ""perfect_size_match"": false, ""removed"": 4, ""removed_bbox"": ""(5, 2, 16, 21)""}]","-9,0",vertical,16,"(3, 0, 17, 28)",False,"(3, 0, 12, 28)",0,13,"(20, 29)",arc-gen
2,"-1,0:1 -2,0:1",vertical:2,2,2,False,"[{""added"": 1, ""added_bbox"": ""(10, 9, 10, 9)"", ""color"": 3, ""delta_counts"": {""-1,0"": 1}, ""dominant_delta_share"": 1.0, ""dominant_line_share"": 1.0, ""input_count"": 28, ""line_counts"": {""vertical"": 1}, ""mean_manhattan"": 1.0, ""output_count"": 28, ""pair_count"": 1, ""perfect_size_match"": true, ""removed"": 1, ""removed_bbox"": ""(11, 9, 11, 9)"", ""top_delta"": ""(-1, 0):1"", ""top_line_type"": ""vertical:1""}, {""added"": 1, ""added_bbox"": ""(4, 25, 4, 25)"", ""color"": 4, ""delta_counts"": {""-2,0"": 1}, ""dominant_delta_share"": 1.0, ""dominant_line_share"": 1.0, ""input_count"": 28, ""line_counts"": {""vertical"": 1}, ""mean_manhattan"": 2.0, ""output_count"": 28, ""pair_count"": 1, ""perfect_size_match"": true, ""removed"": 1, ""removed_bbox"": ""(6, 25, 6, 25)"", ""top_delta"": ""(-2, 0):1"", ""top_line_type"": ""vertical:1""}, {""added"": 0, ""added_bbox"": ""None"", ""color"": 8, ""input_count"": 3, ""output_count"": 0, ""pair_count"": 0, ""perfect_size_match"": false, ""removed"": 3, ""removed_bbox"": ""(0, 4, 13, 26)""}]","-1,0",vertical,17,"(0, 0, 13, 26)",False,"(3, 0, 10, 26)",0,5,"(14, 27)",arc-gen
8,"4,0:1 26,0:1 17,0:1 12,0:1 18,0:1 1,0:1 9,0:1 -1,0:1",vertical:8,4,4,False,"[{""added"": 1, ""added_bbox"": ""(5, 6, 5, 6)"", ""color"": 1, ""delta_counts"": {""4,0"": 1}, ""dominant_delta_share"": 1.0, ""dominant_line_share"": 1.0, ""input_count"": 30, ""line_counts"": {""vertical"": 1}, ""mean_manhattan"": 4.0, ""output_count"": 30, ""pair_count"": 1, ""perfect_size_match"": true, ""removed"": 1, ""removed_bbox"": ""(1, 6, 1, 6)"", ""top_delta"": ""(4, 0):1"", ""top_line_type"": ""vertical:1""}, {""added"": 3, ""added_bbox"": ""(27, 8, 27, 22)"", ""color"": 2, ""delta_counts"": {""12,0"": 1, ""17,0"": 1, ""26,0"": 1}, ""dominant_delta_share"": 0.3333, ""dominant_line_share"": 1.0, ""input_count"": 32, ""line_counts"": {""vertical"": 3}, ""mean_manhattan"": 18.3333, ""output_count"": 32, ""pair_count"": 3, ""perfect_size_match"": true, ""removed"": 3, ""removed_bbox"": ""(1, 8, 15, 22)"", ""top_delta"": ""(26, 0):1 (17, 0):1 (12, 0):1"", ""top_line_type"": ""vertical:3""}, {""added"": 0, ""added_bbox"": ""None"", ""color"": 3, ""input_count"": 2, ""output_count"": 0, ""pair_count"": 0, ""perfect_size_match"": false, ""removed"": 2, ""removed_bbox"": ""(24, 11, 24, 28)""}, {""added"": 2, ""added_bbox"": ""(19, 8, 19, 20)"", ""color"": 6, ""delta_counts"": {""1,0"": 1, ""18,0"": 1}, ""dominant_delta_share"": 0.5, ""dominant_line_share"": 1.0, ""input_count"": 31, ""line_counts"": {""vertical"": 2}, ""mean_manhattan"": 9.5, ""output_count"": 31, ""pair_count"": 2, ""perfect_size_match"": true, ""removed"": 2, ""removed_bbox"": ""(1, 8, 18, 20)"", ""top_delta"": ""(18, 0):1 (1, 0):1"", ""top_line_type"": ""vertical:2""}, {""added"": 2, ""added_bbox"": ""(11, 6, 13, 7)"", ""color"": 8, ""delta_counts"": {""-1,0"": 1, ""9,0"": 1}, ""dominant_delta_share"": 0.5, ""dominant_line_share"": 1.0, ""input_count"": 31, ""line_counts"": {""vertical"": 2}, ""mean_manhattan"": 5.0, ""output_count"": 31, ""pair_count"": 2, ""perfect_size_match"": true, ""removed"": 2, ""removed_bbox"": ""(2, 6, 14, 7)"", ""top_delta"": ""(9, 0):1 (-1, 0):1"", ""top_line_type"": ""vertical:2""}]","4,0",vertical,18,"(1, 0, 28, 28)",False,"(5, 0, 28, 28)",0,10,"(29, 29)",arc-gen
9,"10,0:2 1,0:2 21,0:1 14,0:1 2,0:1 12,0:1 6,0:1",vertical:9,3,3,True,"[{""added"": 6, ""added_bbox"": ""(22, 5, 22, 25)"", ""color"": 2, ""delta_counts"": {""1,0"": 1, ""10,0"": 2, ""14,0"": 1, ""2,0"": 1, ""21,0"": 1}, ""dominant_delta_share"": 0.3333, ""dominant_line_share"": 1.0, ""input_count"": 35, ""line_counts"": {""vertical"": 6}, ""mean_manhattan"": 9.6667, ""output_count"": 35, ""pair_count"": 6, ""perfect_size_match"": true, ""removed"": 6, ""removed_bbox"": ""(1, 5, 21, 25)"", ""top_delta"": ""(10, 0):2 (21, 0):1 (14, 0):1 (2, 0):1 (1, 0):1"", ""top_line_type"": ""vertical:6""}, {""added"": 3, ""added_bbox"": ""(13, 0, 13, 8)"", ""color"": 6, ""delta_counts"": {""1,0"": 1, ""12,0"": 1, ""6,0"": 1}, ""dominant_delta_share"": 0.3333, ""dominant_line_share"": 1.0, ""input_count"": 32, ""line_counts"": {""vertical"": 3}, ""mean_manhattan"": 6.3333, ""output_count"": 32, ""pair_count"": 3, ""perfect_size_match"": true, ""removed"": 3, ""removed_bbox"": ""(1, 0, 12, 8)"", ""top_delta"": ""(12, 0):1 (6, 0):1 (1, 0):1"", ""top_line_type"": ""vertical:3""}, {""added"": 0, ""added_bbox"": ""None"", ""color"": 9, ""input_count"": 29, ""output_count"": 29, ""pair_count"": 0, ""perfect_size_match"": true, ""removed"": 0, ""removed_bbox"": ""None""}]","10,0",vertical,19,"(1, 0, 23, 28)",True,"(5, 0, 23, 28)",0,9,"(24, 29)",arc-gen
0,,,2,2,False,"[{""added"": 0, ""added_bbox"": ""None"", ""color"": 2, ""input_count"": 26, ""output_count"": 26, ""pair_count"": 0, ""perfect_size_match"": true, ""removed"": 0, ""removed_bbox"": ""None""}, {""added"": 0, ""added_bbox"": ""None"", ""color"": 4, ""input_count"": 26, ""output_count"": 26, ""pair_count"": 0, ""perfect_size_match"": true, ""removed"": 0, ""removed_bbox"": ""None""}, {""added"": 0, ""added_bbox"": ""None"", ""color"": 5, ""input_count"": 2, ""output_count"": 0, ""pair_count"": 0, ""perfect_size_match"": false, ""removed"": 2, ""removed_bbox"": ""(2, 1, 19, 8)""}]",,,20,"(0, 1, 25, 12)",False,"(0, 5, 25, 12)",0,2,"(26, 13)",arc-gen
3,"0,-3:1 0,-5:1 0,2:1",horizontal:3,3,3,True,"[{""added"": 2, ""added_bbox"": ""(2, 5, 11, 5)"", ""color"": 1, ""delta_counts"": {""0,-3"": 1, ""0,-5"": 1}, ""dominant_delta_share"": 0.5, ""dominant_line_share"": 1.0, ""input_count"": 21, ""line_counts"": {""horizontal"": 2}, ""mean_manhattan"": 4.0, ""output_count"": 21, ""pair_count"": 2, ""perfect_size_match"": true, ""removed"": 2, ""removed_bbox"": ""(2, 8, 11, 10)"", ""top_delta"": ""(0, -3):1 (0, -5):1"", ""top_line_type"": ""horizontal:2""}, {""added"": 0, ""added_bbox"": ""None"", ""color"": 2, ""input_count"": 19, ""output_count"": 19, ""pair_count"": 0, ""perfect_size_match"": true, ""removed"": 0, ""removed_bbox"": ""None""}, {""added"": 1, ""added_bbox"": ""(9, 17, 9, 17)"", ""color"": 8, ""delta_counts"": {""0,2"": 1}, ""dominant_delta_share"": 1.0, ""dominant_line_share"": 1.0, ""input_count"": 20, ""line_counts"": {""horizontal"": 1}, ""mean_manhattan"": 2.0, ""output_count"": 20, ""pair_count"": 1, ""perfect_size_match"": true, ""removed"": 1, ""removed_bbox"": ""(9, 15, 9, 15)"", ""top_delta"": ""(0, 2):1"", ""top_line_type"": ""horizontal:1""}]","0,-3",horizontal,21,"(0, 4, 18, 18)",True,"(0, 4, 18, 18)",0,3,"(19, 22)",arc-gen
4,"0,-12:2 0,4:1 0,-3:1",horizontal:4,3,3,False,"[{""added"": 1, ""added_bbox"": ""(5, 12, 5, 12)"", ""color"": 3, ""delta_counts"": {""0,4"": 1}, ""dominant_delta_share"": 1.0, ""dominant_line_share"": 1.0, ""input_count"": 20, ""line_counts"": {""horizontal"": 1}, ""mean_manhattan"": 4.0, ""output_count"": 20, ""pair_count"": 1, ""perfect_size_match"": true, ""removed"": 1, ""removed_bbox"": ""(5, 8, 5, 8)"", ""top_delta"": ""(0, 4):1"", ""top_line_type"": ""horizontal:1""}, {""added"": 0, ""added_bbox"": ""None"", ""color"": 4, ""input_count"": 1, ""output_count"": 0, ""pair_count"": 0, ""perfect_size_match"": false, ""removed"": 1, ""removed_bbox"": ""(6, 25, 6, 25)""}, {""added"": 0, ""added_bbox"": ""None"", ""color"": 6, ""input_count"": 19, ""output_count"": 19, ""pair_count"": 0, ""perfect_size_match"": true, ""removed"": 0, ""removed_bbox"": ""None""}, {""added"": 3, ""added_bbox"": ""(6, 7, 14, 7)"", ""color"": 9, ""delta_counts"": {""0,-12"": 2, ""0,-3"": 1}, ""dominant_delta_share"": 0.6667, ""dominant_line_share"": 1.0, ""input_count"": 22, ""line_counts"": {""horizontal"": 3}, ""mean_manhattan"": 9.0, ""output_count"": 22, ""pair_count"": 3, ""perfect_size_match"": true, ""removed"": 3, ""removed_bbox"": ""(6, 10, 14, 19)"", ""top_delta"": ""(0, -12):2 (0, -3):1"", ""top_line_type"": ""horizontal:3""}]","0,-12",horizontal,22,"(0, 6, 18, 25)",False,"(0, 6, 18, 22)",0,5,"(19, 27)",arc-gen
5,"0,4:1 0,10:1 0,1:1 0,-4:1 0,-5:1",horizontal:5,2,2,False,"[{""added"": 3, ""added_bbox"": ""(3, 10, 10, 10)"", ""color"": 1, ""delta_counts"": {""0,1"": 1, ""0,10"": 1, ""0,4"": 1}, ""dominant_delta_share"": 0.3333, ""dominant_line_share"": 1.0, ""input_count"": 25, ""line_counts"": {""horizontal"": 3}, ""mean_manhattan"": 5.0, ""output_count"": 25, ""pair_count"": 3, ""perfect_size_match"": true, ""removed"": 3, ""removed_bbox"": ""(3, 0, 10, 9)"", ""top_delta"": ""(0, 4):1 (0, 10):1 (0, 1):1"", ""top_line_type"": ""horizontal:3""}, {""added"": 0, ""added_bbox"": ""None"", ""color"": 8, ""input_count"": 2, ""output_count"": 0, ""pair_count"": 0, ""perfect_size_match"": false, ""removed"": 2, ""removed_bbox"": ""(1, 9, 15, 14)""}, {""added"": 2, ""added_bbox"": ""(5, 4, 17, 4)"", ""color"": 9, ""delta_counts"": {""0,-4"": 1, ""0,-5"": 1}, ""dominant_delta_share"": 0.5, ""dominant_line_share"": 1.0, ""input_count"": 24, ""line_counts"": {""horizontal"": 2}, ""mean_manhattan"": 4.5, ""output_count"": 24, ""pair_count"": 2, ""perfect_size_match"": true, ""removed"": 2, ""removed_bbox"": ""(5, 8, 17, 9)"", ""top_delta"": ""(0, -4):1 (0, -5):1"", ""top_line_type"": ""horizontal:2""}]","0,4",horizontal,23,"(0, 0, 21, 14)",False,"(0, 3, 21, 11)",0,7,"(22, 15)",arc-gen
2,"0,-4:1 0,4:1",horizontal:2,2,2,False,"[{""added"": 0, ""added_bbox"": ""None"", ""color"": 2, ""input_count"": 2, ""output_count"": 0, ""pair_count"": 0, ""perfect_size_match"": false, ""removed"": 2, ""removed_bbox"": ""(17, 5, 22, 5)""}, {""added"": 0, ""added_bbox"": ""None"", ""color"": 5, ""input_count"": 25, ""output_count"": 25, ""pair_count"": 0, ""perfect_size_match"": true, ""removed"": 0, ""removed_bbox"": ""None""}, {""added"": 2, ""added_bbox"": ""(4, 9, 16, 11)"", ""color"": 7, ""delta_counts"": {""0,-4"": 1, ""0,4"": 1}, ""dominant_delta_share"": 0.5, ""dominant_line_share"": 1.0, ""input_count"": 27, ""line_counts"": {""horizontal"": 2}, ""mean_manhattan"": 4.0, ""output_count"": 27, ""pair_count"": 2, ""perfect_size_match"": true, ""removed"": 2, ""removed_bbox"": ""(4, 5, 16, 15)"", ""top_delta"": ""(0, -4):1 (0, 4):1"", ""top_line_type"": ""horizontal:2""}]","0,-4",horizontal,24,"(0, 3, 24, 15)",False,"(0, 3, 24, 11)",0,4,"(25, 16)",arc-gen
12,"0,-18:1 0,-22:1 0,2:1 0,13:1 0,6:1 0,-10:1 0,1:1 0,14:1",horizontal:12,3,3,False,"[{""added"": 3, ""added_bbox"": ""(3, 4, 19, 6)"", ""color"": 2, ""delta_counts"": {""0,-18"": 1, ""0,-22"": 1, ""0,2"": 1}, ""dominant_delta_share"": 0.3333, ""dominant_line_share"": 1.0, ""input_count"": 27, ""line_counts"": {""horizontal"": 3}, ""mean_manhattan"": 14.0, ""output_count"": 27, ""pair_count"": 3, ""perfect_size_match"": true, ""removed"": 3, ""removed_bbox"": ""(3, 2, 19, 28)"", ""top_delta"": ""(0, -18):1 (0, -22):1 (0, 2):1"", ""top_line_type"": ""horizontal:3""}, {""added"": 0, ""added_bbox"": ""None"", ""color"": 3, ""input_count"": 4, ""output_count"": 0, ""pair_count"": 0, ""perfect_size_match"": false, ""removed"": 4, ""removed_bbox"": ""(3, 0, 23, 25)""}, {""added"": 3, ""added_bbox"": ""(3, 13, 22, 15)"", ""color"": 8, ""delta_counts"": {""0,-10"": 1, ""0,13"": 1, ""0,6"": 1}, ""dominant_delta_share"": 0.3333, ""dominant_line_share"": 1.0, ""input_count"": 27, ""line_counts"": {""horizontal"": 3}, ""mean_manhattan"": 9.6667, ""output_count"": 27, ""pair_count"": 3, ""perfect_size_match"": true, ""removed"": 3, ""removed_bbox"": ""(3, 0, 22, 25)"", ""top_delta"": ""(0, 13):1 (0, 6):1 (0, -10):1"", ""top_line_type"": ""horizontal:3""}, {""added"": 6, ""added_bbox"": ""(1, 21, 14, 21)"", ""color"": 9, ""delta_counts"": {""0,1"": 1, ""0,14"": 1, ""0,18"": 1, ""0,19"": 1, ""0,4"": 1, ""0,9"": 1}, ""dominant_delta_share"": 0.1667, ""dominant_line_share"": 1.0, ""input_count"": 30, ""line_counts"": {""horizontal"": 6}, ""mean_manhattan"": 10.8333, ""output_count"": 30, ""pair_count"": 6, ""perfect_size_match"": true, ""removed"": 6, ""removed_bbox"": ""(1, 2, 14, 20)"", ""top_delta"": ""(0, 1):1 (0, 14):1 (0, 4):1 (0, 9):1 (0, 19):1"", ""top_line_type"": ""horizontal:6""}]","0,-18",horizontal,25,"(0, 0, 23, 28)",False,"(0, 4, 23, 22)",0,16,"(24, 29)",arc-gen
6,"0,-5:2 0,-2:1 0,-1:1 0,-3:1 0,4:1",horizontal:6,2,2,False,"[{""added"": 4, ""added_bbox"": ""(3, 5, 24, 5)"", ""color"": 7, ""delta_counts"": {""0,-1"": 1, ""0,-2"": 1, ""0,-5"": 2}, ""dominant_delta_share"": 0.5, ""dominant_line_share"": 1.0, ""input_count"": 31, ""line_counts"": {""horizontal"": 4}, ""mean_manhattan"": 3.25, ""output_count"": 31, ""pair_count"": 4, ""perfect_size_match"": true, ""removed"": 4, ""removed_bbox"": ""(3, 6, 24, 10)"", ""top_delta"": ""(0, -5):2 (0, -2):1 (0, -1):1"", ""top_line_type"": ""horizontal:4""}, {""added"": 2, ""added_bbox"": ""(4, 12, 8, 14)"", ""color"": 8, ""delta_counts"": {""0,-3"": 1, ""0,4"": 1}, ""dominant_delta_share"": 0.5, ""dominant_line_share"": 1.0, ""input_count"": 29, ""line_counts"": {""horizontal"": 2}, ""mean_manhattan"": 3.5, ""output_count"": 29, ""pair_count"": 2, ""perfect_size_match"": true, ""removed"": 2, ""removed_bbox"": ""(4, 8, 8, 17)"", ""top_delta"": ""(0, -3):1 (0, 4):1"", ""top_line_type"": ""horizontal:2""}, {""added"": 0, ""added_bbox"": ""None"", ""color"": 9, ""input_count"": 2, ""output_count"": 0, ""pair_count"": 0, ""perfect_size_match"": false, ""removed"": 2, ""removed_bbox"": ""(1, 11, 19, 17)""}]","0,-5",horizontal,26,"(0, 4, 26, 17)",False,"(0, 4, 26, 14)",0,8,"(27, 19)",arc-gen
5,"-2,0:2 4,0:1 3,0:1 -9,0:1",vertical:5,2,2,False,"[{""added"": 3, ""added_bbox"": ""(13, 1, 15, 4)"", ""color"": 1, ""delta_counts"": {""-2,0"": 1, ""3,0"": 1, ""4,0"": 1}, ""dominant_delta_share"": 0.3333, ""dominant_line_share"": 1.0, ""input_count"": 30, ""line_counts"": {""vertical"": 3}, ""mean_manhattan"": 3.0, ""output_count"": 30, ""pair_count"": 3, ""perfect_size_match"": true, ""removed"": 3, ""removed_bbox"": ""(9, 1, 17, 4)"", ""top_delta"": ""(4, 0):1 (3, 0):1 (-2, 0):1"", ""top_line_type"": ""vertical:3""}, {""added"": 2, ""added_bbox"": ""(7, 16, 7, 21)"", ""color"": 6, ""delta_counts"": {""-2,0"": 1, ""-9,0"": 1}, ""dominant_delta_share"": 0.5, ""dominant_line_share"": 1.0, ""input_count"": 29, ""line_counts"": {""vertical"": 2}, ""mean_manhattan"": 5.5, ""output_count"": 29, ""pair_count"": 2, ""perfect_size_match"": true, ""removed"": 2, ""removed_bbox"": ""(9, 16, 16, 21)"", ""top_delta"": ""(-2, 0):1 (-9, 0):1"", ""top_line_type"": ""vertical:2""}, {""added"": 0, ""added_bbox"": ""None"", ""color"": 7, ""input_count"": 1, ""output_count"": 0, ""pair_count"": 0, ""perfect_size_match"": false, ""removed"": 1, ""removed_bbox"": ""(10, 21, 10, 21)""}]","-2,0",vertical,27,"(6, 0, 17, 26)",False,"(6, 0, 15, 26)",0,6,"(21, 27)",arc-gen
4,"0,11:1 0,13:1 0,5:1 0,-21:1",horizontal:4,4,4,False,"[{""added"": 2, ""added_bbox"": ""(0, 20, 19, 20)"", ""color"": 5, ""delta_counts"": {""0,11"": 1, ""0,13"": 1}, ""dominant_delta_share"": 0.5, ""dominant_line_share"": 1.0, ""input_count"": 22, ""line_counts"": {""horizontal"": 2}, ""mean_manhattan"": 12.0, ""output_count"": 22, ""pair_count"": 2, ""perfect_size_match"": true, ""removed"": 2, ""removed_bbox"": ""(0, 7, 19, 9)"", ""top_delta"": ""(0, 11):1 (0, 13):1"", ""top_line_type"": ""horizontal:2""}, {""added"": 1, ""added_bbox"": ""(3, 11, 3, 11)"", ""color"": 6, ""delta_counts"": {""0,5"": 1}, ""dominant_delta_share"": 1.0, ""dominant_line_share"": 1.0, ""input_count"": 21, ""line_counts"": {""horizontal"": 1}, ""mean_manhattan"": 5.0, ""output_count"": 21, ""pair_count"": 1, ""perfect_size_match"": true, ""removed"": 1, ""removed_bbox"": ""(3, 6, 3, 6)"", ""top_delta"": ""(0, 5):1"", ""top_line_type"": ""horizontal:1""}, {""added"": 1, ""added_bbox"": ""(6, 4, 6, 4)"", ""color"": 7, ""delta_counts"": {""0,-21"": 1}, ""dominant_delta_share"": 1.0, ""dominant_line_share"": 1.0, ""input_count"": 21, ""line_counts"": {""horizontal"": 1}, ""mean_manhattan"": 21.0, ""output_count"": 21, ""pair_count"": 1, ""perfect_size_match"": true, ""removed"": 1, ""removed_bbox"": ""(6, 25, 6, 25)"", ""top_delta"": ""(0, -21):1"", ""top_line_type"": ""horizontal:1""}, {""added"": 0, ""added_bbox"": ""None"", ""color"": 8, ""input_count"": 2, ""output_count"": 0, ""pair_count"": 0, ""perfect_size_match"": false, ""removed"": 2, ""removed_bbox"": ""(7, 0, 10, 15)""}, {""added"": 0, ""added_bbox"": ""None"", ""color"": 9, ""input_count"": 20, ""output_count"": 20, ""pair_count"": 0, ""perfect_size_match"": true, ""removed"": 0, ""removed_bbox"": ""None""}]","0,11",horizontal,28,"(0, 0, 19, 27)",False,"(0, 3, 19, 27)",0,6,"(20, 28)",arc-gen
6,"0,20:1 0,-2:1 0,12:1 0,1:1 0,-9:1 0,10:1",horizontal:6,4,4,False,"[{""added"": 1, ""added_bbox"": ""(12, 28, 12, 28)"", ""color"": 3, ""delta_counts"": {""0,20"": 1}, ""dominant_delta_share"": 1.0, ""dominant_line_share"": 1.0, ""input_count"": 23, ""line_counts"": {""horizontal"": 1}, ""mean_manhattan"": 20.0, ""output_count"": 23, ""pair_count"": 1, ""perfect_size_match"": true, ""removed"": 1, ""removed_bbox"": ""(12, 8, 12, 8)"", ""top_delta"": ""(0, 20):1"", ""top_line_type"": ""horizontal:1""}, {""added"": 0, ""added_bbox"": ""None"", ""color"": 4, ""input_count"": 1, ""output_count"": 0, ""pair_count"": 0, ""perfect_size_match"": false, ""removed"": 1, ""removed_bbox"": ""(2, 2, 2, 2)""}, {""added"": 1, ""added_bbox"": ""(19, 5, 19, 5)"", ""color"": 6, ""delta_counts"": {""0,-2"": 1}, ""dominant_delta_share"": 1.0, ""dominant_line_share"": 1.0, ""input_count"": 23, ""line_counts"": {""horizontal"": 1}, ""mean_manhattan"": 2.0, ""output_count"": 23, ""pair_count"": 1, ""perfect_size_match"": true, ""removed"": 1, ""removed_bbox"": ""(19, 7, 19, 7)"", ""top_delta"": ""(0, -2):1"", ""top_line_type"": ""horizontal:1""}, {""added"": 1, ""added_bbox"": ""(19, 20, 19, 20)"", ""color"": 7, ""delta_counts"": {""0,12"": 1}, ""dominant_delta_share"": 1.0, ""dominant_line_share"": 1.0, ""input_count"": 23, ""line_counts"": {""horizontal"": 1}, ""mean_manhattan"": 12.0, ""output_count"": 23, ""pair_count"": 1, ""perfect_size_match"": true, ""removed"": 1, ""removed_bbox"": ""(19, 8, 19, 8)"", ""top_delta"": ""(0, 12):1"", ""top_line_type"": ""horizontal:1""}, {""added"": 3, ""added_bbox"": ""(17, 12, 21, 14)"", ""color"": 9, ""delta_counts"": {""0,-9"": 1, ""0,1"": 1, ""0,10"": 1}, ""dominant_delta_share"": 0.3333, ""dominant_line_share"": 1.0, ""input_count"": 25, ""line_counts"": {""horizontal"": 3}, ""mean_manhattan"": 6.6667, ""output_count"": 25, ""pair_count"": 3, ""perfect_size_match"": true, ""removed"": 3, ""removed_bbox"": ""(17, 2, 21, 23)"", ""top_delta"": ""(0, 1):1 (0, -9):1 (0, 10):1"", ""top_line_type"": ""horizontal:3""}]","0,20",horizontal,29,"(0, 2, 21, 29)",False,"(0, 4, 21, 29)",0,7,"(22, 30)",arc-gen
7,"3,0:2 10,0:2 -2,0:1 11,0:1 4,0:1",vertical:7,2,2,False,"[{""added"": 2, ""added_bbox"": ""(5, 2, 7, 16)"", ""color"": 2, ""delta_counts"": {""-2,0"": 1, ""3,0"": 1}, ""dominant_delta_share"": 0.5, ""dominant_line_share"": 1.0, ""input_count"": 27, ""line_counts"": {""vertical"": 2}, ""mean_manhattan"": 2.5, ""output_count"": 27, ""pair_count"": 2, ""perfect_size_match"": true, ""removed"": 2, ""removed_bbox"": ""(2, 2, 9, 16)"", ""top_delta"": ""(3, 0):1 (-2, 0):1"", ""top_line_type"": ""vertical:2""}, {""added"": 5, ""added_bbox"": ""(13, 7, 13, 20)"", ""color"": 3, ""delta_counts"": {""10,0"": 2, ""11,0"": 1, ""3,0"": 1, ""4,0"": 1}, ""dominant_delta_share"": 0.4, ""dominant_line_share"": 1.0, ""input_count"": 30, ""line_counts"": {""vertical"": 5}, ""mean_manhattan"": 7.6, ""output_count"": 30, ""pair_count"": 5, ""perfect_size_match"": true, ""removed"": 5, ""removed_bbox"": ""(2, 7, 10, 20)"", ""top_delta"": ""(10, 0):2 (11, 0):1 (4, 0):1 (3, 0):1"", ""top_line_type"": ""vertical:5""}, {""added"": 0, ""added_bbox"": ""None"", ""color"": 5, ""input_count"": 1, ""output_count"": 0, ""pair_count"": 0, ""perfect_size_match"": false, ""removed"": 1, ""removed_bbox"": ""(17, 11, 17, 11)""}]","3,0",vertical,30,"(2, 0, 17, 24)",False,"(5, 0, 14, 24)",0,8,"(18, 25)",arc-gen
6,"9,0:2 10,0:1 -1,0:1 18,0:1 2,0:1",vertical:6,3,3,False,"[{""added"": 4, ""added_bbox"": ""(11, 10, 13, 26)"", ""color"": 2, ""delta_counts"": {""-1,0"": 1, ""10,0"": 1, ""9,0"": 2}, ""dominant_delta_share"": 0.5, ""dominant_line_share"": 1.0, ""input_count"": 32, ""line_counts"": {""vertical"": 4}, ""mean_manhattan"": 7.25, ""output_count"": 32, ""pair_count"": 4, ""perfect_size_match"": true, ""removed"": 4, ""removed_bbox"": ""(1, 10, 14, 26)"", ""top_delta"": ""(9, 0):2 (10, 0):1 (-1, 0):1"", ""top_line_type"": ""vertical:4""}, {""added"": 1, ""added_bbox"": ""(18, 22, 18, 22)"", ""color"": 5, ""delta_counts"": {""18,0"": 1}, ""dominant_delta_share"": 1.0, ""dominant_line_share"": 1.0, ""input_count"": 29, ""line_counts"": {""vertical"": 1}, ""mean_manhattan"": 18.0, ""output_count"": 29, ""pair_count"": 1, ""perfect_size_match"": true, ""removed"": 1, ""removed_bbox"": ""(0, 22, 0, 22)"", ""top_delta"": ""(18, 0):1"", ""top_line_type"": ""vertical:1""}, {""added"": 0, ""added_bbox"": ""None"", ""color"": 6, ""input_count"": 2, ""output_count"": 0, ""pair_count"": 0, ""perfect_size_match"": false, ""removed"": 2, ""removed_bbox"": ""(0, 3, 21, 24)""}, {""added"": 1, ""added_bbox"": ""(5, 3, 5, 3)"", ""color"": 7, ""delta_counts"": {""2,0"": 1}, ""dominant_delta_share"": 1.0, ""dominant_line_share"": 1.0, ""input_count"": 29, ""line_counts"": {""vertical"": 1}, ""mean_manhattan"": 2.0, ""output_count"": 29, ""pair_count"": 1, ""perfect_size_match"": true, ""removed"": 1, ""removed_bbox"": ""(3, 3, 3, 3)"", ""top_delta"": ""(2, 0):1"", ""top_line_type"": ""vertical:1""}]","9,0",vertical,31,"(0, 0, 21, 27)",False,"(5, 0, 19, 27)",0,8,"(22, 28)",arc-gen
2,"0,-8:1 0,9:1",horizontal:2,3,3,False,"[{""added"": 2, ""added_bbox"": ""(14, 10, 17, 12)"", ""color"": 2, ""delta_counts"": {""0,-8"": 1, ""0,9"": 1}, ""dominant_delta_share"": 0.5, ""dominant_line_share"": 1.0, ""input_count"": 32, ""line_counts"": {""horizontal"": 2}, ""mean_manhattan"": 8.5, ""output_count"": 32, ""pair_count"": 2, ""perfect_size_match"": true, ""removed"": 2, ""removed_bbox"": ""(14, 1, 17, 20)"", ""top_delta"": ""(0, -8):1 (0, 9):1"", ""top_line_type"": ""horizontal:2""}, {""added"": 0, ""added_bbox"": ""None"", ""color"": 3, ""input_count"": 30, ""output_count"": 30, ""pair_count"": 0, ""perfect_size_match"": true, ""removed"": 0, ""removed_bbox"": ""None""}, {""added"": 0, ""added_bbox"": ""None"", ""color"": 4, ""input_count"": 4, ""output_count"": 0, ""pair_count"": 0, ""perfect_size_match"": false, ""removed"": 4, ""removed_bbox"": ""(0, 1, 26, 20)""}, {""added"": 0, ""added_bbox"": ""None"", ""color"": 8, ""input_count"": 30, ""output_count"": 30, ""pair_count"": 0, ""perfect_size_match"": true, ""removed"": 0, ""removed_bbox"": ""None""}]","0,-8",horizontal,32,"(0, 1, 29, 20)",False,"(0, 5, 29, 18)",0,6,"(30, 21)",arc-gen
2,"5,0:1 1,0:1",vertical:2,2,2,False,"[{""added"": 0, ""added_bbox"": ""None"", ""color"": 2, ""input_count"": 1, ""output_count"": 0, ""pair_count"": 0, ""perfect_size_match"": false, ""removed"": 1, ""removed_bbox"": ""(16, 28, 16, 28)""}, {""added"": 1, ""added_bbox"": ""(10, 20, 10, 20)"", ""color"": 4, ""delta_counts"": {""5,0"": 1}, ""dominant_delta_share"": 1.0, ""dominant_line_share"": 1.0, ""input_count"": 30, ""line_counts"": {""vertical"": 1}, ""mean_manhattan"": 5.0, ""output_count"": 30, ""pair_count"": 1, ""perfect_size_match"": true, ""removed"": 1, ""removed_bbox"": ""(5, 20, 5, 20)"", ""top_delta"": ""(5, 0):1"", ""top_line_type"": ""vertical:1""}, {""added"": 1, ""added_bbox"": ""(2, 12, 2, 12)"", ""color"": 9, ""delta_counts"": {""1,0"": 1}, ""dominant_delta_share"": 1.0, ""dominant_line_share"": 1.0, ""input_count"": 30, ""line_counts"": {""vertical"": 1}, ""mean_manhattan"": 1.0, ""output_count"": 30, ""pair_count"": 1, ""perfect_size_match"": true, ""removed"": 1, ""removed_bbox"": ""(1, 12, 1, 12)"", ""top_delta"": ""(1, 0):1"", ""top_line_type"": ""vertical:1""}]","5,0",vertical,33,"(1, 0, 16, 28)",False,"(2, 0, 11, 28)",0,3,"(18, 29)",arc-gen
1,"0,11:1",horizontal:1,2,2,True,"[{""added"": 0, ""added_bbox"": ""None"", ""color"": 2, ""input_count"": 20, ""output_count"": 20, ""pair_count"": 0, ""perfect_size_match"": true, ""removed"": 0, ""removed_bbox"": ""None""}, {""added"": 1, ""added_bbox"": ""(10, 12, 10, 12)"", ""color"": 3, ""delta_counts"": {""0,11"": 1}, ""dominant_delta_share"": 1.0, ""dominant_line_share"": 1.0, ""input_count"": 21, ""line_counts"": {""horizontal"": 1}, ""mean_manhattan"": 11.0, ""output_count"": 21, ""pair_count"": 1, ""perfect_size_match"": true, ""removed"": 1, ""removed_bbox"": ""(10, 1, 10, 1)"", ""top_delta"": ""(0, 11):1"", ""top_line_type"": ""horizontal:1""}]","0,11",horizontal,34,"(0, 1, 19, 13)",True,"(0, 4, 19, 13)",0,1,"(20, 17)",arc-gen
9,"12,0:2 11,0:1 2,0:1 -12,0:1 -17,0:1 13,0:1 8,0:1 -1,0:1",vertical:9,3,3,True,"[{""added"": 3, ""added_bbox"": ""(13, 1, 13, 24)"", ""color"": 1, ""delta_counts"": {""11,0"": 1, ""12,0"": 1, ""2,0"": 1}, ""dominant_delta_share"": 0.3333, ""dominant_line_share"": 1.0, ""input_count"": 33, ""line_counts"": {""vertical"": 3}, ""mean_manhattan"": 8.3333, ""output_count"": 33, ""pair_count"": 3, ""perfect_size_match"": true, ""removed"": 3, ""removed_bbox"": ""(1, 1, 11, 24)"", ""top_delta"": ""(12, 0):1 (11, 0):1 (2, 0):1"", ""top_line_type"": ""vertical:3""}, {""added"": 2, ""added_bbox"": ""(6, 2, 6, 29)"", ""color"": 2, ""delta_counts"": {""-12,0"": 1, ""-17,0"": 1}, ""dominant_delta_share"": 0.5, ""dominant_line_share"": 1.0, ""input_count"": 32, ""line_counts"": {""vertical"": 2}, ""mean_manhattan"": 14.5, ""output_count"": 32, ""pair_count"": 2, ""perfect_size_match"": true, ""removed"": 2, ""removed_bbox"": ""(18, 2, 23, 29)"", ""top_delta"": ""(-12, 0):1 (-17, 0):1"", ""top_line_type"": ""vertical:2""}, {""added"": 4, ""added_bbox"": ""(20, 4, 22, 28)"", ""color"": 4, ""delta_counts"": {""-1,0"": 1, ""12,0"": 1, ""13,0"": 1, ""8,0"": 1}, ""dominant_delta_share"": 0.25, ""dominant_line_share"": 1.0, ""input_count"": 34, ""line_counts"": {""vertical"": 4}, ""mean_manhattan"": 8.5, ""output_count"": 34, ""pair_count"": 4, ""perfect_size_match"": true, ""removed"": 4, ""removed_bbox"": ""(7, 4, 23, 28)"", ""top_delta"": ""(13, 0):1 (12, 0):1 (8, 0):1 (-1, 0):1"", ""top_line_type"": ""vertical:4""}]","12,0",vertical,35,"(1, 0, 23, 29)",True,"(5, 0, 22, 29)",0,9,"(28, 30)",arc-gen
7,"1,0:2 -2,0:1 -17,0:1 2,0:1 -7,0:1 -10,0:1",vertical:7,4,4,False,"[{""added"": 3, ""added_bbox"": ""(2, 8, 4, 19)"", ""color"": 1, ""delta_counts"": {""-17,0"": 1, ""-2,0"": 1, ""1,0"": 1}, ""dominant_delta_share"": 0.3333, ""dominant_line_share"": 1.0, ""input_count"": 23, ""line_counts"": {""vertical"": 3}, ""mean_manhattan"": 6.6667, ""output_count"": 23, ""pair_count"": 3, ""perfect_size_match"": true, ""removed"": 3, ""removed_bbox"": ""(1, 8, 21, 19)"", ""top_delta"": ""(1, 0):1 (-2, 0):1 (-17, 0):1"", ""top_line_type"": ""vertical:3""}, {""added"": 0, ""added_bbox"": ""None"", ""color"": 3, ""input_count"": 20, ""output_count"": 20, ""pair_count"": 0, ""perfect_size_match"": true, ""removed"": 0, ""removed_bbox"": ""None""}, {""added"": 3, ""added_bbox"": ""(9, 1, 11, 9)"", ""color"": 5, ""delta_counts"": {""-10,0"": 1, ""-7,0"": 1, ""2,0"": 1}, ""dominant_delta_share"": 0.3333, ""dominant_line_share"": 1.0, ""input_count"": 23, ""line_counts"": {""vertical"": 3}, ""mean_manhattan"": 6.3333, ""output_count"": 23, ""pair_count"": 3, ""perfect_size_match"": true, ""removed"": 3, ""removed_bbox"": ""(7, 1, 21, 9)"", ""top_delta"": ""(2, 0):1 (-7, 0):1 (-10, 0):1"", ""top_line_type"": ""vertical:3""}, {""added"": 0, ""added_bbox"": ""None"", ""color"": 6, ""input_count"": 2, ""output_count"": 0, ""pair_count"": 0, ""perfect_size_match"": false, ""removed"": 2, ""removed_bbox"": ""(7, 8, 13, 14)""}, {""added"": 1, ""added_bbox"": ""(24, 9, 24, 9)"", ""color"": 7, ""delta_counts"": {""1,0"": 1}, ""dominant_delta_share"": 1.0, ""dominant_line_share"": 1.0, ""input_count"": 21, ""line_counts"": {""vertical"": 1}, ""mean_manhattan"": 1.0, ""output_count"": 21, ""pair_count"": 1, ""perfect_size_match"": true, ""removed"": 1, ""removed_bbox"": ""(23, 9, 23, 9)"", ""top_delta"": ""(1, 0):1"", ""top_line_type"": ""vertical:1""}]","1,0",vertical,36,"(1, 0, 25, 19)",False,"(2, 0, 25, 19)",0,9,"(26, 20)",arc-gen
2,"0,-1:1 0,2:1",horizontal:2,3,3,False,"[{""added"": 1, ""added_bbox"": ""(12, 16, 12, 16)"", ""color"": 3, ""delta_counts"": {""0,-1"": 1}, ""dominant_delta_share"": 1.0, ""dominant_line_share"": 1.0, ""input_count"": 15, ""line_counts"": {""horizontal"": 1}, ""mean_manhattan"": 1.0, ""output_count"": 15, ""pair_count"": 1, ""perfect_size_match"": true, ""removed"": 1, ""removed_bbox"": ""(12, 17, 12, 17)"", ""top_delta"": ""(0, -1):1"", ""top_line_type"": ""horizontal:1""}, {""added"": 1, ""added_bbox"": ""(6, 5, 6, 5)"", ""color"": 4, ""delta_counts"": {""0,2"": 1}, ""dominant_delta_share"": 1.0, ""dominant_line_share"": 1.0, ""input_count"": 15, ""line_counts"": {""horizontal"": 1}, ""mean_manhattan"": 2.0, ""output_count"": 15, ""pair_count"": 1, ""perfect_size_match"": true, ""removed"": 1, ""removed_bbox"": ""(6, 3, 6, 3)"", ""top_delta"": ""(0, 2):1"", ""top_line_type"": ""horizontal:1""}, {""added"": 0, ""added_bbox"": ""None"", ""color"": 7, ""input_count"": 1, ""output_count"": 0, ""pair_count"": 0, ""perfect_size_match"": false, ""removed"": 1, ""removed_bbox"": ""(11, 4, 11, 4)""}, {""added"": 0, ""added_bbox"": ""None"", ""color"": 9, ""input_count"": 14, ""output_count"": 14, ""pair_count"": 0, ""perfect_size_match"": true, ""removed"": 0, ""removed_bbox"": ""None""}]","0,-1",horizontal,37,"(0, 3, 13, 23)",False,"(0, 5, 13, 23)",0,3,"(14, 25)",arc-gen
6,"0,-8:1 0,1:1 0,19:1 0,6:1 0,9:1 0,-10:1",horizontal:6,4,4,False,"[{""added"": 2, ""added_bbox"": ""(0, 4, 14, 6)"", ""color"": 1, ""delta_counts"": {""0,-8"": 1, ""0,1"": 1}, ""dominant_delta_share"": 0.5, ""dominant_line_share"": 1.0, ""input_count"": 23, ""line_counts"": {""horizontal"": 2}, ""mean_manhattan"": 4.5, ""output_count"": 23, ""pair_count"": 2, ""perfect_size_match"": true, ""removed"": 2, ""removed_bbox"": ""(0, 3, 14, 14)"", ""top_delta"": ""(0, -8):1 (0, 1):1"", ""top_line_type"": ""horizontal:2""}, {""added"": 0, ""added_bbox"": ""None"", ""color"": 4, ""input_count"": 3, ""output_count"": 0, ""pair_count"": 0, ""perfect_size_match"": false, ""removed"": 3, ""removed_bbox"": ""(11, 13, 17, 23)""}, {""added"": 2, ""added_bbox"": ""(11, 19, 13, 19)"", ""color"": 5, ""delta_counts"": {""0,19"": 1, ""0,6"": 1}, ""dominant_delta_share"": 0.5, ""dominant_line_share"": 1.0, ""input_count"": 23, ""line_counts"": {""horizontal"": 2}, ""mean_manhattan"": 12.5, ""output_count"": 23, ""pair_count"": 2, ""perfect_size_match"": true, ""removed"": 2, ""removed_bbox"": ""(11, 0, 13, 13)"", ""top_delta"": ""(0, 19):1 (0, 6):1"", ""top_line_type"": ""horizontal:2""}, {""added"": 1, ""added_bbox"": ""(12, 25, 12, 25)"", ""color"": 6, ""delta_counts"": {""0,9"": 1}, ""dominant_delta_share"": 1.0, ""dominant_line_share"": 1.0, ""input_count"": 22, ""line_counts"": {""horizontal"": 1}, ""mean_manhattan"": 9.0, ""output_count"": 22, ""pair_count"": 1, ""perfect_size_match"": true, ""removed"": 1, ""removed_bbox"": ""(12, 16, 12, 16)"", ""top_delta"": ""(0, 9):1"", ""top_line_type"": ""horizontal:1""}, {""added"": 1, ""added_bbox"": ""(18, 12, 18, 12)"", ""color"": 7, ""delta_counts"": {""0,-10"": 1}, ""dominant_delta_share"": 1.0, ""dominant_line_share"": 1.0, ""input_count"": 22, ""line_counts"": {""horizontal"": 1}, ""mean_manhattan"": 10.0, ""output_count"": 22, ""pair_count"": 1, ""perfect_size_match"": true, ""removed"": 1, ""removed_bbox"": ""(18, 22, 18, 22)"", ""top_delta"": ""(0, -10):1"", ""top_line_type"": ""horizontal:1""}]","0,-8",horizontal,38,"(0, 0, 20, 26)",False,"(0, 4, 20, 26)",0,9,"(21, 30)",arc-gen
2,"0,9:1 0,-8:1",horizontal:2,3,3,False,"[{""added"": 0, ""added_bbox"": ""None"", ""color"": 2, ""input_count"": 21, ""output_count"": 21, ""pair_count"": 0, ""perfect_size_match"": true, ""removed"": 0, ""removed_bbox"": ""None""}, {""added"": 1, ""added_bbox"": ""(15, 19, 15, 19)"", ""color"": 4, ""delta_counts"": {""0,9"": 1}, ""dominant_delta_share"": 1.0, ""dominant_line_share"": 1.0, ""input_count"": 22, ""line_counts"": {""horizontal"": 1}, ""mean_manhattan"": 9.0, ""output_count"": 22, ""pair_count"": 1, ""perfect_size_match"": true, ""removed"": 1, ""removed_bbox"": ""(15, 10, 15, 10)"", ""top_delta"": ""(0, 9):1"", ""top_line_type"": ""horizontal:1""}, {""added"": 1, ""added_bbox"": ""(1, 7, 1, 7)"", ""color"": 7, ""delta_counts"": {""0,-8"": 1}, ""dominant_delta_share"": 1.0, ""dominant_line_share"": 1.0, ""input_count"": 22, ""line_counts"": {""horizontal"": 1}, ""mean_manhattan"": 8.0, ""output_count"": 22, ""pair_count"": 1, ""perfect_size_match"": true, ""removed"": 1, ""removed_bbox"": ""(1, 15, 1, 15)"", ""top_delta"": ""(0, -8):1"", ""top_line_type"": ""horizontal:1""}, {""added"": 0, ""added_bbox"": ""None"", ""color"": 8, ""input_count"": 3, ""output_count"": 0, ""pair_count"": 0, ""perfect_size_match"": false, ""removed"": 3, ""removed_bbox"": ""(4, 3, 14, 15)""}]","0,9",horizontal,39,"(0, 3, 20, 20)",False,"(0, 6, 20, 20)",0,5,"(21, 23)",arc-gen
5,"0,4:1 0,2:1 0,12:1 0,17:1 0,3:1",horizontal:5,3,3,False,"[{""added"": 2, ""added_bbox"": ""(8, 12, 21, 12)"", ""color"": 3, ""delta_counts"": {""0,2"": 1, ""0,4"": 1}, ""dominant_delta_share"": 0.5, ""dominant_line_share"": 1.0, ""input_count"": 28, ""line_counts"": {""horizontal"": 2}, ""mean_manhattan"": 3.0, ""output_count"": 28, ""pair_count"": 2, ""perfect_size_match"": true, ""removed"": 2, ""removed_bbox"": ""(8, 8, 21, 10)"", ""top_delta"": ""(0, 4):1 (0, 2):1"", ""top_line_type"": ""horizontal:2""}, {""added"": 2, ""added_bbox"": ""(5, 18, 16, 18)"", ""color"": 4, ""delta_counts"": {""0,12"": 1, ""0,17"": 1}, ""dominant_delta_share"": 0.5, ""dominant_line_share"": 1.0, ""input_count"": 28, ""line_counts"": {""horizontal"": 2}, ""mean_manhattan"": 14.5, ""output_count"": 28, ""pair_count"": 2, ""perfect_size_match"": true, ""removed"": 2, ""removed_bbox"": ""(5, 1, 16, 6)"", ""top_delta"": ""(0, 12):1 (0, 17):1"", ""top_line_type"": ""horizontal:2""}, {""added"": 0, ""added_bbox"": ""None"", ""color"": 5, ""input_count"": 2, ""output_count"": 0, ""pair_count"": 0, ""perfect_size_match"": false, ""removed"": 2, ""removed_bbox"": ""(3, 7, 5, 17)""}, {""added"": 1, ""added_bbox"": ""(23, 3, 23, 3)"", ""color"": 6, ""delta_counts"": {""0,3"": 1}, ""dominant_delta_share"": 1.0, ""dominant_line_share"": 1.0, ""input_count"": 27, ""line_counts"": {""horizontal"": 1}, ""mean_manhattan"": 3.0, ""output_count"": 27, ""pair_count"": 1, ""perfect_size_match"": true, ""removed"": 1, ""removed_bbox"": ""(23, 0, 23, 0)"", ""top_delta"": ""(0, 3):1"", ""top_line_type"": ""horizontal:1""}]","0,4",horizontal,40,"(0, 0, 25, 19)",False,"(0, 3, 25, 19)",0,7,"(26, 22)",arc-gen
0,,,2,2,False,"[{""added"": 0, ""added_bbox"": ""None"", ""color"": 2, ""input_count"": 17, ""output_count"": 17, ""pair_count"": 0, ""perfect_size_match"": true, ""removed"": 0, ""removed_bbox"": ""None""}, {""added"": 0, ""added_bbox"": ""None"", ""color"": 4, ""input_count"": 17, ""output_count"": 17, ""pair_count"": 0, ""perfect_size_match"": true, ""removed"": 0, ""removed_bbox"": ""None""}, {""added"": 0, ""added_bbox"": ""None"", ""color"": 8, ""input_count"": 1, ""output_count"": 0, ""pair_count"": 0, ""perfect_size_match"": false, ""removed"": 1, ""removed_bbox"": ""(9, 13, 9, 13)""}]",,,41,"(0, 5, 16, 13)",False,"(0, 5, 16, 11)",0,1,"(17, 16)",arc-gen
0,,,2,2,False,"[{""added"": 0, ""added_bbox"": ""None"", ""color"": 1, ""input_count"": 2, ""output_count"": 0, ""pair_count"": 0, ""perfect_size_match"": false, ""removed"": 2, ""removed_bbox"": ""(4, 6, 11, 12)""}, {""added"": 0, ""added_bbox"": ""None"", ""color"": 8, ""input_count"": 14, ""output_count"": 14, ""pair_count"": 0, ""perfect_size_match"": true, ""removed"": 0, ""removed_bbox"": ""None""}, {""added"": 0, ""added_bbox"": ""None"", ""color"": 9, ""input_count"": 14, ""output_count"": 14, ""pair_count"": 0, ""perfect_size_match"": true, ""removed"": 0, ""removed_bbox"": ""None""}]",,,42,"(4, 0, 15, 13)",False,"(6, 0, 15, 13)",0,2,"(21, 14)",arc-gen
1,"0,-3:1",horizontal:1,3,3,False,"[{""added"": 1, ""added_bbox"": ""(10, 5, 10, 5)"", ""color"": 1, ""delta_counts"": {""0,-3"": 1}, ""dominant_delta_share"": 1.0, ""dominant_line_share"": 1.0, ""input_count"": 15, ""line_counts"": {""horizontal"": 1}, ""mean_manhattan"": 3.0, ""output_count"": 15, ""pair_count"": 1, ""perfect_size_match"": true, ""removed"": 1, ""removed_bbox"": ""(10, 8, 10, 8)"", ""top_delta"": ""(0, -3):1"", ""top_line_type"": ""horizontal:1""}, {""added"": 0, ""added_bbox"": ""None"", ""color"": 2, ""input_count"": 14, ""output_count"": 14, ""pair_count"": 0, ""perfect_size_match"": true, ""removed"": 0, ""removed_bbox"": ""None""}, {""added"": 0, ""added_bbox"": ""None"", ""color"": 3, ""input_count"": 1, ""output_count"": 0, ""pair_count"": 0, ""perfect_size_match"": false, ""removed"": 1, ""removed_bbox"": ""(8, 6, 8, 6)""}, {""added"": 0, ""added_bbox"": ""None"", ""color"": 7, ""input_count"": 14, ""output_count"": 14, ""pair_count"": 0, ""perfect_size_match"": true, ""removed"": 0, ""removed_bbox"": ""None""}]","0,-3",horizontal,43,"(0, 4, 13, 17)",False,"(0, 4, 13, 17)",0,2,"(14, 20)",arc-gen
2,"4,0:2",vertical:2,2,2,False,"[{""added"": 0, ""added_bbox"": ""None"", ""color"": 3, ""input_count"": 1, ""output_count"": 0, ""pair_count"": 0, ""perfect_size_match"": false, ""removed"": 1, ""removed_bbox"": ""(6, 8, 6, 8)""}, {""added"": 0, ""added_bbox"": ""None"", ""color"": 7, ""input_count"": 21, ""output_count"": 21, ""pair_count"": 0, ""perfect_size_match"": true, ""removed"": 0, ""removed_bbox"": ""None""}, {""added"": 2, ""added_bbox"": ""(12, 12, 12, 18)"", ""color"": 8, ""delta_counts"": {""4,0"": 2}, ""dominant_delta_share"": 1.0, ""dominant_line_share"": 1.0, ""input_count"": 23, ""line_counts"": {""vertical"": 2}, ""mean_manhattan"": 4.0, ""output_count"": 23, ""pair_count"": 2, ""perfect_size_match"": true, ""removed"": 2, ""removed_bbox"": ""(8, 12, 8, 18)"", ""top_delta"": ""(4, 0):2"", ""top_line_type"": ""vertical:2""}]","4,0",vertical,44,"(4, 0, 13, 20)",False,"(4, 0, 13, 20)",0,3,"(15, 21)",arc-gen
3,"0,1:1 0,3:1 0,-3:1",horizontal:3,2,2,True,"[{""added"": 0, ""added_bbox"": ""None"", ""color"": 4, ""input_count"": 28, ""output_count"": 28, ""pair_count"": 0, ""perfect_size_match"": true, ""removed"": 0, ""removed_bbox"": ""None""}, {""added"": 3, ""added_bbox"": ""(2, 3, 18, 5)"", ""color"": 9, ""delta_counts"": {""0,-3"": 1, ""0,1"": 1, ""0,3"": 1}, ""dominant_delta_share"": 0.3333, ""dominant_line_share"": 1.0, ""input_count"": 31, ""line_counts"": {""horizontal"": 3}, ""mean_manhattan"": 2.3333, ""output_count"": 31, ""pair_count"": 3, ""perfect_size_match"": true, ""removed"": 3, ""removed_bbox"": ""(2, 0, 18, 8)"", ""top_delta"": ""(0, 1):1 (0, 3):1 (0, -3):1"", ""top_line_type"": ""horizontal:3""}]","0,1",horizontal,45,"(0, 0, 27, 10)",True,"(0, 3, 27, 10)",0,3,"(28, 14)",arc-gen
2,"0,1:1 0,9:1",horizontal:2,2,2,False,"[{""added"": 2, ""added_bbox"": ""(7, 11, 9, 11)"", ""color"": 1, ""delta_counts"": {""0,1"": 1, ""0,9"": 1}, ""dominant_delta_share"": 0.5, ""dominant_line_share"": 1.0, ""input_count"": 29, ""line_counts"": {""horizontal"": 2}, ""mean_manhattan"": 5.0, ""output_count"": 29, ""pair_count"": 2, ""perfect_size_match"": true, ""removed"": 2, ""removed_bbox"": ""(7, 2, 9, 10)"", ""top_delta"": ""(0, 1):1 (0, 9):1"", ""top_line_type"": ""horizontal:2""}, {""added"": 0, ""added_bbox"": ""None"", ""color"": 6, ""input_count"": 5, ""output_count"": 0, ""pair_count"": 0, ""perfect_size_match"": false, ""removed"": 5, ""removed_bbox"": ""(0, 8, 26, 10)""}, {""added"": 0, ""added_bbox"": ""None"", ""color"": 7, ""input_count"": 27, ""output_count"": 27, ""pair_count"": 0, ""perfect_size_match"": true, ""removed"": 0, ""removed_bbox"": ""None""}]","0,1",horizontal,46,"(0, 2, 26, 12)",False,"(0, 6, 26, 12)",0,7,"(27, 14)",arc-gen
3,"3,0:1 8,0:1 -1,0:1",vertical:3,3,3,False,"[{""added"": 1, ""added_bbox"": ""(12, 13, 12, 13)"", ""color"": 4, ""delta_counts"": {""3,0"": 1}, ""dominant_delta_share"": 1.0, ""dominant_line_share"": 1.0, ""input_count"": 21, ""line_counts"": {""vertical"": 1}, ""mean_manhattan"": 3.0, ""output_count"": 21, ""pair_count"": 1, ""perfect_size_match"": true, ""removed"": 1, ""removed_bbox"": ""(9, 13, 9, 13)"", ""top_delta"": ""(3, 0):1"", ""top_line_type"": ""vertical:1""}, {""added"": 2, ""added_bbox"": ""(18, 1, 20, 5)"", ""color"": 5, ""delta_counts"": {""-1,0"": 1, ""8,0"": 1}, ""dominant_delta_share"": 0.5, ""dominant_line_share"": 1.0, ""input_count"": 22, ""line_counts"": {""vertical"": 2}, ""mean_manhattan"": 4.5, ""output_count"": 22, ""pair_count"": 2, ""perfect_size_match"": true, ""removed"": 2, ""removed_bbox"": ""(10, 1, 21, 5)"", ""top_delta"": ""(8, 0):1 (-1, 0):1"", ""top_line_type"": ""vertical:2""}, {""added"": 0, ""added_bbox"": ""None"", ""color"": 6, ""input_count"": 20, ""output_count"": 20, ""pair_count"": 0, ""perfect_size_match"": true, ""removed"": 0, ""removed_bbox"": ""None""}, {""added"": 0, ""added_bbox"": ""None"", ""color"": 9, ""input_count"": 1, ""output_count"": 0, ""pair_count"": 0, ""perfect_size_match"": false, ""removed"": 1, ""removed_bbox"": ""(15, 16, 15, 16)""}]","3,0",vertical,47,"(5, 0, 21, 19)",False,"(5, 0, 20, 19)",0,4,"(23, 20)",arc-gen
2,"0,4:1 0,-5:1",horizontal:2,4,4,True,"[{""added"": 1, ""added_bbox"": ""(14, 16, 14, 16)"", ""color"": 1, ""delta_counts"": {""0,4"": 1}, ""dominant_delta_share"": 1.0, ""dominant_line_share"": 1.0, ""input_count"": 16, ""line_counts"": {""horizontal"": 1}, ""mean_manhattan"": 4.0, ""output_count"": 16, ""pair_count"": 1, ""perfect_size_match"": true, ""removed"": 1, ""removed_bbox"": ""(14, 12, 14, 12)"", ""top_delta"": ""(0, 4):1"", ""top_line_type"": ""horizontal:1""}, {""added"": 1, ""added_bbox"": ""(13, 10, 13, 10)"", ""color"": 2, ""delta_counts"": {""0,-5"": 1}, ""dominant_delta_share"": 1.0, ""dominant_line_share"": 1.0, ""input_count"": 16, ""line_counts"": {""horizontal"": 1}, ""mean_manhattan"": 5.0, ""output_count"": 16, ""pair_count"": 1, ""perfect_size_match"": true, ""removed"": 1, ""removed_bbox"": ""(13, 15, 13, 15)"", ""top_delta"": ""(0, -5):1"", ""top_line_type"": ""horizontal:1""}, {""added"": 0, ""added_bbox"": ""None"", ""color"": 3, ""input_count"": 15, ""output_count"": 15, ""pair_count"": 0, ""perfect_size_match"": true, ""removed"": 0, ""removed_bbox"": ""None""}, {""added"": 0, ""added_bbox"": ""None"", ""color"": 7, ""input_count"": 15, ""output_count"": 15, ""pair_count"": 0, ""perfect_size_match"": true, ""removed"": 0, ""removed_bbox"": ""None""}]","0,4",horizontal,48,"(0, 3, 14, 23)",True,"(0, 3, 14, 23)",0,2,"(15, 24)",arc-gen
1,"0,1:1",horizontal:1,2,2,True,"[{""added"": 1, ""added_bbox"": ""(11, 9, 11, 9)"", ""color"": 8, ""delta_counts"": {""0,1"": 1}, ""dominant_delta_share"": 1.0, ""dominant_line_share"": 1.0, ""input_count"": 17, ""line_counts"": {""horizontal"": 1}, ""mean_manhattan"": 1.0, ""output_count"": 17, ""pair_count"": 1, ""perfect_size_match"": true, ""removed"": 1, ""removed_bbox"": ""(11, 8, 11, 8)"", ""top_delta"": ""(0, 1):1"", ""top_line_type"": ""horizontal:1""}, {""added"": 0, ""added_bbox"": ""None"", ""color"": 9, ""input_count"": 16, ""output_count"": 16, ""pair_count"": 0, ""perfect_size_match"": true, ""removed"": 0, ""removed_bbox"": ""None""}]","0,1",horizontal,49,"(0, 4, 15, 10)",True,"(0, 4, 15, 10)",0,1,"(16, 12)",arc-gen
1,"6,0:1",vertical:1,2,2,False,"[{""added"": 1, ""added_bbox"": ""(14, 2, 14, 2)"", ""color"": 7, ""delta_counts"": {""6,0"": 1}, ""dominant_delta_share"": 1.0, ""dominant_line_share"": 1.0, ""input_count"": 20, ""line_counts"": {""vertical"": 1}, ""mean_manhattan"": 6.0, ""output_count"": 20, ""pair_count"": 1, ""perfect_size_match"": true, ""removed"": 1, ""removed_bbox"": ""(8, 2, 8, 2)"", ""top_delta"": ""(6, 0):1"", ""top_line_type"": ""vertical:1""}, {""added"": 0, ""added_bbox"": ""None"", ""color"": 8, ""input_count"": 19, ""output_count"": 19, ""pair_count"": 0, ""perfect_size_match"": true, ""removed"": 0, ""removed_bbox"": ""None""}, {""added"": 0, ""added_bbox"": ""None"", ""color"": 9, ""input_count"": 1, ""output_count"": 0, ""pair_count"": 0, ""perfect_size_match"": false, ""removed"": 1, ""removed_bbox"": ""(10, 5, 10, 5)""}]","6,0",vertical,50,"(6, 0, 15, 18)",False,"(6, 0, 15, 18)",0,2,"(23, 19)",arc-gen
2,"-1,0:1 8,0:1",vertical:2,3,3,True,"[{""added"": 1, ""added_bbox"": ""(4, 20, 4, 20)"", ""color"": 2, ""delta_counts"": {""-1,0"": 1}, ""dominant_delta_share"": 1.0, ""dominant_line_share"": 1.0, ""input_count"": 31, ""line_counts"": {""vertical"": 1}, ""mean_manhattan"": 1.0, ""output_count"": 31, ""pair_count"": 1, ""perfect_size_match"": true, ""removed"": 1, ""removed_bbox"": ""(5, 20, 5, 20)"", ""top_delta"": ""(-1, 0):1"", ""top_line_type"": ""vertical:1""}, {""added"": 0, ""added_bbox"": ""None"", ""color"": 4, ""input_count"": 30, ""output_count"": 30, ""pair_count"": 0, ""perfect_size_match"": true, ""removed"": 0, ""removed_bbox"": ""None""}, {""added"": 1, ""added_bbox"": ""(8, 4, 8, 4)"", ""color"": 5, ""delta_counts"": {""8,0"": 1}, ""dominant_delta_share"": 1.0, ""dominant_line_share"": 1.0, ""input_count"": 31, ""line_counts"": {""vertical"": 1}, ""mean_manhattan"": 8.0, ""output_count"": 31, ""pair_count"": 1, ""perfect_size_match"": true, ""removed"": 1, ""removed_bbox"": ""(0, 4, 0, 4)"", ""top_delta"": ""(8, 0):1"", ""top_line_type"": ""vertical:1""}]","-1,0",vertical,51,"(0, 0, 15, 29)",True,"(3, 0, 15, 29)",0,2,"(18, 30)",arc-gen
3,"0,1:1 0,7:1 0,-4:1",horizontal:3,3,3,False,"[{""added"": 0, ""added_bbox"": ""None"", ""color"": 1, ""input_count"": 2, ""output_count"": 0, ""pair_count"": 0, ""perfect_size_match"": false, ""removed"": 2, ""removed_bbox"": ""(2, 6, 15, 16)""}, {""added"": 1, ""added_bbox"": ""(14, 3, 14, 3)"", ""color"": 3, ""delta_counts"": {""0,1"": 1}, ""dominant_delta_share"": 1.0, ""dominant_line_share"": 1.0, ""input_count"": 20, ""line_counts"": {""horizontal"": 1}, ""mean_manhattan"": 1.0, ""output_count"": 20, ""pair_count"": 1, ""perfect_size_match"": true, ""removed"": 1, ""removed_bbox"": ""(14, 2, 14, 2)"", ""top_delta"": ""(0, 1):1"", ""top_line_type"": ""horizontal:1""}, {""added"": 2, ""added_bbox"": ""(7, 9, 9, 11)"", ""color"": 4, ""delta_counts"": {""0,-4"": 1, ""0,7"": 1}, ""dominant_delta_share"": 0.5, ""dominant_line_share"": 1.0, ""input_count"": 21, ""line_counts"": {""horizontal"": 2}, ""mean_manhattan"": 5.5, ""output_count"": 21, ""pair_count"": 2, ""perfect_size_match"": true, ""removed"": 2, ""removed_bbox"": ""(7, 2, 9, 15)"", ""top_delta"": ""(0, 7):1 (0, -4):1"", ""top_line_type"": ""horizontal:2""}, {""added"": 0, ""added_bbox"": ""None"", ""color"": 5, ""input_count"": 19, ""output_count"": 19, ""pair_count"": 0, ""perfect_size_match"": true, ""removed"": 0, ""removed_bbox"": ""None""}]","0,1",horizontal,52,"(0, 2, 18, 18)",False,"(0, 3, 18, 18)",0,5,"(19, 20)",arc-gen
7,"0,3:2 0,-8:1 0,-5:1 0,8:1 0,-3:1 0,-2:1",horizontal:7,2,2,False,"[{""added"": 3, ""added_bbox"": ""(0, 5, 14, 7)"", ""color"": 2, ""delta_counts"": {""0,-8"": 1, ""0,3"": 2}, ""dominant_delta_share"": 0.6667, ""dominant_line_share"": 1.0, ""input_count"": 27, ""line_counts"": {""horizontal"": 3}, ""mean_manhattan"": 4.6667, ""output_count"": 27, ""pair_count"": 3, ""perfect_size_match"": true, ""removed"": 3, ""removed_bbox"": ""(0, 2, 14, 15)"", ""top_delta"": ""(0, 3):2 (0, -8):1"", ""top_line_type"": ""horizontal:3""}, {""added"": 0, ""added_bbox"": ""None"", ""color"": 5, ""input_count"": 2, ""output_count"": 0, ""pair_count"": 0, ""perfect_size_match"": false, ""removed"": 2, ""removed_bbox"": ""(0, 10, 1, 18)""}, {""added"": 4, ""added_bbox"": ""(2, 12, 19, 14)"", ""color"": 9, ""delta_counts"": {""0,-2"": 1, ""0,-3"": 1, ""0,-5"": 1, ""0,8"": 1}, ""dominant_delta_share"": 0.25, ""dominant_line_share"": 1.0, ""input_count"": 28, ""line_counts"": {""horizontal"": 4}, ""mean_manhattan"": 4.5, ""output_count"": 28, ""pair_count"": 4, ""perfect_size_match"": true, ""removed"": 4, ""removed_bbox"": ""(2, 4, 19, 19)"", ""top_delta"": ""(0, -5):1 (0, 8):1 (0, -3):1 (0, -2):1"", ""top_line_type"": ""horizontal:4""}]","0,3",horizontal,53,"(0, 2, 23, 19)",False,"(0, 5, 23, 14)",0,9,"(24, 22)",arc-gen
2,"3,0:1 -10,0:1",vertical:2,2,2,False,"[{""added"": 1, ""added_bbox"": ""(10, 8, 10, 8)"", ""color"": 3, ""delta_counts"": {""3,0"": 1}, ""dominant_delta_share"": 1.0, ""dominant_line_share"": 1.0, ""input_count"": 29, ""line_counts"": {""vertical"": 1}, ""mean_manhattan"": 3.0, ""output_count"": 29, ""pair_count"": 1, ""perfect_size_match"": true, ""removed"": 1, ""removed_bbox"": ""(7, 8, 7, 8)"", ""top_delta"": ""(3, 0):1"", ""top_line_type"": ""vertical:1""}, {""added"": 0, ""added_bbox"": ""None"", ""color"": 4, ""input_count"": 1, ""output_count"": 0, ""pair_count"": 0, ""perfect_size_match"": false, ""removed"": 1, ""removed_bbox"": ""(5, 24, 5, 24)""}, {""added"": 1, ""added_bbox"": ""(4, 20, 4, 20)"", ""color"": 9, ""delta_counts"": {""-10,0"": 1}, ""dominant_delta_share"": 1.0, ""dominant_line_share"": 1.0, ""input_count"": 29, ""line_counts"": {""vertical"": 1}, ""mean_manhattan"": 10.0, ""output_count"": 29, ""pair_count"": 1, ""perfect_size_match"": true, ""removed"": 1, ""removed_bbox"": ""(14, 20, 14, 20)"", ""top_delta"": ""(-10, 0):1"", ""top_line_type"": ""vertical:1""}]","3,0",vertical,54,"(3, 0, 14, 27)",False,"(3, 0, 11, 27)",0,3,"(18, 28)",arc-gen
3,"0,-4:1 0,-7:1 0,-9:1",horizontal:3,3,3,False,"[{""added"": 0, ""added_bbox"": ""None"", ""color"": 1, ""input_count"": 3, ""output_count"": 0, ""pair_count"": 0, ""perfect_size_match"": false, ""removed"": 3, ""removed_bbox"": ""(9, 1, 12, 14)""}, {""added"": 1, ""added_bbox"": ""(12, 18, 12, 18)"", ""color"": 5, ""delta_counts"": {""0,-4"": 1}, ""dominant_delta_share"": 1.0, ""dominant_line_share"": 1.0, ""input_count"": 22, ""line_counts"": {""horizontal"": 1}, ""mean_manhattan"": 4.0, ""output_count"": 22, ""pair_count"": 1, ""perfect_size_match"": true, ""removed"": 1, ""removed_bbox"": ""(12, 22, 12, 22)"", ""top_delta"": ""(0, -4):1"", ""top_line_type"": ""horizontal:1""}, {""added"": 1, ""added_bbox"": ""(20, 4, 20, 4)"", ""color"": 7, ""delta_counts"": {""0,-7"": 1}, ""dominant_delta_share"": 1.0, ""dominant_line_share"": 1.0, ""input_count"": 22, ""line_counts"": {""horizontal"": 1}, ""mean_manhattan"": 7.0, ""output_count"": 22, ""pair_count"": 1, ""perfect_size_match"": true, ""removed"": 1, ""removed_bbox"": ""(20, 11, 20, 11)"", ""top_delta"": ""(0, -7):1"", ""top_line_type"": ""horizontal:1""}, {""added"": 1, ""added_bbox"": ""(0, 10, 0, 10)"", ""color"": 9, ""delta_counts"": {""0,-9"": 1}, ""dominant_delta_share"": 1.0, ""dominant_line_share"": 1.0, ""input_count"": 22, ""line_counts"": {""horizontal"": 1}, ""mean_manhattan"": 9.0, ""output_count"": 22, ""pair_count"": 1, ""perfect_size_match"": true, ""removed"": 1, ""removed_bbox"": ""(0, 19, 0, 19)"", ""top_delta"": ""(0, -9):1"", ""top_line_type"": ""horizontal:1""}]","0,-4",horizontal,55,"(0, 1, 20, 22)",False,"(0, 3, 20, 18)",0,6,"(21, 23)",arc-gen
3,"-4,0:1 10,0:1 6,0:1",vertical:3,2,2,True,"[{""added"": 1, ""added_bbox"": ""(4, 3, 4, 3)"", ""color"": 6, ""delta_counts"": {""-4,0"": 1}, ""dominant_delta_share"": 1.0, ""dominant_line_share"": 1.0, ""input_count"": 19, ""line_counts"": {""vertical"": 1}, ""mean_manhattan"": 4.0, ""output_count"": 19, ""pair_count"": 1, ""perfect_size_match"": true, ""removed"": 1, ""removed_bbox"": ""(8, 3, 8, 3)"", ""top_delta"": ""(-4, 0):1"", ""top_line_type"": ""vertical:1""}, {""added"": 2, ""added_bbox"": ""(11, 7, 11, 10)"", ""color"": 9, ""delta_counts"": {""10,0"": 1, ""6,0"": 1}, ""dominant_delta_share"": 0.5, ""dominant_line_share"": 1.0, ""input_count"": 20, ""line_counts"": {""vertical"": 2}, ""mean_manhattan"": 8.0, ""output_count"": 20, ""pair_count"": 2, ""perfect_size_match"": true, ""removed"": 2, ""removed_bbox"": ""(1, 7, 5, 10)"", ""top_delta"": ""(10, 0):1 (6, 0):1"", ""top_line_type"": ""vertical:2""}]","-4,0",vertical,56,"(1, 0, 12, 17)",True,"(3, 0, 12, 17)",0,3,"(13, 18)",arc-gen
2,"0,-10:1 0,5:1",horizontal:2,3,3,False,"[{""added"": 0, ""added_bbox"": ""None"", ""color"": 1, ""input_count"": 2, ""output_count"": 0, ""pair_count"": 0, ""perfect_size_match"": false, ""removed"": 2, ""removed_bbox"": ""(4, 14, 16, 15)""}, {""added"": 1, ""added_bbox"": ""(15, 12, 15, 12)"", ""color"": 4, ""delta_counts"": {""0,-10"": 1}, ""dominant_delta_share"": 1.0, ""dominant_line_share"": 1.0, ""input_count"": 19, ""line_counts"": {""horizontal"": 1}, ""mean_manhattan"": 10.0, ""output_count"": 19, ""pair_count"": 1, ""perfect_size_match"": true, ""removed"": 1, ""removed_bbox"": ""(15, 22, 15, 22)"", ""top_delta"": ""(0, -10):1"", ""top_line_type"": ""horizontal:1""}, {""added"": 1, ""added_bbox"": ""(13, 19, 13, 19)"", ""color"": 7, ""delta_counts"": {""0,5"": 1}, ""dominant_delta_share"": 1.0, ""dominant_line_share"": 1.0, ""input_count"": 19, ""line_counts"": {""horizontal"": 1}, ""mean_manhattan"": 5.0, ""output_count"": 19, ""pair_count"": 1, ""perfect_size_match"": true, ""removed"": 1, ""removed_bbox"": ""(13, 14, 13, 14)"", ""top_delta"": ""(0, 5):1"", ""top_line_type"": ""horizontal:1""}, {""added"": 0, ""added_bbox"": ""None"", ""color"": 9, ""input_count"": 18, ""output_count"": 18, ""pair_count"": 0, ""perfect_size_match"": true, ""removed"": 0, ""removed_bbox"": ""None""}]","0,-10",horizontal,57,"(0, 4, 17, 22)",False,"(0, 4, 17, 20)",0,4,"(18, 26)",arc-gen
5,"-1,0:2 5,0:1 -2,0:1 -4,0:1",vertical:5,1,1,False,"[{""added"": 0, ""added_bbox"": ""None"", ""color"": 3, ""input_count"": 2, ""output_count"": 0, ""pair_count"": 0, ""perfect_size_match"": false, ""removed"": 2, ""removed_bbox"": ""(0, 6, 12, 21)""}, {""added"": 5, ""added_bbox"": ""(5, 1, 7, 22)"", ""color"": 6, ""delta_counts"": {""-1,0"": 2, ""-2,0"": 1, ""-4,0"": 1, ""5,0"": 1}, ""dominant_delta_share"": 0.4, ""dominant_line_share"": 1.0, ""input_count"": 29, ""line_counts"": {""vertical"": 5}, ""mean_manhattan"": 2.6, ""output_count"": 29, ""pair_count"": 5, ""perfect_size_match"": true, ""removed"": 5, ""removed_bbox"": ""(0, 1, 11, 22)"", ""top_delta"": ""(-1, 0):2 (5, 0):1 (-2, 0):1 (-4, 0):1"", ""top_line_type"": ""vertical:5""}]","-1,0",vertical,58,"(0, 0, 12, 23)",False,"(5, 0, 7, 23)",0,7,"(13, 24)",arc-gen
4,"1,0:1 -12,0:1 -20,0:1 -10,0:1",vertical:4,3,3,False,"[{""added"": 0, ""added_bbox"": ""None"", ""color"": 2, ""input_count"": 18, ""output_count"": 18, ""pair_count"": 0, ""perfect_size_match"": true, ""removed"": 0, ""removed_bbox"": ""None""}, {""added"": 3, ""added_bbox"": ""(2, 5, 4, 12)"", ""color"": 3, ""delta_counts"": {""-12,0"": 1, ""-20,0"": 1, ""1,0"": 1}, ""dominant_delta_share"": 0.3333, ""dominant_line_share"": 1.0, ""input_count"": 21, ""line_counts"": {""vertical"": 3}, ""mean_manhattan"": 11.0, ""output_count"": 21, ""pair_count"": 3, ""perfect_size_match"": true, ""removed"": 3, ""removed_bbox"": ""(1, 5, 24, 12)"", ""top_delta"": ""(1, 0):1 (-12, 0):1 (-20, 0):1"", ""top_line_type"": ""vertical:3""}, {""added"": 1, ""added_bbox"": ""(13, 4, 13, 4)"", ""color"": 7, ""delta_counts"": {""-10,0"": 1}, ""dominant_delta_share"": 1.0, ""dominant_line_share"": 1.0, ""input_count"": 19, ""line_counts"": {""vertical"": 1}, ""mean_manhattan"": 10.0, ""output_count"": 19, ""pair_count"": 1, ""perfect_size_match"": true, ""removed"": 1, ""removed_bbox"": ""(23, 4, 23, 4)"", ""top_delta"": ""(-10, 0):1"", ""top_line_type"": ""vertical:1""}, {""added"": 0, ""added_bbox"": ""None"", ""color"": 8, ""input_count"": 2, ""output_count"": 0, ""pair_count"": 0, ""perfect_size_match"": false, ""removed"": 2, ""removed_bbox"": ""(6, 6, 7, 9)""}]","1,0",vertical,59,"(1, 0, 24, 17)",False,"(2, 0, 18, 17)",0,6,"(27, 18)",arc-gen
1,"0,2:1",horizontal:1,2,2,True,"[{""added"": 0, ""added_bbox"": ""None"", ""color"": 5, ""input_count"": 14, ""output_count"": 14, ""pair_count"": 0, ""perfect_size_match"": true, ""removed"": 0, ""removed_bbox"": ""None""}, {""added"": 1, ""added_bbox"": ""(9, 5, 9, 5)"", ""color"": 6, ""delta_counts"": {""0,2"": 1}, ""dominant_delta_share"": 1.0, ""dominant_line_share"": 1.0, ""input_count"": 15, ""line_counts"": {""horizontal"": 1}, ""mean_manhattan"": 2.0, ""output_count"": 15, ""pair_count"": 1, ""perfect_size_match"": true, ""removed"": 1, ""removed_bbox"": ""(9, 3, 9, 3)"", ""top_delta"": ""(0, 2):1"", ""top_line_type"": ""horizontal:1""}]","0,2",horizontal,60,"(0, 3, 13, 12)",True,"(0, 5, 13, 12)",0,1,"(14, 15)",arc-gen
6,"0,-1:1 0,10:1 0,3:1 0,2:1 0,9:1 0,-2:1",horizontal:6,3,3,False,"[{""added"": 1, ""added_bbox"": ""(12, 23, 12, 23)"", ""color"": 1, ""delta_counts"": {""0,-1"": 1}, ""dominant_delta_share"": 1.0, ""dominant_line_share"": 1.0, ""input_count"": 21, ""line_counts"": {""horizontal"": 1}, ""mean_manhattan"": 1.0, ""output_count"": 21, ""pair_count"": 1, ""perfect_size_match"": true, ""removed"": 1, ""removed_bbox"": ""(12, 24, 12, 24)"", ""top_delta"": ""(0, -1):1"", ""top_line_type"": ""horizontal:1""}, {""added"": 4, ""added_bbox"": ""(10, 12, 18, 12)"", ""color"": 7, ""delta_counts"": {""0,10"": 1, ""0,2"": 1, ""0,3"": 1, ""0,9"": 1}, ""dominant_delta_share"": 0.25, ""dominant_line_share"": 1.0, ""input_count"": 24, ""line_counts"": {""horizontal"": 4}, ""mean_manhattan"": 6.0, ""output_count"": 24, ""pair_count"": 4, ""perfect_size_match"": true, ""removed"": 4, ""removed_bbox"": ""(10, 2, 18, 10)"", ""top_delta"": ""(0, 10):1 (0, 3):1 (0, 2):1 (0, 9):1"", ""top_line_type"": ""horizontal:4""}, {""added"": 1, ""added_bbox"": ""(19, 6, 19, 6)"", ""color"": 8, ""delta_counts"": {""0,-2"": 1}, ""dominant_delta_share"": 1.0, ""dominant_line_share"": 1.0, ""input_count"": 21, ""line_counts"": {""horizontal"": 1}, ""mean_manhattan"": 2.0, ""output_count"": 21, ""pair_count"": 1, ""perfect_size_match"": true, ""removed"": 1, ""removed_bbox"": ""(19, 8, 19, 8)"", ""top_delta"": ""(0, -2):1"", ""top_line_type"": ""horizontal:1""}, {""added"": 0, ""added_bbox"": ""None"", ""color"": 9, ""input_count"": 2, ""output_count"": 0, ""pair_count"": 0, ""perfect_size_match"": false, ""removed"": 2, ""removed_bbox"": ""(6, 2, 16, 15)""}]","0,-1",horizontal,61,"(0, 2, 19, 24)",False,"(0, 5, 19, 23)",0,8,"(20, 25)",arc-gen
2,"1,0:2",vertical:2,2,2,True,"[{""added"": 0, ""added_bbox"": ""None"", ""color"": 1, ""input_count"": 17, ""output_count"": 17, ""pair_count"": 0, ""perfect_size_match"": true, ""removed"": 0, ""removed_bbox"": ""None""}, {""added"": 2, ""added_bbox"": ""(10, 1, 10, 8)"", ""color"": 9, ""delta_counts"": {""1,0"": 2}, ""dominant_delta_share"": 1.0, ""dominant_line_share"": 1.0, ""input_count"": 19, ""line_counts"": {""vertical"": 2}, ""mean_manhattan"": 1.0, ""output_count"": 19, ""pair_count"": 2, ""perfect_size_match"": true, ""removed"": 2, ""removed_bbox"": ""(9, 1, 9, 8)"", ""top_delta"": ""(1, 0):2"", ""top_line_type"": ""vertical:2""}]","1,0",vertical,62,"(4, 0, 11, 16)",True,"(4, 0, 11, 16)",0,2,"(14, 17)",arc-gen
3,"0,-12:1 0,-5:1 0,-3:1",horizontal:3,3,3,False,"[{""added"": 2, ""added_bbox"": ""(9, 5, 23, 5)"", ""color"": 2, ""delta_counts"": {""0,-12"": 1, ""0,-5"": 1}, ""dominant_delta_share"": 0.5, ""dominant_line_share"": 1.0, ""input_count"": 32, ""line_counts"": {""horizontal"": 2}, ""mean_manhattan"": 8.5, ""output_count"": 32, ""pair_count"": 2, ""perfect_size_match"": true, ""removed"": 2, ""removed_bbox"": ""(9, 10, 23, 17)"", ""top_delta"": ""(0, -12):1 (0, -5):1"", ""top_line_type"": ""horizontal:2""}, {""added"": 0, ""added_bbox"": ""None"", ""color"": 3, ""input_count"": 1, ""output_count"": 0, ""pair_count"": 0, ""perfect_size_match"": false, ""removed"": 1, ""removed_bbox"": ""(8, 11, 8, 11)""}, {""added"": 0, ""added_bbox"": ""None"", ""color"": 6, ""input_count"": 30, ""output_count"": 30, ""pair_count"": 0, ""perfect_size_match"": true, ""removed"": 0, ""removed_bbox"": ""None""}, {""added"": 1, ""added_bbox"": ""(29, 14, 29, 14)"", ""color"": 9, ""delta_counts"": {""0,-3"": 1}, ""dominant_delta_share"": 1.0, ""dominant_line_share"": 1.0, ""input_count"": 31, ""line_counts"": {""horizontal"": 1}, ""mean_manhattan"": 3.0, ""output_count"": 31, ""pair_count"": 1, ""perfect_size_match"": true, ""removed"": 1, ""removed_bbox"": ""(29, 17, 29, 17)"", ""top_delta"": ""(0, -3):1"", ""top_line_type"": ""horizontal:1""}]","0,-12",horizontal,63,"(0, 4, 29, 19)",False,"(0, 4, 29, 19)",0,4,"(30, 20)",arc-gen
3,"11,0:1 4,0:1 1,0:1",vertical:3,2,2,False,"[{""added"": 2, ""added_bbox"": ""(12, 12, 12, 17)"", ""color"": 2, ""delta_counts"": {""11,0"": 1, ""4,0"": 1}, ""dominant_delta_share"": 0.5, ""dominant_line_share"": 1.0, ""input_count"": 21, ""line_counts"": {""vertical"": 2}, ""mean_manhattan"": 7.5, ""output_count"": 21, ""pair_count"": 2, ""perfect_size_match"": true, ""removed"": 2, ""removed_bbox"": ""(1, 12, 8, 17)"", ""top_delta"": ""(11, 0):1 (4, 0):1"", ""top_line_type"": ""vertical:2""}, {""added"": 0, ""added_bbox"": ""None"", ""color"": 8, ""input_count"": 1, ""output_count"": 0, ""pair_count"": 0, ""perfect_size_match"": false, ""removed"": 1, ""removed_bbox"": ""(1, 13, 1, 13)""}, {""added"": 1, ""added_bbox"": ""(3, 0, 3, 0)"", ""color"": 9, ""delta_counts"": {""1,0"": 1}, ""dominant_delta_share"": 1.0, ""dominant_line_share"": 1.0, ""input_count"": 20, ""line_counts"": {""vertical"": 1}, ""mean_manhattan"": 1.0, ""output_count"": 20, ""pair_count"": 1, ""perfect_size_match"": true, ""removed"": 1, ""removed_bbox"": ""(2, 0, 2, 0)"", ""top_delta"": ""(1, 0):1"", ""top_line_type"": ""vertical:1""}]","11,0",vertical,64,"(1, 0, 13, 18)",False,"(3, 0, 13, 18)",0,4,"(16, 19)",arc-gen
5,"0,23:1 0,-10:1 0,-12:1 0,-1:1 0,-19:1",horizontal:5,4,4,False,"[{""added"": 1, ""added_bbox"": ""(17, 25, 17, 25)"", ""color"": 1, ""delta_counts"": {""0,23"": 1}, ""dominant_delta_share"": 1.0, ""dominant_line_share"": 1.0, ""input_count"": 28, ""line_counts"": {""horizontal"": 1}, ""mean_manhattan"": 23.0, ""output_count"": 28, ""pair_count"": 1, ""perfect_size_match"": true, ""removed"": 1, ""removed_bbox"": ""(17, 2, 17, 2)"", ""top_delta"": ""(0, 23):1"", ""top_line_type"": ""horizontal:1""}, {""added"": 1, ""added_bbox"": ""(17, 14, 17, 14)"", ""color"": 4, ""delta_counts"": {""0,-10"": 1}, ""dominant_delta_share"": 1.0, ""dominant_line_share"": 1.0, ""input_count"": 28, ""line_counts"": {""horizontal"": 1}, ""mean_manhattan"": 10.0, ""output_count"": 28, ""pair_count"": 1, ""perfect_size_match"": true, ""removed"": 1, ""removed_bbox"": ""(17, 24, 17, 24)"", ""top_delta"": ""(0, -10):1"", ""top_line_type"": ""horizontal:1""}, {""added"": 0, ""added_bbox"": ""None"", ""color"": 5, ""input_count"": 3, ""output_count"": 0, ""pair_count"": 0, ""perfect_size_match"": false, ""removed"": 3, ""removed_bbox"": ""(5, 7, 22, 29)""}, {""added"": 0, ""added_bbox"": ""None"", ""color"": 7, ""input_count"": 27, ""output_count"": 27, ""pair_count"": 0, ""perfect_size_match"": true, ""removed"": 0, ""removed_bbox"": ""None""}, {""added"": 3, ""added_bbox"": ""(2, 5, 19, 5)"", ""color"": 9, ""delta_counts"": {""0,-1"": 1, ""0,-12"": 1, ""0,-19"": 1}, ""dominant_delta_share"": 0.3333, ""dominant_line_share"": 1.0, ""input_count"": 30, ""line_counts"": {""horizontal"": 3}, ""mean_manhattan"": 10.6667, ""output_count"": 30, ""pair_count"": 3, ""perfect_size_match"": true, ""removed"": 3, ""removed_bbox"": ""(2, 6, 19, 24)"", ""top_delta"": ""(0, -12):1 (0, -1):1 (0, -19):1"", ""top_line_type"": ""horizontal:3""}]","0,23",horizontal,65,"(0, 2, 26, 29)",False,"(0, 4, 26, 26)",0,8,"(27, 30)",arc-gen
4,"0,1:1 0,-10:1 0,2:1 0,9:1",horizontal:4,3,3,False,"[{""added"": 2, ""added_bbox"": ""(3, 3, 8, 5)"", ""color"": 2, ""delta_counts"": {""0,-10"": 1, ""0,1"": 1}, ""dominant_delta_share"": 0.5, ""dominant_line_share"": 1.0, ""input_count"": 17, ""line_counts"": {""horizontal"": 2}, ""mean_manhattan"": 5.5, ""output_count"": 17, ""pair_count"": 2, ""perfect_size_match"": true, ""removed"": 2, ""removed_bbox"": ""(3, 2, 8, 15)"", ""top_delta"": ""(0, 1):1 (0, -10):1"", ""top_line_type"": ""horizontal:2""}, {""added"": 0, ""added_bbox"": ""None"", ""color"": 4, ""input_count"": 2, ""output_count"": 0, ""pair_count"": 0, ""perfect_size_match"": false, ""removed"": 2, ""removed_bbox"": ""(2, 2, 8, 21)""}, {""added"": 0, ""added_bbox"": ""None"", ""color"": 5, ""input_count"": 15, ""output_count"": 15, ""pair_count"": 0, ""perfect_size_match"": true, ""removed"": 0, ""removed_bbox"": ""None""}, {""added"": 2, ""added_bbox"": ""(6, 17, 9, 17)"", ""color"": 7, ""delta_counts"": {""0,2"": 1, ""0,9"": 1}, ""dominant_delta_share"": 0.5, ""dominant_line_share"": 1.0, ""input_count"": 17, ""line_counts"": {""horizontal"": 2}, ""mean_manhattan"": 5.5, ""output_count"": 17, ""pair_count"": 2, ""perfect_size_match"": true, ""removed"": 2, ""removed_bbox"": ""(6, 8, 9, 15)"", ""top_delta"": ""(0, 2):1 (0, 9):1"", ""top_line_type"": ""horizontal:2""}]","0,1",horizontal,66,"(0, 2, 14, 21)",False,"(0, 3, 14, 18)",0,6,"(15, 24)",arc-gen
4,"0,-4:1 0,-3:1 0,-9:1 0,2:1",horizontal:4,2,2,True,"[{""added"": 2, ""added_bbox"": ""(5, 13, 7, 13)"", ""color"": 2, ""delta_counts"": {""0,-3"": 1, ""0,-4"": 1}, ""dominant_delta_share"": 0.5, ""dominant_line_share"": 1.0, ""input_count"": 25, ""line_counts"": {""horizontal"": 2}, ""mean_manhattan"": 3.5, ""output_count"": 25, ""pair_count"": 2, ""perfect_size_match"": true, ""removed"": 2, ""removed_bbox"": ""(5, 16, 7, 17)"", ""top_delta"": ""(0, -4):1 (0, -3):1"", ""top_line_type"": ""horizontal:2""}, {""added"": 2, ""added_bbox"": ""(3, 5, 18, 7)"", ""color"": 7, ""delta_counts"": {""0,-9"": 1, ""0,2"": 1}, ""dominant_delta_share"": 0.5, ""dominant_line_share"": 1.0, ""input_count"": 25, ""line_counts"": {""horizontal"": 2}, ""mean_manhattan"": 5.5, ""output_count"": 25, ""pair_count"": 2, ""perfect_size_match"": true, ""removed"": 2, ""removed_bbox"": ""(3, 3, 18, 16)"", ""top_delta"": ""(0, -9):1 (0, 2):1"", ""top_line_type"": ""horizontal:2""}]","0,-4",horizontal,67,"(0, 3, 22, 17)",True,"(0, 5, 22, 13)",0,4,"(23, 19)",arc-gen
2,"0,3:1 0,-2:1",horizontal:2,3,3,False,"[{""added"": 1, ""added_bbox"": ""(20, 15, 20, 15)"", ""color"": 2, ""delta_counts"": {""0,3"": 1}, ""dominant_delta_share"": 1.0, ""dominant_line_share"": 1.0, ""input_count"": 25, ""line_counts"": {""horizontal"": 1}, ""mean_manhattan"": 3.0, ""output_count"": 25, ""pair_count"": 1, ""perfect_size_match"": true, ""removed"": 1, ""removed_bbox"": ""(20, 12, 20, 12)"", ""top_delta"": ""(0, 3):1"", ""top_line_type"": ""horizontal:1""}, {""added"": 1, ""added_bbox"": ""(5, 11, 5, 11)"", ""color"": 3, ""delta_counts"": {""0,-2"": 1}, ""dominant_delta_share"": 1.0, ""dominant_line_share"": 1.0, ""input_count"": 25, ""line_counts"": {""horizontal"": 1}, ""mean_manhattan"": 2.0, ""output_count"": 25, ""pair_count"": 1, ""perfect_size_match"": true, ""removed"": 1, ""removed_bbox"": ""(5, 13, 5, 13)"", ""top_delta"": ""(0, -2):1"", ""top_line_type"": ""horizontal:1""}, {""added"": 0, ""added_bbox"": ""None"", ""color"": 8, ""input_count"": 24, ""output_count"": 24, ""pair_count"": 0, ""perfect_size_match"": true, ""removed"": 0, ""removed_bbox"": ""None""}, {""added"": 0, ""added_bbox"": ""None"", ""color"": 9, ""input_count"": 4, ""output_count"": 0, ""pair_count"": 0, ""perfect_size_match"": false, ""removed"": 4, ""removed_bbox"": ""(1, 0, 20, 20)""}]","0,3",horizontal,68,"(0, 0, 23, 20)",False,"(0, 3, 23, 16)",0,6,"(24, 21)",arc-gen
7,"0,-11:1 0,1:1 0,17:1 0,12:1 0,11:1 0,-4:1 0,-18:1",horizontal:7,3,3,False,"[{""added"": 2, ""added_bbox"": ""(14, 11, 22, 13)"", ""color"": 2, ""delta_counts"": {""0,-11"": 1, ""0,1"": 1}, ""dominant_delta_share"": 0.5, ""dominant_line_share"": 1.0, ""input_count"": 26, ""line_counts"": {""horizontal"": 2}, ""mean_manhattan"": 6.0, ""output_count"": 26, ""pair_count"": 2, ""perfect_size_match"": true, ""removed"": 2, ""removed_bbox"": ""(14, 10, 22, 24)"", ""top_delta"": ""(0, -11):1 (0, 1):1"", ""top_line_type"": ""horizontal:2""}, {""added"": 3, ""added_bbox"": ""(4, 19, 16, 19)"", ""color"": 4, ""delta_counts"": {""0,11"": 1, ""0,12"": 1, ""0,17"": 1}, ""dominant_delta_share"": 0.3333, ""dominant_line_share"": 1.0, ""input_count"": 27, ""line_counts"": {""horizontal"": 3}, ""mean_manhattan"": 13.3333, ""output_count"": 27, ""pair_count"": 3, ""perfect_size_match"": true, ""removed"": 3, ""removed_bbox"": ""(4, 2, 16, 8)"", ""top_delta"": ""(0, 17):1 (0, 12):1 (0, 11):1"", ""top_line_type"": ""horizontal:3""}, {""added"": 0, ""added_bbox"": ""None"", ""color"": 5, ""input_count"": 3, ""output_count"": 0, ""pair_count"": 0, ""perfect_size_match"": false, ""removed"": 3, ""removed_bbox"": ""(1, 0, 22, 22)""}, {""added"": 2, ""added_bbox"": ""(5, 5, 9, 5)"", ""color"": 7, ""delta_counts"": {""0,-18"": 1, ""0,-4"": 1}, ""dominant_delta_share"": 0.5, ""dominant_line_share"": 1.0, ""input_count"": 26, ""line_counts"": {""horizontal"": 2}, ""mean_manhattan"": 11.0, ""output_count"": 26, ""pair_count"": 2, ""perfect_size_match"": true, ""removed"": 2, ""removed_bbox"": ""(5, 9, 9, 23)"", ""top_delta"": ""(0, -4):1 (0, -18):1"", ""top_line_type"": ""horizontal:2""}]","0,-11",horizontal,69,"(0, 0, 23, 24)",False,"(0, 4, 23, 20)",0,10,"(24, 25)",arc-gen
8,"17,0:1 10,0:1 3,0:1 2,0:1 1,0:1 -7,0:1 -1,0:1 -12,0:1",vertical:8,3,3,False,"[{""added"": 3, ""added_bbox"": ""(17, 6, 17, 25)"", ""color"": 2, ""delta_counts"": {""10,0"": 1, ""17,0"": 1, ""3,0"": 1}, ""dominant_delta_share"": 0.3333, ""dominant_line_share"": 1.0, ""input_count"": 32, ""line_counts"": {""vertical"": 3}, ""mean_manhattan"": 10.0, ""output_count"": 32, ""pair_count"": 3, ""perfect_size_match"": true, ""removed"": 3, ""removed_bbox"": ""(0, 6, 14, 25)"", ""top_delta"": ""(17, 0):1 (10, 0):1 (3, 0):1"", ""top_line_type"": ""vertical:3""}, {""added"": 3, ""added_bbox"": ""(4, 4, 6, 26)"", ""color"": 4, ""delta_counts"": {""-7,0"": 1, ""1,0"": 1, ""2,0"": 1}, ""dominant_delta_share"": 0.3333, ""dominant_line_share"": 1.0, ""input_count"": 32, ""line_counts"": {""vertical"": 3}, ""mean_manhattan"": 3.3333, ""output_count"": 32, ""pair_count"": 3, ""perfect_size_match"": true, ""removed"": 3, ""removed_bbox"": ""(2, 4, 13, 26)"", ""top_delta"": ""(2, 0):1 (1, 0):1 (-7, 0):1"", ""top_line_type"": ""vertical:3""}, {""added"": 2, ""added_bbox"": ""(12, 9, 12, 15)"", ""color"": 6, ""delta_counts"": {""-1,0"": 1, ""-12,0"": 1}, ""dominant_delta_share"": 0.5, ""dominant_line_share"": 1.0, ""input_count"": 31, ""line_counts"": {""vertical"": 2}, ""mean_manhattan"": 6.5, ""output_count"": 31, ""pair_count"": 2, ""perfect_size_match"": true, ""removed"": 2, ""removed_bbox"": ""(13, 9, 24, 15)"", ""top_delta"": ""(-1, 0):1 (-12, 0):1"", ""top_line_type"": ""vertical:2""}, {""added"": 0, ""added_bbox"": ""None"", ""color"": 9, ""input_count"": 4, ""output_count"": 0, ""pair_count"": 0, ""perfect_size_match"": false, ""removed"": 4, ""removed_bbox"": ""(1, 9, 24, 28)""}]","17,0",vertical,70,"(0, 0, 24, 28)",False,"(4, 0, 18, 28)",0,12,"(25, 29)",arc-gen
3,"-2,0:1 -3,0:1 -4,0:1",vertical:3,2,2,False,"[{""added"": 0, ""added_bbox"": ""None"", ""color"": 2, ""input_count"": 21, ""output_count"": 21, ""pair_count"": 0, ""perfect_size_match"": true, ""removed"": 0, ""removed_bbox"": ""None""}, {""added"": 0, ""added_bbox"": ""None"", ""color"": 3, ""input_count"": 1, ""output_count"": 0, ""pair_count"": 0, ""perfect_size_match"": false, ""removed"": 1, ""removed_bbox"": ""(0, 6, 0, 6)""}, {""added"": 3, ""added_bbox"": ""(4, 4, 4, 7)"", ""color"": 6, ""delta_counts"": {""-2,0"": 1, ""-3,0"": 1, ""-4,0"": 1}, ""dominant_delta_share"": 0.3333, ""dominant_line_share"": 1.0, ""input_count"": 24, ""line_counts"": {""vertical"": 3}, ""mean_manhattan"": 3.0, ""output_count"": 24, ""pair_count"": 3, ""perfect_size_match"": true, ""removed"": 3, ""removed_bbox"": ""(6, 4, 8, 7)"", ""top_delta"": ""(-2, 0):1 (-3, 0):1 (-4, 0):1"", ""top_line_type"": ""vertical:3""}]","-2,0",vertical,71,"(0, 0, 12, 20)",False,"(3, 0, 12, 20)",0,4,"(13, 21)",arc-gen
6,"15,0:1 11,0:1 1,0:1 -1,0:1 -3,0:1 -21,0:1",vertical:6,4,4,False,"[{""added"": 0, ""added_bbox"": ""None"", ""color"": 3, ""input_count"": 20, ""output_count"": 20, ""pair_count"": 0, ""perfect_size_match"": true, ""removed"": 0, ""removed_bbox"": ""None""}, {""added"": 0, ""added_bbox"": ""None"", ""color"": 4, ""input_count"": 4, ""output_count"": 0, ""pair_count"": 0, ""perfect_size_match"": false, ""removed"": 4, ""removed_bbox"": ""(8, 3, 28, 14)""}, {""added"": 4, ""added_bbox"": ""(19, 2, 21, 19)"", ""color"": 5, ""delta_counts"": {""-1,0"": 1, ""1,0"": 1, ""11,0"": 1, ""15,0"": 1}, ""dominant_delta_share"": 0.25, ""dominant_line_share"": 1.0, ""input_count"": 24, ""line_counts"": {""vertical"": 4}, ""mean_manhattan"": 7.0, ""output_count"": 24, ""pair_count"": 4, ""perfect_size_match"": true, ""removed"": 4, ""removed_bbox"": ""(4, 2, 22, 19)"", ""top_delta"": ""(15, 0):1 (11, 0):1 (1, 0):1 (-1, 0):1"", ""top_line_type"": ""vertical:4""}, {""added"": 1, ""added_bbox"": ""(14, 10, 14, 10)"", ""color"": 6, ""delta_counts"": {""-3,0"": 1}, ""dominant_delta_share"": 1.0, ""dominant_line_share"": 1.0, ""input_count"": 21, ""line_counts"": {""vertical"": 1}, ""mean_manhattan"": 3.0, ""output_count"": 21, ""pair_count"": 1, ""perfect_size_match"": true, ""removed"": 1, ""removed_bbox"": ""(17, 10, 17, 10)"", ""top_delta"": ""(-3, 0):1"", ""top_line_type"": ""vertical:1""}, {""added"": 1, ""added_bbox"": ""(7, 7, 7, 7)"", ""color"": 9, ""delta_counts"": {""-21,0"": 1}, ""dominant_delta_share"": 1.0, ""dominant_line_share"": 1.0, ""input_count"": 21, ""line_counts"": {""vertical"": 1}, ""mean_manhattan"": 21.0, ""output_count"": 21, ""pair_count"": 1, ""perfect_size_match"": true, ""removed"": 1, ""removed_bbox"": ""(28, 7, 28, 7)"", ""top_delta"": ""(-21, 0):1"", ""top_line_type"": ""vertical:1""}]","15,0",vertical,72,"(4, 0, 28, 19)",False,"(6, 0, 26, 19)",0,10,"(29, 20)",arc-gen
2,"0,-1:1 0,4:1",horizontal:2,1,1,False,"[{""added"": 0, ""added_bbox"": ""None"", ""color"": 7, ""input_count"": 1, ""output_count"": 0, ""pair_count"": 0, ""perfect_size_match"": false, ""removed"": 1, ""removed_bbox"": ""(7, 2, 7, 2)""}, {""added"": 2, ""added_bbox"": ""(7, 4, 12, 6)"", ""color"": 9, ""delta_counts"": {""0,-1"": 1, ""0,4"": 1}, ""dominant_delta_share"": 0.5, ""dominant_line_share"": 1.0, ""input_count"": 17, ""line_counts"": {""horizontal"": 2}, ""mean_manhattan"": 2.5, ""output_count"": 17, ""pair_count"": 2, ""perfect_size_match"": true, ""removed"": 2, ""removed_bbox"": ""(7, 0, 12, 7)"", ""top_delta"": ""(0, -1):1 (0, 4):1"", ""top_line_type"": ""horizontal:2""}]","0,-1",horizontal,73,"(0, 0, 14, 7)",False,"(0, 4, 14, 6)",0,3,"(15, 12)",arc-gen
2,"0,4:1 0,-3:1",horizontal:2,2,2,True,"[{""added"": 1, ""added_bbox"": ""(10, 10, 10, 10)"", ""color"": 4, ""delta_counts"": {""0,4"": 1}, ""dominant_delta_share"": 1.0, ""dominant_line_share"": 1.0, ""input_count"": 25, ""line_counts"": {""horizontal"": 1}, ""mean_manhattan"": 4.0, ""output_count"": 25, ""pair_count"": 1, ""perfect_size_match"": true, ""removed"": 1, ""removed_bbox"": ""(10, 6, 10, 6)"", ""top_delta"": ""(0, 4):1"", ""top_line_type"": ""horizontal:1""}, {""added"": 1, ""added_bbox"": ""(17, 4, 17, 4)"", ""color"": 6, ""delta_counts"": {""0,-3"": 1}, ""dominant_delta_share"": 1.0, ""dominant_line_share"": 1.0, ""input_count"": 25, ""line_counts"": {""horizontal"": 1}, ""mean_manhattan"": 3.0, ""output_count"": 25, ""pair_count"": 1, ""perfect_size_match"": true, ""removed"": 1, ""removed_bbox"": ""(17, 7, 17, 7)"", ""top_delta"": ""(0, -3):1"", ""top_line_type"": ""horizontal:1""}]","0,4",horizontal,74,"(0, 3, 23, 11)",True,"(0, 3, 23, 11)",0,2,"(24, 14)",arc-gen
3,"1,0:1 -2,0:1 -7,0:1",vertical:3,3,3,True,"[{""added"": 0, ""added_bbox"": ""None"", ""color"": 3, ""input_count"": 30, ""output_count"": 30, ""pair_count"": 0, ""perfect_size_match"": true, ""removed"": 0, ""removed_bbox"": ""None""}, {""added"": 1, ""added_bbox"": ""(8, 18, 8, 18)"", ""color"": 4, ""delta_counts"": {""1,0"": 1}, ""dominant_delta_share"": 1.0, ""dominant_line_share"": 1.0, ""input_count"": 31, ""line_counts"": {""vertical"": 1}, ""mean_manhattan"": 1.0, ""output_count"": 31, ""pair_count"": 1, ""perfect_size_match"": true, ""removed"": 1, ""removed_bbox"": ""(7, 18, 7, 18)"", ""top_delta"": ""(1, 0):1"", ""top_line_type"": ""vertical:1""}, {""added"": 2, ""added_bbox"": ""(4, 13, 4, 26)"", ""color"": 9, ""delta_counts"": {""-2,0"": 1, ""-7,0"": 1}, ""dominant_delta_share"": 0.5, ""dominant_line_share"": 1.0, ""input_count"": 32, ""line_counts"": {""vertical"": 2}, ""mean_manhattan"": 4.5, ""output_count"": 32, ""pair_count"": 2, ""perfect_size_match"": true, ""removed"": 2, ""removed_bbox"": ""(6, 13, 11, 26)"", ""top_delta"": ""(-2, 0):1 (-7, 0):1"", ""top_line_type"": ""vertical:2""}]","1,0",vertical,75,"(3, 0, 16, 29)",True,"(3, 0, 16, 29)",0,3,"(19, 30)",arc-gen
2,"-15,0:1 -2,0:1",vertical:2,3,3,False,"[{""added"": 1, ""added_bbox"": ""(7, 6, 7, 6)"", ""color"": 1, ""delta_counts"": {""-15,0"": 1}, ""dominant_delta_share"": 1.0, ""dominant_line_share"": 1.0, ""input_count"": 19, ""line_counts"": {""vertical"": 1}, ""mean_manhattan"": 15.0, ""output_count"": 19, ""pair_count"": 1, ""perfect_size_match"": true, ""removed"": 1, ""removed_bbox"": ""(22, 6, 22, 6)"", ""top_delta"": ""(-15, 0):1"", ""top_line_type"": ""vertical:1""}, {""added"": 0, ""added_bbox"": ""None"", ""color"": 4, ""input_count"": 18, ""output_count"": 18, ""pair_count"": 0, ""perfect_size_match"": true, ""removed"": 0, ""removed_bbox"": ""None""}, {""added"": 0, ""added_bbox"": ""None"", ""color"": 5, ""input_count"": 2, ""output_count"": 0, ""pair_count"": 0, ""perfect_size_match"": false, ""removed"": 2, ""removed_bbox"": ""(16, 1, 18, 17)""}, {""added"": 1, ""added_bbox"": ""(21, 15, 21, 15)"", ""color"": 8, ""delta_counts"": {""-2,0"": 1}, ""dominant_delta_share"": 1.0, ""dominant_line_share"": 1.0, ""input_count"": 19, ""line_counts"": {""vertical"": 1}, ""mean_manhattan"": 2.0, ""output_count"": 19, ""pair_count"": 1, ""perfect_size_match"": true, ""removed"": 1, ""removed_bbox"": ""(23, 15, 23, 15)"", ""top_delta"": ""(-2, 0):1"", ""top_line_type"": ""vertical:1""}]","-15,0",vertical,76,"(6, 0, 23, 17)",False,"(6, 0, 21, 17)",0,4,"(25, 18)",arc-gen
5,"4,0:1 2,0:1 -6,0:1 7,0:1 -1,0:1",vertical:5,3,3,False,"[{""added"": 2, ""added_bbox"": ""(11, 5, 11, 18)"", ""color"": 1, ""delta_counts"": {""2,0"": 1, ""4,0"": 1}, ""dominant_delta_share"": 0.5, ""dominant_line_share"": 1.0, ""input_count"": 29, ""line_counts"": {""vertical"": 2}, ""mean_manhattan"": 3.0, ""output_count"": 29, ""pair_count"": 2, ""perfect_size_match"": true, ""removed"": 2, ""removed_bbox"": ""(7, 5, 9, 18)"", ""top_delta"": ""(4, 0):1 (2, 0):1"", ""top_line_type"": ""vertical:2""}, {""added"": 1, ""added_bbox"": ""(4, 9, 4, 9)"", ""color"": 6, ""delta_counts"": {""-6,0"": 1}, ""dominant_delta_share"": 1.0, ""dominant_line_share"": 1.0, ""input_count"": 28, ""line_counts"": {""vertical"": 1}, ""mean_manhattan"": 6.0, ""output_count"": 28, ""pair_count"": 1, ""perfect_size_match"": true, ""removed"": 1, ""removed_bbox"": ""(10, 9, 10, 9)"", ""top_delta"": ""(-6, 0):1"", ""top_line_type"": ""vertical:1""}, {""added"": 2, ""added_bbox"": ""(17, 3, 19, 23)"", ""color"": 7, ""delta_counts"": {""-1,0"": 1, ""7,0"": 1}, ""dominant_delta_share"": 0.5, ""dominant_line_share"": 1.0, ""input_count"": 29, ""line_counts"": {""vertical"": 2}, ""mean_manhattan"": 4.0, ""output_count"": 29, ""pair_count"": 2, ""perfect_size_match"": true, ""removed"": 2, ""removed_bbox"": ""(10, 3, 20, 23)"", ""top_delta"": ""(7, 0):1 (-1, 0):1"", ""top_line_type"": ""vertical:2""}, {""added"": 0, ""added_bbox"": ""None"", ""color"": 8, ""input_count"": 1, ""output_count"": 0, ""pair_count"": 0, ""perfect_size_match"": false, ""removed"": 1, ""removed_bbox"": ""(10, 20, 10, 20)""}]","4,0",vertical,77,"(3, 0, 20, 26)",False,"(3, 0, 19, 26)",0,6,"(21, 27)",arc-gen
6,"0,4:1 0,1:1 0,-10:1 0,-12:1 0,-18:1 0,10:1",horizontal:6,3,3,True,"[{""added"": 3, ""added_bbox"": ""(2, 10, 15, 12)"", ""color"": 1, ""delta_counts"": {""0,-10"": 1, ""0,1"": 1, ""0,4"": 1}, ""dominant_delta_share"": 0.3333, ""dominant_line_share"": 1.0, ""input_count"": 20, ""line_counts"": {""horizontal"": 3}, ""mean_manhattan"": 5.0, ""output_count"": 20, ""pair_count"": 3, ""perfect_size_match"": true, ""removed"": 3, ""removed_bbox"": ""(2, 6, 15, 22)"", ""top_delta"": ""(0, 4):1 (0, 1):1 (0, -10):1"", ""top_line_type"": ""horizontal:3""}, {""added"": 2, ""added_bbox"": ""(7, 4, 11, 4)"", ""color"": 3, ""delta_counts"": {""0,-12"": 1, ""0,-18"": 1}, ""dominant_delta_share"": 0.5, ""dominant_line_share"": 1.0, ""input_count"": 19, ""line_counts"": {""horizontal"": 2}, ""mean_manhattan"": 15.0, ""output_count"": 19, ""pair_count"": 2, ""perfect_size_match"": true, ""removed"": 2, ""removed_bbox"": ""(7, 16, 11, 22)"", ""top_delta"": ""(0, -12):1 (0, -18):1"", ""top_line_type"": ""horizontal:2""}, {""added"": 1, ""added_bbox"": ""(8, 17, 8, 17)"", ""color"": 5, ""delta_counts"": {""0,10"": 1}, ""dominant_delta_share"": 1.0, ""dominant_line_share"": 1.0, ""input_count"": 18, ""line_counts"": {""horizontal"": 1}, ""mean_manhattan"": 10.0, ""output_count"": 18, ""pair_count"": 1, ""perfect_size_match"": true, ""removed"": 1, ""removed_bbox"": ""(8, 7, 8, 7)"", ""top_delta"": ""(0, 10):1"", ""top_line_type"": ""horizontal:1""}]","0,4",horizontal,78,"(0, 3, 16, 22)",True,"(0, 3, 16, 18)",0,6,"(17, 23)",arc-gen
3,"-14,0:2 -3,0:1",vertical:3,3,3,False,"[{""added"": 0, ""added_bbox"": ""None"", ""color"": 1, ""input_count"": 1, ""output_count"": 0, ""pair_count"": 0, ""perfect_size_match"": false, ""removed"": 1, ""removed_bbox"": ""(15, 19, 15, 19)""}, {""added"": 1, ""added_bbox"": ""(13, 12, 13, 12)"", ""color"": 2, ""delta_counts"": {""-3,0"": 1}, ""dominant_delta_share"": 1.0, ""dominant_line_share"": 1.0, ""input_count"": 29, ""line_counts"": {""vertical"": 1}, ""mean_manhattan"": 3.0, ""output_count"": 29, ""pair_count"": 1, ""perfect_size_match"": true, ""removed"": 1, ""removed_bbox"": ""(16, 12, 16, 12)"", ""top_delta"": ""(-3, 0):1"", ""top_line_type"": ""vertical:1""}, {""added"": 2, ""added_bbox"": ""(4, 3, 4, 4)"", ""color"": 7, ""delta_counts"": {""-14,0"": 2}, ""dominant_delta_share"": 1.0, ""dominant_line_share"": 1.0, ""input_count"": 30, ""line_counts"": {""vertical"": 2}, ""mean_manhattan"": 14.0, ""output_count"": 30, ""pair_count"": 2, ""perfect_size_match"": true, ""removed"": 2, ""removed_bbox"": ""(18, 3, 18, 4)"", ""top_delta"": ""(-14, 0):2"", ""top_line_type"": ""vertical:2""}, {""added"": 0, ""added_bbox"": ""None"", ""color"": 8, ""input_count"": 28, ""output_count"": 28, ""pair_count"": 0, ""perfect_size_match"": true, ""removed"": 0, ""removed_bbox"": ""None""}]","-14,0",vertical,79,"(3, 0, 20, 27)",False,"(3, 0, 20, 27)",0,4,"(21, 28)",arc-gen
5,"0,1:1 0,4:1 0,-2:1 0,7:1 0,2:1",horizontal:5,2,2,True,"[{""added"": 3, ""added_bbox"": ""(17, 4, 26, 6)"", ""color"": 1, ""delta_counts"": {""0,-2"": 1, ""0,1"": 1, ""0,4"": 1}, ""dominant_delta_share"": 0.3333, ""dominant_line_share"": 1.0, ""input_count"": 31, ""line_counts"": {""horizontal"": 3}, ""mean_manhattan"": 2.3333, ""output_count"": 31, ""pair_count"": 3, ""perfect_size_match"": true, ""removed"": 3, ""removed_bbox"": ""(17, 0, 26, 8)"", ""top_delta"": ""(0, 1):1 (0, 4):1 (0, -2):1"", ""top_line_type"": ""horizontal:3""}, {""added"": 2, ""added_bbox"": ""(1, 10, 2, 10)"", ""color"": 5, ""delta_counts"": {""0,2"": 1, ""0,7"": 1}, ""dominant_delta_share"": 0.5, ""dominant_line_share"": 1.0, ""input_count"": 30, ""line_counts"": {""horizontal"": 2}, ""mean_manhattan"": 4.5, ""output_count"": 30, ""pair_count"": 2, ""perfect_size_match"": true, ""removed"": 2, ""removed_bbox"": ""(1, 3, 2, 8)"", ""top_delta"": ""(0, 7):1 (0, 2):1"", ""top_line_type"": ""horizontal:2""}]","0,1",horizontal,80,"(0, 0, 27, 11)",True,"(0, 4, 27, 11)",0,5,"(28, 14)",arc-gen
3,"-5,0:2 1,0:1",vertical:3,2,2,False,"[{""added"": 0, ""added_bbox"": ""None"", ""color"": 3, ""input_count"": 28, ""output_count"": 28, ""pair_count"": 0, ""perfect_size_match"": true, ""removed"": 0, ""removed_bbox"": ""None""}, {""added"": 0, ""added_bbox"": ""None"", ""color"": 4, ""input_count"": 2, ""output_count"": 0, ""pair_count"": 0, ""perfect_size_match"": false, ""removed"": 2, ""removed_bbox"": ""(2, 11, 8, 19)""}, {""added"": 3, ""added_bbox"": ""(3, 2, 5, 18)"", ""color"": 6, ""delta_counts"": {""-5,0"": 2, ""1,0"": 1}, ""dominant_delta_share"": 0.6667, ""dominant_line_share"": 1.0, ""input_count"": 31, ""line_counts"": {""vertical"": 3}, ""mean_manhattan"": 3.6667, ""output_count"": 31, ""pair_count"": 3, ""perfect_size_match"": true, ""removed"": 3, ""removed_bbox"": ""(2, 2, 10, 18)"", ""top_delta"": ""(-5, 0):2 (1, 0):1"", ""top_line_type"": ""vertical:3""}]","-5,0",vertical,81,"(2, 0, 13, 27)",False,"(3, 0, 13, 27)",0,5,"(17, 28)",arc-gen
5,"0,-6:2 0,-10:1 0,-1:1 0,10:1",horizontal:5,2,2,False,"[{""added"": 3, ""added_bbox"": ""(12, 4, 23, 4)"", ""color"": 2, ""delta_counts"": {""0,-10"": 1, ""0,-6"": 2}, ""dominant_delta_share"": 0.6667, ""dominant_line_share"": 1.0, ""input_count"": 28, ""line_counts"": {""horizontal"": 3}, ""mean_manhattan"": 7.3333, ""output_count"": 28, ""pair_count"": 3, ""perfect_size_match"": true, ""removed"": 3, ""removed_bbox"": ""(12, 10, 23, 14)"", ""top_delta"": ""(0, -6):2 (0, -10):1"", ""top_line_type"": ""horizontal:3""}, {""added"": 0, ""added_bbox"": ""None"", ""color"": 7, ""input_count"": 3, ""output_count"": 0, ""pair_count"": 0, ""perfect_size_match"": false, ""removed"": 3, ""removed_bbox"": ""(3, 8, 24, 15)""}, {""added"": 2, ""added_bbox"": ""(20, 11, 23, 13)"", ""color"": 9, ""delta_counts"": {""0,-1"": 1, ""0,10"": 1}, ""dominant_delta_share"": 0.5, ""dominant_line_share"": 1.0, ""input_count"": 27, ""line_counts"": {""horizontal"": 2}, ""mean_manhattan"": 5.5, ""output_count"": 27, ""pair_count"": 2, ""perfect_size_match"": true, ""removed"": 2, ""removed_bbox"": ""(20, 1, 23, 14)"", ""top_delta"": ""(0, -1):1 (0, 10):1"", ""top_line_type"": ""horizontal:2""}]","0,-6",horizontal,82,"(0, 1, 24, 15)",False,"(0, 3, 24, 13)",0,8,"(25, 16)",arc-gen
4,"0,-9:2 0,11:1 0,2:1",horizontal:4,3,3,False,"[{""added"": 0, ""added_bbox"": ""None"", ""color"": 2, ""input_count"": 30, ""output_count"": 30, ""pair_count"": 0, ""perfect_size_match"": true, ""removed"": 0, ""removed_bbox"": ""None""}, {""added"": 2, ""added_bbox"": ""(13, 13, 14, 13)"", ""color"": 5, ""delta_counts"": {""0,-9"": 2}, ""dominant_delta_share"": 1.0, ""dominant_line_share"": 1.0, ""input_count"": 32, ""line_counts"": {""horizontal"": 2}, ""mean_manhattan"": 9.0, ""output_count"": 32, ""pair_count"": 2, ""perfect_size_match"": true, ""removed"": 2, ""removed_bbox"": ""(13, 22, 14, 22)"", ""top_delta"": ""(0, -9):2"", ""top_line_type"": ""horizontal:2""}, {""added"": 2, ""added_bbox"": ""(28, 17, 29, 17)"", ""color"": 6, ""delta_counts"": {""0,11"": 1, ""0,2"": 1}, ""dominant_delta_share"": 0.5, ""dominant_line_share"": 1.0, ""input_count"": 32, ""line_counts"": {""horizontal"": 2}, ""mean_manhattan"": 6.5, ""output_count"": 32, ""pair_count"": 2, ""perfect_size_match"": true, ""removed"": 2, ""removed_bbox"": ""(28, 6, 29, 15)"", ""top_delta"": ""(0, 11):1 (0, 2):1"", ""top_line_type"": ""horizontal:2""}, {""added"": 0, ""added_bbox"": ""None"", ""color"": 9, ""input_count"": 1, ""output_count"": 0, ""pair_count"": 0, ""perfect_size_match"": false, ""removed"": 1, ""removed_bbox"": ""(11, 16, 11, 16)""}]","0,-9",horizontal,83,"(0, 4, 29, 22)",False,"(0, 4, 29, 18)",0,5,"(30, 24)",arc-gen
2,"0,-3:1 0,-1:1",horizontal:2,1,1,False,"[{""added"": 0, ""added_bbox"": ""None"", ""color"": 2, ""input_count"": 2, ""output_count"": 0, ""pair_count"": 0, ""perfect_size_match"": false, ""removed"": 2, ""removed_bbox"": ""(2, 0, 8, 1)""}, {""added"": 2, ""added_bbox"": ""(5, 6, 6, 6)"", ""color"": 9, ""delta_counts"": {""0,-1"": 1, ""0,-3"": 1}, ""dominant_delta_share"": 0.5, ""dominant_line_share"": 1.0, ""input_count"": 20, ""line_counts"": {""horizontal"": 2}, ""mean_manhattan"": 2.0, ""output_count"": 20, ""pair_count"": 2, ""perfect_size_match"": true, ""removed"": 2, ""removed_bbox"": ""(5, 7, 6, 9)"", ""top_delta"": ""(0, -3):1 (0, -1):1"", ""top_line_type"": ""horizontal:2""}]","0,-3",horizontal,84,"(0, 0, 17, 9)",False,"(0, 5, 17, 6)",0,4,"(18, 13)",arc-gen
4,"-3,0:1 17,0:1 16,0:1 8,0:1",vertical:4,3,3,True,"[{""added"": 1, ""added_bbox"": ""(6, 5, 6, 5)"", ""color"": 5, ""delta_counts"": {""-3,0"": 1}, ""dominant_delta_share"": 1.0, ""dominant_line_share"": 1.0, ""input_count"": 18, ""line_counts"": {""vertical"": 1}, ""mean_manhattan"": 3.0, ""output_count"": 18, ""pair_count"": 1, ""perfect_size_match"": true, ""removed"": 1, ""removed_bbox"": ""(9, 5, 9, 5)"", ""top_delta"": ""(-3, 0):1"", ""top_line_type"": ""vertical:1""}, {""added"": 0, ""added_bbox"": ""None"", ""color"": 7, ""input_count"": 17, ""output_count"": 17, ""pair_count"": 0, ""perfect_size_match"": true, ""removed"": 0, ""removed_bbox"": ""None""}, {""added"": 3, ""added_bbox"": ""(18, 1, 18, 15)"", ""color"": 8, ""delta_counts"": {""16,0"": 1, ""17,0"": 1, ""8,0"": 1}, ""dominant_delta_share"": 0.3333, ""dominant_line_share"": 1.0, ""input_count"": 20, ""line_counts"": {""vertical"": 3}, ""mean_manhattan"": 13.6667, ""output_count"": 20, ""pair_count"": 3, ""perfect_size_match"": true, ""removed"": 3, ""removed_bbox"": ""(1, 1, 10, 15)"", ""top_delta"": ""(17, 0):1 (16, 0):1 (8, 0):1"", ""top_line_type"": ""vertical:3""}]","-3,0",vertical,85,"(1, 0, 19, 16)",True,"(5, 0, 19, 16)",0,4,"(20, 17)",arc-gen
5,"0,3:2 0,-7:1 0,11:1 0,-2:1",horizontal:5,3,3,False,"[{""added"": 3, ""added_bbox"": ""(13, 13, 26, 15)"", ""color"": 2, ""delta_counts"": {""0,-7"": 1, ""0,11"": 1, ""0,3"": 1}, ""dominant_delta_share"": 0.3333, ""dominant_line_share"": 1.0, ""input_count"": 32, ""line_counts"": {""horizontal"": 3}, ""mean_manhattan"": 7.0, ""output_count"": 32, ""pair_count"": 3, ""perfect_size_match"": true, ""removed"": 3, ""removed_bbox"": ""(13, 2, 26, 22)"", ""top_delta"": ""(0, -7):1 (0, 3):1 (0, 11):1"", ""top_line_type"": ""horizontal:3""}, {""added"": 0, ""added_bbox"": ""None"", ""color"": 3, ""input_count"": 1, ""output_count"": 0, ""pair_count"": 0, ""perfect_size_match"": false, ""removed"": 1, ""removed_bbox"": ""(7, 1, 7, 1)""}, {""added"": 1, ""added_bbox"": ""(24, 5, 24, 5)"", ""color"": 8, ""delta_counts"": {""0,3"": 1}, ""dominant_delta_share"": 1.0, ""dominant_line_share"": 1.0, ""input_count"": 30, ""line_counts"": {""horizontal"": 1}, ""mean_manhattan"": 3.0, ""output_count"": 30, ""pair_count"": 1, ""perfect_size_match"": true, ""removed"": 1, ""removed_bbox"": ""(24, 2, 24, 2)"", ""top_delta"": ""(0, 3):1"", ""top_line_type"": ""horizontal:1""}, {""added"": 1, ""added_bbox"": ""(19, 21, 19, 21)"", ""color"": 9, ""delta_counts"": {""0,-2"": 1}, ""dominant_delta_share"": 1.0, ""dominant_line_share"": 1.0, ""input_count"": 30, ""line_counts"": {""horizontal"": 1}, ""mean_manhattan"": 2.0, ""output_count"": 30, ""pair_count"": 1, ""perfect_size_match"": true, ""removed"": 1, ""removed_bbox"": ""(19, 23, 19, 23)"", ""top_delta"": ""(0, -2):1"", ""top_line_type"": ""horizontal:1""}]","0,3",horizontal,86,"(0, 1, 28, 23)",False,"(0, 5, 28, 21)",0,6,"(29, 24)",arc-gen
3,"3,0:1 -4,0:1 -7,0:1",vertical:3,1,1,True,"[{""added"": 3, ""added_bbox"": ""(5, 1, 7, 14)"", ""color"": 3, ""delta_counts"": {""-4,0"": 1, ""-7,0"": 1, ""3,0"": 1}, ""dominant_delta_share"": 0.3333, ""dominant_line_share"": 1.0, ""input_count"": 22, ""line_counts"": {""vertical"": 3}, ""mean_manhattan"": 4.6667, ""output_count"": 22, ""pair_count"": 3, ""perfect_size_match"": true, ""removed"": 3, ""removed_bbox"": ""(2, 1, 14, 14)"", ""top_delta"": ""(3, 0):1 (-4, 0):1 (-7, 0):1"", ""top_line_type"": ""vertical:3""}]","3,0",vertical,87,"(2, 0, 14, 18)",True,"(5, 0, 7, 18)",0,3,"(15, 19)",arc-gen
9,"0,-10:1 0,4:1 0,8:1 0,12:1 0,2:1 0,19:1 0,6:1 0,-7:1",horizontal:9,3,3,True,"[{""added"": 2, ""added_bbox"": ""(9, 4, 10, 6)"", ""color"": 4, ""delta_counts"": {""0,-10"": 1, ""0,4"": 1}, ""dominant_delta_share"": 0.5, ""dominant_line_share"": 1.0, ""input_count"": 29, ""line_counts"": {""horizontal"": 2}, ""mean_manhattan"": 7.0, ""output_count"": 29, ""pair_count"": 2, ""perfect_size_match"": true, ""removed"": 2, ""removed_bbox"": ""(9, 0, 10, 16)"", ""top_delta"": ""(0, -10):1 (0, 4):1"", ""top_line_type"": ""horizontal:2""}, {""added"": 4, ""added_bbox"": ""(3, 19, 24, 19)"", ""color"": 7, ""delta_counts"": {""0,12"": 1, ""0,19"": 1, ""0,2"": 1, ""0,8"": 1}, ""dominant_delta_share"": 0.25, ""dominant_line_share"": 1.0, ""input_count"": 31, ""line_counts"": {""horizontal"": 4}, ""mean_manhattan"": 10.25, ""output_count"": 31, ""pair_count"": 4, ""perfect_size_match"": true, ""removed"": 4, ""removed_bbox"": ""(3, 0, 24, 17)"", ""top_delta"": ""(0, 8):1 (0, 12):1 (0, 2):1 (0, 19):1"", ""top_line_type"": ""horizontal:4""}, {""added"": 3, ""added_bbox"": ""(3, 13, 23, 15)"", ""color"": 8, ""delta_counts"": {""0,-7"": 1, ""0,13"": 1, ""0,6"": 1}, ""dominant_delta_share"": 0.3333, ""dominant_line_share"": 1.0, ""input_count"": 30, ""line_counts"": {""horizontal"": 3}, ""mean_manhattan"": 8.6667, ""output_count"": 30, ""pair_count"": 3, ""perfect_size_match"": true, ""removed"": 3, ""removed_bbox"": ""(3, 0, 23, 22)"", ""top_delta"": ""(0, 6):1 (0, -7):1 (0, 13):1"", ""top_line_type"": ""horizontal:3""}]","0,-10",horizontal,88,"(0, 0, 26, 22)",True,"(0, 4, 26, 20)",0,9,"(27, 23)",arc-gen
2,"0,3:1 0,2:1",horizontal:2,2,2,False,"[{""added"": 1, ""added_bbox"": ""(26, 4, 26, 4)"", ""color"": 2, ""delta_counts"": {""0,3"": 1}, ""dominant_delta_share"": 1.0, ""dominant_line_share"": 1.0, ""input_count"": 28, ""line_counts"": {""horizontal"": 1}, ""mean_manhattan"": 3.0, ""output_count"": 28, ""pair_count"": 1, ""perfect_size_match"": true, ""removed"": 1, ""removed_bbox"": ""(26, 1, 26, 1)"", ""top_delta"": ""(0, 3):1"", ""top_line_type"": ""horizontal:1""}, {""added"": 0, ""added_bbox"": ""None"", ""color"": 4, ""input_count"": 2, ""output_count"": 0, ""pair_count"": 0, ""perfect_size_match"": false, ""removed"": 2, ""removed_bbox"": ""(9, 2, 20, 3)""}, {""added"": 1, ""added_bbox"": ""(10, 12, 10, 12)"", ""color"": 8, ""delta_counts"": {""0,2"": 1}, ""dominant_delta_share"": 1.0, ""dominant_line_share"": 1.0, ""input_count"": 28, ""line_counts"": {""horizontal"": 1}, ""mean_manhattan"": 2.0, ""output_count"": 28, ""pair_count"": 1, ""perfect_size_match"": true, ""removed"": 1, ""removed_bbox"": ""(10, 10, 10, 10)"", ""top_delta"": ""(0, 2):1"", ""top_line_type"": ""horizontal:1""}]","0,3",horizontal,89,"(0, 1, 26, 13)",False,"(0, 4, 26, 13)",0,4,"(27, 15)",arc-gen
4,"1,0:2 -3,0:2",vertical:4,1,1,False,"[{""added"": 0, ""added_bbox"": ""None"", ""color"": 2, ""input_count"": 1, ""output_count"": 0, ""pair_count"": 0, ""perfect_size_match"": false, ""removed"": 1, ""removed_bbox"": ""(0, 16, 0, 16)""}, {""added"": 4, ""added_bbox"": ""(4, 1, 6, 19)"", ""color"": 6, ""delta_counts"": {""-3,0"": 2, ""1,0"": 2}, ""dominant_delta_share"": 0.5, ""dominant_line_share"": 1.0, ""input_count"": 24, ""line_counts"": {""vertical"": 4}, ""mean_manhattan"": 2.0, ""output_count"": 24, ""pair_count"": 4, ""perfect_size_match"": true, ""removed"": 4, ""removed_bbox"": ""(3, 1, 9, 19)"", ""top_delta"": ""(1, 0):2 (-3, 0):2"", ""top_line_type"": ""vertical:4""}]","1,0",vertical,90,"(0, 0, 9, 19)",False,"(4, 0, 6, 19)",0,5,"(12, 20)",arc-gen
3,"0,4:1 0,10:1 0,-4:1",horizontal:3,2,2,False,"[{""added"": 2, ""added_bbox"": ""(5, 12, 11, 12)"", ""color"": 1, ""delta_counts"": {""0,10"": 1, ""0,4"": 1}, ""dominant_delta_share"": 0.5, ""dominant_line_share"": 1.0, ""input_count"": 20, ""line_counts"": {""horizontal"": 2}, ""mean_manhattan"": 7.0, ""output_count"": 20, ""pair_count"": 2, ""perfect_size_match"": true, ""removed"": 2, ""removed_bbox"": ""(5, 2, 11, 8)"", ""top_delta"": ""(0, 4):1 (0, 10):1"", ""top_line_type"": ""horizontal:2""}, {""added"": 0, ""added_bbox"": ""None"", ""color"": 2, ""input_count"": 1, ""output_count"": 0, ""pair_count"": 0, ""perfect_size_match"": false, ""removed"": 1, ""removed_bbox"": ""(4, 3, 4, 3)""}, {""added"": 1, ""added_bbox"": ""(1, 7, 1, 7)"", ""color"": 5, ""delta_counts"": {""0,-4"": 1}, ""dominant_delta_share"": 1.0, ""dominant_line_share"": 1.0, ""input_count"": 19, ""line_counts"": {""horizontal"": 1}, ""mean_manhattan"": 4.0, ""output_count"": 19, ""pair_count"": 1, ""perfect_size_match"": true, ""removed"": 1, ""removed_bbox"": ""(1, 11, 1, 11)"", ""top_delta"": ""(0, -4):1"", ""top_line_type"": ""horizontal:1""}]","0,4",horizontal,91,"(0, 2, 17, 13)",False,"(0, 6, 17, 13)",0,4,"(18, 19)",arc-gen
5,"0,9:2 0,10:1 0,3:1 0,-2:1",horizontal:5,3,3,False,"[{""added"": 0, ""added_bbox"": ""None"", ""color"": 1, ""input_count"": 1, ""output_count"": 0, ""pair_count"": 0, ""perfect_size_match"": false, ""removed"": 1, ""removed_bbox"": ""(25, 17, 25, 17)""}, {""added"": 3, ""added_bbox"": ""(1, 20, 28, 20)"", ""color"": 2, ""delta_counts"": {""0,10"": 1, ""0,9"": 2}, ""dominant_delta_share"": 0.6667, ""dominant_line_share"": 1.0, ""input_count"": 33, ""line_counts"": {""horizontal"": 3}, ""mean_manhattan"": 9.3333, ""output_count"": 33, ""pair_count"": 3, ""perfect_size_match"": true, ""removed"": 3, ""removed_bbox"": ""(1, 10, 28, 11)"", ""top_delta"": ""(0, 9):2 (0, 10):1"", ""top_line_type"": ""horizontal:3""}, {""added"": 1, ""added_bbox"": ""(23, 4, 23, 4)"", ""color"": 6, ""delta_counts"": {""0,3"": 1}, ""dominant_delta_share"": 1.0, ""dominant_line_share"": 1.0, ""input_count"": 31, ""line_counts"": {""horizontal"": 1}, ""mean_manhattan"": 3.0, ""output_count"": 31, ""pair_count"": 1, ""perfect_size_match"": true, ""removed"": 1, ""removed_bbox"": ""(23, 1, 23, 1)"", ""top_delta"": ""(0, 3):1"", ""top_line_type"": ""horizontal:1""}, {""added"": 1, ""added_bbox"": ""(9, 15, 9, 15)"", ""color"": 9, ""delta_counts"": {""0,-2"": 1}, ""dominant_delta_share"": 1.0, ""dominant_line_share"": 1.0, ""input_count"": 31, ""line_counts"": {""horizontal"": 1}, ""mean_manhattan"": 2.0, ""output_count"": 31, ""pair_count"": 1, ""perfect_size_match"": true, ""removed"": 1, ""removed_bbox"": ""(9, 17, 9, 17)"", ""top_delta"": ""(0, -2):1"", ""top_line_type"": ""horizontal:1""}]","0,9",horizontal,92,"(0, 1, 29, 21)",False,"(0, 4, 29, 21)",0,6,"(30, 23)",arc-gen
6,"0,-4:2 0,16:1 0,-12:1 0,21:1 0,6:1",horizontal:6,4,4,False,"[{""added"": 1, ""added_bbox"": ""(4, 18, 4, 18)"", ""color"": 2, ""delta_counts"": {""0,16"": 1}, ""dominant_delta_share"": 1.0, ""dominant_line_share"": 1.0, ""input_count"": 17, ""line_counts"": {""horizontal"": 1}, ""mean_manhattan"": 16.0, ""output_count"": 17, ""pair_count"": 1, ""perfect_size_match"": true, ""removed"": 1, ""removed_bbox"": ""(4, 2, 4, 2)"", ""top_delta"": ""(0, 16):1"", ""top_line_type"": ""horizontal:1""}, {""added"": 3, ""added_bbox"": ""(1, 5, 12, 5)"", ""color"": 3, ""delta_counts"": {""0,-12"": 1, ""0,-4"": 2}, ""dominant_delta_share"": 0.6667, ""dominant_line_share"": 1.0, ""input_count"": 19, ""line_counts"": {""horizontal"": 3}, ""mean_manhattan"": 6.6667, ""output_count"": 19, ""pair_count"": 3, ""perfect_size_match"": true, ""removed"": 3, ""removed_bbox"": ""(1, 9, 12, 17)"", ""top_delta"": ""(0, -4):2 (0, -12):1"", ""top_line_type"": ""horizontal:3""}, {""added"": 0, ""added_bbox"": ""None"", ""color"": 5, ""input_count"": 1, ""output_count"": 0, ""pair_count"": 0, ""perfect_size_match"": false, ""removed"": 1, ""removed_bbox"": ""(13, 1, 13, 1)""}, {""added"": 2, ""added_bbox"": ""(10, 27, 15, 27)"", ""color"": 8, ""delta_counts"": {""0,21"": 1, ""0,6"": 1}, ""dominant_delta_share"": 0.5, ""dominant_line_share"": 1.0, ""input_count"": 18, ""line_counts"": {""horizontal"": 2}, ""mean_manhattan"": 13.5, ""output_count"": 18, ""pair_count"": 2, ""perfect_size_match"": true, ""removed"": 2, ""removed_bbox"": ""(10, 6, 15, 21)"", ""top_delta"": ""(0, 21):1 (0, 6):1"", ""top_line_type"": ""horizontal:2""}, {""added"": 0, ""added_bbox"": ""None"", ""color"": 9, ""input_count"": 16, ""output_count"": 16, ""pair_count"": 0, ""perfect_size_match"": true, ""removed"": 0, ""removed_bbox"": ""None""}]","0,-4",horizontal,93,"(0, 1, 15, 28)",False,"(0, 4, 15, 28)",0,7,"(16, 30)",arc-gen
2,"0,-8:1 0,1:1",horizontal:2,2,2,False,"[{""added"": 0, ""added_bbox"": ""None"", ""color"": 2, ""input_count"": 3, ""output_count"": 0, ""pair_count"": 0, ""perfect_size_match"": false, ""removed"": 3, ""removed_bbox"": ""(7, 0, 26, 8)""}, {""added"": 2, ""added_bbox"": ""(3, 5, 17, 7)"", ""color"": 3, ""delta_counts"": {""0,-8"": 1, ""0,1"": 1}, ""dominant_delta_share"": 0.5, ""dominant_line_share"": 1.0, ""input_count"": 29, ""line_counts"": {""horizontal"": 2}, ""mean_manhattan"": 4.5, ""output_count"": 29, ""pair_count"": 2, ""perfect_size_match"": true, ""removed"": 2, ""removed_bbox"": ""(3, 4, 17, 15)"", ""top_delta"": ""(0, -8):1 (0, 1):1"", ""top_line_type"": ""horizontal:2""}, {""added"": 0, ""added_bbox"": ""None"", ""color"": 7, ""input_count"": 27, ""output_count"": 27, ""pair_count"": 0, ""perfect_size_match"": true, ""removed"": 0, ""removed_bbox"": ""None""}]","0,-8",horizontal,94,"(0, 0, 26, 15)",False,"(0, 5, 26, 13)",0,5,"(27, 18)",arc-gen
4,"0,-4:2 0,-9:1 0,7:1",horizontal:4,3,3,True,"[{""added"": 1, ""added_bbox"": ""(14, 5, 14, 5)"", ""color"": 1, ""delta_counts"": {""0,-9"": 1}, ""dominant_delta_share"": 1.0, ""dominant_line_share"": 1.0, ""input_count"": 26, ""line_counts"": {""horizontal"": 1}, ""mean_manhattan"": 9.0, ""output_count"": 26, ""pair_count"": 1, ""perfect_size_match"": true, ""removed"": 1, ""removed_bbox"": ""(14, 14, 14, 14)"", ""top_delta"": ""(0, -9):1"", ""top_line_type"": ""horizontal:1""}, {""added"": 0, ""added_bbox"": ""None"", ""color"": 8, ""input_count"": 25, ""output_count"": 25, ""pair_count"": 0, ""perfect_size_match"": true, ""removed"": 0, ""removed_bbox"": ""None""}, {""added"": 3, ""added_bbox"": ""(9, 9, 15, 11)"", ""color"": 9, ""delta_counts"": {""0,-4"": 2, ""0,7"": 1}, ""dominant_delta_share"": 0.6667, ""dominant_line_share"": 1.0, ""input_count"": 28, ""line_counts"": {""horizontal"": 3}, ""mean_manhattan"": 5.0, ""output_count"": 28, ""pair_count"": 3, ""perfect_size_match"": true, ""removed"": 3, ""removed_bbox"": ""(9, 2, 15, 15)"", ""top_delta"": ""(0, -4):2 (0, 7):1"", ""top_line_type"": ""horizontal:3""}]","0,-4",horizontal,95,"(0, 2, 24, 19)",True,"(0, 4, 24, 19)",0,4,"(25, 25)",arc-gen
5,"0,-1:2 0,-6:1 0,-3:1 0,11:1",horizontal:5,2,2,True,"[{""added"": 1, ""added_bbox"": ""(8, 4, 8, 4)"", ""color"": 1, ""delta_counts"": {""0,-6"": 1}, ""dominant_delta_share"": 1.0, ""dominant_line_share"": 1.0, ""input_count"": 21, ""line_counts"": {""horizontal"": 1}, ""mean_manhattan"": 6.0, ""output_count"": 21, ""pair_count"": 1, ""perfect_size_match"": true, ""removed"": 1, ""removed_bbox"": ""(8, 10, 8, 10)"", ""top_delta"": ""(0, -6):1"", ""top_line_type"": ""horizontal:1""}, {""added"": 4, ""added_bbox"": ""(0, 11, 9, 13)"", ""color"": 9, ""delta_counts"": {""0,-1"": 2, ""0,-3"": 1, ""0,11"": 1}, ""dominant_delta_share"": 0.5, ""dominant_line_share"": 1.0, ""input_count"": 24, ""line_counts"": {""horizontal"": 4}, ""mean_manhattan"": 4.0, ""output_count"": 24, ""pair_count"": 4, ""perfect_size_match"": true, ""removed"": 4, ""removed_bbox"": ""(0, 0, 9, 16)"", ""top_delta"": ""(0, -1):2 (0, -3):1 (0, 11):1"", ""top_line_type"": ""horizontal:4""}]","0,-1",horizontal,96,"(0, 0, 19, 16)",True,"(0, 3, 19, 13)",0,5,"(20, 17)",arc-gen
8,"0,17:1 0,3:1 0,2:1 0,8:1 0,-13:1 0,-24:1 0,-19:1 0,-1:1",horizontal:8,4,4,True,"[{""added"": 1, ""added_bbox"": ""(11, 18, 11, 18)"", ""color"": 3, ""delta_counts"": {""0,17"": 1}, ""dominant_delta_share"": 1.0, ""dominant_line_share"": 1.0, ""input_count"": 27, ""line_counts"": {""horizontal"": 1}, ""mean_manhattan"": 17.0, ""output_count"": 27, ""pair_count"": 1, ""perfect_size_match"": true, ""removed"": 1, ""removed_bbox"": ""(11, 1, 11, 1)"", ""top_delta"": ""(0, 17):1"", ""top_line_type"": ""horizontal:1""}, {""added"": 4, ""added_bbox"": ""(4, 9, 17, 11)"", ""color"": 5, ""delta_counts"": {""0,-13"": 1, ""0,2"": 1, ""0,3"": 1, ""0,8"": 1}, ""dominant_delta_share"": 0.25, ""dominant_line_share"": 1.0, ""input_count"": 30, ""line_counts"": {""horizontal"": 4}, ""mean_manhattan"": 6.5, ""output_count"": 30, ""pair_count"": 4, ""perfect_size_match"": true, ""removed"": 4, ""removed_bbox"": ""(4, 1, 17, 24)"", ""top_delta"": ""(0, 3):1 (0, 2):1 (0, 8):1 (0, -13):1"", ""top_line_type"": ""horizontal:4""}, {""added"": 2, ""added_bbox"": ""(15, 5, 16, 5)"", ""color"": 7, ""delta_counts"": {""0,-19"": 1, ""0,-24"": 1}, ""dominant_delta_share"": 0.5, ""dominant_line_share"": 1.0, ""input_count"": 28, ""line_counts"": {""horizontal"": 2}, ""mean_manhattan"": 21.5, ""output_count"": 28, ""pair_count"": 2, ""perfect_size_match"": true, ""removed"": 2, ""removed_bbox"": ""(15, 24, 16, 29)"", ""top_delta"": ""(0, -24):1 (0, -19):1"", ""top_line_type"": ""horizontal:2""}, {""added"": 1, ""added_bbox"": ""(1, 27, 1, 27)"", ""color"": 9, ""delta_counts"": {""0,-1"": 1}, ""dominant_delta_share"": 1.0, ""dominant_line_share"": 1.0, ""input_count"": 27, ""line_counts"": {""horizontal"": 1}, ""mean_manhattan"": 1.0, ""output_count"": 27, ""pair_count"": 1, ""perfect_size_match"": true, ""removed"": 1, ""removed_bbox"": ""(1, 28, 1, 28)"", ""top_delta"": ""(0, -1):1"", ""top_line_type"": ""horizontal:1""}]","0,17",horizontal,97,"(0, 1, 25, 29)",True,"(0, 4, 25, 27)",0,8,"(26, 30)",arc-gen
3,"5,0:1 -5,0:1 -6,0:1",vertical:3,2,2,True,"[{""added"": 1, ""added_bbox"": ""(13, 8, 13, 8)"", ""color"": 4, ""delta_counts"": {""5,0"": 1}, ""dominant_delta_share"": 1.0, ""dominant_line_share"": 1.0, ""input_count"": 14, ""line_counts"": {""vertical"": 1}, ""mean_manhattan"": 5.0, ""output_count"": 14, ""pair_count"": 1, ""perfect_size_match"": true, ""removed"": 1, ""removed_bbox"": ""(8, 8, 8, 8)"", ""top_delta"": ""(5, 0):1"", ""top_line_type"": ""vertical:1""}, {""added"": 2, ""added_bbox"": ""(6, 4, 6, 12)"", ""color"": 6, ""delta_counts"": {""-5,0"": 1, ""-6,0"": 1}, ""dominant_delta_share"": 0.5, ""dominant_line_share"": 1.0, ""input_count"": 15, ""line_counts"": {""vertical"": 2}, ""mean_manhattan"": 5.5, ""output_count"": 15, ""pair_count"": 2, ""perfect_size_match"": true, ""removed"": 2, ""removed_bbox"": ""(11, 4, 12, 12)"", ""top_delta"": ""(-5, 0):1 (-6, 0):1"", ""top_line_type"": ""vertical:2""}]","5,0",vertical,98,"(5, 0, 14, 12)",True,"(5, 0, 14, 12)",0,3,"(17, 13)",arc-gen
5,"0,-10:1 0,-7:1 0,-11:1 0,3:1 0,-4:1",horizontal:5,3,3,False,"[{""added"": 3, ""added_bbox"": ""(3, 5, 14, 5)"", ""color"": 2, ""delta_counts"": {""0,-10"": 1, ""0,-11"": 1, ""0,-7"": 1}, ""dominant_delta_share"": 0.3333, ""dominant_line_share"": 1.0, ""input_count"": 29, ""line_counts"": {""horizontal"": 3}, ""mean_manhattan"": 9.3333, ""output_count"": 29, ""pair_count"": 3, ""perfect_size_match"": true, ""removed"": 3, ""removed_bbox"": ""(3, 12, 14, 16)"", ""top_delta"": ""(0, -10):1 (0, -7):1 (0, -11):1"", ""top_line_type"": ""horizontal:3""}, {""added"": 2, ""added_bbox"": ""(14, 17, 25, 19)"", ""color"": 3, ""delta_counts"": {""0,-4"": 1, ""0,3"": 1}, ""dominant_delta_share"": 0.5, ""dominant_line_share"": 1.0, ""input_count"": 28, ""line_counts"": {""horizontal"": 2}, ""mean_manhattan"": 3.5, ""output_count"": 28, ""pair_count"": 2, ""perfect_size_match"": true, ""removed"": 2, ""removed_bbox"": ""(14, 14, 25, 23)"", ""top_delta"": ""(0, 3):1 (0, -4):1"", ""top_line_type"": ""horizontal:2""}, {""added"": 0, ""added_bbox"": ""None"", ""color"": 5, ""input_count"": 26, ""output_count"": 26, ""pair_count"": 0, ""perfect_size_match"": true, ""removed"": 0, ""removed_bbox"": ""None""}, {""added"": 0, ""added_bbox"": ""None"", ""color"": 9, ""input_count"": 3, ""output_count"": 0, ""pair_count"": 0, ""perfect_size_match"": false, ""removed"": 3, ""removed_bbox"": ""(3, 0, 20, 15)""}]","0,-10",horizontal,99,"(0, 0, 25, 23)",False,"(0, 4, 25, 19)",0,8,"(26, 24)",arc-gen
5,"0,3:2 0,-3:2 0,5:1",horizontal:5,3,3,False,"[{""added"": 1, ""added_bbox"": ""(7, 20, 7, 20)"", ""color"": 1, ""delta_counts"": {""0,5"": 1}, ""dominant_delta_share"": 1.0, ""dominant_line_share"": 1.0, ""input_count"": 14, ""line_counts"": {""horizontal"": 1}, ""mean_manhattan"": 5.0, ""output_count"": 14, ""pair_count"": 1, ""perfect_size_match"": true, ""removed"": 1, ""removed_bbox"": ""(7, 15, 7, 15)"", ""top_delta"": ""(0, 5):1"", ""top_line_type"": ""horizontal:1""}, {""added"": 3, ""added_bbox"": ""(1, 5, 6, 7)"", ""color"": 2, ""delta_counts"": {""0,-3"": 1, ""0,3"": 2}, ""dominant_delta_share"": 0.6667, ""dominant_line_share"": 1.0, ""input_count"": 16, ""line_counts"": {""horizontal"": 3}, ""mean_manhattan"": 3.0, ""output_count"": 16, ""pair_count"": 3, ""perfect_size_match"": true, ""removed"": 3, ""removed_bbox"": ""(1, 2, 6, 10)"", ""top_delta"": ""(0, 3):2 (0, -3):1"", ""top_line_type"": ""horizontal:3""}, {""added"": 1, ""added_bbox"": ""(5, 14, 5, 14)"", ""color"": 3, ""delta_counts"": {""0,-3"": 1}, ""dominant_delta_share"": 1.0, ""dominant_line_share"": 1.0, ""input_count"": 14, ""line_counts"": {""horizontal"": 1}, ""mean_manhattan"": 3.0, ""output_count"": 14, ""pair_count"": 1, ""perfect_size_match"": true, ""removed"": 1, ""removed_bbox"": ""(5, 17, 5, 17)"", ""top_delta"": ""(0, -3):1"", ""top_line_type"": ""horizontal:1""}, {""added"": 0, ""added_bbox"": ""None"", ""color"": 6, ""input_count"": 1, ""output_count"": 0, ""pair_count"": 0, ""perfect_size_match"": false, ""removed"": 1, ""removed_bbox"": ""(11, 2, 11, 2)""}]","0,3",horizontal,100,"(0, 2, 12, 21)",False,"(0, 5, 12, 21)",0,6,"(13, 25)",arc-gen
2,"0,-6:1 0,-4:1",horizontal:2,1,1,True,"[{""added"": 2, ""added_bbox"": ""(1, 5, 11, 5)"", ""color"": 4, ""delta_counts"": {""0,-4"": 1, ""0,-6"": 1}, ""dominant_delta_share"": 0.5, ""dominant_line_share"": 1.0, ""input_count"": 15, ""line_counts"": {""horizontal"": 2}, ""mean_manhattan"": 5.0, ""output_count"": 15, ""pair_count"": 2, ""perfect_size_match"": true, ""removed"": 2, ""removed_bbox"": ""(1, 9, 11, 11)"", ""top_delta"": ""(0, -6):1 (0, -4):1"", ""top_line_type"": ""horizontal:2""}]","0,-6",horizontal,101,"(0, 4, 12, 11)",True,"(0, 4, 12, 5)",0,2,"(13, 12)",arc-gen
2,"-2,0:1 -13,0:1",vertical:2,3,3,False,"[{""added"": 0, ""added_bbox"": ""None"", ""color"": 1, ""input_count"": 30, ""output_count"": 30, ""pair_count"": 0, ""perfect_size_match"": true, ""removed"": 0, ""removed_bbox"": ""None""}, {""added"": 0, ""added_bbox"": ""None"", ""color"": 2, ""input_count"": 3, ""output_count"": 0, ""pair_count"": 0, ""perfect_size_match"": false, ""removed"": 3, ""removed_bbox"": ""(1, 3, 8, 23)""}, {""added"": 2, ""added_bbox"": ""(4, 2, 4, 23)"", ""color"": 3, ""delta_counts"": {""-13,0"": 1, ""-2,0"": 1}, ""dominant_delta_share"": 0.5, ""dominant_line_share"": 1.0, ""input_count"": 32, ""line_counts"": {""vertical"": 2}, ""mean_manhattan"": 7.5, ""output_count"": 32, ""pair_count"": 2, ""perfect_size_match"": true, ""removed"": 2, ""removed_bbox"": ""(6, 2, 17, 23)"", ""top_delta"": ""(-2, 0):1 (-13, 0):1"", ""top_line_type"": ""vertical:2""}, {""added"": 0, ""added_bbox"": ""None"", ""color"": 6, ""input_count"": 30, ""output_count"": 30, ""pair_count"": 0, ""perfect_size_match"": true, ""removed"": 0, ""removed_bbox"": ""None""}]","-2,0",vertical,102,"(1, 0, 19, 29)",False,"(3, 0, 19, 29)",0,5,"(22, 30)",arc-gen
2,"0,6:1 0,1:1",horizontal:2,2,2,False,"[{""added"": 0, ""added_bbox"": ""None"", ""color"": 2, ""input_count"": 1, ""output_count"": 0, ""pair_count"": 0, ""perfect_size_match"": false, ""removed"": 1, ""removed_bbox"": ""(6, 12, 6, 12)""}, {""added"": 0, ""added_bbox"": ""None"", ""color"": 5, ""input_count"": 15, ""output_count"": 15, ""pair_count"": 0, ""perfect_size_match"": true, ""removed"": 0, ""removed_bbox"": ""None""}, {""added"": 2, ""added_bbox"": ""(9, 13, 11, 13)"", ""color"": 8, ""delta_counts"": {""0,1"": 1, ""0,6"": 1}, ""dominant_delta_share"": 0.5, ""dominant_line_share"": 1.0, ""input_count"": 17, ""line_counts"": {""horizontal"": 2}, ""mean_manhattan"": 3.5, ""output_count"": 17, ""pair_count"": 2, ""perfect_size_match"": true, ""removed"": 2, ""removed_bbox"": ""(9, 7, 11, 12)"", ""top_delta"": ""(0, 6):1 (0, 1):1"", ""top_line_type"": ""horizontal:2""}]","0,6",horizontal,103,"(0, 5, 14, 14)",False,"(0, 5, 14, 14)",0,3,"(15, 19)",arc-gen
5,"0,10:1 0,1:1 0,-3:1 0,2:1 0,-2:1",horizontal:5,2,2,False,"[{""added"": 0, ""added_bbox"": ""None"", ""color"": 2, ""input_count"": 2, ""output_count"": 0, ""pair_count"": 0, ""perfect_size_match"": false, ""removed"": 2, ""removed_bbox"": ""(7, 2, 9, 8)""}, {""added"": 2, ""added_bbox"": ""(5, 11, 20, 11)"", ""color"": 4, ""delta_counts"": {""0,1"": 1, ""0,10"": 1}, ""dominant_delta_share"": 0.5, ""dominant_line_share"": 1.0, ""input_count"": 32, ""line_counts"": {""horizontal"": 2}, ""mean_manhattan"": 5.5, ""output_count"": 32, ""pair_count"": 2, ""perfect_size_match"": true, ""removed"": 2, ""removed_bbox"": ""(5, 1, 20, 10)"", ""top_delta"": ""(0, 10):1 (0, 1):1"", ""top_line_type"": ""horizontal:2""}, {""added"": 3, ""added_bbox"": ""(7, 4, 27, 6)"", ""color"": 8, ""delta_counts"": {""0,-2"": 1, ""0,-3"": 1, ""0,2"": 1}, ""dominant_delta_share"": 0.3333, ""dominant_line_share"": 1.0, ""input_count"": 33, ""line_counts"": {""horizontal"": 3}, ""mean_manhattan"": 2.3333, ""output_count"": 33, ""pair_count"": 3, ""perfect_size_match"": true, ""removed"": 3, ""removed_bbox"": ""(7, 2, 27, 9)"", ""top_delta"": ""(0, -3):1 (0, 2):1 (0, -2):1"", ""top_line_type"": ""horizontal:3""}]","0,10",horizontal,104,"(0, 1, 29, 12)",False,"(0, 4, 29, 12)",0,7,"(30, 15)",arc-gen
2,"-4,0:1 9,0:1",vertical:2,2,2,True,"[{""added"": 1, ""added_bbox"": ""(7, 5, 7, 5)"", ""color"": 2, ""delta_counts"": {""-4,0"": 1}, ""dominant_delta_share"": 1.0, ""dominant_line_share"": 1.0, ""input_count"": 19, ""line_counts"": {""vertical"": 1}, ""mean_manhattan"": 4.0, ""output_count"": 19, ""pair_count"": 1, ""perfect_size_match"": true, ""removed"": 1, ""removed_bbox"": ""(11, 5, 11, 5)"", ""top_delta"": ""(-4, 0):1"", ""top_line_type"": ""vertical:1""}, {""added"": 1, ""added_bbox"": ""(12, 14, 12, 14)"", ""color"": 9, ""delta_counts"": {""9,0"": 1}, ""dominant_delta_share"": 1.0, ""dominant_line_share"": 1.0, ""input_count"": 19, ""line_counts"": {""vertical"": 1}, ""mean_manhattan"": 9.0, ""output_count"": 19, ""pair_count"": 1, ""perfect_size_match"": true, ""removed"": 1, ""removed_bbox"": ""(3, 14, 3, 14)"", ""top_delta"": ""(9, 0):1"", ""top_line_type"": ""vertical:1""}]","-4,0",vertical,105,"(3, 0, 13, 17)",True,"(6, 0, 13, 17)",0,2,"(15, 18)",arc-gen
3,"-1,0:2 2,0:1",vertical:3,2,2,False,"[{""added"": 2, ""added_bbox"": ""(4, 3, 6, 4)"", ""color"": 1, ""delta_counts"": {""-1,0"": 1, ""2,0"": 1}, ""dominant_delta_share"": 0.5, ""dominant_line_share"": 1.0, ""input_count"": 29, ""line_counts"": {""vertical"": 2}, ""mean_manhattan"": 1.5, ""output_count"": 29, ""pair_count"": 2, ""perfect_size_match"": true, ""removed"": 2, ""removed_bbox"": ""(2, 3, 7, 4)"", ""top_delta"": ""(2, 0):1 (-1, 0):1"", ""top_line_type"": ""vertical:2""}, {""added"": 1, ""added_bbox"": ""(14, 17, 14, 17)"", ""color"": 2, ""delta_counts"": {""-1,0"": 1}, ""dominant_delta_share"": 1.0, ""dominant_line_share"": 1.0, ""input_count"": 28, ""line_counts"": {""vertical"": 1}, ""mean_manhattan"": 1.0, ""output_count"": 28, ""pair_count"": 1, ""perfect_size_match"": true, ""removed"": 1, ""removed_bbox"": ""(15, 17, 15, 17)"", ""top_delta"": ""(-1, 0):1"", ""top_line_type"": ""vertical:1""}, {""added"": 0, ""added_bbox"": ""None"", ""color"": 5, ""input_count"": 2, ""output_count"": 0, ""pair_count"": 0, ""perfect_size_match"": false, ""removed"": 2, ""removed_bbox"": ""(7, 7, 8, 9)""}]","-1,0",vertical,106,"(2, 0, 15, 26)",False,"(4, 0, 14, 26)",0,5,"(16, 27)",arc-gen
1,"0,-2:1",horizontal:1,2,2,False,"[{""added"": 1, ""added_bbox"": ""(5, 13, 5, 13)"", ""color"": 1, ""delta_counts"": {""0,-2"": 1}, ""dominant_delta_share"": 1.0, ""dominant_line_share"": 1.0, ""input_count"": 22, ""line_counts"": {""horizontal"": 1}, ""mean_manhattan"": 2.0, ""output_count"": 22, ""pair_count"": 1, ""perfect_size_match"": true, ""removed"": 1, ""removed_bbox"": ""(5, 15, 5, 15)"", ""top_delta"": ""(0, -2):1"", ""top_line_type"": ""horizontal:1""}, {""added"": 0, ""added_bbox"": ""None"", ""color"": 3, ""input_count"": 3, ""output_count"": 0, ""pair_count"": 0, ""perfect_size_match"": false, ""removed"": 3, ""removed_bbox"": ""(1, 8, 18, 16)""}, {""added"": 0, ""added_bbox"": ""None"", ""color"": 6, ""input_count"": 21, ""output_count"": 21, ""pair_count"": 0, ""perfect_size_match"": true, ""removed"": 0, ""removed_bbox"": ""None""}]","0,-2",horizontal,107,"(0, 3, 20, 16)",False,"(0, 3, 20, 13)",0,4,"(21, 19)",arc-gen
6,"2,0:2 -11,0:2 18,0:1 9,0:1",vertical:6,3,3,False,"[{""added"": 1, ""added_bbox"": ""(19, 17, 19, 17)"", ""color"": 3, ""delta_counts"": {""18,0"": 1}, ""dominant_delta_share"": 1.0, ""dominant_line_share"": 1.0, ""input_count"": 24, ""line_counts"": {""vertical"": 1}, ""mean_manhattan"": 18.0, ""output_count"": 24, ""pair_count"": 1, ""perfect_size_match"": true, ""removed"": 1, ""removed_bbox"": ""(1, 17, 1, 17)"", ""top_delta"": ""(18, 0):1"", ""top_line_type"": ""vertical:1""}, {""added"": 0, ""added_bbox"": ""None"", ""color"": 5, ""input_count"": 1, ""output_count"": 0, ""pair_count"": 0, ""perfect_size_match"": false, ""removed"": 1, ""removed_bbox"": ""(23, 19, 23, 19)""}, {""added"": 3, ""added_bbox"": ""(3, 0, 5, 20)"", ""color"": 6, ""delta_counts"": {""-11,0"": 2, ""2,0"": 1}, ""dominant_delta_share"": 0.6667, ""dominant_line_share"": 1.0, ""input_count"": 26, ""line_counts"": {""vertical"": 3}, ""mean_manhattan"": 8.0, ""output_count"": 26, ""pair_count"": 3, ""perfect_size_match"": true, ""removed"": 3, ""removed_bbox"": ""(1, 0, 16, 20)"", ""top_delta"": ""(-11, 0):2 (2, 0):1"", ""top_line_type"": ""vertical:3""}, {""added"": 2, ""added_bbox"": ""(10, 2, 10, 21)"", ""color"": 7, ""delta_counts"": {""2,0"": 1, ""9,0"": 1}, ""dominant_delta_share"": 0.5, ""dominant_line_share"": 1.0, ""input_count"": 25, ""line_counts"": {""vertical"": 2}, ""mean_manhattan"": 5.5, ""output_count"": 25, ""pair_count"": 2, ""perfect_size_match"": true, ""removed"": 2, ""removed_bbox"": ""(1, 2, 8, 21)"", ""top_delta"": ""(9, 0):1 (2, 0):1"", ""top_line_type"": ""vertical:2""}]","2,0",vertical,108,"(1, 0, 23, 22)",False,"(3, 0, 20, 22)",0,7,"(24, 23)",arc-gen
3,"-11,0:1 -12,0:1 1,0:1",vertical:3,3,3,False,"[{""added"": 0, ""added_bbox"": ""None"", ""color"": 1, ""input_count"": 15, ""output_count"": 15, ""pair_count"": 0, ""perfect_size_match"": true, ""removed"": 0, ""removed_bbox"": ""None""}, {""added"": 2, ""added_bbox"": ""(5, 13, 5, 14)"", ""color"": 3, ""delta_counts"": {""-11,0"": 1, ""-12,0"": 1}, ""dominant_delta_share"": 0.5, ""dominant_line_share"": 1.0, ""input_count"": 17, ""line_counts"": {""vertical"": 2}, ""mean_manhattan"": 11.5, ""output_count"": 17, ""pair_count"": 2, ""perfect_size_match"": true, ""removed"": 2, ""removed_bbox"": ""(16, 13, 17, 14)"", ""top_delta"": ""(-11, 0):1 (-12, 0):1"", ""top_line_type"": ""vertical:2""}, {""added"": 0, ""added_bbox"": ""None"", ""color"": 8, ""input_count"": 1, ""output_count"": 0, ""pair_count"": 0, ""perfect_size_match"": false, ""removed"": 1, ""removed_bbox"": ""(2, 7, 2, 7)""}, {""added"": 1, ""added_bbox"": ""(12, 14, 12, 14)"", ""color"": 9, ""delta_counts"": {""1,0"": 1}, ""dominant_delta_share"": 1.0, ""dominant_line_share"": 1.0, ""input_count"": 16, ""line_counts"": {""vertical"": 1}, ""mean_manhattan"": 1.0, ""output_count"": 16, ""pair_count"": 1, ""perfect_size_match"": true, ""removed"": 1, ""removed_bbox"": ""(11, 14, 11, 14)"", ""top_delta"": ""(1, 0):1"", ""top_line_type"": ""vertical:1""}]","-11,0",vertical,109,"(2, 0, 19, 14)",False,"(4, 0, 19, 14)",0,4,"(26, 15)",arc-gen
2,"2,0:1 -1,0:1",vertical:2,2,2,True,"[{""added"": 0, ""added_bbox"": ""None"", ""color"": 2, ""input_count"": 22, ""output_count"": 22, ""pair_count"": 0, ""perfect_size_match"": true, ""removed"": 0, ""removed_bbox"": ""None""}, {""added"": 2, ""added_bbox"": ""(4, 11, 6, 13)"", ""color"": 8, ""delta_counts"": {""-1,0"": 1, ""2,0"": 1}, ""dominant_delta_share"": 0.5, ""dominant_line_share"": 1.0, ""input_count"": 24, ""line_counts"": {""vertical"": 2}, ""mean_manhattan"": 1.5, ""output_count"": 24, ""pair_count"": 2, ""perfect_size_match"": true, ""removed"": 2, ""removed_bbox"": ""(2, 11, 7, 13)"", ""top_delta"": ""(2, 0):1 (-1, 0):1"", ""top_line_type"": ""vertical:2""}]","2,0",vertical,110,"(2, 0, 12, 21)",True,"(4, 0, 12, 21)",0,2,"(13, 22)",arc-gen
6,"-1,0:2 8,0:1 1,0:1 -12,0:1 -16,0:1",vertical:6,3,3,True,"[{""added"": 1, ""added_bbox"": ""(20, 3, 20, 3)"", ""color"": 1, ""delta_counts"": {""8,0"": 1}, ""dominant_delta_share"": 1.0, ""dominant_line_share"": 1.0, ""input_count"": 23, ""line_counts"": {""vertical"": 1}, ""mean_manhattan"": 8.0, ""output_count"": 23, ""pair_count"": 1, ""perfect_size_match"": true, ""removed"": 1, ""removed_bbox"": ""(12, 3, 12, 3)"", ""top_delta"": ""(8, 0):1"", ""top_line_type"": ""vertical:1""}, {""added"": 2, ""added_bbox"": ""(13, 2, 15, 12)"", ""color"": 2, ""delta_counts"": {""-1,0"": 1, ""1,0"": 1}, ""dominant_delta_share"": 0.5, ""dominant_line_share"": 1.0, ""input_count"": 24, ""line_counts"": {""vertical"": 2}, ""mean_manhattan"": 1.0, ""output_count"": 24, ""pair_count"": 2, ""perfect_size_match"": true, ""removed"": 2, ""removed_bbox"": ""(12, 2, 16, 12)"", ""top_delta"": ""(1, 0):1 (-1, 0):1"", ""top_line_type"": ""vertical:2""}, {""added"": 3, ""added_bbox"": ""(7, 7, 7, 13)"", ""color"": 3, ""delta_counts"": {""-1,0"": 1, ""-12,0"": 1, ""-16,0"": 1}, ""dominant_delta_share"": 0.3333, ""dominant_line_share"": 1.0, ""input_count"": 25, ""line_counts"": {""vertical"": 3}, ""mean_manhattan"": 9.6667, ""output_count"": 25, ""pair_count"": 3, ""perfect_size_match"": true, ""removed"": 3, ""removed_bbox"": ""(8, 7, 23, 13)"", ""top_delta"": ""(-1, 0):1 (-12, 0):1 (-16, 0):1"", ""top_line_type"": ""vertical:3""}]","-1,0",vertical,111,"(6, 0, 23, 21)",True,"(6, 0, 21, 21)",0,6,"(26, 22)",arc-gen
1,"0,3:1",horizontal:1,1,1,False,"[{""added"": 1, ""added_bbox"": ""(2, 3, 2, 3)"", ""color"": 6, ""delta_counts"": {""0,3"": 1}, ""dominant_delta_share"": 1.0, ""dominant_line_share"": 1.0, ""input_count"": 18, ""line_counts"": {""horizontal"": 1}, ""mean_manhattan"": 3.0, ""output_count"": 18, ""pair_count"": 1, ""perfect_size_match"": true, ""removed"": 1, ""removed_bbox"": ""(2, 0, 2, 0)"", ""top_delta"": ""(0, 3):1"", ""top_line_type"": ""horizontal:1""}, {""added"": 0, ""added_bbox"": ""None"", ""color"": 8, ""input_count"": 2, ""output_count"": 0, ""pair_count"": 0, ""perfect_size_match"": false, ""removed"": 2, ""removed_bbox"": ""(5, 1, 11, 10)""}]","0,3",horizontal,112,"(0, 0, 16, 10)",False,"(0, 3, 16, 4)",0,3,"(17, 12)",arc-gen
1,"0,11:1",horizontal:1,2,2,True,"[{""added"": 0, ""added_bbox"": ""None"", ""color"": 1, ""input_count"": 12, ""output_count"": 12, ""pair_count"": 0, ""perfect_size_match"": true, ""removed"": 0, ""removed_bbox"": ""None""}, {""added"": 1, ""added_bbox"": ""(4, 12, 4, 12)"", ""color"": 5, ""delta_counts"": {""0,11"": 1}, ""dominant_delta_share"": 1.0, ""dominant_line_share"": 1.0, ""input_count"": 13, ""line_counts"": {""horizontal"": 1}, ""mean_manhattan"": 11.0, ""output_count"": 13, ""pair_count"": 1, ""perfect_size_match"": true, ""removed"": 1, ""removed_bbox"": ""(4, 1, 4, 1)"", ""top_delta"": ""(0, 11):1"", ""top_line_type"": ""horizontal:1""}]","0,11",horizontal,113,"(0, 1, 11, 13)",True,"(0, 6, 11, 13)",0,1,"(12, 17)",arc-gen
11,"16,0:2 10,0:1 -2,0:1 -9,0:1 -12,0:1 -16,0:1 19,0:1 12,0:1",vertical:11,4,4,False,"[{""added"": 3, ""added_bbox"": ""(25, 2, 27, 17)"", ""color"": 2, ""delta_counts"": {""-2,0"": 1, ""10,0"": 1, ""16,0"": 1}, ""dominant_delta_share"": 0.3333, ""dominant_line_share"": 1.0, ""input_count"": 26, ""line_counts"": {""vertical"": 3}, ""mean_manhattan"": 9.3333, ""output_count"": 26, ""pair_count"": 3, ""perfect_size_match"": true, ""removed"": 3, ""removed_bbox"": ""(9, 2, 29, 17)"", ""top_delta"": ""(16, 0):1 (10, 0):1 (-2, 0):1"", ""top_line_type"": ""vertical:3""}, {""added"": 0, ""added_bbox"": ""None"", ""color"": 4, ""input_count"": 2, ""output_count"": 0, ""pair_count"": 0, ""perfect_size_match"": false, ""removed"": 2, ""removed_bbox"": ""(2, 6, 17, 17)""}, {""added"": 3, ""added_bbox"": ""(6, 6, 6, 21)"", ""color"": 5, ""delta_counts"": {""-12,0"": 1, ""-16,0"": 1, ""-9,0"": 1}, ""dominant_delta_share"": 0.3333, ""dominant_line_share"": 1.0, ""input_count"": 26, ""line_counts"": {""vertical"": 3}, ""mean_manhattan"": 12.3333, ""output_count"": 26, ""pair_count"": 3, ""perfect_size_match"": true, ""removed"": 3, ""removed_bbox"": ""(15, 6, 22, 21)"", ""top_delta"": ""(-9, 0):1 (-12, 0):1 (-16, 0):1"", ""top_line_type"": ""vertical:3""}, {""added"": 4, ""added_bbox"": ""(19, 0, 19, 18)"", ""color"": 6, ""delta_counts"": {""12,0"": 1, ""16,0"": 1, ""19,0"": 1, ""8,0"": 1}, ""dominant_delta_share"": 0.25, ""dominant_line_share"": 1.0, ""input_count"": 27, ""line_counts"": {""vertical"": 4}, ""mean_manhattan"": 13.75, ""output_count"": 27, ""pair_count"": 4, ""perfect_size_match"": true, ""removed"": 4, ""removed_bbox"": ""(0, 0, 11, 18)"", ""top_delta"": ""(19, 0):1 (16, 0):1 (12, 0):1 (8, 0):1"", ""top_line_type"": ""vertical:4""}, {""added"": 1, ""added_bbox"": ""(14, 17, 14, 17)"", ""color"": 7, ""delta_counts"": {""-4,0"": 1}, ""dominant_delta_share"": 1.0, ""dominant_line_share"": 1.0, ""input_count"": 24, ""line_counts"": {""vertical"": 1}, ""mean_manhattan"": 4.0, ""output_count"": 24, ""pair_count"": 1, ""perfect_size_match"": true, ""removed"": 1, ""removed_bbox"": ""(18, 17, 18, 17)"", ""top_delta"": ""(-4, 0):1"", ""top_line_type"": ""vertical:1""}]","16,0",vertical,114,"(0, 0, 29, 22)",False,"(5, 0, 27, 22)",0,13,"(30, 23)",arc-gen
3,"0,5:1 0,-3:1 0,2:1",horizontal:3,2,2,False,"[{""added"": 2, ""added_bbox"": ""(2, 5, 11, 7)"", ""color"": 4, ""delta_counts"": {""0,-3"": 1, ""0,5"": 1}, ""dominant_delta_share"": 0.5, ""dominant_line_share"": 1.0, ""input_count"": 15, ""line_counts"": {""horizontal"": 2}, ""mean_manhattan"": 4.0, ""output_count"": 15, ""pair_count"": 2, ""perfect_size_match"": true, ""removed"": 2, ""removed_bbox"": ""(2, 0, 11, 10)"", ""top_delta"": ""(0, 5):1 (0, -3):1"", ""top_line_type"": ""horizontal:2""}, {""added"": 1, ""added_bbox"": ""(9, 12, 9, 12)"", ""color"": 5, ""delta_counts"": {""0,2"": 1}, ""dominant_delta_share"": 1.0, ""dominant_line_share"": 1.0, ""input_count"": 14, ""line_counts"": {""horizontal"": 1}, ""mean_manhattan"": 2.0, ""output_count"": 14, ""pair_count"": 1, ""perfect_size_match"": true, ""removed"": 1, ""removed_bbox"": ""(9, 10, 9, 10)"", ""top_delta"": ""(0, 2):1"", ""top_line_type"": ""horizontal:1""}, {""added"": 0, ""added_bbox"": ""None"", ""color"": 8, ""input_count"": 2, ""output_count"": 0, ""pair_count"": 0, ""perfect_size_match"": false, ""removed"": 2, ""removed_bbox"": ""(1, 17, 7, 17)""}]","0,5",horizontal,115,"(0, 0, 12, 17)",False,"(0, 5, 12, 13)",0,5,"(13, 19)",arc-gen
9,"0,5:2 0,1:1 0,18:1 0,12:1 0,-5:1 0,-18:1 0,26:1 0,21:1",horizontal:9,4,4,False,"[{""added"": 4, ""added_bbox"": ""(5, 20, 13, 20)"", ""color"": 1, ""delta_counts"": {""0,1"": 1, ""0,18"": 1, ""0,5"": 2}, ""dominant_delta_share"": 0.5, ""dominant_line_share"": 1.0, ""input_count"": 33, ""line_counts"": {""horizontal"": 4}, ""mean_manhattan"": 7.25, ""output_count"": 33, ""pair_count"": 4, ""perfect_size_match"": true, ""removed"": 4, ""removed_bbox"": ""(5, 2, 13, 19)"", ""top_delta"": ""(0, 5):2 (0, 1):1 (0, 18):1"", ""top_line_type"": ""horizontal:4""}, {""added"": 0, ""added_bbox"": ""None"", ""color"": 2, ""input_count"": 2, ""output_count"": 0, ""pair_count"": 0, ""perfect_size_match"": false, ""removed"": 2, ""removed_bbox"": ""(10, 2, 12, 27)""}, {""added"": 1, ""added_bbox"": ""(3, 12, 3, 12)"", ""color"": 5, ""delta_counts"": {""0,12"": 1}, ""dominant_delta_share"": 1.0, ""dominant_line_share"": 1.0, ""input_count"": 30, ""line_counts"": {""horizontal"": 1}, ""mean_manhattan"": 12.0, ""output_count"": 30, ""pair_count"": 1, ""perfect_size_match"": true, ""removed"": 1, ""removed_bbox"": ""(3, 0, 3, 0)"", ""top_delta"": ""(0, 12):1"", ""top_line_type"": ""horizontal:1""}, {""added"": 2, ""added_bbox"": ""(0, 6, 17, 6)"", ""color"": 7, ""delta_counts"": {""0,-18"": 1, ""0,-5"": 1}, ""dominant_delta_share"": 0.5, ""dominant_line_share"": 1.0, ""input_count"": 31, ""line_counts"": {""horizontal"": 2}, ""mean_manhattan"": 11.5, ""output_count"": 31, ""pair_count"": 2, ""perfect_size_match"": true, ""removed"": 2, ""removed_bbox"": ""(0, 11, 17, 24)"", ""top_delta"": ""(0, -5):1 (0, -18):1"", ""top_line_type"": ""horizontal:2""}, {""added"": 2, ""added_bbox"": ""(10, 28, 11, 28)"", ""color"": 9, ""delta_counts"": {""0,21"": 1, ""0,26"": 1}, ""dominant_delta_share"": 0.5, ""dominant_line_share"": 1.0, ""input_count"": 31, ""line_counts"": {""horizontal"": 2}, ""mean_manhattan"": 23.5, ""output_count"": 31, ""pair_count"": 2, ""perfect_size_match"": true, ""removed"": 2, ""removed_bbox"": ""(10, 2, 11, 7)"", ""top_delta"": ""(0, 26):1 (0, 21):1"", ""top_line_type"": ""horizontal:2""}]","0,5",horizontal,116,"(0, 0, 28, 29)",False,"(0, 5, 28, 29)",0,11,"(29, 30)",arc-gen
6,"20,0:1 3,0:1 -5,0:1 -10,0:1 2,0:1 -1,0:1",vertical:6,3,3,True,"[{""added"": 1, ""added_bbox"": ""(21, 11, 21, 11)"", ""color"": 1, ""delta_counts"": {""20,0"": 1}, ""dominant_delta_share"": 1.0, ""dominant_line_share"": 1.0, ""input_count"": 30, ""line_counts"": {""vertical"": 1}, ""mean_manhattan"": 20.0, ""output_count"": 30, ""pair_count"": 1, ""perfect_size_match"": true, ""removed"": 1, ""removed_bbox"": ""(1, 11, 1, 11)"", ""top_delta"": ""(20, 0):1"", ""top_line_type"": ""vertical:1""}, {""added"": 3, ""added_bbox"": ""(3, 3, 5, 28)"", ""color"": 4, ""delta_counts"": {""-10,0"": 1, ""-5,0"": 1, ""3,0"": 1}, ""dominant_delta_share"": 0.3333, ""dominant_line_share"": 1.0, ""input_count"": 32, ""line_counts"": {""vertical"": 3}, ""mean_manhattan"": 6.0, ""output_count"": 32, ""pair_count"": 3, ""perfect_size_match"": true, ""removed"": 3, ""removed_bbox"": ""(0, 3, 15, 28)"", ""top_delta"": ""(3, 0):1 (-5, 0):1 (-10, 0):1"", ""top_line_type"": ""vertical:3""}, {""added"": 2, ""added_bbox"": ""(12, 14, 14, 24)"", ""color"": 8, ""delta_counts"": {""-1,0"": 1, ""2,0"": 1}, ""dominant_delta_share"": 0.5, ""dominant_line_share"": 1.0, ""input_count"": 31, ""line_counts"": {""vertical"": 2}, ""mean_manhattan"": 1.5, ""output_count"": 31, ""pair_count"": 2, ""perfect_size_match"": true, ""removed"": 2, ""removed_bbox"": ""(10, 14, 15, 24)"", ""top_delta"": ""(2, 0):1 (-1, 0):1"", ""top_line_type"": ""vertical:2""}]","20,0",vertical,117,"(0, 0, 22, 28)",True,"(3, 0, 22, 28)",0,6,"(24, 29)",arc-gen
2,"-2,0:1 -7,0:1",vertical:2,3,3,True,"[{""added"": 2, ""added_bbox"": ""(4, 9, 4, 11)"", ""color"": 1, ""delta_counts"": {""-2,0"": 1, ""-7,0"": 1}, ""dominant_delta_share"": 0.5, ""dominant_line_share"": 1.0, ""input_count"": 17, ""line_counts"": {""vertical"": 2}, ""mean_manhattan"": 4.5, ""output_count"": 17, ""pair_count"": 2, ""perfect_size_match"": true, ""removed"": 2, ""removed_bbox"": ""(6, 9, 11, 11)"", ""top_delta"": ""(-2, 0):1 (-7, 0):1"", ""top_line_type"": ""vertical:2""}, {""added"": 0, ""added_bbox"": ""None"", ""color"": 5, ""input_count"": 15, ""output_count"": 15, ""pair_count"": 0, ""perfect_size_match"": true, ""removed"": 0, ""removed_bbox"": ""None""}, {""added"": 0, ""added_bbox"": ""None"", ""color"": 6, ""input_count"": 15, ""output_count"": 15, ""pair_count"": 0, ""perfect_size_match"": true, ""removed"": 0, ""removed_bbox"": ""None""}]","-2,0",vertical,118,"(3, 0, 16, 14)",True,"(3, 0, 16, 14)",0,2,"(17, 15)",arc-gen
4,"-1,0:3 -2,0:1",vertical:4,3,3,False,"[{""added"": 0, ""added_bbox"": ""None"", ""color"": 1, ""input_count"": 2, ""output_count"": 0, ""pair_count"": 0, ""perfect_size_match"": false, ""removed"": 2, ""removed_bbox"": ""(5, 6, 17, 16)""}, {""added"": 1, ""added_bbox"": ""(4, 10, 4, 10)"", ""color"": 3, ""delta_counts"": {""-2,0"": 1}, ""dominant_delta_share"": 1.0, ""dominant_line_share"": 1.0, ""input_count"": 19, ""line_counts"": {""vertical"": 1}, ""mean_manhattan"": 2.0, ""output_count"": 19, ""pair_count"": 1, ""perfect_size_match"": true, ""removed"": 1, ""removed_bbox"": ""(6, 10, 6, 10)"", ""top_delta"": ""(-2, 0):1"", ""top_line_type"": ""vertical:1""}, {""added"": 1, ""added_bbox"": ""(12, 3, 12, 3)"", ""color"": 4, ""delta_counts"": {""-1,0"": 1}, ""dominant_delta_share"": 1.0, ""dominant_line_share"": 1.0, ""input_count"": 19, ""line_counts"": {""vertical"": 1}, ""mean_manhattan"": 1.0, ""output_count"": 19, ""pair_count"": 1, ""perfect_size_match"": true, ""removed"": 1, ""removed_bbox"": ""(13, 3, 13, 3)"", ""top_delta"": ""(-1, 0):1"", ""top_line_type"": ""vertical:1""}, {""added"": 2, ""added_bbox"": ""(21, 6, 21, 15)"", ""color"": 5, ""delta_counts"": {""-1,0"": 2}, ""dominant_delta_share"": 1.0, ""dominant_line_share"": 1.0, ""input_count"": 20, ""line_counts"": {""vertical"": 2}, ""mean_manhattan"": 1.0, ""output_count"": 20, ""pair_count"": 2, ""perfect_size_match"": true, ""removed"": 2, ""removed_bbox"": ""(22, 6, 22, 15)"", ""top_delta"": ""(-1, 0):2"", ""top_line_type"": ""vertical:2""}]","-1,0",vertical,119,"(3, 0, 22, 17)",False,"(3, 0, 21, 17)",0,6,"(28, 18)",arc-gen
3,"0,6:1 0,-2:1 0,1:1",horizontal:3,3,3,True,"[{""added"": 1, ""added_bbox"": ""(19, 21, 19, 21)"", ""color"": 2, ""delta_counts"": {""0,6"": 1}, ""dominant_delta_share"": 1.0, ""dominant_line_share"": 1.0, ""input_count"": 24, ""line_counts"": {""horizontal"": 1}, ""mean_manhattan"": 6.0, ""output_count"": 24, ""pair_count"": 1, ""perfect_size_match"": true, ""removed"": 1, ""removed_bbox"": ""(19, 15, 19, 15)"", ""top_delta"": ""(0, 6):1"", ""top_line_type"": ""horizontal:1""}, {""added"": 1, ""added_bbox"": ""(17, 14, 17, 14)"", ""color"": 4, ""delta_counts"": {""0,-2"": 1}, ""dominant_delta_share"": 1.0, ""dominant_line_share"": 1.0, ""input_count"": 24, ""line_counts"": {""horizontal"": 1}, ""mean_manhattan"": 2.0, ""output_count"": 24, ""pair_count"": 1, ""perfect_size_match"": true, ""removed"": 1, ""removed_bbox"": ""(17, 16, 17, 16)"", ""top_delta"": ""(0, -2):1"", ""top_line_type"": ""horizontal:1""}, {""added"": 1, ""added_bbox"": ""(10, 3, 10, 3)"", ""color"": 7, ""delta_counts"": {""0,1"": 1}, ""dominant_delta_share"": 1.0, ""dominant_line_share"": 1.0, ""input_count"": 24, ""line_counts"": {""horizontal"": 1}, ""mean_manhattan"": 1.0, ""output_count"": 24, ""pair_count"": 1, ""perfect_size_match"": true, ""removed"": 1, ""removed_bbox"": ""(10, 2, 10, 2)"", ""top_delta"": ""(0, 1):1"", ""top_line_type"": ""horizontal:1""}]","0,6",horizontal,120,"(0, 2, 22, 22)",True,"(0, 3, 22, 22)",0,3,"(23, 25)",arc-gen
8,"0,-4:1 0,10:1 0,-2:1 0,-12:1 0,11:1 0,19:1 0,13:1 0,1:1",horizontal:8,3,3,True,"[{""added"": 3, ""added_bbox"": ""(15, 11, 24, 13)"", ""color"": 3, ""delta_counts"": {""0,-2"": 1, ""0,-4"": 1, ""0,10"": 1}, ""dominant_delta_share"": 0.3333, ""dominant_line_share"": 1.0, ""input_count"": 31, ""line_counts"": {""horizontal"": 3}, ""mean_manhattan"": 5.3333, ""output_count"": 31, ""pair_count"": 3, ""perfect_size_match"": true, ""removed"": 3, ""removed_bbox"": ""(15, 1, 24, 17)"", ""top_delta"": ""(0, -4):1 (0, 10):1 (0, -2):1"", ""top_line_type"": ""horizontal:3""}, {""added"": 1, ""added_bbox"": ""(12, 4, 12, 4)"", ""color"": 5, ""delta_counts"": {""0,-12"": 1}, ""dominant_delta_share"": 1.0, ""dominant_line_share"": 1.0, ""input_count"": 29, ""line_counts"": {""horizontal"": 1}, ""mean_manhattan"": 12.0, ""output_count"": 29, ""pair_count"": 1, ""perfect_size_match"": true, ""removed"": 1, ""removed_bbox"": ""(12, 16, 12, 16)"", ""top_delta"": ""(0, -12):1"", ""top_line_type"": ""horizontal:1""}, {""added"": 4, ""added_bbox"": ""(12, 19, 22, 19)"", ""color"": 8, ""delta_counts"": {""0,1"": 1, ""0,11"": 1, ""0,13"": 1, ""0,19"": 1}, ""dominant_delta_share"": 0.25, ""dominant_line_share"": 1.0, ""input_count"": 32, ""line_counts"": {""horizontal"": 4}, ""mean_manhattan"": 11.0, ""output_count"": 32, ""pair_count"": 4, ""perfect_size_match"": true, ""removed"": 4, ""removed_bbox"": ""(12, 0, 22, 18)"", ""top_delta"": ""(0, 11):1 (0, 19):1 (0, 13):1 (0, 1):1"", ""top_line_type"": ""horizontal:4""}]","0,-4",horizontal,121,"(0, 0, 27, 20)",True,"(0, 3, 27, 20)",0,8,"(28, 24)",arc-gen
6,"13,0:1 5,0:1 1,0:1 -1,0:1 -2,0:1 -3,0:1",vertical:6,2,2,True,"[{""added"": 3, ""added_bbox"": ""(13, 5, 13, 17)"", ""color"": 1, ""delta_counts"": {""1,0"": 1, ""13,0"": 1, ""5,0"": 1}, ""dominant_delta_share"": 0.3333, ""dominant_line_share"": 1.0, ""input_count"": 25, ""line_counts"": {""vertical"": 3}, ""mean_manhattan"": 6.3333, ""output_count"": 25, ""pair_count"": 3, ""perfect_size_match"": true, ""removed"": 3, ""removed_bbox"": ""(0, 5, 12, 17)"", ""top_delta"": ""(13, 0):1 (5, 0):1 (1, 0):1"", ""top_line_type"": ""vertical:3""}, {""added"": 3, ""added_bbox"": ""(7, 10, 7, 19)"", ""color"": 5, ""delta_counts"": {""-1,0"": 1, ""-2,0"": 1, ""-3,0"": 1}, ""dominant_delta_share"": 0.3333, ""dominant_line_share"": 1.0, ""input_count"": 25, ""line_counts"": {""vertical"": 3}, ""mean_manhattan"": 2.0, ""output_count"": 25, ""pair_count"": 3, ""perfect_size_match"": true, ""removed"": 3, ""removed_bbox"": ""(8, 10, 10, 19)"", ""top_delta"": ""(-1, 0):1 (-2, 0):1 (-3, 0):1"", ""top_line_type"": ""vertical:3""}]","13,0",vertical,122,"(0, 0, 14, 21)",True,"(6, 0, 14, 21)",0,6,"(17, 22)",arc-gen
1,"5,0:1",vertical:1,2,2,False,"[{""added"": 0, ""added_bbox"": ""None"", ""color"": 1, ""input_count"": 23, ""output_count"": 23, ""pair_count"": 0, ""perfect_size_match"": true, ""removed"": 0, ""removed_bbox"": ""None""}, {""added"": 1, ""added_bbox"": ""(13, 12, 13, 12)"", ""color"": 7, ""delta_counts"": {""5,0"": 1}, ""dominant_delta_share"": 1.0, ""dominant_line_share"": 1.0, ""input_count"": 24, ""line_counts"": {""vertical"": 1}, ""mean_manhattan"": 5.0, ""output_count"": 24, ""pair_count"": 1, ""perfect_size_match"": true, ""removed"": 1, ""removed_bbox"": ""(8, 12, 8, 12)"", ""top_delta"": ""(5, 0):1"", ""top_line_type"": ""vertical:1""}, {""added"": 0, ""added_bbox"": ""None"", ""color"": 9, ""input_count"": 1, ""output_count"": 0, ""pair_count"": 0, ""perfect_size_match"": false, ""removed"": 1, ""removed_bbox"": ""(11, 19, 11, 19)""}]","5,0",vertical,123,"(6, 0, 14, 22)",False,"(6, 0, 14, 22)",0,2,"(17, 23)",arc-gen
6,"-1,0:1 3,0:1 -3,0:1 -7,0:1 -15,0:1 1,0:1",vertical:6,3,3,False,"[{""added"": 1, ""added_bbox"": ""(12, 6, 12, 6)"", ""color"": 3, ""delta_counts"": {""-1,0"": 1}, ""dominant_delta_share"": 1.0, ""dominant_line_share"": 1.0, ""input_count"": 15, ""line_counts"": {""vertical"": 1}, ""mean_manhattan"": 1.0, ""output_count"": 15, ""pair_count"": 1, ""perfect_size_match"": true, ""removed"": 1, ""removed_bbox"": ""(13, 6, 13, 6)"", ""top_delta"": ""(-1, 0):1"", ""top_line_type"": ""vertical:1""}, {""added"": 4, ""added_bbox"": ""(4, 3, 6, 13)"", ""color"": 5, ""delta_counts"": {""-15,0"": 1, ""-3,0"": 1, ""-7,0"": 1, ""3,0"": 1}, ""dominant_delta_share"": 0.25, ""dominant_line_share"": 1.0, ""input_count"": 18, ""line_counts"": {""vertical"": 4}, ""mean_manhattan"": 7.0, ""output_count"": 18, ""pair_count"": 4, ""perfect_size_match"": true, ""removed"": 4, ""removed_bbox"": ""(1, 3, 21, 13)"", ""top_delta"": ""(3, 0):1 (-3, 0):1 (-7, 0):1 (-15, 0):1"", ""top_line_type"": ""vertical:4""}, {""added"": 0, ""added_bbox"": ""None"", ""color"": 7, ""input_count"": 2, ""output_count"": 0, ""pair_count"": 0, ""perfect_size_match"": false, ""removed"": 2, ""removed_bbox"": ""(8, 2, 8, 4)""}, {""added"": 1, ""added_bbox"": ""(17, 3, 17, 3)"", ""color"": 9, ""delta_counts"": {""1,0"": 1}, ""dominant_delta_share"": 1.0, ""dominant_line_share"": 1.0, ""input_count"": 15, ""line_counts"": {""vertical"": 1}, ""mean_manhattan"": 1.0, ""output_count"": 15, ""pair_count"": 1, ""perfect_size_match"": true, ""removed"": 1, ""removed_bbox"": ""(16, 3, 16, 3)"", ""top_delta"": ""(1, 0):1"", ""top_line_type"": ""vertical:1""}]","-1,0",vertical,124,"(1, 0, 21, 13)",False,"(4, 0, 18, 13)",0,8,"(24, 14)",arc-gen
4,"4,0:1 -3,0:1 3,0:1 10,0:1",vertical:4,4,4,True,"[{""added"": 1, ""added_bbox"": ""(18, 11, 18, 11)"", ""color"": 2, ""delta_counts"": {""4,0"": 1}, ""dominant_delta_share"": 1.0, ""dominant_line_share"": 1.0, ""input_count"": 13, ""line_counts"": {""vertical"": 1}, ""mean_manhattan"": 4.0, ""output_count"": 13, ""pair_count"": 1, ""perfect_size_match"": true, ""removed"": 1, ""removed_bbox"": ""(14, 11, 14, 11)"", ""top_delta"": ""(4, 0):1"", ""top_line_type"": ""vertical:1""}, {""added"": 1, ""added_bbox"": ""(6, 2, 6, 2)"", ""color"": 5, ""delta_counts"": {""-3,0"": 1}, ""dominant_delta_share"": 1.0, ""dominant_line_share"": 1.0, ""input_count"": 13, ""line_counts"": {""vertical"": 1}, ""mean_manhattan"": 3.0, ""output_count"": 13, ""pair_count"": 1, ""perfect_size_match"": true, ""removed"": 1, ""removed_bbox"": ""(9, 2, 9, 2)"", ""top_delta"": ""(-3, 0):1"", ""top_line_type"": ""vertical:1""}, {""added"": 1, ""added_bbox"": ""(24, 11, 24, 11)"", ""color"": 7, ""delta_counts"": {""3,0"": 1}, ""dominant_delta_share"": 1.0, ""dominant_line_share"": 1.0, ""input_count"": 13, ""line_counts"": {""vertical"": 1}, ""mean_manhattan"": 3.0, ""output_count"": 13, ""pair_count"": 1, ""perfect_size_match"": true, ""removed"": 1, ""removed_bbox"": ""(21, 11, 21, 11)"", ""top_delta"": ""(3, 0):1"", ""top_line_type"": ""vertical:1""}, {""added"": 1, ""added_bbox"": ""(11, 9, 11, 9)"", ""color"": 9, ""delta_counts"": {""10,0"": 1}, ""dominant_delta_share"": 1.0, ""dominant_line_share"": 1.0, ""input_count"": 13, ""line_counts"": {""vertical"": 1}, ""mean_manhattan"": 10.0, ""output_count"": 13, ""pair_count"": 1, ""perfect_size_match"": true, ""removed"": 1, ""removed_bbox"": ""(1, 9, 1, 9)"", ""top_delta"": ""(10, 0):1"", ""top_line_type"": ""vertical:1""}]","4,0",vertical,125,"(1, 0, 25, 11)",True,"(5, 0, 25, 11)",0,4,"(29, 12)",arc-gen
8,"0,17:1 0,16:1 0,-5:1 0,2:1 0,5:1 0,11:1 0,-2:1 0,-1:1",horizontal:8,3,3,False,"[{""added"": 2, ""added_bbox"": ""(9, 18, 21, 18)"", ""color"": 3, ""delta_counts"": {""0,16"": 1, ""0,17"": 1}, ""dominant_delta_share"": 0.5, ""dominant_line_share"": 1.0, ""input_count"": 31, ""line_counts"": {""horizontal"": 2}, ""mean_manhattan"": 16.5, ""output_count"": 31, ""pair_count"": 2, ""perfect_size_match"": true, ""removed"": 2, ""removed_bbox"": ""(9, 1, 21, 2)"", ""top_delta"": ""(0, 17):1 (0, 16):1"", ""top_line_type"": ""horizontal:2""}, {""added"": 0, ""added_bbox"": ""None"", ""color"": 4, ""input_count"": 4, ""output_count"": 0, ""pair_count"": 0, ""perfect_size_match"": false, ""removed"": 4, ""removed_bbox"": ""(1, 7, 20, 22)""}, {""added"": 1, ""added_bbox"": ""(23, 6, 23, 6)"", ""color"": 7, ""delta_counts"": {""0,-5"": 1}, ""dominant_delta_share"": 1.0, ""dominant_line_share"": 1.0, ""input_count"": 30, ""line_counts"": {""horizontal"": 1}, ""mean_manhattan"": 5.0, ""output_count"": 30, ""pair_count"": 1, ""perfect_size_match"": true, ""removed"": 1, ""removed_bbox"": ""(23, 11, 23, 11)"", ""top_delta"": ""(0, -5):1"", ""top_line_type"": ""horizontal:1""}, {""added"": 5, ""added_bbox"": ""(8, 12, 28, 14)"", ""color"": 9, ""delta_counts"": {""0,-1"": 1, ""0,-2"": 1, ""0,11"": 1, ""0,2"": 1, ""0,5"": 1}, ""dominant_delta_share"": 0.2, ""dominant_line_share"": 1.0, ""input_count"": 34, ""line_counts"": {""horizontal"": 5}, ""mean_manhattan"": 4.2, ""output_count"": 34, ""pair_count"": 5, ""perfect_size_match"": true, ""removed"": 5, ""removed_bbox"": ""(8, 1, 28, 16)"", ""top_delta"": ""(0, 2):1 (0, 5):1 (0, 11):1 (0, -2):1 (0, -1):1"", ""top_line_type"": ""horizontal:5""}]","0,17",horizontal,126,"(0, 1, 28, 22)",False,"(0, 5, 28, 19)",0,12,"(29, 24)",arc-gen
4,"0,3:1 0,1:1 0,-13:1 0,-3:1",horizontal:4,3,3,False,"[{""added"": 2, ""added_bbox"": ""(7, 9, 25, 9)"", ""color"": 2, ""delta_counts"": {""0,1"": 1, ""0,3"": 1}, ""dominant_delta_share"": 0.5, ""dominant_line_share"": 1.0, ""input_count"": 28, ""line_counts"": {""horizontal"": 2}, ""mean_manhattan"": 2.0, ""output_count"": 28, ""pair_count"": 2, ""perfect_size_match"": true, ""removed"": 2, ""removed_bbox"": ""(7, 6, 25, 8)"", ""top_delta"": ""(0, 3):1 (0, 1):1"", ""top_line_type"": ""horizontal:2""}, {""added"": 2, ""added_bbox"": ""(11, 4, 15, 4)"", ""color"": 3, ""delta_counts"": {""0,-13"": 1, ""0,-3"": 1}, ""dominant_delta_share"": 0.5, ""dominant_line_share"": 1.0, ""input_count"": 28, ""line_counts"": {""horizontal"": 2}, ""mean_manhattan"": 8.0, ""output_count"": 28, ""pair_count"": 2, ""perfect_size_match"": true, ""removed"": 2, ""removed_bbox"": ""(11, 7, 15, 17)"", ""top_delta"": ""(0, -13):1 (0, -3):1"", ""top_line_type"": ""horizontal:2""}, {""added"": 0, ""added_bbox"": ""None"", ""color"": 7, ""input_count"": 1, ""output_count"": 0, ""pair_count"": 0, ""perfect_size_match"": false, ""removed"": 1, ""removed_bbox"": ""(6, 7, 6, 7)""}, {""added"": 0, ""added_bbox"": ""None"", ""color"": 9, ""input_count"": 26, ""output_count"": 26, ""pair_count"": 0, ""perfect_size_match"": true, ""removed"": 0, ""removed_bbox"": ""None""}]","0,3",horizontal,127,"(0, 3, 25, 19)",False,"(0, 3, 25, 19)",0,5,"(26, 21)",arc-gen
5,"3,0:1 9,0:1 2,0:1 -10,0:1 -20,0:1",vertical:5,3,3,False,"[{""added"": 1, ""added_bbox"": ""(11, 17, 11, 17)"", ""color"": 1, ""delta_counts"": {""3,0"": 1}, ""dominant_delta_share"": 1.0, ""dominant_line_share"": 1.0, ""input_count"": 20, ""line_counts"": {""vertical"": 1}, ""mean_manhattan"": 3.0, ""output_count"": 20, ""pair_count"": 1, ""perfect_size_match"": true, ""removed"": 1, ""removed_bbox"": ""(8, 17, 8, 17)"", ""top_delta"": ""(3, 0):1"", ""top_line_type"": ""vertical:1""}, {""added"": 0, ""added_bbox"": ""None"", ""color"": 3, ""input_count"": 2, ""output_count"": 0, ""pair_count"": 0, ""perfect_size_match"": false, ""removed"": 2, ""removed_bbox"": ""(0, 3, 16, 9)""}, {""added"": 2, ""added_bbox"": ""(19, 1, 19, 12)"", ""color"": 4, ""delta_counts"": {""2,0"": 1, ""9,0"": 1}, ""dominant_delta_share"": 0.5, ""dominant_line_share"": 1.0, ""input_count"": 21, ""line_counts"": {""vertical"": 2}, ""mean_manhattan"": 5.5, ""output_count"": 21, ""pair_count"": 2, ""perfect_size_match"": true, ""removed"": 2, ""removed_bbox"": ""(10, 1, 17, 12)"", ""top_delta"": ""(9, 0):1 (2, 0):1"", ""top_line_type"": ""vertical:2""}, {""added"": 2, ""added_bbox"": ""(6, 5, 6, 6)"", ""color"": 8, ""delta_counts"": {""-10,0"": 1, ""-20,0"": 1}, ""dominant_delta_share"": 0.5, ""dominant_line_share"": 1.0, ""input_count"": 21, ""line_counts"": {""vertical"": 2}, ""mean_manhattan"": 15.0, ""output_count"": 21, ""pair_count"": 2, ""perfect_size_match"": true, ""removed"": 2, ""removed_bbox"": ""(16, 5, 26, 6)"", ""top_delta"": ""(-10, 0):1 (-20, 0):1"", ""top_line_type"": ""vertical:2""}]","3,0",vertical,128,"(0, 0, 26, 18)",False,"(5, 0, 20, 18)",0,7,"(27, 19)",arc-gen
3,"-3,0:1 10,0:1 3,0:1",vertical:3,2,2,False,"[{""added"": 0, ""added_bbox"": ""None"", ""color"": 2, ""input_count"": 2, ""output_count"": 0, ""pair_count"": 0, ""perfect_size_match"": false, ""removed"": 2, ""removed_bbox"": ""(0, 7, 7, 9)""}, {""added"": 1, ""added_bbox"": ""(5, 9, 5, 9)"", ""color"": 5, ""delta_counts"": {""-3,0"": 1}, ""dominant_delta_share"": 1.0, ""dominant_line_share"": 1.0, ""input_count"": 13, ""line_counts"": {""vertical"": 1}, ""mean_manhattan"": 3.0, ""output_count"": 13, ""pair_count"": 1, ""perfect_size_match"": true, ""removed"": 1, ""removed_bbox"": ""(8, 9, 8, 9)"", ""top_delta"": ""(-3, 0):1"", ""top_line_type"": ""vertical:1""}, {""added"": 2, ""added_bbox"": ""(10, 8, 10, 9)"", ""color"": 8, ""delta_counts"": {""10,0"": 1, ""3,0"": 1}, ""dominant_delta_share"": 0.5, ""dominant_line_share"": 1.0, ""input_count"": 14, ""line_counts"": {""vertical"": 2}, ""mean_manhattan"": 6.5, ""output_count"": 14, ""pair_count"": 2, ""perfect_size_match"": true, ""removed"": 2, ""removed_bbox"": ""(0, 8, 7, 9)"", ""top_delta"": ""(10, 0):1 (3, 0):1"", ""top_line_type"": ""vertical:2""}]","-3,0",vertical,129,"(0, 0, 11, 11)",False,"(4, 0, 11, 11)",0,5,"(15, 12)",arc-gen
11,"0,-2:2 0,9:1 0,-13:1 0,-4:1 0,-1:1 0,16:1 0,-5:1 0,17:1",horizontal:11,3,3,False,"[{""added"": 6, ""added_bbox"": ""(3, 9, 21, 11)"", ""color"": 2, ""delta_counts"": {""0,-1"": 1, ""0,-13"": 1, ""0,-2"": 2, ""0,-4"": 1, ""0,9"": 1}, ""dominant_delta_share"": 0.3333, ""dominant_line_share"": 1.0, ""input_count"": 33, ""line_counts"": {""horizontal"": 6}, ""mean_manhattan"": 5.1667, ""output_count"": 33, ""pair_count"": 6, ""perfect_size_match"": true, ""removed"": 6, ""removed_bbox"": ""(3, 0, 21, 24)"", ""top_delta"": ""(0, -2):2 (0, 9):1 (0, -13):1 (0, -4):1 (0, -1):1"", ""top_line_type"": ""horizontal:6""}, {""added"": 0, ""added_bbox"": ""None"", ""color"": 5, ""input_count"": 4, ""output_count"": 0, ""pair_count"": 0, ""perfect_size_match"": false, ""removed"": 4, ""removed_bbox"": ""(1, 6, 22, 23)""}, {""added"": 4, ""added_bbox"": ""(2, 18, 20, 20)"", ""color"": 7, ""delta_counts"": {""0,-5"": 1, ""0,11"": 1, ""0,16"": 1, ""0,17"": 1}, ""dominant_delta_share"": 0.25, ""dominant_line_share"": 1.0, ""input_count"": 31, ""line_counts"": {""horizontal"": 4}, ""mean_manhattan"": 12.25, ""output_count"": 31, ""pair_count"": 4, ""perfect_size_match"": true, ""removed"": 4, ""removed_bbox"": ""(2, 1, 20, 25)"", ""top_delta"": ""(0, 16):1 (0, -5):1 (0, 17):1 (0, 11):1"", ""top_line_type"": ""horizontal:4""}, {""added"": 1, ""added_bbox"": ""(12, 5, 12, 5)"", ""color"": 9, ""delta_counts"": {""0,-18"": 1}, ""dominant_delta_share"": 1.0, ""dominant_line_share"": 1.0, ""input_count"": 28, ""line_counts"": {""horizontal"": 1}, ""mean_manhattan"": 18.0, ""output_count"": 28, ""pair_count"": 1, ""perfect_size_match"": true, ""removed"": 1, ""removed_bbox"": ""(12, 23, 12, 23)"", ""top_delta"": ""(0, -18):1"", ""top_line_type"": ""horizontal:1""}]","0,-2",horizontal,130,"(0, 0, 26, 25)",False,"(0, 4, 26, 20)",0,15,"(27, 26)",arc-gen
1,"0,1:1",horizontal:1,1,1,False,"[{""added"": 0, ""added_bbox"": ""None"", ""color"": 3, ""input_count"": 2, ""output_count"": 0, ""pair_count"": 0, ""perfect_size_match"": false, ""removed"": 2, ""removed_bbox"": ""(13, 2, 18, 11)""}, {""added"": 1, ""added_bbox"": ""(15, 5, 15, 5)"", ""color"": 8, ""delta_counts"": {""0,1"": 1}, ""dominant_delta_share"": 1.0, ""dominant_line_share"": 1.0, ""input_count"": 20, ""line_counts"": {""horizontal"": 1}, ""mean_manhattan"": 1.0, ""output_count"": 20, ""pair_count"": 1, ""perfect_size_match"": true, ""removed"": 1, ""removed_bbox"": ""(15, 4, 15, 4)"", ""top_delta"": ""(0, 1):1"", ""top_line_type"": ""horizontal:1""}]","0,1",horizontal,131,"(0, 2, 18, 11)",False,"(0, 5, 18, 6)",0,3,"(19, 12)",arc-gen
3,"5,0:1 -17,0:1 1,0:1",vertical:3,3,3,True,"[{""added"": 0, ""added_bbox"": ""None"", ""color"": 6, ""input_count"": 18, ""output_count"": 18, ""pair_count"": 0, ""perfect_size_match"": true, ""removed"": 0, ""removed_bbox"": ""None""}, {""added"": 2, ""added_bbox"": ""(5, 15, 7, 16)"", ""color"": 8, ""delta_counts"": {""-17,0"": 1, ""5,0"": 1}, ""dominant_delta_share"": 0.5, ""dominant_line_share"": 1.0, ""input_count"": 20, ""line_counts"": {""vertical"": 2}, ""mean_manhattan"": 11.0, ""output_count"": 20, ""pair_count"": 2, ""perfect_size_match"": true, ""removed"": 2, ""removed_bbox"": ""(0, 15, 24, 16)"", ""top_delta"": ""(5, 0):1 (-17, 0):1"", ""top_line_type"": ""vertical:2""}, {""added"": 1, ""added_bbox"": ""(11, 0, 11, 0)"", ""color"": 9, ""delta_counts"": {""1,0"": 1}, ""dominant_delta_share"": 1.0, ""dominant_line_share"": 1.0, ""input_count"": 19, ""line_counts"": {""vertical"": 1}, ""mean_manhattan"": 1.0, ""output_count"": 19, ""pair_count"": 1, ""perfect_size_match"": true, ""removed"": 1, ""removed_bbox"": ""(10, 0, 10, 0)"", ""top_delta"": ""(1, 0):1"", ""top_line_type"": ""vertical:1""}]","5,0",vertical,132,"(0, 0, 24, 17)",True,"(5, 0, 19, 17)",0,3,"(25, 18)",arc-gen
10,"0,10:2 0,3:2 0,-2:1 0,8:1 0,-9:1 0,1:1 0,7:1 0,2:1",horizontal:10,3,3,False,"[{""added"": 5, ""added_bbox"": ""(5, 17, 23, 19)"", ""color"": 2, ""delta_counts"": {""0,-2"": 1, ""0,10"": 2, ""0,3"": 1, ""0,8"": 1}, ""dominant_delta_share"": 0.4, ""dominant_line_share"": 1.0, ""input_count"": 29, ""line_counts"": {""horizontal"": 5}, ""mean_manhattan"": 6.6, ""output_count"": 29, ""pair_count"": 5, ""perfect_size_match"": true, ""removed"": 5, ""removed_bbox"": ""(5, 7, 23, 21)"", ""top_delta"": ""(0, 10):2 (0, -2):1 (0, 8):1 (0, 3):1"", ""top_line_type"": ""horizontal:5""}, {""added"": 2, ""added_bbox"": ""(3, 4, 16, 6)"", ""color"": 4, ""delta_counts"": {""0,-9"": 1, ""0,3"": 1}, ""dominant_delta_share"": 0.5, ""dominant_line_share"": 1.0, ""input_count"": 26, ""line_counts"": {""horizontal"": 2}, ""mean_manhattan"": 6.0, ""output_count"": 26, ""pair_count"": 2, ""perfect_size_match"": true, ""removed"": 2, ""removed_bbox"": ""(3, 1, 16, 15)"", ""top_delta"": ""(0, -9):1 (0, 3):1"", ""top_line_type"": ""horizontal:2""}, {""added"": 3, ""added_bbox"": ""(2, 10, 7, 10)"", ""color"": 6, ""delta_counts"": {""0,1"": 1, ""0,2"": 1, ""0,7"": 1}, ""dominant_delta_share"": 0.3333, ""dominant_line_share"": 1.0, ""input_count"": 27, ""line_counts"": {""horizontal"": 3}, ""mean_manhattan"": 3.3333, ""output_count"": 27, ""pair_count"": 3, ""perfect_size_match"": true, ""removed"": 3, ""removed_bbox"": ""(2, 3, 7, 9)"", ""top_delta"": ""(0, 1):1 (0, 7):1 (0, 2):1"", ""top_line_type"": ""horizontal:3""}, {""added"": 0, ""added_bbox"": ""None"", ""color"": 9, ""input_count"": 1, ""output_count"": 0, ""pair_count"": 0, ""perfect_size_match"": false, ""removed"": 1, ""removed_bbox"": ""(4, 20, 4, 20)""}]","0,10",horizontal,133,"(0, 1, 23, 21)",False,"(0, 4, 23, 19)",0,11,"(24, 23)",arc-gen
8,"9,0:1 -11,0:1 -13,0:1 6,0:1 -2,0:1 3,0:1 1,0:1 -12,0:1",vertical:8,3,3,False,"[{""added"": 0, ""added_bbox"": ""None"", ""color"": 4, ""input_count"": 3, ""output_count"": 0, ""pair_count"": 0, ""perfect_size_match"": false, ""removed"": 3, ""removed_bbox"": ""(2, 4, 24, 24)""}, {""added"": 3, ""added_bbox"": ""(12, 3, 14, 16)"", ""color"": 7, ""delta_counts"": {""-11,0"": 1, ""-13,0"": 1, ""9,0"": 1}, ""dominant_delta_share"": 0.3333, ""dominant_line_share"": 1.0, ""input_count"": 29, ""line_counts"": {""vertical"": 3}, ""mean_manhattan"": 11.0, ""output_count"": 29, ""pair_count"": 3, ""perfect_size_match"": true, ""removed"": 3, ""removed_bbox"": ""(3, 3, 27, 16)"", ""top_delta"": ""(9, 0):1 (-11, 0):1 (-13, 0):1"", ""top_line_type"": ""vertical:3""}, {""added"": 2, ""added_bbox"": ""(21, 21, 23, 24)"", ""color"": 8, ""delta_counts"": {""-2,0"": 1, ""6,0"": 1}, ""dominant_delta_share"": 0.5, ""dominant_line_share"": 1.0, ""input_count"": 28, ""line_counts"": {""vertical"": 2}, ""mean_manhattan"": 4.0, ""output_count"": 28, ""pair_count"": 2, ""perfect_size_match"": true, ""removed"": 2, ""removed_bbox"": ""(15, 21, 25, 24)"", ""top_delta"": ""(6, 0):1 (-2, 0):1"", ""top_line_type"": ""vertical:2""}, {""added"": 3, ""added_bbox"": ""(4, 1, 6, 24)"", ""color"": 9, ""delta_counts"": {""-12,0"": 1, ""1,0"": 1, ""3,0"": 1}, ""dominant_delta_share"": 0.3333, ""dominant_line_share"": 1.0, ""input_count"": 29, ""line_counts"": {""vertical"": 3}, ""mean_manhattan"": 5.3333, ""output_count"": 29, ""pair_count"": 3, ""perfect_size_match"": true, ""removed"": 3, ""removed_bbox"": ""(1, 1, 18, 24)"", ""top_delta"": ""(3, 0):1 (1, 0):1 (-12, 0):1"", ""top_line_type"": ""vertical:3""}]","9,0",vertical,134,"(1, 0, 27, 25)",False,"(4, 0, 23, 25)",0,11,"(29, 26)",arc-gen
2,"2,0:1 -8,0:1",vertical:2,3,3,True,"[{""added"": 0, ""added_bbox"": ""None"", ""color"": 1, ""input_count"": 13, ""output_count"": 13, ""pair_count"": 0, ""perfect_size_match"": true, ""removed"": 0, ""removed_bbox"": ""None""}, {""added"": 0, ""added_bbox"": ""None"", ""color"": 5, ""input_count"": 13, ""output_count"": 13, ""pair_count"": 0, ""perfect_size_match"": true, ""removed"": 0, ""removed_bbox"": ""None""}, {""added"": 2, ""added_bbox"": ""(11, 6, 13, 10)"", ""color"": 9, ""delta_counts"": {""-8,0"": 1, ""2,0"": 1}, ""dominant_delta_share"": 0.5, ""dominant_line_share"": 1.0, ""input_count"": 15, ""line_counts"": {""vertical"": 2}, ""mean_manhattan"": 5.0, ""output_count"": 15, ""pair_count"": 2, ""perfect_size_match"": true, ""removed"": 2, ""removed_bbox"": ""(9, 6, 21, 10)"", ""top_delta"": ""(2, 0):1 (-8, 0):1"", ""top_line_type"": ""vertical:2""}]","2,0",vertical,135,"(5, 0, 21, 12)",True,"(5, 0, 18, 12)",0,2,"(22, 13)",arc-gen
3,"0,2:1 0,-4:1 0,-2:1",horizontal:3,2,2,False,"[{""added"": 0, ""added_bbox"": ""None"", ""color"": 2, ""input_count"": 2, ""output_count"": 0, ""pair_count"": 0, ""perfect_size_match"": false, ""removed"": 2, ""removed_bbox"": ""(1, 0, 10, 11)""}, {""added"": 2, ""added_bbox"": ""(2, 5, 20, 7)"", ""color"": 5, ""delta_counts"": {""0,-4"": 1, ""0,2"": 1}, ""dominant_delta_share"": 0.5, ""dominant_line_share"": 1.0, ""input_count"": 27, ""line_counts"": {""horizontal"": 2}, ""mean_manhattan"": 3.0, ""output_count"": 27, ""pair_count"": 2, ""perfect_size_match"": true, ""removed"": 2, ""removed_bbox"": ""(2, 3, 20, 11)"", ""top_delta"": ""(0, 2):1 (0, -4):1"", ""top_line_type"": ""horizontal:2""}, {""added"": 1, ""added_bbox"": ""(19, 16, 19, 16)"", ""color"": 8, ""delta_counts"": {""0,-2"": 1}, ""dominant_delta_share"": 1.0, ""dominant_line_share"": 1.0, ""input_count"": 26, ""line_counts"": {""horizontal"": 1}, ""mean_manhattan"": 2.0, ""output_count"": 26, ""pair_count"": 1, ""perfect_size_match"": true, ""removed"": 1, ""removed_bbox"": ""(19, 18, 19, 18)"", ""top_delta"": ""(0, -2):1"", ""top_line_type"": ""horizontal:1""}]","0,2",horizontal,136,"(0, 0, 24, 18)",False,"(0, 5, 24, 16)",0,5,"(25, 21)",arc-gen
3,"0,12:1 0,13:1 0,-1:1",horizontal:3,3,3,False,"[{""added"": 2, ""added_bbox"": ""(4, 13, 10, 13)"", ""color"": 5, ""delta_counts"": {""0,12"": 1, ""0,13"": 1}, ""dominant_delta_share"": 0.5, ""dominant_line_share"": 1.0, ""input_count"": 17, ""line_counts"": {""horizontal"": 2}, ""mean_manhattan"": 12.5, ""output_count"": 17, ""pair_count"": 2, ""perfect_size_match"": true, ""removed"": 2, ""removed_bbox"": ""(4, 0, 10, 1)"", ""top_delta"": ""(0, 12):1 (0, 13):1"", ""top_line_type"": ""horizontal:2""}, {""added"": 0, ""added_bbox"": ""None"", ""color"": 7, ""input_count"": 2, ""output_count"": 0, ""pair_count"": 0, ""perfect_size_match"": false, ""removed"": 2, ""removed_bbox"": ""(0, 11, 6, 16)""}, {""added"": 0, ""added_bbox"": ""None"", ""color"": 8, ""input_count"": 15, ""output_count"": 15, ""pair_count"": 0, ""perfect_size_match"": true, ""removed"": 0, ""removed_bbox"": ""None""}, {""added"": 1, ""added_bbox"": ""(7, 22, 7, 22)"", ""color"": 9, ""delta_counts"": {""0,-1"": 1}, ""dominant_delta_share"": 1.0, ""dominant_line_share"": 1.0, ""input_count"": 16, ""line_counts"": {""horizontal"": 1}, ""mean_manhattan"": 1.0, ""output_count"": 16, ""pair_count"": 1, ""perfect_size_match"": true, ""removed"": 1, ""removed_bbox"": ""(7, 23, 7, 23)"", ""top_delta"": ""(0, -1):1"", ""top_line_type"": ""horizontal:1""}]","0,12",horizontal,137,"(0, 0, 14, 23)",False,"(0, 5, 14, 22)",0,5,"(15, 28)",arc-gen
9,"-4,0:1 3,0:1 -3,0:1 -12,0:1 -20,0:1 -21,0:1 11,0:1 2,0:1",vertical:9,3,3,False,"[{""added"": 1, ""added_bbox"": ""(16, 5, 16, 5)"", ""color"": 6, ""delta_counts"": {""-4,0"": 1}, ""dominant_delta_share"": 1.0, ""dominant_line_share"": 1.0, ""input_count"": 31, ""line_counts"": {""vertical"": 1}, ""mean_manhattan"": 4.0, ""output_count"": 31, ""pair_count"": 1, ""perfect_size_match"": true, ""removed"": 1, ""removed_bbox"": ""(20, 5, 20, 5)"", ""top_delta"": ""(-4, 0):1"", ""top_line_type"": ""vertical:1""}, {""added"": 5, ""added_bbox"": ""(5, 6, 7, 28)"", ""color"": 7, ""delta_counts"": {""-12,0"": 1, ""-20,0"": 1, ""-21,0"": 1, ""-3,0"": 1, ""3,0"": 1}, ""dominant_delta_share"": 0.2, ""dominant_line_share"": 1.0, ""input_count"": 35, ""line_counts"": {""vertical"": 5}, ""mean_manhattan"": 11.8, ""output_count"": 35, ""pair_count"": 5, ""perfect_size_match"": true, ""removed"": 5, ""removed_bbox"": ""(2, 6, 28, 28)"", ""top_delta"": ""(3, 0):1 (-3, 0):1 (-12, 0):1 (-20, 0):1 (-21, 0):1"", ""top_line_type"": ""vertical:5""}, {""added"": 0, ""added_bbox"": ""None"", ""color"": 8, ""input_count"": 3, ""output_count"": 0, ""pair_count"": 0, ""perfect_size_match"": false, ""removed"": 3, ""removed_bbox"": ""(0, 0, 28, 16)""}, {""added"": 3, ""added_bbox"": ""(22, 20, 24, 29)"", ""color"": 9, ""delta_counts"": {""-2,0"": 1, ""11,0"": 1, ""2,0"": 1}, ""dominant_delta_share"": 0.3333, ""dominant_line_share"": 1.0, ""input_count"": 33, ""line_counts"": {""vertical"": 3}, ""mean_manhattan"": 5.0, ""output_count"": 33, ""pair_count"": 3, ""perfect_size_match"": true, ""removed"": 3, ""removed_bbox"": ""(11, 20, 26, 29)"", ""top_delta"": ""(11, 0):1 (2, 0):1 (-2, 0):1"", ""top_line_type"": ""vertical:3""}]","-4,0",vertical,138,"(0, 0, 28, 29)",False,"(5, 0, 24, 29)",0,12,"(29, 30)",arc-gen
7,"2,0:2 -11,0:2 3,0:1 20,0:1 -5,0:1",vertical:7,3,3,False,"[{""added"": 0, ""added_bbox"": ""None"", ""color"": 4, ""input_count"": 1, ""output_count"": 0, ""pair_count"": 0, ""perfect_size_match"": false, ""removed"": 1, ""removed_bbox"": ""(18, 3, 18, 3)""}, {""added"": 3, ""added_bbox"": ""(13, 5, 15, 24)"", ""color"": 6, ""delta_counts"": {""-11,0"": 2, ""2,0"": 1}, ""dominant_delta_share"": 0.6667, ""dominant_line_share"": 1.0, ""input_count"": 29, ""line_counts"": {""vertical"": 3}, ""mean_manhattan"": 8.0, ""output_count"": 29, ""pair_count"": 3, ""perfect_size_match"": true, ""removed"": 3, ""removed_bbox"": ""(11, 5, 26, 24)"", ""top_delta"": ""(-11, 0):2 (2, 0):1"", ""top_line_type"": ""vertical:3""}, {""added"": 2, ""added_bbox"": ""(4, 1, 4, 6)"", ""color"": 7, ""delta_counts"": {""2,0"": 1, ""3,0"": 1}, ""dominant_delta_share"": 0.5, ""dominant_line_share"": 1.0, ""input_count"": 28, ""line_counts"": {""vertical"": 2}, ""mean_manhattan"": 2.5, ""output_count"": 28, ""pair_count"": 2, ""perfect_size_match"": true, ""removed"": 2, ""removed_bbox"": ""(1, 1, 2, 6)"", ""top_delta"": ""(3, 0):1 (2, 0):1"", ""top_line_type"": ""vertical:2""}, {""added"": 2, ""added_bbox"": ""(20, 3, 22, 20)"", ""color"": 8, ""delta_counts"": {""-5,0"": 1, ""20,0"": 1}, ""dominant_delta_share"": 0.5, ""dominant_line_share"": 1.0, ""input_count"": 28, ""line_counts"": {""vertical"": 2}, ""mean_manhattan"": 12.5, ""output_count"": 28, ""pair_count"": 2, ""perfect_size_match"": true, ""removed"": 2, ""removed_bbox"": ""(0, 3, 27, 20)"", ""top_delta"": ""(20, 0):1 (-5, 0):1"", ""top_line_type"": ""vertical:2""}]","2,0",vertical,139,"(0, 0, 27, 25)",False,"(4, 0, 22, 25)",0,8,"(28, 26)",arc-gen
2,"0,2:1 0,10:1",horizontal:2,3,3,False,"[{""added"": 0, ""added_bbox"": ""None"", ""color"": 2, ""input_count"": 2, ""output_count"": 0, ""pair_count"": 0, ""perfect_size_match"": false, ""removed"": 2, ""removed_bbox"": ""(15, 0, 26, 2)""}, {""added"": 2, ""added_bbox"": ""(15, 10, 28, 10)"", ""color"": 4, ""delta_counts"": {""0,10"": 1, ""0,2"": 1}, ""dominant_delta_share"": 0.5, ""dominant_line_share"": 1.0, ""input_count"": 31, ""line_counts"": {""horizontal"": 2}, ""mean_manhattan"": 6.0, ""output_count"": 31, ""pair_count"": 2, ""perfect_size_match"": true, ""removed"": 2, ""removed_bbox"": ""(15, 0, 28, 8)"", ""top_delta"": ""(0, 2):1 (0, 10):1"", ""top_line_type"": ""horizontal:2""}, {""added"": 0, ""added_bbox"": ""None"", ""color"": 5, ""input_count"": 29, ""output_count"": 29, ""pair_count"": 0, ""perfect_size_match"": true, ""removed"": 0, ""removed_bbox"": ""None""}, {""added"": 0, ""added_bbox"": ""None"", ""color"": 9, ""input_count"": 29, ""output_count"": 29, ""pair_count"": 0, ""perfect_size_match"": true, ""removed"": 0, ""removed_bbox"": ""None""}]","0,2",horizontal,140,"(0, 0, 28, 17)",False,"(0, 4, 28, 17)",0,4,"(29, 21)",arc-gen
9,"-4,0:1 -10,0:1 -11,0:1 17,0:1 9,0:1 4,0:1 10,0:1 3,0:1",vertical:9,3,3,False,"[{""added"": 3, ""added_bbox"": ""(7, 15, 7, 20)"", ""color"": 1, ""delta_counts"": {""-10,0"": 1, ""-11,0"": 1, ""-4,0"": 1}, ""dominant_delta_share"": 0.3333, ""dominant_line_share"": 1.0, ""input_count"": 33, ""line_counts"": {""vertical"": 3}, ""mean_manhattan"": 8.3333, ""output_count"": 33, ""pair_count"": 3, ""perfect_size_match"": true, ""removed"": 3, ""removed_bbox"": ""(11, 15, 18, 20)"", ""top_delta"": ""(-4, 0):1 (-10, 0):1 (-11, 0):1"", ""top_line_type"": ""vertical:3""}, {""added"": 0, ""added_bbox"": ""None"", ""color"": 5, ""input_count"": 3, ""output_count"": 0, ""pair_count"": 0, ""perfect_size_match"": false, ""removed"": 3, ""removed_bbox"": ""(3, 10, 9, 29)""}, {""added"": 3, ""added_bbox"": ""(20, 7, 20, 26)"", ""color"": 8, ""delta_counts"": {""17,0"": 1, ""4,0"": 1, ""9,0"": 1}, ""dominant_delta_share"": 0.3333, ""dominant_line_share"": 1.0, ""input_count"": 33, ""line_counts"": {""vertical"": 3}, ""mean_manhattan"": 10.0, ""output_count"": 33, ""pair_count"": 3, ""perfect_size_match"": true, ""removed"": 3, ""removed_bbox"": ""(3, 7, 16, 26)"", ""top_delta"": ""(17, 0):1 (9, 0):1 (4, 0):1"", ""top_line_type"": ""vertical:3""}, {""added"": 3, ""added_bbox"": ""(12, 0, 14, 8)"", ""color"": 9, ""delta_counts"": {""-9,0"": 1, ""10,0"": 1, ""3,0"": 1}, ""dominant_delta_share"": 0.3333, ""dominant_line_share"": 1.0, ""input_count"": 33, ""line_counts"": {""vertical"": 3}, ""mean_manhattan"": 7.3333, ""output_count"": 33, ""pair_count"": 3, ""perfect_size_match"": true, ""removed"": 3, ""removed_bbox"": ""(2, 0, 23, 8)"", ""top_delta"": ""(10, 0):1 (3, 0):1 (-9, 0):1"", ""top_line_type"": ""vertical:3""}]","-4,0",vertical,141,"(2, 0, 23, 29)",False,"(6, 0, 21, 29)",0,12,"(27, 30)",arc-gen
7,"1,0:2 -3,0:2 -2,0:1 9,0:1 4,0:1",vertical:7,2,2,False,"[{""added"": 0, ""added_bbox"": ""None"", ""color"": 6, ""input_count"": 3, ""output_count"": 0, ""pair_count"": 0, ""perfect_size_match"": false, ""removed"": 3, ""removed_bbox"": ""(6, 4, 15, 9)""}, {""added"": 4, ""added_bbox"": ""(2, 3, 4, 17)"", ""color"": 7, ""delta_counts"": {""-2,0"": 1, ""-3,0"": 2, ""1,0"": 1}, ""dominant_delta_share"": 0.5, ""dominant_line_share"": 1.0, ""input_count"": 33, ""line_counts"": {""vertical"": 4}, ""mean_manhattan"": 2.25, ""output_count"": 33, ""pair_count"": 4, ""perfect_size_match"": true, ""removed"": 4, ""removed_bbox"": ""(1, 3, 7, 17)"", ""top_delta"": ""(-3, 0):2 (1, 0):1 (-2, 0):1"", ""top_line_type"": ""vertical:4""}, {""added"": 3, ""added_bbox"": ""(9, 18, 9, 21)"", ""color"": 8, ""delta_counts"": {""1,0"": 1, ""4,0"": 1, ""9,0"": 1}, ""dominant_delta_share"": 0.3333, ""dominant_line_share"": 1.0, ""input_count"": 32, ""line_counts"": {""vertical"": 3}, ""mean_manhattan"": 4.6667, ""output_count"": 32, ""pair_count"": 3, ""perfect_size_match"": true, ""removed"": 3, ""removed_bbox"": ""(0, 18, 8, 21)"", ""top_delta"": ""(9, 0):1 (4, 0):1 (1, 0):1"", ""top_line_type"": ""vertical:3""}]","1,0",vertical,142,"(0, 0, 15, 28)",False,"(2, 0, 10, 28)",0,10,"(16, 29)",arc-gen
5,"-12,0:1 2,0:1 24,0:1 23,0:1 10,0:1",vertical:5,4,4,False,"[{""added"": 0, ""added_bbox"": ""None"", ""color"": 3, ""input_count"": 1, ""output_count"": 0, ""pair_count"": 0, ""perfect_size_match"": false, ""removed"": 1, ""removed_bbox"": ""(29, 5, 29, 5)""}, {""added"": 1, ""added_bbox"": ""(13, 5, 13, 5)"", ""color"": 4, ""delta_counts"": {""-12,0"": 1}, ""dominant_delta_share"": 1.0, ""dominant_line_share"": 1.0, ""input_count"": 16, ""line_counts"": {""vertical"": 1}, ""mean_manhattan"": 12.0, ""output_count"": 16, ""pair_count"": 1, ""perfect_size_match"": true, ""removed"": 1, ""removed_bbox"": ""(25, 5, 25, 5)"", ""top_delta"": ""(-12, 0):1"", ""top_line_type"": ""vertical:1""}, {""added"": 1, ""added_bbox"": ""(5, 0, 5, 0)"", ""color"": 6, ""delta_counts"": {""2,0"": 1}, ""dominant_delta_share"": 1.0, ""dominant_line_share"": 1.0, ""input_count"": 16, ""line_counts"": {""vertical"": 1}, ""mean_manhattan"": 2.0, ""output_count"": 16, ""pair_count"": 1, ""perfect_size_match"": true, ""removed"": 1, ""removed_bbox"": ""(3, 0, 3, 0)"", ""top_delta"": ""(2, 0):1"", ""top_line_type"": ""vertical:1""}, {""added"": 0, ""added_bbox"": ""None"", ""color"": 7, ""input_count"": 15, ""output_count"": 15, ""pair_count"": 0, ""perfect_size_match"": true, ""removed"": 0, ""removed_bbox"": ""None""}, {""added"": 3, ""added_bbox"": ""(26, 0, 26, 10)"", ""color"": 8, ""delta_counts"": {""10,0"": 1, ""23,0"": 1, ""24,0"": 1}, ""dominant_delta_share"": 0.3333, ""dominant_line_share"": 1.0, ""input_count"": 18, ""line_counts"": {""vertical"": 3}, ""mean_manhattan"": 19.0, ""output_count"": 18, ""pair_count"": 3, ""perfect_size_match"": true, ""removed"": 3, ""removed_bbox"": ""(2, 0, 16, 10)"", ""top_delta"": ""(24, 0):1 (23, 0):1 (10, 0):1"", ""top_line_type"": ""vertical:3""}]","-12,0",vertical,143,"(2, 0, 29, 14)",False,"(5, 0, 27, 14)",0,6,"(30, 15)",arc-gen
1,"7,0:1",vertical:1,2,2,False,"[{""added"": 1, ""added_bbox"": ""(10, 6, 10, 6)"", ""color"": 3, ""delta_counts"": {""7,0"": 1}, ""dominant_delta_share"": 1.0, ""dominant_line_share"": 1.0, ""input_count"": 16, ""line_counts"": {""vertical"": 1}, ""mean_manhattan"": 7.0, ""output_count"": 16, ""pair_count"": 1, ""perfect_size_match"": true, ""removed"": 1, ""removed_bbox"": ""(3, 6, 3, 6)"", ""top_delta"": ""(7, 0):1"", ""top_line_type"": ""vertical:1""}, {""added"": 0, ""added_bbox"": ""None"", ""color"": 6, ""input_count"": 15, ""output_count"": 15, ""pair_count"": 0, ""perfect_size_match"": true, ""removed"": 0, ""removed_bbox"": ""None""}, {""added"": 0, ""added_bbox"": ""None"", ""color"": 9, ""input_count"": 1, ""output_count"": 0, ""pair_count"": 0, ""perfect_size_match"": false, ""removed"": 1, ""removed_bbox"": ""(13, 6, 13, 6)""}]","7,0",vertical,144,"(3, 0, 13, 14)",False,"(5, 0, 11, 14)",0,2,"(15, 15)",arc-gen
2,"16,0:1 1,0:1",vertical:2,3,3,False,"[{""added"": 2, ""added_bbox"": ""(17, 9, 17, 27)"", ""color"": 4, ""delta_counts"": {""1,0"": 1, ""16,0"": 1}, ""dominant_delta_share"": 0.5, ""dominant_line_share"": 1.0, ""input_count"": 31, ""line_counts"": {""vertical"": 2}, ""mean_manhattan"": 8.5, ""output_count"": 31, ""pair_count"": 2, ""perfect_size_match"": true, ""removed"": 2, ""removed_bbox"": ""(1, 9, 16, 27)"", ""top_delta"": ""(16, 0):1 (1, 0):1"", ""top_line_type"": ""vertical:2""}, {""added"": 0, ""added_bbox"": ""None"", ""color"": 5, ""input_count"": 29, ""output_count"": 29, ""pair_count"": 0, ""perfect_size_match"": true, ""removed"": 0, ""removed_bbox"": ""None""}, {""added"": 0, ""added_bbox"": ""None"", ""color"": 6, ""input_count"": 4, ""output_count"": 0, ""pair_count"": 0, ""perfect_size_match"": false, ""removed"": 4, ""removed_bbox"": ""(6, 5, 20, 16)""}, {""added"": 0, ""added_bbox"": ""None"", ""color"": 8, ""input_count"": 29, ""output_count"": 29, ""pair_count"": 0, ""perfect_size_match"": true, ""removed"": 0, ""removed_bbox"": ""None""}]","16,0",vertical,145,"(1, 0, 20, 28)",False,"(4, 0, 18, 28)",0,6,"(22, 29)",arc-gen
6,"0,1:1 0,-17:1 0,-10:1 0,-12:1 0,17:1 0,-4:1",horizontal:6,3,3,False,"[{""added"": 4, ""added_bbox"": ""(1, 2, 15, 4)"", ""color"": 1, ""delta_counts"": {""0,-10"": 1, ""0,-12"": 1, ""0,-17"": 1, ""0,1"": 1}, ""dominant_delta_share"": 0.25, ""dominant_line_share"": 1.0, ""input_count"": 25, ""line_counts"": {""horizontal"": 4}, ""mean_manhattan"": 10.0, ""output_count"": 25, ""pair_count"": 4, ""perfect_size_match"": true, ""removed"": 4, ""removed_bbox"": ""(1, 1, 15, 21)"", ""top_delta"": ""(0, 1):1 (0, -17):1 (0, -10):1 (0, -12):1"", ""top_line_type"": ""horizontal:4""}, {""added"": 0, ""added_bbox"": ""None"", ""color"": 5, ""input_count"": 21, ""output_count"": 21, ""pair_count"": 0, ""perfect_size_match"": true, ""removed"": 0, ""removed_bbox"": ""None""}, {""added"": 0, ""added_bbox"": ""None"", ""color"": 8, ""input_count"": 1, ""output_count"": 0, ""pair_count"": 0, ""perfect_size_match"": false, ""removed"": 1, ""removed_bbox"": ""(4, 8, 4, 8)""}, {""added"": 2, ""added_bbox"": ""(0, 17, 9, 19)"", ""color"": 9, ""delta_counts"": {""0,-4"": 1, ""0,17"": 1}, ""dominant_delta_share"": 0.5, ""dominant_line_share"": 1.0, ""input_count"": 23, ""line_counts"": {""horizontal"": 2}, ""mean_manhattan"": 10.5, ""output_count"": 23, ""pair_count"": 2, ""perfect_size_match"": true, ""removed"": 2, ""removed_bbox"": ""(0, 0, 9, 23)"", ""top_delta"": ""(0, 17):1 (0, -4):1"", ""top_line_type"": ""horizontal:2""}]","0,1",horizontal,146,"(0, 0, 20, 23)",False,"(0, 2, 20, 19)",0,7,"(21, 25)",arc-gen
4,"0,-3:2 0,3:1 0,-2:1",horizontal:4,2,2,False,"[{""added"": 3, ""added_bbox"": ""(1, 5, 12, 7)"", ""color"": 2, ""delta_counts"": {""0,-2"": 1, ""0,-3"": 1, ""0,3"": 1}, ""dominant_delta_share"": 0.3333, ""dominant_line_share"": 1.0, ""input_count"": 27, ""line_counts"": {""horizontal"": 3}, ""mean_manhattan"": 2.6667, ""output_count"": 27, ""pair_count"": 3, ""perfect_size_match"": true, ""removed"": 3, ""removed_bbox"": ""(1, 2, 12, 10)"", ""top_delta"": ""(0, -3):1 (0, 3):1 (0, -2):1"", ""top_line_type"": ""horizontal:3""}, {""added"": 0, ""added_bbox"": ""None"", ""color"": 7, ""input_count"": 1, ""output_count"": 0, ""pair_count"": 0, ""perfect_size_match"": false, ""removed"": 1, ""removed_bbox"": ""(15, 17, 15, 17)""}, {""added"": 1, ""added_bbox"": ""(8, 15, 8, 15)"", ""color"": 9, ""delta_counts"": {""0,-3"": 1}, ""dominant_delta_share"": 1.0, ""dominant_line_share"": 1.0, ""input_count"": 25, ""line_counts"": {""horizontal"": 1}, ""mean_manhattan"": 3.0, ""output_count"": 25, ""pair_count"": 1, ""perfect_size_match"": true, ""removed"": 1, ""removed_bbox"": ""(8, 18, 8, 18)"", ""top_delta"": ""(0, -3):1"", ""top_line_type"": ""horizontal:1""}]","0,-3",horizontal,147,"(0, 2, 23, 18)",False,"(0, 5, 23, 15)",0,5,"(24, 19)",arc-gen
5,"0,-16:1 0,-5:1 0,12:1 0,1:1 0,9:1",horizontal:5,3,3,False,"[{""added"": 1, ""added_bbox"": ""(5, 6, 5, 6)"", ""color"": 1, ""delta_counts"": {""0,-16"": 1}, ""dominant_delta_share"": 1.0, ""dominant_line_share"": 1.0, ""input_count"": 18, ""line_counts"": {""horizontal"": 1}, ""mean_manhattan"": 16.0, ""output_count"": 18, ""pair_count"": 1, ""perfect_size_match"": true, ""removed"": 1, ""removed_bbox"": ""(5, 22, 5, 22)"", ""top_delta"": ""(0, -16):1"", ""top_line_type"": ""horizontal:1""}, {""added"": 0, ""added_bbox"": ""None"", ""color"": 3, ""input_count"": 2, ""output_count"": 0, ""pair_count"": 0, ""perfect_size_match"": false, ""removed"": 2, ""removed_bbox"": ""(1, 8, 9, 24)""}, {""added"": 2, ""added_bbox"": ""(5, 19, 12, 21)"", ""color"": 4, ""delta_counts"": {""0,-5"": 1, ""0,12"": 1}, ""dominant_delta_share"": 0.5, ""dominant_line_share"": 1.0, ""input_count"": 19, ""line_counts"": {""horizontal"": 2}, ""mean_manhattan"": 8.5, ""output_count"": 19, ""pair_count"": 2, ""perfect_size_match"": true, ""removed"": 2, ""removed_bbox"": ""(5, 7, 12, 26)"", ""top_delta"": ""(0, -5):1 (0, 12):1"", ""top_line_type"": ""horizontal:2""}, {""added"": 2, ""added_bbox"": ""(4, 10, 11, 10)"", ""color"": 5, ""delta_counts"": {""0,1"": 1, ""0,9"": 1}, ""dominant_delta_share"": 0.5, ""dominant_line_share"": 1.0, ""input_count"": 19, ""line_counts"": {""horizontal"": 2}, ""mean_manhattan"": 5.0, ""output_count"": 19, ""pair_count"": 2, ""perfect_size_match"": true, ""removed"": 2, ""removed_bbox"": ""(4, 1, 11, 9)"", ""top_delta"": ""(0, 1):1 (0, 9):1"", ""top_line_type"": ""horizontal:2""}]","0,-16",horizontal,148,"(0, 1, 16, 26)",False,"(0, 5, 16, 21)",0,7,"(17, 28)",arc-gen
4,"-3,0:1 -4,0:1 3,0:1 -1,0:1",vertical:4,2,2,True,"[{""added"": 2, ""added_bbox"": ""(7, 0, 7, 12)"", ""color"": 1, ""delta_counts"": {""-3,0"": 1, ""-4,0"": 1}, ""dominant_delta_share"": 0.5, ""dominant_line_share"": 1.0, ""input_count"": 27, ""line_counts"": {""vertical"": 2}, ""mean_manhattan"": 3.5, ""output_count"": 27, ""pair_count"": 2, ""perfect_size_match"": true, ""removed"": 2, ""removed_bbox"": ""(10, 0, 11, 12)"", ""top_delta"": ""(-3, 0):1 (-4, 0):1"", ""top_line_type"": ""vertical:2""}, {""added"": 2, ""added_bbox"": ""(14, 0, 16, 23)"", ""color"": 2, ""delta_counts"": {""-1,0"": 1, ""3,0"": 1}, ""dominant_delta_share"": 0.5, ""dominant_line_share"": 1.0, ""input_count"": 27, ""line_counts"": {""vertical"": 2}, ""mean_manhattan"": 2.0, ""output_count"": 27, ""pair_count"": 2, ""perfect_size_match"": true, ""removed"": 2, ""removed_bbox"": ""(11, 0, 17, 23)"", ""top_delta"": ""(3, 0):1 (-1, 0):1"", ""top_line_type"": ""vertical:2""}]","-3,0",vertical,149,"(6, 0, 17, 24)",True,"(6, 0, 16, 24)",0,4,"(19, 25)",arc-gen
4,"0,3:1 0,-1:1 0,-7:1 0,-6:1",horizontal:4,1,1,False,"[{""added"": 0, ""added_bbox"": ""None"", ""color"": 4, ""input_count"": 2, ""output_count"": 0, ""pair_count"": 0, ""perfect_size_match"": false, ""removed"": 2, ""removed_bbox"": ""(6, 0, 10, 8)""}, {""added"": 4, ""added_bbox"": ""(1, 3, 11, 5)"", ""color"": 5, ""delta_counts"": {""0,-1"": 1, ""0,-6"": 1, ""0,-7"": 1, ""0,3"": 1}, ""dominant_delta_share"": 0.25, ""dominant_line_share"": 1.0, ""input_count"": 16, ""line_counts"": {""horizontal"": 4}, ""mean_manhattan"": 4.25, ""output_count"": 16, ""pair_count"": 4, ""perfect_size_match"": true, ""removed"": 4, ""removed_bbox"": ""(1, 0, 11, 12)"", ""top_delta"": ""(0, 3):1 (0, -1):1 (0, -7):1 (0, -6):1"", ""top_line_type"": ""horizontal:4""}]","0,3",horizontal,150,"(0, 0, 11, 12)",False,"(0, 3, 11, 5)",0,6,"(12, 13)",arc-gen
4,"0,10:1 0,15:1 0,11:1 0,-3:1",horizontal:4,3,3,True,"[{""added"": 2, ""added_bbox"": ""(1, 19, 9, 19)"", ""color"": 2, ""delta_counts"": {""0,10"": 1, ""0,15"": 1}, ""dominant_delta_share"": 0.5, ""dominant_line_share"": 1.0, ""input_count"": 19, ""line_counts"": {""horizontal"": 2}, ""mean_manhattan"": 12.5, ""output_count"": 19, ""pair_count"": 2, ""perfect_size_match"": true, ""removed"": 2, ""removed_bbox"": ""(1, 4, 9, 9)"", ""top_delta"": ""(0, 10):1 (0, 15):1"", ""top_line_type"": ""horizontal:2""}, {""added"": 0, ""added_bbox"": ""None"", ""color"": 4, ""input_count"": 17, ""output_count"": 17, ""pair_count"": 0, ""perfect_size_match"": true, ""removed"": 0, ""removed_bbox"": ""None""}, {""added"": 2, ""added_bbox"": ""(1, 13, 10, 15)"", ""color"": 6, ""delta_counts"": {""0,-3"": 1, ""0,11"": 1}, ""dominant_delta_share"": 0.5, ""dominant_line_share"": 1.0, ""input_count"": 19, ""line_counts"": {""horizontal"": 2}, ""mean_manhattan"": 7.0, ""output_count"": 19, ""pair_count"": 2, ""perfect_size_match"": true, ""removed"": 2, ""removed_bbox"": ""(1, 2, 10, 18)"", ""top_delta"": ""(0, 11):1 (0, -3):1"", ""top_line_type"": ""horizontal:2""}]","0,10",horizontal,151,"(0, 2, 16, 20)",True,"(0, 6, 16, 20)",0,4,"(17, 23)",arc-gen
6,"3,0:1 1,0:1 -4,0:1 -8,0:1 -11,0:1 -12,0:1",vertical:6,2,2,False,"[{""added"": 0, ""added_bbox"": ""None"", ""color"": 5, ""input_count"": 3, ""output_count"": 0, ""pair_count"": 0, ""perfect_size_match"": false, ""removed"": 3, ""removed_bbox"": ""(6, 0, 14, 25)""}, {""added"": 3, ""added_bbox"": ""(8, 0, 10, 28)"", ""color"": 8, ""delta_counts"": {""-4,0"": 1, ""1,0"": 1, ""3,0"": 1}, ""dominant_delta_share"": 0.3333, ""dominant_line_share"": 1.0, ""input_count"": 32, ""line_counts"": {""vertical"": 3}, ""mean_manhattan"": 2.6667, ""output_count"": 32, ""pair_count"": 3, ""perfect_size_match"": true, ""removed"": 3, ""removed_bbox"": ""(5, 0, 14, 28)"", ""top_delta"": ""(3, 0):1 (1, 0):1 (-4, 0):1"", ""top_line_type"": ""vertical:3""}, {""added"": 3, ""added_bbox"": ""(4, 13, 4, 27)"", ""color"": 9, ""delta_counts"": {""-11,0"": 1, ""-12,0"": 1, ""-8,0"": 1}, ""dominant_delta_share"": 0.3333, ""dominant_line_share"": 1.0, ""input_count"": 32, ""line_counts"": {""vertical"": 3}, ""mean_manhattan"": 10.3333, ""output_count"": 32, ""pair_count"": 3, ""perfect_size_match"": true, ""removed"": 3, ""removed_bbox"": ""(12, 13, 16, 27)"", ""top_delta"": ""(-8, 0):1 (-11, 0):1 (-12, 0):1"", ""top_line_type"": ""vertical:3""}]","3,0",vertical,152,"(3, 0, 16, 28)",False,"(3, 0, 10, 28)",0,9,"(17, 29)",arc-gen
0,,,1,1,False,"[{""added"": 0, ""added_bbox"": ""None"", ""color"": 1, ""input_count"": 21, ""output_count"": 21, ""pair_count"": 0, ""perfect_size_match"": true, ""removed"": 0, ""removed_bbox"": ""None""}, {""added"": 0, ""added_bbox"": ""None"", ""color"": 3, ""input_count"": 2, ""output_count"": 0, ""pair_count"": 0, ""perfect_size_match"": false, ""removed"": 2, ""removed_bbox"": ""(6, 11, 12, 11)""}]",,,153,"(0, 6, 20, 11)",False,"(0, 6, 20, 6)",0,2,"(21, 13)",arc-gen
0,,,1,1,False,"[{""added"": 0, ""added_bbox"": ""None"", ""color"": 4, ""input_count"": 26, ""output_count"": 26, ""pair_count"": 0, ""perfect_size_match"": true, ""removed"": 0, ""removed_bbox"": ""None""}, {""added"": 0, ""added_bbox"": ""None"", ""color"": 6, ""input_count"": 3, ""output_count"": 0, ""pair_count"": 0, ""perfect_size_match"": false, ""removed"": 3, ""removed_bbox"": ""(9, 1, 20, 4)""}]",,,154,"(0, 1, 25, 6)",False,"(0, 6, 25, 6)",0,3,"(26, 13)",arc-gen
2,"0,4:1 0,9:1",horizontal:2,3,3,False,"[{""added"": 1, ""added_bbox"": ""(14, 4, 14, 4)"", ""color"": 2, ""delta_counts"": {""0,4"": 1}, ""dominant_delta_share"": 1.0, ""dominant_line_share"": 1.0, ""input_count"": 28, ""line_counts"": {""horizontal"": 1}, ""mean_manhattan"": 4.0, ""output_count"": 28, ""pair_count"": 1, ""perfect_size_match"": true, ""removed"": 1, ""removed_bbox"": ""(14, 0, 14, 0)"", ""top_delta"": ""(0, 4):1"", ""top_line_type"": ""horizontal:1""}, {""added"": 0, ""added_bbox"": ""None"", ""color"": 3, ""input_count"": 27, ""output_count"": 27, ""pair_count"": 0, ""perfect_size_match"": true, ""removed"": 0, ""removed_bbox"": ""None""}, {""added"": 1, ""added_bbox"": ""(7, 12, 7, 12)"", ""color"": 6, ""delta_counts"": {""0,9"": 1}, ""dominant_delta_share"": 1.0, ""dominant_line_share"": 1.0, ""input_count"": 28, ""line_counts"": {""horizontal"": 1}, ""mean_manhattan"": 9.0, ""output_count"": 28, ""pair_count"": 1, ""perfect_size_match"": true, ""removed"": 1, ""removed_bbox"": ""(7, 3, 7, 3)"", ""top_delta"": ""(0, 9):1"", ""top_line_type"": ""horizontal:1""}, {""added"": 0, ""added_bbox"": ""None"", ""color"": 8, ""input_count"": 1, ""output_count"": 0, ""pair_count"": 0, ""perfect_size_match"": false, ""removed"": 1, ""removed_bbox"": ""(13, 11, 13, 11)""}]","0,4",horizontal,155,"(0, 0, 26, 20)",False,"(0, 4, 26, 20)",0,3,"(27, 23)",arc-gen
5,"0,-6:1 0,-2:1 0,-1:1 0,1:1 0,3:1",horizontal:5,2,2,False,"[{""added"": 0, ""added_bbox"": ""None"", ""color"": 1, ""input_count"": 4, ""output_count"": 0, ""pair_count"": 0, ""perfect_size_match"": false, ""removed"": 4, ""removed_bbox"": ""(0, 0, 13, 14)""}, {""added"": 3, ""added_bbox"": ""(7, 4, 25, 4)"", ""color"": 6, ""delta_counts"": {""0,-1"": 1, ""0,-2"": 1, ""0,-6"": 1}, ""dominant_delta_share"": 0.3333, ""dominant_line_share"": 1.0, ""input_count"": 33, ""line_counts"": {""horizontal"": 3}, ""mean_manhattan"": 3.0, ""output_count"": 33, ""pair_count"": 3, ""perfect_size_match"": true, ""removed"": 3, ""removed_bbox"": ""(7, 5, 25, 10)"", ""top_delta"": ""(0, -6):1 (0, -2):1 (0, -1):1"", ""top_line_type"": ""horizontal:3""}, {""added"": 2, ""added_bbox"": ""(12, 11, 21, 11)"", ""color"": 9, ""delta_counts"": {""0,1"": 1, ""0,3"": 1}, ""dominant_delta_share"": 0.5, ""dominant_line_share"": 1.0, ""input_count"": 32, ""line_counts"": {""horizontal"": 2}, ""mean_manhattan"": 2.0, ""output_count"": 32, ""pair_count"": 2, ""perfect_size_match"": true, ""removed"": 2, ""removed_bbox"": ""(12, 8, 21, 10)"", ""top_delta"": ""(0, 1):1 (0, 3):1"", ""top_line_type"": ""horizontal:2""}]","0,-6",horizontal,156,"(0, 0, 29, 14)",False,"(0, 3, 29, 12)",0,9,"(30, 17)",arc-gen
4,"0,3:2 0,4:2",horizontal:4,2,2,False,"[{""added"": 2, ""added_bbox"": ""(4, 11, 9, 11)"", ""color"": 3, ""delta_counts"": {""0,3"": 2}, ""dominant_delta_share"": 1.0, ""dominant_line_share"": 1.0, ""input_count"": 31, ""line_counts"": {""horizontal"": 2}, ""mean_manhattan"": 3.0, ""output_count"": 31, ""pair_count"": 2, ""perfect_size_match"": true, ""removed"": 2, ""removed_bbox"": ""(4, 8, 9, 8)"", ""top_delta"": ""(0, 3):2"", ""top_line_type"": ""horizontal:2""}, {""added"": 0, ""added_bbox"": ""None"", ""color"": 4, ""input_count"": 2, ""output_count"": 0, ""pair_count"": 0, ""perfect_size_match"": false, ""removed"": 2, ""removed_bbox"": ""(0, 0, 16, 15)""}, {""added"": 2, ""added_bbox"": ""(2, 5, 20, 5)"", ""color"": 6, ""delta_counts"": {""0,4"": 2}, ""dominant_delta_share"": 1.0, ""dominant_line_share"": 1.0, ""input_count"": 31, ""line_counts"": {""horizontal"": 2}, ""mean_manhattan"": 4.0, ""output_count"": 31, ""pair_count"": 2, ""perfect_size_match"": true, ""removed"": 2, ""removed_bbox"": ""(2, 1, 20, 1)"", ""top_delta"": ""(0, 4):2"", ""top_line_type"": ""horizontal:2""}]","0,3",horizontal,157,"(0, 0, 28, 15)",False,"(0, 5, 28, 12)",0,6,"(29, 16)",arc-gen
2,"4,0:1 3,0:1",vertical:2,2,2,False,"[{""added"": 0, ""added_bbox"": ""None"", ""color"": 1, ""input_count"": 28, ""output_count"": 28, ""pair_count"": 0, ""perfect_size_match"": true, ""removed"": 0, ""removed_bbox"": ""None""}, {""added"": 0, ""added_bbox"": ""None"", ""color"": 4, ""input_count"": 1, ""output_count"": 0, ""pair_count"": 0, ""perfect_size_match"": false, ""removed"": 1, ""removed_bbox"": ""(18, 11, 18, 11)""}, {""added"": 2, ""added_bbox"": ""(13, 3, 13, 13)"", ""color"": 5, ""delta_counts"": {""3,0"": 1, ""4,0"": 1}, ""dominant_delta_share"": 0.5, ""dominant_line_share"": 1.0, ""input_count"": 30, ""line_counts"": {""vertical"": 2}, ""mean_manhattan"": 3.5, ""output_count"": 30, ""pair_count"": 2, ""perfect_size_match"": true, ""removed"": 2, ""removed_bbox"": ""(9, 3, 10, 13)"", ""top_delta"": ""(4, 0):1 (3, 0):1"", ""top_line_type"": ""vertical:2""}]","4,0",vertical,158,"(5, 0, 18, 27)",False,"(5, 0, 14, 27)",0,3,"(20, 28)",arc-gen
5,"1,0:2 -14,0:1 10,0:1 9,0:1",vertical:5,4,4,False,"[{""added"": 1, ""added_bbox"": ""(4, 20, 4, 20)"", ""color"": 1, ""delta_counts"": {""-14,0"": 1}, ""dominant_delta_share"": 1.0, ""dominant_line_share"": 1.0, ""input_count"": 28, ""line_counts"": {""vertical"": 1}, ""mean_manhattan"": 14.0, ""output_count"": 28, ""pair_count"": 1, ""perfect_size_match"": true, ""removed"": 1, ""removed_bbox"": ""(18, 20, 18, 20)"", ""top_delta"": ""(-14, 0):1"", ""top_line_type"": ""vertical:1""}, {""added"": 0, ""added_bbox"": ""None"", ""color"": 3, ""input_count"": 3, ""output_count"": 0, ""pair_count"": 0, ""perfect_size_match"": false, ""removed"": 3, ""removed_bbox"": ""(8, 5, 21, 25)""}, {""added"": 0, ""added_bbox"": ""None"", ""color"": 5, ""input_count"": 27, ""output_count"": 27, ""pair_count"": 0, ""perfect_size_match"": true, ""removed"": 0, ""removed_bbox"": ""None""}, {""added"": 2, ""added_bbox"": ""(15, 4, 15, 5)"", ""color"": 7, ""delta_counts"": {""10,0"": 1, ""9,0"": 1}, ""dominant_delta_share"": 0.5, ""dominant_line_share"": 1.0, ""input_count"": 29, ""line_counts"": {""vertical"": 2}, ""mean_manhattan"": 9.5, ""output_count"": 29, ""pair_count"": 2, ""perfect_size_match"": true, ""removed"": 2, ""removed_bbox"": ""(5, 4, 6, 5)"", ""top_delta"": ""(10, 0):1 (9, 0):1"", ""top_line_type"": ""vertical:2""}, {""added"": 2, ""added_bbox"": ""(9, 0, 9, 14)"", ""color"": 9, ""delta_counts"": {""1,0"": 2}, ""dominant_delta_share"": 1.0, ""dominant_line_share"": 1.0, ""input_count"": 29, ""line_counts"": {""vertical"": 2}, ""mean_manhattan"": 1.0, ""output_count"": 29, ""pair_count"": 2, ""perfect_size_match"": true, ""removed"": 2, ""removed_bbox"": ""(8, 0, 8, 14)"", ""top_delta"": ""(1, 0):2"", ""top_line_type"": ""vertical:2""}]","1,0",vertical,159,"(3, 0, 24, 26)",False,"(3, 0, 24, 26)",0,8,"(28, 27)",arc-gen
6,"0,5:2 0,3:1 0,-5:1 0,-1:1 0,-6:1",horizontal:6,2,2,False,"[{""added"": 3, ""added_bbox"": ""(2, 11, 13, 11)"", ""color"": 1, ""delta_counts"": {""0,3"": 1, ""0,5"": 2}, ""dominant_delta_share"": 0.6667, ""dominant_line_share"": 1.0, ""input_count"": 21, ""line_counts"": {""horizontal"": 3}, ""mean_manhattan"": 4.3333, ""output_count"": 21, ""pair_count"": 3, ""perfect_size_match"": true, ""removed"": 3, ""removed_bbox"": ""(2, 6, 13, 8)"", ""top_delta"": ""(0, 5):2 (0, 3):1"", ""top_line_type"": ""horizontal:3""}, {""added"": 0, ""added_bbox"": ""None"", ""color"": 7, ""input_count"": 1, ""output_count"": 0, ""pair_count"": 0, ""perfect_size_match"": false, ""removed"": 1, ""removed_bbox"": ""(15, 5, 15, 5)""}, {""added"": 3, ""added_bbox"": ""(3, 4, 15, 4)"", ""color"": 9, ""delta_counts"": {""0,-1"": 1, ""0,-5"": 1, ""0,-6"": 1}, ""dominant_delta_share"": 0.3333, ""dominant_line_share"": 1.0, ""input_count"": 21, ""line_counts"": {""horizontal"": 3}, ""mean_manhattan"": 4.0, ""output_count"": 21, ""pair_count"": 3, ""perfect_size_match"": true, ""removed"": 3, ""removed_bbox"": ""(3, 5, 15, 10)"", ""top_delta"": ""(0, -5):1 (0, -1):1 (0, -6):1"", ""top_line_type"": ""horizontal:3""}]","0,5",horizontal,160,"(0, 3, 17, 12)",False,"(0, 3, 17, 12)",0,7,"(18, 13)",arc-gen
7,"0,1:2 0,2:1 0,18:1 0,12:1 0,10:1 0,-11:1",horizontal:7,3,3,False,"[{""added"": 1, ""added_bbox"": ""(7, 11, 7, 11)"", ""color"": 1, ""delta_counts"": {""0,2"": 1}, ""dominant_delta_share"": 1.0, ""dominant_line_share"": 1.0, ""input_count"": 16, ""line_counts"": {""horizontal"": 1}, ""mean_manhattan"": 2.0, ""output_count"": 16, ""pair_count"": 1, ""perfect_size_match"": true, ""removed"": 1, ""removed_bbox"": ""(7, 9, 7, 9)"", ""top_delta"": ""(0, 2):1"", ""top_line_type"": ""horizontal:1""}, {""added"": 0, ""added_bbox"": ""None"", ""color"": 3, ""input_count"": 2, ""output_count"": 0, ""pair_count"": 0, ""perfect_size_match"": false, ""removed"": 2, ""removed_bbox"": ""(0, 1, 5, 15)""}, {""added"": 4, ""added_bbox"": ""(3, 18, 14, 18)"", ""color"": 5, ""delta_counts"": {""0,1"": 1, ""0,10"": 1, ""0,12"": 1, ""0,18"": 1}, ""dominant_delta_share"": 0.25, ""dominant_line_share"": 1.0, ""input_count"": 19, ""line_counts"": {""horizontal"": 4}, ""mean_manhattan"": 10.25, ""output_count"": 19, ""pair_count"": 4, ""perfect_size_match"": true, ""removed"": 4, ""removed_bbox"": ""(3, 0, 14, 17)"", ""top_delta"": ""(0, 18):1 (0, 12):1 (0, 1):1 (0, 10):1"", ""top_line_type"": ""horizontal:4""}, {""added"": 2, ""added_bbox"": ""(0, 2, 8, 4)"", ""color"": 8, ""delta_counts"": {""0,-11"": 1, ""0,1"": 1}, ""dominant_delta_share"": 0.5, ""dominant_line_share"": 1.0, ""input_count"": 17, ""line_counts"": {""horizontal"": 2}, ""mean_manhattan"": 6.0, ""output_count"": 17, ""pair_count"": 2, ""perfect_size_match"": true, ""removed"": 2, ""removed_bbox"": ""(0, 1, 8, 15)"", ""top_delta"": ""(0, 1):1 (0, -11):1"", ""top_line_type"": ""horizontal:2""}]","0,1",horizontal,161,"(0, 0, 14, 19)",False,"(0, 2, 14, 19)",0,9,"(15, 20)",arc-gen
4,"1,0:2 5,0:1 -4,0:1",vertical:4,2,2,True,"[{""added"": 3, ""added_bbox"": ""(12, 3, 12, 13)"", ""color"": 1, ""delta_counts"": {""1,0"": 2, ""5,0"": 1}, ""dominant_delta_share"": 0.6667, ""dominant_line_share"": 1.0, ""input_count"": 24, ""line_counts"": {""vertical"": 3}, ""mean_manhattan"": 2.3333, ""output_count"": 24, ""pair_count"": 3, ""perfect_size_match"": true, ""removed"": 3, ""removed_bbox"": ""(7, 3, 11, 13)"", ""top_delta"": ""(1, 0):2 (5, 0):1"", ""top_line_type"": ""vertical:3""}, {""added"": 1, ""added_bbox"": ""(5, 3, 5, 3)"", ""color"": 4, ""delta_counts"": {""-4,0"": 1}, ""dominant_delta_share"": 1.0, ""dominant_line_share"": 1.0, ""input_count"": 22, ""line_counts"": {""vertical"": 1}, ""mean_manhattan"": 4.0, ""output_count"": 22, ""pair_count"": 1, ""perfect_size_match"": true, ""removed"": 1, ""removed_bbox"": ""(9, 3, 9, 3)"", ""top_delta"": ""(-4, 0):1"", ""top_line_type"": ""vertical:1""}]","1,0",vertical,162,"(4, 0, 13, 20)",True,"(4, 0, 13, 20)",0,4,"(15, 21)",arc-gen
5,"0,1:1 0,-4:1 0,2:1 0,3:1 0,-3:1",horizontal:5,2,2,False,"[{""added"": 0, ""added_bbox"": ""None"", ""color"": 1, ""input_count"": 2, ""output_count"": 0, ""pair_count"": 0, ""perfect_size_match"": false, ""removed"": 2, ""removed_bbox"": ""(1, 7, 19, 7)""}, {""added"": 3, ""added_bbox"": ""(8, 2, 17, 4)"", ""color"": 3, ""delta_counts"": {""0,-4"": 1, ""0,1"": 1, ""0,2"": 1}, ""dominant_delta_share"": 0.3333, ""dominant_line_share"": 1.0, ""input_count"": 26, ""line_counts"": {""horizontal"": 3}, ""mean_manhattan"": 2.3333, ""output_count"": 26, ""pair_count"": 3, ""perfect_size_match"": true, ""removed"": 3, ""removed_bbox"": ""(8, 0, 17, 8)"", ""top_delta"": ""(0, 1):1 (0, -4):1 (0, 2):1"", ""top_line_type"": ""horizontal:3""}, {""added"": 2, ""added_bbox"": ""(1, 9, 14, 11)"", ""color"": 5, ""delta_counts"": {""0,-3"": 1, ""0,3"": 1}, ""dominant_delta_share"": 0.5, ""dominant_line_share"": 1.0, ""input_count"": 25, ""line_counts"": {""horizontal"": 2}, ""mean_manhattan"": 3.0, ""output_count"": 25, ""pair_count"": 2, ""perfect_size_match"": true, ""removed"": 2, ""removed_bbox"": ""(1, 6, 14, 14)"", ""top_delta"": ""(0, 3):1 (0, -3):1"", ""top_line_type"": ""horizontal:2""}]","0,1",horizontal,163,"(0, 0, 22, 14)",False,"(0, 2, 22, 11)",0,7,"(23, 15)",arc-gen
8,"-7,0:2 -8,0:2 17,0:1 11,0:1 -1,0:1 2,0:1",vertical:8,3,3,False,"[{""added"": 1, ""added_bbox"": ""(17, 9, 17, 9)"", ""color"": 1, ""delta_counts"": {""17,0"": 1}, ""dominant_delta_share"": 1.0, ""dominant_line_share"": 1.0, ""input_count"": 29, ""line_counts"": {""vertical"": 1}, ""mean_manhattan"": 17.0, ""output_count"": 29, ""pair_count"": 1, ""perfect_size_match"": true, ""removed"": 1, ""removed_bbox"": ""(0, 9, 0, 9)"", ""top_delta"": ""(17, 0):1"", ""top_line_type"": ""vertical:1""}, {""added"": 0, ""added_bbox"": ""None"", ""color"": 2, ""input_count"": 5, ""output_count"": 0, ""pair_count"": 0, ""perfect_size_match"": false, ""removed"": 5, ""removed_bbox"": ""(0, 0, 16, 22)""}, {""added"": 4, ""added_bbox"": ""(11, 11, 13, 21)"", ""color"": 3, ""delta_counts"": {""-1,0"": 1, ""-7,0"": 2, ""11,0"": 1}, ""dominant_delta_share"": 0.5, ""dominant_line_share"": 1.0, ""input_count"": 32, ""line_counts"": {""vertical"": 4}, ""mean_manhattan"": 6.5, ""output_count"": 32, ""pair_count"": 4, ""perfect_size_match"": true, ""removed"": 4, ""removed_bbox"": ""(0, 11, 20, 21)"", ""top_delta"": ""(-7, 0):2 (11, 0):1 (-1, 0):1"", ""top_line_type"": ""vertical:4""}, {""added"": 3, ""added_bbox"": ""(4, 3, 6, 12)"", ""color"": 7, ""delta_counts"": {""-8,0"": 2, ""2,0"": 1}, ""dominant_delta_share"": 0.6667, ""dominant_line_share"": 1.0, ""input_count"": 31, ""line_counts"": {""vertical"": 3}, ""mean_manhattan"": 6.0, ""output_count"": 31, ""pair_count"": 3, ""perfect_size_match"": true, ""removed"": 3, ""removed_bbox"": ""(2, 3, 14, 12)"", ""top_delta"": ""(-8, 0):2 (2, 0):1"", ""top_line_type"": ""vertical:3""}]","-7,0",vertical,164,"(0, 0, 20, 27)",False,"(4, 0, 18, 27)",0,13,"(21, 28)",arc-gen
3,"1,0:2 -4,0:1",vertical:3,2,2,False,"[{""added"": 0, ""added_bbox"": ""None"", ""color"": 2, ""input_count"": 2, ""output_count"": 0, ""pair_count"": 0, ""perfect_size_match"": false, ""removed"": 2, ""removed_bbox"": ""(6, 16, 9, 21)""}, {""added"": 0, ""added_bbox"": ""None"", ""color"": 7, ""input_count"": 27, ""output_count"": 27, ""pair_count"": 0, ""perfect_size_match"": true, ""removed"": 0, ""removed_bbox"": ""None""}, {""added"": 3, ""added_bbox"": ""(3, 7, 5, 25)"", ""color"": 8, ""delta_counts"": {""-4,0"": 1, ""1,0"": 2}, ""dominant_delta_share"": 0.6667, ""dominant_line_share"": 1.0, ""input_count"": 30, ""line_counts"": {""vertical"": 3}, ""mean_manhattan"": 2.0, ""output_count"": 30, ""pair_count"": 3, ""perfect_size_match"": true, ""removed"": 3, ""removed_bbox"": ""(2, 7, 9, 25)"", ""top_delta"": ""(1, 0):2 (-4, 0):1"", ""top_line_type"": ""vertical:3""}]","1,0",vertical,165,"(2, 0, 12, 26)",False,"(3, 0, 12, 26)",0,5,"(14, 27)",arc-gen
4,"10,0:2 17,0:1 -9,0:1",vertical:4,4,4,False,"[{""added"": 0, ""added_bbox"": ""None"", ""color"": 2, ""input_count"": 23, ""output_count"": 23, ""pair_count"": 0, ""perfect_size_match"": true, ""removed"": 0, ""removed_bbox"": ""None""}, {""added"": 0, ""added_bbox"": ""None"", ""color"": 3, ""input_count"": 1, ""output_count"": 0, ""pair_count"": 0, ""perfect_size_match"": false, ""removed"": 1, ""removed_bbox"": ""(22, 8, 22, 8)""}, {""added"": 3, ""added_bbox"": ""(24, 6, 24, 18)"", ""color"": 5, ""delta_counts"": {""10,0"": 2, ""17,0"": 1}, ""dominant_delta_share"": 0.6667, ""dominant_line_share"": 1.0, ""input_count"": 26, ""line_counts"": {""vertical"": 3}, ""mean_manhattan"": 12.3333, ""output_count"": 26, ""pair_count"": 3, ""perfect_size_match"": true, ""removed"": 3, ""removed_bbox"": ""(7, 6, 14, 18)"", ""top_delta"": ""(10, 0):2 (17, 0):1"", ""top_line_type"": ""vertical:3""}, {""added"": 1, ""added_bbox"": ""(4, 12, 4, 12)"", ""color"": 7, ""delta_counts"": {""-9,0"": 1}, ""dominant_delta_share"": 1.0, ""dominant_line_share"": 1.0, ""input_count"": 24, ""line_counts"": {""vertical"": 1}, ""mean_manhattan"": 9.0, ""output_count"": 24, ""pair_count"": 1, ""perfect_size_match"": true, ""removed"": 1, ""removed_bbox"": ""(13, 12, 13, 12)"", ""top_delta"": ""(-9, 0):1"", ""top_line_type"": ""vertical:1""}, {""added"": 0, ""added_bbox"": ""None"", ""color"": 8, ""input_count"": 23, ""output_count"": 23, ""pair_count"": 0, ""perfect_size_match"": true, ""removed"": 0, ""removed_bbox"": ""None""}]","10,0",vertical,166,"(3, 0, 25, 22)",False,"(3, 0, 25, 22)",0,5,"(30, 23)",arc-gen
2,"0,4:1 0,8:1",horizontal:2,2,2,False,"[{""added"": 1, ""added_bbox"": ""(15, 4, 15, 4)"", ""color"": 2, ""delta_counts"": {""0,4"": 1}, ""dominant_delta_share"": 1.0, ""dominant_line_share"": 1.0, ""input_count"": 30, ""line_counts"": {""horizontal"": 1}, ""mean_manhattan"": 4.0, ""output_count"": 30, ""pair_count"": 1, ""perfect_size_match"": true, ""removed"": 1, ""removed_bbox"": ""(15, 0, 15, 0)"", ""top_delta"": ""(0, 4):1"", ""top_line_type"": ""horizontal:1""}, {""added"": 0, ""added_bbox"": ""None"", ""color"": 3, ""input_count"": 2, ""output_count"": 0, ""pair_count"": 0, ""perfect_size_match"": false, ""removed"": 2, ""removed_bbox"": ""(11, 3, 23, 7)""}, {""added"": 1, ""added_bbox"": ""(26, 11, 26, 11)"", ""color"": 4, ""delta_counts"": {""0,8"": 1}, ""dominant_delta_share"": 1.0, ""dominant_line_share"": 1.0, ""input_count"": 30, ""line_counts"": {""horizontal"": 1}, ""mean_manhattan"": 8.0, ""output_count"": 30, ""pair_count"": 1, ""perfect_size_match"": true, ""removed"": 1, ""removed_bbox"": ""(26, 3, 26, 3)"", ""top_delta"": ""(0, 8):1"", ""top_line_type"": ""horizontal:1""}]","0,4",horizontal,167,"(0, 0, 28, 12)",False,"(0, 4, 28, 12)",0,4,"(29, 17)",arc-gen
3,"0,4:1 0,-1:1 0,-5:1",horizontal:3,3,3,True,"[{""added"": 1, ""added_bbox"": ""(4, 11, 4, 11)"", ""color"": 5, ""delta_counts"": {""0,4"": 1}, ""dominant_delta_share"": 1.0, ""dominant_line_share"": 1.0, ""input_count"": 19, ""line_counts"": {""horizontal"": 1}, ""mean_manhattan"": 4.0, ""output_count"": 19, ""pair_count"": 1, ""perfect_size_match"": true, ""removed"": 1, ""removed_bbox"": ""(4, 7, 4, 7)"", ""top_delta"": ""(0, 4):1"", ""top_line_type"": ""horizontal:1""}, {""added"": 0, ""added_bbox"": ""None"", ""color"": 6, ""input_count"": 18, ""output_count"": 18, ""pair_count"": 0, ""perfect_size_match"": true, ""removed"": 0, ""removed_bbox"": ""None""}, {""added"": 2, ""added_bbox"": ""(11, 4, 17, 4)"", ""color"": 8, ""delta_counts"": {""0,-1"": 1, ""0,-5"": 1}, ""dominant_delta_share"": 0.5, ""dominant_line_share"": 1.0, ""input_count"": 20, ""line_counts"": {""horizontal"": 2}, ""mean_manhattan"": 3.0, ""output_count"": 20, ""pair_count"": 2, ""perfect_size_match"": true, ""removed"": 2, ""removed_bbox"": ""(11, 5, 17, 9)"", ""top_delta"": ""(0, -1):1 (0, -5):1"", ""top_line_type"": ""horizontal:2""}]","0,4",horizontal,168,"(0, 3, 17, 20)",True,"(0, 3, 17, 20)",0,3,"(18, 23)",arc-gen
5,"0,26:2 0,-12:1 0,2:1 0,-10:1",horizontal:5,4,4,False,"[{""added"": 0, ""added_bbox"": ""None"", ""color"": 1, ""input_count"": 14, ""output_count"": 14, ""pair_count"": 0, ""perfect_size_match"": true, ""removed"": 0, ""removed_bbox"": ""None""}, {""added"": 2, ""added_bbox"": ""(12, 26, 13, 26)"", ""color"": 2, ""delta_counts"": {""0,26"": 2}, ""dominant_delta_share"": 1.0, ""dominant_line_share"": 1.0, ""input_count"": 16, ""line_counts"": {""horizontal"": 2}, ""mean_manhattan"": 26.0, ""output_count"": 16, ""pair_count"": 2, ""perfect_size_match"": true, ""removed"": 2, ""removed_bbox"": ""(12, 0, 13, 0)"", ""top_delta"": ""(0, 26):2"", ""top_line_type"": ""horizontal:2""}, {""added"": 0, ""added_bbox"": ""None"", ""color"": 3, ""input_count"": 14, ""output_count"": 14, ""pair_count"": 0, ""perfect_size_match"": true, ""removed"": 0, ""removed_bbox"": ""None""}, {""added"": 0, ""added_bbox"": ""None"", ""color"": 4, ""input_count"": 2, ""output_count"": 0, ""pair_count"": 0, ""perfect_size_match"": false, ""removed"": 2, ""removed_bbox"": ""(1, 16, 2, 25)""}, {""added"": 3, ""added_bbox"": ""(5, 5, 9, 7)"", ""color"": 6, ""delta_counts"": {""0,-10"": 1, ""0,-12"": 1, ""0,2"": 1}, ""dominant_delta_share"": 0.3333, ""dominant_line_share"": 1.0, ""input_count"": 17, ""line_counts"": {""horizontal"": 3}, ""mean_manhattan"": 8.0, ""output_count"": 17, ""pair_count"": 3, ""perfect_size_match"": true, ""removed"": 3, ""removed_bbox"": ""(5, 3, 9, 19)"", ""top_delta"": ""(0, -12):1 (0, 2):1 (0, -10):1"", ""top_line_type"": ""horizontal:3""}]","0,26",horizontal,169,"(0, 0, 13, 27)",False,"(0, 5, 13, 27)",0,7,"(14, 28)",arc-gen
6,"0,-8:2 0,8:1 0,1:1 0,-7:1 0,-3:1",horizontal:6,3,3,False,"[{""added"": 3, ""added_bbox"": ""(2, 10, 12, 12)"", ""color"": 1, ""delta_counts"": {""0,-8"": 2, ""0,8"": 1}, ""dominant_delta_share"": 0.6667, ""dominant_line_share"": 1.0, ""input_count"": 19, ""line_counts"": {""horizontal"": 3}, ""mean_manhattan"": 8.0, ""output_count"": 19, ""pair_count"": 3, ""perfect_size_match"": true, ""removed"": 3, ""removed_bbox"": ""(2, 2, 12, 20)"", ""top_delta"": ""(0, -8):2 (0, 8):1"", ""top_line_type"": ""horizontal:3""}, {""added"": 2, ""added_bbox"": ""(1, 4, 4, 6)"", ""color"": 4, ""delta_counts"": {""0,-7"": 1, ""0,1"": 1}, ""dominant_delta_share"": 0.5, ""dominant_line_share"": 1.0, ""input_count"": 18, ""line_counts"": {""horizontal"": 2}, ""mean_manhattan"": 4.0, ""output_count"": 18, ""pair_count"": 2, ""perfect_size_match"": true, ""removed"": 2, ""removed_bbox"": ""(1, 3, 4, 13)"", ""top_delta"": ""(0, 1):1 (0, -7):1"", ""top_line_type"": ""horizontal:2""}, {""added"": 1, ""added_bbox"": ""(6, 19, 6, 19)"", ""color"": 5, ""delta_counts"": {""0,-3"": 1}, ""dominant_delta_share"": 1.0, ""dominant_line_share"": 1.0, ""input_count"": 17, ""line_counts"": {""horizontal"": 1}, ""mean_manhattan"": 3.0, ""output_count"": 17, ""pair_count"": 1, ""perfect_size_match"": true, ""removed"": 1, ""removed_bbox"": ""(6, 22, 6, 22)"", ""top_delta"": ""(0, -3):1"", ""top_line_type"": ""horizontal:1""}, {""added"": 0, ""added_bbox"": ""None"", ""color"": 8, ""input_count"": 1, ""output_count"": 0, ""pair_count"": 0, ""perfect_size_match"": false, ""removed"": 1, ""removed_bbox"": ""(4, 22, 4, 22)""}]","0,-8",horizontal,170,"(0, 2, 15, 22)",False,"(0, 4, 15, 19)",0,7,"(16, 24)",arc-gen
2,"-10,0:1 9,0:1",vertical:2,2,2,True,"[{""added"": 1, ""added_bbox"": ""(7, 13, 7, 13)"", ""color"": 3, ""delta_counts"": {""-10,0"": 1}, ""dominant_delta_share"": 1.0, ""dominant_line_share"": 1.0, ""input_count"": 16, ""line_counts"": {""vertical"": 1}, ""mean_manhattan"": 10.0, ""output_count"": 16, ""pair_count"": 1, ""perfect_size_match"": true, ""removed"": 1, ""removed_bbox"": ""(17, 13, 17, 13)"", ""top_delta"": ""(-10, 0):1"", ""top_line_type"": ""vertical:1""}, {""added"": 1, ""added_bbox"": ""(12, 2, 12, 2)"", ""color"": 8, ""delta_counts"": {""9,0"": 1}, ""dominant_delta_share"": 1.0, ""dominant_line_share"": 1.0, ""input_count"": 16, ""line_counts"": {""vertical"": 1}, ""mean_manhattan"": 9.0, ""output_count"": 16, ""pair_count"": 1, ""perfect_size_match"": true, ""removed"": 1, ""removed_bbox"": ""(3, 2, 3, 2)"", ""top_delta"": ""(9, 0):1"", ""top_line_type"": ""vertical:1""}]","-10,0",vertical,171,"(3, 0, 17, 14)",True,"(6, 0, 13, 14)",0,2,"(19, 15)",arc-gen
3,"0,-1:1 0,-3:1 0,2:1",horizontal:3,2,2,False,"[{""added"": 0, ""added_bbox"": ""None"", ""color"": 1, ""input_count"": 1, ""output_count"": 0, ""pair_count"": 0, ""perfect_size_match"": false, ""removed"": 1, ""removed_bbox"": ""(20, 1, 20, 1)""}, {""added"": 1, ""added_bbox"": ""(2, 12, 2, 12)"", ""color"": 4, ""delta_counts"": {""0,-1"": 1}, ""dominant_delta_share"": 1.0, ""dominant_line_share"": 1.0, ""input_count"": 29, ""line_counts"": {""horizontal"": 1}, ""mean_manhattan"": 1.0, ""output_count"": 29, ""pair_count"": 1, ""perfect_size_match"": true, ""removed"": 1, ""removed_bbox"": ""(2, 13, 2, 13)"", ""top_delta"": ""(0, -1):1"", ""top_line_type"": ""horizontal:1""}, {""added"": 2, ""added_bbox"": ""(10, 4, 23, 6)"", ""color"": 8, ""delta_counts"": {""0,-3"": 1, ""0,2"": 1}, ""dominant_delta_share"": 0.5, ""dominant_line_share"": 1.0, ""input_count"": 30, ""line_counts"": {""horizontal"": 2}, ""mean_manhattan"": 2.5, ""output_count"": 30, ""pair_count"": 2, ""perfect_size_match"": true, ""removed"": 2, ""removed_bbox"": ""(10, 2, 23, 9)"", ""top_delta"": ""(0, -3):1 (0, 2):1"", ""top_line_type"": ""horizontal:2""}]","0,-1",horizontal,172,"(0, 1, 27, 13)",False,"(0, 4, 27, 12)",0,4,"(28, 15)",arc-gen
2,"0,2:1 0,3:1",horizontal:2,2,2,False,"[{""added"": 0, ""added_bbox"": ""None"", ""color"": 3, ""input_count"": 1, ""output_count"": 0, ""pair_count"": 0, ""perfect_size_match"": false, ""removed"": 1, ""removed_bbox"": ""(8, 10, 8, 10)""}, {""added"": 1, ""added_bbox"": ""(4, 12, 4, 12)"", ""color"": 5, ""delta_counts"": {""0,2"": 1}, ""dominant_delta_share"": 1.0, ""dominant_line_share"": 1.0, ""input_count"": 13, ""line_counts"": {""horizontal"": 1}, ""mean_manhattan"": 2.0, ""output_count"": 13, ""pair_count"": 1, ""perfect_size_match"": true, ""removed"": 1, ""removed_bbox"": ""(4, 10, 4, 10)"", ""top_delta"": ""(0, 2):1"", ""top_line_type"": ""horizontal:1""}, {""added"": 1, ""added_bbox"": ""(2, 4, 2, 4)"", ""color"": 6, ""delta_counts"": {""0,3"": 1}, ""dominant_delta_share"": 1.0, ""dominant_line_share"": 1.0, ""input_count"": 13, ""line_counts"": {""horizontal"": 1}, ""mean_manhattan"": 3.0, ""output_count"": 13, ""pair_count"": 1, ""perfect_size_match"": true, ""removed"": 1, ""removed_bbox"": ""(2, 1, 2, 1)"", ""top_delta"": ""(0, 3):1"", ""top_line_type"": ""horizontal:1""}]","0,2",horizontal,173,"(0, 1, 11, 13)",False,"(0, 4, 11, 13)",0,3,"(12, 14)",arc-gen
1,"0,1:1",horizontal:1,2,2,True,"[{""added"": 1, ""added_bbox"": ""(5, 2, 5, 2)"", ""color"": 2, ""delta_counts"": {""0,1"": 1}, ""dominant_delta_share"": 1.0, ""dominant_line_share"": 1.0, ""input_count"": 15, ""line_counts"": {""horizontal"": 1}, ""mean_manhattan"": 1.0, ""output_count"": 15, ""pair_count"": 1, ""perfect_size_match"": true, ""removed"": 1, ""removed_bbox"": ""(5, 1, 5, 1)"", ""top_delta"": ""(0, 1):1"", ""top_line_type"": ""horizontal:1""}, {""added"": 0, ""added_bbox"": ""None"", ""color"": 3, ""input_count"": 14, ""output_count"": 14, ""pair_count"": 0, ""perfect_size_match"": true, ""removed"": 0, ""removed_bbox"": ""None""}]","0,1",horizontal,174,"(0, 1, 13, 10)",True,"(0, 2, 13, 10)",0,1,"(14, 12)",arc-gen
5,"0,-23:1 0,-17:1 0,3:1 0,12:1 0,23:1",horizontal:5,4,4,False,"[{""added"": 0, ""added_bbox"": ""None"", ""color"": 1, ""input_count"": 5, ""output_count"": 0, ""pair_count"": 0, ""perfect_size_match"": false, ""removed"": 5, ""removed_bbox"": ""(0, 1, 13, 21)""}, {""added"": 2, ""added_bbox"": ""(5, 4, 12, 4)"", ""color"": 4, ""delta_counts"": {""0,-17"": 1, ""0,-23"": 1}, ""dominant_delta_share"": 0.5, ""dominant_line_share"": 1.0, ""input_count"": 17, ""line_counts"": {""horizontal"": 2}, ""mean_manhattan"": 20.0, ""output_count"": 17, ""pair_count"": 2, ""perfect_size_match"": true, ""removed"": 2, ""removed_bbox"": ""(5, 21, 12, 27)"", ""top_delta"": ""(0, -23):1 (0, -17):1"", ""top_line_type"": ""horizontal:2""}, {""added"": 1, ""added_bbox"": ""(11, 9, 11, 9)"", ""color"": 5, ""delta_counts"": {""0,3"": 1}, ""dominant_delta_share"": 1.0, ""dominant_line_share"": 1.0, ""input_count"": 16, ""line_counts"": {""horizontal"": 1}, ""mean_manhattan"": 3.0, ""output_count"": 16, ""pair_count"": 1, ""perfect_size_match"": true, ""removed"": 1, ""removed_bbox"": ""(11, 6, 11, 6)"", ""top_delta"": ""(0, 3):1"", ""top_line_type"": ""horizontal:1""}, {""added"": 1, ""added_bbox"": ""(12, 17, 12, 17)"", ""color"": 6, ""delta_counts"": {""0,12"": 1}, ""dominant_delta_share"": 1.0, ""dominant_line_share"": 1.0, ""input_count"": 16, ""line_counts"": {""horizontal"": 1}, ""mean_manhattan"": 12.0, ""output_count"": 16, ""pair_count"": 1, ""perfect_size_match"": true, ""removed"": 1, ""removed_bbox"": ""(12, 5, 12, 5)"", ""top_delta"": ""(0, 12):1"", ""top_line_type"": ""horizontal:1""}, {""added"": 1, ""added_bbox"": ""(0, 23, 0, 23)"", ""color"": 7, ""delta_counts"": {""0,23"": 1}, ""dominant_delta_share"": 1.0, ""dominant_line_share"": 1.0, ""input_count"": 16, ""line_counts"": {""horizontal"": 1}, ""mean_manhattan"": 23.0, ""output_count"": 16, ""pair_count"": 1, ""perfect_size_match"": true, ""removed"": 1, ""removed_bbox"": ""(0, 0, 0, 0)"", ""top_delta"": ""(0, 23):1"", ""top_line_type"": ""horizontal:1""}]","0,-23",horizontal,175,"(0, 0, 14, 27)",False,"(0, 3, 14, 24)",0,10,"(15, 28)",arc-gen
4,"0,1:1 0,-2:1 0,3:1 0,2:1",horizontal:4,2,2,False,"[{""added"": 3, ""added_bbox"": ""(3, 14, 10, 16)"", ""color"": 2, ""delta_counts"": {""0,-2"": 1, ""0,1"": 1, ""0,3"": 1}, ""dominant_delta_share"": 0.3333, ""dominant_line_share"": 1.0, ""input_count"": 18, ""line_counts"": {""horizontal"": 3}, ""mean_manhattan"": 2.0, ""output_count"": 18, ""pair_count"": 3, ""perfect_size_match"": true, ""removed"": 3, ""removed_bbox"": ""(3, 11, 10, 18)"", ""top_delta"": ""(0, 1):1 (0, -2):1 (0, 3):1"", ""top_line_type"": ""horizontal:3""}, {""added"": 0, ""added_bbox"": ""None"", ""color"": 3, ""input_count"": 3, ""output_count"": 0, ""pair_count"": 0, ""perfect_size_match"": false, ""removed"": 3, ""removed_bbox"": ""(1, 4, 10, 12)""}, {""added"": 1, ""added_bbox"": ""(6, 5, 6, 5)"", ""color"": 4, ""delta_counts"": {""0,2"": 1}, ""dominant_delta_share"": 1.0, ""dominant_line_share"": 1.0, ""input_count"": 16, ""line_counts"": {""horizontal"": 1}, ""mean_manhattan"": 2.0, ""output_count"": 16, ""pair_count"": 1, ""perfect_size_match"": true, ""removed"": 1, ""removed_bbox"": ""(6, 3, 6, 3)"", ""top_delta"": ""(0, 2):1"", ""top_line_type"": ""horizontal:1""}]","0,1",horizontal,176,"(0, 3, 14, 18)",False,"(0, 5, 14, 16)",0,7,"(15, 22)",arc-gen
2,"0,-3:2",horizontal:2,2,2,False,"[{""added"": 0, ""added_bbox"": ""None"", ""color"": 1, ""input_count"": 25, ""output_count"": 25, ""pair_count"": 0, ""perfect_size_match"": true, ""removed"": 0, ""removed_bbox"": ""None""}, {""added"": 2, ""added_bbox"": ""(8, 12, 18, 12)"", ""color"": 2, ""delta_counts"": {""0,-3"": 2}, ""dominant_delta_share"": 1.0, ""dominant_line_share"": 1.0, ""input_count"": 27, ""line_counts"": {""horizontal"": 2}, ""mean_manhattan"": 3.0, ""output_count"": 27, ""pair_count"": 2, ""perfect_size_match"": true, ""removed"": 2, ""removed_bbox"": ""(8, 15, 18, 15)"", ""top_delta"": ""(0, -3):2"", ""top_line_type"": ""horizontal:2""}, {""added"": 0, ""added_bbox"": ""None"", ""color"": 5, ""input_count"": 1, ""output_count"": 0, ""pair_count"": 0, ""perfect_size_match"": false, ""removed"": 1, ""removed_bbox"": ""(21, 2, 21, 2)""}]","0,-3",horizontal,177,"(0, 2, 24, 15)",False,"(0, 4, 24, 12)",0,3,"(25, 17)",arc-gen
8,"-2,0:1 18,0:1 1,0:1 13,0:1 -13,0:1 17,0:1 15,0:1 2,0:1",vertical:8,4,4,False,"[{""added"": 1, ""added_bbox"": ""(6, 24, 6, 24)"", ""color"": 2, ""delta_counts"": {""-2,0"": 1}, ""dominant_delta_share"": 1.0, ""dominant_line_share"": 1.0, ""input_count"": 29, ""line_counts"": {""vertical"": 1}, ""mean_manhattan"": 2.0, ""output_count"": 29, ""pair_count"": 1, ""perfect_size_match"": true, ""removed"": 1, ""removed_bbox"": ""(8, 24, 8, 24)"", ""top_delta"": ""(-2, 0):1"", ""top_line_type"": ""vertical:1""}, {""added"": 2, ""added_bbox"": ""(19, 4, 19, 12)"", ""color"": 5, ""delta_counts"": {""1,0"": 1, ""18,0"": 1}, ""dominant_delta_share"": 0.5, ""dominant_line_share"": 1.0, ""input_count"": 30, ""line_counts"": {""vertical"": 2}, ""mean_manhattan"": 9.5, ""output_count"": 30, ""pair_count"": 2, ""perfect_size_match"": true, ""removed"": 2, ""removed_bbox"": ""(1, 4, 18, 12)"", ""top_delta"": ""(18, 0):1 (1, 0):1"", ""top_line_type"": ""vertical:2""}, {""added"": 2, ""added_bbox"": ""(13, 20, 15, 27)"", ""color"": 7, ""delta_counts"": {""-13,0"": 1, ""13,0"": 1}, ""dominant_delta_share"": 0.5, ""dominant_line_share"": 1.0, ""input_count"": 30, ""line_counts"": {""vertical"": 2}, ""mean_manhattan"": 13.0, ""output_count"": 30, ""pair_count"": 2, ""perfect_size_match"": true, ""removed"": 2, ""removed_bbox"": ""(0, 20, 28, 27)"", ""top_delta"": ""(13, 0):1 (-13, 0):1"", ""top_line_type"": ""vertical:2""}, {""added"": 3, ""added_bbox"": ""(25, 14, 25, 24)"", ""color"": 8, ""delta_counts"": {""15,0"": 1, ""17,0"": 1, ""2,0"": 1}, ""dominant_delta_share"": 0.3333, ""dominant_line_share"": 1.0, ""input_count"": 31, ""line_counts"": {""vertical"": 3}, ""mean_manhattan"": 11.3333, ""output_count"": 31, ""pair_count"": 3, ""perfect_size_match"": true, ""removed"": 3, ""removed_bbox"": ""(8, 14, 23, 24)"", ""top_delta"": ""(17, 0):1 (15, 0):1 (2, 0):1"", ""top_line_type"": ""vertical:3""}, {""added"": 0, ""added_bbox"": ""None"", ""color"": 9, ""input_count"": 1, ""output_count"": 0, ""pair_count"": 0, ""perfect_size_match"": false, ""removed"": 1, ""removed_bbox"": ""(10, 7, 10, 7)""}]","-2,0",vertical,178,"(0, 0, 28, 27)",False,"(5, 0, 26, 27)",0,9,"(29, 28)",arc-gen
2,"0,-4:1 0,-2:1",horizontal:2,2,2,True,"[{""added"": 2, ""added_bbox"": ""(8, 6, 10, 6)"", ""color"": 2, ""delta_counts"": {""0,-2"": 1, ""0,-4"": 1}, ""dominant_delta_share"": 0.5, ""dominant_line_share"": 1.0, ""input_count"": 16, ""line_counts"": {""horizontal"": 2}, ""mean_manhattan"": 3.0, ""output_count"": 16, ""pair_count"": 2, ""perfect_size_match"": true, ""removed"": 2, ""removed_bbox"": ""(8, 8, 10, 10)"", ""top_delta"": ""(0, -4):1 (0, -2):1"", ""top_line_type"": ""horizontal:2""}, {""added"": 0, ""added_bbox"": ""None"", ""color"": 3, ""input_count"": 14, ""output_count"": 14, ""pair_count"": 0, ""perfect_size_match"": true, ""removed"": 0, ""removed_bbox"": ""None""}]","0,-4",horizontal,179,"(0, 5, 13, 12)",True,"(0, 5, 13, 12)",0,2,"(14, 13)",arc-gen
6,"-12,0:1 -20,0:1 18,0:1 5,0:1 4,0:1 19,0:1",vertical:6,4,4,False,"[{""added"": 2, ""added_bbox"": ""(6, 8, 6, 11)"", ""color"": 2, ""delta_counts"": {""-12,0"": 1, ""-20,0"": 1}, ""dominant_delta_share"": 0.5, ""dominant_line_share"": 1.0, ""input_count"": 17, ""line_counts"": {""vertical"": 2}, ""mean_manhattan"": 16.0, ""output_count"": 17, ""pair_count"": 2, ""perfect_size_match"": true, ""removed"": 2, ""removed_bbox"": ""(18, 8, 26, 11)"", ""top_delta"": ""(-12, 0):1 (-20, 0):1"", ""top_line_type"": ""vertical:2""}, {""added"": 2, ""added_bbox"": ""(20, 9, 20, 14)"", ""color"": 4, ""delta_counts"": {""18,0"": 1, ""5,0"": 1}, ""dominant_delta_share"": 0.5, ""dominant_line_share"": 1.0, ""input_count"": 17, ""line_counts"": {""vertical"": 2}, ""mean_manhattan"": 11.5, ""output_count"": 17, ""pair_count"": 2, ""perfect_size_match"": true, ""removed"": 2, ""removed_bbox"": ""(2, 9, 15, 14)"", ""top_delta"": ""(18, 0):1 (5, 0):1"", ""top_line_type"": ""vertical:2""}, {""added"": 1, ""added_bbox"": ""(11, 3, 11, 3)"", ""color"": 6, ""delta_counts"": {""4,0"": 1}, ""dominant_delta_share"": 1.0, ""dominant_line_share"": 1.0, ""input_count"": 16, ""line_counts"": {""vertical"": 1}, ""mean_manhattan"": 4.0, ""output_count"": 16, ""pair_count"": 1, ""perfect_size_match"": true, ""removed"": 1, ""removed_bbox"": ""(7, 3, 7, 3)"", ""top_delta"": ""(4, 0):1"", ""top_line_type"": ""vertical:1""}, {""added"": 0, ""added_bbox"": ""None"", ""color"": 7, ""input_count"": 1, ""output_count"": 0, ""pair_count"": 0, ""perfect_size_match"": false, ""removed"": 1, ""removed_bbox"": ""(24, 11, 24, 11)""}, {""added"": 1, ""added_bbox"": ""(27, 10, 27, 10)"", ""color"": 8, ""delta_counts"": {""19,0"": 1}, ""dominant_delta_share"": 1.0, ""dominant_line_share"": 1.0, ""input_count"": 16, ""line_counts"": {""vertical"": 1}, ""mean_manhattan"": 19.0, ""output_count"": 16, ""pair_count"": 1, ""perfect_size_match"": true, ""removed"": 1, ""removed_bbox"": ""(8, 10, 8, 10)"", ""top_delta"": ""(19, 0):1"", ""top_line_type"": ""vertical:1""}]","-12,0",vertical,180,"(2, 0, 28, 14)",False,"(5, 0, 28, 14)",0,7,"(30, 15)",arc-gen
5,"10,0:1 3,0:1 6,0:1 4,0:1 -3,0:1",vertical:5,3,3,False,"[{""added"": 1, ""added_bbox"": ""(19, 3, 19, 3)"", ""color"": 2, ""delta_counts"": {""10,0"": 1}, ""dominant_delta_share"": 1.0, ""dominant_line_share"": 1.0, ""input_count"": 26, ""line_counts"": {""vertical"": 1}, ""mean_manhattan"": 10.0, ""output_count"": 26, ""pair_count"": 1, ""perfect_size_match"": true, ""removed"": 1, ""removed_bbox"": ""(9, 3, 9, 3)"", ""top_delta"": ""(10, 0):1"", ""top_line_type"": ""vertical:1""}, {""added"": 1, ""added_bbox"": ""(3, 18, 3, 18)"", ""color"": 4, ""delta_counts"": {""3,0"": 1}, ""dominant_delta_share"": 1.0, ""dominant_line_share"": 1.0, ""input_count"": 26, ""line_counts"": {""vertical"": 1}, ""mean_manhattan"": 3.0, ""output_count"": 26, ""pair_count"": 1, ""perfect_size_match"": true, ""removed"": 1, ""removed_bbox"": ""(0, 18, 0, 18)"", ""top_delta"": ""(3, 0):1"", ""top_line_type"": ""vertical:1""}, {""added"": 3, ""added_bbox"": ""(12, 6, 14, 11)"", ""color"": 5, ""delta_counts"": {""-3,0"": 1, ""4,0"": 1, ""6,0"": 1}, ""dominant_delta_share"": 0.3333, ""dominant_line_share"": 1.0, ""input_count"": 28, ""line_counts"": {""vertical"": 3}, ""mean_manhattan"": 4.3333, ""output_count"": 28, ""pair_count"": 3, ""perfect_size_match"": true, ""removed"": 3, ""removed_bbox"": ""(6, 6, 17, 11)"", ""top_delta"": ""(6, 0):1 (4, 0):1 (-3, 0):1"", ""top_line_type"": ""vertical:3""}, {""added"": 0, ""added_bbox"": ""None"", ""color"": 9, ""input_count"": 1, ""output_count"": 0, ""pair_count"": 0, ""perfect_size_match"": false, ""removed"": 1, ""removed_bbox"": ""(8, 5, 8, 5)""}]","10,0",vertical,181,"(0, 0, 20, 24)",False,"(3, 0, 20, 24)",0,6,"(26, 25)",arc-gen
5,"0,1:2 0,6:1 0,11:1 0,-5:1",horizontal:5,2,2,False,"[{""added"": 3, ""added_bbox"": ""(8, 12, 20, 12)"", ""color"": 1, ""delta_counts"": {""0,1"": 1, ""0,11"": 1, ""0,6"": 1}, ""dominant_delta_share"": 0.3333, ""dominant_line_share"": 1.0, ""input_count"": 25, ""line_counts"": {""horizontal"": 3}, ""mean_manhattan"": 6.0, ""output_count"": 25, ""pair_count"": 3, ""perfect_size_match"": true, ""removed"": 3, ""removed_bbox"": ""(8, 1, 20, 11)"", ""top_delta"": ""(0, 6):1 (0, 11):1 (0, 1):1"", ""top_line_type"": ""horizontal:3""}, {""added"": 2, ""added_bbox"": ""(3, 3, 13, 5)"", ""color"": 2, ""delta_counts"": {""0,-5"": 1, ""0,1"": 1}, ""dominant_delta_share"": 0.5, ""dominant_line_share"": 1.0, ""input_count"": 24, ""line_counts"": {""horizontal"": 2}, ""mean_manhattan"": 3.0, ""output_count"": 24, ""pair_count"": 2, ""perfect_size_match"": true, ""removed"": 2, ""removed_bbox"": ""(3, 2, 13, 10)"", ""top_delta"": ""(0, -5):1 (0, 1):1"", ""top_line_type"": ""horizontal:2""}, {""added"": 0, ""added_bbox"": ""None"", ""color"": 5, ""input_count"": 1, ""output_count"": 0, ""pair_count"": 0, ""perfect_size_match"": false, ""removed"": 1, ""removed_bbox"": ""(13, 1, 13, 1)""}]","0,1",horizontal,182,"(0, 1, 21, 13)",False,"(0, 3, 21, 13)",0,6,"(22, 20)",arc-gen
2,"-10,0:1 2,0:1",vertical:2,2,2,True,"[{""added"": 1, ""added_bbox"": ""(4, 3, 4, 3)"", ""color"": 1, ""delta_counts"": {""-10,0"": 1}, ""dominant_delta_share"": 1.0, ""dominant_line_share"": 1.0, ""input_count"": 19, ""line_counts"": {""vertical"": 1}, ""mean_manhattan"": 10.0, ""output_count"": 19, ""pair_count"": 1, ""perfect_size_match"": true, ""removed"": 1, ""removed_bbox"": ""(14, 3, 14, 3)"", ""top_delta"": ""(-10, 0):1"", ""top_line_type"": ""vertical:1""}, {""added"": 1, ""added_bbox"": ""(9, 3, 9, 3)"", ""color"": 3, ""delta_counts"": {""2,0"": 1}, ""dominant_delta_share"": 1.0, ""dominant_line_share"": 1.0, ""input_count"": 19, ""line_counts"": {""vertical"": 1}, ""mean_manhattan"": 2.0, ""output_count"": 19, ""pair_count"": 1, ""perfect_size_match"": true, ""removed"": 1, ""removed_bbox"": ""(7, 3, 7, 3)"", ""top_delta"": ""(2, 0):1"", ""top_line_type"": ""vertical:1""}]","-10,0",vertical,183,"(3, 0, 14, 17)",True,"(3, 0, 10, 17)",0,2,"(15, 18)",arc-gen
1,"2,0:1",vertical:1,2,2,True,"[{""added"": 0, ""added_bbox"": ""None"", ""color"": 1, ""input_count"": 26, ""output_count"": 26, ""pair_count"": 0, ""perfect_size_match"": true, ""removed"": 0, ""removed_bbox"": ""None""}, {""added"": 1, ""added_bbox"": ""(12, 14, 12, 14)"", ""color"": 6, ""delta_counts"": {""2,0"": 1}, ""dominant_delta_share"": 1.0, ""dominant_line_share"": 1.0, ""input_count"": 27, ""line_counts"": {""vertical"": 1}, ""mean_manhattan"": 2.0, ""output_count"": 27, ""pair_count"": 1, ""perfect_size_match"": true, ""removed"": 1, ""removed_bbox"": ""(10, 14, 10, 14)"", ""top_delta"": ""(2, 0):1"", ""top_line_type"": ""vertical:1""}]","2,0",vertical,184,"(6, 0, 13, 25)",True,"(6, 0, 13, 25)",0,1,"(14, 26)",arc-gen
2,"1,0:1 11,0:1",vertical:2,2,2,False,"[{""added"": 1, ""added_bbox"": ""(5, 2, 5, 2)"", ""color"": 2, ""delta_counts"": {""1,0"": 1}, ""dominant_delta_share"": 1.0, ""dominant_line_share"": 1.0, ""input_count"": 24, ""line_counts"": {""vertical"": 1}, ""mean_manhattan"": 1.0, ""output_count"": 24, ""pair_count"": 1, ""perfect_size_match"": true, ""removed"": 1, ""removed_bbox"": ""(4, 2, 4, 2)"", ""top_delta"": ""(1, 0):1"", ""top_line_type"": ""vertical:1""}, {""added"": 1, ""added_bbox"": ""(13, 9, 13, 9)"", ""color"": 6, ""delta_counts"": {""11,0"": 1}, ""dominant_delta_share"": 1.0, ""dominant_line_share"": 1.0, ""input_count"": 24, ""line_counts"": {""vertical"": 1}, ""mean_manhattan"": 11.0, ""output_count"": 24, ""pair_count"": 1, ""perfect_size_match"": true, ""removed"": 1, ""removed_bbox"": ""(2, 9, 2, 9)"", ""top_delta"": ""(11, 0):1"", ""top_line_type"": ""vertical:1""}, {""added"": 0, ""added_bbox"": ""None"", ""color"": 9, ""input_count"": 3, ""output_count"": 0, ""pair_count"": 0, ""perfect_size_match"": false, ""removed"": 3, ""removed_bbox"": ""(2, 6, 4, 19)""}]","1,0",vertical,185,"(2, 0, 14, 22)",False,"(5, 0, 14, 22)",0,5,"(15, 23)",arc-gen
4,"2,0:2 6,0:1 -13,0:1",vertical:4,3,3,False,"[{""added"": 0, ""added_bbox"": ""None"", ""color"": 2, ""input_count"": 2, ""output_count"": 0, ""pair_count"": 0, ""perfect_size_match"": false, ""removed"": 2, ""removed_bbox"": ""(1, 8, 15, 10)""}, {""added"": 1, ""added_bbox"": ""(11, 0, 11, 0)"", ""color"": 3, ""delta_counts"": {""2,0"": 1}, ""dominant_delta_share"": 1.0, ""dominant_line_share"": 1.0, ""input_count"": 13, ""line_counts"": {""vertical"": 1}, ""mean_manhattan"": 2.0, ""output_count"": 13, ""pair_count"": 1, ""perfect_size_match"": true, ""removed"": 1, ""removed_bbox"": ""(9, 0, 9, 0)"", ""top_delta"": ""(2, 0):1"", ""top_line_type"": ""vertical:1""}, {""added"": 2, ""added_bbox"": ""(20, 2, 20, 8)"", ""color"": 4, ""delta_counts"": {""2,0"": 1, ""6,0"": 1}, ""dominant_delta_share"": 0.5, ""dominant_line_share"": 1.0, ""input_count"": 14, ""line_counts"": {""vertical"": 2}, ""mean_manhattan"": 4.0, ""output_count"": 14, ""pair_count"": 2, ""perfect_size_match"": true, ""removed"": 2, ""removed_bbox"": ""(14, 2, 18, 8)"", ""top_delta"": ""(6, 0):1 (2, 0):1"", ""top_line_type"": ""vertical:2""}, {""added"": 1, ""added_bbox"": ""(6, 3, 6, 3)"", ""color"": 6, ""delta_counts"": {""-13,0"": 1}, ""dominant_delta_share"": 1.0, ""dominant_line_share"": 1.0, ""input_count"": 13, ""line_counts"": {""vertical"": 1}, ""mean_manhattan"": 13.0, ""output_count"": 13, ""pair_count"": 1, ""perfect_size_match"": true, ""removed"": 1, ""removed_bbox"": ""(19, 3, 19, 3)"", ""top_delta"": ""(-13, 0):1"", ""top_line_type"": ""vertical:1""}]","2,0",vertical,186,"(1, 0, 21, 11)",False,"(5, 0, 21, 11)",0,6,"(28, 12)",arc-gen
4,"0,7:1 0,-5:1 0,-1:1 0,1:1",horizontal:4,4,4,False,"[{""added"": 1, ""added_bbox"": ""(15, 26, 15, 26)"", ""color"": 1, ""delta_counts"": {""0,7"": 1}, ""dominant_delta_share"": 1.0, ""dominant_line_share"": 1.0, ""input_count"": 19, ""line_counts"": {""horizontal"": 1}, ""mean_manhattan"": 7.0, ""output_count"": 19, ""pair_count"": 1, ""perfect_size_match"": true, ""removed"": 1, ""removed_bbox"": ""(15, 19, 15, 19)"", ""top_delta"": ""(0, 7):1"", ""top_line_type"": ""horizontal:1""}, {""added"": 1, ""added_bbox"": ""(14, 5, 14, 5)"", ""color"": 5, ""delta_counts"": {""0,-5"": 1}, ""dominant_delta_share"": 1.0, ""dominant_line_share"": 1.0, ""input_count"": 19, ""line_counts"": {""horizontal"": 1}, ""mean_manhattan"": 5.0, ""output_count"": 19, ""pair_count"": 1, ""perfect_size_match"": true, ""removed"": 1, ""removed_bbox"": ""(14, 10, 14, 10)"", ""top_delta"": ""(0, -5):1"", ""top_line_type"": ""horizontal:1""}, {""added"": 0, ""added_bbox"": ""None"", ""color"": 6, ""input_count"": 1, ""output_count"": 0, ""pair_count"": 0, ""perfect_size_match"": false, ""removed"": 1, ""removed_bbox"": ""(11, 11, 11, 11)""}, {""added"": 1, ""added_bbox"": ""(1, 14, 1, 14)"", ""color"": 7, ""delta_counts"": {""0,-1"": 1}, ""dominant_delta_share"": 1.0, ""dominant_line_share"": 1.0, ""input_count"": 19, ""line_counts"": {""horizontal"": 1}, ""mean_manhattan"": 1.0, ""output_count"": 19, ""pair_count"": 1, ""perfect_size_match"": true, ""removed"": 1, ""removed_bbox"": ""(1, 15, 1, 15)"", ""top_delta"": ""(0, -1):1"", ""top_line_type"": ""horizontal:1""}, {""added"": 1, ""added_bbox"": ""(9, 20, 9, 20)"", ""color"": 9, ""delta_counts"": {""0,1"": 1}, ""dominant_delta_share"": 1.0, ""dominant_line_share"": 1.0, ""input_count"": 19, ""line_counts"": {""horizontal"": 1}, ""mean_manhattan"": 1.0, ""output_count"": 19, ""pair_count"": 1, ""perfect_size_match"": true, ""removed"": 1, ""removed_bbox"": ""(9, 19, 9, 19)"", ""top_delta"": ""(0, 1):1"", ""top_line_type"": ""horizontal:1""}]","0,7",horizontal,187,"(0, 4, 17, 27)",False,"(0, 4, 17, 27)",0,5,"(18, 28)",arc-gen
4,"0,2:2 0,11:1 0,12:1",horizontal:4,2,2,False,"[{""added"": 1, ""added_bbox"": ""(21, 5, 21, 5)"", ""color"": 3, ""delta_counts"": {""0,2"": 1}, ""dominant_delta_share"": 1.0, ""dominant_line_share"": 1.0, ""input_count"": 29, ""line_counts"": {""horizontal"": 1}, ""mean_manhattan"": 2.0, ""output_count"": 29, ""pair_count"": 1, ""perfect_size_match"": true, ""removed"": 1, ""removed_bbox"": ""(21, 3, 21, 3)"", ""top_delta"": ""(0, 2):1"", ""top_line_type"": ""horizontal:1""}, {""added"": 3, ""added_bbox"": ""(1, 12, 17, 12)"", ""color"": 8, ""delta_counts"": {""0,11"": 1, ""0,12"": 1, ""0,2"": 1}, ""dominant_delta_share"": 0.3333, ""dominant_line_share"": 1.0, ""input_count"": 31, ""line_counts"": {""horizontal"": 3}, ""mean_manhattan"": 8.3333, ""output_count"": 31, ""pair_count"": 3, ""perfect_size_match"": true, ""removed"": 3, ""removed_bbox"": ""(1, 0, 17, 10)"", ""top_delta"": ""(0, 2):1 (0, 11):1 (0, 12):1"", ""top_line_type"": ""horizontal:3""}, {""added"": 0, ""added_bbox"": ""None"", ""color"": 9, ""input_count"": 1, ""output_count"": 0, ""pair_count"": 0, ""perfect_size_match"": false, ""removed"": 1, ""removed_bbox"": ""(6, 8, 6, 8)""}]","0,2",horizontal,188,"(0, 0, 27, 13)",False,"(0, 5, 27, 13)",0,5,"(28, 21)",arc-gen
5,"0,13:2 0,-3:1 0,17:1 0,3:1",horizontal:5,3,3,False,"[{""added"": 0, ""added_bbox"": ""None"", ""color"": 1, ""input_count"": 2, ""output_count"": 0, ""pair_count"": 0, ""perfect_size_match"": false, ""removed"": 2, ""removed_bbox"": ""(5, 1, 23, 8)""}, {""added"": 1, ""added_bbox"": ""(6, 4, 6, 4)"", ""color"": 4, ""delta_counts"": {""0,-3"": 1}, ""dominant_delta_share"": 1.0, ""dominant_line_share"": 1.0, ""input_count"": 27, ""line_counts"": {""horizontal"": 1}, ""mean_manhattan"": 3.0, ""output_count"": 27, ""pair_count"": 1, ""perfect_size_match"": true, ""removed"": 1, ""removed_bbox"": ""(6, 7, 6, 7)"", ""top_delta"": ""(0, -3):1"", ""top_line_type"": ""horizontal:1""}, {""added"": 3, ""added_bbox"": ""(6, 18, 15, 18)"", ""color"": 6, ""delta_counts"": {""0,13"": 2, ""0,17"": 1}, ""dominant_delta_share"": 0.6667, ""dominant_line_share"": 1.0, ""input_count"": 29, ""line_counts"": {""horizontal"": 3}, ""mean_manhattan"": 14.3333, ""output_count"": 29, ""pair_count"": 3, ""perfect_size_match"": true, ""removed"": 3, ""removed_bbox"": ""(6, 1, 15, 5)"", ""top_delta"": ""(0, 13):2 (0, 17):1"", ""top_line_type"": ""horizontal:3""}, {""added"": 1, ""added_bbox"": ""(18, 11, 18, 11)"", ""color"": 7, ""delta_counts"": {""0,3"": 1}, ""dominant_delta_share"": 1.0, ""dominant_line_share"": 1.0, ""input_count"": 27, ""line_counts"": {""horizontal"": 1}, ""mean_manhattan"": 3.0, ""output_count"": 27, ""pair_count"": 1, ""perfect_size_match"": true, ""removed"": 1, ""removed_bbox"": ""(18, 8, 18, 8)"", ""top_delta"": ""(0, 3):1"", ""top_line_type"": ""horizontal:1""}]","0,13",horizontal,189,"(0, 1, 25, 19)",False,"(0, 3, 25, 19)",0,7,"(26, 20)",arc-gen
4,"0,2:1 0,1:1 0,12:1 0,-12:1",horizontal:4,2,2,False,"[{""added"": 3, ""added_bbox"": ""(10, 12, 22, 12)"", ""color"": 2, ""delta_counts"": {""0,1"": 1, ""0,12"": 1, ""0,2"": 1}, ""dominant_delta_share"": 0.3333, ""dominant_line_share"": 1.0, ""input_count"": 32, ""line_counts"": {""horizontal"": 3}, ""mean_manhattan"": 5.0, ""output_count"": 32, ""pair_count"": 3, ""perfect_size_match"": true, ""removed"": 3, ""removed_bbox"": ""(10, 0, 22, 11)"", ""top_delta"": ""(0, 2):1 (0, 1):1 (0, 12):1"", ""top_line_type"": ""horizontal:3""}, {""added"": 0, ""added_bbox"": ""None"", ""color"": 3, ""input_count"": 4, ""output_count"": 0, ""pair_count"": 0, ""perfect_size_match"": false, ""removed"": 4, ""removed_bbox"": ""(4, 0, 28, 18)""}, {""added"": 1, ""added_bbox"": ""(1, 5, 1, 5)"", ""color"": 8, ""delta_counts"": {""0,-12"": 1}, ""dominant_delta_share"": 1.0, ""dominant_line_share"": 1.0, ""input_count"": 30, ""line_counts"": {""horizontal"": 1}, ""mean_manhattan"": 12.0, ""output_count"": 30, ""pair_count"": 1, ""perfect_size_match"": true, ""removed"": 1, ""removed_bbox"": ""(1, 17, 1, 17)"", ""top_delta"": ""(0, -12):1"", ""top_line_type"": ""horizontal:1""}]","0,2",horizontal,190,"(0, 0, 28, 18)",False,"(0, 4, 28, 13)",0,8,"(29, 19)",arc-gen
5,"0,17:1 0,18:1 0,2:1 0,-11:1 0,-13:1",horizontal:5,4,4,False,"[{""added"": 1, ""added_bbox"": ""(18, 26, 18, 26)"", ""color"": 2, ""delta_counts"": {""0,17"": 1}, ""dominant_delta_share"": 1.0, ""dominant_line_share"": 1.0, ""input_count"": 23, ""line_counts"": {""horizontal"": 1}, ""mean_manhattan"": 17.0, ""output_count"": 23, ""pair_count"": 1, ""perfect_size_match"": true, ""removed"": 1, ""removed_bbox"": ""(18, 9, 18, 9)"", ""top_delta"": ""(0, 17):1"", ""top_line_type"": ""horizontal:1""}, {""added"": 1, ""added_bbox"": ""(19, 19, 19, 19)"", ""color"": 3, ""delta_counts"": {""0,18"": 1}, ""dominant_delta_share"": 1.0, ""dominant_line_share"": 1.0, ""input_count"": 23, ""line_counts"": {""horizontal"": 1}, ""mean_manhattan"": 18.0, ""output_count"": 23, ""pair_count"": 1, ""perfect_size_match"": true, ""removed"": 1, ""removed_bbox"": ""(19, 1, 19, 1)"", ""top_delta"": ""(0, 18):1"", ""top_line_type"": ""horizontal:1""}, {""added"": 0, ""added_bbox"": ""None"", ""color"": 5, ""input_count"": 1, ""output_count"": 0, ""pair_count"": 0, ""perfect_size_match"": false, ""removed"": 1, ""removed_bbox"": ""(16, 8, 16, 8)""}, {""added"": 2, ""added_bbox"": ""(5, 12, 12, 14)"", ""color"": 6, ""delta_counts"": {""0,-11"": 1, ""0,2"": 1}, ""dominant_delta_share"": 0.5, ""dominant_line_share"": 1.0, ""input_count"": 24, ""line_counts"": {""horizontal"": 2}, ""mean_manhattan"": 6.5, ""output_count"": 24, ""pair_count"": 2, ""perfect_size_match"": true, ""removed"": 2, ""removed_bbox"": ""(5, 10, 12, 25)"", ""top_delta"": ""(0, 2):1 (0, -11):1"", ""top_line_type"": ""horizontal:2""}, {""added"": 1, ""added_bbox"": ""(14, 5, 14, 5)"", ""color"": 9, ""delta_counts"": {""0,-13"": 1}, ""dominant_delta_share"": 1.0, ""dominant_line_share"": 1.0, ""input_count"": 23, ""line_counts"": {""horizontal"": 1}, ""mean_manhattan"": 13.0, ""output_count"": 23, ""pair_count"": 1, ""perfect_size_match"": true, ""removed"": 1, ""removed_bbox"": ""(14, 18, 14, 18)"", ""top_delta"": ""(0, -13):1"", ""top_line_type"": ""horizontal:1""}]","0,17",horizontal,191,"(0, 1, 21, 27)",False,"(0, 4, 21, 27)",0,6,"(22, 30)",arc-gen
3,"0,15:1 0,10:1 0,2:1",horizontal:3,3,3,False,"[{""added"": 2, ""added_bbox"": ""(1, 15, 17, 15)"", ""color"": 2, ""delta_counts"": {""0,10"": 1, ""0,15"": 1}, ""dominant_delta_share"": 0.5, ""dominant_line_share"": 1.0, ""input_count"": 22, ""line_counts"": {""horizontal"": 2}, ""mean_manhattan"": 12.5, ""output_count"": 22, ""pair_count"": 2, ""perfect_size_match"": true, ""removed"": 2, ""removed_bbox"": ""(1, 0, 17, 5)"", ""top_delta"": ""(0, 15):1 (0, 10):1"", ""top_line_type"": ""horizontal:2""}, {""added"": 1, ""added_bbox"": ""(18, 2, 18, 2)"", ""color"": 6, ""delta_counts"": {""0,2"": 1}, ""dominant_delta_share"": 1.0, ""dominant_line_share"": 1.0, ""input_count"": 21, ""line_counts"": {""horizontal"": 1}, ""mean_manhattan"": 2.0, ""output_count"": 21, ""pair_count"": 1, ""perfect_size_match"": true, ""removed"": 1, ""removed_bbox"": ""(18, 0, 18, 0)"", ""top_delta"": ""(0, 2):1"", ""top_line_type"": ""horizontal:1""}, {""added"": 0, ""added_bbox"": ""None"", ""color"": 7, ""input_count"": 1, ""output_count"": 0, ""pair_count"": 0, ""perfect_size_match"": false, ""removed"": 1, ""removed_bbox"": ""(14, 13, 14, 13)""}, {""added"": 0, ""added_bbox"": ""None"", ""color"": 9, ""input_count"": 20, ""output_count"": 20, ""pair_count"": 0, ""perfect_size_match"": true, ""removed"": 0, ""removed_bbox"": ""None""}]","0,15",horizontal,192,"(0, 0, 19, 16)",False,"(0, 2, 19, 16)",0,4,"(20, 17)",arc-gen
3,"0,1:1 0,12:1 0,3:1",horizontal:3,2,2,False,"[{""added"": 2, ""added_bbox"": ""(5, 12, 8, 12)"", ""color"": 3, ""delta_counts"": {""0,1"": 1, ""0,12"": 1}, ""dominant_delta_share"": 0.5, ""dominant_line_share"": 1.0, ""input_count"": 22, ""line_counts"": {""horizontal"": 2}, ""mean_manhattan"": 6.5, ""output_count"": 22, ""pair_count"": 2, ""perfect_size_match"": true, ""removed"": 2, ""removed_bbox"": ""(5, 0, 8, 11)"", ""top_delta"": ""(0, 1):1 (0, 12):1"", ""top_line_type"": ""horizontal:2""}, {""added"": 0, ""added_bbox"": ""None"", ""color"": 5, ""input_count"": 3, ""output_count"": 0, ""pair_count"": 0, ""perfect_size_match"": false, ""removed"": 3, ""removed_bbox"": ""(3, 7, 18, 11)""}, {""added"": 1, ""added_bbox"": ""(17, 4, 17, 4)"", ""color"": 9, ""delta_counts"": {""0,3"": 1}, ""dominant_delta_share"": 1.0, ""dominant_line_share"": 1.0, ""input_count"": 21, ""line_counts"": {""horizontal"": 1}, ""mean_manhattan"": 3.0, ""output_count"": 21, ""pair_count"": 1, ""perfect_size_match"": true, ""removed"": 1, ""removed_bbox"": ""(17, 1, 17, 1)"", ""top_delta"": ""(0, 3):1"", ""top_line_type"": ""horizontal:1""}]","0,1",horizontal,193,"(0, 0, 19, 13)",False,"(0, 4, 19, 13)",0,6,"(20, 14)",arc-gen
1,"0,-2:1",horizontal:1,2,2,False,"[{""added"": 1, ""added_bbox"": ""(9, 5, 9, 5)"", ""color"": 1, ""delta_counts"": {""0,-2"": 1}, ""dominant_delta_share"": 1.0, ""dominant_line_share"": 1.0, ""input_count"": 20, ""line_counts"": {""horizontal"": 1}, ""mean_manhattan"": 2.0, ""output_count"": 20, ""pair_count"": 1, ""perfect_size_match"": true, ""removed"": 1, ""removed_bbox"": ""(9, 7, 9, 7)"", ""top_delta"": ""(0, -2):1"", ""top_line_type"": ""horizontal:1""}, {""added"": 0, ""added_bbox"": ""None"", ""color"": 4, ""input_count"": 1, ""output_count"": 0, ""pair_count"": 0, ""perfect_size_match"": false, ""removed"": 1, ""removed_bbox"": ""(12, 7, 12, 7)""}, {""added"": 0, ""added_bbox"": ""None"", ""color"": 9, ""input_count"": 19, ""output_count"": 19, ""pair_count"": 0, ""perfect_size_match"": true, ""removed"": 0, ""removed_bbox"": ""None""}]","0,-2",horizontal,194,"(0, 4, 18, 12)",False,"(0, 4, 18, 12)",0,2,"(19, 14)",arc-gen
8,"-4,0:2 -9,0:2 -10,0:1 11,0:1 3,0:1 4,0:1",vertical:8,4,4,False,"[{""added"": 0, ""added_bbox"": ""None"", ""color"": 1, ""input_count"": 27, ""output_count"": 27, ""pair_count"": 0, ""perfect_size_match"": true, ""removed"": 0, ""removed_bbox"": ""None""}, {""added"": 3, ""added_bbox"": ""(5, 0, 5, 6)"", ""color"": 2, ""delta_counts"": {""-10,0"": 1, ""-4,0"": 2}, ""dominant_delta_share"": 0.6667, ""dominant_line_share"": 1.0, ""input_count"": 30, ""line_counts"": {""vertical"": 3}, ""mean_manhattan"": 6.0, ""output_count"": 30, ""pair_count"": 3, ""perfect_size_match"": true, ""removed"": 3, ""removed_bbox"": ""(9, 0, 15, 6)"", ""top_delta"": ""(-4, 0):2 (-10, 0):1"", ""top_line_type"": ""vertical:3""}, {""added"": 4, ""added_bbox"": ""(11, 0, 13, 14)"", ""color"": 5, ""delta_counts"": {""-9,0"": 2, ""11,0"": 1, ""3,0"": 1}, ""dominant_delta_share"": 0.5, ""dominant_line_share"": 1.0, ""input_count"": 31, ""line_counts"": {""vertical"": 4}, ""mean_manhattan"": 8.0, ""output_count"": 31, ""pair_count"": 4, ""perfect_size_match"": true, ""removed"": 4, ""removed_bbox"": ""(0, 0, 22, 14)"", ""top_delta"": ""(-9, 0):2 (11, 0):1 (3, 0):1"", ""top_line_type"": ""vertical:4""}, {""added"": 0, ""added_bbox"": ""None"", ""color"": 8, ""input_count"": 2, ""output_count"": 0, ""pair_count"": 0, ""perfect_size_match"": false, ""removed"": 2, ""removed_bbox"": ""(0, 20, 15, 23)""}, {""added"": 1, ""added_bbox"": ""(26, 6, 26, 6)"", ""color"": 9, ""delta_counts"": {""4,0"": 1}, ""dominant_delta_share"": 1.0, ""dominant_line_share"": 1.0, ""input_count"": 28, ""line_counts"": {""vertical"": 1}, ""mean_manhattan"": 4.0, ""output_count"": 28, ""pair_count"": 1, ""perfect_size_match"": true, ""removed"": 1, ""removed_bbox"": ""(22, 6, 22, 6)"", ""top_delta"": ""(4, 0):1"", ""top_line_type"": ""vertical:1""}]","-4,0",vertical,195,"(0, 0, 27, 26)",False,"(4, 0, 27, 26)",0,10,"(30, 27)",arc-gen
5,"0,-5:2 0,3:1 0,2:1 0,10:1",horizontal:5,4,4,False,"[{""added"": 2, ""added_bbox"": ""(12, 18, 18, 20)"", ""color"": 1, ""delta_counts"": {""0,-5"": 1, ""0,3"": 1}, ""dominant_delta_share"": 0.5, ""dominant_line_share"": 1.0, ""input_count"": 29, ""line_counts"": {""horizontal"": 2}, ""mean_manhattan"": 4.0, ""output_count"": 29, ""pair_count"": 2, ""perfect_size_match"": true, ""removed"": 2, ""removed_bbox"": ""(12, 15, 18, 25)"", ""top_delta"": ""(0, 3):1 (0, -5):1"", ""top_line_type"": ""horizontal:2""}, {""added"": 2, ""added_bbox"": ""(3, 10, 15, 10)"", ""color"": 2, ""delta_counts"": {""0,10"": 1, ""0,2"": 1}, ""dominant_delta_share"": 0.5, ""dominant_line_share"": 1.0, ""input_count"": 29, ""line_counts"": {""horizontal"": 2}, ""mean_manhattan"": 6.0, ""output_count"": 29, ""pair_count"": 2, ""perfect_size_match"": true, ""removed"": 2, ""removed_bbox"": ""(3, 0, 15, 8)"", ""top_delta"": ""(0, 2):1 (0, 10):1"", ""top_line_type"": ""horizontal:2""}, {""added"": 0, ""added_bbox"": ""None"", ""color"": 4, ""input_count"": 3, ""output_count"": 0, ""pair_count"": 0, ""perfect_size_match"": false, ""removed"": 3, ""removed_bbox"": ""(14, 6, 26, 9)""}, {""added"": 1, ""added_bbox"": ""(24, 4, 24, 4)"", ""color"": 6, ""delta_counts"": {""0,-5"": 1}, ""dominant_delta_share"": 1.0, ""dominant_line_share"": 1.0, ""input_count"": 28, ""line_counts"": {""horizontal"": 1}, ""mean_manhattan"": 5.0, ""output_count"": 28, ""pair_count"": 1, ""perfect_size_match"": true, ""removed"": 1, ""removed_bbox"": ""(24, 9, 24, 9)"", ""top_delta"": ""(0, -5):1"", ""top_line_type"": ""horizontal:1""}, {""added"": 0, ""added_bbox"": ""None"", ""color"": 9, ""input_count"": 27, ""output_count"": 27, ""pair_count"": 0, ""perfect_size_match"": true, ""removed"": 0, ""removed_bbox"": ""None""}]","0,-5",horizontal,196,"(0, 0, 26, 27)",False,"(0, 3, 26, 27)",0,8,"(27, 30)",arc-gen
2,"-8,0:1 2,0:1",vertical:2,2,2,False,"[{""added"": 1, ""added_bbox"": ""(4, 17, 4, 17)"", ""color"": 1, ""delta_counts"": {""-8,0"": 1}, ""dominant_delta_share"": 1.0, ""dominant_line_share"": 1.0, ""input_count"": 21, ""line_counts"": {""vertical"": 1}, ""mean_manhattan"": 8.0, ""output_count"": 21, ""pair_count"": 1, ""perfect_size_match"": true, ""removed"": 1, ""removed_bbox"": ""(12, 17, 12, 17)"", ""top_delta"": ""(-8, 0):1"", ""top_line_type"": ""vertical:1""}, {""added"": 1, ""added_bbox"": ""(9, 10, 9, 10)"", ""color"": 4, ""delta_counts"": {""2,0"": 1}, ""dominant_delta_share"": 1.0, ""dominant_line_share"": 1.0, ""input_count"": 21, ""line_counts"": {""vertical"": 1}, ""mean_manhattan"": 2.0, ""output_count"": 21, ""pair_count"": 1, ""perfect_size_match"": true, ""removed"": 1, ""removed_bbox"": ""(7, 10, 7, 10)"", ""top_delta"": ""(2, 0):1"", ""top_line_type"": ""vertical:1""}, {""added"": 0, ""added_bbox"": ""None"", ""color"": 9, ""input_count"": 2, ""output_count"": 0, ""pair_count"": 0, ""perfect_size_match"": false, ""removed"": 2, ""removed_bbox"": ""(0, 2, 8, 13)""}]","-8,0",vertical,197,"(0, 0, 12, 19)",False,"(3, 0, 10, 19)",0,4,"(18, 20)",arc-gen
4,"0,8:1 0,3:1 0,2:1 0,-3:1",horizontal:4,2,2,False,"[{""added"": 2, ""added_bbox"": ""(9, 12, 10, 12)"", ""color"": 2, ""delta_counts"": {""0,3"": 1, ""0,8"": 1}, ""dominant_delta_share"": 0.5, ""dominant_line_share"": 1.0, ""input_count"": 14, ""line_counts"": {""horizontal"": 2}, ""mean_manhattan"": 5.5, ""output_count"": 14, ""pair_count"": 2, ""perfect_size_match"": true, ""removed"": 2, ""removed_bbox"": ""(9, 4, 10, 9)"", ""top_delta"": ""(0, 8):1 (0, 3):1"", ""top_line_type"": ""horizontal:2""}, {""added"": 0, ""added_bbox"": ""None"", ""color"": 3, ""input_count"": 1, ""output_count"": 0, ""pair_count"": 0, ""perfect_size_match"": false, ""removed"": 1, ""removed_bbox"": ""(1, 8, 1, 8)""}, {""added"": 2, ""added_bbox"": ""(6, 5, 8, 7)"", ""color"": 7, ""delta_counts"": {""0,-3"": 1, ""0,2"": 1}, ""dominant_delta_share"": 0.5, ""dominant_line_share"": 1.0, ""input_count"": 14, ""line_counts"": {""horizontal"": 2}, ""mean_manhattan"": 2.5, ""output_count"": 14, ""pair_count"": 2, ""perfect_size_match"": true, ""removed"": 2, ""removed_bbox"": ""(6, 3, 8, 10)"", ""top_delta"": ""(0, 2):1 (0, -3):1"", ""top_line_type"": ""horizontal:2""}]","0,8",horizontal,198,"(0, 3, 11, 13)",False,"(0, 5, 11, 13)",0,5,"(12, 20)",arc-gen
2,"2,0:1 -2,0:1",vertical:2,2,2,False,"[{""added"": 2, ""added_bbox"": ""(11, 2, 13, 11)"", ""color"": 1, ""delta_counts"": {""-2,0"": 1, ""2,0"": 1}, ""dominant_delta_share"": 0.5, ""dominant_line_share"": 1.0, ""input_count"": 15, ""line_counts"": {""vertical"": 2}, ""mean_manhattan"": 2.0, ""output_count"": 15, ""pair_count"": 2, ""perfect_size_match"": true, ""removed"": 2, ""removed_bbox"": ""(9, 2, 15, 11)"", ""top_delta"": ""(2, 0):1 (-2, 0):1"", ""top_line_type"": ""vertical:2""}, {""added"": 0, ""added_bbox"": ""None"", ""color"": 8, ""input_count"": 1, ""output_count"": 0, ""pair_count"": 0, ""perfect_size_match"": false, ""removed"": 1, ""removed_bbox"": ""(3, 4, 3, 4)""}, {""added"": 0, ""added_bbox"": ""None"", ""color"": 9, ""input_count"": 13, ""output_count"": 13, ""pair_count"": 0, ""perfect_size_match"": true, ""removed"": 0, ""removed_bbox"": ""None""}]","2,0",vertical,199,"(3, 0, 15, 12)",False,"(6, 0, 13, 12)",0,3,"(17, 13)",arc-gen
4,"9,0:1 -4,0:1 1,0:1 -2,0:1",vertical:4,2,2,False,"[{""added"": 2, ""added_bbox"": ""(10, 6, 12, 13)"", ""color"": 1, ""delta_counts"": {""-4,0"": 1, ""9,0"": 1}, ""dominant_delta_share"": 0.5, ""dominant_line_share"": 1.0, ""input_count"": 24, ""line_counts"": {""vertical"": 2}, ""mean_manhattan"": 6.5, ""output_count"": 24, ""pair_count"": 2, ""perfect_size_match"": true, ""removed"": 2, ""removed_bbox"": ""(1, 6, 16, 13)"", ""top_delta"": ""(9, 0):1 (-4, 0):1"", ""top_line_type"": ""vertical:2""}, {""added"": 2, ""added_bbox"": ""(2, 0, 4, 10)"", ""color"": 3, ""delta_counts"": {""-2,0"": 1, ""1,0"": 1}, ""dominant_delta_share"": 0.5, ""dominant_line_share"": 1.0, ""input_count"": 24, ""line_counts"": {""vertical"": 2}, ""mean_manhattan"": 1.5, ""output_count"": 24, ""pair_count"": 2, ""perfect_size_match"": true, ""removed"": 2, ""removed_bbox"": ""(1, 0, 6, 10)"", ""top_delta"": ""(1, 0):1 (-2, 0):1"", ""top_line_type"": ""vertical:2""}, {""added"": 0, ""added_bbox"": ""None"", ""color"": 9, ""input_count"": 3, ""output_count"": 0, ""pair_count"": 0, ""perfect_size_match"": false, ""removed"": 3, ""removed_bbox"": ""(0, 0, 8, 16)""}]","9,0",vertical,200,"(0, 0, 16, 21)",False,"(2, 0, 12, 21)",0,7,"(17, 22)",arc-gen
5,"-9,0:2 9,0:1 -1,0:1 -5,0:1",vertical:5,2,2,False,"[{""added"": 0, ""added_bbox"": ""None"", ""color"": 2, ""input_count"": 2, ""output_count"": 0, ""pair_count"": 0, ""perfect_size_match"": false, ""removed"": 2, ""removed_bbox"": ""(0, 20, 6, 27)""}, {""added"": 2, ""added_bbox"": ""(10, 12, 12, 26)"", ""color"": 5, ""delta_counts"": {""-1,0"": 1, ""9,0"": 1}, ""dominant_delta_share"": 0.5, ""dominant_line_share"": 1.0, ""input_count"": 30, ""line_counts"": {""vertical"": 2}, ""mean_manhattan"": 5.0, ""output_count"": 30, ""pair_count"": 2, ""perfect_size_match"": true, ""removed"": 2, ""removed_bbox"": ""(1, 12, 13, 26)"", ""top_delta"": ""(9, 0):1 (-1, 0):1"", ""top_line_type"": ""vertical:2""}, {""added"": 3, ""added_bbox"": ""(4, 1, 4, 20)"", ""color"": 6, ""delta_counts"": {""-5,0"": 1, ""-9,0"": 2}, ""dominant_delta_share"": 0.6667, ""dominant_line_share"": 1.0, ""input_count"": 31, ""line_counts"": {""vertical"": 3}, ""mean_manhattan"": 7.6667, ""output_count"": 31, ""pair_count"": 3, ""perfect_size_match"": true, ""removed"": 3, ""removed_bbox"": ""(9, 1, 13, 20)"", ""top_delta"": ""(-9, 0):2 (-5, 0):1"", ""top_line_type"": ""vertical:3""}]","-9,0",vertical,201,"(0, 0, 13, 27)",False,"(3, 0, 12, 27)",0,7,"(14, 28)",arc-gen
3,"0,-1:1 0,16:1 0,17:1",horizontal:3,3,3,False,"[{""added"": 0, ""added_bbox"": ""None"", ""color"": 2, ""input_count"": 23, ""output_count"": 23, ""pair_count"": 0, ""perfect_size_match"": true, ""removed"": 0, ""removed_bbox"": ""None""}, {""added"": 0, ""added_bbox"": ""None"", ""color"": 3, ""input_count"": 2, ""output_count"": 0, ""pair_count"": 0, ""perfect_size_match"": false, ""removed"": 2, ""removed_bbox"": ""(0, 8, 13, 13)""}, {""added"": 1, ""added_bbox"": ""(18, 6, 18, 6)"", ""color"": 5, ""delta_counts"": {""0,-1"": 1}, ""dominant_delta_share"": 1.0, ""dominant_line_share"": 1.0, ""input_count"": 24, ""line_counts"": {""horizontal"": 1}, ""mean_manhattan"": 1.0, ""output_count"": 24, ""pair_count"": 1, ""perfect_size_match"": true, ""removed"": 1, ""removed_bbox"": ""(18, 7, 18, 7)"", ""top_delta"": ""(0, -1):1"", ""top_line_type"": ""horizontal:1""}, {""added"": 2, ""added_bbox"": ""(7, 18, 22, 18)"", ""color"": 6, ""delta_counts"": {""0,16"": 1, ""0,17"": 1}, ""dominant_delta_share"": 0.5, ""dominant_line_share"": 1.0, ""input_count"": 25, ""line_counts"": {""horizontal"": 2}, ""mean_manhattan"": 16.5, ""output_count"": 25, ""pair_count"": 2, ""perfect_size_match"": true, ""removed"": 2, ""removed_bbox"": ""(7, 1, 22, 2)"", ""top_delta"": ""(0, 16):1 (0, 17):1"", ""top_line_type"": ""horizontal:2""}]","0,-1",horizontal,202,"(0, 1, 22, 19)",False,"(0, 5, 22, 19)",0,5,"(23, 20)",arc-gen
4,"0,12:1 0,6:1 0,10:1 0,3:1",horizontal:4,3,3,False,"[{""added"": 3, ""added_bbox"": ""(5, 19, 9, 19)"", ""color"": 2, ""delta_counts"": {""0,10"": 1, ""0,12"": 1, ""0,6"": 1}, ""dominant_delta_share"": 0.3333, ""dominant_line_share"": 1.0, ""input_count"": 23, ""line_counts"": {""horizontal"": 3}, ""mean_manhattan"": 9.3333, ""output_count"": 23, ""pair_count"": 3, ""perfect_size_match"": true, ""removed"": 3, ""removed_bbox"": ""(5, 7, 9, 13)"", ""top_delta"": ""(0, 12):1 (0, 6):1 (0, 10):1"", ""top_line_type"": ""horizontal:3""}, {""added"": 0, ""added_bbox"": ""None"", ""color"": 3, ""input_count"": 4, ""output_count"": 0, ""pair_count"": 0, ""perfect_size_match"": false, ""removed"": 4, ""removed_bbox"": ""(1, 3, 18, 18)""}, {""added"": 1, ""added_bbox"": ""(4, 10, 4, 10)"", ""color"": 4, ""delta_counts"": {""0,3"": 1}, ""dominant_delta_share"": 1.0, ""dominant_line_share"": 1.0, ""input_count"": 21, ""line_counts"": {""horizontal"": 1}, ""mean_manhattan"": 3.0, ""output_count"": 21, ""pair_count"": 1, ""perfect_size_match"": true, ""removed"": 1, ""removed_bbox"": ""(4, 7, 4, 7)"", ""top_delta"": ""(0, 3):1"", ""top_line_type"": ""horizontal:1""}, {""added"": 0, ""added_bbox"": ""None"", ""color"": 9, ""input_count"": 20, ""output_count"": 20, ""pair_count"": 0, ""perfect_size_match"": true, ""removed"": 0, ""removed_bbox"": ""None""}]","0,12",horizontal,203,"(0, 3, 19, 20)",False,"(0, 5, 19, 20)",0,8,"(20, 21)",arc-gen
7,"-14,0:1 1,0:1 -8,0:1 -9,0:1 -17,0:1 18,0:1 2,0:1",vertical:7,3,3,False,"[{""added"": 1, ""added_bbox"": ""(11, 18, 11, 18)"", ""color"": 1, ""delta_counts"": {""-14,0"": 1}, ""dominant_delta_share"": 1.0, ""dominant_line_share"": 1.0, ""input_count"": 29, ""line_counts"": {""vertical"": 1}, ""mean_manhattan"": 14.0, ""output_count"": 29, ""pair_count"": 1, ""perfect_size_match"": true, ""removed"": 1, ""removed_bbox"": ""(25, 18, 25, 18)"", ""top_delta"": ""(-14, 0):1"", ""top_line_type"": ""vertical:1""}, {""added"": 0, ""added_bbox"": ""None"", ""color"": 5, ""input_count"": 2, ""output_count"": 0, ""pair_count"": 0, ""perfect_size_match"": false, ""removed"": 2, ""removed_bbox"": ""(0, 2, 7, 16)""}, {""added"": 4, ""added_bbox"": ""(3, 14, 5, 24)"", ""color"": 6, ""delta_counts"": {""-17,0"": 1, ""-8,0"": 1, ""-9,0"": 1, ""1,0"": 1}, ""dominant_delta_share"": 0.25, ""dominant_line_share"": 1.0, ""input_count"": 32, ""line_counts"": {""vertical"": 4}, ""mean_manhattan"": 8.75, ""output_count"": 32, ""pair_count"": 4, ""perfect_size_match"": true, ""removed"": 4, ""removed_bbox"": ""(2, 14, 22, 24)"", ""top_delta"": ""(1, 0):1 (-8, 0):1 (-9, 0):1 (-17, 0):1"", ""top_line_type"": ""vertical:4""}, {""added"": 2, ""added_bbox"": ""(18, 10, 18, 26)"", ""color"": 9, ""delta_counts"": {""18,0"": 1, ""2,0"": 1}, ""dominant_delta_share"": 0.5, ""dominant_line_share"": 1.0, ""input_count"": 30, ""line_counts"": {""vertical"": 2}, ""mean_manhattan"": 10.0, ""output_count"": 30, ""pair_count"": 2, ""perfect_size_match"": true, ""removed"": 2, ""removed_bbox"": ""(0, 10, 16, 26)"", ""top_delta"": ""(18, 0):1 (2, 0):1"", ""top_line_type"": ""vertical:2""}]","-14,0",vertical,204,"(0, 0, 25, 27)",False,"(3, 0, 19, 27)",0,9,"(26, 28)",arc-gen
2,"-1,0:1 12,0:1",vertical:2,2,2,True,"[{""added"": 1, ""added_bbox"": ""(5, 5, 5, 5)"", ""color"": 3, ""delta_counts"": {""-1,0"": 1}, ""dominant_delta_share"": 1.0, ""dominant_line_share"": 1.0, ""input_count"": 24, ""line_counts"": {""vertical"": 1}, ""mean_manhattan"": 1.0, ""output_count"": 24, ""pair_count"": 1, ""perfect_size_match"": true, ""removed"": 1, ""removed_bbox"": ""(6, 5, 6, 5)"", ""top_delta"": ""(-1, 0):1"", ""top_line_type"": ""vertical:1""}, {""added"": 1, ""added_bbox"": ""(12, 6, 12, 6)"", ""color"": 6, ""delta_counts"": {""12,0"": 1}, ""dominant_delta_share"": 1.0, ""dominant_line_share"": 1.0, ""input_count"": 24, ""line_counts"": {""vertical"": 1}, ""mean_manhattan"": 12.0, ""output_count"": 24, ""pair_count"": 1, ""perfect_size_match"": true, ""removed"": 1, ""removed_bbox"": ""(0, 6, 0, 6)"", ""top_delta"": ""(12, 0):1"", ""top_line_type"": ""vertical:1""}]","-1,0",vertical,205,"(0, 0, 13, 22)",True,"(4, 0, 13, 22)",0,2,"(17, 23)",arc-gen
2,"0,3:1 0,2:1",horizontal:2,2,2,True,"[{""added"": 1, ""added_bbox"": ""(5, 3, 5, 3)"", ""color"": 7, ""delta_counts"": {""0,3"": 1}, ""dominant_delta_share"": 1.0, ""dominant_line_share"": 1.0, ""input_count"": 20, ""line_counts"": {""horizontal"": 1}, ""mean_manhattan"": 3.0, ""output_count"": 20, ""pair_count"": 1, ""perfect_size_match"": true, ""removed"": 1, ""removed_bbox"": ""(5, 0, 5, 0)"", ""top_delta"": ""(0, 3):1"", ""top_line_type"": ""horizontal:1""}, {""added"": 1, ""added_bbox"": ""(6, 9, 6, 9)"", ""color"": 9, ""delta_counts"": {""0,2"": 1}, ""dominant_delta_share"": 1.0, ""dominant_line_share"": 1.0, ""input_count"": 20, ""line_counts"": {""horizontal"": 1}, ""mean_manhattan"": 2.0, ""output_count"": 20, ""pair_count"": 1, ""perfect_size_match"": true, ""removed"": 1, ""removed_bbox"": ""(6, 7, 6, 7)"", ""top_delta"": ""(0, 2):1"", ""top_line_type"": ""horizontal:1""}]","0,3",horizontal,206,"(0, 0, 18, 10)",True,"(0, 3, 18, 10)",0,2,"(19, 12)",arc-gen
2,"0,4:1 0,2:1",horizontal:2,1,1,False,"[{""added"": 0, ""added_bbox"": ""None"", ""color"": 7, ""input_count"": 2, ""output_count"": 0, ""pair_count"": 0, ""perfect_size_match"": false, ""removed"": 2, ""removed_bbox"": ""(1, 8, 3, 11)""}, {""added"": 2, ""added_bbox"": ""(19, 4, 22, 4)"", ""color"": 8, ""delta_counts"": {""0,2"": 1, ""0,4"": 1}, ""dominant_delta_share"": 0.5, ""dominant_line_share"": 1.0, ""input_count"": 25, ""line_counts"": {""horizontal"": 2}, ""mean_manhattan"": 3.0, ""output_count"": 25, ""pair_count"": 2, ""perfect_size_match"": true, ""removed"": 2, ""removed_bbox"": ""(19, 0, 22, 2)"", ""top_delta"": ""(0, 4):1 (0, 2):1"", ""top_line_type"": ""horizontal:2""}]","0,4",horizontal,207,"(0, 0, 22, 11)",False,"(0, 4, 22, 5)",0,4,"(23, 13)",arc-gen
3,"0,2:1 0,-4:1 0,-17:1",horizontal:3,4,4,True,"[{""added"": 1, ""added_bbox"": ""(11, 25, 11, 25)"", ""color"": 2, ""delta_counts"": {""0,2"": 1}, ""dominant_delta_share"": 1.0, ""dominant_line_share"": 1.0, ""input_count"": 15, ""line_counts"": {""horizontal"": 1}, ""mean_manhattan"": 2.0, ""output_count"": 15, ""pair_count"": 1, ""perfect_size_match"": true, ""removed"": 1, ""removed_bbox"": ""(11, 23, 11, 23)"", ""top_delta"": ""(0, 2):1"", ""top_line_type"": ""horizontal:1""}, {""added"": 1, ""added_bbox"": ""(3, 11, 3, 11)"", ""color"": 3, ""delta_counts"": {""0,-4"": 1}, ""dominant_delta_share"": 1.0, ""dominant_line_share"": 1.0, ""input_count"": 15, ""line_counts"": {""horizontal"": 1}, ""mean_manhattan"": 4.0, ""output_count"": 15, ""pair_count"": 1, ""perfect_size_match"": true, ""removed"": 1, ""removed_bbox"": ""(3, 15, 3, 15)"", ""top_delta"": ""(0, -4):1"", ""top_line_type"": ""horizontal:1""}, {""added"": 1, ""added_bbox"": ""(4, 4, 4, 4)"", ""color"": 7, ""delta_counts"": {""0,-17"": 1}, ""dominant_delta_share"": 1.0, ""dominant_line_share"": 1.0, ""input_count"": 15, ""line_counts"": {""horizontal"": 1}, ""mean_manhattan"": 17.0, ""output_count"": 15, ""pair_count"": 1, ""perfect_size_match"": true, ""removed"": 1, ""removed_bbox"": ""(4, 21, 4, 21)"", ""top_delta"": ""(0, -17):1"", ""top_line_type"": ""horizontal:1""}, {""added"": 0, ""added_bbox"": ""None"", ""color"": 8, ""input_count"": 14, ""output_count"": 14, ""pair_count"": 0, ""perfect_size_match"": true, ""removed"": 0, ""removed_bbox"": ""None""}]","0,2",horizontal,208,"(0, 3, 13, 26)",True,"(0, 3, 13, 26)",0,3,"(14, 28)",arc-gen
2,"3,0:1 -1,0:1",vertical:2,2,2,False,"[{""added"": 1, ""added_bbox"": ""(11, 9, 11, 9)"", ""color"": 4, ""delta_counts"": {""3,0"": 1}, ""dominant_delta_share"": 1.0, ""dominant_line_share"": 1.0, ""input_count"": 16, ""line_counts"": {""vertical"": 1}, ""mean_manhattan"": 3.0, ""output_count"": 16, ""pair_count"": 1, ""perfect_size_match"": true, ""removed"": 1, ""removed_bbox"": ""(8, 9, 8, 9)"", ""top_delta"": ""(3, 0):1"", ""top_line_type"": ""vertical:1""}, {""added"": 1, ""added_bbox"": ""(7, 11, 7, 11)"", ""color"": 7, ""delta_counts"": {""-1,0"": 1}, ""dominant_delta_share"": 1.0, ""dominant_line_share"": 1.0, ""input_count"": 16, ""line_counts"": {""vertical"": 1}, ""mean_manhattan"": 1.0, ""output_count"": 16, ""pair_count"": 1, ""perfect_size_match"": true, ""removed"": 1, ""removed_bbox"": ""(8, 11, 8, 11)"", ""top_delta"": ""(-1, 0):1"", ""top_line_type"": ""vertical:1""}, {""added"": 0, ""added_bbox"": ""None"", ""color"": 8, ""input_count"": 3, ""output_count"": 0, ""pair_count"": 0, ""perfect_size_match"": false, ""removed"": 3, ""removed_bbox"": ""(0, 9, 2, 13)""}]","3,0",vertical,209,"(0, 0, 12, 14)",False,"(6, 0, 12, 14)",0,5,"(14, 15)",arc-gen
6,"1,0:2 2,0:1 -5,0:1 3,0:1 -12,0:1",vertical:6,3,3,False,"[{""added"": 2, ""added_bbox"": ""(10, 9, 12, 19)"", ""color"": 1, ""delta_counts"": {""-5,0"": 1, ""2,0"": 1}, ""dominant_delta_share"": 0.5, ""dominant_line_share"": 1.0, ""input_count"": 23, ""line_counts"": {""vertical"": 2}, ""mean_manhattan"": 3.5, ""output_count"": 23, ""pair_count"": 2, ""perfect_size_match"": true, ""removed"": 2, ""removed_bbox"": ""(8, 9, 17, 19)"", ""top_delta"": ""(2, 0):1 (-5, 0):1"", ""top_line_type"": ""vertical:2""}, {""added"": 3, ""added_bbox"": ""(3, 2, 5, 14)"", ""color"": 3, ""delta_counts"": {""-12,0"": 1, ""1,0"": 1, ""3,0"": 1}, ""dominant_delta_share"": 0.3333, ""dominant_line_share"": 1.0, ""input_count"": 24, ""line_counts"": {""vertical"": 3}, ""mean_manhattan"": 5.3333, ""output_count"": 24, ""pair_count"": 3, ""perfect_size_match"": true, ""removed"": 3, ""removed_bbox"": ""(0, 2, 17, 14)"", ""top_delta"": ""(3, 0):1 (1, 0):1 (-12, 0):1"", ""top_line_type"": ""vertical:3""}, {""added"": 0, ""added_bbox"": ""None"", ""color"": 6, ""input_count"": 2, ""output_count"": 0, ""pair_count"": 0, ""perfect_size_match"": false, ""removed"": 2, ""removed_bbox"": ""(7, 15, 17, 20)""}, {""added"": 1, ""added_bbox"": ""(18, 3, 18, 3)"", ""color"": 9, ""delta_counts"": {""1,0"": 1}, ""dominant_delta_share"": 1.0, ""dominant_line_share"": 1.0, ""input_count"": 22, ""line_counts"": {""vertical"": 1}, ""mean_manhattan"": 1.0, ""output_count"": 22, ""pair_count"": 1, ""perfect_size_match"": true, ""removed"": 1, ""removed_bbox"": ""(17, 3, 17, 3)"", ""top_delta"": ""(1, 0):1"", ""top_line_type"": ""vertical:1""}]","1,0",vertical,210,"(0, 0, 19, 20)",False,"(3, 0, 19, 20)",0,8,"(20, 21)",arc-gen
3,"16,0:1 -8,0:1 18,0:1",vertical:3,4,4,False,"[{""added"": 0, ""added_bbox"": ""None"", ""color"": 1, ""input_count"": 17, ""output_count"": 17, ""pair_count"": 0, ""perfect_size_match"": true, ""removed"": 0, ""removed_bbox"": ""None""}, {""added"": 1, ""added_bbox"": ""(18, 7, 18, 7)"", ""color"": 2, ""delta_counts"": {""16,0"": 1}, ""dominant_delta_share"": 1.0, ""dominant_line_share"": 1.0, ""input_count"": 18, ""line_counts"": {""vertical"": 1}, ""mean_manhattan"": 16.0, ""output_count"": 18, ""pair_count"": 1, ""perfect_size_match"": true, ""removed"": 1, ""removed_bbox"": ""(2, 7, 2, 7)"", ""top_delta"": ""(16, 0):1"", ""top_line_type"": ""vertical:1""}, {""added"": 1, ""added_bbox"": ""(13, 15, 13, 15)"", ""color"": 4, ""delta_counts"": {""-8,0"": 1}, ""dominant_delta_share"": 1.0, ""dominant_line_share"": 1.0, ""input_count"": 18, ""line_counts"": {""vertical"": 1}, ""mean_manhattan"": 8.0, ""output_count"": 18, ""pair_count"": 1, ""perfect_size_match"": true, ""removed"": 1, ""removed_bbox"": ""(21, 15, 21, 15)"", ""top_delta"": ""(-8, 0):1"", ""top_line_type"": ""vertical:1""}, {""added"": 0, ""added_bbox"": ""None"", ""color"": 7, ""input_count"": 1, ""output_count"": 0, ""pair_count"": 0, ""perfect_size_match"": false, ""removed"": 1, ""removed_bbox"": ""(1, 2, 1, 2)""}, {""added"": 1, ""added_bbox"": ""(24, 2, 24, 2)"", ""color"": 9, ""delta_counts"": {""18,0"": 1}, ""dominant_delta_share"": 1.0, ""dominant_line_share"": 1.0, ""input_count"": 18, ""line_counts"": {""vertical"": 1}, ""mean_manhattan"": 18.0, ""output_count"": 18, ""pair_count"": 1, ""perfect_size_match"": true, ""removed"": 1, ""removed_bbox"": ""(6, 2, 6, 2)"", ""top_delta"": ""(18, 0):1"", ""top_line_type"": ""vertical:1""}]","16,0",vertical,211,"(1, 0, 25, 16)",False,"(4, 0, 25, 16)",0,4,"(29, 17)",arc-gen
2,"0,9:1 0,3:1",horizontal:2,2,2,True,"[{""added"": 2, ""added_bbox"": ""(3, 10, 4, 10)"", ""color"": 4, ""delta_counts"": {""0,3"": 1, ""0,9"": 1}, ""dominant_delta_share"": 0.5, ""dominant_line_share"": 1.0, ""input_count"": 16, ""line_counts"": {""horizontal"": 2}, ""mean_manhattan"": 6.0, ""output_count"": 16, ""pair_count"": 2, ""perfect_size_match"": true, ""removed"": 2, ""removed_bbox"": ""(3, 1, 4, 7)"", ""top_delta"": ""(0, 9):1 (0, 3):1"", ""top_line_type"": ""horizontal:2""}, {""added"": 0, ""added_bbox"": ""None"", ""color"": 9, ""input_count"": 14, ""output_count"": 14, ""pair_count"": 0, ""perfect_size_match"": true, ""removed"": 0, ""removed_bbox"": ""None""}]","0,9",horizontal,212,"(0, 1, 13, 11)",True,"(0, 5, 13, 11)",0,2,"(14, 13)",arc-gen
1,"0,-8:1",horizontal:1,2,2,False,"[{""added"": 0, ""added_bbox"": ""None"", ""color"": 5, ""input_count"": 15, ""output_count"": 15, ""pair_count"": 0, ""perfect_size_match"": true, ""removed"": 0, ""removed_bbox"": ""None""}, {""added"": 1, ""added_bbox"": ""(13, 5, 13, 5)"", ""color"": 6, ""delta_counts"": {""0,-8"": 1}, ""dominant_delta_share"": 1.0, ""dominant_line_share"": 1.0, ""input_count"": 16, ""line_counts"": {""horizontal"": 1}, ""mean_manhattan"": 8.0, ""output_count"": 16, ""pair_count"": 1, ""perfect_size_match"": true, ""removed"": 1, ""removed_bbox"": ""(13, 13, 13, 13)"", ""top_delta"": ""(0, -8):1"", ""top_line_type"": ""horizontal:1""}, {""added"": 0, ""added_bbox"": ""None"", ""color"": 9, ""input_count"": 1, ""output_count"": 0, ""pair_count"": 0, ""perfect_size_match"": false, ""removed"": 1, ""removed_bbox"": ""(10, 9, 10, 9)""}]","0,-8",horizontal,213,"(0, 4, 14, 13)",False,"(0, 4, 14, 11)",0,2,"(15, 18)",arc-gen
4,"0,1:2 0,-9:1 0,-7:1",horizontal:4,3,3,False,"[{""added"": 0, ""added_bbox"": ""None"", ""color"": 5, ""input_count"": 1, ""output_count"": 0, ""pair_count"": 0, ""perfect_size_match"": false, ""removed"": 1, ""removed_bbox"": ""(1, 12, 1, 12)""}, {""added"": 3, ""added_bbox"": ""(2, 3, 8, 5)"", ""color"": 7, ""delta_counts"": {""0,-7"": 1, ""0,-9"": 1, ""0,1"": 1}, ""dominant_delta_share"": 0.3333, ""dominant_line_share"": 1.0, ""input_count"": 18, ""line_counts"": {""horizontal"": 3}, ""mean_manhattan"": 5.6667, ""output_count"": 18, ""pair_count"": 3, ""perfect_size_match"": true, ""removed"": 3, ""removed_bbox"": ""(2, 2, 8, 14)"", ""top_delta"": ""(0, -9):1 (0, 1):1 (0, -7):1"", ""top_line_type"": ""horizontal:3""}, {""added"": 0, ""added_bbox"": ""None"", ""color"": 8, ""input_count"": 15, ""output_count"": 15, ""pair_count"": 0, ""perfect_size_match"": true, ""removed"": 0, ""removed_bbox"": ""None""}, {""added"": 1, ""added_bbox"": ""(11, 17, 11, 17)"", ""color"": 9, ""delta_counts"": {""0,1"": 1}, ""dominant_delta_share"": 1.0, ""dominant_line_share"": 1.0, ""input_count"": 16, ""line_counts"": {""horizontal"": 1}, ""mean_manhattan"": 1.0, ""output_count"": 16, ""pair_count"": 1, ""perfect_size_match"": true, ""removed"": 1, ""removed_bbox"": ""(11, 16, 11, 16)"", ""top_delta"": ""(0, 1):1"", ""top_line_type"": ""horizontal:1""}]","0,1",horizontal,214,"(0, 2, 14, 18)",False,"(0, 3, 14, 18)",0,5,"(15, 20)",arc-gen
3,"4,0:1 1,0:1 -4,0:1",vertical:3,2,2,True,"[{""added"": 0, ""added_bbox"": ""None"", ""color"": 2, ""input_count"": 23, ""output_count"": 23, ""pair_count"": 0, ""perfect_size_match"": true, ""removed"": 0, ""removed_bbox"": ""None""}, {""added"": 3, ""added_bbox"": ""(13, 1, 15, 16)"", ""color"": 9, ""delta_counts"": {""-4,0"": 1, ""1,0"": 1, ""4,0"": 1}, ""dominant_delta_share"": 0.3333, ""dominant_line_share"": 1.0, ""input_count"": 26, ""line_counts"": {""vertical"": 3}, ""mean_manhattan"": 3.0, ""output_count"": 26, ""pair_count"": 3, ""perfect_size_match"": true, ""removed"": 3, ""removed_bbox"": ""(9, 1, 19, 16)"", ""top_delta"": ""(4, 0):1 (1, 0):1 (-4, 0):1"", ""top_line_type"": ""vertical:3""}]","4,0",vertical,215,"(5, 0, 19, 22)",True,"(5, 0, 15, 22)",0,3,"(21, 23)",arc-gen
11,"-4,0:2 -9,0:2 -18,0:1 16,0:1 11,0:1 3,0:1 13,0:1 10,0:1",vertical:11,3,3,False,"[{""added"": 0, ""added_bbox"": ""None"", ""color"": 1, ""input_count"": 4, ""output_count"": 0, ""pair_count"": 0, ""perfect_size_match"": false, ""removed"": 4, ""removed_bbox"": ""(1, 3, 16, 22)""}, {""added"": 3, ""added_bbox"": ""(7, 20, 7, 25)"", ""color"": 2, ""delta_counts"": {""-18,0"": 1, ""-4,0"": 1, ""-9,0"": 1}, ""dominant_delta_share"": 0.3333, ""dominant_line_share"": 1.0, ""input_count"": 31, ""line_counts"": {""vertical"": 3}, ""mean_manhattan"": 10.3333, ""output_count"": 31, ""pair_count"": 3, ""perfect_size_match"": true, ""removed"": 3, ""removed_bbox"": ""(11, 20, 25, 25)"", ""top_delta"": ""(-4, 0):1 (-9, 0):1 (-18, 0):1"", ""top_line_type"": ""vertical:3""}, {""added"": 4, ""added_bbox"": ""(20, 1, 22, 23)"", ""color"": 3, ""delta_counts"": {""-4,0"": 1, ""11,0"": 1, ""16,0"": 1, ""3,0"": 1}, ""dominant_delta_share"": 0.25, ""dominant_line_share"": 1.0, ""input_count"": 32, ""line_counts"": {""vertical"": 4}, ""mean_manhattan"": 8.5, ""output_count"": 32, ""pair_count"": 4, ""perfect_size_match"": true, ""removed"": 4, ""removed_bbox"": ""(4, 1, 26, 23)"", ""top_delta"": ""(16, 0):1 (11, 0):1 (3, 0):1 (-4, 0):1"", ""top_line_type"": ""vertical:4""}, {""added"": 4, ""added_bbox"": ""(13, 6, 15, 22)"", ""color"": 5, ""delta_counts"": {""-2,0"": 1, ""-9,0"": 1, ""10,0"": 1, ""13,0"": 1}, ""dominant_delta_share"": 0.25, ""dominant_line_share"": 1.0, ""input_count"": 32, ""line_counts"": {""vertical"": 4}, ""mean_manhattan"": 8.5, ""output_count"": 32, ""pair_count"": 4, ""perfect_size_match"": true, ""removed"": 4, ""removed_bbox"": ""(0, 6, 24, 22)"", ""top_delta"": ""(13, 0):1 (10, 0):1 (-2, 0):1 (-9, 0):1"", ""top_line_type"": ""vertical:4""}]","-4,0",vertical,216,"(0, 0, 26, 27)",False,"(6, 0, 22, 27)",0,15,"(27, 28)",arc-gen
4,"3,0:1 -4,0:1 10,0:1 -3,0:1",vertical:4,3,3,False,"[{""added"": 2, ""added_bbox"": ""(21, 1, 23, 20)"", ""color"": 3, ""delta_counts"": {""-4,0"": 1, ""3,0"": 1}, ""dominant_delta_share"": 0.5, ""dominant_line_share"": 1.0, ""input_count"": 32, ""line_counts"": {""vertical"": 2}, ""mean_manhattan"": 3.5, ""output_count"": 32, ""pair_count"": 2, ""perfect_size_match"": true, ""removed"": 2, ""removed_bbox"": ""(18, 1, 27, 20)"", ""top_delta"": ""(3, 0):1 (-4, 0):1"", ""top_line_type"": ""vertical:2""}, {""added"": 0, ""added_bbox"": ""None"", ""color"": 5, ""input_count"": 30, ""output_count"": 30, ""pair_count"": 0, ""perfect_size_match"": true, ""removed"": 0, ""removed_bbox"": ""None""}, {""added"": 0, ""added_bbox"": ""None"", ""color"": 6, ""input_count"": 1, ""output_count"": 0, ""pair_count"": 0, ""perfect_size_match"": false, ""removed"": 1, ""removed_bbox"": ""(25, 5, 25, 5)""}, {""added"": 2, ""added_bbox"": ""(13, 1, 15, 6)"", ""color"": 7, ""delta_counts"": {""-3,0"": 1, ""10,0"": 1}, ""dominant_delta_share"": 0.5, ""dominant_line_share"": 1.0, ""input_count"": 32, ""line_counts"": {""vertical"": 2}, ""mean_manhattan"": 6.5, ""output_count"": 32, ""pair_count"": 2, ""perfect_size_match"": true, ""removed"": 2, ""removed_bbox"": ""(3, 1, 18, 6)"", ""top_delta"": ""(10, 0):1 (-3, 0):1"", ""top_line_type"": ""vertical:2""}]","3,0",vertical,217,"(3, 0, 27, 29)",False,"(5, 0, 23, 29)",0,5,"(28, 30)",arc-gen
3,"0,-1:1 0,13:1 0,1:1",horizontal:3,3,3,False,"[{""added"": 0, ""added_bbox"": ""None"", ""color"": 2, ""input_count"": 13, ""output_count"": 13, ""pair_count"": 0, ""perfect_size_match"": true, ""removed"": 0, ""removed_bbox"": ""None""}, {""added"": 0, ""added_bbox"": ""None"", ""color"": 3, ""input_count"": 13, ""output_count"": 13, ""pair_count"": 0, ""perfect_size_match"": true, ""removed"": 0, ""removed_bbox"": ""None""}, {""added"": 3, ""added_bbox"": ""(1, 14, 12, 16)"", ""color"": 8, ""delta_counts"": {""0,-1"": 1, ""0,1"": 1, ""0,13"": 1}, ""dominant_delta_share"": 0.3333, ""dominant_line_share"": 1.0, ""input_count"": 16, ""line_counts"": {""horizontal"": 3}, ""mean_manhattan"": 5.0, ""output_count"": 16, ""pair_count"": 3, ""perfect_size_match"": true, ""removed"": 3, ""removed_bbox"": ""(1, 1, 12, 17)"", ""top_delta"": ""(0, -1):1 (0, 13):1 (0, 1):1"", ""top_line_type"": ""horizontal:3""}, {""added"": 0, ""added_bbox"": ""None"", ""color"": 9, ""input_count"": 1, ""output_count"": 0, ""pair_count"": 0, ""perfect_size_match"": false, ""removed"": 1, ""removed_bbox"": ""(7, 1, 7, 1)""}]","0,-1",horizontal,218,"(0, 1, 12, 24)",False,"(0, 6, 12, 24)",0,4,"(13, 26)",arc-gen
3,"0,1:1 0,17:1 0,-2:1",horizontal:3,4,4,True,"[{""added"": 1, ""added_bbox"": ""(4, 11, 4, 11)"", ""color"": 1, ""delta_counts"": {""0,1"": 1}, ""dominant_delta_share"": 1.0, ""dominant_line_share"": 1.0, ""input_count"": 15, ""line_counts"": {""horizontal"": 1}, ""mean_manhattan"": 1.0, ""output_count"": 15, ""pair_count"": 1, ""perfect_size_match"": true, ""removed"": 1, ""removed_bbox"": ""(4, 10, 4, 10)"", ""top_delta"": ""(0, 1):1"", ""top_line_type"": ""horizontal:1""}, {""added"": 0, ""added_bbox"": ""None"", ""color"": 5, ""input_count"": 14, ""output_count"": 14, ""pair_count"": 0, ""perfect_size_match"": true, ""removed"": 0, ""removed_bbox"": ""None""}, {""added"": 1, ""added_bbox"": ""(10, 26, 10, 26)"", ""color"": 7, ""delta_counts"": {""0,17"": 1}, ""dominant_delta_share"": 1.0, ""dominant_line_share"": 1.0, ""input_count"": 15, ""line_counts"": {""horizontal"": 1}, ""mean_manhattan"": 17.0, ""output_count"": 15, ""pair_count"": 1, ""perfect_size_match"": true, ""removed"": 1, ""removed_bbox"": ""(10, 9, 10, 9)"", ""top_delta"": ""(0, 17):1"", ""top_line_type"": ""horizontal:1""}, {""added"": 1, ""added_bbox"": ""(7, 5, 7, 5)"", ""color"": 8, ""delta_counts"": {""0,-2"": 1}, ""dominant_delta_share"": 1.0, ""dominant_line_share"": 1.0, ""input_count"": 15, ""line_counts"": {""horizontal"": 1}, ""mean_manhattan"": 2.0, ""output_count"": 15, ""pair_count"": 1, ""perfect_size_match"": true, ""removed"": 1, ""removed_bbox"": ""(7, 7, 7, 7)"", ""top_delta"": ""(0, -2):1"", ""top_line_type"": ""horizontal:1""}]","0,1",horizontal,219,"(0, 4, 13, 27)",True,"(0, 4, 13, 27)",0,3,"(14, 29)",arc-gen
2,"0,-9:1 0,3:1",horizontal:2,2,2,False,"[{""added"": 1, ""added_bbox"": ""(20, 5, 20, 5)"", ""color"": 3, ""delta_counts"": {""0,-9"": 1}, ""dominant_delta_share"": 1.0, ""dominant_line_share"": 1.0, ""input_count"": 26, ""line_counts"": {""horizontal"": 1}, ""mean_manhattan"": 9.0, ""output_count"": 26, ""pair_count"": 1, ""perfect_size_match"": true, ""removed"": 1, ""removed_bbox"": ""(20, 14, 20, 14)"", ""top_delta"": ""(0, -9):1"", ""top_line_type"": ""horizontal:1""}, {""added"": 1, ""added_bbox"": ""(20, 9, 20, 9)"", ""color"": 4, ""delta_counts"": {""0,3"": 1}, ""dominant_delta_share"": 1.0, ""dominant_line_share"": 1.0, ""input_count"": 26, ""line_counts"": {""horizontal"": 1}, ""mean_manhattan"": 3.0, ""output_count"": 26, ""pair_count"": 1, ""perfect_size_match"": true, ""removed"": 1, ""removed_bbox"": ""(20, 6, 20, 6)"", ""top_delta"": ""(0, 3):1"", ""top_line_type"": ""horizontal:1""}, {""added"": 0, ""added_bbox"": ""None"", ""color"": 7, ""input_count"": 2, ""output_count"": 0, ""pair_count"": 0, ""perfect_size_match"": false, ""removed"": 2, ""removed_bbox"": ""(1, 6, 10, 13)""}]","0,-9",horizontal,220,"(0, 4, 24, 14)",False,"(0, 4, 24, 10)",0,4,"(25, 16)",arc-gen
3,"0,5:1 0,4:1 0,-4:1",horizontal:3,1,1,False,"[{""added"": 3, ""added_bbox"": ""(7, 5, 17, 7)"", ""color"": 2, ""delta_counts"": {""0,-4"": 1, ""0,4"": 1, ""0,5"": 1}, ""dominant_delta_share"": 0.3333, ""dominant_line_share"": 1.0, ""input_count"": 23, ""line_counts"": {""horizontal"": 3}, ""mean_manhattan"": 4.3333, ""output_count"": 23, ""pair_count"": 3, ""perfect_size_match"": true, ""removed"": 3, ""removed_bbox"": ""(7, 0, 17, 11)"", ""top_delta"": ""(0, 5):1 (0, 4):1 (0, -4):1"", ""top_line_type"": ""horizontal:3""}, {""added"": 0, ""added_bbox"": ""None"", ""color"": 9, ""input_count"": 1, ""output_count"": 0, ""pair_count"": 0, ""perfect_size_match"": false, ""removed"": 1, ""removed_bbox"": ""(3, 11, 3, 11)""}]","0,5",horizontal,221,"(0, 0, 19, 11)",False,"(0, 5, 19, 7)",0,4,"(20, 13)",arc-gen
2,"2,0:1 1,0:1",vertical:2,1,1,False,"[{""added"": 0, ""added_bbox"": ""None"", ""color"": 3, ""input_count"": 2, ""output_count"": 0, ""pair_count"": 0, ""perfect_size_match"": false, ""removed"": 2, ""removed_bbox"": ""(8, 0, 11, 15)""}, {""added"": 2, ""added_bbox"": ""(4, 8, 4, 13)"", ""color"": 6, ""delta_counts"": {""1,0"": 1, ""2,0"": 1}, ""dominant_delta_share"": 0.5, ""dominant_line_share"": 1.0, ""input_count"": 20, ""line_counts"": {""vertical"": 2}, ""mean_manhattan"": 1.5, ""output_count"": 20, ""pair_count"": 2, ""perfect_size_match"": true, ""removed"": 2, ""removed_bbox"": ""(2, 8, 3, 13)"", ""top_delta"": ""(2, 0):1 (1, 0):1"", ""top_line_type"": ""vertical:2""}]","2,0",vertical,222,"(2, 0, 11, 17)",False,"(4, 0, 5, 17)",0,4,"(12, 18)",arc-gen
3,"0,-1:1 0,13:1 0,11:1",horizontal:3,3,3,False,"[{""added"": 0, ""added_bbox"": ""None"", ""color"": 2, ""input_count"": 1, ""output_count"": 0, ""pair_count"": 0, ""perfect_size_match"": false, ""removed"": 1, ""removed_bbox"": ""(3, 5, 3, 5)""}, {""added"": 1, ""added_bbox"": ""(9, 4, 9, 4)"", ""color"": 4, ""delta_counts"": {""0,-1"": 1}, ""dominant_delta_share"": 1.0, ""dominant_line_share"": 1.0, ""input_count"": 13, ""line_counts"": {""horizontal"": 1}, ""mean_manhattan"": 1.0, ""output_count"": 13, ""pair_count"": 1, ""perfect_size_match"": true, ""removed"": 1, ""removed_bbox"": ""(9, 5, 9, 5)"", ""top_delta"": ""(0, -1):1"", ""top_line_type"": ""horizontal:1""}, {""added"": 1, ""added_bbox"": ""(4, 19, 4, 19)"", ""color"": 7, ""delta_counts"": {""0,13"": 1}, ""dominant_delta_share"": 1.0, ""dominant_line_share"": 1.0, ""input_count"": 13, ""line_counts"": {""horizontal"": 1}, ""mean_manhattan"": 13.0, ""output_count"": 13, ""pair_count"": 1, ""perfect_size_match"": true, ""removed"": 1, ""removed_bbox"": ""(4, 6, 4, 6)"", ""top_delta"": ""(0, 13):1"", ""top_line_type"": ""horizontal:1""}, {""added"": 1, ""added_bbox"": ""(8, 11, 8, 11)"", ""color"": 9, ""delta_counts"": {""0,11"": 1}, ""dominant_delta_share"": 1.0, ""dominant_line_share"": 1.0, ""input_count"": 13, ""line_counts"": {""horizontal"": 1}, ""mean_manhattan"": 11.0, ""output_count"": 13, ""pair_count"": 1, ""perfect_size_match"": true, ""removed"": 1, ""removed_bbox"": ""(8, 0, 8, 0)"", ""top_delta"": ""(0, 11):1"", ""top_line_type"": ""horizontal:1""}]","0,-1",horizontal,223,"(0, 0, 11, 20)",False,"(0, 3, 11, 20)",0,4,"(12, 21)",arc-gen
3,"0,5:1 0,-3:1 0,3:1",horizontal:3,3,3,False,"[{""added"": 1, ""added_bbox"": ""(0, 20, 0, 20)"", ""color"": 1, ""delta_counts"": {""0,5"": 1}, ""dominant_delta_share"": 1.0, ""dominant_line_share"": 1.0, ""input_count"": 17, ""line_counts"": {""horizontal"": 1}, ""mean_manhattan"": 5.0, ""output_count"": 17, ""pair_count"": 1, ""perfect_size_match"": true, ""removed"": 1, ""removed_bbox"": ""(0, 15, 0, 15)"", ""top_delta"": ""(0, 5):1"", ""top_line_type"": ""horizontal:1""}, {""added"": 1, ""added_bbox"": ""(2, 14, 2, 14)"", ""color"": 5, ""delta_counts"": {""0,-3"": 1}, ""dominant_delta_share"": 1.0, ""dominant_line_share"": 1.0, ""input_count"": 17, ""line_counts"": {""horizontal"": 1}, ""mean_manhattan"": 3.0, ""output_count"": 17, ""pair_count"": 1, ""perfect_size_match"": true, ""removed"": 1, ""removed_bbox"": ""(2, 17, 2, 17)"", ""top_delta"": ""(0, -3):1"", ""top_line_type"": ""horizontal:1""}, {""added"": 0, ""added_bbox"": ""None"", ""color"": 7, ""input_count"": 1, ""output_count"": 0, ""pair_count"": 0, ""perfect_size_match"": false, ""removed"": 1, ""removed_bbox"": ""(9, 9, 9, 9)""}, {""added"": 1, ""added_bbox"": ""(12, 5, 12, 5)"", ""color"": 8, ""delta_counts"": {""0,3"": 1}, ""dominant_delta_share"": 1.0, ""dominant_line_share"": 1.0, ""input_count"": 17, ""line_counts"": {""horizontal"": 1}, ""mean_manhattan"": 3.0, ""output_count"": 17, ""pair_count"": 1, ""perfect_size_match"": true, ""removed"": 1, ""removed_bbox"": ""(12, 2, 12, 2)"", ""top_delta"": ""(0, 3):1"", ""top_line_type"": ""horizontal:1""}]","0,5",horizontal,224,"(0, 2, 15, 21)",False,"(0, 5, 15, 21)",0,4,"(16, 22)",arc-gen
7,"2,0:1 -2,0:1 -4,0:1 -9,0:1 -13,0:1 -17,0:1 12,0:1",vertical:7,3,3,True,"[{""added"": 6, ""added_bbox"": ""(5, 0, 7, 24)"", ""color"": 3, ""delta_counts"": {""-13,0"": 1, ""-17,0"": 1, ""-2,0"": 1, ""-4,0"": 1, ""-9,0"": 1, ""2,0"": 1}, ""dominant_delta_share"": 0.1667, ""dominant_line_share"": 1.0, ""input_count"": 32, ""line_counts"": {""vertical"": 6}, ""mean_manhattan"": 7.8333, ""output_count"": 32, ""pair_count"": 6, ""perfect_size_match"": true, ""removed"": 6, ""removed_bbox"": ""(3, 0, 24, 24)"", ""top_delta"": ""(2, 0):1 (-2, 0):1 (-4, 0):1 (-9, 0):1 (-13, 0):1"", ""top_line_type"": ""vertical:6""}, {""added"": 0, ""added_bbox"": ""None"", ""color"": 8, ""input_count"": 26, ""output_count"": 26, ""pair_count"": 0, ""perfect_size_match"": true, ""removed"": 0, ""removed_bbox"": ""None""}, {""added"": 1, ""added_bbox"": ""(13, 6, 13, 6)"", ""color"": 9, ""delta_counts"": {""12,0"": 1}, ""dominant_delta_share"": 1.0, ""dominant_line_share"": 1.0, ""input_count"": 27, ""line_counts"": {""vertical"": 1}, ""mean_manhattan"": 12.0, ""output_count"": 27, ""pair_count"": 1, ""perfect_size_match"": true, ""removed"": 1, ""removed_bbox"": ""(1, 6, 1, 6)"", ""top_delta"": ""(12, 0):1"", ""top_line_type"": ""vertical:1""}]","2,0",vertical,225,"(1, 0, 24, 25)",True,"(5, 0, 22, 25)",0,7,"(27, 26)",arc-gen
0,,,1,1,False,"[{""added"": 0, ""added_bbox"": ""None"", ""color"": 4, ""input_count"": 14, ""output_count"": 14, ""pair_count"": 0, ""perfect_size_match"": true, ""removed"": 0, ""removed_bbox"": ""None""}, {""added"": 0, ""added_bbox"": ""None"", ""color"": 5, ""input_count"": 1, ""output_count"": 0, ""pair_count"": 0, ""perfect_size_match"": false, ""removed"": 1, ""removed_bbox"": ""(10, 7, 10, 7)""}]",,,226,"(0, 5, 13, 7)",False,"(0, 5, 13, 5)",0,1,"(14, 13)",arc-gen
7,"0,3:1 0,2:1 0,-1:1 0,-9:1 0,5:1 0,11:1 0,-2:1",horizontal:7,2,2,False,"[{""added"": 4, ""added_bbox"": ""(2, 3, 12, 5)"", ""color"": 2, ""delta_counts"": {""0,-1"": 1, ""0,-9"": 1, ""0,2"": 1, ""0,3"": 1}, ""dominant_delta_share"": 0.25, ""dominant_line_share"": 1.0, ""input_count"": 26, ""line_counts"": {""horizontal"": 4}, ""mean_manhattan"": 3.75, ""output_count"": 26, ""pair_count"": 4, ""perfect_size_match"": true, ""removed"": 4, ""removed_bbox"": ""(2, 0, 12, 14)"", ""top_delta"": ""(0, 3):1 (0, 2):1 (0, -1):1 (0, -9):1"", ""top_line_type"": ""horizontal:4""}, {""added"": 3, ""added_bbox"": ""(2, 11, 12, 13)"", ""color"": 6, ""delta_counts"": {""0,-2"": 1, ""0,11"": 1, ""0,5"": 1}, ""dominant_delta_share"": 0.3333, ""dominant_line_share"": 1.0, ""input_count"": 25, ""line_counts"": {""horizontal"": 3}, ""mean_manhattan"": 6.0, ""output_count"": 25, ""pair_count"": 3, ""perfect_size_match"": true, ""removed"": 3, ""removed_bbox"": ""(2, 0, 12, 15)"", ""top_delta"": ""(0, 5):1 (0, 11):1 (0, -2):1"", ""top_line_type"": ""horizontal:3""}, {""added"": 0, ""added_bbox"": ""None"", ""color"": 8, ""input_count"": 3, ""output_count"": 0, ""pair_count"": 0, ""perfect_size_match"": false, ""removed"": 3, ""removed_bbox"": ""(3, 0, 11, 10)""}]","0,3",horizontal,227,"(0, 0, 21, 15)",False,"(0, 3, 21, 13)",0,10,"(22, 16)",arc-gen
5,"0,20:1 0,19:1 0,-3:1 0,-5:1 0,8:1",horizontal:5,3,3,False,"[{""added"": 0, ""added_bbox"": ""None"", ""color"": 1, ""input_count"": 27, ""output_count"": 27, ""pair_count"": 0, ""perfect_size_match"": true, ""removed"": 0, ""removed_bbox"": ""None""}, {""added"": 2, ""added_bbox"": ""(14, 20, 20, 20)"", ""color"": 3, ""delta_counts"": {""0,19"": 1, ""0,20"": 1}, ""dominant_delta_share"": 0.5, ""dominant_line_share"": 1.0, ""input_count"": 29, ""line_counts"": {""horizontal"": 2}, ""mean_manhattan"": 19.5, ""output_count"": 29, ""pair_count"": 2, ""perfect_size_match"": true, ""removed"": 2, ""removed_bbox"": ""(14, 0, 20, 1)"", ""top_delta"": ""(0, 20):1 (0, 19):1"", ""top_line_type"": ""horizontal:2""}, {""added"": 0, ""added_bbox"": ""None"", ""color"": 4, ""input_count"": 3, ""output_count"": 0, ""pair_count"": 0, ""perfect_size_match"": false, ""removed"": 3, ""removed_bbox"": ""(1, 8, 22, 18)""}, {""added"": 3, ""added_bbox"": ""(5, 11, 22, 13)"", ""color"": 5, ""delta_counts"": {""0,-3"": 1, ""0,-5"": 1, ""0,8"": 1}, ""dominant_delta_share"": 0.3333, ""dominant_line_share"": 1.0, ""input_count"": 30, ""line_counts"": {""horizontal"": 3}, ""mean_manhattan"": 5.3333, ""output_count"": 30, ""pair_count"": 3, ""perfect_size_match"": true, ""removed"": 3, ""removed_bbox"": ""(5, 3, 22, 18)"", ""top_delta"": ""(0, -3):1 (0, -5):1 (0, 8):1"", ""top_line_type"": ""horizontal:3""}]","0,20",horizontal,228,"(0, 0, 26, 21)",False,"(0, 6, 26, 21)",0,8,"(27, 26)",arc-gen
1,"2,0:1",vertical:1,3,3,False,"[{""added"": 0, ""added_bbox"": ""None"", ""color"": 1, ""input_count"": 28, ""output_count"": 28, ""pair_count"": 0, ""perfect_size_match"": true, ""removed"": 0, ""removed_bbox"": ""None""}, {""added"": 0, ""added_bbox"": ""None"", ""color"": 5, ""input_count"": 28, ""output_count"": 28, ""pair_count"": 0, ""perfect_size_match"": true, ""removed"": 0, ""removed_bbox"": ""None""}, {""added"": 1, ""added_bbox"": ""(8, 22, 8, 22)"", ""color"": 8, ""delta_counts"": {""2,0"": 1}, ""dominant_delta_share"": 1.0, ""dominant_line_share"": 1.0, ""input_count"": 29, ""line_counts"": {""vertical"": 1}, ""mean_manhattan"": 2.0, ""output_count"": 29, ""pair_count"": 1, ""perfect_size_match"": true, ""removed"": 1, ""removed_bbox"": ""(6, 22, 6, 22)"", ""top_delta"": ""(2, 0):1"", ""top_line_type"": ""vertical:1""}, {""added"": 0, ""added_bbox"": ""None"", ""color"": 9, ""input_count"": 3, ""output_count"": 0, ""pair_count"": 0, ""perfect_size_match"": false, ""removed"": 3, ""removed_bbox"": ""(1, 6, 5, 27)""}]","2,0",vertical,229,"(1, 0, 16, 27)",False,"(3, 0, 16, 27)",0,4,"(17, 28)",arc-gen
0,,,1,1,False,"[{""added"": 0, ""added_bbox"": ""None"", ""color"": 2, ""input_count"": 16, ""output_count"": 16, ""pair_count"": 0, ""perfect_size_match"": true, ""removed"": 0, ""removed_bbox"": ""None""}, {""added"": 0, ""added_bbox"": ""None"", ""color"": 7, ""input_count"": 4, ""output_count"": 0, ""pair_count"": 0, ""perfect_size_match"": false, ""removed"": 4, ""removed_bbox"": ""(0, 1, 11, 4)""}]",,,230,"(0, 1, 15, 6)",False,"(0, 6, 15, 6)",0,4,"(16, 12)",arc-gen
5,"2,0:2 1,0:2 -2,0:1",vertical:5,2,2,True,"[{""added"": 1, ""added_bbox"": ""(6, 4, 6, 4)"", ""color"": 3, ""delta_counts"": {""-2,0"": 1}, ""dominant_delta_share"": 1.0, ""dominant_line_share"": 1.0, ""input_count"": 31, ""line_counts"": {""vertical"": 1}, ""mean_manhattan"": 2.0, ""output_count"": 31, ""pair_count"": 1, ""perfect_size_match"": true, ""removed"": 1, ""removed_bbox"": ""(8, 4, 8, 4)"", ""top_delta"": ""(-2, 0):1"", ""top_line_type"": ""vertical:1""}, {""added"": 4, ""added_bbox"": ""(11, 0, 11, 23)"", ""color"": 6, ""delta_counts"": {""1,0"": 2, ""2,0"": 2}, ""dominant_delta_share"": 0.5, ""dominant_line_share"": 1.0, ""input_count"": 34, ""line_counts"": {""vertical"": 4}, ""mean_manhattan"": 1.5, ""output_count"": 34, ""pair_count"": 4, ""perfect_size_match"": true, ""removed"": 4, ""removed_bbox"": ""(9, 0, 10, 23)"", ""top_delta"": ""(2, 0):2 (1, 0):2"", ""top_line_type"": ""vertical:4""}]","2,0",vertical,231,"(5, 0, 12, 29)",True,"(5, 0, 12, 29)",0,5,"(15, 30)",arc-gen
2,"0,3:1 0,1:1",horizontal:2,2,2,False,"[{""added"": 1, ""added_bbox"": ""(5, 3, 5, 3)"", ""color"": 1, ""delta_counts"": {""0,3"": 1}, ""dominant_delta_share"": 1.0, ""dominant_line_share"": 1.0, ""input_count"": 16, ""line_counts"": {""horizontal"": 1}, ""mean_manhattan"": 3.0, ""output_count"": 16, ""pair_count"": 1, ""perfect_size_match"": true, ""removed"": 1, ""removed_bbox"": ""(5, 0, 5, 0)"", ""top_delta"": ""(0, 3):1"", ""top_line_type"": ""horizontal:1""}, {""added"": 0, ""added_bbox"": ""None"", ""color"": 4, ""input_count"": 1, ""output_count"": 0, ""pair_count"": 0, ""perfect_size_match"": false, ""removed"": 1, ""removed_bbox"": ""(5, 2, 5, 2)""}, {""added"": 1, ""added_bbox"": ""(14, 10, 14, 10)"", ""color"": 5, ""delta_counts"": {""0,1"": 1}, ""dominant_delta_share"": 1.0, ""dominant_line_share"": 1.0, ""input_count"": 16, ""line_counts"": {""horizontal"": 1}, ""mean_manhattan"": 1.0, ""output_count"": 16, ""pair_count"": 1, ""perfect_size_match"": true, ""removed"": 1, ""removed_bbox"": ""(14, 9, 14, 9)"", ""top_delta"": ""(0, 1):1"", ""top_line_type"": ""horizontal:1""}]","0,3",horizontal,232,"(0, 0, 14, 11)",False,"(0, 3, 14, 11)",0,3,"(15, 13)",arc-gen
2,"0,2:1 0,-6:1",horizontal:2,1,1,False,"[{""added"": 2, ""added_bbox"": ""(4, 4, 20, 6)"", ""color"": 2, ""delta_counts"": {""0,-6"": 1, ""0,2"": 1}, ""dominant_delta_share"": 0.5, ""dominant_line_share"": 1.0, ""input_count"": 27, ""line_counts"": {""horizontal"": 2}, ""mean_manhattan"": 4.0, ""output_count"": 27, ""pair_count"": 2, ""perfect_size_match"": true, ""removed"": 2, ""removed_bbox"": ""(4, 2, 20, 12)"", ""top_delta"": ""(0, 2):1 (0, -6):1"", ""top_line_type"": ""horizontal:2""}, {""added"": 0, ""added_bbox"": ""None"", ""color"": 8, ""input_count"": 3, ""output_count"": 0, ""pair_count"": 0, ""perfect_size_match"": false, ""removed"": 3, ""removed_bbox"": ""(6, 7, 20, 12)""}]","0,2",horizontal,233,"(0, 2, 24, 12)",False,"(0, 4, 24, 6)",0,5,"(25, 14)",arc-gen
1,"0,2:1",horizontal:1,2,2,True,"[{""added"": 0, ""added_bbox"": ""None"", ""color"": 6, ""input_count"": 20, ""output_count"": 20, ""pair_count"": 0, ""perfect_size_match"": true, ""removed"": 0, ""removed_bbox"": ""None""}, {""added"": 1, ""added_bbox"": ""(3, 3, 3, 3)"", ""color"": 9, ""delta_counts"": {""0,2"": 1}, ""dominant_delta_share"": 1.0, ""dominant_line_share"": 1.0, ""input_count"": 21, ""line_counts"": {""horizontal"": 1}, ""mean_manhattan"": 2.0, ""output_count"": 21, ""pair_count"": 1, ""perfect_size_match"": true, ""removed"": 1, ""removed_bbox"": ""(3, 1, 3, 1)"", ""top_delta"": ""(0, 2):1"", ""top_line_type"": ""horizontal:1""}]","0,2",horizontal,234,"(0, 1, 19, 13)",True,"(0, 3, 19, 13)",0,1,"(20, 15)",arc-gen
1,"0,17:1",horizontal:1,3,3,False,"[{""added"": 1, ""added_bbox"": ""(4, 17, 4, 17)"", ""color"": 1, ""delta_counts"": {""0,17"": 1}, ""dominant_delta_share"": 1.0, ""dominant_line_share"": 1.0, ""input_count"": 15, ""line_counts"": {""horizontal"": 1}, ""mean_manhattan"": 17.0, ""output_count"": 15, ""pair_count"": 1, ""perfect_size_match"": true, ""removed"": 1, ""removed_bbox"": ""(4, 0, 4, 0)"", ""top_delta"": ""(0, 17):1"", ""top_line_type"": ""horizontal:1""}, {""added"": 0, ""added_bbox"": ""None"", ""color"": 4, ""input_count"": 2, ""output_count"": 0, ""pair_count"": 0, ""perfect_size_match"": false, ""removed"": 2, ""removed_bbox"": ""(8, 0, 12, 5)""}, {""added"": 0, ""added_bbox"": ""None"", ""color"": 5, ""input_count"": 14, ""output_count"": 14, ""pair_count"": 0, ""perfect_size_match"": true, ""removed"": 0, ""removed_bbox"": ""None""}, {""added"": 0, ""added_bbox"": ""None"", ""color"": 7, ""input_count"": 14, ""output_count"": 14, ""pair_count"": 0, ""perfect_size_match"": true, ""removed"": 0, ""removed_bbox"": ""None""}]","0,17",horizontal,235,"(0, 0, 13, 18)",False,"(0, 3, 13, 18)",0,3,"(14, 20)",arc-gen
3,"0,-5:1 0,8:1 0,-12:1",horizontal:3,3,3,True,"[{""added"": 2, ""added_bbox"": ""(5, 9, 24, 11)"", ""color"": 2, ""delta_counts"": {""0,-5"": 1, ""0,8"": 1}, ""dominant_delta_share"": 0.5, ""dominant_line_share"": 1.0, ""input_count"": 31, ""line_counts"": {""horizontal"": 2}, ""mean_manhattan"": 6.5, ""output_count"": 31, ""pair_count"": 2, ""perfect_size_match"": true, ""removed"": 2, ""removed_bbox"": ""(5, 1, 24, 16)"", ""top_delta"": ""(0, -5):1 (0, 8):1"", ""top_line_type"": ""horizontal:2""}, {""added"": 1, ""added_bbox"": ""(21, 5, 21, 5)"", ""color"": 3, ""delta_counts"": {""0,-12"": 1}, ""dominant_delta_share"": 1.0, ""dominant_line_share"": 1.0, ""input_count"": 30, ""line_counts"": {""horizontal"": 1}, ""mean_manhattan"": 12.0, ""output_count"": 30, ""pair_count"": 1, ""perfect_size_match"": true, ""removed"": 1, ""removed_bbox"": ""(21, 17, 21, 17)"", ""top_delta"": ""(0, -12):1"", ""top_line_type"": ""horizontal:1""}, {""added"": 0, ""added_bbox"": ""None"", ""color"": 5, ""input_count"": 29, ""output_count"": 29, ""pair_count"": 0, ""perfect_size_match"": true, ""removed"": 0, ""removed_bbox"": ""None""}]","0,-5",horizontal,236,"(0, 1, 28, 19)",True,"(0, 4, 28, 19)",0,3,"(29, 21)",arc-gen
2,"2,0:1 5,0:1",vertical:2,2,2,False,"[{""added"": 1, ""added_bbox"": ""(5, 0, 5, 0)"", ""color"": 4, ""delta_counts"": {""2,0"": 1}, ""dominant_delta_share"": 1.0, ""dominant_line_share"": 1.0, ""input_count"": 21, ""line_counts"": {""vertical"": 1}, ""mean_manhattan"": 2.0, ""output_count"": 21, ""pair_count"": 1, ""perfect_size_match"": true, ""removed"": 1, ""removed_bbox"": ""(3, 0, 3, 0)"", ""top_delta"": ""(2, 0):1"", ""top_line_type"": ""vertical:1""}, {""added"": 1, ""added_bbox"": ""(13, 7, 13, 7)"", ""color"": 5, ""delta_counts"": {""5,0"": 1}, ""dominant_delta_share"": 1.0, ""dominant_line_share"": 1.0, ""input_count"": 21, ""line_counts"": {""vertical"": 1}, ""mean_manhattan"": 5.0, ""output_count"": 21, ""pair_count"": 1, ""perfect_size_match"": true, ""removed"": 1, ""removed_bbox"": ""(8, 7, 8, 7)"", ""top_delta"": ""(5, 0):1"", ""top_line_type"": ""vertical:1""}, {""added"": 0, ""added_bbox"": ""None"", ""color"": 8, ""input_count"": 2, ""output_count"": 0, ""pair_count"": 0, ""perfect_size_match"": false, ""removed"": 2, ""removed_bbox"": ""(11, 12, 17, 13)""}]","2,0",vertical,237,"(3, 0, 17, 19)",False,"(5, 0, 14, 19)",0,4,"(18, 20)",arc-gen
3,"0,1:2 0,9:1",horizontal:3,2,2,False,"[{""added"": 1, ""added_bbox"": ""(8, 4, 8, 4)"", ""color"": 1, ""delta_counts"": {""0,1"": 1}, ""dominant_delta_share"": 1.0, ""dominant_line_share"": 1.0, ""input_count"": 27, ""line_counts"": {""horizontal"": 1}, ""mean_manhattan"": 1.0, ""output_count"": 27, ""pair_count"": 1, ""perfect_size_match"": true, ""removed"": 1, ""removed_bbox"": ""(8, 3, 8, 3)"", ""top_delta"": ""(0, 1):1"", ""top_line_type"": ""horizontal:1""}, {""added"": 2, ""added_bbox"": ""(5, 10, 10, 10)"", ""color"": 3, ""delta_counts"": {""0,1"": 1, ""0,9"": 1}, ""dominant_delta_share"": 0.5, ""dominant_line_share"": 1.0, ""input_count"": 28, ""line_counts"": {""horizontal"": 2}, ""mean_manhattan"": 5.0, ""output_count"": 28, ""pair_count"": 2, ""perfect_size_match"": true, ""removed"": 2, ""removed_bbox"": ""(5, 1, 10, 9)"", ""top_delta"": ""(0, 9):1 (0, 1):1"", ""top_line_type"": ""horizontal:2""}, {""added"": 0, ""added_bbox"": ""None"", ""color"": 8, ""input_count"": 2, ""output_count"": 0, ""pair_count"": 0, ""perfect_size_match"": false, ""removed"": 2, ""removed_bbox"": ""(5, 0, 17, 7)""}]","0,1",horizontal,238,"(0, 0, 25, 11)",False,"(0, 4, 25, 11)",0,5,"(26, 13)",arc-gen
8,"-11,0:1 -23,0:1 -25,0:1 15,0:1 2,0:1 -19,0:1 18,0:1 3,0:1",vertical:8,4,4,False,"[{""added"": 3, ""added_bbox"": ""(4, 0, 4, 11)"", ""color"": 1, ""delta_counts"": {""-11,0"": 1, ""-23,0"": 1, ""-25,0"": 1}, ""dominant_delta_share"": 0.3333, ""dominant_line_share"": 1.0, ""input_count"": 16, ""line_counts"": {""vertical"": 3}, ""mean_manhattan"": 19.6667, ""output_count"": 16, ""pair_count"": 3, ""perfect_size_match"": true, ""removed"": 3, ""removed_bbox"": ""(15, 0, 29, 11)"", ""top_delta"": ""(-11, 0):1 (-23, 0):1 (-25, 0):1"", ""top_line_type"": ""vertical:3""}, {""added"": 1, ""added_bbox"": ""(16, 0, 16, 0)"", ""color"": 2, ""delta_counts"": {""15,0"": 1}, ""dominant_delta_share"": 1.0, ""dominant_line_share"": 1.0, ""input_count"": 14, ""line_counts"": {""vertical"": 1}, ""mean_manhattan"": 15.0, ""output_count"": 14, ""pair_count"": 1, ""perfect_size_match"": true, ""removed"": 1, ""removed_bbox"": ""(1, 0, 1, 0)"", ""top_delta"": ""(15, 0):1"", ""top_line_type"": ""vertical:1""}, {""added"": 2, ""added_bbox"": ""(8, 4, 10, 8)"", ""color"": 6, ""delta_counts"": {""-19,0"": 1, ""2,0"": 1}, ""dominant_delta_share"": 0.5, ""dominant_line_share"": 1.0, ""input_count"": 15, ""line_counts"": {""vertical"": 2}, ""mean_manhattan"": 10.5, ""output_count"": 15, ""pair_count"": 2, ""perfect_size_match"": true, ""removed"": 2, ""removed_bbox"": ""(6, 4, 29, 8)"", ""top_delta"": ""(2, 0):1 (-19, 0):1"", ""top_line_type"": ""vertical:2""}, {""added"": 2, ""added_bbox"": ""(23, 9, 23, 12)"", ""color"": 8, ""delta_counts"": {""18,0"": 1, ""3,0"": 1}, ""dominant_delta_share"": 0.5, ""dominant_line_share"": 1.0, ""input_count"": 15, ""line_counts"": {""vertical"": 2}, ""mean_manhattan"": 10.5, ""output_count"": 15, ""pair_count"": 2, ""perfect_size_match"": true, ""removed"": 2, ""removed_bbox"": ""(5, 9, 20, 12)"", ""top_delta"": ""(18, 0):1 (3, 0):1"", ""top_line_type"": ""vertical:2""}, {""added"": 0, ""added_bbox"": ""None"", ""color"": 9, ""input_count"": 2, ""output_count"": 0, ""pair_count"": 0, ""perfect_size_match"": false, ""removed"": 2, ""removed_bbox"": ""(0, 0, 7, 2)""}]","-11,0",vertical,239,"(0, 0, 29, 12)",False,"(3, 0, 24, 12)",0,10,"(30, 13)",arc-gen
3,"0,-1:2 0,-4:1",horizontal:3,1,1,False,"[{""added"": 0, ""added_bbox"": ""None"", ""color"": 5, ""input_count"": 4, ""output_count"": 0, ""pair_count"": 0, ""perfect_size_match"": false, ""removed"": 4, ""removed_bbox"": ""(4, 1, 21, 9)""}, {""added"": 3, ""added_bbox"": ""(13, 6, 19, 6)"", ""color"": 9, ""delta_counts"": {""0,-1"": 2, ""0,-4"": 1}, ""dominant_delta_share"": 0.6667, ""dominant_line_share"": 1.0, ""input_count"": 28, ""line_counts"": {""horizontal"": 3}, ""mean_manhattan"": 2.0, ""output_count"": 28, ""pair_count"": 3, ""perfect_size_match"": true, ""removed"": 3, ""removed_bbox"": ""(13, 7, 19, 10)"", ""top_delta"": ""(0, -1):2 (0, -4):1"", ""top_line_type"": ""horizontal:3""}]","0,-1",horizontal,240,"(0, 1, 24, 10)",False,"(0, 5, 24, 6)",0,7,"(25, 13)",arc-gen
3,"0,3:1 0,1:1 0,-7:1",horizontal:3,2,2,False,"[{""added"": 0, ""added_bbox"": ""None"", ""color"": 2, ""input_count"": 2, ""output_count"": 0, ""pair_count"": 0, ""perfect_size_match"": false, ""removed"": 2, ""removed_bbox"": ""(0, 1, 14, 12)""}, {""added"": 2, ""added_bbox"": ""(1, 9, 18, 9)"", ""color"": 7, ""delta_counts"": {""0,1"": 1, ""0,3"": 1}, ""dominant_delta_share"": 0.5, ""dominant_line_share"": 1.0, ""input_count"": 22, ""line_counts"": {""horizontal"": 2}, ""mean_manhattan"": 2.0, ""output_count"": 22, ""pair_count"": 2, ""perfect_size_match"": true, ""removed"": 2, ""removed_bbox"": ""(1, 6, 18, 8)"", ""top_delta"": ""(0, 3):1 (0, 1):1"", ""top_line_type"": ""horizontal:2""}, {""added"": 1, ""added_bbox"": ""(9, 5, 9, 5)"", ""color"": 9, ""delta_counts"": {""0,-7"": 1}, ""dominant_delta_share"": 1.0, ""dominant_line_share"": 1.0, ""input_count"": 21, ""line_counts"": {""horizontal"": 1}, ""mean_manhattan"": 7.0, ""output_count"": 21, ""pair_count"": 1, ""perfect_size_match"": true, ""removed"": 1, ""removed_bbox"": ""(9, 12, 9, 12)"", ""top_delta"": ""(0, -7):1"", ""top_line_type"": ""horizontal:1""}]","0,3",horizontal,241,"(0, 1, 19, 12)",False,"(0, 4, 19, 10)",0,5,"(20, 13)",arc-gen
6,"0,22:1 0,20:1 0,16:1 0,8:1 0,-9:1 0,4:1",horizontal:6,4,4,False,"[{""added"": 3, ""added_bbox"": ""(13, 23, 16, 23)"", ""color"": 2, ""delta_counts"": {""0,16"": 1, ""0,20"": 1, ""0,22"": 1}, ""dominant_delta_share"": 0.3333, ""dominant_line_share"": 1.0, ""input_count"": 21, ""line_counts"": {""horizontal"": 3}, ""mean_manhattan"": 19.3333, ""output_count"": 21, ""pair_count"": 3, ""perfect_size_match"": true, ""removed"": 3, ""removed_bbox"": ""(13, 1, 16, 7)"", ""top_delta"": ""(0, 22):1 (0, 20):1 (0, 16):1"", ""top_line_type"": ""horizontal:3""}, {""added"": 2, ""added_bbox"": ""(6, 10, 8, 12)"", ""color"": 3, ""delta_counts"": {""0,-9"": 1, ""0,8"": 1}, ""dominant_delta_share"": 0.5, ""dominant_line_share"": 1.0, ""input_count"": 20, ""line_counts"": {""horizontal"": 2}, ""mean_manhattan"": 8.5, ""output_count"": 20, ""pair_count"": 2, ""perfect_size_match"": true, ""removed"": 2, ""removed_bbox"": ""(6, 2, 8, 21)"", ""top_delta"": ""(0, 8):1 (0, -9):1"", ""top_line_type"": ""horizontal:2""}, {""added"": 0, ""added_bbox"": ""None"", ""color"": 7, ""input_count"": 18, ""output_count"": 18, ""pair_count"": 0, ""perfect_size_match"": true, ""removed"": 0, ""removed_bbox"": ""None""}, {""added"": 0, ""added_bbox"": ""None"", ""color"": 8, ""input_count"": 1, ""output_count"": 0, ""pair_count"": 0, ""perfect_size_match"": false, ""removed"": 1, ""removed_bbox"": ""(11, 14, 11, 14)""}, {""added"": 1, ""added_bbox"": ""(14, 4, 14, 4)"", ""color"": 9, ""delta_counts"": {""0,4"": 1}, ""dominant_delta_share"": 1.0, ""dominant_line_share"": 1.0, ""input_count"": 19, ""line_counts"": {""horizontal"": 1}, ""mean_manhattan"": 4.0, ""output_count"": 19, ""pair_count"": 1, ""perfect_size_match"": true, ""removed"": 1, ""removed_bbox"": ""(14, 0, 14, 0)"", ""top_delta"": ""(0, 4):1"", ""top_line_type"": ""horizontal:1""}]","0,22",horizontal,242,"(0, 0, 17, 24)",False,"(0, 4, 17, 24)",0,7,"(18, 29)",arc-gen
3,"4,0:2 -1,0:1",vertical:3,2,2,False,"[{""added"": 0, ""added_bbox"": ""None"", ""color"": 6, ""input_count"": 2, ""output_count"": 0, ""pair_count"": 0, ""perfect_size_match"": false, ""removed"": 2, ""removed_bbox"": ""(16, 6, 16, 12)""}, {""added"": 2, ""added_bbox"": ""(5, 2, 7, 9)"", ""color"": 7, ""delta_counts"": {""-1,0"": 1, ""4,0"": 1}, ""dominant_delta_share"": 0.5, ""dominant_line_share"": 1.0, ""input_count"": 22, ""line_counts"": {""vertical"": 2}, ""mean_manhattan"": 2.5, ""output_count"": 22, ""pair_count"": 2, ""perfect_size_match"": true, ""removed"": 2, ""removed_bbox"": ""(1, 2, 8, 9)"", ""top_delta"": ""(4, 0):1 (-1, 0):1"", ""top_line_type"": ""vertical:2""}, {""added"": 1, ""added_bbox"": ""(13, 9, 13, 9)"", ""color"": 8, ""delta_counts"": {""4,0"": 1}, ""dominant_delta_share"": 1.0, ""dominant_line_share"": 1.0, ""input_count"": 21, ""line_counts"": {""vertical"": 1}, ""mean_manhattan"": 4.0, ""output_count"": 21, ""pair_count"": 1, ""perfect_size_match"": true, ""removed"": 1, ""removed_bbox"": ""(9, 9, 9, 9)"", ""top_delta"": ""(4, 0):1"", ""top_line_type"": ""vertical:1""}]","4,0",vertical,243,"(1, 0, 16, 19)",False,"(5, 0, 14, 19)",0,5,"(17, 20)",arc-gen
8,"2,0:2 -6,0:1 -8,0:1 12,0:1 3,0:1 -14,0:1 16,0:1",vertical:8,4,4,False,"[{""added"": 0, ""added_bbox"": ""None"", ""color"": 2, ""input_count"": 1, ""output_count"": 0, ""pair_count"": 0, ""perfect_size_match"": false, ""removed"": 1, ""removed_bbox"": ""(22, 13, 22, 13)""}, {""added"": 2, ""added_bbox"": ""(4, 11, 6, 18)"", ""color"": 3, ""delta_counts"": {""-6,0"": 1, ""2,0"": 1}, ""dominant_delta_share"": 0.5, ""dominant_line_share"": 1.0, ""input_count"": 32, ""line_counts"": {""vertical"": 2}, ""mean_manhattan"": 4.0, ""output_count"": 32, ""pair_count"": 2, ""perfect_size_match"": true, ""removed"": 2, ""removed_bbox"": ""(2, 11, 12, 18)"", ""top_delta"": ""(2, 0):1 (-6, 0):1"", ""top_line_type"": ""vertical:2""}, {""added"": 1, ""added_bbox"": ""(21, 10, 21, 10)"", ""color"": 4, ""delta_counts"": {""-8,0"": 1}, ""dominant_delta_share"": 1.0, ""dominant_line_share"": 1.0, ""input_count"": 31, ""line_counts"": {""vertical"": 1}, ""mean_manhattan"": 8.0, ""output_count"": 31, ""pair_count"": 1, ""perfect_size_match"": true, ""removed"": 1, ""removed_bbox"": ""(29, 10, 29, 10)"", ""top_delta"": ""(-8, 0):1"", ""top_line_type"": ""vertical:1""}, {""added"": 3, ""added_bbox"": ""(13, 9, 15, 23)"", ""color"": 6, ""delta_counts"": {""-14,0"": 1, ""12,0"": 1, ""3,0"": 1}, ""dominant_delta_share"": 0.3333, ""dominant_line_share"": 1.0, ""input_count"": 33, ""line_counts"": {""vertical"": 3}, ""mean_manhattan"": 9.6667, ""output_count"": 33, ""pair_count"": 3, ""perfect_size_match"": true, ""removed"": 3, ""removed_bbox"": ""(1, 9, 29, 23)"", ""top_delta"": ""(12, 0):1 (3, 0):1 (-14, 0):1"", ""top_line_type"": ""vertical:3""}, {""added"": 2, ""added_bbox"": ""(26, 8, 26, 28)"", ""color"": 7, ""delta_counts"": {""16,0"": 1, ""2,0"": 1}, ""dominant_delta_share"": 0.5, ""dominant_line_share"": 1.0, ""input_count"": 32, ""line_counts"": {""vertical"": 2}, ""mean_manhattan"": 9.0, ""output_count"": 32, ""pair_count"": 2, ""perfect_size_match"": true, ""removed"": 2, ""removed_bbox"": ""(10, 8, 24, 28)"", ""top_delta"": ""(16, 0):1 (2, 0):1"", ""top_line_type"": ""vertical:2""}]","2,0",vertical,244,"(1, 0, 29, 29)",False,"(4, 0, 27, 29)",0,9,"(30, 30)",arc-gen
5,"-11,0:1 12,0:1 4,0:1 3,0:1 -5,0:1",vertical:5,2,2,False,"[{""added"": 0, ""added_bbox"": ""None"", ""color"": 2, ""input_count"": 2, ""output_count"": 0, ""pair_count"": 0, ""perfect_size_match"": false, ""removed"": 2, ""removed_bbox"": ""(10, 1, 18, 14)""}, {""added"": 1, ""added_bbox"": ""(5, 7, 5, 7)"", ""color"": 5, ""delta_counts"": {""-11,0"": 1}, ""dominant_delta_share"": 1.0, ""dominant_line_share"": 1.0, ""input_count"": 24, ""line_counts"": {""vertical"": 1}, ""mean_manhattan"": 11.0, ""output_count"": 24, ""pair_count"": 1, ""perfect_size_match"": true, ""removed"": 1, ""removed_bbox"": ""(16, 7, 16, 7)"", ""top_delta"": ""(-11, 0):1"", ""top_line_type"": ""vertical:1""}, {""added"": 4, ""added_bbox"": ""(12, 11, 14, 19)"", ""color"": 7, ""delta_counts"": {""-5,0"": 1, ""12,0"": 1, ""3,0"": 1, ""4,0"": 1}, ""dominant_delta_share"": 0.25, ""dominant_line_share"": 1.0, ""input_count"": 27, ""line_counts"": {""vertical"": 4}, ""mean_manhattan"": 6.0, ""output_count"": 27, ""pair_count"": 4, ""perfect_size_match"": true, ""removed"": 4, ""removed_bbox"": ""(0, 11, 19, 19)"", ""top_delta"": ""(12, 0):1 (4, 0):1 (3, 0):1 (-5, 0):1"", ""top_line_type"": ""vertical:4""}]","-11,0",vertical,245,"(0, 0, 19, 22)",False,"(4, 0, 14, 22)",0,7,"(20, 23)",arc-gen
7,"0,8:2 0,6:1 0,11:1 0,-2:1 0,-7:1 0,-4:1",horizontal:7,3,3,False,"[{""added"": 0, ""added_bbox"": ""None"", ""color"": 1, ""input_count"": 3, ""output_count"": 0, ""pair_count"": 0, ""perfect_size_match"": false, ""removed"": 3, ""removed_bbox"": ""(6, 3, 15, 23)""}, {""added"": 3, ""added_bbox"": ""(8, 19, 21, 21)"", ""color"": 5, ""delta_counts"": {""0,-2"": 1, ""0,11"": 1, ""0,6"": 1}, ""dominant_delta_share"": 0.3333, ""dominant_line_share"": 1.0, ""input_count"": 26, ""line_counts"": {""horizontal"": 3}, ""mean_manhattan"": 6.3333, ""output_count"": 26, ""pair_count"": 3, ""perfect_size_match"": true, ""removed"": 3, ""removed_bbox"": ""(8, 8, 21, 23)"", ""top_delta"": ""(0, 6):1 (0, 11):1 (0, -2):1"", ""top_line_type"": ""horizontal:3""}, {""added"": 1, ""added_bbox"": ""(1, 6, 1, 6)"", ""color"": 8, ""delta_counts"": {""0,-7"": 1}, ""dominant_delta_share"": 1.0, ""dominant_line_share"": 1.0, ""input_count"": 24, ""line_counts"": {""horizontal"": 1}, ""mean_manhattan"": 7.0, ""output_count"": 24, ""pair_count"": 1, ""perfect_size_match"": true, ""removed"": 1, ""removed_bbox"": ""(1, 13, 1, 13)"", ""top_delta"": ""(0, -7):1"", ""top_line_type"": ""horizontal:1""}, {""added"": 3, ""added_bbox"": ""(7, 10, 19, 12)"", ""color"": 9, ""delta_counts"": {""0,-4"": 1, ""0,8"": 2}, ""dominant_delta_share"": 0.6667, ""dominant_line_share"": 1.0, ""input_count"": 26, ""line_counts"": {""horizontal"": 3}, ""mean_manhattan"": 6.6667, ""output_count"": 26, ""pair_count"": 3, ""perfect_size_match"": true, ""removed"": 3, ""removed_bbox"": ""(7, 2, 19, 16)"", ""top_delta"": ""(0, 8):2 (0, -4):1"", ""top_line_type"": ""horizontal:3""}]","0,8",horizontal,246,"(0, 2, 22, 23)",False,"(0, 5, 22, 21)",0,10,"(23, 25)",arc-gen
3,"0,8:1 0,-2:1 0,16:1",horizontal:3,3,3,False,"[{""added"": 2, ""added_bbox"": ""(10, 10, 12, 12)"", ""color"": 2, ""delta_counts"": {""0,-2"": 1, ""0,8"": 1}, ""dominant_delta_share"": 0.5, ""dominant_line_share"": 1.0, ""input_count"": 19, ""line_counts"": {""horizontal"": 2}, ""mean_manhattan"": 5.0, ""output_count"": 19, ""pair_count"": 2, ""perfect_size_match"": true, ""removed"": 2, ""removed_bbox"": ""(10, 2, 12, 14)"", ""top_delta"": ""(0, 8):1 (0, -2):1"", ""top_line_type"": ""horizontal:2""}, {""added"": 0, ""added_bbox"": ""None"", ""color"": 3, ""input_count"": 3, ""output_count"": 0, ""pair_count"": 0, ""perfect_size_match"": false, ""removed"": 3, ""removed_bbox"": ""(4, 7, 7, 13)""}, {""added"": 1, ""added_bbox"": ""(15, 16, 15, 16)"", ""color"": 4, ""delta_counts"": {""0,16"": 1}, ""dominant_delta_share"": 1.0, ""dominant_line_share"": 1.0, ""input_count"": 18, ""line_counts"": {""horizontal"": 1}, ""mean_manhattan"": 16.0, ""output_count"": 18, ""pair_count"": 1, ""perfect_size_match"": true, ""removed"": 1, ""removed_bbox"": ""(15, 0, 15, 0)"", ""top_delta"": ""(0, 16):1"", ""top_line_type"": ""horizontal:1""}, {""added"": 0, ""added_bbox"": ""None"", ""color"": 8, ""input_count"": 17, ""output_count"": 17, ""pair_count"": 0, ""perfect_size_match"": true, ""removed"": 0, ""removed_bbox"": ""None""}]","0,8",horizontal,247,"(0, 0, 16, 17)",False,"(0, 5, 16, 17)",0,6,"(17, 20)",arc-gen
2,"4,0:1 11,0:1",vertical:2,2,2,True,"[{""added"": 1, ""added_bbox"": ""(5, 4, 5, 4)"", ""color"": 1, ""delta_counts"": {""4,0"": 1}, ""dominant_delta_share"": 1.0, ""dominant_line_share"": 1.0, ""input_count"": 15, ""line_counts"": {""vertical"": 1}, ""mean_manhattan"": 4.0, ""output_count"": 15, ""pair_count"": 1, ""perfect_size_match"": true, ""removed"": 1, ""removed_bbox"": ""(1, 4, 1, 4)"", ""top_delta"": ""(4, 0):1"", ""top_line_type"": ""vertical:1""}, {""added"": 1, ""added_bbox"": ""(12, 9, 12, 9)"", ""color"": 2, ""delta_counts"": {""11,0"": 1}, ""dominant_delta_share"": 1.0, ""dominant_line_share"": 1.0, ""input_count"": 15, ""line_counts"": {""vertical"": 1}, ""mean_manhattan"": 11.0, ""output_count"": 15, ""pair_count"": 1, ""perfect_size_match"": true, ""removed"": 1, ""removed_bbox"": ""(1, 9, 1, 9)"", ""top_delta"": ""(11, 0):1"", ""top_line_type"": ""vertical:1""}]","4,0",vertical,248,"(1, 0, 13, 13)",True,"(5, 0, 13, 13)",0,2,"(15, 14)",arc-gen
7,"-7,0:2 1,0:1 -3,0:1 5,0:1 24,0:1 9,0:1",vertical:7,4,4,False,"[{""added"": 0, ""added_bbox"": ""None"", ""color"": 1, ""input_count"": 2, ""output_count"": 0, ""pair_count"": 0, ""perfect_size_match"": false, ""removed"": 2, ""removed_bbox"": ""(14, 25, 21, 26)""}, {""added"": 2, ""added_bbox"": ""(2, 22, 4, 23)"", ""color"": 3, ""delta_counts"": {""-3,0"": 1, ""1,0"": 1}, ""dominant_delta_share"": 0.5, ""dominant_line_share"": 1.0, ""input_count"": 32, ""line_counts"": {""vertical"": 2}, ""mean_manhattan"": 2.0, ""output_count"": 32, ""pair_count"": 2, ""perfect_size_match"": true, ""removed"": 2, ""removed_bbox"": ""(1, 22, 7, 23)"", ""top_delta"": ""(1, 0):1 (-3, 0):1"", ""top_line_type"": ""vertical:2""}, {""added"": 0, ""added_bbox"": ""None"", ""color"": 4, ""input_count"": 30, ""output_count"": 30, ""pair_count"": 0, ""perfect_size_match"": true, ""removed"": 0, ""removed_bbox"": ""None""}, {""added"": 3, ""added_bbox"": ""(11, 1, 13, 27)"", ""color"": 6, ""delta_counts"": {""-7,0"": 2, ""5,0"": 1}, ""dominant_delta_share"": 0.6667, ""dominant_line_share"": 1.0, ""input_count"": 33, ""line_counts"": {""vertical"": 3}, ""mean_manhattan"": 6.3333, ""output_count"": 33, ""pair_count"": 3, ""perfect_size_match"": true, ""removed"": 3, ""removed_bbox"": ""(6, 1, 20, 27)"", ""top_delta"": ""(-7, 0):2 (5, 0):1"", ""top_line_type"": ""vertical:3""}, {""added"": 2, ""added_bbox"": ""(24, 5, 24, 19)"", ""color"": 7, ""delta_counts"": {""24,0"": 1, ""9,0"": 1}, ""dominant_delta_share"": 0.5, ""dominant_line_share"": 1.0, ""input_count"": 32, ""line_counts"": {""vertical"": 2}, ""mean_manhattan"": 16.5, ""output_count"": 32, ""pair_count"": 2, ""perfect_size_match"": true, ""removed"": 2, ""removed_bbox"": ""(0, 5, 15, 19)"", ""top_delta"": ""(24, 0):1 (9, 0):1"", ""top_line_type"": ""vertical:2""}]","-7,0",vertical,249,"(0, 0, 25, 29)",False,"(2, 0, 25, 29)",0,9,"(29, 30)",arc-gen
5,"1,0:2 -4,0:2 -21,0:1",vertical:5,3,3,False,"[{""added"": 3, ""added_bbox"": ""(5, 4, 7, 15)"", ""color"": 3, ""delta_counts"": {""-21,0"": 1, ""-4,0"": 1, ""1,0"": 1}, ""dominant_delta_share"": 0.3333, ""dominant_line_share"": 1.0, ""input_count"": 26, ""line_counts"": {""vertical"": 3}, ""mean_manhattan"": 8.6667, ""output_count"": 26, ""pair_count"": 3, ""perfect_size_match"": true, ""removed"": 3, ""removed_bbox"": ""(4, 4, 28, 15)"", ""top_delta"": ""(1, 0):1 (-4, 0):1 (-21, 0):1"", ""top_line_type"": ""vertical:3""}, {""added"": 1, ""added_bbox"": ""(21, 6, 21, 6)"", ""color"": 6, ""delta_counts"": {""1,0"": 1}, ""dominant_delta_share"": 1.0, ""dominant_line_share"": 1.0, ""input_count"": 24, ""line_counts"": {""vertical"": 1}, ""mean_manhattan"": 1.0, ""output_count"": 24, ""pair_count"": 1, ""perfect_size_match"": true, ""removed"": 1, ""removed_bbox"": ""(20, 6, 20, 6)"", ""top_delta"": ""(1, 0):1"", ""top_line_type"": ""vertical:1""}, {""added"": 1, ""added_bbox"": ""(16, 20, 16, 20)"", ""color"": 7, ""delta_counts"": {""-4,0"": 1}, ""dominant_delta_share"": 1.0, ""dominant_line_share"": 1.0, ""input_count"": 24, ""line_counts"": {""vertical"": 1}, ""mean_manhattan"": 4.0, ""output_count"": 24, ""pair_count"": 1, ""perfect_size_match"": true, ""removed"": 1, ""removed_bbox"": ""(20, 20, 20, 20)"", ""top_delta"": ""(-4, 0):1"", ""top_line_type"": ""vertical:1""}, {""added"": 0, ""added_bbox"": ""None"", ""color"": 8, ""input_count"": 4, ""output_count"": 0, ""pair_count"": 0, ""perfect_size_match"": false, ""removed"": 4, ""removed_bbox"": ""(0, 5, 27, 20)""}]","1,0",vertical,250,"(0, 0, 28, 22)",False,"(5, 0, 22, 22)",0,9,"(30, 23)",arc-gen
5,"6,0:1 4,0:1 -9,0:1 3,0:1 -2,0:1",vertical:5,3,3,False,"[{""added"": 0, ""added_bbox"": ""None"", ""color"": 2, ""input_count"": 17, ""output_count"": 17, ""pair_count"": 0, ""perfect_size_match"": true, ""removed"": 0, ""removed_bbox"": ""None""}, {""added"": 0, ""added_bbox"": ""None"", ""color"": 3, ""input_count"": 1, ""output_count"": 0, ""pair_count"": 0, ""perfect_size_match"": false, ""removed"": 1, ""removed_bbox"": ""(2, 0, 2, 0)""}, {""added"": 3, ""added_bbox"": ""(12, 9, 14, 15)"", ""color"": 7, ""delta_counts"": {""-9,0"": 1, ""4,0"": 1, ""6,0"": 1}, ""dominant_delta_share"": 0.3333, ""dominant_line_share"": 1.0, ""input_count"": 20, ""line_counts"": {""vertical"": 3}, ""mean_manhattan"": 6.3333, ""output_count"": 20, ""pair_count"": 3, ""perfect_size_match"": true, ""removed"": 3, ""removed_bbox"": ""(6, 9, 23, 15)"", ""top_delta"": ""(6, 0):1 (4, 0):1 (-9, 0):1"", ""top_line_type"": ""vertical:3""}, {""added"": 2, ""added_bbox"": ""(3, 14, 5, 16)"", ""color"": 9, ""delta_counts"": {""-2,0"": 1, ""3,0"": 1}, ""dominant_delta_share"": 0.5, ""dominant_line_share"": 1.0, ""input_count"": 19, ""line_counts"": {""vertical"": 2}, ""mean_manhattan"": 2.5, ""output_count"": 19, ""pair_count"": 2, ""perfect_size_match"": true, ""removed"": 2, ""removed_bbox"": ""(0, 14, 7, 16)"", ""top_delta"": ""(3, 0):1 (-2, 0):1"", ""top_line_type"": ""vertical:2""}]","6,0",vertical,251,"(0, 0, 23, 16)",False,"(3, 0, 21, 16)",0,6,"(24, 17)",arc-gen
3,"-2,0:1 -8,0:1 2,0:1",vertical:3,3,3,False,"[{""added"": 0, ""added_bbox"": ""None"", ""color"": 1, ""input_count"": 28, ""output_count"": 28, ""pair_count"": 0, ""perfect_size_match"": true, ""removed"": 0, ""removed_bbox"": ""None""}, {""added"": 2, ""added_bbox"": ""(13, 4, 13, 17)"", ""color"": 3, ""delta_counts"": {""-2,0"": 1, ""-8,0"": 1}, ""dominant_delta_share"": 0.5, ""dominant_line_share"": 1.0, ""input_count"": 30, ""line_counts"": {""vertical"": 2}, ""mean_manhattan"": 5.0, ""output_count"": 30, ""pair_count"": 2, ""perfect_size_match"": true, ""removed"": 2, ""removed_bbox"": ""(15, 4, 21, 17)"", ""top_delta"": ""(-2, 0):1 (-8, 0):1"", ""top_line_type"": ""vertical:2""}, {""added"": 0, ""added_bbox"": ""None"", ""color"": 7, ""input_count"": 1, ""output_count"": 0, ""pair_count"": 0, ""perfect_size_match"": false, ""removed"": 1, ""removed_bbox"": ""(5, 11, 5, 11)""}, {""added"": 1, ""added_bbox"": ""(2, 17, 2, 17)"", ""color"": 9, ""delta_counts"": {""2,0"": 1}, ""dominant_delta_share"": 1.0, ""dominant_line_share"": 1.0, ""input_count"": 29, ""line_counts"": {""vertical"": 1}, ""mean_manhattan"": 2.0, ""output_count"": 29, ""pair_count"": 1, ""perfect_size_match"": true, ""removed"": 1, ""removed_bbox"": ""(0, 17, 0, 17)"", ""top_delta"": ""(2, 0):1"", ""top_line_type"": ""vertical:1""}]","-2,0",vertical,252,"(0, 0, 21, 27)",False,"(2, 0, 18, 27)",0,4,"(23, 28)",arc-gen
7,"-8,0:2 14,0:1 4,0:1 -4,0:1 -1,0:1 12,0:1",vertical:7,3,3,False,"[{""added"": 5, ""added_bbox"": ""(14, 1, 16, 28)"", ""color"": 2, ""delta_counts"": {""-4,0"": 1, ""-8,0"": 2, ""14,0"": 1, ""4,0"": 1}, ""dominant_delta_share"": 0.4, ""dominant_line_share"": 1.0, ""input_count"": 35, ""line_counts"": {""vertical"": 5}, ""mean_manhattan"": 7.6, ""output_count"": 35, ""pair_count"": 5, ""perfect_size_match"": true, ""removed"": 5, ""removed_bbox"": ""(0, 1, 24, 28)"", ""top_delta"": ""(-8, 0):2 (14, 0):1 (4, 0):1 (-4, 0):1"", ""top_line_type"": ""vertical:5""}, {""added"": 0, ""added_bbox"": ""None"", ""color"": 3, ""input_count"": 3, ""output_count"": 0, ""pair_count"": 0, ""perfect_size_match"": false, ""removed"": 3, ""removed_bbox"": ""(10, 17, 11, 20)""}, {""added"": 1, ""added_bbox"": ""(7, 9, 7, 9)"", ""color"": 6, ""delta_counts"": {""-1,0"": 1}, ""dominant_delta_share"": 1.0, ""dominant_line_share"": 1.0, ""input_count"": 31, ""line_counts"": {""vertical"": 1}, ""mean_manhattan"": 1.0, ""output_count"": 31, ""pair_count"": 1, ""perfect_size_match"": true, ""removed"": 1, ""removed_bbox"": ""(8, 9, 8, 9)"", ""top_delta"": ""(-1, 0):1"", ""top_line_type"": ""vertical:1""}, {""added"": 1, ""added_bbox"": ""(21, 0, 21, 0)"", ""color"": 7, ""delta_counts"": {""12,0"": 1}, ""dominant_delta_share"": 1.0, ""dominant_line_share"": 1.0, ""input_count"": 31, ""line_counts"": {""vertical"": 1}, ""mean_manhattan"": 12.0, ""output_count"": 31, ""pair_count"": 1, ""perfect_size_match"": true, ""removed"": 1, ""removed_bbox"": ""(9, 0, 9, 0)"", ""top_delta"": ""(12, 0):1"", ""top_line_type"": ""vertical:1""}]","-8,0",vertical,253,"(0, 0, 24, 29)",False,"(6, 0, 22, 29)",0,10,"(26, 30)",arc-gen
4,"9,0:1 1,0:1 -18,0:1 -10,0:1",vertical:4,3,3,False,"[{""added"": 1, ""added_bbox"": ""(16, 5, 16, 5)"", ""color"": 1, ""delta_counts"": {""9,0"": 1}, ""dominant_delta_share"": 1.0, ""dominant_line_share"": 1.0, ""input_count"": 19, ""line_counts"": {""vertical"": 1}, ""mean_manhattan"": 9.0, ""output_count"": 19, ""pair_count"": 1, ""perfect_size_match"": true, ""removed"": 1, ""removed_bbox"": ""(7, 5, 7, 5)"", ""top_delta"": ""(9, 0):1"", ""top_line_type"": ""vertical:1""}, {""added"": 0, ""added_bbox"": ""None"", ""color"": 2, ""input_count"": 2, ""output_count"": 0, ""pair_count"": 0, ""perfect_size_match"": false, ""removed"": 2, ""removed_bbox"": ""(19, 8, 19, 11)""}, {""added"": 2, ""added_bbox"": ""(2, 4, 4, 15)"", ""color"": 5, ""delta_counts"": {""-18,0"": 1, ""1,0"": 1}, ""dominant_delta_share"": 0.5, ""dominant_line_share"": 1.0, ""input_count"": 20, ""line_counts"": {""vertical"": 2}, ""mean_manhattan"": 9.5, ""output_count"": 20, ""pair_count"": 2, ""perfect_size_match"": true, ""removed"": 2, ""removed_bbox"": ""(1, 4, 22, 15)"", ""top_delta"": ""(1, 0):1 (-18, 0):1"", ""top_line_type"": ""vertical:2""}, {""added"": 1, ""added_bbox"": ""(10, 16, 10, 16)"", ""color"": 6, ""delta_counts"": {""-10,0"": 1}, ""dominant_delta_share"": 1.0, ""dominant_line_share"": 1.0, ""input_count"": 19, ""line_counts"": {""vertical"": 1}, ""mean_manhattan"": 10.0, ""output_count"": 19, ""pair_count"": 1, ""perfect_size_match"": true, ""removed"": 1, ""removed_bbox"": ""(20, 16, 20, 16)"", ""top_delta"": ""(-10, 0):1"", ""top_line_type"": ""vertical:1""}]","9,0",vertical,254,"(1, 0, 22, 17)",False,"(2, 0, 17, 17)",0,6,"(23, 18)",arc-gen
8,"0,4:1 0,-2:1 0,5:1 0,-4:1 0,-11:1 0,9:1 0,11:1 0,1:1",horizontal:8,3,3,True,"[{""added"": 3, ""added_bbox"": ""(5, 11, 23, 13)"", ""color"": 1, ""delta_counts"": {""0,-2"": 1, ""0,4"": 1, ""0,5"": 1}, ""dominant_delta_share"": 0.3333, ""dominant_line_share"": 1.0, ""input_count"": 32, ""line_counts"": {""horizontal"": 3}, ""mean_manhattan"": 3.6667, ""output_count"": 32, ""pair_count"": 3, ""perfect_size_match"": true, ""removed"": 3, ""removed_bbox"": ""(5, 6, 23, 15)"", ""top_delta"": ""(0, 4):1 (0, -2):1 (0, 5):1"", ""top_line_type"": ""horizontal:3""}, {""added"": 2, ""added_bbox"": ""(20, 4, 21, 4)"", ""color"": 2, ""delta_counts"": {""0,-11"": 1, ""0,-4"": 1}, ""dominant_delta_share"": 0.5, ""dominant_line_share"": 1.0, ""input_count"": 31, ""line_counts"": {""horizontal"": 2}, ""mean_manhattan"": 7.5, ""output_count"": 31, ""pair_count"": 2, ""perfect_size_match"": true, ""removed"": 2, ""removed_bbox"": ""(20, 8, 21, 15)"", ""top_delta"": ""(0, -4):1 (0, -11):1"", ""top_line_type"": ""horizontal:2""}, {""added"": 3, ""added_bbox"": ""(10, 17, 21, 17)"", ""color"": 5, ""delta_counts"": {""0,1"": 1, ""0,11"": 1, ""0,9"": 1}, ""dominant_delta_share"": 0.3333, ""dominant_line_share"": 1.0, ""input_count"": 32, ""line_counts"": {""horizontal"": 3}, ""mean_manhattan"": 7.0, ""output_count"": 32, ""pair_count"": 3, ""perfect_size_match"": true, ""removed"": 3, ""removed_bbox"": ""(10, 6, 21, 16)"", ""top_delta"": ""(0, 9):1 (0, 11):1 (0, 1):1"", ""top_line_type"": ""horizontal:3""}]","0,4",horizontal,255,"(0, 3, 28, 18)",True,"(0, 3, 28, 18)",0,8,"(29, 22)",arc-gen
1,"0,-1:1",horizontal:1,2,2,False,"[{""added"": 0, ""added_bbox"": ""None"", ""color"": 1, ""input_count"": 13, ""output_count"": 13, ""pair_count"": 0, ""perfect_size_match"": true, ""removed"": 0, ""removed_bbox"": ""None""}, {""added"": 1, ""added_bbox"": ""(3, 7, 3, 7)"", ""color"": 2, ""delta_counts"": {""0,-1"": 1}, ""dominant_delta_share"": 1.0, ""dominant_line_share"": 1.0, ""input_count"": 14, ""line_counts"": {""horizontal"": 1}, ""mean_manhattan"": 1.0, ""output_count"": 14, ""pair_count"": 1, ""perfect_size_match"": true, ""removed"": 1, ""removed_bbox"": ""(3, 8, 3, 8)"", ""top_delta"": ""(0, -1):1"", ""top_line_type"": ""horizontal:1""}, {""added"": 0, ""added_bbox"": ""None"", ""color"": 4, ""input_count"": 2, ""output_count"": 0, ""pair_count"": 0, ""perfect_size_match"": false, ""removed"": 2, ""removed_bbox"": ""(10, 1, 12, 14)""}]","0,-1",horizontal,256,"(0, 1, 12, 14)",False,"(0, 6, 12, 12)",0,3,"(13, 17)",arc-gen
0,,,2,2,False,"[{""added"": 0, ""added_bbox"": ""None"", ""color"": 1, ""input_count"": 26, ""output_count"": 26, ""pair_count"": 0, ""perfect_size_match"": true, ""removed"": 0, ""removed_bbox"": ""None""}, {""added"": 0, ""added_bbox"": ""None"", ""color"": 4, ""input_count"": 26, ""output_count"": 26, ""pair_count"": 0, ""perfect_size_match"": true, ""removed"": 0, ""removed_bbox"": ""None""}, {""added"": 0, ""added_bbox"": ""None"", ""color"": 8, ""input_count"": 2, ""output_count"": 0, ""pair_count"": 0, ""perfect_size_match"": false, ""removed"": 2, ""removed_bbox"": ""(3, 2, 23, 3)""}]",,,257,"(0, 2, 25, 11)",False,"(0, 5, 25, 11)",0,2,"(26, 14)",arc-gen
3,"0,9:1 0,2:1 0,13:1",horizontal:3,3,3,False,"[{""added"": 1, ""added_bbox"": ""(20, 21, 20, 21)"", ""color"": 1, ""delta_counts"": {""0,9"": 1}, ""dominant_delta_share"": 1.0, ""dominant_line_share"": 1.0, ""input_count"": 23, ""line_counts"": {""horizontal"": 1}, ""mean_manhattan"": 9.0, ""output_count"": 23, ""pair_count"": 1, ""perfect_size_match"": true, ""removed"": 1, ""removed_bbox"": ""(20, 12, 20, 12)"", ""top_delta"": ""(0, 9):1"", ""top_line_type"": ""horizontal:1""}, {""added"": 1, ""added_bbox"": ""(8, 5, 8, 5)"", ""color"": 2, ""delta_counts"": {""0,2"": 1}, ""dominant_delta_share"": 1.0, ""dominant_line_share"": 1.0, ""input_count"": 23, ""line_counts"": {""horizontal"": 1}, ""mean_manhattan"": 2.0, ""output_count"": 23, ""pair_count"": 1, ""perfect_size_match"": true, ""removed"": 1, ""removed_bbox"": ""(8, 3, 8, 3)"", ""top_delta"": ""(0, 2):1"", ""top_line_type"": ""horizontal:1""}, {""added"": 0, ""added_bbox"": ""None"", ""color"": 7, ""input_count"": 2, ""output_count"": 0, ""pair_count"": 0, ""perfect_size_match"": false, ""removed"": 2, ""removed_bbox"": ""(11, 2, 14, 18)""}, {""added"": 1, ""added_bbox"": ""(10, 14, 10, 14)"", ""color"": 9, ""delta_counts"": {""0,13"": 1}, ""dominant_delta_share"": 1.0, ""dominant_line_share"": 1.0, ""input_count"": 23, ""line_counts"": {""horizontal"": 1}, ""mean_manhattan"": 13.0, ""output_count"": 23, ""pair_count"": 1, ""perfect_size_match"": true, ""removed"": 1, ""removed_bbox"": ""(10, 1, 10, 1)"", ""top_delta"": ""(0, 13):1"", ""top_line_type"": ""horizontal:1""}]","0,9",horizontal,258,"(0, 1, 21, 22)",False,"(0, 5, 21, 22)",0,5,"(22, 23)",arc-gen
1,"0,-13:1",horizontal:1,2,2,True,"[{""added"": 0, ""added_bbox"": ""None"", ""color"": 4, ""input_count"": 14, ""output_count"": 14, ""pair_count"": 0, ""perfect_size_match"": true, ""removed"": 0, ""removed_bbox"": ""None""}, {""added"": 1, ""added_bbox"": ""(0, 6, 0, 6)"", ""color"": 9, ""delta_counts"": {""0,-13"": 1}, ""dominant_delta_share"": 1.0, ""dominant_line_share"": 1.0, ""input_count"": 15, ""line_counts"": {""horizontal"": 1}, ""mean_manhattan"": 13.0, ""output_count"": 15, ""pair_count"": 1, ""perfect_size_match"": true, ""removed"": 1, ""removed_bbox"": ""(0, 19, 0, 19)"", ""top_delta"": ""(0, -13):1"", ""top_line_type"": ""horizontal:1""}]","0,-13",horizontal,259,"(0, 5, 13, 19)",True,"(0, 5, 13, 13)",0,1,"(14, 21)",arc-gen
5,"0,-5:1 0,11:1 0,5:1 0,-2:1 0,13:1",horizontal:5,3,3,False,"[{""added"": 1, ""added_bbox"": ""(2, 6, 2, 6)"", ""color"": 1, ""delta_counts"": {""0,-5"": 1}, ""dominant_delta_share"": 1.0, ""dominant_line_share"": 1.0, ""input_count"": 17, ""line_counts"": {""horizontal"": 1}, ""mean_manhattan"": 5.0, ""output_count"": 17, ""pair_count"": 1, ""perfect_size_match"": true, ""removed"": 1, ""removed_bbox"": ""(2, 11, 2, 11)"", ""top_delta"": ""(0, -5):1"", ""top_line_type"": ""horizontal:1""}, {""added"": 0, ""added_bbox"": ""None"", ""color"": 4, ""input_count"": 1, ""output_count"": 0, ""pair_count"": 0, ""perfect_size_match"": false, ""removed"": 1, ""removed_bbox"": ""(11, 23, 11, 23)""}, {""added"": 3, ""added_bbox"": ""(0, 12, 13, 14)"", ""color"": 8, ""delta_counts"": {""0,-2"": 1, ""0,11"": 1, ""0,5"": 1}, ""dominant_delta_share"": 0.3333, ""dominant_line_share"": 1.0, ""input_count"": 19, ""line_counts"": {""horizontal"": 3}, ""mean_manhattan"": 6.0, ""output_count"": 19, ""pair_count"": 3, ""perfect_size_match"": true, ""removed"": 3, ""removed_bbox"": ""(0, 1, 13, 16)"", ""top_delta"": ""(0, 11):1 (0, 5):1 (0, -2):1"", ""top_line_type"": ""horizontal:3""}, {""added"": 1, ""added_bbox"": ""(8, 20, 8, 20)"", ""color"": 9, ""delta_counts"": {""0,13"": 1}, ""dominant_delta_share"": 1.0, ""dominant_line_share"": 1.0, ""input_count"": 17, ""line_counts"": {""horizontal"": 1}, ""mean_manhattan"": 13.0, ""output_count"": 17, ""pair_count"": 1, ""perfect_size_match"": true, ""removed"": 1, ""removed_bbox"": ""(8, 7, 8, 7)"", ""top_delta"": ""(0, 13):1"", ""top_line_type"": ""horizontal:1""}]","0,-5",horizontal,260,"(0, 1, 15, 23)",False,"(0, 5, 15, 21)",0,6,"(16, 24)",arc-gen
3,"3,0:1 -3,0:1 -4,0:1",vertical:3,2,2,True,"[{""added"": 1, ""added_bbox"": ""(13, 11, 13, 11)"", ""color"": 7, ""delta_counts"": {""3,0"": 1}, ""dominant_delta_share"": 1.0, ""dominant_line_share"": 1.0, ""input_count"": 18, ""line_counts"": {""vertical"": 1}, ""mean_manhattan"": 3.0, ""output_count"": 18, ""pair_count"": 1, ""perfect_size_match"": true, ""removed"": 1, ""removed_bbox"": ""(10, 11, 10, 11)"", ""top_delta"": ""(3, 0):1"", ""top_line_type"": ""vertical:1""}, {""added"": 2, ""added_bbox"": ""(7, 5, 7, 10)"", ""color"": 9, ""delta_counts"": {""-3,0"": 1, ""-4,0"": 1}, ""dominant_delta_share"": 0.5, ""dominant_line_share"": 1.0, ""input_count"": 19, ""line_counts"": {""vertical"": 2}, ""mean_manhattan"": 3.5, ""output_count"": 19, ""pair_count"": 2, ""perfect_size_match"": true, ""removed"": 2, ""removed_bbox"": ""(10, 5, 11, 10)"", ""top_delta"": ""(-3, 0):1 (-4, 0):1"", ""top_line_type"": ""vertical:2""}]","3,0",vertical,261,"(6, 0, 14, 16)",True,"(6, 0, 14, 16)",0,3,"(16, 17)",arc-gen
11,"0,-2:3 0,-6:1 0,-1:1 0,-12:1 0,-13:1 0,-5:1 0,19:1 0,26:1",horizontal:11,4,4,False,"[{""added"": 2, ""added_bbox"": ""(4, 4, 10, 4)"", ""color"": 1, ""delta_counts"": {""0,-2"": 2}, ""dominant_delta_share"": 1.0, ""dominant_line_share"": 1.0, ""input_count"": 25, ""line_counts"": {""horizontal"": 2}, ""mean_manhattan"": 2.0, ""output_count"": 25, ""pair_count"": 2, ""perfect_size_match"": true, ""removed"": 2, ""removed_bbox"": ""(4, 6, 10, 6)"", ""top_delta"": ""(0, -2):2"", ""top_line_type"": ""horizontal:2""}, {""added"": 2, ""added_bbox"": ""(1, 19, 14, 19)"", ""color"": 3, ""delta_counts"": {""0,-2"": 1, ""0,-6"": 1}, ""dominant_delta_share"": 0.5, ""dominant_line_share"": 1.0, ""input_count"": 25, ""line_counts"": {""horizontal"": 2}, ""mean_manhattan"": 4.0, ""output_count"": 25, ""pair_count"": 2, ""perfect_size_match"": true, ""removed"": 2, ""removed_bbox"": ""(1, 21, 14, 25)"", ""top_delta"": ""(0, -2):1 (0, -6):1"", ""top_line_type"": ""horizontal:2""}, {""added"": 4, ""added_bbox"": ""(7, 11, 16, 11)"", ""color"": 5, ""delta_counts"": {""0,-1"": 1, ""0,-12"": 1, ""0,-13"": 1, ""0,-5"": 1}, ""dominant_delta_share"": 0.25, ""dominant_line_share"": 1.0, ""input_count"": 27, ""line_counts"": {""horizontal"": 4}, ""mean_manhattan"": 7.75, ""output_count"": 27, ""pair_count"": 4, ""perfect_size_match"": true, ""removed"": 4, ""removed_bbox"": ""(7, 12, 16, 24)"", ""top_delta"": ""(0, -1):1 (0, -12):1 (0, -13):1 (0, -5):1"", ""top_line_type"": ""horizontal:4""}, {""added"": 3, ""added_bbox"": ""(2, 26, 18, 26)"", ""color"": 6, ""delta_counts"": {""0,19"": 1, ""0,26"": 1, ""0,5"": 1}, ""dominant_delta_share"": 0.3333, ""dominant_line_share"": 1.0, ""input_count"": 26, ""line_counts"": {""horizontal"": 3}, ""mean_manhattan"": 16.6667, ""output_count"": 26, ""pair_count"": 3, ""perfect_size_match"": true, ""removed"": 3, ""removed_bbox"": ""(2, 0, 18, 21)"", ""top_delta"": ""(0, 19):1 (0, 26):1 (0, 5):1"", ""top_line_type"": ""horizontal:3""}, {""added"": 0, ""added_bbox"": ""None"", ""color"": 9, ""input_count"": 2, ""output_count"": 0, ""pair_count"": 0, ""perfect_size_match"": false, ""removed"": 2, ""removed_bbox"": ""(7, 15, 14, 20)""}]","0,-2",horizontal,262,"(0, 0, 22, 27)",False,"(0, 3, 22, 27)",0,13,"(23, 29)",arc-gen
10,"-2,0:1 -9,0:1 14,0:1 12,0:1 10,0:1 9,0:1 3,0:1 -19,0:1",vertical:10,4,4,False,"[{""added"": 0, ""added_bbox"": ""None"", ""color"": 5, ""input_count"": 1, ""output_count"": 0, ""pair_count"": 0, ""perfect_size_match"": false, ""removed"": 1, ""removed_bbox"": ""(17, 12, 17, 12)""}, {""added"": 2, ""added_bbox"": ""(14, 3, 14, 14)"", ""color"": 6, ""delta_counts"": {""-2,0"": 1, ""-9,0"": 1}, ""dominant_delta_share"": 0.5, ""dominant_line_share"": 1.0, ""input_count"": 27, ""line_counts"": {""vertical"": 2}, ""mean_manhattan"": 5.5, ""output_count"": 27, ""pair_count"": 2, ""perfect_size_match"": true, ""removed"": 2, ""removed_bbox"": ""(16, 3, 23, 14)"", ""top_delta"": ""(-2, 0):1 (-9, 0):1"", ""top_line_type"": ""vertical:2""}, {""added"": 4, ""added_bbox"": ""(20, 5, 20, 23)"", ""color"": 7, ""delta_counts"": {""10,0"": 1, ""12,0"": 1, ""14,0"": 1, ""9,0"": 1}, ""dominant_delta_share"": 0.25, ""dominant_line_share"": 1.0, ""input_count"": 29, ""line_counts"": {""vertical"": 4}, ""mean_manhattan"": 11.25, ""output_count"": 29, ""pair_count"": 4, ""perfect_size_match"": true, ""removed"": 4, ""removed_bbox"": ""(6, 5, 11, 23)"", ""top_delta"": ""(14, 0):1 (12, 0):1 (10, 0):1 (9, 0):1"", ""top_line_type"": ""vertical:4""}, {""added"": 2, ""added_bbox"": ""(3, 1, 5, 22)"", ""color"": 8, ""delta_counts"": {""-19,0"": 1, ""3,0"": 1}, ""dominant_delta_share"": 0.5, ""dominant_line_share"": 1.0, ""input_count"": 27, ""line_counts"": {""vertical"": 2}, ""mean_manhattan"": 11.0, ""output_count"": 27, ""pair_count"": 2, ""perfect_size_match"": true, ""removed"": 2, ""removed_bbox"": ""(0, 1, 24, 22)"", ""top_delta"": ""(3, 0):1 (-19, 0):1"", ""top_line_type"": ""vertical:2""}, {""added"": 2, ""added_bbox"": ""(26, 15, 26, 22)"", ""color"": 9, ""delta_counts"": {""15,0"": 1, ""24,0"": 1}, ""dominant_delta_share"": 0.5, ""dominant_line_share"": 1.0, ""input_count"": 27, ""line_counts"": {""vertical"": 2}, ""mean_manhattan"": 19.5, ""output_count"": 27, ""pair_count"": 2, ""perfect_size_match"": true, ""removed"": 2, ""removed_bbox"": ""(2, 15, 11, 22)"", ""top_delta"": ""(24, 0):1 (15, 0):1"", ""top_line_type"": ""vertical:2""}]","-2,0",vertical,263,"(0, 0, 27, 24)",False,"(3, 0, 27, 24)",0,11,"(28, 25)",arc-gen
4,"3,0:1 -22,0:1 9,0:1 -15,0:1",vertical:4,4,4,True,"[{""added"": 2, ""added_bbox"": ""(3, 7, 5, 18)"", ""color"": 1, ""delta_counts"": {""-22,0"": 1, ""3,0"": 1}, ""dominant_delta_share"": 0.5, ""dominant_line_share"": 1.0, ""input_count"": 21, ""line_counts"": {""vertical"": 2}, ""mean_manhattan"": 12.5, ""output_count"": 21, ""pair_count"": 2, ""perfect_size_match"": true, ""removed"": 2, ""removed_bbox"": ""(0, 7, 27, 18)"", ""top_delta"": ""(3, 0):1 (-22, 0):1"", ""top_line_type"": ""vertical:2""}, {""added"": 2, ""added_bbox"": ""(9, 6, 11, 17)"", ""color"": 2, ""delta_counts"": {""-15,0"": 1, ""9,0"": 1}, ""dominant_delta_share"": 0.5, ""dominant_line_share"": 1.0, ""input_count"": 21, ""line_counts"": {""vertical"": 2}, ""mean_manhattan"": 12.0, ""output_count"": 21, ""pair_count"": 2, ""perfect_size_match"": true, ""removed"": 2, ""removed_bbox"": ""(0, 6, 26, 17)"", ""top_delta"": ""(9, 0):1 (-15, 0):1"", ""top_line_type"": ""vertical:2""}, {""added"": 0, ""added_bbox"": ""None"", ""color"": 4, ""input_count"": 19, ""output_count"": 19, ""pair_count"": 0, ""perfect_size_match"": true, ""removed"": 0, ""removed_bbox"": ""None""}, {""added"": 0, ""added_bbox"": ""None"", ""color"": 6, ""input_count"": 19, ""output_count"": 19, ""pair_count"": 0, ""perfect_size_match"": true, ""removed"": 0, ""removed_bbox"": ""None""}]","3,0",vertical,264,"(0, 0, 27, 18)",True,"(3, 0, 23, 18)",0,4,"(28, 19)",arc-gen
3,"0,11:1 0,9:1 0,1:1",horizontal:3,2,2,False,"[{""added"": 0, ""added_bbox"": ""None"", ""color"": 1, ""input_count"": 15, ""output_count"": 15, ""pair_count"": 0, ""perfect_size_match"": true, ""removed"": 0, ""removed_bbox"": ""None""}, {""added"": 3, ""added_bbox"": ""(1, 11, 12, 11)"", ""color"": 7, ""delta_counts"": {""0,1"": 1, ""0,11"": 1, ""0,9"": 1}, ""dominant_delta_share"": 0.3333, ""dominant_line_share"": 1.0, ""input_count"": 18, ""line_counts"": {""horizontal"": 3}, ""mean_manhattan"": 7.0, ""output_count"": 18, ""pair_count"": 3, ""perfect_size_match"": true, ""removed"": 3, ""removed_bbox"": ""(1, 0, 12, 10)"", ""top_delta"": ""(0, 11):1 (0, 9):1 (0, 1):1"", ""top_line_type"": ""horizontal:3""}, {""added"": 0, ""added_bbox"": ""None"", ""color"": 9, ""input_count"": 1, ""output_count"": 0, ""pair_count"": 0, ""perfect_size_match"": false, ""removed"": 1, ""removed_bbox"": ""(5, 0, 5, 0)""}]","0,11",horizontal,265,"(0, 0, 14, 12)",False,"(0, 6, 14, 12)",0,4,"(15, 14)",arc-gen
