idx,target,candidate_count,target_features,rank_hits,candidate_features
0,"5,6",4,"{""r"": 5, ""c"": 6, ""distinct"": 2, ""mode_count"": 5, ""least_count"": 4, ""color8_count"": 4, ""sum_colors"": 37, ""max_color"": 8, ""min_color"": 1, ""center"": 8, ""corner_sum"": 18, ""edge_sum"": 11, ""signature_freq"": [2, 1, 2, 1, 2, 1, 1, 2, 1], ""count_pattern"": [5, 4]}","{""mode_count_min"": true, ""least_count_max"": true, ""color8_count_min"": true, ""sum_colors_min"": true, ""corner_sum_min"": true, ""edge_sum_min"": true, ""row_major_last"": true, ""col_major_last"": true}","[{""r"": 0, ""c"": 0, ""distinct"": 2, ""mode_count"": 8, ""least_count"": 1, ""color8_count"": 8, ""sum_colors"": 65, ""max_color"": 8, ""min_color"": 1, ""center"": 8, ""corner_sum"": 32, ""edge_sum"": 25, ""signature_freq"": [1, 1, 1, 2, 1, 1, 1, 1, 1], ""count_pattern"": [8, 1]}, {""r"": 1, ""c"": 4, ""distinct"": 2, ""mode_count"": 6, ""least_count"": 3, ""color8_count"": 6, ""sum_colors"": 51, ""max_color"": 8, ""min_color"": 1, ""center"": 1, ""corner_sum"": 32, ""edge_sum"": 18, ""signature_freq"": [1, 2, 1, 2, 2, 1, 1, 1, 1], ""count_pattern"": [6, 3]}, {""r"": 4, ""c"": 1, ""distinct"": 2, ""mode_count"": 7, ""least_count"": 2, ""color8_count"": 7, ""sum_colors"": 58, ""max_color"": 8, ""min_color"": 1, ""center"": 8, ""corner_sum"": 25, ""edge_sum"": 25, ""signature_freq"": [1, 1, 2, 1, 1, 1, 1, 2, 1], ""count_pattern"": [7, 2]}, {""r"": 5, ""c"": 6, ""distinct"": 2, ""mode_count"": 5, ""least_count"": 4, ""color8_count"": 4, ""sum_colors"": 37, ""max_color"": 8, ""min_color"": 1, ""center"": 8, ""corner_sum"": 18, ""edge_sum"": 11, ""signature_freq"": [2, 1, 2, 1, 2, 1, 1, 2, 1], ""count_pattern"": [5, 4]}]"
1,"4,2",4,"{""r"": 4, ""c"": 2, ""distinct"": 2, ""mode_count"": 5, ""least_count"": 4, ""color8_count"": 5, ""sum_colors"": 44, ""max_color"": 8, ""min_color"": 1, ""center"": 1, ""corner_sum"": 25, ""edge_sum"": 18, ""signature_freq"": [1, 2, 1, 2, 2, 1, 1, 1, 2], ""count_pattern"": [5, 4]}","{""mode_count_min"": true, ""least_count_max"": true, ""color8_count_min"": true, ""sum_colors_min"": true}","[{""r"": 0, ""c"": 1, ""distinct"": 2, ""mode_count"": 7, ""least_count"": 2, ""color8_count"": 7, ""sum_colors"": 58, ""max_color"": 8, ""min_color"": 1, ""center"": 1, ""corner_sum"": 25, ""edge_sum"": 32, ""signature_freq"": [1, 1, 2, 1, 2, 1, 1, 1, 1], ""count_pattern"": [7, 2]}, {""r"": 1, ""c"": 5, ""distinct"": 2, ""mode_count"": 6, ""least_count"": 3, ""color8_count"": 6, ""sum_colors"": 51, ""max_color"": 8, ""min_color"": 1, ""center"": 8, ""corner_sum"": 25, ""edge_sum"": 18, ""signature_freq"": [1, 2, 1, 2, 1, 1, 1, 1, 2], ""count_pattern"": [6, 3]}, {""r"": 4, ""c"": 2, ""distinct"": 2, ""mode_count"": 5, ""least_count"": 4, ""color8_count"": 5, ""sum_colors"": 44, ""max_color"": 8, ""min_color"": 1, ""center"": 1, ""corner_sum"": 25, ""edge_sum"": 18, ""signature_freq"": [1, 2, 1, 2, 2, 1, 1, 1, 2], ""count_pattern"": [5, 4]}, {""r"": 6, ""c"": 6, ""distinct"": 2, ""mode_count"": 8, ""least_count"": 1, ""color8_count"": 8, ""sum_colors"": 65, ""max_color"": 8, ""min_color"": 1, ""center"": 8, ""corner_sum"": 25, ""edge_sum"": 32, ""signature_freq"": [1, 1, 1, 1, 1, 1, 2, 1, 1], ""count_pattern"": [8, 1]}]"
2,"4,6",4,"{""r"": 4, ""c"": 6, ""distinct"": 2, ""mode_count"": 5, ""least_count"": 4, ""color8_count"": 4, ""sum_colors"": 37, ""max_color"": 8, ""min_color"": 1, ""center"": 1, ""corner_sum"": 18, ""edge_sum"": 18, ""signature_freq"": [2, 1, 2, 1, 1, 2, 1, 2, 1], ""count_pattern"": [5, 4]}","{""mode_count_min"": true, ""color8_count_min"": true, ""sum_colors_min"": true, ""center_min"": true, ""corner_sum_min"": true, ""edge_sum_min"": true, ""col_major_last"": true}","[{""r"": 0, ""c"": 4, ""distinct"": 2, ""mode_count"": 8, ""least_count"": 1, ""color8_count"": 8, ""sum_colors"": 65, ""max_color"": 8, ""min_color"": 1, ""center"": 8, ""corner_sum"": 25, ""edge_sum"": 32, ""signature_freq"": [1, 1, 1, 1, 1, 1, 2, 1, 1], ""count_pattern"": [8, 1]}, {""r"": 1, ""c"": 0, ""distinct"": 1, ""mode_count"": 9, ""least_count"": 9, ""color8_count"": 9, ""sum_colors"": 72, ""max_color"": 8, ""min_color"": 8, ""center"": 8, ""corner_sum"": 32, ""edge_sum"": 32, ""signature_freq"": [1, 1, 1, 1, 1, 1, 1, 1, 1], ""count_pattern"": [9]}, {""r"": 4, ""c"": 6, ""distinct"": 2, ""mode_count"": 5, ""least_count"": 4, ""color8_count"": 4, ""sum_colors"": 37, ""max_color"": 8, ""min_color"": 1, ""center"": 1, ""corner_sum"": 18, ""edge_sum"": 18, ""signature_freq"": [2, 1, 2, 1, 1, 2, 1, 2, 1], ""count_pattern"": [5, 4]}, {""r"": 5, ""c"": 0, ""distinct"": 2, ""mode_count"": 6, ""least_count"": 3, ""color8_count"": 6, ""sum_colors"": 51, ""max_color"": 8, ""min_color"": 1, ""center"": 8, ""corner_sum"": 25, ""edge_sum"": 18, ""signature_freq"": [1, 2, 1, 1, 1, 2, 2, 1, 1], ""count_pattern"": [6, 3]}]"
3,"1,6",4,"{""r"": 1, ""c"": 6, ""distinct"": 2, ""mode_count"": 6, ""least_count"": 3, ""color8_count"": 3, ""sum_colors"": 30, ""max_color"": 8, ""min_color"": 1, ""center"": 1, ""corner_sum"": 25, ""edge_sum"": 4, ""signature_freq"": [2, 1, 1, 1, 1, 1, 2, 1, 2], ""count_pattern"": [6, 3]}","{""color8_count_min"": true, ""sum_colors_min"": true, ""center_min"": true, ""corner_sum_max"": true, ""edge_sum_min"": true, ""col_major_last"": true}","[{""r"": 0, ""c"": 2, ""distinct"": 2, ""mode_count"": 5, ""least_count"": 4, ""color8_count"": 4, ""sum_colors"": 37, ""max_color"": 8, ""min_color"": 1, ""center"": 8, ""corner_sum"": 18, ""edge_sum"": 11, ""signature_freq"": [1, 1, 2, 2, 2, 1, 1, 1, 2], ""count_pattern"": [5, 4]}, {""r"": 1, ""c"": 6, ""distinct"": 2, ""mode_count"": 6, ""least_count"": 3, ""color8_count"": 3, ""sum_colors"": 30, ""max_color"": 8, ""min_color"": 1, ""center"": 1, ""corner_sum"": 25, ""edge_sum"": 4, ""signature_freq"": [2, 1, 1, 1, 1, 1, 2, 1, 2], ""count_pattern"": [6, 3]}, {""r"": 4, ""c"": 0, ""distinct"": 2, ""mode_count"": 7, ""least_count"": 2, ""color8_count"": 7, ""sum_colors"": 58, ""max_color"": 8, ""min_color"": 1, ""center"": 8, ""corner_sum"": 25, ""edge_sum"": 25, ""signature_freq"": [1, 1, 1, 1, 1, 2, 2, 1, 1], ""count_pattern"": [7, 2]}, {""r"": 5, ""c"": 4, ""distinct"": 2, ""mode_count"": 6, ""least_count"": 3, ""color8_count"": 6, ""sum_colors"": 51, ""max_color"": 8, ""min_color"": 1, ""center"": 8, ""corner_sum"": 25, ""edge_sum"": 18, ""signature_freq"": [1, 2, 1, 2, 1, 1, 1, 1, 2], ""count_pattern"": [6, 3]}]"
4,"6,6",4,"{""r"": 6, ""c"": 6, ""distinct"": 2, ""mode_count"": 6, ""least_count"": 3, ""color8_count"": 3, ""sum_colors"": 30, ""max_color"": 8, ""min_color"": 1, ""center"": 1, ""corner_sum"": 18, ""edge_sum"": 11, ""signature_freq"": [1, 1, 2, 2, 1, 1, 1, 1, 2], ""count_pattern"": [6, 3]}","{""color8_count_min"": true, ""sum_colors_min"": true, ""center_min"": true, ""corner_sum_min"": true, ""row_major_last"": true, ""col_major_last"": true}","[{""r"": 0, ""c"": 0, ""distinct"": 2, ""mode_count"": 8, ""least_count"": 1, ""color8_count"": 8, ""sum_colors"": 65, ""max_color"": 8, ""min_color"": 1, ""center"": 8, ""corner_sum"": 25, ""edge_sum"": 32, ""signature_freq"": [1, 1, 1, 1, 1, 1, 2, 1, 1], ""count_pattern"": [8, 1]}, {""r"": 0, ""c"": 6, ""distinct"": 2, ""mode_count"": 5, ""least_count"": 4, ""color8_count"": 5, ""sum_colors"": 44, ""max_color"": 8, ""min_color"": 1, ""center"": 8, ""corner_sum"": 32, ""edge_sum"": 4, ""signature_freq"": [1, 2, 1, 2, 1, 2, 1, 2, 1], ""count_pattern"": [5, 4]}, {""r"": 3, ""c"": 3, ""distinct"": 2, ""mode_count"": 6, ""least_count"": 3, ""color8_count"": 6, ""sum_colors"": 51, ""max_color"": 8, ""min_color"": 1, ""center"": 8, ""corner_sum"": 25, ""edge_sum"": 18, ""signature_freq"": [1, 2, 1, 1, 1, 2, 2, 1, 1], ""count_pattern"": [6, 3]}, {""r"": 6, ""c"": 6, ""distinct"": 2, ""mode_count"": 6, ""least_count"": 3, ""color8_count"": 3, ""sum_colors"": 30, ""max_color"": 8, ""min_color"": 1, ""center"": 1, ""corner_sum"": 18, ""edge_sum"": 11, ""signature_freq"": [1, 1, 2, 2, 1, 1, 1, 1, 2], ""count_pattern"": [6, 3]}]"
5,"6,6",4,"{""r"": 6, ""c"": 6, ""distinct"": 2, ""mode_count"": 8, ""least_count"": 1, ""color8_count"": 1, ""sum_colors"": 16, ""max_color"": 8, ""min_color"": 1, ""center"": 1, ""corner_sum"": 11, ""edge_sum"": 4, ""signature_freq"": [1, 1, 2, 1, 1, 1, 1, 1, 1], ""count_pattern"": [8, 1]}","{""color8_count_min"": true, ""sum_colors_min"": true, ""center_min"": true, ""edge_sum_min"": true, ""row_major_last"": true, ""col_major_last"": true}","[{""r"": 1, ""c"": 0, ""distinct"": 2, ""mode_count"": 6, ""least_count"": 3, ""color8_count"": 6, ""sum_colors"": 51, ""max_color"": 8, ""min_color"": 1, ""center"": 8, ""corner_sum"": 11, ""edge_sum"": 32, ""signature_freq"": [2, 1, 2, 1, 1, 1, 1, 1, 2], ""count_pattern"": [6, 3]}, {""r"": 1, ""c"": 4, ""distinct"": 2, ""mode_count"": 8, ""least_count"": 1, ""color8_count"": 8, ""sum_colors"": 65, ""max_color"": 8, ""min_color"": 1, ""center"": 8, ""corner_sum"": 25, ""edge_sum"": 32, ""signature_freq"": [1, 1, 2, 1, 1, 1, 1, 1, 1], ""count_pattern"": [8, 1]}, {""r"": 5, ""c"": 0, ""distinct"": 2, ""mode_count"": 5, ""least_count"": 4, ""color8_count"": 4, ""sum_colors"": 37, ""max_color"": 8, ""min_color"": 1, ""center"": 8, ""corner_sum"": 18, ""edge_sum"": 11, ""signature_freq"": [1, 2, 2, 1, 2, 1, 1, 1, 2], ""count_pattern"": [5, 4]}, {""r"": 6, ""c"": 6, ""distinct"": 2, ""mode_count"": 8, ""least_count"": 1, ""color8_count"": 1, ""sum_colors"": 16, ""max_color"": 8, ""min_color"": 1, ""center"": 1, ""corner_sum"": 11, ""edge_sum"": 4, ""signature_freq"": [1, 1, 2, 1, 1, 1, 1, 1, 1], ""count_pattern"": [8, 1]}]"
6,"0,5",4,"{""r"": 0, ""c"": 5, ""distinct"": 2, ""mode_count"": 6, ""least_count"": 3, ""color8_count"": 3, ""sum_colors"": 30, ""max_color"": 8, ""min_color"": 1, ""center"": 1, ""corner_sum"": 18, ""edge_sum"": 11, ""signature_freq"": [1, 2, 1, 1, 1, 1, 2, 1, 2], ""count_pattern"": [6, 3]}","{""color8_count_min"": true, ""sum_colors_min"": true, ""corner_sum_min"": true, ""edge_sum_min"": true}","[{""r"": 0, ""c"": 1, ""distinct"": 2, ""mode_count"": 5, ""least_count"": 4, ""color8_count"": 5, ""sum_colors"": 44, ""max_color"": 8, ""min_color"": 1, ""center"": 1, ""corner_sum"": 25, ""edge_sum"": 18, ""signature_freq"": [1, 1, 1, 2, 2, 1, 2, 2, 1], ""count_pattern"": [5, 4]}, {""r"": 0, ""c"": 5, ""distinct"": 2, ""mode_count"": 6, ""least_count"": 3, ""color8_count"": 3, ""sum_colors"": 30, ""max_color"": 8, ""min_color"": 1, ""center"": 1, ""corner_sum"": 18, ""edge_sum"": 11, ""signature_freq"": [1, 2, 1, 1, 1, 1, 2, 1, 2], ""count_pattern"": [6, 3]}, {""r"": 4, ""c"": 1, ""distinct"": 2, ""mode_count"": 8, ""least_count"": 1, ""color8_count"": 8, ""sum_colors"": 65, ""max_color"": 8, ""min_color"": 1, ""center"": 8, ""corner_sum"": 32, ""edge_sum"": 25, ""signature_freq"": [1, 2, 1, 1, 1, 1, 1, 1, 1], ""count_pattern"": [8, 1]}, {""r"": 6, ""c"": 5, ""distinct"": 2, ""mode_count"": 5, ""least_count"": 4, ""color8_count"": 4, ""sum_colors"": 37, ""max_color"": 8, ""min_color"": 1, ""center"": 1, ""corner_sum"": 18, ""edge_sum"": 18, ""signature_freq"": [2, 2, 2, 1, 1, 2, 1, 1, 1], ""count_pattern"": [5, 4]}]"
7,"0,6",4,"{""r"": 0, ""c"": 6, ""distinct"": 2, ""mode_count"": 7, ""least_count"": 2, ""color8_count"": 2, ""sum_colors"": 23, ""max_color"": 8, ""min_color"": 1, ""center"": 1, ""corner_sum"": 11, ""edge_sum"": 11, ""signature_freq"": [1, 1, 1, 2, 1, 1, 2, 1, 1], ""count_pattern"": [7, 2]}","{""color8_count_min"": true, ""sum_colors_min"": true, ""center_min"": true, ""corner_sum_min"": true}","[{""r"": 0, ""c"": 1, ""distinct"": 2, ""mode_count"": 8, ""least_count"": 1, ""color8_count"": 8, ""sum_colors"": 65, ""max_color"": 8, ""min_color"": 1, ""center"": 8, ""corner_sum"": 32, ""edge_sum"": 25, ""signature_freq"": [1, 1, 1, 1, 1, 2, 1, 1, 1], ""count_pattern"": [8, 1]}, {""r"": 0, ""c"": 6, ""distinct"": 2, ""mode_count"": 7, ""least_count"": 2, ""color8_count"": 2, ""sum_colors"": 23, ""max_color"": 8, ""min_color"": 1, ""center"": 1, ""corner_sum"": 11, ""edge_sum"": 11, ""signature_freq"": [1, 1, 1, 2, 1, 1, 2, 1, 1], ""count_pattern"": [7, 2]}, {""r"": 5, ""c"": 1, ""distinct"": 1, ""mode_count"": 9, ""least_count"": 9, ""color8_count"": 9, ""sum_colors"": 72, ""max_color"": 8, ""min_color"": 8, ""center"": 8, ""corner_sum"": 32, ""edge_sum"": 32, ""signature_freq"": [1, 1, 1, 1, 1, 1, 1, 1, 1], ""count_pattern"": [9]}, {""r"": 6, ""c"": 6, ""distinct"": 2, ""mode_count"": 6, ""least_count"": 3, ""color8_count"": 3, ""sum_colors"": 30, ""max_color"": 8, ""min_color"": 1, ""center"": 8, ""corner_sum"": 18, ""edge_sum"": 4, ""signature_freq"": [2, 1, 1, 1, 2, 1, 1, 1, 2], ""count_pattern"": [6, 3]}]"
8,"0,6",4,"{""r"": 0, ""c"": 6, ""distinct"": 2, ""mode_count"": 8, ""least_count"": 1, ""color8_count"": 1, ""sum_colors"": 16, ""max_color"": 8, ""min_color"": 1, ""center"": 1, ""corner_sum"": 4, ""edge_sum"": 11, ""signature_freq"": [1, 2, 1, 1, 1, 1, 1, 1, 1], ""count_pattern"": [8, 1]}","{""least_count_min"": true, ""color8_count_min"": true, ""sum_colors_min"": true, ""center_min"": true, ""corner_sum_min"": true, ""edge_sum_min"": true, ""col_major_last"": true}","[{""r"": 0, ""c"": 2, ""distinct"": 2, ""mode_count"": 7, ""least_count"": 2, ""color8_count"": 7, ""sum_colors"": 58, ""max_color"": 8, ""min_color"": 1, ""center"": 8, ""corner_sum"": 25, ""edge_sum"": 25, ""signature_freq"": [1, 1, 1, 1, 1, 2, 1, 1, 2], ""count_pattern"": [7, 2]}, {""r"": 0, ""c"": 6, ""distinct"": 2, ""mode_count"": 8, ""least_count"": 1, ""color8_count"": 1, ""sum_colors"": 16, ""max_color"": 8, ""min_color"": 1, ""center"": 1, ""corner_sum"": 4, ""edge_sum"": 11, ""signature_freq"": [1, 2, 1, 1, 1, 1, 1, 1, 1], ""count_pattern"": [8, 1]}, {""r"": 6, ""c"": 1, ""distinct"": 1, ""mode_count"": 9, ""least_count"": 9, ""color8_count"": 9, ""sum_colors"": 72, ""max_color"": 8, ""min_color"": 8, ""center"": 8, ""corner_sum"": 32, ""edge_sum"": 32, ""signature_freq"": [1, 1, 1, 1, 1, 1, 1, 1, 1], ""count_pattern"": [9]}, {""r"": 6, ""c"": 5, ""distinct"": 2, ""mode_count"": 5, ""least_count"": 4, ""color8_count"": 4, ""sum_colors"": 37, ""max_color"": 8, ""min_color"": 1, ""center"": 1, ""corner_sum"": 18, ""edge_sum"": 18, ""signature_freq"": [1, 1, 1, 2, 1, 1, 2, 2, 2], ""count_pattern"": [5, 4]}]"
9,"6,5",4,"{""r"": 6, ""c"": 5, ""distinct"": 2, ""mode_count"": 8, ""least_count"": 1, ""color8_count"": 1, ""sum_colors"": 16, ""max_color"": 8, ""min_color"": 1, ""center"": 8, ""corner_sum"": 4, ""edge_sum"": 4, ""signature_freq"": [1, 1, 1, 1, 2, 1, 1, 1, 1], ""count_pattern"": [8, 1]}","{""color8_count_min"": true, ""sum_colors_min"": true, ""corner_sum_min"": true, ""row_major_last"": true}","[{""r"": 0, ""c"": 1, ""distinct"": 2, ""mode_count"": 7, ""least_count"": 2, ""color8_count"": 2, ""sum_colors"": 23, ""max_color"": 8, ""min_color"": 1, ""center"": 1, ""corner_sum"": 18, ""edge_sum"": 4, ""signature_freq"": [2, 1, 2, 1, 1, 1, 1, 1, 1], ""count_pattern"": [7, 2]}, {""r"": 2, ""c"": 6, ""distinct"": 2, ""mode_count"": 5, ""least_count"": 4, ""color8_count"": 4, ""sum_colors"": 37, ""max_color"": 8, ""min_color"": 1, ""center"": 1, ""corner_sum"": 11, ""edge_sum"": 25, ""signature_freq"": [2, 2, 1, 2, 1, 2, 1, 1, 1], ""count_pattern"": [5, 4]}, {""r"": 5, ""c"": 1, ""distinct"": 2, ""mode_count"": 8, ""least_count"": 1, ""color8_count"": 8, ""sum_colors"": 65, ""max_color"": 8, ""min_color"": 1, ""center"": 8, ""corner_sum"": 25, ""edge_sum"": 32, ""signature_freq"": [1, 1, 2, 1, 1, 1, 1, 1, 1], ""count_pattern"": [8, 1]}, {""r"": 6, ""c"": 5, ""distinct"": 2, ""mode_count"": 8, ""least_count"": 1, ""color8_count"": 1, ""sum_colors"": 16, ""max_color"": 8, ""min_color"": 1, ""center"": 8, ""corner_sum"": 4, ""edge_sum"": 4, ""signature_freq"": [1, 1, 1, 1, 2, 1, 1, 1, 1], ""count_pattern"": [8, 1]}]"
10,"0,0",4,"{""r"": 0, ""c"": 0, ""distinct"": 2, ""mode_count"": 8, ""least_count"": 1, ""color8_count"": 1, ""sum_colors"": 16, ""max_color"": 8, ""min_color"": 1, ""center"": 1, ""corner_sum"": 4, ""edge_sum"": 11, ""signature_freq"": [1, 1, 1, 1, 1, 2, 1, 1, 1], ""count_pattern"": [8, 1]}","{""distinct_min"": true, ""distinct_max"": true, ""mode_count_max"": true, ""least_count_min"": true, ""color8_count_min"": true, ""sum_colors_min"": true, ""max_color_min"": true, ""max_color_max"": true, ""min_color_min"": true, ""min_color_max"": true, ""center_min"": true, ""corner_sum_min"": true, ""edge_sum_min"": true, ""row_major_first"": true, ""col_major_first"": true}","[{""r"": 0, ""c"": 0, ""distinct"": 2, ""mode_count"": 8, ""least_count"": 1, ""color8_count"": 1, ""sum_colors"": 16, ""max_color"": 8, ""min_color"": 1, ""center"": 1, ""corner_sum"": 4, ""edge_sum"": 11, ""signature_freq"": [1, 1, 1, 1, 1, 2, 1, 1, 1], ""count_pattern"": [8, 1]}, {""r"": 2, ""c"": 4, ""distinct"": 2, ""mode_count"": 5, ""least_count"": 4, ""color8_count"": 5, ""sum_colors"": 44, ""max_color"": 8, ""min_color"": 1, ""center"": 8, ""corner_sum"": 25, ""edge_sum"": 11, ""signature_freq"": [1, 2, 1, 2, 1, 1, 2, 2, 1], ""count_pattern"": [5, 4]}, {""r"": 5, ""c"": 1, ""distinct"": 2, ""mode_count"": 7, ""least_count"": 2, ""color8_count"": 7, ""sum_colors"": 58, ""max_color"": 8, ""min_color"": 1, ""center"": 8, ""corner_sum"": 25, ""edge_sum"": 25, ""signature_freq"": [2, 1, 1, 1, 1, 1, 1, 2, 1], ""count_pattern"": [7, 2]}, {""r"": 6, ""c"": 6, ""distinct"": 2, ""mode_count"": 6, ""least_count"": 3, ""color8_count"": 3, ""sum_colors"": 30, ""max_color"": 8, ""min_color"": 1, ""center"": 1, ""corner_sum"": 18, ""edge_sum"": 11, ""signature_freq"": [1, 1, 2, 1, 1, 2, 2, 1, 1], ""count_pattern"": [6, 3]}]"
11,"1,6",4,"{""r"": 1, ""c"": 6, ""distinct"": 2, ""mode_count"": 8, ""least_count"": 1, ""color8_count"": 1, ""sum_colors"": 16, ""max_color"": 8, ""min_color"": 1, ""center"": 1, ""corner_sum"": 4, ""edge_sum"": 11, ""signature_freq"": [1, 1, 1, 1, 1, 2, 1, 1, 1], ""count_pattern"": [8, 1]}","{""mode_count_max"": true, ""least_count_min"": true, ""color8_count_min"": true, ""sum_colors_min"": true, ""center_min"": true, ""corner_sum_min"": true, ""edge_sum_min"": true, ""col_major_last"": true}","[{""r"": 1, ""c"": 2, ""distinct"": 2, ""mode_count"": 7, ""least_count"": 2, ""color8_count"": 7, ""sum_colors"": 58, ""max_color"": 8, ""min_color"": 1, ""center"": 8, ""corner_sum"": 25, ""edge_sum"": 25, ""signature_freq"": [1, 1, 1, 1, 1, 1, 1, 2, 2], ""count_pattern"": [7, 2]}, {""r"": 1, ""c"": 6, ""distinct"": 2, ""mode_count"": 8, ""least_count"": 1, ""color8_count"": 1, ""sum_colors"": 16, ""max_color"": 8, ""min_color"": 1, ""center"": 1, ""corner_sum"": 4, ""edge_sum"": 11, ""signature_freq"": [1, 1, 1, 1, 1, 2, 1, 1, 1], ""count_pattern"": [8, 1]}, {""r"": 5, ""c"": 5, ""distinct"": 2, ""mode_count"": 5, ""least_count"": 4, ""color8_count"": 4, ""sum_colors"": 37, ""max_color"": 8, ""min_color"": 1, ""center"": 8, ""corner_sum"": 11, ""edge_sum"": 18, ""signature_freq"": [2, 2, 1, 1, 2, 2, 1, 1, 1], ""count_pattern"": [5, 4]}, {""r"": 6, ""c"": 0, ""distinct"": 2, ""mode_count"": 6, ""least_count"": 3, ""color8_count"": 3, ""sum_colors"": 30, ""max_color"": 8, ""min_color"": 1, ""center"": 8, ""corner_sum"": 11, ""edge_sum"": 11, ""signature_freq"": [1, 1, 1, 1, 2, 1, 2, 2, 1], ""count_pattern"": [6, 3]}]"
12,"4,6",4,"{""r"": 4, ""c"": 6, ""distinct"": 2, ""mode_count"": 8, ""least_count"": 1, ""color8_count"": 1, ""sum_colors"": 16, ""max_color"": 8, ""min_color"": 1, ""center"": 1, ""corner_sum"": 4, ""edge_sum"": 11, ""signature_freq"": [1, 1, 1, 1, 1, 2, 1, 1, 1], ""count_pattern"": [8, 1]}","{""least_count_min"": true, ""color8_count_min"": true, ""sum_colors_min"": true, ""center_min"": true, ""corner_sum_min"": true, ""col_major_last"": true}","[{""r"": 0, ""c"": 4, ""distinct"": 1, ""mode_count"": 9, ""least_count"": 9, ""color8_count"": 9, ""sum_colors"": 72, ""max_color"": 8, ""min_color"": 8, ""center"": 8, ""corner_sum"": 32, ""edge_sum"": 32, ""signature_freq"": [1, 1, 1, 1, 1, 1, 1, 1, 1], ""count_pattern"": [9]}, {""r"": 2, ""c"": 0, ""distinct"": 2, ""mode_count"": 7, ""least_count"": 2, ""color8_count"": 2, ""sum_colors"": 23, ""max_color"": 8, ""min_color"": 1, ""center"": 8, ""corner_sum"": 11, ""edge_sum"": 4, ""signature_freq"": [1, 1, 1, 1, 2, 1, 1, 1, 2], ""count_pattern"": [7, 2]}, {""r"": 4, ""c"": 6, ""distinct"": 2, ""mode_count"": 8, ""least_count"": 1, ""color8_count"": 1, ""sum_colors"": 16, ""max_color"": 8, ""min_color"": 1, ""center"": 1, ""corner_sum"": 4, ""edge_sum"": 11, ""signature_freq"": [1, 1, 1, 1, 1, 2, 1, 1, 1], ""count_pattern"": [8, 1]}, {""r"": 6, ""c"": 1, ""distinct"": 2, ""mode_count"": 6, ""least_count"": 3, ""color8_count"": 6, ""sum_colors"": 51, ""max_color"": 8, ""min_color"": 1, ""center"": 8, ""corner_sum"": 25, ""edge_sum"": 18, ""signature_freq"": [1, 1, 2, 2, 1, 2, 1, 1, 1], ""count_pattern"": [6, 3]}]"
13,"0,6",4,"{""r"": 0, ""c"": 6, ""distinct"": 2, ""mode_count"": 6, ""least_count"": 3, ""color8_count"": 3, ""sum_colors"": 30, ""max_color"": 8, ""min_color"": 1, ""center"": 1, ""corner_sum"": 18, ""edge_sum"": 11, ""signature_freq"": [1, 2, 2, 1, 1, 1, 1, 1, 2], ""count_pattern"": [6, 3]}","{""distinct_max"": true, ""mode_count_min"": true, ""color8_count_min"": true, ""sum_colors_min"": true, ""max_color_min"": true, ""max_color_max"": true, ""min_color_min"": true, ""center_min"": true, ""corner_sum_min"": true, ""edge_sum_min"": true, ""row_major_first"": true, ""col_major_last"": true}","[{""r"": 0, ""c"": 6, ""distinct"": 2, ""mode_count"": 6, ""least_count"": 3, ""color8_count"": 3, ""sum_colors"": 30, ""max_color"": 8, ""min_color"": 1, ""center"": 1, ""corner_sum"": 18, ""edge_sum"": 11, ""signature_freq"": [1, 2, 2, 1, 1, 1, 1, 1, 2], ""count_pattern"": [6, 3]}, {""r"": 2, ""c"": 1, ""distinct"": 2, ""mode_count"": 6, ""least_count"": 3, ""color8_count"": 6, ""sum_colors"": 51, ""max_color"": 8, ""min_color"": 1, ""center"": 8, ""corner_sum"": 18, ""edge_sum"": 25, ""signature_freq"": [1, 1, 1, 1, 1, 2, 2, 1, 2], ""count_pattern"": [6, 3]}, {""r"": 5, ""c"": 5, ""distinct"": 1, ""mode_count"": 9, ""least_count"": 9, ""color8_count"": 9, ""sum_colors"": 72, ""max_color"": 8, ""min_color"": 8, ""center"": 8, ""corner_sum"": 32, ""edge_sum"": 32, ""signature_freq"": [1, 1, 1, 1, 1, 1, 1, 1, 1], ""count_pattern"": [9]}, {""r"": 6, ""c"": 0, ""distinct"": 2, ""mode_count"": 7, ""least_count"": 2, ""color8_count"": 7, ""sum_colors"": 58, ""max_color"": 8, ""min_color"": 1, ""center"": 8, ""corner_sum"": 25, ""edge_sum"": 25, ""signature_freq"": [1, 1, 1, 2, 1, 1, 1, 1, 2], ""count_pattern"": [7, 2]}]"
14,"0,6",4,"{""r"": 0, ""c"": 6, ""distinct"": 2, ""mode_count"": 5, ""least_count"": 4, ""color8_count"": 4, ""sum_colors"": 37, ""max_color"": 8, ""min_color"": 1, ""center"": 8, ""corner_sum"": 11, ""edge_sum"": 18, ""signature_freq"": [1, 1, 1, 2, 2, 1, 1, 2, 2], ""count_pattern"": [5, 4]}","{""mode_count_min"": true, ""least_count_max"": true, ""color8_count_min"": true, ""sum_colors_min"": true, ""corner_sum_min"": true, ""edge_sum_min"": true, ""col_major_last"": true}","[{""r"": 0, ""c"": 0, ""distinct"": 2, ""mode_count"": 7, ""least_count"": 2, ""color8_count"": 7, ""sum_colors"": 58, ""max_color"": 8, ""min_color"": 1, ""center"": 8, ""corner_sum"": 25, ""edge_sum"": 25, ""signature_freq"": [1, 2, 1, 1, 1, 1, 1, 1, 2], ""count_pattern"": [7, 2]}, {""r"": 0, ""c"": 6, ""distinct"": 2, ""mode_count"": 5, ""least_count"": 4, ""color8_count"": 4, ""sum_colors"": 37, ""max_color"": 8, ""min_color"": 1, ""center"": 8, ""corner_sum"": 11, ""edge_sum"": 18, ""signature_freq"": [1, 1, 1, 2, 2, 1, 1, 2, 2], ""count_pattern"": [5, 4]}, {""r"": 4, ""c"": 0, ""distinct"": 2, ""mode_count"": 5, ""least_count"": 4, ""color8_count"": 5, ""sum_colors"": 44, ""max_color"": 8, ""min_color"": 1, ""center"": 1, ""corner_sum"": 18, ""edge_sum"": 25, ""signature_freq"": [2, 2, 1, 1, 2, 1, 1, 1, 2], ""count_pattern"": [5, 4]}, {""r"": 4, ""c"": 4, ""distinct"": 2, ""mode_count"": 8, ""least_count"": 1, ""color8_count"": 8, ""sum_colors"": 65, ""max_color"": 8, ""min_color"": 1, ""center"": 8, ""corner_sum"": 25, ""edge_sum"": 32, ""signature_freq"": [2, 1, 1, 1, 1, 1, 1, 1, 1], ""count_pattern"": [8, 1]}]"
15,"6,1",4,"{""r"": 6, ""c"": 1, ""distinct"": 2, ""mode_count"": 6, ""least_count"": 3, ""color8_count"": 3, ""sum_colors"": 30, ""max_color"": 8, ""min_color"": 1, ""center"": 1, ""corner_sum"": 18, ""edge_sum"": 11, ""signature_freq"": [1, 1, 1, 1, 1, 2, 2, 1, 2], ""count_pattern"": [6, 3]}","{""color8_count_min"": true, ""sum_colors_min"": true, ""center_min"": true, ""corner_sum_min"": true}","[{""r"": 0, ""c"": 1, ""distinct"": 1, ""mode_count"": 9, ""least_count"": 9, ""color8_count"": 9, ""sum_colors"": 72, ""max_color"": 8, ""min_color"": 8, ""center"": 8, ""corner_sum"": 32, ""edge_sum"": 32, ""signature_freq"": [1, 1, 1, 1, 1, 1, 1, 1, 1], ""count_pattern"": [9]}, {""r"": 2, ""c"": 6, ""distinct"": 2, ""mode_count"": 5, ""least_count"": 4, ""color8_count"": 5, ""sum_colors"": 44, ""max_color"": 8, ""min_color"": 1, ""center"": 8, ""corner_sum"": 25, ""edge_sum"": 11, ""signature_freq"": [1, 2, 1, 1, 1, 2, 2, 2, 1], ""count_pattern"": [5, 4]}, {""r"": 6, ""c"": 1, ""distinct"": 2, ""mode_count"": 6, ""least_count"": 3, ""color8_count"": 3, ""sum_colors"": 30, ""max_color"": 8, ""min_color"": 1, ""center"": 1, ""corner_sum"": 18, ""edge_sum"": 11, ""signature_freq"": [1, 1, 1, 1, 1, 2, 2, 1, 2], ""count_pattern"": [6, 3]}, {""r"": 6, ""c"": 5, ""distinct"": 2, ""mode_count"": 7, ""least_count"": 2, ""color8_count"": 7, ""sum_colors"": 58, ""max_color"": 8, ""min_color"": 1, ""center"": 1, ""corner_sum"": 32, ""edge_sum"": 25, ""signature_freq"": [1, 1, 1, 1, 2, 1, 1, 2, 1], ""count_pattern"": [7, 2]}]"
16,"6,6",4,"{""r"": 6, ""c"": 6, ""distinct"": 2, ""mode_count"": 8, ""least_count"": 1, ""color8_count"": 1, ""sum_colors"": 16, ""max_color"": 8, ""min_color"": 1, ""center"": 8, ""corner_sum"": 4, ""edge_sum"": 4, ""signature_freq"": [1, 1, 1, 1, 2, 1, 1, 1, 1], ""count_pattern"": [8, 1]}","{""color8_count_min"": true, ""sum_colors_min"": true, ""corner_sum_min"": true, ""edge_sum_min"": true, ""row_major_last"": true, ""col_major_last"": true}","[{""r"": 1, ""c"": 0, ""distinct"": 2, ""mode_count"": 6, ""least_count"": 3, ""color8_count"": 3, ""sum_colors"": 30, ""max_color"": 8, ""min_color"": 1, ""center"": 1, ""corner_sum"": 11, ""edge_sum"": 18, ""signature_freq"": [1, 2, 2, 1, 1, 1, 1, 2, 1], ""count_pattern"": [6, 3]}, {""r"": 2, ""c"": 6, ""distinct"": 2, ""mode_count"": 8, ""least_count"": 1, ""color8_count"": 8, ""sum_colors"": 65, ""max_color"": 8, ""min_color"": 1, ""center"": 8, ""corner_sum"": 25, ""edge_sum"": 32, ""signature_freq"": [1, 1, 1, 1, 1, 1, 1, 1, 2], ""count_pattern"": [8, 1]}, {""r"": 6, ""c"": 1, ""distinct"": 1, ""mode_count"": 9, ""least_count"": 9, ""color8_count"": 9, ""sum_colors"": 72, ""max_color"": 8, ""min_color"": 8, ""center"": 8, ""corner_sum"": 32, ""edge_sum"": 32, ""signature_freq"": [1, 1, 1, 1, 1, 1, 1, 1, 1], ""count_pattern"": [9]}, {""r"": 6, ""c"": 6, ""distinct"": 2, ""mode_count"": 8, ""least_count"": 1, ""color8_count"": 1, ""sum_colors"": 16, ""max_color"": 8, ""min_color"": 1, ""center"": 8, ""corner_sum"": 4, ""edge_sum"": 4, ""signature_freq"": [1, 1, 1, 1, 2, 1, 1, 1, 1], ""count_pattern"": [8, 1]}]"
17,"4,0",4,"{""r"": 4, ""c"": 0, ""distinct"": 2, ""mode_count"": 5, ""least_count"": 4, ""color8_count"": 5, ""sum_colors"": 44, ""max_color"": 8, ""min_color"": 1, ""center"": 1, ""corner_sum"": 18, ""edge_sum"": 25, ""signature_freq"": [1, 1, 2, 1, 2, 1, 2, 2, 1], ""count_pattern"": [5, 4]}","{""mode_count_min"": true, ""color8_count_min"": true, ""sum_colors_min"": true, ""center_min"": true, ""edge_sum_min"": true, ""col_major_first"": true}","[{""r"": 0, ""c"": 1, ""distinct"": 1, ""mode_count"": 9, ""least_count"": 9, ""color8_count"": 9, ""sum_colors"": 72, ""max_color"": 8, ""min_color"": 8, ""center"": 8, ""corner_sum"": 32, ""edge_sum"": 32, ""signature_freq"": [1, 1, 1, 1, 1, 1, 1, 1, 1], ""count_pattern"": [9]}, {""r"": 0, ""c"": 5, ""distinct"": 2, ""mode_count"": 7, ""least_count"": 2, ""color8_count"": 7, ""sum_colors"": 58, ""max_color"": 8, ""min_color"": 1, ""center"": 8, ""corner_sum"": 18, ""edge_sum"": 32, ""signature_freq"": [2, 1, 2, 1, 1, 1, 1, 1, 1], ""count_pattern"": [7, 2]}, {""r"": 4, ""c"": 0, ""distinct"": 2, ""mode_count"": 5, ""least_count"": 4, ""color8_count"": 5, ""sum_colors"": 44, ""max_color"": 8, ""min_color"": 1, ""center"": 1, ""corner_sum"": 18, ""edge_sum"": 25, ""signature_freq"": [1, 1, 2, 1, 2, 1, 2, 2, 1], ""count_pattern"": [5, 4]}, {""r"": 4, ""c"": 4, ""distinct"": 2, ""mode_count"": 6, ""least_count"": 3, ""color8_count"": 6, ""sum_colors"": 51, ""max_color"": 8, ""min_color"": 1, ""center"": 8, ""corner_sum"": 18, ""edge_sum"": 25, ""signature_freq"": [1, 2, 2, 1, 1, 1, 2, 1, 1], ""count_pattern"": [6, 3]}]"
18,"4,1",4,"{""r"": 4, ""c"": 1, ""distinct"": 2, ""mode_count"": 7, ""least_count"": 2, ""color8_count"": 2, ""sum_colors"": 23, ""max_color"": 8, ""min_color"": 1, ""center"": 1, ""corner_sum"": 11, ""edge_sum"": 11, ""signature_freq"": [1, 1, 1, 1, 1, 1, 2, 2, 1], ""count_pattern"": [7, 2]}","{""color8_count_min"": true, ""sum_colors_min"": true, ""center_min"": true, ""edge_sum_min"": true, ""col_major_first"": true}","[{""r"": 0, ""c"": 2, ""distinct"": 2, ""mode_count"": 6, ""least_count"": 3, ""color8_count"": 3, ""sum_colors"": 30, ""max_color"": 8, ""min_color"": 1, ""center"": 8, ""corner_sum"": 4, ""edge_sum"": 18, ""signature_freq"": [1, 1, 1, 2, 2, 2, 1, 1, 1], ""count_pattern"": [6, 3]}, {""r"": 1, ""c"": 6, ""distinct"": 2, ""mode_count"": 8, ""least_count"": 1, ""color8_count"": 8, ""sum_colors"": 65, ""max_color"": 8, ""min_color"": 1, ""center"": 8, ""corner_sum"": 25, ""edge_sum"": 32, ""signature_freq"": [1, 1, 1, 1, 1, 1, 1, 1, 2], ""count_pattern"": [8, 1]}, {""r"": 4, ""c"": 1, ""distinct"": 2, ""mode_count"": 7, ""least_count"": 2, ""color8_count"": 2, ""sum_colors"": 23, ""max_color"": 8, ""min_color"": 1, ""center"": 1, ""corner_sum"": 11, ""edge_sum"": 11, ""signature_freq"": [1, 1, 1, 1, 1, 1, 2, 2, 1], ""count_pattern"": [7, 2]}, {""r"": 5, ""c"": 5, ""distinct"": 1, ""mode_count"": 9, ""least_count"": 9, ""color8_count"": 9, ""sum_colors"": 72, ""max_color"": 8, ""min_color"": 8, ""center"": 8, ""corner_sum"": 32, ""edge_sum"": 32, ""signature_freq"": [1, 1, 1, 1, 1, 1, 1, 1, 1], ""count_pattern"": [9]}]"
19,"0,0",4,"{""r"": 0, ""c"": 0, ""distinct"": 2, ""mode_count"": 8, ""least_count"": 1, ""color8_count"": 1, ""sum_colors"": 16, ""max_color"": 8, ""min_color"": 1, ""center"": 1, ""corner_sum"": 4, ""edge_sum"": 11, ""signature_freq"": [1, 2, 1, 1, 1, 1, 1, 1, 1], ""count_pattern"": [8, 1]}","{""distinct_max"": true, ""least_count_min"": true, ""color8_count_min"": true, ""sum_colors_min"": true, ""max_color_min"": true, ""max_color_max"": true, ""min_color_min"": true, ""center_min"": true, ""corner_sum_min"": true, ""edge_sum_min"": true, ""row_major_first"": true, ""col_major_first"": true}","[{""r"": 0, ""c"": 0, ""distinct"": 2, ""mode_count"": 8, ""least_count"": 1, ""color8_count"": 1, ""sum_colors"": 16, ""max_color"": 8, ""min_color"": 1, ""center"": 1, ""corner_sum"": 4, ""edge_sum"": 11, ""signature_freq"": [1, 2, 1, 1, 1, 1, 1, 1, 1], ""count_pattern"": [8, 1]}, {""r"": 0, ""c"": 4, ""distinct"": 2, ""mode_count"": 5, ""least_count"": 4, ""color8_count"": 4, ""sum_colors"": 37, ""max_color"": 8, ""min_color"": 1, ""center"": 1, ""corner_sum"": 11, ""edge_sum"": 25, ""signature_freq"": [2, 2, 1, 2, 1, 2, 1, 1, 1], ""count_pattern"": [5, 4]}, {""r"": 4, ""c"": 0, ""distinct"": 1, ""mode_count"": 9, ""least_count"": 9, ""color8_count"": 9, ""sum_colors"": 72, ""max_color"": 8, ""min_color"": 8, ""center"": 8, ""corner_sum"": 32, ""edge_sum"": 32, ""signature_freq"": [1, 1, 1, 1, 1, 1, 1, 1, 1], ""count_pattern"": [9]}, {""r"": 5, ""c"": 4, ""distinct"": 2, ""mode_count"": 6, ""least_count"": 3, ""color8_count"": 3, ""sum_colors"": 30, ""max_color"": 8, ""min_color"": 1, ""center"": 8, ""corner_sum"": 11, ""edge_sum"": 11, ""signature_freq"": [1, 1, 1, 2, 2, 1, 1, 1, 2], ""count_pattern"": [6, 3]}]"
20,"6,6",4,"{""r"": 6, ""c"": 6, ""distinct"": 2, ""mode_count"": 6, ""least_count"": 3, ""color8_count"": 3, ""sum_colors"": 30, ""max_color"": 8, ""min_color"": 1, ""center"": 8, ""corner_sum"": 11, ""edge_sum"": 11, ""signature_freq"": [1, 1, 1, 2, 2, 1, 1, 1, 2], ""count_pattern"": [6, 3]}","{""color8_count_min"": true, ""sum_colors_min"": true, ""corner_sum_min"": true, ""row_major_last"": true, ""col_major_last"": true}","[{""r"": 0, ""c"": 1, ""distinct"": 2, ""mode_count"": 5, ""least_count"": 4, ""color8_count"": 4, ""sum_colors"": 37, ""max_color"": 8, ""min_color"": 1, ""center"": 8, ""corner_sum"": 18, ""edge_sum"": 11, ""signature_freq"": [1, 1, 2, 1, 2, 1, 2, 2, 1], ""count_pattern"": [5, 4]}, {""r"": 1, ""c"": 5, ""distinct"": 2, ""mode_count"": 5, ""least_count"": 4, ""color8_count"": 5, ""sum_colors"": 44, ""max_color"": 8, ""min_color"": 1, ""center"": 8, ""corner_sum"": 18, ""edge_sum"": 18, ""signature_freq"": [1, 2, 1, 1, 1, 2, 2, 1, 2], ""count_pattern"": [5, 4]}, {""r"": 4, ""c"": 0, ""distinct"": 2, ""mode_count"": 6, ""least_count"": 3, ""color8_count"": 6, ""sum_colors"": 51, ""max_color"": 8, ""min_color"": 1, ""center"": 8, ""corner_sum"": 18, ""edge_sum"": 25, ""signature_freq"": [1, 1, 1, 1, 1, 1, 2, 2, 2], ""count_pattern"": [6, 3]}, {""r"": 6, ""c"": 6, ""distinct"": 2, ""mode_count"": 6, ""least_count"": 3, ""color8_count"": 3, ""sum_colors"": 30, ""max_color"": 8, ""min_color"": 1, ""center"": 8, ""corner_sum"": 11, ""edge_sum"": 11, ""signature_freq"": [1, 1, 1, 2, 2, 1, 1, 1, 2], ""count_pattern"": [6, 3]}]"
21,"0,5",4,"{""r"": 0, ""c"": 5, ""distinct"": 2, ""mode_count"": 7, ""least_count"": 2, ""color8_count"": 2, ""sum_colors"": 23, ""max_color"": 8, ""min_color"": 1, ""center"": 1, ""corner_sum"": 11, ""edge_sum"": 11, ""signature_freq"": [2, 1, 1, 1, 1, 2, 1, 1, 1], ""count_pattern"": [7, 2]}","{""distinct_max"": true, ""least_count_min"": true, ""color8_count_min"": true, ""sum_colors_min"": true, ""min_color_min"": true, ""center_min"": true, ""corner_sum_min"": true, ""edge_sum_min"": true}","[{""r"": 0, ""c"": 0, ""distinct"": 1, ""mode_count"": 9, ""least_count"": 9, ""color8_count"": 9, ""sum_colors"": 72, ""max_color"": 8, ""min_color"": 8, ""center"": 8, ""corner_sum"": 32, ""edge_sum"": 32, ""signature_freq"": [1, 1, 1, 1, 1, 1, 1, 1, 1], ""count_pattern"": [9]}, {""r"": 0, ""c"": 5, ""distinct"": 2, ""mode_count"": 7, ""least_count"": 2, ""color8_count"": 2, ""sum_colors"": 23, ""max_color"": 8, ""min_color"": 1, ""center"": 1, ""corner_sum"": 11, ""edge_sum"": 11, ""signature_freq"": [2, 1, 1, 1, 1, 2, 1, 1, 1], ""count_pattern"": [7, 2]}, {""r"": 5, ""c"": 1, ""distinct"": 2, ""mode_count"": 5, ""least_count"": 4, ""color8_count"": 4, ""sum_colors"": 37, ""max_color"": 8, ""min_color"": 1, ""center"": 8, ""corner_sum"": 18, ""edge_sum"": 11, ""signature_freq"": [2, 1, 1, 1, 2, 2, 1, 1, 2], ""count_pattern"": [5, 4]}, {""r"": 6, ""c"": 5, ""distinct"": 2, ""mode_count"": 5, ""least_count"": 4, ""color8_count"": 5, ""sum_colors"": 44, ""max_color"": 8, ""min_color"": 1, ""center"": 1, ""corner_sum"": 25, ""edge_sum"": 18, ""signature_freq"": [1, 2, 2, 2, 2, 1, 1, 1, 1], ""count_pattern"": [5, 4]}]"
22,"4,0",4,"{""r"": 4, ""c"": 0, ""distinct"": 2, ""mode_count"": 5, ""least_count"": 4, ""color8_count"": 4, ""sum_colors"": 37, ""max_color"": 8, ""min_color"": 1, ""center"": 1, ""corner_sum"": 18, ""edge_sum"": 18, ""signature_freq"": [2, 2, 1, 2, 1, 1, 1, 1, 2], ""count_pattern"": [5, 4]}","{""color8_count_min"": true, ""sum_colors_min"": true, ""center_min"": true}","[{""r"": 0, ""c"": 0, ""distinct"": 2, ""mode_count"": 6, ""least_count"": 3, ""color8_count"": 6, ""sum_colors"": 51, ""max_color"": 8, ""min_color"": 1, ""center"": 8, ""corner_sum"": 18, ""edge_sum"": 25, ""signature_freq"": [2, 2, 1, 1, 1, 1, 2, 1, 1], ""count_pattern"": [6, 3]}, {""r"": 0, ""c"": 5, ""distinct"": 2, ""mode_count"": 5, ""least_count"": 4, ""color8_count"": 5, ""sum_colors"": 44, ""max_color"": 8, ""min_color"": 1, ""center"": 8, ""corner_sum"": 25, ""edge_sum"": 11, ""signature_freq"": [1, 2, 1, 2, 1, 1, 2, 2, 1], ""count_pattern"": [5, 4]}, {""r"": 4, ""c"": 0, ""distinct"": 2, ""mode_count"": 5, ""least_count"": 4, ""color8_count"": 4, ""sum_colors"": 37, ""max_color"": 8, ""min_color"": 1, ""center"": 1, ""corner_sum"": 18, ""edge_sum"": 18, ""signature_freq"": [2, 2, 1, 2, 1, 1, 1, 1, 2], ""count_pattern"": [5, 4]}, {""r"": 4, ""c"": 5, ""distinct"": 2, ""mode_count"": 8, ""least_count"": 1, ""color8_count"": 8, ""sum_colors"": 65, ""max_color"": 8, ""min_color"": 1, ""center"": 1, ""corner_sum"": 32, ""edge_sum"": 32, ""signature_freq"": [1, 1, 1, 1, 2, 1, 1, 1, 1], ""count_pattern"": [8, 1]}]"
23,"4,0",4,"{""r"": 4, ""c"": 0, ""distinct"": 2, ""mode_count"": 7, ""least_count"": 2, ""color8_count"": 2, ""sum_colors"": 23, ""max_color"": 8, ""min_color"": 1, ""center"": 1, ""corner_sum"": 4, ""edge_sum"": 18, ""signature_freq"": [1, 2, 1, 1, 1, 2, 1, 1, 1], ""count_pattern"": [7, 2]}","{""mode_count_max"": true, ""least_count_min"": true, ""color8_count_min"": true, ""sum_colors_min"": true, ""corner_sum_min"": true, ""col_major_first"": true}","[{""r"": 0, ""c"": 1, ""distinct"": 2, ""mode_count"": 6, ""least_count"": 3, ""color8_count"": 6, ""sum_colors"": 51, ""max_color"": 8, ""min_color"": 1, ""center"": 8, ""corner_sum"": 18, ""edge_sum"": 25, ""signature_freq"": [1, 2, 1, 1, 1, 1, 2, 1, 2], ""count_pattern"": [6, 3]}, {""r"": 1, ""c"": 6, ""distinct"": 2, ""mode_count"": 5, ""least_count"": 4, ""color8_count"": 4, ""sum_colors"": 37, ""max_color"": 8, ""min_color"": 1, ""center"": 1, ""corner_sum"": 18, ""edge_sum"": 18, ""signature_freq"": [2, 1, 2, 2, 1, 2, 1, 1, 1], ""count_pattern"": [5, 4]}, {""r"": 4, ""c"": 0, ""distinct"": 2, ""mode_count"": 7, ""least_count"": 2, ""color8_count"": 2, ""sum_colors"": 23, ""max_color"": 8, ""min_color"": 1, ""center"": 1, ""corner_sum"": 4, ""edge_sum"": 18, ""signature_freq"": [1, 2, 1, 1, 1, 2, 1, 1, 1], ""count_pattern"": [7, 2]}, {""r"": 5, ""c"": 5, ""distinct"": 2, ""mode_count"": 6, ""least_count"": 3, ""color8_count"": 3, ""sum_colors"": 30, ""max_color"": 8, ""min_color"": 1, ""center"": 8, ""corner_sum"": 11, ""edge_sum"": 11, ""signature_freq"": [1, 2, 1, 1, 2, 1, 1, 1, 2], ""count_pattern"": [6, 3]}]"
24,"5,2",4,"{""r"": 5, ""c"": 2, ""distinct"": 2, ""mode_count"": 5, ""least_count"": 4, ""color8_count"": 4, ""sum_colors"": 37, ""max_color"": 8, ""min_color"": 1, ""center"": 8, ""corner_sum"": 25, ""edge_sum"": 4, ""signature_freq"": [2, 1, 2, 1, 2, 1, 2, 1, 1], ""count_pattern"": [5, 4]}","{""mode_count_min"": true, ""color8_count_min"": true, ""sum_colors_min"": true, ""edge_sum_min"": true}","[{""r"": 1, ""c"": 0, ""distinct"": 1, ""mode_count"": 9, ""least_count"": 9, ""color8_count"": 9, ""sum_colors"": 72, ""max_color"": 8, ""min_color"": 8, ""center"": 8, ""corner_sum"": 32, ""edge_sum"": 32, ""signature_freq"": [1, 1, 1, 1, 1, 1, 1, 1, 1], ""count_pattern"": [9]}, {""r"": 1, ""c"": 5, ""distinct"": 2, ""mode_count"": 8, ""least_count"": 1, ""color8_count"": 8, ""sum_colors"": 65, ""max_color"": 8, ""min_color"": 1, ""center"": 1, ""corner_sum"": 32, ""edge_sum"": 32, ""signature_freq"": [1, 1, 1, 1, 2, 1, 1, 1, 1], ""count_pattern"": [8, 1]}, {""r"": 5, ""c"": 2, ""distinct"": 2, ""mode_count"": 5, ""least_count"": 4, ""color8_count"": 4, ""sum_colors"": 37, ""max_color"": 8, ""min_color"": 1, ""center"": 8, ""corner_sum"": 25, ""edge_sum"": 4, ""signature_freq"": [2, 1, 2, 1, 2, 1, 2, 1, 1], ""count_pattern"": [5, 4]}, {""r"": 5, ""c"": 6, ""distinct"": 2, ""mode_count"": 5, ""least_count"": 4, ""color8_count"": 5, ""sum_colors"": 44, ""max_color"": 8, ""min_color"": 1, ""center"": 8, ""corner_sum"": 18, ""edge_sum"": 18, ""signature_freq"": [2, 1, 1, 2, 1, 1, 1, 2, 2], ""count_pattern"": [5, 4]}]"
25,"1,1",4,"{""r"": 1, ""c"": 1, ""distinct"": 2, ""mode_count"": 6, ""least_count"": 3, ""color8_count"": 3, ""sum_colors"": 30, ""max_color"": 8, ""min_color"": 1, ""center"": 8, ""corner_sum"": 18, ""edge_sum"": 4, ""signature_freq"": [2, 1, 1, 1, 2, 1, 2, 1, 1], ""count_pattern"": [6, 3]}","{""distinct_max"": true, ""color8_count_min"": true, ""sum_colors_min"": true, ""max_color_min"": true, ""max_color_max"": true, ""min_color_min"": true, ""center_max"": true, ""corner_sum_min"": true, ""edge_sum_min"": true, ""row_major_first"": true}","[{""r"": 1, ""c"": 1, ""distinct"": 2, ""mode_count"": 6, ""least_count"": 3, ""color8_count"": 3, ""sum_colors"": 30, ""max_color"": 8, ""min_color"": 1, ""center"": 8, ""corner_sum"": 18, ""edge_sum"": 4, ""signature_freq"": [2, 1, 1, 1, 2, 1, 2, 1, 1], ""count_pattern"": [6, 3]}, {""r"": 2, ""c"": 5, ""distinct"": 2, ""mode_count"": 7, ""least_count"": 2, ""color8_count"": 7, ""sum_colors"": 58, ""max_color"": 8, ""min_color"": 1, ""center"": 8, ""corner_sum"": 32, ""edge_sum"": 18, ""signature_freq"": [1, 2, 1, 2, 1, 1, 1, 1, 1], ""count_pattern"": [7, 2]}, {""r"": 6, ""c"": 0, ""distinct"": 1, ""mode_count"": 9, ""least_count"": 9, ""color8_count"": 9, ""sum_colors"": 72, ""max_color"": 8, ""min_color"": 8, ""center"": 8, ""corner_sum"": 32, ""edge_sum"": 32, ""signature_freq"": [1, 1, 1, 1, 1, 1, 1, 1, 1], ""count_pattern"": [9]}, {""r"": 6, ""c"": 5, ""distinct"": 2, ""mode_count"": 5, ""least_count"": 4, ""color8_count"": 5, ""sum_colors"": 44, ""max_color"": 8, ""min_color"": 1, ""center"": 1, ""corner_sum"": 25, ""edge_sum"": 18, ""signature_freq"": [1, 2, 1, 1, 2, 2, 2, 1, 1], ""count_pattern"": [5, 4]}]"
26,"1,5",4,"{""r"": 1, ""c"": 5, ""distinct"": 2, ""mode_count"": 8, ""least_count"": 1, ""color8_count"": 1, ""sum_colors"": 16, ""max_color"": 8, ""min_color"": 1, ""center"": 1, ""corner_sum"": 4, ""edge_sum"": 11, ""signature_freq"": [1, 2, 1, 1, 1, 1, 1, 1, 1], ""count_pattern"": [8, 1]}","{""mode_count_max"": true, ""least_count_min"": true, ""color8_count_min"": true, ""sum_colors_min"": true, ""center_min"": true, ""corner_sum_min"": true}","[{""r"": 1, ""c"": 1, ""distinct"": 2, ""mode_count"": 5, ""least_count"": 4, ""color8_count"": 4, ""sum_colors"": 37, ""max_color"": 8, ""min_color"": 1, ""center"": 8, ""corner_sum"": 18, ""edge_sum"": 11, ""signature_freq"": [2, 1, 1, 1, 2, 2, 2, 1, 1], ""count_pattern"": [5, 4]}, {""r"": 1, ""c"": 5, ""distinct"": 2, ""mode_count"": 8, ""least_count"": 1, ""color8_count"": 1, ""sum_colors"": 16, ""max_color"": 8, ""min_color"": 1, ""center"": 1, ""corner_sum"": 4, ""edge_sum"": 11, ""signature_freq"": [1, 2, 1, 1, 1, 1, 1, 1, 1], ""count_pattern"": [8, 1]}, {""r"": 5, ""c"": 1, ""distinct"": 2, ""mode_count"": 7, ""least_count"": 2, ""color8_count"": 7, ""sum_colors"": 58, ""max_color"": 8, ""min_color"": 1, ""center"": 1, ""corner_sum"": 25, ""edge_sum"": 32, ""signature_freq"": [1, 1, 1, 1, 2, 1, 2, 1, 1], ""count_pattern"": [7, 2]}, {""r"": 5, ""c"": 6, ""distinct"": 2, ""mode_count"": 6, ""least_count"": 3, ""color8_count"": 3, ""sum_colors"": 30, ""max_color"": 8, ""min_color"": 1, ""center"": 8, ""corner_sum"": 11, ""edge_sum"": 11, ""signature_freq"": [1, 1, 1, 2, 2, 1, 2, 1, 1], ""count_pattern"": [6, 3]}]"
27,"4,6",4,"{""r"": 4, ""c"": 6, ""distinct"": 2, ""mode_count"": 8, ""least_count"": 1, ""color8_count"": 1, ""sum_colors"": 16, ""max_color"": 8, ""min_color"": 1, ""center"": 1, ""corner_sum"": 4, ""edge_sum"": 11, ""signature_freq"": [1, 1, 1, 1, 1, 2, 1, 1, 1], ""count_pattern"": [8, 1]}","{""mode_count_max"": true, ""least_count_min"": true, ""color8_count_min"": true, ""sum_colors_min"": true, ""center_min"": true, ""corner_sum_min"": true, ""col_major_last"": true}","[{""r"": 0, ""c"": 0, ""distinct"": 2, ""mode_count"": 7, ""least_count"": 2, ""color8_count"": 2, ""sum_colors"": 23, ""max_color"": 8, ""min_color"": 1, ""center"": 8, ""corner_sum"": 11, ""edge_sum"": 4, ""signature_freq"": [1, 1, 1, 1, 2, 1, 1, 1, 2], ""count_pattern"": [7, 2]}, {""r"": 0, ""c"": 6, ""distinct"": 2, ""mode_count"": 6, ""least_count"": 3, ""color8_count"": 6, ""sum_colors"": 51, ""max_color"": 8, ""min_color"": 1, ""center"": 8, ""corner_sum"": 18, ""edge_sum"": 25, ""signature_freq"": [1, 1, 1, 1, 1, 1, 2, 2, 2], ""count_pattern"": [6, 3]}, {""r"": 4, ""c"": 6, ""distinct"": 2, ""mode_count"": 8, ""least_count"": 1, ""color8_count"": 1, ""sum_colors"": 16, ""max_color"": 8, ""min_color"": 1, ""center"": 1, ""corner_sum"": 4, ""edge_sum"": 11, ""signature_freq"": [1, 1, 1, 1, 1, 2, 1, 1, 1], ""count_pattern"": [8, 1]}, {""r"": 6, ""c"": 2, ""distinct"": 2, ""mode_count"": 8, ""least_count"": 1, ""color8_count"": 8, ""sum_colors"": 65, ""max_color"": 8, ""min_color"": 1, ""center"": 8, ""corner_sum"": 25, ""edge_sum"": 32, ""signature_freq"": [2, 1, 1, 1, 1, 1, 1, 1, 1], ""count_pattern"": [8, 1]}]"
28,"1,2",4,"{""r"": 1, ""c"": 2, ""distinct"": 2, ""mode_count"": 8, ""least_count"": 1, ""color8_count"": 1, ""sum_colors"": 16, ""max_color"": 8, ""min_color"": 1, ""center"": 1, ""corner_sum"": 4, ""edge_sum"": 11, ""signature_freq"": [1, 2, 1, 1, 1, 1, 1, 1, 1], ""count_pattern"": [8, 1]}","{""mode_count_max"": true, ""least_count_min"": true, ""color8_count_min"": true, ""sum_colors_min"": true, ""center_min"": true, ""corner_sum_min"": true, ""edge_sum_min"": true}","[{""r"": 0, ""c"": 6, ""distinct"": 2, ""mode_count"": 5, ""least_count"": 4, ""color8_count"": 5, ""sum_colors"": 44, ""max_color"": 8, ""min_color"": 1, ""center"": 8, ""corner_sum"": 18, ""edge_sum"": 18, ""signature_freq"": [2, 1, 1, 2, 1, 2, 2, 1, 1], ""count_pattern"": [5, 4]}, {""r"": 1, ""c"": 2, ""distinct"": 2, ""mode_count"": 8, ""least_count"": 1, ""color8_count"": 1, ""sum_colors"": 16, ""max_color"": 8, ""min_color"": 1, ""center"": 1, ""corner_sum"": 4, ""edge_sum"": 11, ""signature_freq"": [1, 2, 1, 1, 1, 1, 1, 1, 1], ""count_pattern"": [8, 1]}, {""r"": 5, ""c"": 1, ""distinct"": 2, ""mode_count"": 7, ""least_count"": 2, ""color8_count"": 2, ""sum_colors"": 23, ""max_color"": 8, ""min_color"": 1, ""center"": 1, ""corner_sum"": 11, ""edge_sum"": 11, ""signature_freq"": [1, 1, 2, 2, 1, 1, 1, 1, 1], ""count_pattern"": [7, 2]}, {""r"": 6, ""c"": 6, ""distinct"": 2, ""mode_count"": 6, ""least_count"": 3, ""color8_count"": 6, ""sum_colors"": 51, ""max_color"": 8, ""min_color"": 1, ""center"": 8, ""corner_sum"": 25, ""edge_sum"": 18, ""signature_freq"": [1, 1, 1, 1, 1, 2, 1, 2, 2], ""count_pattern"": [6, 3]}]"
29,"5,0",4,"{""r"": 5, ""c"": 0, ""distinct"": 2, ""mode_count"": 8, ""least_count"": 1, ""color8_count"": 1, ""sum_colors"": 16, ""max_color"": 8, ""min_color"": 1, ""center"": 1, ""corner_sum"": 11, ""edge_sum"": 4, ""signature_freq"": [2, 1, 1, 1, 1, 1, 1, 1, 1], ""count_pattern"": [8, 1]}","{""least_count_min"": true, ""color8_count_min"": true, ""sum_colors_min"": true, ""edge_sum_min"": true}","[{""r"": 0, ""c"": 4, ""distinct"": 1, ""mode_count"": 9, ""least_count"": 9, ""color8_count"": 9, ""sum_colors"": 72, ""max_color"": 8, ""min_color"": 8, ""center"": 8, ""corner_sum"": 32, ""edge_sum"": 32, ""signature_freq"": [1, 1, 1, 1, 1, 1, 1, 1, 1], ""count_pattern"": [9]}, {""r"": 1, ""c"": 0, ""distinct"": 2, ""mode_count"": 5, ""least_count"": 4, ""color8_count"": 5, ""sum_colors"": 44, ""max_color"": 8, ""min_color"": 1, ""center"": 1, ""corner_sum"": 11, ""edge_sum"": 32, ""signature_freq"": [2, 1, 1, 1, 2, 1, 2, 1, 2], ""count_pattern"": [5, 4]}, {""r"": 5, ""c"": 0, ""distinct"": 2, ""mode_count"": 8, ""least_count"": 1, ""color8_count"": 1, ""sum_colors"": 16, ""max_color"": 8, ""min_color"": 1, ""center"": 1, ""corner_sum"": 11, ""edge_sum"": 4, ""signature_freq"": [2, 1, 1, 1, 1, 1, 1, 1, 1], ""count_pattern"": [8, 1]}, {""r"": 6, ""c"": 6, ""distinct"": 2, ""mode_count"": 5, ""least_count"": 4, ""color8_count"": 4, ""sum_colors"": 37, ""max_color"": 8, ""min_color"": 1, ""center"": 1, ""corner_sum"": 18, ""edge_sum"": 18, ""signature_freq"": [2, 1, 1, 2, 1, 1, 1, 2, 2], ""count_pattern"": [5, 4]}]"
30,"4,1",4,"{""r"": 4, ""c"": 1, ""distinct"": 2, ""mode_count"": 7, ""least_count"": 2, ""color8_count"": 2, ""sum_colors"": 23, ""max_color"": 8, ""min_color"": 1, ""center"": 1, ""corner_sum"": 11, ""edge_sum"": 11, ""signature_freq"": [1, 1, 1, 1, 1, 1, 1, 2, 2], ""count_pattern"": [7, 2]}","{""mode_count_max"": true, ""least_count_min"": true, ""color8_count_min"": true, ""sum_colors_min"": true, ""corner_sum_min"": true, ""edge_sum_min"": true}","[{""r"": 0, ""c"": 0, ""distinct"": 2, ""mode_count"": 6, ""least_count"": 3, ""color8_count"": 6, ""sum_colors"": 51, ""max_color"": 8, ""min_color"": 1, ""center"": 8, ""corner_sum"": 18, ""edge_sum"": 25, ""signature_freq"": [1, 1, 1, 1, 1, 2, 2, 1, 2], ""count_pattern"": [6, 3]}, {""r"": 0, ""c"": 4, ""distinct"": 2, ""mode_count"": 5, ""least_count"": 4, ""color8_count"": 4, ""sum_colors"": 37, ""max_color"": 8, ""min_color"": 1, ""center"": 1, ""corner_sum"": 18, ""edge_sum"": 18, ""signature_freq"": [1, 1, 2, 2, 1, 1, 1, 2, 2], ""count_pattern"": [5, 4]}, {""r"": 4, ""c"": 1, ""distinct"": 2, ""mode_count"": 7, ""least_count"": 2, ""color8_count"": 2, ""sum_colors"": 23, ""max_color"": 8, ""min_color"": 1, ""center"": 1, ""corner_sum"": 11, ""edge_sum"": 11, ""signature_freq"": [1, 1, 1, 1, 1, 1, 1, 2, 2], ""count_pattern"": [7, 2]}, {""r"": 4, ""c"": 6, ""distinct"": 2, ""mode_count"": 7, ""least_count"": 2, ""color8_count"": 7, ""sum_colors"": 58, ""max_color"": 8, ""min_color"": 1, ""center"": 8, ""corner_sum"": 25, ""edge_sum"": 25, ""signature_freq"": [1, 1, 1, 1, 1, 2, 2, 1, 1], ""count_pattern"": [7, 2]}]"
31,"0,0",4,"{""r"": 0, ""c"": 0, ""distinct"": 2, ""mode_count"": 8, ""least_count"": 1, ""color8_count"": 1, ""sum_colors"": 16, ""max_color"": 8, ""min_color"": 1, ""center"": 1, ""corner_sum"": 11, ""edge_sum"": 4, ""signature_freq"": [2, 1, 1, 1, 1, 1, 1, 1, 1], ""count_pattern"": [8, 1]}","{""distinct_min"": true, ""distinct_max"": true, ""mode_count_max"": true, ""least_count_min"": true, ""color8_count_min"": true, ""sum_colors_min"": true, ""max_color_min"": true, ""max_color_max"": true, ""min_color_min"": true, ""min_color_max"": true, ""center_min"": true, ""corner_sum_min"": true, ""edge_sum_min"": true, ""row_major_first"": true, ""col_major_first"": true}","[{""r"": 0, ""c"": 0, ""distinct"": 2, ""mode_count"": 8, ""least_count"": 1, ""color8_count"": 1, ""sum_colors"": 16, ""max_color"": 8, ""min_color"": 1, ""center"": 1, ""corner_sum"": 11, ""edge_sum"": 4, ""signature_freq"": [2, 1, 1, 1, 1, 1, 1, 1, 1], ""count_pattern"": [8, 1]}, {""r"": 2, ""c"": 5, ""distinct"": 2, ""mode_count"": 6, ""least_count"": 3, ""color8_count"": 6, ""sum_colors"": 51, ""max_color"": 8, ""min_color"": 1, ""center"": 8, ""corner_sum"": 25, ""edge_sum"": 18, ""signature_freq"": [2, 2, 1, 1, 1, 2, 1, 1, 1], ""count_pattern"": [6, 3]}, {""r"": 5, ""c"": 1, ""distinct"": 2, ""mode_count"": 6, ""least_count"": 3, ""color8_count"": 3, ""sum_colors"": 30, ""max_color"": 8, ""min_color"": 1, ""center"": 1, ""corner_sum"": 11, ""edge_sum"": 18, ""signature_freq"": [1, 2, 1, 1, 1, 1, 1, 2, 2], ""count_pattern"": [6, 3]}, {""r"": 6, ""c"": 5, ""distinct"": 2, ""mode_count"": 5, ""least_count"": 4, ""color8_count"": 5, ""sum_colors"": 44, ""max_color"": 8, ""min_color"": 1, ""center"": 8, ""corner_sum"": 18, ""edge_sum"": 18, ""signature_freq"": [1, 2, 2, 1, 1, 2, 2, 1, 1], ""count_pattern"": [5, 4]}]"
32,"6,0",4,"{""r"": 6, ""c"": 0, ""distinct"": 2, ""mode_count"": 8, ""least_count"": 1, ""color8_count"": 1, ""sum_colors"": 16, ""max_color"": 8, ""min_color"": 1, ""center"": 8, ""corner_sum"": 4, ""edge_sum"": 4, ""signature_freq"": [1, 1, 1, 1, 2, 1, 1, 1, 1], ""count_pattern"": [8, 1]}","{""mode_count_max"": true, ""least_count_min"": true, ""color8_count_min"": true, ""sum_colors_min"": true, ""corner_sum_min"": true, ""edge_sum_min"": true, ""row_major_last"": true}","[{""r"": 1, ""c"": 0, ""distinct"": 2, ""mode_count"": 6, ""least_count"": 3, ""color8_count"": 3, ""sum_colors"": 30, ""max_color"": 8, ""min_color"": 1, ""center"": 1, ""corner_sum"": 11, ""edge_sum"": 18, ""signature_freq"": [1, 1, 1, 1, 1, 2, 2, 2, 1], ""count_pattern"": [6, 3]}, {""r"": 1, ""c"": 4, ""distinct"": 2, ""mode_count"": 5, ""least_count"": 4, ""color8_count"": 4, ""sum_colors"": 37, ""max_color"": 8, ""min_color"": 1, ""center"": 1, ""corner_sum"": 25, ""edge_sum"": 11, ""signature_freq"": [2, 1, 1, 1, 1, 1, 2, 2, 2], ""count_pattern"": [5, 4]}, {""r"": 5, ""c"": 4, ""distinct"": 2, ""mode_count"": 5, ""least_count"": 4, ""color8_count"": 5, ""sum_colors"": 44, ""max_color"": 8, ""min_color"": 1, ""center"": 8, ""corner_sum"": 18, ""edge_sum"": 18, ""signature_freq"": [2, 1, 1, 2, 1, 1, 1, 2, 2], ""count_pattern"": [5, 4]}, {""r"": 6, ""c"": 0, ""distinct"": 2, ""mode_count"": 8, ""least_count"": 1, ""color8_count"": 1, ""sum_colors"": 16, ""max_color"": 8, ""min_color"": 1, ""center"": 8, ""corner_sum"": 4, ""edge_sum"": 4, ""signature_freq"": [1, 1, 1, 1, 2, 1, 1, 1, 1], ""count_pattern"": [8, 1]}]"
33,"5,5",4,"{""r"": 5, ""c"": 5, ""distinct"": 2, ""mode_count"": 8, ""least_count"": 1, ""color8_count"": 1, ""sum_colors"": 16, ""max_color"": 8, ""min_color"": 1, ""center"": 1, ""corner_sum"": 4, ""edge_sum"": 11, ""signature_freq"": [1, 1, 1, 2, 1, 1, 1, 1, 1], ""count_pattern"": [8, 1]}","{""color8_count_min"": true, ""sum_colors_min"": true, ""center_min"": true, ""corner_sum_min"": true, ""row_major_last"": true}","[{""r"": 1, ""c"": 2, ""distinct"": 2, ""mode_count"": 5, ""least_count"": 4, ""color8_count"": 5, ""sum_colors"": 44, ""max_color"": 8, ""min_color"": 1, ""center"": 8, ""corner_sum"": 25, ""edge_sum"": 11, ""signature_freq"": [1, 2, 2, 2, 1, 1, 1, 2, 1], ""count_pattern"": [5, 4]}, {""r"": 1, ""c"": 6, ""distinct"": 2, ""mode_count"": 8, ""least_count"": 1, ""color8_count"": 8, ""sum_colors"": 65, ""max_color"": 8, ""min_color"": 1, ""center"": 8, ""corner_sum"": 32, ""edge_sum"": 25, ""signature_freq"": [1, 1, 1, 2, 1, 1, 1, 1, 1], ""count_pattern"": [8, 1]}, {""r"": 5, ""c"": 1, ""distinct"": 1, ""mode_count"": 9, ""least_count"": 9, ""color8_count"": 9, ""sum_colors"": 72, ""max_color"": 8, ""min_color"": 8, ""center"": 8, ""corner_sum"": 32, ""edge_sum"": 32, ""signature_freq"": [1, 1, 1, 1, 1, 1, 1, 1, 1], ""count_pattern"": [9]}, {""r"": 5, ""c"": 5, ""distinct"": 2, ""mode_count"": 8, ""least_count"": 1, ""color8_count"": 1, ""sum_colors"": 16, ""max_color"": 8, ""min_color"": 1, ""center"": 1, ""corner_sum"": 4, ""edge_sum"": 11, ""signature_freq"": [1, 1, 1, 2, 1, 1, 1, 1, 1], ""count_pattern"": [8, 1]}]"
34,"0,6",4,"{""r"": 0, ""c"": 6, ""distinct"": 2, ""mode_count"": 5, ""least_count"": 4, ""color8_count"": 4, ""sum_colors"": 37, ""max_color"": 8, ""min_color"": 1, ""center"": 1, ""corner_sum"": 11, ""edge_sum"": 25, ""signature_freq"": [1, 2, 1, 1, 1, 2, 2, 2, 1], ""count_pattern"": [5, 4]}","{""mode_count_min"": true, ""least_count_max"": true, ""color8_count_min"": true, ""sum_colors_min"": true, ""center_min"": true, ""corner_sum_min"": true, ""col_major_last"": true}","[{""r"": 0, ""c"": 1, ""distinct"": 2, ""mode_count"": 6, ""least_count"": 3, ""color8_count"": 6, ""sum_colors"": 51, ""max_color"": 8, ""min_color"": 1, ""center"": 8, ""corner_sum"": 25, ""edge_sum"": 18, ""signature_freq"": [1, 1, 1, 2, 1, 2, 2, 1, 1], ""count_pattern"": [6, 3]}, {""r"": 0, ""c"": 6, ""distinct"": 2, ""mode_count"": 5, ""least_count"": 4, ""color8_count"": 4, ""sum_colors"": 37, ""max_color"": 8, ""min_color"": 1, ""center"": 1, ""corner_sum"": 11, ""edge_sum"": 25, ""signature_freq"": [1, 2, 1, 1, 1, 2, 2, 2, 1], ""count_pattern"": [5, 4]}, {""r"": 5, ""c"": 0, ""distinct"": 2, ""mode_count"": 7, ""least_count"": 2, ""color8_count"": 7, ""sum_colors"": 58, ""max_color"": 8, ""min_color"": 1, ""center"": 8, ""corner_sum"": 25, ""edge_sum"": 25, ""signature_freq"": [1, 1, 1, 2, 1, 1, 1, 1, 2], ""count_pattern"": [7, 2]}, {""r"": 6, ""c"": 4, ""distinct"": 2, ""mode_count"": 8, ""least_count"": 1, ""color8_count"": 8, ""sum_colors"": 65, ""max_color"": 8, ""min_color"": 1, ""center"": 1, ""corner_sum"": 32, ""edge_sum"": 32, ""signature_freq"": [1, 1, 1, 1, 2, 1, 1, 1, 1], ""count_pattern"": [8, 1]}]"
35,"6,5",4,"{""r"": 6, ""c"": 5, ""distinct"": 2, ""mode_count"": 5, ""least_count"": 4, ""color8_count"": 5, ""sum_colors"": 44, ""max_color"": 8, ""min_color"": 1, ""center"": 8, ""corner_sum"": 25, ""edge_sum"": 11, ""signature_freq"": [1, 1, 1, 2, 1, 2, 2, 2, 1], ""count_pattern"": [5, 4]}","{""mode_count_min"": true, ""least_count_max"": true, ""color8_count_min"": true, ""sum_colors_min"": true, ""edge_sum_min"": true, ""row_major_last"": true, ""col_major_last"": true}","[{""r"": 1, ""c"": 0, ""distinct"": 2, ""mode_count"": 8, ""least_count"": 1, ""color8_count"": 8, ""sum_colors"": 65, ""max_color"": 8, ""min_color"": 1, ""center"": 8, ""corner_sum"": 32, ""edge_sum"": 25, ""signature_freq"": [1, 2, 1, 1, 1, 1, 1, 1, 1], ""count_pattern"": [8, 1]}, {""r"": 1, ""c"": 4, ""distinct"": 2, ""mode_count"": 7, ""least_count"": 2, ""color8_count"": 7, ""sum_colors"": 58, ""max_color"": 8, ""min_color"": 1, ""center"": 8, ""corner_sum"": 25, ""edge_sum"": 25, ""signature_freq"": [1, 2, 2, 1, 1, 1, 1, 1, 1], ""count_pattern"": [7, 2]}, {""r"": 6, ""c"": 0, ""distinct"": 2, ""mode_count"": 6, ""least_count"": 3, ""color8_count"": 6, ""sum_colors"": 51, ""max_color"": 8, ""min_color"": 1, ""center"": 8, ""corner_sum"": 18, ""edge_sum"": 25, ""signature_freq"": [1, 1, 2, 1, 1, 2, 2, 1, 1], ""count_pattern"": [6, 3]}, {""r"": 6, ""c"": 5, ""distinct"": 2, ""mode_count"": 5, ""least_count"": 4, ""color8_count"": 5, ""sum_colors"": 44, ""max_color"": 8, ""min_color"": 1, ""center"": 8, ""corner_sum"": 25, ""edge_sum"": 11, ""signature_freq"": [1, 1, 1, 2, 1, 2, 2, 2, 1], ""count_pattern"": [5, 4]}]"
36,"1,0",4,"{""r"": 1, ""c"": 0, ""distinct"": 2, ""mode_count"": 8, ""least_count"": 1, ""color8_count"": 1, ""sum_colors"": 16, ""max_color"": 8, ""min_color"": 1, ""center"": 1, ""corner_sum"": 11, ""edge_sum"": 4, ""signature_freq"": [1, 1, 1, 1, 1, 1, 1, 1, 2], ""count_pattern"": [8, 1]}","{""distinct_min"": true, ""distinct_max"": true, ""mode_count_max"": true, ""least_count_min"": true, ""color8_count_min"": true, ""sum_colors_min"": true, ""max_color_min"": true, ""max_color_max"": true, ""min_color_min"": true, ""min_color_max"": true, ""center_min"": true, ""corner_sum_min"": true, ""edge_sum_min"": true, ""row_major_first"": true, ""col_major_first"": true}","[{""r"": 1, ""c"": 0, ""distinct"": 2, ""mode_count"": 8, ""least_count"": 1, ""color8_count"": 1, ""sum_colors"": 16, ""max_color"": 8, ""min_color"": 1, ""center"": 1, ""corner_sum"": 11, ""edge_sum"": 4, ""signature_freq"": [1, 1, 1, 1, 1, 1, 1, 1, 2], ""count_pattern"": [8, 1]}, {""r"": 1, ""c"": 4, ""distinct"": 2, ""mode_count"": 5, ""least_count"": 4, ""color8_count"": 4, ""sum_colors"": 37, ""max_color"": 8, ""min_color"": 1, ""center"": 8, ""corner_sum"": 18, ""edge_sum"": 11, ""signature_freq"": [1, 1, 2, 1, 2, 1, 2, 2, 1], ""count_pattern"": [5, 4]}, {""r"": 5, ""c"": 0, ""distinct"": 2, ""mode_count"": 7, ""least_count"": 2, ""color8_count"": 2, ""sum_colors"": 23, ""max_color"": 8, ""min_color"": 1, ""center"": 1, ""corner_sum"": 18, ""edge_sum"": 4, ""signature_freq"": [1, 1, 2, 1, 1, 1, 1, 1, 2], ""count_pattern"": [7, 2]}, {""r"": 6, ""c"": 5, ""distinct"": 2, ""mode_count"": 5, ""least_count"": 4, ""color8_count"": 5, ""sum_colors"": 44, ""max_color"": 8, ""min_color"": 1, ""center"": 8, ""corner_sum"": 25, ""edge_sum"": 11, ""signature_freq"": [1, 2, 1, 2, 1, 2, 2, 1, 1], ""count_pattern"": [5, 4]}]"
37,"0,1",4,"{""r"": 0, ""c"": 1, ""distinct"": 2, ""mode_count"": 8, ""least_count"": 1, ""color8_count"": 1, ""sum_colors"": 16, ""max_color"": 8, ""min_color"": 1, ""center"": 1, ""corner_sum"": 4, ""edge_sum"": 11, ""signature_freq"": [1, 1, 1, 1, 1, 1, 1, 2, 1], ""count_pattern"": [8, 1]}","{""distinct_min"": true, ""distinct_max"": true, ""mode_count_max"": true, ""least_count_min"": true, ""color8_count_min"": true, ""sum_colors_min"": true, ""max_color_min"": true, ""max_color_max"": true, ""min_color_min"": true, ""min_color_max"": true, ""center_min"": true, ""center_max"": true, ""corner_sum_min"": true, ""edge_sum_min"": true, ""row_major_first"": true, ""col_major_first"": true}","[{""r"": 0, ""c"": 1, ""distinct"": 2, ""mode_count"": 8, ""least_count"": 1, ""color8_count"": 1, ""sum_colors"": 16, ""max_color"": 8, ""min_color"": 1, ""center"": 1, ""corner_sum"": 4, ""edge_sum"": 11, ""signature_freq"": [1, 1, 1, 1, 1, 1, 1, 2, 1], ""count_pattern"": [8, 1]}, {""r"": 1, ""c"": 5, ""distinct"": 2, ""mode_count"": 5, ""least_count"": 4, ""color8_count"": 5, ""sum_colors"": 44, ""max_color"": 8, ""min_color"": 1, ""center"": 1, ""corner_sum"": 11, ""edge_sum"": 32, ""signature_freq"": [2, 1, 2, 1, 2, 1, 1, 1, 2], ""count_pattern"": [5, 4]}, {""r"": 5, ""c"": 1, ""distinct"": 2, ""mode_count"": 7, ""least_count"": 2, ""color8_count"": 2, ""sum_colors"": 23, ""max_color"": 8, ""min_color"": 1, ""center"": 1, ""corner_sum"": 4, ""edge_sum"": 18, ""signature_freq"": [1, 1, 1, 1, 1, 2, 1, 2, 1], ""count_pattern"": [7, 2]}, {""r"": 6, ""c"": 5, ""distinct"": 2, ""mode_count"": 6, ""least_count"": 3, ""color8_count"": 3, ""sum_colors"": 30, ""max_color"": 8, ""min_color"": 1, ""center"": 1, ""corner_sum"": 11, ""edge_sum"": 18, ""signature_freq"": [1, 2, 1, 2, 1, 1, 1, 1, 2], ""count_pattern"": [6, 3]}]"
38,"0,5",4,"{""r"": 0, ""c"": 5, ""distinct"": 2, ""mode_count"": 7, ""least_count"": 2, ""color8_count"": 2, ""sum_colors"": 23, ""max_color"": 8, ""min_color"": 1, ""center"": 1, ""corner_sum"": 11, ""edge_sum"": 11, ""signature_freq"": [1, 1, 1, 1, 1, 2, 1, 1, 2], ""count_pattern"": [7, 2]}","{""distinct_max"": true, ""least_count_min"": true, ""color8_count_min"": true, ""sum_colors_min"": true, ""max_color_min"": true, ""max_color_max"": true, ""min_color_min"": true, ""center_min"": true, ""corner_sum_min"": true, ""edge_sum_min"": true, ""row_major_first"": true}","[{""r"": 0, ""c"": 5, ""distinct"": 2, ""mode_count"": 7, ""least_count"": 2, ""color8_count"": 2, ""sum_colors"": 23, ""max_color"": 8, ""min_color"": 1, ""center"": 1, ""corner_sum"": 11, ""edge_sum"": 11, ""signature_freq"": [1, 1, 1, 1, 1, 2, 1, 1, 2], ""count_pattern"": [7, 2]}, {""r"": 2, ""c"": 0, ""distinct"": 2, ""mode_count"": 7, ""least_count"": 2, ""color8_count"": 7, ""sum_colors"": 58, ""max_color"": 8, ""min_color"": 1, ""center"": 8, ""corner_sum"": 25, ""edge_sum"": 25, ""signature_freq"": [1, 1, 1, 2, 1, 1, 2, 1, 1], ""count_pattern"": [7, 2]}, {""r"": 4, ""c"": 6, ""distinct"": 1, ""mode_count"": 9, ""least_count"": 9, ""color8_count"": 9, ""sum_colors"": 72, ""max_color"": 8, ""min_color"": 8, ""center"": 8, ""corner_sum"": 32, ""edge_sum"": 32, ""signature_freq"": [1, 1, 1, 1, 1, 1, 1, 1, 1], ""count_pattern"": [9]}, {""r"": 6, ""c"": 2, ""distinct"": 2, ""mode_count"": 5, ""least_count"": 4, ""color8_count"": 4, ""sum_colors"": 37, ""max_color"": 8, ""min_color"": 1, ""center"": 1, ""corner_sum"": 25, ""edge_sum"": 11, ""signature_freq"": [2, 1, 1, 1, 1, 1, 2, 2, 2], ""count_pattern"": [5, 4]}]"
39,"1,6",4,"{""r"": 1, ""c"": 6, ""distinct"": 2, ""mode_count"": 8, ""least_count"": 1, ""color8_count"": 1, ""sum_colors"": 16, ""max_color"": 8, ""min_color"": 1, ""center"": 1, ""corner_sum"": 4, ""edge_sum"": 11, ""signature_freq"": [1, 1, 1, 2, 1, 1, 1, 1, 1], ""count_pattern"": [8, 1]}","{""color8_count_min"": true, ""sum_colors_min"": true, ""corner_sum_min"": true, ""edge_sum_min"": true, ""col_major_last"": true}","[{""r"": 1, ""c"": 1, ""distinct"": 2, ""mode_count"": 8, ""least_count"": 1, ""color8_count"": 8, ""sum_colors"": 65, ""max_color"": 8, ""min_color"": 1, ""center"": 1, ""corner_sum"": 32, ""edge_sum"": 32, ""signature_freq"": [1, 1, 1, 1, 2, 1, 1, 1, 1], ""count_pattern"": [8, 1]}, {""r"": 1, ""c"": 6, ""distinct"": 2, ""mode_count"": 8, ""least_count"": 1, ""color8_count"": 1, ""sum_colors"": 16, ""max_color"": 8, ""min_color"": 1, ""center"": 1, ""corner_sum"": 4, ""edge_sum"": 11, ""signature_freq"": [1, 1, 1, 2, 1, 1, 1, 1, 1], ""count_pattern"": [8, 1]}, {""r"": 5, ""c"": 0, ""distinct"": 2, ""mode_count"": 6, ""least_count"": 3, ""color8_count"": 3, ""sum_colors"": 30, ""max_color"": 8, ""min_color"": 1, ""center"": 1, ""corner_sum"": 18, ""edge_sum"": 11, ""signature_freq"": [1, 1, 2, 2, 1, 1, 2, 1, 1], ""count_pattern"": [6, 3]}, {""r"": 5, ""c"": 4, ""distinct"": 2, ""mode_count"": 6, ""least_count"": 3, ""color8_count"": 6, ""sum_colors"": 51, ""max_color"": 8, ""min_color"": 1, ""center"": 8, ""corner_sum"": 32, ""edge_sum"": 11, ""signature_freq"": [1, 2, 1, 2, 1, 1, 1, 2, 1], ""count_pattern"": [6, 3]}]"
40,"5,5",4,"{""r"": 5, ""c"": 5, ""distinct"": 2, ""mode_count"": 5, ""least_count"": 4, ""color8_count"": 4, ""sum_colors"": 37, ""max_color"": 8, ""min_color"": 1, ""center"": 1, ""corner_sum"": 11, ""edge_sum"": 25, ""signature_freq"": [2, 1, 1, 2, 1, 2, 1, 2, 1], ""count_pattern"": [5, 4]}","{""color8_count_min"": true, ""sum_colors_min"": true, ""center_min"": true, ""col_major_last"": true}","[{""r"": 0, ""c"": 5, ""distinct"": 2, ""mode_count"": 5, ""least_count"": 4, ""color8_count"": 5, ""sum_colors"": 44, ""max_color"": 8, ""min_color"": 1, ""center"": 8, ""corner_sum"": 11, ""edge_sum"": 25, ""signature_freq"": [2, 1, 1, 1, 1, 1, 2, 2, 2], ""count_pattern"": [5, 4]}, {""r"": 2, ""c"": 1, ""distinct"": 2, ""mode_count"": 6, ""least_count"": 3, ""color8_count"": 6, ""sum_colors"": 51, ""max_color"": 8, ""min_color"": 1, ""center"": 8, ""corner_sum"": 18, ""edge_sum"": 25, ""signature_freq"": [2, 1, 1, 1, 1, 1, 1, 2, 2], ""count_pattern"": [6, 3]}, {""r"": 5, ""c"": 5, ""distinct"": 2, ""mode_count"": 5, ""least_count"": 4, ""color8_count"": 4, ""sum_colors"": 37, ""max_color"": 8, ""min_color"": 1, ""center"": 1, ""corner_sum"": 11, ""edge_sum"": 25, ""signature_freq"": [2, 1, 1, 2, 1, 2, 1, 2, 1], ""count_pattern"": [5, 4]}, {""r"": 6, ""c"": 0, ""distinct"": 1, ""mode_count"": 9, ""least_count"": 9, ""color8_count"": 9, ""sum_colors"": 72, ""max_color"": 8, ""min_color"": 8, ""center"": 8, ""corner_sum"": 32, ""edge_sum"": 32, ""signature_freq"": [1, 1, 1, 1, 1, 1, 1, 1, 1], ""count_pattern"": [9]}]"
41,"2,0",4,"{""r"": 2, ""c"": 0, ""distinct"": 2, ""mode_count"": 5, ""least_count"": 4, ""color8_count"": 4, ""sum_colors"": 37, ""max_color"": 8, ""min_color"": 1, ""center"": 8, ""corner_sum"": 11, ""edge_sum"": 18, ""signature_freq"": [2, 1, 1, 2, 2, 2, 1, 1, 1], ""count_pattern"": [5, 4]}","{""distinct_max"": true, ""mode_count_min"": true, ""color8_count_min"": true, ""sum_colors_min"": true, ""max_color_min"": true, ""max_color_max"": true, ""min_color_min"": true, ""center_max"": true, ""corner_sum_min"": true, ""row_major_first"": true, ""col_major_first"": true}","[{""r"": 2, ""c"": 0, ""distinct"": 2, ""mode_count"": 5, ""least_count"": 4, ""color8_count"": 4, ""sum_colors"": 37, ""max_color"": 8, ""min_color"": 1, ""center"": 8, ""corner_sum"": 11, ""edge_sum"": 18, ""signature_freq"": [2, 1, 1, 2, 2, 2, 1, 1, 1], ""count_pattern"": [5, 4]}, {""r"": 2, ""c"": 6, ""distinct"": 2, ""mode_count"": 5, ""least_count"": 4, ""color8_count"": 5, ""sum_colors"": 44, ""max_color"": 8, ""min_color"": 1, ""center"": 8, ""corner_sum"": 25, ""edge_sum"": 11, ""signature_freq"": [1, 2, 1, 2, 1, 1, 2, 2, 1], ""count_pattern"": [5, 4]}, {""r"": 6, ""c"": 0, ""distinct"": 2, ""mode_count"": 6, ""least_count"": 3, ""color8_count"": 6, ""sum_colors"": 51, ""max_color"": 8, ""min_color"": 1, ""center"": 1, ""corner_sum"": 32, ""edge_sum"": 18, ""signature_freq"": [1, 2, 1, 1, 2, 2, 1, 1, 1], ""count_pattern"": [6, 3]}, {""r"": 6, ""c"": 6, ""distinct"": 1, ""mode_count"": 9, ""least_count"": 9, ""color8_count"": 9, ""sum_colors"": 72, ""max_color"": 8, ""min_color"": 8, ""center"": 8, ""corner_sum"": 32, ""edge_sum"": 32, ""signature_freq"": [1, 1, 1, 1, 1, 1, 1, 1, 1], ""count_pattern"": [9]}]"
42,"0,2",4,"{""r"": 0, ""c"": 2, ""distinct"": 2, ""mode_count"": 8, ""least_count"": 1, ""color8_count"": 1, ""sum_colors"": 16, ""max_color"": 8, ""min_color"": 1, ""center"": 8, ""corner_sum"": 4, ""edge_sum"": 4, ""signature_freq"": [1, 1, 1, 1, 2, 1, 1, 1, 1], ""count_pattern"": [8, 1]}","{""distinct_min"": true, ""distinct_max"": true, ""mode_count_max"": true, ""least_count_min"": true, ""color8_count_min"": true, ""sum_colors_min"": true, ""max_color_min"": true, ""max_color_max"": true, ""min_color_min"": true, ""min_color_max"": true, ""center_max"": true, ""corner_sum_min"": true, ""edge_sum_min"": true, ""row_major_first"": true}","[{""r"": 0, ""c"": 2, ""distinct"": 2, ""mode_count"": 8, ""least_count"": 1, ""color8_count"": 1, ""sum_colors"": 16, ""max_color"": 8, ""min_color"": 1, ""center"": 8, ""corner_sum"": 4, ""edge_sum"": 4, ""signature_freq"": [1, 1, 1, 1, 2, 1, 1, 1, 1], ""count_pattern"": [8, 1]}, {""r"": 0, ""c"": 6, ""distinct"": 2, ""mode_count"": 7, ""least_count"": 2, ""color8_count"": 2, ""sum_colors"": 23, ""max_color"": 8, ""min_color"": 1, ""center"": 1, ""corner_sum"": 11, ""edge_sum"": 11, ""signature_freq"": [1, 1, 1, 1, 1, 1, 2, 2, 1], ""count_pattern"": [7, 2]}, {""r"": 4, ""c"": 0, ""distinct"": 2, ""mode_count"": 5, ""least_count"": 4, ""color8_count"": 4, ""sum_colors"": 37, ""max_color"": 8, ""min_color"": 1, ""center"": 8, ""corner_sum"": 18, ""edge_sum"": 11, ""signature_freq"": [2, 1, 1, 1, 2, 1, 2, 2, 1], ""count_pattern"": [5, 4]}, {""r"": 4, ""c"": 4, ""distinct"": 2, ""mode_count"": 5, ""least_count"": 4, ""color8_count"": 5, ""sum_colors"": 44, ""max_color"": 8, ""min_color"": 1, ""center"": 1, ""corner_sum"": 18, ""edge_sum"": 25, ""signature_freq"": [2, 1, 2, 1, 2, 1, 1, 2, 1], ""count_pattern"": [5, 4]}]"
43,"6,5",4,"{""r"": 6, ""c"": 5, ""distinct"": 2, ""mode_count"": 8, ""least_count"": 1, ""color8_count"": 1, ""sum_colors"": 16, ""max_color"": 8, ""min_color"": 1, ""center"": 1, ""corner_sum"": 11, ""edge_sum"": 4, ""signature_freq"": [2, 1, 1, 1, 1, 1, 1, 1, 1], ""count_pattern"": [8, 1]}","{""mode_count_max"": true, ""least_count_min"": true, ""color8_count_min"": true, ""sum_colors_min"": true, ""edge_sum_min"": true, ""row_major_last"": true}","[{""r"": 0, ""c"": 2, ""distinct"": 2, ""mode_count"": 7, ""least_count"": 2, ""color8_count"": 7, ""sum_colors"": 58, ""max_color"": 8, ""min_color"": 1, ""center"": 8, ""corner_sum"": 32, ""edge_sum"": 18, ""signature_freq"": [1, 2, 1, 2, 1, 1, 1, 1, 1], ""count_pattern"": [7, 2]}, {""r"": 1, ""c"": 6, ""distinct"": 2, ""mode_count"": 7, ""least_count"": 2, ""color8_count"": 2, ""sum_colors"": 23, ""max_color"": 8, ""min_color"": 1, ""center"": 1, ""corner_sum"": 11, ""edge_sum"": 11, ""signature_freq"": [1, 2, 1, 1, 1, 1, 2, 1, 1], ""count_pattern"": [7, 2]}, {""r"": 4, ""c"": 0, ""distinct"": 2, ""mode_count"": 5, ""least_count"": 4, ""color8_count"": 5, ""sum_colors"": 44, ""max_color"": 8, ""min_color"": 1, ""center"": 8, ""corner_sum"": 25, ""edge_sum"": 11, ""signature_freq"": [1, 2, 2, 2, 1, 1, 1, 2, 1], ""count_pattern"": [5, 4]}, {""r"": 6, ""c"": 5, ""distinct"": 2, ""mode_count"": 8, ""least_count"": 1, ""color8_count"": 1, ""sum_colors"": 16, ""max_color"": 8, ""min_color"": 1, ""center"": 1, ""corner_sum"": 11, ""edge_sum"": 4, ""signature_freq"": [2, 1, 1, 1, 1, 1, 1, 1, 1], ""count_pattern"": [8, 1]}]"
44,"6,1",4,"{""r"": 6, ""c"": 1, ""distinct"": 2, ""mode_count"": 6, ""least_count"": 3, ""color8_count"": 3, ""sum_colors"": 30, ""max_color"": 8, ""min_color"": 1, ""center"": 8, ""corner_sum"": 4, ""edge_sum"": 18, ""signature_freq"": [1, 1, 1, 1, 2, 2, 1, 2, 1], ""count_pattern"": [6, 3]}","{""color8_count_min"": true, ""sum_colors_min"": true, ""corner_sum_min"": true}","[{""r"": 0, ""c"": 0, ""distinct"": 2, ""mode_count"": 8, ""least_count"": 1, ""color8_count"": 8, ""sum_colors"": 65, ""max_color"": 8, ""min_color"": 1, ""center"": 8, ""corner_sum"": 32, ""edge_sum"": 25, ""signature_freq"": [1, 1, 1, 1, 1, 2, 1, 1, 1], ""count_pattern"": [8, 1]}, {""r"": 0, ""c"": 6, ""distinct"": 2, ""mode_count"": 5, ""least_count"": 4, ""color8_count"": 5, ""sum_colors"": 44, ""max_color"": 8, ""min_color"": 1, ""center"": 1, ""corner_sum"": 25, ""edge_sum"": 18, ""signature_freq"": [1, 1, 2, 2, 2, 1, 1, 2, 1], ""count_pattern"": [5, 4]}, {""r"": 6, ""c"": 1, ""distinct"": 2, ""mode_count"": 6, ""least_count"": 3, ""color8_count"": 3, ""sum_colors"": 30, ""max_color"": 8, ""min_color"": 1, ""center"": 8, ""corner_sum"": 4, ""edge_sum"": 18, ""signature_freq"": [1, 1, 1, 1, 2, 2, 1, 2, 1], ""count_pattern"": [6, 3]}, {""r"": 6, ""c"": 6, ""distinct"": 2, ""mode_count"": 6, ""least_count"": 3, ""color8_count"": 6, ""sum_colors"": 51, ""max_color"": 8, ""min_color"": 1, ""center"": 8, ""corner_sum"": 18, ""edge_sum"": 25, ""signature_freq"": [2, 1, 1, 1, 1, 1, 1, 2, 2], ""count_pattern"": [6, 3]}]"
45,"6,2",4,"{""r"": 6, ""c"": 2, ""distinct"": 2, ""mode_count"": 7, ""least_count"": 2, ""color8_count"": 2, ""sum_colors"": 23, ""max_color"": 8, ""min_color"": 1, ""center"": 1, ""corner_sum"": 11, ""edge_sum"": 11, ""signature_freq"": [1, 2, 2, 1, 1, 1, 1, 1, 1], ""count_pattern"": [7, 2]}","{""color8_count_min"": true, ""sum_colors_min"": true, ""corner_sum_min"": true, ""edge_sum_min"": true}","[{""r"": 0, ""c"": 0, ""distinct"": 2, ""mode_count"": 5, ""least_count"": 4, ""color8_count"": 4, ""sum_colors"": 37, ""max_color"": 8, ""min_color"": 1, ""center"": 1, ""corner_sum"": 18, ""edge_sum"": 18, ""signature_freq"": [2, 2, 1, 2, 1, 1, 2, 1, 1], ""count_pattern"": [5, 4]}, {""r"": 2, ""c"": 5, ""distinct"": 2, ""mode_count"": 8, ""least_count"": 1, ""color8_count"": 8, ""sum_colors"": 65, ""max_color"": 8, ""min_color"": 1, ""center"": 8, ""corner_sum"": 25, ""edge_sum"": 32, ""signature_freq"": [1, 1, 2, 1, 1, 1, 1, 1, 1], ""count_pattern"": [8, 1]}, {""r"": 6, ""c"": 2, ""distinct"": 2, ""mode_count"": 7, ""least_count"": 2, ""color8_count"": 2, ""sum_colors"": 23, ""max_color"": 8, ""min_color"": 1, ""center"": 1, ""corner_sum"": 11, ""edge_sum"": 11, ""signature_freq"": [1, 2, 2, 1, 1, 1, 1, 1, 1], ""count_pattern"": [7, 2]}, {""r"": 6, ""c"": 6, ""distinct"": 2, ""mode_count"": 5, ""least_count"": 4, ""color8_count"": 5, ""sum_colors"": 44, ""max_color"": 8, ""min_color"": 1, ""center"": 8, ""corner_sum"": 25, ""edge_sum"": 11, ""signature_freq"": [2, 2, 1, 2, 1, 1, 1, 2, 1], ""count_pattern"": [5, 4]}]"
46,"1,0",4,"{""r"": 1, ""c"": 0, ""distinct"": 2, ""mode_count"": 8, ""least_count"": 1, ""color8_count"": 1, ""sum_colors"": 16, ""max_color"": 8, ""min_color"": 1, ""center"": 1, ""corner_sum"": 4, ""edge_sum"": 11, ""signature_freq"": [1, 1, 1, 1, 1, 1, 1, 2, 1], ""count_pattern"": [8, 1]}","{""distinct_min"": true, ""distinct_max"": true, ""mode_count_max"": true, ""least_count_min"": true, ""color8_count_min"": true, ""sum_colors_min"": true, ""max_color_min"": true, ""max_color_max"": true, ""min_color_min"": true, ""min_color_max"": true, ""center_min"": true, ""corner_sum_min"": true, ""edge_sum_min"": true, ""row_major_first"": true, ""col_major_first"": true}","[{""r"": 1, ""c"": 0, ""distinct"": 2, ""mode_count"": 8, ""least_count"": 1, ""color8_count"": 1, ""sum_colors"": 16, ""max_color"": 8, ""min_color"": 1, ""center"": 1, ""corner_sum"": 4, ""edge_sum"": 11, ""signature_freq"": [1, 1, 1, 1, 1, 1, 1, 2, 1], ""count_pattern"": [8, 1]}, {""r"": 1, ""c"": 5, ""distinct"": 2, ""mode_count"": 6, ""least_count"": 3, ""color8_count"": 6, ""sum_colors"": 51, ""max_color"": 8, ""min_color"": 1, ""center"": 8, ""corner_sum"": 18, ""edge_sum"": 25, ""signature_freq"": [1, 1, 2, 1, 1, 1, 2, 2, 1], ""count_pattern"": [6, 3]}, {""r"": 5, ""c"": 0, ""distinct"": 2, ""mode_count"": 8, ""least_count"": 1, ""color8_count"": 8, ""sum_colors"": 65, ""max_color"": 8, ""min_color"": 1, ""center"": 8, ""corner_sum"": 25, ""edge_sum"": 32, ""signature_freq"": [2, 1, 1, 1, 1, 1, 1, 1, 1], ""count_pattern"": [8, 1]}, {""r"": 5, ""c"": 4, ""distinct"": 2, ""mode_count"": 5, ""least_count"": 4, ""color8_count"": 5, ""sum_colors"": 44, ""max_color"": 8, ""min_color"": 1, ""center"": 8, ""corner_sum"": 18, ""edge_sum"": 18, ""signature_freq"": [2, 2, 2, 1, 1, 1, 1, 2, 1], ""count_pattern"": [5, 4]}]"
47,"6,2",4,"{""r"": 6, ""c"": 2, ""distinct"": 2, ""mode_count"": 5, ""least_count"": 4, ""color8_count"": 5, ""sum_colors"": 44, ""max_color"": 8, ""min_color"": 1, ""center"": 8, ""corner_sum"": 25, ""edge_sum"": 11, ""signature_freq"": [1, 2, 2, 1, 1, 2, 1, 2, 1], ""count_pattern"": [5, 4]}","{""mode_count_min"": true, ""color8_count_min"": true, ""sum_colors_min"": true, ""edge_sum_min"": true, ""row_major_last"": true}","[{""r"": 0, ""c"": 5, ""distinct"": 2, ""mode_count"": 6, ""least_count"": 3, ""color8_count"": 6, ""sum_colors"": 51, ""max_color"": 8, ""min_color"": 1, ""center"": 1, ""corner_sum"": 32, ""edge_sum"": 18, ""signature_freq"": [1, 1, 1, 2, 2, 1, 1, 2, 1], ""count_pattern"": [6, 3]}, {""r"": 1, ""c"": 0, ""distinct"": 1, ""mode_count"": 9, ""least_count"": 9, ""color8_count"": 9, ""sum_colors"": 72, ""max_color"": 8, ""min_color"": 8, ""center"": 8, ""corner_sum"": 32, ""edge_sum"": 32, ""signature_freq"": [1, 1, 1, 1, 1, 1, 1, 1, 1], ""count_pattern"": [9]}, {""r"": 4, ""c"": 6, ""distinct"": 2, ""mode_count"": 8, ""least_count"": 1, ""color8_count"": 8, ""sum_colors"": 65, ""max_color"": 8, ""min_color"": 1, ""center"": 8, ""corner_sum"": 25, ""edge_sum"": 32, ""signature_freq"": [1, 1, 1, 1, 1, 1, 1, 1, 2], ""count_pattern"": [8, 1]}, {""r"": 6, ""c"": 2, ""distinct"": 2, ""mode_count"": 5, ""least_count"": 4, ""color8_count"": 5, ""sum_colors"": 44, ""max_color"": 8, ""min_color"": 1, ""center"": 8, ""corner_sum"": 25, ""edge_sum"": 11, ""signature_freq"": [1, 2, 2, 1, 1, 2, 1, 2, 1], ""count_pattern"": [5, 4]}]"
48,"4,1",4,"{""r"": 4, ""c"": 1, ""distinct"": 2, ""mode_count"": 7, ""least_count"": 2, ""color8_count"": 2, ""sum_colors"": 23, ""max_color"": 8, ""min_color"": 1, ""center"": 1, ""corner_sum"": 11, ""edge_sum"": 11, ""signature_freq"": [1, 1, 2, 1, 1, 1, 1, 2, 1], ""count_pattern"": [7, 2]}","{""color8_count_min"": true, ""sum_colors_min"": true, ""center_min"": true, ""corner_sum_min"": true, ""edge_sum_min"": true}","[{""r"": 0, ""c"": 0, ""distinct"": 2, ""mode_count"": 8, ""least_count"": 1, ""color8_count"": 8, ""sum_colors"": 65, ""max_color"": 8, ""min_color"": 1, ""center"": 8, ""corner_sum"": 32, ""edge_sum"": 25, ""signature_freq"": [1, 1, 1, 1, 1, 1, 1, 2, 1], ""count_pattern"": [8, 1]}, {""r"": 0, ""c"": 4, ""distinct"": 2, ""mode_count"": 6, ""least_count"": 3, ""color8_count"": 6, ""sum_colors"": 51, ""max_color"": 8, ""min_color"": 1, ""center"": 8, ""corner_sum"": 18, ""edge_sum"": 25, ""signature_freq"": [2, 1, 1, 1, 1, 2, 2, 1, 1], ""count_pattern"": [6, 3]}, {""r"": 4, ""c"": 1, ""distinct"": 2, ""mode_count"": 7, ""least_count"": 2, ""color8_count"": 2, ""sum_colors"": 23, ""max_color"": 8, ""min_color"": 1, ""center"": 1, ""corner_sum"": 11, ""edge_sum"": 11, ""signature_freq"": [1, 1, 2, 1, 1, 1, 1, 2, 1], ""count_pattern"": [7, 2]}, {""r"": 5, ""c"": 5, ""distinct"": 1, ""mode_count"": 9, ""least_count"": 9, ""color8_count"": 9, ""sum_colors"": 72, ""max_color"": 8, ""min_color"": 8, ""center"": 8, ""corner_sum"": 32, ""edge_sum"": 32, ""signature_freq"": [1, 1, 1, 1, 1, 1, 1, 1, 1], ""count_pattern"": [9]}]"
49,"0,6",4,"{""r"": 0, ""c"": 6, ""distinct"": 2, ""mode_count"": 7, ""least_count"": 2, ""color8_count"": 2, ""sum_colors"": 23, ""max_color"": 8, ""min_color"": 1, ""center"": 1, ""corner_sum"": 11, ""edge_sum"": 11, ""signature_freq"": [2, 1, 1, 1, 1, 2, 1, 1, 1], ""count_pattern"": [7, 2]}","{""distinct_min"": true, ""distinct_max"": true, ""mode_count_max"": true, ""least_count_min"": true, ""color8_count_min"": true, ""sum_colors_min"": true, ""max_color_min"": true, ""max_color_max"": true, ""min_color_min"": true, ""min_color_max"": true, ""center_min"": true, ""corner_sum_min"": true, ""edge_sum_min"": true, ""row_major_first"": true}","[{""r"": 0, ""c"": 6, ""distinct"": 2, ""mode_count"": 7, ""least_count"": 2, ""color8_count"": 2, ""sum_colors"": 23, ""max_color"": 8, ""min_color"": 1, ""center"": 1, ""corner_sum"": 11, ""edge_sum"": 11, ""signature_freq"": [2, 1, 1, 1, 1, 2, 1, 1, 1], ""count_pattern"": [7, 2]}, {""r"": 2, ""c"": 0, ""distinct"": 2, ""mode_count"": 5, ""least_count"": 4, ""color8_count"": 4, ""sum_colors"": 37, ""max_color"": 8, ""min_color"": 1, ""center"": 8, ""corner_sum"": 11, ""edge_sum"": 18, ""signature_freq"": [1, 2, 1, 2, 2, 1, 2, 1, 1], ""count_pattern"": [5, 4]}, {""r"": 5, ""c"": 6, ""distinct"": 2, ""mode_count"": 5, ""least_count"": 4, ""color8_count"": 5, ""sum_colors"": 44, ""max_color"": 8, ""min_color"": 1, ""center"": 1, ""corner_sum"": 32, ""edge_sum"": 11, ""signature_freq"": [1, 2, 1, 2, 2, 2, 1, 1, 1], ""count_pattern"": [5, 4]}, {""r"": 6, ""c"": 0, ""distinct"": 2, ""mode_count"": 7, ""least_count"": 2, ""color8_count"": 7, ""sum_colors"": 58, ""max_color"": 8, ""min_color"": 1, ""center"": 1, ""corner_sum"": 32, ""edge_sum"": 25, ""signature_freq"": [1, 2, 1, 1, 2, 1, 1, 1, 1], ""count_pattern"": [7, 2]}]"
50,"5,1",4,"{""r"": 5, ""c"": 1, ""distinct"": 2, ""mode_count"": 8, ""least_count"": 1, ""color8_count"": 1, ""sum_colors"": 16, ""max_color"": 8, ""min_color"": 1, ""center"": 1, ""corner_sum"": 11, ""edge_sum"": 4, ""signature_freq"": [1, 1, 1, 1, 1, 1, 2, 1, 1], ""count_pattern"": [8, 1]}","{""color8_count_min"": true, ""sum_colors_min"": true, ""center_min"": true, ""corner_sum_min"": true, ""edge_sum_min"": true}","[{""r"": 0, ""c"": 4, ""distinct"": 2, ""mode_count"": 8, ""least_count"": 1, ""color8_count"": 8, ""sum_colors"": 65, ""max_color"": 8, ""min_color"": 1, ""center"": 8, ""corner_sum"": 32, ""edge_sum"": 25, ""signature_freq"": [1, 1, 1, 1, 1, 2, 1, 1, 1], ""count_pattern"": [8, 1]}, {""r"": 1, ""c"": 0, ""distinct"": 1, ""mode_count"": 9, ""least_count"": 9, ""color8_count"": 9, ""sum_colors"": 72, ""max_color"": 8, ""min_color"": 8, ""center"": 8, ""corner_sum"": 32, ""edge_sum"": 32, ""signature_freq"": [1, 1, 1, 1, 1, 1, 1, 1, 1], ""count_pattern"": [9]}, {""r"": 5, ""c"": 1, ""distinct"": 2, ""mode_count"": 8, ""least_count"": 1, ""color8_count"": 1, ""sum_colors"": 16, ""max_color"": 8, ""min_color"": 1, ""center"": 1, ""corner_sum"": 11, ""edge_sum"": 4, ""signature_freq"": [1, 1, 1, 1, 1, 1, 2, 1, 1], ""count_pattern"": [8, 1]}, {""r"": 5, ""c"": 5, ""distinct"": 2, ""mode_count"": 6, ""least_count"": 3, ""color8_count"": 3, ""sum_colors"": 30, ""max_color"": 8, ""min_color"": 1, ""center"": 1, ""corner_sum"": 18, ""edge_sum"": 11, ""signature_freq"": [1, 1, 2, 2, 1, 1, 2, 1, 1], ""count_pattern"": [6, 3]}]"
51,"0,0",4,"{""r"": 0, ""c"": 0, ""distinct"": 2, ""mode_count"": 5, ""least_count"": 4, ""color8_count"": 5, ""sum_colors"": 44, ""max_color"": 8, ""min_color"": 1, ""center"": 8, ""corner_sum"": 25, ""edge_sum"": 11, ""signature_freq"": [1, 2, 1, 1, 1, 2, 2, 2, 1], ""count_pattern"": [5, 4]}","{""distinct_max"": true, ""mode_count_min"": true, ""color8_count_min"": true, ""sum_colors_min"": true, ""max_color_min"": true, ""max_color_max"": true, ""min_color_min"": true, ""center_min"": true, ""center_max"": true, ""corner_sum_min"": true, ""edge_sum_min"": true, ""row_major_first"": true, ""col_major_first"": true}","[{""r"": 0, ""c"": 0, ""distinct"": 2, ""mode_count"": 5, ""least_count"": 4, ""color8_count"": 5, ""sum_colors"": 44, ""max_color"": 8, ""min_color"": 1, ""center"": 8, ""corner_sum"": 25, ""edge_sum"": 11, ""signature_freq"": [1, 2, 1, 1, 1, 2, 2, 2, 1], ""count_pattern"": [5, 4]}, {""r"": 0, ""c"": 4, ""distinct"": 1, ""mode_count"": 9, ""least_count"": 9, ""color8_count"": 9, ""sum_colors"": 72, ""max_color"": 8, ""min_color"": 8, ""center"": 8, ""corner_sum"": 32, ""edge_sum"": 32, ""signature_freq"": [1, 1, 1, 1, 1, 1, 1, 1, 1], ""count_pattern"": [9]}, {""r"": 4, ""c"": 0, ""distinct"": 2, ""mode_count"": 8, ""least_count"": 1, ""color8_count"": 8, ""sum_colors"": 65, ""max_color"": 8, ""min_color"": 1, ""center"": 8, ""corner_sum"": 32, ""edge_sum"": 25, ""signature_freq"": [1, 2, 1, 1, 1, 1, 1, 1, 1], ""count_pattern"": [8, 1]}, {""r"": 4, ""c"": 6, ""distinct"": 2, ""mode_count"": 7, ""least_count"": 2, ""color8_count"": 7, ""sum_colors"": 58, ""max_color"": 8, ""min_color"": 1, ""center"": 8, ""corner_sum"": 32, ""edge_sum"": 18, ""signature_freq"": [1, 2, 1, 1, 1, 1, 1, 2, 1], ""count_pattern"": [7, 2]}]"
52,"4,1",4,"{""r"": 4, ""c"": 1, ""distinct"": 2, ""mode_count"": 7, ""least_count"": 2, ""color8_count"": 2, ""sum_colors"": 23, ""max_color"": 8, ""min_color"": 1, ""center"": 1, ""corner_sum"": 11, ""edge_sum"": 11, ""signature_freq"": [2, 1, 1, 2, 1, 1, 1, 1, 1], ""count_pattern"": [7, 2]}","{""mode_count_max"": true, ""least_count_min"": true, ""color8_count_min"": true, ""sum_colors_min"": true, ""col_major_first"": true}","[{""r"": 0, ""c"": 2, ""distinct"": 2, ""mode_count"": 6, ""least_count"": 3, ""color8_count"": 6, ""sum_colors"": 51, ""max_color"": 8, ""min_color"": 1, ""center"": 8, ""corner_sum"": 11, ""edge_sum"": 32, ""signature_freq"": [1, 1, 2, 1, 1, 1, 2, 1, 2], ""count_pattern"": [6, 3]}, {""r"": 0, ""c"": 6, ""distinct"": 2, ""mode_count"": 5, ""least_count"": 4, ""color8_count"": 4, ""sum_colors"": 37, ""max_color"": 8, ""min_color"": 1, ""center"": 1, ""corner_sum"": 18, ""edge_sum"": 18, ""signature_freq"": [2, 2, 2, 1, 1, 2, 1, 1, 1], ""count_pattern"": [5, 4]}, {""r"": 4, ""c"": 1, ""distinct"": 2, ""mode_count"": 7, ""least_count"": 2, ""color8_count"": 2, ""sum_colors"": 23, ""max_color"": 8, ""min_color"": 1, ""center"": 1, ""corner_sum"": 11, ""edge_sum"": 11, ""signature_freq"": [2, 1, 1, 2, 1, 1, 1, 1, 1], ""count_pattern"": [7, 2]}, {""r"": 6, ""c"": 5, ""distinct"": 2, ""mode_count"": 6, ""least_count"": 3, ""color8_count"": 3, ""sum_colors"": 30, ""max_color"": 8, ""min_color"": 1, ""center"": 8, ""corner_sum"": 18, ""edge_sum"": 4, ""signature_freq"": [2, 1, 1, 1, 2, 1, 1, 1, 2], ""count_pattern"": [6, 3]}]"
53,"4,6",4,"{""r"": 4, ""c"": 6, ""distinct"": 2, ""mode_count"": 7, ""least_count"": 2, ""color8_count"": 2, ""sum_colors"": 23, ""max_color"": 8, ""min_color"": 1, ""center"": 1, ""corner_sum"": 11, ""edge_sum"": 11, ""signature_freq"": [1, 1, 1, 1, 1, 2, 2, 1, 1], ""count_pattern"": [7, 2]}","{""least_count_min"": true, ""color8_count_min"": true, ""sum_colors_min"": true, ""corner_sum_min"": true, ""col_major_last"": true}","[{""r"": 0, ""c"": 4, ""distinct"": 1, ""mode_count"": 9, ""least_count"": 9, ""color8_count"": 9, ""sum_colors"": 72, ""max_color"": 8, ""min_color"": 8, ""center"": 8, ""corner_sum"": 32, ""edge_sum"": 32, ""signature_freq"": [1, 1, 1, 1, 1, 1, 1, 1, 1], ""count_pattern"": [9]}, {""r"": 1, ""c"": 0, ""distinct"": 2, ""mode_count"": 6, ""least_count"": 3, ""color8_count"": 3, ""sum_colors"": 30, ""max_color"": 8, ""min_color"": 1, ""center"": 1, ""corner_sum"": 18, ""edge_sum"": 11, ""signature_freq"": [1, 1, 2, 1, 1, 1, 1, 2, 2], ""count_pattern"": [6, 3]}, {""r"": 4, ""c"": 6, ""distinct"": 2, ""mode_count"": 7, ""least_count"": 2, ""color8_count"": 2, ""sum_colors"": 23, ""max_color"": 8, ""min_color"": 1, ""center"": 1, ""corner_sum"": 11, ""edge_sum"": 11, ""signature_freq"": [1, 1, 1, 1, 1, 2, 2, 1, 1], ""count_pattern"": [7, 2]}, {""r"": 5, ""c"": 2, ""distinct"": 2, ""mode_count"": 6, ""least_count"": 3, ""color8_count"": 6, ""sum_colors"": 51, ""max_color"": 8, ""min_color"": 1, ""center"": 8, ""corner_sum"": 25, ""edge_sum"": 18, ""signature_freq"": [1, 2, 2, 2, 1, 1, 1, 1, 1], ""count_pattern"": [6, 3]}]"
54,"0,0",4,"{""r"": 0, ""c"": 0, ""distinct"": 2, ""mode_count"": 8, ""least_count"": 1, ""color8_count"": 1, ""sum_colors"": 16, ""max_color"": 8, ""min_color"": 1, ""center"": 1, ""corner_sum"": 4, ""edge_sum"": 11, ""signature_freq"": [1, 1, 1, 1, 1, 1, 1, 2, 1], ""count_pattern"": [8, 1]}","{""distinct_min"": true, ""distinct_max"": true, ""mode_count_max"": true, ""least_count_min"": true, ""color8_count_min"": true, ""sum_colors_min"": true, ""max_color_min"": true, ""max_color_max"": true, ""min_color_min"": true, ""min_color_max"": true, ""center_min"": true, ""corner_sum_min"": true, ""edge_sum_min"": true, ""row_major_first"": true, ""col_major_first"": true}","[{""r"": 0, ""c"": 0, ""distinct"": 2, ""mode_count"": 8, ""least_count"": 1, ""color8_count"": 1, ""sum_colors"": 16, ""max_color"": 8, ""min_color"": 1, ""center"": 1, ""corner_sum"": 4, ""edge_sum"": 11, ""signature_freq"": [1, 1, 1, 1, 1, 1, 1, 2, 1], ""count_pattern"": [8, 1]}, {""r"": 0, ""c"": 6, ""distinct"": 2, ""mode_count"": 6, ""least_count"": 3, ""color8_count"": 3, ""sum_colors"": 30, ""max_color"": 8, ""min_color"": 1, ""center"": 1, ""corner_sum"": 4, ""edge_sum"": 25, ""signature_freq"": [1, 2, 1, 2, 1, 2, 1, 1, 1], ""count_pattern"": [6, 3]}, {""r"": 4, ""c"": 6, ""distinct"": 2, ""mode_count"": 5, ""least_count"": 4, ""color8_count"": 5, ""sum_colors"": 44, ""max_color"": 8, ""min_color"": 1, ""center"": 8, ""corner_sum"": 18, ""edge_sum"": 18, ""signature_freq"": [2, 2, 1, 1, 1, 2, 2, 1, 1], ""count_pattern"": [5, 4]}, {""r"": 6, ""c"": 1, ""distinct"": 2, ""mode_count"": 6, ""least_count"": 3, ""color8_count"": 6, ""sum_colors"": 51, ""max_color"": 8, ""min_color"": 1, ""center"": 8, ""corner_sum"": 25, ""edge_sum"": 18, ""signature_freq"": [2, 1, 1, 2, 1, 2, 1, 1, 1], ""count_pattern"": [6, 3]}]"
55,"1,0",4,"{""r"": 1, ""c"": 0, ""distinct"": 2, ""mode_count"": 6, ""least_count"": 3, ""color8_count"": 3, ""sum_colors"": 30, ""max_color"": 8, ""min_color"": 1, ""center"": 1, ""corner_sum"": 11, ""edge_sum"": 18, ""signature_freq"": [2, 1, 1, 1, 1, 2, 1, 2, 1], ""count_pattern"": [6, 3]}","{""color8_count_min"": true, ""sum_colors_min"": true, ""center_min"": true, ""corner_sum_min"": true, ""col_major_first"": true}","[{""r"": 0, ""c"": 4, ""distinct"": 2, ""mode_count"": 6, ""least_count"": 3, ""color8_count"": 6, ""sum_colors"": 51, ""max_color"": 8, ""min_color"": 1, ""center"": 8, ""corner_sum"": 25, ""edge_sum"": 18, ""signature_freq"": [1, 1, 1, 2, 1, 1, 1, 2, 2], ""count_pattern"": [6, 3]}, {""r"": 1, ""c"": 0, ""distinct"": 2, ""mode_count"": 6, ""least_count"": 3, ""color8_count"": 3, ""sum_colors"": 30, ""max_color"": 8, ""min_color"": 1, ""center"": 1, ""corner_sum"": 11, ""edge_sum"": 18, ""signature_freq"": [2, 1, 1, 1, 1, 2, 1, 2, 1], ""count_pattern"": [6, 3]}, {""r"": 5, ""c"": 2, ""distinct"": 2, ""mode_count"": 5, ""least_count"": 4, ""color8_count"": 5, ""sum_colors"": 44, ""max_color"": 8, ""min_color"": 1, ""center"": 1, ""corner_sum"": 18, ""edge_sum"": 25, ""signature_freq"": [2, 2, 1, 1, 2, 1, 1, 1, 2], ""count_pattern"": [5, 4]}, {""r"": 6, ""c"": 6, ""distinct"": 2, ""mode_count"": 5, ""least_count"": 4, ""color8_count"": 4, ""sum_colors"": 37, ""max_color"": 8, ""min_color"": 1, ""center"": 8, ""corner_sum"": 11, ""edge_sum"": 18, ""signature_freq"": [1, 1, 1, 1, 2, 2, 1, 2, 2], ""count_pattern"": [5, 4]}]"
56,"6,6",4,"{""r"": 6, ""c"": 6, ""distinct"": 2, ""mode_count"": 6, ""least_count"": 3, ""color8_count"": 3, ""sum_colors"": 30, ""max_color"": 8, ""min_color"": 1, ""center"": 1, ""corner_sum"": 4, ""edge_sum"": 25, ""signature_freq"": [1, 2, 1, 2, 1, 2, 1, 1, 1], ""count_pattern"": [6, 3]}","{""color8_count_min"": true, ""sum_colors_min"": true, ""corner_sum_min"": true, ""row_major_last"": true, ""col_major_last"": true}","[{""r"": 0, ""c"": 0, ""distinct"": 2, ""mode_count"": 5, ""least_count"": 4, ""color8_count"": 5, ""sum_colors"": 44, ""max_color"": 8, ""min_color"": 1, ""center"": 8, ""corner_sum"": 25, ""edge_sum"": 11, ""signature_freq"": [2, 2, 1, 1, 1, 2, 1, 2, 1], ""count_pattern"": [5, 4]}, {""r"": 2, ""c"": 5, ""distinct"": 2, ""mode_count"": 8, ""least_count"": 1, ""color8_count"": 8, ""sum_colors"": 65, ""max_color"": 8, ""min_color"": 1, ""center"": 1, ""corner_sum"": 32, ""edge_sum"": 32, ""signature_freq"": [1, 1, 1, 1, 2, 1, 1, 1, 1], ""count_pattern"": [8, 1]}, {""r"": 4, ""c"": 1, ""distinct"": 2, ""mode_count"": 6, ""least_count"": 3, ""color8_count"": 6, ""sum_colors"": 51, ""max_color"": 8, ""min_color"": 1, ""center"": 8, ""corner_sum"": 25, ""edge_sum"": 18, ""signature_freq"": [1, 1, 2, 2, 1, 2, 1, 1, 1], ""count_pattern"": [6, 3]}, {""r"": 6, ""c"": 6, ""distinct"": 2, ""mode_count"": 6, ""least_count"": 3, ""color8_count"": 3, ""sum_colors"": 30, ""max_color"": 8, ""min_color"": 1, ""center"": 1, ""corner_sum"": 4, ""edge_sum"": 25, ""signature_freq"": [1, 2, 1, 2, 1, 2, 1, 1, 1], ""count_pattern"": [6, 3]}]"
57,"6,0",4,"{""r"": 6, ""c"": 0, ""distinct"": 2, ""mode_count"": 6, ""least_count"": 3, ""color8_count"": 3, ""sum_colors"": 30, ""max_color"": 8, ""min_color"": 1, ""center"": 8, ""corner_sum"": 11, ""edge_sum"": 11, ""signature_freq"": [1, 2, 1, 1, 2, 1, 2, 1, 1], ""count_pattern"": [6, 3]}","{""least_count_min"": true, ""color8_count_min"": true, ""sum_colors_min"": true, ""corner_sum_min"": true, ""edge_sum_min"": true, ""col_major_first"": true}","[{""r"": 1, ""c"": 2, ""distinct"": 2, ""mode_count"": 5, ""least_count"": 4, ""color8_count"": 5, ""sum_colors"": 44, ""max_color"": 8, ""min_color"": 1, ""center"": 1, ""corner_sum"": 18, ""edge_sum"": 25, ""signature_freq"": [2, 1, 1, 2, 2, 1, 2, 1, 1], ""count_pattern"": [5, 4]}, {""r"": 2, ""c"": 6, ""distinct"": 1, ""mode_count"": 9, ""least_count"": 9, ""color8_count"": 9, ""sum_colors"": 72, ""max_color"": 8, ""min_color"": 8, ""center"": 8, ""corner_sum"": 32, ""edge_sum"": 32, ""signature_freq"": [1, 1, 1, 1, 1, 1, 1, 1, 1], ""count_pattern"": [9]}, {""r"": 6, ""c"": 0, ""distinct"": 2, ""mode_count"": 6, ""least_count"": 3, ""color8_count"": 3, ""sum_colors"": 30, ""max_color"": 8, ""min_color"": 1, ""center"": 8, ""corner_sum"": 11, ""edge_sum"": 11, ""signature_freq"": [1, 2, 1, 1, 2, 1, 2, 1, 1], ""count_pattern"": [6, 3]}, {""r"": 6, ""c"": 4, ""distinct"": 2, ""mode_count"": 5, ""least_count"": 4, ""color8_count"": 4, ""sum_colors"": 37, ""max_color"": 8, ""min_color"": 1, ""center"": 8, ""corner_sum"": 18, ""edge_sum"": 11, ""signature_freq"": [2, 1, 1, 1, 2, 1, 1, 2, 2], ""count_pattern"": [5, 4]}]"
58,"2,1",4,"{""r"": 2, ""c"": 1, ""distinct"": 2, ""mode_count"": 8, ""least_count"": 1, ""color8_count"": 1, ""sum_colors"": 16, ""max_color"": 8, ""min_color"": 1, ""center"": 1, ""corner_sum"": 11, ""edge_sum"": 4, ""signature_freq"": [1, 1, 1, 1, 1, 1, 1, 1, 2], ""count_pattern"": [8, 1]}","{""least_count_min"": true, ""color8_count_min"": true, ""sum_colors_min"": true, ""edge_sum_min"": true}","[{""r"": 0, ""c"": 6, ""distinct"": 2, ""mode_count"": 6, ""least_count"": 3, ""color8_count"": 6, ""sum_colors"": 51, ""max_color"": 8, ""min_color"": 1, ""center"": 1, ""corner_sum"": 25, ""edge_sum"": 25, ""signature_freq"": [1, 1, 1, 1, 2, 2, 1, 1, 2], ""count_pattern"": [6, 3]}, {""r"": 2, ""c"": 1, ""distinct"": 2, ""mode_count"": 8, ""least_count"": 1, ""color8_count"": 1, ""sum_colors"": 16, ""max_color"": 8, ""min_color"": 1, ""center"": 1, ""corner_sum"": 11, ""edge_sum"": 4, ""signature_freq"": [1, 1, 1, 1, 1, 1, 1, 1, 2], ""count_pattern"": [8, 1]}, {""r"": 6, ""c"": 0, ""distinct"": 2, ""mode_count"": 7, ""least_count"": 2, ""color8_count"": 2, ""sum_colors"": 23, ""max_color"": 8, ""min_color"": 1, ""center"": 1, ""corner_sum"": 4, ""edge_sum"": 18, ""signature_freq"": [1, 1, 1, 2, 1, 1, 1, 2, 1], ""count_pattern"": [7, 2]}, {""r"": 6, ""c"": 4, ""distinct"": 1, ""mode_count"": 9, ""least_count"": 9, ""color8_count"": 9, ""sum_colors"": 72, ""max_color"": 8, ""min_color"": 8, ""center"": 8, ""corner_sum"": 32, ""edge_sum"": 32, ""signature_freq"": [1, 1, 1, 1, 1, 1, 1, 1, 1], ""count_pattern"": [9]}]"
59,"1,6",4,"{""r"": 1, ""c"": 6, ""distinct"": 2, ""mode_count"": 7, ""least_count"": 2, ""color8_count"": 2, ""sum_colors"": 23, ""max_color"": 8, ""min_color"": 1, ""center"": 8, ""corner_sum"": 11, ""edge_sum"": 4, ""signature_freq"": [2, 1, 1, 1, 2, 1, 1, 1, 1], ""count_pattern"": [7, 2]}","{""color8_count_min"": true, ""sum_colors_min"": true, ""center_max"": true, ""edge_sum_min"": true, ""col_major_last"": true}","[{""r"": 0, ""c"": 1, ""distinct"": 2, ""mode_count"": 6, ""least_count"": 3, ""color8_count"": 3, ""sum_colors"": 30, ""max_color"": 8, ""min_color"": 1, ""center"": 1, ""corner_sum"": 4, ""edge_sum"": 25, ""signature_freq"": [1, 2, 1, 1, 1, 2, 1, 2, 1], ""count_pattern"": [6, 3]}, {""r"": 1, ""c"": 6, ""distinct"": 2, ""mode_count"": 7, ""least_count"": 2, ""color8_count"": 2, ""sum_colors"": 23, ""max_color"": 8, ""min_color"": 1, ""center"": 8, ""corner_sum"": 11, ""edge_sum"": 4, ""signature_freq"": [2, 1, 1, 1, 2, 1, 1, 1, 1], ""count_pattern"": [7, 2]}, {""r"": 4, ""c"": 1, ""distinct"": 2, ""mode_count"": 8, ""least_count"": 1, ""color8_count"": 8, ""sum_colors"": 65, ""max_color"": 8, ""min_color"": 1, ""center"": 8, ""corner_sum"": 25, ""edge_sum"": 32, ""signature_freq"": [1, 1, 1, 1, 1, 1, 2, 1, 1], ""count_pattern"": [8, 1]}, {""r"": 6, ""c"": 5, ""distinct"": 2, ""mode_count"": 6, ""least_count"": 3, ""color8_count"": 6, ""sum_colors"": 51, ""max_color"": 8, ""min_color"": 1, ""center"": 8, ""corner_sum"": 18, ""edge_sum"": 25, ""signature_freq"": [1, 1, 1, 2, 1, 1, 2, 1, 2], ""count_pattern"": [6, 3]}]"
60,"6,5",4,"{""r"": 6, ""c"": 5, ""distinct"": 2, ""mode_count"": 6, ""least_count"": 3, ""color8_count"": 3, ""sum_colors"": 30, ""max_color"": 8, ""min_color"": 1, ""center"": 1, ""corner_sum"": 18, ""edge_sum"": 11, ""signature_freq"": [2, 1, 1, 1, 1, 2, 2, 1, 1], ""count_pattern"": [6, 3]}","{""color8_count_min"": true, ""sum_colors_min"": true, ""center_min"": true, ""row_major_last"": true}","[{""r"": 1, ""c"": 2, ""distinct"": 2, ""mode_count"": 5, ""least_count"": 4, ""color8_count"": 5, ""sum_colors"": 44, ""max_color"": 8, ""min_color"": 1, ""center"": 8, ""corner_sum"": 18, ""edge_sum"": 18, ""signature_freq"": [1, 1, 1, 1, 1, 2, 2, 2, 2], ""count_pattern"": [5, 4]}, {""r"": 1, ""c"": 6, ""distinct"": 1, ""mode_count"": 9, ""least_count"": 9, ""color8_count"": 9, ""sum_colors"": 72, ""max_color"": 8, ""min_color"": 8, ""center"": 8, ""corner_sum"": 32, ""edge_sum"": 32, ""signature_freq"": [1, 1, 1, 1, 1, 1, 1, 1, 1], ""count_pattern"": [9]}, {""r"": 6, ""c"": 0, ""distinct"": 2, ""mode_count"": 6, ""least_count"": 3, ""color8_count"": 6, ""sum_colors"": 51, ""max_color"": 8, ""min_color"": 1, ""center"": 8, ""corner_sum"": 32, ""edge_sum"": 11, ""signature_freq"": [1, 2, 1, 1, 1, 2, 1, 2, 1], ""count_pattern"": [6, 3]}, {""r"": 6, ""c"": 5, ""distinct"": 2, ""mode_count"": 6, ""least_count"": 3, ""color8_count"": 3, ""sum_colors"": 30, ""max_color"": 8, ""min_color"": 1, ""center"": 1, ""corner_sum"": 18, ""edge_sum"": 11, ""signature_freq"": [2, 1, 1, 1, 1, 2, 2, 1, 1], ""count_pattern"": [6, 3]}]"
61,"1,5",4,"{""r"": 1, ""c"": 5, ""distinct"": 2, ""mode_count"": 7, ""least_count"": 2, ""color8_count"": 2, ""sum_colors"": 23, ""max_color"": 8, ""min_color"": 1, ""center"": 1, ""corner_sum"": 18, ""edge_sum"": 4, ""signature_freq"": [2, 1, 1, 1, 1, 1, 2, 1, 1], ""count_pattern"": [7, 2]}","{""distinct_min"": true, ""distinct_max"": true, ""mode_count_max"": true, ""least_count_min"": true, ""color8_count_min"": true, ""sum_colors_min"": true, ""max_color_min"": true, ""max_color_max"": true, ""min_color_min"": true, ""min_color_max"": true, ""center_min"": true, ""corner_sum_max"": true, ""edge_sum_min"": true, ""row_major_first"": true}","[{""r"": 1, ""c"": 5, ""distinct"": 2, ""mode_count"": 7, ""least_count"": 2, ""color8_count"": 2, ""sum_colors"": 23, ""max_color"": 8, ""min_color"": 1, ""center"": 1, ""corner_sum"": 18, ""edge_sum"": 4, ""signature_freq"": [2, 1, 1, 1, 1, 1, 2, 1, 1], ""count_pattern"": [7, 2]}, {""r"": 2, ""c"": 0, ""distinct"": 2, ""mode_count"": 5, ""least_count"": 4, ""color8_count"": 4, ""sum_colors"": 37, ""max_color"": 8, ""min_color"": 1, ""center"": 8, ""corner_sum"": 18, ""edge_sum"": 11, ""signature_freq"": [2, 1, 2, 1, 2, 1, 1, 2, 1], ""count_pattern"": [5, 4]}, {""r"": 6, ""c"": 0, ""distinct"": 2, ""mode_count"": 6, ""least_count"": 3, ""color8_count"": 6, ""sum_colors"": 51, ""max_color"": 8, ""min_color"": 1, ""center"": 8, ""corner_sum"": 18, ""edge_sum"": 25, ""signature_freq"": [2, 1, 1, 1, 1, 1, 1, 2, 2], ""count_pattern"": [6, 3]}, {""r"": 6, ""c"": 6, ""distinct"": 2, ""mode_count"": 6, ""least_count"": 3, ""color8_count"": 3, ""sum_colors"": 30, ""max_color"": 8, ""min_color"": 1, ""center"": 8, ""corner_sum"": 11, ""edge_sum"": 11, ""signature_freq"": [2, 1, 1, 1, 2, 1, 1, 2, 1], ""count_pattern"": [6, 3]}]"
62,"1,6",4,"{""r"": 1, ""c"": 6, ""distinct"": 2, ""mode_count"": 8, ""least_count"": 1, ""color8_count"": 1, ""sum_colors"": 16, ""max_color"": 8, ""min_color"": 1, ""center"": 8, ""corner_sum"": 4, ""edge_sum"": 4, ""signature_freq"": [1, 1, 1, 1, 2, 1, 1, 1, 1], ""count_pattern"": [8, 1]}","{""distinct_max"": true, ""least_count_min"": true, ""color8_count_min"": true, ""sum_colors_min"": true, ""min_color_min"": true, ""corner_sum_min"": true, ""edge_sum_min"": true}","[{""r"": 1, ""c"": 2, ""distinct"": 1, ""mode_count"": 9, ""least_count"": 9, ""color8_count"": 9, ""sum_colors"": 72, ""max_color"": 8, ""min_color"": 8, ""center"": 8, ""corner_sum"": 32, ""edge_sum"": 32, ""signature_freq"": [1, 1, 1, 1, 1, 1, 1, 1, 1], ""count_pattern"": [9]}, {""r"": 1, ""c"": 6, ""distinct"": 2, ""mode_count"": 8, ""least_count"": 1, ""color8_count"": 1, ""sum_colors"": 16, ""max_color"": 8, ""min_color"": 1, ""center"": 8, ""corner_sum"": 4, ""edge_sum"": 4, ""signature_freq"": [1, 1, 1, 1, 2, 1, 1, 1, 1], ""count_pattern"": [8, 1]}, {""r"": 5, ""c"": 1, ""distinct"": 2, ""mode_count"": 8, ""least_count"": 1, ""color8_count"": 8, ""sum_colors"": 65, ""max_color"": 8, ""min_color"": 1, ""center"": 8, ""corner_sum"": 25, ""edge_sum"": 32, ""signature_freq"": [1, 1, 2, 1, 1, 1, 1, 1, 1], ""count_pattern"": [8, 1]}, {""r"": 5, ""c"": 6, ""distinct"": 2, ""mode_count"": 6, ""least_count"": 3, ""color8_count"": 6, ""sum_colors"": 51, ""max_color"": 8, ""min_color"": 1, ""center"": 1, ""corner_sum"": 32, ""edge_sum"": 18, ""signature_freq"": [1, 2, 1, 1, 2, 2, 1, 1, 1], ""count_pattern"": [6, 3]}]"
63,"1,1",4,"{""r"": 1, ""c"": 1, ""distinct"": 2, ""mode_count"": 8, ""least_count"": 1, ""color8_count"": 1, ""sum_colors"": 16, ""max_color"": 8, ""min_color"": 1, ""center"": 1, ""corner_sum"": 11, ""edge_sum"": 4, ""signature_freq"": [1, 1, 1, 1, 1, 1, 1, 1, 2], ""count_pattern"": [8, 1]}","{""least_count_min"": true, ""color8_count_min"": true, ""sum_colors_min"": true, ""corner_sum_min"": true, ""edge_sum_min"": true}","[{""r"": 0, ""c"": 5, ""distinct"": 2, ""mode_count"": 7, ""least_count"": 2, ""color8_count"": 7, ""sum_colors"": 58, ""max_color"": 8, ""min_color"": 1, ""center"": 1, ""corner_sum"": 25, ""edge_sum"": 32, ""signature_freq"": [2, 1, 1, 1, 2, 1, 1, 1, 1], ""count_pattern"": [7, 2]}, {""r"": 1, ""c"": 1, ""distinct"": 2, ""mode_count"": 8, ""least_count"": 1, ""color8_count"": 1, ""sum_colors"": 16, ""max_color"": 8, ""min_color"": 1, ""center"": 1, ""corner_sum"": 11, ""edge_sum"": 4, ""signature_freq"": [1, 1, 1, 1, 1, 1, 1, 1, 2], ""count_pattern"": [8, 1]}, {""r"": 5, ""c"": 5, ""distinct"": 1, ""mode_count"": 9, ""least_count"": 9, ""color8_count"": 9, ""sum_colors"": 72, ""max_color"": 8, ""min_color"": 8, ""center"": 8, ""corner_sum"": 32, ""edge_sum"": 32, ""signature_freq"": [1, 1, 1, 1, 1, 1, 1, 1, 1], ""count_pattern"": [9]}, {""r"": 6, ""c"": 0, ""distinct"": 2, ""mode_count"": 8, ""least_count"": 1, ""color8_count"": 8, ""sum_colors"": 65, ""max_color"": 8, ""min_color"": 1, ""center"": 1, ""corner_sum"": 32, ""edge_sum"": 32, ""signature_freq"": [1, 1, 1, 1, 2, 1, 1, 1, 1], ""count_pattern"": [8, 1]}]"
64,"5,4",4,"{""r"": 5, ""c"": 4, ""distinct"": 2, ""mode_count"": 7, ""least_count"": 2, ""color8_count"": 2, ""sum_colors"": 23, ""max_color"": 8, ""min_color"": 1, ""center"": 1, ""corner_sum"": 11, ""edge_sum"": 11, ""signature_freq"": [2, 1, 1, 2, 1, 1, 1, 1, 1], ""count_pattern"": [7, 2]}","{""color8_count_min"": true, ""sum_colors_min"": true, ""edge_sum_min"": true, ""row_major_last"": true}","[{""r"": 0, ""c"": 0, ""distinct"": 2, ""mode_count"": 7, ""least_count"": 2, ""color8_count"": 7, ""sum_colors"": 58, ""max_color"": 8, ""min_color"": 1, ""center"": 8, ""corner_sum"": 25, ""edge_sum"": 25, ""signature_freq"": [1, 1, 1, 1, 1, 2, 2, 1, 1], ""count_pattern"": [7, 2]}, {""r"": 1, ""c"": 6, ""distinct"": 2, ""mode_count"": 6, ""least_count"": 3, ""color8_count"": 3, ""sum_colors"": 30, ""max_color"": 8, ""min_color"": 1, ""center"": 1, ""corner_sum"": 11, ""edge_sum"": 18, ""signature_freq"": [2, 1, 1, 1, 1, 2, 1, 2, 1], ""count_pattern"": [6, 3]}, {""r"": 4, ""c"": 0, ""distinct"": 2, ""mode_count"": 5, ""least_count"": 4, ""color8_count"": 5, ""sum_colors"": 44, ""max_color"": 8, ""min_color"": 1, ""center"": 8, ""corner_sum"": 18, ""edge_sum"": 18, ""signature_freq"": [2, 1, 1, 2, 1, 1, 1, 2, 2], ""count_pattern"": [5, 4]}, {""r"": 5, ""c"": 4, ""distinct"": 2, ""mode_count"": 7, ""least_count"": 2, ""color8_count"": 2, ""sum_colors"": 23, ""max_color"": 8, ""min_color"": 1, ""center"": 1, ""corner_sum"": 11, ""edge_sum"": 11, ""signature_freq"": [2, 1, 1, 2, 1, 1, 1, 1, 1], ""count_pattern"": [7, 2]}]"
65,"5,4",4,"{""r"": 5, ""c"": 4, ""distinct"": 2, ""mode_count"": 8, ""least_count"": 1, ""color8_count"": 1, ""sum_colors"": 16, ""max_color"": 8, ""min_color"": 1, ""center"": 1, ""corner_sum"": 4, ""edge_sum"": 11, ""signature_freq"": [1, 1, 1, 2, 1, 1, 1, 1, 1], ""count_pattern"": [8, 1]}","{""color8_count_min"": true, ""sum_colors_min"": true, ""center_min"": true, ""edge_sum_min"": true, ""row_major_last"": true}","[{""r"": 0, ""c"": 1, ""distinct"": 2, ""mode_count"": 7, ""least_count"": 2, ""color8_count"": 7, ""sum_colors"": 58, ""max_color"": 8, ""min_color"": 1, ""center"": 8, ""corner_sum"": 18, ""edge_sum"": 32, ""signature_freq"": [2, 1, 1, 1, 1, 1, 1, 1, 2], ""count_pattern"": [7, 2]}, {""r"": 0, ""c"": 6, ""distinct"": 2, ""mode_count"": 5, ""least_count"": 4, ""color8_count"": 4, ""sum_colors"": 37, ""max_color"": 8, ""min_color"": 1, ""center"": 8, ""corner_sum"": 4, ""edge_sum"": 25, ""signature_freq"": [1, 1, 1, 2, 2, 2, 1, 2, 1], ""count_pattern"": [5, 4]}, {""r"": 5, ""c"": 0, ""distinct"": 2, ""mode_count"": 8, ""least_count"": 1, ""color8_count"": 8, ""sum_colors"": 65, ""max_color"": 8, ""min_color"": 1, ""center"": 8, ""corner_sum"": 32, ""edge_sum"": 25, ""signature_freq"": [1, 1, 1, 2, 1, 1, 1, 1, 1], ""count_pattern"": [8, 1]}, {""r"": 5, ""c"": 4, ""distinct"": 2, ""mode_count"": 8, ""least_count"": 1, ""color8_count"": 1, ""sum_colors"": 16, ""max_color"": 8, ""min_color"": 1, ""center"": 1, ""corner_sum"": 4, ""edge_sum"": 11, ""signature_freq"": [1, 1, 1, 2, 1, 1, 1, 1, 1], ""count_pattern"": [8, 1]}]"
66,"5,5",4,"{""r"": 5, ""c"": 5, ""distinct"": 2, ""mode_count"": 8, ""least_count"": 1, ""color8_count"": 1, ""sum_colors"": 16, ""max_color"": 8, ""min_color"": 1, ""center"": 1, ""corner_sum"": 11, ""edge_sum"": 4, ""signature_freq"": [1, 1, 1, 1, 1, 1, 2, 1, 1], ""count_pattern"": [8, 1]}","{""mode_count_max"": true, ""least_count_min"": true, ""color8_count_min"": true, ""sum_colors_min"": true, ""center_min"": true, ""row_major_last"": true, ""col_major_last"": true}","[{""r"": 0, ""c"": 5, ""distinct"": 2, ""mode_count"": 5, ""least_count"": 4, ""color8_count"": 5, ""sum_colors"": 44, ""max_color"": 8, ""min_color"": 1, ""center"": 8, ""corner_sum"": 18, ""edge_sum"": 18, ""signature_freq"": [2, 2, 2, 1, 1, 2, 1, 1, 1], ""count_pattern"": [5, 4]}, {""r"": 1, ""c"": 1, ""distinct"": 2, ""mode_count"": 6, ""least_count"": 3, ""color8_count"": 6, ""sum_colors"": 51, ""max_color"": 8, ""min_color"": 1, ""center"": 8, ""corner_sum"": 18, ""edge_sum"": 25, ""signature_freq"": [1, 2, 1, 1, 1, 1, 2, 1, 2], ""count_pattern"": [6, 3]}, {""r"": 5, ""c"": 0, ""distinct"": 2, ""mode_count"": 7, ""least_count"": 2, ""color8_count"": 2, ""sum_colors"": 23, ""max_color"": 8, ""min_color"": 1, ""center"": 8, ""corner_sum"": 11, ""edge_sum"": 4, ""signature_freq"": [1, 1, 1, 1, 2, 1, 1, 1, 2], ""count_pattern"": [7, 2]}, {""r"": 5, ""c"": 5, ""distinct"": 2, ""mode_count"": 8, ""least_count"": 1, ""color8_count"": 1, ""sum_colors"": 16, ""max_color"": 8, ""min_color"": 1, ""center"": 1, ""corner_sum"": 11, ""edge_sum"": 4, ""signature_freq"": [1, 1, 1, 1, 1, 1, 2, 1, 1], ""count_pattern"": [8, 1]}]"
67,"0,1",4,"{""r"": 0, ""c"": 1, ""distinct"": 2, ""mode_count"": 5, ""least_count"": 4, ""color8_count"": 4, ""sum_colors"": 37, ""max_color"": 8, ""min_color"": 1, ""center"": 8, ""corner_sum"": 11, ""edge_sum"": 18, ""signature_freq"": [1, 1, 1, 1, 2, 2, 2, 2, 1], ""count_pattern"": [5, 4]}","{""distinct_min"": true, ""distinct_max"": true, ""mode_count_min"": true, ""least_count_max"": true, ""color8_count_min"": true, ""sum_colors_min"": true, ""max_color_min"": true, ""max_color_max"": true, ""min_color_min"": true, ""min_color_max"": true, ""center_min"": true, ""center_max"": true, ""corner_sum_min"": true, ""row_major_first"": true, ""col_major_first"": true}","[{""r"": 0, ""c"": 1, ""distinct"": 2, ""mode_count"": 5, ""least_count"": 4, ""color8_count"": 4, ""sum_colors"": 37, ""max_color"": 8, ""min_color"": 1, ""center"": 8, ""corner_sum"": 11, ""edge_sum"": 18, ""signature_freq"": [1, 1, 1, 1, 2, 2, 2, 2, 1], ""count_pattern"": [5, 4]}, {""r"": 0, ""c"": 5, ""distinct"": 2, ""mode_count"": 6, ""least_count"": 3, ""color8_count"": 6, ""sum_colors"": 51, ""max_color"": 8, ""min_color"": 1, ""center"": 8, ""corner_sum"": 32, ""edge_sum"": 11, ""signature_freq"": [1, 2, 1, 2, 1, 2, 1, 1, 1], ""count_pattern"": [6, 3]}, {""r"": 6, ""c"": 1, ""distinct"": 2, ""mode_count"": 7, ""least_count"": 2, ""color8_count"": 7, ""sum_colors"": 58, ""max_color"": 8, ""min_color"": 1, ""center"": 8, ""corner_sum"": 32, ""edge_sum"": 18, ""signature_freq"": [1, 2, 1, 1, 1, 2, 1, 1, 1], ""count_pattern"": [7, 2]}, {""r"": 6, ""c"": 6, ""distinct"": 2, ""mode_count"": 8, ""least_count"": 1, ""color8_count"": 8, ""sum_colors"": 65, ""max_color"": 8, ""min_color"": 1, ""center"": 8, ""corner_sum"": 32, ""edge_sum"": 25, ""signature_freq"": [1, 1, 1, 1, 1, 1, 1, 2, 1], ""count_pattern"": [8, 1]}]"
68,"6,6",4,"{""r"": 6, ""c"": 6, ""distinct"": 2, ""mode_count"": 8, ""least_count"": 1, ""color8_count"": 1, ""sum_colors"": 16, ""max_color"": 8, ""min_color"": 1, ""center"": 1, ""corner_sum"": 11, ""edge_sum"": 4, ""signature_freq"": [2, 1, 1, 1, 1, 1, 1, 1, 1], ""count_pattern"": [8, 1]}","{""mode_count_max"": true, ""least_count_min"": true, ""color8_count_min"": true, ""sum_colors_min"": true, ""edge_sum_min"": true, ""row_major_last"": true, ""col_major_last"": true}","[{""r"": 0, ""c"": 1, ""distinct"": 2, ""mode_count"": 6, ""least_count"": 3, ""color8_count"": 6, ""sum_colors"": 51, ""max_color"": 8, ""min_color"": 1, ""center"": 8, ""corner_sum"": 25, ""edge_sum"": 18, ""signature_freq"": [1, 2, 1, 2, 1, 1, 2, 1, 1], ""count_pattern"": [6, 3]}, {""r"": 2, ""c"": 5, ""distinct"": 2, ""mode_count"": 6, ""least_count"": 3, ""color8_count"": 3, ""sum_colors"": 30, ""max_color"": 8, ""min_color"": 1, ""center"": 1, ""corner_sum"": 11, ""edge_sum"": 18, ""signature_freq"": [1, 2, 2, 1, 1, 1, 1, 2, 1], ""count_pattern"": [6, 3]}, {""r"": 5, ""c"": 1, ""distinct"": 2, ""mode_count"": 7, ""least_count"": 2, ""color8_count"": 2, ""sum_colors"": 23, ""max_color"": 8, ""min_color"": 1, ""center"": 1, ""corner_sum"": 4, ""edge_sum"": 18, ""signature_freq"": [1, 1, 1, 1, 1, 2, 1, 2, 1], ""count_pattern"": [7, 2]}, {""r"": 6, ""c"": 6, ""distinct"": 2, ""mode_count"": 8, ""least_count"": 1, ""color8_count"": 1, ""sum_colors"": 16, ""max_color"": 8, ""min_color"": 1, ""center"": 1, ""corner_sum"": 11, ""edge_sum"": 4, ""signature_freq"": [2, 1, 1, 1, 1, 1, 1, 1, 1], ""count_pattern"": [8, 1]}]"
69,"0,1",4,"{""r"": 0, ""c"": 1, ""distinct"": 2, ""mode_count"": 7, ""least_count"": 2, ""color8_count"": 2, ""sum_colors"": 23, ""max_color"": 8, ""min_color"": 1, ""center"": 1, ""corner_sum"": 11, ""edge_sum"": 11, ""signature_freq"": [2, 1, 1, 1, 1, 1, 1, 2, 1], ""count_pattern"": [7, 2]}","{""distinct_min"": true, ""distinct_max"": true, ""color8_count_min"": true, ""sum_colors_min"": true, ""max_color_min"": true, ""max_color_max"": true, ""min_color_min"": true, ""min_color_max"": true, ""center_min"": true, ""corner_sum_min"": true, ""edge_sum_min"": true, ""row_major_first"": true}","[{""r"": 0, ""c"": 1, ""distinct"": 2, ""mode_count"": 7, ""least_count"": 2, ""color8_count"": 2, ""sum_colors"": 23, ""max_color"": 8, ""min_color"": 1, ""center"": 1, ""corner_sum"": 11, ""edge_sum"": 11, ""signature_freq"": [2, 1, 1, 1, 1, 1, 1, 2, 1], ""count_pattern"": [7, 2]}, {""r"": 1, ""c"": 6, ""distinct"": 2, ""mode_count"": 8, ""least_count"": 1, ""color8_count"": 8, ""sum_colors"": 65, ""max_color"": 8, ""min_color"": 1, ""center"": 8, ""corner_sum"": 32, ""edge_sum"": 25, ""signature_freq"": [1, 2, 1, 1, 1, 1, 1, 1, 1], ""count_pattern"": [8, 1]}, {""r"": 6, ""c"": 0, ""distinct"": 2, ""mode_count"": 6, ""least_count"": 3, ""color8_count"": 3, ""sum_colors"": 30, ""max_color"": 8, ""min_color"": 1, ""center"": 1, ""corner_sum"": 18, ""edge_sum"": 11, ""signature_freq"": [2, 1, 2, 1, 1, 1, 1, 2, 1], ""count_pattern"": [6, 3]}, {""r"": 6, ""c"": 5, ""distinct"": 2, ""mode_count"": 5, ""least_count"": 4, ""color8_count"": 5, ""sum_colors"": 44, ""max_color"": 8, ""min_color"": 1, ""center"": 8, ""corner_sum"": 11, ""edge_sum"": 25, ""signature_freq"": [2, 1, 1, 1, 1, 2, 2, 1, 2], ""count_pattern"": [5, 4]}]"
70,"0,4",4,"{""r"": 0, ""c"": 4, ""distinct"": 2, ""mode_count"": 8, ""least_count"": 1, ""color8_count"": 1, ""sum_colors"": 16, ""max_color"": 8, ""min_color"": 1, ""center"": 1, ""corner_sum"": 11, ""edge_sum"": 4, ""signature_freq"": [1, 1, 1, 1, 1, 1, 1, 1, 2], ""count_pattern"": [8, 1]}","{""mode_count_max"": true, ""least_count_min"": true, ""color8_count_min"": true, ""sum_colors_min"": true, ""center_min"": true, ""edge_sum_min"": true}","[{""r"": 0, ""c"": 0, ""distinct"": 2, ""mode_count"": 6, ""least_count"": 3, ""color8_count"": 6, ""sum_colors"": 51, ""max_color"": 8, ""min_color"": 1, ""center"": 8, ""corner_sum"": 11, ""edge_sum"": 32, ""signature_freq"": [2, 1, 2, 1, 1, 1, 2, 1, 1], ""count_pattern"": [6, 3]}, {""r"": 0, ""c"": 4, ""distinct"": 2, ""mode_count"": 8, ""least_count"": 1, ""color8_count"": 1, ""sum_colors"": 16, ""max_color"": 8, ""min_color"": 1, ""center"": 1, ""corner_sum"": 11, ""edge_sum"": 4, ""signature_freq"": [1, 1, 1, 1, 1, 1, 1, 1, 2], ""count_pattern"": [8, 1]}, {""r"": 4, ""c"": 0, ""distinct"": 2, ""mode_count"": 5, ""least_count"": 4, ""color8_count"": 4, ""sum_colors"": 37, ""max_color"": 8, ""min_color"": 1, ""center"": 8, ""corner_sum"": 25, ""edge_sum"": 4, ""signature_freq"": [2, 1, 2, 1, 2, 1, 2, 1, 1], ""count_pattern"": [5, 4]}, {""r"": 4, ""c"": 6, ""distinct"": 2, ""mode_count"": 5, ""least_count"": 4, ""color8_count"": 5, ""sum_colors"": 44, ""max_color"": 8, ""min_color"": 1, ""center"": 8, ""corner_sum"": 18, ""edge_sum"": 18, ""signature_freq"": [1, 2, 1, 1, 1, 1, 2, 2, 2], ""count_pattern"": [5, 4]}]"
71,"6,2",4,"{""r"": 6, ""c"": 2, ""distinct"": 2, ""mode_count"": 6, ""least_count"": 3, ""color8_count"": 3, ""sum_colors"": 30, ""max_color"": 8, ""min_color"": 1, ""center"": 1, ""corner_sum"": 25, ""edge_sum"": 4, ""signature_freq"": [2, 1, 2, 1, 1, 1, 2, 1, 1], ""count_pattern"": [6, 3]}","{""color8_count_min"": true, ""sum_colors_min"": true, ""center_min"": true, ""edge_sum_min"": true}","[{""r"": 0, ""c"": 5, ""distinct"": 2, ""mode_count"": 5, ""least_count"": 4, ""color8_count"": 5, ""sum_colors"": 44, ""max_color"": 8, ""min_color"": 1, ""center"": 8, ""corner_sum"": 25, ""edge_sum"": 11, ""signature_freq"": [1, 2, 1, 1, 1, 2, 2, 2, 1], ""count_pattern"": [5, 4]}, {""r"": 1, ""c"": 1, ""distinct"": 2, ""mode_count"": 8, ""least_count"": 1, ""color8_count"": 8, ""sum_colors"": 65, ""max_color"": 8, ""min_color"": 1, ""center"": 8, ""corner_sum"": 32, ""edge_sum"": 25, ""signature_freq"": [1, 2, 1, 1, 1, 1, 1, 1, 1], ""count_pattern"": [8, 1]}, {""r"": 6, ""c"": 2, ""distinct"": 2, ""mode_count"": 6, ""least_count"": 3, ""color8_count"": 3, ""sum_colors"": 30, ""max_color"": 8, ""min_color"": 1, ""center"": 1, ""corner_sum"": 25, ""edge_sum"": 4, ""signature_freq"": [2, 1, 2, 1, 1, 1, 2, 1, 1], ""count_pattern"": [6, 3]}, {""r"": 6, ""c"": 6, ""distinct"": 1, ""mode_count"": 9, ""least_count"": 9, ""color8_count"": 9, ""sum_colors"": 72, ""max_color"": 8, ""min_color"": 8, ""center"": 8, ""corner_sum"": 32, ""edge_sum"": 32, ""signature_freq"": [1, 1, 1, 1, 1, 1, 1, 1, 1], ""count_pattern"": [9]}]"
72,"6,0",4,"{""r"": 6, ""c"": 0, ""distinct"": 2, ""mode_count"": 8, ""least_count"": 1, ""color8_count"": 1, ""sum_colors"": 16, ""max_color"": 8, ""min_color"": 1, ""center"": 1, ""corner_sum"": 4, ""edge_sum"": 11, ""signature_freq"": [1, 1, 1, 2, 1, 1, 1, 1, 1], ""count_pattern"": [8, 1]}","{""color8_count_min"": true, ""sum_colors_min"": true, ""corner_sum_min"": true, ""row_major_last"": true}","[{""r"": 1, ""c"": 0, ""distinct"": 2, ""mode_count"": 8, ""least_count"": 1, ""color8_count"": 8, ""sum_colors"": 65, ""max_color"": 8, ""min_color"": 1, ""center"": 8, ""corner_sum"": 25, ""edge_sum"": 32, ""signature_freq"": [1, 1, 1, 1, 1, 1, 1, 1, 2], ""count_pattern"": [8, 1]}, {""r"": 1, ""c"": 5, ""distinct"": 2, ""mode_count"": 7, ""least_count"": 2, ""color8_count"": 7, ""sum_colors"": 58, ""max_color"": 8, ""min_color"": 1, ""center"": 8, ""corner_sum"": 32, ""edge_sum"": 18, ""signature_freq"": [1, 1, 1, 2, 1, 2, 1, 1, 1], ""count_pattern"": [7, 2]}, {""r"": 5, ""c"": 4, ""distinct"": 2, ""mode_count"": 6, ""least_count"": 3, ""color8_count"": 3, ""sum_colors"": 30, ""max_color"": 8, ""min_color"": 1, ""center"": 1, ""corner_sum"": 18, ""edge_sum"": 11, ""signature_freq"": [1, 1, 2, 1, 1, 2, 1, 1, 2], ""count_pattern"": [6, 3]}, {""r"": 6, ""c"": 0, ""distinct"": 2, ""mode_count"": 8, ""least_count"": 1, ""color8_count"": 1, ""sum_colors"": 16, ""max_color"": 8, ""min_color"": 1, ""center"": 1, ""corner_sum"": 4, ""edge_sum"": 11, ""signature_freq"": [1, 1, 1, 2, 1, 1, 1, 1, 1], ""count_pattern"": [8, 1]}]"
73,"6,4",4,"{""r"": 6, ""c"": 4, ""distinct"": 2, ""mode_count"": 6, ""least_count"": 3, ""color8_count"": 3, ""sum_colors"": 30, ""max_color"": 8, ""min_color"": 1, ""center"": 1, ""corner_sum"": 11, ""edge_sum"": 18, ""signature_freq"": [1, 1, 2, 2, 1, 2, 1, 1, 1], ""count_pattern"": [6, 3]}","{""color8_count_min"": true, ""sum_colors_min"": true, ""center_min"": true, ""corner_sum_min"": true, ""row_major_last"": true}","[{""r"": 1, ""c"": 1, ""distinct"": 1, ""mode_count"": 9, ""least_count"": 9, ""color8_count"": 9, ""sum_colors"": 72, ""max_color"": 8, ""min_color"": 8, ""center"": 8, ""corner_sum"": 32, ""edge_sum"": 32, ""signature_freq"": [1, 1, 1, 1, 1, 1, 1, 1, 1], ""count_pattern"": [9]}, {""r"": 2, ""c"": 5, ""distinct"": 2, ""mode_count"": 8, ""least_count"": 1, ""color8_count"": 8, ""sum_colors"": 65, ""max_color"": 8, ""min_color"": 1, ""center"": 8, ""corner_sum"": 25, ""edge_sum"": 32, ""signature_freq"": [1, 1, 1, 1, 1, 1, 2, 1, 1], ""count_pattern"": [8, 1]}, {""r"": 5, ""c"": 0, ""distinct"": 2, ""mode_count"": 5, ""least_count"": 4, ""color8_count"": 4, ""sum_colors"": 37, ""max_color"": 8, ""min_color"": 1, ""center"": 8, ""corner_sum"": 18, ""edge_sum"": 11, ""signature_freq"": [2, 1, 2, 1, 2, 1, 1, 2, 1], ""count_pattern"": [5, 4]}, {""r"": 6, ""c"": 4, ""distinct"": 2, ""mode_count"": 6, ""least_count"": 3, ""color8_count"": 3, ""sum_colors"": 30, ""max_color"": 8, ""min_color"": 1, ""center"": 1, ""corner_sum"": 11, ""edge_sum"": 18, ""signature_freq"": [1, 1, 2, 2, 1, 2, 1, 1, 1], ""count_pattern"": [6, 3]}]"
74,"0,4",4,"{""r"": 0, ""c"": 4, ""distinct"": 2, ""mode_count"": 8, ""least_count"": 1, ""color8_count"": 1, ""sum_colors"": 16, ""max_color"": 8, ""min_color"": 1, ""center"": 1, ""corner_sum"": 11, ""edge_sum"": 4, ""signature_freq"": [1, 1, 1, 1, 1, 1, 1, 1, 2], ""count_pattern"": [8, 1]}","{""least_count_min"": true, ""color8_count_min"": true, ""sum_colors_min"": true, ""center_min"": true, ""corner_sum_min"": true, ""edge_sum_min"": true}","[{""r"": 0, ""c"": 0, ""distinct"": 2, ""mode_count"": 6, ""least_count"": 3, ""color8_count"": 6, ""sum_colors"": 51, ""max_color"": 8, ""min_color"": 1, ""center"": 8, ""corner_sum"": 25, ""edge_sum"": 18, ""signature_freq"": [1, 1, 2, 1, 1, 2, 1, 2, 1], ""count_pattern"": [6, 3]}, {""r"": 0, ""c"": 4, ""distinct"": 2, ""mode_count"": 8, ""least_count"": 1, ""color8_count"": 1, ""sum_colors"": 16, ""max_color"": 8, ""min_color"": 1, ""center"": 1, ""corner_sum"": 11, ""edge_sum"": 4, ""signature_freq"": [1, 1, 1, 1, 1, 1, 1, 1, 2], ""count_pattern"": [8, 1]}, {""r"": 5, ""c"": 0, ""distinct"": 2, ""mode_count"": 5, ""least_count"": 4, ""color8_count"": 5, ""sum_colors"": 44, ""max_color"": 8, ""min_color"": 1, ""center"": 8, ""corner_sum"": 18, ""edge_sum"": 18, ""signature_freq"": [1, 2, 2, 1, 1, 2, 2, 1, 1], ""count_pattern"": [5, 4]}, {""r"": 6, ""c"": 5, ""distinct"": 1, ""mode_count"": 9, ""least_count"": 9, ""color8_count"": 9, ""sum_colors"": 72, ""max_color"": 8, ""min_color"": 8, ""center"": 8, ""corner_sum"": 32, ""edge_sum"": 32, ""signature_freq"": [1, 1, 1, 1, 1, 1, 1, 1, 1], ""count_pattern"": [9]}]"
75,"2,0",4,"{""r"": 2, ""c"": 0, ""distinct"": 2, ""mode_count"": 8, ""least_count"": 1, ""color8_count"": 1, ""sum_colors"": 16, ""max_color"": 8, ""min_color"": 1, ""center"": 1, ""corner_sum"": 11, ""edge_sum"": 4, ""signature_freq"": [1, 1, 2, 1, 1, 1, 1, 1, 1], ""count_pattern"": [8, 1]}","{""mode_count_max"": true, ""least_count_min"": true, ""color8_count_min"": true, ""sum_colors_min"": true, ""corner_sum_min"": true, ""edge_sum_min"": true, ""col_major_first"": true}","[{""r"": 0, ""c"": 4, ""distinct"": 2, ""mode_count"": 6, ""least_count"": 3, ""color8_count"": 6, ""sum_colors"": 51, ""max_color"": 8, ""min_color"": 1, ""center"": 1, ""corner_sum"": 32, ""edge_sum"": 18, ""signature_freq"": [1, 2, 1, 1, 2, 2, 1, 1, 1], ""count_pattern"": [6, 3]}, {""r"": 2, ""c"": 0, ""distinct"": 2, ""mode_count"": 8, ""least_count"": 1, ""color8_count"": 1, ""sum_colors"": 16, ""max_color"": 8, ""min_color"": 1, ""center"": 1, ""corner_sum"": 11, ""edge_sum"": 4, ""signature_freq"": [1, 1, 2, 1, 1, 1, 1, 1, 1], ""count_pattern"": [8, 1]}, {""r"": 4, ""c"": 5, ""distinct"": 2, ""mode_count"": 8, ""least_count"": 1, ""color8_count"": 8, ""sum_colors"": 65, ""max_color"": 8, ""min_color"": 1, ""center"": 8, ""corner_sum"": 32, ""edge_sum"": 25, ""signature_freq"": [1, 1, 1, 2, 1, 1, 1, 1, 1], ""count_pattern"": [8, 1]}, {""r"": 6, ""c"": 1, ""distinct"": 2, ""mode_count"": 5, ""least_count"": 4, ""color8_count"": 5, ""sum_colors"": 44, ""max_color"": 8, ""min_color"": 1, ""center"": 1, ""corner_sum"": 32, ""edge_sum"": 11, ""signature_freq"": [1, 1, 1, 2, 2, 2, 1, 2, 1], ""count_pattern"": [5, 4]}]"
76,"6,0",4,"{""r"": 6, ""c"": 0, ""distinct"": 2, ""mode_count"": 6, ""least_count"": 3, ""color8_count"": 3, ""sum_colors"": 30, ""max_color"": 8, ""min_color"": 1, ""center"": 8, ""corner_sum"": 11, ""edge_sum"": 11, ""signature_freq"": [1, 2, 1, 1, 2, 1, 1, 1, 2], ""count_pattern"": [6, 3]}","{""color8_count_min"": true, ""sum_colors_min"": true, ""corner_sum_min"": true, ""edge_sum_min"": true}","[{""r"": 0, ""c"": 6, ""distinct"": 1, ""mode_count"": 9, ""least_count"": 9, ""color8_count"": 9, ""sum_colors"": 72, ""max_color"": 8, ""min_color"": 8, ""center"": 8, ""corner_sum"": 32, ""edge_sum"": 32, ""signature_freq"": [1, 1, 1, 1, 1, 1, 1, 1, 1], ""count_pattern"": [9]}, {""r"": 1, ""c"": 0, ""distinct"": 2, ""mode_count"": 5, ""least_count"": 4, ""color8_count"": 4, ""sum_colors"": 37, ""max_color"": 8, ""min_color"": 1, ""center"": 1, ""corner_sum"": 18, ""edge_sum"": 18, ""signature_freq"": [2, 1, 2, 2, 1, 1, 1, 2, 1], ""count_pattern"": [5, 4]}, {""r"": 6, ""c"": 0, ""distinct"": 2, ""mode_count"": 6, ""least_count"": 3, ""color8_count"": 3, ""sum_colors"": 30, ""max_color"": 8, ""min_color"": 1, ""center"": 8, ""corner_sum"": 11, ""edge_sum"": 11, ""signature_freq"": [1, 2, 1, 1, 2, 1, 1, 1, 2], ""count_pattern"": [6, 3]}, {""r"": 6, ""c"": 6, ""distinct"": 2, ""mode_count"": 8, ""least_count"": 1, ""color8_count"": 8, ""sum_colors"": 65, ""max_color"": 8, ""min_color"": 1, ""center"": 1, ""corner_sum"": 32, ""edge_sum"": 32, ""signature_freq"": [1, 1, 1, 1, 2, 1, 1, 1, 1], ""count_pattern"": [8, 1]}]"
77,"5,6",4,"{""r"": 5, ""c"": 6, ""distinct"": 2, ""mode_count"": 6, ""least_count"": 3, ""color8_count"": 3, ""sum_colors"": 30, ""max_color"": 8, ""min_color"": 1, ""center"": 1, ""corner_sum"": 11, ""edge_sum"": 18, ""signature_freq"": [1, 2, 1, 1, 1, 2, 1, 1, 2], ""count_pattern"": [6, 3]}","{""mode_count_min"": true, ""color8_count_min"": true, ""sum_colors_min"": true, ""center_min"": true, ""corner_sum_min"": true, ""row_major_last"": true, ""col_major_last"": true}","[{""r"": 0, ""c"": 6, ""distinct"": 1, ""mode_count"": 9, ""least_count"": 9, ""color8_count"": 9, ""sum_colors"": 72, ""max_color"": 8, ""min_color"": 8, ""center"": 8, ""corner_sum"": 32, ""edge_sum"": 32, ""signature_freq"": [1, 1, 1, 1, 1, 1, 1, 1, 1], ""count_pattern"": [9]}, {""r"": 1, ""c"": 1, ""distinct"": 2, ""mode_count"": 8, ""least_count"": 1, ""color8_count"": 8, ""sum_colors"": 65, ""max_color"": 8, ""min_color"": 1, ""center"": 8, ""corner_sum"": 32, ""edge_sum"": 25, ""signature_freq"": [1, 1, 1, 2, 1, 1, 1, 1, 1], ""count_pattern"": [8, 1]}, {""r"": 5, ""c"": 1, ""distinct"": 2, ""mode_count"": 7, ""least_count"": 2, ""color8_count"": 7, ""sum_colors"": 58, ""max_color"": 8, ""min_color"": 1, ""center"": 8, ""corner_sum"": 32, ""edge_sum"": 18, ""signature_freq"": [1, 1, 1, 2, 1, 2, 1, 1, 1], ""count_pattern"": [7, 2]}, {""r"": 5, ""c"": 6, ""distinct"": 2, ""mode_count"": 6, ""least_count"": 3, ""color8_count"": 3, ""sum_colors"": 30, ""max_color"": 8, ""min_color"": 1, ""center"": 1, ""corner_sum"": 11, ""edge_sum"": 18, ""signature_freq"": [1, 2, 1, 1, 1, 2, 1, 1, 2], ""count_pattern"": [6, 3]}]"
78,"4,6",4,"{""r"": 4, ""c"": 6, ""distinct"": 2, ""mode_count"": 7, ""least_count"": 2, ""color8_count"": 2, ""sum_colors"": 23, ""max_color"": 8, ""min_color"": 1, ""center"": 1, ""corner_sum"": 11, ""edge_sum"": 11, ""signature_freq"": [1, 1, 1, 1, 1, 2, 1, 1, 2], ""count_pattern"": [7, 2]}","{""color8_count_min"": true, ""sum_colors_min"": true, ""center_min"": true, ""corner_sum_min"": true, ""edge_sum_min"": true, ""row_major_last"": true, ""col_major_last"": true}","[{""r"": 0, ""c"": 0, ""distinct"": 1, ""mode_count"": 9, ""least_count"": 9, ""color8_count"": 9, ""sum_colors"": 72, ""max_color"": 8, ""min_color"": 8, ""center"": 8, ""corner_sum"": 32, ""edge_sum"": 32, ""signature_freq"": [1, 1, 1, 1, 1, 1, 1, 1, 1], ""count_pattern"": [9]}, {""r"": 0, ""c"": 4, ""distinct"": 2, ""mode_count"": 6, ""least_count"": 3, ""color8_count"": 6, ""sum_colors"": 51, ""max_color"": 8, ""min_color"": 1, ""center"": 8, ""corner_sum"": 18, ""edge_sum"": 25, ""signature_freq"": [1, 1, 2, 2, 1, 1, 1, 1, 2], ""count_pattern"": [6, 3]}, {""r"": 4, ""c"": 1, ""distinct"": 2, ""mode_count"": 8, ""least_count"": 1, ""color8_count"": 8, ""sum_colors"": 65, ""max_color"": 8, ""min_color"": 1, ""center"": 8, ""corner_sum"": 25, ""edge_sum"": 32, ""signature_freq"": [1, 1, 1, 1, 1, 1, 2, 1, 1], ""count_pattern"": [8, 1]}, {""r"": 4, ""c"": 6, ""distinct"": 2, ""mode_count"": 7, ""least_count"": 2, ""color8_count"": 2, ""sum_colors"": 23, ""max_color"": 8, ""min_color"": 1, ""center"": 1, ""corner_sum"": 11, ""edge_sum"": 11, ""signature_freq"": [1, 1, 1, 1, 1, 2, 1, 1, 2], ""count_pattern"": [7, 2]}]"
79,"6,6",4,"{""r"": 6, ""c"": 6, ""distinct"": 2, ""mode_count"": 7, ""least_count"": 2, ""color8_count"": 2, ""sum_colors"": 23, ""max_color"": 8, ""min_color"": 1, ""center"": 1, ""corner_sum"": 4, ""edge_sum"": 18, ""signature_freq"": [1, 2, 1, 1, 1, 1, 1, 2, 1], ""count_pattern"": [7, 2]}","{""color8_count_min"": true, ""sum_colors_min"": true, ""corner_sum_min"": true, ""row_major_last"": true, ""col_major_last"": true}","[{""r"": 1, ""c"": 0, ""distinct"": 2, ""mode_count"": 6, ""least_count"": 3, ""color8_count"": 6, ""sum_colors"": 51, ""max_color"": 8, ""min_color"": 1, ""center"": 8, ""corner_sum"": 25, ""edge_sum"": 18, ""signature_freq"": [2, 1, 1, 2, 1, 1, 1, 2, 1], ""count_pattern"": [6, 3]}, {""r"": 1, ""c"": 6, ""distinct"": 2, ""mode_count"": 7, ""least_count"": 2, ""color8_count"": 7, ""sum_colors"": 58, ""max_color"": 8, ""min_color"": 1, ""center"": 8, ""corner_sum"": 25, ""edge_sum"": 25, ""signature_freq"": [2, 2, 1, 1, 1, 1, 1, 1, 1], ""count_pattern"": [7, 2]}, {""r"": 5, ""c"": 1, ""distinct"": 2, ""mode_count"": 6, ""least_count"": 3, ""color8_count"": 3, ""sum_colors"": 30, ""max_color"": 8, ""min_color"": 1, ""center"": 1, ""corner_sum"": 11, ""edge_sum"": 18, ""signature_freq"": [1, 2, 1, 1, 1, 2, 2, 1, 1], ""count_pattern"": [6, 3]}, {""r"": 6, ""c"": 6, ""distinct"": 2, ""mode_count"": 7, ""least_count"": 2, ""color8_count"": 2, ""sum_colors"": 23, ""max_color"": 8, ""min_color"": 1, ""center"": 1, ""corner_sum"": 4, ""edge_sum"": 18, ""signature_freq"": [1, 2, 1, 1, 1, 1, 1, 2, 1], ""count_pattern"": [7, 2]}]"
80,"0,5",4,"{""r"": 0, ""c"": 5, ""distinct"": 2, ""mode_count"": 7, ""least_count"": 2, ""color8_count"": 2, ""sum_colors"": 23, ""max_color"": 8, ""min_color"": 1, ""center"": 1, ""corner_sum"": 11, ""edge_sum"": 11, ""signature_freq"": [1, 1, 1, 1, 1, 1, 1, 2, 2], ""count_pattern"": [7, 2]}","{""distinct_max"": true, ""least_count_min"": true, ""color8_count_min"": true, ""sum_colors_min"": true, ""min_color_min"": true, ""center_min"": true, ""corner_sum_min"": true, ""edge_sum_min"": true}","[{""r"": 0, ""c"": 0, ""distinct"": 1, ""mode_count"": 9, ""least_count"": 9, ""color8_count"": 9, ""sum_colors"": 72, ""max_color"": 8, ""min_color"": 8, ""center"": 8, ""corner_sum"": 32, ""edge_sum"": 32, ""signature_freq"": [1, 1, 1, 1, 1, 1, 1, 1, 1], ""count_pattern"": [9]}, {""r"": 0, ""c"": 5, ""distinct"": 2, ""mode_count"": 7, ""least_count"": 2, ""color8_count"": 2, ""sum_colors"": 23, ""max_color"": 8, ""min_color"": 1, ""center"": 1, ""corner_sum"": 11, ""edge_sum"": 11, ""signature_freq"": [1, 1, 1, 1, 1, 1, 1, 2, 2], ""count_pattern"": [7, 2]}, {""r"": 4, ""c"": 6, ""distinct"": 2, ""mode_count"": 6, ""least_count"": 3, ""color8_count"": 6, ""sum_colors"": 51, ""max_color"": 8, ""min_color"": 1, ""center"": 8, ""corner_sum"": 18, ""edge_sum"": 25, ""signature_freq"": [1, 2, 2, 1, 1, 1, 2, 1, 1], ""count_pattern"": [6, 3]}, {""r"": 5, ""c"": 0, ""distinct"": 2, ""mode_count"": 5, ""least_count"": 4, ""color8_count"": 5, ""sum_colors"": 44, ""max_color"": 8, ""min_color"": 1, ""center"": 8, ""corner_sum"": 25, ""edge_sum"": 11, ""signature_freq"": [2, 2, 1, 1, 1, 2, 1, 2, 1], ""count_pattern"": [5, 4]}]"
81,"0,1",4,"{""r"": 0, ""c"": 1, ""distinct"": 2, ""mode_count"": 7, ""least_count"": 2, ""color8_count"": 2, ""sum_colors"": 23, ""max_color"": 8, ""min_color"": 1, ""center"": 8, ""corner_sum"": 4, ""edge_sum"": 11, ""signature_freq"": [1, 1, 1, 1, 2, 2, 1, 1, 1], ""count_pattern"": [7, 2]}","{""distinct_max"": true, ""least_count_min"": true, ""color8_count_min"": true, ""sum_colors_min"": true, ""max_color_min"": true, ""max_color_max"": true, ""min_color_min"": true, ""center_max"": true, ""corner_sum_min"": true, ""edge_sum_min"": true, ""row_major_first"": true, ""col_major_first"": true}","[{""r"": 0, ""c"": 1, ""distinct"": 2, ""mode_count"": 7, ""least_count"": 2, ""color8_count"": 2, ""sum_colors"": 23, ""max_color"": 8, ""min_color"": 1, ""center"": 8, ""corner_sum"": 4, ""edge_sum"": 11, ""signature_freq"": [1, 1, 1, 1, 2, 2, 1, 1, 1], ""count_pattern"": [7, 2]}, {""r"": 1, ""c"": 6, ""distinct"": 2, ""mode_count"": 7, ""least_count"": 2, ""color8_count"": 7, ""sum_colors"": 58, ""max_color"": 8, ""min_color"": 1, ""center"": 8, ""corner_sum"": 18, ""edge_sum"": 32, ""signature_freq"": [1, 1, 2, 1, 1, 1, 1, 1, 2], ""count_pattern"": [7, 2]}, {""r"": 5, ""c"": 1, ""distinct"": 2, ""mode_count"": 5, ""least_count"": 4, ""color8_count"": 4, ""sum_colors"": 37, ""max_color"": 8, ""min_color"": 1, ""center"": 1, ""corner_sum"": 18, ""edge_sum"": 18, ""signature_freq"": [1, 1, 1, 2, 1, 1, 2, 2, 2], ""count_pattern"": [5, 4]}, {""r"": 5, ""c"": 5, ""distinct"": 1, ""mode_count"": 9, ""least_count"": 9, ""color8_count"": 9, ""sum_colors"": 72, ""max_color"": 8, ""min_color"": 8, ""center"": 8, ""corner_sum"": 32, ""edge_sum"": 32, ""signature_freq"": [1, 1, 1, 1, 1, 1, 1, 1, 1], ""count_pattern"": [9]}]"
82,"0,1",4,"{""r"": 0, ""c"": 1, ""distinct"": 2, ""mode_count"": 5, ""least_count"": 4, ""color8_count"": 5, ""sum_colors"": 44, ""max_color"": 8, ""min_color"": 1, ""center"": 8, ""corner_sum"": 18, ""edge_sum"": 18, ""signature_freq"": [2, 2, 1, 2, 1, 1, 1, 1, 2], ""count_pattern"": [5, 4]}","{""distinct_min"": true, ""distinct_max"": true, ""mode_count_min"": true, ""least_count_max"": true, ""color8_count_min"": true, ""sum_colors_min"": true, ""max_color_min"": true, ""max_color_max"": true, ""min_color_min"": true, ""min_color_max"": true, ""center_min"": true, ""center_max"": true, ""corner_sum_min"": true, ""edge_sum_min"": true, ""row_major_first"": true}","[{""r"": 0, ""c"": 1, ""distinct"": 2, ""mode_count"": 5, ""least_count"": 4, ""color8_count"": 5, ""sum_colors"": 44, ""max_color"": 8, ""min_color"": 1, ""center"": 8, ""corner_sum"": 18, ""edge_sum"": 18, ""signature_freq"": [2, 2, 1, 2, 1, 1, 1, 1, 2], ""count_pattern"": [5, 4]}, {""r"": 1, ""c"": 5, ""distinct"": 2, ""mode_count"": 8, ""least_count"": 1, ""color8_count"": 8, ""sum_colors"": 65, ""max_color"": 8, ""min_color"": 1, ""center"": 8, ""corner_sum"": 25, ""edge_sum"": 32, ""signature_freq"": [1, 1, 1, 1, 1, 1, 1, 1, 2], ""count_pattern"": [8, 1]}, {""r"": 4, ""c"": 0, ""distinct"": 2, ""mode_count"": 6, ""least_count"": 3, ""color8_count"": 6, ""sum_colors"": 51, ""max_color"": 8, ""min_color"": 1, ""center"": 8, ""corner_sum"": 18, ""edge_sum"": 25, ""signature_freq"": [2, 2, 2, 1, 1, 1, 1, 1, 1], ""count_pattern"": [6, 3]}, {""r"": 5, ""c"": 6, ""distinct"": 2, ""mode_count"": 7, ""least_count"": 2, ""color8_count"": 7, ""sum_colors"": 58, ""max_color"": 8, ""min_color"": 1, ""center"": 8, ""corner_sum"": 25, ""edge_sum"": 25, ""signature_freq"": [1, 1, 1, 1, 1, 1, 2, 2, 1], ""count_pattern"": [7, 2]}]"
83,"0,4",4,"{""r"": 0, ""c"": 4, ""distinct"": 2, ""mode_count"": 7, ""least_count"": 2, ""color8_count"": 2, ""sum_colors"": 23, ""max_color"": 8, ""min_color"": 1, ""center"": 1, ""corner_sum"": 18, ""edge_sum"": 4, ""signature_freq"": [1, 1, 2, 1, 1, 1, 2, 1, 1], ""count_pattern"": [7, 2]}","{""distinct_max"": true, ""color8_count_min"": true, ""sum_colors_min"": true, ""min_color_min"": true, ""center_min"": true, ""corner_sum_min"": true, ""edge_sum_min"": true}","[{""r"": 0, ""c"": 0, ""distinct"": 1, ""mode_count"": 9, ""least_count"": 9, ""color8_count"": 9, ""sum_colors"": 72, ""max_color"": 8, ""min_color"": 8, ""center"": 8, ""corner_sum"": 32, ""edge_sum"": 32, ""signature_freq"": [1, 1, 1, 1, 1, 1, 1, 1, 1], ""count_pattern"": [9]}, {""r"": 0, ""c"": 4, ""distinct"": 2, ""mode_count"": 7, ""least_count"": 2, ""color8_count"": 2, ""sum_colors"": 23, ""max_color"": 8, ""min_color"": 1, ""center"": 1, ""corner_sum"": 18, ""edge_sum"": 4, ""signature_freq"": [1, 1, 2, 1, 1, 1, 2, 1, 1], ""count_pattern"": [7, 2]}, {""r"": 4, ""c"": 0, ""distinct"": 2, ""mode_count"": 5, ""least_count"": 4, ""color8_count"": 4, ""sum_colors"": 37, ""max_color"": 8, ""min_color"": 1, ""center"": 1, ""corner_sum"": 18, ""edge_sum"": 18, ""signature_freq"": [1, 2, 2, 1, 1, 2, 1, 1, 2], ""count_pattern"": [5, 4]}, {""r"": 6, ""c"": 6, ""distinct"": 2, ""mode_count"": 8, ""least_count"": 1, ""color8_count"": 8, ""sum_colors"": 65, ""max_color"": 8, ""min_color"": 1, ""center"": 8, ""corner_sum"": 25, ""edge_sum"": 32, ""signature_freq"": [1, 1, 1, 1, 1, 1, 2, 1, 1], ""count_pattern"": [8, 1]}]"
84,"6,0",4,"{""r"": 6, ""c"": 0, ""distinct"": 2, ""mode_count"": 7, ""least_count"": 2, ""color8_count"": 2, ""sum_colors"": 23, ""max_color"": 8, ""min_color"": 1, ""center"": 8, ""corner_sum"": 4, ""edge_sum"": 11, ""signature_freq"": [1, 2, 1, 1, 2, 1, 1, 1, 1], ""count_pattern"": [7, 2]}","{""mode_count_max"": true, ""least_count_min"": true, ""color8_count_min"": true, ""sum_colors_min"": true, ""corner_sum_min"": true, ""edge_sum_min"": true}","[{""r"": 1, ""c"": 0, ""distinct"": 2, ""mode_count"": 5, ""least_count"": 4, ""color8_count"": 4, ""sum_colors"": 37, ""max_color"": 8, ""min_color"": 1, ""center"": 8, ""corner_sum"": 11, ""edge_sum"": 18, ""signature_freq"": [2, 2, 1, 1, 2, 2, 1, 1, 1], ""count_pattern"": [5, 4]}, {""r"": 1, ""c"": 5, ""distinct"": 2, ""mode_count"": 6, ""least_count"": 3, ""color8_count"": 6, ""sum_colors"": 51, ""max_color"": 8, ""min_color"": 1, ""center"": 8, ""corner_sum"": 18, ""edge_sum"": 25, ""signature_freq"": [1, 1, 2, 2, 1, 1, 1, 1, 2], ""count_pattern"": [6, 3]}, {""r"": 6, ""c"": 0, ""distinct"": 2, ""mode_count"": 7, ""least_count"": 2, ""color8_count"": 2, ""sum_colors"": 23, ""max_color"": 8, ""min_color"": 1, ""center"": 8, ""corner_sum"": 4, ""edge_sum"": 11, ""signature_freq"": [1, 2, 1, 1, 2, 1, 1, 1, 1], ""count_pattern"": [7, 2]}, {""r"": 6, ""c"": 5, ""distinct"": 2, ""mode_count"": 7, ""least_count"": 2, ""color8_count"": 7, ""sum_colors"": 58, ""max_color"": 8, ""min_color"": 1, ""center"": 8, ""corner_sum"": 25, ""edge_sum"": 25, ""signature_freq"": [1, 1, 1, 1, 1, 2, 2, 1, 1], ""count_pattern"": [7, 2]}]"
85,"4,5",4,"{""r"": 4, ""c"": 5, ""distinct"": 2, ""mode_count"": 7, ""least_count"": 2, ""color8_count"": 2, ""sum_colors"": 23, ""max_color"": 8, ""min_color"": 1, ""center"": 8, ""corner_sum"": 11, ""edge_sum"": 4, ""signature_freq"": [1, 1, 2, 1, 2, 1, 1, 1, 1], ""count_pattern"": [7, 2]}","{""color8_count_min"": true, ""sum_colors_min"": true, ""edge_sum_min"": true, ""row_major_last"": true}","[{""r"": 0, ""c"": 1, ""distinct"": 2, ""mode_count"": 7, ""least_count"": 2, ""color8_count"": 7, ""sum_colors"": 58, ""max_color"": 8, ""min_color"": 1, ""center"": 8, ""corner_sum"": 18, ""edge_sum"": 32, ""signature_freq"": [2, 1, 1, 1, 1, 1, 2, 1, 1], ""count_pattern"": [7, 2]}, {""r"": 0, ""c"": 6, ""distinct"": 2, ""mode_count"": 6, ""least_count"": 3, ""color8_count"": 3, ""sum_colors"": 30, ""max_color"": 8, ""min_color"": 1, ""center"": 1, ""corner_sum"": 11, ""edge_sum"": 18, ""signature_freq"": [1, 1, 1, 1, 1, 2, 1, 2, 2], ""count_pattern"": [6, 3]}, {""r"": 4, ""c"": 0, ""distinct"": 2, ""mode_count"": 5, ""least_count"": 4, ""color8_count"": 4, ""sum_colors"": 37, ""max_color"": 8, ""min_color"": 1, ""center"": 8, ""corner_sum"": 18, ""edge_sum"": 11, ""signature_freq"": [1, 1, 2, 1, 2, 2, 1, 1, 2], ""count_pattern"": [5, 4]}, {""r"": 4, ""c"": 5, ""distinct"": 2, ""mode_count"": 7, ""least_count"": 2, ""color8_count"": 2, ""sum_colors"": 23, ""max_color"": 8, ""min_color"": 1, ""center"": 8, ""corner_sum"": 11, ""edge_sum"": 4, ""signature_freq"": [1, 1, 2, 1, 2, 1, 1, 1, 1], ""count_pattern"": [7, 2]}]"
86,"1,0",4,"{""r"": 1, ""c"": 0, ""distinct"": 2, ""mode_count"": 6, ""least_count"": 3, ""color8_count"": 3, ""sum_colors"": 30, ""max_color"": 8, ""min_color"": 1, ""center"": 8, ""corner_sum"": 11, ""edge_sum"": 11, ""signature_freq"": [1, 1, 1, 1, 2, 1, 1, 2, 2], ""count_pattern"": [6, 3]}","{""color8_count_min"": true, ""sum_colors_min"": true, ""center_max"": true, ""corner_sum_min"": true, ""edge_sum_min"": true, ""col_major_first"": true}","[{""r"": 0, ""c"": 5, ""distinct"": 2, ""mode_count"": 6, ""least_count"": 3, ""color8_count"": 6, ""sum_colors"": 51, ""max_color"": 8, ""min_color"": 1, ""center"": 1, ""corner_sum"": 32, ""edge_sum"": 18, ""signature_freq"": [1, 2, 1, 1, 2, 2, 1, 1, 1], ""count_pattern"": [6, 3]}, {""r"": 1, ""c"": 0, ""distinct"": 2, ""mode_count"": 6, ""least_count"": 3, ""color8_count"": 3, ""sum_colors"": 30, ""max_color"": 8, ""min_color"": 1, ""center"": 8, ""corner_sum"": 11, ""edge_sum"": 11, ""signature_freq"": [1, 1, 1, 1, 2, 1, 1, 2, 2], ""count_pattern"": [6, 3]}, {""r"": 4, ""c"": 4, ""distinct"": 1, ""mode_count"": 9, ""least_count"": 9, ""color8_count"": 9, ""sum_colors"": 72, ""max_color"": 8, ""min_color"": 8, ""center"": 8, ""corner_sum"": 32, ""edge_sum"": 32, ""signature_freq"": [1, 1, 1, 1, 1, 1, 1, 1, 1], ""count_pattern"": [9]}, {""r"": 5, ""c"": 0, ""distinct"": 2, ""mode_count"": 7, ""least_count"": 2, ""color8_count"": 7, ""sum_colors"": 58, ""max_color"": 8, ""min_color"": 1, ""center"": 8, ""corner_sum"": 25, ""edge_sum"": 25, ""signature_freq"": [1, 1, 1, 2, 1, 1, 1, 1, 2], ""count_pattern"": [7, 2]}]"
87,"0,2",4,"{""r"": 0, ""c"": 2, ""distinct"": 2, ""mode_count"": 6, ""least_count"": 3, ""color8_count"": 3, ""sum_colors"": 30, ""max_color"": 8, ""min_color"": 1, ""center"": 1, ""corner_sum"": 11, ""edge_sum"": 18, ""signature_freq"": [1, 2, 1, 1, 1, 1, 2, 2, 1], ""count_pattern"": [6, 3]}","{""distinct_max"": true, ""least_count_min"": true, ""color8_count_min"": true, ""sum_colors_min"": true, ""max_color_min"": true, ""max_color_max"": true, ""min_color_min"": true, ""center_min"": true, ""edge_sum_min"": true, ""row_major_first"": true}","[{""r"": 0, ""c"": 2, ""distinct"": 2, ""mode_count"": 6, ""least_count"": 3, ""color8_count"": 3, ""sum_colors"": 30, ""max_color"": 8, ""min_color"": 1, ""center"": 1, ""corner_sum"": 11, ""edge_sum"": 18, ""signature_freq"": [1, 2, 1, 1, 1, 1, 2, 2, 1], ""count_pattern"": [6, 3]}, {""r"": 1, ""c"": 6, ""distinct"": 1, ""mode_count"": 9, ""least_count"": 9, ""color8_count"": 9, ""sum_colors"": 72, ""max_color"": 8, ""min_color"": 8, ""center"": 8, ""corner_sum"": 32, ""edge_sum"": 32, ""signature_freq"": [1, 1, 1, 1, 1, 1, 1, 1, 1], ""count_pattern"": [9]}, {""r"": 5, ""c"": 6, ""distinct"": 2, ""mode_count"": 6, ""least_count"": 3, ""color8_count"": 6, ""sum_colors"": 51, ""max_color"": 8, ""min_color"": 1, ""center"": 1, ""corner_sum"": 25, ""edge_sum"": 25, ""signature_freq"": [1, 1, 1, 2, 2, 1, 1, 1, 2], ""count_pattern"": [6, 3]}, {""r"": 6, ""c"": 1, ""distinct"": 2, ""mode_count"": 5, ""least_count"": 4, ""color8_count"": 4, ""sum_colors"": 37, ""max_color"": 8, ""min_color"": 1, ""center"": 8, ""corner_sum"": 4, ""edge_sum"": 25, ""signature_freq"": [1, 1, 1, 2, 2, 2, 1, 2, 1], ""count_pattern"": [5, 4]}]"
88,"5,0",4,"{""r"": 5, ""c"": 0, ""distinct"": 2, ""mode_count"": 7, ""least_count"": 2, ""color8_count"": 2, ""sum_colors"": 23, ""max_color"": 8, ""min_color"": 1, ""center"": 1, ""corner_sum"": 18, ""edge_sum"": 4, ""signature_freq"": [1, 1, 1, 1, 1, 1, 2, 1, 2], ""count_pattern"": [7, 2]}","{""color8_count_min"": true, ""sum_colors_min"": true, ""edge_sum_min"": true}","[{""r"": 0, ""c"": 0, ""distinct"": 2, ""mode_count"": 5, ""least_count"": 4, ""color8_count"": 5, ""sum_colors"": 44, ""max_color"": 8, ""min_color"": 1, ""center"": 8, ""corner_sum"": 18, ""edge_sum"": 18, ""signature_freq"": [1, 1, 2, 2, 1, 1, 2, 2, 1], ""count_pattern"": [5, 4]}, {""r"": 1, ""c"": 6, ""distinct"": 2, ""mode_count"": 7, ""least_count"": 2, ""color8_count"": 7, ""sum_colors"": 58, ""max_color"": 8, ""min_color"": 1, ""center"": 1, ""corner_sum"": 25, ""edge_sum"": 32, ""signature_freq"": [1, 1, 1, 1, 2, 1, 1, 1, 2], ""count_pattern"": [7, 2]}, {""r"": 5, ""c"": 0, ""distinct"": 2, ""mode_count"": 7, ""least_count"": 2, ""color8_count"": 2, ""sum_colors"": 23, ""max_color"": 8, ""min_color"": 1, ""center"": 1, ""corner_sum"": 18, ""edge_sum"": 4, ""signature_freq"": [1, 1, 1, 1, 1, 1, 2, 1, 2], ""count_pattern"": [7, 2]}, {""r"": 6, ""c"": 5, ""distinct"": 2, ""mode_count"": 8, ""least_count"": 1, ""color8_count"": 8, ""sum_colors"": 65, ""max_color"": 8, ""min_color"": 1, ""center"": 8, ""corner_sum"": 32, ""edge_sum"": 25, ""signature_freq"": [1, 1, 1, 2, 1, 1, 1, 1, 1], ""count_pattern"": [8, 1]}]"
89,"0,0",4,"{""r"": 0, ""c"": 0, ""distinct"": 2, ""mode_count"": 8, ""least_count"": 1, ""color8_count"": 1, ""sum_colors"": 16, ""max_color"": 8, ""min_color"": 1, ""center"": 1, ""corner_sum"": 11, ""edge_sum"": 4, ""signature_freq"": [1, 1, 2, 1, 1, 1, 1, 1, 1], ""count_pattern"": [8, 1]}","{""distinct_min"": true, ""distinct_max"": true, ""mode_count_max"": true, ""least_count_min"": true, ""color8_count_min"": true, ""sum_colors_min"": true, ""max_color_min"": true, ""max_color_max"": true, ""min_color_min"": true, ""min_color_max"": true, ""center_min"": true, ""corner_sum_min"": true, ""edge_sum_min"": true, ""row_major_first"": true, ""col_major_first"": true}","[{""r"": 0, ""c"": 0, ""distinct"": 2, ""mode_count"": 8, ""least_count"": 1, ""color8_count"": 1, ""sum_colors"": 16, ""max_color"": 8, ""min_color"": 1, ""center"": 1, ""corner_sum"": 11, ""edge_sum"": 4, ""signature_freq"": [1, 1, 2, 1, 1, 1, 1, 1, 1], ""count_pattern"": [8, 1]}, {""r"": 0, ""c"": 4, ""distinct"": 2, ""mode_count"": 6, ""least_count"": 3, ""color8_count"": 3, ""sum_colors"": 30, ""max_color"": 8, ""min_color"": 1, ""center"": 1, ""corner_sum"": 18, ""edge_sum"": 11, ""signature_freq"": [1, 1, 1, 1, 1, 1, 2, 2, 2], ""count_pattern"": [6, 3]}, {""r"": 4, ""c"": 6, ""distinct"": 2, ""mode_count"": 7, ""least_count"": 2, ""color8_count"": 7, ""sum_colors"": 58, ""max_color"": 8, ""min_color"": 1, ""center"": 8, ""corner_sum"": 25, ""edge_sum"": 25, ""signature_freq"": [2, 1, 1, 1, 1, 2, 1, 1, 1], ""count_pattern"": [7, 2]}, {""r"": 6, ""c"": 1, ""distinct"": 2, ""mode_count"": 5, ""least_count"": 4, ""color8_count"": 4, ""sum_colors"": 37, ""max_color"": 8, ""min_color"": 1, ""center"": 8, ""corner_sum"": 18, ""edge_sum"": 11, ""signature_freq"": [2, 1, 1, 1, 2, 2, 2, 1, 1], ""count_pattern"": [5, 4]}]"
90,"1,0",4,"{""r"": 1, ""c"": 0, ""distinct"": 2, ""mode_count"": 7, ""least_count"": 2, ""color8_count"": 2, ""sum_colors"": 23, ""max_color"": 8, ""min_color"": 1, ""center"": 8, ""corner_sum"": 11, ""edge_sum"": 4, ""signature_freq"": [1, 1, 1, 1, 2, 1, 2, 1, 1], ""count_pattern"": [7, 2]}","{""distinct_min"": true, ""distinct_max"": true, ""color8_count_min"": true, ""sum_colors_min"": true, ""max_color_min"": true, ""max_color_max"": true, ""min_color_min"": true, ""min_color_max"": true, ""center_max"": true, ""corner_sum_min"": true, ""edge_sum_min"": true, ""row_major_first"": true, ""col_major_first"": true}","[{""r"": 1, ""c"": 0, ""distinct"": 2, ""mode_count"": 7, ""least_count"": 2, ""color8_count"": 2, ""sum_colors"": 23, ""max_color"": 8, ""min_color"": 1, ""center"": 8, ""corner_sum"": 11, ""edge_sum"": 4, ""signature_freq"": [1, 1, 1, 1, 2, 1, 2, 1, 1], ""count_pattern"": [7, 2]}, {""r"": 2, ""c"": 5, ""distinct"": 2, ""mode_count"": 6, ""least_count"": 3, ""color8_count"": 6, ""sum_colors"": 51, ""max_color"": 8, ""min_color"": 1, ""center"": 8, ""corner_sum"": 18, ""edge_sum"": 25, ""signature_freq"": [1, 2, 2, 1, 1, 1, 2, 1, 1], ""count_pattern"": [6, 3]}, {""r"": 6, ""c"": 1, ""distinct"": 2, ""mode_count"": 8, ""least_count"": 1, ""color8_count"": 8, ""sum_colors"": 65, ""max_color"": 8, ""min_color"": 1, ""center"": 8, ""corner_sum"": 32, ""edge_sum"": 25, ""signature_freq"": [1, 1, 1, 1, 1, 1, 1, 2, 1], ""count_pattern"": [8, 1]}, {""r"": 6, ""c"": 6, ""distinct"": 2, ""mode_count"": 5, ""least_count"": 4, ""color8_count"": 5, ""sum_colors"": 44, ""max_color"": 8, ""min_color"": 1, ""center"": 1, ""corner_sum"": 18, ""edge_sum"": 25, ""signature_freq"": [2, 2, 2, 1, 2, 1, 1, 1, 1], ""count_pattern"": [5, 4]}]"
91,"6,0",4,"{""r"": 6, ""c"": 0, ""distinct"": 2, ""mode_count"": 7, ""least_count"": 2, ""color8_count"": 2, ""sum_colors"": 23, ""max_color"": 8, ""min_color"": 1, ""center"": 1, ""corner_sum"": 11, ""edge_sum"": 11, ""signature_freq"": [1, 1, 2, 1, 1, 1, 1, 2, 1], ""count_pattern"": [7, 2]}","{""color8_count_min"": true, ""sum_colors_min"": true, ""corner_sum_min"": true, ""edge_sum_min"": true, ""row_major_last"": true}","[{""r"": 0, ""c"": 4, ""distinct"": 2, ""mode_count"": 5, ""least_count"": 4, ""color8_count"": 4, ""sum_colors"": 37, ""max_color"": 8, ""min_color"": 1, ""center"": 1, ""corner_sum"": 18, ""edge_sum"": 18, ""signature_freq"": [1, 2, 2, 2, 1, 1, 1, 1, 2], ""count_pattern"": [5, 4]}, {""r"": 2, ""c"": 0, ""distinct"": 2, ""mode_count"": 7, ""least_count"": 2, ""color8_count"": 7, ""sum_colors"": 58, ""max_color"": 8, ""min_color"": 1, ""center"": 8, ""corner_sum"": 32, ""edge_sum"": 18, ""signature_freq"": [1, 2, 1, 1, 1, 1, 1, 2, 1], ""count_pattern"": [7, 2]}, {""r"": 4, ""c"": 5, ""distinct"": 2, ""mode_count"": 6, ""least_count"": 3, ""color8_count"": 6, ""sum_colors"": 51, ""max_color"": 8, ""min_color"": 1, ""center"": 8, ""corner_sum"": 25, ""edge_sum"": 18, ""signature_freq"": [1, 1, 1, 2, 1, 1, 2, 2, 1], ""count_pattern"": [6, 3]}, {""r"": 6, ""c"": 0, ""distinct"": 2, ""mode_count"": 7, ""least_count"": 2, ""color8_count"": 2, ""sum_colors"": 23, ""max_color"": 8, ""min_color"": 1, ""center"": 1, ""corner_sum"": 11, ""edge_sum"": 11, ""signature_freq"": [1, 1, 2, 1, 1, 1, 1, 2, 1], ""count_pattern"": [7, 2]}]"
92,"0,2",4,"{""r"": 0, ""c"": 2, ""distinct"": 2, ""mode_count"": 7, ""least_count"": 2, ""color8_count"": 2, ""sum_colors"": 23, ""max_color"": 8, ""min_color"": 1, ""center"": 1, ""corner_sum"": 11, ""edge_sum"": 11, ""signature_freq"": [1, 1, 2, 1, 1, 2, 1, 1, 1], ""count_pattern"": [7, 2]}","{""distinct_min"": true, ""distinct_max"": true, ""color8_count_min"": true, ""sum_colors_min"": true, ""max_color_min"": true, ""max_color_max"": true, ""min_color_min"": true, ""min_color_max"": true, ""center_min"": true, ""corner_sum_min"": true, ""edge_sum_min"": true, ""row_major_first"": true}","[{""r"": 0, ""c"": 2, ""distinct"": 2, ""mode_count"": 7, ""least_count"": 2, ""color8_count"": 2, ""sum_colors"": 23, ""max_color"": 8, ""min_color"": 1, ""center"": 1, ""corner_sum"": 11, ""edge_sum"": 11, ""signature_freq"": [1, 1, 2, 1, 1, 2, 1, 1, 1], ""count_pattern"": [7, 2]}, {""r"": 1, ""c"": 6, ""distinct"": 2, ""mode_count"": 8, ""least_count"": 1, ""color8_count"": 8, ""sum_colors"": 65, ""max_color"": 8, ""min_color"": 1, ""center"": 8, ""corner_sum"": 25, ""edge_sum"": 32, ""signature_freq"": [2, 1, 1, 1, 1, 1, 1, 1, 1], ""count_pattern"": [8, 1]}, {""r"": 5, ""c"": 1, ""distinct"": 2, ""mode_count"": 6, ""least_count"": 3, ""color8_count"": 3, ""sum_colors"": 30, ""max_color"": 8, ""min_color"": 1, ""center"": 8, ""corner_sum"": 11, ""edge_sum"": 11, ""signature_freq"": [1, 1, 1, 2, 2, 1, 1, 1, 2], ""count_pattern"": [6, 3]}, {""r"": 6, ""c"": 6, ""distinct"": 2, ""mode_count"": 7, ""least_count"": 2, ""color8_count"": 7, ""sum_colors"": 58, ""max_color"": 8, ""min_color"": 1, ""center"": 8, ""corner_sum"": 32, ""edge_sum"": 18, ""signature_freq"": [1, 2, 1, 1, 1, 1, 1, 2, 1], ""count_pattern"": [7, 2]}]"
93,"6,0",4,"{""r"": 6, ""c"": 0, ""distinct"": 2, ""mode_count"": 5, ""least_count"": 4, ""color8_count"": 4, ""sum_colors"": 37, ""max_color"": 8, ""min_color"": 1, ""center"": 8, ""corner_sum"": 18, ""edge_sum"": 11, ""signature_freq"": [1, 1, 2, 1, 2, 1, 2, 2, 1], ""count_pattern"": [5, 4]}","{""color8_count_min"": true, ""sum_colors_min"": true, ""row_major_last"": true}","[{""r"": 0, ""c"": 4, ""distinct"": 2, ""mode_count"": 7, ""least_count"": 2, ""color8_count"": 7, ""sum_colors"": 58, ""max_color"": 8, ""min_color"": 1, ""center"": 8, ""corner_sum"": 18, ""edge_sum"": 32, ""signature_freq"": [1, 1, 2, 1, 1, 1, 1, 1, 2], ""count_pattern"": [7, 2]}, {""r"": 2, ""c"": 0, ""distinct"": 2, ""mode_count"": 5, ""least_count"": 4, ""color8_count"": 5, ""sum_colors"": 44, ""max_color"": 8, ""min_color"": 1, ""center"": 8, ""corner_sum"": 25, ""edge_sum"": 11, ""signature_freq"": [1, 2, 2, 1, 1, 2, 1, 2, 1], ""count_pattern"": [5, 4]}, {""r"": 4, ""c"": 5, ""distinct"": 1, ""mode_count"": 9, ""least_count"": 9, ""color8_count"": 9, ""sum_colors"": 72, ""max_color"": 8, ""min_color"": 8, ""center"": 8, ""corner_sum"": 32, ""edge_sum"": 32, ""signature_freq"": [1, 1, 1, 1, 1, 1, 1, 1, 1], ""count_pattern"": [9]}, {""r"": 6, ""c"": 0, ""distinct"": 2, ""mode_count"": 5, ""least_count"": 4, ""color8_count"": 4, ""sum_colors"": 37, ""max_color"": 8, ""min_color"": 1, ""center"": 8, ""corner_sum"": 18, ""edge_sum"": 11, ""signature_freq"": [1, 1, 2, 1, 2, 1, 2, 2, 1], ""count_pattern"": [5, 4]}]"
94,"0,2",4,"{""r"": 0, ""c"": 2, ""distinct"": 2, ""mode_count"": 8, ""least_count"": 1, ""color8_count"": 1, ""sum_colors"": 16, ""max_color"": 8, ""min_color"": 1, ""center"": 1, ""corner_sum"": 4, ""edge_sum"": 11, ""signature_freq"": [1, 1, 1, 1, 1, 1, 1, 2, 1], ""count_pattern"": [8, 1]}","{""distinct_min"": true, ""distinct_max"": true, ""mode_count_max"": true, ""least_count_min"": true, ""color8_count_min"": true, ""sum_colors_min"": true, ""max_color_min"": true, ""max_color_max"": true, ""min_color_min"": true, ""min_color_max"": true, ""center_min"": true, ""corner_sum_min"": true, ""edge_sum_min"": true, ""row_major_first"": true}","[{""r"": 0, ""c"": 2, ""distinct"": 2, ""mode_count"": 8, ""least_count"": 1, ""color8_count"": 1, ""sum_colors"": 16, ""max_color"": 8, ""min_color"": 1, ""center"": 1, ""corner_sum"": 4, ""edge_sum"": 11, ""signature_freq"": [1, 1, 1, 1, 1, 1, 1, 2, 1], ""count_pattern"": [8, 1]}, {""r"": 1, ""c"": 6, ""distinct"": 2, ""mode_count"": 5, ""least_count"": 4, ""color8_count"": 4, ""sum_colors"": 37, ""max_color"": 8, ""min_color"": 1, ""center"": 1, ""corner_sum"": 18, ""edge_sum"": 18, ""signature_freq"": [1, 1, 1, 1, 1, 2, 2, 2, 2], ""count_pattern"": [5, 4]}, {""r"": 4, ""c"": 0, ""distinct"": 2, ""mode_count"": 6, ""least_count"": 3, ""color8_count"": 6, ""sum_colors"": 51, ""max_color"": 8, ""min_color"": 1, ""center"": 8, ""corner_sum"": 25, ""edge_sum"": 18, ""signature_freq"": [1, 1, 2, 2, 1, 1, 1, 2, 1], ""count_pattern"": [6, 3]}, {""r"": 5, ""c"": 5, ""distinct"": 2, ""mode_count"": 7, ""least_count"": 2, ""color8_count"": 2, ""sum_colors"": 23, ""max_color"": 8, ""min_color"": 1, ""center"": 1, ""corner_sum"": 11, ""edge_sum"": 11, ""signature_freq"": [1, 1, 2, 2, 1, 1, 1, 1, 1], ""count_pattern"": [7, 2]}]"
95,"0,5",4,"{""r"": 0, ""c"": 5, ""distinct"": 2, ""mode_count"": 8, ""least_count"": 1, ""color8_count"": 1, ""sum_colors"": 16, ""max_color"": 8, ""min_color"": 1, ""center"": 1, ""corner_sum"": 4, ""edge_sum"": 11, ""signature_freq"": [1, 1, 1, 1, 1, 1, 1, 2, 1], ""count_pattern"": [8, 1]}","{""mode_count_max"": true, ""least_count_min"": true, ""color8_count_min"": true, ""sum_colors_min"": true, ""corner_sum_min"": true, ""edge_sum_min"": true}","[{""r"": 0, ""c"": 0, ""distinct"": 2, ""mode_count"": 5, ""least_count"": 4, ""color8_count"": 4, ""sum_colors"": 37, ""max_color"": 8, ""min_color"": 1, ""center"": 1, ""corner_sum"": 11, ""edge_sum"": 25, ""signature_freq"": [1, 1, 1, 2, 1, 2, 2, 2, 1], ""count_pattern"": [5, 4]}, {""r"": 0, ""c"": 5, ""distinct"": 2, ""mode_count"": 8, ""least_count"": 1, ""color8_count"": 1, ""sum_colors"": 16, ""max_color"": 8, ""min_color"": 1, ""center"": 1, ""corner_sum"": 4, ""edge_sum"": 11, ""signature_freq"": [1, 1, 1, 1, 1, 1, 1, 2, 1], ""count_pattern"": [8, 1]}, {""r"": 4, ""c"": 6, ""distinct"": 2, ""mode_count"": 8, ""least_count"": 1, ""color8_count"": 8, ""sum_colors"": 65, ""max_color"": 8, ""min_color"": 1, ""center"": 8, ""corner_sum"": 32, ""edge_sum"": 25, ""signature_freq"": [1, 1, 1, 2, 1, 1, 1, 1, 1], ""count_pattern"": [8, 1]}, {""r"": 6, ""c"": 2, ""distinct"": 2, ""mode_count"": 6, ""least_count"": 3, ""color8_count"": 6, ""sum_colors"": 51, ""max_color"": 8, ""min_color"": 1, ""center"": 8, ""corner_sum"": 25, ""edge_sum"": 18, ""signature_freq"": [1, 2, 1, 1, 1, 2, 1, 1, 2], ""count_pattern"": [6, 3]}]"
96,"5,1",4,"{""r"": 5, ""c"": 1, ""distinct"": 2, ""mode_count"": 8, ""least_count"": 1, ""color8_count"": 1, ""sum_colors"": 16, ""max_color"": 8, ""min_color"": 1, ""center"": 1, ""corner_sum"": 4, ""edge_sum"": 11, ""signature_freq"": [1, 1, 1, 2, 1, 1, 1, 1, 1], ""count_pattern"": [8, 1]}","{""color8_count_min"": true, ""sum_colors_min"": true, ""edge_sum_min"": true}","[{""r"": 1, ""c"": 1, ""distinct"": 2, ""mode_count"": 7, ""least_count"": 2, ""color8_count"": 2, ""sum_colors"": 23, ""max_color"": 8, ""min_color"": 1, ""center"": 1, ""corner_sum"": 4, ""edge_sum"": 18, ""signature_freq"": [1, 2, 1, 2, 1, 1, 1, 1, 1], ""count_pattern"": [7, 2]}, {""r"": 1, ""c"": 5, ""distinct"": 2, ""mode_count"": 8, ""least_count"": 1, ""color8_count"": 8, ""sum_colors"": 65, ""max_color"": 8, ""min_color"": 1, ""center"": 8, ""corner_sum"": 25, ""edge_sum"": 32, ""signature_freq"": [1, 1, 1, 1, 1, 1, 2, 1, 1], ""count_pattern"": [8, 1]}, {""r"": 5, ""c"": 1, ""distinct"": 2, ""mode_count"": 8, ""least_count"": 1, ""color8_count"": 1, ""sum_colors"": 16, ""max_color"": 8, ""min_color"": 1, ""center"": 1, ""corner_sum"": 4, ""edge_sum"": 11, ""signature_freq"": [1, 1, 1, 2, 1, 1, 1, 1, 1], ""count_pattern"": [8, 1]}, {""r"": 6, ""c"": 5, ""distinct"": 2, ""mode_count"": 7, ""least_count"": 2, ""color8_count"": 7, ""sum_colors"": 58, ""max_color"": 8, ""min_color"": 1, ""center"": 8, ""corner_sum"": 25, ""edge_sum"": 25, ""signature_freq"": [1, 1, 2, 1, 1, 1, 1, 2, 1], ""count_pattern"": [7, 2]}]"
97,"6,2",4,"{""r"": 6, ""c"": 2, ""distinct"": 2, ""mode_count"": 8, ""least_count"": 1, ""color8_count"": 1, ""sum_colors"": 16, ""max_color"": 8, ""min_color"": 1, ""center"": 8, ""corner_sum"": 4, ""edge_sum"": 4, ""signature_freq"": [1, 1, 1, 1, 2, 1, 1, 1, 1], ""count_pattern"": [8, 1]}","{""color8_count_min"": true, ""sum_colors_min"": true, ""edge_sum_min"": true}","[{""r"": 1, ""c"": 1, ""distinct"": 2, ""mode_count"": 8, ""least_count"": 1, ""color8_count"": 8, ""sum_colors"": 65, ""max_color"": 8, ""min_color"": 1, ""center"": 8, ""corner_sum"": 32, ""edge_sum"": 25, ""signature_freq"": [1, 1, 1, 1, 1, 2, 1, 1, 1], ""count_pattern"": [8, 1]}, {""r"": 1, ""c"": 6, ""distinct"": 2, ""mode_count"": 7, ""least_count"": 2, ""color8_count"": 2, ""sum_colors"": 23, ""max_color"": 8, ""min_color"": 1, ""center"": 1, ""corner_sum"": 4, ""edge_sum"": 18, ""signature_freq"": [1, 2, 1, 1, 1, 1, 1, 2, 1], ""count_pattern"": [7, 2]}, {""r"": 6, ""c"": 2, ""distinct"": 2, ""mode_count"": 8, ""least_count"": 1, ""color8_count"": 1, ""sum_colors"": 16, ""max_color"": 8, ""min_color"": 1, ""center"": 8, ""corner_sum"": 4, ""edge_sum"": 4, ""signature_freq"": [1, 1, 1, 1, 2, 1, 1, 1, 1], ""count_pattern"": [8, 1]}, {""r"": 6, ""c"": 6, ""distinct"": 2, ""mode_count"": 6, ""least_count"": 3, ""color8_count"": 6, ""sum_colors"": 51, ""max_color"": 8, ""min_color"": 1, ""center"": 8, ""corner_sum"": 18, ""edge_sum"": 25, ""signature_freq"": [1, 2, 2, 1, 1, 1, 2, 1, 1], ""count_pattern"": [6, 3]}]"
98,"1,5",4,"{""r"": 1, ""c"": 5, ""distinct"": 2, ""mode_count"": 8, ""least_count"": 1, ""color8_count"": 1, ""sum_colors"": 16, ""max_color"": 8, ""min_color"": 1, ""center"": 1, ""corner_sum"": 11, ""edge_sum"": 4, ""signature_freq"": [1, 1, 1, 1, 1, 1, 2, 1, 1], ""count_pattern"": [8, 1]}","{""distinct_min"": true, ""distinct_max"": true, ""mode_count_max"": true, ""least_count_min"": true, ""color8_count_min"": true, ""sum_colors_min"": true, ""max_color_min"": true, ""max_color_max"": true, ""min_color_min"": true, ""min_color_max"": true, ""center_min"": true, ""corner_sum_min"": true, ""edge_sum_min"": true, ""row_major_first"": true}","[{""r"": 1, ""c"": 5, ""distinct"": 2, ""mode_count"": 8, ""least_count"": 1, ""color8_count"": 1, ""sum_colors"": 16, ""max_color"": 8, ""min_color"": 1, ""center"": 1, ""corner_sum"": 11, ""edge_sum"": 4, ""signature_freq"": [1, 1, 1, 1, 1, 1, 2, 1, 1], ""count_pattern"": [8, 1]}, {""r"": 2, ""c"": 1, ""distinct"": 2, ""mode_count"": 8, ""least_count"": 1, ""color8_count"": 8, ""sum_colors"": 65, ""max_color"": 8, ""min_color"": 1, ""center"": 8, ""corner_sum"": 25, ""edge_sum"": 32, ""signature_freq"": [2, 1, 1, 1, 1, 1, 1, 1, 1], ""count_pattern"": [8, 1]}, {""r"": 5, ""c"": 5, ""distinct"": 2, ""mode_count"": 5, ""least_count"": 4, ""color8_count"": 4, ""sum_colors"": 37, ""max_color"": 8, ""min_color"": 1, ""center"": 8, ""corner_sum"": 18, ""edge_sum"": 11, ""signature_freq"": [1, 1, 2, 2, 2, 1, 2, 1, 1], ""count_pattern"": [5, 4]}, {""r"": 6, ""c"": 1, ""distinct"": 2, ""mode_count"": 6, ""least_count"": 3, ""color8_count"": 3, ""sum_colors"": 30, ""max_color"": 8, ""min_color"": 1, ""center"": 1, ""corner_sum"": 18, ""edge_sum"": 11, ""signature_freq"": [1, 2, 1, 1, 1, 1, 2, 1, 2], ""count_pattern"": [6, 3]}]"
99,"6,4",4,"{""r"": 6, ""c"": 4, ""distinct"": 2, ""mode_count"": 7, ""least_count"": 2, ""color8_count"": 2, ""sum_colors"": 23, ""max_color"": 8, ""min_color"": 1, ""center"": 1, ""corner_sum"": 11, ""edge_sum"": 11, ""signature_freq"": [1, 2, 1, 1, 1, 1, 2, 1, 1], ""count_pattern"": [7, 2]}","{""color8_count_min"": true, ""sum_colors_min"": true, ""edge_sum_min"": true, ""row_major_last"": true}","[{""r"": 0, ""c"": 0, ""distinct"": 2, ""mode_count"": 5, ""least_count"": 4, ""color8_count"": 5, ""sum_colors"": 44, ""max_color"": 8, ""min_color"": 1, ""center"": 8, ""corner_sum"": 18, ""edge_sum"": 18, ""signature_freq"": [2, 1, 1, 2, 1, 1, 1, 2, 2], ""count_pattern"": [5, 4]}, {""r"": 1, ""c"": 5, ""distinct"": 2, ""mode_count"": 5, ""least_count"": 4, ""color8_count"": 4, ""sum_colors"": 37, ""max_color"": 8, ""min_color"": 1, ""center"": 1, ""corner_sum"": 11, ""edge_sum"": 25, ""signature_freq"": [2, 2, 1, 2, 1, 2, 1, 1, 1], ""count_pattern"": [5, 4]}, {""r"": 6, ""c"": 0, ""distinct"": 2, ""mode_count"": 7, ""least_count"": 2, ""color8_count"": 7, ""sum_colors"": 58, ""max_color"": 8, ""min_color"": 1, ""center"": 8, ""corner_sum"": 25, ""edge_sum"": 25, ""signature_freq"": [2, 1, 1, 1, 1, 1, 1, 2, 1], ""count_pattern"": [7, 2]}, {""r"": 6, ""c"": 4, ""distinct"": 2, ""mode_count"": 7, ""least_count"": 2, ""color8_count"": 2, ""sum_colors"": 23, ""max_color"": 8, ""min_color"": 1, ""center"": 1, ""corner_sum"": 11, ""edge_sum"": 11, ""signature_freq"": [1, 2, 1, 1, 1, 1, 2, 1, 1], ""count_pattern"": [7, 2]}]"
100,"0,2",4,"{""r"": 0, ""c"": 2, ""distinct"": 2, ""mode_count"": 7, ""least_count"": 2, ""color8_count"": 2, ""sum_colors"": 23, ""max_color"": 8, ""min_color"": 1, ""center"": 1, ""corner_sum"": 11, ""edge_sum"": 11, ""signature_freq"": [2, 2, 1, 1, 1, 1, 1, 1, 1], ""count_pattern"": [7, 2]}","{""distinct_max"": true, ""least_count_min"": true, ""color8_count_min"": true, ""sum_colors_min"": true, ""max_color_min"": true, ""max_color_max"": true, ""min_color_min"": true, ""center_min"": true, ""corner_sum_min"": true, ""edge_sum_min"": true, ""row_major_first"": true}","[{""r"": 0, ""c"": 2, ""distinct"": 2, ""mode_count"": 7, ""least_count"": 2, ""color8_count"": 2, ""sum_colors"": 23, ""max_color"": 8, ""min_color"": 1, ""center"": 1, ""corner_sum"": 11, ""edge_sum"": 11, ""signature_freq"": [2, 2, 1, 1, 1, 1, 1, 1, 1], ""count_pattern"": [7, 2]}, {""r"": 1, ""c"": 6, ""distinct"": 1, ""mode_count"": 9, ""least_count"": 9, ""color8_count"": 9, ""sum_colors"": 72, ""max_color"": 8, ""min_color"": 8, ""center"": 8, ""corner_sum"": 32, ""edge_sum"": 32, ""signature_freq"": [1, 1, 1, 1, 1, 1, 1, 1, 1], ""count_pattern"": [9]}, {""r"": 5, ""c"": 5, ""distinct"": 2, ""mode_count"": 5, ""least_count"": 4, ""color8_count"": 4, ""sum_colors"": 37, ""max_color"": 8, ""min_color"": 1, ""center"": 1, ""corner_sum"": 11, ""edge_sum"": 25, ""signature_freq"": [2, 2, 1, 2, 1, 1, 1, 2, 1], ""count_pattern"": [5, 4]}, {""r"": 6, ""c"": 0, ""distinct"": 2, ""mode_count"": 6, ""least_count"": 3, ""color8_count"": 6, ""sum_colors"": 51, ""max_color"": 8, ""min_color"": 1, ""center"": 8, ""corner_sum"": 18, ""edge_sum"": 25, ""signature_freq"": [1, 1, 2, 2, 1, 1, 2, 1, 1], ""count_pattern"": [6, 3]}]"
101,"5,0",4,"{""r"": 5, ""c"": 0, ""distinct"": 2, ""mode_count"": 8, ""least_count"": 1, ""color8_count"": 1, ""sum_colors"": 16, ""max_color"": 8, ""min_color"": 1, ""center"": 1, ""corner_sum"": 11, ""edge_sum"": 4, ""signature_freq"": [1, 1, 1, 1, 1, 1, 2, 1, 1], ""count_pattern"": [8, 1]}","{""least_count_min"": true, ""color8_count_min"": true, ""sum_colors_min"": true, ""corner_sum_min"": true, ""edge_sum_min"": true}","[{""r"": 1, ""c"": 0, ""distinct"": 2, ""mode_count"": 6, ""least_count"": 3, ""color8_count"": 3, ""sum_colors"": 30, ""max_color"": 8, ""min_color"": 1, ""center"": 1, ""corner_sum"": 18, ""edge_sum"": 11, ""signature_freq"": [1, 2, 2, 1, 1, 1, 2, 1, 1], ""count_pattern"": [6, 3]}, {""r"": 1, ""c"": 4, ""distinct"": 2, ""mode_count"": 7, ""least_count"": 2, ""color8_count"": 7, ""sum_colors"": 58, ""max_color"": 8, ""min_color"": 1, ""center"": 8, ""corner_sum"": 18, ""edge_sum"": 32, ""signature_freq"": [2, 1, 1, 1, 1, 1, 2, 1, 1], ""count_pattern"": [7, 2]}, {""r"": 5, ""c"": 0, ""distinct"": 2, ""mode_count"": 8, ""least_count"": 1, ""color8_count"": 1, ""sum_colors"": 16, ""max_color"": 8, ""min_color"": 1, ""center"": 1, ""corner_sum"": 11, ""edge_sum"": 4, ""signature_freq"": [1, 1, 1, 1, 1, 1, 2, 1, 1], ""count_pattern"": [8, 1]}, {""r"": 6, ""c"": 5, ""distinct"": 1, ""mode_count"": 9, ""least_count"": 9, ""color8_count"": 9, ""sum_colors"": 72, ""max_color"": 8, ""min_color"": 8, ""center"": 8, ""corner_sum"": 32, ""edge_sum"": 32, ""signature_freq"": [1, 1, 1, 1, 1, 1, 1, 1, 1], ""count_pattern"": [9]}]"
102,"5,0",4,"{""r"": 5, ""c"": 0, ""distinct"": 2, ""mode_count"": 8, ""least_count"": 1, ""color8_count"": 1, ""sum_colors"": 16, ""max_color"": 8, ""min_color"": 1, ""center"": 1, ""corner_sum"": 11, ""edge_sum"": 4, ""signature_freq"": [1, 1, 2, 1, 1, 1, 1, 1, 1], ""count_pattern"": [8, 1]}","{""mode_count_max"": true, ""least_count_min"": true, ""color8_count_min"": true, ""sum_colors_min"": true}","[{""r"": 0, ""c"": 0, ""distinct"": 2, ""mode_count"": 7, ""least_count"": 2, ""color8_count"": 2, ""sum_colors"": 23, ""max_color"": 8, ""min_color"": 1, ""center"": 1, ""corner_sum"": 18, ""edge_sum"": 4, ""signature_freq"": [2, 1, 2, 1, 1, 1, 1, 1, 1], ""count_pattern"": [7, 2]}, {""r"": 0, ""c"": 5, ""distinct"": 2, ""mode_count"": 6, ""least_count"": 3, ""color8_count"": 3, ""sum_colors"": 30, ""max_color"": 8, ""min_color"": 1, ""center"": 1, ""corner_sum"": 11, ""edge_sum"": 18, ""signature_freq"": [1, 2, 2, 2, 1, 1, 1, 1, 1], ""count_pattern"": [6, 3]}, {""r"": 5, ""c"": 0, ""distinct"": 2, ""mode_count"": 8, ""least_count"": 1, ""color8_count"": 1, ""sum_colors"": 16, ""max_color"": 8, ""min_color"": 1, ""center"": 1, ""corner_sum"": 11, ""edge_sum"": 4, ""signature_freq"": [1, 1, 2, 1, 1, 1, 1, 1, 1], ""count_pattern"": [8, 1]}, {""r"": 5, ""c"": 4, ""distinct"": 2, ""mode_count"": 8, ""least_count"": 1, ""color8_count"": 8, ""sum_colors"": 65, ""max_color"": 8, ""min_color"": 1, ""center"": 8, ""corner_sum"": 32, ""edge_sum"": 25, ""signature_freq"": [1, 2, 1, 1, 1, 1, 1, 1, 1], ""count_pattern"": [8, 1]}]"
103,"6,0",4,"{""r"": 6, ""c"": 0, ""distinct"": 2, ""mode_count"": 6, ""least_count"": 3, ""color8_count"": 3, ""sum_colors"": 30, ""max_color"": 8, ""min_color"": 1, ""center"": 8, ""corner_sum"": 18, ""edge_sum"": 4, ""signature_freq"": [1, 1, 1, 1, 2, 1, 2, 1, 2], ""count_pattern"": [6, 3]}","{""color8_count_min"": true, ""sum_colors_min"": true, ""corner_sum_min"": true, ""edge_sum_min"": true, ""col_major_first"": true}","[{""r"": 1, ""c"": 6, ""distinct"": 1, ""mode_count"": 9, ""least_count"": 9, ""color8_count"": 9, ""sum_colors"": 72, ""max_color"": 8, ""min_color"": 8, ""center"": 8, ""corner_sum"": 32, ""edge_sum"": 32, ""signature_freq"": [1, 1, 1, 1, 1, 1, 1, 1, 1], ""count_pattern"": [9]}, {""r"": 2, ""c"": 1, ""distinct"": 2, ""mode_count"": 6, ""least_count"": 3, ""color8_count"": 6, ""sum_colors"": 51, ""max_color"": 8, ""min_color"": 1, ""center"": 1, ""corner_sum"": 25, ""edge_sum"": 25, ""signature_freq"": [2, 1, 1, 1, 2, 1, 1, 2, 1], ""count_pattern"": [6, 3]}, {""r"": 6, ""c"": 0, ""distinct"": 2, ""mode_count"": 6, ""least_count"": 3, ""color8_count"": 3, ""sum_colors"": 30, ""max_color"": 8, ""min_color"": 1, ""center"": 8, ""corner_sum"": 18, ""edge_sum"": 4, ""signature_freq"": [1, 1, 1, 1, 2, 1, 2, 1, 2], ""count_pattern"": [6, 3]}, {""r"": 6, ""c"": 5, ""distinct"": 2, ""mode_count"": 8, ""least_count"": 1, ""color8_count"": 8, ""sum_colors"": 65, ""max_color"": 8, ""min_color"": 1, ""center"": 8, ""corner_sum"": 25, ""edge_sum"": 32, ""signature_freq"": [1, 1, 1, 1, 1, 1, 1, 1, 2], ""count_pattern"": [8, 1]}]"
104,"6,1",4,"{""r"": 6, ""c"": 1, ""distinct"": 2, ""mode_count"": 8, ""least_count"": 1, ""color8_count"": 1, ""sum_colors"": 16, ""max_color"": 8, ""min_color"": 1, ""center"": 1, ""corner_sum"": 4, ""edge_sum"": 11, ""signature_freq"": [1, 1, 1, 1, 1, 2, 1, 1, 1], ""count_pattern"": [8, 1]}","{""least_count_min"": true, ""color8_count_min"": true, ""sum_colors_min"": true, ""center_min"": true, ""edge_sum_min"": true}","[{""r"": 1, ""c"": 1, ""distinct"": 1, ""mode_count"": 9, ""least_count"": 9, ""color8_count"": 9, ""sum_colors"": 72, ""max_color"": 8, ""min_color"": 8, ""center"": 8, ""corner_sum"": 32, ""edge_sum"": 32, ""signature_freq"": [1, 1, 1, 1, 1, 1, 1, 1, 1], ""count_pattern"": [9]}, {""r"": 1, ""c"": 5, ""distinct"": 2, ""mode_count"": 6, ""least_count"": 3, ""color8_count"": 3, ""sum_colors"": 30, ""max_color"": 8, ""min_color"": 1, ""center"": 8, ""corner_sum"": 4, ""edge_sum"": 18, ""signature_freq"": [1, 2, 1, 1, 2, 1, 1, 2, 1], ""count_pattern"": [6, 3]}, {""r"": 6, ""c"": 1, ""distinct"": 2, ""mode_count"": 8, ""least_count"": 1, ""color8_count"": 1, ""sum_colors"": 16, ""max_color"": 8, ""min_color"": 1, ""center"": 1, ""corner_sum"": 4, ""edge_sum"": 11, ""signature_freq"": [1, 1, 1, 1, 1, 2, 1, 1, 1], ""count_pattern"": [8, 1]}, {""r"": 6, ""c"": 5, ""distinct"": 2, ""mode_count"": 8, ""least_count"": 1, ""color8_count"": 8, ""sum_colors"": 65, ""max_color"": 8, ""min_color"": 1, ""center"": 8, ""corner_sum"": 32, ""edge_sum"": 25, ""signature_freq"": [1, 1, 1, 1, 1, 2, 1, 1, 1], ""count_pattern"": [8, 1]}]"
105,"6,6",4,"{""r"": 6, ""c"": 6, ""distinct"": 2, ""mode_count"": 5, ""least_count"": 4, ""color8_count"": 4, ""sum_colors"": 37, ""max_color"": 8, ""min_color"": 1, ""center"": 8, ""corner_sum"": 18, ""edge_sum"": 11, ""signature_freq"": [2, 1, 1, 1, 2, 1, 1, 2, 2], ""count_pattern"": [5, 4]}","{""mode_count_min"": true, ""color8_count_min"": true, ""sum_colors_min"": true, ""edge_sum_min"": true, ""row_major_last"": true, ""col_major_last"": true}","[{""r"": 0, ""c"": 0, ""distinct"": 2, ""mode_count"": 6, ""least_count"": 3, ""color8_count"": 6, ""sum_colors"": 51, ""max_color"": 8, ""min_color"": 1, ""center"": 8, ""corner_sum"": 18, ""edge_sum"": 25, ""signature_freq"": [2, 1, 2, 1, 1, 2, 1, 1, 1], ""count_pattern"": [6, 3]}, {""r"": 2, ""c"": 5, ""distinct"": 1, ""mode_count"": 9, ""least_count"": 9, ""color8_count"": 9, ""sum_colors"": 72, ""max_color"": 8, ""min_color"": 8, ""center"": 8, ""corner_sum"": 32, ""edge_sum"": 32, ""signature_freq"": [1, 1, 1, 1, 1, 1, 1, 1, 1], ""count_pattern"": [9]}, {""r"": 5, ""c"": 2, ""distinct"": 2, ""mode_count"": 8, ""least_count"": 1, ""color8_count"": 8, ""sum_colors"": 65, ""max_color"": 8, ""min_color"": 1, ""center"": 8, ""corner_sum"": 32, ""edge_sum"": 25, ""signature_freq"": [1, 1, 1, 2, 1, 1, 1, 1, 1], ""count_pattern"": [8, 1]}, {""r"": 6, ""c"": 6, ""distinct"": 2, ""mode_count"": 5, ""least_count"": 4, ""color8_count"": 4, ""sum_colors"": 37, ""max_color"": 8, ""min_color"": 1, ""center"": 8, ""corner_sum"": 18, ""edge_sum"": 11, ""signature_freq"": [2, 1, 1, 1, 2, 1, 1, 2, 2], ""count_pattern"": [5, 4]}]"
106,"6,6",4,"{""r"": 6, ""c"": 6, ""distinct"": 2, ""mode_count"": 5, ""least_count"": 4, ""color8_count"": 4, ""sum_colors"": 37, ""max_color"": 8, ""min_color"": 1, ""center"": 1, ""corner_sum"": 18, ""edge_sum"": 18, ""signature_freq"": [2, 1, 2, 2, 1, 1, 1, 2, 1], ""count_pattern"": [5, 4]}","{""color8_count_min"": true, ""sum_colors_min"": true, ""edge_sum_min"": true, ""row_major_last"": true, ""col_major_last"": true}","[{""r"": 1, ""c"": 6, ""distinct"": 2, ""mode_count"": 6, ""least_count"": 3, ""color8_count"": 6, ""sum_colors"": 51, ""max_color"": 8, ""min_color"": 1, ""center"": 8, ""corner_sum"": 18, ""edge_sum"": 25, ""signature_freq"": [1, 2, 2, 1, 1, 1, 2, 1, 1], ""count_pattern"": [6, 3]}, {""r"": 2, ""c"": 1, ""distinct"": 2, ""mode_count"": 5, ""least_count"": 4, ""color8_count"": 5, ""sum_colors"": 44, ""max_color"": 8, ""min_color"": 1, ""center"": 1, ""corner_sum"": 18, ""edge_sum"": 25, ""signature_freq"": [1, 1, 2, 1, 2, 1, 2, 2, 1], ""count_pattern"": [5, 4]}, {""r"": 6, ""c"": 1, ""distinct"": 2, ""mode_count"": 8, ""least_count"": 1, ""color8_count"": 8, ""sum_colors"": 65, ""max_color"": 8, ""min_color"": 1, ""center"": 1, ""corner_sum"": 32, ""edge_sum"": 32, ""signature_freq"": [1, 1, 1, 1, 2, 1, 1, 1, 1], ""count_pattern"": [8, 1]}, {""r"": 6, ""c"": 6, ""distinct"": 2, ""mode_count"": 5, ""least_count"": 4, ""color8_count"": 4, ""sum_colors"": 37, ""max_color"": 8, ""min_color"": 1, ""center"": 1, ""corner_sum"": 18, ""edge_sum"": 18, ""signature_freq"": [2, 1, 2, 2, 1, 1, 1, 2, 1], ""count_pattern"": [5, 4]}]"
107,"2,5",4,"{""r"": 2, ""c"": 5, ""distinct"": 2, ""mode_count"": 8, ""least_count"": 1, ""color8_count"": 1, ""sum_colors"": 16, ""max_color"": 8, ""min_color"": 1, ""center"": 1, ""corner_sum"": 11, ""edge_sum"": 4, ""signature_freq"": [2, 1, 1, 1, 1, 1, 1, 1, 1], ""count_pattern"": [8, 1]}","{""mode_count_max"": true, ""least_count_min"": true, ""color8_count_min"": true, ""sum_colors_min"": true, ""center_min"": true, ""edge_sum_min"": true}","[{""r"": 1, ""c"": 0, ""distinct"": 2, ""mode_count"": 6, ""least_count"": 3, ""color8_count"": 3, ""sum_colors"": 30, ""max_color"": 8, ""min_color"": 1, ""center"": 8, ""corner_sum"": 4, ""edge_sum"": 18, ""signature_freq"": [1, 1, 1, 2, 2, 1, 1, 2, 1], ""count_pattern"": [6, 3]}, {""r"": 2, ""c"": 5, ""distinct"": 2, ""mode_count"": 8, ""least_count"": 1, ""color8_count"": 1, ""sum_colors"": 16, ""max_color"": 8, ""min_color"": 1, ""center"": 1, ""corner_sum"": 11, ""edge_sum"": 4, ""signature_freq"": [2, 1, 1, 1, 1, 1, 1, 1, 1], ""count_pattern"": [8, 1]}, {""r"": 6, ""c"": 1, ""distinct"": 2, ""mode_count"": 8, ""least_count"": 1, ""color8_count"": 8, ""sum_colors"": 65, ""max_color"": 8, ""min_color"": 1, ""center"": 8, ""corner_sum"": 25, ""edge_sum"": 32, ""signature_freq"": [1, 1, 1, 1, 1, 1, 1, 1, 2], ""count_pattern"": [8, 1]}, {""r"": 6, ""c"": 6, ""distinct"": 2, ""mode_count"": 5, ""least_count"": 4, ""color8_count"": 4, ""sum_colors"": 37, ""max_color"": 8, ""min_color"": 1, ""center"": 8, ""corner_sum"": 25, ""edge_sum"": 4, ""signature_freq"": [2, 1, 2, 1, 2, 1, 2, 1, 1], ""count_pattern"": [5, 4]}]"
108,"6,1",4,"{""r"": 6, ""c"": 1, ""distinct"": 2, ""mode_count"": 7, ""least_count"": 2, ""color8_count"": 2, ""sum_colors"": 23, ""max_color"": 8, ""min_color"": 1, ""center"": 1, ""corner_sum"": 11, ""edge_sum"": 11, ""signature_freq"": [1, 1, 1, 1, 1, 2, 1, 1, 2], ""count_pattern"": [7, 2]}","{""color8_count_min"": true, ""sum_colors_min"": true, ""center_min"": true, ""edge_sum_min"": true, ""row_major_last"": true}","[{""r"": 0, ""c"": 5, ""distinct"": 2, ""mode_count"": 8, ""least_count"": 1, ""color8_count"": 8, ""sum_colors"": 65, ""max_color"": 8, ""min_color"": 1, ""center"": 8, ""corner_sum"": 32, ""edge_sum"": 25, ""signature_freq"": [1, 1, 1, 2, 1, 1, 1, 1, 1], ""count_pattern"": [8, 1]}, {""r"": 2, ""c"": 0, ""distinct"": 2, ""mode_count"": 6, ""least_count"": 3, ""color8_count"": 6, ""sum_colors"": 51, ""max_color"": 8, ""min_color"": 1, ""center"": 8, ""corner_sum"": 25, ""edge_sum"": 18, ""signature_freq"": [2, 2, 1, 1, 1, 2, 1, 1, 1], ""count_pattern"": [6, 3]}, {""r"": 4, ""c"": 6, ""distinct"": 2, ""mode_count"": 5, ""least_count"": 4, ""color8_count"": 4, ""sum_colors"": 37, ""max_color"": 8, ""min_color"": 1, ""center"": 8, ""corner_sum"": 11, ""edge_sum"": 18, ""signature_freq"": [1, 2, 1, 2, 2, 1, 1, 1, 2], ""count_pattern"": [5, 4]}, {""r"": 6, ""c"": 1, ""distinct"": 2, ""mode_count"": 7, ""least_count"": 2, ""color8_count"": 2, ""sum_colors"": 23, ""max_color"": 8, ""min_color"": 1, ""center"": 1, ""corner_sum"": 11, ""edge_sum"": 11, ""signature_freq"": [1, 1, 1, 1, 1, 2, 1, 1, 2], ""count_pattern"": [7, 2]}]"
109,"5,4",4,"{""r"": 5, ""c"": 4, ""distinct"": 2, ""mode_count"": 8, ""least_count"": 1, ""color8_count"": 1, ""sum_colors"": 16, ""max_color"": 8, ""min_color"": 1, ""center"": 1, ""corner_sum"": 4, ""edge_sum"": 11, ""signature_freq"": [1, 1, 1, 2, 1, 1, 1, 1, 1], ""count_pattern"": [8, 1]}","{""mode_count_max"": true, ""least_count_min"": true, ""color8_count_min"": true, ""sum_colors_min"": true, ""row_major_last"": true}","[{""r"": 0, ""c"": 0, ""distinct"": 2, ""mode_count"": 5, ""least_count"": 4, ""color8_count"": 4, ""sum_colors"": 37, ""max_color"": 8, ""min_color"": 1, ""center"": 1, ""corner_sum"": 25, ""edge_sum"": 11, ""signature_freq"": [1, 1, 2, 1, 1, 1, 2, 2, 2], ""count_pattern"": [5, 4]}, {""r"": 0, ""c"": 6, ""distinct"": 2, ""mode_count"": 7, ""least_count"": 2, ""color8_count"": 7, ""sum_colors"": 58, ""max_color"": 8, ""min_color"": 1, ""center"": 1, ""corner_sum"": 25, ""edge_sum"": 32, ""signature_freq"": [1, 1, 2, 1, 2, 1, 1, 1, 1], ""count_pattern"": [7, 2]}, {""r"": 5, ""c"": 0, ""distinct"": 2, ""mode_count"": 7, ""least_count"": 2, ""color8_count"": 2, ""sum_colors"": 23, ""max_color"": 8, ""min_color"": 1, ""center"": 1, ""corner_sum"": 4, ""edge_sum"": 18, ""signature_freq"": [1, 2, 1, 1, 1, 1, 1, 2, 1], ""count_pattern"": [7, 2]}, {""r"": 5, ""c"": 4, ""distinct"": 2, ""mode_count"": 8, ""least_count"": 1, ""color8_count"": 1, ""sum_colors"": 16, ""max_color"": 8, ""min_color"": 1, ""center"": 1, ""corner_sum"": 4, ""edge_sum"": 11, ""signature_freq"": [1, 1, 1, 2, 1, 1, 1, 1, 1], ""count_pattern"": [8, 1]}]"
110,"6,1",4,"{""r"": 6, ""c"": 1, ""distinct"": 2, ""mode_count"": 5, ""least_count"": 4, ""color8_count"": 4, ""sum_colors"": 37, ""max_color"": 8, ""min_color"": 1, ""center"": 1, ""corner_sum"": 11, ""edge_sum"": 25, ""signature_freq"": [1, 2, 1, 1, 1, 2, 2, 2, 1], ""count_pattern"": [5, 4]}","{""color8_count_min"": true, ""sum_colors_min"": true, ""center_min"": true, ""row_major_last"": true}","[{""r"": 0, ""c"": 5, ""distinct"": 2, ""mode_count"": 5, ""least_count"": 4, ""color8_count"": 5, ""sum_colors"": 44, ""max_color"": 8, ""min_color"": 1, ""center"": 8, ""corner_sum"": 11, ""edge_sum"": 25, ""signature_freq"": [2, 1, 2, 1, 1, 2, 2, 1, 1], ""count_pattern"": [5, 4]}, {""r"": 2, ""c"": 1, ""distinct"": 2, ""mode_count"": 6, ""least_count"": 3, ""color8_count"": 6, ""sum_colors"": 51, ""max_color"": 8, ""min_color"": 1, ""center"": 8, ""corner_sum"": 25, ""edge_sum"": 18, ""signature_freq"": [1, 1, 1, 1, 1, 2, 2, 2, 1], ""count_pattern"": [6, 3]}, {""r"": 5, ""c"": 5, ""distinct"": 1, ""mode_count"": 9, ""least_count"": 9, ""color8_count"": 9, ""sum_colors"": 72, ""max_color"": 8, ""min_color"": 8, ""center"": 8, ""corner_sum"": 32, ""edge_sum"": 32, ""signature_freq"": [1, 1, 1, 1, 1, 1, 1, 1, 1], ""count_pattern"": [9]}, {""r"": 6, ""c"": 1, ""distinct"": 2, ""mode_count"": 5, ""least_count"": 4, ""color8_count"": 4, ""sum_colors"": 37, ""max_color"": 8, ""min_color"": 1, ""center"": 1, ""corner_sum"": 11, ""edge_sum"": 25, ""signature_freq"": [1, 2, 1, 1, 1, 2, 2, 2, 1], ""count_pattern"": [5, 4]}]"
111,"4,1",4,"{""r"": 4, ""c"": 1, ""distinct"": 2, ""mode_count"": 8, ""least_count"": 1, ""color8_count"": 1, ""sum_colors"": 16, ""max_color"": 8, ""min_color"": 1, ""center"": 1, ""corner_sum"": 4, ""edge_sum"": 11, ""signature_freq"": [1, 2, 1, 1, 1, 1, 1, 1, 1], ""count_pattern"": [8, 1]}","{""color8_count_min"": true, ""sum_colors_min"": true, ""edge_sum_min"": true, ""col_major_first"": true}","[{""r"": 0, ""c"": 2, ""distinct"": 2, ""mode_count"": 6, ""least_count"": 3, ""color8_count"": 3, ""sum_colors"": 30, ""max_color"": 8, ""min_color"": 1, ""center"": 1, ""corner_sum"": 4, ""edge_sum"": 25, ""signature_freq"": [1, 2, 1, 1, 1, 2, 1, 2, 1], ""count_pattern"": [6, 3]}, {""r"": 1, ""c"": 6, ""distinct"": 2, ""mode_count"": 8, ""least_count"": 1, ""color8_count"": 8, ""sum_colors"": 65, ""max_color"": 8, ""min_color"": 1, ""center"": 8, ""corner_sum"": 25, ""edge_sum"": 32, ""signature_freq"": [1, 1, 1, 1, 1, 1, 2, 1, 1], ""count_pattern"": [8, 1]}, {""r"": 4, ""c"": 1, ""distinct"": 2, ""mode_count"": 8, ""least_count"": 1, ""color8_count"": 1, ""sum_colors"": 16, ""max_color"": 8, ""min_color"": 1, ""center"": 1, ""corner_sum"": 4, ""edge_sum"": 11, ""signature_freq"": [1, 2, 1, 1, 1, 1, 1, 1, 1], ""count_pattern"": [8, 1]}, {""r"": 5, ""c"": 5, ""distinct"": 2, ""mode_count"": 5, ""least_count"": 4, ""color8_count"": 4, ""sum_colors"": 37, ""max_color"": 8, ""min_color"": 1, ""center"": 1, ""corner_sum"": 18, ""edge_sum"": 18, ""signature_freq"": [2, 2, 1, 1, 1, 1, 1, 2, 2], ""count_pattern"": [5, 4]}]"
112,"6,1",4,"{""r"": 6, ""c"": 1, ""distinct"": 2, ""mode_count"": 8, ""least_count"": 1, ""color8_count"": 1, ""sum_colors"": 16, ""max_color"": 8, ""min_color"": 1, ""center"": 1, ""corner_sum"": 4, ""edge_sum"": 11, ""signature_freq"": [1, 2, 1, 1, 1, 1, 1, 1, 1], ""count_pattern"": [8, 1]}","{""color8_count_min"": true, ""sum_colors_min"": true, ""row_major_last"": true}","[{""r"": 0, ""c"": 0, ""distinct"": 2, ""mode_count"": 5, ""least_count"": 4, ""color8_count"": 4, ""sum_colors"": 37, ""max_color"": 8, ""min_color"": 1, ""center"": 8, ""corner_sum"": 18, ""edge_sum"": 11, ""signature_freq"": [2, 1, 1, 2, 2, 1, 2, 1, 1], ""count_pattern"": [5, 4]}, {""r"": 0, ""c"": 6, ""distinct"": 2, ""mode_count"": 8, ""least_count"": 1, ""color8_count"": 8, ""sum_colors"": 65, ""max_color"": 8, ""min_color"": 1, ""center"": 8, ""corner_sum"": 32, ""edge_sum"": 25, ""signature_freq"": [1, 1, 1, 1, 1, 1, 1, 2, 1], ""count_pattern"": [8, 1]}, {""r"": 4, ""c"": 5, ""distinct"": 2, ""mode_count"": 7, ""least_count"": 2, ""color8_count"": 2, ""sum_colors"": 23, ""max_color"": 8, ""min_color"": 1, ""center"": 1, ""corner_sum"": 4, ""edge_sum"": 18, ""signature_freq"": [1, 1, 1, 2, 1, 1, 1, 2, 1], ""count_pattern"": [7, 2]}, {""r"": 6, ""c"": 1, ""distinct"": 2, ""mode_count"": 8, ""least_count"": 1, ""color8_count"": 1, ""sum_colors"": 16, ""max_color"": 8, ""min_color"": 1, ""center"": 1, ""corner_sum"": 4, ""edge_sum"": 11, ""signature_freq"": [1, 2, 1, 1, 1, 1, 1, 1, 1], ""count_pattern"": [8, 1]}]"
113,"1,4",4,"{""r"": 1, ""c"": 4, ""distinct"": 2, ""mode_count"": 5, ""least_count"": 4, ""color8_count"": 4, ""sum_colors"": 37, ""max_color"": 8, ""min_color"": 1, ""center"": 8, ""corner_sum"": 11, ""edge_sum"": 18, ""signature_freq"": [1, 1, 2, 1, 2, 2, 1, 2, 1], ""count_pattern"": [5, 4]}","{""color8_count_min"": true, ""sum_colors_min"": true, ""corner_sum_min"": true}","[{""r"": 0, ""c"": 0, ""distinct"": 2, ""mode_count"": 5, ""least_count"": 4, ""color8_count"": 5, ""sum_colors"": 44, ""max_color"": 8, ""min_color"": 1, ""center"": 8, ""corner_sum"": 18, ""edge_sum"": 18, ""signature_freq"": [2, 2, 1, 1, 1, 1, 2, 2, 1], ""count_pattern"": [5, 4]}, {""r"": 1, ""c"": 4, ""distinct"": 2, ""mode_count"": 5, ""least_count"": 4, ""color8_count"": 4, ""sum_colors"": 37, ""max_color"": 8, ""min_color"": 1, ""center"": 8, ""corner_sum"": 11, ""edge_sum"": 18, ""signature_freq"": [1, 1, 2, 1, 2, 2, 1, 2, 1], ""count_pattern"": [5, 4]}, {""r"": 5, ""c"": 5, ""distinct"": 2, ""mode_count"": 7, ""least_count"": 2, ""color8_count"": 7, ""sum_colors"": 58, ""max_color"": 8, ""min_color"": 1, ""center"": 8, ""corner_sum"": 32, ""edge_sum"": 18, ""signature_freq"": [1, 2, 1, 2, 1, 1, 1, 1, 1], ""count_pattern"": [7, 2]}, {""r"": 6, ""c"": 0, ""distinct"": 1, ""mode_count"": 9, ""least_count"": 9, ""color8_count"": 9, ""sum_colors"": 72, ""max_color"": 8, ""min_color"": 8, ""center"": 8, ""corner_sum"": 32, ""edge_sum"": 32, ""signature_freq"": [1, 1, 1, 1, 1, 1, 1, 1, 1], ""count_pattern"": [9]}]"
114,"6,1",4,"{""r"": 6, ""c"": 1, ""distinct"": 2, ""mode_count"": 7, ""least_count"": 2, ""color8_count"": 2, ""sum_colors"": 23, ""max_color"": 8, ""min_color"": 1, ""center"": 1, ""corner_sum"": 11, ""edge_sum"": 11, ""signature_freq"": [1, 1, 1, 1, 1, 2, 2, 1, 1], ""count_pattern"": [7, 2]}","{""mode_count_max"": true, ""least_count_min"": true, ""color8_count_min"": true, ""sum_colors_min"": true, ""edge_sum_min"": true}","[{""r"": 1, ""c"": 1, ""distinct"": 2, ""mode_count"": 5, ""least_count"": 4, ""color8_count"": 5, ""sum_colors"": 44, ""max_color"": 8, ""min_color"": 1, ""center"": 1, ""corner_sum"": 18, ""edge_sum"": 25, ""signature_freq"": [1, 2, 1, 1, 2, 1, 2, 1, 2], ""count_pattern"": [5, 4]}, {""r"": 2, ""c"": 6, ""distinct"": 2, ""mode_count"": 6, ""least_count"": 3, ""color8_count"": 3, ""sum_colors"": 30, ""max_color"": 8, ""min_color"": 1, ""center"": 8, ""corner_sum"": 4, ""edge_sum"": 18, ""signature_freq"": [1, 1, 1, 1, 2, 2, 1, 2, 1], ""count_pattern"": [6, 3]}, {""r"": 6, ""c"": 1, ""distinct"": 2, ""mode_count"": 7, ""least_count"": 2, ""color8_count"": 2, ""sum_colors"": 23, ""max_color"": 8, ""min_color"": 1, ""center"": 1, ""corner_sum"": 11, ""edge_sum"": 11, ""signature_freq"": [1, 1, 1, 1, 1, 2, 2, 1, 1], ""count_pattern"": [7, 2]}, {""r"": 6, ""c"": 6, ""distinct"": 2, ""mode_count"": 5, ""least_count"": 4, ""color8_count"": 4, ""sum_colors"": 37, ""max_color"": 8, ""min_color"": 1, ""center"": 1, ""corner_sum"": 25, ""edge_sum"": 11, ""signature_freq"": [2, 1, 2, 2, 1, 1, 2, 1, 1], ""count_pattern"": [5, 4]}]"
115,"6,0",4,"{""r"": 6, ""c"": 0, ""distinct"": 2, ""mode_count"": 6, ""least_count"": 3, ""color8_count"": 3, ""sum_colors"": 30, ""max_color"": 8, ""min_color"": 1, ""center"": 1, ""corner_sum"": 11, ""edge_sum"": 18, ""signature_freq"": [2, 1, 1, 1, 1, 2, 1, 2, 1], ""count_pattern"": [6, 3]}","{""color8_count_min"": true, ""sum_colors_min"": true, ""corner_sum_min"": true, ""row_major_last"": true}","[{""r"": 0, ""c"": 0, ""distinct"": 2, ""mode_count"": 7, ""least_count"": 2, ""color8_count"": 7, ""sum_colors"": 58, ""max_color"": 8, ""min_color"": 1, ""center"": 1, ""corner_sum"": 25, ""edge_sum"": 32, ""signature_freq"": [1, 1, 2, 1, 2, 1, 1, 1, 1], ""count_pattern"": [7, 2]}, {""r"": 1, ""c"": 6, ""distinct"": 2, ""mode_count"": 5, ""least_count"": 4, ""color8_count"": 5, ""sum_colors"": 44, ""max_color"": 8, ""min_color"": 1, ""center"": 8, ""corner_sum"": 18, ""edge_sum"": 18, ""signature_freq"": [1, 1, 2, 1, 1, 2, 1, 2, 2], ""count_pattern"": [5, 4]}, {""r"": 5, ""c"": 6, ""distinct"": 1, ""mode_count"": 9, ""least_count"": 9, ""color8_count"": 9, ""sum_colors"": 72, ""max_color"": 8, ""min_color"": 8, ""center"": 8, ""corner_sum"": 32, ""edge_sum"": 32, ""signature_freq"": [1, 1, 1, 1, 1, 1, 1, 1, 1], ""count_pattern"": [9]}, {""r"": 6, ""c"": 0, ""distinct"": 2, ""mode_count"": 6, ""least_count"": 3, ""color8_count"": 3, ""sum_colors"": 30, ""max_color"": 8, ""min_color"": 1, ""center"": 1, ""corner_sum"": 11, ""edge_sum"": 18, ""signature_freq"": [2, 1, 1, 1, 1, 2, 1, 2, 1], ""count_pattern"": [6, 3]}]"
116,"6,6",4,"{""r"": 6, ""c"": 6, ""distinct"": 2, ""mode_count"": 5, ""least_count"": 4, ""color8_count"": 5, ""sum_colors"": 44, ""max_color"": 8, ""min_color"": 1, ""center"": 1, ""corner_sum"": 32, ""edge_sum"": 11, ""signature_freq"": [1, 2, 1, 2, 2, 1, 1, 2, 1], ""count_pattern"": [5, 4]}","{""mode_count_min"": true, ""color8_count_min"": true, ""sum_colors_min"": true, ""edge_sum_min"": true, ""row_major_last"": true, ""col_major_last"": true}","[{""r"": 0, ""c"": 0, ""distinct"": 2, ""mode_count"": 6, ""least_count"": 3, ""color8_count"": 6, ""sum_colors"": 51, ""max_color"": 8, ""min_color"": 1, ""center"": 1, ""corner_sum"": 18, ""edge_sum"": 32, ""signature_freq"": [2, 1, 1, 1, 2, 1, 1, 1, 2], ""count_pattern"": [6, 3]}, {""r"": 2, ""c"": 6, ""distinct"": 1, ""mode_count"": 9, ""least_count"": 9, ""color8_count"": 9, ""sum_colors"": 72, ""max_color"": 8, ""min_color"": 8, ""center"": 8, ""corner_sum"": 32, ""edge_sum"": 32, ""signature_freq"": [1, 1, 1, 1, 1, 1, 1, 1, 1], ""count_pattern"": [9]}, {""r"": 5, ""c"": 1, ""distinct"": 2, ""mode_count"": 7, ""least_count"": 2, ""color8_count"": 7, ""sum_colors"": 58, ""max_color"": 8, ""min_color"": 1, ""center"": 8, ""corner_sum"": 25, ""edge_sum"": 25, ""signature_freq"": [1, 1, 1, 2, 1, 1, 1, 1, 2], ""count_pattern"": [7, 2]}, {""r"": 6, ""c"": 6, ""distinct"": 2, ""mode_count"": 5, ""least_count"": 4, ""color8_count"": 5, ""sum_colors"": 44, ""max_color"": 8, ""min_color"": 1, ""center"": 1, ""corner_sum"": 32, ""edge_sum"": 11, ""signature_freq"": [1, 2, 1, 2, 2, 1, 1, 2, 1], ""count_pattern"": [5, 4]}]"
117,"6,6",4,"{""r"": 6, ""c"": 6, ""distinct"": 2, ""mode_count"": 8, ""least_count"": 1, ""color8_count"": 1, ""sum_colors"": 16, ""max_color"": 8, ""min_color"": 1, ""center"": 1, ""corner_sum"": 11, ""edge_sum"": 4, ""signature_freq"": [1, 1, 1, 1, 1, 1, 2, 1, 1], ""count_pattern"": [8, 1]}","{""mode_count_max"": true, ""least_count_min"": true, ""color8_count_min"": true, ""sum_colors_min"": true, ""center_min"": true, ""corner_sum_min"": true, ""edge_sum_min"": true, ""row_major_last"": true, ""col_major_last"": true}","[{""r"": 0, ""c"": 1, ""distinct"": 2, ""mode_count"": 7, ""least_count"": 2, ""color8_count"": 7, ""sum_colors"": 58, ""max_color"": 8, ""min_color"": 1, ""center"": 8, ""corner_sum"": 25, ""edge_sum"": 25, ""signature_freq"": [2, 1, 1, 2, 1, 1, 1, 1, 1], ""count_pattern"": [7, 2]}, {""r"": 0, ""c"": 6, ""distinct"": 2, ""mode_count"": 5, ""least_count"": 4, ""color8_count"": 5, ""sum_colors"": 44, ""max_color"": 8, ""min_color"": 1, ""center"": 8, ""corner_sum"": 18, ""edge_sum"": 18, ""signature_freq"": [1, 1, 1, 2, 1, 2, 2, 1, 2], ""count_pattern"": [5, 4]}, {""r"": 4, ""c"": 0, ""distinct"": 2, ""mode_count"": 5, ""least_count"": 4, ""color8_count"": 4, ""sum_colors"": 37, ""max_color"": 8, ""min_color"": 1, ""center"": 8, ""corner_sum"": 18, ""edge_sum"": 11, ""signature_freq"": [2, 1, 1, 2, 2, 1, 1, 1, 2], ""count_pattern"": [5, 4]}, {""r"": 6, ""c"": 6, ""distinct"": 2, ""mode_count"": 8, ""least_count"": 1, ""color8_count"": 1, ""sum_colors"": 16, ""max_color"": 8, ""min_color"": 1, ""center"": 1, ""corner_sum"": 11, ""edge_sum"": 4, ""signature_freq"": [1, 1, 1, 1, 1, 1, 2, 1, 1], ""count_pattern"": [8, 1]}]"
118,"5,4",4,"{""r"": 5, ""c"": 4, ""distinct"": 2, ""mode_count"": 8, ""least_count"": 1, ""color8_count"": 1, ""sum_colors"": 16, ""max_color"": 8, ""min_color"": 1, ""center"": 1, ""corner_sum"": 11, ""edge_sum"": 4, ""signature_freq"": [1, 1, 1, 1, 1, 1, 1, 1, 2], ""count_pattern"": [8, 1]}","{""mode_count_max"": true, ""least_count_min"": true, ""color8_count_min"": true, ""sum_colors_min"": true, ""corner_sum_min"": true, ""edge_sum_min"": true}","[{""r"": 0, ""c"": 6, ""distinct"": 2, ""mode_count"": 5, ""least_count"": 4, ""color8_count"": 5, ""sum_colors"": 44, ""max_color"": 8, ""min_color"": 1, ""center"": 1, ""corner_sum"": 25, ""edge_sum"": 18, ""signature_freq"": [1, 1, 1, 2, 2, 2, 1, 1, 2], ""count_pattern"": [5, 4]}, {""r"": 2, ""c"": 0, ""distinct"": 2, ""mode_count"": 7, ""least_count"": 2, ""color8_count"": 7, ""sum_colors"": 58, ""max_color"": 8, ""min_color"": 1, ""center"": 8, ""corner_sum"": 25, ""edge_sum"": 25, ""signature_freq"": [1, 2, 2, 1, 1, 1, 1, 1, 1], ""count_pattern"": [7, 2]}, {""r"": 5, ""c"": 4, ""distinct"": 2, ""mode_count"": 8, ""least_count"": 1, ""color8_count"": 1, ""sum_colors"": 16, ""max_color"": 8, ""min_color"": 1, ""center"": 1, ""corner_sum"": 11, ""edge_sum"": 4, ""signature_freq"": [1, 1, 1, 1, 1, 1, 1, 1, 2], ""count_pattern"": [8, 1]}, {""r"": 6, ""c"": 0, ""distinct"": 2, ""mode_count"": 5, ""least_count"": 4, ""color8_count"": 4, ""sum_colors"": 37, ""max_color"": 8, ""min_color"": 1, ""center"": 8, ""corner_sum"": 11, ""edge_sum"": 18, ""signature_freq"": [2, 2, 1, 1, 2, 1, 1, 2, 1], ""count_pattern"": [5, 4]}]"
119,"6,6",4,"{""r"": 6, ""c"": 6, ""distinct"": 2, ""mode_count"": 8, ""least_count"": 1, ""color8_count"": 1, ""sum_colors"": 16, ""max_color"": 8, ""min_color"": 1, ""center"": 1, ""corner_sum"": 4, ""edge_sum"": 11, ""signature_freq"": [1, 1, 1, 1, 1, 2, 1, 1, 1], ""count_pattern"": [8, 1]}","{""color8_count_min"": true, ""sum_colors_min"": true, ""corner_sum_min"": true, ""edge_sum_min"": true, ""row_major_last"": true, ""col_major_last"": true}","[{""r"": 1, ""c"": 0, ""distinct"": 2, ""mode_count"": 8, ""least_count"": 1, ""color8_count"": 8, ""sum_colors"": 65, ""max_color"": 8, ""min_color"": 1, ""center"": 1, ""corner_sum"": 32, ""edge_sum"": 32, ""signature_freq"": [1, 1, 1, 1, 2, 1, 1, 1, 1], ""count_pattern"": [8, 1]}, {""r"": 1, ""c"": 5, ""distinct"": 2, ""mode_count"": 6, ""least_count"": 3, ""color8_count"": 6, ""sum_colors"": 51, ""max_color"": 8, ""min_color"": 1, ""center"": 1, ""corner_sum"": 32, ""edge_sum"": 18, ""signature_freq"": [1, 1, 1, 2, 2, 1, 1, 2, 1], ""count_pattern"": [6, 3]}, {""r"": 6, ""c"": 2, ""distinct"": 1, ""mode_count"": 9, ""least_count"": 9, ""color8_count"": 9, ""sum_colors"": 72, ""max_color"": 8, ""min_color"": 8, ""center"": 8, ""corner_sum"": 32, ""edge_sum"": 32, ""signature_freq"": [1, 1, 1, 1, 1, 1, 1, 1, 1], ""count_pattern"": [9]}, {""r"": 6, ""c"": 6, ""distinct"": 2, ""mode_count"": 8, ""least_count"": 1, ""color8_count"": 1, ""sum_colors"": 16, ""max_color"": 8, ""min_color"": 1, ""center"": 1, ""corner_sum"": 4, ""edge_sum"": 11, ""signature_freq"": [1, 1, 1, 1, 1, 2, 1, 1, 1], ""count_pattern"": [8, 1]}]"
120,"4,0",4,"{""r"": 4, ""c"": 0, ""distinct"": 2, ""mode_count"": 8, ""least_count"": 1, ""color8_count"": 1, ""sum_colors"": 16, ""max_color"": 8, ""min_color"": 1, ""center"": 1, ""corner_sum"": 4, ""edge_sum"": 11, ""signature_freq"": [1, 1, 1, 1, 1, 1, 1, 2, 1], ""count_pattern"": [8, 1]}","{""mode_count_max"": true, ""least_count_min"": true, ""color8_count_min"": true, ""sum_colors_min"": true, ""col_major_first"": true}","[{""r"": 0, ""c"": 1, ""distinct"": 2, ""mode_count"": 5, ""least_count"": 4, ""color8_count"": 4, ""sum_colors"": 37, ""max_color"": 8, ""min_color"": 1, ""center"": 8, ""corner_sum"": 4, ""edge_sum"": 25, ""signature_freq"": [1, 2, 1, 2, 2, 1, 1, 2, 1], ""count_pattern"": [5, 4]}, {""r"": 2, ""c"": 6, ""distinct"": 2, ""mode_count"": 7, ""least_count"": 2, ""color8_count"": 7, ""sum_colors"": 58, ""max_color"": 8, ""min_color"": 1, ""center"": 1, ""corner_sum"": 32, ""edge_sum"": 25, ""signature_freq"": [1, 1, 1, 1, 2, 2, 1, 1, 1], ""count_pattern"": [7, 2]}, {""r"": 4, ""c"": 0, ""distinct"": 2, ""mode_count"": 8, ""least_count"": 1, ""color8_count"": 1, ""sum_colors"": 16, ""max_color"": 8, ""min_color"": 1, ""center"": 1, ""corner_sum"": 4, ""edge_sum"": 11, ""signature_freq"": [1, 1, 1, 1, 1, 1, 1, 2, 1], ""count_pattern"": [8, 1]}, {""r"": 6, ""c"": 5, ""distinct"": 2, ""mode_count"": 7, ""least_count"": 2, ""color8_count"": 2, ""sum_colors"": 23, ""max_color"": 8, ""min_color"": 1, ""center"": 8, ""corner_sum"": 11, ""edge_sum"": 4, ""signature_freq"": [1, 1, 1, 1, 2, 1, 2, 1, 1], ""count_pattern"": [7, 2]}]"
121,"6,5",4,"{""r"": 6, ""c"": 5, ""distinct"": 2, ""mode_count"": 7, ""least_count"": 2, ""color8_count"": 2, ""sum_colors"": 23, ""max_color"": 8, ""min_color"": 1, ""center"": 1, ""corner_sum"": 4, ""edge_sum"": 18, ""signature_freq"": [1, 2, 1, 1, 1, 2, 1, 1, 1], ""count_pattern"": [7, 2]}","{""mode_count_max"": true, ""least_count_min"": true, ""color8_count_min"": true, ""sum_colors_min"": true, ""corner_sum_min"": true, ""row_major_last"": true}","[{""r"": 0, ""c"": 2, ""distinct"": 2, ""mode_count"": 6, ""least_count"": 3, ""color8_count"": 3, ""sum_colors"": 30, ""max_color"": 8, ""min_color"": 1, ""center"": 1, ""corner_sum"": 11, ""edge_sum"": 18, ""signature_freq"": [1, 2, 2, 1, 1, 1, 1, 2, 1], ""count_pattern"": [6, 3]}, {""r"": 1, ""c"": 6, ""distinct"": 2, ""mode_count"": 5, ""least_count"": 4, ""color8_count"": 5, ""sum_colors"": 44, ""max_color"": 8, ""min_color"": 1, ""center"": 8, ""corner_sum"": 18, ""edge_sum"": 18, ""signature_freq"": [2, 2, 1, 1, 1, 1, 1, 2, 2], ""count_pattern"": [5, 4]}, {""r"": 5, ""c"": 0, ""distinct"": 2, ""mode_count"": 6, ""least_count"": 3, ""color8_count"": 6, ""sum_colors"": 51, ""max_color"": 8, ""min_color"": 1, ""center"": 1, ""corner_sum"": 32, ""edge_sum"": 18, ""signature_freq"": [1, 2, 1, 1, 2, 1, 1, 2, 1], ""count_pattern"": [6, 3]}, {""r"": 6, ""c"": 5, ""distinct"": 2, ""mode_count"": 7, ""least_count"": 2, ""color8_count"": 2, ""sum_colors"": 23, ""max_color"": 8, ""min_color"": 1, ""center"": 1, ""corner_sum"": 4, ""edge_sum"": 18, ""signature_freq"": [1, 2, 1, 1, 1, 2, 1, 1, 1], ""count_pattern"": [7, 2]}]"
122,"3,0",4,"{""r"": 3, ""c"": 0, ""distinct"": 2, ""mode_count"": 5, ""least_count"": 4, ""color8_count"": 4, ""sum_colors"": 37, ""max_color"": 8, ""min_color"": 1, ""center"": 1, ""corner_sum"": 25, ""edge_sum"": 11, ""signature_freq"": [1, 1, 2, 1, 1, 1, 2, 2, 2], ""count_pattern"": [5, 4]}","{""mode_count_min"": true, ""color8_count_min"": true, ""sum_colors_min"": true, ""center_min"": true, ""edge_sum_min"": true, ""col_major_first"": true}","[{""r"": 0, ""c"": 3, ""distinct"": 2, ""mode_count"": 7, ""least_count"": 2, ""color8_count"": 7, ""sum_colors"": 58, ""max_color"": 8, ""min_color"": 1, ""center"": 8, ""corner_sum"": 25, ""edge_sum"": 25, ""signature_freq"": [1, 1, 2, 2, 1, 1, 1, 1, 1], ""count_pattern"": [7, 2]}, {""r"": 3, ""c"": 0, ""distinct"": 2, ""mode_count"": 5, ""least_count"": 4, ""color8_count"": 4, ""sum_colors"": 37, ""max_color"": 8, ""min_color"": 1, ""center"": 1, ""corner_sum"": 25, ""edge_sum"": 11, ""signature_freq"": [1, 1, 2, 1, 1, 1, 2, 2, 2], ""count_pattern"": [5, 4]}, {""r"": 3, ""c"": 6, ""distinct"": 1, ""mode_count"": 9, ""least_count"": 9, ""color8_count"": 9, ""sum_colors"": 72, ""max_color"": 8, ""min_color"": 8, ""center"": 8, ""corner_sum"": 32, ""edge_sum"": 32, ""signature_freq"": [1, 1, 1, 1, 1, 1, 1, 1, 1], ""count_pattern"": [9]}, {""r"": 6, ""c"": 3, ""distinct"": 2, ""mode_count"": 8, ""least_count"": 1, ""color8_count"": 8, ""sum_colors"": 65, ""max_color"": 8, ""min_color"": 1, ""center"": 8, ""corner_sum"": 32, ""edge_sum"": 25, ""signature_freq"": [1, 2, 1, 1, 1, 1, 1, 1, 1], ""count_pattern"": [8, 1]}]"
123,"0,1",4,"{""r"": 0, ""c"": 1, ""distinct"": 2, ""mode_count"": 8, ""least_count"": 1, ""color8_count"": 1, ""sum_colors"": 16, ""max_color"": 8, ""min_color"": 1, ""center"": 1, ""corner_sum"": 4, ""edge_sum"": 11, ""signature_freq"": [1, 1, 1, 1, 1, 1, 1, 2, 1], ""count_pattern"": [8, 1]}","{""distinct_max"": true, ""least_count_min"": true, ""color8_count_min"": true, ""sum_colors_min"": true, ""max_color_min"": true, ""max_color_max"": true, ""min_color_min"": true, ""center_min"": true, ""corner_sum_min"": true, ""edge_sum_min"": true, ""row_major_first"": true}","[{""r"": 0, ""c"": 1, ""distinct"": 2, ""mode_count"": 8, ""least_count"": 1, ""color8_count"": 1, ""sum_colors"": 16, ""max_color"": 8, ""min_color"": 1, ""center"": 1, ""corner_sum"": 4, ""edge_sum"": 11, ""signature_freq"": [1, 1, 1, 1, 1, 1, 1, 2, 1], ""count_pattern"": [8, 1]}, {""r"": 0, ""c"": 6, ""distinct"": 1, ""mode_count"": 9, ""least_count"": 9, ""color8_count"": 9, ""sum_colors"": 72, ""max_color"": 8, ""min_color"": 8, ""center"": 8, ""corner_sum"": 32, ""edge_sum"": 32, ""signature_freq"": [1, 1, 1, 1, 1, 1, 1, 1, 1], ""count_pattern"": [9]}, {""r"": 5, ""c"": 0, ""distinct"": 2, ""mode_count"": 6, ""least_count"": 3, ""color8_count"": 6, ""sum_colors"": 51, ""max_color"": 8, ""min_color"": 1, ""center"": 8, ""corner_sum"": 32, ""edge_sum"": 11, ""signature_freq"": [1, 1, 1, 2, 1, 2, 1, 2, 1], ""count_pattern"": [6, 3]}, {""r"": 6, ""c"": 6, ""distinct"": 2, ""mode_count"": 5, ""least_count"": 4, ""color8_count"": 4, ""sum_colors"": 37, ""max_color"": 8, ""min_color"": 1, ""center"": 1, ""corner_sum"": 11, ""edge_sum"": 25, ""signature_freq"": [1, 2, 1, 1, 1, 2, 1, 2, 2], ""count_pattern"": [5, 4]}]"
124,"4,5",4,"{""r"": 4, ""c"": 5, ""distinct"": 2, ""mode_count"": 7, ""least_count"": 2, ""color8_count"": 2, ""sum_colors"": 23, ""max_color"": 8, ""min_color"": 1, ""center"": 1, ""corner_sum"": 4, ""edge_sum"": 18, ""signature_freq"": [1, 2, 1, 1, 1, 2, 1, 1, 1], ""count_pattern"": [7, 2]}","{""color8_count_min"": true, ""sum_colors_min"": true, ""corner_sum_min"": true, ""col_major_last"": true}","[{""r"": 0, ""c"": 4, ""distinct"": 2, ""mode_count"": 6, ""least_count"": 3, ""color8_count"": 3, ""sum_colors"": 30, ""max_color"": 8, ""min_color"": 1, ""center"": 1, ""corner_sum"": 18, ""edge_sum"": 11, ""signature_freq"": [2, 1, 1, 1, 1, 2, 2, 1, 1], ""count_pattern"": [6, 3]}, {""r"": 1, ""c"": 0, ""distinct"": 2, ""mode_count"": 5, ""least_count"": 4, ""color8_count"": 4, ""sum_colors"": 37, ""max_color"": 8, ""min_color"": 1, ""center"": 8, ""corner_sum"": 18, ""edge_sum"": 11, ""signature_freq"": [2, 1, 1, 1, 2, 2, 1, 1, 2], ""count_pattern"": [5, 4]}, {""r"": 4, ""c"": 5, ""distinct"": 2, ""mode_count"": 7, ""least_count"": 2, ""color8_count"": 2, ""sum_colors"": 23, ""max_color"": 8, ""min_color"": 1, ""center"": 1, ""corner_sum"": 4, ""edge_sum"": 18, ""signature_freq"": [1, 2, 1, 1, 1, 2, 1, 1, 1], ""count_pattern"": [7, 2]}, {""r"": 6, ""c"": 0, ""distinct"": 2, ""mode_count"": 8, ""least_count"": 1, ""color8_count"": 8, ""sum_colors"": 65, ""max_color"": 8, ""min_color"": 1, ""center"": 8, ""corner_sum"": 32, ""edge_sum"": 25, ""signature_freq"": [1, 1, 1, 1, 1, 1, 1, 2, 1], ""count_pattern"": [8, 1]}]"
125,"4,6",4,"{""r"": 4, ""c"": 6, ""distinct"": 2, ""mode_count"": 6, ""least_count"": 3, ""color8_count"": 3, ""sum_colors"": 30, ""max_color"": 8, ""min_color"": 1, ""center"": 1, ""corner_sum"": 4, ""edge_sum"": 25, ""signature_freq"": [1, 2, 1, 2, 1, 1, 1, 2, 1], ""count_pattern"": [6, 3]}","{""color8_count_min"": true, ""sum_colors_min"": true, ""corner_sum_min"": true, ""col_major_last"": true}","[{""r"": 0, ""c"": 5, ""distinct"": 1, ""mode_count"": 9, ""least_count"": 9, ""color8_count"": 9, ""sum_colors"": 72, ""max_color"": 8, ""min_color"": 8, ""center"": 8, ""corner_sum"": 32, ""edge_sum"": 32, ""signature_freq"": [1, 1, 1, 1, 1, 1, 1, 1, 1], ""count_pattern"": [9]}, {""r"": 1, ""c"": 1, ""distinct"": 2, ""mode_count"": 6, ""least_count"": 3, ""color8_count"": 6, ""sum_colors"": 51, ""max_color"": 8, ""min_color"": 1, ""center"": 1, ""corner_sum"": 25, ""edge_sum"": 25, ""signature_freq"": [1, 1, 2, 1, 2, 2, 1, 1, 1], ""count_pattern"": [6, 3]}, {""r"": 4, ""c"": 6, ""distinct"": 2, ""mode_count"": 6, ""least_count"": 3, ""color8_count"": 3, ""sum_colors"": 30, ""max_color"": 8, ""min_color"": 1, ""center"": 1, ""corner_sum"": 4, ""edge_sum"": 25, ""signature_freq"": [1, 2, 1, 2, 1, 1, 1, 2, 1], ""count_pattern"": [6, 3]}, {""r"": 5, ""c"": 0, ""distinct"": 2, ""mode_count"": 5, ""least_count"": 4, ""color8_count"": 5, ""sum_colors"": 44, ""max_color"": 8, ""min_color"": 1, ""center"": 1, ""corner_sum"": 18, ""edge_sum"": 25, ""signature_freq"": [1, 1, 2, 2, 2, 1, 2, 1, 1], ""count_pattern"": [5, 4]}]"
126,"0,6",4,"{""r"": 0, ""c"": 6, ""distinct"": 2, ""mode_count"": 8, ""least_count"": 1, ""color8_count"": 1, ""sum_colors"": 16, ""max_color"": 8, ""min_color"": 1, ""center"": 1, ""corner_sum"": 11, ""edge_sum"": 4, ""signature_freq"": [1, 1, 1, 1, 1, 1, 1, 1, 2], ""count_pattern"": [8, 1]}","{""mode_count_max"": true, ""least_count_min"": true, ""color8_count_min"": true, ""sum_colors_min"": true, ""center_min"": true, ""corner_sum_min"": true, ""edge_sum_min"": true, ""col_major_last"": true}","[{""r"": 0, ""c"": 1, ""distinct"": 2, ""mode_count"": 6, ""least_count"": 3, ""color8_count"": 6, ""sum_colors"": 51, ""max_color"": 8, ""min_color"": 1, ""center"": 8, ""corner_sum"": 18, ""edge_sum"": 25, ""signature_freq"": [2, 1, 2, 2, 1, 1, 1, 1, 1], ""count_pattern"": [6, 3]}, {""r"": 0, ""c"": 6, ""distinct"": 2, ""mode_count"": 8, ""least_count"": 1, ""color8_count"": 1, ""sum_colors"": 16, ""max_color"": 8, ""min_color"": 1, ""center"": 1, ""corner_sum"": 11, ""edge_sum"": 4, ""signature_freq"": [1, 1, 1, 1, 1, 1, 1, 1, 2], ""count_pattern"": [8, 1]}, {""r"": 4, ""c"": 5, ""distinct"": 2, ""mode_count"": 5, ""least_count"": 4, ""color8_count"": 4, ""sum_colors"": 37, ""max_color"": 8, ""min_color"": 1, ""center"": 8, ""corner_sum"": 11, ""edge_sum"": 18, ""signature_freq"": [1, 1, 1, 2, 2, 2, 2, 1, 1], ""count_pattern"": [5, 4]}, {""r"": 6, ""c"": 0, ""distinct"": 2, ""mode_count"": 7, ""least_count"": 2, ""color8_count"": 7, ""sum_colors"": 58, ""max_color"": 8, ""min_color"": 1, ""center"": 1, ""corner_sum"": 25, ""edge_sum"": 32, ""signature_freq"": [2, 1, 1, 1, 2, 1, 1, 1, 1], ""count_pattern"": [7, 2]}]"
127,"1,6",4,"{""r"": 1, ""c"": 6, ""distinct"": 2, ""mode_count"": 8, ""least_count"": 1, ""color8_count"": 1, ""sum_colors"": 16, ""max_color"": 8, ""min_color"": 1, ""center"": 1, ""corner_sum"": 11, ""edge_sum"": 4, ""signature_freq"": [1, 1, 2, 1, 1, 1, 1, 1, 1], ""count_pattern"": [8, 1]}","{""mode_count_max"": true, ""least_count_min"": true, ""color8_count_min"": true, ""sum_colors_min"": true, ""center_min"": true, ""corner_sum_min"": true, ""edge_sum_min"": true}","[{""r"": 0, ""c"": 0, ""distinct"": 2, ""mode_count"": 5, ""least_count"": 4, ""color8_count"": 4, ""sum_colors"": 37, ""max_color"": 8, ""min_color"": 1, ""center"": 8, ""corner_sum"": 18, ""edge_sum"": 11, ""signature_freq"": [1, 1, 1, 1, 2, 1, 2, 2, 2], ""count_pattern"": [5, 4]}, {""r"": 1, ""c"": 6, ""distinct"": 2, ""mode_count"": 8, ""least_count"": 1, ""color8_count"": 1, ""sum_colors"": 16, ""max_color"": 8, ""min_color"": 1, ""center"": 1, ""corner_sum"": 11, ""edge_sum"": 4, ""signature_freq"": [1, 1, 2, 1, 1, 1, 1, 1, 1], ""count_pattern"": [8, 1]}, {""r"": 6, ""c"": 0, ""distinct"": 2, ""mode_count"": 6, ""least_count"": 3, ""color8_count"": 6, ""sum_colors"": 51, ""max_color"": 8, ""min_color"": 1, ""center"": 8, ""corner_sum"": 18, ""edge_sum"": 25, ""signature_freq"": [2, 1, 1, 2, 1, 1, 2, 1, 1], ""count_pattern"": [6, 3]}, {""r"": 6, ""c"": 6, ""distinct"": 2, ""mode_count"": 7, ""least_count"": 2, ""color8_count"": 7, ""sum_colors"": 58, ""max_color"": 8, ""min_color"": 1, ""center"": 8, ""corner_sum"": 25, ""edge_sum"": 25, ""signature_freq"": [2, 1, 1, 1, 1, 1, 1, 2, 1], ""count_pattern"": [7, 2]}]"
128,"0,6",4,"{""r"": 0, ""c"": 6, ""distinct"": 2, ""mode_count"": 6, ""least_count"": 3, ""color8_count"": 3, ""sum_colors"": 30, ""max_color"": 8, ""min_color"": 1, ""center"": 1, ""corner_sum"": 11, ""edge_sum"": 18, ""signature_freq"": [2, 1, 1, 1, 1, 2, 1, 2, 1], ""count_pattern"": [6, 3]}","{""color8_count_min"": true, ""sum_colors_min"": true, ""corner_sum_min"": true, ""col_major_last"": true}","[{""r"": 0, ""c"": 1, ""distinct"": 2, ""mode_count"": 5, ""least_count"": 4, ""color8_count"": 4, ""sum_colors"": 37, ""max_color"": 8, ""min_color"": 1, ""center"": 1, ""corner_sum"": 18, ""edge_sum"": 18, ""signature_freq"": [2, 2, 1, 2, 1, 1, 2, 1, 1], ""count_pattern"": [5, 4]}, {""r"": 0, ""c"": 6, ""distinct"": 2, ""mode_count"": 6, ""least_count"": 3, ""color8_count"": 3, ""sum_colors"": 30, ""max_color"": 8, ""min_color"": 1, ""center"": 1, ""corner_sum"": 11, ""edge_sum"": 18, ""signature_freq"": [2, 1, 1, 1, 1, 2, 1, 2, 1], ""count_pattern"": [6, 3]}, {""r"": 5, ""c"": 0, ""distinct"": 2, ""mode_count"": 8, ""least_count"": 1, ""color8_count"": 8, ""sum_colors"": 65, ""max_color"": 8, ""min_color"": 1, ""center"": 1, ""corner_sum"": 32, ""edge_sum"": 32, ""signature_freq"": [1, 1, 1, 1, 2, 1, 1, 1, 1], ""count_pattern"": [8, 1]}, {""r"": 6, ""c"": 5, ""distinct"": 2, ""mode_count"": 5, ""least_count"": 4, ""color8_count"": 5, ""sum_colors"": 44, ""max_color"": 8, ""min_color"": 1, ""center"": 1, ""corner_sum"": 18, ""edge_sum"": 25, ""signature_freq"": [2, 1, 2, 1, 2, 2, 1, 1, 1], ""count_pattern"": [5, 4]}]"
129,"4,0",4,"{""r"": 4, ""c"": 0, ""distinct"": 2, ""mode_count"": 8, ""least_count"": 1, ""color8_count"": 1, ""sum_colors"": 16, ""max_color"": 8, ""min_color"": 1, ""center"": 1, ""corner_sum"": 11, ""edge_sum"": 4, ""signature_freq"": [1, 1, 2, 1, 1, 1, 1, 1, 1], ""count_pattern"": [8, 1]}","{""least_count_min"": true, ""color8_count_min"": true, ""sum_colors_min"": true, ""corner_sum_min"": true, ""edge_sum_min"": true, ""col_major_first"": true}","[{""r"": 0, ""c"": 1, ""distinct"": 2, ""mode_count"": 7, ""least_count"": 2, ""color8_count"": 7, ""sum_colors"": 58, ""max_color"": 8, ""min_color"": 1, ""center"": 8, ""corner_sum"": 18, ""edge_sum"": 32, ""signature_freq"": [1, 1, 2, 1, 1, 1, 1, 1, 2], ""count_pattern"": [7, 2]}, {""r"": 0, ""c"": 6, ""distinct"": 2, ""mode_count"": 5, ""least_count"": 4, ""color8_count"": 5, ""sum_colors"": 44, ""max_color"": 8, ""min_color"": 1, ""center"": 1, ""corner_sum"": 18, ""edge_sum"": 25, ""signature_freq"": [2, 1, 2, 1, 2, 2, 1, 1, 1], ""count_pattern"": [5, 4]}, {""r"": 4, ""c"": 0, ""distinct"": 2, ""mode_count"": 8, ""least_count"": 1, ""color8_count"": 1, ""sum_colors"": 16, ""max_color"": 8, ""min_color"": 1, ""center"": 1, ""corner_sum"": 11, ""edge_sum"": 4, ""signature_freq"": [1, 1, 2, 1, 1, 1, 1, 1, 1], ""count_pattern"": [8, 1]}, {""r"": 4, ""c"": 4, ""distinct"": 1, ""mode_count"": 9, ""least_count"": 9, ""color8_count"": 9, ""sum_colors"": 72, ""max_color"": 8, ""min_color"": 8, ""center"": 8, ""corner_sum"": 32, ""edge_sum"": 32, ""signature_freq"": [1, 1, 1, 1, 1, 1, 1, 1, 1], ""count_pattern"": [9]}]"
130,"2,6",4,"{""r"": 2, ""c"": 6, ""distinct"": 2, ""mode_count"": 6, ""least_count"": 3, ""color8_count"": 3, ""sum_colors"": 30, ""max_color"": 8, ""min_color"": 1, ""center"": 8, ""corner_sum"": 11, ""edge_sum"": 11, ""signature_freq"": [1, 1, 1, 2, 2, 1, 1, 1, 2], ""count_pattern"": [6, 3]}","{""color8_count_min"": true, ""sum_colors_min"": true, ""edge_sum_min"": true, ""col_major_last"": true}","[{""r"": 1, ""c"": 0, ""distinct"": 2, ""mode_count"": 5, ""least_count"": 4, ""color8_count"": 5, ""sum_colors"": 44, ""max_color"": 8, ""min_color"": 1, ""center"": 8, ""corner_sum"": 11, ""edge_sum"": 25, ""signature_freq"": [1, 1, 2, 2, 1, 1, 2, 1, 2], ""count_pattern"": [5, 4]}, {""r"": 2, ""c"": 6, ""distinct"": 2, ""mode_count"": 6, ""least_count"": 3, ""color8_count"": 3, ""sum_colors"": 30, ""max_color"": 8, ""min_color"": 1, ""center"": 8, ""corner_sum"": 11, ""edge_sum"": 11, ""signature_freq"": [1, 1, 1, 2, 2, 1, 1, 1, 2], ""count_pattern"": [6, 3]}, {""r"": 6, ""c"": 0, ""distinct"": 2, ""mode_count"": 7, ""least_count"": 2, ""color8_count"": 7, ""sum_colors"": 58, ""max_color"": 8, ""min_color"": 1, ""center"": 8, ""corner_sum"": 25, ""edge_sum"": 25, ""signature_freq"": [2, 1, 1, 1, 1, 2, 1, 1, 1], ""count_pattern"": [7, 2]}, {""r"": 6, ""c"": 4, ""distinct"": 2, ""mode_count"": 5, ""least_count"": 4, ""color8_count"": 4, ""sum_colors"": 37, ""max_color"": 8, ""min_color"": 1, ""center"": 1, ""corner_sum"": 25, ""edge_sum"": 11, ""signature_freq"": [2, 1, 2, 2, 1, 1, 2, 1, 1], ""count_pattern"": [5, 4]}]"
131,"0,5",4,"{""r"": 0, ""c"": 5, ""distinct"": 2, ""mode_count"": 8, ""least_count"": 1, ""color8_count"": 1, ""sum_colors"": 16, ""max_color"": 8, ""min_color"": 1, ""center"": 8, ""corner_sum"": 4, ""edge_sum"": 4, ""signature_freq"": [1, 1, 1, 1, 2, 1, 1, 1, 1], ""count_pattern"": [8, 1]}","{""distinct_max"": true, ""least_count_min"": true, ""color8_count_min"": true, ""sum_colors_min"": true, ""max_color_min"": true, ""max_color_max"": true, ""min_color_min"": true, ""center_max"": true, ""corner_sum_min"": true, ""edge_sum_min"": true, ""row_major_first"": true}","[{""r"": 0, ""c"": 5, ""distinct"": 2, ""mode_count"": 8, ""least_count"": 1, ""color8_count"": 1, ""sum_colors"": 16, ""max_color"": 8, ""min_color"": 1, ""center"": 8, ""corner_sum"": 4, ""edge_sum"": 4, ""signature_freq"": [1, 1, 1, 1, 2, 1, 1, 1, 1], ""count_pattern"": [8, 1]}, {""r"": 2, ""c"": 1, ""distinct"": 2, ""mode_count"": 5, ""least_count"": 4, ""color8_count"": 5, ""sum_colors"": 44, ""max_color"": 8, ""min_color"": 1, ""center"": 8, ""corner_sum"": 25, ""edge_sum"": 11, ""signature_freq"": [1, 2, 1, 2, 1, 1, 2, 2, 1], ""count_pattern"": [5, 4]}, {""r"": 4, ""c"": 6, ""distinct"": 2, ""mode_count"": 7, ""least_count"": 2, ""color8_count"": 2, ""sum_colors"": 23, ""max_color"": 8, ""min_color"": 1, ""center"": 1, ""corner_sum"": 11, ""edge_sum"": 11, ""signature_freq"": [1, 1, 1, 1, 1, 1, 2, 2, 1], ""count_pattern"": [7, 2]}, {""r"": 6, ""c"": 0, ""distinct"": 1, ""mode_count"": 9, ""least_count"": 9, ""color8_count"": 9, ""sum_colors"": 72, ""max_color"": 8, ""min_color"": 8, ""center"": 8, ""corner_sum"": 32, ""edge_sum"": 32, ""signature_freq"": [1, 1, 1, 1, 1, 1, 1, 1, 1], ""count_pattern"": [9]}]"
132,"0,5",4,"{""r"": 0, ""c"": 5, ""distinct"": 2, ""mode_count"": 7, ""least_count"": 2, ""color8_count"": 2, ""sum_colors"": 23, ""max_color"": 8, ""min_color"": 1, ""center"": 1, ""corner_sum"": 11, ""edge_sum"": 11, ""signature_freq"": [1, 2, 1, 1, 1, 1, 1, 1, 2], ""count_pattern"": [7, 2]}","{""color8_count_min"": true, ""sum_colors_min"": true, ""center_min"": true, ""corner_sum_min"": true, ""edge_sum_min"": true}","[{""r"": 0, ""c"": 1, ""distinct"": 2, ""mode_count"": 7, ""least_count"": 2, ""color8_count"": 7, ""sum_colors"": 58, ""max_color"": 8, ""min_color"": 1, ""center"": 8, ""corner_sum"": 18, ""edge_sum"": 32, ""signature_freq"": [1, 1, 1, 1, 1, 1, 2, 1, 2], ""count_pattern"": [7, 2]}, {""r"": 0, ""c"": 5, ""distinct"": 2, ""mode_count"": 7, ""least_count"": 2, ""color8_count"": 2, ""sum_colors"": 23, ""max_color"": 8, ""min_color"": 1, ""center"": 1, ""corner_sum"": 11, ""edge_sum"": 11, ""signature_freq"": [1, 2, 1, 1, 1, 1, 1, 1, 2], ""count_pattern"": [7, 2]}, {""r"": 4, ""c"": 1, ""distinct"": 2, ""mode_count"": 8, ""least_count"": 1, ""color8_count"": 8, ""sum_colors"": 65, ""max_color"": 8, ""min_color"": 1, ""center"": 1, ""corner_sum"": 32, ""edge_sum"": 32, ""signature_freq"": [1, 1, 1, 1, 2, 1, 1, 1, 1], ""count_pattern"": [8, 1]}, {""r"": 5, ""c"": 6, ""distinct"": 2, ""mode_count"": 6, ""least_count"": 3, ""color8_count"": 6, ""sum_colors"": 51, ""max_color"": 8, ""min_color"": 1, ""center"": 8, ""corner_sum"": 25, ""edge_sum"": 18, ""signature_freq"": [2, 1, 1, 2, 1, 1, 1, 2, 1], ""count_pattern"": [6, 3]}]"
133,"1,0",4,"{""r"": 1, ""c"": 0, ""distinct"": 2, ""mode_count"": 8, ""least_count"": 1, ""color8_count"": 1, ""sum_colors"": 16, ""max_color"": 8, ""min_color"": 1, ""center"": 1, ""corner_sum"": 4, ""edge_sum"": 11, ""signature_freq"": [1, 1, 1, 1, 1, 1, 1, 2, 1], ""count_pattern"": [8, 1]}","{""color8_count_min"": true, ""sum_colors_min"": true, ""center_min"": true, ""corner_sum_min"": true, ""edge_sum_min"": true, ""col_major_first"": true}","[{""r"": 0, ""c"": 5, ""distinct"": 2, ""mode_count"": 8, ""least_count"": 1, ""color8_count"": 8, ""sum_colors"": 65, ""max_color"": 8, ""min_color"": 1, ""center"": 8, ""corner_sum"": 32, ""edge_sum"": 25, ""signature_freq"": [1, 1, 1, 2, 1, 1, 1, 1, 1], ""count_pattern"": [8, 1]}, {""r"": 1, ""c"": 0, ""distinct"": 2, ""mode_count"": 8, ""least_count"": 1, ""color8_count"": 1, ""sum_colors"": 16, ""max_color"": 8, ""min_color"": 1, ""center"": 1, ""corner_sum"": 4, ""edge_sum"": 11, ""signature_freq"": [1, 1, 1, 1, 1, 1, 1, 2, 1], ""count_pattern"": [8, 1]}, {""r"": 5, ""c"": 1, ""distinct"": 2, ""mode_count"": 5, ""least_count"": 4, ""color8_count"": 4, ""sum_colors"": 37, ""max_color"": 8, ""min_color"": 1, ""center"": 1, ""corner_sum"": 18, ""edge_sum"": 18, ""signature_freq"": [2, 1, 1, 1, 1, 2, 2, 2, 1], ""count_pattern"": [5, 4]}, {""r"": 5, ""c"": 6, ""distinct"": 1, ""mode_count"": 9, ""least_count"": 9, ""color8_count"": 9, ""sum_colors"": 72, ""max_color"": 8, ""min_color"": 8, ""center"": 8, ""corner_sum"": 32, ""edge_sum"": 32, ""signature_freq"": [1, 1, 1, 1, 1, 1, 1, 1, 1], ""count_pattern"": [9]}]"
134,"1,2",4,"{""r"": 1, ""c"": 2, ""distinct"": 2, ""mode_count"": 8, ""least_count"": 1, ""color8_count"": 1, ""sum_colors"": 16, ""max_color"": 8, ""min_color"": 1, ""center"": 1, ""corner_sum"": 4, ""edge_sum"": 11, ""signature_freq"": [1, 1, 1, 1, 1, 1, 1, 2, 1], ""count_pattern"": [8, 1]}","{""color8_count_min"": true, ""sum_colors_min"": true, ""center_min"": true, ""corner_sum_min"": true, ""col_major_first"": true}","[{""r"": 0, ""c"": 6, ""distinct"": 2, ""mode_count"": 8, ""least_count"": 1, ""color8_count"": 8, ""sum_colors"": 65, ""max_color"": 8, ""min_color"": 1, ""center"": 8, ""corner_sum"": 25, ""edge_sum"": 32, ""signature_freq"": [2, 1, 1, 1, 1, 1, 1, 1, 1], ""count_pattern"": [8, 1]}, {""r"": 1, ""c"": 2, ""distinct"": 2, ""mode_count"": 8, ""least_count"": 1, ""color8_count"": 1, ""sum_colors"": 16, ""max_color"": 8, ""min_color"": 1, ""center"": 1, ""corner_sum"": 4, ""edge_sum"": 11, ""signature_freq"": [1, 1, 1, 1, 1, 1, 1, 2, 1], ""count_pattern"": [8, 1]}, {""r"": 4, ""c"": 6, ""distinct"": 2, ""mode_count"": 7, ""least_count"": 2, ""color8_count"": 2, ""sum_colors"": 23, ""max_color"": 8, ""min_color"": 1, ""center"": 1, ""corner_sum"": 18, ""edge_sum"": 4, ""signature_freq"": [2, 1, 2, 1, 1, 1, 1, 1, 1], ""count_pattern"": [7, 2]}, {""r"": 6, ""c"": 2, ""distinct"": 2, ""mode_count"": 5, ""least_count"": 4, ""color8_count"": 4, ""sum_colors"": 37, ""max_color"": 8, ""min_color"": 1, ""center"": 1, ""corner_sum"": 18, ""edge_sum"": 18, ""signature_freq"": [2, 2, 2, 2, 1, 1, 1, 1, 1], ""count_pattern"": [5, 4]}]"
135,"2,1",4,"{""r"": 2, ""c"": 1, ""distinct"": 2, ""mode_count"": 7, ""least_count"": 2, ""color8_count"": 2, ""sum_colors"": 23, ""max_color"": 8, ""min_color"": 1, ""center"": 1, ""corner_sum"": 4, ""edge_sum"": 18, ""signature_freq"": [1, 2, 1, 1, 1, 2, 1, 1, 1], ""count_pattern"": [7, 2]}","{""least_count_min"": true, ""color8_count_min"": true, ""sum_colors_min"": true, ""center_min"": true, ""corner_sum_min"": true}","[{""r"": 0, ""c"": 5, ""distinct"": 2, ""mode_count"": 6, ""least_count"": 3, ""color8_count"": 6, ""sum_colors"": 51, ""max_color"": 8, ""min_color"": 1, ""center"": 8, ""corner_sum"": 32, ""edge_sum"": 11, ""signature_freq"": [1, 2, 1, 2, 1, 1, 1, 2, 1], ""count_pattern"": [6, 3]}, {""r"": 2, ""c"": 1, ""distinct"": 2, ""mode_count"": 7, ""least_count"": 2, ""color8_count"": 2, ""sum_colors"": 23, ""max_color"": 8, ""min_color"": 1, ""center"": 1, ""corner_sum"": 4, ""edge_sum"": 18, ""signature_freq"": [1, 2, 1, 1, 1, 2, 1, 1, 1], ""count_pattern"": [7, 2]}, {""r"": 5, ""c"": 5, ""distinct"": 2, ""mode_count"": 5, ""least_count"": 4, ""color8_count"": 4, ""sum_colors"": 37, ""max_color"": 8, ""min_color"": 1, ""center"": 8, ""corner_sum"": 11, ""edge_sum"": 18, ""signature_freq"": [1, 2, 1, 1, 2, 1, 2, 2, 1], ""count_pattern"": [5, 4]}, {""r"": 6, ""c"": 0, ""distinct"": 1, ""mode_count"": 9, ""least_count"": 9, ""color8_count"": 9, ""sum_colors"": 72, ""max_color"": 8, ""min_color"": 8, ""center"": 8, ""corner_sum"": 32, ""edge_sum"": 32, ""signature_freq"": [1, 1, 1, 1, 1, 1, 1, 1, 1], ""count_pattern"": [9]}]"
136,"6,6",4,"{""r"": 6, ""c"": 6, ""distinct"": 2, ""mode_count"": 7, ""least_count"": 2, ""color8_count"": 2, ""sum_colors"": 23, ""max_color"": 8, ""min_color"": 1, ""center"": 8, ""corner_sum"": 4, ""edge_sum"": 11, ""signature_freq"": [1, 1, 1, 2, 2, 1, 1, 1, 1], ""count_pattern"": [7, 2]}","{""mode_count_max"": true, ""least_count_min"": true, ""color8_count_min"": true, ""sum_colors_min"": true, ""edge_sum_min"": true, ""row_major_last"": true, ""col_major_last"": true}","[{""r"": 0, ""c"": 6, ""distinct"": 2, ""mode_count"": 6, ""least_count"": 3, ""color8_count"": 3, ""sum_colors"": 30, ""max_color"": 8, ""min_color"": 1, ""center"": 1, ""corner_sum"": 4, ""edge_sum"": 25, ""signature_freq"": [1, 2, 1, 2, 1, 2, 1, 1, 1], ""count_pattern"": [6, 3]}, {""r"": 1, ""c"": 1, ""distinct"": 2, ""mode_count"": 5, ""least_count"": 4, ""color8_count"": 4, ""sum_colors"": 37, ""max_color"": 8, ""min_color"": 1, ""center"": 8, ""corner_sum"": 11, ""edge_sum"": 18, ""signature_freq"": [1, 1, 2, 1, 2, 2, 1, 2, 1], ""count_pattern"": [5, 4]}, {""r"": 6, ""c"": 1, ""distinct"": 2, ""mode_count"": 6, ""least_count"": 3, ""color8_count"": 6, ""sum_colors"": 51, ""max_color"": 8, ""min_color"": 1, ""center"": 8, ""corner_sum"": 18, ""edge_sum"": 25, ""signature_freq"": [1, 2, 1, 1, 1, 1, 2, 1, 2], ""count_pattern"": [6, 3]}, {""r"": 6, ""c"": 6, ""distinct"": 2, ""mode_count"": 7, ""least_count"": 2, ""color8_count"": 2, ""sum_colors"": 23, ""max_color"": 8, ""min_color"": 1, ""center"": 8, ""corner_sum"": 4, ""edge_sum"": 11, ""signature_freq"": [1, 1, 1, 2, 2, 1, 1, 1, 1], ""count_pattern"": [7, 2]}]"
137,"5,6",4,"{""r"": 5, ""c"": 6, ""distinct"": 2, ""mode_count"": 8, ""least_count"": 1, ""color8_count"": 1, ""sum_colors"": 16, ""max_color"": 8, ""min_color"": 1, ""center"": 1, ""corner_sum"": 4, ""edge_sum"": 11, ""signature_freq"": [1, 1, 1, 1, 1, 1, 1, 2, 1], ""count_pattern"": [8, 1]}","{""mode_count_max"": true, ""least_count_min"": true, ""color8_count_min"": true, ""sum_colors_min"": true, ""corner_sum_min"": true, ""col_major_last"": true}","[{""r"": 0, ""c"": 6, ""distinct"": 2, ""mode_count"": 5, ""least_count"": 4, ""color8_count"": 4, ""sum_colors"": 37, ""max_color"": 8, ""min_color"": 1, ""center"": 1, ""corner_sum"": 18, ""edge_sum"": 18, ""signature_freq"": [2, 1, 2, 2, 1, 2, 1, 1, 1], ""count_pattern"": [5, 4]}, {""r"": 2, ""c"": 2, ""distinct"": 2, ""mode_count"": 7, ""least_count"": 2, ""color8_count"": 2, ""sum_colors"": 23, ""max_color"": 8, ""min_color"": 1, ""center"": 1, ""corner_sum"": 11, ""edge_sum"": 11, ""signature_freq"": [2, 1, 1, 1, 1, 1, 1, 2, 1], ""count_pattern"": [7, 2]}, {""r"": 5, ""c"": 6, ""distinct"": 2, ""mode_count"": 8, ""least_count"": 1, ""color8_count"": 1, ""sum_colors"": 16, ""max_color"": 8, ""min_color"": 1, ""center"": 1, ""corner_sum"": 4, ""edge_sum"": 11, ""signature_freq"": [1, 1, 1, 1, 1, 1, 1, 2, 1], ""count_pattern"": [8, 1]}, {""r"": 6, ""c"": 2, ""distinct"": 2, ""mode_count"": 6, ""least_count"": 3, ""color8_count"": 3, ""sum_colors"": 30, ""max_color"": 8, ""min_color"": 1, ""center"": 8, ""corner_sum"": 11, ""edge_sum"": 11, ""signature_freq"": [1, 1, 1, 1, 2, 2, 1, 1, 2], ""count_pattern"": [6, 3]}]"
138,"1,1",4,"{""r"": 1, ""c"": 1, ""distinct"": 2, ""mode_count"": 8, ""least_count"": 1, ""color8_count"": 1, ""sum_colors"": 16, ""max_color"": 8, ""min_color"": 1, ""center"": 1, ""corner_sum"": 4, ""edge_sum"": 11, ""signature_freq"": [1, 1, 1, 2, 1, 1, 1, 1, 1], ""count_pattern"": [8, 1]}","{""distinct_min"": true, ""distinct_max"": true, ""mode_count_max"": true, ""least_count_min"": true, ""color8_count_min"": true, ""sum_colors_min"": true, ""max_color_min"": true, ""max_color_max"": true, ""min_color_min"": true, ""min_color_max"": true, ""center_min"": true, ""corner_sum_min"": true, ""edge_sum_min"": true, ""row_major_first"": true, ""col_major_first"": true}","[{""r"": 1, ""c"": 1, ""distinct"": 2, ""mode_count"": 8, ""least_count"": 1, ""color8_count"": 1, ""sum_colors"": 16, ""max_color"": 8, ""min_color"": 1, ""center"": 1, ""corner_sum"": 4, ""edge_sum"": 11, ""signature_freq"": [1, 1, 1, 2, 1, 1, 1, 1, 1], ""count_pattern"": [8, 1]}, {""r"": 1, ""c"": 6, ""distinct"": 2, ""mode_count"": 7, ""least_count"": 2, ""color8_count"": 2, ""sum_colors"": 23, ""max_color"": 8, ""min_color"": 1, ""center"": 8, ""corner_sum"": 4, ""edge_sum"": 11, ""signature_freq"": [1, 1, 1, 1, 2, 1, 1, 2, 1], ""count_pattern"": [7, 2]}, {""r"": 5, ""c"": 2, ""distinct"": 2, ""mode_count"": 6, ""least_count"": 3, ""color8_count"": 3, ""sum_colors"": 30, ""max_color"": 8, ""min_color"": 1, ""center"": 1, ""corner_sum"": 11, ""edge_sum"": 18, ""signature_freq"": [2, 2, 1, 1, 1, 2, 1, 1, 1], ""count_pattern"": [6, 3]}, {""r"": 6, ""c"": 6, ""distinct"": 2, ""mode_count"": 7, ""least_count"": 2, ""color8_count"": 7, ""sum_colors"": 58, ""max_color"": 8, ""min_color"": 1, ""center"": 8, ""corner_sum"": 32, ""edge_sum"": 18, ""signature_freq"": [1, 1, 1, 1, 1, 2, 1, 2, 1], ""count_pattern"": [7, 2]}]"
139,"1,2",4,"{""r"": 1, ""c"": 2, ""distinct"": 2, ""mode_count"": 5, ""least_count"": 4, ""color8_count"": 4, ""sum_colors"": 37, ""max_color"": 8, ""min_color"": 1, ""center"": 8, ""corner_sum"": 11, ""edge_sum"": 18, ""signature_freq"": [2, 2, 1, 2, 2, 1, 1, 1, 1], ""count_pattern"": [5, 4]}","{""distinct_max"": true, ""mode_count_min"": true, ""color8_count_min"": true, ""sum_colors_min"": true, ""max_color_min"": true, ""max_color_max"": true, ""min_color_min"": true, ""center_max"": true, ""corner_sum_min"": true, ""edge_sum_min"": true, ""row_major_first"": true}","[{""r"": 1, ""c"": 2, ""distinct"": 2, ""mode_count"": 5, ""least_count"": 4, ""color8_count"": 4, ""sum_colors"": 37, ""max_color"": 8, ""min_color"": 1, ""center"": 8, ""corner_sum"": 11, ""edge_sum"": 18, ""signature_freq"": [2, 2, 1, 2, 2, 1, 1, 1, 1], ""count_pattern"": [5, 4]}, {""r"": 1, ""c"": 6, ""distinct"": 2, ""mode_count"": 7, ""least_count"": 2, ""color8_count"": 7, ""sum_colors"": 58, ""max_color"": 8, ""min_color"": 1, ""center"": 8, ""corner_sum"": 25, ""edge_sum"": 25, ""signature_freq"": [1, 2, 2, 1, 1, 1, 1, 1, 1], ""count_pattern"": [7, 2]}, {""r"": 5, ""c"": 0, ""distinct"": 2, ""mode_count"": 5, ""least_count"": 4, ""color8_count"": 5, ""sum_colors"": 44, ""max_color"": 8, ""min_color"": 1, ""center"": 1, ""corner_sum"": 18, ""edge_sum"": 25, ""signature_freq"": [2, 1, 1, 1, 2, 1, 1, 2, 2], ""count_pattern"": [5, 4]}, {""r"": 6, ""c"": 6, ""distinct"": 1, ""mode_count"": 9, ""least_count"": 9, ""color8_count"": 9, ""sum_colors"": 72, ""max_color"": 8, ""min_color"": 8, ""center"": 8, ""corner_sum"": 32, ""edge_sum"": 32, ""signature_freq"": [1, 1, 1, 1, 1, 1, 1, 1, 1], ""count_pattern"": [9]}]"
140,"6,4",4,"{""r"": 6, ""c"": 4, ""distinct"": 2, ""mode_count"": 7, ""least_count"": 2, ""color8_count"": 2, ""sum_colors"": 23, ""max_color"": 8, ""min_color"": 1, ""center"": 1, ""corner_sum"": 18, ""edge_sum"": 4, ""signature_freq"": [2, 1, 1, 1, 1, 1, 2, 1, 1], ""count_pattern"": [7, 2]}","{""mode_count_max"": true, ""least_count_min"": true, ""color8_count_min"": true, ""sum_colors_min"": true, ""edge_sum_min"": true, ""row_major_last"": true}","[{""r"": 0, ""c"": 1, ""distinct"": 2, ""mode_count"": 5, ""least_count"": 4, ""color8_count"": 5, ""sum_colors"": 44, ""max_color"": 8, ""min_color"": 1, ""center"": 8, ""corner_sum"": 18, ""edge_sum"": 18, ""signature_freq"": [2, 1, 2, 1, 1, 2, 1, 2, 1], ""count_pattern"": [5, 4]}, {""r"": 0, ""c"": 6, ""distinct"": 2, ""mode_count"": 6, ""least_count"": 3, ""color8_count"": 3, ""sum_colors"": 30, ""max_color"": 8, ""min_color"": 1, ""center"": 1, ""corner_sum"": 18, ""edge_sum"": 11, ""signature_freq"": [2, 1, 2, 1, 1, 1, 1, 2, 1], ""count_pattern"": [6, 3]}, {""r"": 4, ""c"": 0, ""distinct"": 2, ""mode_count"": 6, ""least_count"": 3, ""color8_count"": 6, ""sum_colors"": 51, ""max_color"": 8, ""min_color"": 1, ""center"": 1, ""corner_sum"": 18, ""edge_sum"": 32, ""signature_freq"": [1, 1, 2, 1, 2, 1, 2, 1, 1], ""count_pattern"": [6, 3]}, {""r"": 6, ""c"": 4, ""distinct"": 2, ""mode_count"": 7, ""least_count"": 2, ""color8_count"": 2, ""sum_colors"": 23, ""max_color"": 8, ""min_color"": 1, ""center"": 1, ""corner_sum"": 18, ""edge_sum"": 4, ""signature_freq"": [2, 1, 1, 1, 1, 1, 2, 1, 1], ""count_pattern"": [7, 2]}]"
141,"6,1",4,"{""r"": 6, ""c"": 1, ""distinct"": 2, ""mode_count"": 8, ""least_count"": 1, ""color8_count"": 1, ""sum_colors"": 16, ""max_color"": 8, ""min_color"": 1, ""center"": 1, ""corner_sum"": 4, ""edge_sum"": 11, ""signature_freq"": [1, 1, 1, 2, 1, 1, 1, 1, 1], ""count_pattern"": [8, 1]}","{""color8_count_min"": true, ""sum_colors_min"": true, ""corner_sum_min"": true, ""edge_sum_min"": true, ""row_major_last"": true}","[{""r"": 1, ""c"": 1, ""distinct"": 2, ""mode_count"": 5, ""least_count"": 4, ""color8_count"": 4, ""sum_colors"": 37, ""max_color"": 8, ""min_color"": 1, ""center"": 1, ""corner_sum"": 18, ""edge_sum"": 18, ""signature_freq"": [2, 2, 1, 2, 1, 1, 1, 1, 2], ""count_pattern"": [5, 4]}, {""r"": 1, ""c"": 5, ""distinct"": 2, ""mode_count"": 7, ""least_count"": 2, ""color8_count"": 7, ""sum_colors"": 58, ""max_color"": 8, ""min_color"": 1, ""center"": 8, ""corner_sum"": 18, ""edge_sum"": 32, ""signature_freq"": [1, 1, 2, 1, 1, 1, 2, 1, 1], ""count_pattern"": [7, 2]}, {""r"": 5, ""c"": 5, ""distinct"": 2, ""mode_count"": 8, ""least_count"": 1, ""color8_count"": 8, ""sum_colors"": 65, ""max_color"": 8, ""min_color"": 1, ""center"": 8, ""corner_sum"": 25, ""edge_sum"": 32, ""signature_freq"": [1, 1, 1, 1, 1, 1, 1, 1, 2], ""count_pattern"": [8, 1]}, {""r"": 6, ""c"": 1, ""distinct"": 2, ""mode_count"": 8, ""least_count"": 1, ""color8_count"": 1, ""sum_colors"": 16, ""max_color"": 8, ""min_color"": 1, ""center"": 1, ""corner_sum"": 4, ""edge_sum"": 11, ""signature_freq"": [1, 1, 1, 2, 1, 1, 1, 1, 1], ""count_pattern"": [8, 1]}]"
142,"0,0",4,"{""r"": 0, ""c"": 0, ""distinct"": 2, ""mode_count"": 8, ""least_count"": 1, ""color8_count"": 1, ""sum_colors"": 16, ""max_color"": 8, ""min_color"": 1, ""center"": 1, ""corner_sum"": 4, ""edge_sum"": 11, ""signature_freq"": [1, 1, 1, 2, 1, 1, 1, 1, 1], ""count_pattern"": [8, 1]}","{""distinct_min"": true, ""distinct_max"": true, ""mode_count_max"": true, ""least_count_min"": true, ""color8_count_min"": true, ""sum_colors_min"": true, ""max_color_min"": true, ""max_color_max"": true, ""min_color_min"": true, ""min_color_max"": true, ""center_min"": true, ""corner_sum_min"": true, ""edge_sum_min"": true, ""row_major_first"": true, ""col_major_first"": true}","[{""r"": 0, ""c"": 0, ""distinct"": 2, ""mode_count"": 8, ""least_count"": 1, ""color8_count"": 1, ""sum_colors"": 16, ""max_color"": 8, ""min_color"": 1, ""center"": 1, ""corner_sum"": 4, ""edge_sum"": 11, ""signature_freq"": [1, 1, 1, 2, 1, 1, 1, 1, 1], ""count_pattern"": [8, 1]}, {""r"": 1, ""c"": 6, ""distinct"": 2, ""mode_count"": 7, ""least_count"": 2, ""color8_count"": 7, ""sum_colors"": 58, ""max_color"": 8, ""min_color"": 1, ""center"": 8, ""corner_sum"": 25, ""edge_sum"": 25, ""signature_freq"": [1, 1, 1, 2, 1, 1, 2, 1, 1], ""count_pattern"": [7, 2]}, {""r"": 4, ""c"": 0, ""distinct"": 2, ""mode_count"": 6, ""least_count"": 3, ""color8_count"": 6, ""sum_colors"": 51, ""max_color"": 8, ""min_color"": 1, ""center"": 8, ""corner_sum"": 25, ""edge_sum"": 18, ""signature_freq"": [1, 2, 2, 1, 1, 2, 1, 1, 1], ""count_pattern"": [6, 3]}, {""r"": 5, ""c"": 6, ""distinct"": 2, ""mode_count"": 6, ""least_count"": 3, ""color8_count"": 3, ""sum_colors"": 30, ""max_color"": 8, ""min_color"": 1, ""center"": 8, ""corner_sum"": 11, ""edge_sum"": 11, ""signature_freq"": [2, 1, 1, 2, 2, 1, 1, 1, 1], ""count_pattern"": [6, 3]}]"
143,"1,6",4,"{""r"": 1, ""c"": 6, ""distinct"": 2, ""mode_count"": 8, ""least_count"": 1, ""color8_count"": 1, ""sum_colors"": 16, ""max_color"": 8, ""min_color"": 1, ""center"": 8, ""corner_sum"": 4, ""edge_sum"": 4, ""signature_freq"": [1, 1, 1, 1, 2, 1, 1, 1, 1], ""count_pattern"": [8, 1]}","{""mode_count_max"": true, ""least_count_min"": true, ""color8_count_min"": true, ""sum_colors_min"": true, ""corner_sum_min"": true, ""edge_sum_min"": true}","[{""r"": 0, ""c"": 1, ""distinct"": 2, ""mode_count"": 7, ""least_count"": 2, ""color8_count"": 7, ""sum_colors"": 58, ""max_color"": 8, ""min_color"": 1, ""center"": 8, ""corner_sum"": 18, ""edge_sum"": 32, ""signature_freq"": [1, 1, 2, 1, 1, 1, 2, 1, 1], ""count_pattern"": [7, 2]}, {""r"": 1, ""c"": 6, ""distinct"": 2, ""mode_count"": 8, ""least_count"": 1, ""color8_count"": 1, ""sum_colors"": 16, ""max_color"": 8, ""min_color"": 1, ""center"": 8, ""corner_sum"": 4, ""edge_sum"": 4, ""signature_freq"": [1, 1, 1, 1, 2, 1, 1, 1, 1], ""count_pattern"": [8, 1]}, {""r"": 6, ""c"": 1, ""distinct"": 2, ""mode_count"": 7, ""least_count"": 2, ""color8_count"": 2, ""sum_colors"": 23, ""max_color"": 8, ""min_color"": 1, ""center"": 1, ""corner_sum"": 11, ""edge_sum"": 11, ""signature_freq"": [1, 1, 1, 1, 1, 1, 2, 2, 1], ""count_pattern"": [7, 2]}, {""r"": 6, ""c"": 6, ""distinct"": 2, ""mode_count"": 5, ""least_count"": 4, ""color8_count"": 4, ""sum_colors"": 37, ""max_color"": 8, ""min_color"": 1, ""center"": 8, ""corner_sum"": 11, ""edge_sum"": 18, ""signature_freq"": [2, 2, 1, 1, 2, 2, 1, 1, 1], ""count_pattern"": [5, 4]}]"
144,"6,6",4,"{""r"": 6, ""c"": 6, ""distinct"": 2, ""mode_count"": 5, ""least_count"": 4, ""color8_count"": 4, ""sum_colors"": 37, ""max_color"": 8, ""min_color"": 1, ""center"": 8, ""corner_sum"": 11, ""edge_sum"": 18, ""signature_freq"": [2, 1, 1, 2, 2, 2, 1, 1, 1], ""count_pattern"": [5, 4]}","{""color8_count_min"": true, ""sum_colors_min"": true, ""edge_sum_min"": true, ""row_major_last"": true, ""col_major_last"": true}","[{""r"": 0, ""c"": 0, ""distinct"": 2, ""mode_count"": 8, ""least_count"": 1, ""color8_count"": 8, ""sum_colors"": 65, ""max_color"": 8, ""min_color"": 1, ""center"": 8, ""corner_sum"": 25, ""edge_sum"": 32, ""signature_freq"": [2, 1, 1, 1, 1, 1, 1, 1, 1], ""count_pattern"": [8, 1]}, {""r"": 0, ""c"": 4, ""distinct"": 2, ""mode_count"": 5, ""least_count"": 4, ""color8_count"": 5, ""sum_colors"": 44, ""max_color"": 8, ""min_color"": 1, ""center"": 8, ""corner_sum"": 11, ""edge_sum"": 25, ""signature_freq"": [1, 1, 2, 2, 1, 1, 2, 1, 2], ""count_pattern"": [5, 4]}, {""r"": 6, ""c"": 1, ""distinct"": 2, ""mode_count"": 7, ""least_count"": 2, ""color8_count"": 7, ""sum_colors"": 58, ""max_color"": 8, ""min_color"": 1, ""center"": 8, ""corner_sum"": 25, ""edge_sum"": 25, ""signature_freq"": [1, 1, 1, 2, 1, 1, 1, 1, 2], ""count_pattern"": [7, 2]}, {""r"": 6, ""c"": 6, ""distinct"": 2, ""mode_count"": 5, ""least_count"": 4, ""color8_count"": 4, ""sum_colors"": 37, ""max_color"": 8, ""min_color"": 1, ""center"": 8, ""corner_sum"": 11, ""edge_sum"": 18, ""signature_freq"": [2, 1, 1, 2, 2, 2, 1, 1, 1], ""count_pattern"": [5, 4]}]"
145,"5,6",4,"{""r"": 5, ""c"": 6, ""distinct"": 2, ""mode_count"": 8, ""least_count"": 1, ""color8_count"": 1, ""sum_colors"": 16, ""max_color"": 8, ""min_color"": 1, ""center"": 1, ""corner_sum"": 11, ""edge_sum"": 4, ""signature_freq"": [1, 1, 2, 1, 1, 1, 1, 1, 1], ""count_pattern"": [8, 1]}","{""mode_count_max"": true, ""least_count_min"": true, ""color8_count_min"": true, ""sum_colors_min"": true, ""col_major_last"": true}","[{""r"": 0, ""c"": 0, ""distinct"": 2, ""mode_count"": 5, ""least_count"": 4, ""color8_count"": 5, ""sum_colors"": 44, ""max_color"": 8, ""min_color"": 1, ""center"": 1, ""corner_sum"": 25, ""edge_sum"": 18, ""signature_freq"": [1, 1, 2, 1, 2, 2, 1, 2, 1], ""count_pattern"": [5, 4]}, {""r"": 0, ""c"": 5, ""distinct"": 2, ""mode_count"": 7, ""least_count"": 2, ""color8_count"": 2, ""sum_colors"": 23, ""max_color"": 8, ""min_color"": 1, ""center"": 8, ""corner_sum"": 11, ""edge_sum"": 4, ""signature_freq"": [1, 1, 1, 1, 2, 1, 1, 1, 2], ""count_pattern"": [7, 2]}, {""r"": 5, ""c"": 6, ""distinct"": 2, ""mode_count"": 8, ""least_count"": 1, ""color8_count"": 1, ""sum_colors"": 16, ""max_color"": 8, ""min_color"": 1, ""center"": 1, ""corner_sum"": 11, ""edge_sum"": 4, ""signature_freq"": [1, 1, 2, 1, 1, 1, 1, 1, 1], ""count_pattern"": [8, 1]}, {""r"": 6, ""c"": 1, ""distinct"": 2, ""mode_count"": 6, ""least_count"": 3, ""color8_count"": 3, ""sum_colors"": 30, ""max_color"": 8, ""min_color"": 1, ""center"": 8, ""corner_sum"": 11, ""edge_sum"": 11, ""signature_freq"": [1, 1, 1, 2, 2, 1, 1, 1, 2], ""count_pattern"": [6, 3]}]"
146,"5,2",4,"{""r"": 5, ""c"": 2, ""distinct"": 2, ""mode_count"": 6, ""least_count"": 3, ""color8_count"": 3, ""sum_colors"": 30, ""max_color"": 8, ""min_color"": 1, ""center"": 1, ""corner_sum"": 18, ""edge_sum"": 11, ""signature_freq"": [2, 2, 1, 1, 1, 1, 1, 1, 2], ""count_pattern"": [6, 3]}","{""color8_count_min"": true, ""sum_colors_min"": true, ""center_min"": true, ""corner_sum_min"": true, ""row_major_last"": true}","[{""r"": 0, ""c"": 6, ""distinct"": 2, ""mode_count"": 5, ""least_count"": 4, ""color8_count"": 5, ""sum_colors"": 44, ""max_color"": 8, ""min_color"": 1, ""center"": 8, ""corner_sum"": 25, ""edge_sum"": 11, ""signature_freq"": [1, 2, 1, 1, 1, 2, 2, 2, 1], ""count_pattern"": [5, 4]}, {""r"": 1, ""c"": 0, ""distinct"": 2, ""mode_count"": 7, ""least_count"": 2, ""color8_count"": 7, ""sum_colors"": 58, ""max_color"": 8, ""min_color"": 1, ""center"": 8, ""corner_sum"": 25, ""edge_sum"": 25, ""signature_freq"": [1, 1, 1, 1, 1, 2, 1, 1, 2], ""count_pattern"": [7, 2]}, {""r"": 4, ""c"": 6, ""distinct"": 2, ""mode_count"": 8, ""least_count"": 1, ""color8_count"": 8, ""sum_colors"": 65, ""max_color"": 8, ""min_color"": 1, ""center"": 8, ""corner_sum"": 25, ""edge_sum"": 32, ""signature_freq"": [1, 1, 2, 1, 1, 1, 1, 1, 1], ""count_pattern"": [8, 1]}, {""r"": 5, ""c"": 2, ""distinct"": 2, ""mode_count"": 6, ""least_count"": 3, ""color8_count"": 3, ""sum_colors"": 30, ""max_color"": 8, ""min_color"": 1, ""center"": 1, ""corner_sum"": 18, ""edge_sum"": 11, ""signature_freq"": [2, 2, 1, 1, 1, 1, 1, 1, 2], ""count_pattern"": [6, 3]}]"
147,"6,0",4,"{""r"": 6, ""c"": 0, ""distinct"": 2, ""mode_count"": 6, ""least_count"": 3, ""color8_count"": 3, ""sum_colors"": 30, ""max_color"": 8, ""min_color"": 1, ""center"": 1, ""corner_sum"": 4, ""edge_sum"": 25, ""signature_freq"": [1, 2, 1, 2, 1, 2, 1, 1, 1], ""count_pattern"": [6, 3]}","{""color8_count_min"": true, ""sum_colors_min"": true, ""center_min"": true, ""corner_sum_min"": true, ""row_major_last"": true}","[{""r"": 0, ""c"": 5, ""distinct"": 2, ""mode_count"": 8, ""least_count"": 1, ""color8_count"": 8, ""sum_colors"": 65, ""max_color"": 8, ""min_color"": 1, ""center"": 8, ""corner_sum"": 32, ""edge_sum"": 25, ""signature_freq"": [1, 2, 1, 1, 1, 1, 1, 1, 1], ""count_pattern"": [8, 1]}, {""r"": 2, ""c"": 0, ""distinct"": 2, ""mode_count"": 5, ""least_count"": 4, ""color8_count"": 5, ""sum_colors"": 44, ""max_color"": 8, ""min_color"": 1, ""center"": 8, ""corner_sum"": 18, ""edge_sum"": 18, ""signature_freq"": [1, 2, 2, 1, 1, 1, 1, 2, 2], ""count_pattern"": [5, 4]}, {""r"": 5, ""c"": 4, ""distinct"": 1, ""mode_count"": 9, ""least_count"": 9, ""color8_count"": 9, ""sum_colors"": 72, ""max_color"": 8, ""min_color"": 8, ""center"": 8, ""corner_sum"": 32, ""edge_sum"": 32, ""signature_freq"": [1, 1, 1, 1, 1, 1, 1, 1, 1], ""count_pattern"": [9]}, {""r"": 6, ""c"": 0, ""distinct"": 2, ""mode_count"": 6, ""least_count"": 3, ""color8_count"": 3, ""sum_colors"": 30, ""max_color"": 8, ""min_color"": 1, ""center"": 1, ""corner_sum"": 4, ""edge_sum"": 25, ""signature_freq"": [1, 2, 1, 2, 1, 2, 1, 1, 1], ""count_pattern"": [6, 3]}]"
148,"1,0",4,"{""r"": 1, ""c"": 0, ""distinct"": 2, ""mode_count"": 8, ""least_count"": 1, ""color8_count"": 1, ""sum_colors"": 16, ""max_color"": 8, ""min_color"": 1, ""center"": 1, ""corner_sum"": 4, ""edge_sum"": 11, ""signature_freq"": [1, 1, 1, 1, 1, 1, 1, 2, 1], ""count_pattern"": [8, 1]}","{""least_count_min"": true, ""color8_count_min"": true, ""sum_colors_min"": true, ""center_min"": true, ""corner_sum_min"": true, ""edge_sum_min"": true, ""col_major_first"": true}","[{""r"": 0, ""c"": 5, ""distinct"": 2, ""mode_count"": 7, ""least_count"": 2, ""color8_count"": 7, ""sum_colors"": 58, ""max_color"": 8, ""min_color"": 1, ""center"": 8, ""corner_sum"": 25, ""edge_sum"": 25, ""signature_freq"": [1, 1, 2, 1, 1, 2, 1, 1, 1], ""count_pattern"": [7, 2]}, {""r"": 1, ""c"": 0, ""distinct"": 2, ""mode_count"": 8, ""least_count"": 1, ""color8_count"": 1, ""sum_colors"": 16, ""max_color"": 8, ""min_color"": 1, ""center"": 1, ""corner_sum"": 4, ""edge_sum"": 11, ""signature_freq"": [1, 1, 1, 1, 1, 1, 1, 2, 1], ""count_pattern"": [8, 1]}, {""r"": 5, ""c"": 0, ""distinct"": 1, ""mode_count"": 9, ""least_count"": 9, ""color8_count"": 9, ""sum_colors"": 72, ""max_color"": 8, ""min_color"": 8, ""center"": 8, ""corner_sum"": 32, ""edge_sum"": 32, ""signature_freq"": [1, 1, 1, 1, 1, 1, 1, 1, 1], ""count_pattern"": [9]}, {""r"": 5, ""c"": 5, ""distinct"": 2, ""mode_count"": 8, ""least_count"": 1, ""color8_count"": 8, ""sum_colors"": 65, ""max_color"": 8, ""min_color"": 1, ""center"": 1, ""corner_sum"": 32, ""edge_sum"": 32, ""signature_freq"": [1, 1, 1, 1, 2, 1, 1, 1, 1], ""count_pattern"": [8, 1]}]"
149,"2,6",4,"{""r"": 2, ""c"": 6, ""distinct"": 2, ""mode_count"": 6, ""least_count"": 3, ""color8_count"": 3, ""sum_colors"": 30, ""max_color"": 8, ""min_color"": 1, ""center"": 1, ""corner_sum"": 18, ""edge_sum"": 11, ""signature_freq"": [2, 1, 1, 1, 1, 2, 1, 1, 2], ""count_pattern"": [6, 3]}","{""color8_count_min"": true, ""sum_colors_min"": true, ""edge_sum_min"": true}","[{""r"": 0, ""c"": 1, ""distinct"": 2, ""mode_count"": 7, ""least_count"": 2, ""color8_count"": 7, ""sum_colors"": 58, ""max_color"": 8, ""min_color"": 1, ""center"": 1, ""corner_sum"": 32, ""edge_sum"": 25, ""signature_freq"": [1, 1, 1, 1, 2, 1, 1, 2, 1], ""count_pattern"": [7, 2]}, {""r"": 2, ""c"": 6, ""distinct"": 2, ""mode_count"": 6, ""least_count"": 3, ""color8_count"": 3, ""sum_colors"": 30, ""max_color"": 8, ""min_color"": 1, ""center"": 1, ""corner_sum"": 18, ""edge_sum"": 11, ""signature_freq"": [2, 1, 1, 1, 1, 2, 1, 1, 2], ""count_pattern"": [6, 3]}, {""r"": 4, ""c"": 0, ""distinct"": 2, ""mode_count"": 8, ""least_count"": 1, ""color8_count"": 8, ""sum_colors"": 65, ""max_color"": 8, ""min_color"": 1, ""center"": 8, ""corner_sum"": 25, ""edge_sum"": 32, ""signature_freq"": [2, 1, 1, 1, 1, 1, 1, 1, 1], ""count_pattern"": [8, 1]}, {""r"": 6, ""c"": 6, ""distinct"": 2, ""mode_count"": 5, ""least_count"": 4, ""color8_count"": 4, ""sum_colors"": 37, ""max_color"": 8, ""min_color"": 1, ""center"": 8, ""corner_sum"": 4, ""edge_sum"": 25, ""signature_freq"": [1, 2, 1, 2, 2, 2, 1, 1, 1], ""count_pattern"": [5, 4]}]"
150,"5,6",4,"{""r"": 5, ""c"": 6, ""distinct"": 2, ""mode_count"": 8, ""least_count"": 1, ""color8_count"": 1, ""sum_colors"": 16, ""max_color"": 8, ""min_color"": 1, ""center"": 1, ""corner_sum"": 4, ""edge_sum"": 11, ""signature_freq"": [1, 2, 1, 1, 1, 1, 1, 1, 1], ""count_pattern"": [8, 1]}","{""least_count_min"": true, ""color8_count_min"": true, ""sum_colors_min"": true, ""corner_sum_min"": true, ""edge_sum_min"": true, ""row_major_last"": true, ""col_major_last"": true}","[{""r"": 0, ""c"": 2, ""distinct"": 2, ""mode_count"": 5, ""least_count"": 4, ""color8_count"": 5, ""sum_colors"": 44, ""max_color"": 8, ""min_color"": 1, ""center"": 8, ""corner_sum"": 18, ""edge_sum"": 18, ""signature_freq"": [2, 2, 2, 1, 1, 1, 1, 2, 1], ""count_pattern"": [5, 4]}, {""r"": 1, ""c"": 6, ""distinct"": 1, ""mode_count"": 9, ""least_count"": 9, ""color8_count"": 9, ""sum_colors"": 72, ""max_color"": 8, ""min_color"": 8, ""center"": 8, ""corner_sum"": 32, ""edge_sum"": 32, ""signature_freq"": [1, 1, 1, 1, 1, 1, 1, 1, 1], ""count_pattern"": [9]}, {""r"": 5, ""c"": 1, ""distinct"": 2, ""mode_count"": 6, ""least_count"": 3, ""color8_count"": 3, ""sum_colors"": 30, ""max_color"": 8, ""min_color"": 1, ""center"": 1, ""corner_sum"": 11, ""edge_sum"": 18, ""signature_freq"": [1, 2, 2, 1, 1, 2, 1, 1, 1], ""count_pattern"": [6, 3]}, {""r"": 5, ""c"": 6, ""distinct"": 2, ""mode_count"": 8, ""least_count"": 1, ""color8_count"": 1, ""sum_colors"": 16, ""max_color"": 8, ""min_color"": 1, ""center"": 1, ""corner_sum"": 4, ""edge_sum"": 11, ""signature_freq"": [1, 2, 1, 1, 1, 1, 1, 1, 1], ""count_pattern"": [8, 1]}]"
151,"5,5",4,"{""r"": 5, ""c"": 5, ""distinct"": 2, ""mode_count"": 8, ""least_count"": 1, ""color8_count"": 1, ""sum_colors"": 16, ""max_color"": 8, ""min_color"": 1, ""center"": 1, ""corner_sum"": 11, ""edge_sum"": 4, ""signature_freq"": [1, 1, 2, 1, 1, 1, 1, 1, 1], ""count_pattern"": [8, 1]}","{""mode_count_max"": true, ""least_count_min"": true, ""color8_count_min"": true, ""sum_colors_min"": true, ""edge_sum_min"": true, ""row_major_last"": true}","[{""r"": 1, ""c"": 2, ""distinct"": 2, ""mode_count"": 6, ""least_count"": 3, ""color8_count"": 3, ""sum_colors"": 30, ""max_color"": 8, ""min_color"": 1, ""center"": 1, ""corner_sum"": 11, ""edge_sum"": 18, ""signature_freq"": [1, 1, 1, 1, 1, 2, 1, 2, 2], ""count_pattern"": [6, 3]}, {""r"": 1, ""c"": 6, ""distinct"": 2, ""mode_count"": 6, ""least_count"": 3, ""color8_count"": 6, ""sum_colors"": 51, ""max_color"": 8, ""min_color"": 1, ""center"": 1, ""corner_sum"": 25, ""edge_sum"": 25, ""signature_freq"": [2, 1, 1, 2, 2, 1, 1, 1, 1], ""count_pattern"": [6, 3]}, {""r"": 5, ""c"": 1, ""distinct"": 2, ""mode_count"": 5, ""least_count"": 4, ""color8_count"": 5, ""sum_colors"": 44, ""max_color"": 8, ""min_color"": 1, ""center"": 8, ""corner_sum"": 18, ""edge_sum"": 18, ""signature_freq"": [2, 2, 2, 1, 1, 2, 1, 1, 1], ""count_pattern"": [5, 4]}, {""r"": 5, ""c"": 5, ""distinct"": 2, ""mode_count"": 8, ""least_count"": 1, ""color8_count"": 1, ""sum_colors"": 16, ""max_color"": 8, ""min_color"": 1, ""center"": 1, ""corner_sum"": 11, ""edge_sum"": 4, ""signature_freq"": [1, 1, 2, 1, 1, 1, 1, 1, 1], ""count_pattern"": [8, 1]}]"
152,"2,5",4,"{""r"": 2, ""c"": 5, ""distinct"": 2, ""mode_count"": 8, ""least_count"": 1, ""color8_count"": 1, ""sum_colors"": 16, ""max_color"": 8, ""min_color"": 1, ""center"": 1, ""corner_sum"": 11, ""edge_sum"": 4, ""signature_freq"": [1, 1, 1, 1, 1, 1, 2, 1, 1], ""count_pattern"": [8, 1]}","{""least_count_min"": true, ""color8_count_min"": true, ""sum_colors_min"": true, ""edge_sum_min"": true}","[{""r"": 2, ""c"": 0, ""distinct"": 2, ""mode_count"": 7, ""least_count"": 2, ""color8_count"": 2, ""sum_colors"": 23, ""max_color"": 8, ""min_color"": 1, ""center"": 1, ""corner_sum"": 4, ""edge_sum"": 18, ""signature_freq"": [1, 2, 1, 1, 1, 1, 1, 2, 1], ""count_pattern"": [7, 2]}, {""r"": 2, ""c"": 5, ""distinct"": 2, ""mode_count"": 8, ""least_count"": 1, ""color8_count"": 1, ""sum_colors"": 16, ""max_color"": 8, ""min_color"": 1, ""center"": 1, ""corner_sum"": 11, ""edge_sum"": 4, ""signature_freq"": [1, 1, 1, 1, 1, 1, 2, 1, 1], ""count_pattern"": [8, 1]}, {""r"": 6, ""c"": 1, ""distinct"": 2, ""mode_count"": 7, ""least_count"": 2, ""color8_count"": 7, ""sum_colors"": 58, ""max_color"": 8, ""min_color"": 1, ""center"": 8, ""corner_sum"": 18, ""edge_sum"": 32, ""signature_freq"": [1, 1, 1, 1, 1, 1, 2, 1, 2], ""count_pattern"": [7, 2]}, {""r"": 6, ""c"": 5, ""distinct"": 1, ""mode_count"": 9, ""least_count"": 9, ""color8_count"": 9, ""sum_colors"": 72, ""max_color"": 8, ""min_color"": 8, ""center"": 8, ""corner_sum"": 32, ""edge_sum"": 32, ""signature_freq"": [1, 1, 1, 1, 1, 1, 1, 1, 1], ""count_pattern"": [9]}]"
153,"0,0",4,"{""r"": 0, ""c"": 0, ""distinct"": 2, ""mode_count"": 8, ""least_count"": 1, ""color8_count"": 1, ""sum_colors"": 16, ""max_color"": 8, ""min_color"": 1, ""center"": 1, ""corner_sum"": 11, ""edge_sum"": 4, ""signature_freq"": [1, 1, 2, 1, 1, 1, 1, 1, 1], ""count_pattern"": [8, 1]}","{""distinct_min"": true, ""distinct_max"": true, ""mode_count_max"": true, ""least_count_min"": true, ""color8_count_min"": true, ""sum_colors_min"": true, ""max_color_min"": true, ""max_color_max"": true, ""min_color_min"": true, ""min_color_max"": true, ""center_min"": true, ""corner_sum_min"": true, ""edge_sum_min"": true, ""row_major_first"": true, ""col_major_first"": true}","[{""r"": 0, ""c"": 0, ""distinct"": 2, ""mode_count"": 8, ""least_count"": 1, ""color8_count"": 1, ""sum_colors"": 16, ""max_color"": 8, ""min_color"": 1, ""center"": 1, ""corner_sum"": 11, ""edge_sum"": 4, ""signature_freq"": [1, 1, 2, 1, 1, 1, 1, 1, 1], ""count_pattern"": [8, 1]}, {""r"": 1, ""c"": 6, ""distinct"": 2, ""mode_count"": 6, ""least_count"": 3, ""color8_count"": 3, ""sum_colors"": 30, ""max_color"": 8, ""min_color"": 1, ""center"": 8, ""corner_sum"": 18, ""edge_sum"": 4, ""signature_freq"": [1, 1, 2, 1, 2, 1, 1, 1, 2], ""count_pattern"": [6, 3]}, {""r"": 5, ""c"": 0, ""distinct"": 2, ""mode_count"": 6, ""least_count"": 3, ""color8_count"": 6, ""sum_colors"": 51, ""max_color"": 8, ""min_color"": 1, ""center"": 8, ""corner_sum"": 18, ""edge_sum"": 25, ""signature_freq"": [2, 1, 1, 1, 1, 1, 2, 2, 1], ""count_pattern"": [6, 3]}, {""r"": 6, ""c"": 4, ""distinct"": 2, ""mode_count"": 5, ""least_count"": 4, ""color8_count"": 4, ""sum_colors"": 37, ""max_color"": 8, ""min_color"": 1, ""center"": 1, ""corner_sum"": 11, ""edge_sum"": 25, ""signature_freq"": [1, 1, 2, 2, 1, 2, 1, 2, 1], ""count_pattern"": [5, 4]}]"
154,"5,5",4,"{""r"": 5, ""c"": 5, ""distinct"": 2, ""mode_count"": 8, ""least_count"": 1, ""color8_count"": 1, ""sum_colors"": 16, ""max_color"": 8, ""min_color"": 1, ""center"": 1, ""corner_sum"": 11, ""edge_sum"": 4, ""signature_freq"": [1, 1, 1, 1, 1, 1, 1, 1, 2], ""count_pattern"": [8, 1]}","{""color8_count_min"": true, ""sum_colors_min"": true, ""corner_sum_min"": true, ""edge_sum_min"": true}","[{""r"": 0, ""c"": 6, ""distinct"": 1, ""mode_count"": 9, ""least_count"": 9, ""color8_count"": 9, ""sum_colors"": 72, ""max_color"": 8, ""min_color"": 8, ""center"": 8, ""corner_sum"": 32, ""edge_sum"": 32, ""signature_freq"": [1, 1, 1, 1, 1, 1, 1, 1, 1], ""count_pattern"": [9]}, {""r"": 2, ""c"": 1, ""distinct"": 2, ""mode_count"": 8, ""least_count"": 1, ""color8_count"": 8, ""sum_colors"": 65, ""max_color"": 8, ""min_color"": 1, ""center"": 1, ""corner_sum"": 32, ""edge_sum"": 32, ""signature_freq"": [1, 1, 1, 1, 2, 1, 1, 1, 1], ""count_pattern"": [8, 1]}, {""r"": 5, ""c"": 5, ""distinct"": 2, ""mode_count"": 8, ""least_count"": 1, ""color8_count"": 1, ""sum_colors"": 16, ""max_color"": 8, ""min_color"": 1, ""center"": 1, ""corner_sum"": 11, ""edge_sum"": 4, ""signature_freq"": [1, 1, 1, 1, 1, 1, 1, 1, 2], ""count_pattern"": [8, 1]}, {""r"": 6, ""c"": 0, ""distinct"": 2, ""mode_count"": 6, ""least_count"": 3, ""color8_count"": 6, ""sum_colors"": 51, ""max_color"": 8, ""min_color"": 1, ""center"": 1, ""corner_sum"": 32, ""edge_sum"": 18, ""signature_freq"": [1, 1, 1, 2, 2, 2, 1, 1, 1], ""count_pattern"": [6, 3]}]"
155,"0,1",4,"{""r"": 0, ""c"": 1, ""distinct"": 2, ""mode_count"": 8, ""least_count"": 1, ""color8_count"": 1, ""sum_colors"": 16, ""max_color"": 8, ""min_color"": 1, ""center"": 1, ""corner_sum"": 11, ""edge_sum"": 4, ""signature_freq"": [2, 1, 1, 1, 1, 1, 1, 1, 1], ""count_pattern"": [8, 1]}","{""distinct_min"": true, ""distinct_max"": true, ""mode_count_max"": true, ""least_count_min"": true, ""color8_count_min"": true, ""sum_colors_min"": true, ""max_color_min"": true, ""max_color_max"": true, ""min_color_min"": true, ""min_color_max"": true, ""center_min"": true, ""corner_sum_min"": true, ""edge_sum_min"": true, ""row_major_first"": true}","[{""r"": 0, ""c"": 1, ""distinct"": 2, ""mode_count"": 8, ""least_count"": 1, ""color8_count"": 1, ""sum_colors"": 16, ""max_color"": 8, ""min_color"": 1, ""center"": 1, ""corner_sum"": 11, ""edge_sum"": 4, ""signature_freq"": [2, 1, 1, 1, 1, 1, 1, 1, 1], ""count_pattern"": [8, 1]}, {""r"": 2, ""c"": 5, ""distinct"": 2, ""mode_count"": 6, ""least_count"": 3, ""color8_count"": 6, ""sum_colors"": 51, ""max_color"": 8, ""min_color"": 1, ""center"": 8, ""corner_sum"": 18, ""edge_sum"": 25, ""signature_freq"": [2, 1, 2, 2, 1, 1, 1, 1, 1], ""count_pattern"": [6, 3]}, {""r"": 6, ""c"": 0, ""distinct"": 2, ""mode_count"": 5, ""least_count"": 4, ""color8_count"": 4, ""sum_colors"": 37, ""max_color"": 8, ""min_color"": 1, ""center"": 8, ""corner_sum"": 11, ""edge_sum"": 18, ""signature_freq"": [1, 1, 1, 2, 2, 2, 1, 1, 2], ""count_pattern"": [5, 4]}, {""r"": 6, ""c"": 6, ""distinct"": 2, ""mode_count"": 7, ""least_count"": 2, ""color8_count"": 7, ""sum_colors"": 58, ""max_color"": 8, ""min_color"": 1, ""center"": 1, ""corner_sum"": 32, ""edge_sum"": 25, ""signature_freq"": [1, 2, 1, 1, 2, 1, 1, 1, 1], ""count_pattern"": [7, 2]}]"
156,"6,6",4,"{""r"": 6, ""c"": 6, ""distinct"": 2, ""mode_count"": 8, ""least_count"": 1, ""color8_count"": 1, ""sum_colors"": 16, ""max_color"": 8, ""min_color"": 1, ""center"": 1, ""corner_sum"": 11, ""edge_sum"": 4, ""signature_freq"": [1, 1, 1, 1, 1, 1, 1, 1, 2], ""count_pattern"": [8, 1]}","{""color8_count_min"": true, ""sum_colors_min"": true, ""center_min"": true, ""corner_sum_min"": true, ""edge_sum_min"": true, ""row_major_last"": true, ""col_major_last"": true}","[{""r"": 0, ""c"": 1, ""distinct"": 2, ""mode_count"": 8, ""least_count"": 1, ""color8_count"": 8, ""sum_colors"": 65, ""max_color"": 8, ""min_color"": 1, ""center"": 8, ""corner_sum"": 25, ""edge_sum"": 32, ""signature_freq"": [1, 1, 1, 1, 1, 1, 1, 1, 2], ""count_pattern"": [8, 1]}, {""r"": 1, ""c"": 5, ""distinct"": 2, ""mode_count"": 7, ""least_count"": 2, ""color8_count"": 7, ""sum_colors"": 58, ""max_color"": 8, ""min_color"": 1, ""center"": 8, ""corner_sum"": 32, ""edge_sum"": 18, ""signature_freq"": [1, 1, 1, 1, 1, 2, 1, 2, 1], ""count_pattern"": [7, 2]}, {""r"": 6, ""c"": 0, ""distinct"": 1, ""mode_count"": 9, ""least_count"": 9, ""color8_count"": 9, ""sum_colors"": 72, ""max_color"": 8, ""min_color"": 8, ""center"": 8, ""corner_sum"": 32, ""edge_sum"": 32, ""signature_freq"": [1, 1, 1, 1, 1, 1, 1, 1, 1], ""count_pattern"": [9]}, {""r"": 6, ""c"": 6, ""distinct"": 2, ""mode_count"": 8, ""least_count"": 1, ""color8_count"": 1, ""sum_colors"": 16, ""max_color"": 8, ""min_color"": 1, ""center"": 1, ""corner_sum"": 11, ""edge_sum"": 4, ""signature_freq"": [1, 1, 1, 1, 1, 1, 1, 1, 2], ""count_pattern"": [8, 1]}]"
157,"0,1",4,"{""r"": 0, ""c"": 1, ""distinct"": 2, ""mode_count"": 5, ""least_count"": 4, ""color8_count"": 5, ""sum_colors"": 44, ""max_color"": 8, ""min_color"": 1, ""center"": 1, ""corner_sum"": 11, ""edge_sum"": 32, ""signature_freq"": [2, 1, 2, 1, 2, 1, 1, 1, 2], ""count_pattern"": [5, 4]}","{""distinct_max"": true, ""mode_count_min"": true, ""color8_count_min"": true, ""sum_colors_min"": true, ""max_color_min"": true, ""max_color_max"": true, ""min_color_min"": true, ""center_min"": true, ""corner_sum_min"": true, ""edge_sum_max"": true, ""row_major_first"": true, ""col_major_first"": true}","[{""r"": 0, ""c"": 1, ""distinct"": 2, ""mode_count"": 5, ""least_count"": 4, ""color8_count"": 5, ""sum_colors"": 44, ""max_color"": 8, ""min_color"": 1, ""center"": 1, ""corner_sum"": 11, ""edge_sum"": 32, ""signature_freq"": [2, 1, 2, 1, 2, 1, 1, 1, 2], ""count_pattern"": [5, 4]}, {""r"": 0, ""c"": 5, ""distinct"": 1, ""mode_count"": 9, ""least_count"": 9, ""color8_count"": 9, ""sum_colors"": 72, ""max_color"": 8, ""min_color"": 8, ""center"": 8, ""corner_sum"": 32, ""edge_sum"": 32, ""signature_freq"": [1, 1, 1, 1, 1, 1, 1, 1, 1], ""count_pattern"": [9]}, {""r"": 4, ""c"": 5, ""distinct"": 2, ""mode_count"": 8, ""least_count"": 1, ""color8_count"": 8, ""sum_colors"": 65, ""max_color"": 8, ""min_color"": 1, ""center"": 8, ""corner_sum"": 25, ""edge_sum"": 32, ""signature_freq"": [2, 1, 1, 1, 1, 1, 1, 1, 1], ""count_pattern"": [8, 1]}, {""r"": 6, ""c"": 1, ""distinct"": 2, ""mode_count"": 6, ""least_count"": 3, ""color8_count"": 6, ""sum_colors"": 51, ""max_color"": 8, ""min_color"": 1, ""center"": 8, ""corner_sum"": 18, ""edge_sum"": 25, ""signature_freq"": [1, 2, 2, 1, 1, 1, 2, 1, 1], ""count_pattern"": [6, 3]}]"
158,"2,0",4,"{""r"": 2, ""c"": 0, ""distinct"": 2, ""mode_count"": 7, ""least_count"": 2, ""color8_count"": 2, ""sum_colors"": 23, ""max_color"": 8, ""min_color"": 1, ""center"": 1, ""corner_sum"": 11, ""edge_sum"": 11, ""signature_freq"": [1, 1, 1, 1, 1, 1, 1, 2, 2], ""count_pattern"": [7, 2]}","{""distinct_max"": true, ""least_count_min"": true, ""color8_count_min"": true, ""sum_colors_min"": true, ""max_color_min"": true, ""max_color_max"": true, ""min_color_min"": true, ""center_min"": true, ""corner_sum_min"": true, ""edge_sum_min"": true, ""row_major_first"": true, ""col_major_first"": true}","[{""r"": 2, ""c"": 0, ""distinct"": 2, ""mode_count"": 7, ""least_count"": 2, ""color8_count"": 2, ""sum_colors"": 23, ""max_color"": 8, ""min_color"": 1, ""center"": 1, ""corner_sum"": 11, ""edge_sum"": 11, ""signature_freq"": [1, 1, 1, 1, 1, 1, 1, 2, 2], ""count_pattern"": [7, 2]}, {""r"": 2, ""c"": 4, ""distinct"": 2, ""mode_count"": 6, ""least_count"": 3, ""color8_count"": 3, ""sum_colors"": 30, ""max_color"": 8, ""min_color"": 1, ""center"": 1, ""corner_sum"": 11, ""edge_sum"": 18, ""signature_freq"": [1, 2, 1, 2, 1, 1, 2, 1, 1], ""count_pattern"": [6, 3]}, {""r"": 6, ""c"": 1, ""distinct"": 2, ""mode_count"": 6, ""least_count"": 3, ""color8_count"": 6, ""sum_colors"": 51, ""max_color"": 8, ""min_color"": 1, ""center"": 8, ""corner_sum"": 25, ""edge_sum"": 18, ""signature_freq"": [1, 1, 1, 2, 1, 2, 2, 1, 1], ""count_pattern"": [6, 3]}, {""r"": 6, ""c"": 5, ""distinct"": 1, ""mode_count"": 9, ""least_count"": 9, ""color8_count"": 9, ""sum_colors"": 72, ""max_color"": 8, ""min_color"": 8, ""center"": 8, ""corner_sum"": 32, ""edge_sum"": 32, ""signature_freq"": [1, 1, 1, 1, 1, 1, 1, 1, 1], ""count_pattern"": [9]}]"
159,"6,6",4,"{""r"": 6, ""c"": 6, ""distinct"": 2, ""mode_count"": 8, ""least_count"": 1, ""color8_count"": 1, ""sum_colors"": 16, ""max_color"": 8, ""min_color"": 1, ""center"": 1, ""corner_sum"": 4, ""edge_sum"": 11, ""signature_freq"": [1, 2, 1, 1, 1, 1, 1, 1, 1], ""count_pattern"": [8, 1]}","{""mode_count_max"": true, ""least_count_min"": true, ""color8_count_min"": true, ""sum_colors_min"": true, ""corner_sum_min"": true, ""row_major_last"": true, ""col_major_last"": true}","[{""r"": 0, ""c"": 6, ""distinct"": 2, ""mode_count"": 7, ""least_count"": 2, ""color8_count"": 2, ""sum_colors"": 23, ""max_color"": 8, ""min_color"": 1, ""center"": 8, ""corner_sum"": 11, ""edge_sum"": 4, ""signature_freq"": [1, 1, 2, 1, 2, 1, 1, 1, 1], ""count_pattern"": [7, 2]}, {""r"": 3, ""c"": 3, ""distinct"": 2, ""mode_count"": 7, ""least_count"": 2, ""color8_count"": 7, ""sum_colors"": 58, ""max_color"": 8, ""min_color"": 1, ""center"": 1, ""corner_sum"": 32, ""edge_sum"": 25, ""signature_freq"": [1, 1, 1, 2, 2, 1, 1, 1, 1], ""count_pattern"": [7, 2]}, {""r"": 6, ""c"": 0, ""distinct"": 2, ""mode_count"": 5, ""least_count"": 4, ""color8_count"": 4, ""sum_colors"": 37, ""max_color"": 8, ""min_color"": 1, ""center"": 8, ""corner_sum"": 11, ""edge_sum"": 18, ""signature_freq"": [2, 1, 1, 1, 2, 2, 1, 2, 1], ""count_pattern"": [5, 4]}, {""r"": 6, ""c"": 6, ""distinct"": 2, ""mode_count"": 8, ""least_count"": 1, ""color8_count"": 1, ""sum_colors"": 16, ""max_color"": 8, ""min_color"": 1, ""center"": 1, ""corner_sum"": 4, ""edge_sum"": 11, ""signature_freq"": [1, 2, 1, 1, 1, 1, 1, 1, 1], ""count_pattern"": [8, 1]}]"
160,"2,6",4,"{""r"": 2, ""c"": 6, ""distinct"": 2, ""mode_count"": 6, ""least_count"": 3, ""color8_count"": 3, ""sum_colors"": 30, ""max_color"": 8, ""min_color"": 1, ""center"": 8, ""corner_sum"": 18, ""edge_sum"": 4, ""signature_freq"": [1, 1, 1, 1, 2, 1, 2, 1, 2], ""count_pattern"": [6, 3]}","{""color8_count_min"": true, ""sum_colors_min"": true, ""corner_sum_min"": true, ""edge_sum_min"": true, ""col_major_last"": true}","[{""r"": 1, ""c"": 2, ""distinct"": 2, ""mode_count"": 6, ""least_count"": 3, ""color8_count"": 6, ""sum_colors"": 51, ""max_color"": 8, ""min_color"": 1, ""center"": 8, ""corner_sum"": 25, ""edge_sum"": 18, ""signature_freq"": [2, 2, 1, 1, 1, 2, 1, 1, 1], ""count_pattern"": [6, 3]}, {""r"": 2, ""c"": 6, ""distinct"": 2, ""mode_count"": 6, ""least_count"": 3, ""color8_count"": 3, ""sum_colors"": 30, ""max_color"": 8, ""min_color"": 1, ""center"": 8, ""corner_sum"": 18, ""edge_sum"": 4, ""signature_freq"": [1, 1, 1, 1, 2, 1, 2, 1, 2], ""count_pattern"": [6, 3]}, {""r"": 5, ""c"": 0, ""distinct"": 2, ""mode_count"": 7, ""least_count"": 2, ""color8_count"": 7, ""sum_colors"": 58, ""max_color"": 8, ""min_color"": 1, ""center"": 8, ""corner_sum"": 32, ""edge_sum"": 18, ""signature_freq"": [1, 1, 1, 1, 1, 2, 1, 2, 1], ""count_pattern"": [7, 2]}, {""r"": 6, ""c"": 5, ""distinct"": 1, ""mode_count"": 9, ""least_count"": 9, ""color8_count"": 9, ""sum_colors"": 72, ""max_color"": 8, ""min_color"": 8, ""center"": 8, ""corner_sum"": 32, ""edge_sum"": 32, ""signature_freq"": [1, 1, 1, 1, 1, 1, 1, 1, 1], ""count_pattern"": [9]}]"
161,"0,6",4,"{""r"": 0, ""c"": 6, ""distinct"": 2, ""mode_count"": 7, ""least_count"": 2, ""color8_count"": 2, ""sum_colors"": 23, ""max_color"": 8, ""min_color"": 1, ""center"": 1, ""corner_sum"": 11, ""edge_sum"": 11, ""signature_freq"": [1, 2, 1, 1, 1, 1, 2, 1, 1], ""count_pattern"": [7, 2]}","{""mode_count_max"": true, ""least_count_min"": true, ""color8_count_min"": true, ""sum_colors_min"": true, ""center_min"": true, ""corner_sum_min"": true, ""edge_sum_min"": true}","[{""r"": 0, ""c"": 0, ""distinct"": 2, ""mode_count"": 5, ""least_count"": 4, ""color8_count"": 5, ""sum_colors"": 44, ""max_color"": 8, ""min_color"": 1, ""center"": 8, ""corner_sum"": 18, ""edge_sum"": 18, ""signature_freq"": [2, 1, 2, 2, 1, 2, 1, 1, 1], ""count_pattern"": [5, 4]}, {""r"": 0, ""c"": 6, ""distinct"": 2, ""mode_count"": 7, ""least_count"": 2, ""color8_count"": 2, ""sum_colors"": 23, ""max_color"": 8, ""min_color"": 1, ""center"": 1, ""corner_sum"": 11, ""edge_sum"": 11, ""signature_freq"": [1, 2, 1, 1, 1, 1, 2, 1, 1], ""count_pattern"": [7, 2]}, {""r"": 4, ""c"": 0, ""distinct"": 2, ""mode_count"": 7, ""least_count"": 2, ""color8_count"": 7, ""sum_colors"": 58, ""max_color"": 8, ""min_color"": 1, ""center"": 8, ""corner_sum"": 25, ""edge_sum"": 25, ""signature_freq"": [2, 2, 1, 1, 1, 1, 1, 1, 1], ""count_pattern"": [7, 2]}, {""r"": 6, ""c"": 6, ""distinct"": 2, ""mode_count"": 6, ""least_count"": 3, ""color8_count"": 3, ""sum_colors"": 30, ""max_color"": 8, ""min_color"": 1, ""center"": 1, ""corner_sum"": 18, ""edge_sum"": 11, ""signature_freq"": [2, 1, 2, 1, 1, 2, 1, 1, 1], ""count_pattern"": [6, 3]}]"
162,"5,0",4,"{""r"": 5, ""c"": 0, ""distinct"": 2, ""mode_count"": 6, ""least_count"": 3, ""color8_count"": 3, ""sum_colors"": 30, ""max_color"": 8, ""min_color"": 1, ""center"": 8, ""corner_sum"": 11, ""edge_sum"": 11, ""signature_freq"": [1, 1, 1, 1, 2, 2, 1, 1, 2], ""count_pattern"": [6, 3]}","{""mode_count_max"": true, ""least_count_min"": true, ""color8_count_min"": true, ""sum_colors_min"": true, ""corner_sum_min"": true, ""edge_sum_min"": true, ""col_major_first"": true}","[{""r"": 0, ""c"": 2, ""distinct"": 2, ""mode_count"": 5, ""least_count"": 4, ""color8_count"": 5, ""sum_colors"": 44, ""max_color"": 8, ""min_color"": 1, ""center"": 8, ""corner_sum"": 18, ""edge_sum"": 18, ""signature_freq"": [1, 1, 1, 2, 1, 1, 2, 2, 2], ""count_pattern"": [5, 4]}, {""r"": 0, ""c"": 6, ""distinct"": 2, ""mode_count"": 5, ""least_count"": 4, ""color8_count"": 4, ""sum_colors"": 37, ""max_color"": 8, ""min_color"": 1, ""center"": 1, ""corner_sum"": 18, ""edge_sum"": 18, ""signature_freq"": [2, 1, 2, 1, 1, 2, 1, 2, 1], ""count_pattern"": [5, 4]}, {""r"": 5, ""c"": 0, ""distinct"": 2, ""mode_count"": 6, ""least_count"": 3, ""color8_count"": 3, ""sum_colors"": 30, ""max_color"": 8, ""min_color"": 1, ""center"": 8, ""corner_sum"": 11, ""edge_sum"": 11, ""signature_freq"": [1, 1, 1, 1, 2, 2, 1, 1, 2], ""count_pattern"": [6, 3]}, {""r"": 5, ""c"": 6, ""distinct"": 2, ""mode_count"": 6, ""least_count"": 3, ""color8_count"": 6, ""sum_colors"": 51, ""max_color"": 8, ""min_color"": 1, ""center"": 1, ""corner_sum"": 25, ""edge_sum"": 25, ""signature_freq"": [2, 1, 1, 2, 2, 1, 1, 1, 1], ""count_pattern"": [6, 3]}]"
163,"6,1",4,"{""r"": 6, ""c"": 1, ""distinct"": 2, ""mode_count"": 8, ""least_count"": 1, ""color8_count"": 1, ""sum_colors"": 16, ""max_color"": 8, ""min_color"": 1, ""center"": 1, ""corner_sum"": 11, ""edge_sum"": 4, ""signature_freq"": [1, 1, 1, 1, 1, 1, 2, 1, 1], ""count_pattern"": [8, 1]}","{""least_count_min"": true, ""color8_count_min"": true, ""sum_colors_min"": true, ""edge_sum_min"": true}","[{""r"": 0, ""c"": 6, ""distinct"": 2, ""mode_count"": 7, ""least_count"": 2, ""color8_count"": 2, ""sum_colors"": 23, ""max_color"": 8, ""min_color"": 1, ""center"": 1, ""corner_sum"": 11, ""edge_sum"": 11, ""signature_freq"": [1, 1, 1, 1, 1, 1, 1, 2, 2], ""count_pattern"": [7, 2]}, {""r"": 1, ""c"": 0, ""distinct"": 2, ""mode_count"": 5, ""least_count"": 4, ""color8_count"": 4, ""sum_colors"": 37, ""max_color"": 8, ""min_color"": 1, ""center"": 8, ""corner_sum"": 18, ""edge_sum"": 11, ""signature_freq"": [1, 2, 1, 1, 2, 1, 2, 1, 2], ""count_pattern"": [5, 4]}, {""r"": 6, ""c"": 1, ""distinct"": 2, ""mode_count"": 8, ""least_count"": 1, ""color8_count"": 1, ""sum_colors"": 16, ""max_color"": 8, ""min_color"": 1, ""center"": 1, ""corner_sum"": 11, ""edge_sum"": 4, ""signature_freq"": [1, 1, 1, 1, 1, 1, 2, 1, 1], ""count_pattern"": [8, 1]}, {""r"": 6, ""c"": 5, ""distinct"": 1, ""mode_count"": 9, ""least_count"": 9, ""color8_count"": 9, ""sum_colors"": 72, ""max_color"": 8, ""min_color"": 8, ""center"": 8, ""corner_sum"": 32, ""edge_sum"": 32, ""signature_freq"": [1, 1, 1, 1, 1, 1, 1, 1, 1], ""count_pattern"": [9]}]"
164,"0,2",4,"{""r"": 0, ""c"": 2, ""distinct"": 2, ""mode_count"": 8, ""least_count"": 1, ""color8_count"": 1, ""sum_colors"": 16, ""max_color"": 8, ""min_color"": 1, ""center"": 1, ""corner_sum"": 11, ""edge_sum"": 4, ""signature_freq"": [1, 1, 2, 1, 1, 1, 1, 1, 1], ""count_pattern"": [8, 1]}","{""distinct_max"": true, ""least_count_min"": true, ""color8_count_min"": true, ""sum_colors_min"": true, ""max_color_min"": true, ""max_color_max"": true, ""min_color_min"": true, ""center_min"": true, ""corner_sum_min"": true, ""edge_sum_min"": true, ""row_major_first"": true}","[{""r"": 0, ""c"": 2, ""distinct"": 2, ""mode_count"": 8, ""least_count"": 1, ""color8_count"": 1, ""sum_colors"": 16, ""max_color"": 8, ""min_color"": 1, ""center"": 1, ""corner_sum"": 11, ""edge_sum"": 4, ""signature_freq"": [1, 1, 2, 1, 1, 1, 1, 1, 1], ""count_pattern"": [8, 1]}, {""r"": 0, ""c"": 6, ""distinct"": 2, ""mode_count"": 7, ""least_count"": 2, ""color8_count"": 2, ""sum_colors"": 23, ""max_color"": 8, ""min_color"": 1, ""center"": 1, ""corner_sum"": 11, ""edge_sum"": 11, ""signature_freq"": [1, 2, 1, 1, 1, 1, 1, 1, 2], ""count_pattern"": [7, 2]}, {""r"": 4, ""c"": 6, ""distinct"": 1, ""mode_count"": 9, ""least_count"": 9, ""color8_count"": 9, ""sum_colors"": 72, ""max_color"": 8, ""min_color"": 8, ""center"": 8, ""corner_sum"": 32, ""edge_sum"": 32, ""signature_freq"": [1, 1, 1, 1, 1, 1, 1, 1, 1], ""count_pattern"": [9]}, {""r"": 5, ""c"": 0, ""distinct"": 2, ""mode_count"": 6, ""least_count"": 3, ""color8_count"": 6, ""sum_colors"": 51, ""max_color"": 8, ""min_color"": 1, ""center"": 8, ""corner_sum"": 18, ""edge_sum"": 25, ""signature_freq"": [2, 2, 1, 1, 1, 1, 2, 1, 1], ""count_pattern"": [6, 3]}]"
165,"5,2",4,"{""r"": 5, ""c"": 2, ""distinct"": 2, ""mode_count"": 6, ""least_count"": 3, ""color8_count"": 3, ""sum_colors"": 30, ""max_color"": 8, ""min_color"": 1, ""center"": 1, ""corner_sum"": 18, ""edge_sum"": 11, ""signature_freq"": [1, 1, 2, 2, 1, 1, 2, 1, 1], ""count_pattern"": [6, 3]}","{""color8_count_min"": true, ""sum_colors_min"": true, ""center_min"": true, ""edge_sum_min"": true, ""row_major_last"": true}","[{""r"": 0, ""c"": 1, ""distinct"": 2, ""mode_count"": 8, ""least_count"": 1, ""color8_count"": 8, ""sum_colors"": 65, ""max_color"": 8, ""min_color"": 1, ""center"": 8, ""corner_sum"": 25, ""edge_sum"": 32, ""signature_freq"": [1, 1, 1, 1, 1, 1, 2, 1, 1], ""count_pattern"": [8, 1]}, {""r"": 0, ""c"": 5, ""distinct"": 1, ""mode_count"": 9, ""least_count"": 9, ""color8_count"": 9, ""sum_colors"": 72, ""max_color"": 8, ""min_color"": 8, ""center"": 8, ""corner_sum"": 32, ""edge_sum"": 32, ""signature_freq"": [1, 1, 1, 1, 1, 1, 1, 1, 1], ""count_pattern"": [9]}, {""r"": 4, ""c"": 6, ""distinct"": 2, ""mode_count"": 5, ""least_count"": 4, ""color8_count"": 5, ""sum_colors"": 44, ""max_color"": 8, ""min_color"": 1, ""center"": 8, ""corner_sum"": 18, ""edge_sum"": 18, ""signature_freq"": [1, 1, 2, 2, 1, 1, 2, 2, 1], ""count_pattern"": [5, 4]}, {""r"": 5, ""c"": 2, ""distinct"": 2, ""mode_count"": 6, ""least_count"": 3, ""color8_count"": 3, ""sum_colors"": 30, ""max_color"": 8, ""min_color"": 1, ""center"": 1, ""corner_sum"": 18, ""edge_sum"": 11, ""signature_freq"": [1, 1, 2, 2, 1, 1, 2, 1, 1], ""count_pattern"": [6, 3]}]"
166,"1,6",4,"{""r"": 1, ""c"": 6, ""distinct"": 2, ""mode_count"": 8, ""least_count"": 1, ""color8_count"": 1, ""sum_colors"": 16, ""max_color"": 8, ""min_color"": 1, ""center"": 1, ""corner_sum"": 11, ""edge_sum"": 4, ""signature_freq"": [1, 1, 2, 1, 1, 1, 1, 1, 1], ""count_pattern"": [8, 1]}","{""color8_count_min"": true, ""sum_colors_min"": true, ""corner_sum_min"": true, ""edge_sum_min"": true}","[{""r"": 1, ""c"": 1, ""distinct"": 2, ""mode_count"": 8, ""least_count"": 1, ""color8_count"": 8, ""sum_colors"": 65, ""max_color"": 8, ""min_color"": 1, ""center"": 1, ""corner_sum"": 32, ""edge_sum"": 32, ""signature_freq"": [1, 1, 1, 1, 2, 1, 1, 1, 1], ""count_pattern"": [8, 1]}, {""r"": 1, ""c"": 6, ""distinct"": 2, ""mode_count"": 8, ""least_count"": 1, ""color8_count"": 1, ""sum_colors"": 16, ""max_color"": 8, ""min_color"": 1, ""center"": 1, ""corner_sum"": 11, ""edge_sum"": 4, ""signature_freq"": [1, 1, 2, 1, 1, 1, 1, 1, 1], ""count_pattern"": [8, 1]}, {""r"": 5, ""c"": 6, ""distinct"": 2, ""mode_count"": 5, ""least_count"": 4, ""color8_count"": 5, ""sum_colors"": 44, ""max_color"": 8, ""min_color"": 1, ""center"": 8, ""corner_sum"": 25, ""edge_sum"": 11, ""signature_freq"": [1, 2, 1, 2, 1, 2, 1, 1, 2], ""count_pattern"": [5, 4]}, {""r"": 6, ""c"": 1, ""distinct"": 2, ""mode_count"": 6, ""least_count"": 3, ""color8_count"": 6, ""sum_colors"": 51, ""max_color"": 8, ""min_color"": 1, ""center"": 8, ""corner_sum"": 18, ""edge_sum"": 25, ""signature_freq"": [2, 1, 1, 2, 1, 1, 1, 1, 2], ""count_pattern"": [6, 3]}]"
167,"1,1",4,"{""r"": 1, ""c"": 1, ""distinct"": 2, ""mode_count"": 7, ""least_count"": 2, ""color8_count"": 2, ""sum_colors"": 23, ""max_color"": 8, ""min_color"": 1, ""center"": 8, ""corner_sum"": 11, ""edge_sum"": 4, ""signature_freq"": [2, 1, 1, 1, 2, 1, 1, 1, 1], ""count_pattern"": [7, 2]}","{""distinct_max"": true, ""color8_count_min"": true, ""sum_colors_min"": true, ""max_color_min"": true, ""max_color_max"": true, ""min_color_min"": true, ""center_max"": true, ""corner_sum_min"": true, ""edge_sum_min"": true, ""row_major_first"": true}","[{""r"": 1, ""c"": 1, ""distinct"": 2, ""mode_count"": 7, ""least_count"": 2, ""color8_count"": 2, ""sum_colors"": 23, ""max_color"": 8, ""min_color"": 1, ""center"": 8, ""corner_sum"": 11, ""edge_sum"": 4, ""signature_freq"": [2, 1, 1, 1, 2, 1, 1, 1, 1], ""count_pattern"": [7, 2]}, {""r"": 2, ""c"": 6, ""distinct"": 1, ""mode_count"": 9, ""least_count"": 9, ""color8_count"": 9, ""sum_colors"": 72, ""max_color"": 8, ""min_color"": 8, ""center"": 8, ""corner_sum"": 32, ""edge_sum"": 32, ""signature_freq"": [1, 1, 1, 1, 1, 1, 1, 1, 1], ""count_pattern"": [9]}, {""r"": 6, ""c"": 0, ""distinct"": 2, ""mode_count"": 5, ""least_count"": 4, ""color8_count"": 4, ""sum_colors"": 37, ""max_color"": 8, ""min_color"": 1, ""center"": 1, ""corner_sum"": 18, ""edge_sum"": 18, ""signature_freq"": [1, 1, 1, 2, 1, 2, 2, 1, 2], ""count_pattern"": [5, 4]}, {""r"": 6, ""c"": 5, ""distinct"": 2, ""mode_count"": 8, ""least_count"": 1, ""color8_count"": 8, ""sum_colors"": 65, ""max_color"": 8, ""min_color"": 1, ""center"": 8, ""corner_sum"": 25, ""edge_sum"": 32, ""signature_freq"": [1, 1, 2, 1, 1, 1, 1, 1, 1], ""count_pattern"": [8, 1]}]"
168,"0,0",4,"{""r"": 0, ""c"": 0, ""distinct"": 2, ""mode_count"": 8, ""least_count"": 1, ""color8_count"": 1, ""sum_colors"": 16, ""max_color"": 8, ""min_color"": 1, ""center"": 1, ""corner_sum"": 11, ""edge_sum"": 4, ""signature_freq"": [1, 1, 2, 1, 1, 1, 1, 1, 1], ""count_pattern"": [8, 1]}","{""distinct_min"": true, ""distinct_max"": true, ""mode_count_max"": true, ""least_count_min"": true, ""color8_count_min"": true, ""sum_colors_min"": true, ""max_color_min"": true, ""max_color_max"": true, ""min_color_min"": true, ""min_color_max"": true, ""center_min"": true, ""corner_sum_min"": true, ""edge_sum_min"": true, ""row_major_first"": true, ""col_major_first"": true}","[{""r"": 0, ""c"": 0, ""distinct"": 2, ""mode_count"": 8, ""least_count"": 1, ""color8_count"": 1, ""sum_colors"": 16, ""max_color"": 8, ""min_color"": 1, ""center"": 1, ""corner_sum"": 11, ""edge_sum"": 4, ""signature_freq"": [1, 1, 2, 1, 1, 1, 1, 1, 1], ""count_pattern"": [8, 1]}, {""r"": 1, ""c"": 5, ""distinct"": 2, ""mode_count"": 8, ""least_count"": 1, ""color8_count"": 8, ""sum_colors"": 65, ""max_color"": 8, ""min_color"": 1, ""center"": 8, ""corner_sum"": 32, ""edge_sum"": 25, ""signature_freq"": [1, 2, 1, 1, 1, 1, 1, 1, 1], ""count_pattern"": [8, 1]}, {""r"": 5, ""c"": 0, ""distinct"": 2, ""mode_count"": 5, ""least_count"": 4, ""color8_count"": 5, ""sum_colors"": 44, ""max_color"": 8, ""min_color"": 1, ""center"": 8, ""corner_sum"": 18, ""edge_sum"": 18, ""signature_freq"": [2, 2, 1, 1, 1, 1, 2, 2, 1], ""count_pattern"": [5, 4]}, {""r"": 6, ""c"": 6, ""distinct"": 2, ""mode_count"": 5, ""least_count"": 4, ""color8_count"": 4, ""sum_colors"": 37, ""max_color"": 8, ""min_color"": 1, ""center"": 8, ""corner_sum"": 18, ""edge_sum"": 11, ""signature_freq"": [2, 1, 1, 1, 2, 2, 2, 1, 1], ""count_pattern"": [5, 4]}]"
169,"0,5",4,"{""r"": 0, ""c"": 5, ""distinct"": 2, ""mode_count"": 8, ""least_count"": 1, ""color8_count"": 1, ""sum_colors"": 16, ""max_color"": 8, ""min_color"": 1, ""center"": 1, ""corner_sum"": 11, ""edge_sum"": 4, ""signature_freq"": [1, 1, 1, 1, 1, 1, 2, 1, 1], ""count_pattern"": [8, 1]}","{""color8_count_min"": true, ""sum_colors_min"": true, ""center_min"": true, ""corner_sum_min"": true, ""edge_sum_min"": true}","[{""r"": 0, ""c"": 1, ""distinct"": 2, ""mode_count"": 8, ""least_count"": 1, ""color8_count"": 8, ""sum_colors"": 65, ""max_color"": 8, ""min_color"": 1, ""center"": 8, ""corner_sum"": 25, ""edge_sum"": 32, ""signature_freq"": [1, 1, 1, 1, 1, 1, 1, 1, 2], ""count_pattern"": [8, 1]}, {""r"": 0, ""c"": 5, ""distinct"": 2, ""mode_count"": 8, ""least_count"": 1, ""color8_count"": 1, ""sum_colors"": 16, ""max_color"": 8, ""min_color"": 1, ""center"": 1, ""corner_sum"": 11, ""edge_sum"": 4, ""signature_freq"": [1, 1, 1, 1, 1, 1, 2, 1, 1], ""count_pattern"": [8, 1]}, {""r"": 4, ""c"": 2, ""distinct"": 2, ""mode_count"": 5, ""least_count"": 4, ""color8_count"": 4, ""sum_colors"": 37, ""max_color"": 8, ""min_color"": 1, ""center"": 1, ""corner_sum"": 18, ""edge_sum"": 18, ""signature_freq"": [2, 2, 2, 1, 1, 2, 1, 1, 1], ""count_pattern"": [5, 4]}, {""r"": 4, ""c"": 6, ""distinct"": 2, ""mode_count"": 7, ""least_count"": 2, ""color8_count"": 2, ""sum_colors"": 23, ""max_color"": 8, ""min_color"": 1, ""center"": 1, ""corner_sum"": 11, ""edge_sum"": 11, ""signature_freq"": [1, 1, 1, 1, 1, 2, 1, 1, 2], ""count_pattern"": [7, 2]}]"
170,"2,5",4,"{""r"": 2, ""c"": 5, ""distinct"": 2, ""mode_count"": 8, ""least_count"": 1, ""color8_count"": 1, ""sum_colors"": 16, ""max_color"": 8, ""min_color"": 1, ""center"": 1, ""corner_sum"": 4, ""edge_sum"": 11, ""signature_freq"": [1, 2, 1, 1, 1, 1, 1, 1, 1], ""count_pattern"": [8, 1]}","{""distinct_max"": true, ""least_count_min"": true, ""color8_count_min"": true, ""sum_colors_min"": true, ""min_color_min"": true, ""center_min"": true, ""corner_sum_min"": true, ""edge_sum_min"": true}","[{""r"": 1, ""c"": 1, ""distinct"": 1, ""mode_count"": 9, ""least_count"": 9, ""color8_count"": 9, ""sum_colors"": 72, ""max_color"": 8, ""min_color"": 8, ""center"": 8, ""corner_sum"": 32, ""edge_sum"": 32, ""signature_freq"": [1, 1, 1, 1, 1, 1, 1, 1, 1], ""count_pattern"": [9]}, {""r"": 2, ""c"": 5, ""distinct"": 2, ""mode_count"": 8, ""least_count"": 1, ""color8_count"": 1, ""sum_colors"": 16, ""max_color"": 8, ""min_color"": 1, ""center"": 1, ""corner_sum"": 4, ""edge_sum"": 11, ""signature_freq"": [1, 2, 1, 1, 1, 1, 1, 1, 1], ""count_pattern"": [8, 1]}, {""r"": 5, ""c"": 0, ""distinct"": 2, ""mode_count"": 5, ""least_count"": 4, ""color8_count"": 4, ""sum_colors"": 37, ""max_color"": 8, ""min_color"": 1, ""center"": 8, ""corner_sum"": 11, ""edge_sum"": 18, ""signature_freq"": [1, 2, 2, 1, 2, 1, 1, 2, 1], ""count_pattern"": [5, 4]}, {""r"": 6, ""c"": 5, ""distinct"": 2, ""mode_count"": 8, ""least_count"": 1, ""color8_count"": 8, ""sum_colors"": 65, ""max_color"": 8, ""min_color"": 1, ""center"": 8, ""corner_sum"": 25, ""edge_sum"": 32, ""signature_freq"": [1, 1, 1, 1, 1, 1, 1, 1, 2], ""count_pattern"": [8, 1]}]"
171,"1,6",4,"{""r"": 1, ""c"": 6, ""distinct"": 2, ""mode_count"": 8, ""least_count"": 1, ""color8_count"": 1, ""sum_colors"": 16, ""max_color"": 8, ""min_color"": 1, ""center"": 8, ""corner_sum"": 4, ""edge_sum"": 4, ""signature_freq"": [1, 1, 1, 1, 2, 1, 1, 1, 1], ""count_pattern"": [8, 1]}","{""mode_count_max"": true, ""least_count_min"": true, ""color8_count_min"": true, ""sum_colors_min"": true, ""center_max"": true, ""corner_sum_min"": true, ""edge_sum_min"": true}","[{""r"": 0, ""c"": 1, ""distinct"": 2, ""mode_count"": 7, ""least_count"": 2, ""color8_count"": 7, ""sum_colors"": 58, ""max_color"": 8, ""min_color"": 1, ""center"": 1, ""corner_sum"": 32, ""edge_sum"": 25, ""signature_freq"": [1, 1, 1, 2, 2, 1, 1, 1, 1], ""count_pattern"": [7, 2]}, {""r"": 1, ""c"": 6, ""distinct"": 2, ""mode_count"": 8, ""least_count"": 1, ""color8_count"": 1, ""sum_colors"": 16, ""max_color"": 8, ""min_color"": 1, ""center"": 8, ""corner_sum"": 4, ""edge_sum"": 4, ""signature_freq"": [1, 1, 1, 1, 2, 1, 1, 1, 1], ""count_pattern"": [8, 1]}, {""r"": 6, ""c"": 1, ""distinct"": 2, ""mode_count"": 8, ""least_count"": 1, ""color8_count"": 8, ""sum_colors"": 65, ""max_color"": 8, ""min_color"": 1, ""center"": 8, ""corner_sum"": 32, ""edge_sum"": 25, ""signature_freq"": [1, 2, 1, 1, 1, 1, 1, 1, 1], ""count_pattern"": [8, 1]}, {""r"": 6, ""c"": 6, ""distinct"": 2, ""mode_count"": 5, ""least_count"": 4, ""color8_count"": 4, ""sum_colors"": 37, ""max_color"": 8, ""min_color"": 1, ""center"": 8, ""corner_sum"": 18, ""edge_sum"": 11, ""signature_freq"": [2, 2, 1, 1, 2, 1, 2, 1, 1], ""count_pattern"": [5, 4]}]"
172,"0,0",4,"{""r"": 0, ""c"": 0, ""distinct"": 2, ""mode_count"": 7, ""least_count"": 2, ""color8_count"": 2, ""sum_colors"": 23, ""max_color"": 8, ""min_color"": 1, ""center"": 1, ""corner_sum"": 11, ""edge_sum"": 11, ""signature_freq"": [1, 2, 1, 1, 1, 1, 1, 1, 2], ""count_pattern"": [7, 2]}","{""distinct_max"": true, ""least_count_min"": true, ""color8_count_min"": true, ""sum_colors_min"": true, ""max_color_min"": true, ""max_color_max"": true, ""min_color_min"": true, ""center_min"": true, ""corner_sum_min"": true, ""edge_sum_min"": true, ""row_major_first"": true, ""col_major_first"": true}","[{""r"": 0, ""c"": 0, ""distinct"": 2, ""mode_count"": 7, ""least_count"": 2, ""color8_count"": 2, ""sum_colors"": 23, ""max_color"": 8, ""min_color"": 1, ""center"": 1, ""corner_sum"": 11, ""edge_sum"": 11, ""signature_freq"": [1, 2, 1, 1, 1, 1, 1, 1, 2], ""count_pattern"": [7, 2]}, {""r"": 0, ""c"": 5, ""distinct"": 2, ""mode_count"": 6, ""least_count"": 3, ""color8_count"": 6, ""sum_colors"": 51, ""max_color"": 8, ""min_color"": 1, ""center"": 1, ""corner_sum"": 25, ""edge_sum"": 25, ""signature_freq"": [1, 1, 1, 2, 2, 1, 2, 1, 1], ""count_pattern"": [6, 3]}, {""r"": 6, ""c"": 1, ""distinct"": 2, ""mode_count"": 5, ""least_count"": 4, ""color8_count"": 4, ""sum_colors"": 37, ""max_color"": 8, ""min_color"": 1, ""center"": 1, ""corner_sum"": 25, ""edge_sum"": 11, ""signature_freq"": [2, 1, 2, 2, 1, 1, 2, 1, 1], ""count_pattern"": [5, 4]}, {""r"": 6, ""c"": 5, ""distinct"": 1, ""mode_count"": 9, ""least_count"": 9, ""color8_count"": 9, ""sum_colors"": 72, ""max_color"": 8, ""min_color"": 8, ""center"": 8, ""corner_sum"": 32, ""edge_sum"": 32, ""signature_freq"": [1, 1, 1, 1, 1, 1, 1, 1, 1], ""count_pattern"": [9]}]"
173,"6,0",4,"{""r"": 6, ""c"": 0, ""distinct"": 2, ""mode_count"": 8, ""least_count"": 1, ""color8_count"": 1, ""sum_colors"": 16, ""max_color"": 8, ""min_color"": 1, ""center"": 1, ""corner_sum"": 4, ""edge_sum"": 11, ""signature_freq"": [1, 1, 1, 1, 1, 2, 1, 1, 1], ""count_pattern"": [8, 1]}","{""color8_count_min"": true, ""sum_colors_min"": true, ""corner_sum_min"": true, ""edge_sum_min"": true}","[{""r"": 0, ""c"": 0, ""distinct"": 2, ""mode_count"": 6, ""least_count"": 3, ""color8_count"": 6, ""sum_colors"": 51, ""max_color"": 8, ""min_color"": 1, ""center"": 8, ""corner_sum"": 18, ""edge_sum"": 25, ""signature_freq"": [2, 1, 2, 1, 1, 1, 1, 2, 1], ""count_pattern"": [6, 3]}, {""r"": 2, ""c"": 4, ""distinct"": 2, ""mode_count"": 8, ""least_count"": 1, ""color8_count"": 8, ""sum_colors"": 65, ""max_color"": 8, ""min_color"": 1, ""center"": 1, ""corner_sum"": 32, ""edge_sum"": 32, ""signature_freq"": [1, 1, 1, 1, 2, 1, 1, 1, 1], ""count_pattern"": [8, 1]}, {""r"": 6, ""c"": 0, ""distinct"": 2, ""mode_count"": 8, ""least_count"": 1, ""color8_count"": 1, ""sum_colors"": 16, ""max_color"": 8, ""min_color"": 1, ""center"": 1, ""corner_sum"": 4, ""edge_sum"": 11, ""signature_freq"": [1, 1, 1, 1, 1, 2, 1, 1, 1], ""count_pattern"": [8, 1]}, {""r"": 6, ""c"": 6, ""distinct"": 2, ""mode_count"": 5, ""least_count"": 4, ""color8_count"": 4, ""sum_colors"": 37, ""max_color"": 8, ""min_color"": 1, ""center"": 8, ""corner_sum"": 18, ""edge_sum"": 11, ""signature_freq"": [1, 1, 1, 1, 2, 1, 2, 2, 2], ""count_pattern"": [5, 4]}]"
174,"5,2",4,"{""r"": 5, ""c"": 2, ""distinct"": 2, ""mode_count"": 7, ""least_count"": 2, ""color8_count"": 2, ""sum_colors"": 23, ""max_color"": 8, ""min_color"": 1, ""center"": 1, ""corner_sum"": 11, ""edge_sum"": 11, ""signature_freq"": [1, 1, 2, 1, 1, 1, 1, 2, 1], ""count_pattern"": [7, 2]}","{""color8_count_min"": true, ""sum_colors_min"": true, ""center_min"": true, ""edge_sum_min"": true}","[{""r"": 0, ""c"": 2, ""distinct"": 2, ""mode_count"": 7, ""least_count"": 2, ""color8_count"": 7, ""sum_colors"": 58, ""max_color"": 8, ""min_color"": 1, ""center"": 8, ""corner_sum"": 18, ""edge_sum"": 32, ""signature_freq"": [2, 1, 2, 1, 1, 1, 1, 1, 1], ""count_pattern"": [7, 2]}, {""r"": 0, ""c"": 6, ""distinct"": 2, ""mode_count"": 5, ""least_count"": 4, ""color8_count"": 5, ""sum_colors"": 44, ""max_color"": 8, ""min_color"": 1, ""center"": 8, ""corner_sum"": 18, ""edge_sum"": 18, ""signature_freq"": [1, 1, 1, 2, 1, 2, 2, 1, 2], ""count_pattern"": [5, 4]}, {""r"": 5, ""c"": 2, ""distinct"": 2, ""mode_count"": 7, ""least_count"": 2, ""color8_count"": 2, ""sum_colors"": 23, ""max_color"": 8, ""min_color"": 1, ""center"": 1, ""corner_sum"": 11, ""edge_sum"": 11, ""signature_freq"": [1, 1, 2, 1, 1, 1, 1, 2, 1], ""count_pattern"": [7, 2]}, {""r"": 5, ""c"": 6, ""distinct"": 2, ""mode_count"": 6, ""least_count"": 3, ""color8_count"": 3, ""sum_colors"": 30, ""max_color"": 8, ""min_color"": 1, ""center"": 8, ""corner_sum"": 4, ""edge_sum"": 18, ""signature_freq"": [1, 1, 1, 2, 2, 2, 1, 1, 1], ""count_pattern"": [6, 3]}]"
175,"6,1",4,"{""r"": 6, ""c"": 1, ""distinct"": 2, ""mode_count"": 8, ""least_count"": 1, ""color8_count"": 1, ""sum_colors"": 16, ""max_color"": 8, ""min_color"": 1, ""center"": 1, ""corner_sum"": 11, ""edge_sum"": 4, ""signature_freq"": [1, 1, 2, 1, 1, 1, 1, 1, 1], ""count_pattern"": [8, 1]}","{""color8_count_min"": true, ""sum_colors_min"": true, ""center_min"": true, ""corner_sum_min"": true, ""edge_sum_min"": true}","[{""r"": 1, ""c"": 0, ""distinct"": 2, ""mode_count"": 8, ""least_count"": 1, ""color8_count"": 8, ""sum_colors"": 65, ""max_color"": 8, ""min_color"": 1, ""center"": 8, ""corner_sum"": 32, ""edge_sum"": 25, ""signature_freq"": [1, 1, 1, 1, 1, 2, 1, 1, 1], ""count_pattern"": [8, 1]}, {""r"": 2, ""c"": 5, ""distinct"": 2, ""mode_count"": 6, ""least_count"": 3, ""color8_count"": 6, ""sum_colors"": 51, ""max_color"": 8, ""min_color"": 1, ""center"": 8, ""corner_sum"": 18, ""edge_sum"": 25, ""signature_freq"": [1, 1, 2, 1, 1, 1, 2, 2, 1], ""count_pattern"": [6, 3]}, {""r"": 6, ""c"": 1, ""distinct"": 2, ""mode_count"": 8, ""least_count"": 1, ""color8_count"": 1, ""sum_colors"": 16, ""max_color"": 8, ""min_color"": 1, ""center"": 1, ""corner_sum"": 11, ""edge_sum"": 4, ""signature_freq"": [1, 1, 2, 1, 1, 1, 1, 1, 1], ""count_pattern"": [8, 1]}, {""r"": 6, ""c"": 6, ""distinct"": 2, ""mode_count"": 7, ""least_count"": 2, ""color8_count"": 2, ""sum_colors"": 23, ""max_color"": 8, ""min_color"": 1, ""center"": 1, ""corner_sum"": 11, ""edge_sum"": 11, ""signature_freq"": [2, 1, 1, 1, 1, 1, 1, 2, 1], ""count_pattern"": [7, 2]}]"
176,"1,6",4,"{""r"": 1, ""c"": 6, ""distinct"": 2, ""mode_count"": 7, ""least_count"": 2, ""color8_count"": 2, ""sum_colors"": 23, ""max_color"": 8, ""min_color"": 1, ""center"": 8, ""corner_sum"": 11, ""edge_sum"": 4, ""signature_freq"": [2, 1, 1, 1, 2, 1, 1, 1, 1], ""count_pattern"": [7, 2]}","{""color8_count_min"": true, ""sum_colors_min"": true, ""corner_sum_min"": true, ""edge_sum_min"": true, ""col_major_last"": true}","[{""r"": 0, ""c"": 2, ""distinct"": 2, ""mode_count"": 5, ""least_count"": 4, ""color8_count"": 5, ""sum_colors"": 44, ""max_color"": 8, ""min_color"": 1, ""center"": 8, ""corner_sum"": 18, ""edge_sum"": 18, ""signature_freq"": [2, 2, 2, 1, 1, 1, 1, 2, 1], ""count_pattern"": [5, 4]}, {""r"": 1, ""c"": 6, ""distinct"": 2, ""mode_count"": 7, ""least_count"": 2, ""color8_count"": 2, ""sum_colors"": 23, ""max_color"": 8, ""min_color"": 1, ""center"": 8, ""corner_sum"": 11, ""edge_sum"": 4, ""signature_freq"": [2, 1, 1, 1, 2, 1, 1, 1, 1], ""count_pattern"": [7, 2]}, {""r"": 4, ""c"": 1, ""distinct"": 2, ""mode_count"": 5, ""least_count"": 4, ""color8_count"": 4, ""sum_colors"": 37, ""max_color"": 8, ""min_color"": 1, ""center"": 8, ""corner_sum"": 18, ""edge_sum"": 11, ""signature_freq"": [1, 1, 2, 2, 2, 1, 1, 1, 2], ""count_pattern"": [5, 4]}, {""r"": 6, ""c"": 5, ""distinct"": 2, ""mode_count"": 8, ""least_count"": 1, ""color8_count"": 8, ""sum_colors"": 65, ""max_color"": 8, ""min_color"": 1, ""center"": 8, ""corner_sum"": 25, ""edge_sum"": 32, ""signature_freq"": [2, 1, 1, 1, 1, 1, 1, 1, 1], ""count_pattern"": [8, 1]}]"
177,"6,1",4,"{""r"": 6, ""c"": 1, ""distinct"": 2, ""mode_count"": 6, ""least_count"": 3, ""color8_count"": 3, ""sum_colors"": 30, ""max_color"": 8, ""min_color"": 1, ""center"": 1, ""corner_sum"": 18, ""edge_sum"": 11, ""signature_freq"": [1, 2, 1, 1, 1, 1, 2, 1, 2], ""count_pattern"": [6, 3]}","{""mode_count_min"": true, ""color8_count_min"": true, ""sum_colors_min"": true, ""corner_sum_min"": true, ""edge_sum_min"": true, ""col_major_first"": true}","[{""r"": 1, ""c"": 6, ""distinct"": 1, ""mode_count"": 9, ""least_count"": 9, ""color8_count"": 9, ""sum_colors"": 72, ""max_color"": 8, ""min_color"": 8, ""center"": 8, ""corner_sum"": 32, ""edge_sum"": 32, ""signature_freq"": [1, 1, 1, 1, 1, 1, 1, 1, 1], ""count_pattern"": [9]}, {""r"": 2, ""c"": 2, ""distinct"": 2, ""mode_count"": 7, ""least_count"": 2, ""color8_count"": 7, ""sum_colors"": 58, ""max_color"": 8, ""min_color"": 1, ""center"": 1, ""corner_sum"": 32, ""edge_sum"": 25, ""signature_freq"": [1, 1, 1, 1, 2, 2, 1, 1, 1], ""count_pattern"": [7, 2]}, {""r"": 6, ""c"": 1, ""distinct"": 2, ""mode_count"": 6, ""least_count"": 3, ""color8_count"": 3, ""sum_colors"": 30, ""max_color"": 8, ""min_color"": 1, ""center"": 1, ""corner_sum"": 18, ""edge_sum"": 11, ""signature_freq"": [1, 2, 1, 1, 1, 1, 2, 1, 2], ""count_pattern"": [6, 3]}, {""r"": 6, ""c"": 5, ""distinct"": 2, ""mode_count"": 8, ""least_count"": 1, ""color8_count"": 8, ""sum_colors"": 65, ""max_color"": 8, ""min_color"": 1, ""center"": 8, ""corner_sum"": 25, ""edge_sum"": 32, ""signature_freq"": [1, 1, 2, 1, 1, 1, 1, 1, 1], ""count_pattern"": [8, 1]}]"
178,"5,1",4,"{""r"": 5, ""c"": 1, ""distinct"": 2, ""mode_count"": 8, ""least_count"": 1, ""color8_count"": 1, ""sum_colors"": 16, ""max_color"": 8, ""min_color"": 1, ""center"": 1, ""corner_sum"": 11, ""edge_sum"": 4, ""signature_freq"": [2, 1, 1, 1, 1, 1, 1, 1, 1], ""count_pattern"": [8, 1]}","{""least_count_min"": true, ""color8_count_min"": true, ""sum_colors_min"": true, ""edge_sum_min"": true, ""col_major_first"": true}","[{""r"": 0, ""c"": 2, ""distinct"": 2, ""mode_count"": 7, ""least_count"": 2, ""color8_count"": 2, ""sum_colors"": 23, ""max_color"": 8, ""min_color"": 1, ""center"": 1, ""corner_sum"": 11, ""edge_sum"": 11, ""signature_freq"": [1, 1, 1, 2, 1, 1, 2, 1, 1], ""count_pattern"": [7, 2]}, {""r"": 1, ""c"": 6, ""distinct"": 1, ""mode_count"": 9, ""least_count"": 9, ""color8_count"": 9, ""sum_colors"": 72, ""max_color"": 8, ""min_color"": 8, ""center"": 8, ""corner_sum"": 32, ""edge_sum"": 32, ""signature_freq"": [1, 1, 1, 1, 1, 1, 1, 1, 1], ""count_pattern"": [9]}, {""r"": 5, ""c"": 1, ""distinct"": 2, ""mode_count"": 8, ""least_count"": 1, ""color8_count"": 1, ""sum_colors"": 16, ""max_color"": 8, ""min_color"": 1, ""center"": 1, ""corner_sum"": 11, ""edge_sum"": 4, ""signature_freq"": [2, 1, 1, 1, 1, 1, 1, 1, 1], ""count_pattern"": [8, 1]}, {""r"": 6, ""c"": 5, ""distinct"": 2, ""mode_count"": 8, ""least_count"": 1, ""color8_count"": 8, ""sum_colors"": 65, ""max_color"": 8, ""min_color"": 1, ""center"": 8, ""corner_sum"": 25, ""edge_sum"": 32, ""signature_freq"": [1, 1, 2, 1, 1, 1, 1, 1, 1], ""count_pattern"": [8, 1]}]"
179,"0,0",4,"{""r"": 0, ""c"": 0, ""distinct"": 2, ""mode_count"": 8, ""least_count"": 1, ""color8_count"": 1, ""sum_colors"": 16, ""max_color"": 8, ""min_color"": 1, ""center"": 1, ""corner_sum"": 4, ""edge_sum"": 11, ""signature_freq"": [1, 1, 1, 2, 1, 1, 1, 1, 1], ""count_pattern"": [8, 1]}","{""distinct_max"": true, ""least_count_min"": true, ""color8_count_min"": true, ""sum_colors_min"": true, ""max_color_min"": true, ""max_color_max"": true, ""min_color_min"": true, ""center_min"": true, ""corner_sum_min"": true, ""row_major_first"": true, ""col_major_first"": true}","[{""r"": 0, ""c"": 0, ""distinct"": 2, ""mode_count"": 8, ""least_count"": 1, ""color8_count"": 1, ""sum_colors"": 16, ""max_color"": 8, ""min_color"": 1, ""center"": 1, ""corner_sum"": 4, ""edge_sum"": 11, ""signature_freq"": [1, 1, 1, 2, 1, 1, 1, 1, 1], ""count_pattern"": [8, 1]}, {""r"": 1, ""c"": 6, ""distinct"": 2, ""mode_count"": 7, ""least_count"": 2, ""color8_count"": 2, ""sum_colors"": 23, ""max_color"": 8, ""min_color"": 1, ""center"": 8, ""corner_sum"": 11, ""edge_sum"": 4, ""signature_freq"": [1, 1, 1, 1, 2, 1, 2, 1, 1], ""count_pattern"": [7, 2]}, {""r"": 5, ""c"": 0, ""distinct"": 1, ""mode_count"": 9, ""least_count"": 9, ""color8_count"": 9, ""sum_colors"": 72, ""max_color"": 8, ""min_color"": 8, ""center"": 8, ""corner_sum"": 32, ""edge_sum"": 32, ""signature_freq"": [1, 1, 1, 1, 1, 1, 1, 1, 1], ""count_pattern"": [9]}, {""r"": 6, ""c"": 5, ""distinct"": 2, ""mode_count"": 8, ""least_count"": 1, ""color8_count"": 8, ""sum_colors"": 65, ""max_color"": 8, ""min_color"": 1, ""center"": 8, ""corner_sum"": 32, ""edge_sum"": 25, ""signature_freq"": [1, 1, 1, 1, 1, 2, 1, 1, 1], ""count_pattern"": [8, 1]}]"
180,"0,6",4,"{""r"": 0, ""c"": 6, ""distinct"": 2, ""mode_count"": 6, ""least_count"": 3, ""color8_count"": 3, ""sum_colors"": 30, ""max_color"": 8, ""min_color"": 1, ""center"": 1, ""corner_sum"": 18, ""edge_sum"": 11, ""signature_freq"": [1, 1, 2, 1, 1, 1, 2, 2, 1], ""count_pattern"": [6, 3]}","{""color8_count_min"": true, ""sum_colors_min"": true, ""center_min"": true, ""edge_sum_min"": true, ""col_major_last"": true}","[{""r"": 0, ""c"": 2, ""distinct"": 2, ""mode_count"": 8, ""least_count"": 1, ""color8_count"": 8, ""sum_colors"": 65, ""max_color"": 8, ""min_color"": 1, ""center"": 8, ""corner_sum"": 25, ""edge_sum"": 32, ""signature_freq"": [1, 1, 1, 1, 1, 1, 1, 1, 2], ""count_pattern"": [8, 1]}, {""r"": 0, ""c"": 6, ""distinct"": 2, ""mode_count"": 6, ""least_count"": 3, ""color8_count"": 3, ""sum_colors"": 30, ""max_color"": 8, ""min_color"": 1, ""center"": 1, ""corner_sum"": 18, ""edge_sum"": 11, ""signature_freq"": [1, 1, 2, 1, 1, 1, 2, 2, 1], ""count_pattern"": [6, 3]}, {""r"": 5, ""c"": 0, ""distinct"": 2, ""mode_count"": 6, ""least_count"": 3, ""color8_count"": 6, ""sum_colors"": 51, ""max_color"": 8, ""min_color"": 1, ""center"": 8, ""corner_sum"": 18, ""edge_sum"": 25, ""signature_freq"": [1, 1, 1, 1, 1, 1, 2, 2, 2], ""count_pattern"": [6, 3]}, {""r"": 5, ""c"": 4, ""distinct"": 2, ""mode_count"": 5, ""least_count"": 4, ""color8_count"": 4, ""sum_colors"": 37, ""max_color"": 8, ""min_color"": 1, ""center"": 8, ""corner_sum"": 11, ""edge_sum"": 18, ""signature_freq"": [1, 2, 1, 1, 2, 2, 2, 1, 1], ""count_pattern"": [5, 4]}]"
181,"6,4",4,"{""r"": 6, ""c"": 4, ""distinct"": 2, ""mode_count"": 6, ""least_count"": 3, ""color8_count"": 3, ""sum_colors"": 30, ""max_color"": 8, ""min_color"": 1, ""center"": 8, ""corner_sum"": 11, ""edge_sum"": 11, ""signature_freq"": [1, 1, 1, 1, 2, 2, 1, 1, 2], ""count_pattern"": [6, 3]}","{""color8_count_min"": true, ""sum_colors_min"": true, ""corner_sum_min"": true, ""row_major_last"": true}","[{""r"": 1, ""c"": 0, ""distinct"": 2, ""mode_count"": 8, ""least_count"": 1, ""color8_count"": 8, ""sum_colors"": 65, ""max_color"": 8, ""min_color"": 1, ""center"": 8, ""corner_sum"": 25, ""edge_sum"": 32, ""signature_freq"": [1, 1, 2, 1, 1, 1, 1, 1, 1], ""count_pattern"": [8, 1]}, {""r"": 2, ""c"": 5, ""distinct"": 2, ""mode_count"": 5, ""least_count"": 4, ""color8_count"": 4, ""sum_colors"": 37, ""max_color"": 8, ""min_color"": 1, ""center"": 8, ""corner_sum"": 18, ""edge_sum"": 11, ""signature_freq"": [2, 1, 1, 1, 2, 2, 1, 1, 2], ""count_pattern"": [5, 4]}, {""r"": 5, ""c"": 0, ""distinct"": 2, ""mode_count"": 7, ""least_count"": 2, ""color8_count"": 7, ""sum_colors"": 58, ""max_color"": 8, ""min_color"": 1, ""center"": 8, ""corner_sum"": 18, ""edge_sum"": 32, ""signature_freq"": [2, 1, 1, 1, 1, 1, 2, 1, 1], ""count_pattern"": [7, 2]}, {""r"": 6, ""c"": 4, ""distinct"": 2, ""mode_count"": 6, ""least_count"": 3, ""color8_count"": 3, ""sum_colors"": 30, ""max_color"": 8, ""min_color"": 1, ""center"": 8, ""corner_sum"": 11, ""edge_sum"": 11, ""signature_freq"": [1, 1, 1, 1, 2, 2, 1, 1, 2], ""count_pattern"": [6, 3]}]"
182,"5,1",4,"{""r"": 5, ""c"": 1, ""distinct"": 2, ""mode_count"": 6, ""least_count"": 3, ""color8_count"": 3, ""sum_colors"": 30, ""max_color"": 8, ""min_color"": 1, ""center"": 1, ""corner_sum"": 18, ""edge_sum"": 11, ""signature_freq"": [1, 1, 2, 1, 1, 1, 2, 2, 1], ""count_pattern"": [6, 3]}","{""color8_count_min"": true, ""sum_colors_min"": true, ""center_min"": true, ""corner_sum_min"": true, ""edge_sum_min"": true}","[{""r"": 0, ""c"": 1, ""distinct"": 2, ""mode_count"": 8, ""least_count"": 1, ""color8_count"": 8, ""sum_colors"": 65, ""max_color"": 8, ""min_color"": 1, ""center"": 8, ""corner_sum"": 25, ""edge_sum"": 32, ""signature_freq"": [1, 1, 2, 1, 1, 1, 1, 1, 1], ""count_pattern"": [8, 1]}, {""r"": 1, ""c"": 6, ""distinct"": 1, ""mode_count"": 9, ""least_count"": 9, ""color8_count"": 9, ""sum_colors"": 72, ""max_color"": 8, ""min_color"": 8, ""center"": 8, ""corner_sum"": 32, ""edge_sum"": 32, ""signature_freq"": [1, 1, 1, 1, 1, 1, 1, 1, 1], ""count_pattern"": [9]}, {""r"": 5, ""c"": 1, ""distinct"": 2, ""mode_count"": 6, ""least_count"": 3, ""color8_count"": 3, ""sum_colors"": 30, ""max_color"": 8, ""min_color"": 1, ""center"": 1, ""corner_sum"": 18, ""edge_sum"": 11, ""signature_freq"": [1, 1, 2, 1, 1, 1, 2, 2, 1], ""count_pattern"": [6, 3]}, {""r"": 5, ""c"": 5, ""distinct"": 2, ""mode_count"": 5, ""least_count"": 4, ""color8_count"": 5, ""sum_colors"": 44, ""max_color"": 8, ""min_color"": 1, ""center"": 1, ""corner_sum"": 25, ""edge_sum"": 18, ""signature_freq"": [1, 2, 2, 1, 2, 1, 1, 2, 1], ""count_pattern"": [5, 4]}]"
183,"0,6",4,"{""r"": 0, ""c"": 6, ""distinct"": 2, ""mode_count"": 8, ""least_count"": 1, ""color8_count"": 1, ""sum_colors"": 16, ""max_color"": 8, ""min_color"": 1, ""center"": 1, ""corner_sum"": 4, ""edge_sum"": 11, ""signature_freq"": [1, 1, 1, 2, 1, 1, 1, 1, 1], ""count_pattern"": [8, 1]}","{""mode_count_max"": true, ""least_count_min"": true, ""color8_count_min"": true, ""sum_colors_min"": true, ""corner_sum_min"": true, ""edge_sum_min"": true, ""col_major_last"": true}","[{""r"": 0, ""c"": 1, ""distinct"": 2, ""mode_count"": 6, ""least_count"": 3, ""color8_count"": 6, ""sum_colors"": 51, ""max_color"": 8, ""min_color"": 1, ""center"": 1, ""corner_sum"": 18, ""edge_sum"": 32, ""signature_freq"": [2, 1, 1, 1, 2, 1, 1, 1, 2], ""count_pattern"": [6, 3]}, {""r"": 0, ""c"": 6, ""distinct"": 2, ""mode_count"": 8, ""least_count"": 1, ""color8_count"": 1, ""sum_colors"": 16, ""max_color"": 8, ""min_color"": 1, ""center"": 1, ""corner_sum"": 4, ""edge_sum"": 11, ""signature_freq"": [1, 1, 1, 2, 1, 1, 1, 1, 1], ""count_pattern"": [8, 1]}, {""r"": 4, ""c"": 0, ""distinct"": 2, ""mode_count"": 5, ""least_count"": 4, ""color8_count"": 5, ""sum_colors"": 44, ""max_color"": 8, ""min_color"": 1, ""center"": 1, ""corner_sum"": 25, ""edge_sum"": 18, ""signature_freq"": [1, 2, 2, 2, 2, 1, 1, 1, 1], ""count_pattern"": [5, 4]}, {""r"": 6, ""c"": 5, ""distinct"": 2, ""mode_count"": 5, ""least_count"": 4, ""color8_count"": 4, ""sum_colors"": 37, ""max_color"": 8, ""min_color"": 1, ""center"": 1, ""corner_sum"": 11, ""edge_sum"": 25, ""signature_freq"": [2, 2, 1, 1, 1, 2, 1, 2, 1], ""count_pattern"": [5, 4]}]"
184,"2,6",4,"{""r"": 2, ""c"": 6, ""distinct"": 2, ""mode_count"": 6, ""least_count"": 3, ""color8_count"": 3, ""sum_colors"": 30, ""max_color"": 8, ""min_color"": 1, ""center"": 8, ""corner_sum"": 4, ""edge_sum"": 18, ""signature_freq"": [1, 1, 1, 1, 2, 2, 1, 2, 1], ""count_pattern"": [6, 3]}","{""mode_count_min"": true, ""color8_count_min"": true, ""sum_colors_min"": true, ""corner_sum_min"": true, ""edge_sum_min"": true, ""col_major_last"": true}","[{""r"": 2, ""c"": 0, ""distinct"": 2, ""mode_count"": 8, ""least_count"": 1, ""color8_count"": 8, ""sum_colors"": 65, ""max_color"": 8, ""min_color"": 1, ""center"": 8, ""corner_sum"": 32, ""edge_sum"": 25, ""signature_freq"": [1, 1, 1, 2, 1, 1, 1, 1, 1], ""count_pattern"": [8, 1]}, {""r"": 2, ""c"": 6, ""distinct"": 2, ""mode_count"": 6, ""least_count"": 3, ""color8_count"": 3, ""sum_colors"": 30, ""max_color"": 8, ""min_color"": 1, ""center"": 8, ""corner_sum"": 4, ""edge_sum"": 18, ""signature_freq"": [1, 1, 1, 1, 2, 2, 1, 2, 1], ""count_pattern"": [6, 3]}, {""r"": 6, ""c"": 0, ""distinct"": 2, ""mode_count"": 7, ""least_count"": 2, ""color8_count"": 7, ""sum_colors"": 58, ""max_color"": 8, ""min_color"": 1, ""center"": 8, ""corner_sum"": 32, ""edge_sum"": 18, ""signature_freq"": [1, 2, 1, 1, 1, 2, 1, 1, 1], ""count_pattern"": [7, 2]}, {""r"": 6, ""c"": 4, ""distinct"": 1, ""mode_count"": 9, ""least_count"": 9, ""color8_count"": 9, ""sum_colors"": 72, ""max_color"": 8, ""min_color"": 8, ""center"": 8, ""corner_sum"": 32, ""edge_sum"": 32, ""signature_freq"": [1, 1, 1, 1, 1, 1, 1, 1, 1], ""count_pattern"": [9]}]"
185,"1,0",4,"{""r"": 1, ""c"": 0, ""distinct"": 2, ""mode_count"": 8, ""least_count"": 1, ""color8_count"": 1, ""sum_colors"": 16, ""max_color"": 8, ""min_color"": 1, ""center"": 1, ""corner_sum"": 4, ""edge_sum"": 11, ""signature_freq"": [1, 1, 1, 1, 1, 2, 1, 1, 1], ""count_pattern"": [8, 1]}","{""color8_count_min"": true, ""sum_colors_min"": true, ""center_min"": true, ""corner_sum_min"": true, ""edge_sum_min"": true, ""col_major_first"": true}","[{""r"": 0, ""c"": 5, ""distinct"": 2, ""mode_count"": 8, ""least_count"": 1, ""color8_count"": 8, ""sum_colors"": 65, ""max_color"": 8, ""min_color"": 1, ""center"": 8, ""corner_sum"": 32, ""edge_sum"": 25, ""signature_freq"": [1, 1, 1, 2, 1, 1, 1, 1, 1], ""count_pattern"": [8, 1]}, {""r"": 1, ""c"": 0, ""distinct"": 2, ""mode_count"": 8, ""least_count"": 1, ""color8_count"": 1, ""sum_colors"": 16, ""max_color"": 8, ""min_color"": 1, ""center"": 1, ""corner_sum"": 4, ""edge_sum"": 11, ""signature_freq"": [1, 1, 1, 1, 1, 2, 1, 1, 1], ""count_pattern"": [8, 1]}, {""r"": 5, ""c"": 5, ""distinct"": 2, ""mode_count"": 5, ""least_count"": 4, ""color8_count"": 4, ""sum_colors"": 37, ""max_color"": 8, ""min_color"": 1, ""center"": 8, ""corner_sum"": 11, ""edge_sum"": 18, ""signature_freq"": [1, 2, 2, 1, 2, 1, 1, 2, 1], ""count_pattern"": [5, 4]}, {""r"": 6, ""c"": 0, ""distinct"": 2, ""mode_count"": 6, ""least_count"": 3, ""color8_count"": 6, ""sum_colors"": 51, ""max_color"": 8, ""min_color"": 1, ""center"": 8, ""corner_sum"": 25, ""edge_sum"": 18, ""signature_freq"": [1, 2, 1, 1, 1, 2, 2, 1, 1], ""count_pattern"": [6, 3]}]"
186,"0,2",4,"{""r"": 0, ""c"": 2, ""distinct"": 2, ""mode_count"": 8, ""least_count"": 1, ""color8_count"": 1, ""sum_colors"": 16, ""max_color"": 8, ""min_color"": 1, ""center"": 1, ""corner_sum"": 11, ""edge_sum"": 4, ""signature_freq"": [1, 1, 1, 1, 1, 1, 1, 1, 2], ""count_pattern"": [8, 1]}","{""distinct_min"": true, ""distinct_max"": true, ""mode_count_max"": true, ""least_count_min"": true, ""color8_count_min"": true, ""sum_colors_min"": true, ""max_color_min"": true, ""max_color_max"": true, ""min_color_min"": true, ""min_color_max"": true, ""center_min"": true, ""center_max"": true, ""corner_sum_min"": true, ""edge_sum_min"": true, ""row_major_first"": true, ""col_major_first"": true}","[{""r"": 0, ""c"": 2, ""distinct"": 2, ""mode_count"": 8, ""least_count"": 1, ""color8_count"": 1, ""sum_colors"": 16, ""max_color"": 8, ""min_color"": 1, ""center"": 1, ""corner_sum"": 11, ""edge_sum"": 4, ""signature_freq"": [1, 1, 1, 1, 1, 1, 1, 1, 2], ""count_pattern"": [8, 1]}, {""r"": 0, ""c"": 6, ""distinct"": 2, ""mode_count"": 5, ""least_count"": 4, ""color8_count"": 4, ""sum_colors"": 37, ""max_color"": 8, ""min_color"": 1, ""center"": 1, ""corner_sum"": 18, ""edge_sum"": 18, ""signature_freq"": [2, 1, 1, 2, 1, 1, 1, 2, 2], ""count_pattern"": [5, 4]}, {""r"": 5, ""c"": 6, ""distinct"": 2, ""mode_count"": 6, ""least_count"": 3, ""color8_count"": 3, ""sum_colors"": 30, ""max_color"": 8, ""min_color"": 1, ""center"": 1, ""corner_sum"": 18, ""edge_sum"": 11, ""signature_freq"": [2, 1, 1, 1, 1, 2, 2, 1, 1], ""count_pattern"": [6, 3]}, {""r"": 6, ""c"": 2, ""distinct"": 2, ""mode_count"": 7, ""least_count"": 2, ""color8_count"": 2, ""sum_colors"": 23, ""max_color"": 8, ""min_color"": 1, ""center"": 1, ""corner_sum"": 18, ""edge_sum"": 4, ""signature_freq"": [2, 1, 1, 1, 1, 1, 2, 1, 1], ""count_pattern"": [7, 2]}]"
187,"0,1",4,"{""r"": 0, ""c"": 1, ""distinct"": 2, ""mode_count"": 8, ""least_count"": 1, ""color8_count"": 1, ""sum_colors"": 16, ""max_color"": 8, ""min_color"": 1, ""center"": 1, ""corner_sum"": 11, ""edge_sum"": 4, ""signature_freq"": [1, 1, 2, 1, 1, 1, 1, 1, 1], ""count_pattern"": [8, 1]}","{""distinct_min"": true, ""distinct_max"": true, ""mode_count_max"": true, ""least_count_min"": true, ""color8_count_min"": true, ""sum_colors_min"": true, ""max_color_min"": true, ""max_color_max"": true, ""min_color_min"": true, ""min_color_max"": true, ""center_min"": true, ""edge_sum_min"": true, ""row_major_first"": true, ""col_major_first"": true}","[{""r"": 0, ""c"": 1, ""distinct"": 2, ""mode_count"": 8, ""least_count"": 1, ""color8_count"": 1, ""sum_colors"": 16, ""max_color"": 8, ""min_color"": 1, ""center"": 1, ""corner_sum"": 11, ""edge_sum"": 4, ""signature_freq"": [1, 1, 2, 1, 1, 1, 1, 1, 1], ""count_pattern"": [8, 1]}, {""r"": 0, ""c"": 5, ""distinct"": 2, ""mode_count"": 5, ""least_count"": 4, ""color8_count"": 4, ""sum_colors"": 37, ""max_color"": 8, ""min_color"": 1, ""center"": 8, ""corner_sum"": 4, ""edge_sum"": 25, ""signature_freq"": [1, 2, 1, 2, 2, 1, 1, 2, 1], ""count_pattern"": [5, 4]}, {""r"": 5, ""c"": 2, ""distinct"": 2, ""mode_count"": 8, ""least_count"": 1, ""color8_count"": 8, ""sum_colors"": 65, ""max_color"": 8, ""min_color"": 1, ""center"": 8, ""corner_sum"": 25, ""edge_sum"": 32, ""signature_freq"": [1, 1, 1, 1, 1, 1, 1, 1, 2], ""count_pattern"": [8, 1]}, {""r"": 6, ""c"": 6, ""distinct"": 2, ""mode_count"": 5, ""least_count"": 4, ""color8_count"": 5, ""sum_colors"": 44, ""max_color"": 8, ""min_color"": 1, ""center"": 8, ""corner_sum"": 4, ""edge_sum"": 32, ""signature_freq"": [2, 1, 2, 1, 1, 1, 2, 1, 2], ""count_pattern"": [5, 4]}]"
188,"0,1",4,"{""r"": 0, ""c"": 1, ""distinct"": 2, ""mode_count"": 8, ""least_count"": 1, ""color8_count"": 1, ""sum_colors"": 16, ""max_color"": 8, ""min_color"": 1, ""center"": 1, ""corner_sum"": 4, ""edge_sum"": 11, ""signature_freq"": [1, 1, 1, 1, 1, 2, 1, 1, 1], ""count_pattern"": [8, 1]}","{""distinct_max"": true, ""least_count_min"": true, ""color8_count_min"": true, ""sum_colors_min"": true, ""max_color_min"": true, ""max_color_max"": true, ""min_color_min"": true, ""center_min"": true, ""corner_sum_min"": true, ""edge_sum_min"": true, ""row_major_first"": true}","[{""r"": 0, ""c"": 1, ""distinct"": 2, ""mode_count"": 8, ""least_count"": 1, ""color8_count"": 1, ""sum_colors"": 16, ""max_color"": 8, ""min_color"": 1, ""center"": 1, ""corner_sum"": 4, ""edge_sum"": 11, ""signature_freq"": [1, 1, 1, 1, 1, 2, 1, 1, 1], ""count_pattern"": [8, 1]}, {""r"": 0, ""c"": 6, ""distinct"": 2, ""mode_count"": 8, ""least_count"": 1, ""color8_count"": 8, ""sum_colors"": 65, ""max_color"": 8, ""min_color"": 1, ""center"": 8, ""corner_sum"": 32, ""edge_sum"": 25, ""signature_freq"": [1, 1, 1, 1, 1, 1, 1, 2, 1], ""count_pattern"": [8, 1]}, {""r"": 6, ""c"": 0, ""distinct"": 2, ""mode_count"": 6, ""least_count"": 3, ""color8_count"": 6, ""sum_colors"": 51, ""max_color"": 8, ""min_color"": 1, ""center"": 8, ""corner_sum"": 18, ""edge_sum"": 25, ""signature_freq"": [2, 1, 2, 1, 1, 2, 1, 1, 1], ""count_pattern"": [6, 3]}, {""r"": 6, ""c"": 5, ""distinct"": 1, ""mode_count"": 9, ""least_count"": 9, ""color8_count"": 9, ""sum_colors"": 72, ""max_color"": 8, ""min_color"": 8, ""center"": 8, ""corner_sum"": 32, ""edge_sum"": 32, ""signature_freq"": [1, 1, 1, 1, 1, 1, 1, 1, 1], ""count_pattern"": [9]}]"
189,"1,4",4,"{""r"": 1, ""c"": 4, ""distinct"": 2, ""mode_count"": 8, ""least_count"": 1, ""color8_count"": 1, ""sum_colors"": 16, ""max_color"": 8, ""min_color"": 1, ""center"": 1, ""corner_sum"": 11, ""edge_sum"": 4, ""signature_freq"": [1, 1, 2, 1, 1, 1, 1, 1, 1], ""count_pattern"": [8, 1]}","{""color8_count_min"": true, ""sum_colors_min"": true, ""center_min"": true, ""corner_sum_min"": true, ""edge_sum_min"": true}","[{""r"": 0, ""c"": 0, ""distinct"": 2, ""mode_count"": 8, ""least_count"": 1, ""color8_count"": 8, ""sum_colors"": 65, ""max_color"": 8, ""min_color"": 1, ""center"": 8, ""corner_sum"": 25, ""edge_sum"": 32, ""signature_freq"": [1, 1, 2, 1, 1, 1, 1, 1, 1], ""count_pattern"": [8, 1]}, {""r"": 1, ""c"": 4, ""distinct"": 2, ""mode_count"": 8, ""least_count"": 1, ""color8_count"": 1, ""sum_colors"": 16, ""max_color"": 8, ""min_color"": 1, ""center"": 1, ""corner_sum"": 11, ""edge_sum"": 4, ""signature_freq"": [1, 1, 2, 1, 1, 1, 1, 1, 1], ""count_pattern"": [8, 1]}, {""r"": 5, ""c"": 6, ""distinct"": 2, ""mode_count"": 6, ""least_count"": 3, ""color8_count"": 6, ""sum_colors"": 51, ""max_color"": 8, ""min_color"": 1, ""center"": 8, ""corner_sum"": 25, ""edge_sum"": 18, ""signature_freq"": [2, 2, 1, 1, 1, 2, 1, 1, 1], ""count_pattern"": [6, 3]}, {""r"": 6, ""c"": 0, ""distinct"": 2, ""mode_count"": 7, ""least_count"": 2, ""color8_count"": 2, ""sum_colors"": 23, ""max_color"": 8, ""min_color"": 1, ""center"": 1, ""corner_sum"": 18, ""edge_sum"": 4, ""signature_freq"": [2, 1, 1, 1, 1, 1, 2, 1, 1], ""count_pattern"": [7, 2]}]"
190,"0,0",4,"{""r"": 0, ""c"": 0, ""distinct"": 2, ""mode_count"": 5, ""least_count"": 4, ""color8_count"": 4, ""sum_colors"": 37, ""max_color"": 8, ""min_color"": 1, ""center"": 8, ""corner_sum"": 11, ""edge_sum"": 18, ""signature_freq"": [1, 2, 1, 1, 2, 2, 2, 1, 1], ""count_pattern"": [5, 4]}","{""distinct_min"": true, ""distinct_max"": true, ""mode_count_min"": true, ""least_count_max"": true, ""color8_count_min"": true, ""sum_colors_min"": true, ""max_color_min"": true, ""max_color_max"": true, ""min_color_min"": true, ""min_color_max"": true, ""center_min"": true, ""center_max"": true, ""corner_sum_min"": true, ""edge_sum_min"": true, ""row_major_first"": true, ""col_major_first"": true}","[{""r"": 0, ""c"": 0, ""distinct"": 2, ""mode_count"": 5, ""least_count"": 4, ""color8_count"": 4, ""sum_colors"": 37, ""max_color"": 8, ""min_color"": 1, ""center"": 8, ""corner_sum"": 11, ""edge_sum"": 18, ""signature_freq"": [1, 2, 1, 1, 2, 2, 2, 1, 1], ""count_pattern"": [5, 4]}, {""r"": 1, ""c"": 5, ""distinct"": 2, ""mode_count"": 7, ""least_count"": 2, ""color8_count"": 7, ""sum_colors"": 58, ""max_color"": 8, ""min_color"": 1, ""center"": 8, ""corner_sum"": 32, ""edge_sum"": 18, ""signature_freq"": [1, 2, 1, 1, 1, 2, 1, 1, 1], ""count_pattern"": [7, 2]}, {""r"": 5, ""c"": 0, ""distinct"": 2, ""mode_count"": 8, ""least_count"": 1, ""color8_count"": 8, ""sum_colors"": 65, ""max_color"": 8, ""min_color"": 1, ""center"": 8, ""corner_sum"": 32, ""edge_sum"": 25, ""signature_freq"": [1, 1, 1, 1, 1, 2, 1, 1, 1], ""count_pattern"": [8, 1]}, {""r"": 5, ""c"": 6, ""distinct"": 2, ""mode_count"": 6, ""least_count"": 3, ""color8_count"": 6, ""sum_colors"": 51, ""max_color"": 8, ""min_color"": 1, ""center"": 8, ""corner_sum"": 25, ""edge_sum"": 18, ""signature_freq"": [1, 1, 2, 1, 1, 2, 1, 2, 1], ""count_pattern"": [6, 3]}]"
191,"4,1",4,"{""r"": 4, ""c"": 1, ""distinct"": 2, ""mode_count"": 8, ""least_count"": 1, ""color8_count"": 1, ""sum_colors"": 16, ""max_color"": 8, ""min_color"": 1, ""center"": 1, ""corner_sum"": 4, ""edge_sum"": 11, ""signature_freq"": [1, 1, 1, 1, 1, 2, 1, 1, 1], ""count_pattern"": [8, 1]}","{""least_count_min"": true, ""color8_count_min"": true, ""sum_colors_min"": true, ""center_min"": true, ""corner_sum_min"": true, ""col_major_first"": true}","[{""r"": 0, ""c"": 2, ""distinct"": 2, ""mode_count"": 5, ""least_count"": 4, ""color8_count"": 4, ""sum_colors"": 37, ""max_color"": 8, ""min_color"": 1, ""center"": 8, ""corner_sum"": 18, ""edge_sum"": 11, ""signature_freq"": [2, 1, 2, 1, 2, 1, 1, 2, 1], ""count_pattern"": [5, 4]}, {""r"": 0, ""c"": 6, ""distinct"": 1, ""mode_count"": 9, ""least_count"": 9, ""color8_count"": 9, ""sum_colors"": 72, ""max_color"": 8, ""min_color"": 8, ""center"": 8, ""corner_sum"": 32, ""edge_sum"": 32, ""signature_freq"": [1, 1, 1, 1, 1, 1, 1, 1, 1], ""count_pattern"": [9]}, {""r"": 4, ""c"": 1, ""distinct"": 2, ""mode_count"": 8, ""least_count"": 1, ""color8_count"": 1, ""sum_colors"": 16, ""max_color"": 8, ""min_color"": 1, ""center"": 1, ""corner_sum"": 4, ""edge_sum"": 11, ""signature_freq"": [1, 1, 1, 1, 1, 2, 1, 1, 1], ""count_pattern"": [8, 1]}, {""r"": 6, ""c"": 5, ""distinct"": 2, ""mode_count"": 7, ""least_count"": 2, ""color8_count"": 7, ""sum_colors"": 58, ""max_color"": 8, ""min_color"": 1, ""center"": 8, ""corner_sum"": 32, ""edge_sum"": 18, ""signature_freq"": [1, 1, 1, 2, 1, 1, 1, 2, 1], ""count_pattern"": [7, 2]}]"
192,"4,0",4,"{""r"": 4, ""c"": 0, ""distinct"": 2, ""mode_count"": 8, ""least_count"": 1, ""color8_count"": 1, ""sum_colors"": 16, ""max_color"": 8, ""min_color"": 1, ""center"": 1, ""corner_sum"": 11, ""edge_sum"": 4, ""signature_freq"": [1, 1, 1, 1, 1, 1, 2, 1, 1], ""count_pattern"": [8, 1]}","{""color8_count_min"": true, ""sum_colors_min"": true, ""center_min"": true, ""corner_sum_min"": true, ""edge_sum_min"": true, ""col_major_first"": true}","[{""r"": 0, ""c"": 1, ""distinct"": 2, ""mode_count"": 8, ""least_count"": 1, ""color8_count"": 8, ""sum_colors"": 65, ""max_color"": 8, ""min_color"": 1, ""center"": 8, ""corner_sum"": 32, ""edge_sum"": 25, ""signature_freq"": [1, 1, 1, 1, 1, 2, 1, 1, 1], ""count_pattern"": [8, 1]}, {""r"": 1, ""c"": 6, ""distinct"": 2, ""mode_count"": 6, ""least_count"": 3, ""color8_count"": 6, ""sum_colors"": 51, ""max_color"": 8, ""min_color"": 1, ""center"": 8, ""corner_sum"": 25, ""edge_sum"": 18, ""signature_freq"": [1, 2, 1, 1, 1, 2, 2, 1, 1], ""count_pattern"": [6, 3]}, {""r"": 4, ""c"": 0, ""distinct"": 2, ""mode_count"": 8, ""least_count"": 1, ""color8_count"": 1, ""sum_colors"": 16, ""max_color"": 8, ""min_color"": 1, ""center"": 1, ""corner_sum"": 11, ""edge_sum"": 4, ""signature_freq"": [1, 1, 1, 1, 1, 1, 2, 1, 1], ""count_pattern"": [8, 1]}, {""r"": 5, ""c"": 6, ""distinct"": 2, ""mode_count"": 7, ""least_count"": 2, ""color8_count"": 2, ""sum_colors"": 23, ""max_color"": 8, ""min_color"": 1, ""center"": 1, ""corner_sum"": 11, ""edge_sum"": 11, ""signature_freq"": [1, 2, 2, 1, 1, 1, 1, 1, 1], ""count_pattern"": [7, 2]}]"
193,"5,0",4,"{""r"": 5, ""c"": 0, ""distinct"": 2, ""mode_count"": 6, ""least_count"": 3, ""color8_count"": 3, ""sum_colors"": 30, ""max_color"": 8, ""min_color"": 1, ""center"": 8, ""corner_sum"": 11, ""edge_sum"": 11, ""signature_freq"": [1, 1, 1, 1, 2, 2, 2, 1, 1], ""count_pattern"": [6, 3]}","{""color8_count_min"": true, ""sum_colors_min"": true, ""row_major_last"": true}","[{""r"": 0, ""c"": 0, ""distinct"": 2, ""mode_count"": 5, ""least_count"": 4, ""color8_count"": 5, ""sum_colors"": 44, ""max_color"": 8, ""min_color"": 1, ""center"": 8, ""corner_sum"": 11, ""edge_sum"": 25, ""signature_freq"": [1, 1, 2, 2, 1, 1, 2, 1, 2], ""count_pattern"": [5, 4]}, {""r"": 0, ""c"": 4, ""distinct"": 2, ""mode_count"": 8, ""least_count"": 1, ""color8_count"": 8, ""sum_colors"": 65, ""max_color"": 8, ""min_color"": 1, ""center"": 8, ""corner_sum"": 25, ""edge_sum"": 32, ""signature_freq"": [1, 1, 1, 1, 1, 1, 1, 1, 2], ""count_pattern"": [8, 1]}, {""r"": 4, ""c"": 5, ""distinct"": 2, ""mode_count"": 5, ""least_count"": 4, ""color8_count"": 4, ""sum_colors"": 37, ""max_color"": 8, ""min_color"": 1, ""center"": 1, ""corner_sum"": 25, ""edge_sum"": 11, ""signature_freq"": [1, 2, 2, 1, 1, 1, 2, 1, 2], ""count_pattern"": [5, 4]}, {""r"": 5, ""c"": 0, ""distinct"": 2, ""mode_count"": 6, ""least_count"": 3, ""color8_count"": 3, ""sum_colors"": 30, ""max_color"": 8, ""min_color"": 1, ""center"": 8, ""corner_sum"": 11, ""edge_sum"": 11, ""signature_freq"": [1, 1, 1, 1, 2, 2, 2, 1, 1], ""count_pattern"": [6, 3]}]"
194,"2,6",4,"{""r"": 2, ""c"": 6, ""distinct"": 2, ""mode_count"": 7, ""least_count"": 2, ""color8_count"": 2, ""sum_colors"": 23, ""max_color"": 8, ""min_color"": 1, ""center"": 1, ""corner_sum"": 4, ""edge_sum"": 18, ""signature_freq"": [1, 1, 1, 2, 1, 1, 1, 2, 1], ""count_pattern"": [7, 2]}","{""least_count_min"": true, ""color8_count_min"": true, ""sum_colors_min"": true, ""center_min"": true, ""corner_sum_min"": true}","[{""r"": 2, ""c"": 2, ""distinct"": 2, ""mode_count"": 6, ""least_count"": 3, ""color8_count"": 3, ""sum_colors"": 30, ""max_color"": 8, ""min_color"": 1, ""center"": 8, ""corner_sum"": 11, ""edge_sum"": 11, ""signature_freq"": [2, 1, 1, 2, 2, 1, 1, 1, 1], ""count_pattern"": [6, 3]}, {""r"": 2, ""c"": 6, ""distinct"": 2, ""mode_count"": 7, ""least_count"": 2, ""color8_count"": 2, ""sum_colors"": 23, ""max_color"": 8, ""min_color"": 1, ""center"": 1, ""corner_sum"": 4, ""edge_sum"": 18, ""signature_freq"": [1, 1, 1, 2, 1, 1, 1, 2, 1], ""count_pattern"": [7, 2]}, {""r"": 6, ""c"": 2, ""distinct"": 2, ""mode_count"": 5, ""least_count"": 4, ""color8_count"": 5, ""sum_colors"": 44, ""max_color"": 8, ""min_color"": 1, ""center"": 8, ""corner_sum"": 18, ""edge_sum"": 18, ""signature_freq"": [1, 2, 2, 1, 1, 1, 2, 2, 1], ""count_pattern"": [5, 4]}, {""r"": 6, ""c"": 6, ""distinct"": 1, ""mode_count"": 9, ""least_count"": 9, ""color8_count"": 9, ""sum_colors"": 72, ""max_color"": 8, ""min_color"": 8, ""center"": 8, ""corner_sum"": 32, ""edge_sum"": 32, ""signature_freq"": [1, 1, 1, 1, 1, 1, 1, 1, 1], ""count_pattern"": [9]}]"
195,"4,0",4,"{""r"": 4, ""c"": 0, ""distinct"": 2, ""mode_count"": 8, ""least_count"": 1, ""color8_count"": 1, ""sum_colors"": 16, ""max_color"": 8, ""min_color"": 1, ""center"": 1, ""corner_sum"": 11, ""edge_sum"": 4, ""signature_freq"": [1, 1, 1, 1, 1, 1, 2, 1, 1], ""count_pattern"": [8, 1]}","{""mode_count_max"": true, ""least_count_min"": true, ""color8_count_min"": true, ""sum_colors_min"": true, ""edge_sum_min"": true, ""col_major_first"": true}","[{""r"": 0, ""c"": 2, ""distinct"": 2, ""mode_count"": 6, ""least_count"": 3, ""color8_count"": 3, ""sum_colors"": 30, ""max_color"": 8, ""min_color"": 1, ""center"": 1, ""corner_sum"": 11, ""edge_sum"": 18, ""signature_freq"": [1, 2, 1, 1, 1, 1, 1, 2, 2], ""count_pattern"": [6, 3]}, {""r"": 2, ""c"": 6, ""distinct"": 2, ""mode_count"": 6, ""least_count"": 3, ""color8_count"": 6, ""sum_colors"": 51, ""max_color"": 8, ""min_color"": 1, ""center"": 8, ""corner_sum"": 25, ""edge_sum"": 18, ""signature_freq"": [1, 2, 2, 1, 1, 1, 1, 2, 1], ""count_pattern"": [6, 3]}, {""r"": 4, ""c"": 0, ""distinct"": 2, ""mode_count"": 8, ""least_count"": 1, ""color8_count"": 1, ""sum_colors"": 16, ""max_color"": 8, ""min_color"": 1, ""center"": 1, ""corner_sum"": 11, ""edge_sum"": 4, ""signature_freq"": [1, 1, 1, 1, 1, 1, 2, 1, 1], ""count_pattern"": [8, 1]}, {""r"": 6, ""c"": 6, ""distinct"": 2, ""mode_count"": 7, ""least_count"": 2, ""color8_count"": 2, ""sum_colors"": 23, ""max_color"": 8, ""min_color"": 1, ""center"": 1, ""corner_sum"": 11, ""edge_sum"": 11, ""signature_freq"": [1, 1, 2, 1, 1, 1, 1, 2, 1], ""count_pattern"": [7, 2]}]"
196,"0,6",4,"{""r"": 0, ""c"": 6, ""distinct"": 2, ""mode_count"": 5, ""least_count"": 4, ""color8_count"": 4, ""sum_colors"": 37, ""max_color"": 8, ""min_color"": 1, ""center"": 8, ""corner_sum"": 25, ""edge_sum"": 4, ""signature_freq"": [2, 1, 1, 1, 2, 1, 2, 1, 2], ""count_pattern"": [5, 4]}","{""mode_count_min"": true, ""least_count_max"": true, ""color8_count_min"": true, ""sum_colors_min"": true, ""edge_sum_min"": true, ""col_major_last"": true}","[{""r"": 0, ""c"": 0, ""distinct"": 2, ""mode_count"": 8, ""least_count"": 1, ""color8_count"": 8, ""sum_colors"": 65, ""max_color"": 8, ""min_color"": 1, ""center"": 8, ""corner_sum"": 25, ""edge_sum"": 32, ""signature_freq"": [1, 1, 1, 1, 1, 1, 1, 1, 2], ""count_pattern"": [8, 1]}, {""r"": 0, ""c"": 6, ""distinct"": 2, ""mode_count"": 5, ""least_count"": 4, ""color8_count"": 4, ""sum_colors"": 37, ""max_color"": 8, ""min_color"": 1, ""center"": 8, ""corner_sum"": 25, ""edge_sum"": 4, ""signature_freq"": [2, 1, 1, 1, 2, 1, 2, 1, 2], ""count_pattern"": [5, 4]}, {""r"": 4, ""c"": 4, ""distinct"": 2, ""mode_count"": 6, ""least_count"": 3, ""color8_count"": 6, ""sum_colors"": 51, ""max_color"": 8, ""min_color"": 1, ""center"": 8, ""corner_sum"": 18, ""edge_sum"": 25, ""signature_freq"": [1, 1, 2, 1, 1, 2, 1, 1, 2], ""count_pattern"": [6, 3]}, {""r"": 6, ""c"": 0, ""distinct"": 2, ""mode_count"": 7, ""least_count"": 2, ""color8_count"": 7, ""sum_colors"": 58, ""max_color"": 8, ""min_color"": 1, ""center"": 8, ""corner_sum"": 25, ""edge_sum"": 25, ""signature_freq"": [1, 1, 2, 1, 1, 1, 1, 2, 1], ""count_pattern"": [7, 2]}]"
197,"1,0",4,"{""r"": 1, ""c"": 0, ""distinct"": 2, ""mode_count"": 5, ""least_count"": 4, ""color8_count"": 5, ""sum_colors"": 44, ""max_color"": 8, ""min_color"": 1, ""center"": 8, ""corner_sum"": 25, ""edge_sum"": 11, ""signature_freq"": [1, 2, 1, 2, 1, 2, 2, 1, 1], ""count_pattern"": [5, 4]}","{""mode_count_min"": true, ""color8_count_min"": true, ""sum_colors_min"": true, ""edge_sum_min"": true, ""col_major_first"": true}","[{""r"": 0, ""c"": 5, ""distinct"": 2, ""mode_count"": 7, ""least_count"": 2, ""color8_count"": 7, ""sum_colors"": 58, ""max_color"": 8, ""min_color"": 1, ""center"": 8, ""corner_sum"": 25, ""edge_sum"": 25, ""signature_freq"": [1, 1, 1, 1, 1, 2, 2, 1, 1], ""count_pattern"": [7, 2]}, {""r"": 1, ""c"": 0, ""distinct"": 2, ""mode_count"": 5, ""least_count"": 4, ""color8_count"": 5, ""sum_colors"": 44, ""max_color"": 8, ""min_color"": 1, ""center"": 8, ""corner_sum"": 25, ""edge_sum"": 11, ""signature_freq"": [1, 2, 1, 2, 1, 2, 2, 1, 1], ""count_pattern"": [5, 4]}, {""r"": 4, ""c"": 4, ""distinct"": 1, ""mode_count"": 9, ""least_count"": 9, ""color8_count"": 9, ""sum_colors"": 72, ""max_color"": 8, ""min_color"": 8, ""center"": 8, ""corner_sum"": 32, ""edge_sum"": 32, ""signature_freq"": [1, 1, 1, 1, 1, 1, 1, 1, 1], ""count_pattern"": [9]}, {""r"": 5, ""c"": 0, ""distinct"": 2, ""mode_count"": 8, ""least_count"": 1, ""color8_count"": 8, ""sum_colors"": 65, ""max_color"": 8, ""min_color"": 1, ""center"": 8, ""corner_sum"": 32, ""edge_sum"": 25, ""signature_freq"": [1, 2, 1, 1, 1, 1, 1, 1, 1], ""count_pattern"": [8, 1]}]"
198,"1,1",4,"{""r"": 1, ""c"": 1, ""distinct"": 2, ""mode_count"": 7, ""least_count"": 2, ""color8_count"": 2, ""sum_colors"": 23, ""max_color"": 8, ""min_color"": 1, ""center"": 1, ""corner_sum"": 18, ""edge_sum"": 4, ""signature_freq"": [1, 1, 2, 1, 1, 1, 1, 1, 2], ""count_pattern"": [7, 2]}","{""distinct_min"": true, ""distinct_max"": true, ""color8_count_min"": true, ""sum_colors_min"": true, ""max_color_min"": true, ""max_color_max"": true, ""min_color_min"": true, ""min_color_max"": true, ""center_min"": true, ""corner_sum_min"": true, ""edge_sum_min"": true, ""row_major_first"": true}","[{""r"": 1, ""c"": 1, ""distinct"": 2, ""mode_count"": 7, ""least_count"": 2, ""color8_count"": 2, ""sum_colors"": 23, ""max_color"": 8, ""min_color"": 1, ""center"": 1, ""corner_sum"": 18, ""edge_sum"": 4, ""signature_freq"": [1, 1, 2, 1, 1, 1, 1, 1, 2], ""count_pattern"": [7, 2]}, {""r"": 2, ""c"": 6, ""distinct"": 2, ""mode_count"": 5, ""least_count"": 4, ""color8_count"": 4, ""sum_colors"": 37, ""max_color"": 8, ""min_color"": 1, ""center"": 1, ""corner_sum"": 18, ""edge_sum"": 18, ""signature_freq"": [2, 1, 1, 1, 1, 2, 2, 2, 1], ""count_pattern"": [5, 4]}, {""r"": 5, ""c"": 0, ""distinct"": 2, ""mode_count"": 8, ""least_count"": 1, ""color8_count"": 8, ""sum_colors"": 65, ""max_color"": 8, ""min_color"": 1, ""center"": 8, ""corner_sum"": 25, ""edge_sum"": 32, ""signature_freq"": [1, 1, 1, 1, 1, 1, 1, 1, 2], ""count_pattern"": [8, 1]}, {""r"": 6, ""c"": 4, ""distinct"": 2, ""mode_count"": 5, ""least_count"": 4, ""color8_count"": 5, ""sum_colors"": 44, ""max_color"": 8, ""min_color"": 1, ""center"": 1, ""corner_sum"": 25, ""edge_sum"": 18, ""signature_freq"": [1, 2, 1, 1, 2, 2, 1, 1, 2], ""count_pattern"": [5, 4]}]"
199,"0,5",4,"{""r"": 0, ""c"": 5, ""distinct"": 2, ""mode_count"": 8, ""least_count"": 1, ""color8_count"": 1, ""sum_colors"": 16, ""max_color"": 8, ""min_color"": 1, ""center"": 1, ""corner_sum"": 11, ""edge_sum"": 4, ""signature_freq"": [1, 1, 1, 1, 1, 1, 1, 1, 2], ""count_pattern"": [8, 1]}","{""distinct_min"": true, ""distinct_max"": true, ""mode_count_max"": true, ""least_count_min"": true, ""color8_count_min"": true, ""sum_colors_min"": true, ""max_color_min"": true, ""max_color_max"": true, ""min_color_min"": true, ""min_color_max"": true, ""center_min"": true, ""corner_sum_min"": true, ""edge_sum_min"": true, ""row_major_first"": true}","[{""r"": 0, ""c"": 5, ""distinct"": 2, ""mode_count"": 8, ""least_count"": 1, ""color8_count"": 1, ""sum_colors"": 16, ""max_color"": 8, ""min_color"": 1, ""center"": 1, ""corner_sum"": 11, ""edge_sum"": 4, ""signature_freq"": [1, 1, 1, 1, 1, 1, 1, 1, 2], ""count_pattern"": [8, 1]}, {""r"": 1, ""c"": 0, ""distinct"": 2, ""mode_count"": 8, ""least_count"": 1, ""color8_count"": 8, ""sum_colors"": 65, ""max_color"": 8, ""min_color"": 1, ""center"": 8, ""corner_sum"": 25, ""edge_sum"": 32, ""signature_freq"": [2, 1, 1, 1, 1, 1, 1, 1, 1], ""count_pattern"": [8, 1]}, {""r"": 5, ""c"": 6, ""distinct"": 2, ""mode_count"": 7, ""least_count"": 2, ""color8_count"": 7, ""sum_colors"": 58, ""max_color"": 8, ""min_color"": 1, ""center"": 8, ""corner_sum"": 18, ""edge_sum"": 32, ""signature_freq"": [2, 1, 1, 1, 1, 1, 1, 1, 2], ""count_pattern"": [7, 2]}, {""r"": 6, ""c"": 0, ""distinct"": 2, ""mode_count"": 6, ""least_count"": 3, ""color8_count"": 6, ""sum_colors"": 51, ""max_color"": 8, ""min_color"": 1, ""center"": 8, ""corner_sum"": 18, ""edge_sum"": 25, ""signature_freq"": [1, 1, 2, 1, 1, 2, 2, 1, 1], ""count_pattern"": [6, 3]}]"
200,"1,1",4,"{""r"": 1, ""c"": 1, ""distinct"": 2, ""mode_count"": 7, ""least_count"": 2, ""color8_count"": 2, ""sum_colors"": 23, ""max_color"": 8, ""min_color"": 1, ""center"": 1, ""corner_sum"": 18, ""edge_sum"": 4, ""signature_freq"": [2, 1, 1, 1, 1, 1, 2, 1, 1], ""count_pattern"": [7, 2]}","{""color8_count_min"": true, ""sum_colors_min"": true, ""corner_sum_min"": true, ""edge_sum_min"": true, ""col_major_first"": true}","[{""r"": 0, ""c"": 5, ""distinct"": 2, ""mode_count"": 7, ""least_count"": 2, ""color8_count"": 7, ""sum_colors"": 58, ""max_color"": 8, ""min_color"": 1, ""center"": 1, ""corner_sum"": 25, ""edge_sum"": 32, ""signature_freq"": [1, 1, 2, 1, 2, 1, 1, 1, 1], ""count_pattern"": [7, 2]}, {""r"": 1, ""c"": 1, ""distinct"": 2, ""mode_count"": 7, ""least_count"": 2, ""color8_count"": 2, ""sum_colors"": 23, ""max_color"": 8, ""min_color"": 1, ""center"": 1, ""corner_sum"": 18, ""edge_sum"": 4, ""signature_freq"": [2, 1, 1, 1, 1, 1, 2, 1, 1], ""count_pattern"": [7, 2]}, {""r"": 5, ""c"": 2, ""distinct"": 2, ""mode_count"": 6, ""least_count"": 3, ""color8_count"": 6, ""sum_colors"": 51, ""max_color"": 8, ""min_color"": 1, ""center"": 8, ""corner_sum"": 25, ""edge_sum"": 18, ""signature_freq"": [1, 2, 1, 1, 1, 2, 2, 1, 1], ""count_pattern"": [6, 3]}, {""r"": 6, ""c"": 6, ""distinct"": 2, ""mode_count"": 5, ""least_count"": 4, ""color8_count"": 5, ""sum_colors"": 44, ""max_color"": 8, ""min_color"": 1, ""center"": 1, ""corner_sum"": 25, ""edge_sum"": 18, ""signature_freq"": [1, 2, 1, 1, 2, 1, 1, 2, 2], ""count_pattern"": [5, 4]}]"
201,"1,1",4,"{""r"": 1, ""c"": 1, ""distinct"": 2, ""mode_count"": 7, ""least_count"": 2, ""color8_count"": 2, ""sum_colors"": 23, ""max_color"": 8, ""min_color"": 1, ""center"": 1, ""corner_sum"": 11, ""edge_sum"": 11, ""signature_freq"": [2, 1, 1, 1, 1, 2, 1, 1, 1], ""count_pattern"": [7, 2]}","{""distinct_max"": true, ""least_count_min"": true, ""color8_count_min"": true, ""sum_colors_min"": true, ""max_color_min"": true, ""max_color_max"": true, ""min_color_min"": true, ""center_min"": true, ""corner_sum_min"": true, ""row_major_first"": true}","[{""r"": 1, ""c"": 1, ""distinct"": 2, ""mode_count"": 7, ""least_count"": 2, ""color8_count"": 2, ""sum_colors"": 23, ""max_color"": 8, ""min_color"": 1, ""center"": 1, ""corner_sum"": 11, ""edge_sum"": 11, ""signature_freq"": [2, 1, 1, 1, 1, 2, 1, 1, 1], ""count_pattern"": [7, 2]}, {""r"": 1, ""c"": 6, ""distinct"": 1, ""mode_count"": 9, ""least_count"": 9, ""color8_count"": 9, ""sum_colors"": 72, ""max_color"": 8, ""min_color"": 8, ""center"": 8, ""corner_sum"": 32, ""edge_sum"": 32, ""signature_freq"": [1, 1, 1, 1, 1, 1, 1, 1, 1], ""count_pattern"": [9]}, {""r"": 5, ""c"": 4, ""distinct"": 2, ""mode_count"": 6, ""least_count"": 3, ""color8_count"": 3, ""sum_colors"": 30, ""max_color"": 8, ""min_color"": 1, ""center"": 8, ""corner_sum"": 18, ""edge_sum"": 4, ""signature_freq"": [1, 1, 2, 1, 2, 1, 2, 1, 1], ""count_pattern"": [6, 3]}, {""r"": 6, ""c"": 0, ""distinct"": 2, ""mode_count"": 7, ""least_count"": 2, ""color8_count"": 7, ""sum_colors"": 58, ""max_color"": 8, ""min_color"": 1, ""center"": 8, ""corner_sum"": 25, ""edge_sum"": 25, ""signature_freq"": [2, 1, 1, 1, 1, 2, 1, 1, 1], ""count_pattern"": [7, 2]}]"
202,"6,5",4,"{""r"": 6, ""c"": 5, ""distinct"": 2, ""mode_count"": 5, ""least_count"": 4, ""color8_count"": 5, ""sum_colors"": 44, ""max_color"": 8, ""min_color"": 1, ""center"": 8, ""corner_sum"": 25, ""edge_sum"": 11, ""signature_freq"": [1, 2, 2, 2, 1, 2, 1, 1, 1], ""count_pattern"": [5, 4]}","{""mode_count_min"": true, ""color8_count_min"": true, ""sum_colors_min"": true, ""edge_sum_min"": true, ""row_major_last"": true, ""col_major_last"": true}","[{""r"": 1, ""c"": 0, ""distinct"": 1, ""mode_count"": 9, ""least_count"": 9, ""color8_count"": 9, ""sum_colors"": 72, ""max_color"": 8, ""min_color"": 8, ""center"": 8, ""corner_sum"": 32, ""edge_sum"": 32, ""signature_freq"": [1, 1, 1, 1, 1, 1, 1, 1, 1], ""count_pattern"": [9]}, {""r"": 1, ""c"": 5, ""distinct"": 2, ""mode_count"": 6, ""least_count"": 3, ""color8_count"": 6, ""sum_colors"": 51, ""max_color"": 8, ""min_color"": 1, ""center"": 8, ""corner_sum"": 18, ""edge_sum"": 25, ""signature_freq"": [2, 1, 1, 2, 1, 1, 1, 1, 2], ""count_pattern"": [6, 3]}, {""r"": 6, ""c"": 1, ""distinct"": 2, ""mode_count"": 8, ""least_count"": 1, ""color8_count"": 8, ""sum_colors"": 65, ""max_color"": 8, ""min_color"": 1, ""center"": 1, ""corner_sum"": 32, ""edge_sum"": 32, ""signature_freq"": [1, 1, 1, 1, 2, 1, 1, 1, 1], ""count_pattern"": [8, 1]}, {""r"": 6, ""c"": 5, ""distinct"": 2, ""mode_count"": 5, ""least_count"": 4, ""color8_count"": 5, ""sum_colors"": 44, ""max_color"": 8, ""min_color"": 1, ""center"": 8, ""corner_sum"": 25, ""edge_sum"": 11, ""signature_freq"": [1, 2, 2, 2, 1, 2, 1, 1, 1], ""count_pattern"": [5, 4]}]"
203,"1,6",4,"{""r"": 1, ""c"": 6, ""distinct"": 2, ""mode_count"": 5, ""least_count"": 4, ""color8_count"": 5, ""sum_colors"": 44, ""max_color"": 8, ""min_color"": 1, ""center"": 8, ""corner_sum"": 11, ""edge_sum"": 25, ""signature_freq"": [2, 2, 2, 1, 1, 1, 2, 1, 1], ""count_pattern"": [5, 4]}","{""mode_count_min"": true, ""color8_count_min"": true, ""sum_colors_min"": true, ""center_max"": true, ""corner_sum_min"": true, ""edge_sum_min"": true}","[{""r"": 0, ""c"": 1, ""distinct"": 2, ""mode_count"": 8, ""least_count"": 1, ""color8_count"": 8, ""sum_colors"": 65, ""max_color"": 8, ""min_color"": 1, ""center"": 1, ""corner_sum"": 32, ""edge_sum"": 32, ""signature_freq"": [1, 1, 1, 1, 2, 1, 1, 1, 1], ""count_pattern"": [8, 1]}, {""r"": 1, ""c"": 6, ""distinct"": 2, ""mode_count"": 5, ""least_count"": 4, ""color8_count"": 5, ""sum_colors"": 44, ""max_color"": 8, ""min_color"": 1, ""center"": 8, ""corner_sum"": 11, ""edge_sum"": 25, ""signature_freq"": [2, 2, 2, 1, 1, 1, 2, 1, 1], ""count_pattern"": [5, 4]}, {""r"": 4, ""c"": 0, ""distinct"": 1, ""mode_count"": 9, ""least_count"": 9, ""color8_count"": 9, ""sum_colors"": 72, ""max_color"": 8, ""min_color"": 8, ""center"": 8, ""corner_sum"": 32, ""edge_sum"": 32, ""signature_freq"": [1, 1, 1, 1, 1, 1, 1, 1, 1], ""count_pattern"": [9]}, {""r"": 5, ""c"": 6, ""distinct"": 2, ""mode_count"": 6, ""least_count"": 3, ""color8_count"": 6, ""sum_colors"": 51, ""max_color"": 8, ""min_color"": 1, ""center"": 8, ""corner_sum"": 18, ""edge_sum"": 25, ""signature_freq"": [1, 2, 2, 1, 1, 1, 2, 1, 1], ""count_pattern"": [6, 3]}]"
204,"1,0",4,"{""r"": 1, ""c"": 0, ""distinct"": 2, ""mode_count"": 5, ""least_count"": 4, ""color8_count"": 5, ""sum_colors"": 44, ""max_color"": 8, ""min_color"": 1, ""center"": 8, ""corner_sum"": 18, ""edge_sum"": 18, ""signature_freq"": [1, 1, 2, 1, 1, 2, 2, 2, 1], ""count_pattern"": [5, 4]}","{""mode_count_min"": true, ""color8_count_min"": true, ""sum_colors_min"": true, ""edge_sum_min"": true, ""col_major_first"": true}","[{""r"": 0, ""c"": 6, ""distinct"": 2, ""mode_count"": 6, ""least_count"": 3, ""color8_count"": 6, ""sum_colors"": 51, ""max_color"": 8, ""min_color"": 1, ""center"": 8, ""corner_sum"": 18, ""edge_sum"": 25, ""signature_freq"": [2, 1, 1, 1, 1, 1, 1, 2, 2], ""count_pattern"": [6, 3]}, {""r"": 1, ""c"": 0, ""distinct"": 2, ""mode_count"": 5, ""least_count"": 4, ""color8_count"": 5, ""sum_colors"": 44, ""max_color"": 8, ""min_color"": 1, ""center"": 8, ""corner_sum"": 18, ""edge_sum"": 18, ""signature_freq"": [1, 1, 2, 1, 1, 2, 2, 2, 1], ""count_pattern"": [5, 4]}, {""r"": 5, ""c"": 1, ""distinct"": 1, ""mode_count"": 9, ""least_count"": 9, ""color8_count"": 9, ""sum_colors"": 72, ""max_color"": 8, ""min_color"": 8, ""center"": 8, ""corner_sum"": 32, ""edge_sum"": 32, ""signature_freq"": [1, 1, 1, 1, 1, 1, 1, 1, 1], ""count_pattern"": [9]}, {""r"": 6, ""c"": 5, ""distinct"": 2, ""mode_count"": 7, ""least_count"": 2, ""color8_count"": 7, ""sum_colors"": 58, ""max_color"": 8, ""min_color"": 1, ""center"": 8, ""corner_sum"": 25, ""edge_sum"": 25, ""signature_freq"": [2, 1, 1, 2, 1, 1, 1, 1, 1], ""count_pattern"": [7, 2]}]"
205,"6,1",4,"{""r"": 6, ""c"": 1, ""distinct"": 2, ""mode_count"": 8, ""least_count"": 1, ""color8_count"": 1, ""sum_colors"": 16, ""max_color"": 8, ""min_color"": 1, ""center"": 1, ""corner_sum"": 4, ""edge_sum"": 11, ""signature_freq"": [1, 1, 1, 2, 1, 1, 1, 1, 1], ""count_pattern"": [8, 1]}","{""least_count_min"": true, ""color8_count_min"": true, ""sum_colors_min"": true, ""center_min"": true, ""corner_sum_min"": true, ""edge_sum_min"": true, ""col_major_first"": true}","[{""r"": 0, ""c"": 2, ""distinct"": 1, ""mode_count"": 9, ""least_count"": 9, ""color8_count"": 9, ""sum_colors"": 72, ""max_color"": 8, ""min_color"": 8, ""center"": 8, ""corner_sum"": 32, ""edge_sum"": 32, ""signature_freq"": [1, 1, 1, 1, 1, 1, 1, 1, 1], ""count_pattern"": [9]}, {""r"": 1, ""c"": 6, ""distinct"": 2, ""mode_count"": 7, ""least_count"": 2, ""color8_count"": 7, ""sum_colors"": 58, ""max_color"": 8, ""min_color"": 1, ""center"": 8, ""corner_sum"": 18, ""edge_sum"": 32, ""signature_freq"": [1, 1, 2, 1, 1, 1, 2, 1, 1], ""count_pattern"": [7, 2]}, {""r"": 6, ""c"": 1, ""distinct"": 2, ""mode_count"": 8, ""least_count"": 1, ""color8_count"": 1, ""sum_colors"": 16, ""max_color"": 8, ""min_color"": 1, ""center"": 1, ""corner_sum"": 4, ""edge_sum"": 11, ""signature_freq"": [1, 1, 1, 2, 1, 1, 1, 1, 1], ""count_pattern"": [8, 1]}, {""r"": 6, ""c"": 6, ""distinct"": 2, ""mode_count"": 5, ""least_count"": 4, ""color8_count"": 4, ""sum_colors"": 37, ""max_color"": 8, ""min_color"": 1, ""center"": 8, ""corner_sum"": 11, ""edge_sum"": 18, ""signature_freq"": [1, 2, 1, 1, 2, 1, 2, 2, 1], ""count_pattern"": [5, 4]}]"
206,"1,6",4,"{""r"": 1, ""c"": 6, ""distinct"": 2, ""mode_count"": 8, ""least_count"": 1, ""color8_count"": 1, ""sum_colors"": 16, ""max_color"": 8, ""min_color"": 1, ""center"": 1, ""corner_sum"": 11, ""edge_sum"": 4, ""signature_freq"": [1, 1, 1, 1, 1, 1, 1, 1, 2], ""count_pattern"": [8, 1]}","{""mode_count_max"": true, ""least_count_min"": true, ""color8_count_min"": true, ""sum_colors_min"": true, ""center_min"": true, ""corner_sum_min"": true, ""col_major_last"": true}","[{""r"": 1, ""c"": 1, ""distinct"": 2, ""mode_count"": 6, ""least_count"": 3, ""color8_count"": 3, ""sum_colors"": 30, ""max_color"": 8, ""min_color"": 1, ""center"": 8, ""corner_sum"": 18, ""edge_sum"": 4, ""signature_freq"": [2, 1, 2, 1, 2, 1, 1, 1, 1], ""count_pattern"": [6, 3]}, {""r"": 1, ""c"": 6, ""distinct"": 2, ""mode_count"": 8, ""least_count"": 1, ""color8_count"": 1, ""sum_colors"": 16, ""max_color"": 8, ""min_color"": 1, ""center"": 1, ""corner_sum"": 11, ""edge_sum"": 4, ""signature_freq"": [1, 1, 1, 1, 1, 1, 1, 1, 2], ""count_pattern"": [8, 1]}, {""r"": 5, ""c"": 0, ""distinct"": 2, ""mode_count"": 8, ""least_count"": 1, ""color8_count"": 8, ""sum_colors"": 65, ""max_color"": 8, ""min_color"": 1, ""center"": 8, ""corner_sum"": 32, ""edge_sum"": 25, ""signature_freq"": [1, 1, 1, 1, 1, 2, 1, 1, 1], ""count_pattern"": [8, 1]}, {""r"": 5, ""c"": 5, ""distinct"": 2, ""mode_count"": 7, ""least_count"": 2, ""color8_count"": 7, ""sum_colors"": 58, ""max_color"": 8, ""min_color"": 1, ""center"": 1, ""corner_sum"": 32, ""edge_sum"": 25, ""signature_freq"": [1, 1, 1, 2, 2, 1, 1, 1, 1], ""count_pattern"": [7, 2]}]"
207,"0,2",4,"{""r"": 0, ""c"": 2, ""distinct"": 2, ""mode_count"": 7, ""least_count"": 2, ""color8_count"": 2, ""sum_colors"": 23, ""max_color"": 8, ""min_color"": 1, ""center"": 1, ""corner_sum"": 18, ""edge_sum"": 4, ""signature_freq"": [2, 1, 1, 1, 1, 1, 1, 1, 2], ""count_pattern"": [7, 2]}","{""distinct_min"": true, ""distinct_max"": true, ""mode_count_max"": true, ""least_count_min"": true, ""color8_count_min"": true, ""sum_colors_min"": true, ""max_color_min"": true, ""max_color_max"": true, ""min_color_min"": true, ""min_color_max"": true, ""center_min"": true, ""center_max"": true, ""corner_sum_min"": true, ""edge_sum_min"": true, ""row_major_first"": true}","[{""r"": 0, ""c"": 2, ""distinct"": 2, ""mode_count"": 7, ""least_count"": 2, ""color8_count"": 2, ""sum_colors"": 23, ""max_color"": 8, ""min_color"": 1, ""center"": 1, ""corner_sum"": 18, ""edge_sum"": 4, ""signature_freq"": [2, 1, 1, 1, 1, 1, 1, 1, 2], ""count_pattern"": [7, 2]}, {""r"": 2, ""c"": 6, ""distinct"": 2, ""mode_count"": 5, ""least_count"": 4, ""color8_count"": 5, ""sum_colors"": 44, ""max_color"": 8, ""min_color"": 1, ""center"": 1, ""corner_sum"": 18, ""edge_sum"": 25, ""signature_freq"": [2, 1, 2, 1, 2, 2, 1, 1, 1], ""count_pattern"": [5, 4]}, {""r"": 5, ""c"": 0, ""distinct"": 2, ""mode_count"": 5, ""least_count"": 4, ""color8_count"": 4, ""sum_colors"": 37, ""max_color"": 8, ""min_color"": 1, ""center"": 1, ""corner_sum"": 18, ""edge_sum"": 18, ""signature_freq"": [1, 1, 1, 1, 1, 2, 2, 2, 2], ""count_pattern"": [5, 4]}, {""r"": 6, ""c"": 5, ""distinct"": 2, ""mode_count"": 7, ""least_count"": 2, ""color8_count"": 7, ""sum_colors"": 58, ""max_color"": 8, ""min_color"": 1, ""center"": 1, ""corner_sum"": 25, ""edge_sum"": 32, ""signature_freq"": [2, 1, 1, 1, 2, 1, 1, 1, 1], ""count_pattern"": [7, 2]}]"
208,"5,1",4,"{""r"": 5, ""c"": 1, ""distinct"": 2, ""mode_count"": 8, ""least_count"": 1, ""color8_count"": 1, ""sum_colors"": 16, ""max_color"": 8, ""min_color"": 1, ""center"": 1, ""corner_sum"": 4, ""edge_sum"": 11, ""signature_freq"": [1, 1, 1, 2, 1, 1, 1, 1, 1], ""count_pattern"": [8, 1]}","{""least_count_min"": true, ""color8_count_min"": true, ""sum_colors_min"": true, ""center_min"": true, ""corner_sum_min"": true, ""edge_sum_min"": true}","[{""r"": 0, ""c"": 1, ""distinct"": 1, ""mode_count"": 9, ""least_count"": 9, ""color8_count"": 9, ""sum_colors"": 72, ""max_color"": 8, ""min_color"": 8, ""center"": 8, ""corner_sum"": 32, ""edge_sum"": 32, ""signature_freq"": [1, 1, 1, 1, 1, 1, 1, 1, 1], ""count_pattern"": [9]}, {""r"": 1, ""c"": 5, ""distinct"": 2, ""mode_count"": 5, ""least_count"": 4, ""color8_count"": 5, ""sum_colors"": 44, ""max_color"": 8, ""min_color"": 1, ""center"": 8, ""corner_sum"": 18, ""edge_sum"": 18, ""signature_freq"": [1, 2, 2, 2, 1, 1, 1, 1, 2], ""count_pattern"": [5, 4]}, {""r"": 5, ""c"": 1, ""distinct"": 2, ""mode_count"": 8, ""least_count"": 1, ""color8_count"": 1, ""sum_colors"": 16, ""max_color"": 8, ""min_color"": 1, ""center"": 1, ""corner_sum"": 4, ""edge_sum"": 11, ""signature_freq"": [1, 1, 1, 2, 1, 1, 1, 1, 1], ""count_pattern"": [8, 1]}, {""r"": 5, ""c"": 6, ""distinct"": 2, ""mode_count"": 7, ""least_count"": 2, ""color8_count"": 7, ""sum_colors"": 58, ""max_color"": 8, ""min_color"": 1, ""center"": 8, ""corner_sum"": 32, ""edge_sum"": 18, ""signature_freq"": [1, 1, 1, 1, 1, 2, 1, 2, 1], ""count_pattern"": [7, 2]}]"
209,"4,6",4,"{""r"": 4, ""c"": 6, ""distinct"": 2, ""mode_count"": 7, ""least_count"": 2, ""color8_count"": 2, ""sum_colors"": 23, ""max_color"": 8, ""min_color"": 1, ""center"": 1, ""corner_sum"": 18, ""edge_sum"": 4, ""signature_freq"": [1, 1, 1, 1, 1, 1, 2, 1, 2], ""count_pattern"": [7, 2]}","{""color8_count_min"": true, ""sum_colors_min"": true, ""center_min"": true, ""edge_sum_min"": true, ""col_major_last"": true}","[{""r"": 0, ""c"": 5, ""distinct"": 2, ""mode_count"": 7, ""least_count"": 2, ""color8_count"": 7, ""sum_colors"": 58, ""max_color"": 8, ""min_color"": 1, ""center"": 8, ""corner_sum"": 25, ""edge_sum"": 25, ""signature_freq"": [1, 1, 1, 2, 1, 1, 2, 1, 1], ""count_pattern"": [7, 2]}, {""r"": 1, ""c"": 0, ""distinct"": 1, ""mode_count"": 9, ""least_count"": 9, ""color8_count"": 9, ""sum_colors"": 72, ""max_color"": 8, ""min_color"": 8, ""center"": 8, ""corner_sum"": 32, ""edge_sum"": 32, ""signature_freq"": [1, 1, 1, 1, 1, 1, 1, 1, 1], ""count_pattern"": [9]}, {""r"": 4, ""c"": 6, ""distinct"": 2, ""mode_count"": 7, ""least_count"": 2, ""color8_count"": 2, ""sum_colors"": 23, ""max_color"": 8, ""min_color"": 1, ""center"": 1, ""corner_sum"": 18, ""edge_sum"": 4, ""signature_freq"": [1, 1, 1, 1, 1, 1, 2, 1, 2], ""count_pattern"": [7, 2]}, {""r"": 5, ""c"": 1, ""distinct"": 2, ""mode_count"": 5, ""least_count"": 4, ""color8_count"": 4, ""sum_colors"": 37, ""max_color"": 8, ""min_color"": 1, ""center"": 1, ""corner_sum"": 11, ""edge_sum"": 25, ""signature_freq"": [1, 2, 2, 2, 1, 1, 1, 2, 1], ""count_pattern"": [5, 4]}]"
210,"5,0",4,"{""r"": 5, ""c"": 0, ""distinct"": 2, ""mode_count"": 7, ""least_count"": 2, ""color8_count"": 2, ""sum_colors"": 23, ""max_color"": 8, ""min_color"": 1, ""center"": 1, ""corner_sum"": 4, ""edge_sum"": 18, ""signature_freq"": [1, 2, 1, 2, 1, 1, 1, 1, 1], ""count_pattern"": [7, 2]}","{""color8_count_min"": true, ""sum_colors_min"": true, ""center_min"": true, ""corner_sum_min"": true, ""edge_sum_min"": true}","[{""r"": 1, ""c"": 0, ""distinct"": 2, ""mode_count"": 8, ""least_count"": 1, ""color8_count"": 8, ""sum_colors"": 65, ""max_color"": 8, ""min_color"": 1, ""center"": 8, ""corner_sum"": 32, ""edge_sum"": 25, ""signature_freq"": [1, 1, 1, 1, 1, 1, 1, 2, 1], ""count_pattern"": [8, 1]}, {""r"": 1, ""c"": 4, ""distinct"": 2, ""mode_count"": 7, ""least_count"": 2, ""color8_count"": 7, ""sum_colors"": 58, ""max_color"": 8, ""min_color"": 1, ""center"": 8, ""corner_sum"": 25, ""edge_sum"": 25, ""signature_freq"": [1, 1, 2, 2, 1, 1, 1, 1, 1], ""count_pattern"": [7, 2]}, {""r"": 5, ""c"": 0, ""distinct"": 2, ""mode_count"": 7, ""least_count"": 2, ""color8_count"": 2, ""sum_colors"": 23, ""max_color"": 8, ""min_color"": 1, ""center"": 1, ""corner_sum"": 4, ""edge_sum"": 18, ""signature_freq"": [1, 2, 1, 2, 1, 1, 1, 1, 1], ""count_pattern"": [7, 2]}, {""r"": 5, ""c"": 4, ""distinct"": 2, ""mode_count"": 5, ""least_count"": 4, ""color8_count"": 4, ""sum_colors"": 37, ""max_color"": 8, ""min_color"": 1, ""center"": 1, ""corner_sum"": 18, ""edge_sum"": 18, ""signature_freq"": [2, 2, 1, 2, 1, 1, 2, 1, 1], ""count_pattern"": [5, 4]}]"
211,"0,1",4,"{""r"": 0, ""c"": 1, ""distinct"": 2, ""mode_count"": 6, ""least_count"": 3, ""color8_count"": 3, ""sum_colors"": 30, ""max_color"": 8, ""min_color"": 1, ""center"": 1, ""corner_sum"": 11, ""edge_sum"": 18, ""signature_freq"": [2, 1, 1, 2, 1, 2, 1, 1, 1], ""count_pattern"": [6, 3]}","{""distinct_max"": true, ""least_count_min"": true, ""color8_count_min"": true, ""sum_colors_min"": true, ""max_color_min"": true, ""max_color_max"": true, ""min_color_min"": true, ""center_min"": true, ""corner_sum_min"": true, ""edge_sum_min"": true, ""row_major_first"": true}","[{""r"": 0, ""c"": 1, ""distinct"": 2, ""mode_count"": 6, ""least_count"": 3, ""color8_count"": 3, ""sum_colors"": 30, ""max_color"": 8, ""min_color"": 1, ""center"": 1, ""corner_sum"": 11, ""edge_sum"": 18, ""signature_freq"": [2, 1, 1, 2, 1, 2, 1, 1, 1], ""count_pattern"": [6, 3]}, {""r"": 0, ""c"": 5, ""distinct"": 2, ""mode_count"": 6, ""least_count"": 3, ""color8_count"": 6, ""sum_colors"": 51, ""max_color"": 8, ""min_color"": 1, ""center"": 8, ""corner_sum"": 18, ""edge_sum"": 25, ""signature_freq"": [1, 2, 2, 1, 1, 1, 1, 1, 2], ""count_pattern"": [6, 3]}, {""r"": 4, ""c"": 0, ""distinct"": 2, ""mode_count"": 5, ""least_count"": 4, ""color8_count"": 4, ""sum_colors"": 37, ""max_color"": 8, ""min_color"": 1, ""center"": 8, ""corner_sum"": 11, ""edge_sum"": 18, ""signature_freq"": [1, 1, 2, 2, 2, 1, 1, 2, 1], ""count_pattern"": [5, 4]}, {""r"": 6, ""c"": 4, ""distinct"": 1, ""mode_count"": 9, ""least_count"": 9, ""color8_count"": 9, ""sum_colors"": 72, ""max_color"": 8, ""min_color"": 8, ""center"": 8, ""corner_sum"": 32, ""edge_sum"": 32, ""signature_freq"": [1, 1, 1, 1, 1, 1, 1, 1, 1], ""count_pattern"": [9]}]"
212,"0,1",4,"{""r"": 0, ""c"": 1, ""distinct"": 2, ""mode_count"": 5, ""least_count"": 4, ""color8_count"": 4, ""sum_colors"": 37, ""max_color"": 8, ""min_color"": 1, ""center"": 1, ""corner_sum"": 25, ""edge_sum"": 11, ""signature_freq"": [1, 1, 2, 2, 1, 1, 2, 1, 2], ""count_pattern"": [5, 4]}","{""distinct_max"": true, ""mode_count_min"": true, ""color8_count_min"": true, ""sum_colors_min"": true, ""max_color_min"": true, ""max_color_max"": true, ""min_color_min"": true, ""center_min"": true, ""corner_sum_min"": true, ""edge_sum_min"": true, ""row_major_first"": true}","[{""r"": 0, ""c"": 1, ""distinct"": 2, ""mode_count"": 5, ""least_count"": 4, ""color8_count"": 4, ""sum_colors"": 37, ""max_color"": 8, ""min_color"": 1, ""center"": 1, ""corner_sum"": 25, ""edge_sum"": 11, ""signature_freq"": [1, 1, 2, 2, 1, 1, 2, 1, 2], ""count_pattern"": [5, 4]}, {""r"": 0, ""c"": 5, ""distinct"": 1, ""mode_count"": 9, ""least_count"": 9, ""color8_count"": 9, ""sum_colors"": 72, ""max_color"": 8, ""min_color"": 8, ""center"": 8, ""corner_sum"": 32, ""edge_sum"": 32, ""signature_freq"": [1, 1, 1, 1, 1, 1, 1, 1, 1], ""count_pattern"": [9]}, {""r"": 5, ""c"": 0, ""distinct"": 2, ""mode_count"": 7, ""least_count"": 2, ""color8_count"": 7, ""sum_colors"": 58, ""max_color"": 8, ""min_color"": 1, ""center"": 8, ""corner_sum"": 32, ""edge_sum"": 18, ""signature_freq"": [1, 1, 1, 1, 1, 2, 1, 2, 1], ""count_pattern"": [7, 2]}, {""r"": 6, ""c"": 5, ""distinct"": 2, ""mode_count"": 5, ""least_count"": 4, ""color8_count"": 5, ""sum_colors"": 44, ""max_color"": 8, ""min_color"": 1, ""center"": 8, ""corner_sum"": 25, ""edge_sum"": 11, ""signature_freq"": [1, 1, 1, 2, 1, 2, 2, 2, 1], ""count_pattern"": [5, 4]}]"
213,"0,1",4,"{""r"": 0, ""c"": 1, ""distinct"": 2, ""mode_count"": 8, ""least_count"": 1, ""color8_count"": 1, ""sum_colors"": 16, ""max_color"": 8, ""min_color"": 1, ""center"": 1, ""corner_sum"": 4, ""edge_sum"": 11, ""signature_freq"": [1, 1, 1, 1, 1, 2, 1, 1, 1], ""count_pattern"": [8, 1]}","{""distinct_max"": true, ""least_count_min"": true, ""color8_count_min"": true, ""sum_colors_min"": true, ""max_color_min"": true, ""max_color_max"": true, ""min_color_min"": true, ""center_min"": true, ""corner_sum_min"": true, ""edge_sum_min"": true, ""row_major_first"": true}","[{""r"": 0, ""c"": 1, ""distinct"": 2, ""mode_count"": 8, ""least_count"": 1, ""color8_count"": 1, ""sum_colors"": 16, ""max_color"": 8, ""min_color"": 1, ""center"": 1, ""corner_sum"": 4, ""edge_sum"": 11, ""signature_freq"": [1, 1, 1, 1, 1, 2, 1, 1, 1], ""count_pattern"": [8, 1]}, {""r"": 1, ""c"": 6, ""distinct"": 2, ""mode_count"": 7, ""least_count"": 2, ""color8_count"": 2, ""sum_colors"": 23, ""max_color"": 8, ""min_color"": 1, ""center"": 1, ""corner_sum"": 11, ""edge_sum"": 11, ""signature_freq"": [1, 1, 1, 1, 1, 1, 2, 2, 1], ""count_pattern"": [7, 2]}, {""r"": 4, ""c"": 0, ""distinct"": 1, ""mode_count"": 9, ""least_count"": 9, ""color8_count"": 9, ""sum_colors"": 72, ""max_color"": 8, ""min_color"": 8, ""center"": 8, ""corner_sum"": 32, ""edge_sum"": 32, ""signature_freq"": [1, 1, 1, 1, 1, 1, 1, 1, 1], ""count_pattern"": [9]}, {""r"": 5, ""c"": 4, ""distinct"": 2, ""mode_count"": 8, ""least_count"": 1, ""color8_count"": 8, ""sum_colors"": 65, ""max_color"": 8, ""min_color"": 1, ""center"": 8, ""corner_sum"": 32, ""edge_sum"": 25, ""signature_freq"": [1, 1, 1, 1, 1, 1, 1, 2, 1], ""count_pattern"": [8, 1]}]"
214,"6,6",4,"{""r"": 6, ""c"": 6, ""distinct"": 2, ""mode_count"": 8, ""least_count"": 1, ""color8_count"": 1, ""sum_colors"": 16, ""max_color"": 8, ""min_color"": 1, ""center"": 1, ""corner_sum"": 4, ""edge_sum"": 11, ""signature_freq"": [1, 2, 1, 1, 1, 1, 1, 1, 1], ""count_pattern"": [8, 1]}","{""color8_count_min"": true, ""sum_colors_min"": true, ""center_min"": true, ""corner_sum_min"": true, ""edge_sum_min"": true, ""row_major_last"": true, ""col_major_last"": true}","[{""r"": 1, ""c"": 0, ""distinct"": 2, ""mode_count"": 8, ""least_count"": 1, ""color8_count"": 8, ""sum_colors"": 65, ""max_color"": 8, ""min_color"": 1, ""center"": 8, ""corner_sum"": 25, ""edge_sum"": 32, ""signature_freq"": [1, 1, 1, 1, 1, 1, 1, 1, 2], ""count_pattern"": [8, 1]}, {""r"": 1, ""c"": 4, ""distinct"": 2, ""mode_count"": 6, ""least_count"": 3, ""color8_count"": 6, ""sum_colors"": 51, ""max_color"": 8, ""min_color"": 1, ""center"": 8, ""corner_sum"": 25, ""edge_sum"": 18, ""signature_freq"": [2, 1, 1, 2, 1, 2, 1, 1, 1], ""count_pattern"": [6, 3]}, {""r"": 5, ""c"": 2, ""distinct"": 2, ""mode_count"": 5, ""least_count"": 4, ""color8_count"": 5, ""sum_colors"": 44, ""max_color"": 8, ""min_color"": 1, ""center"": 8, ""corner_sum"": 18, ""edge_sum"": 18, ""signature_freq"": [1, 1, 2, 2, 1, 1, 1, 2, 2], ""count_pattern"": [5, 4]}, {""r"": 6, ""c"": 6, ""distinct"": 2, ""mode_count"": 8, ""least_count"": 1, ""color8_count"": 1, ""sum_colors"": 16, ""max_color"": 8, ""min_color"": 1, ""center"": 1, ""corner_sum"": 4, ""edge_sum"": 11, ""signature_freq"": [1, 2, 1, 1, 1, 1, 1, 1, 1], ""count_pattern"": [8, 1]}]"
215,"6,6",4,"{""r"": 6, ""c"": 6, ""distinct"": 2, ""mode_count"": 8, ""least_count"": 1, ""color8_count"": 1, ""sum_colors"": 16, ""max_color"": 8, ""min_color"": 1, ""center"": 1, ""corner_sum"": 11, ""edge_sum"": 4, ""signature_freq"": [2, 1, 1, 1, 1, 1, 1, 1, 1], ""count_pattern"": [8, 1]}","{""color8_count_min"": true, ""sum_colors_min"": true, ""corner_sum_min"": true, ""edge_sum_min"": true, ""row_major_last"": true, ""col_major_last"": true}","[{""r"": 0, ""c"": 1, ""distinct"": 2, ""mode_count"": 5, ""least_count"": 4, ""color8_count"": 4, ""sum_colors"": 37, ""max_color"": 8, ""min_color"": 1, ""center"": 8, ""corner_sum"": 18, ""edge_sum"": 11, ""signature_freq"": [1, 1, 1, 2, 2, 1, 2, 1, 2], ""count_pattern"": [5, 4]}, {""r"": 2, ""c"": 5, ""distinct"": 2, ""mode_count"": 8, ""least_count"": 1, ""color8_count"": 8, ""sum_colors"": 65, ""max_color"": 8, ""min_color"": 1, ""center"": 8, ""corner_sum"": 32, ""edge_sum"": 25, ""signature_freq"": [1, 1, 1, 2, 1, 1, 1, 1, 1], ""count_pattern"": [8, 1]}, {""r"": 6, ""c"": 0, ""distinct"": 2, ""mode_count"": 5, ""least_count"": 4, ""color8_count"": 5, ""sum_colors"": 44, ""max_color"": 8, ""min_color"": 1, ""center"": 1, ""corner_sum"": 25, ""edge_sum"": 18, ""signature_freq"": [2, 2, 1, 1, 2, 1, 1, 2, 1], ""count_pattern"": [5, 4]}, {""r"": 6, ""c"": 6, ""distinct"": 2, ""mode_count"": 8, ""least_count"": 1, ""color8_count"": 1, ""sum_colors"": 16, ""max_color"": 8, ""min_color"": 1, ""center"": 1, ""corner_sum"": 11, ""edge_sum"": 4, ""signature_freq"": [2, 1, 1, 1, 1, 1, 1, 1, 1], ""count_pattern"": [8, 1]}]"
216,"6,6",4,"{""r"": 6, ""c"": 6, ""distinct"": 2, ""mode_count"": 8, ""least_count"": 1, ""color8_count"": 1, ""sum_colors"": 16, ""max_color"": 8, ""min_color"": 1, ""center"": 1, ""corner_sum"": 4, ""edge_sum"": 11, ""signature_freq"": [1, 1, 1, 1, 1, 1, 1, 2, 1], ""count_pattern"": [8, 1]}","{""color8_count_min"": true, ""sum_colors_min"": true, ""corner_sum_min"": true, ""edge_sum_min"": true, ""row_major_last"": true, ""col_major_last"": true}","[{""r"": 2, ""c"": 0, ""distinct"": 2, ""mode_count"": 5, ""least_count"": 4, ""color8_count"": 5, ""sum_colors"": 44, ""max_color"": 8, ""min_color"": 1, ""center"": 1, ""corner_sum"": 25, ""edge_sum"": 18, ""signature_freq"": [2, 2, 1, 1, 2, 1, 1, 2, 1], ""count_pattern"": [5, 4]}, {""r"": 2, ""c"": 4, ""distinct"": 2, ""mode_count"": 7, ""least_count"": 2, ""color8_count"": 7, ""sum_colors"": 58, ""max_color"": 8, ""min_color"": 1, ""center"": 8, ""corner_sum"": 18, ""edge_sum"": 32, ""signature_freq"": [1, 1, 2, 1, 1, 1, 1, 1, 2], ""count_pattern"": [7, 2]}, {""r"": 6, ""c"": 1, ""distinct"": 2, ""mode_count"": 8, ""least_count"": 1, ""color8_count"": 8, ""sum_colors"": 65, ""max_color"": 8, ""min_color"": 1, ""center"": 1, ""corner_sum"": 32, ""edge_sum"": 32, ""signature_freq"": [1, 1, 1, 1, 2, 1, 1, 1, 1], ""count_pattern"": [8, 1]}, {""r"": 6, ""c"": 6, ""distinct"": 2, ""mode_count"": 8, ""least_count"": 1, ""color8_count"": 1, ""sum_colors"": 16, ""max_color"": 8, ""min_color"": 1, ""center"": 1, ""corner_sum"": 4, ""edge_sum"": 11, ""signature_freq"": [1, 1, 1, 1, 1, 1, 1, 2, 1], ""count_pattern"": [8, 1]}]"
217,"0,6",4,"{""r"": 0, ""c"": 6, ""distinct"": 2, ""mode_count"": 8, ""least_count"": 1, ""color8_count"": 1, ""sum_colors"": 16, ""max_color"": 8, ""min_color"": 1, ""center"": 1, ""corner_sum"": 4, ""edge_sum"": 11, ""signature_freq"": [1, 2, 1, 1, 1, 1, 1, 1, 1], ""count_pattern"": [8, 1]}","{""distinct_max"": true, ""least_count_min"": true, ""color8_count_min"": true, ""sum_colors_min"": true, ""max_color_min"": true, ""max_color_max"": true, ""min_color_min"": true, ""center_min"": true, ""corner_sum_min"": true, ""edge_sum_min"": true, ""row_major_first"": true, ""col_major_last"": true}","[{""r"": 0, ""c"": 6, ""distinct"": 2, ""mode_count"": 8, ""least_count"": 1, ""color8_count"": 1, ""sum_colors"": 16, ""max_color"": 8, ""min_color"": 1, ""center"": 1, ""corner_sum"": 4, ""edge_sum"": 11, ""signature_freq"": [1, 2, 1, 1, 1, 1, 1, 1, 1], ""count_pattern"": [8, 1]}, {""r"": 1, ""c"": 2, ""distinct"": 2, ""mode_count"": 7, ""least_count"": 2, ""color8_count"": 7, ""sum_colors"": 58, ""max_color"": 8, ""min_color"": 1, ""center"": 8, ""corner_sum"": 25, ""edge_sum"": 25, ""signature_freq"": [1, 1, 1, 2, 1, 1, 1, 1, 2], ""count_pattern"": [7, 2]}, {""r"": 6, ""c"": 0, ""distinct"": 2, ""mode_count"": 8, ""least_count"": 1, ""color8_count"": 8, ""sum_colors"": 65, ""max_color"": 8, ""min_color"": 1, ""center"": 8, ""corner_sum"": 32, ""edge_sum"": 25, ""signature_freq"": [1, 1, 1, 1, 1, 2, 1, 1, 1], ""count_pattern"": [8, 1]}, {""r"": 6, ""c"": 5, ""distinct"": 1, ""mode_count"": 9, ""least_count"": 9, ""color8_count"": 9, ""sum_colors"": 72, ""max_color"": 8, ""min_color"": 8, ""center"": 8, ""corner_sum"": 32, ""edge_sum"": 32, ""signature_freq"": [1, 1, 1, 1, 1, 1, 1, 1, 1], ""count_pattern"": [9]}]"
218,"6,5",4,"{""r"": 6, ""c"": 5, ""distinct"": 2, ""mode_count"": 6, ""least_count"": 3, ""color8_count"": 3, ""sum_colors"": 30, ""max_color"": 8, ""min_color"": 1, ""center"": 1, ""corner_sum"": 18, ""edge_sum"": 11, ""signature_freq"": [1, 1, 2, 2, 1, 1, 2, 1, 1], ""count_pattern"": [6, 3]}","{""color8_count_min"": true, ""sum_colors_min"": true, ""edge_sum_min"": true, ""row_major_last"": true}","[{""r"": 1, ""c"": 0, ""distinct"": 2, ""mode_count"": 8, ""least_count"": 1, ""color8_count"": 8, ""sum_colors"": 65, ""max_color"": 8, ""min_color"": 1, ""center"": 8, ""corner_sum"": 25, ""edge_sum"": 32, ""signature_freq"": [1, 1, 2, 1, 1, 1, 1, 1, 1], ""count_pattern"": [8, 1]}, {""r"": 2, ""c"": 6, ""distinct"": 2, ""mode_count"": 6, ""least_count"": 3, ""color8_count"": 6, ""sum_colors"": 51, ""max_color"": 8, ""min_color"": 1, ""center"": 8, ""corner_sum"": 18, ""edge_sum"": 25, ""signature_freq"": [1, 1, 2, 2, 1, 1, 2, 1, 1], ""count_pattern"": [6, 3]}, {""r"": 5, ""c"": 0, ""distinct"": 2, ""mode_count"": 5, ""least_count"": 4, ""color8_count"": 4, ""sum_colors"": 37, ""max_color"": 8, ""min_color"": 1, ""center"": 1, ""corner_sum"": 11, ""edge_sum"": 25, ""signature_freq"": [2, 2, 1, 2, 1, 1, 1, 2, 1], ""count_pattern"": [5, 4]}, {""r"": 6, ""c"": 5, ""distinct"": 2, ""mode_count"": 6, ""least_count"": 3, ""color8_count"": 3, ""sum_colors"": 30, ""max_color"": 8, ""min_color"": 1, ""center"": 1, ""corner_sum"": 18, ""edge_sum"": 11, ""signature_freq"": [1, 1, 2, 2, 1, 1, 2, 1, 1], ""count_pattern"": [6, 3]}]"
219,"0,1",4,"{""r"": 0, ""c"": 1, ""distinct"": 2, ""mode_count"": 7, ""least_count"": 2, ""color8_count"": 2, ""sum_colors"": 23, ""max_color"": 8, ""min_color"": 1, ""center"": 1, ""corner_sum"": 18, ""edge_sum"": 4, ""signature_freq"": [1, 1, 2, 1, 1, 1, 2, 1, 1], ""count_pattern"": [7, 2]}","{""distinct_min"": true, ""distinct_max"": true, ""color8_count_min"": true, ""sum_colors_min"": true, ""max_color_min"": true, ""max_color_max"": true, ""min_color_min"": true, ""min_color_max"": true, ""center_min"": true, ""corner_sum_min"": true, ""edge_sum_min"": true, ""row_major_first"": true}","[{""r"": 0, ""c"": 1, ""distinct"": 2, ""mode_count"": 7, ""least_count"": 2, ""color8_count"": 2, ""sum_colors"": 23, ""max_color"": 8, ""min_color"": 1, ""center"": 1, ""corner_sum"": 18, ""edge_sum"": 4, ""signature_freq"": [1, 1, 2, 1, 1, 1, 2, 1, 1], ""count_pattern"": [7, 2]}, {""r"": 1, ""c"": 6, ""distinct"": 2, ""mode_count"": 6, ""least_count"": 3, ""color8_count"": 3, ""sum_colors"": 30, ""max_color"": 8, ""min_color"": 1, ""center"": 1, ""corner_sum"": 25, ""edge_sum"": 4, ""signature_freq"": [2, 1, 2, 1, 1, 1, 2, 1, 1], ""count_pattern"": [6, 3]}, {""r"": 5, ""c"": 4, ""distinct"": 2, ""mode_count"": 5, ""least_count"": 4, ""color8_count"": 5, ""sum_colors"": 44, ""max_color"": 8, ""min_color"": 1, ""center"": 8, ""corner_sum"": 18, ""edge_sum"": 18, ""signature_freq"": [1, 1, 1, 2, 1, 2, 2, 1, 2], ""count_pattern"": [5, 4]}, {""r"": 6, ""c"": 0, ""distinct"": 2, ""mode_count"": 8, ""least_count"": 1, ""color8_count"": 8, ""sum_colors"": 65, ""max_color"": 8, ""min_color"": 1, ""center"": 8, ""corner_sum"": 25, ""edge_sum"": 32, ""signature_freq"": [2, 1, 1, 1, 1, 1, 1, 1, 1], ""count_pattern"": [8, 1]}]"
220,"0,6",4,"{""r"": 0, ""c"": 6, ""distinct"": 2, ""mode_count"": 8, ""least_count"": 1, ""color8_count"": 1, ""sum_colors"": 16, ""max_color"": 8, ""min_color"": 1, ""center"": 1, ""corner_sum"": 4, ""edge_sum"": 11, ""signature_freq"": [1, 2, 1, 1, 1, 1, 1, 1, 1], ""count_pattern"": [8, 1]}","{""distinct_min"": true, ""distinct_max"": true, ""mode_count_max"": true, ""least_count_min"": true, ""color8_count_min"": true, ""sum_colors_min"": true, ""max_color_min"": true, ""max_color_max"": true, ""min_color_min"": true, ""min_color_max"": true, ""center_min"": true, ""corner_sum_min"": true, ""edge_sum_min"": true, ""row_major_first"": true}","[{""r"": 0, ""c"": 6, ""distinct"": 2, ""mode_count"": 8, ""least_count"": 1, ""color8_count"": 1, ""sum_colors"": 16, ""max_color"": 8, ""min_color"": 1, ""center"": 1, ""corner_sum"": 4, ""edge_sum"": 11, ""signature_freq"": [1, 2, 1, 1, 1, 1, 1, 1, 1], ""count_pattern"": [8, 1]}, {""r"": 1, ""c"": 1, ""distinct"": 2, ""mode_count"": 5, ""least_count"": 4, ""color8_count"": 5, ""sum_colors"": 44, ""max_color"": 8, ""min_color"": 1, ""center"": 1, ""corner_sum"": 25, ""edge_sum"": 18, ""signature_freq"": [1, 2, 1, 1, 2, 2, 1, 1, 2], ""count_pattern"": [5, 4]}, {""r"": 4, ""c"": 6, ""distinct"": 2, ""mode_count"": 7, ""least_count"": 2, ""color8_count"": 7, ""sum_colors"": 58, ""max_color"": 8, ""min_color"": 1, ""center"": 8, ""corner_sum"": 18, ""edge_sum"": 32, ""signature_freq"": [1, 1, 1, 1, 1, 1, 2, 1, 2], ""count_pattern"": [7, 2]}, {""r"": 6, ""c"": 2, ""distinct"": 2, ""mode_count"": 5, ""least_count"": 4, ""color8_count"": 4, ""sum_colors"": 37, ""max_color"": 8, ""min_color"": 1, ""center"": 8, ""corner_sum"": 11, ""edge_sum"": 18, ""signature_freq"": [1, 2, 1, 1, 2, 2, 2, 1, 1], ""count_pattern"": [5, 4]}]"
221,"0,2",4,"{""r"": 0, ""c"": 2, ""distinct"": 2, ""mode_count"": 8, ""least_count"": 1, ""color8_count"": 1, ""sum_colors"": 16, ""max_color"": 8, ""min_color"": 1, ""center"": 8, ""corner_sum"": 4, ""edge_sum"": 4, ""signature_freq"": [1, 1, 1, 1, 2, 1, 1, 1, 1], ""count_pattern"": [8, 1]}","{""distinct_min"": true, ""distinct_max"": true, ""mode_count_max"": true, ""least_count_min"": true, ""color8_count_min"": true, ""sum_colors_min"": true, ""max_color_min"": true, ""max_color_max"": true, ""min_color_min"": true, ""min_color_max"": true, ""center_max"": true, ""corner_sum_min"": true, ""edge_sum_min"": true, ""row_major_first"": true}","[{""r"": 0, ""c"": 2, ""distinct"": 2, ""mode_count"": 8, ""least_count"": 1, ""color8_count"": 1, ""sum_colors"": 16, ""max_color"": 8, ""min_color"": 1, ""center"": 8, ""corner_sum"": 4, ""edge_sum"": 4, ""signature_freq"": [1, 1, 1, 1, 2, 1, 1, 1, 1], ""count_pattern"": [8, 1]}, {""r"": 2, ""c"": 6, ""distinct"": 2, ""mode_count"": 8, ""least_count"": 1, ""color8_count"": 8, ""sum_colors"": 65, ""max_color"": 8, ""min_color"": 1, ""center"": 8, ""corner_sum"": 25, ""edge_sum"": 32, ""signature_freq"": [1, 1, 2, 1, 1, 1, 1, 1, 1], ""count_pattern"": [8, 1]}, {""r"": 5, ""c"": 1, ""distinct"": 2, ""mode_count"": 7, ""least_count"": 2, ""color8_count"": 2, ""sum_colors"": 23, ""max_color"": 8, ""min_color"": 1, ""center"": 1, ""corner_sum"": 11, ""edge_sum"": 11, ""signature_freq"": [1, 1, 1, 1, 1, 1, 1, 2, 2], ""count_pattern"": [7, 2]}, {""r"": 6, ""c"": 6, ""distinct"": 2, ""mode_count"": 7, ""least_count"": 2, ""color8_count"": 7, ""sum_colors"": 58, ""max_color"": 8, ""min_color"": 1, ""center"": 1, ""corner_sum"": 32, ""edge_sum"": 25, ""signature_freq"": [1, 2, 1, 1, 2, 1, 1, 1, 1], ""count_pattern"": [7, 2]}]"
222,"2,6",4,"{""r"": 2, ""c"": 6, ""distinct"": 2, ""mode_count"": 8, ""least_count"": 1, ""color8_count"": 1, ""sum_colors"": 16, ""max_color"": 8, ""min_color"": 1, ""center"": 1, ""corner_sum"": 11, ""edge_sum"": 4, ""signature_freq"": [1, 1, 1, 1, 1, 1, 2, 1, 1], ""count_pattern"": [8, 1]}","{""mode_count_max"": true, ""least_count_min"": true, ""color8_count_min"": true, ""sum_colors_min"": true, ""center_min"": true, ""corner_sum_min"": true, ""edge_sum_min"": true}","[{""r"": 0, ""c"": 0, ""distinct"": 2, ""mode_count"": 5, ""least_count"": 4, ""color8_count"": 5, ""sum_colors"": 44, ""max_color"": 8, ""min_color"": 1, ""center"": 8, ""corner_sum"": 18, ""edge_sum"": 18, ""signature_freq"": [2, 2, 1, 1, 1, 1, 2, 2, 1], ""count_pattern"": [5, 4]}, {""r"": 2, ""c"": 6, ""distinct"": 2, ""mode_count"": 8, ""least_count"": 1, ""color8_count"": 1, ""sum_colors"": 16, ""max_color"": 8, ""min_color"": 1, ""center"": 1, ""corner_sum"": 11, ""edge_sum"": 4, ""signature_freq"": [1, 1, 1, 1, 1, 1, 2, 1, 1], ""count_pattern"": [8, 1]}, {""r"": 4, ""c"": 2, ""distinct"": 2, ""mode_count"": 6, ""least_count"": 3, ""color8_count"": 6, ""sum_colors"": 51, ""max_color"": 8, ""min_color"": 1, ""center"": 1, ""corner_sum"": 18, ""edge_sum"": 32, ""signature_freq"": [1, 1, 1, 1, 2, 1, 2, 1, 2], ""count_pattern"": [6, 3]}, {""r"": 6, ""c"": 6, ""distinct"": 2, ""mode_count"": 7, ""least_count"": 2, ""color8_count"": 7, ""sum_colors"": 58, ""max_color"": 8, ""min_color"": 1, ""center"": 1, ""corner_sum"": 32, ""edge_sum"": 25, ""signature_freq"": [1, 1, 1, 2, 2, 1, 1, 1, 1], ""count_pattern"": [7, 2]}]"
223,"2,6",4,"{""r"": 2, ""c"": 6, ""distinct"": 2, ""mode_count"": 7, ""least_count"": 2, ""color8_count"": 2, ""sum_colors"": 23, ""max_color"": 8, ""min_color"": 1, ""center"": 1, ""corner_sum"": 18, ""edge_sum"": 4, ""signature_freq"": [1, 1, 1, 1, 1, 1, 2, 1, 2], ""count_pattern"": [7, 2]}","{""least_count_min"": true, ""color8_count_min"": true, ""sum_colors_min"": true, ""edge_sum_min"": true, ""col_major_last"": true}","[{""r"": 1, ""c"": 0, ""distinct"": 2, ""mode_count"": 6, ""least_count"": 3, ""color8_count"": 3, ""sum_colors"": 30, ""max_color"": 8, ""min_color"": 1, ""center"": 1, ""corner_sum"": 4, ""edge_sum"": 25, ""signature_freq"": [1, 2, 1, 2, 1, 2, 1, 1, 1], ""count_pattern"": [6, 3]}, {""r"": 2, ""c"": 6, ""distinct"": 2, ""mode_count"": 7, ""least_count"": 2, ""color8_count"": 2, ""sum_colors"": 23, ""max_color"": 8, ""min_color"": 1, ""center"": 1, ""corner_sum"": 18, ""edge_sum"": 4, ""signature_freq"": [1, 1, 1, 1, 1, 1, 2, 1, 2], ""count_pattern"": [7, 2]}, {""r"": 6, ""c"": 0, ""distinct"": 2, ""mode_count"": 6, ""least_count"": 3, ""color8_count"": 6, ""sum_colors"": 51, ""max_color"": 8, ""min_color"": 1, ""center"": 8, ""corner_sum"": 18, ""edge_sum"": 25, ""signature_freq"": [1, 2, 1, 1, 1, 1, 2, 1, 2], ""count_pattern"": [6, 3]}, {""r"": 6, ""c"": 4, ""distinct"": 1, ""mode_count"": 9, ""least_count"": 9, ""color8_count"": 9, ""sum_colors"": 72, ""max_color"": 8, ""min_color"": 8, ""center"": 8, ""corner_sum"": 32, ""edge_sum"": 32, ""signature_freq"": [1, 1, 1, 1, 1, 1, 1, 1, 1], ""count_pattern"": [9]}]"
224,"4,0",4,"{""r"": 4, ""c"": 0, ""distinct"": 2, ""mode_count"": 8, ""least_count"": 1, ""color8_count"": 1, ""sum_colors"": 16, ""max_color"": 8, ""min_color"": 1, ""center"": 1, ""corner_sum"": 11, ""edge_sum"": 4, ""signature_freq"": [2, 1, 1, 1, 1, 1, 1, 1, 1], ""count_pattern"": [8, 1]}","{""color8_count_min"": true, ""sum_colors_min"": true, ""edge_sum_min"": true, ""col_major_first"": true}","[{""r"": 0, ""c"": 2, ""distinct"": 2, ""mode_count"": 8, ""least_count"": 1, ""color8_count"": 8, ""sum_colors"": 65, ""max_color"": 8, ""min_color"": 1, ""center"": 8, ""corner_sum"": 32, ""edge_sum"": 25, ""signature_freq"": [1, 2, 1, 1, 1, 1, 1, 1, 1], ""count_pattern"": [8, 1]}, {""r"": 0, ""c"": 6, ""distinct"": 2, ""mode_count"": 7, ""least_count"": 2, ""color8_count"": 2, ""sum_colors"": 23, ""max_color"": 8, ""min_color"": 1, ""center"": 1, ""corner_sum"": 4, ""edge_sum"": 18, ""signature_freq"": [1, 2, 1, 2, 1, 1, 1, 1, 1], ""count_pattern"": [7, 2]}, {""r"": 4, ""c"": 0, ""distinct"": 2, ""mode_count"": 8, ""least_count"": 1, ""color8_count"": 1, ""sum_colors"": 16, ""max_color"": 8, ""min_color"": 1, ""center"": 1, ""corner_sum"": 11, ""edge_sum"": 4, ""signature_freq"": [2, 1, 1, 1, 1, 1, 1, 1, 1], ""count_pattern"": [8, 1]}, {""r"": 6, ""c"": 4, ""distinct"": 2, ""mode_count"": 7, ""least_count"": 2, ""color8_count"": 7, ""sum_colors"": 58, ""max_color"": 8, ""min_color"": 1, ""center"": 8, ""corner_sum"": 18, ""edge_sum"": 32, ""signature_freq"": [1, 1, 1, 1, 1, 1, 2, 1, 2], ""count_pattern"": [7, 2]}]"
225,"6,5",4,"{""r"": 6, ""c"": 5, ""distinct"": 2, ""mode_count"": 6, ""least_count"": 3, ""color8_count"": 3, ""sum_colors"": 30, ""max_color"": 8, ""min_color"": 1, ""center"": 8, ""corner_sum"": 11, ""edge_sum"": 11, ""signature_freq"": [2, 1, 1, 1, 2, 1, 1, 2, 1], ""count_pattern"": [6, 3]}","{""color8_count_min"": true, ""sum_colors_min"": true, ""corner_sum_min"": true, ""row_major_last"": true}","[{""r"": 0, ""c"": 0, ""distinct"": 2, ""mode_count"": 7, ""least_count"": 2, ""color8_count"": 7, ""sum_colors"": 58, ""max_color"": 8, ""min_color"": 1, ""center"": 8, ""corner_sum"": 18, ""edge_sum"": 32, ""signature_freq"": [2, 1, 2, 1, 1, 1, 1, 1, 1], ""count_pattern"": [7, 2]}, {""r"": 1, ""c"": 6, ""distinct"": 2, ""mode_count"": 5, ""least_count"": 4, ""color8_count"": 4, ""sum_colors"": 37, ""max_color"": 8, ""min_color"": 1, ""center"": 1, ""corner_sum"": 25, ""edge_sum"": 11, ""signature_freq"": [2, 2, 2, 1, 1, 1, 2, 1, 1], ""count_pattern"": [5, 4]}, {""r"": 4, ""c"": 1, ""distinct"": 2, ""mode_count"": 8, ""least_count"": 1, ""color8_count"": 8, ""sum_colors"": 65, ""max_color"": 8, ""min_color"": 1, ""center"": 8, ""corner_sum"": 25, ""edge_sum"": 32, ""signature_freq"": [2, 1, 1, 1, 1, 1, 1, 1, 1], ""count_pattern"": [8, 1]}, {""r"": 6, ""c"": 5, ""distinct"": 2, ""mode_count"": 6, ""least_count"": 3, ""color8_count"": 3, ""sum_colors"": 30, ""max_color"": 8, ""min_color"": 1, ""center"": 8, ""corner_sum"": 11, ""edge_sum"": 11, ""signature_freq"": [2, 1, 1, 1, 2, 1, 1, 2, 1], ""count_pattern"": [6, 3]}]"
226,"6,6",4,"{""r"": 6, ""c"": 6, ""distinct"": 2, ""mode_count"": 6, ""least_count"": 3, ""color8_count"": 3, ""sum_colors"": 30, ""max_color"": 8, ""min_color"": 1, ""center"": 1, ""corner_sum"": 11, ""edge_sum"": 18, ""signature_freq"": [1, 2, 1, 1, 1, 1, 2, 2, 1], ""count_pattern"": [6, 3]}","{""least_count_min"": true, ""color8_count_min"": true, ""sum_colors_min"": true, ""row_major_last"": true, ""col_major_last"": true}","[{""r"": 0, ""c"": 6, ""distinct"": 1, ""mode_count"": 9, ""least_count"": 9, ""color8_count"": 9, ""sum_colors"": 72, ""max_color"": 8, ""min_color"": 8, ""center"": 8, ""corner_sum"": 32, ""edge_sum"": 32, ""signature_freq"": [1, 1, 1, 1, 1, 1, 1, 1, 1], ""count_pattern"": [9]}, {""r"": 3, ""c"": 3, ""distinct"": 2, ""mode_count"": 5, ""least_count"": 4, ""color8_count"": 5, ""sum_colors"": 44, ""max_color"": 8, ""min_color"": 1, ""center"": 8, ""corner_sum"": 11, ""edge_sum"": 25, ""signature_freq"": [2, 1, 1, 1, 1, 1, 2, 2, 2], ""count_pattern"": [5, 4]}, {""r"": 6, ""c"": 0, ""distinct"": 2, ""mode_count"": 5, ""least_count"": 4, ""color8_count"": 4, ""sum_colors"": 37, ""max_color"": 8, ""min_color"": 1, ""center"": 1, ""corner_sum"": 25, ""edge_sum"": 11, ""signature_freq"": [1, 2, 2, 1, 1, 1, 2, 1, 2], ""count_pattern"": [5, 4]}, {""r"": 6, ""c"": 6, ""distinct"": 2, ""mode_count"": 6, ""least_count"": 3, ""color8_count"": 3, ""sum_colors"": 30, ""max_color"": 8, ""min_color"": 1, ""center"": 1, ""corner_sum"": 11, ""edge_sum"": 18, ""signature_freq"": [1, 2, 1, 1, 1, 1, 2, 2, 1], ""count_pattern"": [6, 3]}]"
227,"0,6",4,"{""r"": 0, ""c"": 6, ""distinct"": 2, ""mode_count"": 6, ""least_count"": 3, ""color8_count"": 3, ""sum_colors"": 30, ""max_color"": 8, ""min_color"": 1, ""center"": 1, ""corner_sum"": 11, ""edge_sum"": 18, ""signature_freq"": [1, 1, 1, 1, 1, 2, 1, 2, 2], ""count_pattern"": [6, 3]}","{""distinct_max"": true, ""least_count_min"": true, ""color8_count_min"": true, ""sum_colors_min"": true, ""max_color_min"": true, ""max_color_max"": true, ""min_color_min"": true, ""center_min"": true, ""corner_sum_min"": true, ""edge_sum_min"": true, ""row_major_first"": true}","[{""r"": 0, ""c"": 6, ""distinct"": 2, ""mode_count"": 6, ""least_count"": 3, ""color8_count"": 3, ""sum_colors"": 30, ""max_color"": 8, ""min_color"": 1, ""center"": 1, ""corner_sum"": 11, ""edge_sum"": 18, ""signature_freq"": [1, 1, 1, 1, 1, 2, 1, 2, 2], ""count_pattern"": [6, 3]}, {""r"": 2, ""c"": 1, ""distinct"": 1, ""mode_count"": 9, ""least_count"": 9, ""color8_count"": 9, ""sum_colors"": 72, ""max_color"": 8, ""min_color"": 8, ""center"": 8, ""corner_sum"": 32, ""edge_sum"": 32, ""signature_freq"": [1, 1, 1, 1, 1, 1, 1, 1, 1], ""count_pattern"": [9]}, {""r"": 4, ""c"": 6, ""distinct"": 2, ""mode_count"": 6, ""least_count"": 3, ""color8_count"": 6, ""sum_colors"": 51, ""max_color"": 8, ""min_color"": 1, ""center"": 8, ""corner_sum"": 18, ""edge_sum"": 25, ""signature_freq"": [1, 1, 2, 1, 1, 2, 1, 1, 2], ""count_pattern"": [6, 3]}, {""r"": 6, ""c"": 2, ""distinct"": 2, ""mode_count"": 5, ""least_count"": 4, ""color8_count"": 4, ""sum_colors"": 37, ""max_color"": 8, ""min_color"": 1, ""center"": 1, ""corner_sum"": 11, ""edge_sum"": 25, ""signature_freq"": [1, 2, 1, 1, 1, 2, 2, 2, 1], ""count_pattern"": [5, 4]}]"
228,"0,5",4,"{""r"": 0, ""c"": 5, ""distinct"": 2, ""mode_count"": 7, ""least_count"": 2, ""color8_count"": 2, ""sum_colors"": 23, ""max_color"": 8, ""min_color"": 1, ""center"": 1, ""corner_sum"": 11, ""edge_sum"": 11, ""signature_freq"": [1, 2, 1, 1, 1, 1, 1, 1, 2], ""count_pattern"": [7, 2]}","{""least_count_min"": true, ""color8_count_min"": true, ""sum_colors_min"": true, ""center_min"": true, ""corner_sum_min"": true, ""edge_sum_min"": true}","[{""r"": 0, ""c"": 1, ""distinct"": 2, ""mode_count"": 5, ""least_count"": 4, ""color8_count"": 5, ""sum_colors"": 44, ""max_color"": 8, ""min_color"": 1, ""center"": 8, ""corner_sum"": 18, ""edge_sum"": 18, ""signature_freq"": [1, 2, 1, 2, 1, 1, 2, 1, 2], ""count_pattern"": [5, 4]}, {""r"": 0, ""c"": 5, ""distinct"": 2, ""mode_count"": 7, ""least_count"": 2, ""color8_count"": 2, ""sum_colors"": 23, ""max_color"": 8, ""min_color"": 1, ""center"": 1, ""corner_sum"": 11, ""edge_sum"": 11, ""signature_freq"": [1, 2, 1, 1, 1, 1, 1, 1, 2], ""count_pattern"": [7, 2]}, {""r"": 6, ""c"": 0, ""distinct"": 2, ""mode_count"": 6, ""least_count"": 3, ""color8_count"": 6, ""sum_colors"": 51, ""max_color"": 8, ""min_color"": 1, ""center"": 1, ""corner_sum"": 25, ""edge_sum"": 25, ""signature_freq"": [1, 2, 1, 1, 2, 1, 2, 1, 1], ""count_pattern"": [6, 3]}, {""r"": 6, ""c"": 6, ""distinct"": 1, ""mode_count"": 9, ""least_count"": 9, ""color8_count"": 9, ""sum_colors"": 72, ""max_color"": 8, ""min_color"": 8, ""center"": 8, ""corner_sum"": 32, ""edge_sum"": 32, ""signature_freq"": [1, 1, 1, 1, 1, 1, 1, 1, 1], ""count_pattern"": [9]}]"
229,"2,6",4,"{""r"": 2, ""c"": 6, ""distinct"": 2, ""mode_count"": 5, ""least_count"": 4, ""color8_count"": 4, ""sum_colors"": 37, ""max_color"": 8, ""min_color"": 1, ""center"": 1, ""corner_sum"": 11, ""edge_sum"": 25, ""signature_freq"": [1, 2, 1, 1, 1, 2, 2, 2, 1], ""count_pattern"": [5, 4]}","{""mode_count_min"": true, ""least_count_max"": true, ""color8_count_min"": true, ""sum_colors_min"": true, ""center_min"": true, ""corner_sum_min"": true}","[{""r"": 1, ""c"": 0, ""distinct"": 2, ""mode_count"": 7, ""least_count"": 2, ""color8_count"": 7, ""sum_colors"": 58, ""max_color"": 8, ""min_color"": 1, ""center"": 8, ""corner_sum"": 25, ""edge_sum"": 25, ""signature_freq"": [2, 1, 1, 1, 1, 1, 1, 2, 1], ""count_pattern"": [7, 2]}, {""r"": 2, ""c"": 6, ""distinct"": 2, ""mode_count"": 5, ""least_count"": 4, ""color8_count"": 4, ""sum_colors"": 37, ""max_color"": 8, ""min_color"": 1, ""center"": 1, ""corner_sum"": 11, ""edge_sum"": 25, ""signature_freq"": [1, 2, 1, 1, 1, 2, 2, 2, 1], ""count_pattern"": [5, 4]}, {""r"": 6, ""c"": 2, ""distinct"": 2, ""mode_count"": 8, ""least_count"": 1, ""color8_count"": 8, ""sum_colors"": 65, ""max_color"": 8, ""min_color"": 1, ""center"": 1, ""corner_sum"": 32, ""edge_sum"": 32, ""signature_freq"": [1, 1, 1, 1, 2, 1, 1, 1, 1], ""count_pattern"": [8, 1]}, {""r"": 6, ""c"": 6, ""distinct"": 2, ""mode_count"": 6, ""least_count"": 3, ""color8_count"": 6, ""sum_colors"": 51, ""max_color"": 8, ""min_color"": 1, ""center"": 1, ""corner_sum"": 25, ""edge_sum"": 25, ""signature_freq"": [2, 1, 1, 1, 2, 1, 1, 2, 1], ""count_pattern"": [6, 3]}]"
230,"0,0",4,"{""r"": 0, ""c"": 0, ""distinct"": 2, ""mode_count"": 8, ""least_count"": 1, ""color8_count"": 1, ""sum_colors"": 16, ""max_color"": 8, ""min_color"": 1, ""center"": 1, ""corner_sum"": 4, ""edge_sum"": 11, ""signature_freq"": [1, 1, 1, 2, 1, 1, 1, 1, 1], ""count_pattern"": [8, 1]}","{""distinct_min"": true, ""distinct_max"": true, ""mode_count_max"": true, ""least_count_min"": true, ""color8_count_min"": true, ""sum_colors_min"": true, ""max_color_min"": true, ""max_color_max"": true, ""min_color_min"": true, ""min_color_max"": true, ""center_min"": true, ""corner_sum_min"": true, ""edge_sum_min"": true, ""row_major_first"": true, ""col_major_first"": true}","[{""r"": 0, ""c"": 0, ""distinct"": 2, ""mode_count"": 8, ""least_count"": 1, ""color8_count"": 1, ""sum_colors"": 16, ""max_color"": 8, ""min_color"": 1, ""center"": 1, ""corner_sum"": 4, ""edge_sum"": 11, ""signature_freq"": [1, 1, 1, 2, 1, 1, 1, 1, 1], ""count_pattern"": [8, 1]}, {""r"": 1, ""c"": 5, ""distinct"": 2, ""mode_count"": 6, ""least_count"": 3, ""color8_count"": 6, ""sum_colors"": 51, ""max_color"": 8, ""min_color"": 1, ""center"": 8, ""corner_sum"": 18, ""edge_sum"": 25, ""signature_freq"": [1, 1, 2, 1, 1, 1, 1, 2, 2], ""count_pattern"": [6, 3]}, {""r"": 4, ""c"": 1, ""distinct"": 2, ""mode_count"": 7, ""least_count"": 2, ""color8_count"": 7, ""sum_colors"": 58, ""max_color"": 8, ""min_color"": 1, ""center"": 1, ""corner_sum"": 32, ""edge_sum"": 25, ""signature_freq"": [1, 1, 1, 1, 2, 1, 1, 2, 1], ""count_pattern"": [7, 2]}, {""r"": 5, ""c"": 5, ""distinct"": 2, ""mode_count"": 7, ""least_count"": 2, ""color8_count"": 2, ""sum_colors"": 23, ""max_color"": 8, ""min_color"": 1, ""center"": 1, ""corner_sum"": 4, ""edge_sum"": 18, ""signature_freq"": [1, 2, 1, 2, 1, 1, 1, 1, 1], ""count_pattern"": [7, 2]}]"
231,"0,5",4,"{""r"": 0, ""c"": 5, ""distinct"": 2, ""mode_count"": 6, ""least_count"": 3, ""color8_count"": 6, ""sum_colors"": 51, ""max_color"": 8, ""min_color"": 1, ""center"": 1, ""corner_sum"": 32, ""edge_sum"": 18, ""signature_freq"": [1, 1, 1, 2, 2, 1, 1, 2, 1], ""count_pattern"": [6, 3]}","{""distinct_max"": true, ""mode_count_min"": true, ""color8_count_min"": true, ""sum_colors_min"": true, ""min_color_min"": true, ""center_min"": true, ""edge_sum_min"": true}","[{""r"": 0, ""c"": 0, ""distinct"": 1, ""mode_count"": 9, ""least_count"": 9, ""color8_count"": 9, ""sum_colors"": 72, ""max_color"": 8, ""min_color"": 8, ""center"": 8, ""corner_sum"": 32, ""edge_sum"": 32, ""signature_freq"": [1, 1, 1, 1, 1, 1, 1, 1, 1], ""count_pattern"": [9]}, {""r"": 0, ""c"": 5, ""distinct"": 2, ""mode_count"": 6, ""least_count"": 3, ""color8_count"": 6, ""sum_colors"": 51, ""max_color"": 8, ""min_color"": 1, ""center"": 1, ""corner_sum"": 32, ""edge_sum"": 18, ""signature_freq"": [1, 1, 1, 2, 2, 1, 1, 2, 1], ""count_pattern"": [6, 3]}, {""r"": 4, ""c"": 5, ""distinct"": 2, ""mode_count"": 7, ""least_count"": 2, ""color8_count"": 7, ""sum_colors"": 58, ""max_color"": 8, ""min_color"": 1, ""center"": 1, ""corner_sum"": 25, ""edge_sum"": 32, ""signature_freq"": [1, 1, 2, 1, 2, 1, 1, 1, 1], ""count_pattern"": [7, 2]}, {""r"": 5, ""c"": 1, ""distinct"": 2, ""mode_count"": 8, ""least_count"": 1, ""color8_count"": 8, ""sum_colors"": 65, ""max_color"": 8, ""min_color"": 1, ""center"": 8, ""corner_sum"": 32, ""edge_sum"": 25, ""signature_freq"": [1, 1, 1, 2, 1, 1, 1, 1, 1], ""count_pattern"": [8, 1]}]"
232,"4,6",4,"{""r"": 4, ""c"": 6, ""distinct"": 2, ""mode_count"": 8, ""least_count"": 1, ""color8_count"": 1, ""sum_colors"": 16, ""max_color"": 8, ""min_color"": 1, ""center"": 1, ""corner_sum"": 4, ""edge_sum"": 11, ""signature_freq"": [1, 1, 1, 1, 1, 1, 1, 2, 1], ""count_pattern"": [8, 1]}","{""color8_count_min"": true, ""sum_colors_min"": true, ""corner_sum_min"": true, ""edge_sum_min"": true, ""col_major_last"": true}","[{""r"": 0, ""c"": 1, ""distinct"": 2, ""mode_count"": 8, ""least_count"": 1, ""color8_count"": 8, ""sum_colors"": 65, ""max_color"": 8, ""min_color"": 1, ""center"": 1, ""corner_sum"": 32, ""edge_sum"": 32, ""signature_freq"": [1, 1, 1, 1, 2, 1, 1, 1, 1], ""count_pattern"": [8, 1]}, {""r"": 0, ""c"": 6, ""distinct"": 2, ""mode_count"": 5, ""least_count"": 4, ""color8_count"": 4, ""sum_colors"": 37, ""max_color"": 8, ""min_color"": 1, ""center"": 8, ""corner_sum"": 11, ""edge_sum"": 18, ""signature_freq"": [1, 1, 2, 2, 2, 1, 1, 2, 1], ""count_pattern"": [5, 4]}, {""r"": 4, ""c"": 6, ""distinct"": 2, ""mode_count"": 8, ""least_count"": 1, ""color8_count"": 1, ""sum_colors"": 16, ""max_color"": 8, ""min_color"": 1, ""center"": 1, ""corner_sum"": 4, ""edge_sum"": 11, ""signature_freq"": [1, 1, 1, 1, 1, 1, 1, 2, 1], ""count_pattern"": [8, 1]}, {""r"": 6, ""c"": 1, ""distinct"": 2, ""mode_count"": 7, ""least_count"": 2, ""color8_count"": 7, ""sum_colors"": 58, ""max_color"": 8, ""min_color"": 1, ""center"": 8, ""corner_sum"": 32, ""edge_sum"": 18, ""signature_freq"": [1, 2, 1, 1, 1, 2, 1, 1, 1], ""count_pattern"": [7, 2]}]"
233,"0,6",4,"{""r"": 0, ""c"": 6, ""distinct"": 2, ""mode_count"": 8, ""least_count"": 1, ""color8_count"": 1, ""sum_colors"": 16, ""max_color"": 8, ""min_color"": 1, ""center"": 1, ""corner_sum"": 4, ""edge_sum"": 11, ""signature_freq"": [1, 1, 1, 1, 1, 1, 1, 2, 1], ""count_pattern"": [8, 1]}","{""mode_count_max"": true, ""least_count_min"": true, ""color8_count_min"": true, ""sum_colors_min"": true, ""center_min"": true, ""corner_sum_min"": true, ""edge_sum_min"": true}","[{""r"": 0, ""c"": 1, ""distinct"": 2, ""mode_count"": 6, ""least_count"": 3, ""color8_count"": 6, ""sum_colors"": 51, ""max_color"": 8, ""min_color"": 1, ""center"": 8, ""corner_sum"": 18, ""edge_sum"": 25, ""signature_freq"": [2, 1, 1, 1, 1, 1, 2, 2, 1], ""count_pattern"": [6, 3]}, {""r"": 0, ""c"": 6, ""distinct"": 2, ""mode_count"": 8, ""least_count"": 1, ""color8_count"": 1, ""sum_colors"": 16, ""max_color"": 8, ""min_color"": 1, ""center"": 1, ""corner_sum"": 4, ""edge_sum"": 11, ""signature_freq"": [1, 1, 1, 1, 1, 1, 1, 2, 1], ""count_pattern"": [8, 1]}, {""r"": 5, ""c"": 6, ""distinct"": 2, ""mode_count"": 5, ""least_count"": 4, ""color8_count"": 4, ""sum_colors"": 37, ""max_color"": 8, ""min_color"": 1, ""center"": 8, ""corner_sum"": 4, ""edge_sum"": 25, ""signature_freq"": [1, 2, 1, 2, 2, 1, 1, 2, 1], ""count_pattern"": [5, 4]}, {""r"": 6, ""c"": 1, ""distinct"": 2, ""mode_count"": 7, ""least_count"": 2, ""color8_count"": 2, ""sum_colors"": 23, ""max_color"": 8, ""min_color"": 1, ""center"": 1, ""corner_sum"": 11, ""edge_sum"": 11, ""signature_freq"": [1, 1, 2, 1, 1, 2, 1, 1, 1], ""count_pattern"": [7, 2]}]"
234,"5,0",4,"{""r"": 5, ""c"": 0, ""distinct"": 2, ""mode_count"": 7, ""least_count"": 2, ""color8_count"": 2, ""sum_colors"": 23, ""max_color"": 8, ""min_color"": 1, ""center"": 1, ""corner_sum"": 11, ""edge_sum"": 11, ""signature_freq"": [1, 2, 2, 1, 1, 1, 1, 1, 1], ""count_pattern"": [7, 2]}","{""least_count_min"": true, ""color8_count_min"": true, ""sum_colors_min"": true, ""corner_sum_min"": true, ""col_major_first"": true}","[{""r"": 0, ""c"": 6, ""distinct"": 1, ""mode_count"": 9, ""least_count"": 9, ""color8_count"": 9, ""sum_colors"": 72, ""max_color"": 8, ""min_color"": 8, ""center"": 8, ""corner_sum"": 32, ""edge_sum"": 32, ""signature_freq"": [1, 1, 1, 1, 1, 1, 1, 1, 1], ""count_pattern"": [9]}, {""r"": 1, ""c"": 1, ""distinct"": 2, ""mode_count"": 6, ""least_count"": 3, ""color8_count"": 3, ""sum_colors"": 30, ""max_color"": 8, ""min_color"": 1, ""center"": 1, ""corner_sum"": 18, ""edge_sum"": 11, ""signature_freq"": [1, 1, 2, 2, 1, 1, 2, 1, 1], ""count_pattern"": [6, 3]}, {""r"": 5, ""c"": 0, ""distinct"": 2, ""mode_count"": 7, ""least_count"": 2, ""color8_count"": 2, ""sum_colors"": 23, ""max_color"": 8, ""min_color"": 1, ""center"": 1, ""corner_sum"": 11, ""edge_sum"": 11, ""signature_freq"": [1, 2, 2, 1, 1, 1, 1, 1, 1], ""count_pattern"": [7, 2]}, {""r"": 6, ""c"": 6, ""distinct"": 2, ""mode_count"": 7, ""least_count"": 2, ""color8_count"": 7, ""sum_colors"": 58, ""max_color"": 8, ""min_color"": 1, ""center"": 8, ""corner_sum"": 25, ""edge_sum"": 25, ""signature_freq"": [1, 1, 2, 2, 1, 1, 1, 1, 1], ""count_pattern"": [7, 2]}]"
235,"0,0",4,"{""r"": 0, ""c"": 0, ""distinct"": 2, ""mode_count"": 6, ""least_count"": 3, ""color8_count"": 3, ""sum_colors"": 30, ""max_color"": 8, ""min_color"": 1, ""center"": 1, ""corner_sum"": 18, ""edge_sum"": 11, ""signature_freq"": [1, 1, 1, 2, 1, 1, 2, 1, 2], ""count_pattern"": [6, 3]}","{""distinct_max"": true, ""mode_count_min"": true, ""color8_count_min"": true, ""sum_colors_min"": true, ""max_color_min"": true, ""max_color_max"": true, ""min_color_min"": true, ""center_min"": true, ""corner_sum_min"": true, ""edge_sum_min"": true, ""row_major_first"": true, ""col_major_first"": true}","[{""r"": 0, ""c"": 0, ""distinct"": 2, ""mode_count"": 6, ""least_count"": 3, ""color8_count"": 3, ""sum_colors"": 30, ""max_color"": 8, ""min_color"": 1, ""center"": 1, ""corner_sum"": 18, ""edge_sum"": 11, ""signature_freq"": [1, 1, 1, 2, 1, 1, 2, 1, 2], ""count_pattern"": [6, 3]}, {""r"": 0, ""c"": 6, ""distinct"": 2, ""mode_count"": 7, ""least_count"": 2, ""color8_count"": 7, ""sum_colors"": 58, ""max_color"": 8, ""min_color"": 1, ""center"": 8, ""corner_sum"": 32, ""edge_sum"": 18, ""signature_freq"": [1, 2, 1, 1, 1, 2, 1, 1, 1], ""count_pattern"": [7, 2]}, {""r"": 5, ""c"": 2, ""distinct"": 1, ""mode_count"": 9, ""least_count"": 9, ""color8_count"": 9, ""sum_colors"": 72, ""max_color"": 8, ""min_color"": 8, ""center"": 8, ""corner_sum"": 32, ""edge_sum"": 32, ""signature_freq"": [1, 1, 1, 1, 1, 1, 1, 1, 1], ""count_pattern"": [9]}, {""r"": 6, ""c"": 6, ""distinct"": 2, ""mode_count"": 6, ""least_count"": 3, ""color8_count"": 6, ""sum_colors"": 51, ""max_color"": 8, ""min_color"": 1, ""center"": 1, ""corner_sum"": 18, ""edge_sum"": 32, ""signature_freq"": [1, 1, 1, 1, 2, 1, 2, 1, 2], ""count_pattern"": [6, 3]}]"
236,"5,1",4,"{""r"": 5, ""c"": 1, ""distinct"": 2, ""mode_count"": 8, ""least_count"": 1, ""color8_count"": 1, ""sum_colors"": 16, ""max_color"": 8, ""min_color"": 1, ""center"": 1, ""corner_sum"": 11, ""edge_sum"": 4, ""signature_freq"": [1, 1, 1, 1, 1, 1, 1, 1, 2], ""count_pattern"": [8, 1]}","{""color8_count_min"": true, ""sum_colors_min"": true, ""edge_sum_min"": true, ""row_major_last"": true}","[{""r"": 0, ""c"": 0, ""distinct"": 2, ""mode_count"": 6, ""least_count"": 3, ""color8_count"": 3, ""sum_colors"": 30, ""max_color"": 8, ""min_color"": 1, ""center"": 8, ""corner_sum"": 11, ""edge_sum"": 11, ""signature_freq"": [2, 1, 1, 2, 2, 1, 1, 1, 1], ""count_pattern"": [6, 3]}, {""r"": 0, ""c"": 5, ""distinct"": 2, ""mode_count"": 5, ""least_count"": 4, ""color8_count"": 5, ""sum_colors"": 44, ""max_color"": 8, ""min_color"": 1, ""center"": 1, ""corner_sum"": 18, ""edge_sum"": 25, ""signature_freq"": [2, 1, 1, 1, 2, 2, 1, 1, 2], ""count_pattern"": [5, 4]}, {""r"": 4, ""c"": 6, ""distinct"": 2, ""mode_count"": 8, ""least_count"": 1, ""color8_count"": 8, ""sum_colors"": 65, ""max_color"": 8, ""min_color"": 1, ""center"": 8, ""corner_sum"": 25, ""edge_sum"": 32, ""signature_freq"": [1, 1, 2, 1, 1, 1, 1, 1, 1], ""count_pattern"": [8, 1]}, {""r"": 5, ""c"": 1, ""distinct"": 2, ""mode_count"": 8, ""least_count"": 1, ""color8_count"": 1, ""sum_colors"": 16, ""max_color"": 8, ""min_color"": 1, ""center"": 1, ""corner_sum"": 11, ""edge_sum"": 4, ""signature_freq"": [1, 1, 1, 1, 1, 1, 1, 1, 2], ""count_pattern"": [8, 1]}]"
237,"0,0",4,"{""r"": 0, ""c"": 0, ""distinct"": 2, ""mode_count"": 6, ""least_count"": 3, ""color8_count"": 3, ""sum_colors"": 30, ""max_color"": 8, ""min_color"": 1, ""center"": 1, ""corner_sum"": 11, ""edge_sum"": 18, ""signature_freq"": [1, 2, 2, 2, 1, 1, 1, 1, 1], ""count_pattern"": [6, 3]}","{""distinct_max"": true, ""color8_count_min"": true, ""sum_colors_min"": true, ""max_color_min"": true, ""max_color_max"": true, ""min_color_min"": true, ""center_min"": true, ""corner_sum_min"": true, ""edge_sum_min"": true, ""row_major_first"": true, ""col_major_first"": true}","[{""r"": 0, ""c"": 0, ""distinct"": 2, ""mode_count"": 6, ""least_count"": 3, ""color8_count"": 3, ""sum_colors"": 30, ""max_color"": 8, ""min_color"": 1, ""center"": 1, ""corner_sum"": 11, ""edge_sum"": 18, ""signature_freq"": [1, 2, 2, 2, 1, 1, 1, 1, 1], ""count_pattern"": [6, 3]}, {""r"": 1, ""c"": 5, ""distinct"": 2, ""mode_count"": 8, ""least_count"": 1, ""color8_count"": 8, ""sum_colors"": 65, ""max_color"": 8, ""min_color"": 1, ""center"": 8, ""corner_sum"": 32, ""edge_sum"": 25, ""signature_freq"": [1, 1, 1, 2, 1, 1, 1, 1, 1], ""count_pattern"": [8, 1]}, {""r"": 4, ""c"": 0, ""distinct"": 2, ""mode_count"": 5, ""least_count"": 4, ""color8_count"": 5, ""sum_colors"": 44, ""max_color"": 8, ""min_color"": 1, ""center"": 1, ""corner_sum"": 18, ""edge_sum"": 25, ""signature_freq"": [2, 1, 1, 2, 2, 1, 2, 1, 1], ""count_pattern"": [5, 4]}, {""r"": 5, ""c"": 5, ""distinct"": 1, ""mode_count"": 9, ""least_count"": 9, ""color8_count"": 9, ""sum_colors"": 72, ""max_color"": 8, ""min_color"": 8, ""center"": 8, ""corner_sum"": 32, ""edge_sum"": 32, ""signature_freq"": [1, 1, 1, 1, 1, 1, 1, 1, 1], ""count_pattern"": [9]}]"
238,"1,2",4,"{""r"": 1, ""c"": 2, ""distinct"": 2, ""mode_count"": 6, ""least_count"": 3, ""color8_count"": 3, ""sum_colors"": 30, ""max_color"": 8, ""min_color"": 1, ""center"": 1, ""corner_sum"": 11, ""edge_sum"": 18, ""signature_freq"": [1, 1, 1, 2, 1, 1, 1, 2, 2], ""count_pattern"": [6, 3]}","{""distinct_min"": true, ""distinct_max"": true, ""color8_count_min"": true, ""sum_colors_min"": true, ""max_color_min"": true, ""max_color_max"": true, ""min_color_min"": true, ""min_color_max"": true, ""center_min"": true, ""corner_sum_min"": true, ""edge_sum_min"": true, ""row_major_first"": true}","[{""r"": 1, ""c"": 2, ""distinct"": 2, ""mode_count"": 6, ""least_count"": 3, ""color8_count"": 3, ""sum_colors"": 30, ""max_color"": 8, ""min_color"": 1, ""center"": 1, ""corner_sum"": 11, ""edge_sum"": 18, ""signature_freq"": [1, 1, 1, 2, 1, 1, 1, 2, 2], ""count_pattern"": [6, 3]}, {""r"": 1, ""c"": 6, ""distinct"": 2, ""mode_count"": 8, ""least_count"": 1, ""color8_count"": 8, ""sum_colors"": 65, ""max_color"": 8, ""min_color"": 1, ""center"": 8, ""corner_sum"": 25, ""edge_sum"": 32, ""signature_freq"": [1, 1, 1, 1, 1, 1, 1, 1, 2], ""count_pattern"": [8, 1]}, {""r"": 5, ""c"": 0, ""distinct"": 2, ""mode_count"": 5, ""least_count"": 4, ""color8_count"": 4, ""sum_colors"": 37, ""max_color"": 8, ""min_color"": 1, ""center"": 1, ""corner_sum"": 18, ""edge_sum"": 18, ""signature_freq"": [2, 2, 1, 1, 1, 2, 2, 1, 1], ""count_pattern"": [5, 4]}, {""r"": 5, ""c"": 4, ""distinct"": 2, ""mode_count"": 7, ""least_count"": 2, ""color8_count"": 7, ""sum_colors"": 58, ""max_color"": 8, ""min_color"": 1, ""center"": 8, ""corner_sum"": 32, ""edge_sum"": 18, ""signature_freq"": [1, 2, 1, 1, 1, 1, 1, 2, 1], ""count_pattern"": [7, 2]}]"
239,"1,6",4,"{""r"": 1, ""c"": 6, ""distinct"": 2, ""mode_count"": 8, ""least_count"": 1, ""color8_count"": 1, ""sum_colors"": 16, ""max_color"": 8, ""min_color"": 1, ""center"": 1, ""corner_sum"": 11, ""edge_sum"": 4, ""signature_freq"": [1, 1, 2, 1, 1, 1, 1, 1, 1], ""count_pattern"": [8, 1]}","{""mode_count_max"": true, ""least_count_min"": true, ""color8_count_min"": true, ""sum_colors_min"": true, ""edge_sum_min"": true}","[{""r"": 1, ""c"": 0, ""distinct"": 2, ""mode_count"": 5, ""least_count"": 4, ""color8_count"": 5, ""sum_colors"": 44, ""max_color"": 8, ""min_color"": 1, ""center"": 1, ""corner_sum"": 32, ""edge_sum"": 11, ""signature_freq"": [1, 2, 1, 1, 2, 2, 1, 2, 1], ""count_pattern"": [5, 4]}, {""r"": 1, ""c"": 6, ""distinct"": 2, ""mode_count"": 8, ""least_count"": 1, ""color8_count"": 1, ""sum_colors"": 16, ""max_color"": 8, ""min_color"": 1, ""center"": 1, ""corner_sum"": 11, ""edge_sum"": 4, ""signature_freq"": [1, 1, 2, 1, 1, 1, 1, 1, 1], ""count_pattern"": [8, 1]}, {""r"": 5, ""c"": 2, ""distinct"": 2, ""mode_count"": 7, ""least_count"": 2, ""color8_count"": 2, ""sum_colors"": 23, ""max_color"": 8, ""min_color"": 1, ""center"": 8, ""corner_sum"": 4, ""edge_sum"": 11, ""signature_freq"": [1, 2, 1, 1, 2, 1, 1, 1, 1], ""count_pattern"": [7, 2]}, {""r"": 5, ""c"": 6, ""distinct"": 2, ""mode_count"": 8, ""least_count"": 1, ""color8_count"": 8, ""sum_colors"": 65, ""max_color"": 8, ""min_color"": 1, ""center"": 8, ""corner_sum"": 25, ""edge_sum"": 32, ""signature_freq"": [1, 1, 1, 1, 1, 1, 2, 1, 1], ""count_pattern"": [8, 1]}]"
240,"1,6",4,"{""r"": 1, ""c"": 6, ""distinct"": 2, ""mode_count"": 8, ""least_count"": 1, ""color8_count"": 1, ""sum_colors"": 16, ""max_color"": 8, ""min_color"": 1, ""center"": 1, ""corner_sum"": 4, ""edge_sum"": 11, ""signature_freq"": [1, 1, 1, 2, 1, 1, 1, 1, 1], ""count_pattern"": [8, 1]}","{""least_count_min"": true, ""color8_count_min"": true, ""sum_colors_min"": true, ""center_min"": true, ""corner_sum_min"": true, ""edge_sum_min"": true}","[{""r"": 0, ""c"": 2, ""distinct"": 2, ""mode_count"": 5, ""least_count"": 4, ""color8_count"": 5, ""sum_colors"": 44, ""max_color"": 8, ""min_color"": 1, ""center"": 8, ""corner_sum"": 11, ""edge_sum"": 25, ""signature_freq"": [1, 1, 2, 2, 1, 1, 2, 1, 2], ""count_pattern"": [5, 4]}, {""r"": 1, ""c"": 6, ""distinct"": 2, ""mode_count"": 8, ""least_count"": 1, ""color8_count"": 1, ""sum_colors"": 16, ""max_color"": 8, ""min_color"": 1, ""center"": 1, ""corner_sum"": 4, ""edge_sum"": 11, ""signature_freq"": [1, 1, 1, 2, 1, 1, 1, 1, 1], ""count_pattern"": [8, 1]}, {""r"": 5, ""c"": 1, ""distinct"": 2, ""mode_count"": 8, ""least_count"": 1, ""color8_count"": 8, ""sum_colors"": 65, ""max_color"": 8, ""min_color"": 1, ""center"": 8, ""corner_sum"": 32, ""edge_sum"": 25, ""signature_freq"": [1, 1, 1, 1, 1, 2, 1, 1, 1], ""count_pattern"": [8, 1]}, {""r"": 6, ""c"": 6, ""distinct"": 1, ""mode_count"": 9, ""least_count"": 9, ""color8_count"": 9, ""sum_colors"": 72, ""max_color"": 8, ""min_color"": 8, ""center"": 8, ""corner_sum"": 32, ""edge_sum"": 32, ""signature_freq"": [1, 1, 1, 1, 1, 1, 1, 1, 1], ""count_pattern"": [9]}]"
241,"5,0",4,"{""r"": 5, ""c"": 0, ""distinct"": 2, ""mode_count"": 5, ""least_count"": 4, ""color8_count"": 4, ""sum_colors"": 37, ""max_color"": 8, ""min_color"": 1, ""center"": 1, ""corner_sum"": 25, ""edge_sum"": 11, ""signature_freq"": [2, 2, 2, 1, 1, 1, 1, 1, 2], ""count_pattern"": [5, 4]}","{""mode_count_min"": true, ""color8_count_min"": true, ""sum_colors_min"": true, ""center_min"": true, ""edge_sum_min"": true}","[{""r"": 0, ""c"": 0, ""distinct"": 2, ""mode_count"": 6, ""least_count"": 3, ""color8_count"": 6, ""sum_colors"": 51, ""max_color"": 8, ""min_color"": 1, ""center"": 8, ""corner_sum"": 18, ""edge_sum"": 25, ""signature_freq"": [1, 2, 1, 1, 1, 1, 2, 1, 2], ""count_pattern"": [6, 3]}, {""r"": 0, ""c"": 4, ""distinct"": 1, ""mode_count"": 9, ""least_count"": 9, ""color8_count"": 9, ""sum_colors"": 72, ""max_color"": 8, ""min_color"": 8, ""center"": 8, ""corner_sum"": 32, ""edge_sum"": 32, ""signature_freq"": [1, 1, 1, 1, 1, 1, 1, 1, 1], ""count_pattern"": [9]}, {""r"": 5, ""c"": 0, ""distinct"": 2, ""mode_count"": 5, ""least_count"": 4, ""color8_count"": 4, ""sum_colors"": 37, ""max_color"": 8, ""min_color"": 1, ""center"": 1, ""corner_sum"": 25, ""edge_sum"": 11, ""signature_freq"": [2, 2, 2, 1, 1, 1, 1, 1, 2], ""count_pattern"": [5, 4]}, {""r"": 6, ""c"": 6, ""distinct"": 2, ""mode_count"": 5, ""least_count"": 4, ""color8_count"": 5, ""sum_colors"": 44, ""max_color"": 8, ""min_color"": 1, ""center"": 1, ""corner_sum"": 25, ""edge_sum"": 18, ""signature_freq"": [1, 2, 2, 1, 2, 1, 1, 2, 1], ""count_pattern"": [5, 4]}]"
242,"0,1",4,"{""r"": 0, ""c"": 1, ""distinct"": 2, ""mode_count"": 8, ""least_count"": 1, ""color8_count"": 1, ""sum_colors"": 16, ""max_color"": 8, ""min_color"": 1, ""center"": 8, ""corner_sum"": 4, ""edge_sum"": 4, ""signature_freq"": [1, 1, 1, 1, 2, 1, 1, 1, 1], ""count_pattern"": [8, 1]}","{""distinct_min"": true, ""distinct_max"": true, ""mode_count_max"": true, ""least_count_min"": true, ""color8_count_min"": true, ""sum_colors_min"": true, ""max_color_min"": true, ""max_color_max"": true, ""min_color_min"": true, ""min_color_max"": true, ""center_max"": true, ""corner_sum_min"": true, ""edge_sum_min"": true, ""row_major_first"": true}","[{""r"": 0, ""c"": 1, ""distinct"": 2, ""mode_count"": 8, ""least_count"": 1, ""color8_count"": 1, ""sum_colors"": 16, ""max_color"": 8, ""min_color"": 1, ""center"": 8, ""corner_sum"": 4, ""edge_sum"": 4, ""signature_freq"": [1, 1, 1, 1, 2, 1, 1, 1, 1], ""count_pattern"": [8, 1]}, {""r"": 1, ""c"": 6, ""distinct"": 2, ""mode_count"": 6, ""least_count"": 3, ""color8_count"": 6, ""sum_colors"": 51, ""max_color"": 8, ""min_color"": 1, ""center"": 1, ""corner_sum"": 32, ""edge_sum"": 18, ""signature_freq"": [1, 2, 1, 1, 2, 1, 1, 2, 1], ""count_pattern"": [6, 3]}, {""r"": 5, ""c"": 5, ""distinct"": 2, ""mode_count"": 5, ""least_count"": 4, ""color8_count"": 5, ""sum_colors"": 44, ""max_color"": 8, ""min_color"": 1, ""center"": 1, ""corner_sum"": 18, ""edge_sum"": 25, ""signature_freq"": [1, 1, 2, 1, 2, 1, 2, 2, 1], ""count_pattern"": [5, 4]}, {""r"": 6, ""c"": 0, ""distinct"": 2, ""mode_count"": 7, ""least_count"": 2, ""color8_count"": 2, ""sum_colors"": 23, ""max_color"": 8, ""min_color"": 1, ""center"": 1, ""corner_sum"": 4, ""edge_sum"": 18, ""signature_freq"": [1, 2, 1, 1, 1, 2, 1, 1, 1], ""count_pattern"": [7, 2]}]"
243,"2,5",4,"{""r"": 2, ""c"": 5, ""distinct"": 2, ""mode_count"": 8, ""least_count"": 1, ""color8_count"": 1, ""sum_colors"": 16, ""max_color"": 8, ""min_color"": 1, ""center"": 1, ""corner_sum"": 11, ""edge_sum"": 4, ""signature_freq"": [1, 1, 1, 1, 1, 1, 1, 1, 2], ""count_pattern"": [8, 1]}","{""distinct_max"": true, ""least_count_min"": true, ""color8_count_min"": true, ""sum_colors_min"": true, ""min_color_min"": true, ""center_min"": true, ""corner_sum_min"": true, ""edge_sum_min"": true}","[{""r"": 2, ""c"": 1, ""distinct"": 1, ""mode_count"": 9, ""least_count"": 9, ""color8_count"": 9, ""sum_colors"": 72, ""max_color"": 8, ""min_color"": 8, ""center"": 8, ""corner_sum"": 32, ""edge_sum"": 32, ""signature_freq"": [1, 1, 1, 1, 1, 1, 1, 1, 1], ""count_pattern"": [9]}, {""r"": 2, ""c"": 5, ""distinct"": 2, ""mode_count"": 8, ""least_count"": 1, ""color8_count"": 1, ""sum_colors"": 16, ""max_color"": 8, ""min_color"": 1, ""center"": 1, ""corner_sum"": 11, ""edge_sum"": 4, ""signature_freq"": [1, 1, 1, 1, 1, 1, 1, 1, 2], ""count_pattern"": [8, 1]}, {""r"": 6, ""c"": 0, ""distinct"": 2, ""mode_count"": 7, ""least_count"": 2, ""color8_count"": 7, ""sum_colors"": 58, ""max_color"": 8, ""min_color"": 1, ""center"": 8, ""corner_sum"": 18, ""edge_sum"": 32, ""signature_freq"": [2, 1, 1, 1, 1, 1, 1, 1, 2], ""count_pattern"": [7, 2]}, {""r"": 6, ""c"": 6, ""distinct"": 2, ""mode_count"": 7, ""least_count"": 2, ""color8_count"": 2, ""sum_colors"": 23, ""max_color"": 8, ""min_color"": 1, ""center"": 1, ""corner_sum"": 11, ""edge_sum"": 11, ""signature_freq"": [1, 2, 1, 1, 1, 1, 2, 1, 1], ""count_pattern"": [7, 2]}]"
244,"1,5",4,"{""r"": 1, ""c"": 5, ""distinct"": 2, ""mode_count"": 8, ""least_count"": 1, ""color8_count"": 1, ""sum_colors"": 16, ""max_color"": 8, ""min_color"": 1, ""center"": 1, ""corner_sum"": 4, ""edge_sum"": 11, ""signature_freq"": [1, 1, 1, 2, 1, 1, 1, 1, 1], ""count_pattern"": [8, 1]}","{""least_count_min"": true, ""color8_count_min"": true, ""sum_colors_min"": true, ""center_min"": true, ""corner_sum_min"": true}","[{""r"": 0, ""c"": 0, ""distinct"": 2, ""mode_count"": 7, ""least_count"": 2, ""color8_count"": 7, ""sum_colors"": 58, ""max_color"": 8, ""min_color"": 1, ""center"": 8, ""corner_sum"": 25, ""edge_sum"": 25, ""signature_freq"": [1, 1, 1, 2, 1, 1, 2, 1, 1], ""count_pattern"": [7, 2]}, {""r"": 1, ""c"": 5, ""distinct"": 2, ""mode_count"": 8, ""least_count"": 1, ""color8_count"": 1, ""sum_colors"": 16, ""max_color"": 8, ""min_color"": 1, ""center"": 1, ""corner_sum"": 4, ""edge_sum"": 11, ""signature_freq"": [1, 1, 1, 2, 1, 1, 1, 1, 1], ""count_pattern"": [8, 1]}, {""r"": 5, ""c"": 0, ""distinct"": 1, ""mode_count"": 9, ""least_count"": 9, ""color8_count"": 9, ""sum_colors"": 72, ""max_color"": 8, ""min_color"": 8, ""center"": 8, ""corner_sum"": 32, ""edge_sum"": 32, ""signature_freq"": [1, 1, 1, 1, 1, 1, 1, 1, 1], ""count_pattern"": [9]}, {""r"": 5, ""c"": 6, ""distinct"": 2, ""mode_count"": 7, ""least_count"": 2, ""color8_count"": 2, ""sum_colors"": 23, ""max_color"": 8, ""min_color"": 1, ""center"": 1, ""corner_sum"": 18, ""edge_sum"": 4, ""signature_freq"": [1, 1, 2, 1, 1, 1, 2, 1, 1], ""count_pattern"": [7, 2]}]"
245,"4,6",4,"{""r"": 4, ""c"": 6, ""distinct"": 2, ""mode_count"": 7, ""least_count"": 2, ""color8_count"": 2, ""sum_colors"": 23, ""max_color"": 8, ""min_color"": 1, ""center"": 1, ""corner_sum"": 18, ""edge_sum"": 4, ""signature_freq"": [1, 1, 2, 1, 1, 1, 1, 1, 2], ""count_pattern"": [7, 2]}","{""least_count_min"": true, ""color8_count_min"": true, ""sum_colors_min"": true, ""edge_sum_min"": true, ""col_major_last"": true}","[{""r"": 0, ""c"": 0, ""distinct"": 1, ""mode_count"": 9, ""least_count"": 9, ""color8_count"": 9, ""sum_colors"": 72, ""max_color"": 8, ""min_color"": 8, ""center"": 8, ""corner_sum"": 32, ""edge_sum"": 32, ""signature_freq"": [1, 1, 1, 1, 1, 1, 1, 1, 1], ""count_pattern"": [9]}, {""r"": 0, ""c"": 4, ""distinct"": 2, ""mode_count"": 6, ""least_count"": 3, ""color8_count"": 3, ""sum_colors"": 30, ""max_color"": 8, ""min_color"": 1, ""center"": 1, ""corner_sum"": 11, ""edge_sum"": 18, ""signature_freq"": [1, 2, 2, 1, 1, 1, 1, 2, 1], ""count_pattern"": [6, 3]}, {""r"": 4, ""c"": 6, ""distinct"": 2, ""mode_count"": 7, ""least_count"": 2, ""color8_count"": 2, ""sum_colors"": 23, ""max_color"": 8, ""min_color"": 1, ""center"": 1, ""corner_sum"": 18, ""edge_sum"": 4, ""signature_freq"": [1, 1, 2, 1, 1, 1, 1, 1, 2], ""count_pattern"": [7, 2]}, {""r"": 5, ""c"": 1, ""distinct"": 2, ""mode_count"": 7, ""least_count"": 2, ""color8_count"": 7, ""sum_colors"": 58, ""max_color"": 8, ""min_color"": 1, ""center"": 1, ""corner_sum"": 25, ""edge_sum"": 32, ""signature_freq"": [1, 1, 1, 1, 2, 1, 1, 1, 2], ""count_pattern"": [7, 2]}]"
246,"1,6",4,"{""r"": 1, ""c"": 6, ""distinct"": 2, ""mode_count"": 7, ""least_count"": 2, ""color8_count"": 2, ""sum_colors"": 23, ""max_color"": 8, ""min_color"": 1, ""center"": 1, ""corner_sum"": 4, ""edge_sum"": 18, ""signature_freq"": [1, 2, 1, 1, 1, 2, 1, 1, 1], ""count_pattern"": [7, 2]}","{""color8_count_min"": true, ""sum_colors_min"": true, ""corner_sum_min"": true, ""edge_sum_min"": true}","[{""r"": 1, ""c"": 0, ""distinct"": 2, ""mode_count"": 5, ""least_count"": 4, ""color8_count"": 5, ""sum_colors"": 44, ""max_color"": 8, ""min_color"": 1, ""center"": 1, ""corner_sum"": 18, ""edge_sum"": 25, ""signature_freq"": [2, 2, 1, 1, 2, 1, 2, 1, 1], ""count_pattern"": [5, 4]}, {""r"": 1, ""c"": 6, ""distinct"": 2, ""mode_count"": 7, ""least_count"": 2, ""color8_count"": 2, ""sum_colors"": 23, ""max_color"": 8, ""min_color"": 1, ""center"": 1, ""corner_sum"": 4, ""edge_sum"": 18, ""signature_freq"": [1, 2, 1, 1, 1, 2, 1, 1, 1], ""count_pattern"": [7, 2]}, {""r"": 5, ""c"": 6, ""distinct"": 1, ""mode_count"": 9, ""least_count"": 9, ""color8_count"": 9, ""sum_colors"": 72, ""max_color"": 8, ""min_color"": 8, ""center"": 8, ""corner_sum"": 32, ""edge_sum"": 32, ""signature_freq"": [1, 1, 1, 1, 1, 1, 1, 1, 1], ""count_pattern"": [9]}, {""r"": 6, ""c"": 0, ""distinct"": 2, ""mode_count"": 8, ""least_count"": 1, ""color8_count"": 8, ""sum_colors"": 65, ""max_color"": 8, ""min_color"": 1, ""center"": 8, ""corner_sum"": 32, ""edge_sum"": 25, ""signature_freq"": [1, 2, 1, 1, 1, 1, 1, 1, 1], ""count_pattern"": [8, 1]}]"
247,"1,2",4,"{""r"": 1, ""c"": 2, ""distinct"": 2, ""mode_count"": 8, ""least_count"": 1, ""color8_count"": 1, ""sum_colors"": 16, ""max_color"": 8, ""min_color"": 1, ""center"": 1, ""corner_sum"": 4, ""edge_sum"": 11, ""signature_freq"": [1, 1, 1, 1, 1, 2, 1, 1, 1], ""count_pattern"": [8, 1]}","{""distinct_min"": true, ""distinct_max"": true, ""mode_count_max"": true, ""least_count_min"": true, ""color8_count_min"": true, ""sum_colors_min"": true, ""max_color_min"": true, ""max_color_max"": true, ""min_color_min"": true, ""min_color_max"": true, ""center_min"": true, ""corner_sum_min"": true, ""edge_sum_min"": true, ""row_major_first"": true}","[{""r"": 1, ""c"": 2, ""distinct"": 2, ""mode_count"": 8, ""least_count"": 1, ""color8_count"": 1, ""sum_colors"": 16, ""max_color"": 8, ""min_color"": 1, ""center"": 1, ""corner_sum"": 4, ""edge_sum"": 11, ""signature_freq"": [1, 1, 1, 1, 1, 2, 1, 1, 1], ""count_pattern"": [8, 1]}, {""r"": 1, ""c"": 6, ""distinct"": 2, ""mode_count"": 5, ""least_count"": 4, ""color8_count"": 4, ""sum_colors"": 37, ""max_color"": 8, ""min_color"": 1, ""center"": 8, ""corner_sum"": 11, ""edge_sum"": 18, ""signature_freq"": [2, 1, 1, 2, 2, 2, 1, 1, 1], ""count_pattern"": [5, 4]}, {""r"": 5, ""c"": 0, ""distinct"": 2, ""mode_count"": 7, ""least_count"": 2, ""color8_count"": 7, ""sum_colors"": 58, ""max_color"": 8, ""min_color"": 1, ""center"": 8, ""corner_sum"": 25, ""edge_sum"": 25, ""signature_freq"": [2, 2, 1, 1, 1, 1, 1, 1, 1], ""count_pattern"": [7, 2]}, {""r"": 6, ""c"": 5, ""distinct"": 2, ""mode_count"": 6, ""least_count"": 3, ""color8_count"": 6, ""sum_colors"": 51, ""max_color"": 8, ""min_color"": 1, ""center"": 1, ""corner_sum"": 25, ""edge_sum"": 25, ""signature_freq"": [1, 2, 2, 1, 2, 1, 1, 1, 1], ""count_pattern"": [6, 3]}]"
248,"1,0",4,"{""r"": 1, ""c"": 0, ""distinct"": 2, ""mode_count"": 7, ""least_count"": 2, ""color8_count"": 2, ""sum_colors"": 23, ""max_color"": 8, ""min_color"": 1, ""center"": 1, ""corner_sum"": 18, ""edge_sum"": 4, ""signature_freq"": [2, 1, 2, 1, 1, 1, 1, 1, 1], ""count_pattern"": [7, 2]}","{""mode_count_max"": true, ""least_count_min"": true, ""color8_count_min"": true, ""sum_colors_min"": true, ""corner_sum_min"": true, ""edge_sum_min"": true, ""col_major_first"": true}","[{""r"": 0, ""c"": 4, ""distinct"": 2, ""mode_count"": 5, ""least_count"": 4, ""color8_count"": 5, ""sum_colors"": 44, ""max_color"": 8, ""min_color"": 1, ""center"": 1, ""corner_sum"": 25, ""edge_sum"": 18, ""signature_freq"": [1, 1, 1, 2, 2, 2, 2, 1, 1], ""count_pattern"": [5, 4]}, {""r"": 1, ""c"": 0, ""distinct"": 2, ""mode_count"": 7, ""least_count"": 2, ""color8_count"": 2, ""sum_colors"": 23, ""max_color"": 8, ""min_color"": 1, ""center"": 1, ""corner_sum"": 18, ""edge_sum"": 4, ""signature_freq"": [2, 1, 2, 1, 1, 1, 1, 1, 1], ""count_pattern"": [7, 2]}, {""r"": 4, ""c"": 6, ""distinct"": 2, ""mode_count"": 5, ""least_count"": 4, ""color8_count"": 4, ""sum_colors"": 37, ""max_color"": 8, ""min_color"": 1, ""center"": 1, ""corner_sum"": 18, ""edge_sum"": 18, ""signature_freq"": [2, 2, 1, 1, 1, 1, 2, 2, 1], ""count_pattern"": [5, 4]}, {""r"": 6, ""c"": 0, ""distinct"": 2, ""mode_count"": 7, ""least_count"": 2, ""color8_count"": 7, ""sum_colors"": 58, ""max_color"": 8, ""min_color"": 1, ""center"": 1, ""corner_sum"": 25, ""edge_sum"": 32, ""signature_freq"": [1, 1, 1, 1, 2, 1, 2, 1, 1], ""count_pattern"": [7, 2]}]"
249,"0,1",4,"{""r"": 0, ""c"": 1, ""distinct"": 2, ""mode_count"": 8, ""least_count"": 1, ""color8_count"": 1, ""sum_colors"": 16, ""max_color"": 8, ""min_color"": 1, ""center"": 1, ""corner_sum"": 4, ""edge_sum"": 11, ""signature_freq"": [1, 1, 1, 1, 1, 1, 1, 2, 1], ""count_pattern"": [8, 1]}","{""distinct_max"": true, ""least_count_min"": true, ""color8_count_min"": true, ""sum_colors_min"": true, ""max_color_min"": true, ""max_color_max"": true, ""min_color_min"": true, ""center_min"": true, ""corner_sum_min"": true, ""edge_sum_min"": true, ""row_major_first"": true, ""col_major_first"": true}","[{""r"": 0, ""c"": 1, ""distinct"": 2, ""mode_count"": 8, ""least_count"": 1, ""color8_count"": 1, ""sum_colors"": 16, ""max_color"": 8, ""min_color"": 1, ""center"": 1, ""corner_sum"": 4, ""edge_sum"": 11, ""signature_freq"": [1, 1, 1, 1, 1, 1, 1, 2, 1], ""count_pattern"": [8, 1]}, {""r"": 2, ""c"": 6, ""distinct"": 2, ""mode_count"": 5, ""least_count"": 4, ""color8_count"": 5, ""sum_colors"": 44, ""max_color"": 8, ""min_color"": 1, ""center"": 8, ""corner_sum"": 18, ""edge_sum"": 18, ""signature_freq"": [1, 2, 2, 1, 1, 2, 2, 1, 1], ""count_pattern"": [5, 4]}, {""r"": 5, ""c"": 2, ""distinct"": 1, ""mode_count"": 9, ""least_count"": 9, ""color8_count"": 9, ""sum_colors"": 72, ""max_color"": 8, ""min_color"": 8, ""center"": 8, ""corner_sum"": 32, ""edge_sum"": 32, ""signature_freq"": [1, 1, 1, 1, 1, 1, 1, 1, 1], ""count_pattern"": [9]}, {""r"": 6, ""c"": 6, ""distinct"": 2, ""mode_count"": 7, ""least_count"": 2, ""color8_count"": 2, ""sum_colors"": 23, ""max_color"": 8, ""min_color"": 1, ""center"": 8, ""corner_sum"": 4, ""edge_sum"": 11, ""signature_freq"": [1, 1, 1, 1, 2, 1, 1, 2, 1], ""count_pattern"": [7, 2]}]"
250,"6,2",4,"{""r"": 6, ""c"": 2, ""distinct"": 2, ""mode_count"": 8, ""least_count"": 1, ""color8_count"": 1, ""sum_colors"": 16, ""max_color"": 8, ""min_color"": 1, ""center"": 1, ""corner_sum"": 4, ""edge_sum"": 11, ""signature_freq"": [1, 1, 1, 1, 1, 2, 1, 1, 1], ""count_pattern"": [8, 1]}","{""color8_count_min"": true, ""sum_colors_min"": true, ""center_min"": true, ""edge_sum_min"": true, ""row_major_last"": true}","[{""r"": 0, ""c"": 0, ""distinct"": 2, ""mode_count"": 8, ""least_count"": 1, ""color8_count"": 8, ""sum_colors"": 65, ""max_color"": 8, ""min_color"": 1, ""center"": 8, ""corner_sum"": 25, ""edge_sum"": 32, ""signature_freq"": [1, 1, 1, 1, 1, 1, 2, 1, 1], ""count_pattern"": [8, 1]}, {""r"": 0, ""c"": 4, ""distinct"": 2, ""mode_count"": 5, ""least_count"": 4, ""color8_count"": 4, ""sum_colors"": 37, ""max_color"": 8, ""min_color"": 1, ""center"": 8, ""corner_sum"": 4, ""edge_sum"": 25, ""signature_freq"": [1, 2, 1, 2, 2, 2, 1, 1, 1], ""count_pattern"": [5, 4]}, {""r"": 4, ""c"": 6, ""distinct"": 2, ""mode_count"": 5, ""least_count"": 4, ""color8_count"": 5, ""sum_colors"": 44, ""max_color"": 8, ""min_color"": 1, ""center"": 8, ""corner_sum"": 11, ""edge_sum"": 25, ""signature_freq"": [1, 1, 2, 2, 1, 1, 2, 1, 2], ""count_pattern"": [5, 4]}, {""r"": 6, ""c"": 2, ""distinct"": 2, ""mode_count"": 8, ""least_count"": 1, ""color8_count"": 1, ""sum_colors"": 16, ""max_color"": 8, ""min_color"": 1, ""center"": 1, ""corner_sum"": 4, ""edge_sum"": 11, ""signature_freq"": [1, 1, 1, 1, 1, 2, 1, 1, 1], ""count_pattern"": [8, 1]}]"
251,"0,2",4,"{""r"": 0, ""c"": 2, ""distinct"": 2, ""mode_count"": 6, ""least_count"": 3, ""color8_count"": 3, ""sum_colors"": 30, ""max_color"": 8, ""min_color"": 1, ""center"": 1, ""corner_sum"": 18, ""edge_sum"": 11, ""signature_freq"": [1, 1, 2, 1, 1, 2, 2, 1, 1], ""count_pattern"": [6, 3]}","{""distinct_max"": true, ""color8_count_min"": true, ""sum_colors_min"": true, ""max_color_min"": true, ""max_color_max"": true, ""min_color_min"": true, ""center_min"": true, ""corner_sum_min"": true, ""edge_sum_min"": true, ""row_major_first"": true}","[{""r"": 0, ""c"": 2, ""distinct"": 2, ""mode_count"": 6, ""least_count"": 3, ""color8_count"": 3, ""sum_colors"": 30, ""max_color"": 8, ""min_color"": 1, ""center"": 1, ""corner_sum"": 18, ""edge_sum"": 11, ""signature_freq"": [1, 1, 2, 1, 1, 2, 2, 1, 1], ""count_pattern"": [6, 3]}, {""r"": 0, ""c"": 6, ""distinct"": 1, ""mode_count"": 9, ""least_count"": 9, ""color8_count"": 9, ""sum_colors"": 72, ""max_color"": 8, ""min_color"": 8, ""center"": 8, ""corner_sum"": 32, ""edge_sum"": 32, ""signature_freq"": [1, 1, 1, 1, 1, 1, 1, 1, 1], ""count_pattern"": [9]}, {""r"": 5, ""c"": 1, ""distinct"": 2, ""mode_count"": 5, ""least_count"": 4, ""color8_count"": 4, ""sum_colors"": 37, ""max_color"": 8, ""min_color"": 1, ""center"": 1, ""corner_sum"": 18, ""edge_sum"": 18, ""signature_freq"": [1, 1, 2, 2, 1, 2, 2, 1, 1], ""count_pattern"": [5, 4]}, {""r"": 5, ""c"": 5, ""distinct"": 2, ""mode_count"": 7, ""least_count"": 2, ""color8_count"": 7, ""sum_colors"": 58, ""max_color"": 8, ""min_color"": 1, ""center"": 1, ""corner_sum"": 25, ""edge_sum"": 32, ""signature_freq"": [1, 1, 1, 1, 2, 1, 2, 1, 1], ""count_pattern"": [7, 2]}]"
252,"0,2",4,"{""r"": 0, ""c"": 2, ""distinct"": 2, ""mode_count"": 7, ""least_count"": 2, ""color8_count"": 2, ""sum_colors"": 23, ""max_color"": 8, ""min_color"": 1, ""center"": 1, ""corner_sum"": 11, ""edge_sum"": 11, ""signature_freq"": [1, 1, 1, 1, 1, 2, 2, 1, 1], ""count_pattern"": [7, 2]}","{""distinct_min"": true, ""distinct_max"": true, ""mode_count_max"": true, ""least_count_min"": true, ""color8_count_min"": true, ""sum_colors_min"": true, ""max_color_min"": true, ""max_color_max"": true, ""min_color_min"": true, ""min_color_max"": true, ""center_min"": true, ""corner_sum_min"": true, ""edge_sum_min"": true, ""row_major_first"": true, ""col_major_first"": true}","[{""r"": 0, ""c"": 2, ""distinct"": 2, ""mode_count"": 7, ""least_count"": 2, ""color8_count"": 2, ""sum_colors"": 23, ""max_color"": 8, ""min_color"": 1, ""center"": 1, ""corner_sum"": 11, ""edge_sum"": 11, ""signature_freq"": [1, 1, 1, 1, 1, 2, 2, 1, 1], ""count_pattern"": [7, 2]}, {""r"": 0, ""c"": 6, ""distinct"": 2, ""mode_count"": 6, ""least_count"": 3, ""color8_count"": 3, ""sum_colors"": 30, ""max_color"": 8, ""min_color"": 1, ""center"": 1, ""corner_sum"": 18, ""edge_sum"": 11, ""signature_freq"": [1, 1, 2, 2, 1, 1, 1, 1, 2], ""count_pattern"": [6, 3]}, {""r"": 5, ""c"": 2, ""distinct"": 2, ""mode_count"": 5, ""least_count"": 4, ""color8_count"": 5, ""sum_colors"": 44, ""max_color"": 8, ""min_color"": 1, ""center"": 8, ""corner_sum"": 18, ""edge_sum"": 18, ""signature_freq"": [2, 1, 1, 2, 1, 1, 2, 2, 1], ""count_pattern"": [5, 4]}, {""r"": 5, ""c"": 6, ""distinct"": 2, ""mode_count"": 7, ""least_count"": 2, ""color8_count"": 7, ""sum_colors"": 58, ""max_color"": 8, ""min_color"": 1, ""center"": 8, ""corner_sum"": 25, ""edge_sum"": 25, ""signature_freq"": [2, 2, 1, 1, 1, 1, 1, 1, 1], ""count_pattern"": [7, 2]}]"
253,"1,1",4,"{""r"": 1, ""c"": 1, ""distinct"": 2, ""mode_count"": 8, ""least_count"": 1, ""color8_count"": 1, ""sum_colors"": 16, ""max_color"": 8, ""min_color"": 1, ""center"": 1, ""corner_sum"": 4, ""edge_sum"": 11, ""signature_freq"": [1, 1, 1, 2, 1, 1, 1, 1, 1], ""count_pattern"": [8, 1]}","{""distinct_min"": true, ""distinct_max"": true, ""mode_count_max"": true, ""least_count_min"": true, ""color8_count_min"": true, ""sum_colors_min"": true, ""max_color_min"": true, ""max_color_max"": true, ""min_color_min"": true, ""min_color_max"": true, ""center_min"": true, ""corner_sum_min"": true, ""edge_sum_min"": true, ""row_major_first"": true, ""col_major_first"": true}","[{""r"": 1, ""c"": 1, ""distinct"": 2, ""mode_count"": 8, ""least_count"": 1, ""color8_count"": 1, ""sum_colors"": 16, ""max_color"": 8, ""min_color"": 1, ""center"": 1, ""corner_sum"": 4, ""edge_sum"": 11, ""signature_freq"": [1, 1, 1, 2, 1, 1, 1, 1, 1], ""count_pattern"": [8, 1]}, {""r"": 1, ""c"": 5, ""distinct"": 2, ""mode_count"": 8, ""least_count"": 1, ""color8_count"": 8, ""sum_colors"": 65, ""max_color"": 8, ""min_color"": 1, ""center"": 8, ""corner_sum"": 25, ""edge_sum"": 32, ""signature_freq"": [1, 1, 2, 1, 1, 1, 1, 1, 1], ""count_pattern"": [8, 1]}, {""r"": 5, ""c"": 2, ""distinct"": 2, ""mode_count"": 6, ""least_count"": 3, ""color8_count"": 6, ""sum_colors"": 51, ""max_color"": 8, ""min_color"": 1, ""center"": 8, ""corner_sum"": 18, ""edge_sum"": 25, ""signature_freq"": [2, 2, 2, 1, 1, 1, 1, 1, 1], ""count_pattern"": [6, 3]}, {""r"": 6, ""c"": 6, ""distinct"": 2, ""mode_count"": 7, ""least_count"": 2, ""color8_count"": 2, ""sum_colors"": 23, ""max_color"": 8, ""min_color"": 1, ""center"": 1, ""corner_sum"": 11, ""edge_sum"": 11, ""signature_freq"": [1, 1, 2, 2, 1, 1, 1, 1, 1], ""count_pattern"": [7, 2]}]"
254,"4,0",4,"{""r"": 4, ""c"": 0, ""distinct"": 2, ""mode_count"": 8, ""least_count"": 1, ""color8_count"": 1, ""sum_colors"": 16, ""max_color"": 8, ""min_color"": 1, ""center"": 1, ""corner_sum"": 4, ""edge_sum"": 11, ""signature_freq"": [1, 1, 1, 1, 1, 1, 1, 2, 1], ""count_pattern"": [8, 1]}","{""least_count_min"": true, ""color8_count_min"": true, ""sum_colors_min"": true, ""center_min"": true, ""corner_sum_min"": true, ""edge_sum_min"": true}","[{""r"": 0, ""c"": 0, ""distinct"": 1, ""mode_count"": 9, ""least_count"": 9, ""color8_count"": 9, ""sum_colors"": 72, ""max_color"": 8, ""min_color"": 8, ""center"": 8, ""corner_sum"": 32, ""edge_sum"": 32, ""signature_freq"": [1, 1, 1, 1, 1, 1, 1, 1, 1], ""count_pattern"": [9]}, {""r"": 1, ""c"": 4, ""distinct"": 2, ""mode_count"": 6, ""least_count"": 3, ""color8_count"": 6, ""sum_colors"": 51, ""max_color"": 8, ""min_color"": 1, ""center"": 8, ""corner_sum"": 18, ""edge_sum"": 25, ""signature_freq"": [1, 2, 1, 1, 1, 1, 2, 1, 2], ""count_pattern"": [6, 3]}, {""r"": 4, ""c"": 0, ""distinct"": 2, ""mode_count"": 8, ""least_count"": 1, ""color8_count"": 1, ""sum_colors"": 16, ""max_color"": 8, ""min_color"": 1, ""center"": 1, ""corner_sum"": 4, ""edge_sum"": 11, ""signature_freq"": [1, 1, 1, 1, 1, 1, 1, 2, 1], ""count_pattern"": [8, 1]}, {""r"": 6, ""c"": 4, ""distinct"": 2, ""mode_count"": 5, ""least_count"": 4, ""color8_count"": 4, ""sum_colors"": 37, ""max_color"": 8, ""min_color"": 1, ""center"": 1, ""corner_sum"": 25, ""edge_sum"": 11, ""signature_freq"": [2, 1, 1, 1, 1, 1, 2, 2, 2], ""count_pattern"": [5, 4]}]"
255,"6,0",4,"{""r"": 6, ""c"": 0, ""distinct"": 2, ""mode_count"": 7, ""least_count"": 2, ""color8_count"": 2, ""sum_colors"": 23, ""max_color"": 8, ""min_color"": 1, ""center"": 1, ""corner_sum"": 11, ""edge_sum"": 11, ""signature_freq"": [1, 1, 1, 2, 1, 1, 2, 1, 1], ""count_pattern"": [7, 2]}","{""color8_count_min"": true, ""sum_colors_min"": true, ""corner_sum_min"": true, ""edge_sum_min"": true}","[{""r"": 1, ""c"": 0, ""distinct"": 2, ""mode_count"": 5, ""least_count"": 4, ""color8_count"": 4, ""sum_colors"": 37, ""max_color"": 8, ""min_color"": 1, ""center"": 1, ""corner_sum"": 18, ""edge_sum"": 18, ""signature_freq"": [1, 2, 1, 1, 1, 1, 2, 2, 2], ""count_pattern"": [5, 4]}, {""r"": 1, ""c"": 6, ""distinct"": 2, ""mode_count"": 8, ""least_count"": 1, ""color8_count"": 8, ""sum_colors"": 65, ""max_color"": 8, ""min_color"": 1, ""center"": 1, ""corner_sum"": 32, ""edge_sum"": 32, ""signature_freq"": [1, 1, 1, 1, 2, 1, 1, 1, 1], ""count_pattern"": [8, 1]}, {""r"": 6, ""c"": 0, ""distinct"": 2, ""mode_count"": 7, ""least_count"": 2, ""color8_count"": 2, ""sum_colors"": 23, ""max_color"": 8, ""min_color"": 1, ""center"": 1, ""corner_sum"": 11, ""edge_sum"": 11, ""signature_freq"": [1, 1, 1, 2, 1, 1, 2, 1, 1], ""count_pattern"": [7, 2]}, {""r"": 6, ""c"": 4, ""distinct"": 2, ""mode_count"": 6, ""least_count"": 3, ""color8_count"": 6, ""sum_colors"": 51, ""max_color"": 8, ""min_color"": 1, ""center"": 8, ""corner_sum"": 18, ""edge_sum"": 25, ""signature_freq"": [1, 1, 2, 1, 1, 2, 2, 1, 1], ""count_pattern"": [6, 3]}]"
256,"4,2",4,"{""r"": 4, ""c"": 2, ""distinct"": 2, ""mode_count"": 6, ""least_count"": 3, ""color8_count"": 3, ""sum_colors"": 30, ""max_color"": 8, ""min_color"": 1, ""center"": 1, ""corner_sum"": 18, ""edge_sum"": 11, ""signature_freq"": [1, 1, 1, 1, 1, 2, 2, 1, 2], ""count_pattern"": [6, 3]}","{""mode_count_min"": true, ""least_count_max"": true, ""color8_count_min"": true, ""sum_colors_min"": true, ""corner_sum_min"": true, ""edge_sum_min"": true}","[{""r"": 0, ""c"": 1, ""distinct"": 2, ""mode_count"": 8, ""least_count"": 1, ""color8_count"": 8, ""sum_colors"": 65, ""max_color"": 8, ""min_color"": 1, ""center"": 1, ""corner_sum"": 32, ""edge_sum"": 32, ""signature_freq"": [1, 1, 1, 1, 2, 1, 1, 1, 1], ""count_pattern"": [8, 1]}, {""r"": 0, ""c"": 6, ""distinct"": 2, ""mode_count"": 7, ""least_count"": 2, ""color8_count"": 7, ""sum_colors"": 58, ""max_color"": 8, ""min_color"": 1, ""center"": 8, ""corner_sum"": 25, ""edge_sum"": 25, ""signature_freq"": [1, 2, 1, 1, 1, 1, 2, 1, 1], ""count_pattern"": [7, 2]}, {""r"": 4, ""c"": 2, ""distinct"": 2, ""mode_count"": 6, ""least_count"": 3, ""color8_count"": 3, ""sum_colors"": 30, ""max_color"": 8, ""min_color"": 1, ""center"": 1, ""corner_sum"": 18, ""edge_sum"": 11, ""signature_freq"": [1, 1, 1, 1, 1, 2, 2, 1, 2], ""count_pattern"": [6, 3]}, {""r"": 6, ""c"": 6, ""distinct"": 2, ""mode_count"": 6, ""least_count"": 3, ""color8_count"": 6, ""sum_colors"": 51, ""max_color"": 8, ""min_color"": 1, ""center"": 1, ""corner_sum"": 25, ""edge_sum"": 25, ""signature_freq"": [1, 1, 1, 2, 2, 1, 1, 1, 2], ""count_pattern"": [6, 3]}]"
257,"0,5",4,"{""r"": 0, ""c"": 5, ""distinct"": 2, ""mode_count"": 5, ""least_count"": 4, ""color8_count"": 4, ""sum_colors"": 37, ""max_color"": 8, ""min_color"": 1, ""center"": 1, ""corner_sum"": 18, ""edge_sum"": 18, ""signature_freq"": [1, 1, 1, 2, 1, 1, 2, 2, 2], ""count_pattern"": [5, 4]}","{""mode_count_min"": true, ""color8_count_min"": true, ""sum_colors_min"": true, ""center_min"": true, ""edge_sum_min"": true}","[{""r"": 0, ""c"": 0, ""distinct"": 2, ""mode_count"": 6, ""least_count"": 3, ""color8_count"": 6, ""sum_colors"": 51, ""max_color"": 8, ""min_color"": 1, ""center"": 8, ""corner_sum"": 11, ""edge_sum"": 32, ""signature_freq"": [2, 1, 2, 1, 1, 1, 1, 1, 2], ""count_pattern"": [6, 3]}, {""r"": 0, ""c"": 5, ""distinct"": 2, ""mode_count"": 5, ""least_count"": 4, ""color8_count"": 4, ""sum_colors"": 37, ""max_color"": 8, ""min_color"": 1, ""center"": 1, ""corner_sum"": 18, ""edge_sum"": 18, ""signature_freq"": [1, 1, 1, 2, 1, 1, 2, 2, 2], ""count_pattern"": [5, 4]}, {""r"": 4, ""c"": 1, ""distinct"": 2, ""mode_count"": 8, ""least_count"": 1, ""color8_count"": 8, ""sum_colors"": 65, ""max_color"": 8, ""min_color"": 1, ""center"": 8, ""corner_sum"": 32, ""edge_sum"": 25, ""signature_freq"": [1, 2, 1, 1, 1, 1, 1, 1, 1], ""count_pattern"": [8, 1]}, {""r"": 5, ""c"": 6, ""distinct"": 1, ""mode_count"": 9, ""least_count"": 9, ""color8_count"": 9, ""sum_colors"": 72, ""max_color"": 8, ""min_color"": 8, ""center"": 8, ""corner_sum"": 32, ""edge_sum"": 32, ""signature_freq"": [1, 1, 1, 1, 1, 1, 1, 1, 1], ""count_pattern"": [9]}]"
258,"6,2",4,"{""r"": 6, ""c"": 2, ""distinct"": 2, ""mode_count"": 7, ""least_count"": 2, ""color8_count"": 2, ""sum_colors"": 23, ""max_color"": 8, ""min_color"": 1, ""center"": 1, ""corner_sum"": 4, ""edge_sum"": 18, ""signature_freq"": [1, 1, 1, 2, 1, 2, 1, 1, 1], ""count_pattern"": [7, 2]}","{""color8_count_min"": true, ""sum_colors_min"": true, ""corner_sum_min"": true, ""edge_sum_min"": true, ""row_major_last"": true}","[{""r"": 0, ""c"": 0, ""distinct"": 2, ""mode_count"": 7, ""least_count"": 2, ""color8_count"": 7, ""sum_colors"": 58, ""max_color"": 8, ""min_color"": 1, ""center"": 1, ""corner_sum"": 25, ""edge_sum"": 32, ""signature_freq"": [1, 1, 2, 1, 2, 1, 1, 1, 1], ""count_pattern"": [7, 2]}, {""r"": 0, ""c"": 4, ""distinct"": 2, ""mode_count"": 8, ""least_count"": 1, ""color8_count"": 8, ""sum_colors"": 65, ""max_color"": 8, ""min_color"": 1, ""center"": 8, ""corner_sum"": 32, ""edge_sum"": 25, ""signature_freq"": [1, 1, 1, 2, 1, 1, 1, 1, 1], ""count_pattern"": [8, 1]}, {""r"": 5, ""c"": 6, ""distinct"": 1, ""mode_count"": 9, ""least_count"": 9, ""color8_count"": 9, ""sum_colors"": 72, ""max_color"": 8, ""min_color"": 8, ""center"": 8, ""corner_sum"": 32, ""edge_sum"": 32, ""signature_freq"": [1, 1, 1, 1, 1, 1, 1, 1, 1], ""count_pattern"": [9]}, {""r"": 6, ""c"": 2, ""distinct"": 2, ""mode_count"": 7, ""least_count"": 2, ""color8_count"": 2, ""sum_colors"": 23, ""max_color"": 8, ""min_color"": 1, ""center"": 1, ""corner_sum"": 4, ""edge_sum"": 18, ""signature_freq"": [1, 1, 1, 2, 1, 2, 1, 1, 1], ""count_pattern"": [7, 2]}]"
259,"0,5",4,"{""r"": 0, ""c"": 5, ""distinct"": 2, ""mode_count"": 7, ""least_count"": 2, ""color8_count"": 2, ""sum_colors"": 23, ""max_color"": 8, ""min_color"": 1, ""center"": 1, ""corner_sum"": 11, ""edge_sum"": 11, ""signature_freq"": [1, 1, 2, 1, 1, 2, 1, 1, 1], ""count_pattern"": [7, 2]}","{""mode_count_max"": true, ""least_count_min"": true, ""color8_count_min"": true, ""sum_colors_min"": true, ""corner_sum_min"": true}","[{""r"": 0, ""c"": 1, ""distinct"": 2, ""mode_count"": 6, ""least_count"": 3, ""color8_count"": 3, ""sum_colors"": 30, ""max_color"": 8, ""min_color"": 1, ""center"": 1, ""corner_sum"": 18, ""edge_sum"": 11, ""signature_freq"": [2, 2, 1, 1, 1, 1, 2, 1, 1], ""count_pattern"": [6, 3]}, {""r"": 0, ""c"": 5, ""distinct"": 2, ""mode_count"": 7, ""least_count"": 2, ""color8_count"": 2, ""sum_colors"": 23, ""max_color"": 8, ""min_color"": 1, ""center"": 1, ""corner_sum"": 11, ""edge_sum"": 11, ""signature_freq"": [1, 1, 2, 1, 1, 2, 1, 1, 1], ""count_pattern"": [7, 2]}, {""r"": 4, ""c"": 0, ""distinct"": 2, ""mode_count"": 5, ""least_count"": 4, ""color8_count"": 4, ""sum_colors"": 37, ""max_color"": 8, ""min_color"": 1, ""center"": 1, ""corner_sum"": 18, ""edge_sum"": 18, ""signature_freq"": [2, 1, 2, 1, 1, 2, 1, 2, 1], ""count_pattern"": [5, 4]}, {""r"": 4, ""c"": 5, ""distinct"": 2, ""mode_count"": 6, ""least_count"": 3, ""color8_count"": 6, ""sum_colors"": 51, ""max_color"": 8, ""min_color"": 1, ""center"": 8, ""corner_sum"": 18, ""edge_sum"": 25, ""signature_freq"": [1, 1, 2, 2, 1, 1, 2, 1, 1], ""count_pattern"": [6, 3]}]"
260,"0,0",4,"{""r"": 0, ""c"": 0, ""distinct"": 2, ""mode_count"": 5, ""least_count"": 4, ""color8_count"": 4, ""sum_colors"": 37, ""max_color"": 8, ""min_color"": 1, ""center"": 8, ""corner_sum"": 25, ""edge_sum"": 4, ""signature_freq"": [2, 1, 1, 1, 2, 1, 2, 1, 2], ""count_pattern"": [5, 4]}","{""distinct_max"": true, ""mode_count_min"": true, ""color8_count_min"": true, ""sum_colors_min"": true, ""max_color_min"": true, ""max_color_max"": true, ""min_color_min"": true, ""center_max"": true, ""edge_sum_min"": true, ""row_major_first"": true, ""col_major_first"": true}","[{""r"": 0, ""c"": 0, ""distinct"": 2, ""mode_count"": 5, ""least_count"": 4, ""color8_count"": 4, ""sum_colors"": 37, ""max_color"": 8, ""min_color"": 1, ""center"": 8, ""corner_sum"": 25, ""edge_sum"": 4, ""signature_freq"": [2, 1, 1, 1, 2, 1, 2, 1, 2], ""count_pattern"": [5, 4]}, {""r"": 0, ""c"": 4, ""distinct"": 1, ""mode_count"": 9, ""least_count"": 9, ""color8_count"": 9, ""sum_colors"": 72, ""max_color"": 8, ""min_color"": 8, ""center"": 8, ""corner_sum"": 32, ""edge_sum"": 32, ""signature_freq"": [1, 1, 1, 1, 1, 1, 1, 1, 1], ""count_pattern"": [9]}, {""r"": 4, ""c"": 5, ""distinct"": 2, ""mode_count"": 5, ""least_count"": 4, ""color8_count"": 5, ""sum_colors"": 44, ""max_color"": 8, ""min_color"": 1, ""center"": 1, ""corner_sum"": 18, ""edge_sum"": 25, ""signature_freq"": [1, 1, 2, 1, 2, 1, 2, 2, 1], ""count_pattern"": [5, 4]}, {""r"": 6, ""c"": 1, ""distinct"": 2, ""mode_count"": 6, ""least_count"": 3, ""color8_count"": 6, ""sum_colors"": 51, ""max_color"": 8, ""min_color"": 1, ""center"": 1, ""corner_sum"": 32, ""edge_sum"": 18, ""signature_freq"": [1, 2, 1, 1, 2, 1, 1, 2, 1], ""count_pattern"": [6, 3]}]"
261,"6,0",4,"{""r"": 6, ""c"": 0, ""distinct"": 2, ""mode_count"": 6, ""least_count"": 3, ""color8_count"": 3, ""sum_colors"": 30, ""max_color"": 8, ""min_color"": 1, ""center"": 8, ""corner_sum"": 18, ""edge_sum"": 4, ""signature_freq"": [2, 1, 1, 1, 2, 1, 1, 1, 2], ""count_pattern"": [6, 3]}","{""color8_count_min"": true, ""sum_colors_min"": true, ""edge_sum_min"": true, ""row_major_last"": true}","[{""r"": 1, ""c"": 6, ""distinct"": 2, ""mode_count"": 5, ""least_count"": 4, ""color8_count"": 4, ""sum_colors"": 37, ""max_color"": 8, ""min_color"": 1, ""center"": 8, ""corner_sum"": 11, ""edge_sum"": 18, ""signature_freq"": [2, 1, 1, 1, 2, 2, 1, 2, 1], ""count_pattern"": [5, 4]}, {""r"": 2, ""c"": 0, ""distinct"": 2, ""mode_count"": 5, ""least_count"": 4, ""color8_count"": 5, ""sum_colors"": 44, ""max_color"": 8, ""min_color"": 1, ""center"": 8, ""corner_sum"": 11, ""edge_sum"": 25, ""signature_freq"": [2, 2, 1, 1, 1, 1, 2, 1, 2], ""count_pattern"": [5, 4]}, {""r"": 5, ""c"": 6, ""distinct"": 2, ""mode_count"": 8, ""least_count"": 1, ""color8_count"": 8, ""sum_colors"": 65, ""max_color"": 8, ""min_color"": 1, ""center"": 8, ""corner_sum"": 32, ""edge_sum"": 25, ""signature_freq"": [1, 1, 1, 1, 1, 1, 1, 2, 1], ""count_pattern"": [8, 1]}, {""r"": 6, ""c"": 0, ""distinct"": 2, ""mode_count"": 6, ""least_count"": 3, ""color8_count"": 3, ""sum_colors"": 30, ""max_color"": 8, ""min_color"": 1, ""center"": 8, ""corner_sum"": 18, ""edge_sum"": 4, ""signature_freq"": [2, 1, 1, 1, 2, 1, 1, 1, 2], ""count_pattern"": [6, 3]}]"
262,"5,1",4,"{""r"": 5, ""c"": 1, ""distinct"": 2, ""mode_count"": 5, ""least_count"": 4, ""color8_count"": 5, ""sum_colors"": 44, ""max_color"": 8, ""min_color"": 1, ""center"": 1, ""corner_sum"": 18, ""edge_sum"": 25, ""signature_freq"": [2, 1, 2, 1, 2, 2, 1, 1, 1], ""count_pattern"": [5, 4]}","{""mode_count_min"": true, ""color8_count_min"": true, ""sum_colors_min"": true, ""center_min"": true, ""corner_sum_min"": true}","[{""r"": 0, ""c"": 0, ""distinct"": 2, ""mode_count"": 6, ""least_count"": 3, ""color8_count"": 6, ""sum_colors"": 51, ""max_color"": 8, ""min_color"": 1, ""center"": 8, ""corner_sum"": 25, ""edge_sum"": 18, ""signature_freq"": [2, 2, 1, 2, 1, 1, 1, 1, 1], ""count_pattern"": [6, 3]}, {""r"": 0, ""c"": 4, ""distinct"": 2, ""mode_count"": 7, ""least_count"": 2, ""color8_count"": 7, ""sum_colors"": 58, ""max_color"": 8, ""min_color"": 1, ""center"": 8, ""corner_sum"": 32, ""edge_sum"": 18, ""signature_freq"": [1, 2, 1, 1, 1, 1, 1, 2, 1], ""count_pattern"": [7, 2]}, {""r"": 5, ""c"": 1, ""distinct"": 2, ""mode_count"": 5, ""least_count"": 4, ""color8_count"": 5, ""sum_colors"": 44, ""max_color"": 8, ""min_color"": 1, ""center"": 1, ""corner_sum"": 18, ""edge_sum"": 25, ""signature_freq"": [2, 1, 2, 1, 2, 2, 1, 1, 1], ""count_pattern"": [5, 4]}, {""r"": 5, ""c"": 6, ""distinct"": 1, ""mode_count"": 9, ""least_count"": 9, ""color8_count"": 9, ""sum_colors"": 72, ""max_color"": 8, ""min_color"": 8, ""center"": 8, ""corner_sum"": 32, ""edge_sum"": 32, ""signature_freq"": [1, 1, 1, 1, 1, 1, 1, 1, 1], ""count_pattern"": [9]}]"
263,"5,5",4,"{""r"": 5, ""c"": 5, ""distinct"": 2, ""mode_count"": 7, ""least_count"": 2, ""color8_count"": 2, ""sum_colors"": 23, ""max_color"": 8, ""min_color"": 1, ""center"": 1, ""corner_sum"": 4, ""edge_sum"": 18, ""signature_freq"": [1, 1, 1, 1, 1, 2, 1, 2, 1], ""count_pattern"": [7, 2]}","{""color8_count_min"": true, ""sum_colors_min"": true, ""center_min"": true, ""corner_sum_min"": true, ""row_major_last"": true, ""col_major_last"": true}","[{""r"": 0, ""c"": 4, ""distinct"": 2, ""mode_count"": 7, ""least_count"": 2, ""color8_count"": 7, ""sum_colors"": 58, ""max_color"": 8, ""min_color"": 1, ""center"": 8, ""corner_sum"": 32, ""edge_sum"": 18, ""signature_freq"": [1, 1, 1, 2, 1, 2, 1, 1, 1], ""count_pattern"": [7, 2]}, {""r"": 1, ""c"": 0, ""distinct"": 2, ""mode_count"": 8, ""least_count"": 1, ""color8_count"": 8, ""sum_colors"": 65, ""max_color"": 8, ""min_color"": 1, ""center"": 8, ""corner_sum"": 32, ""edge_sum"": 25, ""signature_freq"": [1, 2, 1, 1, 1, 1, 1, 1, 1], ""count_pattern"": [8, 1]}, {""r"": 5, ""c"": 0, ""distinct"": 2, ""mode_count"": 6, ""least_count"": 3, ""color8_count"": 3, ""sum_colors"": 30, ""max_color"": 8, ""min_color"": 1, ""center"": 8, ""corner_sum"": 11, ""edge_sum"": 11, ""signature_freq"": [1, 1, 2, 1, 2, 2, 1, 1, 1], ""count_pattern"": [6, 3]}, {""r"": 5, ""c"": 5, ""distinct"": 2, ""mode_count"": 7, ""least_count"": 2, ""color8_count"": 2, ""sum_colors"": 23, ""max_color"": 8, ""min_color"": 1, ""center"": 1, ""corner_sum"": 4, ""edge_sum"": 18, ""signature_freq"": [1, 1, 1, 1, 1, 2, 1, 2, 1], ""count_pattern"": [7, 2]}]"
264,"5,0",4,"{""r"": 5, ""c"": 0, ""distinct"": 2, ""mode_count"": 8, ""least_count"": 1, ""color8_count"": 1, ""sum_colors"": 16, ""max_color"": 8, ""min_color"": 1, ""center"": 1, ""corner_sum"": 4, ""edge_sum"": 11, ""signature_freq"": [1, 1, 1, 1, 1, 1, 1, 2, 1], ""count_pattern"": [8, 1]}","{""mode_count_max"": true, ""least_count_min"": true, ""color8_count_min"": true, ""sum_colors_min"": true, ""corner_sum_min"": true, ""col_major_first"": true}","[{""r"": 0, ""c"": 6, ""distinct"": 2, ""mode_count"": 6, ""least_count"": 3, ""color8_count"": 3, ""sum_colors"": 30, ""max_color"": 8, ""min_color"": 1, ""center"": 1, ""corner_sum"": 18, ""edge_sum"": 11, ""signature_freq"": [2, 2, 2, 1, 1, 1, 1, 1, 1], ""count_pattern"": [6, 3]}, {""r"": 1, ""c"": 1, ""distinct"": 2, ""mode_count"": 6, ""least_count"": 3, ""color8_count"": 6, ""sum_colors"": 51, ""max_color"": 8, ""min_color"": 1, ""center"": 8, ""corner_sum"": 25, ""edge_sum"": 18, ""signature_freq"": [2, 1, 1, 2, 1, 1, 1, 2, 1], ""count_pattern"": [6, 3]}, {""r"": 5, ""c"": 0, ""distinct"": 2, ""mode_count"": 8, ""least_count"": 1, ""color8_count"": 1, ""sum_colors"": 16, ""max_color"": 8, ""min_color"": 1, ""center"": 1, ""corner_sum"": 4, ""edge_sum"": 11, ""signature_freq"": [1, 1, 1, 1, 1, 1, 1, 2, 1], ""count_pattern"": [8, 1]}, {""r"": 6, ""c"": 5, ""distinct"": 2, ""mode_count"": 5, ""least_count"": 4, ""color8_count"": 4, ""sum_colors"": 37, ""max_color"": 8, ""min_color"": 1, ""center"": 1, ""corner_sum"": 18, ""edge_sum"": 18, ""signature_freq"": [1, 1, 2, 2, 1, 2, 2, 1, 1], ""count_pattern"": [5, 4]}]"
265,"0,1",4,"{""r"": 0, ""c"": 1, ""distinct"": 2, ""mode_count"": 8, ""least_count"": 1, ""color8_count"": 1, ""sum_colors"": 16, ""max_color"": 8, ""min_color"": 1, ""center"": 1, ""corner_sum"": 11, ""edge_sum"": 4, ""signature_freq"": [1, 1, 1, 1, 1, 1, 1, 1, 2], ""count_pattern"": [8, 1]}","{""distinct_min"": true, ""distinct_max"": true, ""mode_count_max"": true, ""least_count_min"": true, ""color8_count_min"": true, ""sum_colors_min"": true, ""max_color_min"": true, ""max_color_max"": true, ""min_color_min"": true, ""min_color_max"": true, ""center_min"": true, ""corner_sum_min"": true, ""edge_sum_min"": true, ""row_major_first"": true}","[{""r"": 0, ""c"": 1, ""distinct"": 2, ""mode_count"": 8, ""least_count"": 1, ""color8_count"": 1, ""sum_colors"": 16, ""max_color"": 8, ""min_color"": 1, ""center"": 1, ""corner_sum"": 11, ""edge_sum"": 4, ""signature_freq"": [1, 1, 1, 1, 1, 1, 1, 1, 2], ""count_pattern"": [8, 1]}, {""r"": 0, ""c"": 6, ""distinct"": 2, ""mode_count"": 8, ""least_count"": 1, ""color8_count"": 8, ""sum_colors"": 65, ""max_color"": 8, ""min_color"": 1, ""center"": 1, ""corner_sum"": 32, ""edge_sum"": 32, ""signature_freq"": [1, 1, 1, 1, 2, 1, 1, 1, 1], ""count_pattern"": [8, 1]}, {""r"": 4, ""c"": 0, ""distinct"": 2, ""mode_count"": 5, ""least_count"": 4, ""color8_count"": 4, ""sum_colors"": 37, ""max_color"": 8, ""min_color"": 1, ""center"": 8, ""corner_sum"": 11, ""edge_sum"": 18, ""signature_freq"": [2, 2, 1, 1, 2, 1, 1, 2, 1], ""count_pattern"": [5, 4]}, {""r"": 6, ""c"": 4, ""distinct"": 2, ""mode_count"": 5, ""least_count"": 4, ""color8_count"": 5, ""sum_colors"": 44, ""max_color"": 8, ""min_color"": 1, ""center"": 8, ""corner_sum"": 18, ""edge_sum"": 18, ""signature_freq"": [1, 1, 2, 1, 1, 2, 1, 2, 2], ""count_pattern"": [5, 4]}]"
266,"6,0",4,"{""r"": 6, ""c"": 0, ""distinct"": 2, ""mode_count"": 8, ""least_count"": 1, ""color8_count"": 1, ""sum_colors"": 16, ""max_color"": 8, ""min_color"": 1, ""center"": 1, ""corner_sum"": 11, ""edge_sum"": 4, ""signature_freq"": [1, 1, 1, 1, 1, 1, 1, 1, 2], ""count_pattern"": [8, 1]}","{""mode_count_max"": true, ""least_count_min"": true, ""color8_count_min"": true, ""sum_colors_min"": true, ""edge_sum_min"": true, ""row_major_last"": true, ""col_major_first"": true}","[{""r"": 0, ""c"": 1, ""distinct"": 2, ""mode_count"": 6, ""least_count"": 3, ""color8_count"": 3, ""sum_colors"": 30, ""max_color"": 8, ""min_color"": 1, ""center"": 8, ""corner_sum"": 11, ""edge_sum"": 11, ""signature_freq"": [1, 2, 2, 1, 2, 1, 1, 1, 1], ""count_pattern"": [6, 3]}, {""r"": 0, ""c"": 5, ""distinct"": 2, ""mode_count"": 7, ""least_count"": 2, ""color8_count"": 2, ""sum_colors"": 23, ""max_color"": 8, ""min_color"": 1, ""center"": 1, ""corner_sum"": 4, ""edge_sum"": 18, ""signature_freq"": [1, 1, 1, 2, 1, 1, 1, 2, 1], ""count_pattern"": [7, 2]}, {""r"": 5, ""c"": 6, ""distinct"": 2, ""mode_count"": 7, ""least_count"": 2, ""color8_count"": 7, ""sum_colors"": 58, ""max_color"": 8, ""min_color"": 1, ""center"": 8, ""corner_sum"": 25, ""edge_sum"": 25, ""signature_freq"": [1, 1, 1, 1, 1, 2, 2, 1, 1], ""count_pattern"": [7, 2]}, {""r"": 6, ""c"": 0, ""distinct"": 2, ""mode_count"": 8, ""least_count"": 1, ""color8_count"": 1, ""sum_colors"": 16, ""max_color"": 8, ""min_color"": 1, ""center"": 1, ""corner_sum"": 11, ""edge_sum"": 4, ""signature_freq"": [1, 1, 1, 1, 1, 1, 1, 1, 2], ""count_pattern"": [8, 1]}]"
