queue_rank,task_id,target_phase,synthesis_family,route_prediction,current_source,current_template,current_cost,current_points,target_cost,projected_gain_to_target,priority_score,required_system,first_action,preferred_lowerings,reject_lowerings,proof_requirements,worker_acceptance,leakage_risk,private_risk
1,286,phase1_6500_bridge,signature_lookup_current,sparse_edit_or_object_completion,exp012_signature_scatter_lookup,signature_scatter_lookup,110902,13.383597792559053,9000,2.51142235112259,39.08062571866685,lookup compression and rule extraction,mine train/test signatures for invariant features; fit a shallow decision tree or affine hash over colors/shapes/anchors; attempt DSL replacement before another lookup variant,small Gather over learned color roles; constant Slice/Gather for extracted crop cases; initializer-pruned decision tree,large per-example ScatterND coordinate table; full arc-gen memorization; dynamic hash table with large MatMul,all train/test examples pass; arc-gen sample pass; rule description does not mention hidden labels; cost is lower than current selected ONNX,"task286: validation pass, cost < 110902, target cost <= 9000, static/banned-op gate pass",high,high until replaced by rule
2,187,phase1_6500_bridge,point_to_line_pattern,same_shape_global_transform,massimilianoghiotto_6254,baseline,105313,13.435307852707972,9000,2.4597122909736715,38.16181505702875,seed-to-pattern grammar,"identify seed colors and directions; enumerate rays, periodic diagonal shifts, boxes, and reflected motifs; bind colors through roles rather than absolute labels when possible",constant affine coordinate masks; small Conv kernels for line detection; Gather/Where over precomputed row-column masks,per-cell ScatterND table; full-grid iterative ray propagation; Where chain over all periods,direction/period inferred from train examples; sample validation pass; private-like rule note names the invariant; cost is lower than current selected ONNX,"task187: validation pass, cost < 105313, target cost <= 9000, static/banned-op gate pass",medium,medium
3,198,phase1_6500_bridge,line_grid_fill,same_shape_global_transform,massimilianoghiotto_6254,baseline,103821,13.449576458609688,9000,2.4454436850719556,38.00486039210987,"line, ray, and grid grammar",detect complete/incomplete rows and columns; enumerate line extension and crossing rules; fit stop conditions from blockers and colors,ReduceSum row/column masks; small Conv kernels; constant masks plus Where,per-cell ScatterND table; full-grid Tile; long Where chain,line stop condition is explicit; sample validation pass; static shape check pass; cost is lower than current selected ONNX,"task198: validation pass, cost < 103821, target cost <= 9000, static/banned-op gate pass",medium,medium
4,203,phase1_6500_bridge,region_partition_fill,sparse_edit_or_object_completion,massimilianoghiotto_6254,baseline,88402,13.610350127195805,9000,2.2846700164858387,36.23635003766258,region and room-fill synthesizer,detect boundary colors and line-grid rooms; prefer closed-form room masks over flood-fill unroll; try row/column prefix reductions before dilation,static row/column ReduceSum masks; small Conv kernels; single-pass room mask Where,radius-scale flood-fill unroll; many-step dilation; dynamic full-grid color map,boundary/interior semantics fit train examples; sample validation pass; unroll count is justified by cost gate; cost is lower than current selected ONNX,"task203: validation pass, cost < 88402, target cost <= 9000, static/banned-op gate pass",medium,medium-high
5,398,phase1_6500_bridge,crop_resize,crop_or_resize,massimilianoghiotto_6254,baseline,84295,13.657922169750098,9000,2.2370979739315455,35.71305756956536,object-anchor crop/resize synthesizer,"enumerate fixed crop, object-centered crop, mask-color crop; fit output shape rule from train examples; prefer constant Slice before dynamic bbox",Slice with constant starts/ends; Gather over static row/column indices; small Pad/Concat only when shape is fixed,NonZero or Compress bbox extraction; full-grid Tile plus mask; large ScatterND for every output cell,shape rule fits every train pair; sample validation pass; no dynamic shape tensors; cost target is met before full validation,"task398: validation pass, cost < 84295, target cost <= 9000, static/banned-op gate pass",medium,medium
6,313,phase1_6500_bridge,region_partition_fill,sparse_edit_or_object_completion,massimilianoghiotto_6254,baseline,83572,13.666536185257858,9000,2.2284839584237854,35.61830339898,region and room-fill synthesizer,detect boundary colors and line-grid rooms; prefer closed-form room masks over flood-fill unroll; try row/column prefix reductions before dilation,static row/column ReduceSum masks; small Conv kernels; single-pass room mask Where,radius-scale flood-fill unroll; many-step dilation; dynamic full-grid color map,boundary/interior semantics fit train examples; sample validation pass; unroll count is justified by cost gate; cost is lower than current selected ONNX,"task313: validation pass, cost < 83572, target cost <= 9000, static/banned-op gate pass",medium,medium-high
7,255,phase1_6500_bridge,same_shape_global_transform,same_shape_global_transform,kojimar_5800_minimal_blend,baseline,74403,13.782748457411104,9000,2.112271686270539,34.339968405294286,global transform and artifact surgery,test flip/rotate/transpose/color-map sketches; inspect current artifact for unused initializers; prefer graph surgery when artifact is already compact,Transpose; Gather; initializer prune; 1x1 Conv,rewriting compact artifact with larger full-grid graph,transform proof fits train examples; sample validation pass; cost is lower than current selected ONNX,"task255: validation pass, cost < 74403, target cost <= 9000, static/banned-op gate pass",low,medium
8,29,phase1_6500_bridge,signature_lookup_current,crop_or_resize,exp023_graph_surgery_exp016_surgery_prune_unused_initializers,surgery_prune_unused_initializers,71139,13.82760901138578,9000,2.067411132295863,34.19650231157285,lookup compression and rule extraction,mine train/test signatures for invariant features; fit a shallow decision tree or affine hash over colors/shapes/anchors; attempt DSL replacement before another lookup variant,small Gather over learned color roles; constant Slice/Gather for extracted crop cases; initializer-pruned decision tree,large per-example ScatterND coordinate table; full arc-gen memorization; dynamic hash table with large MatMul,all train/test examples pass; arc-gen sample pass; rule description does not mention hidden labels; cost is lower than current selected ONNX,"task029: validation pass, cost < 71139, target cost <= 9000, static/banned-op gate pass",high,high until replaced by rule
9,107,phase1_6500_bridge,crop_resize,crop_or_resize,massimilianoghiotto_6254,baseline,73131,13.799992367549814,9000,2.095027776131829,34.15028539376848,object-anchor crop/resize synthesizer,"enumerate fixed crop, object-centered crop, mask-color crop; fit output shape rule from train examples; prefer constant Slice before dynamic bbox",Slice with constant starts/ends; Gather over static row/column indices; small Pad/Concat only when shape is fixed,NonZero or Compress bbox extraction; full-grid Tile plus mask; large ScatterND for every output cell,shape rule fits every train pair; sample validation pass; no dynamic shape tensors; cost target is met before full validation,"task107: validation pass, cost < 73131, target cost <= 9000, static/banned-op gate pass",medium,medium
10,280,phase1_6500_bridge,signature_lookup_current,sparse_edit_or_object_completion,exp023_graph_surgery_exp016_surgery_prune_unused_initializers,surgery_prune_unused_initializers,70515,13.836419267873659,9000,2.0586008758079846,34.099589490206185,lookup compression and rule extraction,mine train/test signatures for invariant features; fit a shallow decision tree or affine hash over colors/shapes/anchors; attempt DSL replacement before another lookup variant,small Gather over learned color roles; constant Slice/Gather for extracted crop cases; initializer-pruned decision tree,large per-example ScatterND coordinate table; full arc-gen memorization; dynamic hash table with large MatMul,all train/test examples pass; arc-gen sample pass; rule description does not mention hidden labels; cost is lower than current selected ONNX,"task280: validation pass, cost < 70515, target cost <= 9000, static/banned-op gate pass",high,high until replaced by rule
11,137,phase1_6500_bridge,point_to_line_pattern,same_shape_global_transform,massimilianoghiotto_6254,baseline,72472,13.809044440650876,9000,2.0859757030307673,34.0507125896568,seed-to-pattern grammar,"identify seed colors and directions; enumerate rays, periodic diagonal shifts, boxes, and reflected motifs; bind colors through roles rather than absolute labels when possible",constant affine coordinate masks; small Conv kernels for line detection; Gather/Where over precomputed row-column masks,per-cell ScatterND table; full-grid iterative ray propagation; Where chain over all periods,direction/period inferred from train examples; sample validation pass; private-like rule note names the invariant; cost is lower than current selected ONNX,"task137: validation pass, cost < 72472, target cost <= 9000, static/banned-op gate pass",medium,medium
12,145,phase1_6500_bridge,line_grid_fill,same_shape_global_transform,afr1ste_5689_artifact,baseline,69757,13.847226946929018,9000,2.0477931967526253,33.63070502059723,"line, ray, and grid grammar",detect complete/incomplete rows and columns; enumerate line extension and crossing rules; fit stop conditions from blockers and colors,ReduceSum row/column masks; small Conv kernels; constant masks plus Where,per-cell ScatterND table; full-grid Tile; long Where chain,line stop condition is explicit; sample validation pass; static shape check pass; cost is lower than current selected ONNX,"task145: validation pass, cost < 69757, target cost <= 9000, static/banned-op gate pass",medium,medium
13,328,phase1_6500_bridge,point_to_line_pattern,sparse_edit_or_object_completion,massimilianoghiotto_6254,baseline,68053,13.871957907660665,9000,2.0230622360209782,33.35866445254912,seed-to-pattern grammar,"identify seed colors and directions; enumerate rays, periodic diagonal shifts, boxes, and reflected motifs; bind colors through roles rather than absolute labels when possible",constant affine coordinate masks; small Conv kernels for line detection; Gather/Where over precomputed row-column masks,per-cell ScatterND table; full-grid iterative ray propagation; Where chain over all periods,direction/period inferred from train examples; sample validation pass; private-like rule note names the invariant; cost is lower than current selected ONNX,"task328: validation pass, cost < 68053, target cost <= 9000, static/banned-op gate pass",medium,medium
14,233,phase1_6500_bridge,crop_resize,crop_or_resize,kojimar_5800_minimal_blend,baseline,63540,13.940575092176493,9000,1.9544450515051501,32.60387542287501,object-anchor crop/resize synthesizer,"enumerate fixed crop, object-centered crop, mask-color crop; fit output shape rule from train examples; prefer constant Slice before dynamic bbox",Slice with constant starts/ends; Gather over static row/column indices; small Pad/Concat only when shape is fixed,NonZero or Compress bbox extraction; full-grid Tile plus mask; large ScatterND for every output cell,shape rule fits every train pair; sample validation pass; no dynamic shape tensors; cost target is met before full validation,"task233: validation pass, cost < 63540, target cost <= 9000, static/banned-op gate pass",medium,medium
15,366,phase1_6500_bridge,signature_lookup_current,crop_or_resize,exp023_graph_surgery_exp016_surgery_prune_unused_initializers,surgery_prune_unused_initializers,60515,13.989353452827295,9000,1.905666690854348,32.41731345571618,lookup compression and rule extraction,mine train/test signatures for invariant features; fit a shallow decision tree or affine hash over colors/shapes/anchors; attempt DSL replacement before another lookup variant,small Gather over learned color roles; constant Slice/Gather for extracted crop cases; initializer-pruned decision tree,large per-example ScatterND coordinate table; full arc-gen memorization; dynamic hash table with large MatMul,all train/test examples pass; arc-gen sample pass; rule description does not mention hidden labels; cost is lower than current selected ONNX,"task366: validation pass, cost < 60515, target cost <= 9000, static/banned-op gate pass",high,high until replaced by rule
16,275,phase1_6500_bridge,signature_lookup_current,crop_or_resize,exp023_graph_surgery_exp016_surgery_prune_unused_initializers,surgery_prune_unused_initializers,59811,14.001055130489064,9000,1.8939650131925791,32.28859500143673,lookup compression and rule extraction,mine train/test signatures for invariant features; fit a shallow decision tree or affine hash over colors/shapes/anchors; attempt DSL replacement before another lookup variant,small Gather over learned color roles; constant Slice/Gather for extracted crop cases; initializer-pruned decision tree,large per-example ScatterND coordinate table; full arc-gen memorization; dynamic hash table with large MatMul,all train/test examples pass; arc-gen sample pass; rule description does not mention hidden labels; cost is lower than current selected ONNX,"task275: validation pass, cost < 59811, target cost <= 9000, static/banned-op gate pass",high,high until replaced by rule
17,133,phase1_6500_bridge,signature_lookup_current,sparse_edit_or_object_completion,exp023_graph_surgery_exp016_surgery_prune_unused_initializers,surgery_prune_unused_initializers,59322,14.009264488874813,9000,1.8857556548068306,32.19829205919349,lookup compression and rule extraction,mine train/test signatures for invariant features; fit a shallow decision tree or affine hash over colors/shapes/anchors; attempt DSL replacement before another lookup variant,small Gather over learned color roles; constant Slice/Gather for extracted crop cases; initializer-pruned decision tree,large per-example ScatterND coordinate table; full arc-gen memorization; dynamic hash table with large MatMul,all train/test examples pass; arc-gen sample pass; rule description does not mention hidden labels; cost is lower than current selected ONNX,"task133: validation pass, cost < 59322, target cost <= 9000, static/banned-op gate pass",high,high until replaced by rule
18,209,phase1_6500_bridge,signature_lookup_current,crop_or_resize,exp023_graph_surgery_exp016_surgery_prune_unused_initializers,surgery_prune_unused_initializers,59267,14.010192062325022,9000,1.8848280813566216,32.188088751241196,lookup compression and rule extraction,mine train/test signatures for invariant features; fit a shallow decision tree or affine hash over colors/shapes/anchors; attempt DSL replacement before another lookup variant,small Gather over learned color roles; constant Slice/Gather for extracted crop cases; initializer-pruned decision tree,large per-example ScatterND coordinate table; full arc-gen memorization; dynamic hash table with large MatMul,all train/test examples pass; arc-gen sample pass; rule description does not mention hidden labels; cost is lower than current selected ONNX,"task209: validation pass, cost < 59267, target cost <= 9000, static/banned-op gate pass",high,high until replaced by rule
19,204,phase1_6500_bridge,signature_lookup_current,sparse_edit_or_object_completion,exp023_graph_surgery_exp016_surgery_prune_unused_initializers,surgery_prune_unused_initializers,56171,14.063844111534255,9000,1.831176032147388,31.597916209939626,lookup compression and rule extraction,mine train/test signatures for invariant features; fit a shallow decision tree or affine hash over colors/shapes/anchors; attempt DSL replacement before another lookup variant,small Gather over learned color roles; constant Slice/Gather for extracted crop cases; initializer-pruned decision tree,large per-example ScatterND coordinate table; full arc-gen memorization; dynamic hash table with large MatMul,all train/test examples pass; arc-gen sample pass; rule description does not mention hidden labels; cost is lower than current selected ONNX,"task204: validation pass, cost < 56171, target cost <= 9000, static/banned-op gate pass",high,high until replaced by rule
20,221,phase1_6500_bridge,crop_resize,crop_or_resize,massimilianoghiotto_6254,baseline,55869,14.069235056400384,9000,1.8257850872812593,31.18861581641221,object-anchor crop/resize synthesizer,"enumerate fixed crop, object-centered crop, mask-color crop; fit output shape rule from train examples; prefer constant Slice before dynamic bbox",Slice with constant starts/ends; Gather over static row/column indices; small Pad/Concat only when shape is fixed,NonZero or Compress bbox extraction; full-grid Tile plus mask; large ScatterND for every output cell,shape rule fits every train pair; sample validation pass; no dynamic shape tensors; cost target is met before full validation,"task221: validation pass, cost < 55869, target cost <= 9000, static/banned-op gate pass",medium,medium
21,13,phase1_6500_bridge,signature_lookup_current,sparse_edit_or_object_completion,exp023_graph_surgery_exp016_surgery_prune_unused_initializers,surgery_prune_unused_initializers,54111,14.101207228661691,9000,1.7938129150199522,31.18692192153783,lookup compression and rule extraction,mine train/test signatures for invariant features; fit a shallow decision tree or affine hash over colors/shapes/anchors; attempt DSL replacement before another lookup variant,small Gather over learned color roles; constant Slice/Gather for extracted crop cases; initializer-pruned decision tree,large per-example ScatterND coordinate table; full arc-gen memorization; dynamic hash table with large MatMul,all train/test examples pass; arc-gen sample pass; rule description does not mention hidden labels; cost is lower than current selected ONNX,"task013: validation pass, cost < 54111, target cost <= 9000, static/banned-op gate pass",high,high until replaced by rule
22,222,phase1_6500_bridge,signature_lookup_current,crop_or_resize,exp023_graph_surgery_exp016_surgery_prune_unused_initializers,surgery_prune_unused_initializers,52891,14.124011528952897,9000,1.7710086147287463,30.936074618334565,lookup compression and rule extraction,mine train/test signatures for invariant features; fit a shallow decision tree or affine hash over colors/shapes/anchors; attempt DSL replacement before another lookup variant,small Gather over learned color roles; constant Slice/Gather for extracted crop cases; initializer-pruned decision tree,large per-example ScatterND coordinate table; full arc-gen memorization; dynamic hash table with large MatMul,all train/test examples pass; arc-gen sample pass; rule description does not mention hidden labels; cost is lower than current selected ONNX,"task222: validation pass, cost < 52891, target cost <= 9000, static/banned-op gate pass",high,high until replaced by rule
23,54,phase1_6500_bridge,signature_lookup_current,sparse_edit_or_object_completion,exp023_graph_surgery_exp016_surgery_prune_unused_initializers,surgery_prune_unused_initializers,52411,14.133128228057634,9000,1.761891915624009,30.835790928182455,lookup compression and rule extraction,mine train/test signatures for invariant features; fit a shallow decision tree or affine hash over colors/shapes/anchors; attempt DSL replacement before another lookup variant,small Gather over learned color roles; constant Slice/Gather for extracted crop cases; initializer-pruned decision tree,large per-example ScatterND coordinate table; full arc-gen memorization; dynamic hash table with large MatMul,all train/test examples pass; arc-gen sample pass; rule description does not mention hidden labels; cost is lower than current selected ONNX,"task054: validation pass, cost < 52411, target cost <= 9000, static/banned-op gate pass",high,high until replaced by rule
24,303,phase1_6500_bridge,signature_lookup_current,sparse_edit_or_object_completion,exp023_graph_surgery_exp016_surgery_prune_unused_initializers,surgery_prune_unused_initializers,52347,14.13435009193366,9000,1.760670051747983,30.82235042554617,lookup compression and rule extraction,mine train/test signatures for invariant features; fit a shallow decision tree or affine hash over colors/shapes/anchors; attempt DSL replacement before another lookup variant,small Gather over learned color roles; constant Slice/Gather for extracted crop cases; initializer-pruned decision tree,large per-example ScatterND coordinate table; full arc-gen memorization; dynamic hash table with large MatMul,all train/test examples pass; arc-gen sample pass; rule description does not mention hidden labels; cost is lower than current selected ONNX,"task303: validation pass, cost < 52347, target cost <= 9000, static/banned-op gate pass",high,high until replaced by rule
25,243,phase1_6500_bridge,signature_lookup_current,sparse_edit_or_object_completion,exp023_graph_surgery_exp016_surgery_prune_unused_initializers,surgery_prune_unused_initializers,51195,14.156602849991083,9000,1.73841729369056,30.57757008691452,lookup compression and rule extraction,mine train/test signatures for invariant features; fit a shallow decision tree or affine hash over colors/shapes/anchors; attempt DSL replacement before another lookup variant,small Gather over learned color roles; constant Slice/Gather for extracted crop cases; initializer-pruned decision tree,large per-example ScatterND coordinate table; full arc-gen memorization; dynamic hash table with large MatMul,all train/test examples pass; arc-gen sample pass; rule description does not mention hidden labels; cost is lower than current selected ONNX,"task243: validation pass, cost < 51195, target cost <= 9000, static/banned-op gate pass",high,high until replaced by rule
26,159,phase1_6500_bridge,signature_lookup_current,crop_or_resize,exp023_graph_surgery_exp016_surgery_prune_unused_initializers,surgery_prune_unused_initializers,48739,14.205765190060415,9000,1.6892549536212282,30.03678434615187,lookup compression and rule extraction,mine train/test signatures for invariant features; fit a shallow decision tree or affine hash over colors/shapes/anchors; attempt DSL replacement before another lookup variant,small Gather over learned color roles; constant Slice/Gather for extracted crop cases; initializer-pruned decision tree,large per-example ScatterND coordinate table; full arc-gen memorization; dynamic hash table with large MatMul,all train/test examples pass; arc-gen sample pass; rule description does not mention hidden labels; cost is lower than current selected ONNX,"task159: validation pass, cost < 48739, target cost <= 9000, static/banned-op gate pass",high,high until replaced by rule
27,128,phase1_6500_bridge,signature_lookup_current,sparse_edit_or_object_completion,exp023_graph_surgery_exp016_surgery_prune_unused_initializers,surgery_prune_unused_initializers,48731,14.205929343133523,9000,1.6890908005481204,30.034978662347683,lookup compression and rule extraction,mine train/test signatures for invariant features; fit a shallow decision tree or affine hash over colors/shapes/anchors; attempt DSL replacement before another lookup variant,small Gather over learned color roles; constant Slice/Gather for extracted crop cases; initializer-pruned decision tree,large per-example ScatterND coordinate table; full arc-gen memorization; dynamic hash table with large MatMul,all train/test examples pass; arc-gen sample pass; rule description does not mention hidden labels; cost is lower than current selected ONNX,"task128: validation pass, cost < 48731, target cost <= 9000, static/banned-op gate pass",high,high until replaced by rule
28,349,phase1_6500_bridge,point_to_line_pattern,same_shape_global_transform,massimilianoghiotto_6254,baseline,49480,14.190676173493577,9000,1.7043439701880665,29.852763528387086,seed-to-pattern grammar,"identify seed colors and directions; enumerate rays, periodic diagonal shifts, boxes, and reflected motifs; bind colors through roles rather than absolute labels when possible",constant affine coordinate masks; small Conv kernels for line detection; Gather/Where over precomputed row-column masks,per-cell ScatterND table; full-grid iterative ray propagation; Where chain over all periods,direction/period inferred from train examples; sample validation pass; private-like rule note names the invariant; cost is lower than current selected ONNX,"task349: validation pass, cost < 49480, target cost <= 9000, static/banned-op gate pass",medium,medium
29,138,phase1_6500_bridge,crop_resize,crop_or_resize,massimilianoghiotto_6254,baseline,48467,14.211361567031112,9000,1.6836585766505312,29.6252241994742,object-anchor crop/resize synthesizer,"enumerate fixed crop, object-centered crop, mask-color crop; fit output shape rule from train examples; prefer constant Slice before dynamic bbox",Slice with constant starts/ends; Gather over static row/column indices; small Pad/Concat only when shape is fixed,NonZero or Compress bbox extraction; full-grid Tile plus mask; large ScatterND for every output cell,shape rule fits every train pair; sample validation pass; no dynamic shape tensors; cost target is met before full validation,"task138: validation pass, cost < 48467, target cost <= 9000, static/banned-op gate pass",medium,medium
30,338,phase1_6500_bridge,sparse_edit_or_object_completion,sparse_edit_or_object_completion,massimilianoghiotto_6254,baseline,45016,14.285226738886886,9000,1.6097934047947575,28.81270730906069,sparse edit and object completion enumerator,"derive changed-cell mask and color roles; fit local neighborhood, component, or ray rule; emit sparse coordinate program only if index table is tiny",small Conv kernels; GatherND/ScatterND with few coordinates; Equal plus single Where for small masks,full-grid Where chain; large coordinate initializer; unrolled iterative fill without cost forecast,changed-cell rule explains all train diffs; arc-gen sample pass; coordinate table remains below gate; cost is lower than current selected ONNX,"task338: validation pass, cost < 45016, target cost <= 9000, static/banned-op gate pass",medium,medium
31,91,phase1_6500_bridge,signature_lookup_current,crop_or_resize,exp023_graph_surgery_exp016_surgery_prune_unused_initializers,surgery_prune_unused_initializers,43107,14.328559324102685,9000,1.5664608195789587,28.686048871686904,lookup compression and rule extraction,mine train/test signatures for invariant features; fit a shallow decision tree or affine hash over colors/shapes/anchors; attempt DSL replacement before another lookup variant,small Gather over learned color roles; constant Slice/Gather for extracted crop cases; initializer-pruned decision tree,large per-example ScatterND coordinate table; full arc-gen memorization; dynamic hash table with large MatMul,all train/test examples pass; arc-gen sample pass; rule description does not mention hidden labels; cost is lower than current selected ONNX,"task091: validation pass, cost < 43107, target cost <= 9000, static/banned-op gate pass",high,high until replaced by rule
32,110,phase1_6500_bridge,signature_lookup_current,same_shape_global_transform,exp023_graph_surgery_exp016_surgery_prune_unused_initializers,surgery_prune_unused_initializers,42363,14.345969381262638,9000,1.5490507624190055,28.49453824292742,lookup compression and rule extraction,mine train/test signatures for invariant features; fit a shallow decision tree or affine hash over colors/shapes/anchors; attempt DSL replacement before another lookup variant,small Gather over learned color roles; constant Slice/Gather for extracted crop cases; initializer-pruned decision tree,large per-example ScatterND coordinate table; full arc-gen memorization; dynamic hash table with large MatMul,all train/test examples pass; arc-gen sample pass; rule description does not mention hidden labels; cost is lower than current selected ONNX,"task110: validation pass, cost < 42363, target cost <= 9000, static/banned-op gate pass",high,high until replaced by rule
33,80,phase1_6500_bridge,line_grid_fill,same_shape_global_transform,massimilianoghiotto_6254,baseline,42082,14.352624625200743,9000,1.5423955184809,28.071330559608256,"line, ray, and grid grammar",detect complete/incomplete rows and columns; enumerate line extension and crossing rules; fit stop conditions from blockers and colors,ReduceSum row/column masks; small Conv kernels; constant masks plus Where,per-cell ScatterND table; full-grid Tile; long Where chain,line stop condition is explicit; sample validation pass; static shape check pass; cost is lower than current selected ONNX,"task080: validation pass, cost < 42082, target cost <= 9000, static/banned-op gate pass",medium,medium
34,19,phase1_6500_bridge,signature_lookup_current,crop_or_resize,exp023_graph_surgery_exp016_surgery_prune_unused_initializers,surgery_prune_unused_initializers,40026,14.40271547806243,9000,1.4923046656192138,27.87033117812971,lookup compression and rule extraction,mine train/test signatures for invariant features; fit a shallow decision tree or affine hash over colors/shapes/anchors; attempt DSL replacement before another lookup variant,small Gather over learned color roles; constant Slice/Gather for extracted crop cases; initializer-pruned decision tree,large per-example ScatterND coordinate table; full arc-gen memorization; dynamic hash table with large MatMul,all train/test examples pass; arc-gen sample pass; rule description does not mention hidden labels; cost is lower than current selected ONNX,"task019: validation pass, cost < 40026, target cost <= 9000, static/banned-op gate pass",high,high until replaced by rule
35,109,phase1_6500_bridge,signature_lookup_current,crop_or_resize,exp023_graph_surgery_exp016_surgery_prune_unused_initializers,surgery_prune_unused_initializers,38755,14.434984941284387,9000,1.4600352023972558,27.515367082688172,lookup compression and rule extraction,mine train/test signatures for invariant features; fit a shallow decision tree or affine hash over colors/shapes/anchors; attempt DSL replacement before another lookup variant,small Gather over learned color roles; constant Slice/Gather for extracted crop cases; initializer-pruned decision tree,large per-example ScatterND coordinate table; full arc-gen memorization; dynamic hash table with large MatMul,all train/test examples pass; arc-gen sample pass; rule description does not mention hidden labels; cost is lower than current selected ONNX,"task109: validation pass, cost < 38755, target cost <= 9000, static/banned-op gate pass",high,high until replaced by rule
36,216,phase1_6500_bridge,signature_lookup_current,crop_or_resize,exp023_graph_surgery_exp016_surgery_prune_unused_initializers,surgery_prune_unused_initializers,38307,14.44661207390721,9000,1.448408069774434,27.38746862383713,lookup compression and rule extraction,mine train/test signatures for invariant features; fit a shallow decision tree or affine hash over colors/shapes/anchors; attempt DSL replacement before another lookup variant,small Gather over learned color roles; constant Slice/Gather for extracted crop cases; initializer-pruned decision tree,large per-example ScatterND coordinate table; full arc-gen memorization; dynamic hash table with large MatMul,all train/test examples pass; arc-gen sample pass; rule description does not mention hidden labels; cost is lower than current selected ONNX,"task216: validation pass, cost < 38307, target cost <= 9000, static/banned-op gate pass",high,high until replaced by rule
37,382,phase1_6500_bridge,signature_lookup_current,sparse_edit_or_object_completion,exp023_graph_surgery_exp016_surgery_prune_unused_initializers,surgery_prune_unused_initializers,37115,14.478223520448353,9000,1.4167966232332905,27.039742711884553,lookup compression and rule extraction,mine train/test signatures for invariant features; fit a shallow decision tree or affine hash over colors/shapes/anchors; attempt DSL replacement before another lookup variant,small Gather over learned color roles; constant Slice/Gather for extracted crop cases; initializer-pruned decision tree,large per-example ScatterND coordinate table; full arc-gen memorization; dynamic hash table with large MatMul,all train/test examples pass; arc-gen sample pass; rule description does not mention hidden labels; cost is lower than current selected ONNX,"task382: validation pass, cost < 37115, target cost <= 9000, static/banned-op gate pass",high,high until replaced by rule
38,215,phase1_6500_bridge,line_grid_fill,sparse_edit_or_object_completion,massimilianoghiotto_6254,baseline,38094,14.452187931601495,9000,1.4428322120801482,26.97613418919999,"line, ray, and grid grammar",detect complete/incomplete rows and columns; enumerate line extension and crossing rules; fit stop conditions from blockers and colors,ReduceSum row/column masks; small Conv kernels; constant masks plus Where,per-cell ScatterND table; full-grid Tile; long Where chain,line stop condition is explicit; sample validation pass; static shape check pass; cost is lower than current selected ONNX,"task215: validation pass, cost < 38094, target cost <= 9000, static/banned-op gate pass",medium,medium
39,191,phase1_6500_bridge,signature_lookup_current,sparse_edit_or_object_completion,exp023_graph_surgery_exp016_surgery_prune_unused_initializers,surgery_prune_unused_initializers,36076,14.506616896714402,9000,1.3884032469672416,26.727415572958016,lookup compression and rule extraction,mine train/test signatures for invariant features; fit a shallow decision tree or affine hash over colors/shapes/anchors; attempt DSL replacement before another lookup variant,small Gather over learned color roles; constant Slice/Gather for extracted crop cases; initializer-pruned decision tree,large per-example ScatterND coordinate table; full arc-gen memorization; dynamic hash table with large MatMul,all train/test examples pass; arc-gen sample pass; rule description does not mention hidden labels; cost is lower than current selected ONNX,"task191: validation pass, cost < 36076, target cost <= 9000, static/banned-op gate pass",high,high until replaced by rule
40,161,phase1_6500_bridge,signature_lookup_current,sparse_edit_or_object_completion,exp023_graph_surgery_exp016_surgery_prune_unused_initializers,surgery_prune_unused_initializers,34907,14.539557338855667,9000,1.3554628048259758,26.365070709404094,lookup compression and rule extraction,mine train/test signatures for invariant features; fit a shallow decision tree or affine hash over colors/shapes/anchors; attempt DSL replacement before another lookup variant,small Gather over learned color roles; constant Slice/Gather for extracted crop cases; initializer-pruned decision tree,large per-example ScatterND coordinate table; full arc-gen memorization; dynamic hash table with large MatMul,all train/test examples pass; arc-gen sample pass; rule description does not mention hidden labels; cost is lower than current selected ONNX,"task161: validation pass, cost < 34907, target cost <= 9000, static/banned-op gate pass",high,high until replaced by rule
41,14,phase1_6500_bridge,signature_lookup_current,crop_or_resize,exp023_graph_surgery_exp016_surgery_prune_unused_initializers,surgery_prune_unused_initializers,34851,14.541162889818416,9000,1.353857253863227,26.347409648813855,lookup compression and rule extraction,mine train/test signatures for invariant features; fit a shallow decision tree or affine hash over colors/shapes/anchors; attempt DSL replacement before another lookup variant,small Gather over learned color roles; constant Slice/Gather for extracted crop cases; initializer-pruned decision tree,large per-example ScatterND coordinate table; full arc-gen memorization; dynamic hash table with large MatMul,all train/test examples pass; arc-gen sample pass; rule description does not mention hidden labels; cost is lower than current selected ONNX,"task014: validation pass, cost < 34851, target cost <= 9000, static/banned-op gate pass",high,high until replaced by rule
42,17,phase1_6500_bridge,signature_lookup_current,sparse_edit_or_object_completion,exp023_graph_surgery_exp016_surgery_prune_unused_initializers,surgery_prune_unused_initializers,33755,14.573116166524029,9000,1.3219039771576142,25.995923605052113,lookup compression and rule extraction,mine train/test signatures for invariant features; fit a shallow decision tree or affine hash over colors/shapes/anchors; attempt DSL replacement before another lookup variant,small Gather over learned color roles; constant Slice/Gather for extracted crop cases; initializer-pruned decision tree,large per-example ScatterND coordinate table; full arc-gen memorization; dynamic hash table with large MatMul,all train/test examples pass; arc-gen sample pass; rule description does not mention hidden labels; cost is lower than current selected ONNX,"task017: validation pass, cost < 33755, target cost <= 9000, static/banned-op gate pass",high,high until replaced by rule
43,2,phase1_6500_bridge,signature_lookup_current,sparse_edit_or_object_completion,exp023_graph_surgery_exp016_surgery_prune_unused_initializers,surgery_prune_unused_initializers,33547,14.579297280376213,9000,1.3157228633054299,25.927931352678087,lookup compression and rule extraction,mine train/test signatures for invariant features; fit a shallow decision tree or affine hash over colors/shapes/anchors; attempt DSL replacement before another lookup variant,small Gather over learned color roles; constant Slice/Gather for extracted crop cases; initializer-pruned decision tree,large per-example ScatterND coordinate table; full arc-gen memorization; dynamic hash table with large MatMul,all train/test examples pass; arc-gen sample pass; rule description does not mention hidden labels; cost is lower than current selected ONNX,"task002: validation pass, cost < 33547, target cost <= 9000, static/banned-op gate pass",high,high until replaced by rule
44,306,phase1_6500_bridge,signature_lookup_current,sparse_edit_or_object_completion,exp023_graph_surgery_exp016_surgery_prune_unused_initializers,surgery_prune_unused_initializers,32802,14.601755231876945,9000,1.2932649118046982,25.68089388617004,lookup compression and rule extraction,mine train/test signatures for invariant features; fit a shallow decision tree or affine hash over colors/shapes/anchors; attempt DSL replacement before another lookup variant,small Gather over learned color roles; constant Slice/Gather for extracted crop cases; initializer-pruned decision tree,large per-example ScatterND coordinate table; full arc-gen memorization; dynamic hash table with large MatMul,all train/test examples pass; arc-gen sample pass; rule description does not mention hidden labels; cost is lower than current selected ONNX,"task306: validation pass, cost < 32802, target cost <= 9000, static/banned-op gate pass",high,high until replaced by rule
45,231,phase1_6500_bridge,signature_lookup_current,crop_or_resize,exp023_graph_surgery_exp016_surgery_prune_unused_initializers,surgery_prune_unused_initializers,30755,14.666192138357532,9000,1.228828005324111,24.97208791488358,lookup compression and rule extraction,mine train/test signatures for invariant features; fit a shallow decision tree or affine hash over colors/shapes/anchors; attempt DSL replacement before another lookup variant,small Gather over learned color roles; constant Slice/Gather for extracted crop cases; initializer-pruned decision tree,large per-example ScatterND coordinate table; full arc-gen memorization; dynamic hash table with large MatMul,all train/test examples pass; arc-gen sample pass; rule description does not mention hidden labels; cost is lower than current selected ONNX,"task231: validation pass, cost < 30755, target cost <= 9000, static/banned-op gate pass",high,high until replaced by rule
46,88,phase1_6500_bridge,signature_lookup_current,crop_or_resize,exp023_graph_surgery_exp016_surgery_prune_unused_initializers,surgery_prune_unused_initializers,30659,14.669318463892141,9000,1.225701679789502,24.93769833400288,lookup compression and rule extraction,mine train/test signatures for invariant features; fit a shallow decision tree or affine hash over colors/shapes/anchors; attempt DSL replacement before another lookup variant,small Gather over learned color roles; constant Slice/Gather for extracted crop cases; initializer-pruned decision tree,large per-example ScatterND coordinate table; full arc-gen memorization; dynamic hash table with large MatMul,all train/test examples pass; arc-gen sample pass; rule description does not mention hidden labels; cost is lower than current selected ONNX,"task088: validation pass, cost < 30659, target cost <= 9000, static/banned-op gate pass",high,high until replaced by rule
47,205,phase1_6500_bridge,signature_lookup_current,crop_or_resize,exp023_graph_surgery_exp016_surgery_prune_unused_initializers,surgery_prune_unused_initializers,30083,14.68828449286678,9000,1.2067356508148634,24.729072015281858,lookup compression and rule extraction,mine train/test signatures for invariant features; fit a shallow decision tree or affine hash over colors/shapes/anchors; attempt DSL replacement before another lookup variant,small Gather over learned color roles; constant Slice/Gather for extracted crop cases; initializer-pruned decision tree,large per-example ScatterND coordinate table; full arc-gen memorization; dynamic hash table with large MatMul,all train/test examples pass; arc-gen sample pass; rule description does not mention hidden labels; cost is lower than current selected ONNX,"task205: validation pass, cost < 30083, target cost <= 9000, static/banned-op gate pass",high,high until replaced by rule
48,392,phase1_6500_bridge,point_to_line_pattern,same_shape_global_transform,massimilianoghiotto_6254,baseline,30870,14.662459882503795,9000,1.2325602611778486,24.66314272927469,seed-to-pattern grammar,"identify seed colors and directions; enumerate rays, periodic diagonal shifts, boxes, and reflected motifs; bind colors through roles rather than absolute labels when possible",constant affine coordinate masks; small Conv kernels for line detection; Gather/Where over precomputed row-column masks,per-cell ScatterND table; full-grid iterative ray propagation; Where chain over all periods,direction/period inferred from train examples; sample validation pass; private-like rule note names the invariant; cost is lower than current selected ONNX,"task392: validation pass, cost < 30870, target cost <= 9000, static/banned-op gate pass",medium,medium
49,62,phase1_6500_bridge,point_to_line_pattern,same_shape_global_transform,massimilianoghiotto_6254,baseline,30609,14.670950637656585,9000,1.2240695060250584,24.569744422594,seed-to-pattern grammar,"identify seed colors and directions; enumerate rays, periodic diagonal shifts, boxes, and reflected motifs; bind colors through roles rather than absolute labels when possible",constant affine coordinate masks; small Conv kernels for line detection; Gather/Where over precomputed row-column masks,per-cell ScatterND table; full-grid iterative ray propagation; Where chain over all periods,direction/period inferred from train examples; sample validation pass; private-like rule note names the invariant; cost is lower than current selected ONNX,"task062: validation pass, cost < 30609, target cost <= 9000, static/banned-op gate pass",medium,medium
50,101,phase1_6500_bridge,signature_lookup_current,sparse_edit_or_object_completion,exp023_graph_surgery_exp016_surgery_prune_unused_initializers,surgery_prune_unused_initializers,29435,14.710060278537638,9000,1.1849598651440054,24.489538372902416,lookup compression and rule extraction,mine train/test signatures for invariant features; fit a shallow decision tree or affine hash over colors/shapes/anchors; attempt DSL replacement before another lookup variant,small Gather over learned color roles; constant Slice/Gather for extracted crop cases; initializer-pruned decision tree,large per-example ScatterND coordinate table; full arc-gen memorization; dynamic hash table with large MatMul,all train/test examples pass; arc-gen sample pass; rule description does not mention hidden labels; cost is lower than current selected ONNX,"task101: validation pass, cost < 29435, target cost <= 9000, static/banned-op gate pass",high,high until replaced by rule
51,324,phase1_6500_bridge,signature_lookup_current,sparse_edit_or_object_completion,exp023_graph_surgery_exp016_surgery_prune_unused_initializers,surgery_prune_unused_initializers,28891,14.728714593085465,9000,1.166305550596178,24.284340912876317,lookup compression and rule extraction,mine train/test signatures for invariant features; fit a shallow decision tree or affine hash over colors/shapes/anchors; attempt DSL replacement before another lookup variant,small Gather over learned color roles; constant Slice/Gather for extracted crop cases; initializer-pruned decision tree,large per-example ScatterND coordinate table; full arc-gen memorization; dynamic hash table with large MatMul,all train/test examples pass; arc-gen sample pass; rule description does not mention hidden labels; cost is lower than current selected ONNX,"task324: validation pass, cost < 28891, target cost <= 9000, static/banned-op gate pass",high,high until replaced by rule
52,132,phase1_6500_bridge,point_to_line_pattern,sparse_edit_or_object_completion,massimilianoghiotto_6254,baseline,29458,14.709279200950512,9000,1.1857409427311314,24.148130226360802,seed-to-pattern grammar,"identify seed colors and directions; enumerate rays, periodic diagonal shifts, boxes, and reflected motifs; bind colors through roles rather than absolute labels when possible",constant affine coordinate masks; small Conv kernels for line detection; Gather/Where over precomputed row-column masks,per-cell ScatterND table; full-grid iterative ray propagation; Where chain over all periods,direction/period inferred from train examples; sample validation pass; private-like rule note names the invariant; cost is lower than current selected ONNX,"task132: validation pass, cost < 29458, target cost <= 9000, static/banned-op gate pass",medium,medium
53,165,phase1_6500_bridge,signature_lookup_current,sparse_edit_or_object_completion,exp023_graph_surgery_exp016_surgery_prune_unused_initializers,surgery_prune_unused_initializers,27835,14.765950499382392,9000,1.1290696442992516,23.874745943610126,lookup compression and rule extraction,mine train/test signatures for invariant features; fit a shallow decision tree or affine hash over colors/shapes/anchors; attempt DSL replacement before another lookup variant,small Gather over learned color roles; constant Slice/Gather for extracted crop cases; initializer-pruned decision tree,large per-example ScatterND coordinate table; full arc-gen memorization; dynamic hash table with large MatMul,all train/test examples pass; arc-gen sample pass; rule description does not mention hidden labels; cost is lower than current selected ONNX,"task165: validation pass, cost < 27835, target cost <= 9000, static/banned-op gate pass",high,high until replaced by rule
54,278,phase1_6500_bridge,signature_lookup_current,sparse_edit_or_object_completion,exp023_graph_surgery_exp016_surgery_prune_unused_initializers,surgery_prune_unused_initializers,27080,14.793449272973788,9000,1.1015708707078549,23.57225943410476,lookup compression and rule extraction,mine train/test signatures for invariant features; fit a shallow decision tree or affine hash over colors/shapes/anchors; attempt DSL replacement before another lookup variant,small Gather over learned color roles; constant Slice/Gather for extracted crop cases; initializer-pruned decision tree,large per-example ScatterND coordinate table; full arc-gen memorization; dynamic hash table with large MatMul,all train/test examples pass; arc-gen sample pass; rule description does not mention hidden labels; cost is lower than current selected ONNX,"task278: validation pass, cost < 27080, target cost <= 9000, static/banned-op gate pass",high,high until replaced by rule
55,377,phase1_6500_bridge,signature_lookup_current,crop_or_resize,exp023_graph_surgery_exp016_surgery_prune_unused_initializers,surgery_prune_unused_initializers,26659,14.80911791634814,9000,1.085902227333504,23.3999043569869,lookup compression and rule extraction,mine train/test signatures for invariant features; fit a shallow decision tree or affine hash over colors/shapes/anchors; attempt DSL replacement before another lookup variant,small Gather over learned color roles; constant Slice/Gather for extracted crop cases; initializer-pruned decision tree,large per-example ScatterND coordinate table; full arc-gen memorization; dynamic hash table with large MatMul,all train/test examples pass; arc-gen sample pass; rule description does not mention hidden labels; cost is lower than current selected ONNX,"task377: validation pass, cost < 26659, target cost <= 9000, static/banned-op gate pass",high,high until replaced by rule
56,234,phase1_6500_bridge,signature_lookup_current,sparse_edit_or_object_completion,exp023_graph_surgery_exp016_surgery_prune_unused_initializers,surgery_prune_unused_initializers,26619,14.810619474496553,9000,1.08440066918509,23.383387217354347,lookup compression and rule extraction,mine train/test signatures for invariant features; fit a shallow decision tree or affine hash over colors/shapes/anchors; attempt DSL replacement before another lookup variant,small Gather over learned color roles; constant Slice/Gather for extracted crop cases; initializer-pruned decision tree,large per-example ScatterND coordinate table; full arc-gen memorization; dynamic hash table with large MatMul,all train/test examples pass; arc-gen sample pass; rule description does not mention hidden labels; cost is lower than current selected ONNX,"task234: validation pass, cost < 26619, target cost <= 9000, static/banned-op gate pass",high,high until replaced by rule
57,384,phase1_6500_bridge,signature_lookup_current,crop_or_resize,exp023_graph_surgery_exp016_surgery_prune_unused_initializers,surgery_prune_unused_initializers,26243,14.824845434208775,9000,1.0701747094728677,23.226901660519903,lookup compression and rule extraction,mine train/test signatures for invariant features; fit a shallow decision tree or affine hash over colors/shapes/anchors; attempt DSL replacement before another lookup variant,small Gather over learned color roles; constant Slice/Gather for extracted crop cases; initializer-pruned decision tree,large per-example ScatterND coordinate table; full arc-gen memorization; dynamic hash table with large MatMul,all train/test examples pass; arc-gen sample pass; rule description does not mention hidden labels; cost is lower than current selected ONNX,"task384: validation pass, cost < 26243, target cost <= 9000, static/banned-op gate pass",high,high until replaced by rule
58,63,phase1_6500_bridge,signature_lookup_current,sparse_edit_or_object_completion,exp023_graph_surgery_exp016_surgery_prune_unused_initializers,surgery_prune_unused_initializers,26235,14.825150323879187,9000,1.0698698198024559,23.223547874145375,lookup compression and rule extraction,mine train/test signatures for invariant features; fit a shallow decision tree or affine hash over colors/shapes/anchors; attempt DSL replacement before another lookup variant,small Gather over learned color roles; constant Slice/Gather for extracted crop cases; initializer-pruned decision tree,large per-example ScatterND coordinate table; full arc-gen memorization; dynamic hash table with large MatMul,all train/test examples pass; arc-gen sample pass; rule description does not mention hidden labels; cost is lower than current selected ONNX,"task063: validation pass, cost < 26235, target cost <= 9000, static/banned-op gate pass",high,high until replaced by rule
59,96,phase1_6500_bridge,crop_resize,crop_or_resize,kojimar_5800_minimal_blend,baseline,26948,14.79833563791945,9000,1.0966845057621928,23.168509419702477,object-anchor crop/resize synthesizer,"enumerate fixed crop, object-centered crop, mask-color crop; fit output shape rule from train examples; prefer constant Slice before dynamic bbox",Slice with constant starts/ends; Gather over static row/column indices; small Pad/Concat only when shape is fixed,NonZero or Compress bbox extraction; full-grid Tile plus mask; large ScatterND for every output cell,shape rule fits every train pair; sample validation pass; no dynamic shape tensors; cost target is met before full validation,"task096: validation pass, cost < 26948, target cost <= 9000, static/banned-op gate pass",medium,medium
60,33,phase1_6500_bridge,signature_lookup_current,sparse_edit_or_object_completion,exp023_graph_surgery_exp016_surgery_prune_unused_initializers,surgery_prune_unused_initializers,26075,14.831267720131027,9000,1.063752423550616,23.156256515375134,lookup compression and rule extraction,mine train/test signatures for invariant features; fit a shallow decision tree or affine hash over colors/shapes/anchors; attempt DSL replacement before another lookup variant,small Gather over learned color roles; constant Slice/Gather for extracted crop cases; initializer-pruned decision tree,large per-example ScatterND coordinate table; full arc-gen memorization; dynamic hash table with large MatMul,all train/test examples pass; arc-gen sample pass; rule description does not mention hidden labels; cost is lower than current selected ONNX,"task033: validation pass, cost < 26075, target cost <= 9000, static/banned-op gate pass",high,high until replaced by rule
61,364,phase1_6500_bridge,signature_lookup_current,sparse_edit_or_object_completion,exp023_graph_surgery_exp016_surgery_prune_unused_initializers,surgery_prune_unused_initializers,26075,14.831267720131027,9000,1.063752423550616,23.156256515375134,lookup compression and rule extraction,mine train/test signatures for invariant features; fit a shallow decision tree or affine hash over colors/shapes/anchors; attempt DSL replacement before another lookup variant,small Gather over learned color roles; constant Slice/Gather for extracted crop cases; initializer-pruned decision tree,large per-example ScatterND coordinate table; full arc-gen memorization; dynamic hash table with large MatMul,all train/test examples pass; arc-gen sample pass; rule description does not mention hidden labels; cost is lower than current selected ONNX,"task364: validation pass, cost < 26075, target cost <= 9000, static/banned-op gate pass",high,high until replaced by rule
62,75,phase1_6500_bridge,signature_lookup_current,sparse_edit_or_object_completion,exp023_graph_surgery_exp016_surgery_prune_unused_initializers,surgery_prune_unused_initializers,25851,14.839895436092123,9000,1.0551247075895205,23.061351639803085,lookup compression and rule extraction,mine train/test signatures for invariant features; fit a shallow decision tree or affine hash over colors/shapes/anchors; attempt DSL replacement before another lookup variant,small Gather over learned color roles; constant Slice/Gather for extracted crop cases; initializer-pruned decision tree,large per-example ScatterND coordinate table; full arc-gen memorization; dynamic hash table with large MatMul,all train/test examples pass; arc-gen sample pass; rule description does not mention hidden labels; cost is lower than current selected ONNX,"task075: validation pass, cost < 25851, target cost <= 9000, static/banned-op gate pass",high,high until replaced by rule
63,264,phase1_6500_bridge,signature_lookup_current,crop_or_resize,exp023_graph_surgery_exp016_surgery_prune_unused_initializers,surgery_prune_unused_initializers,25739,14.844237369643414,9000,1.050782774038229,23.013590370738875,lookup compression and rule extraction,mine train/test signatures for invariant features; fit a shallow decision tree or affine hash over colors/shapes/anchors; attempt DSL replacement before another lookup variant,small Gather over learned color roles; constant Slice/Gather for extracted crop cases; initializer-pruned decision tree,large per-example ScatterND coordinate table; full arc-gen memorization; dynamic hash table with large MatMul,all train/test examples pass; arc-gen sample pass; rule description does not mention hidden labels; cost is lower than current selected ONNX,"task264: validation pass, cost < 25739, target cost <= 9000, static/banned-op gate pass",high,high until replaced by rule
64,55,phase1_6500_bridge,region_partition_fill,same_shape_global_transform,afr1ste_5689_artifact,baseline,26370,14.820017720652668,9000,1.075002423028975,22.93000650963708,region and room-fill synthesizer,detect boundary colors and line-grid rooms; prefer closed-form room masks over flood-fill unroll; try row/column prefix reductions before dilation,static row/column ReduceSum masks; small Conv kernels; single-pass room mask Where,radius-scale flood-fill unroll; many-step dilation; dynamic full-grid color map,boundary/interior semantics fit train examples; sample validation pass; unroll count is justified by cost gate; cost is lower than current selected ONNX,"task055: validation pass, cost < 26370, target cost <= 9000, static/banned-op gate pass",medium,medium-high
65,86,phase1_6500_bridge,point_to_line_pattern,sparse_edit_or_object_completion,massimilianoghiotto_6254,baseline,25857,14.83966336368449,9000,1.0553567799971528,22.713904436287038,seed-to-pattern grammar,"identify seed colors and directions; enumerate rays, periodic diagonal shifts, boxes, and reflected motifs; bind colors through roles rather than absolute labels when possible",constant affine coordinate masks; small Conv kernels for line detection; Gather/Where over precomputed row-column masks,per-cell ScatterND table; full-grid iterative ray propagation; Where chain over all periods,direction/period inferred from train examples; sample validation pass; private-like rule note names the invariant; cost is lower than current selected ONNX,"task086: validation pass, cost < 25857, target cost <= 9000, static/banned-op gate pass",medium,medium
66,157,phase1_6500_bridge,signature_lookup_current,sparse_edit_or_object_completion,exp023_graph_surgery_exp016_surgery_prune_unused_initializers,surgery_prune_unused_initializers,24780,14.882207844816866,9000,1.0128122988647767,22.5959151438309,lookup compression and rule extraction,mine train/test signatures for invariant features; fit a shallow decision tree or affine hash over colors/shapes/anchors; attempt DSL replacement before another lookup variant,small Gather over learned color roles; constant Slice/Gather for extracted crop cases; initializer-pruned decision tree,large per-example ScatterND coordinate table; full arc-gen memorization; dynamic hash table with large MatMul,all train/test examples pass; arc-gen sample pass; rule description does not mention hidden labels; cost is lower than current selected ONNX,"task157: validation pass, cost < 24780, target cost <= 9000, static/banned-op gate pass",high,high until replaced by rule
67,92,phase1_6500_bridge,signature_lookup_current,sparse_edit_or_object_completion,exp023_graph_surgery_exp016_surgery_prune_unused_initializers,surgery_prune_unused_initializers,24574,14.890555747572483,9000,1.0044643961091602,22.50408821351912,lookup compression and rule extraction,mine train/test signatures for invariant features; fit a shallow decision tree or affine hash over colors/shapes/anchors; attempt DSL replacement before another lookup variant,small Gather over learned color roles; constant Slice/Gather for extracted crop cases; initializer-pruned decision tree,large per-example ScatterND coordinate table; full arc-gen memorization; dynamic hash table with large MatMul,all train/test examples pass; arc-gen sample pass; rule description does not mention hidden labels; cost is lower than current selected ONNX,"task092: validation pass, cost < 24574, target cost <= 9000, static/banned-op gate pass",high,high until replaced by rule
68,158,phase1_6500_bridge,signature_lookup_current,sparse_edit_or_object_completion,exp023_graph_surgery_exp016_surgery_prune_unused_initializers,surgery_prune_unused_initializers,24283,14.902468203974937,9000,0.992551939706706,22.373051193092124,lookup compression and rule extraction,mine train/test signatures for invariant features; fit a shallow decision tree or affine hash over colors/shapes/anchors; attempt DSL replacement before another lookup variant,small Gather over learned color roles; constant Slice/Gather for extracted crop cases; initializer-pruned decision tree,large per-example ScatterND coordinate table; full arc-gen memorization; dynamic hash table with large MatMul,all train/test examples pass; arc-gen sample pass; rule description does not mention hidden labels; cost is lower than current selected ONNX,"task158: validation pass, cost < 24283, target cost <= 9000, static/banned-op gate pass",high,high until replaced by rule
69,289,phase1_6500_bridge,crop_resize,crop_or_resize,afr1ste_5689_artifact,baseline,24972,14.874489523818365,9000,1.020530619863278,22.330816674814415,object-anchor crop/resize synthesizer,"enumerate fixed crop, object-centered crop, mask-color crop; fit output shape rule from train examples; prefer constant Slice before dynamic bbox",Slice with constant starts/ends; Gather over static row/column indices; small Pad/Concat only when shape is fixed,NonZero or Compress bbox extraction; full-grid Tile plus mask; large ScatterND for every output cell,shape rule fits every train pair; sample validation pass; no dynamic shape tensors; cost target is met before full validation,"task289: validation pass, cost < 24972, target cost <= 9000, static/banned-op gate pass",medium,medium
70,11,phase1_6500_bridge,signature_lookup_current,sparse_edit_or_object_completion,exp023_graph_surgery_exp016_surgery_prune_unused_initializers,surgery_prune_unused_initializers,24184,14.906553463540707,9000,0.9884666801409363,22.328113337868658,lookup compression and rule extraction,mine train/test signatures for invariant features; fit a shallow decision tree or affine hash over colors/shapes/anchors; attempt DSL replacement before another lookup variant,small Gather over learned color roles; constant Slice/Gather for extracted crop cases; initializer-pruned decision tree,large per-example ScatterND coordinate table; full arc-gen memorization; dynamic hash table with large MatMul,all train/test examples pass; arc-gen sample pass; rule description does not mention hidden labels; cost is lower than current selected ONNX,"task011: validation pass, cost < 24184, target cost <= 9000, static/banned-op gate pass",high,high until replaced by rule
71,301,phase1_6500_bridge,signature_lookup_current,sparse_edit_or_object_completion,exp023_graph_surgery_exp016_surgery_prune_unused_initializers,surgery_prune_unused_initializers,24155,14.907753323011493,9000,0.9872668206701505,22.314914883690015,lookup compression and rule extraction,mine train/test signatures for invariant features; fit a shallow decision tree or affine hash over colors/shapes/anchors; attempt DSL replacement before another lookup variant,small Gather over learned color roles; constant Slice/Gather for extracted crop cases; initializer-pruned decision tree,large per-example ScatterND coordinate table; full arc-gen memorization; dynamic hash table with large MatMul,all train/test examples pass; arc-gen sample pass; rule description does not mention hidden labels; cost is lower than current selected ONNX,"task301: validation pass, cost < 24155, target cost <= 9000, static/banned-op gate pass",high,high until replaced by rule
72,9,phase1_6500_bridge,signature_lookup_current,sparse_edit_or_object_completion,exp023_graph_surgery_exp016_surgery_prune_unused_initializers,surgery_prune_unused_initializers,23611,14.930532015883037,9000,0.9644881277986066,22.06434926210303,lookup compression and rule extraction,mine train/test signatures for invariant features; fit a shallow decision tree or affine hash over colors/shapes/anchors; attempt DSL replacement before another lookup variant,small Gather over learned color roles; constant Slice/Gather for extracted crop cases; initializer-pruned decision tree,large per-example ScatterND coordinate table; full arc-gen memorization; dynamic hash table with large MatMul,all train/test examples pass; arc-gen sample pass; rule description does not mention hidden labels; cost is lower than current selected ONNX,"task009: validation pass, cost < 23611, target cost <= 9000, static/banned-op gate pass",high,high until replaced by rule
73,310,phase1_6500_bridge,signature_lookup_current,crop_or_resize,exp023_graph_surgery_exp016_surgery_prune_unused_initializers,surgery_prune_unused_initializers,23395,14.939722396699683,9000,0.9552977469819606,21.963255073119925,lookup compression and rule extraction,mine train/test signatures for invariant features; fit a shallow decision tree or affine hash over colors/shapes/anchors; attempt DSL replacement before another lookup variant,small Gather over learned color roles; constant Slice/Gather for extracted crop cases; initializer-pruned decision tree,large per-example ScatterND coordinate table; full arc-gen memorization; dynamic hash table with large MatMul,all train/test examples pass; arc-gen sample pass; rule description does not mention hidden labels; cost is lower than current selected ONNX,"task310: validation pass, cost < 23395, target cost <= 9000, static/banned-op gate pass",high,high until replaced by rule
74,177,phase1_6500_bridge,signature_lookup_current,crop_or_resize,exp023_graph_surgery_exp016_surgery_prune_unused_initializers,surgery_prune_unused_initializers,23171,14.94934322424725,9000,0.9456769194343924,21.857425970096674,lookup compression and rule extraction,mine train/test signatures for invariant features; fit a shallow decision tree or affine hash over colors/shapes/anchors; attempt DSL replacement before another lookup variant,small Gather over learned color roles; constant Slice/Gather for extracted crop cases; initializer-pruned decision tree,large per-example ScatterND coordinate table; full arc-gen memorization; dynamic hash table with large MatMul,all train/test examples pass; arc-gen sample pass; rule description does not mention hidden labels; cost is lower than current selected ONNX,"task177: validation pass, cost < 23171, target cost <= 9000, static/banned-op gate pass",high,high until replaced by rule
75,175,phase1_6500_bridge,sparse_edit_or_object_completion,sparse_edit_or_object_completion,kojimar_5800_minimal_blend,baseline,23859,14.920083216374755,9000,0.9749369273068886,21.82928605669413,sparse edit and object completion enumerator,"derive changed-cell mask and color roles; fit local neighborhood, component, or ray rule; emit sparse coordinate program only if index table is tiny",small Conv kernels; GatherND/ScatterND with few coordinates; Equal plus single Where for small masks,full-grid Where chain; large coordinate initializer; unrolled iterative fill without cost forecast,changed-cell rule explains all train diffs; arc-gen sample pass; coordinate table remains below gate; cost is lower than current selected ONNX,"task175: validation pass, cost < 23859, target cost <= 9000, static/banned-op gate pass",medium,medium
76,285,phase1_6500_bridge,signature_lookup_current,sparse_edit_or_object_completion,exp023_graph_surgery_exp016_surgery_prune_unused_initializers,surgery_prune_unused_initializers,23067,14.95384169629971,9000,0.9411784473819331,21.80794277751962,lookup compression and rule extraction,mine train/test signatures for invariant features; fit a shallow decision tree or affine hash over colors/shapes/anchors; attempt DSL replacement before another lookup variant,small Gather over learned color roles; constant Slice/Gather for extracted crop cases; initializer-pruned decision tree,large per-example ScatterND coordinate table; full arc-gen memorization; dynamic hash table with large MatMul,all train/test examples pass; arc-gen sample pass; rule description does not mention hidden labels; cost is lower than current selected ONNX,"task285: validation pass, cost < 23067, target cost <= 9000, static/banned-op gate pass",high,high until replaced by rule
77,396,phase1_6500_bridge,signature_lookup_current,crop_or_resize,exp023_graph_surgery_exp016_surgery_prune_unused_initializers,surgery_prune_unused_initializers,22947,14.959057512010025,9000,0.9359626316716181,21.750568804706155,lookup compression and rule extraction,mine train/test signatures for invariant features; fit a shallow decision tree or affine hash over colors/shapes/anchors; attempt DSL replacement before another lookup variant,small Gather over learned color roles; constant Slice/Gather for extracted crop cases; initializer-pruned decision tree,large per-example ScatterND coordinate table; full arc-gen memorization; dynamic hash table with large MatMul,all train/test examples pass; arc-gen sample pass; rule description does not mention hidden labels; cost is lower than current selected ONNX,"task396: validation pass, cost < 22947, target cost <= 9000, static/banned-op gate pass",high,high until replaced by rule
78,376,phase1_6500_bridge,crop_resize,crop_or_resize,massimilianoghiotto_6254,baseline,23413,14.938953297362508,9000,0.9560668463191355,21.621715165828846,object-anchor crop/resize synthesizer,"enumerate fixed crop, object-centered crop, mask-color crop; fit output shape rule from train examples; prefer constant Slice before dynamic bbox",Slice with constant starts/ends; Gather over static row/column indices; small Pad/Concat only when shape is fixed,NonZero or Compress bbox extraction; full-grid Tile plus mask; large ScatterND for every output cell,shape rule fits every train pair; sample validation pass; no dynamic shape tensors; cost target is met before full validation,"task376: validation pass, cost < 23413, target cost <= 9000, static/banned-op gate pass",medium,medium
79,387,phase1_6500_bridge,signature_lookup_current,sparse_edit_or_object_completion,exp023_graph_surgery_exp016_surgery_prune_unused_initializers,surgery_prune_unused_initializers,22269,14.989049144214343,9000,0.9059709994673,21.42066085045866,lookup compression and rule extraction,mine train/test signatures for invariant features; fit a shallow decision tree or affine hash over colors/shapes/anchors; attempt DSL replacement before another lookup variant,small Gather over learned color roles; constant Slice/Gather for extracted crop cases; initializer-pruned decision tree,large per-example ScatterND coordinate table; full arc-gen memorization; dynamic hash table with large MatMul,all train/test examples pass; arc-gen sample pass; rule description does not mention hidden labels; cost is lower than current selected ONNX,"task387: validation pass, cost < 22269, target cost <= 9000, static/banned-op gate pass",high,high until replaced by rule
80,383,phase1_6500_bridge,signature_lookup_current,sparse_edit_or_object_completion,exp023_graph_surgery_exp016_surgery_prune_unused_initializers,surgery_prune_unused_initializers,22235,14.990577097055203,9000,0.9044430466264402,21.4038533692092,lookup compression and rule extraction,mine train/test signatures for invariant features; fit a shallow decision tree or affine hash over colors/shapes/anchors; attempt DSL replacement before another lookup variant,small Gather over learned color roles; constant Slice/Gather for extracted crop cases; initializer-pruned decision tree,large per-example ScatterND coordinate table; full arc-gen memorization; dynamic hash table with large MatMul,all train/test examples pass; arc-gen sample pass; rule description does not mention hidden labels; cost is lower than current selected ONNX,"task383: validation pass, cost < 22235, target cost <= 9000, static/banned-op gate pass",high,high until replaced by rule
81,201,phase1_6500_bridge,signature_lookup_current,crop_or_resize,exp023_graph_surgery_exp016_surgery_prune_unused_initializers,surgery_prune_unused_initializers,22224,14.991071935005875,9000,0.903948208675768,21.398410151751804,lookup compression and rule extraction,mine train/test signatures for invariant features; fit a shallow decision tree or affine hash over colors/shapes/anchors; attempt DSL replacement before another lookup variant,small Gather over learned color roles; constant Slice/Gather for extracted crop cases; initializer-pruned decision tree,large per-example ScatterND coordinate table; full arc-gen memorization; dynamic hash table with large MatMul,all train/test examples pass; arc-gen sample pass; rule description does not mention hidden labels; cost is lower than current selected ONNX,"task201: validation pass, cost < 22224, target cost <= 9000, static/banned-op gate pass",high,high until replaced by rule
82,268,phase1_6500_bridge,point_to_line_pattern,sparse_edit_or_object_completion,massimilianoghiotto_6254,baseline,22387,14.983764287772118,9000,0.9112558559095252,21.128794271323134,seed-to-pattern grammar,"identify seed colors and directions; enumerate rays, periodic diagonal shifts, boxes, and reflected motifs; bind colors through roles rather than absolute labels when possible",constant affine coordinate masks; small Conv kernels for line detection; Gather/Where over precomputed row-column masks,per-cell ScatterND table; full-grid iterative ray propagation; Where chain over all periods,direction/period inferred from train examples; sample validation pass; private-like rule note names the invariant; cost is lower than current selected ONNX,"task268: validation pass, cost < 22387, target cost <= 9000, static/banned-op gate pass",medium,medium
83,240,phase1_6500_bridge,signature_lookup_current,sparse_edit_or_object_completion,exp023_graph_surgery_exp016_surgery_prune_unused_initializers,surgery_prune_unused_initializers,21627,15.018302186927311,9000,0.876717956754332,21.09887738061601,lookup compression and rule extraction,mine train/test signatures for invariant features; fit a shallow decision tree or affine hash over colors/shapes/anchors; attempt DSL replacement before another lookup variant,small Gather over learned color roles; constant Slice/Gather for extracted crop cases; initializer-pruned decision tree,large per-example ScatterND coordinate table; full arc-gen memorization; dynamic hash table with large MatMul,all train/test examples pass; arc-gen sample pass; rule description does not mention hidden labels; cost is lower than current selected ONNX,"task240: validation pass, cost < 21627, target cost <= 9000, static/banned-op gate pass",high,high until replaced by rule
84,148,phase1_6500_bridge,sparse_edit_or_object_completion,sparse_edit_or_object_completion,massimilianoghiotto_6254,baseline,22029,14.99988495388028,9000,0.8951351898013638,20.951466944133358,sparse edit and object completion enumerator,"derive changed-cell mask and color roles; fit local neighborhood, component, or ray rule; emit sparse coordinate program only if index table is tiny",small Conv kernels; GatherND/ScatterND with few coordinates; Equal plus single Where for small masks,full-grid Where chain; large coordinate initializer; unrolled iterative fill without cost forecast,changed-cell rule explains all train diffs; arc-gen sample pass; coordinate table remains below gate; cost is lower than current selected ONNX,"task148: validation pass, cost < 22029, target cost <= 9000, static/banned-op gate pass",medium,medium
85,308,phase1_6500_bridge,signature_lookup_current,crop_or_resize,exp023_graph_surgery_exp016_surgery_prune_unused_initializers,surgery_prune_unused_initializers,21187,15.03885693497571,9000,0.856163208705933,20.87277515208362,lookup compression and rule extraction,mine train/test signatures for invariant features; fit a shallow decision tree or affine hash over colors/shapes/anchors; attempt DSL replacement before another lookup variant,small Gather over learned color roles; constant Slice/Gather for extracted crop cases; initializer-pruned decision tree,large per-example ScatterND coordinate table; full arc-gen memorization; dynamic hash table with large MatMul,all train/test examples pass; arc-gen sample pass; rule description does not mention hidden labels; cost is lower than current selected ONNX,"task308: validation pass, cost < 21187, target cost <= 9000, static/banned-op gate pass",high,high until replaced by rule
86,74,phase1_6500_bridge,sparse_edit_or_object_completion,sparse_edit_or_object_completion,massimilianoghiotto_6254,baseline,21825,15.009188619292196,9000,0.885831524389447,20.849126624602274,sparse edit and object completion enumerator,"derive changed-cell mask and color roles; fit local neighborhood, component, or ray rule; emit sparse coordinate program only if index table is tiny",small Conv kernels; GatherND/ScatterND with few coordinates; Equal plus single Where for small masks,full-grid Where chain; large coordinate initializer; unrolled iterative fill without cost forecast,changed-cell rule explains all train diffs; arc-gen sample pass; coordinate table remains below gate; cost is lower than current selected ONNX,"task074: validation pass, cost < 21825, target cost <= 9000, static/banned-op gate pass",medium,medium
87,49,phase1_6500_bridge,signature_lookup_current,crop_or_resize,exp023_graph_surgery_exp016_surgery_prune_unused_initializers,surgery_prune_unused_initializers,21135,15.04131428699911,9000,0.8537058566825326,20.845744279826217,lookup compression and rule extraction,mine train/test signatures for invariant features; fit a shallow decision tree or affine hash over colors/shapes/anchors; attempt DSL replacement before another lookup variant,small Gather over learned color roles; constant Slice/Gather for extracted crop cases; initializer-pruned decision tree,large per-example ScatterND coordinate table; full arc-gen memorization; dynamic hash table with large MatMul,all train/test examples pass; arc-gen sample pass; rule description does not mention hidden labels; cost is lower than current selected ONNX,"task049: validation pass, cost < 21135, target cost <= 9000, static/banned-op gate pass",high,high until replaced by rule
88,65,phase1_6500_bridge,signature_lookup_current,crop_or_resize,exp023_graph_surgery_exp016_surgery_prune_unused_initializers,surgery_prune_unused_initializers,20963,15.049485742036117,9000,0.8455344016455264,20.755858274419147,lookup compression and rule extraction,mine train/test signatures for invariant features; fit a shallow decision tree or affine hash over colors/shapes/anchors; attempt DSL replacement before another lookup variant,small Gather over learned color roles; constant Slice/Gather for extracted crop cases; initializer-pruned decision tree,large per-example ScatterND coordinate table; full arc-gen memorization; dynamic hash table with large MatMul,all train/test examples pass; arc-gen sample pass; rule description does not mention hidden labels; cost is lower than current selected ONNX,"task065: validation pass, cost < 20963, target cost <= 9000, static/banned-op gate pass",high,high until replaced by rule
89,21,phase1_6500_bridge,signature_lookup_current,crop_or_resize,exp023_graph_surgery_exp016_surgery_prune_unused_initializers,surgery_prune_unused_initializers,20739,15.060228735386625,9000,0.8347914082950183,20.63768534756356,lookup compression and rule extraction,mine train/test signatures for invariant features; fit a shallow decision tree or affine hash over colors/shapes/anchors; attempt DSL replacement before another lookup variant,small Gather over learned color roles; constant Slice/Gather for extracted crop cases; initializer-pruned decision tree,large per-example ScatterND coordinate table; full arc-gen memorization; dynamic hash table with large MatMul,all train/test examples pass; arc-gen sample pass; rule description does not mention hidden labels; cost is lower than current selected ONNX,"task021: validation pass, cost < 20739, target cost <= 9000, static/banned-op gate pass",high,high until replaced by rule
90,238,phase1_6500_bridge,signature_lookup_current,crop_or_resize,exp023_graph_surgery_exp016_surgery_prune_unused_initializers,surgery_prune_unused_initializers,20291,15.082067283032377,9000,0.8129528606492666,20.39746132346029,lookup compression and rule extraction,mine train/test signatures for invariant features; fit a shallow decision tree or affine hash over colors/shapes/anchors; attempt DSL replacement before another lookup variant,small Gather over learned color roles; constant Slice/Gather for extracted crop cases; initializer-pruned decision tree,large per-example ScatterND coordinate table; full arc-gen memorization; dynamic hash table with large MatMul,all train/test examples pass; arc-gen sample pass; rule description does not mention hidden labels; cost is lower than current selected ONNX,"task238: validation pass, cost < 20291, target cost <= 9000, static/banned-op gate pass",high,high until replaced by rule
91,279,phase1_6500_bridge,signature_lookup_current,sparse_edit_or_object_completion,exp023_graph_surgery_exp016_surgery_prune_unused_initializers,surgery_prune_unused_initializers,20244,15.084386267666032,9000,0.8106338760156113,20.37195249249008,lookup compression and rule extraction,mine train/test signatures for invariant features; fit a shallow decision tree or affine hash over colors/shapes/anchors; attempt DSL replacement before another lookup variant,small Gather over learned color roles; constant Slice/Gather for extracted crop cases; initializer-pruned decision tree,large per-example ScatterND coordinate table; full arc-gen memorization; dynamic hash table with large MatMul,all train/test examples pass; arc-gen sample pass; rule description does not mention hidden labels; cost is lower than current selected ONNX,"task279: validation pass, cost < 20244, target cost <= 9000, static/banned-op gate pass",high,high until replaced by rule
92,213,phase1_6500_bridge,signature_lookup_current,crop_or_resize,exp023_graph_surgery_exp016_surgery_prune_unused_initializers,surgery_prune_unused_initializers,20067,15.093168046213481,9000,0.8018520974681618,20.275352928468138,lookup compression and rule extraction,mine train/test signatures for invariant features; fit a shallow decision tree or affine hash over colors/shapes/anchors; attempt DSL replacement before another lookup variant,small Gather over learned color roles; constant Slice/Gather for extracted crop cases; initializer-pruned decision tree,large per-example ScatterND coordinate table; full arc-gen memorization; dynamic hash table with large MatMul,all train/test examples pass; arc-gen sample pass; rule description does not mention hidden labels; cost is lower than current selected ONNX,"task213: validation pass, cost < 20067, target cost <= 9000, static/banned-op gate pass",high,high until replaced by rule
93,359,phase1_6500_bridge,signature_lookup_current,sparse_edit_or_object_completion,exp023_graph_surgery_exp016_surgery_prune_unused_initializers,surgery_prune_unused_initializers,19771,15.10802850342512,9000,0.7869916402565238,20.11188789914012,lookup compression and rule extraction,mine train/test signatures for invariant features; fit a shallow decision tree or affine hash over colors/shapes/anchors; attempt DSL replacement before another lookup variant,small Gather over learned color roles; constant Slice/Gather for extracted crop cases; initializer-pruned decision tree,large per-example ScatterND coordinate table; full arc-gen memorization; dynamic hash table with large MatMul,all train/test examples pass; arc-gen sample pass; rule description does not mention hidden labels; cost is lower than current selected ONNX,"task359: validation pass, cost < 19771, target cost <= 9000, static/banned-op gate pass",high,high until replaced by rule
94,367,phase1_6500_bridge,signature_lookup_current,sparse_edit_or_object_completion,exp023_graph_surgery_exp016_surgery_prune_unused_initializers,surgery_prune_unused_initializers,19707,15.111270818439417,9000,0.7837493252422263,20.07622243398285,lookup compression and rule extraction,mine train/test signatures for invariant features; fit a shallow decision tree or affine hash over colors/shapes/anchors; attempt DSL replacement before another lookup variant,small Gather over learned color roles; constant Slice/Gather for extracted crop cases; initializer-pruned decision tree,large per-example ScatterND coordinate table; full arc-gen memorization; dynamic hash table with large MatMul,all train/test examples pass; arc-gen sample pass; rule description does not mention hidden labels; cost is lower than current selected ONNX,"task367: validation pass, cost < 19707, target cost <= 9000, static/banned-op gate pass",high,high until replaced by rule
95,5,phase1_6500_bridge,signature_lookup_current,sparse_edit_or_object_completion,exp023_graph_surgery_exp016_surgery_prune_unused_initializers,surgery_prune_unused_initializers,19387,15.127641982660792,9000,0.7673781610208508,19.89613962754772,lookup compression and rule extraction,mine train/test signatures for invariant features; fit a shallow decision tree or affine hash over colors/shapes/anchors; attempt DSL replacement before another lookup variant,small Gather over learned color roles; constant Slice/Gather for extracted crop cases; initializer-pruned decision tree,large per-example ScatterND coordinate table; full arc-gen memorization; dynamic hash table with large MatMul,all train/test examples pass; arc-gen sample pass; rule description does not mention hidden labels; cost is lower than current selected ONNX,"task005: validation pass, cost < 19387, target cost <= 9000, static/banned-op gate pass",high,high until replaced by rule
96,350,phase1_6500_bridge,sparse_edit_or_object_completion,sparse_edit_or_object_completion,massimilianoghiotto_6254,baseline,19831,15.10499835111417,9000,0.7900217925674724,19.795219574560555,sparse edit and object completion enumerator,"derive changed-cell mask and color roles; fit local neighborhood, component, or ray rule; emit sparse coordinate program only if index table is tiny",small Conv kernels; GatherND/ScatterND with few coordinates; Equal plus single Where for small masks,full-grid Where chain; large coordinate initializer; unrolled iterative fill without cost forecast,changed-cell rule explains all train diffs; arc-gen sample pass; coordinate table remains below gate; cost is lower than current selected ONNX,"task350: validation pass, cost < 19831, target cost <= 9000, static/banned-op gate pass",medium,medium
97,202,phase1_6500_bridge,signature_lookup_current,sparse_edit_or_object_completion,exp023_graph_surgery_exp016_surgery_prune_unused_initializers,surgery_prune_unused_initializers,19206,15.137021990802081,9000,0.7579981528795621,19.79295953799354,lookup compression and rule extraction,mine train/test signatures for invariant features; fit a shallow decision tree or affine hash over colors/shapes/anchors; attempt DSL replacement before another lookup variant,small Gather over learned color roles; constant Slice/Gather for extracted crop cases; initializer-pruned decision tree,large per-example ScatterND coordinate table; full arc-gen memorization; dynamic hash table with large MatMul,all train/test examples pass; arc-gen sample pass; rule description does not mention hidden labels; cost is lower than current selected ONNX,"task202: validation pass, cost < 19206, target cost <= 9000, static/banned-op gate pass",high,high until replaced by rule
98,59,phase1_6500_bridge,signature_lookup_current,sparse_edit_or_object_completion,exp023_graph_surgery_exp016_surgery_prune_unused_initializers,surgery_prune_unused_initializers,19163,15.139263384531505,9000,0.7557567591501382,19.76830420696988,lookup compression and rule extraction,mine train/test signatures for invariant features; fit a shallow decision tree or affine hash over colors/shapes/anchors; attempt DSL replacement before another lookup variant,small Gather over learned color roles; constant Slice/Gather for extracted crop cases; initializer-pruned decision tree,large per-example ScatterND coordinate table; full arc-gen memorization; dynamic hash table with large MatMul,all train/test examples pass; arc-gen sample pass; rule description does not mention hidden labels; cost is lower than current selected ONNX,"task059: validation pass, cost < 19163, target cost <= 9000, static/banned-op gate pass",high,high until replaced by rule
99,256,phase1_6500_bridge,signature_lookup_current,sparse_edit_or_object_completion,exp023_graph_surgery_exp016_surgery_prune_unused_initializers,surgery_prune_unused_initializers,19067,15.144285628935556,9000,0.7507345147460871,19.713059518525316,lookup compression and rule extraction,mine train/test signatures for invariant features; fit a shallow decision tree or affine hash over colors/shapes/anchors; attempt DSL replacement before another lookup variant,small Gather over learned color roles; constant Slice/Gather for extracted crop cases; initializer-pruned decision tree,large per-example ScatterND coordinate table; full arc-gen memorization; dynamic hash table with large MatMul,all train/test examples pass; arc-gen sample pass; rule description does not mention hidden labels; cost is lower than current selected ONNX,"task256: validation pass, cost < 19067, target cost <= 9000, static/banned-op gate pass",high,high until replaced by rule
100,46,phase1_6500_bridge,signature_lookup_current,crop_or_resize,exp023_graph_surgery_exp016_surgery_prune_unused_initializers,surgery_prune_unused_initializers,19000,15.147805741851423,9000,0.7472144018302203,19.674338276450783,lookup compression and rule extraction,mine train/test signatures for invariant features; fit a shallow decision tree or affine hash over colors/shapes/anchors; attempt DSL replacement before another lookup variant,small Gather over learned color roles; constant Slice/Gather for extracted crop cases; initializer-pruned decision tree,large per-example ScatterND coordinate table; full arc-gen memorization; dynamic hash table with large MatMul,all train/test examples pass; arc-gen sample pass; rule description does not mention hidden labels; cost is lower than current selected ONNX,"task046: validation pass, cost < 19000, target cost <= 9000, static/banned-op gate pass",high,high until replaced by rule
101,70,phase2_7000_submit_safe,signature_lookup_current,sparse_edit_or_object_completion,exp023_graph_surgery_exp016_surgery_prune_unused_initializers,surgery_prune_unused_initializers,18939,15.151021432964265,3000,1.8426109993854904,29.62508856089064,lookup compression and rule extraction,mine train/test signatures for invariant features; fit a shallow decision tree or affine hash over colors/shapes/anchors; attempt DSL replacement before another lookup variant,small Gather over learned color roles; constant Slice/Gather for extracted crop cases; initializer-pruned decision tree,large per-example ScatterND coordinate table; full arc-gen memorization; dynamic hash table with large MatMul,all train/test examples pass; arc-gen sample pass; rule description does not mention hidden labels; cost is lower than current selected ONNX,"task070: validation pass, cost < 18939, target cost <= 3000, static/banned-op gate pass",high,high until replaced by rule
102,281,phase2_7000_submit_safe,signature_lookup_current,sparse_edit_or_object_completion,exp023_graph_surgery_exp016_surgery_prune_unused_initializers,surgery_prune_unused_initializers,18843,15.156103228877509,3000,1.837529203472247,29.569188805844963,lookup compression and rule extraction,mine train/test signatures for invariant features; fit a shallow decision tree or affine hash over colors/shapes/anchors; attempt DSL replacement before another lookup variant,small Gather over learned color roles; constant Slice/Gather for extracted crop cases; initializer-pruned decision tree,large per-example ScatterND coordinate table; full arc-gen memorization; dynamic hash table with large MatMul,all train/test examples pass; arc-gen sample pass; rule description does not mention hidden labels; cost is lower than current selected ONNX,"task281: validation pass, cost < 18843, target cost <= 3000, static/banned-op gate pass",high,high until replaced by rule
103,379,phase2_7000_submit_safe,signature_lookup_current,sparse_edit_or_object_completion,exp023_graph_surgery_exp016_surgery_prune_unused_initializers,surgery_prune_unused_initializers,18843,15.156103228877509,3000,1.837529203472247,29.569188805844963,lookup compression and rule extraction,mine train/test signatures for invariant features; fit a shallow decision tree or affine hash over colors/shapes/anchors; attempt DSL replacement before another lookup variant,small Gather over learned color roles; constant Slice/Gather for extracted crop cases; initializer-pruned decision tree,large per-example ScatterND coordinate table; full arc-gen memorization; dynamic hash table with large MatMul,all train/test examples pass; arc-gen sample pass; rule description does not mention hidden labels; cost is lower than current selected ONNX,"task379: validation pass, cost < 18843, target cost <= 3000, static/banned-op gate pass",high,high until replaced by rule
104,61,phase2_7000_submit_safe,region_partition_fill,sparse_edit_or_object_completion,massimilianoghiotto_6254,baseline,18914,15.152342332424542,3000,1.8412900999252138,29.260558666827595,region and room-fill synthesizer,detect boundary colors and line-grid rooms; prefer closed-form room masks over flood-fill unroll; try row/column prefix reductions before dilation,static row/column ReduceSum masks; small Conv kernels; single-pass room mask Where,radius-scale flood-fill unroll; many-step dilation; dynamic full-grid color map,boundary/interior semantics fit train examples; sample validation pass; unroll count is justified by cost gate; cost is lower than current selected ONNX,"task061: validation pass, cost < 18914, target cost <= 3000, static/banned-op gate pass",medium,medium-high
105,69,phase2_7000_submit_safe,signature_lookup_current,sparse_edit_or_object_completion,exp023_graph_surgery_exp016_surgery_prune_unused_initializers,surgery_prune_unused_initializers,18263,15.187367565807959,3000,1.806264866541797,29.225281099610015,lookup compression and rule extraction,mine train/test signatures for invariant features; fit a shallow decision tree or affine hash over colors/shapes/anchors; attempt DSL replacement before another lookup variant,small Gather over learned color roles; constant Slice/Gather for extracted crop cases; initializer-pruned decision tree,large per-example ScatterND coordinate table; full arc-gen memorization; dynamic hash table with large MatMul,all train/test examples pass; arc-gen sample pass; rule description does not mention hidden labels; cost is lower than current selected ONNX,"task069: validation pass, cost < 18263, target cost <= 3000, static/banned-op gate pass",high,high until replaced by rule
106,31,phase2_7000_submit_safe,crop_resize,crop_or_resize,massimilianoghiotto_6254,baseline,18616,15.168223295017873,3000,1.8254091373318833,29.08586807830096,object-anchor crop/resize synthesizer,"enumerate fixed crop, object-centered crop, mask-color crop; fit output shape rule from train examples; prefer constant Slice before dynamic bbox",Slice with constant starts/ends; Gather over static row/column indices; small Pad/Concat only when shape is fixed,NonZero or Compress bbox extraction; full-grid Tile plus mask; large ScatterND for every output cell,shape rule fits every train pair; sample validation pass; no dynamic shape tensors; cost target is met before full validation,"task031: validation pass, cost < 18616, target cost <= 3000, static/banned-op gate pass",medium,medium
107,196,phase2_7000_submit_safe,signature_lookup_current,sparse_edit_or_object_completion,exp023_graph_surgery_exp016_surgery_prune_unused_initializers,surgery_prune_unused_initializers,18011,15.201262038662943,3000,1.792370393686813,29.072441898205188,lookup compression and rule extraction,mine train/test signatures for invariant features; fit a shallow decision tree or affine hash over colors/shapes/anchors; attempt DSL replacement before another lookup variant,small Gather over learned color roles; constant Slice/Gather for extracted crop cases; initializer-pruned decision tree,large per-example ScatterND coordinate table; full arc-gen memorization; dynamic hash table with large MatMul,all train/test examples pass; arc-gen sample pass; rule description does not mention hidden labels; cost is lower than current selected ONNX,"task196: validation pass, cost < 18011, target cost <= 3000, static/banned-op gate pass",high,high until replaced by rule
108,219,phase2_7000_submit_safe,signature_lookup_current,sparse_edit_or_object_completion,exp023_graph_surgery_exp016_surgery_prune_unused_initializers,surgery_prune_unused_initializers,18011,15.201262038662943,3000,1.792370393686813,29.072441898205188,lookup compression and rule extraction,mine train/test signatures for invariant features; fit a shallow decision tree or affine hash over colors/shapes/anchors; attempt DSL replacement before another lookup variant,small Gather over learned color roles; constant Slice/Gather for extracted crop cases; initializer-pruned decision tree,large per-example ScatterND coordinate table; full arc-gen memorization; dynamic hash table with large MatMul,all train/test examples pass; arc-gen sample pass; rule description does not mention hidden labels; cost is lower than current selected ONNX,"task219: validation pass, cost < 18011, target cost <= 3000, static/banned-op gate pass",high,high until replaced by rule
109,183,phase2_7000_submit_safe,signature_lookup_current,crop_or_resize,exp023_graph_surgery_exp016_surgery_prune_unused_initializers,surgery_prune_unused_initializers,17795,15.213327202055707,3000,1.780305230294049,28.939725100884786,lookup compression and rule extraction,mine train/test signatures for invariant features; fit a shallow decision tree or affine hash over colors/shapes/anchors; attempt DSL replacement before another lookup variant,small Gather over learned color roles; constant Slice/Gather for extracted crop cases; initializer-pruned decision tree,large per-example ScatterND coordinate table; full arc-gen memorization; dynamic hash table with large MatMul,all train/test examples pass; arc-gen sample pass; rule description does not mention hidden labels; cost is lower than current selected ONNX,"task183: validation pass, cost < 17795, target cost <= 3000, static/banned-op gate pass",high,high until replaced by rule
110,325,phase2_7000_submit_safe,signature_lookup_current,crop_or_resize,exp023_graph_surgery_exp016_surgery_prune_unused_initializers,surgery_prune_unused_initializers,17795,15.213327202055707,3000,1.780305230294049,28.939725100884786,lookup compression and rule extraction,mine train/test signatures for invariant features; fit a shallow decision tree or affine hash over colors/shapes/anchors; attempt DSL replacement before another lookup variant,small Gather over learned color roles; constant Slice/Gather for extracted crop cases; initializer-pruned decision tree,large per-example ScatterND coordinate table; full arc-gen memorization; dynamic hash table with large MatMul,all train/test examples pass; arc-gen sample pass; rule description does not mention hidden labels; cost is lower than current selected ONNX,"task325: validation pass, cost < 17795, target cost <= 3000, static/banned-op gate pass",high,high until replaced by rule
111,84,phase2_7000_submit_safe,signature_lookup_current,sparse_edit_or_object_completion,exp023_graph_surgery_exp016_surgery_prune_unused_initializers,surgery_prune_unused_initializers,17595,15.224629950244314,3000,1.7690024821054422,28.81539487081011,lookup compression and rule extraction,mine train/test signatures for invariant features; fit a shallow decision tree or affine hash over colors/shapes/anchors; attempt DSL replacement before another lookup variant,small Gather over learned color roles; constant Slice/Gather for extracted crop cases; initializer-pruned decision tree,large per-example ScatterND coordinate table; full arc-gen memorization; dynamic hash table with large MatMul,all train/test examples pass; arc-gen sample pass; rule description does not mention hidden labels; cost is lower than current selected ONNX,"task084: validation pass, cost < 17595, target cost <= 3000, static/banned-op gate pass",high,high until replaced by rule
112,189,phase2_7000_submit_safe,signature_lookup_current,crop_or_resize,exp023_graph_surgery_exp016_surgery_prune_unused_initializers,surgery_prune_unused_initializers,17571,15.225994905242109,3000,1.767637527107647,28.800380365834364,lookup compression and rule extraction,mine train/test signatures for invariant features; fit a shallow decision tree or affine hash over colors/shapes/anchors; attempt DSL replacement before another lookup variant,small Gather over learned color roles; constant Slice/Gather for extracted crop cases; initializer-pruned decision tree,large per-example ScatterND coordinate table; full arc-gen memorization; dynamic hash table with large MatMul,all train/test examples pass; arc-gen sample pass; rule description does not mention hidden labels; cost is lower than current selected ONNX,"task189: validation pass, cost < 17571, target cost <= 3000, static/banned-op gate pass",high,high until replaced by rule
113,239,phase2_7000_submit_safe,signature_lookup_current,crop_or_resize,exp023_graph_surgery_exp016_surgery_prune_unused_initializers,surgery_prune_unused_initializers,17568,15.226165655690743,3000,1.7674667766590133,28.798502110899392,lookup compression and rule extraction,mine train/test signatures for invariant features; fit a shallow decision tree or affine hash over colors/shapes/anchors; attempt DSL replacement before another lookup variant,small Gather over learned color roles; constant Slice/Gather for extracted crop cases; initializer-pruned decision tree,large per-example ScatterND coordinate table; full arc-gen memorization; dynamic hash table with large MatMul,all train/test examples pass; arc-gen sample pass; rule description does not mention hidden labels; cost is lower than current selected ONNX,"task239: validation pass, cost < 17568, target cost <= 3000, static/banned-op gate pass",high,high until replaced by rule
114,18,phase2_7000_submit_safe,signature_lookup_current,sparse_edit_or_object_completion,exp023_graph_surgery_exp016_surgery_prune_unused_initializers,surgery_prune_unused_initializers,17467,15.231931334571607,3000,1.7617010977781487,28.73507964320988,lookup compression and rule extraction,mine train/test signatures for invariant features; fit a shallow decision tree or affine hash over colors/shapes/anchors; attempt DSL replacement before another lookup variant,small Gather over learned color roles; constant Slice/Gather for extracted crop cases; initializer-pruned decision tree,large per-example ScatterND coordinate table; full arc-gen memorization; dynamic hash table with large MatMul,all train/test examples pass; arc-gen sample pass; rule description does not mention hidden labels; cost is lower than current selected ONNX,"task018: validation pass, cost < 17467, target cost <= 3000, static/banned-op gate pass",high,high until replaced by rule
115,154,phase2_7000_submit_safe,signature_lookup_current,sparse_edit_or_object_completion,exp023_graph_surgery_exp016_surgery_prune_unused_initializers,surgery_prune_unused_initializers,17371,15.237442571898077,3000,1.7561898604516788,28.674456032618714,lookup compression and rule extraction,mine train/test signatures for invariant features; fit a shallow decision tree or affine hash over colors/shapes/anchors; attempt DSL replacement before another lookup variant,small Gather over learned color roles; constant Slice/Gather for extracted crop cases; initializer-pruned decision tree,large per-example ScatterND coordinate table; full arc-gen memorization; dynamic hash table with large MatMul,all train/test examples pass; arc-gen sample pass; rule description does not mention hidden labels; cost is lower than current selected ONNX,"task154: validation pass, cost < 17371, target cost <= 3000, static/banned-op gate pass",high,high until replaced by rule
116,224,phase2_7000_submit_safe,signature_lookup_current,sparse_edit_or_object_completion,exp023_graph_surgery_exp016_surgery_prune_unused_initializers,surgery_prune_unused_initializers,17243,15.244838456999869,3000,1.7487939753498871,28.593101296499004,lookup compression and rule extraction,mine train/test signatures for invariant features; fit a shallow decision tree or affine hash over colors/shapes/anchors; attempt DSL replacement before another lookup variant,small Gather over learned color roles; constant Slice/Gather for extracted crop cases; initializer-pruned decision tree,large per-example ScatterND coordinate table; full arc-gen memorization; dynamic hash table with large MatMul,all train/test examples pass; arc-gen sample pass; rule description does not mention hidden labels; cost is lower than current selected ONNX,"task224: validation pass, cost < 17243, target cost <= 3000, static/banned-op gate pass",high,high until replaced by rule
117,163,phase2_7000_submit_safe,signature_lookup_current,sparse_edit_or_object_completion,exp023_graph_surgery_exp016_surgery_prune_unused_initializers,surgery_prune_unused_initializers,17092,15.253634203236084,3000,1.739998229113672,28.496348087900635,lookup compression and rule extraction,mine train/test signatures for invariant features; fit a shallow decision tree or affine hash over colors/shapes/anchors; attempt DSL replacement before another lookup variant,small Gather over learned color roles; constant Slice/Gather for extracted crop cases; initializer-pruned decision tree,large per-example ScatterND coordinate table; full arc-gen memorization; dynamic hash table with large MatMul,all train/test examples pass; arc-gen sample pass; rule description does not mention hidden labels; cost is lower than current selected ONNX,"task163: validation pass, cost < 17092, target cost <= 3000, static/banned-op gate pass",high,high until replaced by rule
118,34,phase2_7000_submit_safe,signature_lookup_current,sparse_edit_or_object_completion,exp023_graph_surgery_exp016_surgery_prune_unused_initializers,surgery_prune_unused_initializers,17058,15.255625419120944,3000,1.7380070132288115,28.474444713167173,lookup compression and rule extraction,mine train/test signatures for invariant features; fit a shallow decision tree or affine hash over colors/shapes/anchors; attempt DSL replacement before another lookup variant,small Gather over learned color roles; constant Slice/Gather for extracted crop cases; initializer-pruned decision tree,large per-example ScatterND coordinate table; full arc-gen memorization; dynamic hash table with large MatMul,all train/test examples pass; arc-gen sample pass; rule description does not mention hidden labels; cost is lower than current selected ONNX,"task034: validation pass, cost < 17058, target cost <= 3000, static/banned-op gate pass",high,high until replaced by rule
119,85,phase2_7000_submit_safe,signature_lookup_current,sparse_edit_or_object_completion,exp023_graph_surgery_exp016_surgery_prune_unused_initializers,surgery_prune_unused_initializers,16926,15.263393819769949,3000,1.7302386125798073,28.388992306028126,lookup compression and rule extraction,mine train/test signatures for invariant features; fit a shallow decision tree or affine hash over colors/shapes/anchors; attempt DSL replacement before another lookup variant,small Gather over learned color roles; constant Slice/Gather for extracted crop cases; initializer-pruned decision tree,large per-example ScatterND coordinate table; full arc-gen memorization; dynamic hash table with large MatMul,all train/test examples pass; arc-gen sample pass; rule description does not mention hidden labels; cost is lower than current selected ONNX,"task085: validation pass, cost < 16926, target cost <= 3000, static/banned-op gate pass",high,high until replaced by rule
120,390,phase2_7000_submit_safe,signature_lookup_current,sparse_edit_or_object_completion,exp023_graph_surgery_exp016_surgery_prune_unused_initializers,surgery_prune_unused_initializers,16699,15.276895883627567,3000,1.7167365487221886,28.24046960359432,lookup compression and rule extraction,mine train/test signatures for invariant features; fit a shallow decision tree or affine hash over colors/shapes/anchors; attempt DSL replacement before another lookup variant,small Gather over learned color roles; constant Slice/Gather for extracted crop cases; initializer-pruned decision tree,large per-example ScatterND coordinate table; full arc-gen memorization; dynamic hash table with large MatMul,all train/test examples pass; arc-gen sample pass; rule description does not mention hidden labels; cost is lower than current selected ONNX,"task390: validation pass, cost < 16699, target cost <= 3000, static/banned-op gate pass",high,high until replaced by rule
121,330,phase2_7000_submit_safe,signature_lookup_current,sparse_edit_or_object_completion,exp023_graph_surgery_exp016_surgery_prune_unused_initializers,surgery_prune_unused_initializers,16635,15.280735811547423,3000,1.7128966208023328,28.198230396475907,lookup compression and rule extraction,mine train/test signatures for invariant features; fit a shallow decision tree or affine hash over colors/shapes/anchors; attempt DSL replacement before another lookup variant,small Gather over learned color roles; constant Slice/Gather for extracted crop cases; initializer-pruned decision tree,large per-example ScatterND coordinate table; full arc-gen memorization; dynamic hash table with large MatMul,all train/test examples pass; arc-gen sample pass; rule description does not mention hidden labels; cost is lower than current selected ONNX,"task330: validation pass, cost < 16635, target cost <= 3000, static/banned-op gate pass",high,high until replaced by rule
122,319,phase2_7000_submit_safe,signature_lookup_current,crop_or_resize,exp023_graph_surgery_exp016_surgery_prune_unused_initializers,surgery_prune_unused_initializers,16583,15.283866646785901,3000,1.7097657855638548,28.16379120885265,lookup compression and rule extraction,mine train/test signatures for invariant features; fit a shallow decision tree or affine hash over colors/shapes/anchors; attempt DSL replacement before another lookup variant,small Gather over learned color roles; constant Slice/Gather for extracted crop cases; initializer-pruned decision tree,large per-example ScatterND coordinate table; full arc-gen memorization; dynamic hash table with large MatMul,all train/test examples pass; arc-gen sample pass; rule description does not mention hidden labels; cost is lower than current selected ONNX,"task319: validation pass, cost < 16583, target cost <= 3000, static/banned-op gate pass",high,high until replaced by rule
123,354,phase2_7000_submit_safe,sparse_edit_or_object_completion,sparse_edit_or_object_completion,massimilianoghiotto_6254,baseline,17007,15.258619697007587,3000,1.7350127353421687,28.0915076564141,sparse edit and object completion enumerator,"derive changed-cell mask and color roles; fit local neighborhood, component, or ray rule; emit sparse coordinate program only if index table is tiny",small Conv kernels; GatherND/ScatterND with few coordinates; Equal plus single Where for small masks,full-grid Where chain; large coordinate initializer; unrolled iterative fill without cost forecast,changed-cell rule explains all train diffs; arc-gen sample pass; coordinate table remains below gate; cost is lower than current selected ONNX,"task354: validation pass, cost < 17007, target cost <= 3000, static/banned-op gate pass",medium,medium
124,232,phase2_7000_submit_safe,signature_lookup_current,sparse_edit_or_object_completion,exp023_graph_surgery_exp016_surgery_prune_unused_initializers,surgery_prune_unused_initializers,16283,15.302123102235779,3000,1.691509330113977,27.962970198903992,lookup compression and rule extraction,mine train/test signatures for invariant features; fit a shallow decision tree or affine hash over colors/shapes/anchors; attempt DSL replacement before another lookup variant,small Gather over learned color roles; constant Slice/Gather for extracted crop cases; initializer-pruned decision tree,large per-example ScatterND coordinate table; full arc-gen memorization; dynamic hash table with large MatMul,all train/test examples pass; arc-gen sample pass; rule description does not mention hidden labels; cost is lower than current selected ONNX,"task232: validation pass, cost < 16283, target cost <= 3000, static/banned-op gate pass",high,high until replaced by rule
125,36,phase2_7000_submit_safe,signature_lookup_current,crop_or_resize,exp023_graph_surgery_exp016_surgery_prune_unused_initializers,surgery_prune_unused_initializers,15912,15.325171179466192,3000,1.6684612528835636,27.709441349369445,lookup compression and rule extraction,mine train/test signatures for invariant features; fit a shallow decision tree or affine hash over colors/shapes/anchors; attempt DSL replacement before another lookup variant,small Gather over learned color roles; constant Slice/Gather for extracted crop cases; initializer-pruned decision tree,large per-example ScatterND coordinate table; full arc-gen memorization; dynamic hash table with large MatMul,all train/test examples pass; arc-gen sample pass; rule description does not mention hidden labels; cost is lower than current selected ONNX,"task036: validation pass, cost < 15912, target cost <= 3000, static/banned-op gate pass",high,high until replaced by rule
126,358,phase2_7000_submit_safe,signature_lookup_current,sparse_edit_or_object_completion,exp023_graph_surgery_exp016_surgery_prune_unused_initializers,surgery_prune_unused_initializers,15757,15.334960010037955,3000,1.6586724223118008,27.601764213080052,lookup compression and rule extraction,mine train/test signatures for invariant features; fit a shallow decision tree or affine hash over colors/shapes/anchors; attempt DSL replacement before another lookup variant,small Gather over learned color roles; constant Slice/Gather for extracted crop cases; initializer-pruned decision tree,large per-example ScatterND coordinate table; full arc-gen memorization; dynamic hash table with large MatMul,all train/test examples pass; arc-gen sample pass; rule description does not mention hidden labels; cost is lower than current selected ONNX,"task358: validation pass, cost < 15757, target cost <= 3000, static/banned-op gate pass",high,high until replaced by rule
127,351,phase2_7000_submit_safe,signature_lookup_current,crop_or_resize,exp023_graph_surgery_exp016_surgery_prune_unused_initializers,surgery_prune_unused_initializers,15683,15.339667397865576,3000,1.6539650344841803,27.54998294697623,lookup compression and rule extraction,mine train/test signatures for invariant features; fit a shallow decision tree or affine hash over colors/shapes/anchors; attempt DSL replacement before another lookup variant,small Gather over learned color roles; constant Slice/Gather for extracted crop cases; initializer-pruned decision tree,large per-example ScatterND coordinate table; full arc-gen memorization; dynamic hash table with large MatMul,all train/test examples pass; arc-gen sample pass; rule description does not mention hidden labels; cost is lower than current selected ONNX,"task351: validation pass, cost < 15683, target cost <= 3000, static/banned-op gate pass",high,high until replaced by rule
128,199,phase2_7000_submit_safe,point_to_line_pattern,sparse_edit_or_object_completion,massimilianoghiotto_6254,baseline,16157,15.30989132872317,3000,1.683741103626586,27.527519707542687,seed-to-pattern grammar,"identify seed colors and directions; enumerate rays, periodic diagonal shifts, boxes, and reflected motifs; bind colors through roles rather than absolute labels when possible",constant affine coordinate masks; small Conv kernels for line detection; Gather/Where over precomputed row-column masks,per-cell ScatterND table; full-grid iterative ray propagation; Where chain over all periods,direction/period inferred from train examples; sample validation pass; private-like rule note names the invariant; cost is lower than current selected ONNX,"task199: validation pass, cost < 16157, target cost <= 3000, static/banned-op gate pass",medium,medium
129,58,phase2_7000_submit_safe,point_to_line_pattern,same_shape_global_transform,afr1ste_5689_artifact,baseline,16105,15.313114938234701,3000,1.6805174941150547,27.492060002915846,seed-to-pattern grammar,"identify seed colors and directions; enumerate rays, periodic diagonal shifts, boxes, and reflected motifs; bind colors through roles rather than absolute labels when possible",constant affine coordinate masks; small Conv kernels for line detection; Gather/Where over precomputed row-column masks,per-cell ScatterND table; full-grid iterative ray propagation; Where chain over all periods,direction/period inferred from train examples; sample validation pass; private-like rule note names the invariant; cost is lower than current selected ONNX,"task058: validation pass, cost < 16105, target cost <= 3000, static/banned-op gate pass",medium,medium
130,44,phase2_7000_submit_safe,signature_lookup_current,sparse_edit_or_object_completion,exp023_graph_surgery_exp016_surgery_prune_unused_initializers,surgery_prune_unused_initializers,15483,15.352502073183164,3000,1.641130359166592,27.408801518482758,lookup compression and rule extraction,mine train/test signatures for invariant features; fit a shallow decision tree or affine hash over colors/shapes/anchors; attempt DSL replacement before another lookup variant,small Gather over learned color roles; constant Slice/Gather for extracted crop cases; initializer-pruned decision tree,large per-example ScatterND coordinate table; full arc-gen memorization; dynamic hash table with large MatMul,all train/test examples pass; arc-gen sample pass; rule description does not mention hidden labels; cost is lower than current selected ONNX,"task044: validation pass, cost < 15483, target cost <= 3000, static/banned-op gate pass",high,high until replaced by rule
131,57,phase2_7000_submit_safe,signature_lookup_current,crop_or_resize,exp023_graph_surgery_exp016_surgery_prune_unused_initializers,surgery_prune_unused_initializers,15459,15.354053363003667,3000,1.6395790693460892,27.391737330457225,lookup compression and rule extraction,mine train/test signatures for invariant features; fit a shallow decision tree or affine hash over colors/shapes/anchors; attempt DSL replacement before another lookup variant,small Gather over learned color roles; constant Slice/Gather for extracted crop cases; initializer-pruned decision tree,large per-example ScatterND coordinate table; full arc-gen memorization; dynamic hash table with large MatMul,all train/test examples pass; arc-gen sample pass; rule description does not mention hidden labels; cost is lower than current selected ONNX,"task057: validation pass, cost < 15459, target cost <= 3000, static/banned-op gate pass",high,high until replaced by rule
132,365,phase2_7000_submit_safe,signature_lookup_current,crop_or_resize,exp023_graph_surgery_exp016_surgery_prune_unused_initializers,surgery_prune_unused_initializers,15459,15.354053363003667,3000,1.6395790693460892,27.391737330457225,lookup compression and rule extraction,mine train/test signatures for invariant features; fit a shallow decision tree or affine hash over colors/shapes/anchors; attempt DSL replacement before another lookup variant,small Gather over learned color roles; constant Slice/Gather for extracted crop cases; initializer-pruned decision tree,large per-example ScatterND coordinate table; full arc-gen memorization; dynamic hash table with large MatMul,all train/test examples pass; arc-gen sample pass; rule description does not mention hidden labels; cost is lower than current selected ONNX,"task365: validation pass, cost < 15459, target cost <= 3000, static/banned-op gate pass",high,high until replaced by rule
133,400,phase2_7000_submit_safe,signature_lookup_current,crop_or_resize,exp023_graph_surgery_exp016_surgery_prune_unused_initializers,surgery_prune_unused_initializers,15459,15.354053363003667,3000,1.6395790693460892,27.391737330457225,lookup compression and rule extraction,mine train/test signatures for invariant features; fit a shallow decision tree or affine hash over colors/shapes/anchors; attempt DSL replacement before another lookup variant,small Gather over learned color roles; constant Slice/Gather for extracted crop cases; initializer-pruned decision tree,large per-example ScatterND coordinate table; full arc-gen memorization; dynamic hash table with large MatMul,all train/test examples pass; arc-gen sample pass; rule description does not mention hidden labels; cost is lower than current selected ONNX,"task400: validation pass, cost < 15459, target cost <= 3000, static/banned-op gate pass",high,high until replaced by rule
134,247,phase2_7000_submit_safe,signature_lookup_current,crop_or_resize,exp023_graph_surgery_exp016_surgery_prune_unused_initializers,surgery_prune_unused_initializers,15339,15.361846116251892,3000,1.6317863160978643,27.30601704472675,lookup compression and rule extraction,mine train/test signatures for invariant features; fit a shallow decision tree or affine hash over colors/shapes/anchors; attempt DSL replacement before another lookup variant,small Gather over learned color roles; constant Slice/Gather for extracted crop cases; initializer-pruned decision tree,large per-example ScatterND coordinate table; full arc-gen memorization; dynamic hash table with large MatMul,all train/test examples pass; arc-gen sample pass; rule description does not mention hidden labels; cost is lower than current selected ONNX,"task247: validation pass, cost < 15339, target cost <= 3000, static/banned-op gate pass",high,high until replaced by rule
135,368,phase2_7000_submit_safe,signature_lookup_current,sparse_edit_or_object_completion,exp023_graph_surgery_exp016_surgery_prune_unused_initializers,surgery_prune_unused_initializers,15056,15.38046813817484,3000,1.6131642941749167,27.10117480357433,lookup compression and rule extraction,mine train/test signatures for invariant features; fit a shallow decision tree or affine hash over colors/shapes/anchors; attempt DSL replacement before another lookup variant,small Gather over learned color roles; constant Slice/Gather for extracted crop cases; initializer-pruned decision tree,large per-example ScatterND coordinate table; full arc-gen memorization; dynamic hash table with large MatMul,all train/test examples pass; arc-gen sample pass; rule description does not mention hidden labels; cost is lower than current selected ONNX,"task368: validation pass, cost < 15056, target cost <= 3000, static/banned-op gate pass",high,high until replaced by rule
136,112,phase2_7000_submit_safe,signature_lookup_current,sparse_edit_or_object_completion,exp023_graph_surgery_exp016_surgery_prune_unused_initializers,surgery_prune_unused_initializers,15003,15.383994539912987,3000,1.6096378924367691,27.062384384454706,lookup compression and rule extraction,mine train/test signatures for invariant features; fit a shallow decision tree or affine hash over colors/shapes/anchors; attempt DSL replacement before another lookup variant,small Gather over learned color roles; constant Slice/Gather for extracted crop cases; initializer-pruned decision tree,large per-example ScatterND coordinate table; full arc-gen memorization; dynamic hash table with large MatMul,all train/test examples pass; arc-gen sample pass; rule description does not mention hidden labels; cost is lower than current selected ONNX,"task112: validation pass, cost < 15003, target cost <= 3000, static/banned-op gate pass",high,high until replaced by rule
137,197,phase2_7000_submit_safe,signature_lookup_current,sparse_edit_or_object_completion,exp023_graph_surgery_exp016_surgery_prune_unused_initializers,surgery_prune_unused_initializers,14567,15.413486024551052,3000,1.5801464077987042,26.73797805343599,lookup compression and rule extraction,mine train/test signatures for invariant features; fit a shallow decision tree or affine hash over colors/shapes/anchors; attempt DSL replacement before another lookup variant,small Gather over learned color roles; constant Slice/Gather for extracted crop cases; initializer-pruned decision tree,large per-example ScatterND coordinate table; full arc-gen memorization; dynamic hash table with large MatMul,all train/test examples pass; arc-gen sample pass; rule description does not mention hidden labels; cost is lower than current selected ONNX,"task197: validation pass, cost < 14567, target cost <= 3000, static/banned-op gate pass",high,high until replaced by rule
138,298,phase2_7000_submit_safe,region_partition_fill,sparse_edit_or_object_completion,massimilianoghiotto_6254,baseline,14948,15.387667209394625,3000,1.605965222955131,26.671985020156686,region and room-fill synthesizer,detect boundary colors and line-grid rooms; prefer closed-form room masks over flood-fill unroll; try row/column prefix reductions before dilation,static row/column ReduceSum masks; small Conv kernels; single-pass room mask Where,radius-scale flood-fill unroll; many-step dilation; dynamic full-grid color map,boundary/interior semantics fit train examples; sample validation pass; unroll count is justified by cost gate; cost is lower than current selected ONNX,"task298: validation pass, cost < 14948, target cost <= 3000, static/banned-op gate pass",medium,medium-high
139,253,phase2_7000_submit_safe,signature_lookup_current,crop_or_resize,exp023_graph_surgery_exp016_surgery_prune_unused_initializers,surgery_prune_unused_initializers,14444,15.421965617602652,3000,1.571666814747104,26.64470252986839,lookup compression and rule extraction,mine train/test signatures for invariant features; fit a shallow decision tree or affine hash over colors/shapes/anchors; attempt DSL replacement before another lookup variant,small Gather over learned color roles; constant Slice/Gather for extracted crop cases; initializer-pruned decision tree,large per-example ScatterND coordinate table; full arc-gen memorization; dynamic hash table with large MatMul,all train/test examples pass; arc-gen sample pass; rule description does not mention hidden labels; cost is lower than current selected ONNX,"task253: validation pass, cost < 14444, target cost <= 3000, static/banned-op gate pass",high,high until replaced by rule
140,82,phase2_7000_submit_safe,signature_lookup_current,sparse_edit_or_object_completion,exp023_graph_surgery_exp016_surgery_prune_unused_initializers,surgery_prune_unused_initializers,14420,15.42362858916106,3000,1.5700038431886956,26.6264098427259,lookup compression and rule extraction,mine train/test signatures for invariant features; fit a shallow decision tree or affine hash over colors/shapes/anchors; attempt DSL replacement before another lookup variant,small Gather over learned color roles; constant Slice/Gather for extracted crop cases; initializer-pruned decision tree,large per-example ScatterND coordinate table; full arc-gen memorization; dynamic hash table with large MatMul,all train/test examples pass; arc-gen sample pass; rule description does not mention hidden labels; cost is lower than current selected ONNX,"task082: validation pass, cost < 14420, target cost <= 3000, static/banned-op gate pass",high,high until replaced by rule
141,277,phase2_7000_submit_safe,sparse_edit_or_object_completion,sparse_edit_or_object_completion,massimilianoghiotto_6254,baseline,14617,15.410059486110708,3000,1.5835729462390482,26.425669976279774,sparse edit and object completion enumerator,"derive changed-cell mask and color roles; fit local neighborhood, component, or ray rule; emit sparse coordinate program only if index table is tiny",small Conv kernels; GatherND/ScatterND with few coordinates; Equal plus single Where for small masks,full-grid Where chain; large coordinate initializer; unrolled iterative fill without cost forecast,changed-cell rule explains all train diffs; arc-gen sample pass; coordinate table remains below gate; cost is lower than current selected ONNX,"task277: validation pass, cost < 14617, target cost <= 3000, static/banned-op gate pass",medium,medium
142,141,phase2_7000_submit_safe,signature_lookup_current,sparse_edit_or_object_completion,exp023_graph_surgery_exp016_surgery_prune_unused_initializers,surgery_prune_unused_initializers,14107,15.445573592925498,3000,1.5480588394242574,26.385014801317077,lookup compression and rule extraction,mine train/test signatures for invariant features; fit a shallow decision tree or affine hash over colors/shapes/anchors; attempt DSL replacement before another lookup variant,small Gather over learned color roles; constant Slice/Gather for extracted crop cases; initializer-pruned decision tree,large per-example ScatterND coordinate table; full arc-gen memorization; dynamic hash table with large MatMul,all train/test examples pass; arc-gen sample pass; rule description does not mention hidden labels; cost is lower than current selected ONNX,"task141: validation pass, cost < 14107, target cost <= 3000, static/banned-op gate pass",high,high until replaced by rule
143,117,phase2_7000_submit_safe,signature_lookup_current,sparse_edit_or_object_completion,exp023_graph_surgery_exp016_surgery_prune_unused_initializers,surgery_prune_unused_initializers,14075,15.447844546992108,3000,1.5457878853576474,26.360034306584367,lookup compression and rule extraction,mine train/test signatures for invariant features; fit a shallow decision tree or affine hash over colors/shapes/anchors; attempt DSL replacement before another lookup variant,small Gather over learned color roles; constant Slice/Gather for extracted crop cases; initializer-pruned decision tree,large per-example ScatterND coordinate table; full arc-gen memorization; dynamic hash table with large MatMul,all train/test examples pass; arc-gen sample pass; rule description does not mention hidden labels; cost is lower than current selected ONNX,"task117: validation pass, cost < 14075, target cost <= 3000, static/banned-op gate pass",high,high until replaced by rule
144,304,phase2_7000_submit_safe,crop_resize,crop_or_resize,massimilianoghiotto_6254,baseline,14494,15.418509950330773,3000,1.5751224820189833,26.33271486985906,object-anchor crop/resize synthesizer,"enumerate fixed crop, object-centered crop, mask-color crop; fit output shape rule from train examples; prefer constant Slice before dynamic bbox",Slice with constant starts/ends; Gather over static row/column indices; small Pad/Concat only when shape is fixed,NonZero or Compress bbox extraction; full-grid Tile plus mask; large ScatterND for every output cell,shape rule fits every train pair; sample validation pass; no dynamic shape tensors; cost target is met before full validation,"task304: validation pass, cost < 14494, target cost <= 3000, static/banned-op gate pass",medium,medium
145,195,phase2_7000_submit_safe,crop_resize,crop_or_resize,massimilianoghiotto_6254,baseline,14229,15.436962585454308,3000,1.5566698468954474,26.129735883500167,object-anchor crop/resize synthesizer,"enumerate fixed crop, object-centered crop, mask-color crop; fit output shape rule from train examples; prefer constant Slice before dynamic bbox",Slice with constant starts/ends; Gather over static row/column indices; small Pad/Concat only when shape is fixed,NonZero or Compress bbox extraction; full-grid Tile plus mask; large ScatterND for every output cell,shape rule fits every train pair; sample validation pass; no dynamic shape tensors; cost target is met before full validation,"task195: validation pass, cost < 14229, target cost <= 3000, static/banned-op gate pass",medium,medium
146,287,phase2_7000_submit_safe,signature_lookup_current,sparse_edit_or_object_completion,exp023_graph_surgery_exp016_surgery_prune_unused_initializers,surgery_prune_unused_initializers,13779,15.469099027006097,3000,1.524533405343659,26.126235026430493,lookup compression and rule extraction,mine train/test signatures for invariant features; fit a shallow decision tree or affine hash over colors/shapes/anchors; attempt DSL replacement before another lookup variant,small Gather over learned color roles; constant Slice/Gather for extracted crop cases; initializer-pruned decision tree,large per-example ScatterND coordinate table; full arc-gen memorization; dynamic hash table with large MatMul,all train/test examples pass; arc-gen sample pass; rule description does not mention hidden labels; cost is lower than current selected ONNX,"task287: validation pass, cost < 13779, target cost <= 3000, static/banned-op gate pass",high,high until replaced by rule
147,284,phase2_7000_submit_safe,signature_lookup_current,sparse_edit_or_object_completion,exp023_graph_surgery_exp016_surgery_prune_unused_initializers,surgery_prune_unused_initializers,13755,15.470842326641325,3000,1.522790105708431,26.107058730442986,lookup compression and rule extraction,mine train/test signatures for invariant features; fit a shallow decision tree or affine hash over colors/shapes/anchors; attempt DSL replacement before another lookup variant,small Gather over learned color roles; constant Slice/Gather for extracted crop cases; initializer-pruned decision tree,large per-example ScatterND coordinate table; full arc-gen memorization; dynamic hash table with large MatMul,all train/test examples pass; arc-gen sample pass; rule description does not mention hidden labels; cost is lower than current selected ONNX,"task284: validation pass, cost < 13755, target cost <= 3000, static/banned-op gate pass",high,high until replaced by rule
148,170,phase2_7000_submit_safe,signature_lookup_current,crop_or_resize,exp023_graph_surgery_exp016_surgery_prune_unused_initializers,surgery_prune_unused_initializers,13731,15.472588670678249,3000,1.521043761671507,26.08784894603682,lookup compression and rule extraction,mine train/test signatures for invariant features; fit a shallow decision tree or affine hash over colors/shapes/anchors; attempt DSL replacement before another lookup variant,small Gather over learned color roles; constant Slice/Gather for extracted crop cases; initializer-pruned decision tree,large per-example ScatterND coordinate table; full arc-gen memorization; dynamic hash table with large MatMul,all train/test examples pass; arc-gen sample pass; rule description does not mention hidden labels; cost is lower than current selected ONNX,"task170: validation pass, cost < 13731, target cost <= 3000, static/banned-op gate pass",high,high until replaced by rule
149,244,phase2_7000_submit_safe,signature_lookup_current,crop_or_resize,exp023_graph_surgery_exp016_surgery_prune_unused_initializers,surgery_prune_unused_initializers,13731,15.472588670678249,3000,1.521043761671507,26.08784894603682,lookup compression and rule extraction,mine train/test signatures for invariant features; fit a shallow decision tree or affine hash over colors/shapes/anchors; attempt DSL replacement before another lookup variant,small Gather over learned color roles; constant Slice/Gather for extracted crop cases; initializer-pruned decision tree,large per-example ScatterND coordinate table; full arc-gen memorization; dynamic hash table with large MatMul,all train/test examples pass; arc-gen sample pass; rule description does not mention hidden labels; cost is lower than current selected ONNX,"task244: validation pass, cost < 13731, target cost <= 3000, static/banned-op gate pass",high,high until replaced by rule
150,4,phase2_7000_submit_safe,signature_lookup_current,sparse_edit_or_object_completion,exp023_graph_surgery_exp016_surgery_prune_unused_initializers,surgery_prune_unused_initializers,13560,15.485120438505614,3000,1.5085119938441416,25.949999499935803,lookup compression and rule extraction,mine train/test signatures for invariant features; fit a shallow decision tree or affine hash over colors/shapes/anchors; attempt DSL replacement before another lookup variant,small Gather over learned color roles; constant Slice/Gather for extracted crop cases; initializer-pruned decision tree,large per-example ScatterND coordinate table; full arc-gen memorization; dynamic hash table with large MatMul,all train/test examples pass; arc-gen sample pass; rule description does not mention hidden labels; cost is lower than current selected ONNX,"task004: validation pass, cost < 13560, target cost <= 3000, static/banned-op gate pass",high,high until replaced by rule
151,375,phase2_7000_submit_safe,signature_lookup_current,sparse_edit_or_object_completion,exp023_graph_surgery_exp016_surgery_prune_unused_initializers,surgery_prune_unused_initializers,13531,15.487261371736356,3000,1.5063710606134002,25.926449234397648,lookup compression and rule extraction,mine train/test signatures for invariant features; fit a shallow decision tree or affine hash over colors/shapes/anchors; attempt DSL replacement before another lookup variant,small Gather over learned color roles; constant Slice/Gather for extracted crop cases; initializer-pruned decision tree,large per-example ScatterND coordinate table; full arc-gen memorization; dynamic hash table with large MatMul,all train/test examples pass; arc-gen sample pass; rule description does not mention hidden labels; cost is lower than current selected ONNX,"task375: validation pass, cost < 13531, target cost <= 3000, static/banned-op gate pass",high,high until replaced by rule
152,178,phase2_7000_submit_safe,signature_lookup_current,crop_or_resize,exp023_graph_surgery_exp016_surgery_prune_unused_initializers,surgery_prune_unused_initializers,13497,15.489777282490717,3000,1.5038551498590387,25.89877421609967,lookup compression and rule extraction,mine train/test signatures for invariant features; fit a shallow decision tree or affine hash over colors/shapes/anchors; attempt DSL replacement before another lookup variant,small Gather over learned color roles; constant Slice/Gather for extracted crop cases; initializer-pruned decision tree,large per-example ScatterND coordinate table; full arc-gen memorization; dynamic hash table with large MatMul,all train/test examples pass; arc-gen sample pass; rule description does not mention hidden labels; cost is lower than current selected ONNX,"task178: validation pass, cost < 13497, target cost <= 3000, static/banned-op gate pass",high,high until replaced by rule
153,185,phase2_7000_submit_safe,signature_lookup_current,crop_or_resize,exp023_graph_surgery_exp016_surgery_prune_unused_initializers,surgery_prune_unused_initializers,13431,15.494679253090926,3000,1.4989531792588302,25.844852539497378,lookup compression and rule extraction,mine train/test signatures for invariant features; fit a shallow decision tree or affine hash over colors/shapes/anchors; attempt DSL replacement before another lookup variant,small Gather over learned color roles; constant Slice/Gather for extracted crop cases; initializer-pruned decision tree,large per-example ScatterND coordinate table; full arc-gen memorization; dynamic hash table with large MatMul,all train/test examples pass; arc-gen sample pass; rule description does not mention hidden labels; cost is lower than current selected ONNX,"task185: validation pass, cost < 13431, target cost <= 3000, static/banned-op gate pass",high,high until replaced by rule
154,300,phase2_7000_submit_safe,signature_lookup_current,crop_or_resize,exp023_graph_surgery_exp016_surgery_prune_unused_initializers,surgery_prune_unused_initializers,13323,15.502752856039788,3000,1.4908795763099683,25.756042907059896,lookup compression and rule extraction,mine train/test signatures for invariant features; fit a shallow decision tree or affine hash over colors/shapes/anchors; attempt DSL replacement before another lookup variant,small Gather over learned color roles; constant Slice/Gather for extracted crop cases; initializer-pruned decision tree,large per-example ScatterND coordinate table; full arc-gen memorization; dynamic hash table with large MatMul,all train/test examples pass; arc-gen sample pass; rule description does not mention hidden labels; cost is lower than current selected ONNX,"task300: validation pass, cost < 13323, target cost <= 3000, static/banned-op gate pass",high,high until replaced by rule
155,22,phase2_7000_submit_safe,signature_lookup_current,crop_or_resize,exp023_graph_surgery_exp016_surgery_prune_unused_initializers,surgery_prune_unused_initializers,13283,15.505759698867497,3000,1.4878727334822592,25.722967635955097,lookup compression and rule extraction,mine train/test signatures for invariant features; fit a shallow decision tree or affine hash over colors/shapes/anchors; attempt DSL replacement before another lookup variant,small Gather over learned color roles; constant Slice/Gather for extracted crop cases; initializer-pruned decision tree,large per-example ScatterND coordinate table; full arc-gen memorization; dynamic hash table with large MatMul,all train/test examples pass; arc-gen sample pass; rule description does not mention hidden labels; cost is lower than current selected ONNX,"task022: validation pass, cost < 13283, target cost <= 3000, static/banned-op gate pass",high,high until replaced by rule
156,125,phase2_7000_submit_safe,region_partition_fill,sparse_edit_or_object_completion,massimilianoghiotto_6254,baseline,13417,15.495722161409528,3000,1.4979102709402277,25.48338054799275,region and room-fill synthesizer,detect boundary colors and line-grid rooms; prefer closed-form room masks over flood-fill unroll; try row/column prefix reductions before dilation,static row/column ReduceSum masks; small Conv kernels; single-pass room mask Where,radius-scale flood-fill unroll; many-step dilation; dynamic full-grid color map,boundary/interior semantics fit train examples; sample validation pass; unroll count is justified by cost gate; cost is lower than current selected ONNX,"task125: validation pass, cost < 13417, target cost <= 3000, static/banned-op gate pass",medium,medium-high
157,174,phase2_7000_submit_safe,signature_lookup_current,crop_or_resize,exp023_graph_surgery_exp016_surgery_prune_unused_initializers,surgery_prune_unused_initializers,12963,15.530145575399958,3000,1.4634868569497979,25.45472299409802,lookup compression and rule extraction,mine train/test signatures for invariant features; fit a shallow decision tree or affine hash over colors/shapes/anchors; attempt DSL replacement before another lookup variant,small Gather over learned color roles; constant Slice/Gather for extracted crop cases; initializer-pruned decision tree,large per-example ScatterND coordinate table; full arc-gen memorization; dynamic hash table with large MatMul,all train/test examples pass; arc-gen sample pass; rule description does not mention hidden labels; cost is lower than current selected ONNX,"task174: validation pass, cost < 12963, target cost <= 3000, static/banned-op gate pass",high,high until replaced by rule
158,79,phase2_7000_submit_safe,signature_lookup_current,crop_or_resize,exp023_graph_surgery_exp016_surgery_prune_unused_initializers,surgery_prune_unused_initializers,12835,15.54006890669476,3000,1.453563525654996,25.3455663498552,lookup compression and rule extraction,mine train/test signatures for invariant features; fit a shallow decision tree or affine hash over colors/shapes/anchors; attempt DSL replacement before another lookup variant,small Gather over learned color roles; constant Slice/Gather for extracted crop cases; initializer-pruned decision tree,large per-example ScatterND coordinate table; full arc-gen memorization; dynamic hash table with large MatMul,all train/test examples pass; arc-gen sample pass; rule description does not mention hidden labels; cost is lower than current selected ONNX,"task079: validation pass, cost < 12835, target cost <= 3000, static/banned-op gate pass",high,high until replaced by rule
159,271,phase2_7000_submit_safe,signature_lookup_current,crop_or_resize,exp023_graph_surgery_exp016_surgery_prune_unused_initializers,surgery_prune_unused_initializers,12732,15.548126211598017,3000,1.4455062207517386,25.25693599591937,lookup compression and rule extraction,mine train/test signatures for invariant features; fit a shallow decision tree or affine hash over colors/shapes/anchors; attempt DSL replacement before another lookup variant,small Gather over learned color roles; constant Slice/Gather for extracted crop cases; initializer-pruned decision tree,large per-example ScatterND coordinate table; full arc-gen memorization; dynamic hash table with large MatMul,all train/test examples pass; arc-gen sample pass; rule description does not mention hidden labels; cost is lower than current selected ONNX,"task271: validation pass, cost < 12732, target cost <= 3000, static/banned-op gate pass",high,high until replaced by rule
160,218,phase2_7000_submit_safe,signature_lookup_current,crop_or_resize,exp023_graph_surgery_exp016_surgery_prune_unused_initializers,surgery_prune_unused_initializers,12611,15.557675272044126,3000,1.4359571603056303,25.15189633101218,lookup compression and rule extraction,mine train/test signatures for invariant features; fit a shallow decision tree or affine hash over colors/shapes/anchors; attempt DSL replacement before another lookup variant,small Gather over learned color roles; constant Slice/Gather for extracted crop cases; initializer-pruned decision tree,large per-example ScatterND coordinate table; full arc-gen memorization; dynamic hash table with large MatMul,all train/test examples pass; arc-gen sample pass; rule description does not mention hidden labels; cost is lower than current selected ONNX,"task218: validation pass, cost < 12611, target cost <= 3000, static/banned-op gate pass",high,high until replaced by rule
161,242,phase2_7000_submit_safe,signature_lookup_current,crop_or_resize,exp023_graph_surgery_exp016_surgery_prune_unused_initializers,surgery_prune_unused_initializers,12611,15.557675272044126,3000,1.4359571603056303,25.15189633101218,lookup compression and rule extraction,mine train/test signatures for invariant features; fit a shallow decision tree or affine hash over colors/shapes/anchors; attempt DSL replacement before another lookup variant,small Gather over learned color roles; constant Slice/Gather for extracted crop cases; initializer-pruned decision tree,large per-example ScatterND coordinate table; full arc-gen memorization; dynamic hash table with large MatMul,all train/test examples pass; arc-gen sample pass; rule description does not mention hidden labels; cost is lower than current selected ONNX,"task242: validation pass, cost < 12611, target cost <= 3000, static/banned-op gate pass",high,high until replaced by rule
162,93,phase2_7000_submit_safe,signature_lookup_current,sparse_edit_or_object_completion,exp023_graph_surgery_exp016_surgery_prune_unused_initializers,surgery_prune_unused_initializers,12539,15.563400933809461,3000,1.4302314985402944,25.088914051593484,lookup compression and rule extraction,mine train/test signatures for invariant features; fit a shallow decision tree or affine hash over colors/shapes/anchors; attempt DSL replacement before another lookup variant,small Gather over learned color roles; constant Slice/Gather for extracted crop cases; initializer-pruned decision tree,large per-example ScatterND coordinate table; full arc-gen memorization; dynamic hash table with large MatMul,all train/test examples pass; arc-gen sample pass; rule description does not mention hidden labels; cost is lower than current selected ONNX,"task093: validation pass, cost < 12539, target cost <= 3000, static/banned-op gate pass",high,high until replaced by rule
163,130,phase2_7000_submit_safe,signature_lookup_current,crop_or_resize,exp023_graph_surgery_exp016_surgery_prune_unused_initializers,surgery_prune_unused_initializers,12490,15.567316396880377,3000,1.4263160354693785,25.04584395781341,lookup compression and rule extraction,mine train/test signatures for invariant features; fit a shallow decision tree or affine hash over colors/shapes/anchors; attempt DSL replacement before another lookup variant,small Gather over learned color roles; constant Slice/Gather for extracted crop cases; initializer-pruned decision tree,large per-example ScatterND coordinate table; full arc-gen memorization; dynamic hash table with large MatMul,all train/test examples pass; arc-gen sample pass; rule description does not mention hidden labels; cost is lower than current selected ONNX,"task130: validation pass, cost < 12490, target cost <= 3000, static/banned-op gate pass",high,high until replaced by rule
164,217,phase2_7000_submit_safe,signature_lookup_current,sparse_edit_or_object_completion,exp023_graph_surgery_exp016_surgery_prune_unused_initializers,surgery_prune_unused_initializers,12475,15.568518079380281,3000,1.4251143529694748,25.03262545031447,lookup compression and rule extraction,mine train/test signatures for invariant features; fit a shallow decision tree or affine hash over colors/shapes/anchors; attempt DSL replacement before another lookup variant,small Gather over learned color roles; constant Slice/Gather for extracted crop cases; initializer-pruned decision tree,large per-example ScatterND coordinate table; full arc-gen memorization; dynamic hash table with large MatMul,all train/test examples pass; arc-gen sample pass; rule description does not mention hidden labels; cost is lower than current selected ONNX,"task217: validation pass, cost < 12475, target cost <= 3000, static/banned-op gate pass",high,high until replaced by rule
165,184,phase2_7000_submit_safe,signature_lookup_current,crop_or_resize,exp023_graph_surgery_exp016_surgery_prune_unused_initializers,surgery_prune_unused_initializers,12387,15.5755971854458,3000,1.4180352469039565,24.95475528359377,lookup compression and rule extraction,mine train/test signatures for invariant features; fit a shallow decision tree or affine hash over colors/shapes/anchors; attempt DSL replacement before another lookup variant,small Gather over learned color roles; constant Slice/Gather for extracted crop cases; initializer-pruned decision tree,large per-example ScatterND coordinate table; full arc-gen memorization; dynamic hash table with large MatMul,all train/test examples pass; arc-gen sample pass; rule description does not mention hidden labels; cost is lower than current selected ONNX,"task184: validation pass, cost < 12387, target cost <= 3000, static/banned-op gate pass",high,high until replaced by rule
166,182,phase2_7000_submit_safe,signature_lookup_current,sparse_edit_or_object_completion,exp023_graph_surgery_exp016_surgery_prune_unused_initializers,surgery_prune_unused_initializers,12364,15.577455696747993,3000,1.4161767356017627,24.934311659269635,lookup compression and rule extraction,mine train/test signatures for invariant features; fit a shallow decision tree or affine hash over colors/shapes/anchors; attempt DSL replacement before another lookup variant,small Gather over learned color roles; constant Slice/Gather for extracted crop cases; initializer-pruned decision tree,large per-example ScatterND coordinate table; full arc-gen memorization; dynamic hash table with large MatMul,all train/test examples pass; arc-gen sample pass; rule description does not mention hidden labels; cost is lower than current selected ONNX,"task182: validation pass, cost < 12364, target cost <= 3000, static/banned-op gate pass",high,high until replaced by rule
167,68,phase2_7000_submit_safe,sparse_edit_or_object_completion,sparse_edit_or_object_completion,massimilianoghiotto_6254,baseline,12589,15.55942130423374,3000,1.434211128116015,24.78268997692641,sparse edit and object completion enumerator,"derive changed-cell mask and color roles; fit local neighborhood, component, or ray rule; emit sparse coordinate program only if index table is tiny",small Conv kernels; GatherND/ScatterND with few coordinates; Equal plus single Where for small masks,full-grid Where chain; large coordinate initializer; unrolled iterative fill without cost forecast,changed-cell rule explains all train diffs; arc-gen sample pass; coordinate table remains below gate; cost is lower than current selected ONNX,"task068: validation pass, cost < 12589, target cost <= 3000, static/banned-op gate pass",medium,medium
168,265,phase2_7000_submit_safe,signature_lookup_current,sparse_edit_or_object_completion,exp023_graph_surgery_exp016_surgery_prune_unused_initializers,surgery_prune_unused_initializers,12187,15.591874911176498,3000,1.4017575211732574,24.775700300556075,lookup compression and rule extraction,mine train/test signatures for invariant features; fit a shallow decision tree or affine hash over colors/shapes/anchors; attempt DSL replacement before another lookup variant,small Gather over learned color roles; constant Slice/Gather for extracted crop cases; initializer-pruned decision tree,large per-example ScatterND coordinate table; full arc-gen memorization; dynamic hash table with large MatMul,all train/test examples pass; arc-gen sample pass; rule description does not mention hidden labels; cost is lower than current selected ONNX,"task265: validation pass, cost < 12187, target cost <= 3000, static/banned-op gate pass",high,high until replaced by rule
169,260,phase2_7000_submit_safe,sparse_edit_or_object_completion,sparse_edit_or_object_completion,massimilianoghiotto_6254,baseline,12474,15.568598242913932,3000,1.4250341894358236,24.681743651444304,sparse edit and object completion enumerator,"derive changed-cell mask and color roles; fit local neighborhood, component, or ray rule; emit sparse coordinate program only if index table is tiny",small Conv kernels; GatherND/ScatterND with few coordinates; Equal plus single Where for small masks,full-grid Where chain; large coordinate initializer; unrolled iterative fill without cost forecast,changed-cell rule explains all train diffs; arc-gen sample pass; coordinate table remains below gate; cost is lower than current selected ONNX,"task260: validation pass, cost < 12474, target cost <= 3000, static/banned-op gate pass",medium,medium
170,162,phase2_7000_submit_safe,signature_lookup_current,sparse_edit_or_object_completion,exp023_graph_surgery_exp016_surgery_prune_unused_initializers,surgery_prune_unused_initializers,12027,15.605090598689383,3000,1.3885418336603728,24.630327737914346,lookup compression and rule extraction,mine train/test signatures for invariant features; fit a shallow decision tree or affine hash over colors/shapes/anchors; attempt DSL replacement before another lookup variant,small Gather over learned color roles; constant Slice/Gather for extracted crop cases; initializer-pruned decision tree,large per-example ScatterND coordinate table; full arc-gen memorization; dynamic hash table with large MatMul,all train/test examples pass; arc-gen sample pass; rule description does not mention hidden labels; cost is lower than current selected ONNX,"task162: validation pass, cost < 12027, target cost <= 3000, static/banned-op gate pass",high,high until replaced by rule
171,134,phase2_7000_submit_safe,crop_resize,crop_or_resize,massimilianoghiotto_6254,baseline,12388,15.575516458906906,3000,1.4181159734428501,24.605643275521594,object-anchor crop/resize synthesizer,"enumerate fixed crop, object-centered crop, mask-color crop; fit output shape rule from train examples; prefer constant Slice before dynamic bbox",Slice with constant starts/ends; Gather over static row/column indices; small Pad/Concat only when shape is fixed,NonZero or Compress bbox extraction; full-grid Tile plus mask; large ScatterND for every output cell,shape rule fits every train pair; sample validation pass; no dynamic shape tensors; cost target is met before full validation,"task134: validation pass, cost < 12388, target cost <= 3000, static/banned-op gate pass",medium,medium
172,166,phase2_7000_submit_safe,signature_lookup_current,sparse_edit_or_object_completion,exp023_graph_surgery_exp016_surgery_prune_unused_initializers,surgery_prune_unused_initializers,11867,15.61848328233486,3000,1.3751491500148951,24.483008217814092,lookup compression and rule extraction,mine train/test signatures for invariant features; fit a shallow decision tree or affine hash over colors/shapes/anchors; attempt DSL replacement before another lookup variant,small Gather over learned color roles; constant Slice/Gather for extracted crop cases; initializer-pruned decision tree,large per-example ScatterND coordinate table; full arc-gen memorization; dynamic hash table with large MatMul,all train/test examples pass; arc-gen sample pass; rule description does not mention hidden labels; cost is lower than current selected ONNX,"task166: validation pass, cost < 11867, target cost <= 3000, static/banned-op gate pass",high,high until replaced by rule
173,295,phase2_7000_submit_safe,crop_resize,crop_or_resize,vyanktesh_multi_source_output,baseline,12190,15.591628777524683,3000,1.402003654825073,24.428407770726047,object-anchor crop/resize synthesizer,"enumerate fixed crop, object-centered crop, mask-color crop; fit output shape rule from train examples; prefer constant Slice before dynamic bbox",Slice with constant starts/ends; Gather over static row/column indices; small Pad/Concat only when shape is fixed,NonZero or Compress bbox extraction; full-grid Tile plus mask; large ScatterND for every output cell,shape rule fits every train pair; sample validation pass; no dynamic shape tensors; cost target is met before full validation,"task295: validation pass, cost < 12190, target cost <= 3000, static/banned-op gate pass",medium,medium
174,131,phase2_7000_submit_safe,signature_lookup_current,sparse_edit_or_object_completion,exp023_graph_surgery_exp016_surgery_prune_unused_initializers,surgery_prune_unused_initializers,11707,15.632057767520328,3000,1.361574664829428,24.333688880773956,lookup compression and rule extraction,mine train/test signatures for invariant features; fit a shallow decision tree or affine hash over colors/shapes/anchors; attempt DSL replacement before another lookup variant,small Gather over learned color roles; constant Slice/Gather for extracted crop cases; initializer-pruned decision tree,large per-example ScatterND coordinate table; full arc-gen memorization; dynamic hash table with large MatMul,all train/test examples pass; arc-gen sample pass; rule description does not mention hidden labels; cost is lower than current selected ONNX,"task131: validation pass, cost < 11707, target cost <= 3000, static/banned-op gate pass",high,high until replaced by rule
175,89,phase2_7000_submit_safe,signature_lookup_current,sparse_edit_or_object_completion,exp023_graph_surgery_exp016_surgery_prune_unused_initializers,surgery_prune_unused_initializers,11703,15.632399501825233,3000,1.3612329305245225,24.329929803419994,lookup compression and rule extraction,mine train/test signatures for invariant features; fit a shallow decision tree or affine hash over colors/shapes/anchors; attempt DSL replacement before another lookup variant,small Gather over learned color roles; constant Slice/Gather for extracted crop cases; initializer-pruned decision tree,large per-example ScatterND coordinate table; full arc-gen memorization; dynamic hash table with large MatMul,all train/test examples pass; arc-gen sample pass; rule description does not mention hidden labels; cost is lower than current selected ONNX,"task089: validation pass, cost < 11703, target cost <= 3000, static/banned-op gate pass",high,high until replaced by rule
176,30,phase2_7000_submit_safe,sparse_edit_or_object_completion,sparse_edit_or_object_completion,massimilianoghiotto_6254,baseline,11998,15.607504751786962,3000,1.3861276805627938,24.253772053840976,sparse edit and object completion enumerator,"derive changed-cell mask and color roles; fit local neighborhood, component, or ray rule; emit sparse coordinate program only if index table is tiny",small Conv kernels; GatherND/ScatterND with few coordinates; Equal plus single Where for small masks,full-grid Where chain; large coordinate initializer; unrolled iterative fill without cost forecast,changed-cell rule explains all train diffs; arc-gen sample pass; coordinate table remains below gate; cost is lower than current selected ONNX,"task030: validation pass, cost < 11998, target cost <= 3000, static/banned-op gate pass",medium,medium
177,355,phase2_7000_submit_safe,signature_lookup_current,crop_or_resize,exp023_graph_surgery_exp016_surgery_prune_unused_initializers,surgery_prune_unused_initializers,11622,15.639344867364949,3000,1.3542875649848067,24.253530782483118,lookup compression and rule extraction,mine train/test signatures for invariant features; fit a shallow decision tree or affine hash over colors/shapes/anchors; attempt DSL replacement before another lookup variant,small Gather over learned color roles; constant Slice/Gather for extracted crop cases; initializer-pruned decision tree,large per-example ScatterND coordinate table; full arc-gen memorization; dynamic hash table with large MatMul,all train/test examples pass; arc-gen sample pass; rule description does not mention hidden labels; cost is lower than current selected ONNX,"task355: validation pass, cost < 11622, target cost <= 3000, static/banned-op gate pass",high,high until replaced by rule
178,362,phase2_7000_submit_safe,region_partition_fill,sparse_edit_or_object_completion,massimilianoghiotto_6254,baseline,11939,15.612434368654611,3000,1.3811980636951446,24.199546268296835,region and room-fill synthesizer,detect boundary colors and line-grid rooms; prefer closed-form room masks over flood-fill unroll; try row/column prefix reductions before dilation,static row/column ReduceSum masks; small Conv kernels; single-pass room mask Where,radius-scale flood-fill unroll; many-step dilation; dynamic full-grid color map,boundary/interior semantics fit train examples; sample validation pass; unroll count is justified by cost gate; cost is lower than current selected ONNX,"task362: validation pass, cost < 11939, target cost <= 3000, static/banned-op gate pass",medium,medium-high
179,370,phase2_7000_submit_safe,signature_lookup_current,sparse_edit_or_object_completion,exp023_graph_surgery_exp016_surgery_prune_unused_initializers,surgery_prune_unused_initializers,11547,15.645819058048144,3000,1.3478133743016123,24.18231468496798,lookup compression and rule extraction,mine train/test signatures for invariant features; fit a shallow decision tree or affine hash over colors/shapes/anchors; attempt DSL replacement before another lookup variant,small Gather over learned color roles; constant Slice/Gather for extracted crop cases; initializer-pruned decision tree,large per-example ScatterND coordinate table; full arc-gen memorization; dynamic hash table with large MatMul,all train/test examples pass; arc-gen sample pass; rule description does not mention hidden labels; cost is lower than current selected ONNX,"task370: validation pass, cost < 11547, target cost <= 3000, static/banned-op gate pass",high,high until replaced by rule
180,345,phase2_7000_submit_safe,point_to_line_pattern,sparse_edit_or_object_completion,massimilianoghiotto_6254,baseline,11716,15.631289292052376,3000,1.36234314029738,23.992142110921424,seed-to-pattern grammar,"identify seed colors and directions; enumerate rays, periodic diagonal shifts, boxes, and reflected motifs; bind colors through roles rather than absolute labels when possible",constant affine coordinate masks; small Conv kernels for line detection; Gather/Where over precomputed row-column masks,per-cell ScatterND table; full-grid iterative ray propagation; Where chain over all periods,direction/period inferred from train examples; sample validation pass; private-like rule note names the invariant; cost is lower than current selected ONNX,"task345: validation pass, cost < 11716, target cost <= 3000, static/banned-op gate pass",medium,medium
181,290,phase2_7000_submit_safe,crop_resize,crop_or_resize,massimilianoghiotto_6254,baseline,11708,15.631972352188223,3000,1.361660080161533,23.984628449427106,object-anchor crop/resize synthesizer,"enumerate fixed crop, object-centered crop, mask-color crop; fit output shape rule from train examples; prefer constant Slice before dynamic bbox",Slice with constant starts/ends; Gather over static row/column indices; small Pad/Concat only when shape is fixed,NonZero or Compress bbox extraction; full-grid Tile plus mask; large ScatterND for every output cell,shape rule fits every train pair; sample validation pass; no dynamic shape tensors; cost target is met before full validation,"task290: validation pass, cost < 11708, target cost <= 3000, static/banned-op gate pass",medium,medium
182,124,phase2_7000_submit_safe,crop_resize,crop_or_resize,massimilianoghiotto_6254,baseline,11673,15.634966238347337,3000,1.358666194002419,23.951695701676854,object-anchor crop/resize synthesizer,"enumerate fixed crop, object-centered crop, mask-color crop; fit output shape rule from train examples; prefer constant Slice before dynamic bbox",Slice with constant starts/ends; Gather over static row/column indices; small Pad/Concat only when shape is fixed,NonZero or Compress bbox extraction; full-grid Tile plus mask; large ScatterND for every output cell,shape rule fits every train pair; sample validation pass; no dynamic shape tensors; cost target is met before full validation,"task124: validation pass, cost < 11673, target cost <= 3000, static/banned-op gate pass",medium,medium
183,374,phase2_7000_submit_safe,signature_lookup_current,sparse_edit_or_object_completion,exp023_graph_surgery_exp016_surgery_prune_unused_initializers,surgery_prune_unused_initializers,11254,15.671521100006776,3000,1.3221113323429794,23.89959222342302,lookup compression and rule extraction,mine train/test signatures for invariant features; fit a shallow decision tree or affine hash over colors/shapes/anchors; attempt DSL replacement before another lookup variant,small Gather over learned color roles; constant Slice/Gather for extracted crop cases; initializer-pruned decision tree,large per-example ScatterND coordinate table; full arc-gen memorization; dynamic hash table with large MatMul,all train/test examples pass; arc-gen sample pass; rule description does not mention hidden labels; cost is lower than current selected ONNX,"task374: validation pass, cost < 11254, target cost <= 3000, static/banned-op gate pass",high,high until replaced by rule
184,12,phase2_7000_submit_safe,signature_lookup_current,sparse_edit_or_object_completion,exp023_graph_surgery_exp016_surgery_prune_unused_initializers,surgery_prune_unused_initializers,11213,15.675170901539119,3000,1.3184615308106373,23.859444406567256,lookup compression and rule extraction,mine train/test signatures for invariant features; fit a shallow decision tree or affine hash over colors/shapes/anchors; attempt DSL replacement before another lookup variant,small Gather over learned color roles; constant Slice/Gather for extracted crop cases; initializer-pruned decision tree,large per-example ScatterND coordinate table; full arc-gen memorization; dynamic hash table with large MatMul,all train/test examples pass; arc-gen sample pass; rule description does not mention hidden labels; cost is lower than current selected ONNX,"task012: validation pass, cost < 11213, target cost <= 3000, static/banned-op gate pass",high,high until replaced by rule
185,78,phase2_7000_submit_safe,sparse_edit_or_object_completion,sparse_edit_or_object_completion,massimilianoghiotto_6254,baseline,11496,15.65024557224114,3000,1.343386860108616,23.78362302884502,sparse edit and object completion enumerator,"derive changed-cell mask and color roles; fit local neighborhood, component, or ray rule; emit sparse coordinate program only if index table is tiny",small Conv kernels; GatherND/ScatterND with few coordinates; Equal plus single Where for small masks,full-grid Where chain; large coordinate initializer; unrolled iterative fill without cost forecast,changed-cell rule explains all train diffs; arc-gen sample pass; coordinate table remains below gate; cost is lower than current selected ONNX,"task078: validation pass, cost < 11496, target cost <= 3000, static/banned-op gate pass",medium,medium
186,193,phase2_7000_submit_safe,signature_lookup_current,sparse_edit_or_object_completion,exp023_graph_surgery_exp016_surgery_prune_unused_initializers,surgery_prune_unused_initializers,11099,15.68538970684802,3000,1.308242725501735,23.74703754816933,lookup compression and rule extraction,mine train/test signatures for invariant features; fit a shallow decision tree or affine hash over colors/shapes/anchors; attempt DSL replacement before another lookup variant,small Gather over learned color roles; constant Slice/Gather for extracted crop cases; initializer-pruned decision tree,large per-example ScatterND coordinate table; full arc-gen memorization; dynamic hash table with large MatMul,all train/test examples pass; arc-gen sample pass; rule description does not mention hidden labels; cost is lower than current selected ONNX,"task193: validation pass, cost < 11099, target cost <= 3000, static/banned-op gate pass",high,high until replaced by rule
187,343,phase2_7000_submit_safe,signature_lookup_current,sparse_edit_or_object_completion,exp023_graph_surgery_exp016_surgery_prune_unused_initializers,surgery_prune_unused_initializers,11099,15.68538970684802,3000,1.308242725501735,23.74703754816933,lookup compression and rule extraction,mine train/test signatures for invariant features; fit a shallow decision tree or affine hash over colors/shapes/anchors; attempt DSL replacement before another lookup variant,small Gather over learned color roles; constant Slice/Gather for extracted crop cases; initializer-pruned decision tree,large per-example ScatterND coordinate table; full arc-gen memorization; dynamic hash table with large MatMul,all train/test examples pass; arc-gen sample pass; rule description does not mention hidden labels; cost is lower than current selected ONNX,"task343: validation pass, cost < 11099, target cost <= 3000, static/banned-op gate pass",high,high until replaced by rule
188,340,phase2_7000_submit_safe,signature_lookup_current,sparse_edit_or_object_completion,exp023_graph_surgery_exp016_surgery_prune_unused_initializers,surgery_prune_unused_initializers,10939,15.69991033588021,3000,1.293722096469546,23.587310628815253,lookup compression and rule extraction,mine train/test signatures for invariant features; fit a shallow decision tree or affine hash over colors/shapes/anchors; attempt DSL replacement before another lookup variant,small Gather over learned color roles; constant Slice/Gather for extracted crop cases; initializer-pruned decision tree,large per-example ScatterND coordinate table; full arc-gen memorization; dynamic hash table with large MatMul,all train/test examples pass; arc-gen sample pass; rule description does not mention hidden labels; cost is lower than current selected ONNX,"task340: validation pass, cost < 10939, target cost <= 3000, static/banned-op gate pass",high,high until replaced by rule
189,23,phase2_7000_submit_safe,signature_lookup_current,sparse_edit_or_object_completion,exp023_graph_surgery_exp016_surgery_prune_unused_initializers,surgery_prune_unused_initializers,10875,15.705778144043116,3000,1.2878542883066402,23.522764739023287,lookup compression and rule extraction,mine train/test signatures for invariant features; fit a shallow decision tree or affine hash over colors/shapes/anchors; attempt DSL replacement before another lookup variant,small Gather over learned color roles; constant Slice/Gather for extracted crop cases; initializer-pruned decision tree,large per-example ScatterND coordinate table; full arc-gen memorization; dynamic hash table with large MatMul,all train/test examples pass; arc-gen sample pass; rule description does not mention hidden labels; cost is lower than current selected ONNX,"task023: validation pass, cost < 10875, target cost <= 3000, static/banned-op gate pass",high,high until replaced by rule
190,66,phase2_7000_submit_safe,signature_lookup_current,sparse_edit_or_object_completion,exp023_graph_surgery_exp016_surgery_prune_unused_initializers,surgery_prune_unused_initializers,10875,15.705778144043116,3000,1.2878542883066402,23.522764739023287,lookup compression and rule extraction,mine train/test signatures for invariant features; fit a shallow decision tree or affine hash over colors/shapes/anchors; attempt DSL replacement before another lookup variant,small Gather over learned color roles; constant Slice/Gather for extracted crop cases; initializer-pruned decision tree,large per-example ScatterND coordinate table; full arc-gen memorization; dynamic hash table with large MatMul,all train/test examples pass; arc-gen sample pass; rule description does not mention hidden labels; cost is lower than current selected ONNX,"task066: validation pass, cost < 10875, target cost <= 3000, static/banned-op gate pass",high,high until replaced by rule
191,208,phase2_7000_submit_safe,signature_lookup_current,sparse_edit_or_object_completion,exp023_graph_surgery_exp016_surgery_prune_unused_initializers,surgery_prune_unused_initializers,10875,15.705778144043116,3000,1.2878542883066402,23.522764739023287,lookup compression and rule extraction,mine train/test signatures for invariant features; fit a shallow decision tree or affine hash over colors/shapes/anchors; attempt DSL replacement before another lookup variant,small Gather over learned color roles; constant Slice/Gather for extracted crop cases; initializer-pruned decision tree,large per-example ScatterND coordinate table; full arc-gen memorization; dynamic hash table with large MatMul,all train/test examples pass; arc-gen sample pass; rule description does not mention hidden labels; cost is lower than current selected ONNX,"task208: validation pass, cost < 10875, target cost <= 3000, static/banned-op gate pass",high,high until replaced by rule
192,251,phase2_7000_submit_safe,signature_lookup_current,sparse_edit_or_object_completion,exp023_graph_surgery_exp016_surgery_prune_unused_initializers,surgery_prune_unused_initializers,10875,15.705778144043116,3000,1.2878542883066402,23.522764739023287,lookup compression and rule extraction,mine train/test signatures for invariant features; fit a shallow decision tree or affine hash over colors/shapes/anchors; attempt DSL replacement before another lookup variant,small Gather over learned color roles; constant Slice/Gather for extracted crop cases; initializer-pruned decision tree,large per-example ScatterND coordinate table; full arc-gen memorization; dynamic hash table with large MatMul,all train/test examples pass; arc-gen sample pass; rule description does not mention hidden labels; cost is lower than current selected ONNX,"task251: validation pass, cost < 10875, target cost <= 3000, static/banned-op gate pass",high,high until replaced by rule
193,153,phase2_7000_submit_safe,crop_resize,crop_or_resize,kojimar_5800_minimal_blend,baseline,11212,15.675260087715321,3000,1.3183723446344349,23.50846335862903,object-anchor crop/resize synthesizer,"enumerate fixed crop, object-centered crop, mask-color crop; fit output shape rule from train examples; prefer constant Slice before dynamic bbox",Slice with constant starts/ends; Gather over static row/column indices; small Pad/Concat only when shape is fixed,NonZero or Compress bbox extraction; full-grid Tile plus mask; large ScatterND for every output cell,shape rule fits every train pair; sample validation pass; no dynamic shape tensors; cost target is met before full validation,"task153: validation pass, cost < 11212, target cost <= 3000, static/banned-op gate pass",medium,medium
194,360,phase2_7000_submit_safe,crop_resize,crop_or_resize,afr1ste_5689_artifact,baseline,11146,15.681164031870518,3000,1.3124684004792382,23.443519972921862,object-anchor crop/resize synthesizer,"enumerate fixed crop, object-centered crop, mask-color crop; fit output shape rule from train examples; prefer constant Slice before dynamic bbox",Slice with constant starts/ends; Gather over static row/column indices; small Pad/Concat only when shape is fixed,NonZero or Compress bbox extraction; full-grid Tile plus mask; large ScatterND for every output cell,shape rule fits every train pair; sample validation pass; no dynamic shape tensors; cost target is met before full validation,"task360: validation pass, cost < 11146, target cost <= 3000, static/banned-op gate pass",medium,medium
195,64,phase2_7000_submit_safe,signature_lookup_current,sparse_edit_or_object_completion,exp023_graph_surgery_exp016_surgery_prune_unused_initializers,surgery_prune_unused_initializers,10771,15.71538738364923,3000,1.2782450487005264,23.417063103356035,lookup compression and rule extraction,mine train/test signatures for invariant features; fit a shallow decision tree or affine hash over colors/shapes/anchors; attempt DSL replacement before another lookup variant,small Gather over learned color roles; constant Slice/Gather for extracted crop cases; initializer-pruned decision tree,large per-example ScatterND coordinate table; full arc-gen memorization; dynamic hash table with large MatMul,all train/test examples pass; arc-gen sample pass; rule description does not mention hidden labels; cost is lower than current selected ONNX,"task064: validation pass, cost < 10771, target cost <= 3000, static/banned-op gate pass",high,high until replaced by rule
196,8,phase2_7000_submit_safe,signature_lookup_current,sparse_edit_or_object_completion,exp023_graph_surgery_exp016_surgery_prune_unused_initializers,surgery_prune_unused_initializers,10555,15.735645039717578,3000,1.2579873926321774,23.194228886604197,lookup compression and rule extraction,mine train/test signatures for invariant features; fit a shallow decision tree or affine hash over colors/shapes/anchors; attempt DSL replacement before another lookup variant,small Gather over learned color roles; constant Slice/Gather for extracted crop cases; initializer-pruned decision tree,large per-example ScatterND coordinate table; full arc-gen memorization; dynamic hash table with large MatMul,all train/test examples pass; arc-gen sample pass; rule description does not mention hidden labels; cost is lower than current selected ONNX,"task008: validation pass, cost < 10555, target cost <= 3000, static/banned-op gate pass",high,high until replaced by rule
197,77,phase2_7000_submit_safe,signature_lookup_current,sparse_edit_or_object_completion,exp023_graph_surgery_exp016_surgery_prune_unused_initializers,surgery_prune_unused_initializers,10491,15.741726974268515,3000,1.2519054580812412,23.1273276065439,lookup compression and rule extraction,mine train/test signatures for invariant features; fit a shallow decision tree or affine hash over colors/shapes/anchors; attempt DSL replacement before another lookup variant,small Gather over learned color roles; constant Slice/Gather for extracted crop cases; initializer-pruned decision tree,large per-example ScatterND coordinate table; full arc-gen memorization; dynamic hash table with large MatMul,all train/test examples pass; arc-gen sample pass; rule description does not mention hidden labels; cost is lower than current selected ONNX,"task077: validation pass, cost < 10491, target cost <= 3000, static/banned-op gate pass",high,high until replaced by rule
198,25,phase2_7000_submit_safe,signature_lookup_current,sparse_edit_or_object_completion,exp023_graph_surgery_exp016_surgery_prune_unused_initializers,surgery_prune_unused_initializers,10331,15.757095637150554,3000,1.2365367951992017,22.958272314841466,lookup compression and rule extraction,mine train/test signatures for invariant features; fit a shallow decision tree or affine hash over colors/shapes/anchors; attempt DSL replacement before another lookup variant,small Gather over learned color roles; constant Slice/Gather for extracted crop cases; initializer-pruned decision tree,large per-example ScatterND coordinate table; full arc-gen memorization; dynamic hash table with large MatMul,all train/test examples pass; arc-gen sample pass; rule description does not mention hidden labels; cost is lower than current selected ONNX,"task025: validation pass, cost < 10331, target cost <= 3000, static/banned-op gate pass",high,high until replaced by rule
199,188,phase2_7000_submit_safe,crop_resize,crop_or_resize,afr1ste_5689_artifact,baseline,10664,15.725371138141455,3000,1.2682612942083011,22.957241803941557,object-anchor crop/resize synthesizer,"enumerate fixed crop, object-centered crop, mask-color crop; fit output shape rule from train examples; prefer constant Slice before dynamic bbox",Slice with constant starts/ends; Gather over static row/column indices; small Pad/Concat only when shape is fixed,NonZero or Compress bbox extraction; full-grid Tile plus mask; large ScatterND for every output cell,shape rule fits every train pair; sample validation pass; no dynamic shape tensors; cost target is met before full validation,"task188: validation pass, cost < 10664, target cost <= 3000, static/banned-op gate pass",medium,medium
200,94,phase2_7000_submit_safe,region_partition_fill,sparse_edit_or_object_completion,massimilianoghiotto_6254,baseline,10453,15.745355702467293,3000,1.2482767298824626,22.737411596357333,region and room-fill synthesizer,detect boundary colors and line-grid rooms; prefer closed-form room masks over flood-fill unroll; try row/column prefix reductions before dilation,static row/column ReduceSum masks; small Conv kernels; single-pass room mask Where,radius-scale flood-fill unroll; many-step dilation; dynamic full-grid color map,boundary/interior semantics fit train examples; sample validation pass; unroll count is justified by cost gate; cost is lower than current selected ONNX,"task094: validation pass, cost < 10453, target cost <= 3000, static/banned-op gate pass",medium,medium-high
201,397,phase3_7400_private_like,signature_lookup_current,sparse_edit_or_object_completion,exp023_graph_surgery_exp016_surgery_prune_unused_initializers,surgery_prune_unused_initializers,10235,15.76643150190461,1000,2.325813219113254,33.241700689227926,lookup compression and rule extraction,mine train/test signatures for invariant features; fit a shallow decision tree or affine hash over colors/shapes/anchors; attempt DSL replacement before another lookup variant,small Gather over learned color roles; constant Slice/Gather for extracted crop cases; initializer-pruned decision tree,large per-example ScatterND coordinate table; full arc-gen memorization; dynamic hash table with large MatMul,all train/test examples pass; arc-gen sample pass; rule description does not mention hidden labels; cost is lower than current selected ONNX,"task397: validation pass, cost < 10235, target cost <= 1000, static/banned-op gate pass",high,high until replaced by rule
202,102,phase3_7400_private_like,signature_lookup_current,sparse_edit_or_object_completion,exp023_graph_surgery_exp016_surgery_prune_unused_initializers,surgery_prune_unused_initializers,10233,15.766626928913245,1000,2.3256177921046177,33.23955099213293,lookup compression and rule extraction,mine train/test signatures for invariant features; fit a shallow decision tree or affine hash over colors/shapes/anchors; attempt DSL replacement before another lookup variant,small Gather over learned color roles; constant Slice/Gather for extracted crop cases; initializer-pruned decision tree,large per-example ScatterND coordinate table; full arc-gen memorization; dynamic hash table with large MatMul,all train/test examples pass; arc-gen sample pass; rule description does not mention hidden labels; cost is lower than current selected ONNX,"task102: validation pass, cost < 10233, target cost <= 1000, static/banned-op gate pass",high,high until replaced by rule
203,118,phase3_7400_private_like,signature_lookup_current,sparse_edit_or_object_completion,exp023_graph_surgery_exp016_surgery_prune_unused_initializers,surgery_prune_unused_initializers,10000,15.789659628023816,1000,2.302585092994047,32.98619130191665,lookup compression and rule extraction,mine train/test signatures for invariant features; fit a shallow decision tree or affine hash over colors/shapes/anchors; attempt DSL replacement before another lookup variant,small Gather over learned color roles; constant Slice/Gather for extracted crop cases; initializer-pruned decision tree,large per-example ScatterND coordinate table; full arc-gen memorization; dynamic hash table with large MatMul,all train/test examples pass; arc-gen sample pass; rule description does not mention hidden labels; cost is lower than current selected ONNX,"task118: validation pass, cost < 10000, target cost <= 1000, static/banned-op gate pass",high,high until replaced by rule
204,329,phase3_7400_private_like,sparse_edit_or_object_completion,sparse_edit_or_object_completion,massimilianoghiotto_6254,baseline,10260,15.76399188127524,1000,2.328252839742623,32.918536516150986,sparse edit and object completion enumerator,"derive changed-cell mask and color roles; fit local neighborhood, component, or ray rule; emit sparse coordinate program only if index table is tiny",small Conv kernels; GatherND/ScatterND with few coordinates; Equal plus single Where for small masks,full-grid Where chain; large coordinate initializer; unrolled iterative fill without cost forecast,changed-cell rule explains all train diffs; arc-gen sample pass; coordinate table remains below gate; cost is lower than current selected ONNX,"task329: validation pass, cost < 10260, target cost <= 1000, static/banned-op gate pass",medium,medium
205,270,phase3_7400_private_like,signature_lookup_current,sparse_edit_or_object_completion,exp023_graph_surgery_exp016_surgery_prune_unused_initializers,surgery_prune_unused_initializers,9819,15.80792543683071,1000,2.284319284187154,32.78526740504083,lookup compression and rule extraction,mine train/test signatures for invariant features; fit a shallow decision tree or affine hash over colors/shapes/anchors; attempt DSL replacement before another lookup variant,small Gather over learned color roles; constant Slice/Gather for extracted crop cases; initializer-pruned decision tree,large per-example ScatterND coordinate table; full arc-gen memorization; dynamic hash table with large MatMul,all train/test examples pass; arc-gen sample pass; rule description does not mention hidden labels; cost is lower than current selected ONNX,"task270: validation pass, cost < 9819, target cost <= 1000, static/banned-op gate pass",high,high until replaced by rule
206,169,phase3_7400_private_like,signature_lookup_current,sparse_edit_or_object_completion,exp023_graph_surgery_exp016_surgery_prune_unused_initializers,surgery_prune_unused_initializers,9787,15.81118974657418,1000,2.2810549744436823,32.74935999786264,lookup compression and rule extraction,mine train/test signatures for invariant features; fit a shallow decision tree or affine hash over colors/shapes/anchors; attempt DSL replacement before another lookup variant,small Gather over learned color roles; constant Slice/Gather for extracted crop cases; initializer-pruned decision tree,large per-example ScatterND coordinate table; full arc-gen memorization; dynamic hash table with large MatMul,all train/test examples pass; arc-gen sample pass; rule description does not mention hidden labels; cost is lower than current selected ONNX,"task169: validation pass, cost < 9787, target cost <= 1000, static/banned-op gate pass",high,high until replaced by rule
207,341,phase3_7400_private_like,signature_lookup_current,sparse_edit_or_object_completion,exp023_graph_surgery_exp016_surgery_prune_unused_initializers,surgery_prune_unused_initializers,9787,15.81118974657418,1000,2.2810549744436823,32.74935999786264,lookup compression and rule extraction,mine train/test signatures for invariant features; fit a shallow decision tree or affine hash over colors/shapes/anchors; attempt DSL replacement before another lookup variant,small Gather over learned color roles; constant Slice/Gather for extracted crop cases; initializer-pruned decision tree,large per-example ScatterND coordinate table; full arc-gen memorization; dynamic hash table with large MatMul,all train/test examples pass; arc-gen sample pass; rule description does not mention hidden labels; cost is lower than current selected ONNX,"task341: validation pass, cost < 9787, target cost <= 1000, static/banned-op gate pass",high,high until replaced by rule
208,246,phase3_7400_private_like,signature_lookup_current,sparse_edit_or_object_completion,exp023_graph_surgery_exp016_surgery_prune_unused_initializers,surgery_prune_unused_initializers,9755,15.814464746942788,1000,2.2777799740750755,32.71333499380797,lookup compression and rule extraction,mine train/test signatures for invariant features; fit a shallow decision tree or affine hash over colors/shapes/anchors; attempt DSL replacement before another lookup variant,small Gather over learned color roles; constant Slice/Gather for extracted crop cases; initializer-pruned decision tree,large per-example ScatterND coordinate table; full arc-gen memorization; dynamic hash table with large MatMul,all train/test examples pass; arc-gen sample pass; rule description does not mention hidden labels; cost is lower than current selected ONNX,"task246: validation pass, cost < 9755, target cost <= 1000, static/banned-op gate pass",high,high until replaced by rule
209,391,phase3_7400_private_like,crop_resize,crop_or_resize,massimilianoghiotto_6254,baseline,10021,15.787561829941671,1000,2.304682891076192,32.65926708082025,object-anchor crop/resize synthesizer,"enumerate fixed crop, object-centered crop, mask-color crop; fit output shape rule from train examples; prefer constant Slice before dynamic bbox",Slice with constant starts/ends; Gather over static row/column indices; small Pad/Concat only when shape is fixed,NonZero or Compress bbox extraction; full-grid Tile plus mask; large ScatterND for every output cell,shape rule fits every train pair; sample validation pass; no dynamic shape tensors; cost target is met before full validation,"task391: validation pass, cost < 10021, target cost <= 1000, static/banned-op gate pass",medium,medium
210,312,phase3_7400_private_like,sparse_edit_or_object_completion,sparse_edit_or_object_completion,massimilianoghiotto_6254,baseline,9979,15.791761836115688,1000,2.3004828849021752,32.613067012906065,sparse edit and object completion enumerator,"derive changed-cell mask and color roles; fit local neighborhood, component, or ray rule; emit sparse coordinate program only if index table is tiny",small Conv kernels; GatherND/ScatterND with few coordinates; Equal plus single Where for small masks,full-grid Where chain; large coordinate initializer; unrolled iterative fill without cost forecast,changed-cell rule explains all train diffs; arc-gen sample pass; coordinate table remains below gate; cost is lower than current selected ONNX,"task312: validation pass, cost < 9979, target cost <= 1000, static/banned-op gate pass",medium,medium
211,212,phase3_7400_private_like,line_grid_fill,sparse_edit_or_object_completion,afr1ste_5689_artifact,baseline,9969,15.792764442977296,1000,2.2994802780405674,32.602038337428375,"line, ray, and grid grammar",detect complete/incomplete rows and columns; enumerate line extension and crossing rules; fit stop conditions from blockers and colors,ReduceSum row/column masks; small Conv kernels; constant masks plus Where,per-cell ScatterND table; full-grid Tile; long Where chain,line stop condition is explicit; sample validation pass; static shape check pass; cost is lower than current selected ONNX,"task212: validation pass, cost < 9969, target cost <= 1000, static/banned-op gate pass",medium,medium
212,252,phase3_7400_private_like,signature_lookup_current,sparse_edit_or_object_completion,exp023_graph_surgery_exp016_surgery_prune_unused_initializers,surgery_prune_unused_initializers,9531,15.837695077062374,1000,2.254549643955489,32.45780136249251,lookup compression and rule extraction,mine train/test signatures for invariant features; fit a shallow decision tree or affine hash over colors/shapes/anchors; attempt DSL replacement before another lookup variant,small Gather over learned color roles; constant Slice/Gather for extracted crop cases; initializer-pruned decision tree,large per-example ScatterND coordinate table; full arc-gen memorization; dynamic hash table with large MatMul,all train/test examples pass; arc-gen sample pass; rule description does not mention hidden labels; cost is lower than current selected ONNX,"task252: validation pass, cost < 9531, target cost <= 1000, static/banned-op gate pass",high,high until replaced by rule
213,71,phase3_7400_private_like,signature_lookup_current,sparse_edit_or_object_completion,exp023_graph_surgery_exp016_surgery_prune_unused_initializers,surgery_prune_unused_initializers,9502,15.840742418253134,1000,2.251502302764729,32.42428060939416,lookup compression and rule extraction,mine train/test signatures for invariant features; fit a shallow decision tree or affine hash over colors/shapes/anchors; attempt DSL replacement before another lookup variant,small Gather over learned color roles; constant Slice/Gather for extracted crop cases; initializer-pruned decision tree,large per-example ScatterND coordinate table; full arc-gen memorization; dynamic hash table with large MatMul,all train/test examples pass; arc-gen sample pass; rule description does not mention hidden labels; cost is lower than current selected ONNX,"task071: validation pass, cost < 9502, target cost <= 1000, static/banned-op gate pass",high,high until replaced by rule
214,156,phase3_7400_private_like,signature_lookup_current,sparse_edit_or_object_completion,exp023_graph_surgery_exp016_surgery_prune_unused_initializers,surgery_prune_unused_initializers,9502,15.840742418253134,1000,2.251502302764729,32.42428060939416,lookup compression and rule extraction,mine train/test signatures for invariant features; fit a shallow decision tree or affine hash over colors/shapes/anchors; attempt DSL replacement before another lookup variant,small Gather over learned color roles; constant Slice/Gather for extracted crop cases; initializer-pruned decision tree,large per-example ScatterND coordinate table; full arc-gen memorization; dynamic hash table with large MatMul,all train/test examples pass; arc-gen sample pass; rule description does not mention hidden labels; cost is lower than current selected ONNX,"task156: validation pass, cost < 9502, target cost <= 1000, static/banned-op gate pass",high,high until replaced by rule
215,225,phase3_7400_private_like,signature_lookup_current,sparse_edit_or_object_completion,exp023_graph_surgery_exp016_surgery_prune_unused_initializers,surgery_prune_unused_initializers,9371,15.854624906876177,1000,2.237619814141686,32.27157323454068,lookup compression and rule extraction,mine train/test signatures for invariant features; fit a shallow decision tree or affine hash over colors/shapes/anchors; attempt DSL replacement before another lookup variant,small Gather over learned color roles; constant Slice/Gather for extracted crop cases; initializer-pruned decision tree,large per-example ScatterND coordinate table; full arc-gen memorization; dynamic hash table with large MatMul,all train/test examples pass; arc-gen sample pass; rule description does not mention hidden labels; cost is lower than current selected ONNX,"task225: validation pass, cost < 9371, target cost <= 1000, static/banned-op gate pass",high,high until replaced by rule
216,335,phase3_7400_private_like,signature_lookup_current,sparse_edit_or_object_completion,exp023_graph_surgery_exp016_surgery_prune_unused_initializers,surgery_prune_unused_initializers,9307,15.86147791581429,1000,2.230766805203574,32.19619013622145,lookup compression and rule extraction,mine train/test signatures for invariant features; fit a shallow decision tree or affine hash over colors/shapes/anchors; attempt DSL replacement before another lookup variant,small Gather over learned color roles; constant Slice/Gather for extracted crop cases; initializer-pruned decision tree,large per-example ScatterND coordinate table; full arc-gen memorization; dynamic hash table with large MatMul,all train/test examples pass; arc-gen sample pass; rule description does not mention hidden labels; cost is lower than current selected ONNX,"task335: validation pass, cost < 9307, target cost <= 1000, static/banned-op gate pass",high,high until replaced by rule
217,315,phase3_7400_private_like,crop_resize,crop_or_resize,massimilianoghiotto_6254,baseline,9557,15.83497085073382,1000,2.2572738702840436,32.13776785210661,object-anchor crop/resize synthesizer,"enumerate fixed crop, object-centered crop, mask-color crop; fit output shape rule from train examples; prefer constant Slice before dynamic bbox",Slice with constant starts/ends; Gather over static row/column indices; small Pad/Concat only when shape is fixed,NonZero or Compress bbox extraction; full-grid Tile plus mask; large ScatterND for every output cell,shape rule fits every train pair; sample validation pass; no dynamic shape tensors; cost target is met before full validation,"task315: validation pass, cost < 9557, target cost <= 1000, static/banned-op gate pass",medium,medium
218,41,phase3_7400_private_like,signature_lookup_current,sparse_edit_or_object_completion,exp023_graph_surgery_exp016_surgery_prune_unused_initializers,surgery_prune_unused_initializers,9243,15.868378212735223,1000,2.22386650828264,32.12028687009118,lookup compression and rule extraction,mine train/test signatures for invariant features; fit a shallow decision tree or affine hash over colors/shapes/anchors; attempt DSL replacement before another lookup variant,small Gather over learned color roles; constant Slice/Gather for extracted crop cases; initializer-pruned decision tree,large per-example ScatterND coordinate table; full arc-gen memorization; dynamic hash table with large MatMul,all train/test examples pass; arc-gen sample pass; rule description does not mention hidden labels; cost is lower than current selected ONNX,"task041: validation pass, cost < 9243, target cost <= 1000, static/banned-op gate pass",high,high until replaced by rule
219,192,phase3_7400_private_like,signature_lookup_current,sparse_edit_or_object_completion,exp023_graph_surgery_exp016_surgery_prune_unused_initializers,surgery_prune_unused_initializers,9231,15.869677336009849,1000,2.2225673850080145,32.1059965140703,lookup compression and rule extraction,mine train/test signatures for invariant features; fit a shallow decision tree or affine hash over colors/shapes/anchors; attempt DSL replacement before another lookup variant,small Gather over learned color roles; constant Slice/Gather for extracted crop cases; initializer-pruned decision tree,large per-example ScatterND coordinate table; full arc-gen memorization; dynamic hash table with large MatMul,all train/test examples pass; arc-gen sample pass; rule description does not mention hidden labels; cost is lower than current selected ONNX,"task192: validation pass, cost < 9231, target cost <= 1000, static/banned-op gate pass",high,high until replaced by rule
220,50,phase3_7400_private_like,signature_lookup_current,sparse_edit_or_object_completion,exp023_graph_surgery_exp016_surgery_prune_unused_initializers,surgery_prune_unused_initializers,9146,15.878928095782,1000,2.213316625235864,32.00423815657664,lookup compression and rule extraction,mine train/test signatures for invariant features; fit a shallow decision tree or affine hash over colors/shapes/anchors; attempt DSL replacement before another lookup variant,small Gather over learned color roles; constant Slice/Gather for extracted crop cases; initializer-pruned decision tree,large per-example ScatterND coordinate table; full arc-gen memorization; dynamic hash table with large MatMul,all train/test examples pass; arc-gen sample pass; rule description does not mention hidden labels; cost is lower than current selected ONNX,"task050: validation pass, cost < 9146, target cost <= 1000, static/banned-op gate pass",high,high until replaced by rule
221,250,phase3_7400_private_like,signature_lookup_current,sparse_edit_or_object_completion,exp023_graph_surgery_exp016_surgery_prune_unused_initializers,surgery_prune_unused_initializers,8969,15.898470533881996,1000,2.193774187135867,31.789271337476677,lookup compression and rule extraction,mine train/test signatures for invariant features; fit a shallow decision tree or affine hash over colors/shapes/anchors; attempt DSL replacement before another lookup variant,small Gather over learned color roles; constant Slice/Gather for extracted crop cases; initializer-pruned decision tree,large per-example ScatterND coordinate table; full arc-gen memorization; dynamic hash table with large MatMul,all train/test examples pass; arc-gen sample pass; rule description does not mention hidden labels; cost is lower than current selected ONNX,"task250: validation pass, cost < 8969, target cost <= 1000, static/banned-op gate pass",high,high until replaced by rule
222,346,phase3_7400_private_like,crop_resize,crop_or_resize,massimilianoghiotto_6254,baseline,9178,15.875435405045222,1000,2.2168093159726414,31.692657754681193,object-anchor crop/resize synthesizer,"enumerate fixed crop, object-centered crop, mask-color crop; fit output shape rule from train examples; prefer constant Slice before dynamic bbox",Slice with constant starts/ends; Gather over static row/column indices; small Pad/Concat only when shape is fixed,NonZero or Compress bbox extraction; full-grid Tile plus mask; large ScatterND for every output cell,shape rule fits every train pair; sample validation pass; no dynamic shape tensors; cost target is met before full validation,"task346: validation pass, cost < 9178, target cost <= 1000, static/banned-op gate pass",medium,medium
223,297,phase3_7400_private_like,line_grid_fill,sparse_edit_or_object_completion,massimilianoghiotto_6254,baseline,9172,15.876089356022204,1000,2.216155364995659,31.685464293934388,"line, ray, and grid grammar",detect complete/incomplete rows and columns; enumerate line extension and crossing rules; fit stop conditions from blockers and colors,ReduceSum row/column masks; small Conv kernels; constant masks plus Where,per-cell ScatterND table; full-grid Tile; long Where chain,line stop condition is explicit; sample validation pass; static shape check pass; cost is lower than current selected ONNX,"task297: validation pass, cost < 9172, target cost <= 1000, static/banned-op gate pass",medium,medium
224,245,phase3_7400_private_like,signature_lookup_current,sparse_edit_or_object_completion,exp023_graph_surgery_exp016_surgery_prune_unused_initializers,surgery_prune_unused_initializers,8818,15.915449634082117,1000,2.176795086935746,31.60250123527534,lookup compression and rule extraction,mine train/test signatures for invariant features; fit a shallow decision tree or affine hash over colors/shapes/anchors; attempt DSL replacement before another lookup variant,small Gather over learned color roles; constant Slice/Gather for extracted crop cases; initializer-pruned decision tree,large per-example ScatterND coordinate table; full arc-gen memorization; dynamic hash table with large MatMul,all train/test examples pass; arc-gen sample pass; rule description does not mention hidden labels; cost is lower than current selected ONNX,"task245: validation pass, cost < 8818, target cost <= 1000, static/banned-op gate pass",high,high until replaced by rule
225,3,phase3_7400_private_like,crop_resize,crop_or_resize,afr1ste_5689_artifact,baseline,9102,15.883750551423413,1000,2.2084941695944504,31.60119114452109,object-anchor crop/resize synthesizer,"enumerate fixed crop, object-centered crop, mask-color crop; fit output shape rule from train examples; prefer constant Slice before dynamic bbox",Slice with constant starts/ends; Gather over static row/column indices; small Pad/Concat only when shape is fixed,NonZero or Compress bbox extraction; full-grid Tile plus mask; large ScatterND for every output cell,shape rule fits every train pair; sample validation pass; no dynamic shape tensors; cost target is met before full validation,"task003: validation pass, cost < 9102, target cost <= 1000, static/banned-op gate pass",medium,medium
226,24,phase3_7400_private_like,point_to_line_pattern,sparse_edit_or_object_completion,massimilianoghiotto_6254,baseline,9080,15.88617052840466,1000,2.206074192613203,31.574571397727368,seed-to-pattern grammar,"identify seed colors and directions; enumerate rays, periodic diagonal shifts, boxes, and reflected motifs; bind colors through roles rather than absolute labels when possible",constant affine coordinate masks; small Conv kernels for line detection; Gather/Where over precomputed row-column masks,per-cell ScatterND table; full-grid iterative ray propagation; Where chain over all periods,direction/period inferred from train examples; sample validation pass; private-like rule note names the invariant; cost is lower than current selected ONNX,"task024: validation pass, cost < 9080, target cost <= 1000, static/banned-op gate pass",medium,medium
227,237,phase3_7400_private_like,signature_lookup_current,sparse_edit_or_object_completion,exp023_graph_surgery_exp016_surgery_prune_unused_initializers,surgery_prune_unused_initializers,8729,15.92559390526465,1000,2.166650815753213,31.49091425226748,lookup compression and rule extraction,mine train/test signatures for invariant features; fit a shallow decision tree or affine hash over colors/shapes/anchors; attempt DSL replacement before another lookup variant,small Gather over learned color roles; constant Slice/Gather for extracted crop cases; initializer-pruned decision tree,large per-example ScatterND coordinate table; full arc-gen memorization; dynamic hash table with large MatMul,all train/test examples pass; arc-gen sample pass; rule description does not mention hidden labels; cost is lower than current selected ONNX,"task237: validation pass, cost < 8729, target cost <= 1000, static/banned-op gate pass",high,high until replaced by rule
228,249,phase3_7400_private_like,crop_resize,crop_or_resize,afr1ste_5689_artifact,baseline,8999,15.895131260966052,1000,2.1971134600518116,31.476003339552065,object-anchor crop/resize synthesizer,"enumerate fixed crop, object-centered crop, mask-color crop; fit output shape rule from train examples; prefer constant Slice before dynamic bbox",Slice with constant starts/ends; Gather over static row/column indices; small Pad/Concat only when shape is fixed,NonZero or Compress bbox extraction; full-grid Tile plus mask; large ScatterND for every output cell,shape rule fits every train pair; sample validation pass; no dynamic shape tensors; cost target is met before full validation,"task249: validation pass, cost < 8999, target cost <= 1000, static/banned-op gate pass",medium,medium
229,28,phase3_7400_private_like,point_to_line_pattern,sparse_edit_or_object_completion,massimilianoghiotto_6254,baseline,8990,15.896131872534333,1000,2.19611284848353,31.464996612300965,seed-to-pattern grammar,"identify seed colors and directions; enumerate rays, periodic diagonal shifts, boxes, and reflected motifs; bind colors through roles rather than absolute labels when possible",constant affine coordinate masks; small Conv kernels for line detection; Gather/Where over precomputed row-column masks,per-cell ScatterND table; full-grid iterative ray propagation; Where chain over all periods,direction/period inferred from train examples; sample validation pass; private-like rule note names the invariant; cost is lower than current selected ONNX,"task028: validation pass, cost < 8990, target cost <= 1000, static/banned-op gate pass",medium,medium
230,173,phase3_7400_private_like,signature_lookup_current,sparse_edit_or_object_completion,exp023_graph_surgery_exp016_surgery_prune_unused_initializers,surgery_prune_unused_initializers,8475,15.955124067751349,1000,2.137120653266514,31.166082464913792,lookup compression and rule extraction,mine train/test signatures for invariant features; fit a shallow decision tree or affine hash over colors/shapes/anchors; attempt DSL replacement before another lookup variant,small Gather over learned color roles; constant Slice/Gather for extracted crop cases; initializer-pruned decision tree,large per-example ScatterND coordinate table; full arc-gen memorization; dynamic hash table with large MatMul,all train/test examples pass; arc-gen sample pass; rule description does not mention hidden labels; cost is lower than current selected ONNX,"task173: validation pass, cost < 8475, target cost <= 1000, static/banned-op gate pass",high,high until replaced by rule
231,37,phase3_7400_private_like,signature_lookup_current,sparse_edit_or_object_completion,exp023_graph_surgery_exp016_surgery_prune_unused_initializers,surgery_prune_unused_initializers,8379,15.966516145386713,1000,2.1257285756311504,31.04076961092479,lookup compression and rule extraction,mine train/test signatures for invariant features; fit a shallow decision tree or affine hash over colors/shapes/anchors; attempt DSL replacement before another lookup variant,small Gather over learned color roles; constant Slice/Gather for extracted crop cases; initializer-pruned decision tree,large per-example ScatterND coordinate table; full arc-gen memorization; dynamic hash table with large MatMul,all train/test examples pass; arc-gen sample pass; rule description does not mention hidden labels; cost is lower than current selected ONNX,"task037: validation pass, cost < 8379, target cost <= 1000, static/banned-op gate pass",high,high until replaced by rule
232,269,phase3_7400_private_like,crop_resize,crop_or_resize,massimilianoghiotto_6254,baseline,8602,15.940249986656319,1000,2.151994734361544,30.97969735695912,object-anchor crop/resize synthesizer,"enumerate fixed crop, object-centered crop, mask-color crop; fit output shape rule from train examples; prefer constant Slice before dynamic bbox",Slice with constant starts/ends; Gather over static row/column indices; small Pad/Concat only when shape is fixed,NonZero or Compress bbox extraction; full-grid Tile plus mask; large ScatterND for every output cell,shape rule fits every train pair; sample validation pass; no dynamic shape tensors; cost target is met before full validation,"task269: validation pass, cost < 8602, target cost <= 1000, static/banned-op gate pass",medium,medium
233,361,phase3_7400_private_like,signature_lookup_current,sparse_edit_or_object_completion,exp023_graph_surgery_exp016_surgery_prune_unused_initializers,surgery_prune_unused_initializers,8315,15.974183608372972,1000,2.1180611126448916,30.956427518075945,lookup compression and rule extraction,mine train/test signatures for invariant features; fit a shallow decision tree or affine hash over colors/shapes/anchors; attempt DSL replacement before another lookup variant,small Gather over learned color roles; constant Slice/Gather for extracted crop cases; initializer-pruned decision tree,large per-example ScatterND coordinate table; full arc-gen memorization; dynamic hash table with large MatMul,all train/test examples pass; arc-gen sample pass; rule description does not mention hidden labels; cost is lower than current selected ONNX,"task361: validation pass, cost < 8315, target cost <= 1000, static/banned-op gate pass",high,high until replaced by rule
234,274,phase3_7400_private_like,crop_resize,crop_or_resize,massimilianoghiotto_6254,baseline,8581,15.942694264192879,1000,2.1495504568249846,30.952810304056968,object-anchor crop/resize synthesizer,"enumerate fixed crop, object-centered crop, mask-color crop; fit output shape rule from train examples; prefer constant Slice before dynamic bbox",Slice with constant starts/ends; Gather over static row/column indices; small Pad/Concat only when shape is fixed,NonZero or Compress bbox extraction; full-grid Tile plus mask; large ScatterND for every output cell,shape rule fits every train pair; sample validation pass; no dynamic shape tensors; cost target is met before full validation,"task274: validation pass, cost < 8581, target cost <= 1000, static/banned-op gate pass",medium,medium
235,97,phase3_7400_private_like,signature_lookup_current,sparse_edit_or_object_completion,exp023_graph_surgery_exp016_surgery_prune_unused_initializers,surgery_prune_unused_initializers,8263,15.980457003298815,1000,2.1117877177190483,30.88742017389167,lookup compression and rule extraction,mine train/test signatures for invariant features; fit a shallow decision tree or affine hash over colors/shapes/anchors; attempt DSL replacement before another lookup variant,small Gather over learned color roles; constant Slice/Gather for extracted crop cases; initializer-pruned decision tree,large per-example ScatterND coordinate table; full arc-gen memorization; dynamic hash table with large MatMul,all train/test examples pass; arc-gen sample pass; rule description does not mention hidden labels; cost is lower than current selected ONNX,"task097: validation pass, cost < 8263, target cost <= 1000, static/banned-op gate pass",high,high until replaced by rule
236,200,phase3_7400_private_like,point_to_line_pattern,sparse_edit_or_object_completion,massimilianoghiotto_6254,baseline,8306,15.975266575809302,1000,2.116978145208561,30.594514876276307,seed-to-pattern grammar,"identify seed colors and directions; enumerate rays, periodic diagonal shifts, boxes, and reflected motifs; bind colors through roles rather than absolute labels when possible",constant affine coordinate masks; small Conv kernels for line detection; Gather/Where over precomputed row-column masks,per-cell ScatterND table; full-grid iterative ray propagation; Where chain over all periods,direction/period inferred from train examples; sample validation pass; private-like rule note names the invariant; cost is lower than current selected ONNX,"task200: validation pass, cost < 8306, target cost <= 1000, static/banned-op gate pass",medium,medium
237,90,phase3_7400_private_like,signature_lookup_current,sparse_edit_or_object_completion,exp023_graph_surgery_exp016_surgery_prune_unused_initializers,surgery_prune_unused_initializers,8030,16.00906019305919,1000,2.0831845279586716,30.572785086527524,lookup compression and rule extraction,mine train/test signatures for invariant features; fit a shallow decision tree or affine hash over colors/shapes/anchors; attempt DSL replacement before another lookup variant,small Gather over learned color roles; constant Slice/Gather for extracted crop cases; initializer-pruned decision tree,large per-example ScatterND coordinate table; full arc-gen memorization; dynamic hash table with large MatMul,all train/test examples pass; arc-gen sample pass; rule description does not mention hidden labels; cost is lower than current selected ONNX,"task090: validation pass, cost < 8030, target cost <= 1000, static/banned-op gate pass",high,high until replaced by rule
238,263,phase3_7400_private_like,crop_resize,crop_or_resize,afr1ste_5689_artifact,baseline,8054,16.006075858588602,1000,2.086168862429261,30.255612765704008,object-anchor crop/resize synthesizer,"enumerate fixed crop, object-centered crop, mask-color crop; fit output shape rule from train examples; prefer constant Slice before dynamic bbox",Slice with constant starts/ends; Gather over static row/column indices; small Pad/Concat only when shape is fixed,NonZero or Compress bbox extraction; full-grid Tile plus mask; large ScatterND for every output cell,shape rule fits every train pair; sample validation pass; no dynamic shape tensors; cost target is met before full validation,"task263: validation pass, cost < 8054, target cost <= 1000, static/banned-op gate pass",medium,medium
239,254,phase3_7400_private_like,sparse_edit_or_object_completion,sparse_edit_or_object_completion,afr1ste_5689_artifact,baseline,7956,16.018318360026136,1000,2.0739263609917273,30.120945249891136,sparse edit and object completion enumerator,"derive changed-cell mask and color roles; fit local neighborhood, component, or ray rule; emit sparse coordinate program only if index table is tiny",small Conv kernels; GatherND/ScatterND with few coordinates; Equal plus single Where for small masks,full-grid Where chain; large coordinate initializer; unrolled iterative fill without cost forecast,changed-cell rule explains all train diffs; arc-gen sample pass; coordinate table remains below gate; cost is lower than current selected ONNX,"task254: validation pass, cost < 7956, target cost <= 1000, static/banned-op gate pass",medium,medium
240,176,phase3_7400_private_like,sparse_edit_or_object_completion,sparse_edit_or_object_completion,massimilianoghiotto_6254,baseline,7920,16.022853515191528,1000,2.069391205826335,30.07105854307182,sparse edit and object completion enumerator,"derive changed-cell mask and color roles; fit local neighborhood, component, or ray rule; emit sparse coordinate program only if index table is tiny",small Conv kernels; GatherND/ScatterND with few coordinates; Equal plus single Where for small masks,full-grid Where chain; large coordinate initializer; unrolled iterative fill without cost forecast,changed-cell rule explains all train diffs; arc-gen sample pass; coordinate table remains below gate; cost is lower than current selected ONNX,"task176: validation pass, cost < 7920, target cost <= 1000, static/banned-op gate pass",medium,medium
241,76,phase3_7400_private_like,signature_lookup_current,sparse_edit_or_object_completion,exp023_graph_surgery_exp016_surgery_prune_unused_initializers,surgery_prune_unused_initializers,7643,16.058454524757117,1000,2.033790196260746,30.029447437850344,lookup compression and rule extraction,mine train/test signatures for invariant features; fit a shallow decision tree or affine hash over colors/shapes/anchors; attempt DSL replacement before another lookup variant,small Gather over learned color roles; constant Slice/Gather for extracted crop cases; initializer-pruned decision tree,large per-example ScatterND coordinate table; full arc-gen memorization; dynamic hash table with large MatMul,all train/test examples pass; arc-gen sample pass; rule description does not mention hidden labels; cost is lower than current selected ONNX,"task076: validation pass, cost < 7643, target cost <= 1000, static/banned-op gate pass",high,high until replaced by rule
242,372,phase3_7400_private_like,crop_resize,crop_or_resize,massimilianoghiotto_6254,baseline,7880,16.027916817148075,1000,2.0643279038697884,30.015362221549807,object-anchor crop/resize synthesizer,"enumerate fixed crop, object-centered crop, mask-color crop; fit output shape rule from train examples; prefer constant Slice before dynamic bbox",Slice with constant starts/ends; Gather over static row/column indices; small Pad/Concat only when shape is fixed,NonZero or Compress bbox extraction; full-grid Tile plus mask; large ScatterND for every output cell,shape rule fits every train pair; sample validation pass; no dynamic shape tensors; cost target is met before full validation,"task372: validation pass, cost < 7880, target cost <= 1000, static/banned-op gate pass",medium,medium
243,363,phase3_7400_private_like,signature_lookup_current,sparse_edit_or_object_completion,exp023_graph_surgery_exp016_surgery_prune_unused_initializers,surgery_prune_unused_initializers,7579,16.06686345618797,1000,2.0253812648298926,29.936949192110955,lookup compression and rule extraction,mine train/test signatures for invariant features; fit a shallow decision tree or affine hash over colors/shapes/anchors; attempt DSL replacement before another lookup variant,small Gather over learned color roles; constant Slice/Gather for extracted crop cases; initializer-pruned decision tree,large per-example ScatterND coordinate table; full arc-gen memorization; dynamic hash table with large MatMul,all train/test examples pass; arc-gen sample pass; rule description does not mention hidden labels; cost is lower than current selected ONNX,"task363: validation pass, cost < 7579, target cost <= 1000, static/banned-op gate pass",high,high until replaced by rule
244,39,phase3_7400_private_like,crop_resize,crop_or_resize,massimilianoghiotto_6254,baseline,7772,16.04171718950267,1000,2.0505275315151934,29.863558125649263,object-anchor crop/resize synthesizer,"enumerate fixed crop, object-centered crop, mask-color crop; fit output shape rule from train examples; prefer constant Slice before dynamic bbox",Slice with constant starts/ends; Gather over static row/column indices; small Pad/Concat only when shape is fixed,NonZero or Compress bbox extraction; full-grid Tile plus mask; large ScatterND for every output cell,shape rule fits every train pair; sample validation pass; no dynamic shape tensors; cost target is met before full validation,"task039: validation pass, cost < 7772, target cost <= 1000, static/banned-op gate pass",medium,medium
245,369,phase3_7400_private_like,line_grid_fill,sparse_edit_or_object_completion,massimilianoghiotto_6254,baseline,7729,16.04726523289313,1000,2.044979488124735,29.80252964835422,"line, ray, and grid grammar",detect complete/incomplete rows and columns; enumerate line extension and crossing rules; fit stop conditions from blockers and colors,ReduceSum row/column masks; small Conv kernels; constant masks plus Where,per-cell ScatterND table; full-grid Tile; long Where chain,line stop condition is explicit; sample validation pass; static shape check pass; cost is lower than current selected ONNX,"task369: validation pass, cost < 7729, target cost <= 1000, static/banned-op gate pass",medium,medium
246,51,phase3_7400_private_like,signature_lookup_current,sparse_edit_or_object_completion,exp023_graph_surgery_exp016_surgery_prune_unused_initializers,surgery_prune_unused_initializers,7483,16.07961093991964,1000,2.0126337810982236,29.796726871062596,lookup compression and rule extraction,mine train/test signatures for invariant features; fit a shallow decision tree or affine hash over colors/shapes/anchors; attempt DSL replacement before another lookup variant,small Gather over learned color roles; constant Slice/Gather for extracted crop cases; initializer-pruned decision tree,large per-example ScatterND coordinate table; full arc-gen memorization; dynamic hash table with large MatMul,all train/test examples pass; arc-gen sample pass; rule description does not mention hidden labels; cost is lower than current selected ONNX,"task051: validation pass, cost < 7483, target cost <= 1000, static/banned-op gate pass",high,high until replaced by rule
247,302,phase3_7400_private_like,signature_lookup_current,sparse_edit_or_object_completion,exp023_graph_surgery_exp016_surgery_prune_unused_initializers,surgery_prune_unused_initializers,7483,16.07961093991964,1000,2.0126337810982236,29.796726871062596,lookup compression and rule extraction,mine train/test signatures for invariant features; fit a shallow decision tree or affine hash over colors/shapes/anchors; attempt DSL replacement before another lookup variant,small Gather over learned color roles; constant Slice/Gather for extracted crop cases; initializer-pruned decision tree,large per-example ScatterND coordinate table; full arc-gen memorization; dynamic hash table with large MatMul,all train/test examples pass; arc-gen sample pass; rule description does not mention hidden labels; cost is lower than current selected ONNX,"task302: validation pass, cost < 7483, target cost <= 1000, static/banned-op gate pass",high,high until replaced by rule
248,327,phase3_7400_private_like,crop_resize,crop_or_resize,massimilianoghiotto_6254,baseline,7548,16.07096209351156,1000,2.0212826275063023,29.54186418155146,object-anchor crop/resize synthesizer,"enumerate fixed crop, object-centered crop, mask-color crop; fit output shape rule from train examples; prefer constant Slice before dynamic bbox",Slice with constant starts/ends; Gather over static row/column indices; small Pad/Concat only when shape is fixed,NonZero or Compress bbox extraction; full-grid Tile plus mask; large ScatterND for every output cell,shape rule fits every train pair; sample validation pass; no dynamic shape tensors; cost target is met before full validation,"task327: validation pass, cost < 7548, target cost <= 1000, static/banned-op gate pass",medium,medium
249,180,phase3_7400_private_like,crop_resize,crop_or_resize,afr1ste_5689_artifact,baseline,7450,16.084030688626395,1000,2.008214032391468,29.398109635288282,object-anchor crop/resize synthesizer,"enumerate fixed crop, object-centered crop, mask-color crop; fit output shape rule from train examples; prefer constant Slice before dynamic bbox",Slice with constant starts/ends; Gather over static row/column indices; small Pad/Concat only when shape is fixed,NonZero or Compress bbox extraction; full-grid Tile plus mask; large ScatterND for every output cell,shape rule fits every train pair; sample validation pass; no dynamic shape tensors; cost target is met before full validation,"task180: validation pass, cost < 7450, target cost <= 1000, static/banned-op gate pass",medium,medium
250,45,phase3_7400_private_like,sparse_edit_or_object_completion,sparse_edit_or_object_completion,massimilianoghiotto_6254,baseline,7428,16.0869880775274,1000,2.005256643490462,29.365578357377217,sparse edit and object completion enumerator,"derive changed-cell mask and color roles; fit local neighborhood, component, or ray rule; emit sparse coordinate program only if index table is tiny",small Conv kernels; GatherND/ScatterND with few coordinates; Equal plus single Where for small masks,full-grid Where chain; large coordinate initializer; unrolled iterative fill without cost forecast,changed-cell rule explains all train diffs; arc-gen sample pass; coordinate table remains below gate; cost is lower than current selected ONNX,"task045: validation pass, cost < 7428, target cost <= 1000, static/banned-op gate pass",medium,medium
251,7,phase3_7400_private_like,point_to_line_pattern,sparse_edit_or_object_completion,massimilianoghiotto_6254,baseline,7271,16.108350887349943,1000,1.9838938336679206,29.130587449329262,seed-to-pattern grammar,"identify seed colors and directions; enumerate rays, periodic diagonal shifts, boxes, and reflected motifs; bind colors through roles rather than absolute labels when possible",constant affine coordinate masks; small Conv kernels for line detection; Gather/Where over precomputed row-column masks,per-cell ScatterND table; full-grid iterative ray propagation; Where chain over all periods,direction/period inferred from train examples; sample validation pass; private-like rule note names the invariant; cost is lower than current selected ONNX,"task007: validation pass, cost < 7271, target cost <= 1000, static/banned-op gate pass",medium,medium
252,348,phase3_7400_private_like,point_to_line_pattern,sparse_edit_or_object_completion,afr1ste_5689_artifact,baseline,7207,16.11719194507556,1000,1.9750527759423022,29.03333581434746,seed-to-pattern grammar,"identify seed colors and directions; enumerate rays, periodic diagonal shifts, boxes, and reflected motifs; bind colors through roles rather than absolute labels when possible",constant affine coordinate masks; small Conv kernels for line detection; Gather/Where over precomputed row-column masks,per-cell ScatterND table; full-grid iterative ray propagation; Where chain over all periods,direction/period inferred from train examples; sample validation pass; private-like rule note names the invariant; cost is lower than current selected ONNX,"task348: validation pass, cost < 7207, target cost <= 1000, static/banned-op gate pass",medium,medium
253,43,phase3_7400_private_like,sparse_edit_or_object_completion,sparse_edit_or_object_completion,massimilianoghiotto_6254,baseline,7119,16.129477454896126,1000,1.9627672661217375,28.898195206321247,sparse edit and object completion enumerator,"derive changed-cell mask and color roles; fit local neighborhood, component, or ray rule; emit sparse coordinate program only if index table is tiny",small Conv kernels; GatherND/ScatterND with few coordinates; Equal plus single Where for small masks,full-grid Where chain; large coordinate initializer; unrolled iterative fill without cost forecast,changed-cell rule explains all train diffs; arc-gen sample pass; coordinate table remains below gate; cost is lower than current selected ONNX,"task043: validation pass, cost < 7119, target cost <= 1000, static/banned-op gate pass",medium,medium
254,288,phase3_7400_private_like,signature_lookup_current,sparse_edit_or_object_completion,exp023_graph_surgery_exp016_surgery_prune_unused_initializers,surgery_prune_unused_initializers,6886,16.16275435610153,1000,1.929490364916333,28.8821492930618,lookup compression and rule extraction,mine train/test signatures for invariant features; fit a shallow decision tree or affine hash over colors/shapes/anchors; attempt DSL replacement before another lookup variant,small Gather over learned color roles; constant Slice/Gather for extracted crop cases; initializer-pruned decision tree,large per-example ScatterND coordinate table; full arc-gen memorization; dynamic hash table with large MatMul,all train/test examples pass; arc-gen sample pass; rule description does not mention hidden labels; cost is lower than current selected ONNX,"task288: validation pass, cost < 6886, target cost <= 1000, static/banned-op gate pass",high,high until replaced by rule
255,105,phase3_7400_private_like,sparse_edit_or_object_completion,sparse_edit_or_object_completion,massimilianoghiotto_6254,baseline,7055,16.138508135713085,1000,1.9537365853047781,28.798857717334695,sparse edit and object completion enumerator,"derive changed-cell mask and color roles; fit local neighborhood, component, or ray rule; emit sparse coordinate program only if index table is tiny",small Conv kernels; GatherND/ScatterND with few coordinates; Equal plus single Where for small masks,full-grid Where chain; large coordinate initializer; unrolled iterative fill without cost forecast,changed-cell rule explains all train diffs; arc-gen sample pass; coordinate table remains below gate; cost is lower than current selected ONNX,"task105: validation pass, cost < 7055, target cost <= 1000, static/banned-op gate pass",medium,medium
256,27,phase3_7400_private_like,signature_lookup_current,sparse_edit_or_object_completion,exp023_graph_surgery_exp016_surgery_prune_unused_initializers,surgery_prune_unused_initializers,6715,16.187900891042663,1000,1.9043438299752005,28.605537408709342,lookup compression and rule extraction,mine train/test signatures for invariant features; fit a shallow decision tree or affine hash over colors/shapes/anchors; attempt DSL replacement before another lookup variant,small Gather over learned color roles; constant Slice/Gather for extracted crop cases; initializer-pruned decision tree,large per-example ScatterND coordinate table; full arc-gen memorization; dynamic hash table with large MatMul,all train/test examples pass; arc-gen sample pass; rule description does not mention hidden labels; cost is lower than current selected ONNX,"task027: validation pass, cost < 6715, target cost <= 1000, static/banned-op gate pass",high,high until replaced by rule
257,259,phase3_7400_private_like,crop_resize,crop_or_resize,massimilianoghiotto_6254,baseline,6843,16.169018489047502,1000,1.9232262319703608,28.463243830656104,object-anchor crop/resize synthesizer,"enumerate fixed crop, object-centered crop, mask-color crop; fit output shape rule from train examples; prefer constant Slice before dynamic bbox",Slice with constant starts/ends; Gather over static row/column indices; small Pad/Concat only when shape is fixed,NonZero or Compress bbox extraction; full-grid Tile plus mask; large ScatterND for every output cell,shape rule fits every train pair; sample validation pass; no dynamic shape tensors; cost target is met before full validation,"task259: validation pass, cost < 6843, target cost <= 1000, static/banned-op gate pass",medium,medium
258,119,phase3_7400_private_like,signature_lookup_current,sparse_edit_or_object_completion,exp023_graph_surgery_exp016_surgery_prune_unused_initializers,surgery_prune_unused_initializers,6619,16.202300419881077,1000,1.8899443011367865,28.447142591486788,lookup compression and rule extraction,mine train/test signatures for invariant features; fit a shallow decision tree or affine hash over colors/shapes/anchors; attempt DSL replacement before another lookup variant,small Gather over learned color roles; constant Slice/Gather for extracted crop cases; initializer-pruned decision tree,large per-example ScatterND coordinate table; full arc-gen memorization; dynamic hash table with large MatMul,all train/test examples pass; arc-gen sample pass; rule description does not mention hidden labels; cost is lower than current selected ONNX,"task119: validation pass, cost < 6619, target cost <= 1000, static/banned-op gate pass",high,high until replaced by rule
259,352,phase3_7400_private_like,point_to_line_pattern,sparse_edit_or_object_completion,massimilianoghiotto_6254,baseline,6626,16.20124341714016,1000,1.8910013038777045,28.108769621636885,seed-to-pattern grammar,"identify seed colors and directions; enumerate rays, periodic diagonal shifts, boxes, and reflected motifs; bind colors through roles rather than absolute labels when possible",constant affine coordinate masks; small Conv kernels for line detection; Gather/Where over precomputed row-column masks,per-cell ScatterND table; full-grid iterative ray propagation; Where chain over all periods,direction/period inferred from train examples; sample validation pass; private-like rule note names the invariant; cost is lower than current selected ONNX,"task352: validation pass, cost < 6626, target cost <= 1000, static/banned-op gate pass",medium,medium
260,357,phase3_7400_private_like,point_to_line_pattern,sparse_edit_or_object_completion,afr1ste_5689_artifact,baseline,6581,16.208058011543883,1000,1.8841867094739797,28.033809083195912,seed-to-pattern grammar,"identify seed colors and directions; enumerate rays, periodic diagonal shifts, boxes, and reflected motifs; bind colors through roles rather than absolute labels when possible",constant affine coordinate masks; small Conv kernels for line detection; Gather/Where over precomputed row-column masks,per-cell ScatterND table; full-grid iterative ray propagation; Where chain over all periods,direction/period inferred from train examples; sample validation pass; private-like rule note names the invariant; cost is lower than current selected ONNX,"task357: validation pass, cost < 6581, target cost <= 1000, static/banned-op gate pass",medium,medium
261,100,phase3_7400_private_like,crop_resize,crop_or_resize,massimilianoghiotto_6254,baseline,6536,16.21491936346016,1000,1.8773253575577016,27.958334212116853,object-anchor crop/resize synthesizer,"enumerate fixed crop, object-centered crop, mask-color crop; fit output shape rule from train examples; prefer constant Slice before dynamic bbox",Slice with constant starts/ends; Gather over static row/column indices; small Pad/Concat only when shape is fixed,NonZero or Compress bbox extraction; full-grid Tile plus mask; large ScatterND for every output cell,shape rule fits every train pair; sample validation pass; no dynamic shape tensors; cost target is met before full validation,"task100: validation pass, cost < 6536, target cost <= 1000, static/banned-op gate pass",medium,medium
262,121,phase3_7400_private_like,crop_resize,crop_or_resize,massimilianoghiotto_6254,baseline,6530,16.215837777729526,1000,1.8764069432883375,27.948231655153847,object-anchor crop/resize synthesizer,"enumerate fixed crop, object-centered crop, mask-color crop; fit output shape rule from train examples; prefer constant Slice before dynamic bbox",Slice with constant starts/ends; Gather over static row/column indices; small Pad/Concat only when shape is fixed,NonZero or Compress bbox extraction; full-grid Tile plus mask; large ScatterND for every output cell,shape rule fits every train pair; sample validation pass; no dynamic shape tensors; cost target is met before full validation,"task121: validation pass, cost < 6530, target cost <= 1000, static/banned-op gate pass",medium,medium
263,388,phase3_7400_private_like,crop_resize,crop_or_resize,massimilianoghiotto_6254,baseline,6468,16.225377779303003,1000,1.8668669417148607,27.843291637845603,object-anchor crop/resize synthesizer,"enumerate fixed crop, object-centered crop, mask-color crop; fit output shape rule from train examples; prefer constant Slice before dynamic bbox",Slice with constant starts/ends; Gather over static row/column indices; small Pad/Concat only when shape is fixed,NonZero or Compress bbox extraction; full-grid Tile plus mask; large ScatterND for every output cell,shape rule fits every train pair; sample validation pass; no dynamic shape tensors; cost target is met before full validation,"task388: validation pass, cost < 6468, target cost <= 1000, static/banned-op gate pass",medium,medium
264,292,phase3_7400_private_like,line_grid_fill,sparse_edit_or_object_completion,massimilianoghiotto_6254,baseline,6305,16.250901751600978,1000,1.8413429694168855,27.562527942567876,"line, ray, and grid grammar",detect complete/incomplete rows and columns; enumerate line extension and crossing rules; fit stop conditions from blockers and colors,ReduceSum row/column masks; small Conv kernels; constant masks plus Where,per-cell ScatterND table; full-grid Tile; long Where chain,line stop condition is explicit; sample validation pass; static shape check pass; cost is lower than current selected ONNX,"task292: validation pass, cost < 6305, target cost <= 1000, static/banned-op gate pass",medium,medium
265,40,phase3_7400_private_like,signature_lookup_current,sparse_edit_or_object_completion,exp023_graph_surgery_exp016_surgery_prune_unused_initializers,surgery_prune_unused_initializers,5947,16.309357830293408,1000,1.7828868907244555,27.269511076951147,lookup compression and rule extraction,mine train/test signatures for invariant features; fit a shallow decision tree or affine hash over colors/shapes/anchors; attempt DSL replacement before another lookup variant,small Gather over learned color roles; constant Slice/Gather for extracted crop cases; initializer-pruned decision tree,large per-example ScatterND coordinate table; full arc-gen memorization; dynamic hash table with large MatMul,all train/test examples pass; arc-gen sample pass; rule description does not mention hidden labels; cost is lower than current selected ONNX,"task040: validation pass, cost < 5947, target cost <= 1000, static/banned-op gate pass",high,high until replaced by rule
266,332,phase3_7400_private_like,signature_lookup_current,sparse_edit_or_object_completion,exp023_graph_surgery_exp016_surgery_prune_unused_initializers,surgery_prune_unused_initializers,5899,16.317461875996926,1000,1.7747828450209369,27.180366574212442,lookup compression and rule extraction,mine train/test signatures for invariant features; fit a shallow decision tree or affine hash over colors/shapes/anchors; attempt DSL replacement before another lookup variant,small Gather over learned color roles; constant Slice/Gather for extracted crop cases; initializer-pruned decision tree,large per-example ScatterND coordinate table; full arc-gen memorization; dynamic hash table with large MatMul,all train/test examples pass; arc-gen sample pass; rule description does not mention hidden labels; cost is lower than current selected ONNX,"task332: validation pass, cost < 5899, target cost <= 1000, static/banned-op gate pass",high,high until replaced by rule
267,190,phase3_7400_private_like,signature_lookup_current,sparse_edit_or_object_completion,exp023_graph_surgery_exp016_surgery_prune_unused_initializers,surgery_prune_unused_initializers,5851,16.325632134211766,1000,1.7666125868060973,27.090493733849208,lookup compression and rule extraction,mine train/test signatures for invariant features; fit a shallow decision tree or affine hash over colors/shapes/anchors; attempt DSL replacement before another lookup variant,small Gather over learned color roles; constant Slice/Gather for extracted crop cases; initializer-pruned decision tree,large per-example ScatterND coordinate table; full arc-gen memorization; dynamic hash table with large MatMul,all train/test examples pass; arc-gen sample pass; rule description does not mention hidden labels; cost is lower than current selected ONNX,"task190: validation pass, cost < 5851, target cost <= 1000, static/banned-op gate pass",high,high until replaced by rule
268,336,phase3_7400_private_like,sparse_edit_or_object_completion,sparse_edit_or_object_completion,massimilianoghiotto_6254,baseline,6036,16.294503180112258,1000,1.797741540905605,27.08291222894379,sparse edit and object completion enumerator,"derive changed-cell mask and color roles; fit local neighborhood, component, or ray rule; emit sparse coordinate program only if index table is tiny",small Conv kernels; GatherND/ScatterND with few coordinates; Equal plus single Where for small masks,full-grid Where chain; large coordinate initializer; unrolled iterative fill without cost forecast,changed-cell rule explains all train diffs; arc-gen sample pass; coordinate table remains below gate; cost is lower than current selected ONNX,"task336: validation pass, cost < 6036, target cost <= 1000, static/banned-op gate pass",medium,medium
269,333,phase3_7400_private_like,signature_lookup_current,sparse_edit_or_object_completion,exp023_graph_surgery_exp016_surgery_prune_unused_initializers,surgery_prune_unused_initializers,5787,16.336630698426163,1000,1.7556140225917005,26.969509527490843,lookup compression and rule extraction,mine train/test signatures for invariant features; fit a shallow decision tree or affine hash over colors/shapes/anchors; attempt DSL replacement before another lookup variant,small Gather over learned color roles; constant Slice/Gather for extracted crop cases; initializer-pruned decision tree,large per-example ScatterND coordinate table; full arc-gen memorization; dynamic hash table with large MatMul,all train/test examples pass; arc-gen sample pass; rule description does not mention hidden labels; cost is lower than current selected ONNX,"task333: validation pass, cost < 5787, target cost <= 1000, static/banned-op gate pass",high,high until replaced by rule
270,42,phase3_7400_private_like,signature_lookup_current,sparse_edit_or_object_completion,exp023_graph_surgery_exp016_surgery_prune_unused_initializers,surgery_prune_unused_initializers,5783,16.33732214184178,1000,1.7549225791760819,26.961903649919037,lookup compression and rule extraction,mine train/test signatures for invariant features; fit a shallow decision tree or affine hash over colors/shapes/anchors; attempt DSL replacement before another lookup variant,small Gather over learned color roles; constant Slice/Gather for extracted crop cases; initializer-pruned decision tree,large per-example ScatterND coordinate table; full arc-gen memorization; dynamic hash table with large MatMul,all train/test examples pass; arc-gen sample pass; rule description does not mention hidden labels; cost is lower than current selected ONNX,"task042: validation pass, cost < 5783, target cost <= 1000, static/banned-op gate pass",high,high until replaced by rule
271,273,phase3_7400_private_like,sparse_edit_or_object_completion,sparse_edit_or_object_completion,afr1ste_5689_artifact,baseline,5937,16.311040765729324,1000,1.7812039552885395,26.90099878715607,sparse edit and object completion enumerator,"derive changed-cell mask and color roles; fit local neighborhood, component, or ray rule; emit sparse coordinate program only if index table is tiny",small Conv kernels; GatherND/ScatterND with few coordinates; Equal plus single Where for small masks,full-grid Where chain; large coordinate initializer; unrolled iterative fill without cost forecast,changed-cell rule explains all train diffs; arc-gen sample pass; coordinate table remains below gate; cost is lower than current selected ONNX,"task273: validation pass, cost < 5937, target cost <= 1000, static/banned-op gate pass",medium,medium
272,168,phase3_7400_private_like,signature_lookup_current,sparse_edit_or_object_completion,exp023_graph_surgery_exp016_surgery_prune_unused_initializers,surgery_prune_unused_initializers,5659,16.35899752285748,1000,1.7332471981603845,26.723474458746367,lookup compression and rule extraction,mine train/test signatures for invariant features; fit a shallow decision tree or affine hash over colors/shapes/anchors; attempt DSL replacement before another lookup variant,small Gather over learned color roles; constant Slice/Gather for extracted crop cases; initializer-pruned decision tree,large per-example ScatterND coordinate table; full arc-gen memorization; dynamic hash table with large MatMul,all train/test examples pass; arc-gen sample pass; rule description does not mention hidden labels; cost is lower than current selected ONNX,"task168: validation pass, cost < 5659, target cost <= 1000, static/banned-op gate pass",high,high until replaced by rule
273,342,phase3_7400_private_like,signature_lookup_current,sparse_edit_or_object_completion,exp023_graph_surgery_exp016_surgery_prune_unused_initializers,surgery_prune_unused_initializers,5627,16.364668280566722,1000,1.7275764404511413,26.66109612394469,lookup compression and rule extraction,mine train/test signatures for invariant features; fit a shallow decision tree or affine hash over colors/shapes/anchors; attempt DSL replacement before another lookup variant,small Gather over learned color roles; constant Slice/Gather for extracted crop cases; initializer-pruned decision tree,large per-example ScatterND coordinate table; full arc-gen memorization; dynamic hash table with large MatMul,all train/test examples pass; arc-gen sample pass; rule description does not mention hidden labels; cost is lower than current selected ONNX,"task342: validation pass, cost < 5627, target cost <= 1000, static/banned-op gate pass",high,high until replaced by rule
274,314,phase3_7400_private_like,signature_lookup_current,sparse_edit_or_object_completion,exp023_graph_surgery_exp016_surgery_prune_unused_initializers,surgery_prune_unused_initializers,5595,16.370371379253974,1000,1.7218733417638887,26.598362038384913,lookup compression and rule extraction,mine train/test signatures for invariant features; fit a shallow decision tree or affine hash over colors/shapes/anchors; attempt DSL replacement before another lookup variant,small Gather over learned color roles; constant Slice/Gather for extracted crop cases; initializer-pruned decision tree,large per-example ScatterND coordinate table; full arc-gen memorization; dynamic hash table with large MatMul,all train/test examples pass; arc-gen sample pass; rule description does not mention hidden labels; cost is lower than current selected ONNX,"task314: validation pass, cost < 5595, target cost <= 1000, static/banned-op gate pass",high,high until replaced by rule
275,48,phase3_7400_private_like,crop_resize,crop_or_resize,massimilianoghiotto_6254,baseline,5609,16.367872270491663,1000,1.7243724505262001,26.275852234770337,object-anchor crop/resize synthesizer,"enumerate fixed crop, object-centered crop, mask-color crop; fit output shape rule from train examples; prefer constant Slice before dynamic bbox",Slice with constant starts/ends; Gather over static row/column indices; small Pad/Concat only when shape is fixed,NonZero or Compress bbox extraction; full-grid Tile plus mask; large ScatterND for every output cell,shape rule fits every train pair; sample validation pass; no dynamic shape tensors; cost target is met before full validation,"task048: validation pass, cost < 5609, target cost <= 1000, static/banned-op gate pass",medium,medium
276,60,phase3_7400_private_like,sparse_edit_or_object_completion,sparse_edit_or_object_completion,massimilianoghiotto_6254,baseline,5581,16.372876749211567,1000,1.719367971806296,26.22080296885139,sparse edit and object completion enumerator,"derive changed-cell mask and color roles; fit local neighborhood, component, or ray rule; emit sparse coordinate program only if index table is tiny",small Conv kernels; GatherND/ScatterND with few coordinates; Equal plus single Where for small masks,full-grid Where chain; large coordinate initializer; unrolled iterative fill without cost forecast,changed-cell rule explains all train diffs; arc-gen sample pass; coordinate table remains below gate; cost is lower than current selected ONNX,"task060: validation pass, cost < 5581, target cost <= 1000, static/banned-op gate pass",medium,medium
277,226,phase3_7400_private_like,region_partition_fill,sparse_edit_or_object_completion,massimilianoghiotto_6254,baseline,5559,16.37682648504653,1000,1.7154182359713346,26.177355874666816,region and room-fill synthesizer,detect boundary colors and line-grid rooms; prefer closed-form room masks over flood-fill unroll; try row/column prefix reductions before dilation,static row/column ReduceSum masks; small Conv kernels; single-pass room mask Where,radius-scale flood-fill unroll; many-step dilation; dynamic full-grid color map,boundary/interior semantics fit train examples; sample validation pass; unroll count is justified by cost gate; cost is lower than current selected ONNX,"task226: validation pass, cost < 5559, target cost <= 1000, static/banned-op gate pass",medium,medium-high
278,35,phase3_7400_private_like,signature_lookup_current,sparse_edit_or_object_completion,exp023_graph_surgery_exp016_surgery_prune_unused_initializers,surgery_prune_unused_initializers,5339,16.417206351499814,1000,1.6750383695180489,26.083177343680674,lookup compression and rule extraction,mine train/test signatures for invariant features; fit a shallow decision tree or affine hash over colors/shapes/anchors; attempt DSL replacement before another lookup variant,small Gather over learned color roles; constant Slice/Gather for extracted crop cases; initializer-pruned decision tree,large per-example ScatterND coordinate table; full arc-gen memorization; dynamic hash table with large MatMul,all train/test examples pass; arc-gen sample pass; rule description does not mention hidden labels; cost is lower than current selected ONNX,"task035: validation pass, cost < 5339, target cost <= 1000, static/banned-op gate pass",high,high until replaced by rule
279,321,phase3_7400_private_like,crop_resize,crop_or_resize,massimilianoghiotto_6254,baseline,5511,16.385498626116764,1000,1.7067460949010993,26.081962322894228,object-anchor crop/resize synthesizer,"enumerate fixed crop, object-centered crop, mask-color crop; fit output shape rule from train examples; prefer constant Slice before dynamic bbox",Slice with constant starts/ends; Gather over static row/column indices; small Pad/Concat only when shape is fixed,NonZero or Compress bbox extraction; full-grid Tile plus mask; large ScatterND for every output cell,shape rule fits every train pair; sample validation pass; no dynamic shape tensors; cost target is met before full validation,"task321: validation pass, cost < 5511, target cost <= 1000, static/banned-op gate pass",medium,medium
280,228,phase3_7400_private_like,signature_lookup_current,sparse_edit_or_object_completion,exp023_graph_surgery_exp016_surgery_prune_unused_initializers,surgery_prune_unused_initializers,5179,16.447632733576107,1000,1.6446119874417562,25.748487140841455,lookup compression and rule extraction,mine train/test signatures for invariant features; fit a shallow decision tree or affine hash over colors/shapes/anchors; attempt DSL replacement before another lookup variant,small Gather over learned color roles; constant Slice/Gather for extracted crop cases; initializer-pruned decision tree,large per-example ScatterND coordinate table; full arc-gen memorization; dynamic hash table with large MatMul,all train/test examples pass; arc-gen sample pass; rule description does not mention hidden labels; cost is lower than current selected ONNX,"task228: validation pass, cost < 5179, target cost <= 1000, static/banned-op gate pass",high,high until replaced by rule
281,320,phase3_7400_private_like,sparse_edit_or_object_completion,sparse_edit_or_object_completion,massimilianoghiotto_6254,baseline,5190,16.445511023840066,1000,1.6467336971777975,25.421825947937908,sparse edit and object completion enumerator,"derive changed-cell mask and color roles; fit local neighborhood, component, or ray rule; emit sparse coordinate program only if index table is tiny",small Conv kernels; GatherND/ScatterND with few coordinates; Equal plus single Where for small masks,full-grid Where chain; large coordinate initializer; unrolled iterative fill without cost forecast,changed-cell rule explains all train diffs; arc-gen sample pass; coordinate table remains below gate; cost is lower than current selected ONNX,"task320: validation pass, cost < 5190, target cost <= 1000, static/banned-op gate pass",medium,medium
282,353,phase3_7400_private_like,signature_lookup_current,sparse_edit_or_object_completion,exp023_graph_surgery_exp016_surgery_prune_unused_initializers,surgery_prune_unused_initializers,5014,16.48001072128176,1000,1.6122339997361017,25.392329276079256,lookup compression and rule extraction,mine train/test signatures for invariant features; fit a shallow decision tree or affine hash over colors/shapes/anchors; attempt DSL replacement before another lookup variant,small Gather over learned color roles; constant Slice/Gather for extracted crop cases; initializer-pruned decision tree,large per-example ScatterND coordinate table; full arc-gen memorization; dynamic hash table with large MatMul,all train/test examples pass; arc-gen sample pass; rule description does not mention hidden labels; cost is lower than current selected ONNX,"task353: validation pass, cost < 5014, target cost <= 1000, static/banned-op gate pass",high,high until replaced by rule
283,371,phase3_7400_private_like,signature_lookup_current,sparse_edit_or_object_completion,exp023_graph_surgery_exp016_surgery_prune_unused_initializers,surgery_prune_unused_initializers,4923,16.498326620241798,1000,1.5939181007760652,25.190854387518854,lookup compression and rule extraction,mine train/test signatures for invariant features; fit a shallow decision tree or affine hash over colors/shapes/anchors; attempt DSL replacement before another lookup variant,small Gather over learned color roles; constant Slice/Gather for extracted crop cases; initializer-pruned decision tree,large per-example ScatterND coordinate table; full arc-gen memorization; dynamic hash table with large MatMul,all train/test examples pass; arc-gen sample pass; rule description does not mention hidden labels; cost is lower than current selected ONNX,"task371: validation pass, cost < 4923, target cost <= 1000, static/banned-op gate pass",high,high until replaced by rule
284,10,phase3_7400_private_like,sparse_edit_or_object_completion,sparse_edit_or_object_completion,massimilianoghiotto_6254,baseline,5016,16.479611917687244,1000,1.6126328033306194,25.04671611561895,sparse edit and object completion enumerator,"derive changed-cell mask and color roles; fit local neighborhood, component, or ray rule; emit sparse coordinate program only if index table is tiny",small Conv kernels; GatherND/ScatterND with few coordinates; Equal plus single Where for small masks,full-grid Where chain; large coordinate initializer; unrolled iterative fill without cost forecast,changed-cell rule explains all train diffs; arc-gen sample pass; coordinate table remains below gate; cost is lower than current selected ONNX,"task010: validation pass, cost < 5016, target cost <= 1000, static/banned-op gate pass",medium,medium
285,356,phase3_7400_private_like,sparse_edit_or_object_completion,sparse_edit_or_object_completion,massimilianoghiotto_6254,baseline,5002,16.482406888562437,1000,1.609837832455426,25.015971435991823,sparse edit and object completion enumerator,"derive changed-cell mask and color roles; fit local neighborhood, component, or ray rule; emit sparse coordinate program only if index table is tiny",small Conv kernels; GatherND/ScatterND with few coordinates; Equal plus single Where for small masks,full-grid Where chain; large coordinate initializer; unrolled iterative fill without cost forecast,changed-cell rule explains all train diffs; arc-gen sample pass; coordinate table remains below gate; cost is lower than current selected ONNX,"task356: validation pass, cost < 5002, target cost <= 1000, static/banned-op gate pass",medium,medium
286,206,phase3_7400_private_like,signature_lookup_current,sparse_edit_or_object_completion,exp023_graph_surgery_exp016_surgery_prune_unused_initializers,surgery_prune_unused_initializers,4795,16.52467101268246,1000,1.5675737083354022,24.90106607067156,lookup compression and rule extraction,mine train/test signatures for invariant features; fit a shallow decision tree or affine hash over colors/shapes/anchors; attempt DSL replacement before another lookup variant,small Gather over learned color roles; constant Slice/Gather for extracted crop cases; initializer-pruned decision tree,large per-example ScatterND coordinate table; full arc-gen memorization; dynamic hash table with large MatMul,all train/test examples pass; arc-gen sample pass; rule description does not mention hidden labels; cost is lower than current selected ONNX,"task206: validation pass, cost < 4795, target cost <= 1000, static/banned-op gate pass",high,high until replaced by rule
287,99,phase3_7400_private_like,sparse_edit_or_object_completion,sparse_edit_or_object_completion,massimilianoghiotto_6254,baseline,4910,16.500970779211436,1000,1.5912739418064277,24.81176863885284,sparse edit and object completion enumerator,"derive changed-cell mask and color roles; fit local neighborhood, component, or ray rule; emit sparse coordinate program only if index table is tiny",small Conv kernels; GatherND/ScatterND with few coordinates; Equal plus single Where for small masks,full-grid Where chain; large coordinate initializer; unrolled iterative fill without cost forecast,changed-cell rule explains all train diffs; arc-gen sample pass; coordinate table remains below gate; cost is lower than current selected ONNX,"task099: validation pass, cost < 4910, target cost <= 1000, static/banned-op gate pass",medium,medium
288,136,phase3_7400_private_like,sparse_edit_or_object_completion,sparse_edit_or_object_completion,massimilianoghiotto_6254,baseline,4837,16.515950027177016,1000,1.5762946938408469,24.64699691123145,sparse edit and object completion enumerator,"derive changed-cell mask and color roles; fit local neighborhood, component, or ray rule; emit sparse coordinate program only if index table is tiny",small Conv kernels; GatherND/ScatterND with few coordinates; Equal plus single Where for small masks,full-grid Where chain; large coordinate initializer; unrolled iterative fill without cost forecast,changed-cell rule explains all train diffs; arc-gen sample pass; coordinate table remains below gate; cost is lower than current selected ONNX,"task136: validation pass, cost < 4837, target cost <= 1000, static/banned-op gate pass",medium,medium
289,394,phase3_7400_private_like,crop_resize,crop_or_resize,afr1ste_5689_artifact,baseline,4753,16.53346872338599,1000,1.558775997631873,24.454291252932737,object-anchor crop/resize synthesizer,"enumerate fixed crop, object-centered crop, mask-color crop; fit output shape rule from train examples; prefer constant Slice before dynamic bbox",Slice with constant starts/ends; Gather over static row/column indices; small Pad/Concat only when shape is fixed,NonZero or Compress bbox extraction; full-grid Tile plus mask; large ScatterND for every output cell,shape rule fits every train pair; sample validation pass; no dynamic shape tensors; cost target is met before full validation,"task394: validation pass, cost < 4753, target cost <= 1000, static/banned-op gate pass",medium,medium
290,378,phase3_7400_private_like,signature_lookup_current,sparse_edit_or_object_completion,exp023_graph_surgery_exp016_surgery_prune_unused_initializers,surgery_prune_unused_initializers,4556,16.575799675432926,1000,1.5164450455849376,24.33865078041645,lookup compression and rule extraction,mine train/test signatures for invariant features; fit a shallow decision tree or affine hash over colors/shapes/anchors; attempt DSL replacement before another lookup variant,small Gather over learned color roles; constant Slice/Gather for extracted crop cases; initializer-pruned decision tree,large per-example ScatterND coordinate table; full arc-gen memorization; dynamic hash table with large MatMul,all train/test examples pass; arc-gen sample pass; rule description does not mention hidden labels; cost is lower than current selected ONNX,"task378: validation pass, cost < 4556, target cost <= 1000, static/banned-op gate pass",high,high until replaced by rule
291,160,phase3_7400_private_like,sparse_edit_or_object_completion,sparse_edit_or_object_completion,massimilianoghiotto_6254,baseline,4586,16.56923653658215,1000,1.5230081844357137,24.060845307774986,sparse edit and object completion enumerator,"derive changed-cell mask and color roles; fit local neighborhood, component, or ray rule; emit sparse coordinate program only if index table is tiny",small Conv kernels; GatherND/ScatterND with few coordinates; Equal plus single Where for small masks,full-grid Where chain; large coordinate initializer; unrolled iterative fill without cost forecast,changed-cell rule explains all train diffs; arc-gen sample pass; coordinate table remains below gate; cost is lower than current selected ONNX,"task160: validation pass, cost < 4586, target cost <= 1000, static/banned-op gate pass",medium,medium
292,323,phase3_7400_private_like,sparse_edit_or_object_completion,sparse_edit_or_object_completion,massimilianoghiotto_6254,baseline,4533,16.58086074905915,1000,1.5113839719587148,23.932978970527998,sparse edit and object completion enumerator,"derive changed-cell mask and color roles; fit local neighborhood, component, or ray rule; emit sparse coordinate program only if index table is tiny",small Conv kernels; GatherND/ScatterND with few coordinates; Equal plus single Where for small masks,full-grid Where chain; large coordinate initializer; unrolled iterative fill without cost forecast,changed-cell rule explains all train diffs; arc-gen sample pass; coordinate table remains below gate; cost is lower than current selected ONNX,"task323: validation pass, cost < 4533, target cost <= 1000, static/banned-op gate pass",medium,medium
293,293,phase3_7400_private_like,signature_lookup_current,sparse_edit_or_object_completion,exp023_graph_surgery_exp016_surgery_prune_unused_initializers,surgery_prune_unused_initializers,4323,16.62829511533237,1000,1.4639496056854924,23.761200941522553,lookup compression and rule extraction,mine train/test signatures for invariant features; fit a shallow decision tree or affine hash over colors/shapes/anchors; attempt DSL replacement before another lookup variant,small Gather over learned color roles; constant Slice/Gather for extracted crop cases; initializer-pruned decision tree,large per-example ScatterND coordinate table; full arc-gen memorization; dynamic hash table with large MatMul,all train/test examples pass; arc-gen sample pass; rule description does not mention hidden labels; cost is lower than current selected ONNX,"task293: validation pass, cost < 4323, target cost <= 1000, static/banned-op gate pass",high,high until replaced by rule
294,291,phase3_7400_private_like,crop_resize,crop_or_resize,massimilianoghiotto_6254,baseline,4327,16.627370259775116,1000,1.4648744612427471,23.421374352652354,object-anchor crop/resize synthesizer,"enumerate fixed crop, object-centered crop, mask-color crop; fit output shape rule from train examples; prefer constant Slice before dynamic bbox",Slice with constant starts/ends; Gather over static row/column indices; small Pad/Concat only when shape is fixed,NonZero or Compress bbox extraction; full-grid Tile plus mask; large ScatterND for every output cell,shape rule fits every train pair; sample validation pass; no dynamic shape tensors; cost target is met before full validation,"task291: validation pass, cost < 4327, target cost <= 1000, static/banned-op gate pass",medium,medium
295,126,phase3_7400_private_like,signature_lookup_current,sparse_edit_or_object_completion,exp023_graph_surgery_exp016_surgery_prune_unused_initializers,surgery_prune_unused_initializers,4027,16.699223039148546,1000,1.3930216818693175,22.98099377954463,lookup compression and rule extraction,mine train/test signatures for invariant features; fit a shallow decision tree or affine hash over colors/shapes/anchors; attempt DSL replacement before another lookup variant,small Gather over learned color roles; constant Slice/Gather for extracted crop cases; initializer-pruned decision tree,large per-example ScatterND coordinate table; full arc-gen memorization; dynamic hash table with large MatMul,all train/test examples pass; arc-gen sample pass; rule description does not mention hidden labels; cost is lower than current selected ONNX,"task126: validation pass, cost < 4027, target cost <= 1000, static/banned-op gate pass",high,high until replaced by rule
296,115,phase3_7400_private_like,crop_resize,crop_or_resize,massimilianoghiotto_6254,baseline,4122,16.675906238549594,1000,1.4163384824682694,22.8874785861331,object-anchor crop/resize synthesizer,"enumerate fixed crop, object-centered crop, mask-color crop; fit output shape rule from train examples; prefer constant Slice before dynamic bbox",Slice with constant starts/ends; Gather over static row/column indices; small Pad/Concat only when shape is fixed,NonZero or Compress bbox extraction; full-grid Tile plus mask; large ScatterND for every output cell,shape rule fits every train pair; sample validation pass; no dynamic shape tensors; cost target is met before full validation,"task115: validation pass, cost < 4122, target cost <= 1000, static/banned-op gate pass",medium,medium
297,296,phase3_7400_private_like,crop_resize,crop_or_resize,massimilianoghiotto_6254,baseline,4115,16.67760588688883,1000,1.4146388341290326,22.868782454401494,object-anchor crop/resize synthesizer,"enumerate fixed crop, object-centered crop, mask-color crop; fit output shape rule from train examples; prefer constant Slice before dynamic bbox",Slice with constant starts/ends; Gather over static row/column indices; small Pad/Concat only when shape is fixed,NonZero or Compress bbox extraction; full-grid Tile plus mask; large ScatterND for every output cell,shape rule fits every train pair; sample validation pass; no dynamic shape tensors; cost target is met before full validation,"task296: validation pass, cost < 4115, target cost <= 1000, static/banned-op gate pass",medium,medium
298,123,phase3_7400_private_like,crop_resize,crop_or_resize,afr1ste_5689_artifact,baseline,4104,16.680282613149394,1000,1.4119621078684688,22.839338465535292,object-anchor crop/resize synthesizer,"enumerate fixed crop, object-centered crop, mask-color crop; fit output shape rule from train examples; prefer constant Slice before dynamic bbox",Slice with constant starts/ends; Gather over static row/column indices; small Pad/Concat only when shape is fixed,NonZero or Compress bbox extraction; full-grid Tile plus mask; large ScatterND for every output cell,shape rule fits every train pair; sample validation pass; no dynamic shape tensors; cost target is met before full validation,"task123: validation pass, cost < 4104, target cost <= 1000, static/banned-op gate pass",medium,medium
299,20,phase3_7400_private_like,signature_lookup_current,sparse_edit_or_object_completion,exp023_graph_surgery_exp016_surgery_prune_unused_initializers,surgery_prune_unused_initializers,3931,16.723350874578138,1000,1.3688938464397253,22.715587589819116,lookup compression and rule extraction,mine train/test signatures for invariant features; fit a shallow decision tree or affine hash over colors/shapes/anchors; attempt DSL replacement before another lookup variant,small Gather over learned color roles; constant Slice/Gather for extracted crop cases; initializer-pruned decision tree,large per-example ScatterND coordinate table; full arc-gen memorization; dynamic hash table with large MatMul,all train/test examples pass; arc-gen sample pass; rule description does not mention hidden labels; cost is lower than current selected ONNX,"task020: validation pass, cost < 3931, target cost <= 1000, static/banned-op gate pass",high,high until replaced by rule
300,305,phase3_7400_private_like,sparse_edit_or_object_completion,sparse_edit_or_object_completion,massimilianoghiotto_6254,baseline,3952,16.71802294113224,1000,1.374221779885623,22.42419485772399,sparse edit and object completion enumerator,"derive changed-cell mask and color roles; fit local neighborhood, component, or ray rule; emit sparse coordinate program only if index table is tiny",small Conv kernels; GatherND/ScatterND with few coordinates; Equal plus single Where for small masks,full-grid Where chain; large coordinate initializer; unrolled iterative fill without cost forecast,changed-cell rule explains all train diffs; arc-gen sample pass; coordinate table remains below gate; cost is lower than current selected ONNX,"task305: validation pass, cost < 3952, target cost <= 1000, static/banned-op gate pass",medium,medium
301,143,phase3_7400_private_like,signature_lookup_current,sparse_edit_or_object_completion,exp023_graph_surgery_exp016_surgery_prune_unused_initializers,surgery_prune_unused_initializers,3803,16.75645449207174,1000,1.3357902289461236,22.351447797389497,lookup compression and rule extraction,mine train/test signatures for invariant features; fit a shallow decision tree or affine hash over colors/shapes/anchors; attempt DSL replacement before another lookup variant,small Gather over learned color roles; constant Slice/Gather for extracted crop cases; initializer-pruned decision tree,large per-example ScatterND coordinate table; full arc-gen memorization; dynamic hash table with large MatMul,all train/test examples pass; arc-gen sample pass; rule description does not mention hidden labels; cost is lower than current selected ONNX,"task143: validation pass, cost < 3803, target cost <= 1000, static/banned-op gate pass",high,high until replaced by rule
302,316,phase3_7400_private_like,crop_resize,crop_or_resize,massimilianoghiotto_6254,baseline,3903,16.730499232819383,1000,1.3617454881984798,22.286955649165414,object-anchor crop/resize synthesizer,"enumerate fixed crop, object-centered crop, mask-color crop; fit output shape rule from train examples; prefer constant Slice before dynamic bbox",Slice with constant starts/ends; Gather over static row/column indices; small Pad/Concat only when shape is fixed,NonZero or Compress bbox extraction; full-grid Tile plus mask; large ScatterND for every output cell,shape rule fits every train pair; sample validation pass; no dynamic shape tensors; cost target is met before full validation,"task316: validation pass, cost < 3903, target cost <= 1000, static/banned-op gate pass",medium,medium
303,104,phase3_7400_private_like,crop_resize,crop_or_resize,massimilianoghiotto_6254,baseline,3682,16.788788638206977,1000,1.3034560828108859,21.64577218990188,object-anchor crop/resize synthesizer,"enumerate fixed crop, object-centered crop, mask-color crop; fit output shape rule from train examples; prefer constant Slice before dynamic bbox",Slice with constant starts/ends; Gather over static row/column indices; small Pad/Concat only when shape is fixed,NonZero or Compress bbox extraction; full-grid Tile plus mask; large ScatterND for every output cell,shape rule fits every train pair; sample validation pass; no dynamic shape tensors; cost target is met before full validation,"task104: validation pass, cost < 3682, target cost <= 1000, static/banned-op gate pass",medium,medium
304,381,phase3_7400_private_like,sparse_edit_or_object_completion,sparse_edit_or_object_completion,massimilianoghiotto_6254,baseline,3681,16.78906026662098,1000,1.3031844543968845,21.642784277347864,sparse edit and object completion enumerator,"derive changed-cell mask and color roles; fit local neighborhood, component, or ray rule; emit sparse coordinate program only if index table is tiny",small Conv kernels; GatherND/ScatterND with few coordinates; Equal plus single Where for small masks,full-grid Where chain; large coordinate initializer; unrolled iterative fill without cost forecast,changed-cell rule explains all train diffs; arc-gen sample pass; coordinate table remains below gate; cost is lower than current selected ONNX,"task381: validation pass, cost < 3681, target cost <= 1000, static/banned-op gate pass",medium,medium
305,139,phase3_7400_private_like,sparse_edit_or_object_completion,sparse_edit_or_object_completion,massimilianoghiotto_6254,baseline,3630,16.803012072741105,1000,1.2892326482767587,21.48931441002648,sparse edit and object completion enumerator,"derive changed-cell mask and color roles; fit local neighborhood, component, or ray rule; emit sparse coordinate program only if index table is tiny",small Conv kernels; GatherND/ScatterND with few coordinates; Equal plus single Where for small masks,full-grid Where chain; large coordinate initializer; unrolled iterative fill without cost forecast,changed-cell rule explains all train diffs; arc-gen sample pass; coordinate table remains below gate; cost is lower than current selected ONNX,"task139: validation pass, cost < 3630, target cost <= 1000, static/banned-op gate pass",medium,medium
306,32,phase3_7400_private_like,sparse_edit_or_object_completion,sparse_edit_or_object_completion,massimilianoghiotto_6254,baseline,3405,16.86699978141639,1000,1.225244939601474,20.78544961459835,sparse edit and object completion enumerator,"derive changed-cell mask and color roles; fit local neighborhood, component, or ray rule; emit sparse coordinate program only if index table is tiny",small Conv kernels; GatherND/ScatterND with few coordinates; Equal plus single Where for small masks,full-grid Where chain; large coordinate initializer; unrolled iterative fill without cost forecast,changed-cell rule explains all train diffs; arc-gen sample pass; coordinate table remains below gate; cost is lower than current selected ONNX,"task032: validation pass, cost < 3405, target cost <= 1000, static/banned-op gate pass",medium,medium
307,248,phase3_7400_private_like,signature_lookup_current,sparse_edit_or_object_completion,exp023_graph_surgery_exp016_surgery_prune_unused_initializers,surgery_prune_unused_initializers,2938,17.01451564326618,1000,1.077729077751684,19.51277513425066,lookup compression and rule extraction,mine train/test signatures for invariant features; fit a shallow decision tree or affine hash over colors/shapes/anchors; attempt DSL replacement before another lookup variant,small Gather over learned color roles; constant Slice/Gather for extracted crop cases; initializer-pruned decision tree,large per-example ScatterND coordinate table; full arc-gen memorization; dynamic hash table with large MatMul,all train/test examples pass; arc-gen sample pass; rule description does not mention hidden labels; cost is lower than current selected ONNX,"task248: validation pass, cost < 2938, target cost <= 1000, static/banned-op gate pass",high,high until replaced by rule
308,47,phase3_7400_private_like,point_to_line_pattern,sparse_edit_or_object_completion,massimilianoghiotto_6254,baseline,3024,16.985664262700574,1000,1.1065804583172891,19.480140320472316,seed-to-pattern grammar,"identify seed colors and directions; enumerate rays, periodic diagonal shifts, boxes, and reflected motifs; bind colors through roles rather than absolute labels when possible",constant affine coordinate masks; small Conv kernels for line detection; Gather/Where over precomputed row-column masks,per-cell ScatterND table; full-grid iterative ray propagation; Where chain over all periods,direction/period inferred from train examples; sample validation pass; private-like rule note names the invariant; cost is lower than current selected ONNX,"task047: validation pass, cost < 3024, target cost <= 1000, static/banned-op gate pass",medium,medium
309,227,phase3_7400_private_like,crop_resize,crop_or_resize,massimilianoghiotto_6254,baseline,2927,17.018266713308115,1000,1.0739780077097478,19.12151336378936,object-anchor crop/resize synthesizer,"enumerate fixed crop, object-centered crop, mask-color crop; fit output shape rule from train examples; prefer constant Slice before dynamic bbox",Slice with constant starts/ends; Gather over static row/column indices; small Pad/Concat only when shape is fixed,NonZero or Compress bbox extraction; full-grid Tile plus mask; large ScatterND for every output cell,shape rule fits every train pair; sample validation pass; no dynamic shape tensors; cost target is met before full validation,"task227: validation pass, cost < 2927, target cost <= 1000, static/banned-op gate pass",medium,medium
310,1,phase3_7400_private_like,crop_resize,crop_or_resize,vyanktesh_multi_source_output,baseline,2843,17.047384888349,1000,1.0448598326688625,18.801213438339623,object-anchor crop/resize synthesizer,"enumerate fixed crop, object-centered crop, mask-color crop; fit output shape rule from train examples; prefer constant Slice before dynamic bbox",Slice with constant starts/ends; Gather over static row/column indices; small Pad/Concat only when shape is fixed,NonZero or Compress bbox extraction; full-grid Tile plus mask; large ScatterND for every output cell,shape rule fits every train pair; sample validation pass; no dynamic shape tensors; cost target is met before full validation,"task001: validation pass, cost < 2843, target cost <= 1000, static/banned-op gate pass",medium,medium
311,262,phase3_7400_private_like,signature_lookup_current,sparse_edit_or_object_completion,exp023_graph_surgery_exp016_surgery_prune_unused_initializers,surgery_prune_unused_initializers,2582,17.143680428593413,1000,0.9485642924244502,18.09196249565109,lookup compression and rule extraction,mine train/test signatures for invariant features; fit a shallow decision tree or affine hash over colors/shapes/anchors; attempt DSL replacement before another lookup variant,small Gather over learned color roles; constant Slice/Gather for extracted crop cases; initializer-pruned decision tree,large per-example ScatterND coordinate table; full arc-gen memorization; dynamic hash table with large MatMul,all train/test examples pass; arc-gen sample pass; rule description does not mention hidden labels; cost is lower than current selected ONNX,"task262: validation pass, cost < 2582, target cost <= 1000, static/banned-op gate pass",high,high until replaced by rule
312,122,phase3_7400_private_like,sparse_edit_or_object_completion,sparse_edit_or_object_completion,massimilianoghiotto_6254,baseline,2510,17.17196196787417,1000,0.9202827531436917,17.430865563562744,sparse edit and object completion enumerator,"derive changed-cell mask and color roles; fit local neighborhood, component, or ray rule; emit sparse coordinate program only if index table is tiny",small Conv kernels; GatherND/ScatterND with few coordinates; Equal plus single Where for small masks,full-grid Where chain; large coordinate initializer; unrolled iterative fill without cost forecast,changed-cell rule explains all train diffs; arc-gen sample pass; coordinate table remains below gate; cost is lower than current selected ONNX,"task122: validation pass, cost < 2510, target cost <= 1000, static/banned-op gate pass",medium,medium
313,344,phase3_7400_private_like,sparse_edit_or_object_completion,sparse_edit_or_object_completion,massimilianoghiotto_6254,baseline,2510,17.17196196787417,1000,0.9202827531436917,17.430865563562744,sparse edit and object completion enumerator,"derive changed-cell mask and color roles; fit local neighborhood, component, or ray rule; emit sparse coordinate program only if index table is tiny",small Conv kernels; GatherND/ScatterND with few coordinates; Equal plus single Where for small masks,full-grid Where chain; large coordinate initializer; unrolled iterative fill without cost forecast,changed-cell rule explains all train diffs; arc-gen sample pass; coordinate table remains below gate; cost is lower than current selected ONNX,"task344: validation pass, cost < 2510, target cost <= 1000, static/banned-op gate pass",medium,medium
314,81,phase3_7400_private_like,sparse_edit_or_object_completion,sparse_edit_or_object_completion,massimilianoghiotto_6254,baseline,2307,17.256296741826247,1000,0.8359479791916158,16.50318305008991,sparse edit and object completion enumerator,"derive changed-cell mask and color roles; fit local neighborhood, component, or ray rule; emit sparse coordinate program only if index table is tiny",small Conv kernels; GatherND/ScatterND with few coordinates; Equal plus single Where for small masks,full-grid Where chain; large coordinate initializer; unrolled iterative fill without cost forecast,changed-cell rule explains all train diffs; arc-gen sample pass; coordinate table remains below gate; cost is lower than current selected ONNX,"task081: validation pass, cost < 2307, target cost <= 1000, static/banned-op gate pass",medium,medium
315,146,phase3_7400_private_like,crop_resize,crop_or_resize,massimilianoghiotto_6254,baseline,2256,17.27865138738205,1000,0.8135933336358114,16.25728194897606,object-anchor crop/resize synthesizer,"enumerate fixed crop, object-centered crop, mask-color crop; fit output shape rule from train examples; prefer constant Slice before dynamic bbox",Slice with constant starts/ends; Gather over static row/column indices; small Pad/Concat only when shape is fixed,NonZero or Compress bbox extraction; full-grid Tile plus mask; large ScatterND for every output cell,shape rule fits every train pair; sample validation pass; no dynamic shape tensors; cost target is met before full validation,"task146: validation pass, cost < 2256, target cost <= 1000, static/banned-op gate pass",medium,medium
316,38,phase3_7400_private_like,crop_resize,crop_or_resize,massimilianoghiotto_6254,baseline,2193,17.306974251582112,1000,0.7852704694357513,15.945730442775401,object-anchor crop/resize synthesizer,"enumerate fixed crop, object-centered crop, mask-color crop; fit output shape rule from train examples; prefer constant Slice before dynamic bbox",Slice with constant starts/ends; Gather over static row/column indices; small Pad/Concat only when shape is fixed,NonZero or Compress bbox extraction; full-grid Tile plus mask; large ScatterND for every output cell,shape rule fits every train pair; sample validation pass; no dynamic shape tensors; cost target is met before full validation,"task038: validation pass, cost < 2193, target cost <= 1000, static/banned-op gate pass",medium,medium
317,386,phase3_7400_private_like,crop_resize,crop_or_resize,massimilianoghiotto_6254,baseline,2183,17.311544643450056,1000,0.7807000775678077,15.895456132228022,object-anchor crop/resize synthesizer,"enumerate fixed crop, object-centered crop, mask-color crop; fit output shape rule from train examples; prefer constant Slice before dynamic bbox",Slice with constant starts/ends; Gather over static row/column indices; small Pad/Concat only when shape is fixed,NonZero or Compress bbox extraction; full-grid Tile plus mask; large ScatterND for every output cell,shape rule fits every train pair; sample validation pass; no dynamic shape tensors; cost target is met before full validation,"task386: validation pass, cost < 2183, target cost <= 1000, static/banned-op gate pass",medium,medium
318,389,phase3_7400_private_like,line_grid_fill,sparse_edit_or_object_completion,massimilianoghiotto_6254,baseline,1898,17.451444020830127,1000,0.6408007001877358,14.356562981047231,"line, ray, and grid grammar",detect complete/incomplete rows and columns; enumerate line extension and crossing rules; fit stop conditions from blockers and colors,ReduceSum row/column masks; small Conv kernels; constant masks plus Where,per-cell ScatterND table; full-grid Tile; long Where chain,line stop condition is explicit; sample validation pass; static shape check pass; cost is lower than current selected ONNX,"task389: validation pass, cost < 1898, target cost <= 1000, static/banned-op gate pass",medium,medium
319,207,phase3_7400_private_like,crop_resize,crop_or_resize,massimilianoghiotto_6254,baseline,1875,17.463636061595487,1000,0.6286086594223761,14.222450532628272,object-anchor crop/resize synthesizer,"enumerate fixed crop, object-centered crop, mask-color crop; fit output shape rule from train examples; prefer constant Slice before dynamic bbox",Slice with constant starts/ends; Gather over static row/column indices; small Pad/Concat only when shape is fixed,NonZero or Compress bbox extraction; full-grid Tile plus mask; large ScatterND for every output cell,shape rule fits every train pair; sample validation pass; no dynamic shape tensors; cost target is met before full validation,"task207: validation pass, cost < 1875, target cost <= 1000, static/banned-op gate pass",medium,medium
320,399,phase3_7400_private_like,crop_resize,crop_or_resize,massimilianoghiotto_6254,baseline,1839,17.48302277539568,1000,0.6092219456221848,14.00919668082617,object-anchor crop/resize synthesizer,"enumerate fixed crop, object-centered crop, mask-color crop; fit output shape rule from train examples; prefer constant Slice before dynamic bbox",Slice with constant starts/ends; Gather over static row/column indices; small Pad/Concat only when shape is fixed,NonZero or Compress bbox extraction; full-grid Tile plus mask; large ScatterND for every output cell,shape rule fits every train pair; sample validation pass; no dynamic shape tensors; cost target is met before full validation,"task399: validation pass, cost < 1839, target cost <= 1000, static/banned-op gate pass",medium,medium
321,83,phase4_7600_contender,crop_resize,crop_or_resize,massimilianoghiotto_6254,baseline,1800,17.504458056115745,300,1.7917594692280545,25.4131366361648,object-anchor crop/resize synthesizer,"enumerate fixed crop, object-centered crop, mask-color crop; fit output shape rule from train examples; prefer constant Slice before dynamic bbox",Slice with constant starts/ends; Gather over static row/column indices; small Pad/Concat only when shape is fixed,NonZero or Compress bbox extraction; full-grid Tile plus mask; large ScatterND for every output cell,shape rule fits every train pair; sample validation pass; no dynamic shape tensors; cost target is met before full validation,"task083: validation pass, cost < 1800, target cost <= 300, static/banned-op gate pass",medium,medium
322,108,phase4_7600_contender,crop_resize,crop_or_resize,massimilianoghiotto_6254,baseline,1800,17.504458056115745,300,1.7917594692280545,25.4131366361648,object-anchor crop/resize synthesizer,"enumerate fixed crop, object-centered crop, mask-color crop; fit output shape rule from train examples; prefer constant Slice before dynamic bbox",Slice with constant starts/ends; Gather over static row/column indices; small Pad/Concat only when shape is fixed,NonZero or Compress bbox extraction; full-grid Tile plus mask; large ScatterND for every output cell,shape rule fits every train pair; sample validation pass; no dynamic shape tensors; cost target is met before full validation,"task108: validation pass, cost < 1800, target cost <= 300, static/banned-op gate pass",medium,medium
323,142,phase4_7600_contender,crop_resize,crop_or_resize,massimilianoghiotto_6254,baseline,1800,17.504458056115745,300,1.7917594692280545,25.4131366361648,object-anchor crop/resize synthesizer,"enumerate fixed crop, object-centered crop, mask-color crop; fit output shape rule from train examples; prefer constant Slice before dynamic bbox",Slice with constant starts/ends; Gather over static row/column indices; small Pad/Concat only when shape is fixed,NonZero or Compress bbox extraction; full-grid Tile plus mask; large ScatterND for every output cell,shape rule fits every train pair; sample validation pass; no dynamic shape tensors; cost target is met before full validation,"task142: validation pass, cost < 1800, target cost <= 300, static/banned-op gate pass",medium,medium
324,152,phase4_7600_contender,crop_resize,crop_or_resize,massimilianoghiotto_6254,baseline,1800,17.504458056115745,300,1.7917594692280545,25.4131366361648,object-anchor crop/resize synthesizer,"enumerate fixed crop, object-centered crop, mask-color crop; fit output shape rule from train examples; prefer constant Slice before dynamic bbox",Slice with constant starts/ends; Gather over static row/column indices; small Pad/Concat only when shape is fixed,NonZero or Compress bbox extraction; full-grid Tile plus mask; large ScatterND for every output cell,shape rule fits every train pair; sample validation pass; no dynamic shape tensors; cost target is met before full validation,"task152: validation pass, cost < 1800, target cost <= 300, static/banned-op gate pass",medium,medium
325,194,phase4_7600_contender,crop_resize,crop_or_resize,massimilianoghiotto_6254,baseline,1800,17.504458056115745,300,1.7917594692280545,25.4131366361648,object-anchor crop/resize synthesizer,"enumerate fixed crop, object-centered crop, mask-color crop; fit output shape rule from train examples; prefer constant Slice before dynamic bbox",Slice with constant starts/ends; Gather over static row/column indices; small Pad/Concat only when shape is fixed,NonZero or Compress bbox extraction; full-grid Tile plus mask; large ScatterND for every output cell,shape rule fits every train pair; sample validation pass; no dynamic shape tensors; cost target is met before full validation,"task194: validation pass, cost < 1800, target cost <= 300, static/banned-op gate pass",medium,medium
326,211,phase4_7600_contender,crop_resize,crop_or_resize,massimilianoghiotto_6254,baseline,1800,17.504458056115745,300,1.7917594692280545,25.4131366361648,object-anchor crop/resize synthesizer,"enumerate fixed crop, object-centered crop, mask-color crop; fit output shape rule from train examples; prefer constant Slice before dynamic bbox",Slice with constant starts/ends; Gather over static row/column indices; small Pad/Concat only when shape is fixed,NonZero or Compress bbox extraction; full-grid Tile plus mask; large ScatterND for every output cell,shape rule fits every train pair; sample validation pass; no dynamic shape tensors; cost target is met before full validation,"task211: validation pass, cost < 1800, target cost <= 300, static/banned-op gate pass",medium,medium
327,214,phase4_7600_contender,region_partition_fill,sparse_edit_or_object_completion,massimilianoghiotto_6254,baseline,1800,17.504458056115745,300,1.7917594692280545,25.4131366361648,region and room-fill synthesizer,detect boundary colors and line-grid rooms; prefer closed-form room masks over flood-fill unroll; try row/column prefix reductions before dilation,static row/column ReduceSum masks; small Conv kernels; single-pass room mask Where,radius-scale flood-fill unroll; many-step dilation; dynamic full-grid color map,boundary/interior semantics fit train examples; sample validation pass; unroll count is justified by cost gate; cost is lower than current selected ONNX,"task214: validation pass, cost < 1800, target cost <= 300, static/banned-op gate pass",medium,medium-high
328,223,phase4_7600_contender,crop_resize,crop_or_resize,massimilianoghiotto_6254,baseline,1800,17.504458056115745,300,1.7917594692280545,25.4131366361648,object-anchor crop/resize synthesizer,"enumerate fixed crop, object-centered crop, mask-color crop; fit output shape rule from train examples; prefer constant Slice before dynamic bbox",Slice with constant starts/ends; Gather over static row/column indices; small Pad/Concat only when shape is fixed,NonZero or Compress bbox extraction; full-grid Tile plus mask; large ScatterND for every output cell,shape rule fits every train pair; sample validation pass; no dynamic shape tensors; cost target is met before full validation,"task223: validation pass, cost < 1800, target cost <= 300, static/banned-op gate pass",medium,medium
329,307,phase4_7600_contender,crop_resize,crop_or_resize,massimilianoghiotto_6254,baseline,1800,17.504458056115745,300,1.7917594692280545,25.4131366361648,object-anchor crop/resize synthesizer,"enumerate fixed crop, object-centered crop, mask-color crop; fit output shape rule from train examples; prefer constant Slice before dynamic bbox",Slice with constant starts/ends; Gather over static row/column indices; small Pad/Concat only when shape is fixed,NonZero or Compress bbox extraction; full-grid Tile plus mask; large ScatterND for every output cell,shape rule fits every train pair; sample validation pass; no dynamic shape tensors; cost target is met before full validation,"task307: validation pass, cost < 1800, target cost <= 300, static/banned-op gate pass",medium,medium
330,299,phase4_7600_contender,sparse_edit_or_object_completion,sparse_edit_or_object_completion,massimilianoghiotto_6254,baseline,1790,17.5100291011652,300,1.7861884241786008,25.35185514062081,sparse edit and object completion enumerator,"derive changed-cell mask and color roles; fit local neighborhood, component, or ray rule; emit sparse coordinate program only if index table is tiny",small Conv kernels; GatherND/ScatterND with few coordinates; Equal plus single Where for small masks,full-grid Where chain; large coordinate initializer; unrolled iterative fill without cost forecast,changed-cell rule explains all train diffs; arc-gen sample pass; coordinate table remains below gate; cost is lower than current selected ONNX,"task299: validation pass, cost < 1790, target cost <= 300, static/banned-op gate pass",medium,medium
331,395,phase4_7600_contender,crop_resize,crop_or_resize,afr1ste_5689_artifact,baseline,1667,17.581219117249205,300,1.7149984080945941,24.568764963696736,object-anchor crop/resize synthesizer,"enumerate fixed crop, object-centered crop, mask-color crop; fit output shape rule from train examples; prefer constant Slice before dynamic bbox",Slice with constant starts/ends; Gather over static row/column indices; small Pad/Concat only when shape is fixed,NonZero or Compress bbox extraction; full-grid Tile plus mask; large ScatterND for every output cell,shape rule fits every train pair; sample validation pass; no dynamic shape tensors; cost target is met before full validation,"task395: validation pass, cost < 1667, target cost <= 300, static/banned-op gate pass",medium,medium
332,6,phase4_7600_contender,crop_resize,crop_or_resize,afr1ste_5689_artifact,baseline,1631,17.603051397378987,300,1.6931661279648118,24.32860988226913,object-anchor crop/resize synthesizer,"enumerate fixed crop, object-centered crop, mask-color crop; fit output shape rule from train examples; prefer constant Slice before dynamic bbox",Slice with constant starts/ends; Gather over static row/column indices; small Pad/Concat only when shape is fixed,NonZero or Compress bbox extraction; full-grid Tile plus mask; large ScatterND for every output cell,shape rule fits every train pair; sample validation pass; no dynamic shape tensors; cost target is met before full validation,"task006: validation pass, cost < 1631, target cost <= 300, static/banned-op gate pass",medium,medium
333,347,phase4_7600_contender,crop_resize,crop_or_resize,massimilianoghiotto_6254,baseline,1607,17.61787563426249,300,1.6783418910813097,24.165543276550608,object-anchor crop/resize synthesizer,"enumerate fixed crop, object-centered crop, mask-color crop; fit output shape rule from train examples; prefer constant Slice before dynamic bbox",Slice with constant starts/ends; Gather over static row/column indices; small Pad/Concat only when shape is fixed,NonZero or Compress bbox extraction; full-grid Tile plus mask; large ScatterND for every output cell,shape rule fits every train pair; sample validation pass; no dynamic shape tensors; cost target is met before full validation,"task347: validation pass, cost < 1607, target cost <= 300, static/banned-op gate pass",medium,medium
334,229,phase4_7600_contender,line_grid_fill,sparse_edit_or_object_completion,massimilianoghiotto_6254,baseline,1409,17.74936448810132,300,1.546853037242478,22.71916588432346,"line, ray, and grid grammar",detect complete/incomplete rows and columns; enumerate line extension and crossing rules; fit stop conditions from blockers and colors,ReduceSum row/column masks; small Conv kernels; constant masks plus Where,per-cell ScatterND table; full-grid Tile; long Where chain,line stop condition is explicit; sample validation pass; static shape check pass; cost is lower than current selected ONNX,"task229: validation pass, cost < 1409, target cost <= 300, static/banned-op gate pass",medium,medium
335,235,phase4_7600_contender,crop_resize,crop_or_resize,massimilianoghiotto_6254,baseline,1338,17.801068759311825,300,1.4951487660319742,22.150418901007917,object-anchor crop/resize synthesizer,"enumerate fixed crop, object-centered crop, mask-color crop; fit output shape rule from train examples; prefer constant Slice before dynamic bbox",Slice with constant starts/ends; Gather over static row/column indices; small Pad/Concat only when shape is fixed,NonZero or Compress bbox extraction; full-grid Tile plus mask; large ScatterND for every output cell,shape rule fits every train pair; sample validation pass; no dynamic shape tensors; cost target is met before full validation,"task235: validation pass, cost < 1338, target cost <= 300, static/banned-op gate pass",medium,medium
336,72,phase4_7600_contender,crop_resize,crop_or_resize,massimilianoghiotto_6254,baseline,1309,17.8229812340901,300,1.4732362912536985,21.909381678446884,object-anchor crop/resize synthesizer,"enumerate fixed crop, object-centered crop, mask-color crop; fit output shape rule from train examples; prefer constant Slice before dynamic bbox",Slice with constant starts/ends; Gather over static row/column indices; small Pad/Concat only when shape is fixed,NonZero or Compress bbox extraction; full-grid Tile plus mask; large ScatterND for every output cell,shape rule fits every train pair; sample validation pass; no dynamic shape tensors; cost target is met before full validation,"task072: validation pass, cost < 1309, target cost <= 300, static/banned-op gate pass",medium,medium
337,267,phase4_7600_contender,color_map,sparse_edit_or_object_completion,afr1ste_5689_artifact,baseline,1255,17.865109148434115,300,1.431108376909684,21.445974620662724,color role normalizer,fit consistent color map; check whether color map is a substep for another family; emit only if it beats current graph,1x1 Conv; small Equal/Where chain,large MatMul color map; dynamic full-grid color map,consistent color mapping; sample validation pass; cost is lower than current selected ONNX,"task267: validation pass, cost < 1255, target cost <= 300, static/banned-op gate pass",low,medium
338,114,phase4_7600_contender,crop_resize,crop_or_resize,massimilianoghiotto_6254,baseline,1254,17.865906278807135,300,1.4303112465366645,21.43720618655951,object-anchor crop/resize synthesizer,"enumerate fixed crop, object-centered crop, mask-color crop; fit output shape rule from train examples; prefer constant Slice before dynamic bbox",Slice with constant starts/ends; Gather over static row/column indices; small Pad/Concat only when shape is fixed,NonZero or Compress bbox extraction; full-grid Tile plus mask; large ScatterND for every output cell,shape rule fits every train pair; sample validation pass; no dynamic shape tensors; cost target is met before full validation,"task114: validation pass, cost < 1254, target cost <= 300, static/banned-op gate pass",medium,medium
339,52,phase4_7600_contender,line_grid_fill,sparse_edit_or_object_completion,massimilianoghiotto_6254,baseline,1228,17.886857891292912,300,1.4093596340508867,21.206738449215955,"line, ray, and grid grammar",detect complete/incomplete rows and columns; enumerate line extension and crossing rules; fit stop conditions from blockers and colors,ReduceSum row/column masks; small Conv kernels; constant masks plus Where,per-cell ScatterND table; full-grid Tile; long Where chain,line stop condition is explicit; sample validation pass; static shape check pass; cost is lower than current selected ONNX,"task052: validation pass, cost < 1228, target cost <= 300, static/banned-op gate pass",medium,medium
340,181,phase4_7600_contender,sparse_edit_or_object_completion,sparse_edit_or_object_completion,massimilianoghiotto_6254,baseline,1194,17.91493570604745,300,1.3812818192963476,20.897882486916025,sparse edit and object completion enumerator,"derive changed-cell mask and color roles; fit local neighborhood, component, or ray rule; emit sparse coordinate program only if index table is tiny",small Conv kernels; GatherND/ScatterND with few coordinates; Equal plus single Where for small masks,full-grid Where chain; large coordinate initializer; unrolled iterative fill without cost forecast,changed-cell rule explains all train diffs; arc-gen sample pass; coordinate table remains below gate; cost is lower than current selected ONNX,"task181: validation pass, cost < 1194, target cost <= 300, static/banned-op gate pass",medium,medium
341,106,phase4_7600_contender,crop_resize,crop_or_resize,massimilianoghiotto_6254,baseline,1164,17.940382371708615,300,1.3558351536351836,20.61796916464322,object-anchor crop/resize synthesizer,"enumerate fixed crop, object-centered crop, mask-color crop; fit output shape rule from train examples; prefer constant Slice before dynamic bbox",Slice with constant starts/ends; Gather over static row/column indices; small Pad/Concat only when shape is fixed,NonZero or Compress bbox extraction; full-grid Tile plus mask; large ScatterND for every output cell,shape rule fits every train pair; sample validation pass; no dynamic shape tensors; cost target is met before full validation,"task106: validation pass, cost < 1164, target cost <= 300, static/banned-op gate pass",medium,medium
342,257,phase4_7600_contender,crop_resize,crop_or_resize,massimilianoghiotto_6254,baseline,1077,18.01806532284361,300,1.2781522025001877,19.763456702158265,object-anchor crop/resize synthesizer,"enumerate fixed crop, object-centered crop, mask-color crop; fit output shape rule from train examples; prefer constant Slice before dynamic bbox",Slice with constant starts/ends; Gather over static row/column indices; small Pad/Concat only when shape is fixed,NonZero or Compress bbox extraction; full-grid Tile plus mask; large ScatterND for every output cell,shape rule fits every train pair; sample validation pass; no dynamic shape tensors; cost target is met before full validation,"task257: validation pass, cost < 1077, target cost <= 300, static/banned-op gate pass",medium,medium
343,150,phase4_7600_contender,sparse_edit_or_object_completion,sparse_edit_or_object_completion,massimilianoghiotto_6254,baseline,1014,18.078341815848873,300,1.2178757094949262,19.10041527910039,sparse edit and object completion enumerator,"derive changed-cell mask and color roles; fit local neighborhood, component, or ray rule; emit sparse coordinate program only if index table is tiny",small Conv kernels; GatherND/ScatterND with few coordinates; Equal plus single Where for small masks,full-grid Where chain; large coordinate initializer; unrolled iterative fill without cost forecast,changed-cell rule explains all train diffs; arc-gen sample pass; coordinate table remains below gate; cost is lower than current selected ONNX,"task150: validation pass, cost < 1014, target cost <= 300, static/banned-op gate pass",medium,medium
344,155,phase4_7600_contender,sparse_edit_or_object_completion,sparse_edit_or_object_completion,massimilianoghiotto_6254,baseline,1014,18.078341815848873,300,1.2178757094949262,19.10041527910039,sparse edit and object completion enumerator,"derive changed-cell mask and color roles; fit local neighborhood, component, or ray rule; emit sparse coordinate program only if index table is tiny",small Conv kernels; GatherND/ScatterND with few coordinates; Equal plus single Where for small masks,full-grid Where chain; large coordinate initializer; unrolled iterative fill without cost forecast,changed-cell rule explains all train diffs; arc-gen sample pass; coordinate table remains below gate; cost is lower than current selected ONNX,"task155: validation pass, cost < 1014, target cost <= 300, static/banned-op gate pass",medium,medium
345,73,phase4_7600_contender,line_grid_fill,sparse_edit_or_object_completion,massimilianoghiotto_6254,baseline,910,18.186555400489105,300,1.1096621248546938,17.910065848057833,"line, ray, and grid grammar",detect complete/incomplete rows and columns; enumerate line extension and crossing rules; fit stop conditions from blockers and colors,ReduceSum row/column masks; small Conv kernels; constant masks plus Where,per-cell ScatterND table; full-grid Tile; long Where chain,line stop condition is explicit; sample validation pass; static shape check pass; cost is lower than current selected ONNX,"task073: validation pass, cost < 910, target cost <= 300, static/banned-op gate pass",medium,medium
346,95,phase4_7600_contender,point_to_line_pattern,sparse_edit_or_object_completion,massimilianoghiotto_6254,baseline,910,18.186555400489105,300,1.1096621248546938,17.910065848057833,seed-to-pattern grammar,"identify seed colors and directions; enumerate rays, periodic diagonal shifts, boxes, and reflected motifs; bind colors through roles rather than absolute labels when possible",constant affine coordinate masks; small Conv kernels for line detection; Gather/Where over precomputed row-column masks,per-cell ScatterND table; full-grid iterative ray propagation; Where chain over all periods,direction/period inferred from train examples; sample validation pass; private-like rule note names the invariant; cost is lower than current selected ONNX,"task095: validation pass, cost < 910, target cost <= 300, static/banned-op gate pass",medium,medium
347,98,phase4_7600_contender,sparse_edit_or_object_completion,sparse_edit_or_object_completion,massimilianoghiotto_6254,baseline,910,18.186555400489105,300,1.1096621248546938,17.910065848057833,sparse edit and object completion enumerator,"derive changed-cell mask and color roles; fit local neighborhood, component, or ray rule; emit sparse coordinate program only if index table is tiny",small Conv kernels; GatherND/ScatterND with few coordinates; Equal plus single Where for small masks,full-grid Where chain; large coordinate initializer; unrolled iterative fill without cost forecast,changed-cell rule explains all train diffs; arc-gen sample pass; coordinate table remains below gate; cost is lower than current selected ONNX,"task098: validation pass, cost < 910, target cost <= 300, static/banned-op gate pass",medium,medium
348,120,phase4_7600_contender,sparse_edit_or_object_completion,sparse_edit_or_object_completion,massimilianoghiotto_6254,baseline,910,18.186555400489105,300,1.1096621248546938,17.910065848057833,sparse edit and object completion enumerator,"derive changed-cell mask and color roles; fit local neighborhood, component, or ray rule; emit sparse coordinate program only if index table is tiny",small Conv kernels; GatherND/ScatterND with few coordinates; Equal plus single Where for small masks,full-grid Where chain; large coordinate initializer; unrolled iterative fill without cost forecast,changed-cell rule explains all train diffs; arc-gen sample pass; coordinate table remains below gate; cost is lower than current selected ONNX,"task120: validation pass, cost < 910, target cost <= 300, static/banned-op gate pass",medium,medium
349,147,phase4_7600_contender,sparse_edit_or_object_completion,sparse_edit_or_object_completion,massimilianoghiotto_6254,baseline,910,18.186555400489105,300,1.1096621248546938,17.910065848057833,sparse edit and object completion enumerator,"derive changed-cell mask and color roles; fit local neighborhood, component, or ray rule; emit sparse coordinate program only if index table is tiny",small Conv kernels; GatherND/ScatterND with few coordinates; Equal plus single Where for small masks,full-grid Where chain; large coordinate initializer; unrolled iterative fill without cost forecast,changed-cell rule explains all train diffs; arc-gen sample pass; coordinate table remains below gate; cost is lower than current selected ONNX,"task147: validation pass, cost < 910, target cost <= 300, static/banned-op gate pass",medium,medium
350,151,phase4_7600_contender,line_grid_fill,sparse_edit_or_object_completion,massimilianoghiotto_6254,baseline,910,18.186555400489105,300,1.1096621248546938,17.910065848057833,"line, ray, and grid grammar",detect complete/incomplete rows and columns; enumerate line extension and crossing rules; fit stop conditions from blockers and colors,ReduceSum row/column masks; small Conv kernels; constant masks plus Where,per-cell ScatterND table; full-grid Tile; long Where chain,line stop condition is explicit; sample validation pass; static shape check pass; cost is lower than current selected ONNX,"task151: validation pass, cost < 910, target cost <= 300, static/banned-op gate pass",medium,medium
351,171,phase4_7600_contender,point_to_line_pattern,sparse_edit_or_object_completion,massimilianoghiotto_6254,baseline,910,18.186555400489105,300,1.1096621248546938,17.910065848057833,seed-to-pattern grammar,"identify seed colors and directions; enumerate rays, periodic diagonal shifts, boxes, and reflected motifs; bind colors through roles rather than absolute labels when possible",constant affine coordinate masks; small Conv kernels for line detection; Gather/Where over precomputed row-column masks,per-cell ScatterND table; full-grid iterative ray propagation; Where chain over all periods,direction/period inferred from train examples; sample validation pass; private-like rule note names the invariant; cost is lower than current selected ONNX,"task171: validation pass, cost < 910, target cost <= 300, static/banned-op gate pass",medium,medium
352,266,phase4_7600_contender,point_to_line_pattern,sparse_edit_or_object_completion,massimilianoghiotto_6254,baseline,910,18.186555400489105,300,1.1096621248546938,17.910065848057833,seed-to-pattern grammar,"identify seed colors and directions; enumerate rays, periodic diagonal shifts, boxes, and reflected motifs; bind colors through roles rather than absolute labels when possible",constant affine coordinate masks; small Conv kernels for line detection; Gather/Where over precomputed row-column masks,per-cell ScatterND table; full-grid iterative ray propagation; Where chain over all periods,direction/period inferred from train examples; sample validation pass; private-like rule note names the invariant; cost is lower than current selected ONNX,"task266: validation pass, cost < 910, target cost <= 300, static/banned-op gate pass",medium,medium
353,272,phase4_7600_contender,sparse_edit_or_object_completion,sparse_edit_or_object_completion,massimilianoghiotto_6254,baseline,910,18.186555400489105,300,1.1096621248546938,17.910065848057833,sparse edit and object completion enumerator,"derive changed-cell mask and color roles; fit local neighborhood, component, or ray rule; emit sparse coordinate program only if index table is tiny",small Conv kernels; GatherND/ScatterND with few coordinates; Equal plus single Where for small masks,full-grid Where chain; large coordinate initializer; unrolled iterative fill without cost forecast,changed-cell rule explains all train diffs; arc-gen sample pass; coordinate table remains below gate; cost is lower than current selected ONNX,"task272: validation pass, cost < 910, target cost <= 300, static/banned-op gate pass",medium,medium
354,283,phase4_7600_contender,sparse_edit_or_object_completion,sparse_edit_or_object_completion,massimilianoghiotto_6254,baseline,910,18.186555400489105,300,1.1096621248546938,17.910065848057833,sparse edit and object completion enumerator,"derive changed-cell mask and color roles; fit local neighborhood, component, or ray rule; emit sparse coordinate program only if index table is tiny",small Conv kernels; GatherND/ScatterND with few coordinates; Equal plus single Where for small masks,full-grid Where chain; large coordinate initializer; unrolled iterative fill without cost forecast,changed-cell rule explains all train diffs; arc-gen sample pass; coordinate table remains below gate; cost is lower than current selected ONNX,"task283: validation pass, cost < 910, target cost <= 300, static/banned-op gate pass",medium,medium
355,294,phase4_7600_contender,sparse_edit_or_object_completion,sparse_edit_or_object_completion,massimilianoghiotto_6254,baseline,910,18.186555400489105,300,1.1096621248546938,17.910065848057833,sparse edit and object completion enumerator,"derive changed-cell mask and color roles; fit local neighborhood, component, or ray rule; emit sparse coordinate program only if index table is tiny",small Conv kernels; GatherND/ScatterND with few coordinates; Equal plus single Where for small masks,full-grid Where chain; large coordinate initializer; unrolled iterative fill without cost forecast,changed-cell rule explains all train diffs; arc-gen sample pass; coordinate table remains below gate; cost is lower than current selected ONNX,"task294: validation pass, cost < 910, target cost <= 300, static/banned-op gate pass",medium,medium
356,331,phase4_7600_contender,sparse_edit_or_object_completion,sparse_edit_or_object_completion,massimilianoghiotto_6254,baseline,910,18.186555400489105,300,1.1096621248546938,17.910065848057833,sparse edit and object completion enumerator,"derive changed-cell mask and color roles; fit local neighborhood, component, or ray rule; emit sparse coordinate program only if index table is tiny",small Conv kernels; GatherND/ScatterND with few coordinates; Equal plus single Where for small masks,full-grid Where chain; large coordinate initializer; unrolled iterative fill without cost forecast,changed-cell rule explains all train diffs; arc-gen sample pass; coordinate table remains below gate; cost is lower than current selected ONNX,"task331: validation pass, cost < 910, target cost <= 300, static/banned-op gate pass",medium,medium
357,15,phase4_7600_contender,sparse_edit_or_object_completion,sparse_edit_or_object_completion,massimilianoghiotto_6254,baseline,900,18.197605236675688,300,1.098612288668111,17.78851765000542,sparse edit and object completion enumerator,"derive changed-cell mask and color roles; fit local neighborhood, component, or ray rule; emit sparse coordinate program only if index table is tiny",small Conv kernels; GatherND/ScatterND with few coordinates; Equal plus single Where for small masks,full-grid Where chain; large coordinate initializer; unrolled iterative fill without cost forecast,changed-cell rule explains all train diffs; arc-gen sample pass; coordinate table remains below gate; cost is lower than current selected ONNX,"task015: validation pass, cost < 900, target cost <= 300, static/banned-op gate pass",medium,medium
358,127,phase4_7600_contender,region_partition_fill,sparse_edit_or_object_completion,massimilianoghiotto_6254,baseline,900,18.197605236675688,300,1.098612288668111,17.78851765000542,region and room-fill synthesizer,detect boundary colors and line-grid rooms; prefer closed-form room masks over flood-fill unroll; try row/column prefix reductions before dilation,static row/column ReduceSum masks; small Conv kernels; single-pass room mask Where,radius-scale flood-fill unroll; many-step dilation; dynamic full-grid color map,boundary/interior semantics fit train examples; sample validation pass; unroll count is justified by cost gate; cost is lower than current selected ONNX,"task127: validation pass, cost < 900, target cost <= 300, static/banned-op gate pass",medium,medium-high
359,220,phase4_7600_contender,sparse_edit_or_object_completion,sparse_edit_or_object_completion,massimilianoghiotto_6254,baseline,900,18.197605236675688,300,1.098612288668111,17.78851765000542,sparse edit and object completion enumerator,"derive changed-cell mask and color roles; fit local neighborhood, component, or ray rule; emit sparse coordinate program only if index table is tiny",small Conv kernels; GatherND/ScatterND with few coordinates; Equal plus single Where for small masks,full-grid Where chain; large coordinate initializer; unrolled iterative fill without cost forecast,changed-cell rule explains all train diffs; arc-gen sample pass; coordinate table remains below gate; cost is lower than current selected ONNX,"task220: validation pass, cost < 900, target cost <= 300, static/banned-op gate pass",medium,medium
360,230,phase4_7600_contender,sparse_edit_or_object_completion,sparse_edit_or_object_completion,massimilianoghiotto_6254,baseline,900,18.197605236675688,300,1.098612288668111,17.78851765000542,sparse edit and object completion enumerator,"derive changed-cell mask and color roles; fit local neighborhood, component, or ray rule; emit sparse coordinate program only if index table is tiny",small Conv kernels; GatherND/ScatterND with few coordinates; Equal plus single Where for small masks,full-grid Where chain; large coordinate initializer; unrolled iterative fill without cost forecast,changed-cell rule explains all train diffs; arc-gen sample pass; coordinate table remains below gate; cost is lower than current selected ONNX,"task230: validation pass, cost < 900, target cost <= 300, static/banned-op gate pass",medium,medium
361,282,phase4_7600_contender,point_to_line_pattern,sparse_edit_or_object_completion,massimilianoghiotto_6254,baseline,900,18.197605236675688,300,1.098612288668111,17.78851765000542,seed-to-pattern grammar,"identify seed colors and directions; enumerate rays, periodic diagonal shifts, boxes, and reflected motifs; bind colors through roles rather than absolute labels when possible",constant affine coordinate masks; small Conv kernels for line detection; Gather/Where over precomputed row-column masks,per-cell ScatterND table; full-grid iterative ray propagation; Where chain over all periods,direction/period inferred from train examples; sample validation pass; private-like rule note names the invariant; cost is lower than current selected ONNX,"task282: validation pass, cost < 900, target cost <= 300, static/banned-op gate pass",medium,medium
362,317,phase4_7600_contender,point_to_line_pattern,sparse_edit_or_object_completion,massimilianoghiotto_6254,baseline,900,18.197605236675688,300,1.098612288668111,17.78851765000542,seed-to-pattern grammar,"identify seed colors and directions; enumerate rays, periodic diagonal shifts, boxes, and reflected motifs; bind colors through roles rather than absolute labels when possible",constant affine coordinate masks; small Conv kernels for line detection; Gather/Where over precomputed row-column masks,per-cell ScatterND table; full-grid iterative ray propagation; Where chain over all periods,direction/period inferred from train examples; sample validation pass; private-like rule note names the invariant; cost is lower than current selected ONNX,"task317: validation pass, cost < 900, target cost <= 300, static/banned-op gate pass",medium,medium
363,339,phase4_7600_contender,crop_resize,crop_or_resize,afr1ste_5689_artifact,baseline,884,18.215542937362358,300,1.0806745879814414,17.591202942452057,object-anchor crop/resize synthesizer,"enumerate fixed crop, object-centered crop, mask-color crop; fit output shape rule from train examples; prefer constant Slice before dynamic bbox",Slice with constant starts/ends; Gather over static row/column indices; small Pad/Concat only when shape is fixed,NonZero or Compress bbox extraction; full-grid Tile plus mask; large ScatterND for every output cell,shape rule fits every train pair; sample validation pass; no dynamic shape tensors; cost target is met before full validation,"task339: validation pass, cost < 884, target cost <= 300, static/banned-op gate pass",medium,medium
364,322,phase4_7600_contender,point_to_line_pattern,sparse_edit_or_object_completion,massimilianoghiotto_6254,baseline,867,18.23496102321946,300,1.0612565021243405,17.377603998023947,seed-to-pattern grammar,"identify seed colors and directions; enumerate rays, periodic diagonal shifts, boxes, and reflected motifs; bind colors through roles rather than absolute labels when possible",constant affine coordinate masks; small Conv kernels for line detection; Gather/Where over precomputed row-column masks,per-cell ScatterND table; full-grid iterative ray propagation; Where chain over all periods,direction/period inferred from train examples; sample validation pass; private-like rule note names the invariant; cost is lower than current selected ONNX,"task322: validation pass, cost < 867, target cost <= 300, static/banned-op gate pass",medium,medium
365,129,phase4_7600_contender,point_to_line_pattern,sparse_edit_or_object_completion,afr1ste_5689_artifact,baseline,807,18.306676331730053,300,0.9895411936137464,16.58873560440741,seed-to-pattern grammar,"identify seed colors and directions; enumerate rays, periodic diagonal shifts, boxes, and reflected motifs; bind colors through roles rather than absolute labels when possible",constant affine coordinate masks; small Conv kernels for line detection; Gather/Where over precomputed row-column masks,per-cell ScatterND table; full-grid iterative ray propagation; Where chain over all periods,direction/period inferred from train examples; sample validation pass; private-like rule note names the invariant; cost is lower than current selected ONNX,"task129: validation pass, cost < 807, target cost <= 300, static/banned-op gate pass",medium,medium
366,111,phase4_7600_contender,crop_resize,crop_or_resize,massimilianoghiotto_6254,baseline,797,18.319145321209785,300,0.9770722041340143,16.451576720130358,object-anchor crop/resize synthesizer,"enumerate fixed crop, object-centered crop, mask-color crop; fit output shape rule from train examples; prefer constant Slice before dynamic bbox",Slice with constant starts/ends; Gather over static row/column indices; small Pad/Concat only when shape is fixed,NonZero or Compress bbox extraction; full-grid Tile plus mask; large ScatterND for every output cell,shape rule fits every train pair; sample validation pass; no dynamic shape tensors; cost target is met before full validation,"task111: validation pass, cost < 797, target cost <= 300, static/banned-op gate pass",medium,medium
367,144,phase4_7600_contender,crop_resize,crop_or_resize,massimilianoghiotto_6254,baseline,786,18.333043207570793,300,0.9631743177730065,16.298699970159273,object-anchor crop/resize synthesizer,"enumerate fixed crop, object-centered crop, mask-color crop; fit output shape rule from train examples; prefer constant Slice before dynamic bbox",Slice with constant starts/ends; Gather over static row/column indices; small Pad/Concat only when shape is fixed,NonZero or Compress bbox extraction; full-grid Tile plus mask; large ScatterND for every output cell,shape rule fits every train pair; sample validation pass; no dynamic shape tensors; cost target is met before full validation,"task144: validation pass, cost < 786, target cost <= 300, static/banned-op gate pass",medium,medium
368,318,phase4_7600_contender,crop_resize,crop_or_resize,massimilianoghiotto_6254,baseline,739,18.394702079051797,300,0.9015154462920023,15.620452383868225,object-anchor crop/resize synthesizer,"enumerate fixed crop, object-centered crop, mask-color crop; fit output shape rule from train examples; prefer constant Slice before dynamic bbox",Slice with constant starts/ends; Gather over static row/column indices; small Pad/Concat only when shape is fixed,NonZero or Compress bbox extraction; full-grid Tile plus mask; large ScatterND for every output cell,shape rule fits every train pair; sample validation pass; no dynamic shape tensors; cost target is met before full validation,"task318: validation pass, cost < 739, target cost <= 300, static/banned-op gate pass",medium,medium
369,26,phase4_7600_contender,crop_resize,crop_or_resize,massimilianoghiotto_6254,baseline,738,18.39605617539953,300,0.9001613499442698,15.60555732404317,object-anchor crop/resize synthesizer,"enumerate fixed crop, object-centered crop, mask-color crop; fit output shape rule from train examples; prefer constant Slice before dynamic bbox",Slice with constant starts/ends; Gather over static row/column indices; small Pad/Concat only when shape is fixed,NonZero or Compress bbox extraction; full-grid Tile plus mask; large ScatterND for every output cell,shape rule fits every train pair; sample validation pass; no dynamic shape tensors; cost target is met before full validation,"task026: validation pass, cost < 738, target cost <= 300, static/banned-op gate pass",medium,medium
370,380,phase4_7600_contender,line_grid_fill,sparse_edit_or_object_completion,massimilianoghiotto_6254,baseline,728,18.409698951803314,300,0.886518573540485,15.455486783601536,"line, ray, and grid grammar",detect complete/incomplete rows and columns; enumerate line extension and crossing rules; fit stop conditions from blockers and colors,ReduceSum row/column masks; small Conv kernels; constant masks plus Where,per-cell ScatterND table; full-grid Tile; long Where chain,line stop condition is explicit; sample validation pass; static shape check pass; cost is lower than current selected ONNX,"task380: validation pass, cost < 728, target cost <= 300, static/banned-op gate pass",medium,medium
371,167,phase4_7600_contender,region_partition_fill,sparse_edit_or_object_completion,afr1ste_5689_artifact,baseline,685,18.470581161737776,300,0.8256363636060229,14.785782474322454,region and room-fill synthesizer,detect boundary colors and line-grid rooms; prefer closed-form room masks over flood-fill unroll; try row/column prefix reductions before dilation,static row/column ReduceSum masks; small Conv kernels; single-pass room mask Where,radius-scale flood-fill unroll; many-step dilation; dynamic full-grid color map,boundary/interior semantics fit train examples; sample validation pass; unroll count is justified by cost gate; cost is lower than current selected ONNX,"task167: validation pass, cost < 685, target cost <= 300, static/banned-op gate pass",medium,medium-high
372,236,phase4_7600_contender,crop_resize,crop_or_resize,massimilianoghiotto_6254,baseline,643,18.53385527576238,300,0.7623622495814182,14.089767220051801,object-anchor crop/resize synthesizer,"enumerate fixed crop, object-centered crop, mask-color crop; fit output shape rule from train examples; prefer constant Slice before dynamic bbox",Slice with constant starts/ends; Gather over static row/column indices; small Pad/Concat only when shape is fixed,NonZero or Compress bbox extraction; full-grid Tile plus mask; large ScatterND for every output cell,shape rule fits every train pair; sample validation pass; no dynamic shape tensors; cost target is met before full validation,"task236: validation pass, cost < 643, target cost <= 300, static/banned-op gate pass",medium,medium
373,334,phase4_7600_contender,crop_resize,crop_or_resize,massimilianoghiotto_6254,baseline,609,18.588181732290103,300,0.7080357930536962,13.49217619824686,object-anchor crop/resize synthesizer,"enumerate fixed crop, object-centered crop, mask-color crop; fit output shape rule from train examples; prefer constant Slice before dynamic bbox",Slice with constant starts/ends; Gather over static row/column indices; small Pad/Concat only when shape is fixed,NonZero or Compress bbox extraction; full-grid Tile plus mask; large ScatterND for every output cell,shape rule fits every train pair; sample validation pass; no dynamic shape tensors; cost target is met before full validation,"task334: validation pass, cost < 609, target cost <= 300, static/banned-op gate pass",medium,medium
374,373,phase4_7600_contender,region_partition_fill,sparse_edit_or_object_completion,massimilianoghiotto_6254,baseline,524,18.738508315678956,300,0.5577092096648428,11.83858378096947,region and room-fill synthesizer,detect boundary colors and line-grid rooms; prefer closed-form room masks over flood-fill unroll; try row/column prefix reductions before dilation,static row/column ReduceSum masks; small Conv kernels; single-pass room mask Where,radius-scale flood-fill unroll; many-step dilation; dynamic full-grid color map,boundary/interior semantics fit train examples; sample validation pass; unroll count is justified by cost gate; cost is lower than current selected ONNX,"task373: validation pass, cost < 524, target cost <= 300, static/banned-op gate pass",medium,medium-high
375,393,phase4_7600_contender,crop_resize,crop_or_resize,massimilianoghiotto_6254,baseline,459,18.870949789939456,300,0.4252677354043435,10.38172756410398,object-anchor crop/resize synthesizer,"enumerate fixed crop, object-centered crop, mask-color crop; fit output shape rule from train examples; prefer constant Slice before dynamic bbox",Slice with constant starts/ends; Gather over static row/column indices; small Pad/Concat only when shape is fixed,NonZero or Compress bbox extraction; full-grid Tile plus mask; large ScatterND for every output cell,shape rule fits every train pair; sample validation pass; no dynamic shape tensors; cost target is met before full validation,"task393: validation pass, cost < 459, target cost <= 300, static/banned-op gate pass",medium,medium
376,149,phase4_7600_contender,crop_resize,crop_or_resize,massimilianoghiotto_6254,baseline,437,18.92006680490441,300,0.3761507204393908,9.841440399489498,object-anchor crop/resize synthesizer,"enumerate fixed crop, object-centered crop, mask-color crop; fit output shape rule from train examples; prefer constant Slice before dynamic bbox",Slice with constant starts/ends; Gather over static row/column indices; small Pad/Concat only when shape is fixed,NonZero or Compress bbox extraction; full-grid Tile plus mask; large ScatterND for every output cell,shape rule fits every train pair; sample validation pass; no dynamic shape tensors; cost target is met before full validation,"task149: validation pass, cost < 437, target cost <= 300, static/banned-op gate pass",medium,medium
377,87,phase4_7600_contender,sparse_edit_or_object_completion,sparse_edit_or_object_completion,massimilianoghiotto_6254,baseline,368,19.09191706183107,300,0.20430046351273035,7.951087573296235,sparse edit and object completion enumerator,"derive changed-cell mask and color roles; fit local neighborhood, component, or ray rule; emit sparse coordinate program only if index table is tiny",small Conv kernels; GatherND/ScatterND with few coordinates; Equal plus single Where for small masks,full-grid Where chain; large coordinate initializer; unrolled iterative fill without cost forecast,changed-cell rule explains all train diffs; arc-gen sample pass; coordinate table remains below gate; cost is lower than current selected ONNX,"task087: validation pass, cost < 368, target cost <= 300, static/banned-op gate pass",medium,medium
378,140,phase4_7600_contender,sparse_edit_or_object_completion,sparse_edit_or_object_completion,massimilianoghiotto_6254,baseline,368,19.09191706183107,300,0.20430046351273035,7.951087573296235,sparse edit and object completion enumerator,"derive changed-cell mask and color roles; fit local neighborhood, component, or ray rule; emit sparse coordinate program only if index table is tiny",small Conv kernels; GatherND/ScatterND with few coordinates; Equal plus single Where for small masks,full-grid Where chain; large coordinate initializer; unrolled iterative fill without cost forecast,changed-cell rule explains all train diffs; arc-gen sample pass; coordinate table remains below gate; cost is lower than current selected ONNX,"task140: validation pass, cost < 368, target cost <= 300, static/banned-op gate pass",medium,medium
379,186,phase4_7600_contender,sparse_edit_or_object_completion,sparse_edit_or_object_completion,massimilianoghiotto_6254,baseline,364,19.10284613236326,300,0.19337139298053785,7.830867797442119,sparse edit and object completion enumerator,"derive changed-cell mask and color roles; fit local neighborhood, component, or ray rule; emit sparse coordinate program only if index table is tiny",small Conv kernels; GatherND/ScatterND with few coordinates; Equal plus single Where for small masks,full-grid Where chain; large coordinate initializer; unrolled iterative fill without cost forecast,changed-cell rule explains all train diffs; arc-gen sample pass; coordinate table remains below gate; cost is lower than current selected ONNX,"task186: validation pass, cost < 364, target cost <= 300, static/banned-op gate pass",medium,medium
380,135,phase4_7600_contender,crop_resize,crop_or_resize,massimilianoghiotto_6254,baseline,360,19.113895968549844,300,0.1823215567939549,7.709319599389705,object-anchor crop/resize synthesizer,"enumerate fixed crop, object-centered crop, mask-color crop; fit output shape rule from train examples; prefer constant Slice before dynamic bbox",Slice with constant starts/ends; Gather over static row/column indices; small Pad/Concat only when shape is fixed,NonZero or Compress bbox extraction; full-grid Tile plus mask; large ScatterND for every output cell,shape rule fits every train pair; sample validation pass; no dynamic shape tensors; cost target is met before full validation,"task135: validation pass, cost < 360, target cost <= 300, static/banned-op gate pass",medium,medium
381,67,phase4_7600_contender,crop_resize,crop_or_resize,massimilianoghiotto_6254,baseline,315,19.247427361174367,300,0.04879016416943216,6.240474280519955,object-anchor crop/resize synthesizer,"enumerate fixed crop, object-centered crop, mask-color crop; fit output shape rule from train examples; prefer constant Slice before dynamic bbox",Slice with constant starts/ends; Gather over static row/column indices; small Pad/Concat only when shape is fixed,NonZero or Compress bbox extraction; full-grid Tile plus mask; large ScatterND for every output cell,shape rule fits every train pair; sample validation pass; no dynamic shape tensors; cost target is met before full validation,"task067: validation pass, cost < 315, target cost <= 300, static/banned-op gate pass",medium,medium
382,56,phase4_7600_contender,crop_resize,crop_or_resize,massimilianoghiotto_6254,baseline,213,19.638707834290575,300,0.0,5.3612921657094255,object-anchor crop/resize synthesizer,"enumerate fixed crop, object-centered crop, mask-color crop; fit output shape rule from train examples; prefer constant Slice before dynamic bbox",Slice with constant starts/ends; Gather over static row/column indices; small Pad/Concat only when shape is fixed,NonZero or Compress bbox extraction; full-grid Tile plus mask; large ScatterND for every output cell,shape rule fits every train pair; sample validation pass; no dynamic shape tensors; cost target is met before full validation,"task056: validation pass, cost < 213, target cost <= 300, static/banned-op gate pass",medium,medium
383,261,phase4_7600_contender,sparse_edit_or_object_completion,sparse_edit_or_object_completion,massimilianoghiotto_6254,baseline,200,19.701682633451963,300,0.0,5.298317366548036,sparse edit and object completion enumerator,"derive changed-cell mask and color roles; fit local neighborhood, component, or ray rule; emit sparse coordinate program only if index table is tiny",small Conv kernels; GatherND/ScatterND with few coordinates; Equal plus single Where for small masks,full-grid Where chain; large coordinate initializer; unrolled iterative fill without cost forecast,changed-cell rule explains all train diffs; arc-gen sample pass; coordinate table remains below gate; cost is lower than current selected ONNX,"task261: validation pass, cost < 200, target cost <= 300, static/banned-op gate pass",medium,medium
384,103,phase4_7600_contender,crop_resize,crop_or_resize,massimilianoghiotto_6254,baseline,193,19.737309811095116,300,0.0,5.262690188904886,object-anchor crop/resize synthesizer,"enumerate fixed crop, object-centered crop, mask-color crop; fit output shape rule from train examples; prefer constant Slice before dynamic bbox",Slice with constant starts/ends; Gather over static row/column indices; small Pad/Concat only when shape is fixed,NonZero or Compress bbox extraction; full-grid Tile plus mask; large ScatterND for every output cell,shape rule fits every train pair; sample validation pass; no dynamic shape tensors; cost target is met before full validation,"task103: validation pass, cost < 193, target cost <= 300, static/banned-op gate pass",medium,medium
385,258,phase4_7600_contender,sparse_edit_or_object_completion,sparse_edit_or_object_completion,massimilianoghiotto_6254,baseline,160,19.924826184766175,300,0.0,5.075173815233827,sparse edit and object completion enumerator,"derive changed-cell mask and color roles; fit local neighborhood, component, or ray rule; emit sparse coordinate program only if index table is tiny",small Conv kernels; GatherND/ScatterND with few coordinates; Equal plus single Where for small masks,full-grid Where chain; large coordinate initializer; unrolled iterative fill without cost forecast,changed-cell rule explains all train diffs; arc-gen sample pass; coordinate table remains below gate; cost is lower than current selected ONNX,"task258: validation pass, cost < 160, target cost <= 300, static/banned-op gate pass",medium,medium
386,326,phase4_7600_contender,crop_resize,crop_or_resize,massimilianoghiotto_6254,baseline,160,19.924826184766175,300,0.0,5.075173815233827,object-anchor crop/resize synthesizer,"enumerate fixed crop, object-centered crop, mask-color crop; fit output shape rule from train examples; prefer constant Slice before dynamic bbox",Slice with constant starts/ends; Gather over static row/column indices; small Pad/Concat only when shape is fixed,NonZero or Compress bbox extraction; full-grid Tile plus mask; large ScatterND for every output cell,shape rule fits every train pair; sample validation pass; no dynamic shape tensors; cost target is met before full validation,"task326: validation pass, cost < 160, target cost <= 300, static/banned-op gate pass",medium,medium
387,53,phase4_7600_contender,sparse_edit_or_object_completion,sparse_edit_or_object_completion,massimilianoghiotto_6254,baseline,30,21.598802618337846,300,0.0,3.4011973816621555,sparse edit and object completion enumerator,"derive changed-cell mask and color roles; fit local neighborhood, component, or ray rule; emit sparse coordinate program only if index table is tiny",small Conv kernels; GatherND/ScatterND with few coordinates; Equal plus single Where for small masks,full-grid Where chain; large coordinate initializer; unrolled iterative fill without cost forecast,changed-cell rule explains all train diffs; arc-gen sample pass; coordinate table remains below gate; cost is lower than current selected ONNX,"task053: validation pass, cost < 30, target cost <= 300, static/banned-op gate pass",medium,medium
388,113,phase4_7600_contender,region_partition_fill,sparse_edit_or_object_completion,massimilianoghiotto_6254,baseline,30,21.598802618337846,300,0.0,3.4011973816621555,region and room-fill synthesizer,detect boundary colors and line-grid rooms; prefer closed-form room masks over flood-fill unroll; try row/column prefix reductions before dilation,static row/column ReduceSum masks; small Conv kernels; single-pass room mask Where,radius-scale flood-fill unroll; many-step dilation; dynamic full-grid color map,boundary/interior semantics fit train examples; sample validation pass; unroll count is justified by cost gate; cost is lower than current selected ONNX,"task113: validation pass, cost < 30, target cost <= 300, static/banned-op gate pass",medium,medium-high
389,116,phase4_7600_contender,crop_resize,crop_or_resize,massimilianoghiotto_6254,baseline,30,21.598802618337846,300,0.0,3.4011973816621555,object-anchor crop/resize synthesizer,"enumerate fixed crop, object-centered crop, mask-color crop; fit output shape rule from train examples; prefer constant Slice before dynamic bbox",Slice with constant starts/ends; Gather over static row/column indices; small Pad/Concat only when shape is fixed,NonZero or Compress bbox extraction; full-grid Tile plus mask; large ScatterND for every output cell,shape rule fits every train pair; sample validation pass; no dynamic shape tensors; cost target is met before full validation,"task116: validation pass, cost < 30, target cost <= 300, static/banned-op gate pass",medium,medium
390,164,phase4_7600_contender,crop_resize,crop_or_resize,massimilianoghiotto_6254,baseline,30,21.598802618337846,300,0.0,3.4011973816621555,object-anchor crop/resize synthesizer,"enumerate fixed crop, object-centered crop, mask-color crop; fit output shape rule from train examples; prefer constant Slice before dynamic bbox",Slice with constant starts/ends; Gather over static row/column indices; small Pad/Concat only when shape is fixed,NonZero or Compress bbox extraction; full-grid Tile plus mask; large ScatterND for every output cell,shape rule fits every train pair; sample validation pass; no dynamic shape tensors; cost target is met before full validation,"task164: validation pass, cost < 30, target cost <= 300, static/banned-op gate pass",medium,medium
391,172,phase4_7600_contender,crop_resize,crop_or_resize,massimilianoghiotto_6254,baseline,30,21.598802618337846,300,0.0,3.4011973816621555,object-anchor crop/resize synthesizer,"enumerate fixed crop, object-centered crop, mask-color crop; fit output shape rule from train examples; prefer constant Slice before dynamic bbox",Slice with constant starts/ends; Gather over static row/column indices; small Pad/Concat only when shape is fixed,NonZero or Compress bbox extraction; full-grid Tile plus mask; large ScatterND for every output cell,shape rule fits every train pair; sample validation pass; no dynamic shape tensors; cost target is met before full validation,"task172: validation pass, cost < 30, target cost <= 300, static/banned-op gate pass",medium,medium
392,210,phase4_7600_contender,crop_resize,crop_or_resize,massimilianoghiotto_6254,baseline,30,21.598802618337846,300,0.0,3.4011973816621555,object-anchor crop/resize synthesizer,"enumerate fixed crop, object-centered crop, mask-color crop; fit output shape rule from train examples; prefer constant Slice before dynamic bbox",Slice with constant starts/ends; Gather over static row/column indices; small Pad/Concat only when shape is fixed,NonZero or Compress bbox extraction; full-grid Tile plus mask; large ScatterND for every output cell,shape rule fits every train pair; sample validation pass; no dynamic shape tensors; cost target is met before full validation,"task210: validation pass, cost < 30, target cost <= 300, static/banned-op gate pass",medium,medium
393,311,phase4_7600_contender,crop_resize,crop_or_resize,massimilianoghiotto_6254,baseline,30,21.598802618337846,300,0.0,3.4011973816621555,object-anchor crop/resize synthesizer,"enumerate fixed crop, object-centered crop, mask-color crop; fit output shape rule from train examples; prefer constant Slice before dynamic bbox",Slice with constant starts/ends; Gather over static row/column indices; small Pad/Concat only when shape is fixed,NonZero or Compress bbox extraction; full-grid Tile plus mask; large ScatterND for every output cell,shape rule fits every train pair; sample validation pass; no dynamic shape tensors; cost target is met before full validation,"task311: validation pass, cost < 30, target cost <= 300, static/banned-op gate pass",medium,medium
394,385,phase4_7600_contender,point_to_line_pattern,sparse_edit_or_object_completion,massimilianoghiotto_6254,baseline,30,21.598802618337846,300,0.0,3.4011973816621555,seed-to-pattern grammar,"identify seed colors and directions; enumerate rays, periodic diagonal shifts, boxes, and reflected motifs; bind colors through roles rather than absolute labels when possible",constant affine coordinate masks; small Conv kernels for line detection; Gather/Where over precomputed row-column masks,per-cell ScatterND table; full-grid iterative ray propagation; Where chain over all periods,direction/period inferred from train examples; sample validation pass; private-like rule note names the invariant; cost is lower than current selected ONNX,"task385: validation pass, cost < 30, target cost <= 300, static/banned-op gate pass",medium,medium
395,16,phase4_7600_contender,region_partition_fill,sparse_edit_or_object_completion,massimilianoghiotto_6254,baseline,10,22.697414907005953,300,0.0,2.302585092994046,region and room-fill synthesizer,detect boundary colors and line-grid rooms; prefer closed-form room masks over flood-fill unroll; try row/column prefix reductions before dilation,static row/column ReduceSum masks; small Conv kernels; single-pass room mask Where,radius-scale flood-fill unroll; many-step dilation; dynamic full-grid color map,boundary/interior semantics fit train examples; sample validation pass; unroll count is justified by cost gate; cost is lower than current selected ONNX,"task016: validation pass, cost < 10, target cost <= 300, static/banned-op gate pass",medium,medium-high
396,276,phase4_7600_contender,color_map,sparse_edit_or_object_completion,massimilianoghiotto_6254,baseline,10,22.697414907005953,300,0.0,2.302585092994046,color role normalizer,fit consistent color map; check whether color map is a substep for another family; emit only if it beats current graph,1x1 Conv; small Equal/Where chain,large MatMul color map; dynamic full-grid color map,consistent color mapping; sample validation pass; cost is lower than current selected ONNX,"task276: validation pass, cost < 10, target cost <= 300, static/banned-op gate pass",low,medium
397,309,phase4_7600_contender,color_map,sparse_edit_or_object_completion,massimilianoghiotto_6254,baseline,10,22.697414907005953,300,0.0,2.302585092994046,color role normalizer,fit consistent color map; check whether color map is a substep for another family; emit only if it beats current graph,1x1 Conv; small Equal/Where chain,large MatMul color map; dynamic full-grid color map,consistent color mapping; sample validation pass; cost is lower than current selected ONNX,"task309: validation pass, cost < 10, target cost <= 300, static/banned-op gate pass",low,medium
398,337,phase4_7600_contender,color_map,sparse_edit_or_object_completion,massimilianoghiotto_6254,baseline,10,22.697414907005953,300,0.0,2.302585092994046,color role normalizer,fit consistent color map; check whether color map is a substep for another family; emit only if it beats current graph,1x1 Conv; small Equal/Where chain,large MatMul color map; dynamic full-grid color map,consistent color mapping; sample validation pass; cost is lower than current selected ONNX,"task337: validation pass, cost < 10, target cost <= 300, static/banned-op gate pass",low,medium
399,179,phase4_7600_contender,sparse_edit_or_object_completion,sparse_edit_or_object_completion,massimilianoghiotto_6254,baseline,0,25.0,300,0.0,0.0,sparse edit and object completion enumerator,"derive changed-cell mask and color roles; fit local neighborhood, component, or ray rule; emit sparse coordinate program only if index table is tiny",small Conv kernels; GatherND/ScatterND with few coordinates; Equal plus single Where for small masks,full-grid Where chain; large coordinate initializer; unrolled iterative fill without cost forecast,changed-cell rule explains all train diffs; arc-gen sample pass; coordinate table remains below gate; cost is lower than current selected ONNX,"task179: validation pass, cost < 0, target cost <= 300, static/banned-op gate pass",medium,medium
400,241,phase4_7600_contender,sparse_edit_or_object_completion,sparse_edit_or_object_completion,massimilianoghiotto_6254,baseline,0,25.0,300,0.0,0.0,sparse edit and object completion enumerator,"derive changed-cell mask and color roles; fit local neighborhood, component, or ray rule; emit sparse coordinate program only if index table is tiny",small Conv kernels; GatherND/ScatterND with few coordinates; Equal plus single Where for small masks,full-grid Where chain; large coordinate initializer; unrolled iterative fill without cost forecast,changed-cell rule explains all train diffs; arc-gen sample pass; coordinate table remains below gate; cost is lower than current selected ONNX,"task241: validation pass, cost < 0, target cost <= 300, static/banned-op gate pass",medium,medium
