task_id,family,route,priority,strict_cost,strict_points,teacher_cost,teacher_points,cost_bucket,compression_class_to_600,cost_ratio_to_600,cost_ratio_to_250,gain_to_600,gain_to_250,teacher_remaining_gain_to_600,teacher_remaining_gain_to_250,teacher_gain_vs_strict,rule_target,lowering_target,reject_lowering,next_action
366,signature_lookup_current,crop_or_resize,P0,836880,11.362564029982357,60515,13.989353452827295,100000_plus,extreme,1394.8,3347.52,7.240506314801495,8.115975052155397,4.613716891956557,5.489185629310459,2.626789422844938,説明可能な decision tree / affine hash / color-role rule,small Gather or pruned branch graph; no per-example label table,"arc-gen memorization, large ScatterND, large MatMul hash","mine teacher delta into submit-safe DSL, then lower to <=600"
133,signature_lookup_current,sparse_edit_or_object_completion,P0,193923,12.824783547959548,59322,14.009264488874813,100000_plus,extreme,323.205,775.692,5.778286796824304,6.653755534178206,4.593805855909039,5.469274593262941,1.1844809409152646,説明可能な decision tree / affine hash / color-role rule,small Gather or pruned branch graph; no per-example label table,"arc-gen memorization, large ScatterND, large MatMul hash","mine teacher delta into submit-safe DSL, then lower to <=600"
158,signature_lookup_current,sparse_edit_or_object_completion,P0,182776,12.883983361645681,24283,14.902468203974937,100000_plus,extreme,304.62666666666667,731.104,5.719086983138171,6.594555720492073,3.7006021408089147,4.576070878162817,2.018484842329256,説明可能な decision tree / affine hash / color-role rule,small Gather or pruned branch graph; no per-example label table,"arc-gen memorization, large ScatterND, large MatMul hash","mine teacher delta into submit-safe DSL, then lower to <=600"
173,signature_lookup_current,sparse_edit_or_object_completion,P0,175243,12.926071138839562,8475,15.955124067751349,100000_plus,extreme,292.07166666666666,700.972,5.6769992059442895,6.552467943298192,2.647946277032503,3.523415014386405,3.0290529289117867,説明可能な decision tree / affine hash / color-role rule,small Gather or pruned branch graph; no per-example label table,"arc-gen memorization, large ScatterND, large MatMul hash","mine teacher delta into submit-safe DSL, then lower to <=600"
286,signature_lookup_current,sparse_edit_or_object_completion,P0,162199,13.00342074458367,110902,13.383597792559053,100000_plus,extreme,270.33166666666665,648.796,5.599649600200182,6.475118337554084,5.219472552224799,6.094941289578701,0.38017704797538343,説明可能な decision tree / affine hash / color-role rule,small Gather or pruned branch graph; no per-example label table,"arc-gen memorization, large ScatterND, large MatMul hash","mine teacher delta into submit-safe DSL, then lower to <=600"
77,signature_lookup_current,sparse_edit_or_object_completion,P0,157913,13.030200472556263,10491,15.741726974268515,100000_plus,extreme,263.18833333333333,631.652,5.572869872227589,6.448338609581491,2.8613433705153373,3.7368121078692393,2.7115265017122514,説明可能な decision tree / affine hash / color-role rule,small Gather or pruned branch graph; no per-example label table,"arc-gen memorization, large ScatterND, large MatMul hash","mine teacher delta into submit-safe DSL, then lower to <=600"
285,signature_lookup_current,sparse_edit_or_object_completion,P0,151996,13.068390516307327,23067,14.95384169629971,100000_plus,extreme,253.32666666666665,607.984,5.534679828476525,6.410148565830427,3.649228648484142,4.524697385838044,1.8854511799923834,説明可能な decision tree / affine hash / color-role rule,small Gather or pruned branch graph; no per-example label table,"arc-gen memorization, large ScatterND, large MatMul hash","mine teacher delta into submit-safe DSL, then lower to <=600"
54,signature_lookup_current,sparse_edit_or_object_completion,P0,150548,13.07796275080141,52411,14.133128228057634,100000_plus,extreme,250.91333333333333,602.192,5.525107593982442,6.400576331336344,4.469942116726218,5.34541085408012,1.0551654772562244,説明可能な decision tree / affine hash / color-role rule,small Gather or pruned branch graph; no per-example label table,"arc-gen memorization, large ScatterND, large MatMul hash","mine teacher delta into submit-safe DSL, then lower to <=600"
396,signature_lookup_current,crop_or_resize,P0,143389,13.126683504302262,22947,14.959057512010025,100000_plus,extreme,238.98166666666665,573.556,5.47638684048159,6.351855577835492,3.644012832773827,4.519481570127729,1.832374007707763,説明可能な decision tree / affine hash / color-role rule,small Gather or pruned branch graph; no per-example label table,"arc-gen memorization, large ScatterND, large MatMul hash","mine teacher delta into submit-safe DSL, then lower to <=600"
71,signature_lookup_current,sparse_edit_or_object_completion,P0,129780,13.22640401182484,9502,15.840742418253134,100000_plus,extreme,216.3,519.12,5.376666332959012,6.252135070312914,2.762327926530718,3.63779666388462,2.6143384064282937,説明可能な decision tree / affine hash / color-role rule,small Gather or pruned branch graph; no per-example label table,"arc-gen memorization, large ScatterND, large MatMul hash","mine teacher delta into submit-safe DSL, then lower to <=600"
383,signature_lookup_current,sparse_edit_or_object_completion,P0,128140,13.239121304806988,22235,14.990577097055203,100000_plus,extreme,213.56666666666666,512.56,5.363949039976864,6.239417777330766,3.612493247728649,4.487961985082551,1.7514557922482155,説明可能な decision tree / affine hash / color-role rule,small Gather or pruned branch graph; no per-example label table,"arc-gen memorization, large ScatterND, large MatMul hash","mine teacher delta into submit-safe DSL, then lower to <=600"
202,signature_lookup_current,sparse_edit_or_object_completion,P0,125720,13.258187509088495,19206,15.137021990802081,100000_plus,extreme,209.53333333333333,502.88,5.344882835695357,6.220351573049259,3.466048353981771,4.341517091335673,1.8788344817135858,説明可能な decision tree / affine hash / color-role rule,small Gather or pruned branch graph; no per-example label table,"arc-gen memorization, large ScatterND, large MatMul hash","mine teacher delta into submit-safe DSL, then lower to <=600"
5,signature_lookup_current,sparse_edit_or_object_completion,P0,117225,13.328149556042213,19387,15.127641982660792,100000_plus,extreme,195.375,468.9,5.274920788741639,6.150389526095541,3.4754283621230595,4.350897099476962,1.7994924266185794,説明可能な decision tree / affine hash / color-role rule,small Gather or pruned branch graph; no per-example label table,"arc-gen memorization, large ScatterND, large MatMul hash","mine teacher delta into submit-safe DSL, then lower to <=600"
13,signature_lookup_current,sparse_edit_or_object_completion,P0,116882,13.3310798421544,54111,14.101207228661691,100000_plus,extreme,194.80333333333334,467.528,5.271990502629452,6.147459239983354,4.501863116122161,5.377331853476063,0.7701273865072906,説明可能な decision tree / affine hash / color-role rule,small Gather or pruned branch graph; no per-example label table,"arc-gen memorization, large ScatterND, large MatMul hash","mine teacher delta into submit-safe DSL, then lower to <=600"
18,signature_lookup_current,sparse_edit_or_object_completion,P0,114578,13.35098890724301,17467,15.231931334571607,100000_plus,extreme,190.96333333333334,458.312,5.252081437540841,6.127550174894743,3.3711390102122447,4.246607747566147,1.8809424273285966,説明可能な decision tree / affine hash / color-role rule,small Gather or pruned branch graph; no per-example label table,"arc-gen memorization, large ScatterND, large MatMul hash","mine teacher delta into submit-safe DSL, then lower to <=600"
64,signature_lookup_current,sparse_edit_or_object_completion,P0,114153,13.354705067178468,10771,15.71538738364923,100000_plus,extreme,190.255,456.612,5.248365277605384,6.123834014959286,2.8876829611346224,3.7631516984885245,2.3606823164707613,説明可能な decision tree / affine hash / color-role rule,small Gather or pruned branch graph; no per-example label table,"arc-gen memorization, large ScatterND, large MatMul hash","mine teacher delta into submit-safe DSL, then lower to <=600"
358,signature_lookup_current,sparse_edit_or_object_completion,P0,113999,13.356055044591665,15757,15.334960010037955,100000_plus,extreme,189.99833333333333,455.996,5.247015300192187,6.122484037546089,3.268110334745897,4.143579072099799,1.97890496544629,説明可能な decision tree / affine hash / color-role rule,small Gather or pruned branch graph; no per-example label table,"arc-gen memorization, large ScatterND, large MatMul hash","mine teacher delta into submit-safe DSL, then lower to <=600"
85,signature_lookup_current,sparse_edit_or_object_completion,P0,113178,13.36328292042622,16926,15.263393819769949,100000_plus,extreme,188.63,452.712,5.2397874243576315,6.1152561617115335,3.3396765250139033,4.215145262367805,1.9001108993437281,説明可能な decision tree / affine hash / color-role rule,small Gather or pruned branch graph; no per-example label table,"arc-gen memorization, large ScatterND, large MatMul hash","mine teacher delta into submit-safe DSL, then lower to <=600"
205,signature_lookup_current,crop_or_resize,P0,112313,13.370955104619776,30083,14.68828449286678,100000_plus,extreme,187.18833333333333,449.252,5.232115240164076,6.107583977517978,3.914785851917072,4.790254589270974,1.3173293882470034,説明可能な decision tree / affine hash / color-role rule,small Gather or pruned branch graph; no per-example label table,"arc-gen memorization, large ScatterND, large MatMul hash","mine teacher delta into submit-safe DSL, then lower to <=600"
110,signature_lookup_current,same_shape_global_transform,P0,109201,13.399054500239831,42363,14.345969381262638,100000_plus,extreme,182.00166666666667,436.804,5.2040158445440206,6.079484581897923,4.257100963521214,5.132569700875116,0.9469148810228063,説明可能な decision tree / affine hash / color-role rule,small Gather or pruned branch graph; no per-example label table,"arc-gen memorization, large ScatterND, large MatMul hash","mine teacher delta into submit-safe DSL, then lower to <=600"
370,signature_lookup_current,sparse_edit_or_object_completion,P0,108296,13.407376502134378,11547,15.645819058048144,100000_plus,extreme,180.49333333333334,433.184,5.195693842649474,6.071162580003376,2.9572512867357084,3.8327200240896104,2.2384425559137657,説明可能な decision tree / affine hash / color-role rule,small Gather or pruned branch graph; no per-example label table,"arc-gen memorization, large ScatterND, large MatMul hash","mine teacher delta into submit-safe DSL, then lower to <=600"
382,signature_lookup_current,sparse_edit_or_object_completion,P0,107354,13.416112936092428,37115,14.478223520448353,100000_plus,extreme,178.92333333333335,429.416,5.186957408691423,6.0624261460453255,4.124846824335499,5.000315561689401,1.0621105843559242,説明可能な decision tree / affine hash / color-role rule,small Gather or pruned branch graph; no per-example label table,"arc-gen memorization, large ScatterND, large MatMul hash","mine teacher delta into submit-safe DSL, then lower to <=600"
34,signature_lookup_current,sparse_edit_or_object_completion,P0,106316,13.425828929592994,17058,15.255625419120944,100000_plus,extreme,177.19333333333333,425.264,5.177241415190858,6.05271015254476,3.3474449256629075,4.22291366301681,1.8297964895279506,説明可能な decision tree / affine hash / color-role rule,small Gather or pruned branch graph; no per-example label table,"arc-gen memorization, large ScatterND, large MatMul hash","mine teacher delta into submit-safe DSL, then lower to <=600"
187,point_to_line_pattern,same_shape_global_transform,P1,105313,13.435307852707972,105313,13.435307852707972,100000_plus,extreme,175.52166666666668,421.252,5.16776249207588,6.043231229429782,5.16776249207588,6.043231229429782,0.0,seed-to-line / ray / periodic pattern with color roles,"constant affine masks, row-column masks, small Conv line detectors","per-cell ScatterND table, long Where chains over all periods",new DSL/DAG synthesis from task examples; teacher gives no cost help
204,signature_lookup_current,sparse_edit_or_object_completion,P0,104544,13.442636685599203,56171,14.063844111534255,100000_plus,extreme,174.24,418.176,5.160433659184649,6.035902396538551,4.539226233249597,5.414694970603499,0.6212074259350526,説明可能な decision tree / affine hash / color-role rule,small Gather or pruned branch graph; no per-example label table,"arc-gen memorization, large ScatterND, large MatMul hash","mine teacher delta into submit-safe DSL, then lower to <=600"
198,line_grid_fill,same_shape_global_transform,P1,103821,13.449576458609688,103821,13.449576458609688,100000_plus,extreme,173.035,415.284,5.153493886174164,6.0289626235280664,5.153493886174164,6.0289626235280664,0.0,row-column completion / line extension / grid crossing rule,"ReduceSum row-column masks, small Conv kernels, constant masks plus Where","full-grid Tile, long Where chain, per-cell ScatterND",new DSL/DAG synthesis from task examples; teacher gives no cost help
216,signature_lookup_current,crop_or_resize,P0,103572,13.451977697992342,38307,14.44661207390721,100000_plus,extreme,172.62,414.288,5.1510926467915095,6.0265613841454115,4.156458270876643,5.031927008230545,0.9946343759148668,説明可能な decision tree / affine hash / color-role rule,small Gather or pruned branch graph; no per-example label table,"arc-gen memorization, large ScatterND, large MatMul hash","mine teacher delta into submit-safe DSL, then lower to <=600"
284,signature_lookup_current,sparse_edit_or_object_completion,P0,102032,13.466958231444947,13755,15.470842326641325,100000_plus,extreme,170.05333333333334,408.128,5.136112113338905,6.011580850692807,3.132228018142527,4.007696755496429,2.003884095196378,説明可能な decision tree / affine hash / color-role rule,small Gather or pruned branch graph; no per-example label table,"arc-gen memorization, large ScatterND, large MatMul hash","mine teacher delta into submit-safe DSL, then lower to <=600"
251,signature_lookup_current,sparse_edit_or_object_completion,P0,100580,13.481291290274044,10875,15.705778144043116,100000_plus,extreme,167.63333333333333,402.32,5.121779054509808,5.99724779186371,2.8972922007407362,3.7727609380946383,2.224486853769072,説明可能な decision tree / affine hash / color-role rule,small Gather or pruned branch graph; no per-example label table,"arc-gen memorization, large ScatterND, large MatMul hash","mine teacher delta into submit-safe DSL, then lower to <=600"
2,signature_lookup_current,sparse_edit_or_object_completion,P0,97293,13.514517676859928,33547,14.579297280376213,50001_100000,extreme,162.155,389.172,5.088552667923924,5.964021405277826,4.023773064407639,4.899241801761541,1.0647796035162855,説明可能な decision tree / affine hash / color-role rule,small Gather or pruned branch graph; no per-example label table,"arc-gen memorization, large ScatterND, large MatMul hash","mine teacher delta into submit-safe DSL, then lower to <=600"
29,signature_lookup_current,crop_or_resize,P0,97117,13.516328283804857,71139,13.82760901138578,50001_100000,extreme,161.86166666666668,388.468,5.086742060978995,5.962210798332897,4.775461333398072,5.650930070751974,0.3112807275809235,説明可能な decision tree / affine hash / color-role rule,small Gather or pruned branch graph; no per-example label table,"arc-gen memorization, large ScatterND, large MatMul hash","mine teacher delta into submit-safe DSL, then lower to <=600"
128,signature_lookup_current,sparse_edit_or_object_completion,P0,95042,13.537925821853902,48731,14.205929343133523,50001_100000,extreme,158.40333333333334,380.168,5.06514452292995,5.940613260283852,4.397141001650329,5.272609739004231,0.6680035212796209,説明可能な decision tree / affine hash / color-role rule,small Gather or pruned branch graph; no per-example label table,"arc-gen memorization, large ScatterND, large MatMul hash","mine teacher delta into submit-safe DSL, then lower to <=600"
109,signature_lookup_current,crop_or_resize,P0,94878,13.539652865248629,38755,14.434984941284387,50001_100000,extreme,158.13,379.512,5.063417479535223,5.938886216889125,4.1680854034994645,5.043554140853367,0.8953320760357588,説明可能な decision tree / affine hash / color-role rule,small Gather or pruned branch graph; no per-example label table,"arc-gen memorization, large ScatterND, large MatMul hash","mine teacher delta into submit-safe DSL, then lower to <=600"
239,signature_lookup_current,crop_or_resize,P0,94477,13.54388830238479,17568,15.226165655690743,50001_100000,extreme,157.46166666666667,377.908,5.059182042399062,5.934650779752964,3.3769046890931094,4.252373426447011,1.6822773533059525,説明可能な decision tree / affine hash / color-role rule,small Gather or pruned branch graph; no per-example label table,"arc-gen memorization, large ScatterND, large MatMul hash","mine teacher delta into submit-safe DSL, then lower to <=600"
201,signature_lookup_current,crop_or_resize,P0,92700,13.562876248446054,22224,14.991071935005875,50001_100000,extreme,154.5,370.8,5.040194096337798,5.9156628336917,3.6119984097779767,4.487467147131879,1.428195686559821,説明可能な decision tree / affine hash / color-role rule,small Gather or pruned branch graph; no per-example label table,"arc-gen memorization, large ScatterND, large MatMul hash","mine teacher delta into submit-safe DSL, then lower to <=600"
208,signature_lookup_current,sparse_edit_or_object_completion,P0,92273,13.56749314667969,10875,15.705778144043116,50001_100000,extreme,153.78833333333333,369.092,5.035577198104162,5.9110459354580644,2.8972922007407362,3.7727609380946383,2.138284997363426,説明可能な decision tree / affine hash / color-role rule,small Gather or pruned branch graph; no per-example label table,"arc-gen memorization, large ScatterND, large MatMul hash","mine teacher delta into submit-safe DSL, then lower to <=600"
280,signature_lookup_current,sparse_edit_or_object_completion,P0,90506,13.586828574167079,70515,13.836419267873659,50001_100000,extreme,150.84333333333333,362.024,5.016241770616773,5.891710507970675,4.766651076910193,5.642119814264095,0.2495906937065797,説明可能な decision tree / affine hash / color-role rule,small Gather or pruned branch graph; no per-example label table,"arc-gen memorization, large ScatterND, large MatMul hash","mine teacher delta into submit-safe DSL, then lower to <=600"
20,signature_lookup_current,sparse_edit_or_object_completion,P0,90133,13.590958363748854,3931,16.723350874578138,50001_100000,extreme,150.22166666666666,360.532,5.012111981034998,5.8875807183889,1.879719470205714,2.755188207559616,3.132392510829284,説明可能な decision tree / affine hash / color-role rule,small Gather or pruned branch graph; no per-example label table,"arc-gen memorization, large ScatterND, large MatMul hash","mine teacher delta into submit-safe DSL, then lower to <=600"
159,signature_lookup_current,crop_or_resize,P0,89501,13.597994922615115,48739,14.205765190060415,50001_100000,extreme,149.16833333333332,358.004,5.005075422168737,5.880544159522639,4.397305154723437,5.272773892077339,0.6077702674453,説明可能な decision tree / affine hash / color-role rule,small Gather or pruned branch graph; no per-example label table,"arc-gen memorization, large ScatterND, large MatMul hash","mine teacher delta into submit-safe DSL, then lower to <=600"
25,signature_lookup_current,sparse_edit_or_object_completion,P0,89286,13.600400020341894,10331,15.757095637150554,50001_100000,extreme,148.81,357.144,5.002670324441958,5.87813906179586,2.8459747076332977,3.7214434449872,2.15669561680866,説明可能な decision tree / affine hash / color-role rule,small Gather or pruned branch graph; no per-example label table,"arc-gen memorization, large ScatterND, large MatMul hash","mine teacher delta into submit-safe DSL, then lower to <=600"
281,signature_lookup_current,sparse_edit_or_object_completion,P0,88615,13.60794357751076,18843,15.156103228877509,50001_100000,extreme,147.69166666666666,354.46,4.995126767273092,5.870595504626994,3.446967115906343,4.322435853260245,1.548159651366749,説明可能な decision tree / affine hash / color-role rule,small Gather or pruned branch graph; no per-example label table,"arc-gen memorization, large ScatterND, large MatMul hash","mine teacher delta into submit-safe DSL, then lower to <=600"
203,region_partition_fill,sparse_edit_or_object_completion,P1,88402,13.610350127195805,88402,13.610350127195805,50001_100000,extreme,147.33666666666667,353.608,4.992720217588047,5.8681889549419495,4.992720217588047,5.8681889549419495,0.0,room/inside-outside/boundary partition rule,"static row-column prefix masks, small Conv kernels, bounded room mask","many-step flood fill, dilation unroll, dynamic full-grid colormap",new DSL/DAG synthesis from task examples; teacher gives no cost help
126,signature_lookup_current,sparse_edit_or_object_completion,P0,86091,13.636839844664504,4027,16.699223039148546,50001_100000,extreme,143.485,344.364,4.966230500119348,5.84169923747325,1.9038473056353062,2.7793160429892083,3.062383194484042,説明可能な decision tree / affine hash / color-role rule,small Gather or pruned branch graph; no per-example label table,"arc-gen memorization, large ScatterND, large MatMul hash","mine teacher delta into submit-safe DSL, then lower to <=600"
398,crop_resize,crop_or_resize,P1,84295,13.657922169750098,84295,13.657922169750098,50001_100000,extreme,140.49166666666667,337.18,4.945148175033754,5.820616912387656,4.945148175033754,5.820616912387656,0.0,fixed crop / object-anchor crop / shape rule / bbox crop,"constant Slice/Gather, small Pad/Concat, static row-column indices","NonZero, Compress, full-grid GatherND bbox, full-grid Tile",new DSL/DAG synthesis from task examples; teacher gives no cost help
69,signature_lookup_current,sparse_edit_or_object_completion,P0,84250,13.658456151785392,18263,15.187367565807959,50001_100000,extreme,140.41666666666666,337.0,4.9446141929984595,5.820082930352362,3.415702778975893,4.291171516329795,1.5289114140225664,説明可能な decision tree / affine hash / color-role rule,small Gather or pruned branch graph; no per-example label table,"arc-gen memorization, large ScatterND, large MatMul hash","mine teacher delta into submit-safe DSL, then lower to <=600"
275,signature_lookup_current,crop_or_resize,P0,83879,13.662869436848247,59811,14.001055130489064,50001_100000,extreme,139.79833333333335,335.516,4.940200907935605,5.815669645289507,4.602015214294788,5.47748395164869,0.33818569364081696,説明可能な decision tree / affine hash / color-role rule,small Gather or pruned branch graph; no per-example label table,"arc-gen memorization, large ScatterND, large MatMul hash","mine teacher delta into submit-safe DSL, then lower to <=600"
313,region_partition_fill,sparse_edit_or_object_completion,P1,83572,13.666536185257858,83572,13.666536185257858,50001_100000,extreme,139.28666666666666,334.288,4.936534159525994,5.812002896879896,4.936534159525994,5.812002896879896,0.0,room/inside-outside/boundary partition rule,"static row-column prefix masks, small Conv kernels, bounded room mask","many-step flood fill, dilation unroll, dynamic full-grid colormap",new DSL/DAG synthesis from task examples; teacher gives no cost help
234,signature_lookup_current,sparse_edit_or_object_completion,P0,81703,13.689154000119816,26619,14.810619474496553,50001_100000,extreme,136.17166666666665,326.812,4.913916344664036,5.7893850820179384,3.7924508702872988,4.667919607641201,1.1214654743767376,説明可能な decision tree / affine hash / color-role rule,small Gather or pruned branch graph; no per-example label table,"arc-gen memorization, large ScatterND, large MatMul hash","mine teacher delta into submit-safe DSL, then lower to <=600"
19,signature_lookup_current,crop_or_resize,P0,81346,13.69353305881371,40026,14.40271547806243,50001_100000,extreme,135.57666666666665,325.384,4.909537285970142,5.785006023324044,4.2003548667214226,5.075823604075325,0.7091824192487195,説明可能な decision tree / affine hash / color-role rule,small Gather or pruned branch graph; no per-example label table,"arc-gen memorization, large ScatterND, large MatMul hash","mine teacher delta into submit-safe DSL, then lower to <=600"
9,signature_lookup_current,sparse_edit_or_object_completion,P0,81241,13.69482467517415,23611,14.930532015883037,50001_100000,extreme,135.40166666666667,324.964,4.908245669609702,5.783714406963604,3.6725383289008153,4.548007066254717,1.2357073407088865,説明可能な decision tree / affine hash / color-role rule,small Gather or pruned branch graph; no per-example label table,"arc-gen memorization, large ScatterND, large MatMul hash","mine teacher delta into submit-safe DSL, then lower to <=600"
303,signature_lookup_current,sparse_edit_or_object_completion,P0,80710,13.701382237681582,52347,14.13435009193366,50001_100000,extreme,134.51666666666668,322.84,4.90168810710227,5.777156844456172,4.468720252850192,5.344188990204094,0.4329678542520785,説明可能な decision tree / affine hash / color-role rule,small Gather or pruned branch graph; no per-example label table,"arc-gen memorization, large ScatterND, large MatMul hash","mine teacher delta into submit-safe DSL, then lower to <=600"
36,signature_lookup_current,crop_or_resize,P0,79962,13.710693199192217,15912,15.325171179466192,50001_100000,extreme,133.27,319.848,4.8923771455916345,5.767845882945537,3.2778991653176597,4.153367902671562,1.6144779802739748,説明可能な decision tree / affine hash / color-role rule,small Gather or pruned branch graph; no per-example label table,"arc-gen memorization, large ScatterND, large MatMul hash","mine teacher delta into submit-safe DSL, then lower to <=600"
157,signature_lookup_current,sparse_edit_or_object_completion,P0,79930,13.711093469379936,24780,14.882207844816866,50001_100000,extreme,133.21666666666667,319.72,4.891976875403916,5.767445612757818,3.7208624999669855,4.5963312373208876,1.1711143754369306,説明可能な decision tree / affine hash / color-role rule,small Gather or pruned branch graph; no per-example label table,"arc-gen memorization, large ScatterND, large MatMul hash","mine teacher delta into submit-safe DSL, then lower to <=600"
264,signature_lookup_current,crop_or_resize,P0,79536,13.716034971665547,25739,14.844237369643414,50001_100000,extreme,132.56,318.144,4.887035373118305,5.762504110472207,3.7588329751404377,4.63430171249434,1.1282023979778675,説明可能な decision tree / affine hash / color-role rule,small Gather or pruned branch graph; no per-example label table,"arc-gen memorization, large ScatterND, large MatMul hash","mine teacher delta into submit-safe DSL, then lower to <=600"
170,signature_lookup_current,crop_or_resize,P0,78564,13.728331141770909,13731,15.472588670678249,50001_100000,extreme,130.94,314.256,4.874739203012943,5.750207940366845,3.130481674105603,4.005950411459505,1.7442575289073403,説明可能な decision tree / affine hash / color-role rule,small Gather or pruned branch graph; no per-example label table,"arc-gen memorization, large ScatterND, large MatMul hash","mine teacher delta into submit-safe DSL, then lower to <=600"
364,signature_lookup_current,sparse_edit_or_object_completion,P0,77859,13.737345222483407,26075,14.831267720131027,50001_100000,extreme,129.765,311.436,4.865725122300445,5.741193859654347,3.7718026246528247,4.647271362006727,1.09392249764762,説明可能な decision tree / affine hash / color-role rule,small Gather or pruned branch graph; no per-example label table,"arc-gen memorization, large ScatterND, large MatMul hash","mine teacher delta into submit-safe DSL, then lower to <=600"
300,signature_lookup_current,crop_or_resize,P0,77546,13.741373412351637,13323,15.502752856039788,50001_100000,extreme,129.24333333333334,310.184,4.861696932432215,5.737165669786117,3.1003174887440643,3.9757862260979664,1.761379443688151,説明可能な decision tree / affine hash / color-role rule,small Gather or pruned branch graph; no per-example label table,"arc-gen memorization, large ScatterND, large MatMul hash","mine teacher delta into submit-safe DSL, then lower to <=600"
384,signature_lookup_current,crop_or_resize,P0,74722,13.778470160860206,26243,14.824845434208775,50001_100000,extreme,124.53666666666666,298.888,4.824600183923646,5.700068921277548,3.7782249105750765,4.6536936479289785,1.0463752733485698,説明可能な decision tree / affine hash / color-role rule,small Gather or pruned branch graph; no per-example label table,"arc-gen memorization, large ScatterND, large MatMul hash","mine teacher delta into submit-safe DSL, then lower to <=600"
255,same_shape_global_transform,same_shape_global_transform,P2,74403,13.782748457411104,74403,13.782748457411104,50001_100000,extreme,124.005,297.612,4.820321887372748,5.69579062472665,4.820321887372748,5.69579062472665,0.0,flip/rotate/transpose/recolor or graph-surgery proof,"Transpose, Gather, initializer prune, small color Conv",compact artifactより大きい再実装,new DSL/DAG synthesis from task examples; teacher gives no cost help
191,signature_lookup_current,sparse_edit_or_object_completion,P0,73993,13.788274226882638,36076,14.506616896714402,50001_100000,extreme,123.32166666666667,295.972,4.8147961179012135,5.690264855255116,4.09645344806945,4.971922185423352,0.7183426698317632,説明可能な decision tree / affine hash / color-role rule,small Gather or pruned branch graph; no per-example label table,"arc-gen memorization, large ScatterND, large MatMul hash","mine teacher delta into submit-safe DSL, then lower to <=600"
107,crop_resize,crop_or_resize,P1,73131,13.799992367549814,73131,13.799992367549814,50001_100000,extreme,121.885,292.524,4.803077977234038,5.67854671458794,4.803077977234038,5.67854671458794,0.0,fixed crop / object-anchor crop / shape rule / bbox crop,"constant Slice/Gather, small Pad/Concat, static row-column indices","NonZero, Compress, full-grid GatherND bbox, full-grid Tile",new DSL/DAG synthesis from task examples; teacher gives no cost help
88,signature_lookup_current,crop_or_resize,P0,72766,13.80499590787612,30659,14.669318463892141,50001_100000,extreme,121.27666666666667,291.064,4.798074436907731,5.673543174261633,3.9337518808917107,4.809220618245613,0.8643225560160204,説明可能な decision tree / affine hash / color-role rule,small Gather or pruned branch graph; no per-example label table,"arc-gen memorization, large ScatterND, large MatMul hash","mine teacher delta into submit-safe DSL, then lower to <=600"
379,signature_lookup_current,sparse_edit_or_object_completion,P0,72499,13.808671952355807,18843,15.156103228877509,50001_100000,extreme,120.83166666666666,289.996,4.794398392428045,5.669867129781947,3.446967115906343,4.322435853260245,1.3474312765217018,説明可能な decision tree / affine hash / color-role rule,small Gather or pruned branch graph; no per-example label table,"arc-gen memorization, large ScatterND, large MatMul hash","mine teacher delta into submit-safe DSL, then lower to <=600"
137,point_to_line_pattern,same_shape_global_transform,P1,72472,13.809044440650876,72472,13.809044440650876,50001_100000,extreme,120.78666666666666,289.888,4.794025904132976,5.669494641486878,4.794025904132976,5.669494641486878,0.0,seed-to-line / ray / periodic pattern with color roles,"constant affine masks, row-column masks, small Conv line detectors","per-cell ScatterND table, long Where chains over all periods",new DSL/DAG synthesis from task examples; teacher gives no cost help
340,signature_lookup_current,sparse_edit_or_object_completion,P0,70342,13.83887566105239,10939,15.69991033588021,50001_100000,extreme,117.23666666666666,281.368,4.764194683731462,5.6396634210853644,2.903160008903642,3.778628746257544,1.8610346748278204,説明可能な decision tree / affine hash / color-role rule,small Gather or pruned branch graph; no per-example label table,"arc-gen memorization, large ScatterND, large MatMul hash","mine teacher delta into submit-safe DSL, then lower to <=600"
145,line_grid_fill,same_shape_global_transform,P1,69757,13.847226946929018,69757,13.847226946929018,50001_100000,extreme,116.26166666666667,279.028,4.755843397854834,5.631312135208736,4.755843397854834,5.631312135208736,0.0,row-column completion / line extension / grid crossing rule,"ReduceSum row-column masks, small Conv kernels, constant masks plus Where","full-grid Tile, long Where chain, per-cell ScatterND",new DSL/DAG synthesis from task examples; teacher gives no cost help
51,signature_lookup_current,sparse_edit_or_object_completion,P0,68437,13.866331106969804,7483,16.07961093991964,50001_100000,extreme,114.06166666666667,273.748,4.736739237814048,5.61220797516795,2.5234594048642123,3.3989281422181143,2.2132798329498353,説明可能な decision tree / affine hash / color-role rule,small Gather or pruned branch graph; no per-example label table,"arc-gen memorization, large ScatterND, large MatMul hash","mine teacher delta into submit-safe DSL, then lower to <=600"
328,point_to_line_pattern,sparse_edit_or_object_completion,P1,68053,13.871957907660665,68053,13.871957907660665,50001_100000,extreme,113.42166666666667,272.212,4.731112437123187,5.606581174477089,4.731112437123187,5.606581174477089,0.0,seed-to-line / ray / periodic pattern with color roles,"constant affine masks, row-column masks, small Conv line detectors","per-cell ScatterND table, long Where chains over all periods",new DSL/DAG synthesis from task examples; teacher gives no cost help
243,signature_lookup_current,sparse_edit_or_object_completion,P0,67878,13.874532744845478,51195,14.156602849991083,50001_100000,extreme,113.13,271.512,4.728537599938374,5.604006337292276,4.446467494792769,5.321936232146671,0.28207010514560515,説明可能な decision tree / affine hash / color-role rule,small Gather or pruned branch graph; no per-example label table,"arc-gen memorization, large ScatterND, large MatMul hash","mine teacher delta into submit-safe DSL, then lower to <=600"
165,signature_lookup_current,sparse_edit_or_object_completion,P0,67524,13.87976163077872,27835,14.765950499382392,50001_100000,extreme,112.54,270.096,4.723308714005132,5.598777451359034,3.8371198454014603,4.712588582755362,0.8861888686036714,説明可能な decision tree / affine hash / color-role rule,small Gather or pruned branch graph; no per-example label table,"arc-gen memorization, large ScatterND, large MatMul hash","mine teacher delta into submit-safe DSL, then lower to <=600"
209,signature_lookup_current,crop_or_resize,P0,67337,13.882534858321867,59267,14.010192062325022,50001_100000,extreme,112.22833333333334,269.348,4.720535486461985,5.596004223815887,4.59287828245883,5.468347019812732,0.12765720400315494,説明可能な decision tree / affine hash / color-role rule,small Gather or pruned branch graph; no per-example label table,"arc-gen memorization, large ScatterND, large MatMul hash","mine teacher delta into submit-safe DSL, then lower to <=600"
11,signature_lookup_current,sparse_edit_or_object_completion,P0,66247,13.898854540195707,24184,14.906553463540707,50001_100000,extreme,110.41166666666666,264.988,4.704215804588145,5.579684541942047,3.696516881243145,4.571985618597047,1.007698923345,説明可能な decision tree / affine hash / color-role rule,small Gather or pruned branch graph; no per-example label table,"arc-gen memorization, large ScatterND, large MatMul hash","mine teacher delta into submit-safe DSL, then lower to <=600"
70,signature_lookup_current,sparse_edit_or_object_completion,P0,66138,13.90050125280863,18939,15.151021432964265,50001_100000,extreme,110.23,264.552,4.7025690919752225,5.578037829329125,3.4520489118195865,4.327517649173489,1.250520180155636,説明可能な decision tree / affine hash / color-role rule,small Gather or pruned branch graph; no per-example label table,"arc-gen memorization, large ScatterND, large MatMul hash","mine teacher delta into submit-safe DSL, then lower to <=600"
101,signature_lookup_current,sparse_edit_or_object_completion,P0,65875,13.904485714156337,29435,14.710060278537638,50001_100000,extreme,109.79166666666667,263.5,4.698584630627515,5.574053367981417,3.893010066246214,4.768478803600116,0.8055745643813008,説明可能な decision tree / affine hash / color-role rule,small Gather or pruned branch graph; no per-example label table,"arc-gen memorization, large ScatterND, large MatMul hash","mine teacher delta into submit-safe DSL, then lower to <=600"
301,signature_lookup_current,sparse_edit_or_object_completion,P0,64988,13.91804208355036,24155,14.907753323011493,50001_100000,extreme,108.31333333333333,259.952,4.685028261233493,5.560496998587395,3.695317021772359,4.570785759126261,0.9897112394611334,説明可能な decision tree / affine hash / color-role rule,small Gather or pruned branch graph; no per-example label table,"arc-gen memorization, large ScatterND, large MatMul hash","mine teacher delta into submit-safe DSL, then lower to <=600"
161,signature_lookup_current,sparse_edit_or_object_completion,P0,64647,13.923303020588978,34907,14.539557338855667,50001_100000,extreme,107.745,258.588,4.679767324194874,5.555236061548776,4.0635130059281845,4.938981743282087,0.6162543182666891,説明可能な decision tree / affine hash / color-role rule,small Gather or pruned branch graph; no per-example label table,"arc-gen memorization, large ScatterND, large MatMul hash","mine teacher delta into submit-safe DSL, then lower to <=600"
306,signature_lookup_current,sparse_edit_or_object_completion,P0,64444,13.926448091389123,32802,14.601755231876945,50001_100000,extreme,107.40666666666667,257.776,4.676622253394729,5.552090990748631,4.001315112906907,4.876783850260809,0.6753071404878224,説明可能な decision tree / affine hash / color-role rule,small Gather or pruned branch graph; no per-example label table,"arc-gen memorization, large ScatterND, large MatMul hash","mine teacher delta into submit-safe DSL, then lower to <=600"
238,signature_lookup_current,crop_or_resize,P0,64372,13.927565965061614,20291,15.082067283032377,50001_100000,extreme,107.28666666666666,257.488,4.675504379722238,5.55097311707614,3.5210030617514754,4.396471799105377,1.1545013179707624,説明可能な decision tree / affine hash / color-role rule,small Gather or pruned branch graph; no per-example label table,"arc-gen memorization, large ScatterND, large MatMul hash","mine teacher delta into submit-safe DSL, then lower to <=600"
37,signature_lookup_current,sparse_edit_or_object_completion,P0,63726,13.937652078450405,8379,15.966516145386713,50001_100000,extreme,106.21,254.904,4.665418266333447,5.540887003687349,2.636554199397139,3.512022936751041,2.0288640669363076,説明可能な decision tree / affine hash / color-role rule,small Gather or pruned branch graph; no per-example label table,"arc-gen memorization, large ScatterND, large MatMul hash","mine teacher delta into submit-safe DSL, then lower to <=600"
387,signature_lookup_current,sparse_edit_or_object_completion,P0,63558,13.940291846175448,22269,14.989049144214343,50001_100000,extreme,105.93,254.232,4.662778498608404,5.538247235962306,3.6140212005695087,4.489489937923411,1.048757298038895,説明可能な decision tree / affine hash / color-role rule,small Gather or pruned branch graph; no per-example label table,"arc-gen memorization, large ScatterND, large MatMul hash","mine teacher delta into submit-safe DSL, then lower to <=600"
233,crop_resize,crop_or_resize,P1,63540,13.940575092176493,63540,13.940575092176493,50001_100000,extreme,105.9,254.16,4.662495252607359,5.537963989961261,4.662495252607359,5.537963989961261,0.0,fixed crop / object-anchor crop / shape rule / bbox crop,"constant Slice/Gather, small Pad/Concat, static row-column indices","NonZero, Compress, full-grid GatherND bbox, full-grid Tile",new DSL/DAG synthesis from task examples; teacher gives no cost help
90,signature_lookup_current,sparse_edit_or_object_completion,P0,63354,13.94350667496543,8030,16.00906019305919,50001_100000,extreme,105.59,253.416,4.6595636698184215,5.535032407172324,2.5940101517246603,3.4694788890785624,2.065553518093761,説明可能な decision tree / affine hash / color-role rule,small Gather or pruned branch graph; no per-example label table,"arc-gen memorization, large ScatterND, large MatMul hash","mine teacher delta into submit-safe DSL, then lower to <=600"
162,signature_lookup_current,sparse_edit_or_object_completion,P0,63291,13.944501582071068,12027,15.605090598689383,50001_100000,extreme,105.485,253.164,4.658568762712784,5.534037500066686,2.997979746094469,3.873448483448371,1.6605890166183155,説明可能な decision tree / affine hash / color-role rule,small Gather or pruned branch graph; no per-example label table,"arc-gen memorization, large ScatterND, large MatMul hash","mine teacher delta into submit-safe DSL, then lower to <=600"
377,signature_lookup_current,crop_or_resize,P0,61924,13.966336894339644,26659,14.80911791634814,50001_100000,extreme,103.20666666666666,247.696,4.636733450444208,5.51220218779811,3.7939524284357127,4.669421165789615,0.842781022008495,説明可能な decision tree / affine hash / color-role rule,small Gather or pruned branch graph; no per-example label table,"arc-gen memorization, large ScatterND, large MatMul hash","mine teacher delta into submit-safe DSL, then lower to <=600"
206,signature_lookup_current,sparse_edit_or_object_completion,P0,61387,13.975046634666326,4795,16.52467101268246,50001_100000,extreme,102.31166666666667,245.548,4.628023710117526,5.503492447471428,2.078399332101391,2.953868069455293,2.5496243780161354,説明可能な decision tree / affine hash / color-role rule,small Gather or pruned branch graph; no per-example label table,"arc-gen memorization, large ScatterND, large MatMul hash","mine teacher delta into submit-safe DSL, then lower to <=600"
177,signature_lookup_current,crop_or_resize,P0,61194,13.978195575521427,23171,14.94934322424725,50001_100000,extreme,101.99,244.776,4.624874769262425,5.500343506616327,3.653727120536601,4.529195857890503,0.9711476487258235,説明可能な decision tree / affine hash / color-role rule,small Gather or pruned branch graph; no per-example label table,"arc-gen memorization, large ScatterND, large MatMul hash","mine teacher delta into submit-safe DSL, then lower to <=600"
118,signature_lookup_current,sparse_edit_or_object_completion,P0,60026,13.997466919324204,10000,15.789659628023816,50001_100000,extreme,100.04333333333334,240.104,4.605603425459648,5.48107216281355,2.8134107167600355,3.6888794541139376,1.7921927086996128,説明可能な decision tree / affine hash / color-role rule,small Gather or pruned branch graph; no per-example label table,"arc-gen memorization, large ScatterND, large MatMul hash","mine teacher delta into submit-safe DSL, then lower to <=600"
185,signature_lookup_current,crop_or_resize,P0,59584,14.00485763936326,13431,15.494679253090926,50001_100000,large,99.30666666666667,238.336,4.5982127054205915,5.4736814427744935,3.1083910916929263,3.9838598290468283,1.4898216137276652,説明可能な decision tree / affine hash / color-role rule,small Gather or pruned branch graph; no per-example label table,"arc-gen memorization, large ScatterND, large MatMul hash","mine teacher delta into submit-safe DSL, then lower to <=600"
112,signature_lookup_current,sparse_edit_or_object_completion,P0,59270,14.010141445218116,15003,15.383994539912987,50001_100000,large,98.78333333333333,237.08,4.592928899565736,5.468397636919638,3.219075804870865,4.094544542224767,1.373853094694871,説明可能な decision tree / affine hash / color-role rule,small Gather or pruned branch graph; no per-example label table,"arc-gen memorization, large ScatterND, large MatMul hash","mine teacher delta into submit-safe DSL, then lower to <=600"
330,signature_lookup_current,sparse_edit_or_object_completion,P0,59024,14.014300580163543,16635,15.280735811547423,50001_100000,large,98.37333333333333,236.096,4.588769764620309,5.4642385019742115,3.322334533236429,4.197803270590331,1.2664352313838805,説明可能な decision tree / affine hash / color-role rule,small Gather or pruned branch graph; no per-example label table,"arc-gen memorization, large ScatterND, large MatMul hash","mine teacher delta into submit-safe DSL, then lower to <=600"
365,signature_lookup_current,crop_or_resize,P0,58814,14.01786479921536,15459,15.354053363003667,50001_100000,large,98.02333333333333,235.256,4.585205545568492,5.460674282922394,3.2490169817801853,4.124485719134087,1.3361885637883066,説明可能な decision tree / affine hash / color-role rule,small Gather or pruned branch graph; no per-example label table,"arc-gen memorization, large ScatterND, large MatMul hash","mine teacher delta into submit-safe DSL, then lower to <=600"
222,signature_lookup_current,crop_or_resize,P0,58035,14.031198444197276,52891,14.124011528952897,50001_100000,large,96.725,232.14,4.571871900586576,5.447340637940478,4.479058815830955,5.354527553184857,0.09281308475562078,説明可能な decision tree / affine hash / color-role rule,small Gather or pruned branch graph; no per-example label table,"arc-gen memorization, large ScatterND, large MatMul hash","mine teacher delta into submit-safe DSL, then lower to <=600"
221,crop_resize,crop_or_resize,P1,55869,14.069235056400384,55869,14.069235056400384,50001_100000,large,93.115,223.476,4.533835288383468,5.40930402573737,4.533835288383468,5.40930402573737,0.0,fixed crop / object-anchor crop / shape rule / bbox crop,"constant Slice/Gather, small Pad/Concat, static row-column indices","NonZero, Compress, full-grid GatherND bbox, full-grid Tile",new DSL/DAG synthesis from task examples; teacher gives no cost help
97,signature_lookup_current,sparse_edit_or_object_completion,P0,55812,14.070255820987903,8263,15.980457003298815,50001_100000,large,93.02,223.248,4.532814523795949,5.408283261149851,2.622613341485037,3.498082078838939,1.910201182310912,説明可能な decision tree / affine hash / color-role rule,small Gather or pruned branch graph; no per-example label table,"arc-gen memorization, large ScatterND, large MatMul hash","mine teacher delta into submit-safe DSL, then lower to <=600"
33,signature_lookup_current,sparse_edit_or_object_completion,P0,55161,14.081988539178049,26075,14.831267720131027,50001_100000,large,91.935,220.644,4.521081805605803,5.396550542959705,3.7718026246528247,4.647271362006727,0.7492791809529784,説明可能な decision tree / affine hash / color-role rule,small Gather or pruned branch graph; no per-example label table,"arc-gen memorization, large ScatterND, large MatMul hash","mine teacher delta into submit-safe DSL, then lower to <=600"
4,signature_lookup_current,sparse_edit_or_object_completion,P0,55020,14.084547965521434,13560,15.485120438505614,50001_100000,large,91.7,220.08,4.518522379262418,5.39399111661632,3.1179499062782376,3.9934186436321397,1.4005724729841802,説明可能な decision tree / affine hash / color-role rule,small Gather or pruned branch graph; no per-example label table,"arc-gen memorization, large ScatterND, large MatMul hash","mine teacher delta into submit-safe DSL, then lower to <=600"
363,signature_lookup_current,sparse_edit_or_object_completion,P0,54241,14.098807640977503,7579,16.06686345618797,50001_100000,large,90.40166666666667,216.964,4.504262703806349,5.379731441160251,2.5362068885958813,3.4116756259497834,1.9680558152104677,説明可能な decision tree / affine hash / color-role rule,small Gather or pruned branch graph; no per-example label table,"arc-gen memorization, large ScatterND, large MatMul hash","mine teacher delta into submit-safe DSL, then lower to <=600"
193,signature_lookup_current,sparse_edit_or_object_completion,P0,53661,14.109558240338645,11099,15.68538970684802,50001_100000,large,89.435,214.644,4.493512104445207,5.368980841799109,2.917680637935831,3.793149375289733,1.575831466509376,説明可能な decision tree / affine hash / color-role rule,small Gather or pruned branch graph; no per-example label table,"arc-gen memorization, large ScatterND, large MatMul hash","mine teacher delta into submit-safe DSL, then lower to <=600"
174,signature_lookup_current,crop_or_resize,P0,52019,14.140635684557754,12963,15.530145575399958,50001_100000,large,86.69833333333334,208.076,4.462434660226098,5.33790339758,3.072924769383894,3.948393506737796,1.3895098908422039,説明可能な decision tree / affine hash / color-role rule,small Gather or pruned branch graph; no per-example label table,"arc-gen memorization, large ScatterND, large MatMul hash","mine teacher delta into submit-safe DSL, then lower to <=600"
192,signature_lookup_current,sparse_edit_or_object_completion,P0,51968,14.14161657647865,9231,15.869677336009849,50001_100000,large,86.61333333333333,207.872,4.461453768305201,5.336922505659103,2.7333930087740033,3.6088617461279053,1.728060759531198,説明可能な decision tree / affine hash / color-role rule,small Gather or pruned branch graph; no per-example label table,"arc-gen memorization, large ScatterND, large MatMul hash","mine teacher delta into submit-safe DSL, then lower to <=600"
91,signature_lookup_current,crop_or_resize,P0,51466,14.151323325547068,43107,14.328559324102685,50001_100000,large,85.77666666666667,205.864,4.451747019236784,5.327215756590686,4.274511020681167,5.1499797580350695,0.17723599855561645,説明可能な decision tree / affine hash / color-role rule,small Gather or pruned branch graph; no per-example label table,"arc-gen memorization, large ScatterND, large MatMul hash","mine teacher delta into submit-safe DSL, then lower to <=600"
21,signature_lookup_current,crop_or_resize,P0,51223,14.156056071090937,20739,15.060228735386625,50001_100000,large,85.37166666666667,204.892,4.447014273692915,5.322483011046817,3.542841609397227,4.418310346751129,0.9041726642956878,説明可能な decision tree / affine hash / color-role rule,small Gather or pruned branch graph; no per-example label table,"arc-gen memorization, large ScatterND, large MatMul hash","mine teacher delta into submit-safe DSL, then lower to <=600"
197,signature_lookup_current,sparse_edit_or_object_completion,P0,50688,14.166555524825903,14567,15.413486024551052,50001_100000,large,84.48,202.752,4.436514819957949,5.3119835573118515,3.1895843202328003,4.065053057586702,1.2469304997251491,説明可能な decision tree / affine hash / color-role rule,small Gather or pruned branch graph; no per-example label table,"arc-gen memorization, large ScatterND, large MatMul hash","mine teacher delta into submit-safe DSL, then lower to <=600"
213,signature_lookup_current,crop_or_resize,P0,50225,14.175731810316865,20067,15.093168046213481,50001_100000,large,83.70833333333333,200.9,4.427338534466987,5.302807271820889,3.5099022985703705,4.385371035924273,0.9174362358966164,説明可能な decision tree / affine hash / color-role rule,small Gather or pruned branch graph; no per-example label table,"arc-gen memorization, large ScatterND, large MatMul hash","mine teacher delta into submit-safe DSL, then lower to <=600"
367,signature_lookup_current,sparse_edit_or_object_completion,P0,49772,14.184792144104478,19707,15.111270818439417,9001_50000,large,82.95333333333333,199.088,4.418278200679374,5.2937469380332765,3.491799526344435,4.367268263698337,0.9264786743349394,説明可能な decision tree / affine hash / color-role rule,small Gather or pruned branch graph; no per-example label table,"arc-gen memorization, large ScatterND, large MatMul hash","mine teacher delta into submit-safe DSL, then lower to <=600"
89,signature_lookup_current,sparse_edit_or_object_completion,P0,49703,14.186179427563964,11703,15.632399501825233,9001_50000,large,82.83833333333334,198.812,4.416890917219888,5.29235965457379,2.9706708429586186,3.8461395803125207,1.4462200742612694,説明可能な decision tree / affine hash / color-role rule,small Gather or pruned branch graph; no per-example label table,"arc-gen memorization, large ScatterND, large MatMul hash","mine teacher delta into submit-safe DSL, then lower to <=600"
349,point_to_line_pattern,same_shape_global_transform,P1,49480,14.190676173493577,49480,14.190676173493577,9001_50000,large,82.46666666666667,197.92,4.412394171290275,5.287862908644177,4.412394171290275,5.287862908644177,0.0,seed-to-line / ray / periodic pattern with color roles,"constant affine masks, row-column masks, small Conv line detectors","per-cell ScatterND table, long Where chains over all periods",new DSL/DAG synthesis from task examples; teacher gives no cost help
324,signature_lookup_current,sparse_edit_or_object_completion,P0,48870,14.203081009735799,28891,14.728714593085465,9001_50000,large,81.45,195.48,4.399989335048053,5.275458072401955,3.8743557516983866,4.749824489052289,0.5256335833496664,説明可能な decision tree / affine hash / color-role rule,small Gather or pruned branch graph; no per-example label table,"arc-gen memorization, large ScatterND, large MatMul hash","mine teacher delta into submit-safe DSL, then lower to <=600"
138,crop_resize,crop_or_resize,P1,48467,14.211361567031112,48467,14.211361567031112,9001_50000,large,80.77833333333334,193.868,4.39170877775274,5.267177515106642,4.39170877775274,5.267177515106642,0.0,fixed crop / object-anchor crop / shape rule / bbox crop,"constant Slice/Gather, small Pad/Concat, static row-column indices","NonZero, Compress, full-grid GatherND bbox, full-grid Tile",new DSL/DAG synthesis from task examples; teacher gives no cost help
253,signature_lookup_current,crop_or_resize,P0,48269,14.215455188361384,14444,15.421965617602652,9001_50000,large,80.44833333333334,193.076,4.387615156422468,5.26308389377637,3.1811047271812,4.056573464535102,1.206510429241268,説明可能な decision tree / affine hash / color-role rule,small Gather or pruned branch graph; no per-example label table,"arc-gen memorization, large ScatterND, large MatMul hash","mine teacher delta into submit-safe DSL, then lower to <=600"
219,signature_lookup_current,sparse_edit_or_object_completion,P0,47688,14.227564927100238,18011,15.201262038662943,9001_50000,large,79.48,190.752,4.375505417683614,5.250974155037516,3.401808306120909,4.277277043474811,0.9736971115627053,説明可能な decision tree / affine hash / color-role rule,small Gather or pruned branch graph; no per-example label table,"arc-gen memorization, large ScatterND, large MatMul hash","mine teacher delta into submit-safe DSL, then lower to <=600"
182,signature_lookup_current,sparse_edit_or_object_completion,P0,47624,14.228907885166773,12364,15.577455696747993,9001_50000,large,79.37333333333333,190.496,4.374162459617079,5.249631196970981,3.025614648035859,3.901083385389761,1.34854781158122,説明可能な decision tree / affine hash / color-role rule,small Gather or pruned branch graph; no per-example label table,"arc-gen memorization, large ScatterND, large MatMul hash","mine teacher delta into submit-safe DSL, then lower to <=600"
92,signature_lookup_current,sparse_edit_or_object_completion,P0,46289,14.25734036914603,24574,14.890555747572483,9001_50000,large,77.14833333333333,185.156,4.345729975637822,5.221198712991724,3.712514597211369,4.587983334565271,0.6332153784264527,説明可能な decision tree / affine hash / color-role rule,small Gather or pruned branch graph; no per-example label table,"arc-gen memorization, large ScatterND, large MatMul hash","mine teacher delta into submit-safe DSL, then lower to <=600"
335,signature_lookup_current,sparse_edit_or_object_completion,P0,46249,14.258204878914801,9307,15.86147791581429,9001_50000,large,77.08166666666666,184.996,4.34486546586905,5.2203342032229525,2.741592428969563,3.617061166323465,1.6032730368994876,説明可能な decision tree / affine hash / color-role rule,small Gather or pruned branch graph; no per-example label table,"arc-gen memorization, large ScatterND, large MatMul hash","mine teacher delta into submit-safe DSL, then lower to <=600"
154,signature_lookup_current,sparse_edit_or_object_completion,P0,45574,14.27290734254795,17371,15.237442571898077,9001_50000,large,75.95666666666666,182.296,4.330163002235903,5.205631739589805,3.365627772885775,4.241096510239677,0.9645352293501279,説明可能な decision tree / affine hash / color-role rule,small Gather or pruned branch graph; no per-example label table,"arc-gen memorization, large ScatterND, large MatMul hash","mine teacher delta into submit-safe DSL, then lower to <=600"
224,signature_lookup_current,sparse_edit_or_object_completion,P0,45458,14.275455898281896,17243,15.244838456999869,9001_50000,large,75.76333333333334,181.832,4.327614446501956,5.203083183855858,3.358231887783983,4.233700625137885,0.9693825587179727,説明可能な decision tree / affine hash / color-role rule,small Gather or pruned branch graph; no per-example label table,"arc-gen memorization, large ScatterND, large MatMul hash","mine teacher delta into submit-safe DSL, then lower to <=600"
338,sparse_edit_or_object_completion,sparse_edit_or_object_completion,P1,45016,14.285226738886886,45016,14.285226738886886,9001_50000,large,75.02666666666667,180.064,4.317843605896966,5.193312343250868,4.317843605896966,5.193312343250868,0.0,changed-cell rule / component completion / object copy with sparse mask,"tiny coordinate ScatterND, small Conv kernels, Equal plus one Where","large coordinate initializer, repeated full-grid Where, unrolled local propagation",new DSL/DAG synthesis from task examples; teacher gives no cost help
131,signature_lookup_current,sparse_edit_or_object_completion,P0,44550,14.295632567101045,11707,15.632057767520328,9001_50000,large,74.25,178.2,4.307437777682807,5.182906515036709,2.971012577263524,3.846481314617426,1.3364252004192831,説明可能な decision tree / affine hash / color-role rule,small Gather or pruned branch graph; no per-example label table,"arc-gen memorization, large ScatterND, large MatMul hash","mine teacher delta into submit-safe DSL, then lower to <=600"
325,signature_lookup_current,crop_or_resize,P0,43022,14.330533108254256,17795,15.213327202055707,9001_50000,large,71.70333333333333,172.088,4.272537236529596,5.148005973883498,3.389743142728145,4.265211880082047,0.8827940938014507,説明可能な decision tree / affine hash / color-role rule,small Gather or pruned branch graph; no per-example label table,"arc-gen memorization, large ScatterND, large MatMul hash","mine teacher delta into submit-safe DSL, then lower to <=600"
359,signature_lookup_current,sparse_edit_or_object_completion,P0,42313,14.347150353576192,19771,15.10802850342512,9001_50000,large,70.52166666666666,169.252,4.25591999120766,5.1313887285615625,3.4950418413587325,4.370510578712635,0.7608781498489279,説明可能な decision tree / affine hash / color-role rule,small Gather or pruned branch graph; no per-example label table,"arc-gen memorization, large ScatterND, large MatMul hash","mine teacher delta into submit-safe DSL, then lower to <=600"
80,line_grid_fill,same_shape_global_transform,P1,42082,14.352624625200743,42082,14.352624625200743,9001_50000,large,70.13666666666667,168.328,4.250445719583109,5.125914456937011,4.250445719583109,5.125914456937011,0.0,row-column completion / line extension / grid crossing rule,"ReduceSum row-column masks, small Conv kernels, constant masks plus Where","full-grid Tile, long Where chain, per-cell ScatterND",new DSL/DAG synthesis from task examples; teacher gives no cost help
265,signature_lookup_current,sparse_edit_or_object_completion,P0,39162,14.424537832136728,12187,15.591874911176498,9001_50000,large,65.27,156.648,4.1785325126471236,5.054001250001026,3.0111954336073534,3.8866641709612555,1.1673370790397701,説明可能な decision tree / affine hash / color-role rule,small Gather or pruned branch graph; no per-example label table,"arc-gen memorization, large ScatterND, large MatMul hash","mine teacher delta into submit-safe DSL, then lower to <=600"
14,signature_lookup_current,crop_or_resize,P0,39049,14.427427453254685,34851,14.541162889818416,9001_50000,large,65.08166666666666,156.196,4.175642891529167,5.051111628883069,4.061907454965436,4.937376192319338,0.11373543656373108,説明可能な decision tree / affine hash / color-role rule,small Gather or pruned branch graph; no per-example label table,"arc-gen memorization, large ScatterND, large MatMul hash","mine teacher delta into submit-safe DSL, then lower to <=600"
378,signature_lookup_current,sparse_edit_or_object_completion,P0,39008,14.428477967719003,4556,16.575799675432926,9001_50000,large,65.01333333333334,156.032,4.174592377064849,5.050061114418751,2.0272706693509264,2.9027394067048284,2.147321707713923,説明可能な decision tree / affine hash / color-role rule,small Gather or pruned branch graph; no per-example label table,"arc-gen memorization, large ScatterND, large MatMul hash","mine teacher delta into submit-safe DSL, then lower to <=600"
184,signature_lookup_current,crop_or_resize,P0,38855,14.432407952356657,12387,15.5755971854458,9001_50000,large,64.75833333333334,155.42,4.170662392427195,5.046131129781097,3.0274731593380526,3.9029418966919547,1.1431892330891422,説明可能な decision tree / affine hash / color-role rule,small Gather or pruned branch graph; no per-example label table,"arc-gen memorization, large ScatterND, large MatMul hash","mine teacher delta into submit-safe DSL, then lower to <=600"
231,signature_lookup_current,crop_or_resize,P0,38342,14.445698819920006,30755,14.666192138357532,9001_50000,large,63.903333333333336,153.368,4.157371524863846,5.032840262217748,3.9368782064263197,4.812346943780222,0.2204933184375264,説明可能な decision tree / affine hash / color-role rule,small Gather or pruned branch graph; no per-example label table,"arc-gen memorization, large ScatterND, large MatMul hash","mine teacher delta into submit-safe DSL, then lower to <=600"
215,line_grid_fill,sparse_edit_or_object_completion,P1,38094,14.452187931601495,38094,14.452187931601495,9001_50000,large,63.49,152.376,4.150882413182357,5.026351150536259,4.150882413182357,5.026351150536259,0.0,row-column completion / line extension / grid crossing rule,"ReduceSum row-column masks, small Conv kernels, constant masks plus Where","full-grid Tile, long Where chain, per-cell ScatterND",new DSL/DAG synthesis from task examples; teacher gives no cost help
252,signature_lookup_current,sparse_edit_or_object_completion,P0,38062,14.453028311923028,9531,15.837695077062374,9001_50000,large,63.43666666666667,152.248,4.150042032860824,5.025510770214726,2.7653752677214776,3.6408440050753796,1.3846667651393467,説明可能な decision tree / affine hash / color-role rule,small Gather or pruned branch graph; no per-example label table,"arc-gen memorization, large ScatterND, large MatMul hash","mine teacher delta into submit-safe DSL, then lower to <=600"
27,signature_lookup_current,sparse_edit_or_object_completion,P0,36791,14.486991470971319,6715,16.187900891042663,9001_50000,large,61.318333333333335,147.164,4.116078873812533,4.991547611166435,2.415169453741189,3.2906381910950913,1.7009094200713442,説明可能な decision tree / affine hash / color-role rule,small Gather or pruned branch graph; no per-example label table,"arc-gen memorization, large ScatterND, large MatMul hash","mine teacher delta into submit-safe DSL, then lower to <=600"
76,signature_lookup_current,sparse_edit_or_object_completion,P0,36184,14.503627688842322,7643,16.058454524757117,9001_50000,large,60.306666666666665,144.736,4.09944265594153,4.974911393295432,2.544615820026735,3.420084557380637,1.5548268359147954,説明可能な decision tree / affine hash / color-role rule,small Gather or pruned branch graph; no per-example label table,"arc-gen memorization, large ScatterND, large MatMul hash","mine teacher delta into submit-safe DSL, then lower to <=600"
17,signature_lookup_current,sparse_edit_or_object_completion,P0,35329,14.527540564604424,33755,14.573116166524029,9001_50000,large,58.88166666666667,141.316,4.075529780179428,4.95099851753333,4.029954178259823,4.905422915613725,0.04557560191960519,説明可能な decision tree / affine hash / color-role rule,small Gather or pruned branch graph; no per-example label table,"arc-gen memorization, large ScatterND, large MatMul hash","mine teacher delta into submit-safe DSL, then lower to <=600"
351,signature_lookup_current,crop_or_resize,P0,35154,14.532506311227156,15683,15.339667397865576,9001_50000,large,58.59,140.616,4.070564033556696,4.946032770910598,3.2634029469182764,4.138871684272178,0.8071610866384198,説明可能な decision tree / affine hash / color-role rule,small Gather or pruned branch graph; no per-example label table,"arc-gen memorization, large ScatterND, large MatMul hash","mine teacher delta into submit-safe DSL, then lower to <=600"
400,signature_lookup_current,crop_or_resize,P0,35153,14.532534757896764,15459,15.354053363003667,9001_50000,large,58.58833333333333,140.612,4.070535586887088,4.94600432424099,3.2490169817801853,4.124485719134087,0.8215186051069026,説明可能な decision tree / affine hash / color-role rule,small Gather or pruned branch graph; no per-example label table,"arc-gen memorization, large ScatterND, large MatMul hash","mine teacher delta into submit-safe DSL, then lower to <=600"
65,signature_lookup_current,crop_or_resize,P0,35109,14.533787213157124,20963,15.049485742036117,9001_50000,large,58.515,140.436,4.069283131626728,4.94475186898063,3.553584602747735,4.429053340101637,0.5156985288789926,説明可能な decision tree / affine hash / color-role rule,small Gather or pruned branch graph; no per-example label table,"arc-gen memorization, large ScatterND, large MatMul hash","mine teacher delta into submit-safe DSL, then lower to <=600"
22,signature_lookup_current,crop_or_resize,P0,34821,14.542024067963268,13283,15.505759698867497,9001_50000,large,58.035,139.284,4.0610462768205835,4.936515014174486,3.0973106459163553,3.9727793832702574,0.9637356309042282,説明可能な decision tree / affine hash / color-role rule,small Gather or pruned branch graph; no per-example label table,"arc-gen memorization, large ScatterND, large MatMul hash","mine teacher delta into submit-safe DSL, then lower to <=600"
278,signature_lookup_current,sparse_edit_or_object_completion,P0,34383,14.55468246483519,27080,14.793449272973788,9001_50000,large,57.305,137.532,4.0483878799486614,4.9238566173025635,3.8096210718100636,4.685089809163966,0.23876680813859785,説明可能な decision tree / affine hash / color-role rule,small Gather or pruned branch graph; no per-example label table,"arc-gen memorization, large ScatterND, large MatMul hash","mine teacher delta into submit-safe DSL, then lower to <=600"
46,signature_lookup_current,crop_or_resize,P0,33426,14.58291068075113,19000,15.147805741851423,9001_50000,large,55.71,133.704,4.020159664032722,4.895628401386624,3.455264602932429,4.330733340286331,0.5648950611002928,説明可能な decision tree / affine hash / color-role rule,small Gather or pruned branch graph; no per-example label table,"arc-gen memorization, large ScatterND, large MatMul hash","mine teacher delta into submit-safe DSL, then lower to <=600"
368,signature_lookup_current,sparse_edit_or_object_completion,P0,32339,14.615970788806473,15056,15.38046813817484,9001_50000,large,53.89833333333333,129.356,3.9870995559773785,4.862568293331281,3.2226022066090128,4.098070943962915,0.7644973493683658,説明可能な decision tree / affine hash / color-role rule,small Gather or pruned branch graph; no per-example label table,"arc-gen memorization, large ScatterND, large MatMul hash","mine teacher delta into submit-safe DSL, then lower to <=600"
196,signature_lookup_current,sparse_edit_or_object_completion,P0,32242,14.618974770564057,18011,15.201262038662943,9001_50000,large,53.736666666666665,128.968,3.984095574219795,4.859564311573697,3.401808306120909,4.277277043474811,0.5822872680988862,説明可能な decision tree / affine hash / color-role rule,small Gather or pruned branch graph; no per-example label table,"arc-gen memorization, large ScatterND, large MatMul hash","mine teacher delta into submit-safe DSL, then lower to <=600"
288,signature_lookup_current,sparse_edit_or_object_completion,P0,31807,14.632558329669694,6886,16.16275435610153,9001_50000,large,53.01166666666666,127.228,3.970512015114158,4.84598075246806,2.440315988682322,3.315784726036224,1.5301960264318364,説明可能な decision tree / affine hash / color-role rule,small Gather or pruned branch graph; no per-example label table,"arc-gen memorization, large ScatterND, large MatMul hash","mine teacher delta into submit-safe DSL, then lower to <=600"
44,signature_lookup_current,sparse_edit_or_object_completion,P0,31805,14.632621210887095,15483,15.352502073183164,9001_50000,large,53.00833333333333,127.22,3.970449133896757,4.845917871250659,3.250568271600688,4.12603700895459,0.7198808622960691,説明可能な decision tree / affine hash / color-role rule,small Gather or pruned branch graph; no per-example label table,"arc-gen memorization, large ScatterND, large MatMul hash","mine teacher delta into submit-safe DSL, then lower to <=600"
244,signature_lookup_current,crop_or_resize,P0,31782,14.633344629227418,13731,15.472588670678249,9001_50000,large,52.97,127.128,3.969725715556434,4.845194452910336,3.130481674105603,4.005950411459505,0.8392440414508311,説明可能な decision tree / affine hash / color-role rule,small Gather or pruned branch graph; no per-example label table,"arc-gen memorization, large ScatterND, large MatMul hash","mine teacher delta into submit-safe DSL, then lower to <=600"
392,point_to_line_pattern,same_shape_global_transform,P1,30870,14.662459882503795,30870,14.662459882503795,9001_50000,large,51.45,123.48,3.9406104622800573,4.816079199633959,3.9406104622800573,4.816079199633959,0.0,seed-to-line / ray / periodic pattern with color roles,"constant affine masks, row-column masks, small Conv line detectors","per-cell ScatterND table, long Where chains over all periods",new DSL/DAG synthesis from task examples; teacher gives no cost help
63,signature_lookup_current,sparse_edit_or_object_completion,P0,30732,14.666940264012474,26235,14.825150323879187,9001_50000,large,51.22,122.928,3.9361300807713775,4.81159881812528,3.7779200209046646,4.653388758258567,0.15821005986671288,説明可能な decision tree / affine hash / color-role rule,small Gather or pruned branch graph; no per-example label table,"arc-gen memorization, large ScatterND, large MatMul hash","mine teacher delta into submit-safe DSL, then lower to <=600"
62,point_to_line_pattern,same_shape_global_transform,P1,30609,14.670950637656585,30609,14.670950637656585,9001_50000,large,51.015,122.436,3.932119707127267,4.807588444481169,3.932119707127267,4.807588444481169,0.0,seed-to-line / ray / periodic pattern with color roles,"constant affine masks, row-column masks, small Conv line detectors","per-cell ScatterND table, long Where chains over all periods",new DSL/DAG synthesis from task examples; teacher gives no cost help
49,signature_lookup_current,crop_or_resize,P0,30489,14.674878758194124,21135,15.04131428699911,9001_50000,large,50.815,121.956,3.928191586589728,4.80366032394363,3.5617560577847414,4.437224795138643,0.36643552880498653,説明可能な decision tree / affine hash / color-role rule,small Gather or pruned branch graph; no per-example label table,"arc-gen memorization, large ScatterND, large MatMul hash","mine teacher delta into submit-safe DSL, then lower to <=600"
232,signature_lookup_current,sparse_edit_or_object_completion,P0,29497,14.707956157758622,16283,15.302123102235779,9001_50000,large,49.16166666666667,117.988,3.8951141870252304,4.7705829243791325,3.300947242548073,4.176415979901975,0.5941669444771573,説明可能な decision tree / affine hash / color-role rule,small Gather or pruned branch graph; no per-example label table,"arc-gen memorization, large ScatterND, large MatMul hash","mine teacher delta into submit-safe DSL, then lower to <=600"
132,point_to_line_pattern,sparse_edit_or_object_completion,P1,29458,14.709279200950512,29458,14.709279200950512,9001_50000,large,49.096666666666664,117.832,3.89379114383334,4.769259881187242,3.89379114383334,4.769259881187242,0.0,seed-to-line / ray / periodic pattern with color roles,"constant affine masks, row-column masks, small Conv line detectors","per-cell ScatterND table, long Where chains over all periods",new DSL/DAG synthesis from task examples; teacher gives no cost help
178,signature_lookup_current,crop_or_resize,P0,29331,14.713599743826219,13497,15.489777282490717,9001_50000,large,48.885,117.324,3.889470600957633,4.764939338311535,3.1132930622931347,3.988761799647037,0.7761775386644985,説明可能な decision tree / affine hash / color-role rule,small Gather or pruned branch graph; no per-example label table,"arc-gen memorization, large ScatterND, large MatMul hash","mine teacher delta into submit-safe DSL, then lower to <=600"
57,signature_lookup_current,crop_or_resize,P0,29304,14.71452069554135,15459,15.354053363003667,9001_50000,large,48.84,117.216,3.8885496492425027,4.764018386596405,3.2490169817801853,4.124485719134087,0.6395326674623174,説明可能な decision tree / affine hash / color-role rule,small Gather or pruned branch graph; no per-example label table,"arc-gen memorization, large ScatterND, large MatMul hash","mine teacher delta into submit-safe DSL, then lower to <=600"
245,signature_lookup_current,sparse_edit_or_object_completion,P0,29015,14.724431783375291,8818,15.915449634082117,9001_50000,large,48.358333333333334,116.06,3.878638561408561,4.754107298762463,2.6876207107017347,3.5630894480556368,1.1910178507068263,説明可能な decision tree / affine hash / color-role rule,small Gather or pruned branch graph; no per-example label table,"arc-gen memorization, large ScatterND, large MatMul hash","mine teacher delta into submit-safe DSL, then lower to <=600"
271,signature_lookup_current,crop_or_resize,P0,28991,14.725259284025897,12732,15.548126211598017,9001_50000,large,48.318333333333335,115.964,3.8778110607579546,4.753279798111857,3.0549441331858347,3.9304128705397368,0.8228669275721199,説明可能な decision tree / affine hash / color-role rule,small Gather or pruned branch graph; no per-example label table,"arc-gen memorization, large ScatterND, large MatMul hash","mine teacher delta into submit-safe DSL, then lower to <=600"
343,signature_lookup_current,sparse_edit_or_object_completion,P0,28656,14.736881875699506,11099,15.68538970684802,9001_50000,large,47.76,114.624,3.8661884690843458,4.741657206438248,2.917680637935831,3.793149375289733,0.9485078311485147,説明可能な decision tree / affine hash / color-role rule,small Gather or pruned branch graph; no per-example label table,"arc-gen memorization, large ScatterND, large MatMul hash","mine teacher delta into submit-safe DSL, then lower to <=600"
75,signature_lookup_current,sparse_edit_or_object_completion,P0,28487,14.742796878157792,25851,14.839895436092123,9001_50000,large,47.47833333333333,113.948,3.86027346662606,4.735742203979962,3.763174908691729,4.638643646045631,0.09709855793433064,説明可能な decision tree / affine hash / color-role rule,small Gather or pruned branch graph; no per-example label table,"arc-gen memorization, large ScatterND, large MatMul hash","mine teacher delta into submit-safe DSL, then lower to <=600"
240,signature_lookup_current,sparse_edit_or_object_completion,P0,27847,14.765519480374964,21627,15.018302186927311,9001_50000,large,46.41166666666667,111.388,3.837550864408888,4.71301960176279,3.5847681578565407,4.460236895210443,0.25278270655234714,説明可能な decision tree / affine hash / color-role rule,small Gather or pruned branch graph; no per-example label table,"arc-gen memorization, large ScatterND, large MatMul hash","mine teacher delta into submit-safe DSL, then lower to <=600"
270,signature_lookup_current,sparse_edit_or_object_completion,P0,27301,14.785321389461183,9819,15.80792543683071,9001_50000,large,45.501666666666665,109.204,3.817748955322669,4.693217692676571,2.7951449079531425,3.6706136453070446,1.0226040473695264,説明可能な decision tree / affine hash / color-role rule,small Gather or pruned branch graph; no per-example label table,"arc-gen memorization, large ScatterND, large MatMul hash","mine teacher delta into submit-safe DSL, then lower to <=600"
96,crop_resize,crop_or_resize,P1,26948,14.79833563791945,26948,14.79833563791945,9001_50000,large,44.913333333333334,107.792,3.8047347068644015,4.680203444218304,3.8047347068644015,4.680203444218304,0.0,fixed crop / object-anchor crop / shape rule / bbox crop,"constant Slice/Gather, small Pad/Concat, static row-column indices","NonZero, Compress, full-grid GatherND bbox, full-grid Tile",new DSL/DAG synthesis from task examples; teacher gives no cost help
156,signature_lookup_current,sparse_edit_or_object_completion,P0,26552,14.81313964660019,9502,15.840742418253134,9001_50000,large,44.25333333333333,106.208,3.789930698183662,4.665399435537564,2.762327926530718,3.63779666388462,1.0276027716529441,説明可能な decision tree / affine hash / color-role rule,small Gather or pruned branch graph; no per-example label table,"arc-gen memorization, large ScatterND, large MatMul hash","mine teacher delta into submit-safe DSL, then lower to <=600"
55,region_partition_fill,same_shape_global_transform,P1,26370,14.820017720652668,26370,14.820017720652668,9001_50000,large,43.95,105.48,3.7830526241311837,4.658521361485086,3.7830526241311837,4.658521361485086,0.0,room/inside-outside/boundary partition rule,"static row-column prefix masks, small Conv kernels, bounded room mask","many-step flood fill, dilation unroll, dynamic full-grid colormap",new DSL/DAG synthesis from task examples; teacher gives no cost help
279,signature_lookup_current,sparse_edit_or_object_completion,P0,26330,14.821535747509644,20244,15.084386267666032,9001_50000,large,43.88333333333333,105.32,3.7815345972742076,4.65700333462811,3.51868407711782,4.394152814471722,0.26285052015638755,説明可能な decision tree / affine hash / color-role rule,small Gather or pruned branch graph; no per-example label table,"arc-gen memorization, large ScatterND, large MatMul hash","mine teacher delta into submit-safe DSL, then lower to <=600"
86,point_to_line_pattern,sparse_edit_or_object_completion,P1,25857,14.83966336368449,25857,14.83966336368449,9001_50000,large,43.095,103.428,3.7634069810993616,4.638875718453264,3.7634069810993616,4.638875718453264,0.0,seed-to-line / ray / periodic pattern with color roles,"constant affine masks, row-column masks, small Conv line detectors","per-cell ScatterND table, long Where chains over all periods",new DSL/DAG synthesis from task examples; teacher gives no cost help
310,signature_lookup_current,crop_or_resize,P0,25739,14.844237369643414,23395,14.939722396699683,9001_50000,large,42.89833333333333,102.956,3.7588329751404377,4.63430171249434,3.6633479480841693,4.538816685438071,0.09548502705626838,説明可能な decision tree / affine hash / color-role rule,small Gather or pruned branch graph; no per-example label table,"arc-gen memorization, large ScatterND, large MatMul hash","mine teacher delta into submit-safe DSL, then lower to <=600"
228,signature_lookup_current,sparse_edit_or_object_completion,P0,25086,14.86993479941538,5179,16.447632733576107,9001_50000,large,41.81,100.344,3.733135545368471,4.608604282722373,2.155437611207745,3.030906348561647,1.5776979341607262,説明可能な decision tree / affine hash / color-role rule,small Gather or pruned branch graph; no per-example label table,"arc-gen memorization, large ScatterND, large MatMul hash","mine teacher delta into submit-safe DSL, then lower to <=600"
289,crop_resize,crop_or_resize,P1,24972,14.874489523818365,24972,14.874489523818365,9001_50000,large,41.62,99.888,3.7285808209654867,4.604049558319389,3.7285808209654867,4.604049558319389,0.0,fixed crop / object-anchor crop / shape rule / bbox crop,"constant Slice/Gather, small Pad/Concat, static row-column indices","NonZero, Compress, full-grid GatherND bbox, full-grid Tile",new DSL/DAG synthesis from task examples; teacher gives no cost help
333,signature_lookup_current,sparse_edit_or_object_completion,P0,24893,14.877658081568091,5787,16.336630698426163,9001_50000,large,41.48833333333334,99.572,3.7254122632157607,4.600881000569663,2.2664396463576892,3.1419083837115913,1.4589726168580714,説明可能な decision tree / affine hash / color-role rule,small Gather or pruned branch graph; no per-example label table,"arc-gen memorization, large ScatterND, large MatMul hash","mine teacher delta into submit-safe DSL, then lower to <=600"
183,signature_lookup_current,crop_or_resize,P0,24878,14.87826084223009,17795,15.213327202055707,9001_50000,large,41.46333333333333,99.512,3.7248095025537626,4.600278239907665,3.389743142728145,4.265211880082047,0.3350663598256176,説明可能な decision tree / affine hash / color-role rule,small Gather or pruned branch graph; no per-example label table,"arc-gen memorization, large ScatterND, large MatMul hash","mine teacher delta into submit-safe DSL, then lower to <=600"
166,signature_lookup_current,sparse_edit_or_object_completion,P0,24789,14.881844714630706,11867,15.61848328233486,9001_50000,large,41.315,99.156,3.721225630153146,4.596694367507048,2.984587062448991,3.8600557998028933,0.7366385677041549,説明可能な decision tree / affine hash / color-role rule,small Gather or pruned branch graph; no per-example label table,"arc-gen memorization, large ScatterND, large MatMul hash","mine teacher delta into submit-safe DSL, then lower to <=600"
293,signature_lookup_current,sparse_edit_or_object_completion,P0,24771,14.882571106914462,4323,16.62829511533237,9001_50000,large,41.285,99.084,3.72049923786939,4.595967975223292,1.974775229451481,2.850243966805383,1.745724008417909,説明可能な decision tree / affine hash / color-role rule,small Gather or pruned branch graph; no per-example label table,"arc-gen memorization, large ScatterND, large MatMul hash","mine teacher delta into submit-safe DSL, then lower to <=600"
390,signature_lookup_current,sparse_edit_or_object_completion,P0,24692,14.885765416486214,16699,15.276895883627567,9001_50000,large,41.153333333333336,98.768,3.7173049282976383,4.59277366565154,3.3261744611562847,4.201643198510187,0.3911304671413536,説明可能な decision tree / affine hash / color-role rule,small Gather or pruned branch graph; no per-example label table,"arc-gen memorization, large ScatterND, large MatMul hash","mine teacher delta into submit-safe DSL, then lower to <=600"
189,signature_lookup_current,crop_or_resize,P0,24649,14.887508389303385,17571,15.225994905242109,9001_50000,large,41.08166666666666,98.596,3.7155619554804673,4.591030692834369,3.377075439541743,4.252544176895645,0.33848651593872425,説明可能な decision tree / affine hash / color-role rule,small Gather or pruned branch graph; no per-example label table,"arc-gen memorization, large ScatterND, large MatMul hash","mine teacher delta into submit-safe DSL, then lower to <=600"
163,signature_lookup_current,sparse_edit_or_object_completion,P0,24085,14.910655480935679,17092,15.253634203236084,9001_50000,large,40.141666666666666,96.34,3.692414863848173,4.567883601202075,3.349436141547768,4.22490487890167,0.3429787223004048,説明可能な decision tree / affine hash / color-role rule,small Gather or pruned branch graph; no per-example label table,"arc-gen memorization, large ScatterND, large MatMul hash","mine teacher delta into submit-safe DSL, then lower to <=600"
175,sparse_edit_or_object_completion,sparse_edit_or_object_completion,P1,23859,14.920083216374755,23859,14.920083216374755,9001_50000,large,39.765,95.436,3.6829871284090974,4.558455865762999,3.6829871284090974,4.558455865762999,0.0,changed-cell rule / component completion / object copy with sparse mask,"tiny coordinate ScatterND, small Conv kernels, Equal plus one Where","large coordinate initializer, repeated full-grid Where, unrolled local propagation",new DSL/DAG synthesis from task examples; teacher gives no cost help
169,signature_lookup_current,sparse_edit_or_object_completion,P0,23629,14.929769949800432,9787,15.81118974657418,9001_50000,large,39.38166666666667,94.516,3.6733003949834195,4.548769132337322,2.791880598209671,3.667349335563573,0.8814197967737485,説明可能な decision tree / affine hash / color-role rule,small Gather or pruned branch graph; no per-example label table,"arc-gen memorization, large ScatterND, large MatMul hash","mine teacher delta into submit-safe DSL, then lower to <=600"
82,signature_lookup_current,sparse_edit_or_object_completion,P0,23479,14.936138316402742,14420,15.42362858916106,9001_50000,large,39.13166666666667,93.916,3.66693202838111,4.542400765735012,3.1794417556227916,4.054910492976694,0.48749027275831835,説明可能な decision tree / affine hash / color-role rule,small Gather or pruned branch graph; no per-example label table,"arc-gen memorization, large ScatterND, large MatMul hash","mine teacher delta into submit-safe DSL, then lower to <=600"
376,crop_resize,crop_or_resize,P1,23413,14.938953297362508,23413,14.938953297362508,9001_50000,large,39.02166666666667,93.652,3.6641170474213443,4.539585784775246,3.6641170474213443,4.539585784775246,0.0,fixed crop / object-anchor crop / shape rule / bbox crop,"constant Slice/Gather, small Pad/Concat, static row-column indices","NonZero, Compress, full-grid GatherND bbox, full-grid Tile",new DSL/DAG synthesis from task examples; teacher gives no cost help
8,signature_lookup_current,sparse_edit_or_object_completion,P0,23289,14.94426357492621,10555,15.735645039717578,9001_50000,large,38.815,93.156,3.6588067698576427,4.534275507211545,2.8674253050662735,3.7428940424201755,0.7913814647913693,説明可能な decision tree / affine hash / color-role rule,small Gather or pruned branch graph; no per-example label table,"arc-gen memorization, large ScatterND, large MatMul hash","mine teacher delta into submit-safe DSL, then lower to <=600"
218,signature_lookup_current,crop_or_resize,P0,23202,14.948006239164648,12611,15.557675272044126,9001_50000,large,38.67,92.808,3.6550641056192035,4.5305328429731055,3.0453950727397263,3.9208638100936284,0.6096690328794772,説明可能な decision tree / affine hash / color-role rule,small Gather or pruned branch graph; no per-example label table,"arc-gen memorization, large ScatterND, large MatMul hash","mine teacher delta into submit-safe DSL, then lower to <=600"
287,signature_lookup_current,sparse_edit_or_object_completion,P0,22566,14.975800372301608,13779,15.469099027006097,9001_50000,large,37.61,90.264,3.627269972482244,4.502738709836146,3.133971317777755,4.009440055131657,0.4932986547044891,説明可能な decision tree / affine hash / color-role rule,small Gather or pruned branch graph; no per-example label table,"arc-gen memorization, large ScatterND, large MatMul hash","mine teacher delta into submit-safe DSL, then lower to <=600"
268,point_to_line_pattern,sparse_edit_or_object_completion,P1,22387,14.983764287772118,22387,14.983764287772118,9001_50000,large,37.31166666666667,89.548,3.619306057011734,4.494774794365636,3.619306057011734,4.494774794365636,0.0,seed-to-line / ray / periodic pattern with color roles,"constant affine masks, row-column masks, small Conv line detectors","per-cell ScatterND table, long Where chains over all periods",new DSL/DAG synthesis from task examples; teacher gives no cost help
247,signature_lookup_current,crop_or_resize,P0,22031,14.999794168587435,15339,15.361846116251892,9001_50000,large,36.718333333333334,88.124,3.6032761761964167,4.478744913550319,3.2412242285319603,4.116692965885862,0.36205194766445636,説明可能な decision tree / affine hash / color-role rule,small Gather or pruned branch graph; no per-example label table,"arc-gen memorization, large ScatterND, large MatMul hash","mine teacher delta into submit-safe DSL, then lower to <=600"
148,sparse_edit_or_object_completion,sparse_edit_or_object_completion,P1,22029,14.99988495388028,22029,14.99988495388028,9001_50000,large,36.715,88.116,3.6031853909035725,4.4786541282574746,3.6031853909035725,4.4786541282574746,0.0,changed-cell rule / component completion / object copy with sparse mask,"tiny coordinate ScatterND, small Conv kernels, Equal plus one Where","large coordinate initializer, repeated full-grid Where, unrolled local propagation",new DSL/DAG synthesis from task examples; teacher gives no cost help
74,sparse_edit_or_object_completion,sparse_edit_or_object_completion,P1,21825,15.009188619292196,21825,15.009188619292196,9001_50000,large,36.375,87.3,3.5938817254916557,4.469350462845558,3.5938817254916557,4.469350462845558,0.0,changed-cell rule / component completion / object copy with sparse mask,"tiny coordinate ScatterND, small Conv kernels, Equal plus one Where","large coordinate initializer, repeated full-grid Where, unrolled local propagation",new DSL/DAG synthesis from task examples; teacher gives no cost help
308,signature_lookup_current,crop_or_resize,P0,21799,15.010380623834585,21187,15.03885693497571,9001_50000,large,36.33166666666666,87.196,3.5926897209492665,4.468158458303169,3.5642134098081417,4.439682147162044,0.02847631114112481,説明可能な decision tree / affine hash / color-role rule,small Gather or pruned branch graph; no per-example label table,"arc-gen memorization, large ScatterND, large MatMul hash","mine teacher delta into submit-safe DSL, then lower to <=600"
23,signature_lookup_current,sparse_edit_or_object_completion,P0,21433,15.027312930662868,10875,15.705778144043116,9001_50000,large,35.721666666666664,85.732,3.575757414120984,4.451226151474886,2.8972922007407362,3.7727609380946383,0.6784652133802478,説明可能な decision tree / affine hash / color-role rule,small Gather or pruned branch graph; no per-example label table,"arc-gen memorization, large ScatterND, large MatMul hash","mine teacher delta into submit-safe DSL, then lower to <=600"
66,signature_lookup_current,sparse_edit_or_object_completion,P0,21408,15.028480037072045,10875,15.705778144043116,9001_50000,large,35.68,85.632,3.574590307711807,4.450059045065709,2.8972922007407362,3.7727609380946383,0.6772981069710706,説明可能な decision tree / affine hash / color-role rule,small Gather or pruned branch graph; no per-example label table,"arc-gen memorization, large ScatterND, large MatMul hash","mine teacher delta into submit-safe DSL, then lower to <=600"
79,signature_lookup_current,crop_or_resize,P0,21383,15.029648507210364,12835,15.54006890669476,9001_50000,large,35.638333333333335,85.532,3.5734218375734876,4.44889057492739,3.063001438089092,3.938470175442994,0.5104203994843957,説明可能な decision tree / affine hash / color-role rule,small Gather or pruned branch graph; no per-example label table,"arc-gen memorization, large ScatterND, large MatMul hash","mine teacher delta into submit-safe DSL, then lower to <=600"
371,signature_lookup_current,sparse_edit_or_object_completion,P0,21181,15.039140167606002,4923,16.498326620241798,9001_50000,large,35.30166666666667,84.724,3.56393017717785,4.439398914531752,2.104743724542054,2.980212461895956,1.4591864526357963,説明可能な decision tree / affine hash / color-role rule,small Gather or pruned branch graph; no per-example label table,"arc-gen memorization, large ScatterND, large MatMul hash","mine teacher delta into submit-safe DSL, then lower to <=600"
256,signature_lookup_current,sparse_edit_or_object_completion,P0,21123,15.041882226812756,19067,15.144285628935556,9001_50000,large,35.205,84.492,3.5611881179710956,4.436656855324998,3.458784715848296,4.334253453202198,0.10240340212279975,説明可能な decision tree / affine hash / color-role rule,small Gather or pruned branch graph; no per-example label table,"arc-gen memorization, large ScatterND, large MatMul hash","mine teacher delta into submit-safe DSL, then lower to <=600"
397,signature_lookup_current,sparse_edit_or_object_completion,P0,21041,15.045771805760689,10235,15.76643150190461,9001_50000,large,35.068333333333335,84.164,3.5572985390231633,4.432767276377065,2.8366388428792426,3.7121075802331447,0.7206596961439207,説明可能な decision tree / affine hash / color-role rule,small Gather or pruned branch graph; no per-example label table,"arc-gen memorization, large ScatterND, large MatMul hash","mine teacher delta into submit-safe DSL, then lower to <=600"
168,signature_lookup_current,sparse_edit_or_object_completion,P0,20403,15.076562772156251,5659,16.35899752285748,9001_50000,large,34.005,81.612,3.526507572627601,4.401976309981503,2.2440728219263733,3.1195415592802753,1.2824347507012277,説明可能な decision tree / affine hash / color-role rule,small Gather or pruned branch graph; no per-example label table,"arc-gen memorization, large ScatterND, large MatMul hash","mine teacher delta into submit-safe DSL, then lower to <=600"
59,signature_lookup_current,sparse_edit_or_object_completion,P0,20387,15.077347278202861,19163,15.139263384531505,9001_50000,large,33.97833333333333,81.548,3.5257230665809907,4.401191803934893,3.463806960252347,4.339275697606249,0.06191610632864375,説明可能な decision tree / affine hash / color-role rule,small Gather or pruned branch graph; no per-example label table,"arc-gen memorization, large ScatterND, large MatMul hash","mine teacher delta into submit-safe DSL, then lower to <=600"
242,signature_lookup_current,crop_or_resize,P0,20119,15.090580078810763,12611,15.557675272044126,9001_50000,large,33.531666666666666,80.476,3.5124902659730886,4.387959003326991,3.0453950727397263,3.9208638100936284,0.46709519323336224,説明可能な decision tree / affine hash / color-role rule,small Gather or pruned branch graph; no per-example label table,"arc-gen memorization, large ScatterND, large MatMul hash","mine teacher delta into submit-safe DSL, then lower to <=600"
350,sparse_edit_or_object_completion,sparse_edit_or_object_completion,P1,19831,15.10499835111417,19831,15.10499835111417,9001_50000,large,33.05166666666667,79.324,3.498071993669681,4.373540731023583,3.498071993669681,4.373540731023583,0.0,changed-cell rule / component completion / object copy with sparse mask,"tiny coordinate ScatterND, small Conv kernels, Equal plus one Where","large coordinate initializer, repeated full-grid Where, unrolled local propagation",new DSL/DAG synthesis from task examples; teacher gives no cost help
84,signature_lookup_current,sparse_edit_or_object_completion,P0,19513,15.121163810905001,17595,15.224629950244314,9001_50000,large,32.52166666666667,78.052,3.481906533878851,4.357375271232753,3.3784403945395383,4.25390913189344,0.10346613933931259,説明可能な decision tree / affine hash / color-role rule,small Gather or pruned branch graph; no per-example label table,"arc-gen memorization, large ScatterND, large MatMul hash","mine teacher delta into submit-safe DSL, then lower to <=600"
143,signature_lookup_current,sparse_edit_or_object_completion,P0,19441,15.12486048297936,3803,16.75645449207174,9001_50000,large,32.401666666666664,77.764,3.4782098618044923,4.353678599158394,1.8466158527121124,2.7220845900660144,1.63159400909238,説明可能な decision tree / affine hash / color-role rule,small Gather or pruned branch graph; no per-example label table,"arc-gen memorization, large ScatterND, large MatMul hash","mine teacher delta into submit-safe DSL, then lower to <=600"
61,region_partition_fill,sparse_edit_or_object_completion,P1,18914,15.152342332424542,18914,15.152342332424542,9001_50000,large,31.523333333333333,75.656,3.45072801235931,4.326196749713212,3.45072801235931,4.326196749713212,0.0,room/inside-outside/boundary partition rule,"static row-column prefix masks, small Conv kernels, bounded room mask","many-step flood fill, dilation unroll, dynamic full-grid colormap",new DSL/DAG synthesis from task examples; teacher gives no cost help
341,signature_lookup_current,sparse_edit_or_object_completion,P0,18865,15.15493636760159,9787,15.81118974657418,9001_50000,large,31.441666666666666,75.46,3.4481339771822626,4.323602714536165,2.791880598209671,3.667349335563573,0.6562533789725915,説明可能な decision tree / affine hash / color-role rule,small Gather or pruned branch graph; no per-example label table,"arc-gen memorization, large ScatterND, large MatMul hash","mine teacher delta into submit-safe DSL, then lower to <=600"
31,crop_resize,crop_or_resize,P1,18616,15.168223295017873,18616,15.168223295017873,9001_50000,large,31.026666666666667,74.464,3.4348470497659793,4.310315787119881,3.4348470497659793,4.310315787119881,0.0,fixed crop / object-anchor crop / shape rule / bbox crop,"constant Slice/Gather, small Pad/Concat, static row-column indices","NonZero, Compress, full-grid GatherND bbox, full-grid Tile",new DSL/DAG synthesis from task examples; teacher gives no cost help
117,signature_lookup_current,sparse_edit_or_object_completion,P0,18454,15.1769635718615,14075,15.447844546992108,9001_50000,large,30.756666666666668,73.816,3.4261067729223527,4.301575510276255,3.1552257977917435,4.030694535145646,0.27088097513060916,説明可能な decision tree / affine hash / color-role rule,small Gather or pruned branch graph; no per-example label table,"arc-gen memorization, large ScatterND, large MatMul hash","mine teacher delta into submit-safe DSL, then lower to <=600"
319,signature_lookup_current,crop_or_resize,P0,18368,15.181634700880707,16583,15.283866646785901,9001_50000,large,30.613333333333333,73.472,3.421435643903145,4.296904381257047,3.319203697997951,4.194672435351853,0.10223194590519391,説明可能な decision tree / affine hash / color-role rule,small Gather or pruned branch graph; no per-example label table,"arc-gen memorization, large ScatterND, large MatMul hash","mine teacher delta into submit-safe DSL, then lower to <=600"
217,signature_lookup_current,sparse_edit_or_object_completion,P0,17924,15.206104124093967,12475,15.568518079380281,9001_50000,large,29.873333333333335,71.696,3.396966220689885,4.272434958043787,3.034552265403571,3.910021002757473,0.36241395528631415,説明可能な decision tree / affine hash / color-role rule,small Gather or pruned branch graph; no per-example label table,"arc-gen memorization, large ScatterND, large MatMul hash","mine teacher delta into submit-safe DSL, then lower to <=600"
354,sparse_edit_or_object_completion,sparse_edit_or_object_completion,P1,17007,15.258619697007587,17007,15.258619697007587,9001_50000,large,28.345,68.028,3.3444506477762648,4.219919385130167,3.3444506477762648,4.219919385130167,0.0,changed-cell rule / component completion / object copy with sparse mask,"tiny coordinate ScatterND, small Conv kernels, Equal plus one Where","large coordinate initializer, repeated full-grid Where, unrolled local propagation",new DSL/DAG synthesis from task examples; teacher gives no cost help
119,signature_lookup_current,sparse_edit_or_object_completion,P0,16640,15.280435285624801,6619,16.202300419881077,9001_50000,large,27.733333333333334,66.56,3.322635059159051,4.198103796512953,2.400769924902775,3.2762386622566773,0.9218651342562758,説明可能な decision tree / affine hash / color-role rule,small Gather or pruned branch graph; no per-example label table,"arc-gen memorization, large ScatterND, large MatMul hash","mine teacher delta into submit-safe DSL, then lower to <=600"
199,point_to_line_pattern,sparse_edit_or_object_completion,P1,16157,15.30989132872317,16157,15.30989132872317,9001_50000,large,26.928333333333335,64.628,3.293179016060682,4.168647753414584,3.293179016060682,4.168647753414584,0.0,seed-to-line / ray / periodic pattern with color roles,"constant affine masks, row-column masks, small Conv line detectors","per-cell ScatterND table, long Where chains over all periods",new DSL/DAG synthesis from task examples; teacher gives no cost help
58,point_to_line_pattern,same_shape_global_transform,P1,16105,15.313114938234701,16105,15.313114938234701,9001_50000,large,26.841666666666665,64.42,3.2899554065491508,4.165424143903053,3.2899554065491508,4.165424143903053,0.0,seed-to-line / ray / periodic pattern with color roles,"constant affine masks, row-column masks, small Conv line detectors","per-cell ScatterND table, long Where chains over all periods",new DSL/DAG synthesis from task examples; teacher gives no cost help
130,signature_lookup_current,crop_or_resize,P0,15948,15.322911291498754,12490,15.567316396880377,9001_50000,large,26.58,63.792,3.2801590532850984,4.1556277906390005,3.0357539479034745,3.9112226852573766,0.24440510538162386,説明可能な decision tree / affine hash / color-role rule,small Gather or pruned branch graph; no per-example label table,"arc-gen memorization, large ScatterND, large MatMul hash","mine teacher delta into submit-safe DSL, then lower to <=600"
361,signature_lookup_current,sparse_edit_or_object_completion,P0,15917,15.324857000570146,8315,15.974183608372972,9001_50000,large,26.528333333333332,63.668,3.2782133442137056,4.153682081567608,2.6288867364108803,3.5043554737647824,0.6493266078028253,説明可能な decision tree / affine hash / color-role rule,small Gather or pruned branch graph; no per-example label table,"arc-gen memorization, large ScatterND, large MatMul hash","mine teacher delta into submit-safe DSL, then lower to <=600"
141,signature_lookup_current,sparse_edit_or_object_completion,P0,15819,15.33103297180142,14107,15.445573592925498,9001_50000,large,26.365,63.276,3.2720373729824317,4.147506110336334,3.1574967518583534,4.0329654892122555,0.11454062112407826,説明可能な decision tree / affine hash / color-role rule,small Gather or pruned branch graph; no per-example label table,"arc-gen memorization, large ScatterND, large MatMul hash","mine teacher delta into submit-safe DSL, then lower to <=600"
374,signature_lookup_current,sparse_edit_or_object_completion,P0,15742,15.335912421297605,11254,15.671521100006776,9001_50000,large,26.236666666666668,62.968,3.2671579234862467,4.142626660840149,2.9315492447770755,3.8070179821309775,0.3356086787091712,説明可能な decision tree / affine hash / color-role rule,small Gather or pruned branch graph; no per-example label table,"arc-gen memorization, large ScatterND, large MatMul hash","mine teacher delta into submit-safe DSL, then lower to <=600"
93,signature_lookup_current,sparse_edit_or_object_completion,P0,15458,15.354118052333183,12539,15.563400933809461,9001_50000,large,25.763333333333332,61.832,3.248952292450669,4.124421029804571,3.0396694109743905,3.9151381483282925,0.2092828814762786,説明可能な decision tree / affine hash / color-role rule,small Gather or pruned branch graph; no per-example label table,"arc-gen memorization, large ScatterND, large MatMul hash","mine teacher delta into submit-safe DSL, then lower to <=600"
35,signature_lookup_current,sparse_edit_or_object_completion,P0,15363,15.36028269986934,5339,16.417206351499814,9001_50000,large,25.605,61.452,3.2427876449145128,4.118256382268415,2.1858639932840376,3.0613327306379396,1.0569236516304752,説明可能な decision tree / affine hash / color-role rule,small Gather or pruned branch graph; no per-example label table,"arc-gen memorization, large ScatterND, large MatMul hash","mine teacher delta into submit-safe DSL, then lower to <=600"
375,signature_lookup_current,sparse_edit_or_object_completion,P0,15172,15.372793097191211,13531,15.487261371736356,9001_50000,large,25.286666666666665,60.688,3.2302772475926407,4.105745984946543,3.1158089730474963,3.9912777104013983,0.11446827454514441,説明可能な decision tree / affine hash / color-role rule,small Gather or pruned branch graph; no per-example label table,"arc-gen memorization, large ScatterND, large MatMul hash","mine teacher delta into submit-safe DSL, then lower to <=600"
298,region_partition_fill,sparse_edit_or_object_completion,P1,14948,15.387667209394625,14948,15.387667209394625,9001_50000,large,24.913333333333334,59.792,3.215403135389227,4.090871872743129,3.215403135389227,4.090871872743129,0.0,room/inside-outside/boundary partition rule,"static row-column prefix masks, small Conv kernels, bounded room mask","many-step flood fill, dilation unroll, dynamic full-grid colormap",new DSL/DAG synthesis from task examples; teacher gives no cost help
277,sparse_edit_or_object_completion,sparse_edit_or_object_completion,P1,14617,15.410059486110708,14617,15.410059486110708,9001_50000,large,24.361666666666668,58.468,3.1930108586731443,4.068479596027046,3.1930108586731443,4.068479596027046,0.0,changed-cell rule / component completion / object copy with sparse mask,"tiny coordinate ScatterND, small Conv kernels, Equal plus one Where","large coordinate initializer, repeated full-grid Where, unrolled local propagation",new DSL/DAG synthesis from task examples; teacher gives no cost help
304,crop_resize,crop_or_resize,P1,14494,15.418509950330773,14494,15.418509950330773,9001_50000,large,24.156666666666666,57.976,3.1845603944530794,4.060029131806981,3.1845603944530794,4.060029131806981,0.0,fixed crop / object-anchor crop / shape rule / bbox crop,"constant Slice/Gather, small Pad/Concat, static row-column indices","NonZero, Compress, full-grid GatherND bbox, full-grid Tile",new DSL/DAG synthesis from task examples; teacher gives no cost help
237,signature_lookup_current,sparse_edit_or_object_completion,P0,14324,15.430308268881676,8729,15.92559390526465,9001_50000,large,23.873333333333335,57.296,3.1727620759021757,4.048230813256078,2.677476439519202,3.552945176873104,0.49528563638297385,説明可能な decision tree / affine hash / color-role rule,small Gather or pruned branch graph; no per-example label table,"arc-gen memorization, large ScatterND, large MatMul hash","mine teacher delta into submit-safe DSL, then lower to <=600"
195,crop_resize,crop_or_resize,P1,14229,15.436962585454308,14229,15.436962585454308,9001_50000,large,23.715,56.916,3.1661077593295435,4.0415764966834455,3.1661077593295435,4.0415764966834455,0.0,fixed crop / object-anchor crop / shape rule / bbox crop,"constant Slice/Gather, small Pad/Concat, static row-column indices","NonZero, Compress, full-grid GatherND bbox, full-grid Tile",new DSL/DAG synthesis from task examples; teacher gives no cost help
125,region_partition_fill,sparse_edit_or_object_completion,P1,13417,15.495722161409528,13417,15.495722161409528,9001_50000,large,22.361666666666668,53.668,3.1073481833743237,3.982816920728226,3.1073481833743237,3.982816920728226,0.0,room/inside-outside/boundary partition rule,"static row-column prefix masks, small Conv kernels, bounded room mask","many-step flood fill, dilation unroll, dynamic full-grid colormap",new DSL/DAG synthesis from task examples; teacher gives no cost help
246,signature_lookup_current,sparse_edit_or_object_completion,P0,13391,15.497661881504435,9755,15.814464746942788,9001_50000,large,22.31833333333333,53.564,3.105408463279417,3.9808772006333193,2.788605597841064,3.6640743351949663,0.316802865438353,説明可能な decision tree / affine hash / color-role rule,small Gather or pruned branch graph; no per-example label table,"arc-gen memorization, large ScatterND, large MatMul hash","mine teacher delta into submit-safe DSL, then lower to <=600"
12,signature_lookup_current,sparse_edit_or_object_completion,P0,12639,15.555457449352874,11213,15.675170901539119,9001_50000,large,21.065,50.556,3.0476128954309782,3.9230816327848803,2.9278994432447334,3.8033681805986355,0.11971345218624485,説明可能な decision tree / affine hash / color-role rule,small Gather or pruned branch graph; no per-example label table,"arc-gen memorization, large ScatterND, large MatMul hash","mine teacher delta into submit-safe DSL, then lower to <=600"
102,signature_lookup_current,sparse_edit_or_object_completion,P0,12607,15.55799250576873,10233,15.766626928913245,9001_50000,large,21.011666666666667,50.428,3.0450778390151214,3.9205465763690235,2.8364434158706064,3.7119121532245085,0.20863442314451497,説明可能な decision tree / affine hash / color-role rule,small Gather or pruned branch graph; no per-example label table,"arc-gen memorization, large ScatterND, large MatMul hash","mine teacher delta into submit-safe DSL, then lower to <=600"
68,sparse_edit_or_object_completion,sparse_edit_or_object_completion,P1,12589,15.55942130423374,12589,15.55942130423374,9001_50000,large,20.981666666666666,50.356,3.043649040550111,3.919117777904013,3.043649040550111,3.919117777904013,0.0,changed-cell rule / component completion / object copy with sparse mask,"tiny coordinate ScatterND, small Conv kernels, Equal plus one Where","large coordinate initializer, repeated full-grid Where, unrolled local propagation",new DSL/DAG synthesis from task examples; teacher gives no cost help
260,sparse_edit_or_object_completion,sparse_edit_or_object_completion,P1,12474,15.568598242913932,12474,15.568598242913932,9001_50000,large,20.79,49.896,3.0344721018699197,3.9099408392238217,3.0344721018699197,3.9099408392238217,0.0,changed-cell rule / component completion / object copy with sparse mask,"tiny coordinate ScatterND, small Conv kernels, Equal plus one Where","large coordinate initializer, repeated full-grid Where, unrolled local propagation",new DSL/DAG synthesis from task examples; teacher gives no cost help
134,crop_resize,crop_or_resize,P1,12388,15.575516458906906,12388,15.575516458906906,9001_50000,large,20.64666666666667,49.552,3.027553885876946,3.9030226232308483,3.027553885876946,3.9030226232308483,0.0,fixed crop / object-anchor crop / shape rule / bbox crop,"constant Slice/Gather, small Pad/Concat, static row-column indices","NonZero, Compress, full-grid GatherND bbox, full-grid Tile",new DSL/DAG synthesis from task examples; teacher gives no cost help
295,crop_resize,crop_or_resize,P1,12190,15.591628777524683,12190,15.591628777524683,9001_50000,large,20.316666666666666,48.76,3.011441567259169,3.886910304613071,3.011441567259169,3.886910304613071,0.0,fixed crop / object-anchor crop / shape rule / bbox crop,"constant Slice/Gather, small Pad/Concat, static row-column indices","NonZero, Compress, full-grid GatherND bbox, full-grid Tile",new DSL/DAG synthesis from task examples; teacher gives no cost help
342,signature_lookup_current,sparse_edit_or_object_completion,P0,12153,15.5946686681292,5627,16.364668280566722,9001_50000,large,20.255,48.612,3.0084016766546515,3.8838704140085536,2.23840206421713,3.113870801571032,0.7699996124375215,説明可能な decision tree / affine hash / color-role rule,small Gather or pruned branch graph; no per-example label table,"arc-gen memorization, large ScatterND, large MatMul hash","mine teacher delta into submit-safe DSL, then lower to <=600"
250,signature_lookup_current,sparse_edit_or_object_completion,P0,12141,15.595656566456025,8969,15.898470533881996,9001_50000,large,20.235,48.564,3.0074137783278267,3.882882515681729,2.704599810901856,3.580068548255758,0.3028139674259709,説明可能な decision tree / affine hash / color-role rule,small Gather or pruned branch graph; no per-example label table,"arc-gen memorization, large ScatterND, large MatMul hash","mine teacher delta into submit-safe DSL, then lower to <=600"
30,sparse_edit_or_object_completion,sparse_edit_or_object_completion,P1,11998,15.607504751786962,11998,15.607504751786962,9001_50000,medium,19.996666666666666,47.992,2.99556559299689,3.871034330350792,2.99556559299689,3.871034330350792,0.0,changed-cell rule / component completion / object copy with sparse mask,"tiny coordinate ScatterND, small Conv kernels, Equal plus one Where","large coordinate initializer, repeated full-grid Where, unrolled local propagation",new DSL/DAG synthesis from task examples; teacher gives no cost help
362,region_partition_fill,sparse_edit_or_object_completion,P1,11939,15.612434368654611,11939,15.612434368654611,9001_50000,medium,19.898333333333333,47.756,2.9906359761292407,3.8661047134831428,2.9906359761292407,3.8661047134831428,0.0,room/inside-outside/boundary partition rule,"static row-column prefix masks, small Conv kernels, bounded room mask","many-step flood fill, dilation unroll, dynamic full-grid colormap",new DSL/DAG synthesis from task examples; teacher gives no cost help
355,signature_lookup_current,crop_or_resize,P0,11795,15.624569008158225,11622,15.639344867364949,9001_50000,medium,19.658333333333335,47.18,2.9785013366256265,3.8539700739795286,2.963725477418903,3.839194214772805,0.014775859206723752,説明可能な decision tree / affine hash / color-role rule,small Gather or pruned branch graph; no per-example label table,"arc-gen memorization, large ScatterND, large MatMul hash","mine teacher delta into submit-safe DSL, then lower to <=600"
41,signature_lookup_current,sparse_edit_or_object_completion,P0,11769,15.626775765122337,9243,15.868378212735223,9001_50000,medium,19.615,47.076,2.9762945796615146,3.8517633170154166,2.734692132048629,3.610160869402531,0.24160244761288574,説明可能な decision tree / affine hash / color-role rule,small Gather or pruned branch graph; no per-example label table,"arc-gen memorization, large ScatterND, large MatMul hash","mine teacher delta into submit-safe DSL, then lower to <=600"
345,point_to_line_pattern,sparse_edit_or_object_completion,P1,11716,15.631289292052376,11716,15.631289292052376,9001_50000,medium,19.526666666666667,46.864,2.971781052731476,3.847249790085378,2.971781052731476,3.847249790085378,0.0,seed-to-line / ray / periodic pattern with color roles,"constant affine masks, row-column masks, small Conv line detectors","per-cell ScatterND table, long Where chains over all periods",new DSL/DAG synthesis from task examples; teacher gives no cost help
290,crop_resize,crop_or_resize,P1,11708,15.631972352188223,11708,15.631972352188223,9001_50000,medium,19.513333333333332,46.832,2.971097992595629,3.846566729949531,2.971097992595629,3.846566729949531,0.0,fixed crop / object-anchor crop / shape rule / bbox crop,"constant Slice/Gather, small Pad/Concat, static row-column indices","NonZero, Compress, full-grid GatherND bbox, full-grid Tile",new DSL/DAG synthesis from task examples; teacher gives no cost help
124,crop_resize,crop_or_resize,P1,11673,15.634966238347337,11673,15.634966238347337,9001_50000,medium,19.455,46.692,2.968104106436515,3.843572843790417,2.968104106436515,3.843572843790417,0.0,fixed crop / object-anchor crop / shape rule / bbox crop,"constant Slice/Gather, small Pad/Concat, static row-column indices","NonZero, Compress, full-grid GatherND bbox, full-grid Tile",new DSL/DAG synthesis from task examples; teacher gives no cost help
78,sparse_edit_or_object_completion,sparse_edit_or_object_completion,P1,11496,15.65024557224114,11496,15.65024557224114,9001_50000,medium,19.16,45.984,2.952824772542712,3.828293509896614,2.952824772542712,3.828293509896614,0.0,changed-cell rule / component completion / object copy with sparse mask,"tiny coordinate ScatterND, small Conv kernels, Equal plus one Where","large coordinate initializer, repeated full-grid Where, unrolled local propagation",new DSL/DAG synthesis from task examples; teacher gives no cost help
153,crop_resize,crop_or_resize,P1,11212,15.675260087715321,11212,15.675260087715321,9001_50000,medium,18.686666666666667,44.848,2.927810257068531,3.803278994422433,2.927810257068531,3.803278994422433,0.0,fixed crop / object-anchor crop / shape rule / bbox crop,"constant Slice/Gather, small Pad/Concat, static row-column indices","NonZero, Compress, full-grid GatherND bbox, full-grid Tile",new DSL/DAG synthesis from task examples; teacher gives no cost help
190,signature_lookup_current,sparse_edit_or_object_completion,P0,11204,15.675973863620001,5851,16.325632134211766,9001_50000,medium,18.673333333333332,44.816,2.9270964811638507,3.8025652185177528,2.277438210572086,3.152906947925988,0.6496582705917646,説明可能な decision tree / affine hash / color-role rule,small Gather or pruned branch graph; no per-example label table,"arc-gen memorization, large ScatterND, large MatMul hash","mine teacher delta into submit-safe DSL, then lower to <=600"
360,crop_resize,crop_or_resize,P1,11146,15.681164031870518,11146,15.681164031870518,9001_50000,medium,18.576666666666668,44.584,2.9219063129133342,3.7973750502672363,2.9219063129133342,3.7973750502672363,0.0,fixed crop / object-anchor crop / shape rule / bbox crop,"constant Slice/Gather, small Pad/Concat, static row-column indices","NonZero, Compress, full-grid GatherND bbox, full-grid Tile",new DSL/DAG synthesis from task examples; teacher gives no cost help
225,signature_lookup_current,sparse_edit_or_object_completion,P0,11078,15.68728356140695,9371,15.854624906876177,9001_50000,medium,18.463333333333335,44.312,2.915786783376902,3.791255520730804,2.748445437907675,3.623914175261577,0.16734134546922697,説明可能な decision tree / affine hash / color-role rule,small Gather or pruned branch graph; no per-example label table,"arc-gen memorization, large ScatterND, large MatMul hash","mine teacher delta into submit-safe DSL, then lower to <=600"
188,crop_resize,crop_or_resize,P1,10664,15.725371138141455,10664,15.725371138141455,9001_50000,medium,17.773333333333333,42.656,2.877699206642397,3.7531679439962993,2.877699206642397,3.7531679439962993,0.0,fixed crop / object-anchor crop / shape rule / bbox crop,"constant Slice/Gather, small Pad/Concat, static row-column indices","NonZero, Compress, full-grid GatherND bbox, full-grid Tile",new DSL/DAG synthesis from task examples; teacher gives no cost help
94,region_partition_fill,sparse_edit_or_object_completion,P1,10453,15.745355702467293,10453,15.745355702467293,9001_50000,medium,17.421666666666667,41.812,2.8577146423165587,3.7331833796704608,2.8577146423165587,3.7331833796704608,0.0,room/inside-outside/boundary partition rule,"static row-column prefix masks, small Conv kernels, bounded room mask","many-step flood fill, dilation unroll, dynamic full-grid colormap",new DSL/DAG synthesis from task examples; teacher gives no cost help
329,sparse_edit_or_object_completion,sparse_edit_or_object_completion,P1,10260,15.76399188127524,10260,15.76399188127524,9001_50000,medium,17.1,41.04,2.8390784635086117,3.7145472008625138,2.8390784635086117,3.7145472008625138,0.0,changed-cell rule / component completion / object copy with sparse mask,"tiny coordinate ScatterND, small Conv kernels, Equal plus one Where","large coordinate initializer, repeated full-grid Where, unrolled local propagation",new DSL/DAG synthesis from task examples; teacher gives no cost help
391,crop_resize,crop_or_resize,P1,10021,15.787561829941671,10021,15.787561829941671,9001_50000,medium,16.701666666666668,40.084,2.815508514842181,3.690977252196083,2.815508514842181,3.690977252196083,0.0,fixed crop / object-anchor crop / shape rule / bbox crop,"constant Slice/Gather, small Pad/Concat, static row-column indices","NonZero, Compress, full-grid GatherND bbox, full-grid Tile",new DSL/DAG synthesis from task examples; teacher gives no cost help
312,sparse_edit_or_object_completion,sparse_edit_or_object_completion,P1,9979,15.791761836115688,9979,15.791761836115688,9001_50000,medium,16.631666666666668,39.916,2.811308508668164,3.686777246022066,2.811308508668164,3.686777246022066,0.0,changed-cell rule / component completion / object copy with sparse mask,"tiny coordinate ScatterND, small Conv kernels, Equal plus one Where","large coordinate initializer, repeated full-grid Where, unrolled local propagation",new DSL/DAG synthesis from task examples; teacher gives no cost help
212,line_grid_fill,sparse_edit_or_object_completion,P1,9969,15.792764442977296,9969,15.792764442977296,9001_50000,medium,16.615,39.876,2.810305901806556,3.685774639160458,2.810305901806556,3.685774639160458,0.0,row-column completion / line extension / grid crossing rule,"ReduceSum row-column masks, small Conv kernels, constant masks plus Where","full-grid Tile, long Where chain, per-cell ScatterND",new DSL/DAG synthesis from task examples; teacher gives no cost help
315,crop_resize,crop_or_resize,P1,9557,15.83497085073382,9557,15.83497085073382,9001_50000,medium,15.928333333333333,38.228,2.7680994940500323,3.6435682314039344,2.7680994940500323,3.6435682314039344,0.0,fixed crop / object-anchor crop / shape rule / bbox crop,"constant Slice/Gather, small Pad/Concat, static row-column indices","NonZero, Compress, full-grid GatherND bbox, full-grid Tile",new DSL/DAG synthesis from task examples; teacher gives no cost help
50,signature_lookup_current,sparse_edit_or_object_completion,P0,9475,15.843587970049374,9146,15.878928095782,9001_50000,medium,15.791666666666666,37.9,2.7594823747344783,3.6349511120883804,2.7241422490018525,3.5996109863557546,0.03534012573262579,説明可能な decision tree / affine hash / color-role rule,small Gather or pruned branch graph; no per-example label table,"arc-gen memorization, large ScatterND, large MatMul hash","mine teacher delta into submit-safe DSL, then lower to <=600"
346,crop_resize,crop_or_resize,P1,9178,15.875435405045222,9178,15.875435405045222,9001_50000,medium,15.296666666666667,36.712,2.72763493973863,3.603103677092532,2.72763493973863,3.603103677092532,0.0,fixed crop / object-anchor crop / shape rule / bbox crop,"constant Slice/Gather, small Pad/Concat, static row-column indices","NonZero, Compress, full-grid GatherND bbox, full-grid Tile",new DSL/DAG synthesis from task examples; teacher gives no cost help
297,line_grid_fill,sparse_edit_or_object_completion,P1,9172,15.876089356022204,9172,15.876089356022204,9001_50000,medium,15.286666666666667,36.688,2.726980988761648,3.60244972611555,2.726980988761648,3.60244972611555,0.0,row-column completion / line extension / grid crossing rule,"ReduceSum row-column masks, small Conv kernels, constant masks plus Where","full-grid Tile, long Where chain, per-cell ScatterND",new DSL/DAG synthesis from task examples; teacher gives no cost help
3,crop_resize,crop_or_resize,P1,9102,15.883750551423413,9102,15.883750551423413,9001_50000,medium,15.17,36.408,2.719319793360439,3.5947885307143412,2.719319793360439,3.5947885307143412,0.0,fixed crop / object-anchor crop / shape rule / bbox crop,"constant Slice/Gather, small Pad/Concat, static row-column indices","NonZero, Compress, full-grid GatherND bbox, full-grid Tile",new DSL/DAG synthesis from task examples; teacher gives no cost help
24,point_to_line_pattern,sparse_edit_or_object_completion,P1,9080,15.88617052840466,9080,15.88617052840466,9001_50000,medium,15.133333333333333,36.32,2.7168998163791915,3.5923685537330936,2.7168998163791915,3.5923685537330936,0.0,seed-to-line / ray / periodic pattern with color roles,"constant affine masks, row-column masks, small Conv line detectors","per-cell ScatterND table, long Where chains over all periods",new DSL/DAG synthesis from task examples; teacher gives no cost help
249,crop_resize,crop_or_resize,P1,8999,15.895131260966052,8999,15.895131260966052,601_9000,medium,14.998333333333333,35.996,2.7079390838178004,3.5834078211717024,2.7079390838178004,3.5834078211717024,0.0,fixed crop / object-anchor crop / shape rule / bbox crop,"constant Slice/Gather, small Pad/Concat, static row-column indices","NonZero, Compress, full-grid GatherND bbox, full-grid Tile",new DSL/DAG synthesis from task examples; teacher gives no cost help
332,signature_lookup_current,sparse_edit_or_object_completion,P0,8990,15.896131872534333,5899,16.317461875996926,601_9000,medium,14.983333333333333,35.96,2.7069384722495187,3.5824072096034207,2.2856084687869256,3.1610772061408277,0.4213300034625931,説明可能な decision tree / affine hash / color-role rule,small Gather or pruned branch graph; no per-example label table,"arc-gen memorization, large ScatterND, large MatMul hash","mine teacher delta into submit-safe DSL, then lower to <=600"
28,point_to_line_pattern,sparse_edit_or_object_completion,P1,8990,15.896131872534333,8990,15.896131872534333,601_9000,medium,14.983333333333333,35.96,2.7069384722495187,3.5824072096034207,2.7069384722495187,3.5824072096034207,0.0,seed-to-line / ray / periodic pattern with color roles,"constant affine masks, row-column masks, small Conv line detectors","per-cell ScatterND table, long Where chains over all periods",new DSL/DAG synthesis from task examples; teacher gives no cost help
269,crop_resize,crop_or_resize,P1,8602,15.940249986656319,8602,15.940249986656319,601_9000,medium,14.336666666666666,34.408,2.662820358127533,3.538289095481435,2.662820358127533,3.538289095481435,0.0,fixed crop / object-anchor crop / shape rule / bbox crop,"constant Slice/Gather, small Pad/Concat, static row-column indices","NonZero, Compress, full-grid GatherND bbox, full-grid Tile",new DSL/DAG synthesis from task examples; teacher gives no cost help
314,signature_lookup_current,sparse_edit_or_object_completion,P0,8594,15.941180435665059,5595,16.370371379253974,601_9000,medium,14.323333333333334,34.376,2.661889909118793,3.537358646472695,2.2326989655298775,3.1081677028837795,0.42919094358891563,説明可能な decision tree / affine hash / color-role rule,small Gather or pruned branch graph; no per-example label table,"arc-gen memorization, large ScatterND, large MatMul hash","mine teacher delta into submit-safe DSL, then lower to <=600"
274,crop_resize,crop_or_resize,P1,8581,15.942694264192879,8581,15.942694264192879,601_9000,medium,14.301666666666666,34.324,2.6603760805909733,3.5358448179448754,2.6603760805909733,3.5358448179448754,0.0,fixed crop / object-anchor crop / shape rule / bbox crop,"constant Slice/Gather, small Pad/Concat, static row-column indices","NonZero, Compress, full-grid GatherND bbox, full-grid Tile",new DSL/DAG synthesis from task examples; teacher gives no cost help
42,signature_lookup_current,sparse_edit_or_object_completion,P0,8518,15.950063149516842,5783,16.33732214184178,601_9000,medium,14.196666666666667,34.072,2.6530071952670102,3.5284759326209123,2.2657482029420706,3.1412169402959726,0.38725899232493965,説明可能な decision tree / affine hash / color-role rule,small Gather or pruned branch graph; no per-example label table,"arc-gen memorization, large ScatterND, large MatMul hash","mine teacher delta into submit-safe DSL, then lower to <=600"
200,point_to_line_pattern,sparse_edit_or_object_completion,P1,8306,15.975266575809302,8306,15.975266575809302,601_9000,medium,13.843333333333334,33.224,2.62780376897455,3.503272506328452,2.62780376897455,3.503272506328452,0.0,seed-to-line / ray / periodic pattern with color roles,"constant affine masks, row-column masks, small Conv line detectors","per-cell ScatterND table, long Where chains over all periods",new DSL/DAG synthesis from task examples; teacher gives no cost help
263,crop_resize,crop_or_resize,P1,8054,16.006075858588602,8054,16.006075858588602,601_9000,medium,13.423333333333334,32.216,2.59699448619525,3.472463223549152,2.59699448619525,3.472463223549152,0.0,fixed crop / object-anchor crop / shape rule / bbox crop,"constant Slice/Gather, small Pad/Concat, static row-column indices","NonZero, Compress, full-grid GatherND bbox, full-grid Tile",new DSL/DAG synthesis from task examples; teacher gives no cost help
254,sparse_edit_or_object_completion,sparse_edit_or_object_completion,P1,7956,16.018318360026136,7956,16.018318360026136,601_9000,medium,13.26,31.824,2.584751984757716,3.460220722111618,2.584751984757716,3.460220722111618,0.0,changed-cell rule / component completion / object copy with sparse mask,"tiny coordinate ScatterND, small Conv kernels, Equal plus one Where","large coordinate initializer, repeated full-grid Where, unrolled local propagation",new DSL/DAG synthesis from task examples; teacher gives no cost help
176,sparse_edit_or_object_completion,sparse_edit_or_object_completion,P1,7920,16.022853515191528,7920,16.022853515191528,601_9000,medium,13.2,31.68,2.580216829592324,3.455685566946226,2.580216829592324,3.455685566946226,0.0,changed-cell rule / component completion / object copy with sparse mask,"tiny coordinate ScatterND, small Conv kernels, Equal plus one Where","large coordinate initializer, repeated full-grid Where, unrolled local propagation",new DSL/DAG synthesis from task examples; teacher gives no cost help
372,crop_resize,crop_or_resize,P1,7880,16.027916817148075,7880,16.027916817148075,601_9000,medium,13.133333333333333,31.52,2.575153527635777,3.450622264989679,2.575153527635777,3.450622264989679,0.0,fixed crop / object-anchor crop / shape rule / bbox crop,"constant Slice/Gather, small Pad/Concat, static row-column indices","NonZero, Compress, full-grid GatherND bbox, full-grid Tile",new DSL/DAG synthesis from task examples; teacher gives no cost help
40,signature_lookup_current,sparse_edit_or_object_completion,P0,7868,16.02944082049105,5947,16.309357830293408,601_9000,medium,13.113333333333333,31.472,2.5736295242928016,3.4490982616467036,2.293712514490444,3.1691812518443463,0.27991700980235734,説明可能な decision tree / affine hash / color-role rule,small Gather or pruned branch graph; no per-example label table,"arc-gen memorization, large ScatterND, large MatMul hash","mine teacher delta into submit-safe DSL, then lower to <=600"
302,signature_lookup_current,sparse_edit_or_object_completion,P0,7796,16.03863393937255,7483,16.07961093991964,601_9000,medium,12.993333333333334,31.184,2.5644364054113034,3.4399051427652054,2.5234594048642123,3.3989281422181143,0.04097700054709108,説明可能な decision tree / affine hash / color-role rule,small Gather or pruned branch graph; no per-example label table,"arc-gen memorization, large ScatterND, large MatMul hash","mine teacher delta into submit-safe DSL, then lower to <=600"
39,crop_resize,crop_or_resize,P1,7772,16.04171718950267,7772,16.04171718950267,601_9000,medium,12.953333333333333,31.088,2.561353155281182,3.436821892635084,2.561353155281182,3.436821892635084,0.0,fixed crop / object-anchor crop / shape rule / bbox crop,"constant Slice/Gather, small Pad/Concat, static row-column indices","NonZero, Compress, full-grid GatherND bbox, full-grid Tile",new DSL/DAG synthesis from task examples; teacher gives no cost help
369,line_grid_fill,sparse_edit_or_object_completion,P1,7729,16.04726523289313,7729,16.04726523289313,601_9000,medium,12.881666666666666,30.916,2.5558051118907237,3.4312738492446258,2.5558051118907237,3.4312738492446258,0.0,row-column completion / line extension / grid crossing rule,"ReduceSum row-column masks, small Conv kernels, constant masks plus Where","full-grid Tile, long Where chain, per-cell ScatterND",new DSL/DAG synthesis from task examples; teacher gives no cost help
327,crop_resize,crop_or_resize,P1,7548,16.07096209351156,7548,16.07096209351156,601_9000,medium,12.58,30.192,2.532108251272291,3.407576988626193,2.532108251272291,3.407576988626193,0.0,fixed crop / object-anchor crop / shape rule / bbox crop,"constant Slice/Gather, small Pad/Concat, static row-column indices","NonZero, Compress, full-grid GatherND bbox, full-grid Tile",new DSL/DAG synthesis from task examples; teacher gives no cost help
180,crop_resize,crop_or_resize,P1,7450,16.084030688626395,7450,16.084030688626395,601_9000,medium,12.416666666666666,29.8,2.5190396561574566,3.3945083935113587,2.5190396561574566,3.3945083935113587,0.0,fixed crop / object-anchor crop / shape rule / bbox crop,"constant Slice/Gather, small Pad/Concat, static row-column indices","NonZero, Compress, full-grid GatherND bbox, full-grid Tile",new DSL/DAG synthesis from task examples; teacher gives no cost help
45,sparse_edit_or_object_completion,sparse_edit_or_object_completion,P1,7428,16.0869880775274,7428,16.0869880775274,601_9000,medium,12.38,29.712,2.5160822672564507,3.3915510046103527,2.5160822672564507,3.3915510046103527,0.0,changed-cell rule / component completion / object copy with sparse mask,"tiny coordinate ScatterND, small Conv kernels, Equal plus one Where","large coordinate initializer, repeated full-grid Where, unrolled local propagation",new DSL/DAG synthesis from task examples; teacher gives no cost help
7,point_to_line_pattern,sparse_edit_or_object_completion,P1,7271,16.108350887349943,7271,16.108350887349943,601_9000,medium,12.118333333333334,29.084,2.4947194574339093,3.3701881947878114,2.4947194574339093,3.3701881947878114,0.0,seed-to-line / ray / periodic pattern with color roles,"constant affine masks, row-column masks, small Conv line detectors","per-cell ScatterND table, long Where chains over all periods",new DSL/DAG synthesis from task examples; teacher gives no cost help
348,point_to_line_pattern,sparse_edit_or_object_completion,P1,7207,16.11719194507556,7207,16.11719194507556,601_9000,medium,12.011666666666667,28.828,2.485878399708291,3.361347137062193,2.485878399708291,3.361347137062193,0.0,seed-to-line / ray / periodic pattern with color roles,"constant affine masks, row-column masks, small Conv line detectors","per-cell ScatterND table, long Where chains over all periods",new DSL/DAG synthesis from task examples; teacher gives no cost help
43,sparse_edit_or_object_completion,sparse_edit_or_object_completion,P1,7119,16.129477454896126,7119,16.129477454896126,601_9000,medium,11.865,28.476,2.473592889887726,3.3490616272416283,2.473592889887726,3.3490616272416283,0.0,changed-cell rule / component completion / object copy with sparse mask,"tiny coordinate ScatterND, small Conv kernels, Equal plus one Where","large coordinate initializer, repeated full-grid Where, unrolled local propagation",new DSL/DAG synthesis from task examples; teacher gives no cost help
105,sparse_edit_or_object_completion,sparse_edit_or_object_completion,P1,7055,16.138508135713085,7055,16.138508135713085,601_9000,medium,11.758333333333333,28.22,2.464562209070767,3.340030946424669,2.464562209070767,3.340030946424669,0.0,changed-cell rule / component completion / object copy with sparse mask,"tiny coordinate ScatterND, small Conv kernels, Equal plus one Where","large coordinate initializer, repeated full-grid Where, unrolled local propagation",new DSL/DAG synthesis from task examples; teacher gives no cost help
259,crop_resize,crop_or_resize,P1,6843,16.169018489047502,6843,16.169018489047502,601_9000,medium,11.405,27.372,2.4340518557363495,3.3095205930902516,2.4340518557363495,3.3095205930902516,0.0,fixed crop / object-anchor crop / shape rule / bbox crop,"constant Slice/Gather, small Pad/Concat, static row-column indices","NonZero, Compress, full-grid GatherND bbox, full-grid Tile",new DSL/DAG synthesis from task examples; teacher gives no cost help
352,point_to_line_pattern,sparse_edit_or_object_completion,P1,6626,16.20124341714016,6626,16.20124341714016,601_9000,medium,11.043333333333333,26.504,2.401826927643693,3.2772956649975953,2.401826927643693,3.2772956649975953,0.0,seed-to-line / ray / periodic pattern with color roles,"constant affine masks, row-column masks, small Conv line detectors","per-cell ScatterND table, long Where chains over all periods",new DSL/DAG synthesis from task examples; teacher gives no cost help
248,signature_lookup_current,sparse_edit_or_object_completion,P0,6581,16.208058011543883,2938,17.01451564326618,601_9000,medium,10.968333333333334,26.324,2.3950123332399684,3.2704810705938705,1.5885547015176726,2.4640234388715747,0.8064576317222958,説明可能な decision tree / affine hash / color-role rule,small Gather or pruned branch graph; no per-example label table,"arc-gen memorization, large ScatterND, large MatMul hash","mine teacher delta into submit-safe DSL, then lower to <=600"
357,point_to_line_pattern,sparse_edit_or_object_completion,P1,6581,16.208058011543883,6581,16.208058011543883,601_9000,medium,10.968333333333334,26.324,2.3950123332399684,3.2704810705938705,2.3950123332399684,3.2704810705938705,0.0,seed-to-line / ray / periodic pattern with color roles,"constant affine masks, row-column masks, small Conv line detectors","per-cell ScatterND table, long Where chains over all periods",new DSL/DAG synthesis from task examples; teacher gives no cost help
100,crop_resize,crop_or_resize,P1,6536,16.21491936346016,6536,16.21491936346016,601_9000,medium,10.893333333333333,26.144,2.3881509813236903,3.2636197186775924,2.3881509813236903,3.2636197186775924,0.0,fixed crop / object-anchor crop / shape rule / bbox crop,"constant Slice/Gather, small Pad/Concat, static row-column indices","NonZero, Compress, full-grid GatherND bbox, full-grid Tile",new DSL/DAG synthesis from task examples; teacher gives no cost help
121,crop_resize,crop_or_resize,P1,6530,16.215837777729526,6530,16.215837777729526,601_9000,medium,10.883333333333333,26.12,2.387232567054326,3.2627013044082283,2.387232567054326,3.2627013044082283,0.0,fixed crop / object-anchor crop / shape rule / bbox crop,"constant Slice/Gather, small Pad/Concat, static row-column indices","NonZero, Compress, full-grid GatherND bbox, full-grid Tile",new DSL/DAG synthesis from task examples; teacher gives no cost help
388,crop_resize,crop_or_resize,P1,6468,16.225377779303003,6468,16.225377779303003,601_9000,medium,10.78,25.872,2.3776925654808494,3.2531613028347515,2.3776925654808494,3.2531613028347515,0.0,fixed crop / object-anchor crop / shape rule / bbox crop,"constant Slice/Gather, small Pad/Concat, static row-column indices","NonZero, Compress, full-grid GatherND bbox, full-grid Tile",new DSL/DAG synthesis from task examples; teacher gives no cost help
292,line_grid_fill,sparse_edit_or_object_completion,P1,6305,16.250901751600978,6305,16.250901751600978,601_9000,medium,10.508333333333333,25.22,2.352168593182874,3.2276373305367763,2.352168593182874,3.2276373305367763,0.0,row-column completion / line extension / grid crossing rule,"ReduceSum row-column masks, small Conv kernels, constant masks plus Where","full-grid Tile, long Where chain, per-cell ScatterND",new DSL/DAG synthesis from task examples; teacher gives no cost help
336,sparse_edit_or_object_completion,sparse_edit_or_object_completion,P1,6036,16.294503180112258,6036,16.294503180112258,601_9000,medium,10.06,24.144,2.3085671646715937,3.184035902025496,2.3085671646715937,3.184035902025496,0.0,changed-cell rule / component completion / object copy with sparse mask,"tiny coordinate ScatterND, small Conv kernels, Equal plus one Where","large coordinate initializer, repeated full-grid Where, unrolled local propagation",new DSL/DAG synthesis from task examples; teacher gives no cost help
273,sparse_edit_or_object_completion,sparse_edit_or_object_completion,P1,5937,16.311040765729324,5937,16.311040765729324,601_9000,medium,9.895,23.748,2.292029579054528,3.1674983164084303,2.292029579054528,3.1674983164084303,0.0,changed-cell rule / component completion / object copy with sparse mask,"tiny coordinate ScatterND, small Conv kernels, Equal plus one Where","large coordinate initializer, repeated full-grid Where, unrolled local propagation",new DSL/DAG synthesis from task examples; teacher gives no cost help
48,crop_resize,crop_or_resize,P1,5609,16.367872270491663,5609,16.367872270491663,601_9000,medium,9.348333333333333,22.436,2.235198074292189,3.110666811646091,2.235198074292189,3.110666811646091,0.0,fixed crop / object-anchor crop / shape rule / bbox crop,"constant Slice/Gather, small Pad/Concat, static row-column indices","NonZero, Compress, full-grid GatherND bbox, full-grid Tile",new DSL/DAG synthesis from task examples; teacher gives no cost help
60,sparse_edit_or_object_completion,sparse_edit_or_object_completion,P1,5581,16.372876749211567,5581,16.372876749211567,601_9000,medium,9.301666666666666,22.324,2.2301935955722847,3.1056623329261868,2.2301935955722847,3.1056623329261868,0.0,changed-cell rule / component completion / object copy with sparse mask,"tiny coordinate ScatterND, small Conv kernels, Equal plus one Where","large coordinate initializer, repeated full-grid Where, unrolled local propagation",new DSL/DAG synthesis from task examples; teacher gives no cost help
226,region_partition_fill,sparse_edit_or_object_completion,P1,5559,16.37682648504653,5559,16.37682648504653,601_9000,medium,9.265,22.236,2.2262438597373233,3.1017125970912254,2.2262438597373233,3.1017125970912254,0.0,room/inside-outside/boundary partition rule,"static row-column prefix masks, small Conv kernels, bounded room mask","many-step flood fill, dilation unroll, dynamic full-grid colormap",new DSL/DAG synthesis from task examples; teacher gives no cost help
321,crop_resize,crop_or_resize,P1,5511,16.385498626116764,5511,16.385498626116764,601_9000,medium,9.185,22.044,2.217571718667088,3.09304045602099,2.217571718667088,3.09304045602099,0.0,fixed crop / object-anchor crop / shape rule / bbox crop,"constant Slice/Gather, small Pad/Concat, static row-column indices","NonZero, Compress, full-grid GatherND bbox, full-grid Tile",new DSL/DAG synthesis from task examples; teacher gives no cost help
353,signature_lookup_current,sparse_edit_or_object_completion,P0,5411,16.403810802357263,5014,16.48001072128176,601_9000,medium,9.018333333333333,21.644,2.1992595424265886,3.0747282797804907,2.1230596235020904,2.9985283608559925,0.07619991892449818,説明可能な decision tree / affine hash / color-role rule,small Gather or pruned branch graph; no per-example label table,"arc-gen memorization, large ScatterND, large MatMul hash","mine teacher delta into submit-safe DSL, then lower to <=600"
320,sparse_edit_or_object_completion,sparse_edit_or_object_completion,P1,5190,16.445511023840066,5190,16.445511023840066,601_9000,medium,8.65,20.76,2.157559320943786,3.0330280582976883,2.157559320943786,3.0330280582976883,0.0,changed-cell rule / component completion / object copy with sparse mask,"tiny coordinate ScatterND, small Conv kernels, Equal plus one Where","large coordinate initializer, repeated full-grid Where, unrolled local propagation",new DSL/DAG synthesis from task examples; teacher gives no cost help
10,sparse_edit_or_object_completion,sparse_edit_or_object_completion,P1,5016,16.479611917687244,5016,16.479611917687244,601_9000,medium,8.36,20.064,2.123458427096608,2.99892716445051,2.123458427096608,2.99892716445051,0.0,changed-cell rule / component completion / object copy with sparse mask,"tiny coordinate ScatterND, small Conv kernels, Equal plus one Where","large coordinate initializer, repeated full-grid Where, unrolled local propagation",new DSL/DAG synthesis from task examples; teacher gives no cost help
356,sparse_edit_or_object_completion,sparse_edit_or_object_completion,P1,5002,16.482406888562437,5002,16.482406888562437,601_9000,medium,8.336666666666666,20.008,2.120663456221415,2.996132193575317,2.120663456221415,2.996132193575317,0.0,changed-cell rule / component completion / object copy with sparse mask,"tiny coordinate ScatterND, small Conv kernels, Equal plus one Where","large coordinate initializer, repeated full-grid Where, unrolled local propagation",new DSL/DAG synthesis from task examples; teacher gives no cost help
99,sparse_edit_or_object_completion,sparse_edit_or_object_completion,P1,4910,16.500970779211436,4910,16.500970779211436,601_9000,medium,8.183333333333334,19.64,2.1020995655724164,2.9775683029263185,2.1020995655724164,2.9775683029263185,0.0,changed-cell rule / component completion / object copy with sparse mask,"tiny coordinate ScatterND, small Conv kernels, Equal plus one Where","large coordinate initializer, repeated full-grid Where, unrolled local propagation",new DSL/DAG synthesis from task examples; teacher gives no cost help
136,sparse_edit_or_object_completion,sparse_edit_or_object_completion,P1,4837,16.515950027177016,4837,16.515950027177016,601_9000,medium,8.061666666666667,19.348,2.0871203176068356,2.9625890549607377,2.0871203176068356,2.9625890549607377,0.0,changed-cell rule / component completion / object copy with sparse mask,"tiny coordinate ScatterND, small Conv kernels, Equal plus one Where","large coordinate initializer, repeated full-grid Where, unrolled local propagation",new DSL/DAG synthesis from task examples; teacher gives no cost help
394,crop_resize,crop_or_resize,P1,4753,16.53346872338599,4753,16.53346872338599,601_9000,medium,7.921666666666667,19.012,2.0696016213978616,2.9450703587517637,2.0696016213978616,2.9450703587517637,0.0,fixed crop / object-anchor crop / shape rule / bbox crop,"constant Slice/Gather, small Pad/Concat, static row-column indices","NonZero, Compress, full-grid GatherND bbox, full-grid Tile",new DSL/DAG synthesis from task examples; teacher gives no cost help
160,sparse_edit_or_object_completion,sparse_edit_or_object_completion,P1,4586,16.56923653658215,4586,16.56923653658215,601_9000,medium,7.6433333333333335,18.344,2.0338338082017025,2.9093025455556045,2.0338338082017025,2.9093025455556045,0.0,changed-cell rule / component completion / object copy with sparse mask,"tiny coordinate ScatterND, small Conv kernels, Equal plus one Where","large coordinate initializer, repeated full-grid Where, unrolled local propagation",new DSL/DAG synthesis from task examples; teacher gives no cost help
323,sparse_edit_or_object_completion,sparse_edit_or_object_completion,P1,4533,16.58086074905915,4533,16.58086074905915,601_9000,medium,7.555,18.132,2.0222095957247035,2.8976783330786056,2.0222095957247035,2.8976783330786056,0.0,changed-cell rule / component completion / object copy with sparse mask,"tiny coordinate ScatterND, small Conv kernels, Equal plus one Where","large coordinate initializer, repeated full-grid Where, unrolled local propagation",new DSL/DAG synthesis from task examples; teacher gives no cost help
291,crop_resize,crop_or_resize,P1,4327,16.627370259775116,4327,16.627370259775116,601_9000,medium,7.211666666666667,17.308,1.9757000850087358,2.851168822362638,1.9757000850087358,2.851168822362638,0.0,fixed crop / object-anchor crop / shape rule / bbox crop,"constant Slice/Gather, small Pad/Concat, static row-column indices","NonZero, Compress, full-grid GatherND bbox, full-grid Tile",new DSL/DAG synthesis from task examples; teacher gives no cost help
115,crop_resize,crop_or_resize,P1,4122,16.675906238549594,4122,16.675906238549594,601_9000,medium,6.87,16.488,1.9271641062342582,2.8026328435881602,1.9271641062342582,2.8026328435881602,0.0,fixed crop / object-anchor crop / shape rule / bbox crop,"constant Slice/Gather, small Pad/Concat, static row-column indices","NonZero, Compress, full-grid GatherND bbox, full-grid Tile",new DSL/DAG synthesis from task examples; teacher gives no cost help
296,crop_resize,crop_or_resize,P1,4115,16.67760588688883,4115,16.67760588688883,601_9000,medium,6.858333333333333,16.46,1.9254644578950213,2.8009331952489234,1.9254644578950213,2.8009331952489234,0.0,fixed crop / object-anchor crop / shape rule / bbox crop,"constant Slice/Gather, small Pad/Concat, static row-column indices","NonZero, Compress, full-grid GatherND bbox, full-grid Tile",new DSL/DAG synthesis from task examples; teacher gives no cost help
123,crop_resize,crop_or_resize,P1,4104,16.680282613149394,4104,16.680282613149394,601_9000,medium,6.84,16.416,1.9227877316344575,2.7982564689883596,1.9227877316344575,2.7982564689883596,0.0,fixed crop / object-anchor crop / shape rule / bbox crop,"constant Slice/Gather, small Pad/Concat, static row-column indices","NonZero, Compress, full-grid GatherND bbox, full-grid Tile",new DSL/DAG synthesis from task examples; teacher gives no cost help
305,sparse_edit_or_object_completion,sparse_edit_or_object_completion,P1,3952,16.71802294113224,3952,16.71802294113224,601_9000,medium,6.586666666666667,15.808,1.8850474036516118,2.760516141005514,1.8850474036516118,2.760516141005514,0.0,changed-cell rule / component completion / object copy with sparse mask,"tiny coordinate ScatterND, small Conv kernels, Equal plus one Where","large coordinate initializer, repeated full-grid Where, unrolled local propagation",new DSL/DAG synthesis from task examples; teacher gives no cost help
316,crop_resize,crop_or_resize,P1,3903,16.730499232819383,3903,16.730499232819383,601_9000,medium,6.505,15.612,1.8725711119644686,2.7480398493183706,1.8725711119644686,2.7480398493183706,0.0,fixed crop / object-anchor crop / shape rule / bbox crop,"constant Slice/Gather, small Pad/Concat, static row-column indices","NonZero, Compress, full-grid GatherND bbox, full-grid Tile",new DSL/DAG synthesis from task examples; teacher gives no cost help
262,signature_lookup_current,sparse_edit_or_object_completion,P0,3770,16.765169719557946,2582,17.143680428593413,601_9000,medium,6.283333333333333,15.08,1.837900625225906,2.713369362579808,1.459389916190439,2.334858653544341,0.37851070903546713,説明可能な decision tree / affine hash / color-role rule,small Gather or pruned branch graph; no per-example label table,"arc-gen memorization, large ScatterND, large MatMul hash","mine teacher delta into submit-safe DSL, then lower to <=600"
104,crop_resize,crop_or_resize,P1,3682,16.788788638206977,3682,16.788788638206977,601_9000,medium,6.136666666666667,14.728,1.8142817065768746,2.6897504439307767,1.8142817065768746,2.6897504439307767,0.0,fixed crop / object-anchor crop / shape rule / bbox crop,"constant Slice/Gather, small Pad/Concat, static row-column indices","NonZero, Compress, full-grid GatherND bbox, full-grid Tile",new DSL/DAG synthesis from task examples; teacher gives no cost help
381,sparse_edit_or_object_completion,sparse_edit_or_object_completion,P1,3681,16.78906026662098,3681,16.78906026662098,601_9000,medium,6.135,14.724,1.8140100781628732,2.6894788155167753,1.8140100781628732,2.6894788155167753,0.0,changed-cell rule / component completion / object copy with sparse mask,"tiny coordinate ScatterND, small Conv kernels, Equal plus one Where","large coordinate initializer, repeated full-grid Where, unrolled local propagation",new DSL/DAG synthesis from task examples; teacher gives no cost help
139,sparse_edit_or_object_completion,sparse_edit_or_object_completion,P1,3630,16.803012072741105,3630,16.803012072741105,601_9000,medium,6.05,14.52,1.8000582720427474,2.6755270093966494,1.8000582720427474,2.6755270093966494,0.0,changed-cell rule / component completion / object copy with sparse mask,"tiny coordinate ScatterND, small Conv kernels, Equal plus one Where","large coordinate initializer, repeated full-grid Where, unrolled local propagation",new DSL/DAG synthesis from task examples; teacher gives no cost help
32,sparse_edit_or_object_completion,sparse_edit_or_object_completion,P1,3405,16.86699978141639,3405,16.86699978141639,601_9000,medium,5.675,13.62,1.7360705633674627,2.6115393007213648,1.7360705633674627,2.6115393007213648,0.0,changed-cell rule / component completion / object copy with sparse mask,"tiny coordinate ScatterND, small Conv kernels, Equal plus one Where","large coordinate initializer, repeated full-grid Where, unrolled local propagation",new DSL/DAG synthesis from task examples; teacher gives no cost help
47,point_to_line_pattern,sparse_edit_or_object_completion,P1,3024,16.985664262700574,3024,16.985664262700574,601_9000,medium,5.04,12.096,1.6174060820832779,2.49287481943718,1.6174060820832779,2.49287481943718,0.0,seed-to-line / ray / periodic pattern with color roles,"constant affine masks, row-column masks, small Conv line detectors","per-cell ScatterND table, long Where chains over all periods",new DSL/DAG synthesis from task examples; teacher gives no cost help
227,crop_resize,crop_or_resize,P1,2927,17.018266713308115,2927,17.018266713308115,601_9000,small,4.878333333333333,11.708,1.5848036314757366,2.4602723688296386,1.5848036314757366,2.4602723688296386,0.0,fixed crop / object-anchor crop / shape rule / bbox crop,"constant Slice/Gather, small Pad/Concat, static row-column indices","NonZero, Compress, full-grid GatherND bbox, full-grid Tile",new DSL/DAG synthesis from task examples; teacher gives no cost help
1,crop_resize,crop_or_resize,P1,2843,17.047384888349,2843,17.047384888349,601_9000,small,4.738333333333333,11.372,1.5556854564348512,2.4311541937887533,1.5556854564348512,2.4311541937887533,0.0,fixed crop / object-anchor crop / shape rule / bbox crop,"constant Slice/Gather, small Pad/Concat, static row-column indices","NonZero, Compress, full-grid GatherND bbox, full-grid Tile",new DSL/DAG synthesis from task examples; teacher gives no cost help
122,sparse_edit_or_object_completion,sparse_edit_or_object_completion,P1,2510,17.17196196787417,2510,17.17196196787417,601_9000,small,4.183333333333334,10.04,1.4311083769096804,2.3065771142635825,1.4311083769096804,2.3065771142635825,0.0,changed-cell rule / component completion / object copy with sparse mask,"tiny coordinate ScatterND, small Conv kernels, Equal plus one Where","large coordinate initializer, repeated full-grid Where, unrolled local propagation",new DSL/DAG synthesis from task examples; teacher gives no cost help
344,sparse_edit_or_object_completion,sparse_edit_or_object_completion,P1,2510,17.17196196787417,2510,17.17196196787417,601_9000,small,4.183333333333334,10.04,1.4311083769096804,2.3065771142635825,1.4311083769096804,2.3065771142635825,0.0,changed-cell rule / component completion / object copy with sparse mask,"tiny coordinate ScatterND, small Conv kernels, Equal plus one Where","large coordinate initializer, repeated full-grid Where, unrolled local propagation",new DSL/DAG synthesis from task examples; teacher gives no cost help
81,sparse_edit_or_object_completion,sparse_edit_or_object_completion,P1,2307,17.256296741826247,2307,17.256296741826247,601_9000,small,3.845,9.228,1.3467736029576045,2.2222423403115066,1.3467736029576045,2.2222423403115066,0.0,changed-cell rule / component completion / object copy with sparse mask,"tiny coordinate ScatterND, small Conv kernels, Equal plus one Where","large coordinate initializer, repeated full-grid Where, unrolled local propagation",new DSL/DAG synthesis from task examples; teacher gives no cost help
146,crop_resize,crop_or_resize,P1,2256,17.27865138738205,2256,17.27865138738205,601_9000,small,3.76,9.024,1.3244189574018002,2.1998876947557022,1.3244189574018002,2.1998876947557022,0.0,fixed crop / object-anchor crop / shape rule / bbox crop,"constant Slice/Gather, small Pad/Concat, static row-column indices","NonZero, Compress, full-grid GatherND bbox, full-grid Tile",new DSL/DAG synthesis from task examples; teacher gives no cost help
38,crop_resize,crop_or_resize,P1,2193,17.306974251582112,2193,17.306974251582112,601_9000,small,3.655,8.772,1.29609609320174,2.171564830555642,1.29609609320174,2.171564830555642,0.0,fixed crop / object-anchor crop / shape rule / bbox crop,"constant Slice/Gather, small Pad/Concat, static row-column indices","NonZero, Compress, full-grid GatherND bbox, full-grid Tile",new DSL/DAG synthesis from task examples; teacher gives no cost help
386,crop_resize,crop_or_resize,P1,2183,17.311544643450056,2183,17.311544643450056,601_9000,small,3.638333333333333,8.732,1.2915257013337964,2.1669944386876985,1.2915257013337964,2.1669944386876985,0.0,fixed crop / object-anchor crop / shape rule / bbox crop,"constant Slice/Gather, small Pad/Concat, static row-column indices","NonZero, Compress, full-grid GatherND bbox, full-grid Tile",new DSL/DAG synthesis from task examples; teacher gives no cost help
389,line_grid_fill,sparse_edit_or_object_completion,P1,1898,17.451444020830127,1898,17.451444020830127,601_9000,small,3.1633333333333336,7.592,1.1516263239537246,2.0270950613076266,1.1516263239537246,2.0270950613076266,0.0,row-column completion / line extension / grid crossing rule,"ReduceSum row-column masks, small Conv kernels, constant masks plus Where","full-grid Tile, long Where chain, per-cell ScatterND",new DSL/DAG synthesis from task examples; teacher gives no cost help
207,crop_resize,crop_or_resize,P1,1875,17.463636061595487,1875,17.463636061595487,601_9000,small,3.125,7.5,1.1394342831883648,2.014903020542267,1.1394342831883648,2.014903020542267,0.0,fixed crop / object-anchor crop / shape rule / bbox crop,"constant Slice/Gather, small Pad/Concat, static row-column indices","NonZero, Compress, full-grid GatherND bbox, full-grid Tile",new DSL/DAG synthesis from task examples; teacher gives no cost help
399,crop_resize,crop_or_resize,P1,1839,17.48302277539568,1839,17.48302277539568,601_9000,small,3.065,7.356,1.1200475693881735,1.9955163067420756,1.1200475693881735,1.9955163067420756,0.0,fixed crop / object-anchor crop / shape rule / bbox crop,"constant Slice/Gather, small Pad/Concat, static row-column indices","NonZero, Compress, full-grid GatherND bbox, full-grid Tile",new DSL/DAG synthesis from task examples; teacher gives no cost help
83,crop_resize,crop_or_resize,P1,1800,17.504458056115745,1800,17.504458056115745,601_9000,small,3.0,7.2,1.0986122886681073,1.9740810260220094,1.0986122886681073,1.9740810260220094,0.0,fixed crop / object-anchor crop / shape rule / bbox crop,"constant Slice/Gather, small Pad/Concat, static row-column indices","NonZero, Compress, full-grid GatherND bbox, full-grid Tile",new DSL/DAG synthesis from task examples; teacher gives no cost help
108,crop_resize,crop_or_resize,P1,1800,17.504458056115745,1800,17.504458056115745,601_9000,small,3.0,7.2,1.0986122886681073,1.9740810260220094,1.0986122886681073,1.9740810260220094,0.0,fixed crop / object-anchor crop / shape rule / bbox crop,"constant Slice/Gather, small Pad/Concat, static row-column indices","NonZero, Compress, full-grid GatherND bbox, full-grid Tile",new DSL/DAG synthesis from task examples; teacher gives no cost help
142,crop_resize,crop_or_resize,P1,1800,17.504458056115745,1800,17.504458056115745,601_9000,small,3.0,7.2,1.0986122886681073,1.9740810260220094,1.0986122886681073,1.9740810260220094,0.0,fixed crop / object-anchor crop / shape rule / bbox crop,"constant Slice/Gather, small Pad/Concat, static row-column indices","NonZero, Compress, full-grid GatherND bbox, full-grid Tile",new DSL/DAG synthesis from task examples; teacher gives no cost help
152,crop_resize,crop_or_resize,P1,1800,17.504458056115745,1800,17.504458056115745,601_9000,small,3.0,7.2,1.0986122886681073,1.9740810260220094,1.0986122886681073,1.9740810260220094,0.0,fixed crop / object-anchor crop / shape rule / bbox crop,"constant Slice/Gather, small Pad/Concat, static row-column indices","NonZero, Compress, full-grid GatherND bbox, full-grid Tile",new DSL/DAG synthesis from task examples; teacher gives no cost help
194,crop_resize,crop_or_resize,P1,1800,17.504458056115745,1800,17.504458056115745,601_9000,small,3.0,7.2,1.0986122886681073,1.9740810260220094,1.0986122886681073,1.9740810260220094,0.0,fixed crop / object-anchor crop / shape rule / bbox crop,"constant Slice/Gather, small Pad/Concat, static row-column indices","NonZero, Compress, full-grid GatherND bbox, full-grid Tile",new DSL/DAG synthesis from task examples; teacher gives no cost help
211,crop_resize,crop_or_resize,P1,1800,17.504458056115745,1800,17.504458056115745,601_9000,small,3.0,7.2,1.0986122886681073,1.9740810260220094,1.0986122886681073,1.9740810260220094,0.0,fixed crop / object-anchor crop / shape rule / bbox crop,"constant Slice/Gather, small Pad/Concat, static row-column indices","NonZero, Compress, full-grid GatherND bbox, full-grid Tile",new DSL/DAG synthesis from task examples; teacher gives no cost help
214,region_partition_fill,sparse_edit_or_object_completion,P1,1800,17.504458056115745,1800,17.504458056115745,601_9000,small,3.0,7.2,1.0986122886681073,1.9740810260220094,1.0986122886681073,1.9740810260220094,0.0,room/inside-outside/boundary partition rule,"static row-column prefix masks, small Conv kernels, bounded room mask","many-step flood fill, dilation unroll, dynamic full-grid colormap",new DSL/DAG synthesis from task examples; teacher gives no cost help
223,crop_resize,crop_or_resize,P1,1800,17.504458056115745,1800,17.504458056115745,601_9000,small,3.0,7.2,1.0986122886681073,1.9740810260220094,1.0986122886681073,1.9740810260220094,0.0,fixed crop / object-anchor crop / shape rule / bbox crop,"constant Slice/Gather, small Pad/Concat, static row-column indices","NonZero, Compress, full-grid GatherND bbox, full-grid Tile",new DSL/DAG synthesis from task examples; teacher gives no cost help
307,crop_resize,crop_or_resize,P1,1800,17.504458056115745,1800,17.504458056115745,601_9000,small,3.0,7.2,1.0986122886681073,1.9740810260220094,1.0986122886681073,1.9740810260220094,0.0,fixed crop / object-anchor crop / shape rule / bbox crop,"constant Slice/Gather, small Pad/Concat, static row-column indices","NonZero, Compress, full-grid GatherND bbox, full-grid Tile",new DSL/DAG synthesis from task examples; teacher gives no cost help
299,sparse_edit_or_object_completion,sparse_edit_or_object_completion,P1,1790,17.5100291011652,1790,17.5100291011652,601_9000,small,2.9833333333333334,7.16,1.0930412436186536,1.9685099809725557,1.0930412436186536,1.9685099809725557,0.0,changed-cell rule / component completion / object copy with sparse mask,"tiny coordinate ScatterND, small Conv kernels, Equal plus one Where","large coordinate initializer, repeated full-grid Where, unrolled local propagation",new DSL/DAG synthesis from task examples; teacher gives no cost help
395,crop_resize,crop_or_resize,P1,1667,17.581219117249205,1667,17.581219117249205,601_9000,small,2.7783333333333333,6.668,1.021851227534647,1.897319964888549,1.021851227534647,1.897319964888549,0.0,fixed crop / object-anchor crop / shape rule / bbox crop,"constant Slice/Gather, small Pad/Concat, static row-column indices","NonZero, Compress, full-grid GatherND bbox, full-grid Tile",new DSL/DAG synthesis from task examples; teacher gives no cost help
6,crop_resize,crop_or_resize,P1,1631,17.603051397378987,1631,17.603051397378987,601_9000,small,2.7183333333333333,6.524,1.0000189474048646,1.8754876847587667,1.0000189474048646,1.8754876847587667,0.0,fixed crop / object-anchor crop / shape rule / bbox crop,"constant Slice/Gather, small Pad/Concat, static row-column indices","NonZero, Compress, full-grid GatherND bbox, full-grid Tile",new DSL/DAG synthesis from task examples; teacher gives no cost help
347,crop_resize,crop_or_resize,P1,1607,17.61787563426249,1607,17.61787563426249,601_9000,small,2.6783333333333332,6.428,0.9851947105213625,1.8606634478752646,0.9851947105213625,1.8606634478752646,0.0,fixed crop / object-anchor crop / shape rule / bbox crop,"constant Slice/Gather, small Pad/Concat, static row-column indices","NonZero, Compress, full-grid GatherND bbox, full-grid Tile",new DSL/DAG synthesis from task examples; teacher gives no cost help
229,line_grid_fill,sparse_edit_or_object_completion,P1,1409,17.74936448810132,1409,17.74936448810132,601_9000,small,2.348333333333333,5.636,0.8537058566825309,1.729174594036433,0.8537058566825309,1.729174594036433,0.0,row-column completion / line extension / grid crossing rule,"ReduceSum row-column masks, small Conv kernels, constant masks plus Where","full-grid Tile, long Where chain, per-cell ScatterND",new DSL/DAG synthesis from task examples; teacher gives no cost help
235,crop_resize,crop_or_resize,P1,1338,17.801068759311825,1338,17.801068759311825,601_9000,small,2.23,5.352,0.802001585472027,1.6774703228259291,0.802001585472027,1.6774703228259291,0.0,fixed crop / object-anchor crop / shape rule / bbox crop,"constant Slice/Gather, small Pad/Concat, static row-column indices","NonZero, Compress, full-grid GatherND bbox, full-grid Tile",new DSL/DAG synthesis from task examples; teacher gives no cost help
72,crop_resize,crop_or_resize,P1,1309,17.8229812340901,1309,17.8229812340901,601_9000,small,2.1816666666666666,5.236,0.7800891106937513,1.6555578480476534,0.7800891106937513,1.6555578480476534,0.0,fixed crop / object-anchor crop / shape rule / bbox crop,"constant Slice/Gather, small Pad/Concat, static row-column indices","NonZero, Compress, full-grid GatherND bbox, full-grid Tile",new DSL/DAG synthesis from task examples; teacher gives no cost help
267,color_map,sparse_edit_or_object_completion,P2,1255,17.865109148434115,1255,17.865109148434115,601_9000,small,2.091666666666667,5.02,0.7379611963497368,1.6134299337036389,0.7379611963497368,1.6134299337036389,0.0,consistent color role map,small Equal/Where chain or 1x1 Conv,large dynamic MatMul colormap,new DSL/DAG synthesis from task examples; teacher gives no cost help
114,crop_resize,crop_or_resize,P1,1254,17.865906278807135,1254,17.865906278807135,601_9000,small,2.09,5.016,0.7371640659767174,1.6126328033306194,0.7371640659767174,1.6126328033306194,0.0,fixed crop / object-anchor crop / shape rule / bbox crop,"constant Slice/Gather, small Pad/Concat, static row-column indices","NonZero, Compress, full-grid GatherND bbox, full-grid Tile",new DSL/DAG synthesis from task examples; teacher gives no cost help
52,line_grid_fill,sparse_edit_or_object_completion,P1,1228,17.886857891292912,1228,17.886857891292912,601_9000,small,2.046666666666667,4.912,0.7162124534909395,1.5916811908448416,0.7162124534909395,1.5916811908448416,0.0,row-column completion / line extension / grid crossing rule,"ReduceSum row-column masks, small Conv kernels, constant masks plus Where","full-grid Tile, long Where chain, per-cell ScatterND",new DSL/DAG synthesis from task examples; teacher gives no cost help
181,sparse_edit_or_object_completion,sparse_edit_or_object_completion,P1,1194,17.91493570604745,1194,17.91493570604745,601_9000,small,1.99,4.776,0.6881346387364005,1.5636033760903025,0.6881346387364005,1.5636033760903025,0.0,changed-cell rule / component completion / object copy with sparse mask,"tiny coordinate ScatterND, small Conv kernels, Equal plus one Where","large coordinate initializer, repeated full-grid Where, unrolled local propagation",new DSL/DAG synthesis from task examples; teacher gives no cost help
106,crop_resize,crop_or_resize,P1,1164,17.940382371708615,1164,17.940382371708615,601_9000,small,1.94,4.656,0.6626879730752364,1.5381567104291385,0.6626879730752364,1.5381567104291385,0.0,fixed crop / object-anchor crop / shape rule / bbox crop,"constant Slice/Gather, small Pad/Concat, static row-column indices","NonZero, Compress, full-grid GatherND bbox, full-grid Tile",new DSL/DAG synthesis from task examples; teacher gives no cost help
257,crop_resize,crop_or_resize,P1,1077,18.01806532284361,1077,18.01806532284361,601_9000,small,1.795,4.308,0.5850050219402405,1.4604737592941426,0.5850050219402405,1.4604737592941426,0.0,fixed crop / object-anchor crop / shape rule / bbox crop,"constant Slice/Gather, small Pad/Concat, static row-column indices","NonZero, Compress, full-grid GatherND bbox, full-grid Tile",new DSL/DAG synthesis from task examples; teacher gives no cost help
150,sparse_edit_or_object_completion,sparse_edit_or_object_completion,P1,1014,18.078341815848873,1014,18.078341815848873,601_9000,small,1.69,4.056,0.524728528934979,1.400197266288881,0.524728528934979,1.400197266288881,0.0,changed-cell rule / component completion / object copy with sparse mask,"tiny coordinate ScatterND, small Conv kernels, Equal plus one Where","large coordinate initializer, repeated full-grid Where, unrolled local propagation",new DSL/DAG synthesis from task examples; teacher gives no cost help
155,sparse_edit_or_object_completion,sparse_edit_or_object_completion,P1,1014,18.078341815848873,1014,18.078341815848873,601_9000,small,1.69,4.056,0.524728528934979,1.400197266288881,0.524728528934979,1.400197266288881,0.0,changed-cell rule / component completion / object copy with sparse mask,"tiny coordinate ScatterND, small Conv kernels, Equal plus one Where","large coordinate initializer, repeated full-grid Where, unrolled local propagation",new DSL/DAG synthesis from task examples; teacher gives no cost help
73,line_grid_fill,sparse_edit_or_object_completion,P1,910,18.186555400489105,910,18.186555400489105,601_9000,small,1.5166666666666666,3.64,0.41651494429474667,1.2919836816486487,0.41651494429474667,1.2919836816486487,0.0,row-column completion / line extension / grid crossing rule,"ReduceSum row-column masks, small Conv kernels, constant masks plus Where","full-grid Tile, long Where chain, per-cell ScatterND",new DSL/DAG synthesis from task examples; teacher gives no cost help
95,point_to_line_pattern,sparse_edit_or_object_completion,P1,910,18.186555400489105,910,18.186555400489105,601_9000,small,1.5166666666666666,3.64,0.41651494429474667,1.2919836816486487,0.41651494429474667,1.2919836816486487,0.0,seed-to-line / ray / periodic pattern with color roles,"constant affine masks, row-column masks, small Conv line detectors","per-cell ScatterND table, long Where chains over all periods",new DSL/DAG synthesis from task examples; teacher gives no cost help
98,sparse_edit_or_object_completion,sparse_edit_or_object_completion,P1,910,18.186555400489105,910,18.186555400489105,601_9000,small,1.5166666666666666,3.64,0.41651494429474667,1.2919836816486487,0.41651494429474667,1.2919836816486487,0.0,changed-cell rule / component completion / object copy with sparse mask,"tiny coordinate ScatterND, small Conv kernels, Equal plus one Where","large coordinate initializer, repeated full-grid Where, unrolled local propagation",new DSL/DAG synthesis from task examples; teacher gives no cost help
120,sparse_edit_or_object_completion,sparse_edit_or_object_completion,P1,910,18.186555400489105,910,18.186555400489105,601_9000,small,1.5166666666666666,3.64,0.41651494429474667,1.2919836816486487,0.41651494429474667,1.2919836816486487,0.0,changed-cell rule / component completion / object copy with sparse mask,"tiny coordinate ScatterND, small Conv kernels, Equal plus one Where","large coordinate initializer, repeated full-grid Where, unrolled local propagation",new DSL/DAG synthesis from task examples; teacher gives no cost help
147,sparse_edit_or_object_completion,sparse_edit_or_object_completion,P1,910,18.186555400489105,910,18.186555400489105,601_9000,small,1.5166666666666666,3.64,0.41651494429474667,1.2919836816486487,0.41651494429474667,1.2919836816486487,0.0,changed-cell rule / component completion / object copy with sparse mask,"tiny coordinate ScatterND, small Conv kernels, Equal plus one Where","large coordinate initializer, repeated full-grid Where, unrolled local propagation",new DSL/DAG synthesis from task examples; teacher gives no cost help
151,line_grid_fill,sparse_edit_or_object_completion,P1,910,18.186555400489105,910,18.186555400489105,601_9000,small,1.5166666666666666,3.64,0.41651494429474667,1.2919836816486487,0.41651494429474667,1.2919836816486487,0.0,row-column completion / line extension / grid crossing rule,"ReduceSum row-column masks, small Conv kernels, constant masks plus Where","full-grid Tile, long Where chain, per-cell ScatterND",new DSL/DAG synthesis from task examples; teacher gives no cost help
171,point_to_line_pattern,sparse_edit_or_object_completion,P1,910,18.186555400489105,910,18.186555400489105,601_9000,small,1.5166666666666666,3.64,0.41651494429474667,1.2919836816486487,0.41651494429474667,1.2919836816486487,0.0,seed-to-line / ray / periodic pattern with color roles,"constant affine masks, row-column masks, small Conv line detectors","per-cell ScatterND table, long Where chains over all periods",new DSL/DAG synthesis from task examples; teacher gives no cost help
266,point_to_line_pattern,sparse_edit_or_object_completion,P1,910,18.186555400489105,910,18.186555400489105,601_9000,small,1.5166666666666666,3.64,0.41651494429474667,1.2919836816486487,0.41651494429474667,1.2919836816486487,0.0,seed-to-line / ray / periodic pattern with color roles,"constant affine masks, row-column masks, small Conv line detectors","per-cell ScatterND table, long Where chains over all periods",new DSL/DAG synthesis from task examples; teacher gives no cost help
272,sparse_edit_or_object_completion,sparse_edit_or_object_completion,P1,910,18.186555400489105,910,18.186555400489105,601_9000,small,1.5166666666666666,3.64,0.41651494429474667,1.2919836816486487,0.41651494429474667,1.2919836816486487,0.0,changed-cell rule / component completion / object copy with sparse mask,"tiny coordinate ScatterND, small Conv kernels, Equal plus one Where","large coordinate initializer, repeated full-grid Where, unrolled local propagation",new DSL/DAG synthesis from task examples; teacher gives no cost help
283,sparse_edit_or_object_completion,sparse_edit_or_object_completion,P1,910,18.186555400489105,910,18.186555400489105,601_9000,small,1.5166666666666666,3.64,0.41651494429474667,1.2919836816486487,0.41651494429474667,1.2919836816486487,0.0,changed-cell rule / component completion / object copy with sparse mask,"tiny coordinate ScatterND, small Conv kernels, Equal plus one Where","large coordinate initializer, repeated full-grid Where, unrolled local propagation",new DSL/DAG synthesis from task examples; teacher gives no cost help
294,sparse_edit_or_object_completion,sparse_edit_or_object_completion,P1,910,18.186555400489105,910,18.186555400489105,601_9000,small,1.5166666666666666,3.64,0.41651494429474667,1.2919836816486487,0.41651494429474667,1.2919836816486487,0.0,changed-cell rule / component completion / object copy with sparse mask,"tiny coordinate ScatterND, small Conv kernels, Equal plus one Where","large coordinate initializer, repeated full-grid Where, unrolled local propagation",new DSL/DAG synthesis from task examples; teacher gives no cost help
331,sparse_edit_or_object_completion,sparse_edit_or_object_completion,P1,910,18.186555400489105,910,18.186555400489105,601_9000,small,1.5166666666666666,3.64,0.41651494429474667,1.2919836816486487,0.41651494429474667,1.2919836816486487,0.0,changed-cell rule / component completion / object copy with sparse mask,"tiny coordinate ScatterND, small Conv kernels, Equal plus one Where","large coordinate initializer, repeated full-grid Where, unrolled local propagation",new DSL/DAG synthesis from task examples; teacher gives no cost help
15,sparse_edit_or_object_completion,sparse_edit_or_object_completion,P1,900,18.197605236675688,900,18.197605236675688,601_9000,small,1.5,3.6,0.4054651081081637,1.2809338454620658,0.4054651081081637,1.2809338454620658,0.0,changed-cell rule / component completion / object copy with sparse mask,"tiny coordinate ScatterND, small Conv kernels, Equal plus one Where","large coordinate initializer, repeated full-grid Where, unrolled local propagation",new DSL/DAG synthesis from task examples; teacher gives no cost help
127,region_partition_fill,sparse_edit_or_object_completion,P1,900,18.197605236675688,900,18.197605236675688,601_9000,small,1.5,3.6,0.4054651081081637,1.2809338454620658,0.4054651081081637,1.2809338454620658,0.0,room/inside-outside/boundary partition rule,"static row-column prefix masks, small Conv kernels, bounded room mask","many-step flood fill, dilation unroll, dynamic full-grid colormap",new DSL/DAG synthesis from task examples; teacher gives no cost help
220,sparse_edit_or_object_completion,sparse_edit_or_object_completion,P1,900,18.197605236675688,900,18.197605236675688,601_9000,small,1.5,3.6,0.4054651081081637,1.2809338454620658,0.4054651081081637,1.2809338454620658,0.0,changed-cell rule / component completion / object copy with sparse mask,"tiny coordinate ScatterND, small Conv kernels, Equal plus one Where","large coordinate initializer, repeated full-grid Where, unrolled local propagation",new DSL/DAG synthesis from task examples; teacher gives no cost help
230,sparse_edit_or_object_completion,sparse_edit_or_object_completion,P1,900,18.197605236675688,900,18.197605236675688,601_9000,small,1.5,3.6,0.4054651081081637,1.2809338454620658,0.4054651081081637,1.2809338454620658,0.0,changed-cell rule / component completion / object copy with sparse mask,"tiny coordinate ScatterND, small Conv kernels, Equal plus one Where","large coordinate initializer, repeated full-grid Where, unrolled local propagation",new DSL/DAG synthesis from task examples; teacher gives no cost help
282,point_to_line_pattern,sparse_edit_or_object_completion,P1,900,18.197605236675688,900,18.197605236675688,601_9000,small,1.5,3.6,0.4054651081081637,1.2809338454620658,0.4054651081081637,1.2809338454620658,0.0,seed-to-line / ray / periodic pattern with color roles,"constant affine masks, row-column masks, small Conv line detectors","per-cell ScatterND table, long Where chains over all periods",new DSL/DAG synthesis from task examples; teacher gives no cost help
317,point_to_line_pattern,sparse_edit_or_object_completion,P1,900,18.197605236675688,900,18.197605236675688,601_9000,small,1.5,3.6,0.4054651081081637,1.2809338454620658,0.4054651081081637,1.2809338454620658,0.0,seed-to-line / ray / periodic pattern with color roles,"constant affine masks, row-column masks, small Conv line detectors","per-cell ScatterND table, long Where chains over all periods",new DSL/DAG synthesis from task examples; teacher gives no cost help
339,crop_resize,crop_or_resize,P1,884,18.215542937362358,884,18.215542937362358,601_9000,small,1.4733333333333334,3.536,0.3875274074214943,1.2629961447753963,0.3875274074214943,1.2629961447753963,0.0,fixed crop / object-anchor crop / shape rule / bbox crop,"constant Slice/Gather, small Pad/Concat, static row-column indices","NonZero, Compress, full-grid GatherND bbox, full-grid Tile",new DSL/DAG synthesis from task examples; teacher gives no cost help
322,point_to_line_pattern,sparse_edit_or_object_completion,P1,867,18.23496102321946,867,18.23496102321946,601_9000,small,1.445,3.468,0.36810932156439335,1.2435780589182954,0.36810932156439335,1.2435780589182954,0.0,seed-to-line / ray / periodic pattern with color roles,"constant affine masks, row-column masks, small Conv line detectors","per-cell ScatterND table, long Where chains over all periods",new DSL/DAG synthesis from task examples; teacher gives no cost help
129,point_to_line_pattern,sparse_edit_or_object_completion,P1,807,18.306676331730053,807,18.306676331730053,601_9000,small,1.345,3.228,0.2963940130537992,1.1718627504077013,0.2963940130537992,1.1718627504077013,0.0,seed-to-line / ray / periodic pattern with color roles,"constant affine masks, row-column masks, small Conv line detectors","per-cell ScatterND table, long Where chains over all periods",new DSL/DAG synthesis from task examples; teacher gives no cost help
111,crop_resize,crop_or_resize,P1,797,18.319145321209785,797,18.319145321209785,601_9000,small,1.3283333333333334,3.188,0.2839250235740671,1.1593937609279692,0.2839250235740671,1.1593937609279692,0.0,fixed crop / object-anchor crop / shape rule / bbox crop,"constant Slice/Gather, small Pad/Concat, static row-column indices","NonZero, Compress, full-grid GatherND bbox, full-grid Tile",new DSL/DAG synthesis from task examples; teacher gives no cost help
144,crop_resize,crop_or_resize,P1,786,18.333043207570793,786,18.333043207570793,601_9000,small,1.31,3.144,0.2700271372130594,1.1454958745669614,0.2700271372130594,1.1454958745669614,0.0,fixed crop / object-anchor crop / shape rule / bbox crop,"constant Slice/Gather, small Pad/Concat, static row-column indices","NonZero, Compress, full-grid GatherND bbox, full-grid Tile",new DSL/DAG synthesis from task examples; teacher gives no cost help
318,crop_resize,crop_or_resize,P1,739,18.394702079051797,739,18.394702079051797,601_9000,small,1.2316666666666667,2.956,0.20836826573205514,1.0838370030859572,0.20836826573205514,1.0838370030859572,0.0,fixed crop / object-anchor crop / shape rule / bbox crop,"constant Slice/Gather, small Pad/Concat, static row-column indices","NonZero, Compress, full-grid GatherND bbox, full-grid Tile",new DSL/DAG synthesis from task examples; teacher gives no cost help
26,crop_resize,crop_or_resize,P1,738,18.39605617539953,738,18.39605617539953,601_9000,small,1.23,2.952,0.2070141693843226,1.0824829067382247,0.2070141693843226,1.0824829067382247,0.0,fixed crop / object-anchor crop / shape rule / bbox crop,"constant Slice/Gather, small Pad/Concat, static row-column indices","NonZero, Compress, full-grid GatherND bbox, full-grid Tile",new DSL/DAG synthesis from task examples; teacher gives no cost help
380,line_grid_fill,sparse_edit_or_object_completion,P1,728,18.409698951803314,728,18.409698951803314,601_9000,small,1.2133333333333334,2.912,0.19337139298053785,1.06884013033444,0.19337139298053785,1.06884013033444,0.0,row-column completion / line extension / grid crossing rule,"ReduceSum row-column masks, small Conv kernels, constant masks plus Where","full-grid Tile, long Where chain, per-cell ScatterND",new DSL/DAG synthesis from task examples; teacher gives no cost help
167,region_partition_fill,sparse_edit_or_object_completion,P1,685,18.470581161737776,685,18.470581161737776,601_9000,small,1.1416666666666666,2.74,0.1324891830460757,1.0079579203999778,0.1324891830460757,1.0079579203999778,0.0,room/inside-outside/boundary partition rule,"static row-column prefix masks, small Conv kernels, bounded room mask","many-step flood fill, dilation unroll, dynamic full-grid colormap",new DSL/DAG synthesis from task examples; teacher gives no cost help
236,crop_resize,crop_or_resize,P1,643,18.53385527576238,643,18.53385527576238,601_9000,small,1.0716666666666668,2.572,0.06921506902147101,0.9446838063753731,0.06921506902147101,0.9446838063753731,0.0,fixed crop / object-anchor crop / shape rule / bbox crop,"constant Slice/Gather, small Pad/Concat, static row-column indices","NonZero, Compress, full-grid GatherND bbox, full-grid Tile",new DSL/DAG synthesis from task examples; teacher gives no cost help
334,crop_resize,crop_or_resize,P1,609,18.588181732290103,609,18.588181732290103,601_9000,small,1.015,2.436,0.014888612493749065,0.8903573498476511,0.014888612493749065,0.8903573498476511,0.0,fixed crop / object-anchor crop / shape rule / bbox crop,"constant Slice/Gather, small Pad/Concat, static row-column indices","NonZero, Compress, full-grid GatherND bbox, full-grid Tile",new DSL/DAG synthesis from task examples; teacher gives no cost help
373,region_partition_fill,sparse_edit_or_object_completion,P1,524,18.738508315678956,524,18.738508315678956,already_251_600,done,0.8733333333333333,2.096,0.0,0.7400307664587977,0.0,0.7400307664587977,0.0,room/inside-outside/boundary partition rule,"static row-column prefix masks, small Conv kernels, bounded room mask","many-step flood fill, dilation unroll, dynamic full-grid colormap",keep_current; already in requested 250-600 band
393,crop_resize,crop_or_resize,P1,459,18.870949789939456,459,18.870949789939456,already_251_600,done,0.765,1.836,0.0,0.6075892921982984,0.0,0.6075892921982984,0.0,fixed crop / object-anchor crop / shape rule / bbox crop,"constant Slice/Gather, small Pad/Concat, static row-column indices","NonZero, Compress, full-grid GatherND bbox, full-grid Tile",keep_current; already in requested 250-600 band
149,crop_resize,crop_or_resize,P1,437,18.92006680490441,437,18.92006680490441,already_251_600,done,0.7283333333333334,1.748,0.0,0.5584722772333457,0.0,0.5584722772333457,0.0,fixed crop / object-anchor crop / shape rule / bbox crop,"constant Slice/Gather, small Pad/Concat, static row-column indices","NonZero, Compress, full-grid GatherND bbox, full-grid Tile",keep_current; already in requested 250-600 band
87,sparse_edit_or_object_completion,sparse_edit_or_object_completion,P1,368,19.09191706183107,368,19.09191706183107,already_251_600,done,0.6133333333333333,1.472,0.0,0.38662202030668524,0.0,0.38662202030668524,0.0,changed-cell rule / component completion / object copy with sparse mask,"tiny coordinate ScatterND, small Conv kernels, Equal plus one Where","large coordinate initializer, repeated full-grid Where, unrolled local propagation",keep_current; already in requested 250-600 band
140,sparse_edit_or_object_completion,sparse_edit_or_object_completion,P1,368,19.09191706183107,368,19.09191706183107,already_251_600,done,0.6133333333333333,1.472,0.0,0.38662202030668524,0.0,0.38662202030668524,0.0,changed-cell rule / component completion / object copy with sparse mask,"tiny coordinate ScatterND, small Conv kernels, Equal plus one Where","large coordinate initializer, repeated full-grid Where, unrolled local propagation",keep_current; already in requested 250-600 band
186,sparse_edit_or_object_completion,sparse_edit_or_object_completion,P1,364,19.10284613236326,364,19.10284613236326,already_251_600,done,0.6066666666666667,1.456,0.0,0.37569294977449275,0.0,0.37569294977449275,0.0,changed-cell rule / component completion / object copy with sparse mask,"tiny coordinate ScatterND, small Conv kernels, Equal plus one Where","large coordinate initializer, repeated full-grid Where, unrolled local propagation",keep_current; already in requested 250-600 band
135,crop_resize,crop_or_resize,P1,360,19.113895968549844,360,19.113895968549844,already_251_600,done,0.6,1.44,0.0,0.3646431135879098,0.0,0.3646431135879098,0.0,fixed crop / object-anchor crop / shape rule / bbox crop,"constant Slice/Gather, small Pad/Concat, static row-column indices","NonZero, Compress, full-grid GatherND bbox, full-grid Tile",keep_current; already in requested 250-600 band
67,crop_resize,crop_or_resize,P1,315,19.247427361174367,315,19.247427361174367,already_251_600,done,0.525,1.26,0.0,0.23111172096338706,0.0,0.23111172096338706,0.0,fixed crop / object-anchor crop / shape rule / bbox crop,"constant Slice/Gather, small Pad/Concat, static row-column indices","NonZero, Compress, full-grid GatherND bbox, full-grid Tile",keep_current; already in requested 250-600 band
56,crop_resize,crop_or_resize,P1,213,19.638707834290575,213,19.638707834290575,already_<=250,done,0.355,0.852,0.0,0.0,0.0,0.0,0.0,fixed crop / object-anchor crop / shape rule / bbox crop,"constant Slice/Gather, small Pad/Concat, static row-column indices","NonZero, Compress, full-grid GatherND bbox, full-grid Tile",keep_current; already in requested 250-600 band
261,sparse_edit_or_object_completion,sparse_edit_or_object_completion,P1,200,19.701682633451963,200,19.701682633451963,already_<=250,done,0.3333333333333333,0.8,0.0,0.0,0.0,0.0,0.0,changed-cell rule / component completion / object copy with sparse mask,"tiny coordinate ScatterND, small Conv kernels, Equal plus one Where","large coordinate initializer, repeated full-grid Where, unrolled local propagation",keep_current; already in requested 250-600 band
103,crop_resize,crop_or_resize,P1,193,19.737309811095116,193,19.737309811095116,already_<=250,done,0.32166666666666666,0.772,0.0,0.0,0.0,0.0,0.0,fixed crop / object-anchor crop / shape rule / bbox crop,"constant Slice/Gather, small Pad/Concat, static row-column indices","NonZero, Compress, full-grid GatherND bbox, full-grid Tile",keep_current; already in requested 250-600 band
258,sparse_edit_or_object_completion,sparse_edit_or_object_completion,P1,160,19.924826184766175,160,19.924826184766175,already_<=250,done,0.26666666666666666,0.64,0.0,0.0,0.0,0.0,0.0,changed-cell rule / component completion / object copy with sparse mask,"tiny coordinate ScatterND, small Conv kernels, Equal plus one Where","large coordinate initializer, repeated full-grid Where, unrolled local propagation",keep_current; already in requested 250-600 band
326,crop_resize,crop_or_resize,P1,160,19.924826184766175,160,19.924826184766175,already_<=250,done,0.26666666666666666,0.64,0.0,0.0,0.0,0.0,0.0,fixed crop / object-anchor crop / shape rule / bbox crop,"constant Slice/Gather, small Pad/Concat, static row-column indices","NonZero, Compress, full-grid GatherND bbox, full-grid Tile",keep_current; already in requested 250-600 band
53,sparse_edit_or_object_completion,sparse_edit_or_object_completion,P1,30,21.598802618337846,30,21.598802618337846,already_<=250,done,0.05,0.12,0.0,0.0,0.0,0.0,0.0,changed-cell rule / component completion / object copy with sparse mask,"tiny coordinate ScatterND, small Conv kernels, Equal plus one Where","large coordinate initializer, repeated full-grid Where, unrolled local propagation",keep_current; already in requested 250-600 band
113,region_partition_fill,sparse_edit_or_object_completion,P1,30,21.598802618337846,30,21.598802618337846,already_<=250,done,0.05,0.12,0.0,0.0,0.0,0.0,0.0,room/inside-outside/boundary partition rule,"static row-column prefix masks, small Conv kernels, bounded room mask","many-step flood fill, dilation unroll, dynamic full-grid colormap",keep_current; already in requested 250-600 band
116,crop_resize,crop_or_resize,P1,30,21.598802618337846,30,21.598802618337846,already_<=250,done,0.05,0.12,0.0,0.0,0.0,0.0,0.0,fixed crop / object-anchor crop / shape rule / bbox crop,"constant Slice/Gather, small Pad/Concat, static row-column indices","NonZero, Compress, full-grid GatherND bbox, full-grid Tile",keep_current; already in requested 250-600 band
164,crop_resize,crop_or_resize,P1,30,21.598802618337846,30,21.598802618337846,already_<=250,done,0.05,0.12,0.0,0.0,0.0,0.0,0.0,fixed crop / object-anchor crop / shape rule / bbox crop,"constant Slice/Gather, small Pad/Concat, static row-column indices","NonZero, Compress, full-grid GatherND bbox, full-grid Tile",keep_current; already in requested 250-600 band
172,crop_resize,crop_or_resize,P1,30,21.598802618337846,30,21.598802618337846,already_<=250,done,0.05,0.12,0.0,0.0,0.0,0.0,0.0,fixed crop / object-anchor crop / shape rule / bbox crop,"constant Slice/Gather, small Pad/Concat, static row-column indices","NonZero, Compress, full-grid GatherND bbox, full-grid Tile",keep_current; already in requested 250-600 band
210,crop_resize,crop_or_resize,P1,30,21.598802618337846,30,21.598802618337846,already_<=250,done,0.05,0.12,0.0,0.0,0.0,0.0,0.0,fixed crop / object-anchor crop / shape rule / bbox crop,"constant Slice/Gather, small Pad/Concat, static row-column indices","NonZero, Compress, full-grid GatherND bbox, full-grid Tile",keep_current; already in requested 250-600 band
311,crop_resize,crop_or_resize,P1,30,21.598802618337846,30,21.598802618337846,already_<=250,done,0.05,0.12,0.0,0.0,0.0,0.0,0.0,fixed crop / object-anchor crop / shape rule / bbox crop,"constant Slice/Gather, small Pad/Concat, static row-column indices","NonZero, Compress, full-grid GatherND bbox, full-grid Tile",keep_current; already in requested 250-600 band
385,point_to_line_pattern,sparse_edit_or_object_completion,P1,30,21.598802618337846,30,21.598802618337846,already_<=250,done,0.05,0.12,0.0,0.0,0.0,0.0,0.0,seed-to-line / ray / periodic pattern with color roles,"constant affine masks, row-column masks, small Conv line detectors","per-cell ScatterND table, long Where chains over all periods",keep_current; already in requested 250-600 band
16,region_partition_fill,sparse_edit_or_object_completion,P1,10,22.697414907005953,10,22.697414907005953,already_<=250,done,0.016666666666666666,0.04,0.0,0.0,0.0,0.0,0.0,room/inside-outside/boundary partition rule,"static row-column prefix masks, small Conv kernels, bounded room mask","many-step flood fill, dilation unroll, dynamic full-grid colormap",keep_current; already in requested 250-600 band
276,color_map,sparse_edit_or_object_completion,P2,10,22.697414907005953,10,22.697414907005953,already_<=250,done,0.016666666666666666,0.04,0.0,0.0,0.0,0.0,0.0,consistent color role map,small Equal/Where chain or 1x1 Conv,large dynamic MatMul colormap,keep_current; already in requested 250-600 band
309,color_map,sparse_edit_or_object_completion,P2,10,22.697414907005953,10,22.697414907005953,already_<=250,done,0.016666666666666666,0.04,0.0,0.0,0.0,0.0,0.0,consistent color role map,small Equal/Where chain or 1x1 Conv,large dynamic MatMul colormap,keep_current; already in requested 250-600 band
337,color_map,sparse_edit_or_object_completion,P2,10,22.697414907005953,10,22.697414907005953,already_<=250,done,0.016666666666666666,0.04,0.0,0.0,0.0,0.0,0.0,consistent color role map,small Equal/Where chain or 1x1 Conv,large dynamic MatMul colormap,keep_current; already in requested 250-600 band
179,sparse_edit_or_object_completion,sparse_edit_or_object_completion,P1,0,25.0,0,25.0,already_<=250,done,0.0,0.0,0.0,0.0,0.0,0.0,0.0,changed-cell rule / component completion / object copy with sparse mask,"tiny coordinate ScatterND, small Conv kernels, Equal plus one Where","large coordinate initializer, repeated full-grid Where, unrolled local propagation",keep_current; already in requested 250-600 band
241,sparse_edit_or_object_completion,sparse_edit_or_object_completion,P1,0,25.0,0,25.0,already_<=250,done,0.0,0.0,0.0,0.0,0.0,0.0,0.0,changed-cell rule / component completion / object copy with sparse mask,"tiny coordinate ScatterND, small Conv kernels, Equal plus one Where","large coordinate initializer, repeated full-grid Where, unrolled local propagation",keep_current; already in requested 250-600 band
